ISO-10303-21;
HEADER;
FILE_DESCRIPTION(('FreeCAD Model'),'2;1');
FILE_NAME('Open CASCADE Shape Model','2026-02-22T12:54:44',('FreeCAD'),(
    'FreeCAD'),'Open CASCADE STEP processor 7.8','FreeCAD','Unknown');
FILE_SCHEMA(('AUTOMOTIVE_DESIGN { 1 0 10303 214 1 1 1 1 }'));
ENDSEC;
DATA;
#1 = APPLICATION_PROTOCOL_DEFINITION('international standard',
  'automotive_design',2000,#2);
#2 = APPLICATION_CONTEXT(
  'core data for automotive mechanical design processes');
#3 = SHAPE_DEFINITION_REPRESENTATION(#4,#10);
#4 = PRODUCT_DEFINITION_SHAPE('','',#5);
#5 = PRODUCT_DEFINITION('design','',#6,#9);
#6 = PRODUCT_DEFINITION_FORMATION('','',#7);
#7 = PRODUCT('Open CASCADE STEP translator 7.8 1',
  'Open CASCADE STEP translator 7.8 1','',(#8));
#8 = PRODUCT_CONTEXT('',#2,'mechanical');
#9 = PRODUCT_DEFINITION_CONTEXT('part definition',#2,'design');
#10 = SHAPE_REPRESENTATION('',(#11,#15,#12897,#13045,#13193,#13343,
    #13493,#13581,#13719,#13807,#13899,#13991),#14083);
#11 = AXIS2_PLACEMENT_3D('',#12,#13,#14);
#12 = CARTESIAN_POINT('',(0.,0.,0.));
#13 = DIRECTION('',(0.,0.,1.));
#14 = DIRECTION('',(1.,0.,-0.));
#15 = MANIFOLD_SOLID_BREP('',#16);
#16 = CLOSED_SHELL('',(#17,#60,#103,#221,#556,#579,#595,#608,#637,#801,
    #878,#913,#1248,#1807,#1836,#1859,#2282,#2353,#2411,#2469,#2486,
    #2508,#2528,#2582,#2741,#2762,#2774,#2791,#2821,#2838,#2850,#2872,
    #2900,#2920,#2932,#2953,#2992,#3016,#3048,#3065,#3096,#3120,#3144,
    #3161,#3173,#3208,#3543,#4102,#4131,#4166,#4501,#5060,#5089,#5120,
    #5144,#5168,#5185,#5216,#5240,#5264,#5281,#5311,#5341,#5358,#5407,
    #5469,#5486,#5498,#5518,#5546,#5568,#5584,#5596,#5616,#5644,#5666,
    #5748,#5779,#5811,#5843,#5866,#5889,#5905,#5937,#5961,#5986,#6003,
    #6019,#6042,#6065,#6088,#6111,#6127,#6215,#6333,#7019,#7983,#8014,
    #8070,#8190,#8212,#8339,#8363,#8489,#8505,#8534,#8556,#8579,#8608,
    #8630,#8653,#8719,#8835,#8857,#8879,#8895,#8917,#8939,#8955,#8977,
    #8999,#9015,#9131,#9153,#9175,#9191,#9213,#9235,#9251,#9273,#9335,
    #9357,#9479,#9501,#9523,#9539,#9561,#9583,#9599,#9621,#9643,#9659,
    #9675,#9697,#9759,#9774,#9790,#9801,#9816,#9832,#9843,#9859,#9875,
    #9904,#10026,#10048,#10070,#10086,#10129,#10251,#10273,#10295,#10311
    ,#10333,#10355,#10371,#10393,#10415,#10431,#10468,#10490,#10512,
    #10528,#10551,#10580,#10702,#10724,#10746,#10762,#10805,#10927,
    #10949,#10971,#10987,#11009,#11031,#11047,#11069,#11091,#11107,
    #11144,#11166,#11188,#11204,#11227,#11255,#11277,#11399,#11421,
    #11443,#11459,#11481,#11503,#11519,#11541,#11563,#11579,#11595,
    #11607,#11653,#11665,#11687,#11699,#11711,#11757,#11769,#11782,
    #11795,#11811,#11827,#11850,#11862,#11874,#11886,#11909,#11921,
    #11933,#11945,#11957,#11969,#11982,#12005,#12017,#12029,#12041,
    #12054,#12077,#12093,#12105,#12121,#12137,#12149,#12162,#12185,
    #12197,#12209,#12221,#12234,#12257,#12273,#12285,#12301,#12317,
    #12329,#12342,#12365,#12377,#12389,#12402,#12425,#12437,#12449,
    #12461,#12483,#12500,#12517,#12529,#12566,#12603,#12640,#12677,
    #12714,#12751,#12788,#12825,#12834,#12843,#12852,#12861,#12870,
    #12879,#12888));
#17 = ADVANCED_FACE('',(#18),#55,.T.);
#18 = FACE_BOUND('',#19,.T.);
#19 = EDGE_LOOP('',(#20,#29,#36,#43,#50));
#20 = ORIENTED_EDGE('',*,*,#21,.F.);
#21 = EDGE_CURVE('',#22,#24,#26,.T.);
#22 = VERTEX_POINT('',#23);
#23 = CARTESIAN_POINT('',(-7.937515875032,-40.93357886715,-1.5));
#24 = VERTEX_POINT('',#25);
#25 = CARTESIAN_POINT('',(-7.937515875032,-32.98,-1.5));
#26 = B_SPLINE_CURVE_WITH_KNOTS('',1,(#27,#28),.UNSPECIFIED.,.F.,.F.,(2,
    2),(0.,332.97245),.PIECEWISE_BEZIER_KNOTS.);
#27 = CARTESIAN_POINT('',(-7.937515875032,-40.93357886715,-1.5));
#28 = CARTESIAN_POINT('',(-7.937515875032,-32.47606172212,-1.5));
#29 = ORIENTED_EDGE('',*,*,#30,.T.);
#30 = EDGE_CURVE('',#22,#31,#33,.T.);
#31 = VERTEX_POINT('',#32);
#32 = CARTESIAN_POINT('',(-7.937515875032,-40.93357886715,1.5));
#33 = B_SPLINE_CURVE_WITH_KNOTS('',1,(#34,#35),.UNSPECIFIED.,.F.,.F.,(2,
    2),(0.,118.1102),.PIECEWISE_BEZIER_KNOTS.);
#34 = CARTESIAN_POINT('',(-7.937515875032,-40.93357886715,-1.5));
#35 = CARTESIAN_POINT('',(-7.937515875032,-40.93357886715,1.50000508001)
  );
#36 = ORIENTED_EDGE('',*,*,#37,.F.);
#37 = EDGE_CURVE('',#38,#31,#40,.T.);
#38 = VERTEX_POINT('',#39);
#39 = CARTESIAN_POINT('',(-7.937515875032,-39.43357886715,1.500005080009
    ));
#40 = B_SPLINE_CURVE_WITH_KNOTS('',1,(#41,#42),.UNSPECIFIED.,.F.,.F.,(2,
    2),(0.,1.),.PIECEWISE_BEZIER_KNOTS.);
#41 = CARTESIAN_POINT('',(-7.937515875032,-32.48,1.5));
#42 = CARTESIAN_POINT('',(-7.937515875032,-40.93357886715,1.5));
#43 = ORIENTED_EDGE('',*,*,#44,.T.);
#44 = EDGE_CURVE('',#38,#45,#47,.T.);
#45 = VERTEX_POINT('',#46);
#46 = CARTESIAN_POINT('',(-7.937515875032,-32.98,1.50000508001));
#47 = B_SPLINE_CURVE_WITH_KNOTS('',1,(#48,#49),.UNSPECIFIED.,.F.,.F.,(2,
    2),(0.,332.97245),.PIECEWISE_BEZIER_KNOTS.);
#48 = CARTESIAN_POINT('',(-7.937515875032,-39.43357886715,1.50000508001)
  );
#49 = CARTESIAN_POINT('',(-7.937515875032,-30.97606172212,1.50000508001)
  );
#50 = ORIENTED_EDGE('',*,*,#51,.T.);
#51 = EDGE_CURVE('',#45,#24,#52,.T.);
#52 = B_SPLINE_CURVE_WITH_KNOTS('',1,(#53,#54),.UNSPECIFIED.,.F.,.F.,(2,
    2),(0.,1.),.PIECEWISE_BEZIER_KNOTS.);
#53 = CARTESIAN_POINT('',(-7.937515875032,-32.98,1.50000508001));
#54 = CARTESIAN_POINT('',(-7.937515875032,-32.98,-1.5));
#55 = B_SPLINE_SURFACE_WITH_KNOTS('',1,1,(
    (#56,#57)
    ,(#58,#59
    )),.UNSPECIFIED.,.F.,.F.,.F.,(2,2),(2,2),(0.,332.97245),(-118.1102,
    0.),.PIECEWISE_BEZIER_KNOTS.);
#56 = CARTESIAN_POINT('',(-7.937515875032,-40.93357886715,1.50000508001)
  );
#57 = CARTESIAN_POINT('',(-7.937515875032,-40.93357886715,-1.5));
#58 = CARTESIAN_POINT('',(-7.937515875032,-32.47606172212,1.50000508001)
  );
#59 = CARTESIAN_POINT('',(-7.937515875032,-32.47606172212,-1.5));
#60 = ADVANCED_FACE('',(#61,#84),#98,.T.);
#61 = FACE_BOUND('',#62,.T.);
#62 = EDGE_LOOP('',(#63,#70,#71,#79));
#63 = ORIENTED_EDGE('',*,*,#64,.T.);
#64 = EDGE_CURVE('',#65,#22,#67,.T.);
#65 = VERTEX_POINT('',#66);
#66 = CARTESIAN_POINT('',(1.587503175006,-40.93357886715,-1.5));
#67 = B_SPLINE_CURVE_WITH_KNOTS('',1,(#68,#69),.UNSPECIFIED.,.F.,.F.,(2,
    2),(0.,375.),.PIECEWISE_BEZIER_KNOTS.);
#68 = CARTESIAN_POINT('',(1.587503175006,-40.93357886715,-1.5));
#69 = CARTESIAN_POINT('',(-7.937515875032,-40.93357886715,-1.5));
#70 = ORIENTED_EDGE('',*,*,#21,.T.);
#71 = ORIENTED_EDGE('',*,*,#72,.T.);
#72 = EDGE_CURVE('',#24,#73,#75,.T.);
#73 = VERTEX_POINT('',#74);
#74 = CARTESIAN_POINT('',(1.587503175006,-32.98,-1.5));
#75 = LINE('',#76,#77);
#76 = CARTESIAN_POINT('',(-98.762,-32.98,-1.5));
#77 = VECTOR('',#78,1.);
#78 = DIRECTION('',(1.,0.,-0.));
#79 = ORIENTED_EDGE('',*,*,#80,.T.);
#80 = EDGE_CURVE('',#73,#65,#81,.T.);
#81 = B_SPLINE_CURVE_WITH_KNOTS('',1,(#82,#83),.UNSPECIFIED.,.F.,.F.,(2,
    2),(2.02755,335.),.PIECEWISE_BEZIER_KNOTS.);
#82 = CARTESIAN_POINT('',(1.587503175006,-32.47606172212,-1.5));
#83 = CARTESIAN_POINT('',(1.587503175006,-40.93357886715,-1.5));
#84 = FACE_BOUND('',#85,.T.);
#85 = EDGE_LOOP('',(#86));
#86 = ORIENTED_EDGE('',*,*,#87,.T.);
#87 = EDGE_CURVE('',#88,#88,#90,.T.);
#88 = VERTEX_POINT('',#89);
#89 = CARTESIAN_POINT('',(-0.648001016002,-36.67907035814,-1.5));
#90 = ( BOUNDED_CURVE() B_SPLINE_CURVE(2,(#91,#92,#93,#94,#95,#96,#97),
.UNSPECIFIED.,.T.,.F.) B_SPLINE_CURVE_WITH_KNOTS((1,2,2,2,2,1),(
    -2.094395102394,0.,2.094395102393,4.188790204786,6.28318530718,
8.377580409573),.UNSPECIFIED.) CURVE() GEOMETRIC_REPRESENTATION_ITEM() 
RATIONAL_B_SPLINE_CURVE((1.,0.5,1.,0.5,1.,0.5,1.)) REPRESENTATION_ITEM(
  '') );
#91 = CARTESIAN_POINT('',(-0.648001016002,-36.67907035814,-1.5));
#92 = CARTESIAN_POINT('',(-0.648001016002,-32.52213962114,-1.5));
#93 = CARTESIAN_POINT('',(-4.248008636017,-34.60060498964,-1.5));
#94 = CARTESIAN_POINT('',(-7.848016256033,-36.67907035814,-1.5));
#95 = CARTESIAN_POINT('',(-4.248008636017,-38.75753572664,-1.5));
#96 = CARTESIAN_POINT('',(-0.648001016002,-40.83600109514,-1.5));
#97 = CARTESIAN_POINT('',(-0.648001016002,-36.67907035814,-1.5));
#98 = B_SPLINE_SURFACE_WITH_KNOTS('',1,1,(
    (#99,#100)
    ,(#101,#102
    )),.UNSPECIFIED.,.F.,.F.,.F.,(2,2),(2,2),(-1.97202755E+03,
    1.97202755E+03),(-2.825E+03,2.8252224E+03),
  .PIECEWISE_BEZIER_KNOTS.);
#99 = CARTESIAN_POINT('',(3.417006604013,-40.93357886715,-1.5));
#100 = CARTESIAN_POINT('',(3.417006604013,102.58235712471,-1.5));
#101 = CARTESIAN_POINT('',(-96.76219329438,-40.93357886715,-1.5));
#102 = CARTESIAN_POINT('',(-96.76219329438,102.58235712471,-1.5));
#103 = ADVANCED_FACE('',(#104),#216,.F.);
#104 = FACE_BOUND('',#105,.F.);
#105 = EDGE_LOOP('',(#106,#116,#124,#132,#140,#146,#153,#160,#168,#173,
    #174,#182,#189,#196,#204,#211));
#106 = ORIENTED_EDGE('',*,*,#107,.F.);
#107 = EDGE_CURVE('',#108,#110,#112,.T.);
#108 = VERTEX_POINT('',#109);
#109 = CARTESIAN_POINT('',(-98.762,-32.98,-1.5));
#110 = VERTEX_POINT('',#111);
#111 = CARTESIAN_POINT('',(-94.93268986538,-32.98,-1.5));
#112 = LINE('',#113,#114);
#113 = CARTESIAN_POINT('',(-98.762,-32.98,-1.5));
#114 = VECTOR('',#115,1.);
#115 = DIRECTION('',(1.,0.,-0.));
#116 = ORIENTED_EDGE('',*,*,#117,.T.);
#117 = EDGE_CURVE('',#108,#118,#120,.T.);
#118 = VERTEX_POINT('',#119);
#119 = CARTESIAN_POINT('',(-98.762,-32.98,31.));
#120 = LINE('',#121,#122);
#121 = CARTESIAN_POINT('',(-98.762,-32.98,-1.5));
#122 = VECTOR('',#123,1.);
#123 = DIRECTION('',(0.,0.,1.));
#124 = ORIENTED_EDGE('',*,*,#125,.T.);
#125 = EDGE_CURVE('',#118,#126,#128,.T.);
#126 = VERTEX_POINT('',#127);
#127 = CARTESIAN_POINT('',(5.417,-32.98,31.));
#128 = LINE('',#129,#130);
#129 = CARTESIAN_POINT('',(-98.762,-32.98,31.));
#130 = VECTOR('',#131,1.);
#131 = DIRECTION('',(1.,0.,-0.));
#132 = ORIENTED_EDGE('',*,*,#133,.F.);
#133 = EDGE_CURVE('',#134,#126,#136,.T.);
#134 = VERTEX_POINT('',#135);
#135 = CARTESIAN_POINT('',(5.417,-32.98,-1.5));
#136 = LINE('',#137,#138);
#137 = CARTESIAN_POINT('',(5.417,-32.98,-1.5));
#138 = VECTOR('',#139,1.);
#139 = DIRECTION('',(0.,0.,1.));
#140 = ORIENTED_EDGE('',*,*,#141,.F.);
#141 = EDGE_CURVE('',#73,#134,#142,.T.);
#142 = LINE('',#143,#144);
#143 = CARTESIAN_POINT('',(-98.762,-32.98,-1.5));
#144 = VECTOR('',#145,1.);
#145 = DIRECTION('',(1.,0.,-0.));
#146 = ORIENTED_EDGE('',*,*,#147,.F.);
#147 = EDGE_CURVE('',#148,#73,#150,.T.);
#148 = VERTEX_POINT('',#149);
#149 = CARTESIAN_POINT('',(1.587503175006,-32.98,1.50000508001));
#150 = B_SPLINE_CURVE_WITH_KNOTS('',1,(#151,#152),.UNSPECIFIED.,.F.,.F.,
  (2,2),(0.,1.),.PIECEWISE_BEZIER_KNOTS.);
#151 = CARTESIAN_POINT('',(1.587503175006,-32.98,1.50000508001));
#152 = CARTESIAN_POINT('',(1.587503175006,-32.98,-1.5));
#153 = ORIENTED_EDGE('',*,*,#154,.F.);
#154 = EDGE_CURVE('',#155,#148,#157,.T.);
#155 = VERTEX_POINT('',#156);
#156 = CARTESIAN_POINT('',(-2.086697643622,-32.98,1.500002540005));
#157 = B_SPLINE_CURVE_WITH_KNOTS('',1,(#158,#159),.UNSPECIFIED.,.F.,.F.,
  (2,2),(0.,1.),.PIECEWISE_BEZIER_KNOTS.);
#158 = CARTESIAN_POINT('',(-7.937515875032,-32.98,1.50000508001));
#159 = CARTESIAN_POINT('',(1.587503175006,-32.98,1.50000508001));
#160 = ORIENTED_EDGE('',*,*,#161,.T.);
#161 = EDGE_CURVE('',#155,#162,#164,.T.);
#162 = VERTEX_POINT('',#163);
#163 = CARTESIAN_POINT('',(-4.009314556654,-32.98,1.500002540005));
#164 = LINE('',#165,#166);
#165 = CARTESIAN_POINT('',(-98.26209664719,-32.98,1.5));
#166 = VECTOR('',#167,1.);
#167 = DIRECTION('',(-1.,-0.,0.));
#168 = ORIENTED_EDGE('',*,*,#169,.F.);
#169 = EDGE_CURVE('',#45,#162,#170,.T.);
#170 = B_SPLINE_CURVE_WITH_KNOTS('',1,(#171,#172),.UNSPECIFIED.,.F.,.F.,
  (2,2),(0.,1.),.PIECEWISE_BEZIER_KNOTS.);
#171 = CARTESIAN_POINT('',(-7.937515875032,-32.98,1.50000508001));
#172 = CARTESIAN_POINT('',(1.587503175006,-32.98,1.50000508001));
#173 = ORIENTED_EDGE('',*,*,#51,.T.);
#174 = ORIENTED_EDGE('',*,*,#175,.F.);
#175 = EDGE_CURVE('',#176,#24,#178,.T.);
#176 = VERTEX_POINT('',#177);
#177 = CARTESIAN_POINT('',(-85.40767081534,-32.98,-1.5));
#178 = LINE('',#179,#180);
#179 = CARTESIAN_POINT('',(-98.762,-32.98,-1.5));
#180 = VECTOR('',#181,1.);
#181 = DIRECTION('',(1.,0.,-0.));
#182 = ORIENTED_EDGE('',*,*,#183,.F.);
#183 = EDGE_CURVE('',#184,#176,#186,.T.);
#184 = VERTEX_POINT('',#185);
#185 = CARTESIAN_POINT('',(-85.40767081534,-32.98,1.50000508001));
#186 = B_SPLINE_CURVE_WITH_KNOTS('',1,(#187,#188),.UNSPECIFIED.,.F.,.F.,
  (2,2),(0.,1.),.PIECEWISE_BEZIER_KNOTS.);
#187 = CARTESIAN_POINT('',(-85.40767081534,-32.98,1.50000508001));
#188 = CARTESIAN_POINT('',(-85.40767081534,-32.98,-1.5));
#189 = ORIENTED_EDGE('',*,*,#190,.F.);
#190 = EDGE_CURVE('',#191,#184,#193,.T.);
#191 = VERTEX_POINT('',#192);
#192 = CARTESIAN_POINT('',(-89.08187163396,-32.98,1.500002540005));
#193 = B_SPLINE_CURVE_WITH_KNOTS('',1,(#194,#195),.UNSPECIFIED.,.F.,.F.,
  (2,2),(0.,1.),.PIECEWISE_BEZIER_KNOTS.);
#194 = CARTESIAN_POINT('',(-94.93268986538,-32.98,1.50000508001));
#195 = CARTESIAN_POINT('',(-85.40767081534,-32.98,1.50000508001));
#196 = ORIENTED_EDGE('',*,*,#197,.T.);
#197 = EDGE_CURVE('',#191,#198,#200,.T.);
#198 = VERTEX_POINT('',#199);
#199 = CARTESIAN_POINT('',(-91.00448854699,-32.98,1.500002540005));
#200 = LINE('',#201,#202);
#201 = CARTESIAN_POINT('',(-98.26209664719,-32.98,1.5));
#202 = VECTOR('',#203,1.);
#203 = DIRECTION('',(-1.,-0.,0.));
#204 = ORIENTED_EDGE('',*,*,#205,.F.);
#205 = EDGE_CURVE('',#206,#198,#208,.T.);
#206 = VERTEX_POINT('',#207);
#207 = CARTESIAN_POINT('',(-94.93268986538,-32.98,1.50000508001));
#208 = B_SPLINE_CURVE_WITH_KNOTS('',1,(#209,#210),.UNSPECIFIED.,.F.,.F.,
  (2,2),(0.,1.),.PIECEWISE_BEZIER_KNOTS.);
#209 = CARTESIAN_POINT('',(-94.93268986538,-32.98,1.50000508001));
#210 = CARTESIAN_POINT('',(-85.40767081534,-32.98,1.50000508001));
#211 = ORIENTED_EDGE('',*,*,#212,.T.);
#212 = EDGE_CURVE('',#206,#110,#213,.T.);
#213 = B_SPLINE_CURVE_WITH_KNOTS('',1,(#214,#215),.UNSPECIFIED.,.F.,.F.,
  (2,2),(0.,1.),.PIECEWISE_BEZIER_KNOTS.);
#214 = CARTESIAN_POINT('',(-94.93268986538,-32.98,1.50000508001));
#215 = CARTESIAN_POINT('',(-94.93268986538,-32.98,-1.5));
#216 = PLANE('',#217);
#217 = AXIS2_PLACEMENT_3D('',#218,#219,#220);
#218 = CARTESIAN_POINT('',(-98.762,-32.98,-1.5));
#219 = DIRECTION('',(-0.,1.,0.));
#220 = DIRECTION('',(0.,0.,1.));
#221 = ADVANCED_FACE('',(#222),#551,.F.);
#222 = FACE_BOUND('',#223,.F.);
#223 = EDGE_LOOP('',(#224,#225,#232,#237,#238,#239,#251,#390,#529,#541)
  );
#224 = ORIENTED_EDGE('',*,*,#154,.T.);
#225 = ORIENTED_EDGE('',*,*,#226,.T.);
#226 = EDGE_CURVE('',#148,#227,#229,.T.);
#227 = VERTEX_POINT('',#228);
#228 = CARTESIAN_POINT('',(1.587503175006,-39.43357886715,1.500005080009
    ));
#229 = B_SPLINE_CURVE_WITH_KNOTS('',1,(#230,#231),.UNSPECIFIED.,.F.,.F.,
  (2,2),(2.02755,335.),.PIECEWISE_BEZIER_KNOTS.);
#230 = CARTESIAN_POINT('',(1.587503175006,-30.97606172212,1.50000508001)
  );
#231 = CARTESIAN_POINT('',(1.587503175006,-39.43357886715,1.50000508001)
  );
#232 = ORIENTED_EDGE('',*,*,#233,.T.);
#233 = EDGE_CURVE('',#227,#38,#234,.T.);
#234 = B_SPLINE_CURVE_WITH_KNOTS('',1,(#235,#236),.UNSPECIFIED.,.F.,.F.,
  (2,2),(0.,375.),.PIECEWISE_BEZIER_KNOTS.);
#235 = CARTESIAN_POINT('',(1.587503175006,-39.43357886715,1.50000508001)
  );
#236 = CARTESIAN_POINT('',(-7.937515875032,-39.43357886715,1.50000508001
    ));
#237 = ORIENTED_EDGE('',*,*,#44,.T.);
#238 = ORIENTED_EDGE('',*,*,#169,.T.);
#239 = ORIENTED_EDGE('',*,*,#240,.T.);
#240 = EDGE_CURVE('',#162,#241,#243,.T.);
#241 = VERTEX_POINT('',#242);
#242 = CARTESIAN_POINT('',(-5.327814066271,-35.92907036003,
    1.500002540005));
#243 = ( BOUNDED_CURVE() B_SPLINE_CURVE(2,(#244,#245,#246,#247,#248,#249
,#250),.UNSPECIFIED.,.T.,.F.) B_SPLINE_CURVE_WITH_KNOTS((1,2,2,2,2,1),(
    -2.094395102394,0.,2.094395102393,4.188790204786,6.28318530718,
8.377580409573),.UNSPECIFIED.) CURVE() GEOMETRIC_REPRESENTATION_ITEM() 
RATIONAL_B_SPLINE_CURVE((1.,0.5,1.,0.5,1.,0.5,1.)) REPRESENTATION_ITEM(
  '') );
#244 = CARTESIAN_POINT('',(-0.648001016002,-35.17907035814,1.50000508001
    ));
#245 = CARTESIAN_POINT('',(-0.648001016002,-31.02213962114,1.50000508001
    ));
#246 = CARTESIAN_POINT('',(-4.248008636017,-33.10060498964,1.50000508001
    ));
#247 = CARTESIAN_POINT('',(-7.848016256033,-35.17907035814,1.50000508001
    ));
#248 = CARTESIAN_POINT('',(-4.248008636017,-37.25753572664,1.50000508001
    ));
#249 = CARTESIAN_POINT('',(-0.648001016002,-39.33600109514,1.50000508001
    ));
#250 = CARTESIAN_POINT('',(-0.648001016002,-35.17907035814,1.50000508001
    ));
#251 = ORIENTED_EDGE('',*,*,#252,.F.);
#252 = EDGE_CURVE('',#253,#241,#255,.T.);
#253 = VERTEX_POINT('',#254);
#254 = CARTESIAN_POINT('',(-0.648001016002,-36.67907035814,1.5));
#255 = B_SPLINE_CURVE_WITH_KNOTS('',5,(#256,#257,#258,#259,#260,#261,
    #262,#263,#264,#265,#266,#267,#268,#269,#270,#271,#272,#273,#274,
    #275,#276,#277,#278,#279,#280,#281,#282,#283,#284,#285,#286,#287,
    #288,#289,#290,#291,#292,#293,#294,#295,#296,#297,#298,#299,#300,
    #301,#302,#303,#304,#305,#306,#307,#308,#309,#310,#311,#312,#313,
    #314,#315,#316,#317,#318,#319,#320,#321,#322,#323,#324,#325,#326,
    #327,#328,#329,#330,#331,#332,#333,#334,#335,#336,#337,#338,#339,
    #340,#341,#342,#343,#344,#345,#346,#347,#348,#349,#350,#351,#352,
    #353,#354,#355,#356,#357,#358,#359,#360,#361,#362,#363,#364,#365,
    #366,#367,#368,#369,#370,#371,#372,#373,#374,#375,#376,#377,#378,
    #379,#380,#381,#382,#383,#384,#385,#386,#387,#388,#389),
  .UNSPECIFIED.,.T.,.F.,(1,5,4,4,4,4,4,4,4,4,4,4,4,4,4,4,4,4,4,4,4,4,4,4
    ,4,4,4,4,4,4,4,4,4,4,5,1),(-4.804752E-02,0.,4.715870798069E-02,
    8.0804391989E-02,0.105667032318,0.123706256764,0.166954630089,
    0.216587564542,0.237626991584,0.266147690298,0.305421423566,
    0.332899806481,0.339728799835,0.360795194315,0.399370915715,
    0.427380462259,0.446996562307,0.496766345683,0.546536129059,
    0.566152229107,0.594161775651,0.632737497051,0.646910086703,
    0.65386824611,0.660825947217,0.68882222212,0.728836157307,
    0.757894392797,0.779330355207,0.829898734046,0.87396222033,
    0.892341434572,0.917672667331,0.95195248,1.,1.047158707981),
  .UNSPECIFIED.);
#256 = CARTESIAN_POINT('',(-0.648001016002,-36.67907035814,1.5));
#257 = CARTESIAN_POINT('',(-0.648001016002,-36.81679892789,1.5));
#258 = CARTESIAN_POINT('',(-0.657881116719,-36.95568703717,1.5));
#259 = CARTESIAN_POINT('',(-0.677971777376,-37.09457196633,1.5));
#260 = CARTESIAN_POINT('',(-0.70835853513,-37.23227646338,1.5));
#261 = CARTESIAN_POINT('',(-0.777815818391,-37.46419596495,1.5));
#262 = CARTESIAN_POINT('',(-0.811904107523,-37.55956963387,1.5));
#263 = CARTESIAN_POINT('',(-0.851106580144,-37.65332607649,1.5));
#264 = CARTESIAN_POINT('',(-0.895315195389,-37.74505804352,1.5));
#265 = CARTESIAN_POINT('',(-0.980614157142,-37.90037494566,1.5));
#266 = CARTESIAN_POINT('',(-1.019506348387,-37.96505719874,1.5));
#267 = CARTESIAN_POINT('',(-1.060978190206,-38.02826375006,1.5));
#268 = CARTESIAN_POINT('',(-1.104949887174,-38.08984519013,1.5));
#269 = CARTESIAN_POINT('',(-1.184976656779,-38.19305894536,1.5));
#270 = CARTESIAN_POINT('',(-1.219892565902,-38.23552801379,1.5));
#271 = CARTESIAN_POINT('',(-1.256039122511,-38.27701324038,1.5));
#272 = CARTESIAN_POINT('',(-1.293376925993,-38.31746340404,1.5));
#273 = CARTESIAN_POINT('',(-1.424132154766,-38.45121001876,1.5));
#274 = CARTESIAN_POINT('',(-1.52300413297,-38.53936417189,1.5));
#275 = CARTESIAN_POINT('',(-1.627882364668,-38.62061963648,1.5));
#276 = CARTESIAN_POINT('',(-1.738076359183,-38.69441464794,1.5));
#277 = CARTESIAN_POINT('',(-1.984474288841,-38.83591485936,1.5));
#278 = CARTESIAN_POINT('',(-2.122125352309,-38.9011176869,1.5));
#279 = CARTESIAN_POINT('',(-2.264577516705,-38.95523285817,1.5));
#280 = CARTESIAN_POINT('',(-2.410559660681,-38.99781804063,1.5));
#281 = CARTESIAN_POINT('',(-2.621529820999,-39.04175063665,1.5));
#282 = CARTESIAN_POINT('',(-2.684729537699,-39.05272180818,1.5));
#283 = CARTESIAN_POINT('',(-2.748220639587,-39.06157020064,1.5));
#284 = CARTESIAN_POINT('',(-2.811900790893,-39.06828903358,1.5));
#285 = CARTESIAN_POINT('',(-2.962107519547,-39.07910296255,1.5));
#286 = CARTESIAN_POINT('',(-3.048706847642,-39.08141563365,1.5));
#287 = CARTESIAN_POINT('',(-3.13520791925,-39.07982149905,1.5));
#288 = CARTESIAN_POINT('',(-3.221356801677,-39.0743528436,1.5));
#289 = CARTESIAN_POINT('',(-3.424701685991,-39.05228859232,1.5));
#290 = CARTESIAN_POINT('',(-3.541360212592,-39.03227486254,1.5));
#291 = CARTESIAN_POINT('',(-3.656221134419,-39.00518927994,1.5));
#292 = CARTESIAN_POINT('',(-3.768662771618,-38.97129278049,1.5));
#293 = CARTESIAN_POINT('',(-3.954678520929,-38.90272268635,1.5));
#294 = CARTESIAN_POINT('',(-4.029784842507,-38.87133960687,1.5));
#295 = CARTESIAN_POINT('',(-4.103226502983,-38.83692470561,1.5));
#296 = CARTESIAN_POINT('',(-4.174821749951,-38.79962541841,1.5));
#297 = CARTESIAN_POINT('',(-4.261698030947,-38.74966790625,1.5));
#298 = CARTESIAN_POINT('',(-4.278968137565,-38.73949810476,1.5));
#299 = CARTESIAN_POINT('',(-4.296239907835,-38.72908283562,1.5));
#300 = CARTESIAN_POINT('',(-4.313513366429,-38.71841641145,1.5));
#301 = CARTESIAN_POINT('',(-4.383979564797,-38.67385447804,1.5));
#302 = CARTESIAN_POINT('',(-4.436279263985,-38.6383377711,1.5));
#303 = CARTESIAN_POINT('',(-4.487555735903,-38.60099071025,1.5));
#304 = CARTESIAN_POINT('',(-4.537706203168,-38.56185609183,1.5));
#305 = CARTESIAN_POINT('',(-4.676223803931,-38.44614675681,1.5));
#306 = CARTESIAN_POINT('',(-4.761712001972,-38.36548665883,1.5));
#307 = CARTESIAN_POINT('',(-4.84249166977,-38.27932782033,1.5));
#308 = CARTESIAN_POINT('',(-4.918026054649,-38.18808034026,1.5));
#309 = CARTESIAN_POINT('',(-5.038546011574,-38.02264340779,1.5));
#310 = CARTESIAN_POINT('',(-5.086233064055,-37.95062627168,1.5));
#311 = CARTESIAN_POINT('',(-5.130731759963,-37.87637163951,1.5));
#312 = CARTESIAN_POINT('',(-5.171887489172,-37.80008399668,1.5));
#313 = CARTESIAN_POINT('',(-5.235958556292,-37.66728918272,1.5));
#314 = CARTESIAN_POINT('',(-5.260644286254,-37.61170475509,1.5));
#315 = CARTESIAN_POINT('',(-5.283581084554,-37.55530742482,1.5));
#316 = CARTESIAN_POINT('',(-5.304730023138,-37.49817599623,1.5));
#317 = CARTESIAN_POINT('',(-5.373097647225,-37.29378375878,1.5));
#318 = CARTESIAN_POINT('',(-5.410418254971,-37.14296898412,1.5));
#319 = CARTESIAN_POINT('',(-5.435479771109,-36.98929833407,1.5));
#320 = CARTESIAN_POINT('',(-5.448011176022,-36.8341809746,1.5));
#321 = CARTESIAN_POINT('',(-5.448011176022,-36.52395974167,1.5));
#322 = CARTESIAN_POINT('',(-5.435479771109,-36.36884238221,1.5));
#323 = CARTESIAN_POINT('',(-5.410418254972,-36.21517173215,1.5));
#324 = CARTESIAN_POINT('',(-5.373097647226,-36.06435695749,1.5));
#325 = CARTESIAN_POINT('',(-5.304730023139,-35.85996472005,1.5));
#326 = CARTESIAN_POINT('',(-5.283581084555,-35.80283329146,1.5));
#327 = CARTESIAN_POINT('',(-5.260644286255,-35.74643596118,1.5));
#328 = CARTESIAN_POINT('',(-5.235958556293,-35.69085153356,1.5));
#329 = CARTESIAN_POINT('',(-5.171887489173,-35.55805671959,1.5));
#330 = CARTESIAN_POINT('',(-5.130731759965,-35.48176907676,1.5));
#331 = CARTESIAN_POINT('',(-5.086233064056,-35.40751444459,1.5));
#332 = CARTESIAN_POINT('',(-5.038546011575,-35.33549730848,1.5));
#333 = CARTESIAN_POINT('',(-4.918026054651,-35.17006037601,1.5));
#334 = CARTESIAN_POINT('',(-4.842491669772,-35.07881289594,1.5));
#335 = CARTESIAN_POINT('',(-4.761712001973,-34.99265405745,1.5));
#336 = CARTESIAN_POINT('',(-4.676223803933,-34.91199395947,1.5));
#337 = CARTESIAN_POINT('',(-4.553716924635,-34.80965902541,1.5));
#338 = CARTESIAN_POINT('',(-4.520247329502,-34.78294884637,1.5));
#339 = CARTESIAN_POINT('',(-4.486253540947,-34.75703998978,1.5));
#340 = CARTESIAN_POINT('',(-4.451766393231,-34.73194640935,1.5));
#341 = CARTESIAN_POINT('',(-4.399659333491,-34.69576648431,1.5));
#342 = CARTESIAN_POINT('',(-4.382468992725,-34.68410724933,1.5));
#343 = CARTESIAN_POINT('',(-4.36525258413,-34.67270028433,1.5));
#344 = CARTESIAN_POINT('',(-4.34801577606,-34.66154319269,1.5));
#345 = CARTESIAN_POINT('',(-4.313513366431,-34.63972430482,1.5));
#346 = CARTESIAN_POINT('',(-4.296239907837,-34.62905788065,1.5));
#347 = CARTESIAN_POINT('',(-4.278968137566,-34.61864261151,1.5));
#348 = CARTESIAN_POINT('',(-4.261698030949,-34.60847281002,1.5));
#349 = CARTESIAN_POINT('',(-4.174821749952,-34.55851529786,1.5));
#350 = CARTESIAN_POINT('',(-4.103226502984,-34.52121601067,1.5));
#351 = CARTESIAN_POINT('',(-4.029784842508,-34.48680110941,1.5));
#352 = CARTESIAN_POINT('',(-3.95467852093,-34.45541802993,1.5));
#353 = CARTESIAN_POINT('',(-3.76866277162,-34.38684793578,1.5));
#354 = CARTESIAN_POINT('',(-3.656221134421,-34.35295143633,1.5));
#355 = CARTESIAN_POINT('',(-3.541360212594,-34.32586585373,1.5));
#356 = CARTESIAN_POINT('',(-3.424701685993,-34.30585212395,1.5));
#357 = CARTESIAN_POINT('',(-3.221356801679,-34.28378787267,1.5));
#358 = CARTESIAN_POINT('',(-3.135207919252,-34.27831921723,1.5));
#359 = CARTESIAN_POINT('',(-3.048706847644,-34.27672508262,1.5));
#360 = CARTESIAN_POINT('',(-2.962107519548,-34.27903775372,1.5));
#361 = CARTESIAN_POINT('',(-2.811900790894,-34.28985168269,1.5));
#362 = CARTESIAN_POINT('',(-2.748220639589,-34.29657051563,1.5));
#363 = CARTESIAN_POINT('',(-2.684729537701,-34.30541890809,1.5));
#364 = CARTESIAN_POINT('',(-2.621529821,-34.31639007962,1.5));
#365 = CARTESIAN_POINT('',(-2.410559660682,-34.36032267564,1.5));
#366 = CARTESIAN_POINT('',(-2.264577516706,-34.4029078581,1.5));
#367 = CARTESIAN_POINT('',(-2.12212535231,-34.45702302937,1.5));
#368 = CARTESIAN_POINT('',(-1.984474288842,-34.52222585692,1.5));
#369 = CARTESIAN_POINT('',(-1.738076359183,-34.66372606833,1.5));
#370 = CARTESIAN_POINT('',(-1.627882364669,-34.73752107979,1.5));
#371 = CARTESIAN_POINT('',(-1.52300413297,-34.81877654438,1.5));
#372 = CARTESIAN_POINT('',(-1.424132154766,-34.90693069751,1.5));
#373 = CARTESIAN_POINT('',(-1.293376925994,-35.04067731223,1.5));
#374 = CARTESIAN_POINT('',(-1.256039122511,-35.08112747589,1.5));
#375 = CARTESIAN_POINT('',(-1.219892565902,-35.12261270248,1.5));
#376 = CARTESIAN_POINT('',(-1.18497665678,-35.16508177092,1.5));
#377 = CARTESIAN_POINT('',(-1.104949887174,-35.26829552614,1.5));
#378 = CARTESIAN_POINT('',(-1.060978190206,-35.32987696621,1.5));
#379 = CARTESIAN_POINT('',(-1.019506348387,-35.39308351753,1.5));
#380 = CARTESIAN_POINT('',(-0.980614157142,-35.45776577061,1.5));
#381 = CARTESIAN_POINT('',(-0.895315195389,-35.61308267275,1.5));
#382 = CARTESIAN_POINT('',(-0.851106580144,-35.70481463978,1.5));
#383 = CARTESIAN_POINT('',(-0.811904107523,-35.7985710824,1.5));
#384 = CARTESIAN_POINT('',(-0.777815818391,-35.89394475132,1.5));
#385 = CARTESIAN_POINT('',(-0.70835853513,-36.12586425289,1.5));
#386 = CARTESIAN_POINT('',(-0.677971777376,-36.26356874994,1.5));
#387 = CARTESIAN_POINT('',(-0.657881116719,-36.4024536791,1.5));
#388 = CARTESIAN_POINT('',(-0.648001016002,-36.54134178838,1.5));
#389 = CARTESIAN_POINT('',(-0.648001016002,-36.67907035814,1.5));
#390 = ORIENTED_EDGE('',*,*,#391,.F.);
#391 = EDGE_CURVE('',#392,#253,#394,.T.);
#392 = VERTEX_POINT('',#393);
#393 = CARTESIAN_POINT('',(-0.768198130403,-35.92907037409,
    1.500002539977));
#394 = B_SPLINE_CURVE_WITH_KNOTS('',5,(#395,#396,#397,#398,#399,#400,
    #401,#402,#403,#404,#405,#406,#407,#408,#409,#410,#411,#412,#413,
    #414,#415,#416,#417,#418,#419,#420,#421,#422,#423,#424,#425,#426,
    #427,#428,#429,#430,#431,#432,#433,#434,#435,#436,#437,#438,#439,
    #440,#441,#442,#443,#444,#445,#446,#447,#448,#449,#450,#451,#452,
    #453,#454,#455,#456,#457,#458,#459,#460,#461,#462,#463,#464,#465,
    #466,#467,#468,#469,#470,#471,#472,#473,#474,#475,#476,#477,#478,
    #479,#480,#481,#482,#483,#484,#485,#486,#487,#488,#489,#490,#491,
    #492,#493,#494,#495,#496,#497,#498,#499,#500,#501,#502,#503,#504,
    #505,#506,#507,#508,#509,#510,#511,#512,#513,#514,#515,#516,#517,
    #518,#519,#520,#521,#522,#523,#524,#525,#526,#527,#528),
  .UNSPECIFIED.,.T.,.F.,(1,5,4,4,4,4,4,4,4,4,4,4,4,4,4,4,4,4,4,4,4,4,4,4
    ,4,4,4,4,4,4,4,4,4,4,5,1),(-4.804752E-02,0.,4.715870798069E-02,
    8.0804391989E-02,0.105667032318,0.123706256764,0.166954630089,
    0.216587564542,0.237626991584,0.266147690298,0.305421423566,
    0.332899806481,0.339728799835,0.360795194315,0.399370915715,
    0.427380462259,0.446996562307,0.496766345683,0.546536129059,
    0.566152229107,0.594161775651,0.632737497051,0.646910086703,
    0.65386824611,0.660825947217,0.68882222212,0.728836157307,
    0.757894392797,0.779330355207,0.829898734046,0.87396222033,
    0.892341434572,0.917672667331,0.95195248,1.,1.047158707981),
  .UNSPECIFIED.);
#395 = CARTESIAN_POINT('',(-0.648001016002,-36.67907035814,1.5));
#396 = CARTESIAN_POINT('',(-0.648001016002,-36.81679892789,1.5));
#397 = CARTESIAN_POINT('',(-0.657881116719,-36.95568703717,1.5));
#398 = CARTESIAN_POINT('',(-0.677971777376,-37.09457196633,1.5));
#399 = CARTESIAN_POINT('',(-0.70835853513,-37.23227646338,1.5));
#400 = CARTESIAN_POINT('',(-0.777815818391,-37.46419596495,1.5));
#401 = CARTESIAN_POINT('',(-0.811904107523,-37.55956963387,1.5));
#402 = CARTESIAN_POINT('',(-0.851106580144,-37.65332607649,1.5));
#403 = CARTESIAN_POINT('',(-0.895315195389,-37.74505804352,1.5));
#404 = CARTESIAN_POINT('',(-0.980614157142,-37.90037494566,1.5));
#405 = CARTESIAN_POINT('',(-1.019506348387,-37.96505719874,1.5));
#406 = CARTESIAN_POINT('',(-1.060978190206,-38.02826375006,1.5));
#407 = CARTESIAN_POINT('',(-1.104949887174,-38.08984519013,1.5));
#408 = CARTESIAN_POINT('',(-1.184976656779,-38.19305894536,1.5));
#409 = CARTESIAN_POINT('',(-1.219892565902,-38.23552801379,1.5));
#410 = CARTESIAN_POINT('',(-1.256039122511,-38.27701324038,1.5));
#411 = CARTESIAN_POINT('',(-1.293376925993,-38.31746340404,1.5));
#412 = CARTESIAN_POINT('',(-1.424132154766,-38.45121001876,1.5));
#413 = CARTESIAN_POINT('',(-1.52300413297,-38.53936417189,1.5));
#414 = CARTESIAN_POINT('',(-1.627882364668,-38.62061963648,1.5));
#415 = CARTESIAN_POINT('',(-1.738076359183,-38.69441464794,1.5));
#416 = CARTESIAN_POINT('',(-1.984474288841,-38.83591485936,1.5));
#417 = CARTESIAN_POINT('',(-2.122125352309,-38.9011176869,1.5));
#418 = CARTESIAN_POINT('',(-2.264577516705,-38.95523285817,1.5));
#419 = CARTESIAN_POINT('',(-2.410559660681,-38.99781804063,1.5));
#420 = CARTESIAN_POINT('',(-2.621529820999,-39.04175063665,1.5));
#421 = CARTESIAN_POINT('',(-2.684729537699,-39.05272180818,1.5));
#422 = CARTESIAN_POINT('',(-2.748220639587,-39.06157020064,1.5));
#423 = CARTESIAN_POINT('',(-2.811900790893,-39.06828903358,1.5));
#424 = CARTESIAN_POINT('',(-2.962107519547,-39.07910296255,1.5));
#425 = CARTESIAN_POINT('',(-3.048706847642,-39.08141563365,1.5));
#426 = CARTESIAN_POINT('',(-3.13520791925,-39.07982149905,1.5));
#427 = CARTESIAN_POINT('',(-3.221356801677,-39.0743528436,1.5));
#428 = CARTESIAN_POINT('',(-3.424701685991,-39.05228859232,1.5));
#429 = CARTESIAN_POINT('',(-3.541360212592,-39.03227486254,1.5));
#430 = CARTESIAN_POINT('',(-3.656221134419,-39.00518927994,1.5));
#431 = CARTESIAN_POINT('',(-3.768662771618,-38.97129278049,1.5));
#432 = CARTESIAN_POINT('',(-3.954678520929,-38.90272268635,1.5));
#433 = CARTESIAN_POINT('',(-4.029784842507,-38.87133960687,1.5));
#434 = CARTESIAN_POINT('',(-4.103226502983,-38.83692470561,1.5));
#435 = CARTESIAN_POINT('',(-4.174821749951,-38.79962541841,1.5));
#436 = CARTESIAN_POINT('',(-4.261698030947,-38.74966790625,1.5));
#437 = CARTESIAN_POINT('',(-4.278968137565,-38.73949810476,1.5));
#438 = CARTESIAN_POINT('',(-4.296239907835,-38.72908283562,1.5));
#439 = CARTESIAN_POINT('',(-4.313513366429,-38.71841641145,1.5));
#440 = CARTESIAN_POINT('',(-4.383979564797,-38.67385447804,1.5));
#441 = CARTESIAN_POINT('',(-4.436279263985,-38.6383377711,1.5));
#442 = CARTESIAN_POINT('',(-4.487555735903,-38.60099071025,1.5));
#443 = CARTESIAN_POINT('',(-4.537706203168,-38.56185609183,1.5));
#444 = CARTESIAN_POINT('',(-4.676223803931,-38.44614675681,1.5));
#445 = CARTESIAN_POINT('',(-4.761712001972,-38.36548665883,1.5));
#446 = CARTESIAN_POINT('',(-4.84249166977,-38.27932782033,1.5));
#447 = CARTESIAN_POINT('',(-4.918026054649,-38.18808034026,1.5));
#448 = CARTESIAN_POINT('',(-5.038546011574,-38.02264340779,1.5));
#449 = CARTESIAN_POINT('',(-5.086233064055,-37.95062627168,1.5));
#450 = CARTESIAN_POINT('',(-5.130731759963,-37.87637163951,1.5));
#451 = CARTESIAN_POINT('',(-5.171887489172,-37.80008399668,1.5));
#452 = CARTESIAN_POINT('',(-5.235958556292,-37.66728918272,1.5));
#453 = CARTESIAN_POINT('',(-5.260644286254,-37.61170475509,1.5));
#454 = CARTESIAN_POINT('',(-5.283581084554,-37.55530742482,1.5));
#455 = CARTESIAN_POINT('',(-5.304730023138,-37.49817599623,1.5));
#456 = CARTESIAN_POINT('',(-5.373097647225,-37.29378375878,1.5));
#457 = CARTESIAN_POINT('',(-5.410418254971,-37.14296898412,1.5));
#458 = CARTESIAN_POINT('',(-5.435479771109,-36.98929833407,1.5));
#459 = CARTESIAN_POINT('',(-5.448011176022,-36.8341809746,1.5));
#460 = CARTESIAN_POINT('',(-5.448011176022,-36.52395974167,1.5));
#461 = CARTESIAN_POINT('',(-5.435479771109,-36.36884238221,1.5));
#462 = CARTESIAN_POINT('',(-5.410418254972,-36.21517173215,1.5));
#463 = CARTESIAN_POINT('',(-5.373097647226,-36.06435695749,1.5));
#464 = CARTESIAN_POINT('',(-5.304730023139,-35.85996472005,1.5));
#465 = CARTESIAN_POINT('',(-5.283581084555,-35.80283329146,1.5));
#466 = CARTESIAN_POINT('',(-5.260644286255,-35.74643596118,1.5));
#467 = CARTESIAN_POINT('',(-5.235958556293,-35.69085153356,1.5));
#468 = CARTESIAN_POINT('',(-5.171887489173,-35.55805671959,1.5));
#469 = CARTESIAN_POINT('',(-5.130731759965,-35.48176907676,1.5));
#470 = CARTESIAN_POINT('',(-5.086233064056,-35.40751444459,1.5));
#471 = CARTESIAN_POINT('',(-5.038546011575,-35.33549730848,1.5));
#472 = CARTESIAN_POINT('',(-4.918026054651,-35.17006037601,1.5));
#473 = CARTESIAN_POINT('',(-4.842491669772,-35.07881289594,1.5));
#474 = CARTESIAN_POINT('',(-4.761712001973,-34.99265405745,1.5));
#475 = CARTESIAN_POINT('',(-4.676223803933,-34.91199395947,1.5));
#476 = CARTESIAN_POINT('',(-4.553716924635,-34.80965902541,1.5));
#477 = CARTESIAN_POINT('',(-4.520247329502,-34.78294884637,1.5));
#478 = CARTESIAN_POINT('',(-4.486253540947,-34.75703998978,1.5));
#479 = CARTESIAN_POINT('',(-4.451766393231,-34.73194640935,1.5));
#480 = CARTESIAN_POINT('',(-4.399659333491,-34.69576648431,1.5));
#481 = CARTESIAN_POINT('',(-4.382468992725,-34.68410724933,1.5));
#482 = CARTESIAN_POINT('',(-4.36525258413,-34.67270028433,1.5));
#483 = CARTESIAN_POINT('',(-4.34801577606,-34.66154319269,1.5));
#484 = CARTESIAN_POINT('',(-4.313513366431,-34.63972430482,1.5));
#485 = CARTESIAN_POINT('',(-4.296239907837,-34.62905788065,1.5));
#486 = CARTESIAN_POINT('',(-4.278968137566,-34.61864261151,1.5));
#487 = CARTESIAN_POINT('',(-4.261698030949,-34.60847281002,1.5));
#488 = CARTESIAN_POINT('',(-4.174821749952,-34.55851529786,1.5));
#489 = CARTESIAN_POINT('',(-4.103226502984,-34.52121601067,1.5));
#490 = CARTESIAN_POINT('',(-4.029784842508,-34.48680110941,1.5));
#491 = CARTESIAN_POINT('',(-3.95467852093,-34.45541802993,1.5));
#492 = CARTESIAN_POINT('',(-3.76866277162,-34.38684793578,1.5));
#493 = CARTESIAN_POINT('',(-3.656221134421,-34.35295143633,1.5));
#494 = CARTESIAN_POINT('',(-3.541360212594,-34.32586585373,1.5));
#495 = CARTESIAN_POINT('',(-3.424701685993,-34.30585212395,1.5));
#496 = CARTESIAN_POINT('',(-3.221356801679,-34.28378787267,1.5));
#497 = CARTESIAN_POINT('',(-3.135207919252,-34.27831921723,1.5));
#498 = CARTESIAN_POINT('',(-3.048706847644,-34.27672508262,1.5));
#499 = CARTESIAN_POINT('',(-2.962107519548,-34.27903775372,1.5));
#500 = CARTESIAN_POINT('',(-2.811900790894,-34.28985168269,1.5));
#501 = CARTESIAN_POINT('',(-2.748220639589,-34.29657051563,1.5));
#502 = CARTESIAN_POINT('',(-2.684729537701,-34.30541890809,1.5));
#503 = CARTESIAN_POINT('',(-2.621529821,-34.31639007962,1.5));
#504 = CARTESIAN_POINT('',(-2.410559660682,-34.36032267564,1.5));
#505 = CARTESIAN_POINT('',(-2.264577516706,-34.4029078581,1.5));
#506 = CARTESIAN_POINT('',(-2.12212535231,-34.45702302937,1.5));
#507 = CARTESIAN_POINT('',(-1.984474288842,-34.52222585692,1.5));
#508 = CARTESIAN_POINT('',(-1.738076359183,-34.66372606833,1.5));
#509 = CARTESIAN_POINT('',(-1.627882364669,-34.73752107979,1.5));
#510 = CARTESIAN_POINT('',(-1.52300413297,-34.81877654438,1.5));
#511 = CARTESIAN_POINT('',(-1.424132154766,-34.90693069751,1.5));
#512 = CARTESIAN_POINT('',(-1.293376925994,-35.04067731223,1.5));
#513 = CARTESIAN_POINT('',(-1.256039122511,-35.08112747589,1.5));
#514 = CARTESIAN_POINT('',(-1.219892565902,-35.12261270248,1.5));
#515 = CARTESIAN_POINT('',(-1.18497665678,-35.16508177092,1.5));
#516 = CARTESIAN_POINT('',(-1.104949887174,-35.26829552614,1.5));
#517 = CARTESIAN_POINT('',(-1.060978190206,-35.32987696621,1.5));
#518 = CARTESIAN_POINT('',(-1.019506348387,-35.39308351753,1.5));
#519 = CARTESIAN_POINT('',(-0.980614157142,-35.45776577061,1.5));
#520 = CARTESIAN_POINT('',(-0.895315195389,-35.61308267275,1.5));
#521 = CARTESIAN_POINT('',(-0.851106580144,-35.70481463978,1.5));
#522 = CARTESIAN_POINT('',(-0.811904107523,-35.7985710824,1.5));
#523 = CARTESIAN_POINT('',(-0.777815818391,-35.89394475132,1.5));
#524 = CARTESIAN_POINT('',(-0.70835853513,-36.12586425289,1.5));
#525 = CARTESIAN_POINT('',(-0.677971777376,-36.26356874994,1.5));
#526 = CARTESIAN_POINT('',(-0.657881116719,-36.4024536791,1.5));
#527 = CARTESIAN_POINT('',(-0.648001016002,-36.54134178838,1.5));
#528 = CARTESIAN_POINT('',(-0.648001016002,-36.67907035814,1.5));
#529 = ORIENTED_EDGE('',*,*,#530,.T.);
#530 = EDGE_CURVE('',#392,#531,#533,.T.);
#531 = VERTEX_POINT('',#532);
#532 = CARTESIAN_POINT('',(-0.648001016002,-35.17907035814,1.50000508001
    ));
#533 = ( BOUNDED_CURVE() B_SPLINE_CURVE(2,(#534,#535,#536,#537,#538,#539
,#540),.UNSPECIFIED.,.T.,.F.) B_SPLINE_CURVE_WITH_KNOTS((1,2,2,2,2,1),(
    -2.094395102394,0.,2.094395102393,4.188790204786,6.28318530718,
8.377580409573),.UNSPECIFIED.) CURVE() GEOMETRIC_REPRESENTATION_ITEM() 
RATIONAL_B_SPLINE_CURVE((1.,0.5,1.,0.5,1.,0.5,1.)) REPRESENTATION_ITEM(
  '') );
#534 = CARTESIAN_POINT('',(-0.648001016002,-35.17907035814,1.50000508001
    ));
#535 = CARTESIAN_POINT('',(-0.648001016002,-31.02213962114,1.50000508001
    ));
#536 = CARTESIAN_POINT('',(-4.248008636017,-33.10060498964,1.50000508001
    ));
#537 = CARTESIAN_POINT('',(-7.848016256033,-35.17907035814,1.50000508001
    ));
#538 = CARTESIAN_POINT('',(-4.248008636017,-37.25753572664,1.50000508001
    ));
#539 = CARTESIAN_POINT('',(-0.648001016002,-39.33600109514,1.50000508001
    ));
#540 = CARTESIAN_POINT('',(-0.648001016002,-35.17907035814,1.50000508001
    ));
#541 = ORIENTED_EDGE('',*,*,#542,.T.);
#542 = EDGE_CURVE('',#531,#155,#543,.T.);
#543 = ( BOUNDED_CURVE() B_SPLINE_CURVE(2,(#544,#545,#546,#547,#548,#549
,#550),.UNSPECIFIED.,.T.,.F.) B_SPLINE_CURVE_WITH_KNOTS((1,2,2,2,2,1),(
    -2.094395102394,0.,2.094395102393,4.188790204786,6.28318530718,
8.377580409573),.UNSPECIFIED.) CURVE() GEOMETRIC_REPRESENTATION_ITEM() 
RATIONAL_B_SPLINE_CURVE((1.,0.5,1.,0.5,1.,0.5,1.)) REPRESENTATION_ITEM(
  '') );
#544 = CARTESIAN_POINT('',(-0.648001016002,-35.17907035814,1.50000508001
    ));
#545 = CARTESIAN_POINT('',(-0.648001016002,-31.02213962114,1.50000508001
    ));
#546 = CARTESIAN_POINT('',(-4.248008636017,-33.10060498964,1.50000508001
    ));
#547 = CARTESIAN_POINT('',(-7.848016256033,-35.17907035814,1.50000508001
    ));
#548 = CARTESIAN_POINT('',(-4.248008636017,-37.25753572664,1.50000508001
    ));
#549 = CARTESIAN_POINT('',(-0.648001016002,-39.33600109514,1.50000508001
    ));
#550 = CARTESIAN_POINT('',(-0.648001016002,-35.17907035814,1.50000508001
    ));
#551 = B_SPLINE_SURFACE_WITH_KNOTS('',1,1,(
    (#552,#553)
    ,(#554,#555
    )),.UNSPECIFIED.,.F.,.F.,.F.,(2,2),(2,2),(-187.5,187.5),(-167.5,
    165.47245),.PIECEWISE_BEZIER_KNOTS.);
#552 = CARTESIAN_POINT('',(1.587503175006,-39.43357886715,1.50000508001)
  );
#553 = CARTESIAN_POINT('',(1.587503175006,-30.97606172212,1.50000508001)
  );
#554 = CARTESIAN_POINT('',(-7.937515875032,-39.43357886715,1.50000508001
    ));
#555 = CARTESIAN_POINT('',(-7.937515875032,-30.97606172212,1.50000508001
    ));
#556 = ADVANCED_FACE('',(#557),#574,.T.);
#557 = FACE_BOUND('',#558,.T.);
#558 = EDGE_LOOP('',(#559,#566,#567,#568));
#559 = ORIENTED_EDGE('',*,*,#560,.T.);
#560 = EDGE_CURVE('',#561,#227,#563,.T.);
#561 = VERTEX_POINT('',#562);
#562 = CARTESIAN_POINT('',(1.587503175006,-40.93357886715,1.5));
#563 = B_SPLINE_CURVE_WITH_KNOTS('',1,(#564,#565),.UNSPECIFIED.,.F.,.F.,
  (2,2),(0.,1.),.PIECEWISE_BEZIER_KNOTS.);
#564 = CARTESIAN_POINT('',(1.587503175006,-40.93357886715,1.5));
#565 = CARTESIAN_POINT('',(1.587503175006,-32.48,1.5));
#566 = ORIENTED_EDGE('',*,*,#233,.T.);
#567 = ORIENTED_EDGE('',*,*,#37,.T.);
#568 = ORIENTED_EDGE('',*,*,#569,.T.);
#569 = EDGE_CURVE('',#31,#561,#570,.T.);
#570 = LINE('',#571,#572);
#571 = CARTESIAN_POINT('',(-97.76219329438,-40.93357886715,1.5));
#572 = VECTOR('',#573,1.);
#573 = DIRECTION('',(1.,0.,-0.));
#574 = PLANE('',#575);
#575 = AXIS2_PLACEMENT_3D('',#576,#577,#578);
#576 = CARTESIAN_POINT('',(-97.76219329438,-40.93357886715,1.5));
#577 = DIRECTION('',(0.,0.,1.));
#578 = DIRECTION('',(1.,0.,-0.));
#579 = ADVANCED_FACE('',(#580),#590,.T.);
#580 = FACE_BOUND('',#581,.T.);
#581 = EDGE_LOOP('',(#582,#583,#588,#589));
#582 = ORIENTED_EDGE('',*,*,#64,.F.);
#583 = ORIENTED_EDGE('',*,*,#584,.T.);
#584 = EDGE_CURVE('',#65,#561,#585,.T.);
#585 = B_SPLINE_CURVE_WITH_KNOTS('',1,(#586,#587),.UNSPECIFIED.,.F.,.F.,
  (2,2),(0.,118.1102),.PIECEWISE_BEZIER_KNOTS.);
#586 = CARTESIAN_POINT('',(1.587503175006,-40.93357886715,-1.5));
#587 = CARTESIAN_POINT('',(1.587503175006,-40.93357886715,1.50000508001)
  );
#588 = ORIENTED_EDGE('',*,*,#569,.F.);
#589 = ORIENTED_EDGE('',*,*,#30,.F.);
#590 = B_SPLINE_SURFACE_WITH_KNOTS('',1,1,(
    (#591,#592)
    ,(#593,#594
    )),.UNSPECIFIED.,.F.,.F.,.F.,(2,2),(2,2),(0.,375.),(-118.1102,0.),
  .PIECEWISE_BEZIER_KNOTS.);
#591 = CARTESIAN_POINT('',(1.587503175006,-40.93357886715,1.50000508001)
  );
#592 = CARTESIAN_POINT('',(1.587503175006,-40.93357886715,-1.5));
#593 = CARTESIAN_POINT('',(-7.937515875032,-40.93357886715,1.50000508001
    ));
#594 = CARTESIAN_POINT('',(-7.937515875032,-40.93357886715,-1.5));
#595 = ADVANCED_FACE('',(#596),#603,.T.);
#596 = FACE_BOUND('',#597,.T.);
#597 = EDGE_LOOP('',(#598,#599,#600,#601,#602));
#598 = ORIENTED_EDGE('',*,*,#80,.F.);
#599 = ORIENTED_EDGE('',*,*,#147,.F.);
#600 = ORIENTED_EDGE('',*,*,#226,.T.);
#601 = ORIENTED_EDGE('',*,*,#560,.F.);
#602 = ORIENTED_EDGE('',*,*,#584,.F.);
#603 = B_SPLINE_SURFACE_WITH_KNOTS('',1,1,(
    (#604,#605)
    ,(#606,#607
    )),.UNSPECIFIED.,.F.,.F.,.F.,(2,2),(2,2),(2.02755,335.),(-118.1102,
    0.),.PIECEWISE_BEZIER_KNOTS.);
#604 = CARTESIAN_POINT('',(1.587503175006,-32.47606172212,1.50000508001)
  );
#605 = CARTESIAN_POINT('',(1.587503175006,-32.47606172212,-1.5));
#606 = CARTESIAN_POINT('',(1.587503175006,-40.93357886715,1.50000508001)
  );
#607 = CARTESIAN_POINT('',(1.587503175006,-40.93357886715,-1.5));
#608 = ADVANCED_FACE('',(#609),#632,.T.);
#609 = FACE_BOUND('',#610,.T.);
#610 = EDGE_LOOP('',(#611,#612,#619,#627));
#611 = ORIENTED_EDGE('',*,*,#72,.F.);
#612 = ORIENTED_EDGE('',*,*,#613,.T.);
#613 = EDGE_CURVE('',#24,#614,#616,.T.);
#614 = VERTEX_POINT('',#615);
#615 = CARTESIAN_POINT('',(-7.937515875032,-32.48,-1.5));
#616 = B_SPLINE_CURVE_WITH_KNOTS('',1,(#617,#618),.UNSPECIFIED.,.F.,.F.,
  (2,2),(0.,332.97245),.PIECEWISE_BEZIER_KNOTS.);
#617 = CARTESIAN_POINT('',(-7.937515875032,-40.93357886715,-1.5));
#618 = CARTESIAN_POINT('',(-7.937515875032,-32.47606172212,-1.5));
#619 = ORIENTED_EDGE('',*,*,#620,.T.);
#620 = EDGE_CURVE('',#614,#621,#623,.T.);
#621 = VERTEX_POINT('',#622);
#622 = CARTESIAN_POINT('',(1.587503175006,-32.48,-1.5));
#623 = LINE('',#624,#625);
#624 = CARTESIAN_POINT('',(-98.26219329438,-32.48,-1.5));
#625 = VECTOR('',#626,1.);
#626 = DIRECTION('',(1.,0.,-0.));
#627 = ORIENTED_EDGE('',*,*,#628,.T.);
#628 = EDGE_CURVE('',#621,#73,#629,.T.);
#629 = B_SPLINE_CURVE_WITH_KNOTS('',1,(#630,#631),.UNSPECIFIED.,.F.,.F.,
  (2,2),(2.02755,335.),.PIECEWISE_BEZIER_KNOTS.);
#630 = CARTESIAN_POINT('',(1.587503175006,-32.47606172212,-1.5));
#631 = CARTESIAN_POINT('',(1.587503175006,-40.93357886715,-1.5));
#632 = B_SPLINE_SURFACE_WITH_KNOTS('',1,1,(
    (#633,#634)
    ,(#635,#636
    )),.UNSPECIFIED.,.F.,.F.,.F.,(2,2),(2,2),(-1.97202755E+03,
    1.97202755E+03),(-2.825E+03,2.8252224E+03),
  .PIECEWISE_BEZIER_KNOTS.);
#633 = CARTESIAN_POINT('',(3.417006604013,-40.93357886715,-1.5));
#634 = CARTESIAN_POINT('',(3.417006604013,102.58235712471,-1.5));
#635 = CARTESIAN_POINT('',(-96.76219329438,-40.93357886715,-1.5));
#636 = CARTESIAN_POINT('',(-96.76219329438,102.58235712471,-1.5));
#637 = ADVANCED_FACE('',(#638),#786,.F.);
#638 = FACE_BOUND('',#639,.F.);
#639 = EDGE_LOOP('',(#640,#645,#646,#783,#784,#785));
#640 = ORIENTED_EDGE('',*,*,#641,.T.);
#641 = EDGE_CURVE('',#88,#253,#642,.T.);
#642 = B_SPLINE_CURVE_WITH_KNOTS('',1,(#643,#644),.UNSPECIFIED.,.F.,.F.,
  (2,2),(0.,118.1102),.PIECEWISE_BEZIER_KNOTS.);
#643 = CARTESIAN_POINT('',(-0.648001016002,-36.67907035814,-1.5));
#644 = CARTESIAN_POINT('',(-0.648001016002,-36.67907035814,1.50000508001
    ));
#645 = ORIENTED_EDGE('',*,*,#252,.T.);
#646 = ORIENTED_EDGE('',*,*,#647,.T.);
#647 = EDGE_CURVE('',#241,#392,#648,.T.);
#648 = B_SPLINE_CURVE_WITH_KNOTS('',5,(#649,#650,#651,#652,#653,#654,
    #655,#656,#657,#658,#659,#660,#661,#662,#663,#664,#665,#666,#667,
    #668,#669,#670,#671,#672,#673,#674,#675,#676,#677,#678,#679,#680,
    #681,#682,#683,#684,#685,#686,#687,#688,#689,#690,#691,#692,#693,
    #694,#695,#696,#697,#698,#699,#700,#701,#702,#703,#704,#705,#706,
    #707,#708,#709,#710,#711,#712,#713,#714,#715,#716,#717,#718,#719,
    #720,#721,#722,#723,#724,#725,#726,#727,#728,#729,#730,#731,#732,
    #733,#734,#735,#736,#737,#738,#739,#740,#741,#742,#743,#744,#745,
    #746,#747,#748,#749,#750,#751,#752,#753,#754,#755,#756,#757,#758,
    #759,#760,#761,#762,#763,#764,#765,#766,#767,#768,#769,#770,#771,
    #772,#773,#774,#775,#776,#777,#778,#779,#780,#781,#782),
  .UNSPECIFIED.,.T.,.F.,(1,5,4,4,4,4,4,4,4,4,4,4,4,4,4,4,4,4,4,4,4,4,4,4
    ,4,4,4,4,4,4,4,4,4,4,5,1),(-4.804752E-02,0.,4.715870798069E-02,
    8.0804391989E-02,0.105667032318,0.123706256764,0.166954630089,
    0.216587564542,0.237626991584,0.266147690298,0.305421423566,
    0.332899806481,0.339728799835,0.360795194315,0.399370915715,
    0.427380462259,0.446996562307,0.496766345683,0.546536129059,
    0.566152229107,0.594161775651,0.632737497051,0.646910086703,
    0.65386824611,0.660825947217,0.68882222212,0.728836157307,
    0.757894392797,0.779330355207,0.829898734046,0.87396222033,
    0.892341434572,0.917672667331,0.95195248,1.,1.047158707981),
  .UNSPECIFIED.);
#649 = CARTESIAN_POINT('',(-0.648001016002,-36.67907035814,1.5));
#650 = CARTESIAN_POINT('',(-0.648001016002,-36.81679892789,1.5));
#651 = CARTESIAN_POINT('',(-0.657881116719,-36.95568703717,1.5));
#652 = CARTESIAN_POINT('',(-0.677971777376,-37.09457196633,1.5));
#653 = CARTESIAN_POINT('',(-0.70835853513,-37.23227646338,1.5));
#654 = CARTESIAN_POINT('',(-0.777815818391,-37.46419596495,1.5));
#655 = CARTESIAN_POINT('',(-0.811904107523,-37.55956963387,1.5));
#656 = CARTESIAN_POINT('',(-0.851106580144,-37.65332607649,1.5));
#657 = CARTESIAN_POINT('',(-0.895315195389,-37.74505804352,1.5));
#658 = CARTESIAN_POINT('',(-0.980614157142,-37.90037494566,1.5));
#659 = CARTESIAN_POINT('',(-1.019506348387,-37.96505719874,1.5));
#660 = CARTESIAN_POINT('',(-1.060978190206,-38.02826375006,1.5));
#661 = CARTESIAN_POINT('',(-1.104949887174,-38.08984519013,1.5));
#662 = CARTESIAN_POINT('',(-1.184976656779,-38.19305894536,1.5));
#663 = CARTESIAN_POINT('',(-1.219892565902,-38.23552801379,1.5));
#664 = CARTESIAN_POINT('',(-1.256039122511,-38.27701324038,1.5));
#665 = CARTESIAN_POINT('',(-1.293376925993,-38.31746340404,1.5));
#666 = CARTESIAN_POINT('',(-1.424132154766,-38.45121001876,1.5));
#667 = CARTESIAN_POINT('',(-1.52300413297,-38.53936417189,1.5));
#668 = CARTESIAN_POINT('',(-1.627882364668,-38.62061963648,1.5));
#669 = CARTESIAN_POINT('',(-1.738076359183,-38.69441464794,1.5));
#670 = CARTESIAN_POINT('',(-1.984474288841,-38.83591485936,1.5));
#671 = CARTESIAN_POINT('',(-2.122125352309,-38.9011176869,1.5));
#672 = CARTESIAN_POINT('',(-2.264577516705,-38.95523285817,1.5));
#673 = CARTESIAN_POINT('',(-2.410559660681,-38.99781804063,1.5));
#674 = CARTESIAN_POINT('',(-2.621529820999,-39.04175063665,1.5));
#675 = CARTESIAN_POINT('',(-2.684729537699,-39.05272180818,1.5));
#676 = CARTESIAN_POINT('',(-2.748220639587,-39.06157020064,1.5));
#677 = CARTESIAN_POINT('',(-2.811900790893,-39.06828903358,1.5));
#678 = CARTESIAN_POINT('',(-2.962107519547,-39.07910296255,1.5));
#679 = CARTESIAN_POINT('',(-3.048706847642,-39.08141563365,1.5));
#680 = CARTESIAN_POINT('',(-3.13520791925,-39.07982149905,1.5));
#681 = CARTESIAN_POINT('',(-3.221356801677,-39.0743528436,1.5));
#682 = CARTESIAN_POINT('',(-3.424701685991,-39.05228859232,1.5));
#683 = CARTESIAN_POINT('',(-3.541360212592,-39.03227486254,1.5));
#684 = CARTESIAN_POINT('',(-3.656221134419,-39.00518927994,1.5));
#685 = CARTESIAN_POINT('',(-3.768662771618,-38.97129278049,1.5));
#686 = CARTESIAN_POINT('',(-3.954678520929,-38.90272268635,1.5));
#687 = CARTESIAN_POINT('',(-4.029784842507,-38.87133960687,1.5));
#688 = CARTESIAN_POINT('',(-4.103226502983,-38.83692470561,1.5));
#689 = CARTESIAN_POINT('',(-4.174821749951,-38.79962541841,1.5));
#690 = CARTESIAN_POINT('',(-4.261698030947,-38.74966790625,1.5));
#691 = CARTESIAN_POINT('',(-4.278968137565,-38.73949810476,1.5));
#692 = CARTESIAN_POINT('',(-4.296239907835,-38.72908283562,1.5));
#693 = CARTESIAN_POINT('',(-4.313513366429,-38.71841641145,1.5));
#694 = CARTESIAN_POINT('',(-4.383979564797,-38.67385447804,1.5));
#695 = CARTESIAN_POINT('',(-4.436279263985,-38.6383377711,1.5));
#696 = CARTESIAN_POINT('',(-4.487555735903,-38.60099071025,1.5));
#697 = CARTESIAN_POINT('',(-4.537706203168,-38.56185609183,1.5));
#698 = CARTESIAN_POINT('',(-4.676223803931,-38.44614675681,1.5));
#699 = CARTESIAN_POINT('',(-4.761712001972,-38.36548665883,1.5));
#700 = CARTESIAN_POINT('',(-4.84249166977,-38.27932782033,1.5));
#701 = CARTESIAN_POINT('',(-4.918026054649,-38.18808034026,1.5));
#702 = CARTESIAN_POINT('',(-5.038546011574,-38.02264340779,1.5));
#703 = CARTESIAN_POINT('',(-5.086233064055,-37.95062627168,1.5));
#704 = CARTESIAN_POINT('',(-5.130731759963,-37.87637163951,1.5));
#705 = CARTESIAN_POINT('',(-5.171887489172,-37.80008399668,1.5));
#706 = CARTESIAN_POINT('',(-5.235958556292,-37.66728918272,1.5));
#707 = CARTESIAN_POINT('',(-5.260644286254,-37.61170475509,1.5));
#708 = CARTESIAN_POINT('',(-5.283581084554,-37.55530742482,1.5));
#709 = CARTESIAN_POINT('',(-5.304730023138,-37.49817599623,1.5));
#710 = CARTESIAN_POINT('',(-5.373097647225,-37.29378375878,1.5));
#711 = CARTESIAN_POINT('',(-5.410418254971,-37.14296898412,1.5));
#712 = CARTESIAN_POINT('',(-5.435479771109,-36.98929833407,1.5));
#713 = CARTESIAN_POINT('',(-5.448011176022,-36.8341809746,1.5));
#714 = CARTESIAN_POINT('',(-5.448011176022,-36.52395974167,1.5));
#715 = CARTESIAN_POINT('',(-5.435479771109,-36.36884238221,1.5));
#716 = CARTESIAN_POINT('',(-5.410418254972,-36.21517173215,1.5));
#717 = CARTESIAN_POINT('',(-5.373097647226,-36.06435695749,1.5));
#718 = CARTESIAN_POINT('',(-5.304730023139,-35.85996472005,1.5));
#719 = CARTESIAN_POINT('',(-5.283581084555,-35.80283329146,1.5));
#720 = CARTESIAN_POINT('',(-5.260644286255,-35.74643596118,1.5));
#721 = CARTESIAN_POINT('',(-5.235958556293,-35.69085153356,1.5));
#722 = CARTESIAN_POINT('',(-5.171887489173,-35.55805671959,1.5));
#723 = CARTESIAN_POINT('',(-5.130731759965,-35.48176907676,1.5));
#724 = CARTESIAN_POINT('',(-5.086233064056,-35.40751444459,1.5));
#725 = CARTESIAN_POINT('',(-5.038546011575,-35.33549730848,1.5));
#726 = CARTESIAN_POINT('',(-4.918026054651,-35.17006037601,1.5));
#727 = CARTESIAN_POINT('',(-4.842491669772,-35.07881289594,1.5));
#728 = CARTESIAN_POINT('',(-4.761712001973,-34.99265405745,1.5));
#729 = CARTESIAN_POINT('',(-4.676223803933,-34.91199395947,1.5));
#730 = CARTESIAN_POINT('',(-4.553716924635,-34.80965902541,1.5));
#731 = CARTESIAN_POINT('',(-4.520247329502,-34.78294884637,1.5));
#732 = CARTESIAN_POINT('',(-4.486253540947,-34.75703998978,1.5));
#733 = CARTESIAN_POINT('',(-4.451766393231,-34.73194640935,1.5));
#734 = CARTESIAN_POINT('',(-4.399659333491,-34.69576648431,1.5));
#735 = CARTESIAN_POINT('',(-4.382468992725,-34.68410724933,1.5));
#736 = CARTESIAN_POINT('',(-4.36525258413,-34.67270028433,1.5));
#737 = CARTESIAN_POINT('',(-4.34801577606,-34.66154319269,1.5));
#738 = CARTESIAN_POINT('',(-4.313513366431,-34.63972430482,1.5));
#739 = CARTESIAN_POINT('',(-4.296239907837,-34.62905788065,1.5));
#740 = CARTESIAN_POINT('',(-4.278968137566,-34.61864261151,1.5));
#741 = CARTESIAN_POINT('',(-4.261698030949,-34.60847281002,1.5));
#742 = CARTESIAN_POINT('',(-4.174821749952,-34.55851529786,1.5));
#743 = CARTESIAN_POINT('',(-4.103226502984,-34.52121601067,1.5));
#744 = CARTESIAN_POINT('',(-4.029784842508,-34.48680110941,1.5));
#745 = CARTESIAN_POINT('',(-3.95467852093,-34.45541802993,1.5));
#746 = CARTESIAN_POINT('',(-3.76866277162,-34.38684793578,1.5));
#747 = CARTESIAN_POINT('',(-3.656221134421,-34.35295143633,1.5));
#748 = CARTESIAN_POINT('',(-3.541360212594,-34.32586585373,1.5));
#749 = CARTESIAN_POINT('',(-3.424701685993,-34.30585212395,1.5));
#750 = CARTESIAN_POINT('',(-3.221356801679,-34.28378787267,1.5));
#751 = CARTESIAN_POINT('',(-3.135207919252,-34.27831921723,1.5));
#752 = CARTESIAN_POINT('',(-3.048706847644,-34.27672508262,1.5));
#753 = CARTESIAN_POINT('',(-2.962107519548,-34.27903775372,1.5));
#754 = CARTESIAN_POINT('',(-2.811900790894,-34.28985168269,1.5));
#755 = CARTESIAN_POINT('',(-2.748220639589,-34.29657051563,1.5));
#756 = CARTESIAN_POINT('',(-2.684729537701,-34.30541890809,1.5));
#757 = CARTESIAN_POINT('',(-2.621529821,-34.31639007962,1.5));
#758 = CARTESIAN_POINT('',(-2.410559660682,-34.36032267564,1.5));
#759 = CARTESIAN_POINT('',(-2.264577516706,-34.4029078581,1.5));
#760 = CARTESIAN_POINT('',(-2.12212535231,-34.45702302937,1.5));
#761 = CARTESIAN_POINT('',(-1.984474288842,-34.52222585692,1.5));
#762 = CARTESIAN_POINT('',(-1.738076359183,-34.66372606833,1.5));
#763 = CARTESIAN_POINT('',(-1.627882364669,-34.73752107979,1.5));
#764 = CARTESIAN_POINT('',(-1.52300413297,-34.81877654438,1.5));
#765 = CARTESIAN_POINT('',(-1.424132154766,-34.90693069751,1.5));
#766 = CARTESIAN_POINT('',(-1.293376925994,-35.04067731223,1.5));
#767 = CARTESIAN_POINT('',(-1.256039122511,-35.08112747589,1.5));
#768 = CARTESIAN_POINT('',(-1.219892565902,-35.12261270248,1.5));
#769 = CARTESIAN_POINT('',(-1.18497665678,-35.16508177092,1.5));
#770 = CARTESIAN_POINT('',(-1.104949887174,-35.26829552614,1.5));
#771 = CARTESIAN_POINT('',(-1.060978190206,-35.32987696621,1.5));
#772 = CARTESIAN_POINT('',(-1.019506348387,-35.39308351753,1.5));
#773 = CARTESIAN_POINT('',(-0.980614157142,-35.45776577061,1.5));
#774 = CARTESIAN_POINT('',(-0.895315195389,-35.61308267275,1.5));
#775 = CARTESIAN_POINT('',(-0.851106580144,-35.70481463978,1.5));
#776 = CARTESIAN_POINT('',(-0.811904107523,-35.7985710824,1.5));
#777 = CARTESIAN_POINT('',(-0.777815818391,-35.89394475132,1.5));
#778 = CARTESIAN_POINT('',(-0.70835853513,-36.12586425289,1.5));
#779 = CARTESIAN_POINT('',(-0.677971777376,-36.26356874994,1.5));
#780 = CARTESIAN_POINT('',(-0.657881116719,-36.4024536791,1.5));
#781 = CARTESIAN_POINT('',(-0.648001016002,-36.54134178838,1.5));
#782 = CARTESIAN_POINT('',(-0.648001016002,-36.67907035814,1.5));
#783 = ORIENTED_EDGE('',*,*,#391,.T.);
#784 = ORIENTED_EDGE('',*,*,#641,.F.);
#785 = ORIENTED_EDGE('',*,*,#87,.T.);
#786 = ( BOUNDED_SURFACE() B_SPLINE_SURFACE(2,1,(
    (#787,#788)
    ,(#789,#790)
    ,(#791,#792)
    ,(#793,#794)
    ,(#795,#796)
    ,(#797,#798)
,(#799,#800
    )),.UNSPECIFIED.,.T.,.F.,.F.) B_SPLINE_SURFACE_WITH_KNOTS((1,2,2,2,2
    ,1),(2,2),(-2.094395102394,0.,2.094395102393,4.188790204786,
    6.28318530718,8.377580409573),(0.,118.1102),.UNSPECIFIED.) 
GEOMETRIC_REPRESENTATION_ITEM() RATIONAL_B_SPLINE_SURFACE((
    (1.,1.)
    ,(0.5,0.5)
    ,(1.,1.)
    ,(0.5,0.5)
    ,(1.,1.)
    ,(0.5,0.5)
,(1.,1.))) REPRESENTATION_ITEM('') SURFACE() );
#787 = CARTESIAN_POINT('',(-0.648001016002,-36.67907035814,-1.5));
#788 = CARTESIAN_POINT('',(-0.648001016002,-36.67907035814,1.50000508001
    ));
#789 = CARTESIAN_POINT('',(-0.648001016002,-32.52213962114,-1.5));
#790 = CARTESIAN_POINT('',(-0.648001016002,-32.52213962114,1.50000508001
    ));
#791 = CARTESIAN_POINT('',(-4.248008636017,-34.60060498964,-1.5));
#792 = CARTESIAN_POINT('',(-4.248008636017,-34.60060498964,1.50000508001
    ));
#793 = CARTESIAN_POINT('',(-7.848016256033,-36.67907035814,-1.5));
#794 = CARTESIAN_POINT('',(-7.848016256033,-36.67907035814,1.50000508001
    ));
#795 = CARTESIAN_POINT('',(-4.248008636017,-38.75753572664,-1.5));
#796 = CARTESIAN_POINT('',(-4.248008636017,-38.75753572664,1.50000508001
    ));
#797 = CARTESIAN_POINT('',(-0.648001016002,-40.83600109514,-1.5));
#798 = CARTESIAN_POINT('',(-0.648001016002,-40.83600109514,1.50000508001
    ));
#799 = CARTESIAN_POINT('',(-0.648001016002,-36.67907035814,-1.5));
#800 = CARTESIAN_POINT('',(-0.648001016002,-36.67907035814,1.50000508001
    ));
#801 = ADVANCED_FACE('',(#802),#873,.F.);
#802 = FACE_BOUND('',#803,.F.);
#803 = EDGE_LOOP('',(#804,#814,#820,#821,#828,#836,#844,#852,#860,#868)
  );
#804 = ORIENTED_EDGE('',*,*,#805,.F.);
#805 = EDGE_CURVE('',#806,#808,#810,.T.);
#806 = VERTEX_POINT('',#807);
#807 = CARTESIAN_POINT('',(-98.762,97.62,-1.5));
#808 = VERTEX_POINT('',#809);
#809 = CARTESIAN_POINT('',(-95.12985521971,97.62,-1.5));
#810 = LINE('',#811,#812);
#811 = CARTESIAN_POINT('',(-98.762,97.62,-1.5));
#812 = VECTOR('',#813,1.);
#813 = DIRECTION('',(1.,0.,-0.));
#814 = ORIENTED_EDGE('',*,*,#815,.F.);
#815 = EDGE_CURVE('',#108,#806,#816,.T.);
#816 = LINE('',#817,#818);
#817 = CARTESIAN_POINT('',(-98.762,-32.98,-1.5));
#818 = VECTOR('',#819,1.);
#819 = DIRECTION('',(-0.,1.,0.));
#820 = ORIENTED_EDGE('',*,*,#107,.T.);
#821 = ORIENTED_EDGE('',*,*,#822,.T.);
#822 = EDGE_CURVE('',#110,#823,#825,.T.);
#823 = VERTEX_POINT('',#824);
#824 = CARTESIAN_POINT('',(-94.93268986538,-32.48,-1.5));
#825 = B_SPLINE_CURVE_WITH_KNOTS('',1,(#826,#827),.UNSPECIFIED.,.F.,.F.,
  (2,2),(0.,332.97245),.PIECEWISE_BEZIER_KNOTS.);
#826 = CARTESIAN_POINT('',(-94.93268986538,-40.93357886715,-1.5));
#827 = CARTESIAN_POINT('',(-94.93268986538,-32.47606172212,-1.5));
#828 = ORIENTED_EDGE('',*,*,#829,.F.);
#829 = EDGE_CURVE('',#830,#823,#832,.T.);
#830 = VERTEX_POINT('',#831);
#831 = CARTESIAN_POINT('',(-98.262,-32.48,-1.5));
#832 = LINE('',#833,#834);
#833 = CARTESIAN_POINT('',(-98.26219329438,-32.48,-1.5));
#834 = VECTOR('',#835,1.);
#835 = DIRECTION('',(1.,0.,-0.));
#836 = ORIENTED_EDGE('',*,*,#837,.F.);
#837 = EDGE_CURVE('',#838,#830,#840,.T.);
#838 = VERTEX_POINT('',#839);
#839 = CARTESIAN_POINT('',(-98.26219329438,-32.48,-1.5));
#840 = LINE('',#841,#842);
#841 = CARTESIAN_POINT('',(-98.26219329438,-32.48,-1.5));
#842 = VECTOR('',#843,1.);
#843 = DIRECTION('',(1.,0.,-0.));
#844 = ORIENTED_EDGE('',*,*,#845,.T.);
#845 = EDGE_CURVE('',#838,#846,#848,.T.);
#846 = VERTEX_POINT('',#847);
#847 = CARTESIAN_POINT('',(-98.26219329438,97.12,-1.5));
#848 = LINE('',#849,#850);
#849 = CARTESIAN_POINT('',(-98.26219329438,-32.48,-1.5));
#850 = VECTOR('',#851,1.);
#851 = DIRECTION('',(-0.,1.,0.));
#852 = ORIENTED_EDGE('',*,*,#853,.T.);
#853 = EDGE_CURVE('',#846,#854,#856,.T.);
#854 = VERTEX_POINT('',#855);
#855 = CARTESIAN_POINT('',(-98.262,97.12,-1.5));
#856 = LINE('',#857,#858);
#857 = CARTESIAN_POINT('',(-98.26219329438,97.12,-1.5));
#858 = VECTOR('',#859,1.);
#859 = DIRECTION('',(1.,0.,-0.));
#860 = ORIENTED_EDGE('',*,*,#861,.T.);
#861 = EDGE_CURVE('',#854,#862,#864,.T.);
#862 = VERTEX_POINT('',#863);
#863 = CARTESIAN_POINT('',(-95.12985521971,97.12,-1.5));
#864 = LINE('',#865,#866);
#865 = CARTESIAN_POINT('',(-98.26219329438,97.12,-1.5));
#866 = VECTOR('',#867,1.);
#867 = DIRECTION('',(1.,0.,-0.));
#868 = ORIENTED_EDGE('',*,*,#869,.T.);
#869 = EDGE_CURVE('',#862,#808,#870,.T.);
#870 = B_SPLINE_CURVE_WITH_KNOTS('',1,(#871,#872),.UNSPECIFIED.,.F.,.F.,
  (2,2),(1.80515,335.),.PIECEWISE_BEZIER_KNOTS.);
#871 = CARTESIAN_POINT('',(-95.12985521971,97.119191008382,-1.5));
#872 = CARTESIAN_POINT('',(-95.12985521971,105.58235712471,-1.5));
#873 = PLANE('',#874);
#874 = AXIS2_PLACEMENT_3D('',#875,#876,#877);
#875 = CARTESIAN_POINT('',(-98.762,-32.98,-1.5));
#876 = DIRECTION('',(0.,0.,1.));
#877 = DIRECTION('',(1.,0.,-0.));
#878 = ADVANCED_FACE('',(#879),#908,.T.);
#879 = FACE_BOUND('',#880,.T.);
#880 = EDGE_LOOP('',(#881,#888,#895,#902,#907));
#881 = ORIENTED_EDGE('',*,*,#882,.F.);
#882 = EDGE_CURVE('',#883,#110,#885,.T.);
#883 = VERTEX_POINT('',#884);
#884 = CARTESIAN_POINT('',(-94.93268986538,-40.93357886715,-1.5));
#885 = B_SPLINE_CURVE_WITH_KNOTS('',1,(#886,#887),.UNSPECIFIED.,.F.,.F.,
  (2,2),(0.,332.97245),.PIECEWISE_BEZIER_KNOTS.);
#886 = CARTESIAN_POINT('',(-94.93268986538,-40.93357886715,-1.5));
#887 = CARTESIAN_POINT('',(-94.93268986538,-32.47606172212,-1.5));
#888 = ORIENTED_EDGE('',*,*,#889,.T.);
#889 = EDGE_CURVE('',#883,#890,#892,.T.);
#890 = VERTEX_POINT('',#891);
#891 = CARTESIAN_POINT('',(-94.93268986538,-40.93357886715,1.5));
#892 = B_SPLINE_CURVE_WITH_KNOTS('',1,(#893,#894),.UNSPECIFIED.,.F.,.F.,
  (2,2),(0.,118.1102),.PIECEWISE_BEZIER_KNOTS.);
#893 = CARTESIAN_POINT('',(-94.93268986538,-40.93357886715,-1.5));
#894 = CARTESIAN_POINT('',(-94.93268986538,-40.93357886715,1.50000508001
    ));
#895 = ORIENTED_EDGE('',*,*,#896,.F.);
#896 = EDGE_CURVE('',#897,#890,#899,.T.);
#897 = VERTEX_POINT('',#898);
#898 = CARTESIAN_POINT('',(-94.93268986538,-39.43357886715,
    1.500005080009));
#899 = B_SPLINE_CURVE_WITH_KNOTS('',1,(#900,#901),.UNSPECIFIED.,.F.,.F.,
  (2,2),(0.,1.),.PIECEWISE_BEZIER_KNOTS.);
#900 = CARTESIAN_POINT('',(-94.93268986538,-32.48,1.5));
#901 = CARTESIAN_POINT('',(-94.93268986538,-40.93357886715,1.5));
#902 = ORIENTED_EDGE('',*,*,#903,.T.);
#903 = EDGE_CURVE('',#897,#206,#904,.T.);
#904 = B_SPLINE_CURVE_WITH_KNOTS('',1,(#905,#906),.UNSPECIFIED.,.F.,.F.,
  (2,2),(0.,332.97245),.PIECEWISE_BEZIER_KNOTS.);
#905 = CARTESIAN_POINT('',(-94.93268986538,-39.43357886715,1.50000508001
    ));
#906 = CARTESIAN_POINT('',(-94.93268986538,-30.97606172212,1.50000508001
    ));
#907 = ORIENTED_EDGE('',*,*,#212,.T.);
#908 = B_SPLINE_SURFACE_WITH_KNOTS('',1,1,(
    (#909,#910)
    ,(#911,#912
    )),.UNSPECIFIED.,.F.,.F.,.F.,(2,2),(2,2),(0.,332.97245),(-118.1102,
    0.),.PIECEWISE_BEZIER_KNOTS.);
#909 = CARTESIAN_POINT('',(-94.93268986538,-40.93357886715,1.50000508001
    ));
#910 = CARTESIAN_POINT('',(-94.93268986538,-40.93357886715,-1.5));
#911 = CARTESIAN_POINT('',(-94.93268986538,-32.47606172212,1.50000508001
    ));
#912 = CARTESIAN_POINT('',(-94.93268986538,-32.47606172212,-1.5));
#913 = ADVANCED_FACE('',(#914),#1243,.F.);
#914 = FACE_BOUND('',#915,.F.);
#915 = EDGE_LOOP('',(#916,#917,#924,#929,#930,#931,#943,#1082,#1221,
    #1233));
#916 = ORIENTED_EDGE('',*,*,#190,.T.);
#917 = ORIENTED_EDGE('',*,*,#918,.T.);
#918 = EDGE_CURVE('',#184,#919,#921,.T.);
#919 = VERTEX_POINT('',#920);
#920 = CARTESIAN_POINT('',(-85.40767081534,-39.43357886715,
    1.500005080009));
#921 = B_SPLINE_CURVE_WITH_KNOTS('',1,(#922,#923),.UNSPECIFIED.,.F.,.F.,
  (2,2),(2.02755,335.),.PIECEWISE_BEZIER_KNOTS.);
#922 = CARTESIAN_POINT('',(-85.40767081534,-30.97606172212,1.50000508001
    ));
#923 = CARTESIAN_POINT('',(-85.40767081534,-39.43357886715,1.50000508001
    ));
#924 = ORIENTED_EDGE('',*,*,#925,.T.);
#925 = EDGE_CURVE('',#919,#897,#926,.T.);
#926 = B_SPLINE_CURVE_WITH_KNOTS('',1,(#927,#928),.UNSPECIFIED.,.F.,.F.,
  (2,2),(0.,375.),.PIECEWISE_BEZIER_KNOTS.);
#927 = CARTESIAN_POINT('',(-85.40767081534,-39.43357886715,1.50000508001
    ));
#928 = CARTESIAN_POINT('',(-94.93268986538,-39.43357886715,1.50000508001
    ));
#929 = ORIENTED_EDGE('',*,*,#903,.T.);
#930 = ORIENTED_EDGE('',*,*,#205,.T.);
#931 = ORIENTED_EDGE('',*,*,#932,.T.);
#932 = EDGE_CURVE('',#198,#933,#935,.T.);
#933 = VERTEX_POINT('',#934);
#934 = CARTESIAN_POINT('',(-92.32298805661,-35.92907036006,
    1.500002540005));
#935 = ( BOUNDED_CURVE() B_SPLINE_CURVE(2,(#936,#937,#938,#939,#940,#941
,#942),.UNSPECIFIED.,.T.,.F.) B_SPLINE_CURVE_WITH_KNOTS((1,2,2,2,2,1),(
    -2.094395102394,0.,2.094395102393,4.188790204786,6.28318530718,
8.377580409573),.UNSPECIFIED.) CURVE() GEOMETRIC_REPRESENTATION_ITEM() 
RATIONAL_B_SPLINE_CURVE((1.,0.5,1.,0.5,1.,0.5,1.)) REPRESENTATION_ITEM(
  '') );
#936 = CARTESIAN_POINT('',(-87.64317500635,-35.17907035814,1.50000508001
    ));
#937 = CARTESIAN_POINT('',(-87.64317500635,-31.02213962114,1.50000508001
    ));
#938 = CARTESIAN_POINT('',(-91.24318262636,-33.10060498964,1.50000508001
    ));
#939 = CARTESIAN_POINT('',(-94.84319024638,-35.17907035814,1.50000508001
    ));
#940 = CARTESIAN_POINT('',(-91.24318262636,-37.25753572664,1.50000508001
    ));
#941 = CARTESIAN_POINT('',(-87.64317500635,-39.33600109514,1.50000508001
    ));
#942 = CARTESIAN_POINT('',(-87.64317500635,-35.17907035814,1.50000508001
    ));
#943 = ORIENTED_EDGE('',*,*,#944,.F.);
#944 = EDGE_CURVE('',#945,#933,#947,.T.);
#945 = VERTEX_POINT('',#946);
#946 = CARTESIAN_POINT('',(-87.64317500635,-36.67907035814,1.5));
#947 = B_SPLINE_CURVE_WITH_KNOTS('',5,(#948,#949,#950,#951,#952,#953,
    #954,#955,#956,#957,#958,#959,#960,#961,#962,#963,#964,#965,#966,
    #967,#968,#969,#970,#971,#972,#973,#974,#975,#976,#977,#978,#979,
    #980,#981,#982,#983,#984,#985,#986,#987,#988,#989,#990,#991,#992,
    #993,#994,#995,#996,#997,#998,#999,#1000,#1001,#1002,#1003,#1004,
    #1005,#1006,#1007,#1008,#1009,#1010,#1011,#1012,#1013,#1014,#1015,
    #1016,#1017,#1018,#1019,#1020,#1021,#1022,#1023,#1024,#1025,#1026,
    #1027,#1028,#1029,#1030,#1031,#1032,#1033,#1034,#1035,#1036,#1037,
    #1038,#1039,#1040,#1041,#1042,#1043,#1044,#1045,#1046,#1047,#1048,
    #1049,#1050,#1051,#1052,#1053,#1054,#1055,#1056,#1057,#1058,#1059,
    #1060,#1061,#1062,#1063,#1064,#1065,#1066,#1067,#1068,#1069,#1070,
    #1071,#1072,#1073,#1074,#1075,#1076,#1077,#1078,#1079,#1080,#1081),
  .UNSPECIFIED.,.T.,.F.,(1,5,4,4,4,4,4,4,4,4,4,4,4,4,4,4,4,4,4,4,4,4,4,4
    ,4,4,4,4,4,4,4,4,4,4,5,1),(-4.804752E-02,0.,4.715870798066E-02,
    8.080439198896E-02,0.105667032318,0.123706256764,0.166954630089,
    0.216587564541,0.237626991583,0.266147690297,0.305421423565,
    0.332899806481,0.339728799834,0.360795194315,0.399370915715,
    0.427380462259,0.446996562307,0.496766345683,0.546536129058,
    0.566152229107,0.59416177565,0.632737497051,0.646910086703,
    0.65386824611,0.660825947217,0.68882222212,0.728836157307,
    0.757894392796,0.779330355206,0.829898734046,0.87396222033,
    0.892341434572,0.917672667331,0.95195248,1.,1.047158707981),
  .UNSPECIFIED.);
#948 = CARTESIAN_POINT('',(-87.64317500635,-36.67907035814,1.5));
#949 = CARTESIAN_POINT('',(-87.64317500635,-36.81679892789,1.5));
#950 = CARTESIAN_POINT('',(-87.65305510706,-36.95568703717,1.5));
#951 = CARTESIAN_POINT('',(-87.67314576772,-37.09457196633,1.5));
#952 = CARTESIAN_POINT('',(-87.70353252547,-37.23227646338,1.5));
#953 = CARTESIAN_POINT('',(-87.77298980873,-37.46419596495,1.5));
#954 = CARTESIAN_POINT('',(-87.80707809787,-37.55956963387,1.5));
#955 = CARTESIAN_POINT('',(-87.84628057049,-37.65332607649,1.5));
#956 = CARTESIAN_POINT('',(-87.89048918573,-37.74505804352,1.5));
#957 = CARTESIAN_POINT('',(-87.97578814748,-37.90037494566,1.5));
#958 = CARTESIAN_POINT('',(-88.01468033873,-37.96505719874,1.5));
#959 = CARTESIAN_POINT('',(-88.05615218055,-38.02826375006,1.5));
#960 = CARTESIAN_POINT('',(-88.10012387752,-38.08984519013,1.5));
#961 = CARTESIAN_POINT('',(-88.18015064712,-38.19305894536,1.5));
#962 = CARTESIAN_POINT('',(-88.21506655624,-38.23552801379,1.5));
#963 = CARTESIAN_POINT('',(-88.25121311285,-38.27701324038,1.5));
#964 = CARTESIAN_POINT('',(-88.28855091634,-38.31746340404,1.5));
#965 = CARTESIAN_POINT('',(-88.41930614511,-38.45121001876,1.5));
#966 = CARTESIAN_POINT('',(-88.51817812331,-38.53936417189,1.5));
#967 = CARTESIAN_POINT('',(-88.62305635501,-38.62061963648,1.5));
#968 = CARTESIAN_POINT('',(-88.73325034952,-38.69441464794,1.5));
#969 = CARTESIAN_POINT('',(-88.97964827918,-38.83591485936,1.5));
#970 = CARTESIAN_POINT('',(-89.11729934265,-38.9011176869,1.5));
#971 = CARTESIAN_POINT('',(-89.25975150705,-38.95523285817,1.5));
#972 = CARTESIAN_POINT('',(-89.40573365102,-38.99781804063,1.5));
#973 = CARTESIAN_POINT('',(-89.61670381134,-39.04175063665,1.5));
#974 = CARTESIAN_POINT('',(-89.67990352804,-39.05272180818,1.5));
#975 = CARTESIAN_POINT('',(-89.74339462993,-39.06157020064,1.5));
#976 = CARTESIAN_POINT('',(-89.80707478123,-39.06828903358,1.5));
#977 = CARTESIAN_POINT('',(-89.95728150989,-39.07910296255,1.5));
#978 = CARTESIAN_POINT('',(-90.04388083798,-39.08141563365,1.5));
#979 = CARTESIAN_POINT('',(-90.13038190959,-39.07982149905,1.5));
#980 = CARTESIAN_POINT('',(-90.21653079202,-39.0743528436,1.5));
#981 = CARTESIAN_POINT('',(-90.41987567633,-39.05228859232,1.5));
#982 = CARTESIAN_POINT('',(-90.53653420293,-39.03227486254,1.5));
#983 = CARTESIAN_POINT('',(-90.65139512476,-39.00518927994,1.5));
#984 = CARTESIAN_POINT('',(-90.76383676196,-38.97129278049,1.5));
#985 = CARTESIAN_POINT('',(-90.94985251127,-38.90272268635,1.5));
#986 = CARTESIAN_POINT('',(-91.02495883285,-38.87133960687,1.5));
#987 = CARTESIAN_POINT('',(-91.09840049332,-38.83692470561,1.5));
#988 = CARTESIAN_POINT('',(-91.16999574029,-38.79962541841,1.5));
#989 = CARTESIAN_POINT('',(-91.25687202129,-38.74966790625,1.5));
#990 = CARTESIAN_POINT('',(-91.2741421279,-38.73949810476,1.5));
#991 = CARTESIAN_POINT('',(-91.29141389817,-38.72908283562,1.5));
#992 = CARTESIAN_POINT('',(-91.30868735677,-38.71841641145,1.5));
#993 = CARTESIAN_POINT('',(-91.37915355514,-38.67385447804,1.5));
#994 = CARTESIAN_POINT('',(-91.43145325432,-38.6383377711,1.5));
#995 = CARTESIAN_POINT('',(-91.48272972624,-38.60099071025,1.5));
#996 = CARTESIAN_POINT('',(-91.53288019351,-38.56185609183,1.5));
#997 = CARTESIAN_POINT('',(-91.67139779427,-38.44614675681,1.5));
#998 = CARTESIAN_POINT('',(-91.75688599231,-38.36548665883,1.5));
#999 = CARTESIAN_POINT('',(-91.83766566011,-38.27932782033,1.5));
#1000 = CARTESIAN_POINT('',(-91.91320004499,-38.18808034026,1.5));
#1001 = CARTESIAN_POINT('',(-92.03372000191,-38.02264340779,1.5));
#1002 = CARTESIAN_POINT('',(-92.08140705439,-37.95062627168,1.5));
#1003 = CARTESIAN_POINT('',(-92.1259057503,-37.87637163951,1.5));
#1004 = CARTESIAN_POINT('',(-92.16706147951,-37.80008399668,1.5));
#1005 = CARTESIAN_POINT('',(-92.23113254663,-37.66728918272,1.5));
#1006 = CARTESIAN_POINT('',(-92.25581827659,-37.61170475509,1.5));
#1007 = CARTESIAN_POINT('',(-92.27875507489,-37.55530742482,1.5));
#1008 = CARTESIAN_POINT('',(-92.29990401348,-37.49817599623,1.5));
#1009 = CARTESIAN_POINT('',(-92.36827163757,-37.29378375878,1.5));
#1010 = CARTESIAN_POINT('',(-92.40559224531,-37.14296898412,1.5));
#1011 = CARTESIAN_POINT('',(-92.43065376145,-36.98929833407,1.5));
#1012 = CARTESIAN_POINT('',(-92.44318516636,-36.8341809746,1.5));
#1013 = CARTESIAN_POINT('',(-92.44318516636,-36.52395974167,1.5));
#1014 = CARTESIAN_POINT('',(-92.43065376145,-36.36884238221,1.5));
#1015 = CARTESIAN_POINT('',(-92.40559224531,-36.21517173215,1.5));
#1016 = CARTESIAN_POINT('',(-92.36827163757,-36.06435695749,1.5));
#1017 = CARTESIAN_POINT('',(-92.29990401348,-35.85996472005,1.5));
#1018 = CARTESIAN_POINT('',(-92.27875507489,-35.80283329146,1.5));
#1019 = CARTESIAN_POINT('',(-92.25581827659,-35.74643596118,1.5));
#1020 = CARTESIAN_POINT('',(-92.23113254663,-35.69085153356,1.5));
#1021 = CARTESIAN_POINT('',(-92.16706147951,-35.55805671959,1.5));
#1022 = CARTESIAN_POINT('',(-92.1259057503,-35.48176907676,1.5));
#1023 = CARTESIAN_POINT('',(-92.0814070544,-35.40751444459,1.5));
#1024 = CARTESIAN_POINT('',(-92.03372000191,-35.33549730848,1.5));
#1025 = CARTESIAN_POINT('',(-91.91320004499,-35.17006037601,1.5));
#1026 = CARTESIAN_POINT('',(-91.83766566011,-35.07881289594,1.5));
#1027 = CARTESIAN_POINT('',(-91.75688599231,-34.99265405745,1.5));
#1028 = CARTESIAN_POINT('',(-91.67139779427,-34.91199395947,1.5));
#1029 = CARTESIAN_POINT('',(-91.54889091497,-34.80965902541,1.5));
#1030 = CARTESIAN_POINT('',(-91.51542131984,-34.78294884637,1.5));
#1031 = CARTESIAN_POINT('',(-91.48142753129,-34.75703998978,1.5));
#1032 = CARTESIAN_POINT('',(-91.44694038357,-34.73194640935,1.5));
#1033 = CARTESIAN_POINT('',(-91.39483332383,-34.69576648431,1.5));
#1034 = CARTESIAN_POINT('',(-91.37764298306,-34.68410724933,1.5));
#1035 = CARTESIAN_POINT('',(-91.36042657447,-34.67270028433,1.5));
#1036 = CARTESIAN_POINT('',(-91.3431897664,-34.66154319269,1.5));
#1037 = CARTESIAN_POINT('',(-91.30868735677,-34.63972430482,1.5));
#1038 = CARTESIAN_POINT('',(-91.29141389818,-34.62905788065,1.5));
#1039 = CARTESIAN_POINT('',(-91.2741421279,-34.61864261151,1.5));
#1040 = CARTESIAN_POINT('',(-91.25687202129,-34.60847281002,1.5));
#1041 = CARTESIAN_POINT('',(-91.16999574029,-34.55851529786,1.5));
#1042 = CARTESIAN_POINT('',(-91.09840049332,-34.52121601067,1.5));
#1043 = CARTESIAN_POINT('',(-91.02495883285,-34.48680110941,1.5));
#1044 = CARTESIAN_POINT('',(-90.94985251127,-34.45541802993,1.5));
#1045 = CARTESIAN_POINT('',(-90.76383676196,-34.38684793578,1.5));
#1046 = CARTESIAN_POINT('',(-90.65139512476,-34.35295143633,1.5));
#1047 = CARTESIAN_POINT('',(-90.53653420293,-34.32586585373,1.5));
#1048 = CARTESIAN_POINT('',(-90.41987567633,-34.30585212395,1.5));
#1049 = CARTESIAN_POINT('',(-90.21653079202,-34.28378787267,1.5));
#1050 = CARTESIAN_POINT('',(-90.13038190959,-34.27831921723,1.5));
#1051 = CARTESIAN_POINT('',(-90.04388083798,-34.27672508262,1.5));
#1052 = CARTESIAN_POINT('',(-89.95728150989,-34.27903775372,1.5));
#1053 = CARTESIAN_POINT('',(-89.80707478123,-34.28985168269,1.5));
#1054 = CARTESIAN_POINT('',(-89.74339462993,-34.29657051563,1.5));
#1055 = CARTESIAN_POINT('',(-89.67990352804,-34.30541890809,1.5));
#1056 = CARTESIAN_POINT('',(-89.61670381134,-34.31639007962,1.5));
#1057 = CARTESIAN_POINT('',(-89.40573365102,-34.36032267564,1.5));
#1058 = CARTESIAN_POINT('',(-89.25975150705,-34.4029078581,1.5));
#1059 = CARTESIAN_POINT('',(-89.11729934265,-34.45702302937,1.5));
#1060 = CARTESIAN_POINT('',(-88.97964827918,-34.52222585692,1.5));
#1061 = CARTESIAN_POINT('',(-88.73325034953,-34.66372606833,1.5));
#1062 = CARTESIAN_POINT('',(-88.62305635501,-34.73752107979,1.5));
#1063 = CARTESIAN_POINT('',(-88.51817812331,-34.81877654438,1.5));
#1064 = CARTESIAN_POINT('',(-88.41930614511,-34.90693069751,1.5));
#1065 = CARTESIAN_POINT('',(-88.28855091634,-35.04067731223,1.5));
#1066 = CARTESIAN_POINT('',(-88.25121311285,-35.08112747589,1.5));
#1067 = CARTESIAN_POINT('',(-88.21506655625,-35.12261270248,1.5));
#1068 = CARTESIAN_POINT('',(-88.18015064712,-35.16508177092,1.5));
#1069 = CARTESIAN_POINT('',(-88.10012387752,-35.26829552614,1.5));
#1070 = CARTESIAN_POINT('',(-88.05615218055,-35.32987696621,1.5));
#1071 = CARTESIAN_POINT('',(-88.01468033873,-35.39308351753,1.5));
#1072 = CARTESIAN_POINT('',(-87.97578814749,-35.45776577061,1.5));
#1073 = CARTESIAN_POINT('',(-87.89048918573,-35.61308267275,1.5));
#1074 = CARTESIAN_POINT('',(-87.84628057049,-35.70481463978,1.5));
#1075 = CARTESIAN_POINT('',(-87.80707809787,-35.7985710824,1.5));
#1076 = CARTESIAN_POINT('',(-87.77298980873,-35.89394475132,1.5));
#1077 = CARTESIAN_POINT('',(-87.70353252547,-36.12586425289,1.5));
#1078 = CARTESIAN_POINT('',(-87.67314576772,-36.26356874994,1.5));
#1079 = CARTESIAN_POINT('',(-87.65305510706,-36.4024536791,1.5));
#1080 = CARTESIAN_POINT('',(-87.64317500635,-36.54134178838,1.5));
#1081 = CARTESIAN_POINT('',(-87.64317500635,-36.67907035814,1.5));
#1082 = ORIENTED_EDGE('',*,*,#1083,.F.);
#1083 = EDGE_CURVE('',#1084,#945,#1086,.T.);
#1084 = VERTEX_POINT('',#1085);
#1085 = CARTESIAN_POINT('',(-87.76337212075,-35.92907037422,
    1.500002539977));
#1086 = B_SPLINE_CURVE_WITH_KNOTS('',5,(#1087,#1088,#1089,#1090,#1091,
    #1092,#1093,#1094,#1095,#1096,#1097,#1098,#1099,#1100,#1101,#1102,
    #1103,#1104,#1105,#1106,#1107,#1108,#1109,#1110,#1111,#1112,#1113,
    #1114,#1115,#1116,#1117,#1118,#1119,#1120,#1121,#1122,#1123,#1124,
    #1125,#1126,#1127,#1128,#1129,#1130,#1131,#1132,#1133,#1134,#1135,
    #1136,#1137,#1138,#1139,#1140,#1141,#1142,#1143,#1144,#1145,#1146,
    #1147,#1148,#1149,#1150,#1151,#1152,#1153,#1154,#1155,#1156,#1157,
    #1158,#1159,#1160,#1161,#1162,#1163,#1164,#1165,#1166,#1167,#1168,
    #1169,#1170,#1171,#1172,#1173,#1174,#1175,#1176,#1177,#1178,#1179,
    #1180,#1181,#1182,#1183,#1184,#1185,#1186,#1187,#1188,#1189,#1190,
    #1191,#1192,#1193,#1194,#1195,#1196,#1197,#1198,#1199,#1200,#1201,
    #1202,#1203,#1204,#1205,#1206,#1207,#1208,#1209,#1210,#1211,#1212,
    #1213,#1214,#1215,#1216,#1217,#1218,#1219,#1220),.UNSPECIFIED.,.T.,
  .F.,(1,5,4,4,4,4,4,4,4,4,4,4,4,4,4,4,4,4,4,4,4,4,4,4,4,4,4,4,4,4,4,4,4
    ,4,5,1),(-4.804752E-02,0.,4.715870798066E-02,8.080439198896E-02,
    0.105667032318,0.123706256764,0.166954630089,0.216587564541,
    0.237626991583,0.266147690297,0.305421423565,0.332899806481,
    0.339728799834,0.360795194315,0.399370915715,0.427380462259,
    0.446996562307,0.496766345683,0.546536129058,0.566152229107,
    0.59416177565,0.632737497051,0.646910086703,0.65386824611,
    0.660825947217,0.68882222212,0.728836157307,0.757894392796,
    0.779330355206,0.829898734046,0.87396222033,0.892341434572,
    0.917672667331,0.95195248,1.,1.047158707981),.UNSPECIFIED.);
#1087 = CARTESIAN_POINT('',(-87.64317500635,-36.67907035814,1.5));
#1088 = CARTESIAN_POINT('',(-87.64317500635,-36.81679892789,1.5));
#1089 = CARTESIAN_POINT('',(-87.65305510706,-36.95568703717,1.5));
#1090 = CARTESIAN_POINT('',(-87.67314576772,-37.09457196633,1.5));
#1091 = CARTESIAN_POINT('',(-87.70353252547,-37.23227646338,1.5));
#1092 = CARTESIAN_POINT('',(-87.77298980873,-37.46419596495,1.5));
#1093 = CARTESIAN_POINT('',(-87.80707809787,-37.55956963387,1.5));
#1094 = CARTESIAN_POINT('',(-87.84628057049,-37.65332607649,1.5));
#1095 = CARTESIAN_POINT('',(-87.89048918573,-37.74505804352,1.5));
#1096 = CARTESIAN_POINT('',(-87.97578814748,-37.90037494566,1.5));
#1097 = CARTESIAN_POINT('',(-88.01468033873,-37.96505719874,1.5));
#1098 = CARTESIAN_POINT('',(-88.05615218055,-38.02826375006,1.5));
#1099 = CARTESIAN_POINT('',(-88.10012387752,-38.08984519013,1.5));
#1100 = CARTESIAN_POINT('',(-88.18015064712,-38.19305894536,1.5));
#1101 = CARTESIAN_POINT('',(-88.21506655624,-38.23552801379,1.5));
#1102 = CARTESIAN_POINT('',(-88.25121311285,-38.27701324038,1.5));
#1103 = CARTESIAN_POINT('',(-88.28855091634,-38.31746340404,1.5));
#1104 = CARTESIAN_POINT('',(-88.41930614511,-38.45121001876,1.5));
#1105 = CARTESIAN_POINT('',(-88.51817812331,-38.53936417189,1.5));
#1106 = CARTESIAN_POINT('',(-88.62305635501,-38.62061963648,1.5));
#1107 = CARTESIAN_POINT('',(-88.73325034952,-38.69441464794,1.5));
#1108 = CARTESIAN_POINT('',(-88.97964827918,-38.83591485936,1.5));
#1109 = CARTESIAN_POINT('',(-89.11729934265,-38.9011176869,1.5));
#1110 = CARTESIAN_POINT('',(-89.25975150705,-38.95523285817,1.5));
#1111 = CARTESIAN_POINT('',(-89.40573365102,-38.99781804063,1.5));
#1112 = CARTESIAN_POINT('',(-89.61670381134,-39.04175063665,1.5));
#1113 = CARTESIAN_POINT('',(-89.67990352804,-39.05272180818,1.5));
#1114 = CARTESIAN_POINT('',(-89.74339462993,-39.06157020064,1.5));
#1115 = CARTESIAN_POINT('',(-89.80707478123,-39.06828903358,1.5));
#1116 = CARTESIAN_POINT('',(-89.95728150989,-39.07910296255,1.5));
#1117 = CARTESIAN_POINT('',(-90.04388083798,-39.08141563365,1.5));
#1118 = CARTESIAN_POINT('',(-90.13038190959,-39.07982149905,1.5));
#1119 = CARTESIAN_POINT('',(-90.21653079202,-39.0743528436,1.5));
#1120 = CARTESIAN_POINT('',(-90.41987567633,-39.05228859232,1.5));
#1121 = CARTESIAN_POINT('',(-90.53653420293,-39.03227486254,1.5));
#1122 = CARTESIAN_POINT('',(-90.65139512476,-39.00518927994,1.5));
#1123 = CARTESIAN_POINT('',(-90.76383676196,-38.97129278049,1.5));
#1124 = CARTESIAN_POINT('',(-90.94985251127,-38.90272268635,1.5));
#1125 = CARTESIAN_POINT('',(-91.02495883285,-38.87133960687,1.5));
#1126 = CARTESIAN_POINT('',(-91.09840049332,-38.83692470561,1.5));
#1127 = CARTESIAN_POINT('',(-91.16999574029,-38.79962541841,1.5));
#1128 = CARTESIAN_POINT('',(-91.25687202129,-38.74966790625,1.5));
#1129 = CARTESIAN_POINT('',(-91.2741421279,-38.73949810476,1.5));
#1130 = CARTESIAN_POINT('',(-91.29141389817,-38.72908283562,1.5));
#1131 = CARTESIAN_POINT('',(-91.30868735677,-38.71841641145,1.5));
#1132 = CARTESIAN_POINT('',(-91.37915355514,-38.67385447804,1.5));
#1133 = CARTESIAN_POINT('',(-91.43145325432,-38.6383377711,1.5));
#1134 = CARTESIAN_POINT('',(-91.48272972624,-38.60099071025,1.5));
#1135 = CARTESIAN_POINT('',(-91.53288019351,-38.56185609183,1.5));
#1136 = CARTESIAN_POINT('',(-91.67139779427,-38.44614675681,1.5));
#1137 = CARTESIAN_POINT('',(-91.75688599231,-38.36548665883,1.5));
#1138 = CARTESIAN_POINT('',(-91.83766566011,-38.27932782033,1.5));
#1139 = CARTESIAN_POINT('',(-91.91320004499,-38.18808034026,1.5));
#1140 = CARTESIAN_POINT('',(-92.03372000191,-38.02264340779,1.5));
#1141 = CARTESIAN_POINT('',(-92.08140705439,-37.95062627168,1.5));
#1142 = CARTESIAN_POINT('',(-92.1259057503,-37.87637163951,1.5));
#1143 = CARTESIAN_POINT('',(-92.16706147951,-37.80008399668,1.5));
#1144 = CARTESIAN_POINT('',(-92.23113254663,-37.66728918272,1.5));
#1145 = CARTESIAN_POINT('',(-92.25581827659,-37.61170475509,1.5));
#1146 = CARTESIAN_POINT('',(-92.27875507489,-37.55530742482,1.5));
#1147 = CARTESIAN_POINT('',(-92.29990401348,-37.49817599623,1.5));
#1148 = CARTESIAN_POINT('',(-92.36827163757,-37.29378375878,1.5));
#1149 = CARTESIAN_POINT('',(-92.40559224531,-37.14296898412,1.5));
#1150 = CARTESIAN_POINT('',(-92.43065376145,-36.98929833407,1.5));
#1151 = CARTESIAN_POINT('',(-92.44318516636,-36.8341809746,1.5));
#1152 = CARTESIAN_POINT('',(-92.44318516636,-36.52395974167,1.5));
#1153 = CARTESIAN_POINT('',(-92.43065376145,-36.36884238221,1.5));
#1154 = CARTESIAN_POINT('',(-92.40559224531,-36.21517173215,1.5));
#1155 = CARTESIAN_POINT('',(-92.36827163757,-36.06435695749,1.5));
#1156 = CARTESIAN_POINT('',(-92.29990401348,-35.85996472005,1.5));
#1157 = CARTESIAN_POINT('',(-92.27875507489,-35.80283329146,1.5));
#1158 = CARTESIAN_POINT('',(-92.25581827659,-35.74643596118,1.5));
#1159 = CARTESIAN_POINT('',(-92.23113254663,-35.69085153356,1.5));
#1160 = CARTESIAN_POINT('',(-92.16706147951,-35.55805671959,1.5));
#1161 = CARTESIAN_POINT('',(-92.1259057503,-35.48176907676,1.5));
#1162 = CARTESIAN_POINT('',(-92.0814070544,-35.40751444459,1.5));
#1163 = CARTESIAN_POINT('',(-92.03372000191,-35.33549730848,1.5));
#1164 = CARTESIAN_POINT('',(-91.91320004499,-35.17006037601,1.5));
#1165 = CARTESIAN_POINT('',(-91.83766566011,-35.07881289594,1.5));
#1166 = CARTESIAN_POINT('',(-91.75688599231,-34.99265405745,1.5));
#1167 = CARTESIAN_POINT('',(-91.67139779427,-34.91199395947,1.5));
#1168 = CARTESIAN_POINT('',(-91.54889091497,-34.80965902541,1.5));
#1169 = CARTESIAN_POINT('',(-91.51542131984,-34.78294884637,1.5));
#1170 = CARTESIAN_POINT('',(-91.48142753129,-34.75703998978,1.5));
#1171 = CARTESIAN_POINT('',(-91.44694038357,-34.73194640935,1.5));
#1172 = CARTESIAN_POINT('',(-91.39483332383,-34.69576648431,1.5));
#1173 = CARTESIAN_POINT('',(-91.37764298306,-34.68410724933,1.5));
#1174 = CARTESIAN_POINT('',(-91.36042657447,-34.67270028433,1.5));
#1175 = CARTESIAN_POINT('',(-91.3431897664,-34.66154319269,1.5));
#1176 = CARTESIAN_POINT('',(-91.30868735677,-34.63972430482,1.5));
#1177 = CARTESIAN_POINT('',(-91.29141389818,-34.62905788065,1.5));
#1178 = CARTESIAN_POINT('',(-91.2741421279,-34.61864261151,1.5));
#1179 = CARTESIAN_POINT('',(-91.25687202129,-34.60847281002,1.5));
#1180 = CARTESIAN_POINT('',(-91.16999574029,-34.55851529786,1.5));
#1181 = CARTESIAN_POINT('',(-91.09840049332,-34.52121601067,1.5));
#1182 = CARTESIAN_POINT('',(-91.02495883285,-34.48680110941,1.5));
#1183 = CARTESIAN_POINT('',(-90.94985251127,-34.45541802993,1.5));
#1184 = CARTESIAN_POINT('',(-90.76383676196,-34.38684793578,1.5));
#1185 = CARTESIAN_POINT('',(-90.65139512476,-34.35295143633,1.5));
#1186 = CARTESIAN_POINT('',(-90.53653420293,-34.32586585373,1.5));
#1187 = CARTESIAN_POINT('',(-90.41987567633,-34.30585212395,1.5));
#1188 = CARTESIAN_POINT('',(-90.21653079202,-34.28378787267,1.5));
#1189 = CARTESIAN_POINT('',(-90.13038190959,-34.27831921723,1.5));
#1190 = CARTESIAN_POINT('',(-90.04388083798,-34.27672508262,1.5));
#1191 = CARTESIAN_POINT('',(-89.95728150989,-34.27903775372,1.5));
#1192 = CARTESIAN_POINT('',(-89.80707478123,-34.28985168269,1.5));
#1193 = CARTESIAN_POINT('',(-89.74339462993,-34.29657051563,1.5));
#1194 = CARTESIAN_POINT('',(-89.67990352804,-34.30541890809,1.5));
#1195 = CARTESIAN_POINT('',(-89.61670381134,-34.31639007962,1.5));
#1196 = CARTESIAN_POINT('',(-89.40573365102,-34.36032267564,1.5));
#1197 = CARTESIAN_POINT('',(-89.25975150705,-34.4029078581,1.5));
#1198 = CARTESIAN_POINT('',(-89.11729934265,-34.45702302937,1.5));
#1199 = CARTESIAN_POINT('',(-88.97964827918,-34.52222585692,1.5));
#1200 = CARTESIAN_POINT('',(-88.73325034953,-34.66372606833,1.5));
#1201 = CARTESIAN_POINT('',(-88.62305635501,-34.73752107979,1.5));
#1202 = CARTESIAN_POINT('',(-88.51817812331,-34.81877654438,1.5));
#1203 = CARTESIAN_POINT('',(-88.41930614511,-34.90693069751,1.5));
#1204 = CARTESIAN_POINT('',(-88.28855091634,-35.04067731223,1.5));
#1205 = CARTESIAN_POINT('',(-88.25121311285,-35.08112747589,1.5));
#1206 = CARTESIAN_POINT('',(-88.21506655625,-35.12261270248,1.5));
#1207 = CARTESIAN_POINT('',(-88.18015064712,-35.16508177092,1.5));
#1208 = CARTESIAN_POINT('',(-88.10012387752,-35.26829552614,1.5));
#1209 = CARTESIAN_POINT('',(-88.05615218055,-35.32987696621,1.5));
#1210 = CARTESIAN_POINT('',(-88.01468033873,-35.39308351753,1.5));
#1211 = CARTESIAN_POINT('',(-87.97578814749,-35.45776577061,1.5));
#1212 = CARTESIAN_POINT('',(-87.89048918573,-35.61308267275,1.5));
#1213 = CARTESIAN_POINT('',(-87.84628057049,-35.70481463978,1.5));
#1214 = CARTESIAN_POINT('',(-87.80707809787,-35.7985710824,1.5));
#1215 = CARTESIAN_POINT('',(-87.77298980873,-35.89394475132,1.5));
#1216 = CARTESIAN_POINT('',(-87.70353252547,-36.12586425289,1.5));
#1217 = CARTESIAN_POINT('',(-87.67314576772,-36.26356874994,1.5));
#1218 = CARTESIAN_POINT('',(-87.65305510706,-36.4024536791,1.5));
#1219 = CARTESIAN_POINT('',(-87.64317500635,-36.54134178838,1.5));
#1220 = CARTESIAN_POINT('',(-87.64317500635,-36.67907035814,1.5));
#1221 = ORIENTED_EDGE('',*,*,#1222,.T.);
#1222 = EDGE_CURVE('',#1084,#1223,#1225,.T.);
#1223 = VERTEX_POINT('',#1224);
#1224 = CARTESIAN_POINT('',(-87.64317500635,-35.17907035814,
    1.50000508001));
#1225 = ( BOUNDED_CURVE() B_SPLINE_CURVE(2,(#1226,#1227,#1228,#1229,
#1230,#1231,#1232),.UNSPECIFIED.,.T.,.F.) B_SPLINE_CURVE_WITH_KNOTS((1,2
    ,2,2,2,1),(-2.094395102394,0.,2.094395102393,4.188790204786,
6.28318530718,8.377580409573),.UNSPECIFIED.) CURVE() 
GEOMETRIC_REPRESENTATION_ITEM() RATIONAL_B_SPLINE_CURVE((1.,0.5,1.,0.5,
1.,0.5,1.)) REPRESENTATION_ITEM('') );
#1226 = CARTESIAN_POINT('',(-87.64317500635,-35.17907035814,
    1.50000508001));
#1227 = CARTESIAN_POINT('',(-87.64317500635,-31.02213962114,
    1.50000508001));
#1228 = CARTESIAN_POINT('',(-91.24318262636,-33.10060498964,
    1.50000508001));
#1229 = CARTESIAN_POINT('',(-94.84319024638,-35.17907035814,
    1.50000508001));
#1230 = CARTESIAN_POINT('',(-91.24318262636,-37.25753572664,
    1.50000508001));
#1231 = CARTESIAN_POINT('',(-87.64317500635,-39.33600109514,
    1.50000508001));
#1232 = CARTESIAN_POINT('',(-87.64317500635,-35.17907035814,
    1.50000508001));
#1233 = ORIENTED_EDGE('',*,*,#1234,.T.);
#1234 = EDGE_CURVE('',#1223,#191,#1235,.T.);
#1235 = ( BOUNDED_CURVE() B_SPLINE_CURVE(2,(#1236,#1237,#1238,#1239,
#1240,#1241,#1242),.UNSPECIFIED.,.T.,.F.) B_SPLINE_CURVE_WITH_KNOTS((1,2
    ,2,2,2,1),(-2.094395102394,0.,2.094395102393,4.188790204786,
6.28318530718,8.377580409573),.UNSPECIFIED.) CURVE() 
GEOMETRIC_REPRESENTATION_ITEM() RATIONAL_B_SPLINE_CURVE((1.,0.5,1.,0.5,
1.,0.5,1.)) REPRESENTATION_ITEM('') );
#1236 = CARTESIAN_POINT('',(-87.64317500635,-35.17907035814,
    1.50000508001));
#1237 = CARTESIAN_POINT('',(-87.64317500635,-31.02213962114,
    1.50000508001));
#1238 = CARTESIAN_POINT('',(-91.24318262636,-33.10060498964,
    1.50000508001));
#1239 = CARTESIAN_POINT('',(-94.84319024638,-35.17907035814,
    1.50000508001));
#1240 = CARTESIAN_POINT('',(-91.24318262636,-37.25753572664,
    1.50000508001));
#1241 = CARTESIAN_POINT('',(-87.64317500635,-39.33600109514,
    1.50000508001));
#1242 = CARTESIAN_POINT('',(-87.64317500635,-35.17907035814,
    1.50000508001));
#1243 = B_SPLINE_SURFACE_WITH_KNOTS('',1,1,(
    (#1244,#1245)
    ,(#1246,#1247
  )),.UNSPECIFIED.,.F.,.F.,.F.,(2,2),(2,2),(-187.5,187.5),(-167.5,
    165.47245),.PIECEWISE_BEZIER_KNOTS.);
#1244 = CARTESIAN_POINT('',(-85.40767081534,-39.43357886715,
    1.50000508001));
#1245 = CARTESIAN_POINT('',(-85.40767081534,-30.97606172212,
    1.50000508001));
#1246 = CARTESIAN_POINT('',(-94.93268986538,-39.43357886715,
    1.50000508001));
#1247 = CARTESIAN_POINT('',(-94.93268986538,-30.97606172212,
    1.50000508001));
#1248 = ADVANCED_FACE('',(#1249),#1802,.T.);
#1249 = FACE_BOUND('',#1250,.T.);
#1250 = EDGE_LOOP('',(#1251,#1388,#1525,#1664,#1801));
#1251 = ORIENTED_EDGE('',*,*,#1252,.F.);
#1252 = EDGE_CURVE('',#933,#198,#1253,.T.);
#1253 = B_SPLINE_CURVE_WITH_KNOTS('',5,(#1254,#1255,#1256,#1257,#1258,
    #1259,#1260,#1261,#1262,#1263,#1264,#1265,#1266,#1267,#1268,#1269,
    #1270,#1271,#1272,#1273,#1274,#1275,#1276,#1277,#1278,#1279,#1280,
    #1281,#1282,#1283,#1284,#1285,#1286,#1287,#1288,#1289,#1290,#1291,
    #1292,#1293,#1294,#1295,#1296,#1297,#1298,#1299,#1300,#1301,#1302,
    #1303,#1304,#1305,#1306,#1307,#1308,#1309,#1310,#1311,#1312,#1313,
    #1314,#1315,#1316,#1317,#1318,#1319,#1320,#1321,#1322,#1323,#1324,
    #1325,#1326,#1327,#1328,#1329,#1330,#1331,#1332,#1333,#1334,#1335,
    #1336,#1337,#1338,#1339,#1340,#1341,#1342,#1343,#1344,#1345,#1346,
    #1347,#1348,#1349,#1350,#1351,#1352,#1353,#1354,#1355,#1356,#1357,
    #1358,#1359,#1360,#1361,#1362,#1363,#1364,#1365,#1366,#1367,#1368,
    #1369,#1370,#1371,#1372,#1373,#1374,#1375,#1376,#1377,#1378,#1379,
    #1380,#1381,#1382,#1383,#1384,#1385,#1386,#1387),.UNSPECIFIED.,.T.,
  .F.,(1,5,4,4,4,4,4,4,4,4,4,4,4,4,4,4,4,4,4,4,4,4,4,4,4,4,4,4,4,4,4,4,4
    ,4,5,1),(-4.804752E-02,0.,4.715870798066E-02,8.080439198896E-02,
    0.105667032318,0.123706256764,0.166954630089,0.216587564541,
    0.237626991583,0.266147690297,0.305421423565,0.332899806481,
    0.339728799834,0.360795194315,0.399370915715,0.427380462259,
    0.446996562307,0.496766345683,0.546536129058,0.566152229107,
    0.59416177565,0.632737497051,0.646910086703,0.65386824611,
    0.660825947217,0.68882222212,0.728836157307,0.757894392796,
    0.779330355206,0.829898734046,0.87396222033,0.892341434572,
    0.917672667331,0.95195248,1.,1.047158707981),.UNSPECIFIED.);
#1254 = CARTESIAN_POINT('',(-87.64317500635,-35.17907035814,1.5));
#1255 = CARTESIAN_POINT('',(-87.64317500635,-35.31679892789,1.5));
#1256 = CARTESIAN_POINT('',(-87.65305510706,-35.45568703717,1.5));
#1257 = CARTESIAN_POINT('',(-87.67314576772,-35.59457196633,1.5));
#1258 = CARTESIAN_POINT('',(-87.70353252547,-35.73227646338,1.5));
#1259 = CARTESIAN_POINT('',(-87.77298980873,-35.96419596495,1.5));
#1260 = CARTESIAN_POINT('',(-87.80707809787,-36.05956963387,1.5));
#1261 = CARTESIAN_POINT('',(-87.84628057049,-36.15332607649,1.5));
#1262 = CARTESIAN_POINT('',(-87.89048918573,-36.24505804352,1.5));
#1263 = CARTESIAN_POINT('',(-87.97578814748,-36.40037494566,1.5));
#1264 = CARTESIAN_POINT('',(-88.01468033873,-36.46505719874,1.5));
#1265 = CARTESIAN_POINT('',(-88.05615218055,-36.52826375006,1.5));
#1266 = CARTESIAN_POINT('',(-88.10012387752,-36.58984519013,1.5));
#1267 = CARTESIAN_POINT('',(-88.18015064712,-36.69305894536,1.5));
#1268 = CARTESIAN_POINT('',(-88.21506655624,-36.73552801379,1.5));
#1269 = CARTESIAN_POINT('',(-88.25121311285,-36.77701324038,1.5));
#1270 = CARTESIAN_POINT('',(-88.28855091634,-36.81746340404,1.5));
#1271 = CARTESIAN_POINT('',(-88.41930614511,-36.95121001876,1.5));
#1272 = CARTESIAN_POINT('',(-88.51817812331,-37.03936417189,1.5));
#1273 = CARTESIAN_POINT('',(-88.62305635501,-37.12061963648,1.5));
#1274 = CARTESIAN_POINT('',(-88.73325034952,-37.19441464794,1.5));
#1275 = CARTESIAN_POINT('',(-88.97964827918,-37.33591485936,1.5));
#1276 = CARTESIAN_POINT('',(-89.11729934265,-37.4011176869,1.5));
#1277 = CARTESIAN_POINT('',(-89.25975150705,-37.45523285817,1.5));
#1278 = CARTESIAN_POINT('',(-89.40573365102,-37.49781804063,1.5));
#1279 = CARTESIAN_POINT('',(-89.61670381134,-37.54175063665,1.5));
#1280 = CARTESIAN_POINT('',(-89.67990352804,-37.55272180818,1.5));
#1281 = CARTESIAN_POINT('',(-89.74339462993,-37.56157020064,1.5));
#1282 = CARTESIAN_POINT('',(-89.80707478123,-37.56828903358,1.5));
#1283 = CARTESIAN_POINT('',(-89.95728150989,-37.57910296255,1.5));
#1284 = CARTESIAN_POINT('',(-90.04388083798,-37.58141563365,1.5));
#1285 = CARTESIAN_POINT('',(-90.13038190959,-37.57982149905,1.5));
#1286 = CARTESIAN_POINT('',(-90.21653079202,-37.5743528436,1.5));
#1287 = CARTESIAN_POINT('',(-90.41987567633,-37.55228859232,1.5));
#1288 = CARTESIAN_POINT('',(-90.53653420293,-37.53227486254,1.5));
#1289 = CARTESIAN_POINT('',(-90.65139512476,-37.50518927994,1.5));
#1290 = CARTESIAN_POINT('',(-90.76383676196,-37.47129278049,1.5));
#1291 = CARTESIAN_POINT('',(-90.94985251127,-37.40272268635,1.5));
#1292 = CARTESIAN_POINT('',(-91.02495883285,-37.37133960687,1.5));
#1293 = CARTESIAN_POINT('',(-91.09840049332,-37.33692470561,1.5));
#1294 = CARTESIAN_POINT('',(-91.16999574029,-37.29962541841,1.5));
#1295 = CARTESIAN_POINT('',(-91.25687202129,-37.24966790625,1.5));
#1296 = CARTESIAN_POINT('',(-91.2741421279,-37.23949810476,1.5));
#1297 = CARTESIAN_POINT('',(-91.29141389817,-37.22908283562,1.5));
#1298 = CARTESIAN_POINT('',(-91.30868735677,-37.21841641145,1.5));
#1299 = CARTESIAN_POINT('',(-91.37915355514,-37.17385447804,1.5));
#1300 = CARTESIAN_POINT('',(-91.43145325432,-37.1383377711,1.5));
#1301 = CARTESIAN_POINT('',(-91.48272972624,-37.10099071025,1.5));
#1302 = CARTESIAN_POINT('',(-91.53288019351,-37.06185609183,1.5));
#1303 = CARTESIAN_POINT('',(-91.67139779427,-36.94614675681,1.5));
#1304 = CARTESIAN_POINT('',(-91.75688599231,-36.86548665883,1.5));
#1305 = CARTESIAN_POINT('',(-91.83766566011,-36.77932782033,1.5));
#1306 = CARTESIAN_POINT('',(-91.91320004499,-36.68808034026,1.5));
#1307 = CARTESIAN_POINT('',(-92.03372000191,-36.52264340779,1.5));
#1308 = CARTESIAN_POINT('',(-92.08140705439,-36.45062627168,1.5));
#1309 = CARTESIAN_POINT('',(-92.1259057503,-36.37637163951,1.5));
#1310 = CARTESIAN_POINT('',(-92.16706147951,-36.30008399668,1.5));
#1311 = CARTESIAN_POINT('',(-92.23113254663,-36.16728918272,1.5));
#1312 = CARTESIAN_POINT('',(-92.25581827659,-36.11170475509,1.5));
#1313 = CARTESIAN_POINT('',(-92.27875507489,-36.05530742482,1.5));
#1314 = CARTESIAN_POINT('',(-92.29990401348,-35.99817599623,1.5));
#1315 = CARTESIAN_POINT('',(-92.36827163757,-35.79378375878,1.5));
#1316 = CARTESIAN_POINT('',(-92.40559224531,-35.64296898412,1.5));
#1317 = CARTESIAN_POINT('',(-92.43065376145,-35.48929833407,1.5));
#1318 = CARTESIAN_POINT('',(-92.44318516636,-35.3341809746,1.5));
#1319 = CARTESIAN_POINT('',(-92.44318516636,-35.02395974167,1.5));
#1320 = CARTESIAN_POINT('',(-92.43065376145,-34.86884238221,1.5));
#1321 = CARTESIAN_POINT('',(-92.40559224531,-34.71517173215,1.5));
#1322 = CARTESIAN_POINT('',(-92.36827163757,-34.56435695749,1.5));
#1323 = CARTESIAN_POINT('',(-92.29990401348,-34.35996472005,1.5));
#1324 = CARTESIAN_POINT('',(-92.27875507489,-34.30283329146,1.5));
#1325 = CARTESIAN_POINT('',(-92.25581827659,-34.24643596118,1.5));
#1326 = CARTESIAN_POINT('',(-92.23113254663,-34.19085153356,1.5));
#1327 = CARTESIAN_POINT('',(-92.16706147951,-34.05805671959,1.5));
#1328 = CARTESIAN_POINT('',(-92.1259057503,-33.98176907676,1.5));
#1329 = CARTESIAN_POINT('',(-92.0814070544,-33.90751444459,1.5));
#1330 = CARTESIAN_POINT('',(-92.03372000191,-33.83549730848,1.5));
#1331 = CARTESIAN_POINT('',(-91.91320004499,-33.67006037601,1.5));
#1332 = CARTESIAN_POINT('',(-91.83766566011,-33.57881289594,1.5));
#1333 = CARTESIAN_POINT('',(-91.75688599231,-33.49265405745,1.5));
#1334 = CARTESIAN_POINT('',(-91.67139779427,-33.41199395947,1.5));
#1335 = CARTESIAN_POINT('',(-91.54889091497,-33.30965902541,1.5));
#1336 = CARTESIAN_POINT('',(-91.51542131984,-33.28294884637,1.5));
#1337 = CARTESIAN_POINT('',(-91.48142753129,-33.25703998978,1.5));
#1338 = CARTESIAN_POINT('',(-91.44694038357,-33.23194640935,1.5));
#1339 = CARTESIAN_POINT('',(-91.39483332383,-33.19576648431,1.5));
#1340 = CARTESIAN_POINT('',(-91.37764298306,-33.18410724933,1.5));
#1341 = CARTESIAN_POINT('',(-91.36042657447,-33.17270028433,1.5));
#1342 = CARTESIAN_POINT('',(-91.3431897664,-33.16154319269,1.5));
#1343 = CARTESIAN_POINT('',(-91.30868735677,-33.13972430482,1.5));
#1344 = CARTESIAN_POINT('',(-91.29141389818,-33.12905788065,1.5));
#1345 = CARTESIAN_POINT('',(-91.2741421279,-33.11864261151,1.5));
#1346 = CARTESIAN_POINT('',(-91.25687202129,-33.10847281002,1.5));
#1347 = CARTESIAN_POINT('',(-91.16999574029,-33.05851529786,1.5));
#1348 = CARTESIAN_POINT('',(-91.09840049332,-33.02121601067,1.5));
#1349 = CARTESIAN_POINT('',(-91.02495883285,-32.98680110941,1.5));
#1350 = CARTESIAN_POINT('',(-90.94985251127,-32.95541802993,1.5));
#1351 = CARTESIAN_POINT('',(-90.76383676196,-32.88684793578,1.5));
#1352 = CARTESIAN_POINT('',(-90.65139512476,-32.85295143633,1.5));
#1353 = CARTESIAN_POINT('',(-90.53653420293,-32.82586585373,1.5));
#1354 = CARTESIAN_POINT('',(-90.41987567633,-32.80585212395,1.5));
#1355 = CARTESIAN_POINT('',(-90.21653079202,-32.78378787267,1.5));
#1356 = CARTESIAN_POINT('',(-90.13038190959,-32.77831921723,1.5));
#1357 = CARTESIAN_POINT('',(-90.04388083798,-32.77672508262,1.5));
#1358 = CARTESIAN_POINT('',(-89.95728150989,-32.77903775372,1.5));
#1359 = CARTESIAN_POINT('',(-89.80707478123,-32.78985168269,1.5));
#1360 = CARTESIAN_POINT('',(-89.74339462993,-32.79657051563,1.5));
#1361 = CARTESIAN_POINT('',(-89.67990352804,-32.80541890809,1.5));
#1362 = CARTESIAN_POINT('',(-89.61670381134,-32.81639007962,1.5));
#1363 = CARTESIAN_POINT('',(-89.40573365102,-32.86032267564,1.5));
#1364 = CARTESIAN_POINT('',(-89.25975150705,-32.9029078581,1.5));
#1365 = CARTESIAN_POINT('',(-89.11729934265,-32.95702302937,1.5));
#1366 = CARTESIAN_POINT('',(-88.97964827918,-33.02222585692,1.5));
#1367 = CARTESIAN_POINT('',(-88.73325034953,-33.16372606833,1.5));
#1368 = CARTESIAN_POINT('',(-88.62305635501,-33.23752107979,1.5));
#1369 = CARTESIAN_POINT('',(-88.51817812331,-33.31877654438,1.5));
#1370 = CARTESIAN_POINT('',(-88.41930614511,-33.40693069751,1.5));
#1371 = CARTESIAN_POINT('',(-88.28855091634,-33.54067731223,1.5));
#1372 = CARTESIAN_POINT('',(-88.25121311285,-33.58112747589,1.5));
#1373 = CARTESIAN_POINT('',(-88.21506655625,-33.62261270248,1.5));
#1374 = CARTESIAN_POINT('',(-88.18015064712,-33.66508177092,1.5));
#1375 = CARTESIAN_POINT('',(-88.10012387752,-33.76829552614,1.5));
#1376 = CARTESIAN_POINT('',(-88.05615218055,-33.82987696621,1.5));
#1377 = CARTESIAN_POINT('',(-88.01468033873,-33.89308351753,1.5));
#1378 = CARTESIAN_POINT('',(-87.97578814749,-33.95776577061,1.5));
#1379 = CARTESIAN_POINT('',(-87.89048918573,-34.11308267275,1.5));
#1380 = CARTESIAN_POINT('',(-87.84628057049,-34.20481463978,1.5));
#1381 = CARTESIAN_POINT('',(-87.80707809787,-34.2985710824,1.5));
#1382 = CARTESIAN_POINT('',(-87.77298980873,-34.39394475132,1.5));
#1383 = CARTESIAN_POINT('',(-87.70353252547,-34.62586425289,1.5));
#1384 = CARTESIAN_POINT('',(-87.67314576772,-34.76356874994,1.5));
#1385 = CARTESIAN_POINT('',(-87.65305510706,-34.9024536791,1.5));
#1386 = CARTESIAN_POINT('',(-87.64317500635,-35.04134178838,1.5));
#1387 = CARTESIAN_POINT('',(-87.64317500635,-35.17907035814,1.5));
#1388 = ORIENTED_EDGE('',*,*,#1389,.T.);
#1389 = EDGE_CURVE('',#933,#1084,#1390,.T.);
#1390 = B_SPLINE_CURVE_WITH_KNOTS('',5,(#1391,#1392,#1393,#1394,#1395,
    #1396,#1397,#1398,#1399,#1400,#1401,#1402,#1403,#1404,#1405,#1406,
    #1407,#1408,#1409,#1410,#1411,#1412,#1413,#1414,#1415,#1416,#1417,
    #1418,#1419,#1420,#1421,#1422,#1423,#1424,#1425,#1426,#1427,#1428,
    #1429,#1430,#1431,#1432,#1433,#1434,#1435,#1436,#1437,#1438,#1439,
    #1440,#1441,#1442,#1443,#1444,#1445,#1446,#1447,#1448,#1449,#1450,
    #1451,#1452,#1453,#1454,#1455,#1456,#1457,#1458,#1459,#1460,#1461,
    #1462,#1463,#1464,#1465,#1466,#1467,#1468,#1469,#1470,#1471,#1472,
    #1473,#1474,#1475,#1476,#1477,#1478,#1479,#1480,#1481,#1482,#1483,
    #1484,#1485,#1486,#1487,#1488,#1489,#1490,#1491,#1492,#1493,#1494,
    #1495,#1496,#1497,#1498,#1499,#1500,#1501,#1502,#1503,#1504,#1505,
    #1506,#1507,#1508,#1509,#1510,#1511,#1512,#1513,#1514,#1515,#1516,
    #1517,#1518,#1519,#1520,#1521,#1522,#1523,#1524),.UNSPECIFIED.,.T.,
  .F.,(1,5,4,4,4,4,4,4,4,4,4,4,4,4,4,4,4,4,4,4,4,4,4,4,4,4,4,4,4,4,4,4,4
    ,4,5,1),(-4.804752E-02,0.,4.715870798066E-02,8.080439198896E-02,
    0.105667032318,0.123706256764,0.166954630089,0.216587564541,
    0.237626991583,0.266147690297,0.305421423565,0.332899806481,
    0.339728799834,0.360795194315,0.399370915715,0.427380462259,
    0.446996562307,0.496766345683,0.546536129058,0.566152229107,
    0.59416177565,0.632737497051,0.646910086703,0.65386824611,
    0.660825947217,0.68882222212,0.728836157307,0.757894392796,
    0.779330355206,0.829898734046,0.87396222033,0.892341434572,
    0.917672667331,0.95195248,1.,1.047158707981),.UNSPECIFIED.);
#1391 = CARTESIAN_POINT('',(-87.64317500635,-36.67907035814,1.5));
#1392 = CARTESIAN_POINT('',(-87.64317500635,-36.81679892789,1.5));
#1393 = CARTESIAN_POINT('',(-87.65305510706,-36.95568703717,1.5));
#1394 = CARTESIAN_POINT('',(-87.67314576772,-37.09457196633,1.5));
#1395 = CARTESIAN_POINT('',(-87.70353252547,-37.23227646338,1.5));
#1396 = CARTESIAN_POINT('',(-87.77298980873,-37.46419596495,1.5));
#1397 = CARTESIAN_POINT('',(-87.80707809787,-37.55956963387,1.5));
#1398 = CARTESIAN_POINT('',(-87.84628057049,-37.65332607649,1.5));
#1399 = CARTESIAN_POINT('',(-87.89048918573,-37.74505804352,1.5));
#1400 = CARTESIAN_POINT('',(-87.97578814748,-37.90037494566,1.5));
#1401 = CARTESIAN_POINT('',(-88.01468033873,-37.96505719874,1.5));
#1402 = CARTESIAN_POINT('',(-88.05615218055,-38.02826375006,1.5));
#1403 = CARTESIAN_POINT('',(-88.10012387752,-38.08984519013,1.5));
#1404 = CARTESIAN_POINT('',(-88.18015064712,-38.19305894536,1.5));
#1405 = CARTESIAN_POINT('',(-88.21506655624,-38.23552801379,1.5));
#1406 = CARTESIAN_POINT('',(-88.25121311285,-38.27701324038,1.5));
#1407 = CARTESIAN_POINT('',(-88.28855091634,-38.31746340404,1.5));
#1408 = CARTESIAN_POINT('',(-88.41930614511,-38.45121001876,1.5));
#1409 = CARTESIAN_POINT('',(-88.51817812331,-38.53936417189,1.5));
#1410 = CARTESIAN_POINT('',(-88.62305635501,-38.62061963648,1.5));
#1411 = CARTESIAN_POINT('',(-88.73325034952,-38.69441464794,1.5));
#1412 = CARTESIAN_POINT('',(-88.97964827918,-38.83591485936,1.5));
#1413 = CARTESIAN_POINT('',(-89.11729934265,-38.9011176869,1.5));
#1414 = CARTESIAN_POINT('',(-89.25975150705,-38.95523285817,1.5));
#1415 = CARTESIAN_POINT('',(-89.40573365102,-38.99781804063,1.5));
#1416 = CARTESIAN_POINT('',(-89.61670381134,-39.04175063665,1.5));
#1417 = CARTESIAN_POINT('',(-89.67990352804,-39.05272180818,1.5));
#1418 = CARTESIAN_POINT('',(-89.74339462993,-39.06157020064,1.5));
#1419 = CARTESIAN_POINT('',(-89.80707478123,-39.06828903358,1.5));
#1420 = CARTESIAN_POINT('',(-89.95728150989,-39.07910296255,1.5));
#1421 = CARTESIAN_POINT('',(-90.04388083798,-39.08141563365,1.5));
#1422 = CARTESIAN_POINT('',(-90.13038190959,-39.07982149905,1.5));
#1423 = CARTESIAN_POINT('',(-90.21653079202,-39.0743528436,1.5));
#1424 = CARTESIAN_POINT('',(-90.41987567633,-39.05228859232,1.5));
#1425 = CARTESIAN_POINT('',(-90.53653420293,-39.03227486254,1.5));
#1426 = CARTESIAN_POINT('',(-90.65139512476,-39.00518927994,1.5));
#1427 = CARTESIAN_POINT('',(-90.76383676196,-38.97129278049,1.5));
#1428 = CARTESIAN_POINT('',(-90.94985251127,-38.90272268635,1.5));
#1429 = CARTESIAN_POINT('',(-91.02495883285,-38.87133960687,1.5));
#1430 = CARTESIAN_POINT('',(-91.09840049332,-38.83692470561,1.5));
#1431 = CARTESIAN_POINT('',(-91.16999574029,-38.79962541841,1.5));
#1432 = CARTESIAN_POINT('',(-91.25687202129,-38.74966790625,1.5));
#1433 = CARTESIAN_POINT('',(-91.2741421279,-38.73949810476,1.5));
#1434 = CARTESIAN_POINT('',(-91.29141389817,-38.72908283562,1.5));
#1435 = CARTESIAN_POINT('',(-91.30868735677,-38.71841641145,1.5));
#1436 = CARTESIAN_POINT('',(-91.37915355514,-38.67385447804,1.5));
#1437 = CARTESIAN_POINT('',(-91.43145325432,-38.6383377711,1.5));
#1438 = CARTESIAN_POINT('',(-91.48272972624,-38.60099071025,1.5));
#1439 = CARTESIAN_POINT('',(-91.53288019351,-38.56185609183,1.5));
#1440 = CARTESIAN_POINT('',(-91.67139779427,-38.44614675681,1.5));
#1441 = CARTESIAN_POINT('',(-91.75688599231,-38.36548665883,1.5));
#1442 = CARTESIAN_POINT('',(-91.83766566011,-38.27932782033,1.5));
#1443 = CARTESIAN_POINT('',(-91.91320004499,-38.18808034026,1.5));
#1444 = CARTESIAN_POINT('',(-92.03372000191,-38.02264340779,1.5));
#1445 = CARTESIAN_POINT('',(-92.08140705439,-37.95062627168,1.5));
#1446 = CARTESIAN_POINT('',(-92.1259057503,-37.87637163951,1.5));
#1447 = CARTESIAN_POINT('',(-92.16706147951,-37.80008399668,1.5));
#1448 = CARTESIAN_POINT('',(-92.23113254663,-37.66728918272,1.5));
#1449 = CARTESIAN_POINT('',(-92.25581827659,-37.61170475509,1.5));
#1450 = CARTESIAN_POINT('',(-92.27875507489,-37.55530742482,1.5));
#1451 = CARTESIAN_POINT('',(-92.29990401348,-37.49817599623,1.5));
#1452 = CARTESIAN_POINT('',(-92.36827163757,-37.29378375878,1.5));
#1453 = CARTESIAN_POINT('',(-92.40559224531,-37.14296898412,1.5));
#1454 = CARTESIAN_POINT('',(-92.43065376145,-36.98929833407,1.5));
#1455 = CARTESIAN_POINT('',(-92.44318516636,-36.8341809746,1.5));
#1456 = CARTESIAN_POINT('',(-92.44318516636,-36.52395974167,1.5));
#1457 = CARTESIAN_POINT('',(-92.43065376145,-36.36884238221,1.5));
#1458 = CARTESIAN_POINT('',(-92.40559224531,-36.21517173215,1.5));
#1459 = CARTESIAN_POINT('',(-92.36827163757,-36.06435695749,1.5));
#1460 = CARTESIAN_POINT('',(-92.29990401348,-35.85996472005,1.5));
#1461 = CARTESIAN_POINT('',(-92.27875507489,-35.80283329146,1.5));
#1462 = CARTESIAN_POINT('',(-92.25581827659,-35.74643596118,1.5));
#1463 = CARTESIAN_POINT('',(-92.23113254663,-35.69085153356,1.5));
#1464 = CARTESIAN_POINT('',(-92.16706147951,-35.55805671959,1.5));
#1465 = CARTESIAN_POINT('',(-92.1259057503,-35.48176907676,1.5));
#1466 = CARTESIAN_POINT('',(-92.0814070544,-35.40751444459,1.5));
#1467 = CARTESIAN_POINT('',(-92.03372000191,-35.33549730848,1.5));
#1468 = CARTESIAN_POINT('',(-91.91320004499,-35.17006037601,1.5));
#1469 = CARTESIAN_POINT('',(-91.83766566011,-35.07881289594,1.5));
#1470 = CARTESIAN_POINT('',(-91.75688599231,-34.99265405745,1.5));
#1471 = CARTESIAN_POINT('',(-91.67139779427,-34.91199395947,1.5));
#1472 = CARTESIAN_POINT('',(-91.54889091497,-34.80965902541,1.5));
#1473 = CARTESIAN_POINT('',(-91.51542131984,-34.78294884637,1.5));
#1474 = CARTESIAN_POINT('',(-91.48142753129,-34.75703998978,1.5));
#1475 = CARTESIAN_POINT('',(-91.44694038357,-34.73194640935,1.5));
#1476 = CARTESIAN_POINT('',(-91.39483332383,-34.69576648431,1.5));
#1477 = CARTESIAN_POINT('',(-91.37764298306,-34.68410724933,1.5));
#1478 = CARTESIAN_POINT('',(-91.36042657447,-34.67270028433,1.5));
#1479 = CARTESIAN_POINT('',(-91.3431897664,-34.66154319269,1.5));
#1480 = CARTESIAN_POINT('',(-91.30868735677,-34.63972430482,1.5));
#1481 = CARTESIAN_POINT('',(-91.29141389818,-34.62905788065,1.5));
#1482 = CARTESIAN_POINT('',(-91.2741421279,-34.61864261151,1.5));
#1483 = CARTESIAN_POINT('',(-91.25687202129,-34.60847281002,1.5));
#1484 = CARTESIAN_POINT('',(-91.16999574029,-34.55851529786,1.5));
#1485 = CARTESIAN_POINT('',(-91.09840049332,-34.52121601067,1.5));
#1486 = CARTESIAN_POINT('',(-91.02495883285,-34.48680110941,1.5));
#1487 = CARTESIAN_POINT('',(-90.94985251127,-34.45541802993,1.5));
#1488 = CARTESIAN_POINT('',(-90.76383676196,-34.38684793578,1.5));
#1489 = CARTESIAN_POINT('',(-90.65139512476,-34.35295143633,1.5));
#1490 = CARTESIAN_POINT('',(-90.53653420293,-34.32586585373,1.5));
#1491 = CARTESIAN_POINT('',(-90.41987567633,-34.30585212395,1.5));
#1492 = CARTESIAN_POINT('',(-90.21653079202,-34.28378787267,1.5));
#1493 = CARTESIAN_POINT('',(-90.13038190959,-34.27831921723,1.5));
#1494 = CARTESIAN_POINT('',(-90.04388083798,-34.27672508262,1.5));
#1495 = CARTESIAN_POINT('',(-89.95728150989,-34.27903775372,1.5));
#1496 = CARTESIAN_POINT('',(-89.80707478123,-34.28985168269,1.5));
#1497 = CARTESIAN_POINT('',(-89.74339462993,-34.29657051563,1.5));
#1498 = CARTESIAN_POINT('',(-89.67990352804,-34.30541890809,1.5));
#1499 = CARTESIAN_POINT('',(-89.61670381134,-34.31639007962,1.5));
#1500 = CARTESIAN_POINT('',(-89.40573365102,-34.36032267564,1.5));
#1501 = CARTESIAN_POINT('',(-89.25975150705,-34.4029078581,1.5));
#1502 = CARTESIAN_POINT('',(-89.11729934265,-34.45702302937,1.5));
#1503 = CARTESIAN_POINT('',(-88.97964827918,-34.52222585692,1.5));
#1504 = CARTESIAN_POINT('',(-88.73325034953,-34.66372606833,1.5));
#1505 = CARTESIAN_POINT('',(-88.62305635501,-34.73752107979,1.5));
#1506 = CARTESIAN_POINT('',(-88.51817812331,-34.81877654438,1.5));
#1507 = CARTESIAN_POINT('',(-88.41930614511,-34.90693069751,1.5));
#1508 = CARTESIAN_POINT('',(-88.28855091634,-35.04067731223,1.5));
#1509 = CARTESIAN_POINT('',(-88.25121311285,-35.08112747589,1.5));
#1510 = CARTESIAN_POINT('',(-88.21506655625,-35.12261270248,1.5));
#1511 = CARTESIAN_POINT('',(-88.18015064712,-35.16508177092,1.5));
#1512 = CARTESIAN_POINT('',(-88.10012387752,-35.26829552614,1.5));
#1513 = CARTESIAN_POINT('',(-88.05615218055,-35.32987696621,1.5));
#1514 = CARTESIAN_POINT('',(-88.01468033873,-35.39308351753,1.5));
#1515 = CARTESIAN_POINT('',(-87.97578814749,-35.45776577061,1.5));
#1516 = CARTESIAN_POINT('',(-87.89048918573,-35.61308267275,1.5));
#1517 = CARTESIAN_POINT('',(-87.84628057049,-35.70481463978,1.5));
#1518 = CARTESIAN_POINT('',(-87.80707809787,-35.7985710824,1.5));
#1519 = CARTESIAN_POINT('',(-87.77298980873,-35.89394475132,1.5));
#1520 = CARTESIAN_POINT('',(-87.70353252547,-36.12586425289,1.5));
#1521 = CARTESIAN_POINT('',(-87.67314576772,-36.26356874994,1.5));
#1522 = CARTESIAN_POINT('',(-87.65305510706,-36.4024536791,1.5));
#1523 = CARTESIAN_POINT('',(-87.64317500635,-36.54134178838,1.5));
#1524 = CARTESIAN_POINT('',(-87.64317500635,-36.67907035814,1.5));
#1525 = ORIENTED_EDGE('',*,*,#1526,.F.);
#1526 = EDGE_CURVE('',#1527,#1084,#1529,.T.);
#1527 = VERTEX_POINT('',#1528);
#1528 = CARTESIAN_POINT('',(-87.64317500635,-35.17907035814,1.5));
#1529 = B_SPLINE_CURVE_WITH_KNOTS('',5,(#1530,#1531,#1532,#1533,#1534,
    #1535,#1536,#1537,#1538,#1539,#1540,#1541,#1542,#1543,#1544,#1545,
    #1546,#1547,#1548,#1549,#1550,#1551,#1552,#1553,#1554,#1555,#1556,
    #1557,#1558,#1559,#1560,#1561,#1562,#1563,#1564,#1565,#1566,#1567,
    #1568,#1569,#1570,#1571,#1572,#1573,#1574,#1575,#1576,#1577,#1578,
    #1579,#1580,#1581,#1582,#1583,#1584,#1585,#1586,#1587,#1588,#1589,
    #1590,#1591,#1592,#1593,#1594,#1595,#1596,#1597,#1598,#1599,#1600,
    #1601,#1602,#1603,#1604,#1605,#1606,#1607,#1608,#1609,#1610,#1611,
    #1612,#1613,#1614,#1615,#1616,#1617,#1618,#1619,#1620,#1621,#1622,
    #1623,#1624,#1625,#1626,#1627,#1628,#1629,#1630,#1631,#1632,#1633,
    #1634,#1635,#1636,#1637,#1638,#1639,#1640,#1641,#1642,#1643,#1644,
    #1645,#1646,#1647,#1648,#1649,#1650,#1651,#1652,#1653,#1654,#1655,
    #1656,#1657,#1658,#1659,#1660,#1661,#1662,#1663),.UNSPECIFIED.,.T.,
  .F.,(1,5,4,4,4,4,4,4,4,4,4,4,4,4,4,4,4,4,4,4,4,4,4,4,4,4,4,4,4,4,4,4,4
    ,4,5,1),(-4.804752E-02,0.,4.715870798066E-02,8.080439198896E-02,
    0.105667032318,0.123706256764,0.166954630089,0.216587564541,
    0.237626991583,0.266147690297,0.305421423565,0.332899806481,
    0.339728799834,0.360795194315,0.399370915715,0.427380462259,
    0.446996562307,0.496766345683,0.546536129058,0.566152229107,
    0.59416177565,0.632737497051,0.646910086703,0.65386824611,
    0.660825947217,0.68882222212,0.728836157307,0.757894392796,
    0.779330355206,0.829898734046,0.87396222033,0.892341434572,
    0.917672667331,0.95195248,1.,1.047158707981),.UNSPECIFIED.);
#1530 = CARTESIAN_POINT('',(-87.64317500635,-35.17907035814,1.5));
#1531 = CARTESIAN_POINT('',(-87.64317500635,-35.31679892789,1.5));
#1532 = CARTESIAN_POINT('',(-87.65305510706,-35.45568703717,1.5));
#1533 = CARTESIAN_POINT('',(-87.67314576772,-35.59457196633,1.5));
#1534 = CARTESIAN_POINT('',(-87.70353252547,-35.73227646338,1.5));
#1535 = CARTESIAN_POINT('',(-87.77298980873,-35.96419596495,1.5));
#1536 = CARTESIAN_POINT('',(-87.80707809787,-36.05956963387,1.5));
#1537 = CARTESIAN_POINT('',(-87.84628057049,-36.15332607649,1.5));
#1538 = CARTESIAN_POINT('',(-87.89048918573,-36.24505804352,1.5));
#1539 = CARTESIAN_POINT('',(-87.97578814748,-36.40037494566,1.5));
#1540 = CARTESIAN_POINT('',(-88.01468033873,-36.46505719874,1.5));
#1541 = CARTESIAN_POINT('',(-88.05615218055,-36.52826375006,1.5));
#1542 = CARTESIAN_POINT('',(-88.10012387752,-36.58984519013,1.5));
#1543 = CARTESIAN_POINT('',(-88.18015064712,-36.69305894536,1.5));
#1544 = CARTESIAN_POINT('',(-88.21506655624,-36.73552801379,1.5));
#1545 = CARTESIAN_POINT('',(-88.25121311285,-36.77701324038,1.5));
#1546 = CARTESIAN_POINT('',(-88.28855091634,-36.81746340404,1.5));
#1547 = CARTESIAN_POINT('',(-88.41930614511,-36.95121001876,1.5));
#1548 = CARTESIAN_POINT('',(-88.51817812331,-37.03936417189,1.5));
#1549 = CARTESIAN_POINT('',(-88.62305635501,-37.12061963648,1.5));
#1550 = CARTESIAN_POINT('',(-88.73325034952,-37.19441464794,1.5));
#1551 = CARTESIAN_POINT('',(-88.97964827918,-37.33591485936,1.5));
#1552 = CARTESIAN_POINT('',(-89.11729934265,-37.4011176869,1.5));
#1553 = CARTESIAN_POINT('',(-89.25975150705,-37.45523285817,1.5));
#1554 = CARTESIAN_POINT('',(-89.40573365102,-37.49781804063,1.5));
#1555 = CARTESIAN_POINT('',(-89.61670381134,-37.54175063665,1.5));
#1556 = CARTESIAN_POINT('',(-89.67990352804,-37.55272180818,1.5));
#1557 = CARTESIAN_POINT('',(-89.74339462993,-37.56157020064,1.5));
#1558 = CARTESIAN_POINT('',(-89.80707478123,-37.56828903358,1.5));
#1559 = CARTESIAN_POINT('',(-89.95728150989,-37.57910296255,1.5));
#1560 = CARTESIAN_POINT('',(-90.04388083798,-37.58141563365,1.5));
#1561 = CARTESIAN_POINT('',(-90.13038190959,-37.57982149905,1.5));
#1562 = CARTESIAN_POINT('',(-90.21653079202,-37.5743528436,1.5));
#1563 = CARTESIAN_POINT('',(-90.41987567633,-37.55228859232,1.5));
#1564 = CARTESIAN_POINT('',(-90.53653420293,-37.53227486254,1.5));
#1565 = CARTESIAN_POINT('',(-90.65139512476,-37.50518927994,1.5));
#1566 = CARTESIAN_POINT('',(-90.76383676196,-37.47129278049,1.5));
#1567 = CARTESIAN_POINT('',(-90.94985251127,-37.40272268635,1.5));
#1568 = CARTESIAN_POINT('',(-91.02495883285,-37.37133960687,1.5));
#1569 = CARTESIAN_POINT('',(-91.09840049332,-37.33692470561,1.5));
#1570 = CARTESIAN_POINT('',(-91.16999574029,-37.29962541841,1.5));
#1571 = CARTESIAN_POINT('',(-91.25687202129,-37.24966790625,1.5));
#1572 = CARTESIAN_POINT('',(-91.2741421279,-37.23949810476,1.5));
#1573 = CARTESIAN_POINT('',(-91.29141389817,-37.22908283562,1.5));
#1574 = CARTESIAN_POINT('',(-91.30868735677,-37.21841641145,1.5));
#1575 = CARTESIAN_POINT('',(-91.37915355514,-37.17385447804,1.5));
#1576 = CARTESIAN_POINT('',(-91.43145325432,-37.1383377711,1.5));
#1577 = CARTESIAN_POINT('',(-91.48272972624,-37.10099071025,1.5));
#1578 = CARTESIAN_POINT('',(-91.53288019351,-37.06185609183,1.5));
#1579 = CARTESIAN_POINT('',(-91.67139779427,-36.94614675681,1.5));
#1580 = CARTESIAN_POINT('',(-91.75688599231,-36.86548665883,1.5));
#1581 = CARTESIAN_POINT('',(-91.83766566011,-36.77932782033,1.5));
#1582 = CARTESIAN_POINT('',(-91.91320004499,-36.68808034026,1.5));
#1583 = CARTESIAN_POINT('',(-92.03372000191,-36.52264340779,1.5));
#1584 = CARTESIAN_POINT('',(-92.08140705439,-36.45062627168,1.5));
#1585 = CARTESIAN_POINT('',(-92.1259057503,-36.37637163951,1.5));
#1586 = CARTESIAN_POINT('',(-92.16706147951,-36.30008399668,1.5));
#1587 = CARTESIAN_POINT('',(-92.23113254663,-36.16728918272,1.5));
#1588 = CARTESIAN_POINT('',(-92.25581827659,-36.11170475509,1.5));
#1589 = CARTESIAN_POINT('',(-92.27875507489,-36.05530742482,1.5));
#1590 = CARTESIAN_POINT('',(-92.29990401348,-35.99817599623,1.5));
#1591 = CARTESIAN_POINT('',(-92.36827163757,-35.79378375878,1.5));
#1592 = CARTESIAN_POINT('',(-92.40559224531,-35.64296898412,1.5));
#1593 = CARTESIAN_POINT('',(-92.43065376145,-35.48929833407,1.5));
#1594 = CARTESIAN_POINT('',(-92.44318516636,-35.3341809746,1.5));
#1595 = CARTESIAN_POINT('',(-92.44318516636,-35.02395974167,1.5));
#1596 = CARTESIAN_POINT('',(-92.43065376145,-34.86884238221,1.5));
#1597 = CARTESIAN_POINT('',(-92.40559224531,-34.71517173215,1.5));
#1598 = CARTESIAN_POINT('',(-92.36827163757,-34.56435695749,1.5));
#1599 = CARTESIAN_POINT('',(-92.29990401348,-34.35996472005,1.5));
#1600 = CARTESIAN_POINT('',(-92.27875507489,-34.30283329146,1.5));
#1601 = CARTESIAN_POINT('',(-92.25581827659,-34.24643596118,1.5));
#1602 = CARTESIAN_POINT('',(-92.23113254663,-34.19085153356,1.5));
#1603 = CARTESIAN_POINT('',(-92.16706147951,-34.05805671959,1.5));
#1604 = CARTESIAN_POINT('',(-92.1259057503,-33.98176907676,1.5));
#1605 = CARTESIAN_POINT('',(-92.0814070544,-33.90751444459,1.5));
#1606 = CARTESIAN_POINT('',(-92.03372000191,-33.83549730848,1.5));
#1607 = CARTESIAN_POINT('',(-91.91320004499,-33.67006037601,1.5));
#1608 = CARTESIAN_POINT('',(-91.83766566011,-33.57881289594,1.5));
#1609 = CARTESIAN_POINT('',(-91.75688599231,-33.49265405745,1.5));
#1610 = CARTESIAN_POINT('',(-91.67139779427,-33.41199395947,1.5));
#1611 = CARTESIAN_POINT('',(-91.54889091497,-33.30965902541,1.5));
#1612 = CARTESIAN_POINT('',(-91.51542131984,-33.28294884637,1.5));
#1613 = CARTESIAN_POINT('',(-91.48142753129,-33.25703998978,1.5));
#1614 = CARTESIAN_POINT('',(-91.44694038357,-33.23194640935,1.5));
#1615 = CARTESIAN_POINT('',(-91.39483332383,-33.19576648431,1.5));
#1616 = CARTESIAN_POINT('',(-91.37764298306,-33.18410724933,1.5));
#1617 = CARTESIAN_POINT('',(-91.36042657447,-33.17270028433,1.5));
#1618 = CARTESIAN_POINT('',(-91.3431897664,-33.16154319269,1.5));
#1619 = CARTESIAN_POINT('',(-91.30868735677,-33.13972430482,1.5));
#1620 = CARTESIAN_POINT('',(-91.29141389818,-33.12905788065,1.5));
#1621 = CARTESIAN_POINT('',(-91.2741421279,-33.11864261151,1.5));
#1622 = CARTESIAN_POINT('',(-91.25687202129,-33.10847281002,1.5));
#1623 = CARTESIAN_POINT('',(-91.16999574029,-33.05851529786,1.5));
#1624 = CARTESIAN_POINT('',(-91.09840049332,-33.02121601067,1.5));
#1625 = CARTESIAN_POINT('',(-91.02495883285,-32.98680110941,1.5));
#1626 = CARTESIAN_POINT('',(-90.94985251127,-32.95541802993,1.5));
#1627 = CARTESIAN_POINT('',(-90.76383676196,-32.88684793578,1.5));
#1628 = CARTESIAN_POINT('',(-90.65139512476,-32.85295143633,1.5));
#1629 = CARTESIAN_POINT('',(-90.53653420293,-32.82586585373,1.5));
#1630 = CARTESIAN_POINT('',(-90.41987567633,-32.80585212395,1.5));
#1631 = CARTESIAN_POINT('',(-90.21653079202,-32.78378787267,1.5));
#1632 = CARTESIAN_POINT('',(-90.13038190959,-32.77831921723,1.5));
#1633 = CARTESIAN_POINT('',(-90.04388083798,-32.77672508262,1.5));
#1634 = CARTESIAN_POINT('',(-89.95728150989,-32.77903775372,1.5));
#1635 = CARTESIAN_POINT('',(-89.80707478123,-32.78985168269,1.5));
#1636 = CARTESIAN_POINT('',(-89.74339462993,-32.79657051563,1.5));
#1637 = CARTESIAN_POINT('',(-89.67990352804,-32.80541890809,1.5));
#1638 = CARTESIAN_POINT('',(-89.61670381134,-32.81639007962,1.5));
#1639 = CARTESIAN_POINT('',(-89.40573365102,-32.86032267564,1.5));
#1640 = CARTESIAN_POINT('',(-89.25975150705,-32.9029078581,1.5));
#1641 = CARTESIAN_POINT('',(-89.11729934265,-32.95702302937,1.5));
#1642 = CARTESIAN_POINT('',(-88.97964827918,-33.02222585692,1.5));
#1643 = CARTESIAN_POINT('',(-88.73325034953,-33.16372606833,1.5));
#1644 = CARTESIAN_POINT('',(-88.62305635501,-33.23752107979,1.5));
#1645 = CARTESIAN_POINT('',(-88.51817812331,-33.31877654438,1.5));
#1646 = CARTESIAN_POINT('',(-88.41930614511,-33.40693069751,1.5));
#1647 = CARTESIAN_POINT('',(-88.28855091634,-33.54067731223,1.5));
#1648 = CARTESIAN_POINT('',(-88.25121311285,-33.58112747589,1.5));
#1649 = CARTESIAN_POINT('',(-88.21506655625,-33.62261270248,1.5));
#1650 = CARTESIAN_POINT('',(-88.18015064712,-33.66508177092,1.5));
#1651 = CARTESIAN_POINT('',(-88.10012387752,-33.76829552614,1.5));
#1652 = CARTESIAN_POINT('',(-88.05615218055,-33.82987696621,1.5));
#1653 = CARTESIAN_POINT('',(-88.01468033873,-33.89308351753,1.5));
#1654 = CARTESIAN_POINT('',(-87.97578814749,-33.95776577061,1.5));
#1655 = CARTESIAN_POINT('',(-87.89048918573,-34.11308267275,1.5));
#1656 = CARTESIAN_POINT('',(-87.84628057049,-34.20481463978,1.5));
#1657 = CARTESIAN_POINT('',(-87.80707809787,-34.2985710824,1.5));
#1658 = CARTESIAN_POINT('',(-87.77298980873,-34.39394475132,1.5));
#1659 = CARTESIAN_POINT('',(-87.70353252547,-34.62586425289,1.5));
#1660 = CARTESIAN_POINT('',(-87.67314576772,-34.76356874994,1.5));
#1661 = CARTESIAN_POINT('',(-87.65305510706,-34.9024536791,1.5));
#1662 = CARTESIAN_POINT('',(-87.64317500635,-35.04134178838,1.5));
#1663 = CARTESIAN_POINT('',(-87.64317500635,-35.17907035814,1.5));
#1664 = ORIENTED_EDGE('',*,*,#1665,.F.);
#1665 = EDGE_CURVE('',#191,#1527,#1666,.T.);
#1666 = B_SPLINE_CURVE_WITH_KNOTS('',5,(#1667,#1668,#1669,#1670,#1671,
    #1672,#1673,#1674,#1675,#1676,#1677,#1678,#1679,#1680,#1681,#1682,
    #1683,#1684,#1685,#1686,#1687,#1688,#1689,#1690,#1691,#1692,#1693,
    #1694,#1695,#1696,#1697,#1698,#1699,#1700,#1701,#1702,#1703,#1704,
    #1705,#1706,#1707,#1708,#1709,#1710,#1711,#1712,#1713,#1714,#1715,
    #1716,#1717,#1718,#1719,#1720,#1721,#1722,#1723,#1724,#1725,#1726,
    #1727,#1728,#1729,#1730,#1731,#1732,#1733,#1734,#1735,#1736,#1737,
    #1738,#1739,#1740,#1741,#1742,#1743,#1744,#1745,#1746,#1747,#1748,
    #1749,#1750,#1751,#1752,#1753,#1754,#1755,#1756,#1757,#1758,#1759,
    #1760,#1761,#1762,#1763,#1764,#1765,#1766,#1767,#1768,#1769,#1770,
    #1771,#1772,#1773,#1774,#1775,#1776,#1777,#1778,#1779,#1780,#1781,
    #1782,#1783,#1784,#1785,#1786,#1787,#1788,#1789,#1790,#1791,#1792,
    #1793,#1794,#1795,#1796,#1797,#1798,#1799,#1800),.UNSPECIFIED.,.T.,
  .F.,(1,5,4,4,4,4,4,4,4,4,4,4,4,4,4,4,4,4,4,4,4,4,4,4,4,4,4,4,4,4,4,4,4
    ,4,5,1),(-4.804752E-02,0.,4.715870798066E-02,8.080439198896E-02,
    0.105667032318,0.123706256764,0.166954630089,0.216587564541,
    0.237626991583,0.266147690297,0.305421423565,0.332899806481,
    0.339728799834,0.360795194315,0.399370915715,0.427380462259,
    0.446996562307,0.496766345683,0.546536129058,0.566152229107,
    0.59416177565,0.632737497051,0.646910086703,0.65386824611,
    0.660825947217,0.68882222212,0.728836157307,0.757894392796,
    0.779330355206,0.829898734046,0.87396222033,0.892341434572,
    0.917672667331,0.95195248,1.,1.047158707981),.UNSPECIFIED.);
#1667 = CARTESIAN_POINT('',(-87.64317500635,-35.17907035814,1.5));
#1668 = CARTESIAN_POINT('',(-87.64317500635,-35.31679892789,1.5));
#1669 = CARTESIAN_POINT('',(-87.65305510706,-35.45568703717,1.5));
#1670 = CARTESIAN_POINT('',(-87.67314576772,-35.59457196633,1.5));
#1671 = CARTESIAN_POINT('',(-87.70353252547,-35.73227646338,1.5));
#1672 = CARTESIAN_POINT('',(-87.77298980873,-35.96419596495,1.5));
#1673 = CARTESIAN_POINT('',(-87.80707809787,-36.05956963387,1.5));
#1674 = CARTESIAN_POINT('',(-87.84628057049,-36.15332607649,1.5));
#1675 = CARTESIAN_POINT('',(-87.89048918573,-36.24505804352,1.5));
#1676 = CARTESIAN_POINT('',(-87.97578814748,-36.40037494566,1.5));
#1677 = CARTESIAN_POINT('',(-88.01468033873,-36.46505719874,1.5));
#1678 = CARTESIAN_POINT('',(-88.05615218055,-36.52826375006,1.5));
#1679 = CARTESIAN_POINT('',(-88.10012387752,-36.58984519013,1.5));
#1680 = CARTESIAN_POINT('',(-88.18015064712,-36.69305894536,1.5));
#1681 = CARTESIAN_POINT('',(-88.21506655624,-36.73552801379,1.5));
#1682 = CARTESIAN_POINT('',(-88.25121311285,-36.77701324038,1.5));
#1683 = CARTESIAN_POINT('',(-88.28855091634,-36.81746340404,1.5));
#1684 = CARTESIAN_POINT('',(-88.41930614511,-36.95121001876,1.5));
#1685 = CARTESIAN_POINT('',(-88.51817812331,-37.03936417189,1.5));
#1686 = CARTESIAN_POINT('',(-88.62305635501,-37.12061963648,1.5));
#1687 = CARTESIAN_POINT('',(-88.73325034952,-37.19441464794,1.5));
#1688 = CARTESIAN_POINT('',(-88.97964827918,-37.33591485936,1.5));
#1689 = CARTESIAN_POINT('',(-89.11729934265,-37.4011176869,1.5));
#1690 = CARTESIAN_POINT('',(-89.25975150705,-37.45523285817,1.5));
#1691 = CARTESIAN_POINT('',(-89.40573365102,-37.49781804063,1.5));
#1692 = CARTESIAN_POINT('',(-89.61670381134,-37.54175063665,1.5));
#1693 = CARTESIAN_POINT('',(-89.67990352804,-37.55272180818,1.5));
#1694 = CARTESIAN_POINT('',(-89.74339462993,-37.56157020064,1.5));
#1695 = CARTESIAN_POINT('',(-89.80707478123,-37.56828903358,1.5));
#1696 = CARTESIAN_POINT('',(-89.95728150989,-37.57910296255,1.5));
#1697 = CARTESIAN_POINT('',(-90.04388083798,-37.58141563365,1.5));
#1698 = CARTESIAN_POINT('',(-90.13038190959,-37.57982149905,1.5));
#1699 = CARTESIAN_POINT('',(-90.21653079202,-37.5743528436,1.5));
#1700 = CARTESIAN_POINT('',(-90.41987567633,-37.55228859232,1.5));
#1701 = CARTESIAN_POINT('',(-90.53653420293,-37.53227486254,1.5));
#1702 = CARTESIAN_POINT('',(-90.65139512476,-37.50518927994,1.5));
#1703 = CARTESIAN_POINT('',(-90.76383676196,-37.47129278049,1.5));
#1704 = CARTESIAN_POINT('',(-90.94985251127,-37.40272268635,1.5));
#1705 = CARTESIAN_POINT('',(-91.02495883285,-37.37133960687,1.5));
#1706 = CARTESIAN_POINT('',(-91.09840049332,-37.33692470561,1.5));
#1707 = CARTESIAN_POINT('',(-91.16999574029,-37.29962541841,1.5));
#1708 = CARTESIAN_POINT('',(-91.25687202129,-37.24966790625,1.5));
#1709 = CARTESIAN_POINT('',(-91.2741421279,-37.23949810476,1.5));
#1710 = CARTESIAN_POINT('',(-91.29141389817,-37.22908283562,1.5));
#1711 = CARTESIAN_POINT('',(-91.30868735677,-37.21841641145,1.5));
#1712 = CARTESIAN_POINT('',(-91.37915355514,-37.17385447804,1.5));
#1713 = CARTESIAN_POINT('',(-91.43145325432,-37.1383377711,1.5));
#1714 = CARTESIAN_POINT('',(-91.48272972624,-37.10099071025,1.5));
#1715 = CARTESIAN_POINT('',(-91.53288019351,-37.06185609183,1.5));
#1716 = CARTESIAN_POINT('',(-91.67139779427,-36.94614675681,1.5));
#1717 = CARTESIAN_POINT('',(-91.75688599231,-36.86548665883,1.5));
#1718 = CARTESIAN_POINT('',(-91.83766566011,-36.77932782033,1.5));
#1719 = CARTESIAN_POINT('',(-91.91320004499,-36.68808034026,1.5));
#1720 = CARTESIAN_POINT('',(-92.03372000191,-36.52264340779,1.5));
#1721 = CARTESIAN_POINT('',(-92.08140705439,-36.45062627168,1.5));
#1722 = CARTESIAN_POINT('',(-92.1259057503,-36.37637163951,1.5));
#1723 = CARTESIAN_POINT('',(-92.16706147951,-36.30008399668,1.5));
#1724 = CARTESIAN_POINT('',(-92.23113254663,-36.16728918272,1.5));
#1725 = CARTESIAN_POINT('',(-92.25581827659,-36.11170475509,1.5));
#1726 = CARTESIAN_POINT('',(-92.27875507489,-36.05530742482,1.5));
#1727 = CARTESIAN_POINT('',(-92.29990401348,-35.99817599623,1.5));
#1728 = CARTESIAN_POINT('',(-92.36827163757,-35.79378375878,1.5));
#1729 = CARTESIAN_POINT('',(-92.40559224531,-35.64296898412,1.5));
#1730 = CARTESIAN_POINT('',(-92.43065376145,-35.48929833407,1.5));
#1731 = CARTESIAN_POINT('',(-92.44318516636,-35.3341809746,1.5));
#1732 = CARTESIAN_POINT('',(-92.44318516636,-35.02395974167,1.5));
#1733 = CARTESIAN_POINT('',(-92.43065376145,-34.86884238221,1.5));
#1734 = CARTESIAN_POINT('',(-92.40559224531,-34.71517173215,1.5));
#1735 = CARTESIAN_POINT('',(-92.36827163757,-34.56435695749,1.5));
#1736 = CARTESIAN_POINT('',(-92.29990401348,-34.35996472005,1.5));
#1737 = CARTESIAN_POINT('',(-92.27875507489,-34.30283329146,1.5));
#1738 = CARTESIAN_POINT('',(-92.25581827659,-34.24643596118,1.5));
#1739 = CARTESIAN_POINT('',(-92.23113254663,-34.19085153356,1.5));
#1740 = CARTESIAN_POINT('',(-92.16706147951,-34.05805671959,1.5));
#1741 = CARTESIAN_POINT('',(-92.1259057503,-33.98176907676,1.5));
#1742 = CARTESIAN_POINT('',(-92.0814070544,-33.90751444459,1.5));
#1743 = CARTESIAN_POINT('',(-92.03372000191,-33.83549730848,1.5));
#1744 = CARTESIAN_POINT('',(-91.91320004499,-33.67006037601,1.5));
#1745 = CARTESIAN_POINT('',(-91.83766566011,-33.57881289594,1.5));
#1746 = CARTESIAN_POINT('',(-91.75688599231,-33.49265405745,1.5));
#1747 = CARTESIAN_POINT('',(-91.67139779427,-33.41199395947,1.5));
#1748 = CARTESIAN_POINT('',(-91.54889091497,-33.30965902541,1.5));
#1749 = CARTESIAN_POINT('',(-91.51542131984,-33.28294884637,1.5));
#1750 = CARTESIAN_POINT('',(-91.48142753129,-33.25703998978,1.5));
#1751 = CARTESIAN_POINT('',(-91.44694038357,-33.23194640935,1.5));
#1752 = CARTESIAN_POINT('',(-91.39483332383,-33.19576648431,1.5));
#1753 = CARTESIAN_POINT('',(-91.37764298306,-33.18410724933,1.5));
#1754 = CARTESIAN_POINT('',(-91.36042657447,-33.17270028433,1.5));
#1755 = CARTESIAN_POINT('',(-91.3431897664,-33.16154319269,1.5));
#1756 = CARTESIAN_POINT('',(-91.30868735677,-33.13972430482,1.5));
#1757 = CARTESIAN_POINT('',(-91.29141389818,-33.12905788065,1.5));
#1758 = CARTESIAN_POINT('',(-91.2741421279,-33.11864261151,1.5));
#1759 = CARTESIAN_POINT('',(-91.25687202129,-33.10847281002,1.5));
#1760 = CARTESIAN_POINT('',(-91.16999574029,-33.05851529786,1.5));
#1761 = CARTESIAN_POINT('',(-91.09840049332,-33.02121601067,1.5));
#1762 = CARTESIAN_POINT('',(-91.02495883285,-32.98680110941,1.5));
#1763 = CARTESIAN_POINT('',(-90.94985251127,-32.95541802993,1.5));
#1764 = CARTESIAN_POINT('',(-90.76383676196,-32.88684793578,1.5));
#1765 = CARTESIAN_POINT('',(-90.65139512476,-32.85295143633,1.5));
#1766 = CARTESIAN_POINT('',(-90.53653420293,-32.82586585373,1.5));
#1767 = CARTESIAN_POINT('',(-90.41987567633,-32.80585212395,1.5));
#1768 = CARTESIAN_POINT('',(-90.21653079202,-32.78378787267,1.5));
#1769 = CARTESIAN_POINT('',(-90.13038190959,-32.77831921723,1.5));
#1770 = CARTESIAN_POINT('',(-90.04388083798,-32.77672508262,1.5));
#1771 = CARTESIAN_POINT('',(-89.95728150989,-32.77903775372,1.5));
#1772 = CARTESIAN_POINT('',(-89.80707478123,-32.78985168269,1.5));
#1773 = CARTESIAN_POINT('',(-89.74339462993,-32.79657051563,1.5));
#1774 = CARTESIAN_POINT('',(-89.67990352804,-32.80541890809,1.5));
#1775 = CARTESIAN_POINT('',(-89.61670381134,-32.81639007962,1.5));
#1776 = CARTESIAN_POINT('',(-89.40573365102,-32.86032267564,1.5));
#1777 = CARTESIAN_POINT('',(-89.25975150705,-32.9029078581,1.5));
#1778 = CARTESIAN_POINT('',(-89.11729934265,-32.95702302937,1.5));
#1779 = CARTESIAN_POINT('',(-88.97964827918,-33.02222585692,1.5));
#1780 = CARTESIAN_POINT('',(-88.73325034953,-33.16372606833,1.5));
#1781 = CARTESIAN_POINT('',(-88.62305635501,-33.23752107979,1.5));
#1782 = CARTESIAN_POINT('',(-88.51817812331,-33.31877654438,1.5));
#1783 = CARTESIAN_POINT('',(-88.41930614511,-33.40693069751,1.5));
#1784 = CARTESIAN_POINT('',(-88.28855091634,-33.54067731223,1.5));
#1785 = CARTESIAN_POINT('',(-88.25121311285,-33.58112747589,1.5));
#1786 = CARTESIAN_POINT('',(-88.21506655625,-33.62261270248,1.5));
#1787 = CARTESIAN_POINT('',(-88.18015064712,-33.66508177092,1.5));
#1788 = CARTESIAN_POINT('',(-88.10012387752,-33.76829552614,1.5));
#1789 = CARTESIAN_POINT('',(-88.05615218055,-33.82987696621,1.5));
#1790 = CARTESIAN_POINT('',(-88.01468033873,-33.89308351753,1.5));
#1791 = CARTESIAN_POINT('',(-87.97578814749,-33.95776577061,1.5));
#1792 = CARTESIAN_POINT('',(-87.89048918573,-34.11308267275,1.5));
#1793 = CARTESIAN_POINT('',(-87.84628057049,-34.20481463978,1.5));
#1794 = CARTESIAN_POINT('',(-87.80707809787,-34.2985710824,1.5));
#1795 = CARTESIAN_POINT('',(-87.77298980873,-34.39394475132,1.5));
#1796 = CARTESIAN_POINT('',(-87.70353252547,-34.62586425289,1.5));
#1797 = CARTESIAN_POINT('',(-87.67314576772,-34.76356874994,1.5));
#1798 = CARTESIAN_POINT('',(-87.65305510706,-34.9024536791,1.5));
#1799 = CARTESIAN_POINT('',(-87.64317500635,-35.04134178838,1.5));
#1800 = CARTESIAN_POINT('',(-87.64317500635,-35.17907035814,1.5));
#1801 = ORIENTED_EDGE('',*,*,#197,.T.);
#1802 = PLANE('',#1803);
#1803 = AXIS2_PLACEMENT_3D('',#1804,#1805,#1806);
#1804 = CARTESIAN_POINT('',(-97.76219329438,-40.93357886715,1.5));
#1805 = DIRECTION('',(0.,0.,1.));
#1806 = DIRECTION('',(1.,0.,-0.));
#1807 = ADVANCED_FACE('',(#1808),#1831,.T.);
#1808 = FACE_BOUND('',#1809,.T.);
#1809 = EDGE_LOOP('',(#1810,#1817,#1818,#1819,#1826));
#1810 = ORIENTED_EDGE('',*,*,#1811,.F.);
#1811 = EDGE_CURVE('',#176,#1812,#1814,.T.);
#1812 = VERTEX_POINT('',#1813);
#1813 = CARTESIAN_POINT('',(-85.40767081534,-40.93357886715,-1.5));
#1814 = B_SPLINE_CURVE_WITH_KNOTS('',1,(#1815,#1816),.UNSPECIFIED.,.F.,
  .F.,(2,2),(2.02755,335.),.PIECEWISE_BEZIER_KNOTS.);
#1815 = CARTESIAN_POINT('',(-85.40767081534,-32.47606172212,-1.5));
#1816 = CARTESIAN_POINT('',(-85.40767081534,-40.93357886715,-1.5));
#1817 = ORIENTED_EDGE('',*,*,#183,.F.);
#1818 = ORIENTED_EDGE('',*,*,#918,.T.);
#1819 = ORIENTED_EDGE('',*,*,#1820,.F.);
#1820 = EDGE_CURVE('',#1821,#919,#1823,.T.);
#1821 = VERTEX_POINT('',#1822);
#1822 = CARTESIAN_POINT('',(-85.40767081534,-40.93357886715,1.5));
#1823 = B_SPLINE_CURVE_WITH_KNOTS('',1,(#1824,#1825),.UNSPECIFIED.,.F.,
  .F.,(2,2),(0.,1.),.PIECEWISE_BEZIER_KNOTS.);
#1824 = CARTESIAN_POINT('',(-85.40767081534,-40.93357886715,1.5));
#1825 = CARTESIAN_POINT('',(-85.40767081534,-32.48,1.5));
#1826 = ORIENTED_EDGE('',*,*,#1827,.F.);
#1827 = EDGE_CURVE('',#1812,#1821,#1828,.T.);
#1828 = B_SPLINE_CURVE_WITH_KNOTS('',1,(#1829,#1830),.UNSPECIFIED.,.F.,
  .F.,(2,2),(0.,118.1102),.PIECEWISE_BEZIER_KNOTS.);
#1829 = CARTESIAN_POINT('',(-85.40767081534,-40.93357886715,-1.5));
#1830 = CARTESIAN_POINT('',(-85.40767081534,-40.93357886715,
    1.50000508001));
#1831 = B_SPLINE_SURFACE_WITH_KNOTS('',1,1,(
    (#1832,#1833)
    ,(#1834,#1835
  )),.UNSPECIFIED.,.F.,.F.,.F.,(2,2),(2,2),(2.02755,335.),(-118.1102,0.)
  ,.PIECEWISE_BEZIER_KNOTS.);
#1832 = CARTESIAN_POINT('',(-85.40767081534,-32.47606172212,
    1.50000508001));
#1833 = CARTESIAN_POINT('',(-85.40767081534,-32.47606172212,-1.5));
#1834 = CARTESIAN_POINT('',(-85.40767081534,-40.93357886715,
    1.50000508001));
#1835 = CARTESIAN_POINT('',(-85.40767081534,-40.93357886715,-1.5));
#1836 = ADVANCED_FACE('',(#1837),#1854,.F.);
#1837 = FACE_BOUND('',#1838,.F.);
#1838 = EDGE_LOOP('',(#1839,#1846,#1847,#1848));
#1839 = ORIENTED_EDGE('',*,*,#1840,.T.);
#1840 = EDGE_CURVE('',#1841,#176,#1843,.T.);
#1841 = VERTEX_POINT('',#1842);
#1842 = CARTESIAN_POINT('',(-85.40767081534,-32.48,-1.5));
#1843 = B_SPLINE_CURVE_WITH_KNOTS('',1,(#1844,#1845),.UNSPECIFIED.,.F.,
  .F.,(2,2),(2.02755,335.),.PIECEWISE_BEZIER_KNOTS.);
#1844 = CARTESIAN_POINT('',(-85.40767081534,-32.47606172212,-1.5));
#1845 = CARTESIAN_POINT('',(-85.40767081534,-40.93357886715,-1.5));
#1846 = ORIENTED_EDGE('',*,*,#175,.T.);
#1847 = ORIENTED_EDGE('',*,*,#613,.T.);
#1848 = ORIENTED_EDGE('',*,*,#1849,.F.);
#1849 = EDGE_CURVE('',#1841,#614,#1850,.T.);
#1850 = LINE('',#1851,#1852);
#1851 = CARTESIAN_POINT('',(-98.26219329438,-32.48,-1.5));
#1852 = VECTOR('',#1853,1.);
#1853 = DIRECTION('',(1.,0.,-0.));
#1854 = PLANE('',#1855);
#1855 = AXIS2_PLACEMENT_3D('',#1856,#1857,#1858);
#1856 = CARTESIAN_POINT('',(-98.762,-32.98,-1.5));
#1857 = DIRECTION('',(0.,0.,1.));
#1858 = DIRECTION('',(1.,0.,-0.));
#1859 = ADVANCED_FACE('',(#1860),#2277,.T.);
#1860 = FACE_BOUND('',#1861,.T.);
#1861 = EDGE_LOOP('',(#1862,#1999,#2000,#2139,#2276));
#1862 = ORIENTED_EDGE('',*,*,#1863,.F.);
#1863 = EDGE_CURVE('',#241,#162,#1864,.T.);
#1864 = B_SPLINE_CURVE_WITH_KNOTS('',5,(#1865,#1866,#1867,#1868,#1869,
    #1870,#1871,#1872,#1873,#1874,#1875,#1876,#1877,#1878,#1879,#1880,
    #1881,#1882,#1883,#1884,#1885,#1886,#1887,#1888,#1889,#1890,#1891,
    #1892,#1893,#1894,#1895,#1896,#1897,#1898,#1899,#1900,#1901,#1902,
    #1903,#1904,#1905,#1906,#1907,#1908,#1909,#1910,#1911,#1912,#1913,
    #1914,#1915,#1916,#1917,#1918,#1919,#1920,#1921,#1922,#1923,#1924,
    #1925,#1926,#1927,#1928,#1929,#1930,#1931,#1932,#1933,#1934,#1935,
    #1936,#1937,#1938,#1939,#1940,#1941,#1942,#1943,#1944,#1945,#1946,
    #1947,#1948,#1949,#1950,#1951,#1952,#1953,#1954,#1955,#1956,#1957,
    #1958,#1959,#1960,#1961,#1962,#1963,#1964,#1965,#1966,#1967,#1968,
    #1969,#1970,#1971,#1972,#1973,#1974,#1975,#1976,#1977,#1978,#1979,
    #1980,#1981,#1982,#1983,#1984,#1985,#1986,#1987,#1988,#1989,#1990,
    #1991,#1992,#1993,#1994,#1995,#1996,#1997,#1998),.UNSPECIFIED.,.T.,
  .F.,(1,5,4,4,4,4,4,4,4,4,4,4,4,4,4,4,4,4,4,4,4,4,4,4,4,4,4,4,4,4,4,4,4
    ,4,5,1),(-4.804752E-02,0.,4.715870798069E-02,8.0804391989E-02,
    0.105667032318,0.123706256764,0.166954630089,0.216587564542,
    0.237626991584,0.266147690298,0.305421423566,0.332899806481,
    0.339728799835,0.360795194315,0.399370915715,0.427380462259,
    0.446996562307,0.496766345683,0.546536129059,0.566152229107,
    0.594161775651,0.632737497051,0.646910086703,0.65386824611,
    0.660825947217,0.68882222212,0.728836157307,0.757894392797,
    0.779330355207,0.829898734046,0.87396222033,0.892341434572,
    0.917672667331,0.95195248,1.,1.047158707981),.UNSPECIFIED.);
#1865 = CARTESIAN_POINT('',(-0.648001016002,-35.17907035814,1.5));
#1866 = CARTESIAN_POINT('',(-0.648001016002,-35.31679892789,1.5));
#1867 = CARTESIAN_POINT('',(-0.657881116719,-35.45568703717,1.5));
#1868 = CARTESIAN_POINT('',(-0.677971777376,-35.59457196633,1.5));
#1869 = CARTESIAN_POINT('',(-0.70835853513,-35.73227646338,1.5));
#1870 = CARTESIAN_POINT('',(-0.777815818391,-35.96419596495,1.5));
#1871 = CARTESIAN_POINT('',(-0.811904107523,-36.05956963387,1.5));
#1872 = CARTESIAN_POINT('',(-0.851106580144,-36.15332607649,1.5));
#1873 = CARTESIAN_POINT('',(-0.895315195389,-36.24505804352,1.5));
#1874 = CARTESIAN_POINT('',(-0.980614157142,-36.40037494566,1.5));
#1875 = CARTESIAN_POINT('',(-1.019506348387,-36.46505719874,1.5));
#1876 = CARTESIAN_POINT('',(-1.060978190206,-36.52826375006,1.5));
#1877 = CARTESIAN_POINT('',(-1.104949887174,-36.58984519013,1.5));
#1878 = CARTESIAN_POINT('',(-1.184976656779,-36.69305894536,1.5));
#1879 = CARTESIAN_POINT('',(-1.219892565902,-36.73552801379,1.5));
#1880 = CARTESIAN_POINT('',(-1.256039122511,-36.77701324038,1.5));
#1881 = CARTESIAN_POINT('',(-1.293376925993,-36.81746340404,1.5));
#1882 = CARTESIAN_POINT('',(-1.424132154766,-36.95121001876,1.5));
#1883 = CARTESIAN_POINT('',(-1.52300413297,-37.03936417189,1.5));
#1884 = CARTESIAN_POINT('',(-1.627882364668,-37.12061963648,1.5));
#1885 = CARTESIAN_POINT('',(-1.738076359183,-37.19441464794,1.5));
#1886 = CARTESIAN_POINT('',(-1.984474288841,-37.33591485936,1.5));
#1887 = CARTESIAN_POINT('',(-2.122125352309,-37.4011176869,1.5));
#1888 = CARTESIAN_POINT('',(-2.264577516705,-37.45523285817,1.5));
#1889 = CARTESIAN_POINT('',(-2.410559660681,-37.49781804063,1.5));
#1890 = CARTESIAN_POINT('',(-2.621529820999,-37.54175063665,1.5));
#1891 = CARTESIAN_POINT('',(-2.684729537699,-37.55272180818,1.5));
#1892 = CARTESIAN_POINT('',(-2.748220639587,-37.56157020064,1.5));
#1893 = CARTESIAN_POINT('',(-2.811900790893,-37.56828903358,1.5));
#1894 = CARTESIAN_POINT('',(-2.962107519547,-37.57910296255,1.5));
#1895 = CARTESIAN_POINT('',(-3.048706847642,-37.58141563365,1.5));
#1896 = CARTESIAN_POINT('',(-3.13520791925,-37.57982149905,1.5));
#1897 = CARTESIAN_POINT('',(-3.221356801677,-37.5743528436,1.5));
#1898 = CARTESIAN_POINT('',(-3.424701685991,-37.55228859232,1.5));
#1899 = CARTESIAN_POINT('',(-3.541360212592,-37.53227486254,1.5));
#1900 = CARTESIAN_POINT('',(-3.656221134419,-37.50518927994,1.5));
#1901 = CARTESIAN_POINT('',(-3.768662771618,-37.47129278049,1.5));
#1902 = CARTESIAN_POINT('',(-3.954678520929,-37.40272268635,1.5));
#1903 = CARTESIAN_POINT('',(-4.029784842507,-37.37133960687,1.5));
#1904 = CARTESIAN_POINT('',(-4.103226502983,-37.33692470561,1.5));
#1905 = CARTESIAN_POINT('',(-4.174821749951,-37.29962541841,1.5));
#1906 = CARTESIAN_POINT('',(-4.261698030947,-37.24966790625,1.5));
#1907 = CARTESIAN_POINT('',(-4.278968137565,-37.23949810476,1.5));
#1908 = CARTESIAN_POINT('',(-4.296239907835,-37.22908283562,1.5));
#1909 = CARTESIAN_POINT('',(-4.313513366429,-37.21841641145,1.5));
#1910 = CARTESIAN_POINT('',(-4.383979564797,-37.17385447804,1.5));
#1911 = CARTESIAN_POINT('',(-4.436279263985,-37.1383377711,1.5));
#1912 = CARTESIAN_POINT('',(-4.487555735903,-37.10099071025,1.5));
#1913 = CARTESIAN_POINT('',(-4.537706203168,-37.06185609183,1.5));
#1914 = CARTESIAN_POINT('',(-4.676223803931,-36.94614675681,1.5));
#1915 = CARTESIAN_POINT('',(-4.761712001972,-36.86548665883,1.5));
#1916 = CARTESIAN_POINT('',(-4.84249166977,-36.77932782033,1.5));
#1917 = CARTESIAN_POINT('',(-4.918026054649,-36.68808034026,1.5));
#1918 = CARTESIAN_POINT('',(-5.038546011574,-36.52264340779,1.5));
#1919 = CARTESIAN_POINT('',(-5.086233064055,-36.45062627168,1.5));
#1920 = CARTESIAN_POINT('',(-5.130731759963,-36.37637163951,1.5));
#1921 = CARTESIAN_POINT('',(-5.171887489172,-36.30008399668,1.5));
#1922 = CARTESIAN_POINT('',(-5.235958556292,-36.16728918272,1.5));
#1923 = CARTESIAN_POINT('',(-5.260644286254,-36.11170475509,1.5));
#1924 = CARTESIAN_POINT('',(-5.283581084554,-36.05530742482,1.5));
#1925 = CARTESIAN_POINT('',(-5.304730023138,-35.99817599623,1.5));
#1926 = CARTESIAN_POINT('',(-5.373097647225,-35.79378375878,1.5));
#1927 = CARTESIAN_POINT('',(-5.410418254971,-35.64296898412,1.5));
#1928 = CARTESIAN_POINT('',(-5.435479771109,-35.48929833407,1.5));
#1929 = CARTESIAN_POINT('',(-5.448011176022,-35.3341809746,1.5));
#1930 = CARTESIAN_POINT('',(-5.448011176022,-35.02395974167,1.5));
#1931 = CARTESIAN_POINT('',(-5.435479771109,-34.86884238221,1.5));
#1932 = CARTESIAN_POINT('',(-5.410418254972,-34.71517173215,1.5));
#1933 = CARTESIAN_POINT('',(-5.373097647226,-34.56435695749,1.5));
#1934 = CARTESIAN_POINT('',(-5.304730023139,-34.35996472005,1.5));
#1935 = CARTESIAN_POINT('',(-5.283581084555,-34.30283329146,1.5));
#1936 = CARTESIAN_POINT('',(-5.260644286255,-34.24643596118,1.5));
#1937 = CARTESIAN_POINT('',(-5.235958556293,-34.19085153356,1.5));
#1938 = CARTESIAN_POINT('',(-5.171887489173,-34.05805671959,1.5));
#1939 = CARTESIAN_POINT('',(-5.130731759965,-33.98176907676,1.5));
#1940 = CARTESIAN_POINT('',(-5.086233064056,-33.90751444459,1.5));
#1941 = CARTESIAN_POINT('',(-5.038546011575,-33.83549730848,1.5));
#1942 = CARTESIAN_POINT('',(-4.918026054651,-33.67006037601,1.5));
#1943 = CARTESIAN_POINT('',(-4.842491669772,-33.57881289594,1.5));
#1944 = CARTESIAN_POINT('',(-4.761712001973,-33.49265405745,1.5));
#1945 = CARTESIAN_POINT('',(-4.676223803933,-33.41199395947,1.5));
#1946 = CARTESIAN_POINT('',(-4.553716924635,-33.30965902541,1.5));
#1947 = CARTESIAN_POINT('',(-4.520247329502,-33.28294884637,1.5));
#1948 = CARTESIAN_POINT('',(-4.486253540947,-33.25703998978,1.5));
#1949 = CARTESIAN_POINT('',(-4.451766393231,-33.23194640935,1.5));
#1950 = CARTESIAN_POINT('',(-4.399659333491,-33.19576648431,1.5));
#1951 = CARTESIAN_POINT('',(-4.382468992725,-33.18410724933,1.5));
#1952 = CARTESIAN_POINT('',(-4.36525258413,-33.17270028433,1.5));
#1953 = CARTESIAN_POINT('',(-4.34801577606,-33.16154319269,1.5));
#1954 = CARTESIAN_POINT('',(-4.313513366431,-33.13972430482,1.5));
#1955 = CARTESIAN_POINT('',(-4.296239907837,-33.12905788065,1.5));
#1956 = CARTESIAN_POINT('',(-4.278968137566,-33.11864261151,1.5));
#1957 = CARTESIAN_POINT('',(-4.261698030949,-33.10847281002,1.5));
#1958 = CARTESIAN_POINT('',(-4.174821749952,-33.05851529786,1.5));
#1959 = CARTESIAN_POINT('',(-4.103226502984,-33.02121601067,1.5));
#1960 = CARTESIAN_POINT('',(-4.029784842508,-32.98680110941,1.5));
#1961 = CARTESIAN_POINT('',(-3.95467852093,-32.95541802993,1.5));
#1962 = CARTESIAN_POINT('',(-3.76866277162,-32.88684793578,1.5));
#1963 = CARTESIAN_POINT('',(-3.656221134421,-32.85295143633,1.5));
#1964 = CARTESIAN_POINT('',(-3.541360212594,-32.82586585373,1.5));
#1965 = CARTESIAN_POINT('',(-3.424701685993,-32.80585212395,1.5));
#1966 = CARTESIAN_POINT('',(-3.221356801679,-32.78378787267,1.5));
#1967 = CARTESIAN_POINT('',(-3.135207919252,-32.77831921723,1.5));
#1968 = CARTESIAN_POINT('',(-3.048706847644,-32.77672508262,1.5));
#1969 = CARTESIAN_POINT('',(-2.962107519548,-32.77903775372,1.5));
#1970 = CARTESIAN_POINT('',(-2.811900790894,-32.78985168269,1.5));
#1971 = CARTESIAN_POINT('',(-2.748220639589,-32.79657051563,1.5));
#1972 = CARTESIAN_POINT('',(-2.684729537701,-32.80541890809,1.5));
#1973 = CARTESIAN_POINT('',(-2.621529821,-32.81639007962,1.5));
#1974 = CARTESIAN_POINT('',(-2.410559660682,-32.86032267564,1.5));
#1975 = CARTESIAN_POINT('',(-2.264577516706,-32.9029078581,1.5));
#1976 = CARTESIAN_POINT('',(-2.12212535231,-32.95702302937,1.5));
#1977 = CARTESIAN_POINT('',(-1.984474288842,-33.02222585692,1.5));
#1978 = CARTESIAN_POINT('',(-1.738076359183,-33.16372606833,1.5));
#1979 = CARTESIAN_POINT('',(-1.627882364669,-33.23752107979,1.5));
#1980 = CARTESIAN_POINT('',(-1.52300413297,-33.31877654438,1.5));
#1981 = CARTESIAN_POINT('',(-1.424132154766,-33.40693069751,1.5));
#1982 = CARTESIAN_POINT('',(-1.293376925994,-33.54067731223,1.5));
#1983 = CARTESIAN_POINT('',(-1.256039122511,-33.58112747589,1.5));
#1984 = CARTESIAN_POINT('',(-1.219892565902,-33.62261270248,1.5));
#1985 = CARTESIAN_POINT('',(-1.18497665678,-33.66508177092,1.5));
#1986 = CARTESIAN_POINT('',(-1.104949887174,-33.76829552614,1.5));
#1987 = CARTESIAN_POINT('',(-1.060978190206,-33.82987696621,1.5));
#1988 = CARTESIAN_POINT('',(-1.019506348387,-33.89308351753,1.5));
#1989 = CARTESIAN_POINT('',(-0.980614157142,-33.95776577061,1.5));
#1990 = CARTESIAN_POINT('',(-0.895315195389,-34.11308267275,1.5));
#1991 = CARTESIAN_POINT('',(-0.851106580144,-34.20481463978,1.5));
#1992 = CARTESIAN_POINT('',(-0.811904107523,-34.2985710824,1.5));
#1993 = CARTESIAN_POINT('',(-0.777815818391,-34.39394475132,1.5));
#1994 = CARTESIAN_POINT('',(-0.70835853513,-34.62586425289,1.5));
#1995 = CARTESIAN_POINT('',(-0.677971777376,-34.76356874994,1.5));
#1996 = CARTESIAN_POINT('',(-0.657881116719,-34.9024536791,1.5));
#1997 = CARTESIAN_POINT('',(-0.648001016002,-35.04134178838,1.5));
#1998 = CARTESIAN_POINT('',(-0.648001016002,-35.17907035814,1.5));
#1999 = ORIENTED_EDGE('',*,*,#647,.T.);
#2000 = ORIENTED_EDGE('',*,*,#2001,.F.);
#2001 = EDGE_CURVE('',#2002,#392,#2004,.T.);
#2002 = VERTEX_POINT('',#2003);
#2003 = CARTESIAN_POINT('',(-0.648001016002,-35.17907035814,1.5));
#2004 = B_SPLINE_CURVE_WITH_KNOTS('',5,(#2005,#2006,#2007,#2008,#2009,
    #2010,#2011,#2012,#2013,#2014,#2015,#2016,#2017,#2018,#2019,#2020,
    #2021,#2022,#2023,#2024,#2025,#2026,#2027,#2028,#2029,#2030,#2031,
    #2032,#2033,#2034,#2035,#2036,#2037,#2038,#2039,#2040,#2041,#2042,
    #2043,#2044,#2045,#2046,#2047,#2048,#2049,#2050,#2051,#2052,#2053,
    #2054,#2055,#2056,#2057,#2058,#2059,#2060,#2061,#2062,#2063,#2064,
    #2065,#2066,#2067,#2068,#2069,#2070,#2071,#2072,#2073,#2074,#2075,
    #2076,#2077,#2078,#2079,#2080,#2081,#2082,#2083,#2084,#2085,#2086,
    #2087,#2088,#2089,#2090,#2091,#2092,#2093,#2094,#2095,#2096,#2097,
    #2098,#2099,#2100,#2101,#2102,#2103,#2104,#2105,#2106,#2107,#2108,
    #2109,#2110,#2111,#2112,#2113,#2114,#2115,#2116,#2117,#2118,#2119,
    #2120,#2121,#2122,#2123,#2124,#2125,#2126,#2127,#2128,#2129,#2130,
    #2131,#2132,#2133,#2134,#2135,#2136,#2137,#2138),.UNSPECIFIED.,.T.,
  .F.,(1,5,4,4,4,4,4,4,4,4,4,4,4,4,4,4,4,4,4,4,4,4,4,4,4,4,4,4,4,4,4,4,4
    ,4,5,1),(-4.804752E-02,0.,4.715870798069E-02,8.0804391989E-02,
    0.105667032318,0.123706256764,0.166954630089,0.216587564542,
    0.237626991584,0.266147690298,0.305421423566,0.332899806481,
    0.339728799835,0.360795194315,0.399370915715,0.427380462259,
    0.446996562307,0.496766345683,0.546536129059,0.566152229107,
    0.594161775651,0.632737497051,0.646910086703,0.65386824611,
    0.660825947217,0.68882222212,0.728836157307,0.757894392797,
    0.779330355207,0.829898734046,0.87396222033,0.892341434572,
    0.917672667331,0.95195248,1.,1.047158707981),.UNSPECIFIED.);
#2005 = CARTESIAN_POINT('',(-0.648001016002,-35.17907035814,1.5));
#2006 = CARTESIAN_POINT('',(-0.648001016002,-35.31679892789,1.5));
#2007 = CARTESIAN_POINT('',(-0.657881116719,-35.45568703717,1.5));
#2008 = CARTESIAN_POINT('',(-0.677971777376,-35.59457196633,1.5));
#2009 = CARTESIAN_POINT('',(-0.70835853513,-35.73227646338,1.5));
#2010 = CARTESIAN_POINT('',(-0.777815818391,-35.96419596495,1.5));
#2011 = CARTESIAN_POINT('',(-0.811904107523,-36.05956963387,1.5));
#2012 = CARTESIAN_POINT('',(-0.851106580144,-36.15332607649,1.5));
#2013 = CARTESIAN_POINT('',(-0.895315195389,-36.24505804352,1.5));
#2014 = CARTESIAN_POINT('',(-0.980614157142,-36.40037494566,1.5));
#2015 = CARTESIAN_POINT('',(-1.019506348387,-36.46505719874,1.5));
#2016 = CARTESIAN_POINT('',(-1.060978190206,-36.52826375006,1.5));
#2017 = CARTESIAN_POINT('',(-1.104949887174,-36.58984519013,1.5));
#2018 = CARTESIAN_POINT('',(-1.184976656779,-36.69305894536,1.5));
#2019 = CARTESIAN_POINT('',(-1.219892565902,-36.73552801379,1.5));
#2020 = CARTESIAN_POINT('',(-1.256039122511,-36.77701324038,1.5));
#2021 = CARTESIAN_POINT('',(-1.293376925993,-36.81746340404,1.5));
#2022 = CARTESIAN_POINT('',(-1.424132154766,-36.95121001876,1.5));
#2023 = CARTESIAN_POINT('',(-1.52300413297,-37.03936417189,1.5));
#2024 = CARTESIAN_POINT('',(-1.627882364668,-37.12061963648,1.5));
#2025 = CARTESIAN_POINT('',(-1.738076359183,-37.19441464794,1.5));
#2026 = CARTESIAN_POINT('',(-1.984474288841,-37.33591485936,1.5));
#2027 = CARTESIAN_POINT('',(-2.122125352309,-37.4011176869,1.5));
#2028 = CARTESIAN_POINT('',(-2.264577516705,-37.45523285817,1.5));
#2029 = CARTESIAN_POINT('',(-2.410559660681,-37.49781804063,1.5));
#2030 = CARTESIAN_POINT('',(-2.621529820999,-37.54175063665,1.5));
#2031 = CARTESIAN_POINT('',(-2.684729537699,-37.55272180818,1.5));
#2032 = CARTESIAN_POINT('',(-2.748220639587,-37.56157020064,1.5));
#2033 = CARTESIAN_POINT('',(-2.811900790893,-37.56828903358,1.5));
#2034 = CARTESIAN_POINT('',(-2.962107519547,-37.57910296255,1.5));
#2035 = CARTESIAN_POINT('',(-3.048706847642,-37.58141563365,1.5));
#2036 = CARTESIAN_POINT('',(-3.13520791925,-37.57982149905,1.5));
#2037 = CARTESIAN_POINT('',(-3.221356801677,-37.5743528436,1.5));
#2038 = CARTESIAN_POINT('',(-3.424701685991,-37.55228859232,1.5));
#2039 = CARTESIAN_POINT('',(-3.541360212592,-37.53227486254,1.5));
#2040 = CARTESIAN_POINT('',(-3.656221134419,-37.50518927994,1.5));
#2041 = CARTESIAN_POINT('',(-3.768662771618,-37.47129278049,1.5));
#2042 = CARTESIAN_POINT('',(-3.954678520929,-37.40272268635,1.5));
#2043 = CARTESIAN_POINT('',(-4.029784842507,-37.37133960687,1.5));
#2044 = CARTESIAN_POINT('',(-4.103226502983,-37.33692470561,1.5));
#2045 = CARTESIAN_POINT('',(-4.174821749951,-37.29962541841,1.5));
#2046 = CARTESIAN_POINT('',(-4.261698030947,-37.24966790625,1.5));
#2047 = CARTESIAN_POINT('',(-4.278968137565,-37.23949810476,1.5));
#2048 = CARTESIAN_POINT('',(-4.296239907835,-37.22908283562,1.5));
#2049 = CARTESIAN_POINT('',(-4.313513366429,-37.21841641145,1.5));
#2050 = CARTESIAN_POINT('',(-4.383979564797,-37.17385447804,1.5));
#2051 = CARTESIAN_POINT('',(-4.436279263985,-37.1383377711,1.5));
#2052 = CARTESIAN_POINT('',(-4.487555735903,-37.10099071025,1.5));
#2053 = CARTESIAN_POINT('',(-4.537706203168,-37.06185609183,1.5));
#2054 = CARTESIAN_POINT('',(-4.676223803931,-36.94614675681,1.5));
#2055 = CARTESIAN_POINT('',(-4.761712001972,-36.86548665883,1.5));
#2056 = CARTESIAN_POINT('',(-4.84249166977,-36.77932782033,1.5));
#2057 = CARTESIAN_POINT('',(-4.918026054649,-36.68808034026,1.5));
#2058 = CARTESIAN_POINT('',(-5.038546011574,-36.52264340779,1.5));
#2059 = CARTESIAN_POINT('',(-5.086233064055,-36.45062627168,1.5));
#2060 = CARTESIAN_POINT('',(-5.130731759963,-36.37637163951,1.5));
#2061 = CARTESIAN_POINT('',(-5.171887489172,-36.30008399668,1.5));
#2062 = CARTESIAN_POINT('',(-5.235958556292,-36.16728918272,1.5));
#2063 = CARTESIAN_POINT('',(-5.260644286254,-36.11170475509,1.5));
#2064 = CARTESIAN_POINT('',(-5.283581084554,-36.05530742482,1.5));
#2065 = CARTESIAN_POINT('',(-5.304730023138,-35.99817599623,1.5));
#2066 = CARTESIAN_POINT('',(-5.373097647225,-35.79378375878,1.5));
#2067 = CARTESIAN_POINT('',(-5.410418254971,-35.64296898412,1.5));
#2068 = CARTESIAN_POINT('',(-5.435479771109,-35.48929833407,1.5));
#2069 = CARTESIAN_POINT('',(-5.448011176022,-35.3341809746,1.5));
#2070 = CARTESIAN_POINT('',(-5.448011176022,-35.02395974167,1.5));
#2071 = CARTESIAN_POINT('',(-5.435479771109,-34.86884238221,1.5));
#2072 = CARTESIAN_POINT('',(-5.410418254972,-34.71517173215,1.5));
#2073 = CARTESIAN_POINT('',(-5.373097647226,-34.56435695749,1.5));
#2074 = CARTESIAN_POINT('',(-5.304730023139,-34.35996472005,1.5));
#2075 = CARTESIAN_POINT('',(-5.283581084555,-34.30283329146,1.5));
#2076 = CARTESIAN_POINT('',(-5.260644286255,-34.24643596118,1.5));
#2077 = CARTESIAN_POINT('',(-5.235958556293,-34.19085153356,1.5));
#2078 = CARTESIAN_POINT('',(-5.171887489173,-34.05805671959,1.5));
#2079 = CARTESIAN_POINT('',(-5.130731759965,-33.98176907676,1.5));
#2080 = CARTESIAN_POINT('',(-5.086233064056,-33.90751444459,1.5));
#2081 = CARTESIAN_POINT('',(-5.038546011575,-33.83549730848,1.5));
#2082 = CARTESIAN_POINT('',(-4.918026054651,-33.67006037601,1.5));
#2083 = CARTESIAN_POINT('',(-4.842491669772,-33.57881289594,1.5));
#2084 = CARTESIAN_POINT('',(-4.761712001973,-33.49265405745,1.5));
#2085 = CARTESIAN_POINT('',(-4.676223803933,-33.41199395947,1.5));
#2086 = CARTESIAN_POINT('',(-4.553716924635,-33.30965902541,1.5));
#2087 = CARTESIAN_POINT('',(-4.520247329502,-33.28294884637,1.5));
#2088 = CARTESIAN_POINT('',(-4.486253540947,-33.25703998978,1.5));
#2089 = CARTESIAN_POINT('',(-4.451766393231,-33.23194640935,1.5));
#2090 = CARTESIAN_POINT('',(-4.399659333491,-33.19576648431,1.5));
#2091 = CARTESIAN_POINT('',(-4.382468992725,-33.18410724933,1.5));
#2092 = CARTESIAN_POINT('',(-4.36525258413,-33.17270028433,1.5));
#2093 = CARTESIAN_POINT('',(-4.34801577606,-33.16154319269,1.5));
#2094 = CARTESIAN_POINT('',(-4.313513366431,-33.13972430482,1.5));
#2095 = CARTESIAN_POINT('',(-4.296239907837,-33.12905788065,1.5));
#2096 = CARTESIAN_POINT('',(-4.278968137566,-33.11864261151,1.5));
#2097 = CARTESIAN_POINT('',(-4.261698030949,-33.10847281002,1.5));
#2098 = CARTESIAN_POINT('',(-4.174821749952,-33.05851529786,1.5));
#2099 = CARTESIAN_POINT('',(-4.103226502984,-33.02121601067,1.5));
#2100 = CARTESIAN_POINT('',(-4.029784842508,-32.98680110941,1.5));
#2101 = CARTESIAN_POINT('',(-3.95467852093,-32.95541802993,1.5));
#2102 = CARTESIAN_POINT('',(-3.76866277162,-32.88684793578,1.5));
#2103 = CARTESIAN_POINT('',(-3.656221134421,-32.85295143633,1.5));
#2104 = CARTESIAN_POINT('',(-3.541360212594,-32.82586585373,1.5));
#2105 = CARTESIAN_POINT('',(-3.424701685993,-32.80585212395,1.5));
#2106 = CARTESIAN_POINT('',(-3.221356801679,-32.78378787267,1.5));
#2107 = CARTESIAN_POINT('',(-3.135207919252,-32.77831921723,1.5));
#2108 = CARTESIAN_POINT('',(-3.048706847644,-32.77672508262,1.5));
#2109 = CARTESIAN_POINT('',(-2.962107519548,-32.77903775372,1.5));
#2110 = CARTESIAN_POINT('',(-2.811900790894,-32.78985168269,1.5));
#2111 = CARTESIAN_POINT('',(-2.748220639589,-32.79657051563,1.5));
#2112 = CARTESIAN_POINT('',(-2.684729537701,-32.80541890809,1.5));
#2113 = CARTESIAN_POINT('',(-2.621529821,-32.81639007962,1.5));
#2114 = CARTESIAN_POINT('',(-2.410559660682,-32.86032267564,1.5));
#2115 = CARTESIAN_POINT('',(-2.264577516706,-32.9029078581,1.5));
#2116 = CARTESIAN_POINT('',(-2.12212535231,-32.95702302937,1.5));
#2117 = CARTESIAN_POINT('',(-1.984474288842,-33.02222585692,1.5));
#2118 = CARTESIAN_POINT('',(-1.738076359183,-33.16372606833,1.5));
#2119 = CARTESIAN_POINT('',(-1.627882364669,-33.23752107979,1.5));
#2120 = CARTESIAN_POINT('',(-1.52300413297,-33.31877654438,1.5));
#2121 = CARTESIAN_POINT('',(-1.424132154766,-33.40693069751,1.5));
#2122 = CARTESIAN_POINT('',(-1.293376925994,-33.54067731223,1.5));
#2123 = CARTESIAN_POINT('',(-1.256039122511,-33.58112747589,1.5));
#2124 = CARTESIAN_POINT('',(-1.219892565902,-33.62261270248,1.5));
#2125 = CARTESIAN_POINT('',(-1.18497665678,-33.66508177092,1.5));
#2126 = CARTESIAN_POINT('',(-1.104949887174,-33.76829552614,1.5));
#2127 = CARTESIAN_POINT('',(-1.060978190206,-33.82987696621,1.5));
#2128 = CARTESIAN_POINT('',(-1.019506348387,-33.89308351753,1.5));
#2129 = CARTESIAN_POINT('',(-0.980614157142,-33.95776577061,1.5));
#2130 = CARTESIAN_POINT('',(-0.895315195389,-34.11308267275,1.5));
#2131 = CARTESIAN_POINT('',(-0.851106580144,-34.20481463978,1.5));
#2132 = CARTESIAN_POINT('',(-0.811904107523,-34.2985710824,1.5));
#2133 = CARTESIAN_POINT('',(-0.777815818391,-34.39394475132,1.5));
#2134 = CARTESIAN_POINT('',(-0.70835853513,-34.62586425289,1.5));
#2135 = CARTESIAN_POINT('',(-0.677971777376,-34.76356874994,1.5));
#2136 = CARTESIAN_POINT('',(-0.657881116719,-34.9024536791,1.5));
#2137 = CARTESIAN_POINT('',(-0.648001016002,-35.04134178838,1.5));
#2138 = CARTESIAN_POINT('',(-0.648001016002,-35.17907035814,1.5));
#2139 = ORIENTED_EDGE('',*,*,#2140,.F.);
#2140 = EDGE_CURVE('',#155,#2002,#2141,.T.);
#2141 = B_SPLINE_CURVE_WITH_KNOTS('',5,(#2142,#2143,#2144,#2145,#2146,
    #2147,#2148,#2149,#2150,#2151,#2152,#2153,#2154,#2155,#2156,#2157,
    #2158,#2159,#2160,#2161,#2162,#2163,#2164,#2165,#2166,#2167,#2168,
    #2169,#2170,#2171,#2172,#2173,#2174,#2175,#2176,#2177,#2178,#2179,
    #2180,#2181,#2182,#2183,#2184,#2185,#2186,#2187,#2188,#2189,#2190,
    #2191,#2192,#2193,#2194,#2195,#2196,#2197,#2198,#2199,#2200,#2201,
    #2202,#2203,#2204,#2205,#2206,#2207,#2208,#2209,#2210,#2211,#2212,
    #2213,#2214,#2215,#2216,#2217,#2218,#2219,#2220,#2221,#2222,#2223,
    #2224,#2225,#2226,#2227,#2228,#2229,#2230,#2231,#2232,#2233,#2234,
    #2235,#2236,#2237,#2238,#2239,#2240,#2241,#2242,#2243,#2244,#2245,
    #2246,#2247,#2248,#2249,#2250,#2251,#2252,#2253,#2254,#2255,#2256,
    #2257,#2258,#2259,#2260,#2261,#2262,#2263,#2264,#2265,#2266,#2267,
    #2268,#2269,#2270,#2271,#2272,#2273,#2274,#2275),.UNSPECIFIED.,.T.,
  .F.,(1,5,4,4,4,4,4,4,4,4,4,4,4,4,4,4,4,4,4,4,4,4,4,4,4,4,4,4,4,4,4,4,4
    ,4,5,1),(-4.804752E-02,0.,4.715870798069E-02,8.0804391989E-02,
    0.105667032318,0.123706256764,0.166954630089,0.216587564542,
    0.237626991584,0.266147690298,0.305421423566,0.332899806481,
    0.339728799835,0.360795194315,0.399370915715,0.427380462259,
    0.446996562307,0.496766345683,0.546536129059,0.566152229107,
    0.594161775651,0.632737497051,0.646910086703,0.65386824611,
    0.660825947217,0.68882222212,0.728836157307,0.757894392797,
    0.779330355207,0.829898734046,0.87396222033,0.892341434572,
    0.917672667331,0.95195248,1.,1.047158707981),.UNSPECIFIED.);
#2142 = CARTESIAN_POINT('',(-0.648001016002,-35.17907035814,1.5));
#2143 = CARTESIAN_POINT('',(-0.648001016002,-35.31679892789,1.5));
#2144 = CARTESIAN_POINT('',(-0.657881116719,-35.45568703717,1.5));
#2145 = CARTESIAN_POINT('',(-0.677971777376,-35.59457196633,1.5));
#2146 = CARTESIAN_POINT('',(-0.70835853513,-35.73227646338,1.5));
#2147 = CARTESIAN_POINT('',(-0.777815818391,-35.96419596495,1.5));
#2148 = CARTESIAN_POINT('',(-0.811904107523,-36.05956963387,1.5));
#2149 = CARTESIAN_POINT('',(-0.851106580144,-36.15332607649,1.5));
#2150 = CARTESIAN_POINT('',(-0.895315195389,-36.24505804352,1.5));
#2151 = CARTESIAN_POINT('',(-0.980614157142,-36.40037494566,1.5));
#2152 = CARTESIAN_POINT('',(-1.019506348387,-36.46505719874,1.5));
#2153 = CARTESIAN_POINT('',(-1.060978190206,-36.52826375006,1.5));
#2154 = CARTESIAN_POINT('',(-1.104949887174,-36.58984519013,1.5));
#2155 = CARTESIAN_POINT('',(-1.184976656779,-36.69305894536,1.5));
#2156 = CARTESIAN_POINT('',(-1.219892565902,-36.73552801379,1.5));
#2157 = CARTESIAN_POINT('',(-1.256039122511,-36.77701324038,1.5));
#2158 = CARTESIAN_POINT('',(-1.293376925993,-36.81746340404,1.5));
#2159 = CARTESIAN_POINT('',(-1.424132154766,-36.95121001876,1.5));
#2160 = CARTESIAN_POINT('',(-1.52300413297,-37.03936417189,1.5));
#2161 = CARTESIAN_POINT('',(-1.627882364668,-37.12061963648,1.5));
#2162 = CARTESIAN_POINT('',(-1.738076359183,-37.19441464794,1.5));
#2163 = CARTESIAN_POINT('',(-1.984474288841,-37.33591485936,1.5));
#2164 = CARTESIAN_POINT('',(-2.122125352309,-37.4011176869,1.5));
#2165 = CARTESIAN_POINT('',(-2.264577516705,-37.45523285817,1.5));
#2166 = CARTESIAN_POINT('',(-2.410559660681,-37.49781804063,1.5));
#2167 = CARTESIAN_POINT('',(-2.621529820999,-37.54175063665,1.5));
#2168 = CARTESIAN_POINT('',(-2.684729537699,-37.55272180818,1.5));
#2169 = CARTESIAN_POINT('',(-2.748220639587,-37.56157020064,1.5));
#2170 = CARTESIAN_POINT('',(-2.811900790893,-37.56828903358,1.5));
#2171 = CARTESIAN_POINT('',(-2.962107519547,-37.57910296255,1.5));
#2172 = CARTESIAN_POINT('',(-3.048706847642,-37.58141563365,1.5));
#2173 = CARTESIAN_POINT('',(-3.13520791925,-37.57982149905,1.5));
#2174 = CARTESIAN_POINT('',(-3.221356801677,-37.5743528436,1.5));
#2175 = CARTESIAN_POINT('',(-3.424701685991,-37.55228859232,1.5));
#2176 = CARTESIAN_POINT('',(-3.541360212592,-37.53227486254,1.5));
#2177 = CARTESIAN_POINT('',(-3.656221134419,-37.50518927994,1.5));
#2178 = CARTESIAN_POINT('',(-3.768662771618,-37.47129278049,1.5));
#2179 = CARTESIAN_POINT('',(-3.954678520929,-37.40272268635,1.5));
#2180 = CARTESIAN_POINT('',(-4.029784842507,-37.37133960687,1.5));
#2181 = CARTESIAN_POINT('',(-4.103226502983,-37.33692470561,1.5));
#2182 = CARTESIAN_POINT('',(-4.174821749951,-37.29962541841,1.5));
#2183 = CARTESIAN_POINT('',(-4.261698030947,-37.24966790625,1.5));
#2184 = CARTESIAN_POINT('',(-4.278968137565,-37.23949810476,1.5));
#2185 = CARTESIAN_POINT('',(-4.296239907835,-37.22908283562,1.5));
#2186 = CARTESIAN_POINT('',(-4.313513366429,-37.21841641145,1.5));
#2187 = CARTESIAN_POINT('',(-4.383979564797,-37.17385447804,1.5));
#2188 = CARTESIAN_POINT('',(-4.436279263985,-37.1383377711,1.5));
#2189 = CARTESIAN_POINT('',(-4.487555735903,-37.10099071025,1.5));
#2190 = CARTESIAN_POINT('',(-4.537706203168,-37.06185609183,1.5));
#2191 = CARTESIAN_POINT('',(-4.676223803931,-36.94614675681,1.5));
#2192 = CARTESIAN_POINT('',(-4.761712001972,-36.86548665883,1.5));
#2193 = CARTESIAN_POINT('',(-4.84249166977,-36.77932782033,1.5));
#2194 = CARTESIAN_POINT('',(-4.918026054649,-36.68808034026,1.5));
#2195 = CARTESIAN_POINT('',(-5.038546011574,-36.52264340779,1.5));
#2196 = CARTESIAN_POINT('',(-5.086233064055,-36.45062627168,1.5));
#2197 = CARTESIAN_POINT('',(-5.130731759963,-36.37637163951,1.5));
#2198 = CARTESIAN_POINT('',(-5.171887489172,-36.30008399668,1.5));
#2199 = CARTESIAN_POINT('',(-5.235958556292,-36.16728918272,1.5));
#2200 = CARTESIAN_POINT('',(-5.260644286254,-36.11170475509,1.5));
#2201 = CARTESIAN_POINT('',(-5.283581084554,-36.05530742482,1.5));
#2202 = CARTESIAN_POINT('',(-5.304730023138,-35.99817599623,1.5));
#2203 = CARTESIAN_POINT('',(-5.373097647225,-35.79378375878,1.5));
#2204 = CARTESIAN_POINT('',(-5.410418254971,-35.64296898412,1.5));
#2205 = CARTESIAN_POINT('',(-5.435479771109,-35.48929833407,1.5));
#2206 = CARTESIAN_POINT('',(-5.448011176022,-35.3341809746,1.5));
#2207 = CARTESIAN_POINT('',(-5.448011176022,-35.02395974167,1.5));
#2208 = CARTESIAN_POINT('',(-5.435479771109,-34.86884238221,1.5));
#2209 = CARTESIAN_POINT('',(-5.410418254972,-34.71517173215,1.5));
#2210 = CARTESIAN_POINT('',(-5.373097647226,-34.56435695749,1.5));
#2211 = CARTESIAN_POINT('',(-5.304730023139,-34.35996472005,1.5));
#2212 = CARTESIAN_POINT('',(-5.283581084555,-34.30283329146,1.5));
#2213 = CARTESIAN_POINT('',(-5.260644286255,-34.24643596118,1.5));
#2214 = CARTESIAN_POINT('',(-5.235958556293,-34.19085153356,1.5));
#2215 = CARTESIAN_POINT('',(-5.171887489173,-34.05805671959,1.5));
#2216 = CARTESIAN_POINT('',(-5.130731759965,-33.98176907676,1.5));
#2217 = CARTESIAN_POINT('',(-5.086233064056,-33.90751444459,1.5));
#2218 = CARTESIAN_POINT('',(-5.038546011575,-33.83549730848,1.5));
#2219 = CARTESIAN_POINT('',(-4.918026054651,-33.67006037601,1.5));
#2220 = CARTESIAN_POINT('',(-4.842491669772,-33.57881289594,1.5));
#2221 = CARTESIAN_POINT('',(-4.761712001973,-33.49265405745,1.5));
#2222 = CARTESIAN_POINT('',(-4.676223803933,-33.41199395947,1.5));
#2223 = CARTESIAN_POINT('',(-4.553716924635,-33.30965902541,1.5));
#2224 = CARTESIAN_POINT('',(-4.520247329502,-33.28294884637,1.5));
#2225 = CARTESIAN_POINT('',(-4.486253540947,-33.25703998978,1.5));
#2226 = CARTESIAN_POINT('',(-4.451766393231,-33.23194640935,1.5));
#2227 = CARTESIAN_POINT('',(-4.399659333491,-33.19576648431,1.5));
#2228 = CARTESIAN_POINT('',(-4.382468992725,-33.18410724933,1.5));
#2229 = CARTESIAN_POINT('',(-4.36525258413,-33.17270028433,1.5));
#2230 = CARTESIAN_POINT('',(-4.34801577606,-33.16154319269,1.5));
#2231 = CARTESIAN_POINT('',(-4.313513366431,-33.13972430482,1.5));
#2232 = CARTESIAN_POINT('',(-4.296239907837,-33.12905788065,1.5));
#2233 = CARTESIAN_POINT('',(-4.278968137566,-33.11864261151,1.5));
#2234 = CARTESIAN_POINT('',(-4.261698030949,-33.10847281002,1.5));
#2235 = CARTESIAN_POINT('',(-4.174821749952,-33.05851529786,1.5));
#2236 = CARTESIAN_POINT('',(-4.103226502984,-33.02121601067,1.5));
#2237 = CARTESIAN_POINT('',(-4.029784842508,-32.98680110941,1.5));
#2238 = CARTESIAN_POINT('',(-3.95467852093,-32.95541802993,1.5));
#2239 = CARTESIAN_POINT('',(-3.76866277162,-32.88684793578,1.5));
#2240 = CARTESIAN_POINT('',(-3.656221134421,-32.85295143633,1.5));
#2241 = CARTESIAN_POINT('',(-3.541360212594,-32.82586585373,1.5));
#2242 = CARTESIAN_POINT('',(-3.424701685993,-32.80585212395,1.5));
#2243 = CARTESIAN_POINT('',(-3.221356801679,-32.78378787267,1.5));
#2244 = CARTESIAN_POINT('',(-3.135207919252,-32.77831921723,1.5));
#2245 = CARTESIAN_POINT('',(-3.048706847644,-32.77672508262,1.5));
#2246 = CARTESIAN_POINT('',(-2.962107519548,-32.77903775372,1.5));
#2247 = CARTESIAN_POINT('',(-2.811900790894,-32.78985168269,1.5));
#2248 = CARTESIAN_POINT('',(-2.748220639589,-32.79657051563,1.5));
#2249 = CARTESIAN_POINT('',(-2.684729537701,-32.80541890809,1.5));
#2250 = CARTESIAN_POINT('',(-2.621529821,-32.81639007962,1.5));
#2251 = CARTESIAN_POINT('',(-2.410559660682,-32.86032267564,1.5));
#2252 = CARTESIAN_POINT('',(-2.264577516706,-32.9029078581,1.5));
#2253 = CARTESIAN_POINT('',(-2.12212535231,-32.95702302937,1.5));
#2254 = CARTESIAN_POINT('',(-1.984474288842,-33.02222585692,1.5));
#2255 = CARTESIAN_POINT('',(-1.738076359183,-33.16372606833,1.5));
#2256 = CARTESIAN_POINT('',(-1.627882364669,-33.23752107979,1.5));
#2257 = CARTESIAN_POINT('',(-1.52300413297,-33.31877654438,1.5));
#2258 = CARTESIAN_POINT('',(-1.424132154766,-33.40693069751,1.5));
#2259 = CARTESIAN_POINT('',(-1.293376925994,-33.54067731223,1.5));
#2260 = CARTESIAN_POINT('',(-1.256039122511,-33.58112747589,1.5));
#2261 = CARTESIAN_POINT('',(-1.219892565902,-33.62261270248,1.5));
#2262 = CARTESIAN_POINT('',(-1.18497665678,-33.66508177092,1.5));
#2263 = CARTESIAN_POINT('',(-1.104949887174,-33.76829552614,1.5));
#2264 = CARTESIAN_POINT('',(-1.060978190206,-33.82987696621,1.5));
#2265 = CARTESIAN_POINT('',(-1.019506348387,-33.89308351753,1.5));
#2266 = CARTESIAN_POINT('',(-0.980614157142,-33.95776577061,1.5));
#2267 = CARTESIAN_POINT('',(-0.895315195389,-34.11308267275,1.5));
#2268 = CARTESIAN_POINT('',(-0.851106580144,-34.20481463978,1.5));
#2269 = CARTESIAN_POINT('',(-0.811904107523,-34.2985710824,1.5));
#2270 = CARTESIAN_POINT('',(-0.777815818391,-34.39394475132,1.5));
#2271 = CARTESIAN_POINT('',(-0.70835853513,-34.62586425289,1.5));
#2272 = CARTESIAN_POINT('',(-0.677971777376,-34.76356874994,1.5));
#2273 = CARTESIAN_POINT('',(-0.657881116719,-34.9024536791,1.5));
#2274 = CARTESIAN_POINT('',(-0.648001016002,-35.04134178838,1.5));
#2275 = CARTESIAN_POINT('',(-0.648001016002,-35.17907035814,1.5));
#2276 = ORIENTED_EDGE('',*,*,#161,.T.);
#2277 = PLANE('',#2278);
#2278 = AXIS2_PLACEMENT_3D('',#2279,#2280,#2281);
#2279 = CARTESIAN_POINT('',(-97.76219329438,-40.93357886715,1.5));
#2280 = DIRECTION('',(0.,0.,1.));
#2281 = DIRECTION('',(1.,0.,-0.));
#2282 = ADVANCED_FACE('',(#2283),#2348,.F.);
#2283 = FACE_BOUND('',#2284,.F.);
#2284 = EDGE_LOOP('',(#2285,#2295,#2302,#2310,#2318,#2326,#2334,#2340,
    #2341,#2342));
#2285 = ORIENTED_EDGE('',*,*,#2286,.F.);
#2286 = EDGE_CURVE('',#2287,#2289,#2291,.T.);
#2287 = VERTEX_POINT('',#2288);
#2288 = CARTESIAN_POINT('',(0.952501905004,97.62,-1.5));
#2289 = VERTEX_POINT('',#2290);
#2290 = CARTESIAN_POINT('',(5.417,97.62,-1.5));
#2291 = LINE('',#2292,#2293);
#2292 = CARTESIAN_POINT('',(-98.762,97.62,-1.5));
#2293 = VECTOR('',#2294,1.);
#2294 = DIRECTION('',(1.,0.,-0.));
#2295 = ORIENTED_EDGE('',*,*,#2296,.T.);
#2296 = EDGE_CURVE('',#2287,#2297,#2299,.T.);
#2297 = VERTEX_POINT('',#2298);
#2298 = CARTESIAN_POINT('',(0.952501905004,97.12,-1.5));
#2299 = B_SPLINE_CURVE_WITH_KNOTS('',1,(#2300,#2301),.UNSPECIFIED.,.F.,
  .F.,(2,2),(0.,327.97245),.PIECEWISE_BEZIER_KNOTS.);
#2300 = CARTESIAN_POINT('',(0.952501905004,105.44970789941,-1.5));
#2301 = CARTESIAN_POINT('',(0.952501905004,97.119191008382,-1.5));
#2302 = ORIENTED_EDGE('',*,*,#2303,.T.);
#2303 = EDGE_CURVE('',#2297,#2304,#2306,.T.);
#2304 = VERTEX_POINT('',#2305);
#2305 = CARTESIAN_POINT('',(4.917,97.12,-1.5));
#2306 = LINE('',#2307,#2308);
#2307 = CARTESIAN_POINT('',(-98.26219329438,97.12,-1.5));
#2308 = VECTOR('',#2309,1.);
#2309 = DIRECTION('',(1.,0.,-0.));
#2310 = ORIENTED_EDGE('',*,*,#2311,.T.);
#2311 = EDGE_CURVE('',#2304,#2312,#2314,.T.);
#2312 = VERTEX_POINT('',#2313);
#2313 = CARTESIAN_POINT('',(4.917006604013,97.12,-1.5));
#2314 = LINE('',#2315,#2316);
#2315 = CARTESIAN_POINT('',(-98.26219329438,97.12,-1.5));
#2316 = VECTOR('',#2317,1.);
#2317 = DIRECTION('',(1.,0.,-0.));
#2318 = ORIENTED_EDGE('',*,*,#2319,.F.);
#2319 = EDGE_CURVE('',#2320,#2312,#2322,.T.);
#2320 = VERTEX_POINT('',#2321);
#2321 = CARTESIAN_POINT('',(4.917006604013,-32.48,-1.5));
#2322 = LINE('',#2323,#2324);
#2323 = CARTESIAN_POINT('',(4.917006604013,-32.48,-1.5));
#2324 = VECTOR('',#2325,1.);
#2325 = DIRECTION('',(-0.,1.,0.));
#2326 = ORIENTED_EDGE('',*,*,#2327,.F.);
#2327 = EDGE_CURVE('',#2328,#2320,#2330,.T.);
#2328 = VERTEX_POINT('',#2329);
#2329 = CARTESIAN_POINT('',(4.917,-32.48,-1.5));
#2330 = LINE('',#2331,#2332);
#2331 = CARTESIAN_POINT('',(-98.26219329438,-32.48,-1.5));
#2332 = VECTOR('',#2333,1.);
#2333 = DIRECTION('',(1.,0.,-0.));
#2334 = ORIENTED_EDGE('',*,*,#2335,.F.);
#2335 = EDGE_CURVE('',#621,#2328,#2336,.T.);
#2336 = LINE('',#2337,#2338);
#2337 = CARTESIAN_POINT('',(-98.26219329438,-32.48,-1.5));
#2338 = VECTOR('',#2339,1.);
#2339 = DIRECTION('',(1.,0.,-0.));
#2340 = ORIENTED_EDGE('',*,*,#628,.T.);
#2341 = ORIENTED_EDGE('',*,*,#141,.T.);
#2342 = ORIENTED_EDGE('',*,*,#2343,.T.);
#2343 = EDGE_CURVE('',#134,#2289,#2344,.T.);
#2344 = LINE('',#2345,#2346);
#2345 = CARTESIAN_POINT('',(5.417,-32.98,-1.5));
#2346 = VECTOR('',#2347,1.);
#2347 = DIRECTION('',(-0.,1.,0.));
#2348 = PLANE('',#2349);
#2349 = AXIS2_PLACEMENT_3D('',#2350,#2351,#2352);
#2350 = CARTESIAN_POINT('',(-98.762,-32.98,-1.5));
#2351 = DIRECTION('',(0.,0.,1.));
#2352 = DIRECTION('',(1.,0.,-0.));
#2353 = ADVANCED_FACE('',(#2354,#2372),#2406,.T.);
#2354 = FACE_BOUND('',#2355,.T.);
#2355 = EDGE_LOOP('',(#2356,#2357,#2358,#2366));
#2356 = ORIENTED_EDGE('',*,*,#133,.F.);
#2357 = ORIENTED_EDGE('',*,*,#2343,.T.);
#2358 = ORIENTED_EDGE('',*,*,#2359,.T.);
#2359 = EDGE_CURVE('',#2289,#2360,#2362,.T.);
#2360 = VERTEX_POINT('',#2361);
#2361 = CARTESIAN_POINT('',(5.417,97.62,31.));
#2362 = LINE('',#2363,#2364);
#2363 = CARTESIAN_POINT('',(5.417,97.62,-1.5));
#2364 = VECTOR('',#2365,1.);
#2365 = DIRECTION('',(0.,0.,1.));
#2366 = ORIENTED_EDGE('',*,*,#2367,.F.);
#2367 = EDGE_CURVE('',#126,#2360,#2368,.T.);
#2368 = LINE('',#2369,#2370);
#2369 = CARTESIAN_POINT('',(5.417,-32.98,31.));
#2370 = VECTOR('',#2371,1.);
#2371 = DIRECTION('',(-0.,1.,0.));
#2372 = FACE_BOUND('',#2373,.T.);
#2373 = EDGE_LOOP('',(#2374,#2384,#2392,#2400));
#2374 = ORIENTED_EDGE('',*,*,#2375,.T.);
#2375 = EDGE_CURVE('',#2376,#2378,#2380,.T.);
#2376 = VERTEX_POINT('',#2377);
#2377 = CARTESIAN_POINT('',(5.417,88.5,7.));
#2378 = VERTEX_POINT('',#2379);
#2379 = CARTESIAN_POINT('',(5.417,47.,7.));
#2380 = LINE('',#2381,#2382);
#2381 = CARTESIAN_POINT('',(5.417,7.01,7.));
#2382 = VECTOR('',#2383,1.);
#2383 = DIRECTION('',(0.,-1.,0.));
#2384 = ORIENTED_EDGE('',*,*,#2385,.T.);
#2385 = EDGE_CURVE('',#2378,#2386,#2388,.T.);
#2386 = VERTEX_POINT('',#2387);
#2387 = CARTESIAN_POINT('',(5.417,47.,24.));
#2388 = LINE('',#2389,#2390);
#2389 = CARTESIAN_POINT('',(5.417,47.,2.75));
#2390 = VECTOR('',#2391,1.);
#2391 = DIRECTION('',(0.,0.,1.));
#2392 = ORIENTED_EDGE('',*,*,#2393,.F.);
#2393 = EDGE_CURVE('',#2394,#2386,#2396,.T.);
#2394 = VERTEX_POINT('',#2395);
#2395 = CARTESIAN_POINT('',(5.417,88.5,24.));
#2396 = LINE('',#2397,#2398);
#2397 = CARTESIAN_POINT('',(5.417,7.01,24.));
#2398 = VECTOR('',#2399,1.);
#2399 = DIRECTION('',(0.,-1.,0.));
#2400 = ORIENTED_EDGE('',*,*,#2401,.F.);
#2401 = EDGE_CURVE('',#2376,#2394,#2402,.T.);
#2402 = LINE('',#2403,#2404);
#2403 = CARTESIAN_POINT('',(5.417,88.5,2.75));
#2404 = VECTOR('',#2405,1.);
#2405 = DIRECTION('',(0.,0.,1.));
#2406 = PLANE('',#2407);
#2407 = AXIS2_PLACEMENT_3D('',#2408,#2409,#2410);
#2408 = CARTESIAN_POINT('',(5.417,-32.98,-1.5));
#2409 = DIRECTION('',(1.,0.,-0.));
#2410 = DIRECTION('',(0.,0.,1.));
#2411 = ADVANCED_FACE('',(#2412,#2430),#2464,.T.);
#2412 = FACE_BOUND('',#2413,.T.);
#2413 = EDGE_LOOP('',(#2414,#2422,#2423,#2424));
#2414 = ORIENTED_EDGE('',*,*,#2415,.F.);
#2415 = EDGE_CURVE('',#118,#2416,#2418,.T.);
#2416 = VERTEX_POINT('',#2417);
#2417 = CARTESIAN_POINT('',(-98.762,97.62,31.));
#2418 = LINE('',#2419,#2420);
#2419 = CARTESIAN_POINT('',(-98.762,-32.98,31.));
#2420 = VECTOR('',#2421,1.);
#2421 = DIRECTION('',(-0.,1.,0.));
#2422 = ORIENTED_EDGE('',*,*,#125,.T.);
#2423 = ORIENTED_EDGE('',*,*,#2367,.T.);
#2424 = ORIENTED_EDGE('',*,*,#2425,.F.);
#2425 = EDGE_CURVE('',#2416,#2360,#2426,.T.);
#2426 = LINE('',#2427,#2428);
#2427 = CARTESIAN_POINT('',(-98.762,97.62,31.));
#2428 = VECTOR('',#2429,1.);
#2429 = DIRECTION('',(1.,0.,-0.));
#2430 = FACE_BOUND('',#2431,.T.);
#2431 = EDGE_LOOP('',(#2432,#2442,#2450,#2458));
#2432 = ORIENTED_EDGE('',*,*,#2433,.F.);
#2433 = EDGE_CURVE('',#2434,#2436,#2438,.T.);
#2434 = VERTEX_POINT('',#2435);
#2435 = CARTESIAN_POINT('',(-98.662,-32.88,31.));
#2436 = VERTEX_POINT('',#2437);
#2437 = CARTESIAN_POINT('',(5.317,-32.88,31.));
#2438 = LINE('',#2439,#2440);
#2439 = CARTESIAN_POINT('',(-98.662,-32.88,31.));
#2440 = VECTOR('',#2441,1.);
#2441 = DIRECTION('',(1.,0.,-0.));
#2442 = ORIENTED_EDGE('',*,*,#2443,.T.);
#2443 = EDGE_CURVE('',#2434,#2444,#2446,.T.);
#2444 = VERTEX_POINT('',#2445);
#2445 = CARTESIAN_POINT('',(-98.662,97.52,31.));
#2446 = LINE('',#2447,#2448);
#2447 = CARTESIAN_POINT('',(-98.662,-32.88,31.));
#2448 = VECTOR('',#2449,1.);
#2449 = DIRECTION('',(-0.,1.,0.));
#2450 = ORIENTED_EDGE('',*,*,#2451,.T.);
#2451 = EDGE_CURVE('',#2444,#2452,#2454,.T.);
#2452 = VERTEX_POINT('',#2453);
#2453 = CARTESIAN_POINT('',(5.317,97.52,31.));
#2454 = LINE('',#2455,#2456);
#2455 = CARTESIAN_POINT('',(-98.662,97.52,31.));
#2456 = VECTOR('',#2457,1.);
#2457 = DIRECTION('',(1.,0.,-0.));
#2458 = ORIENTED_EDGE('',*,*,#2459,.F.);
#2459 = EDGE_CURVE('',#2436,#2452,#2460,.T.);
#2460 = LINE('',#2461,#2462);
#2461 = CARTESIAN_POINT('',(5.317,-32.88,31.));
#2462 = VECTOR('',#2463,1.);
#2463 = DIRECTION('',(-0.,1.,0.));
#2464 = PLANE('',#2465);
#2465 = AXIS2_PLACEMENT_3D('',#2466,#2467,#2468);
#2466 = CARTESIAN_POINT('',(-98.762,-32.98,31.));
#2467 = DIRECTION('',(0.,0.,1.));
#2468 = DIRECTION('',(1.,0.,-0.));
#2469 = ADVANCED_FACE('',(#2470),#2481,.F.);
#2470 = FACE_BOUND('',#2471,.F.);
#2471 = EDGE_LOOP('',(#2472,#2473,#2474,#2480));
#2472 = ORIENTED_EDGE('',*,*,#117,.F.);
#2473 = ORIENTED_EDGE('',*,*,#815,.T.);
#2474 = ORIENTED_EDGE('',*,*,#2475,.T.);
#2475 = EDGE_CURVE('',#806,#2416,#2476,.T.);
#2476 = LINE('',#2477,#2478);
#2477 = CARTESIAN_POINT('',(-98.762,97.62,-1.5));
#2478 = VECTOR('',#2479,1.);
#2479 = DIRECTION('',(0.,0.,1.));
#2480 = ORIENTED_EDGE('',*,*,#2415,.F.);
#2481 = PLANE('',#2482);
#2482 = AXIS2_PLACEMENT_3D('',#2483,#2484,#2485);
#2483 = CARTESIAN_POINT('',(-98.762,-32.98,-1.5));
#2484 = DIRECTION('',(1.,0.,-0.));
#2485 = DIRECTION('',(0.,0.,1.));
#2486 = ADVANCED_FACE('',(#2487),#2493,.F.);
#2487 = FACE_BOUND('',#2488,.F.);
#2488 = EDGE_LOOP('',(#2489,#2490,#2491,#2492));
#2489 = ORIENTED_EDGE('',*,*,#2140,.F.);
#2490 = ORIENTED_EDGE('',*,*,#542,.F.);
#2491 = ORIENTED_EDGE('',*,*,#530,.F.);
#2492 = ORIENTED_EDGE('',*,*,#2001,.F.);
#2493 = ( BOUNDED_SURFACE() B_SPLINE_SURFACE(2,1,(
    (#2494,#2495)
    ,(#2496,#2497)
    ,(#2498,#2499)
    ,(#2500,#2501)
    ,(#2502,#2503)
    ,(#2504,#2505)
    ,(#2506,#2507
)),.UNSPECIFIED.,.T.,.F.,.F.) B_SPLINE_SURFACE_WITH_KNOTS((1,2,2,2,2,1),
  (2,2),(-2.094395102394,0.,2.094395102393,4.188790204786,6.28318530718,
    8.377580409573),(0.,118.1102),.UNSPECIFIED.) 
GEOMETRIC_REPRESENTATION_ITEM() RATIONAL_B_SPLINE_SURFACE((
    (1.,1.)
    ,(0.5,0.5)
    ,(1.,1.)
    ,(0.5,0.5)
    ,(1.,1.)
    ,(0.5,0.5)
,(1.,1.))) REPRESENTATION_ITEM('') SURFACE() );
#2494 = CARTESIAN_POINT('',(-0.648001016002,-35.17907035814,-1.5));
#2495 = CARTESIAN_POINT('',(-0.648001016002,-35.17907035814,
    1.50000508001));
#2496 = CARTESIAN_POINT('',(-0.648001016002,-31.02213962114,-1.5));
#2497 = CARTESIAN_POINT('',(-0.648001016002,-31.02213962114,
    1.50000508001));
#2498 = CARTESIAN_POINT('',(-4.248008636017,-33.10060498964,-1.5));
#2499 = CARTESIAN_POINT('',(-4.248008636017,-33.10060498964,
    1.50000508001));
#2500 = CARTESIAN_POINT('',(-7.848016256033,-35.17907035814,-1.5));
#2501 = CARTESIAN_POINT('',(-7.848016256033,-35.17907035814,
    1.50000508001));
#2502 = CARTESIAN_POINT('',(-4.248008636017,-37.25753572664,-1.5));
#2503 = CARTESIAN_POINT('',(-4.248008636017,-37.25753572664,
    1.50000508001));
#2504 = CARTESIAN_POINT('',(-0.648001016002,-39.33600109514,-1.5));
#2505 = CARTESIAN_POINT('',(-0.648001016002,-39.33600109514,
    1.50000508001));
#2506 = CARTESIAN_POINT('',(-0.648001016002,-35.17907035814,-1.5));
#2507 = CARTESIAN_POINT('',(-0.648001016002,-35.17907035814,
    1.50000508001));
#2508 = ADVANCED_FACE('',(#2509),#2513,.F.);
#2509 = FACE_BOUND('',#2510,.F.);
#2510 = EDGE_LOOP('',(#2511,#2512));
#2511 = ORIENTED_EDGE('',*,*,#1863,.F.);
#2512 = ORIENTED_EDGE('',*,*,#240,.F.);
#2513 = ( BOUNDED_SURFACE() B_SPLINE_SURFACE(2,1,(
    (#2514,#2515)
    ,(#2516,#2517)
    ,(#2518,#2519)
    ,(#2520,#2521)
    ,(#2522,#2523)
    ,(#2524,#2525)
    ,(#2526,#2527
)),.UNSPECIFIED.,.T.,.F.,.F.) B_SPLINE_SURFACE_WITH_KNOTS((1,2,2,2,2,1),
  (2,2),(-2.094395102394,0.,2.094395102393,4.188790204786,6.28318530718,
    8.377580409573),(0.,118.1102),.UNSPECIFIED.) 
GEOMETRIC_REPRESENTATION_ITEM() RATIONAL_B_SPLINE_SURFACE((
    (1.,1.)
    ,(0.5,0.5)
    ,(1.,1.)
    ,(0.5,0.5)
    ,(1.,1.)
    ,(0.5,0.5)
,(1.,1.))) REPRESENTATION_ITEM('') SURFACE() );
#2514 = CARTESIAN_POINT('',(-0.648001016002,-35.17907035814,-1.5));
#2515 = CARTESIAN_POINT('',(-0.648001016002,-35.17907035814,
    1.50000508001));
#2516 = CARTESIAN_POINT('',(-0.648001016002,-31.02213962114,-1.5));
#2517 = CARTESIAN_POINT('',(-0.648001016002,-31.02213962114,
    1.50000508001));
#2518 = CARTESIAN_POINT('',(-4.248008636017,-33.10060498964,-1.5));
#2519 = CARTESIAN_POINT('',(-4.248008636017,-33.10060498964,
    1.50000508001));
#2520 = CARTESIAN_POINT('',(-7.848016256033,-35.17907035814,-1.5));
#2521 = CARTESIAN_POINT('',(-7.848016256033,-35.17907035814,
    1.50000508001));
#2522 = CARTESIAN_POINT('',(-4.248008636017,-37.25753572664,-1.5));
#2523 = CARTESIAN_POINT('',(-4.248008636017,-37.25753572664,
    1.50000508001));
#2524 = CARTESIAN_POINT('',(-0.648001016002,-39.33600109514,-1.5));
#2525 = CARTESIAN_POINT('',(-0.648001016002,-39.33600109514,
    1.50000508001));
#2526 = CARTESIAN_POINT('',(-0.648001016002,-35.17907035814,-1.5));
#2527 = CARTESIAN_POINT('',(-0.648001016002,-35.17907035814,
    1.50000508001));
#2528 = ADVANCED_FACE('',(#2529),#2577,.F.);
#2529 = FACE_BOUND('',#2530,.F.);
#2530 = EDGE_LOOP('',(#2531,#2537,#2538,#2544,#2545,#2546,#2547,#2553,
    #2554,#2562,#2570,#2576));
#2531 = ORIENTED_EDGE('',*,*,#2532,.F.);
#2532 = EDGE_CURVE('',#830,#854,#2533,.T.);
#2533 = LINE('',#2534,#2535);
#2534 = CARTESIAN_POINT('',(-98.262,-32.48,-1.5));
#2535 = VECTOR('',#2536,1.);
#2536 = DIRECTION('',(-0.,1.,0.));
#2537 = ORIENTED_EDGE('',*,*,#829,.T.);
#2538 = ORIENTED_EDGE('',*,*,#2539,.T.);
#2539 = EDGE_CURVE('',#823,#1841,#2540,.T.);
#2540 = LINE('',#2541,#2542);
#2541 = CARTESIAN_POINT('',(-98.26219329438,-32.48,-1.5));
#2542 = VECTOR('',#2543,1.);
#2543 = DIRECTION('',(1.,0.,-0.));
#2544 = ORIENTED_EDGE('',*,*,#1849,.T.);
#2545 = ORIENTED_EDGE('',*,*,#620,.T.);
#2546 = ORIENTED_EDGE('',*,*,#2335,.T.);
#2547 = ORIENTED_EDGE('',*,*,#2548,.T.);
#2548 = EDGE_CURVE('',#2328,#2304,#2549,.T.);
#2549 = LINE('',#2550,#2551);
#2550 = CARTESIAN_POINT('',(4.917,-32.48,-1.5));
#2551 = VECTOR('',#2552,1.);
#2552 = DIRECTION('',(-0.,1.,0.));
#2553 = ORIENTED_EDGE('',*,*,#2303,.F.);
#2554 = ORIENTED_EDGE('',*,*,#2555,.F.);
#2555 = EDGE_CURVE('',#2556,#2297,#2558,.T.);
#2556 = VERTEX_POINT('',#2557);
#2557 = CARTESIAN_POINT('',(-8.572517145034,97.12,-1.5));
#2558 = LINE('',#2559,#2560);
#2559 = CARTESIAN_POINT('',(-98.26219329438,97.12,-1.5));
#2560 = VECTOR('',#2561,1.);
#2561 = DIRECTION('',(1.,0.,-0.));
#2562 = ORIENTED_EDGE('',*,*,#2563,.F.);
#2563 = EDGE_CURVE('',#2564,#2556,#2566,.T.);
#2564 = VERTEX_POINT('',#2565);
#2565 = CARTESIAN_POINT('',(-85.60483616967,97.12,-1.5));
#2566 = LINE('',#2567,#2568);
#2567 = CARTESIAN_POINT('',(-98.26219329438,97.12,-1.5));
#2568 = VECTOR('',#2569,1.);
#2569 = DIRECTION('',(1.,0.,-0.));
#2570 = ORIENTED_EDGE('',*,*,#2571,.F.);
#2571 = EDGE_CURVE('',#862,#2564,#2572,.T.);
#2572 = LINE('',#2573,#2574);
#2573 = CARTESIAN_POINT('',(-98.26219329438,97.12,-1.5));
#2574 = VECTOR('',#2575,1.);
#2575 = DIRECTION('',(1.,0.,-0.));
#2576 = ORIENTED_EDGE('',*,*,#861,.F.);
#2577 = PLANE('',#2578);
#2578 = AXIS2_PLACEMENT_3D('',#2579,#2580,#2581);
#2579 = CARTESIAN_POINT('',(-98.26219329438,-32.48,-1.5));
#2580 = DIRECTION('',(0.,0.,1.));
#2581 = DIRECTION('',(1.,0.,-0.));
#2582 = ADVANCED_FACE('',(#2583,#2668,#2702),#2736,.T.);
#2583 = FACE_BOUND('',#2584,.T.);
#2584 = EDGE_LOOP('',(#2585,#2586,#2587,#2588,#2589,#2590,#2597,#2604,
    #2612,#2619,#2626,#2634,#2641,#2648,#2656,#2663));
#2585 = ORIENTED_EDGE('',*,*,#805,.F.);
#2586 = ORIENTED_EDGE('',*,*,#2475,.T.);
#2587 = ORIENTED_EDGE('',*,*,#2425,.T.);
#2588 = ORIENTED_EDGE('',*,*,#2359,.F.);
#2589 = ORIENTED_EDGE('',*,*,#2286,.F.);
#2590 = ORIENTED_EDGE('',*,*,#2591,.F.);
#2591 = EDGE_CURVE('',#2592,#2287,#2594,.T.);
#2592 = VERTEX_POINT('',#2593);
#2593 = CARTESIAN_POINT('',(0.952501905004,97.62,1.50000508001));
#2594 = B_SPLINE_CURVE_WITH_KNOTS('',1,(#2595,#2596),.UNSPECIFIED.,.F.,
  .F.,(2,2),(0.,1.),.PIECEWISE_BEZIER_KNOTS.);
#2595 = CARTESIAN_POINT('',(0.952501905004,97.62,1.50000508001));
#2596 = CARTESIAN_POINT('',(0.952501905004,97.62,-1.5));
#2597 = ORIENTED_EDGE('',*,*,#2598,.F.);
#2598 = EDGE_CURVE('',#2599,#2592,#2601,.T.);
#2599 = VERTEX_POINT('',#2600);
#2600 = CARTESIAN_POINT('',(-2.477365594184,97.62,1.500002539558));
#2601 = B_SPLINE_CURVE_WITH_KNOTS('',1,(#2602,#2603),.UNSPECIFIED.,.F.,
  .F.,(2,2),(0.,1.),.PIECEWISE_BEZIER_KNOTS.);
#2602 = CARTESIAN_POINT('',(-8.572517145034,97.62,1.50000508001));
#2603 = CARTESIAN_POINT('',(0.952501905004,97.62,1.50000508001));
#2604 = ORIENTED_EDGE('',*,*,#2605,.T.);
#2605 = EDGE_CURVE('',#2599,#2606,#2608,.T.);
#2606 = VERTEX_POINT('',#2607);
#2607 = CARTESIAN_POINT('',(-4.888648970696,97.62,1.500002539558));
#2608 = LINE('',#2609,#2610);
#2609 = CARTESIAN_POINT('',(-98.26209664719,97.62,1.5));
#2610 = VECTOR('',#2611,1.);
#2611 = DIRECTION('',(-1.,-0.,0.));
#2612 = ORIENTED_EDGE('',*,*,#2613,.F.);
#2613 = EDGE_CURVE('',#2614,#2606,#2616,.T.);
#2614 = VERTEX_POINT('',#2615);
#2615 = CARTESIAN_POINT('',(-8.572517145034,97.62,1.50000508001));
#2616 = B_SPLINE_CURVE_WITH_KNOTS('',1,(#2617,#2618),.UNSPECIFIED.,.F.,
  .F.,(2,2),(0.,1.),.PIECEWISE_BEZIER_KNOTS.);
#2617 = CARTESIAN_POINT('',(-8.572517145034,97.62,1.50000508001));
#2618 = CARTESIAN_POINT('',(0.952501905004,97.62,1.50000508001));
#2619 = ORIENTED_EDGE('',*,*,#2620,.T.);
#2620 = EDGE_CURVE('',#2614,#2621,#2623,.T.);
#2621 = VERTEX_POINT('',#2622);
#2622 = CARTESIAN_POINT('',(-8.572517145034,97.62,-1.5));
#2623 = B_SPLINE_CURVE_WITH_KNOTS('',1,(#2624,#2625),.UNSPECIFIED.,.F.,
  .F.,(2,2),(0.,1.),.PIECEWISE_BEZIER_KNOTS.);
#2624 = CARTESIAN_POINT('',(-8.572517145034,97.62,1.50000508001));
#2625 = CARTESIAN_POINT('',(-8.572517145034,97.62,-1.5));
#2626 = ORIENTED_EDGE('',*,*,#2627,.F.);
#2627 = EDGE_CURVE('',#2628,#2621,#2630,.T.);
#2628 = VERTEX_POINT('',#2629);
#2629 = CARTESIAN_POINT('',(-85.60483616967,97.62,-1.5));
#2630 = LINE('',#2631,#2632);
#2631 = CARTESIAN_POINT('',(-98.762,97.62,-1.5));
#2632 = VECTOR('',#2633,1.);
#2633 = DIRECTION('',(1.,0.,-0.));
#2634 = ORIENTED_EDGE('',*,*,#2635,.F.);
#2635 = EDGE_CURVE('',#2636,#2628,#2638,.T.);
#2636 = VERTEX_POINT('',#2637);
#2637 = CARTESIAN_POINT('',(-85.60483616967,97.62,1.50000508001));
#2638 = B_SPLINE_CURVE_WITH_KNOTS('',1,(#2639,#2640),.UNSPECIFIED.,.F.,
  .F.,(2,2),(0.,1.),.PIECEWISE_BEZIER_KNOTS.);
#2639 = CARTESIAN_POINT('',(-85.60483616967,97.62,1.50000508001));
#2640 = CARTESIAN_POINT('',(-85.60483616967,97.62,-1.5));
#2641 = ORIENTED_EDGE('',*,*,#2642,.F.);
#2642 = EDGE_CURVE('',#2643,#2636,#2645,.T.);
#2643 = VERTEX_POINT('',#2644);
#2644 = CARTESIAN_POINT('',(-89.29937312645,97.62,1.500002539558));
#2645 = B_SPLINE_CURVE_WITH_KNOTS('',1,(#2646,#2647),.UNSPECIFIED.,.F.,
  .F.,(2,2),(0.,1.),.PIECEWISE_BEZIER_KNOTS.);
#2646 = CARTESIAN_POINT('',(-95.12985521971,97.62,1.50000508001));
#2647 = CARTESIAN_POINT('',(-85.60483616967,97.62,1.50000508001));
#2648 = ORIENTED_EDGE('',*,*,#2649,.T.);
#2649 = EDGE_CURVE('',#2643,#2650,#2652,.T.);
#2650 = VERTEX_POINT('',#2651);
#2651 = CARTESIAN_POINT('',(-91.18131776293,97.62,1.500002539558));
#2652 = LINE('',#2653,#2654);
#2653 = CARTESIAN_POINT('',(-98.26209664719,97.62,1.5));
#2654 = VECTOR('',#2655,1.);
#2655 = DIRECTION('',(-1.,-0.,0.));
#2656 = ORIENTED_EDGE('',*,*,#2657,.F.);
#2657 = EDGE_CURVE('',#2658,#2650,#2660,.T.);
#2658 = VERTEX_POINT('',#2659);
#2659 = CARTESIAN_POINT('',(-95.12985521971,97.62,1.50000508001));
#2660 = B_SPLINE_CURVE_WITH_KNOTS('',1,(#2661,#2662),.UNSPECIFIED.,.F.,
  .F.,(2,2),(0.,1.),.PIECEWISE_BEZIER_KNOTS.);
#2661 = CARTESIAN_POINT('',(-95.12985521971,97.62,1.50000508001));
#2662 = CARTESIAN_POINT('',(-85.60483616967,97.62,1.50000508001));
#2663 = ORIENTED_EDGE('',*,*,#2664,.T.);
#2664 = EDGE_CURVE('',#2658,#808,#2665,.T.);
#2665 = B_SPLINE_CURVE_WITH_KNOTS('',1,(#2666,#2667),.UNSPECIFIED.,.F.,
  .F.,(2,2),(0.,1.),.PIECEWISE_BEZIER_KNOTS.);
#2666 = CARTESIAN_POINT('',(-95.12985521971,97.62,1.50000508001));
#2667 = CARTESIAN_POINT('',(-95.12985521971,97.62,-1.5));
#2668 = FACE_BOUND('',#2669,.T.);
#2669 = EDGE_LOOP('',(#2670,#2680,#2688,#2696));
#2670 = ORIENTED_EDGE('',*,*,#2671,.F.);
#2671 = EDGE_CURVE('',#2672,#2674,#2676,.T.);
#2672 = VERTEX_POINT('',#2673);
#2673 = CARTESIAN_POINT('',(-50.,97.62,13.));
#2674 = VERTEX_POINT('',#2675);
#2675 = CARTESIAN_POINT('',(-35.,97.62,13.));
#2676 = LINE('',#2677,#2678);
#2677 = CARTESIAN_POINT('',(-74.381,97.62,13.));
#2678 = VECTOR('',#2679,1.);
#2679 = DIRECTION('',(1.,0.,-0.));
#2680 = ORIENTED_EDGE('',*,*,#2681,.T.);
#2681 = EDGE_CURVE('',#2672,#2682,#2684,.T.);
#2682 = VERTEX_POINT('',#2683);
#2683 = CARTESIAN_POINT('',(-50.,97.62,6.));
#2684 = LINE('',#2685,#2686);
#2685 = CARTESIAN_POINT('',(-50.,97.62,2.25));
#2686 = VECTOR('',#2687,1.);
#2687 = DIRECTION('',(-0.,0.,-1.));
#2688 = ORIENTED_EDGE('',*,*,#2689,.T.);
#2689 = EDGE_CURVE('',#2682,#2690,#2692,.T.);
#2690 = VERTEX_POINT('',#2691);
#2691 = CARTESIAN_POINT('',(-35.,97.62,6.));
#2692 = LINE('',#2693,#2694);
#2693 = CARTESIAN_POINT('',(-74.381,97.62,6.));
#2694 = VECTOR('',#2695,1.);
#2695 = DIRECTION('',(1.,0.,-0.));
#2696 = ORIENTED_EDGE('',*,*,#2697,.F.);
#2697 = EDGE_CURVE('',#2674,#2690,#2698,.T.);
#2698 = LINE('',#2699,#2700);
#2699 = CARTESIAN_POINT('',(-35.,97.62,2.25));
#2700 = VECTOR('',#2701,1.);
#2701 = DIRECTION('',(-0.,0.,-1.));
#2702 = FACE_BOUND('',#2703,.T.);
#2703 = EDGE_LOOP('',(#2704,#2714,#2722,#2730));
#2704 = ORIENTED_EDGE('',*,*,#2705,.F.);
#2705 = EDGE_CURVE('',#2706,#2708,#2710,.T.);
#2706 = VERTEX_POINT('',#2707);
#2707 = CARTESIAN_POINT('',(-89.5,97.62,17.));
#2708 = VERTEX_POINT('',#2709);
#2709 = CARTESIAN_POINT('',(-3.5,97.62,17.));
#2710 = LINE('',#2711,#2712);
#2711 = CARTESIAN_POINT('',(-94.131,97.62,17.));
#2712 = VECTOR('',#2713,1.);
#2713 = DIRECTION('',(1.,0.,-0.));
#2714 = ORIENTED_EDGE('',*,*,#2715,.T.);
#2715 = EDGE_CURVE('',#2706,#2716,#2718,.T.);
#2716 = VERTEX_POINT('',#2717);
#2717 = CARTESIAN_POINT('',(-89.5,97.62,14.));
#2718 = LINE('',#2719,#2720);
#2719 = CARTESIAN_POINT('',(-89.5,97.62,6.25));
#2720 = VECTOR('',#2721,1.);
#2721 = DIRECTION('',(-0.,0.,-1.));
#2722 = ORIENTED_EDGE('',*,*,#2723,.T.);
#2723 = EDGE_CURVE('',#2716,#2724,#2726,.T.);
#2724 = VERTEX_POINT('',#2725);
#2725 = CARTESIAN_POINT('',(-3.5,97.62,14.));
#2726 = LINE('',#2727,#2728);
#2727 = CARTESIAN_POINT('',(-94.131,97.62,14.));
#2728 = VECTOR('',#2729,1.);
#2729 = DIRECTION('',(1.,0.,-0.));
#2730 = ORIENTED_EDGE('',*,*,#2731,.F.);
#2731 = EDGE_CURVE('',#2708,#2724,#2732,.T.);
#2732 = LINE('',#2733,#2734);
#2733 = CARTESIAN_POINT('',(-3.5,97.62,6.25));
#2734 = VECTOR('',#2735,1.);
#2735 = DIRECTION('',(-0.,0.,-1.));
#2736 = PLANE('',#2737);
#2737 = AXIS2_PLACEMENT_3D('',#2738,#2739,#2740);
#2738 = CARTESIAN_POINT('',(-98.762,97.62,-1.5));
#2739 = DIRECTION('',(-0.,1.,0.));
#2740 = DIRECTION('',(0.,0.,1.));
#2741 = ADVANCED_FACE('',(#2742),#2757,.T.);
#2742 = FACE_BOUND('',#2743,.T.);
#2743 = EDGE_LOOP('',(#2744,#2745,#2746,#2752));
#2744 = ORIENTED_EDGE('',*,*,#2571,.F.);
#2745 = ORIENTED_EDGE('',*,*,#869,.T.);
#2746 = ORIENTED_EDGE('',*,*,#2747,.T.);
#2747 = EDGE_CURVE('',#808,#2628,#2748,.T.);
#2748 = LINE('',#2749,#2750);
#2749 = CARTESIAN_POINT('',(-98.762,97.62,-1.5));
#2750 = VECTOR('',#2751,1.);
#2751 = DIRECTION('',(1.,0.,-0.));
#2752 = ORIENTED_EDGE('',*,*,#2753,.T.);
#2753 = EDGE_CURVE('',#2628,#2564,#2754,.T.);
#2754 = B_SPLINE_CURVE_WITH_KNOTS('',1,(#2755,#2756),.UNSPECIFIED.,.F.,
  .F.,(2,2),(0.,333.19485),.PIECEWISE_BEZIER_KNOTS.);
#2755 = CARTESIAN_POINT('',(-85.60483616967,105.58235712471,-1.5));
#2756 = CARTESIAN_POINT('',(-85.60483616967,97.119191008382,-1.5));
#2757 = B_SPLINE_SURFACE_WITH_KNOTS('',1,1,(
    (#2758,#2759)
    ,(#2760,#2761
    )),.UNSPECIFIED.,.F.,.F.,.F.,(2,2),(2,2),(-1.97202755E+03,
    1.97202755E+03),(-2.825E+03,2.8252224E+03),
  .PIECEWISE_BEZIER_KNOTS.);
#2758 = CARTESIAN_POINT('',(3.417006604013,-37.93357886715,-1.5));
#2759 = CARTESIAN_POINT('',(3.417006604013,105.58235712471,-1.5));
#2760 = CARTESIAN_POINT('',(-96.76219329438,-37.93357886715,-1.5));
#2761 = CARTESIAN_POINT('',(-96.76219329438,105.58235712471,-1.5));
#2762 = ADVANCED_FACE('',(#2763),#2769,.F.);
#2763 = FACE_BOUND('',#2764,.F.);
#2764 = EDGE_LOOP('',(#2765,#2766,#2767,#2768));
#2765 = ORIENTED_EDGE('',*,*,#845,.F.);
#2766 = ORIENTED_EDGE('',*,*,#837,.T.);
#2767 = ORIENTED_EDGE('',*,*,#2532,.T.);
#2768 = ORIENTED_EDGE('',*,*,#853,.F.);
#2769 = PLANE('',#2770);
#2770 = AXIS2_PLACEMENT_3D('',#2771,#2772,#2773);
#2771 = CARTESIAN_POINT('',(-98.26219329438,-32.48,-1.5));
#2772 = DIRECTION('',(0.,0.,1.));
#2773 = DIRECTION('',(1.,0.,-0.));
#2774 = ADVANCED_FACE('',(#2775),#2786,.T.);
#2775 = FACE_BOUND('',#2776,.T.);
#2776 = EDGE_LOOP('',(#2777,#2783,#2784,#2785));
#2777 = ORIENTED_EDGE('',*,*,#2778,.F.);
#2778 = EDGE_CURVE('',#110,#176,#2779,.T.);
#2779 = LINE('',#2780,#2781);
#2780 = CARTESIAN_POINT('',(-98.762,-32.98,-1.5));
#2781 = VECTOR('',#2782,1.);
#2782 = DIRECTION('',(1.,0.,-0.));
#2783 = ORIENTED_EDGE('',*,*,#822,.T.);
#2784 = ORIENTED_EDGE('',*,*,#2539,.T.);
#2785 = ORIENTED_EDGE('',*,*,#1840,.T.);
#2786 = B_SPLINE_SURFACE_WITH_KNOTS('',1,1,(
    (#2787,#2788)
    ,(#2789,#2790
    )),.UNSPECIFIED.,.F.,.F.,.F.,(2,2),(2,2),(-1.97202755E+03,
    1.97202755E+03),(-2.825E+03,2.8252224E+03),
  .PIECEWISE_BEZIER_KNOTS.);
#2787 = CARTESIAN_POINT('',(3.417006604013,-40.93357886715,-1.5));
#2788 = CARTESIAN_POINT('',(3.417006604013,102.58235712471,-1.5));
#2789 = CARTESIAN_POINT('',(-96.76219329438,-40.93357886715,-1.5));
#2790 = CARTESIAN_POINT('',(-96.76219329438,102.58235712471,-1.5));
#2791 = ADVANCED_FACE('',(#2792,#2802),#2816,.T.);
#2792 = FACE_BOUND('',#2793,.T.);
#2793 = EDGE_LOOP('',(#2794,#2799,#2800,#2801));
#2794 = ORIENTED_EDGE('',*,*,#2795,.T.);
#2795 = EDGE_CURVE('',#1812,#883,#2796,.T.);
#2796 = B_SPLINE_CURVE_WITH_KNOTS('',1,(#2797,#2798),.UNSPECIFIED.,.F.,
  .F.,(2,2),(0.,375.),.PIECEWISE_BEZIER_KNOTS.);
#2797 = CARTESIAN_POINT('',(-85.40767081534,-40.93357886715,-1.5));
#2798 = CARTESIAN_POINT('',(-94.93268986538,-40.93357886715,-1.5));
#2799 = ORIENTED_EDGE('',*,*,#882,.T.);
#2800 = ORIENTED_EDGE('',*,*,#2778,.T.);
#2801 = ORIENTED_EDGE('',*,*,#1811,.T.);
#2802 = FACE_BOUND('',#2803,.T.);
#2803 = EDGE_LOOP('',(#2804));
#2804 = ORIENTED_EDGE('',*,*,#2805,.T.);
#2805 = EDGE_CURVE('',#2806,#2806,#2808,.T.);
#2806 = VERTEX_POINT('',#2807);
#2807 = CARTESIAN_POINT('',(-87.64317500635,-36.67907035814,-1.5));
#2808 = ( BOUNDED_CURVE() B_SPLINE_CURVE(2,(#2809,#2810,#2811,#2812,
#2813,#2814,#2815),.UNSPECIFIED.,.T.,.F.) B_SPLINE_CURVE_WITH_KNOTS((1,2
    ,2,2,2,1),(-2.094395102394,0.,2.094395102393,4.188790204786,
6.28318530718,8.377580409573),.UNSPECIFIED.) CURVE() 
GEOMETRIC_REPRESENTATION_ITEM() RATIONAL_B_SPLINE_CURVE((1.,0.5,1.,0.5,
1.,0.5,1.)) REPRESENTATION_ITEM('') );
#2809 = CARTESIAN_POINT('',(-87.64317500635,-36.67907035814,-1.5));
#2810 = CARTESIAN_POINT('',(-87.64317500635,-32.52213962114,-1.5));
#2811 = CARTESIAN_POINT('',(-91.24318262636,-34.60060498964,-1.5));
#2812 = CARTESIAN_POINT('',(-94.84319024638,-36.67907035814,-1.5));
#2813 = CARTESIAN_POINT('',(-91.24318262636,-38.75753572664,-1.5));
#2814 = CARTESIAN_POINT('',(-87.64317500635,-40.83600109514,-1.5));
#2815 = CARTESIAN_POINT('',(-87.64317500635,-36.67907035814,-1.5));
#2816 = B_SPLINE_SURFACE_WITH_KNOTS('',1,1,(
    (#2817,#2818)
    ,(#2819,#2820
    )),.UNSPECIFIED.,.F.,.F.,.F.,(2,2),(2,2),(-1.97202755E+03,
    1.97202755E+03),(-2.825E+03,2.8252224E+03),
  .PIECEWISE_BEZIER_KNOTS.);
#2817 = CARTESIAN_POINT('',(3.417006604013,-40.93357886715,-1.5));
#2818 = CARTESIAN_POINT('',(3.417006604013,102.58235712471,-1.5));
#2819 = CARTESIAN_POINT('',(-96.76219329438,-40.93357886715,-1.5));
#2820 = CARTESIAN_POINT('',(-96.76219329438,102.58235712471,-1.5));
#2821 = ADVANCED_FACE('',(#2822),#2833,.T.);
#2822 = FACE_BOUND('',#2823,.T.);
#2823 = EDGE_LOOP('',(#2824,#2825,#2826,#2827));
#2824 = ORIENTED_EDGE('',*,*,#1820,.T.);
#2825 = ORIENTED_EDGE('',*,*,#925,.T.);
#2826 = ORIENTED_EDGE('',*,*,#896,.T.);
#2827 = ORIENTED_EDGE('',*,*,#2828,.T.);
#2828 = EDGE_CURVE('',#890,#1821,#2829,.T.);
#2829 = LINE('',#2830,#2831);
#2830 = CARTESIAN_POINT('',(-97.76219329438,-40.93357886715,1.5));
#2831 = VECTOR('',#2832,1.);
#2832 = DIRECTION('',(1.,0.,-0.));
#2833 = PLANE('',#2834);
#2834 = AXIS2_PLACEMENT_3D('',#2835,#2836,#2837);
#2835 = CARTESIAN_POINT('',(-97.76219329438,-40.93357886715,1.5));
#2836 = DIRECTION('',(0.,0.,1.));
#2837 = DIRECTION('',(1.,0.,-0.));
#2838 = ADVANCED_FACE('',(#2839),#2845,.T.);
#2839 = FACE_BOUND('',#2840,.T.);
#2840 = EDGE_LOOP('',(#2841,#2842,#2843,#2844));
#2841 = ORIENTED_EDGE('',*,*,#2795,.F.);
#2842 = ORIENTED_EDGE('',*,*,#1827,.T.);
#2843 = ORIENTED_EDGE('',*,*,#2828,.F.);
#2844 = ORIENTED_EDGE('',*,*,#889,.F.);
#2845 = B_SPLINE_SURFACE_WITH_KNOTS('',1,1,(
    (#2846,#2847)
    ,(#2848,#2849
    )),.UNSPECIFIED.,.F.,.F.,.F.,(2,2),(2,2),(0.,375.),(-118.1102,0.),
  .PIECEWISE_BEZIER_KNOTS.);
#2846 = CARTESIAN_POINT('',(-85.40767081534,-40.93357886715,
    1.50000508001));
#2847 = CARTESIAN_POINT('',(-85.40767081534,-40.93357886715,-1.5));
#2848 = CARTESIAN_POINT('',(-94.93268986538,-40.93357886715,
    1.50000508001));
#2849 = CARTESIAN_POINT('',(-94.93268986538,-40.93357886715,-1.5));
#2850 = ADVANCED_FACE('',(#2851),#2857,.F.);
#2851 = FACE_BOUND('',#2852,.F.);
#2852 = EDGE_LOOP('',(#2853,#2854,#2855,#2856));
#2853 = ORIENTED_EDGE('',*,*,#1665,.F.);
#2854 = ORIENTED_EDGE('',*,*,#1234,.F.);
#2855 = ORIENTED_EDGE('',*,*,#1222,.F.);
#2856 = ORIENTED_EDGE('',*,*,#1526,.F.);
#2857 = ( BOUNDED_SURFACE() B_SPLINE_SURFACE(2,1,(
    (#2858,#2859)
    ,(#2860,#2861)
    ,(#2862,#2863)
    ,(#2864,#2865)
    ,(#2866,#2867)
    ,(#2868,#2869)
    ,(#2870,#2871
)),.UNSPECIFIED.,.T.,.F.,.F.) B_SPLINE_SURFACE_WITH_KNOTS((1,2,2,2,2,1),
  (2,2),(-2.094395102394,0.,2.094395102393,4.188790204786,6.28318530718,
    8.377580409573),(0.,118.1102),.UNSPECIFIED.) 
GEOMETRIC_REPRESENTATION_ITEM() RATIONAL_B_SPLINE_SURFACE((
    (1.,1.)
    ,(0.5,0.5)
    ,(1.,1.)
    ,(0.5,0.5)
    ,(1.,1.)
    ,(0.5,0.5)
,(1.,1.))) REPRESENTATION_ITEM('') SURFACE() );
#2858 = CARTESIAN_POINT('',(-87.64317500635,-35.17907035814,-1.5));
#2859 = CARTESIAN_POINT('',(-87.64317500635,-35.17907035814,
    1.50000508001));
#2860 = CARTESIAN_POINT('',(-87.64317500635,-31.02213962114,-1.5));
#2861 = CARTESIAN_POINT('',(-87.64317500635,-31.02213962114,
    1.50000508001));
#2862 = CARTESIAN_POINT('',(-91.24318262636,-33.10060498964,-1.5));
#2863 = CARTESIAN_POINT('',(-91.24318262636,-33.10060498964,
    1.50000508001));
#2864 = CARTESIAN_POINT('',(-94.84319024638,-35.17907035814,-1.5));
#2865 = CARTESIAN_POINT('',(-94.84319024638,-35.17907035814,
    1.50000508001));
#2866 = CARTESIAN_POINT('',(-91.24318262636,-37.25753572664,-1.5));
#2867 = CARTESIAN_POINT('',(-91.24318262636,-37.25753572664,
    1.50000508001));
#2868 = CARTESIAN_POINT('',(-87.64317500635,-39.33600109514,-1.5));
#2869 = CARTESIAN_POINT('',(-87.64317500635,-39.33600109514,
    1.50000508001));
#2870 = CARTESIAN_POINT('',(-87.64317500635,-35.17907035814,-1.5));
#2871 = CARTESIAN_POINT('',(-87.64317500635,-35.17907035814,
    1.50000508001));
#2872 = ADVANCED_FACE('',(#2873),#2885,.F.);
#2873 = FACE_BOUND('',#2874,.F.);
#2874 = EDGE_LOOP('',(#2875,#2880,#2881,#2882,#2883,#2884));
#2875 = ORIENTED_EDGE('',*,*,#2876,.T.);
#2876 = EDGE_CURVE('',#2806,#945,#2877,.T.);
#2877 = B_SPLINE_CURVE_WITH_KNOTS('',1,(#2878,#2879),.UNSPECIFIED.,.F.,
  .F.,(2,2),(0.,118.1102),.PIECEWISE_BEZIER_KNOTS.);
#2878 = CARTESIAN_POINT('',(-87.64317500635,-36.67907035814,-1.5));
#2879 = CARTESIAN_POINT('',(-87.64317500635,-36.67907035814,
    1.50000508001));
#2880 = ORIENTED_EDGE('',*,*,#944,.T.);
#2881 = ORIENTED_EDGE('',*,*,#1389,.T.);
#2882 = ORIENTED_EDGE('',*,*,#1083,.T.);
#2883 = ORIENTED_EDGE('',*,*,#2876,.F.);
#2884 = ORIENTED_EDGE('',*,*,#2805,.T.);
#2885 = ( BOUNDED_SURFACE() B_SPLINE_SURFACE(2,1,(
    (#2886,#2887)
    ,(#2888,#2889)
    ,(#2890,#2891)
    ,(#2892,#2893)
    ,(#2894,#2895)
    ,(#2896,#2897)
    ,(#2898,#2899
)),.UNSPECIFIED.,.T.,.F.,.F.) B_SPLINE_SURFACE_WITH_KNOTS((1,2,2,2,2,1),
  (2,2),(-2.094395102394,0.,2.094395102393,4.188790204786,6.28318530718,
    8.377580409573),(0.,118.1102),.UNSPECIFIED.) 
GEOMETRIC_REPRESENTATION_ITEM() RATIONAL_B_SPLINE_SURFACE((
    (1.,1.)
    ,(0.5,0.5)
    ,(1.,1.)
    ,(0.5,0.5)
    ,(1.,1.)
    ,(0.5,0.5)
,(1.,1.))) REPRESENTATION_ITEM('') SURFACE() );
#2886 = CARTESIAN_POINT('',(-87.64317500635,-36.67907035814,-1.5));
#2887 = CARTESIAN_POINT('',(-87.64317500635,-36.67907035814,
    1.50000508001));
#2888 = CARTESIAN_POINT('',(-87.64317500635,-32.52213962114,-1.5));
#2889 = CARTESIAN_POINT('',(-87.64317500635,-32.52213962114,
    1.50000508001));
#2890 = CARTESIAN_POINT('',(-91.24318262636,-34.60060498964,-1.5));
#2891 = CARTESIAN_POINT('',(-91.24318262636,-34.60060498964,
    1.50000508001));
#2892 = CARTESIAN_POINT('',(-94.84319024638,-36.67907035814,-1.5));
#2893 = CARTESIAN_POINT('',(-94.84319024638,-36.67907035814,
    1.50000508001));
#2894 = CARTESIAN_POINT('',(-91.24318262636,-38.75753572664,-1.5));
#2895 = CARTESIAN_POINT('',(-91.24318262636,-38.75753572664,
    1.50000508001));
#2896 = CARTESIAN_POINT('',(-87.64317500635,-40.83600109514,-1.5));
#2897 = CARTESIAN_POINT('',(-87.64317500635,-40.83600109514,
    1.50000508001));
#2898 = CARTESIAN_POINT('',(-87.64317500635,-36.67907035814,-1.5));
#2899 = CARTESIAN_POINT('',(-87.64317500635,-36.67907035814,
    1.50000508001));
#2900 = ADVANCED_FACE('',(#2901),#2905,.F.);
#2901 = FACE_BOUND('',#2902,.F.);
#2902 = EDGE_LOOP('',(#2903,#2904));
#2903 = ORIENTED_EDGE('',*,*,#1252,.F.);
#2904 = ORIENTED_EDGE('',*,*,#932,.F.);
#2905 = ( BOUNDED_SURFACE() B_SPLINE_SURFACE(2,1,(
    (#2906,#2907)
    ,(#2908,#2909)
    ,(#2910,#2911)
    ,(#2912,#2913)
    ,(#2914,#2915)
    ,(#2916,#2917)
    ,(#2918,#2919
)),.UNSPECIFIED.,.T.,.F.,.F.) B_SPLINE_SURFACE_WITH_KNOTS((1,2,2,2,2,1),
  (2,2),(-2.094395102394,0.,2.094395102393,4.188790204786,6.28318530718,
    8.377580409573),(0.,118.1102),.UNSPECIFIED.) 
GEOMETRIC_REPRESENTATION_ITEM() RATIONAL_B_SPLINE_SURFACE((
    (1.,1.)
    ,(0.5,0.5)
    ,(1.,1.)
    ,(0.5,0.5)
    ,(1.,1.)
    ,(0.5,0.5)
,(1.,1.))) REPRESENTATION_ITEM('') SURFACE() );
#2906 = CARTESIAN_POINT('',(-87.64317500635,-35.17907035814,-1.5));
#2907 = CARTESIAN_POINT('',(-87.64317500635,-35.17907035814,
    1.50000508001));
#2908 = CARTESIAN_POINT('',(-87.64317500635,-31.02213962114,-1.5));
#2909 = CARTESIAN_POINT('',(-87.64317500635,-31.02213962114,
    1.50000508001));
#2910 = CARTESIAN_POINT('',(-91.24318262636,-33.10060498964,-1.5));
#2911 = CARTESIAN_POINT('',(-91.24318262636,-33.10060498964,
    1.50000508001));
#2912 = CARTESIAN_POINT('',(-94.84319024638,-35.17907035814,-1.5));
#2913 = CARTESIAN_POINT('',(-94.84319024638,-35.17907035814,
    1.50000508001));
#2914 = CARTESIAN_POINT('',(-91.24318262636,-37.25753572664,-1.5));
#2915 = CARTESIAN_POINT('',(-91.24318262636,-37.25753572664,
    1.50000508001));
#2916 = CARTESIAN_POINT('',(-87.64317500635,-39.33600109514,-1.5));
#2917 = CARTESIAN_POINT('',(-87.64317500635,-39.33600109514,
    1.50000508001));
#2918 = CARTESIAN_POINT('',(-87.64317500635,-35.17907035814,-1.5));
#2919 = CARTESIAN_POINT('',(-87.64317500635,-35.17907035814,
    1.50000508001));
#2920 = ADVANCED_FACE('',(#2921),#2927,.F.);
#2921 = FACE_BOUND('',#2922,.F.);
#2922 = EDGE_LOOP('',(#2923,#2924,#2925,#2926));
#2923 = ORIENTED_EDGE('',*,*,#2548,.F.);
#2924 = ORIENTED_EDGE('',*,*,#2327,.T.);
#2925 = ORIENTED_EDGE('',*,*,#2319,.T.);
#2926 = ORIENTED_EDGE('',*,*,#2311,.F.);
#2927 = PLANE('',#2928);
#2928 = AXIS2_PLACEMENT_3D('',#2929,#2930,#2931);
#2929 = CARTESIAN_POINT('',(-98.26219329438,-32.48,-1.5));
#2930 = DIRECTION('',(0.,0.,1.));
#2931 = DIRECTION('',(1.,0.,-0.));
#2932 = ADVANCED_FACE('',(#2933),#2948,.T.);
#2933 = FACE_BOUND('',#2934,.T.);
#2934 = EDGE_LOOP('',(#2935,#2936,#2941,#2947));
#2935 = ORIENTED_EDGE('',*,*,#2555,.F.);
#2936 = ORIENTED_EDGE('',*,*,#2937,.T.);
#2937 = EDGE_CURVE('',#2556,#2621,#2938,.T.);
#2938 = B_SPLINE_CURVE_WITH_KNOTS('',1,(#2939,#2940),.UNSPECIFIED.,.F.,
  .F.,(2,2),(7.02755,335.),.PIECEWISE_BEZIER_KNOTS.);
#2939 = CARTESIAN_POINT('',(-8.572517145034,97.119191008382,-1.5));
#2940 = CARTESIAN_POINT('',(-8.572517145034,105.44970789941,-1.5));
#2941 = ORIENTED_EDGE('',*,*,#2942,.T.);
#2942 = EDGE_CURVE('',#2621,#2287,#2943,.T.);
#2943 = LINE('',#2944,#2945);
#2944 = CARTESIAN_POINT('',(-98.762,97.62,-1.5));
#2945 = VECTOR('',#2946,1.);
#2946 = DIRECTION('',(1.,0.,-0.));
#2947 = ORIENTED_EDGE('',*,*,#2296,.T.);
#2948 = B_SPLINE_SURFACE_WITH_KNOTS('',1,1,(
    (#2949,#2950)
    ,(#2951,#2952
    )),.UNSPECIFIED.,.F.,.F.,.F.,(2,2),(2,2),(-1.97202755E+03,
    1.97202755E+03),(-2.825E+03,2.8252224E+03),
  .PIECEWISE_BEZIER_KNOTS.);
#2949 = CARTESIAN_POINT('',(3.417006604013,-37.93357886715,-1.5));
#2950 = CARTESIAN_POINT('',(3.417006604013,105.58235712471,-1.5));
#2951 = CARTESIAN_POINT('',(-96.76219329438,-37.93357886715,-1.5));
#2952 = CARTESIAN_POINT('',(-96.76219329438,105.58235712471,-1.5));
#2953 = ADVANCED_FACE('',(#2954),#2987,.T.);
#2954 = FACE_BOUND('',#2955,.T.);
#2955 = EDGE_LOOP('',(#2956,#2966,#2974,#2980,#2981));
#2956 = ORIENTED_EDGE('',*,*,#2957,.F.);
#2957 = EDGE_CURVE('',#2958,#2960,#2962,.T.);
#2958 = VERTEX_POINT('',#2959);
#2959 = CARTESIAN_POINT('',(4.917,88.5,7.));
#2960 = VERTEX_POINT('',#2961);
#2961 = CARTESIAN_POINT('',(4.917006604013,88.5,7.));
#2962 = LINE('',#2963,#2964);
#2963 = CARTESIAN_POINT('',(4.417,88.5,7.));
#2964 = VECTOR('',#2965,1.);
#2965 = DIRECTION('',(1.,0.,-0.));
#2966 = ORIENTED_EDGE('',*,*,#2967,.T.);
#2967 = EDGE_CURVE('',#2958,#2968,#2970,.T.);
#2968 = VERTEX_POINT('',#2969);
#2969 = CARTESIAN_POINT('',(4.917,47.,7.));
#2970 = LINE('',#2971,#2972);
#2971 = CARTESIAN_POINT('',(4.917,7.26,7.));
#2972 = VECTOR('',#2973,1.);
#2973 = DIRECTION('',(0.,-1.,0.));
#2974 = ORIENTED_EDGE('',*,*,#2975,.T.);
#2975 = EDGE_CURVE('',#2968,#2378,#2976,.T.);
#2976 = LINE('',#2977,#2978);
#2977 = CARTESIAN_POINT('',(4.417,47.,7.));
#2978 = VECTOR('',#2979,1.);
#2979 = DIRECTION('',(1.,0.,-0.));
#2980 = ORIENTED_EDGE('',*,*,#2375,.F.);
#2981 = ORIENTED_EDGE('',*,*,#2982,.F.);
#2982 = EDGE_CURVE('',#2960,#2376,#2983,.T.);
#2983 = LINE('',#2984,#2985);
#2984 = CARTESIAN_POINT('',(4.417,88.5,7.));
#2985 = VECTOR('',#2986,1.);
#2986 = DIRECTION('',(1.,0.,-0.));
#2987 = PLANE('',#2988);
#2988 = AXIS2_PLACEMENT_3D('',#2989,#2990,#2991);
#2989 = CARTESIAN_POINT('',(4.417,47.,7.));
#2990 = DIRECTION('',(0.,0.,1.));
#2991 = DIRECTION('',(1.,0.,-0.));
#2992 = ADVANCED_FACE('',(#2993),#3011,.F.);
#2993 = FACE_BOUND('',#2994,.F.);
#2994 = EDGE_LOOP('',(#2995,#2996,#3004,#3010));
#2995 = ORIENTED_EDGE('',*,*,#2982,.F.);
#2996 = ORIENTED_EDGE('',*,*,#2997,.T.);
#2997 = EDGE_CURVE('',#2960,#2998,#3000,.T.);
#2998 = VERTEX_POINT('',#2999);
#2999 = CARTESIAN_POINT('',(4.917006604013,88.5,24.));
#3000 = LINE('',#3001,#3002);
#3001 = CARTESIAN_POINT('',(4.917006604013,88.5,11.375017780036));
#3002 = VECTOR('',#3003,1.);
#3003 = DIRECTION('',(0.,-0.,1.));
#3004 = ORIENTED_EDGE('',*,*,#3005,.T.);
#3005 = EDGE_CURVE('',#2998,#2394,#3006,.T.);
#3006 = LINE('',#3007,#3008);
#3007 = CARTESIAN_POINT('',(4.417,88.5,24.));
#3008 = VECTOR('',#3009,1.);
#3009 = DIRECTION('',(1.,0.,-0.));
#3010 = ORIENTED_EDGE('',*,*,#2401,.F.);
#3011 = PLANE('',#3012);
#3012 = AXIS2_PLACEMENT_3D('',#3013,#3014,#3015);
#3013 = CARTESIAN_POINT('',(4.417,88.5,7.));
#3014 = DIRECTION('',(-0.,1.,0.));
#3015 = DIRECTION('',(0.,0.,1.));
#3016 = ADVANCED_FACE('',(#3017),#3043,.F.);
#3017 = FACE_BOUND('',#3018,.F.);
#3018 = EDGE_LOOP('',(#3019,#3027,#3035,#3041,#3042));
#3019 = ORIENTED_EDGE('',*,*,#3020,.F.);
#3020 = EDGE_CURVE('',#3021,#2998,#3023,.T.);
#3021 = VERTEX_POINT('',#3022);
#3022 = CARTESIAN_POINT('',(4.917,88.5,24.));
#3023 = LINE('',#3024,#3025);
#3024 = CARTESIAN_POINT('',(4.417,88.5,24.));
#3025 = VECTOR('',#3026,1.);
#3026 = DIRECTION('',(1.,0.,-0.));
#3027 = ORIENTED_EDGE('',*,*,#3028,.T.);
#3028 = EDGE_CURVE('',#3021,#3029,#3031,.T.);
#3029 = VERTEX_POINT('',#3030);
#3030 = CARTESIAN_POINT('',(4.917,47.,24.));
#3031 = LINE('',#3032,#3033);
#3032 = CARTESIAN_POINT('',(4.917,7.26,24.));
#3033 = VECTOR('',#3034,1.);
#3034 = DIRECTION('',(0.,-1.,0.));
#3035 = ORIENTED_EDGE('',*,*,#3036,.T.);
#3036 = EDGE_CURVE('',#3029,#2386,#3037,.T.);
#3037 = LINE('',#3038,#3039);
#3038 = CARTESIAN_POINT('',(4.417,47.,24.));
#3039 = VECTOR('',#3040,1.);
#3040 = DIRECTION('',(1.,0.,-0.));
#3041 = ORIENTED_EDGE('',*,*,#2393,.F.);
#3042 = ORIENTED_EDGE('',*,*,#3005,.F.);
#3043 = PLANE('',#3044);
#3044 = AXIS2_PLACEMENT_3D('',#3045,#3046,#3047);
#3045 = CARTESIAN_POINT('',(4.417,47.,24.));
#3046 = DIRECTION('',(0.,0.,1.));
#3047 = DIRECTION('',(1.,0.,-0.));
#3048 = ADVANCED_FACE('',(#3049),#3060,.T.);
#3049 = FACE_BOUND('',#3050,.T.);
#3050 = EDGE_LOOP('',(#3051,#3052,#3058,#3059));
#3051 = ORIENTED_EDGE('',*,*,#2975,.F.);
#3052 = ORIENTED_EDGE('',*,*,#3053,.T.);
#3053 = EDGE_CURVE('',#2968,#3029,#3054,.T.);
#3054 = LINE('',#3055,#3056);
#3055 = CARTESIAN_POINT('',(4.917,47.,2.75));
#3056 = VECTOR('',#3057,1.);
#3057 = DIRECTION('',(0.,0.,1.));
#3058 = ORIENTED_EDGE('',*,*,#3036,.T.);
#3059 = ORIENTED_EDGE('',*,*,#2385,.F.);
#3060 = PLANE('',#3061);
#3061 = AXIS2_PLACEMENT_3D('',#3062,#3063,#3064);
#3062 = CARTESIAN_POINT('',(4.417,47.,7.));
#3063 = DIRECTION('',(-0.,1.,0.));
#3064 = DIRECTION('',(0.,0.,1.));
#3065 = ADVANCED_FACE('',(#3066),#3091,.F.);
#3066 = FACE_BOUND('',#3067,.F.);
#3067 = EDGE_LOOP('',(#3068,#3069,#3077,#3085));
#3068 = ORIENTED_EDGE('',*,*,#2433,.F.);
#3069 = ORIENTED_EDGE('',*,*,#3070,.T.);
#3070 = EDGE_CURVE('',#2434,#3071,#3073,.T.);
#3071 = VERTEX_POINT('',#3072);
#3072 = CARTESIAN_POINT('',(-98.662,-32.88,35.));
#3073 = LINE('',#3074,#3075);
#3074 = CARTESIAN_POINT('',(-98.662,-32.88,31.));
#3075 = VECTOR('',#3076,1.);
#3076 = DIRECTION('',(0.,0.,1.));
#3077 = ORIENTED_EDGE('',*,*,#3078,.T.);
#3078 = EDGE_CURVE('',#3071,#3079,#3081,.T.);
#3079 = VERTEX_POINT('',#3080);
#3080 = CARTESIAN_POINT('',(5.317,-32.88,35.));
#3081 = LINE('',#3082,#3083);
#3082 = CARTESIAN_POINT('',(-98.662,-32.88,35.));
#3083 = VECTOR('',#3084,1.);
#3084 = DIRECTION('',(1.,0.,-0.));
#3085 = ORIENTED_EDGE('',*,*,#3086,.F.);
#3086 = EDGE_CURVE('',#2436,#3079,#3087,.T.);
#3087 = LINE('',#3088,#3089);
#3088 = CARTESIAN_POINT('',(5.317,-32.88,31.));
#3089 = VECTOR('',#3090,1.);
#3090 = DIRECTION('',(0.,0.,1.));
#3091 = PLANE('',#3092);
#3092 = AXIS2_PLACEMENT_3D('',#3093,#3094,#3095);
#3093 = CARTESIAN_POINT('',(-98.662,-32.88,31.));
#3094 = DIRECTION('',(-0.,1.,0.));
#3095 = DIRECTION('',(0.,0.,1.));
#3096 = ADVANCED_FACE('',(#3097),#3115,.T.);
#3097 = FACE_BOUND('',#3098,.T.);
#3098 = EDGE_LOOP('',(#3099,#3100,#3101,#3109));
#3099 = ORIENTED_EDGE('',*,*,#3086,.F.);
#3100 = ORIENTED_EDGE('',*,*,#2459,.T.);
#3101 = ORIENTED_EDGE('',*,*,#3102,.T.);
#3102 = EDGE_CURVE('',#2452,#3103,#3105,.T.);
#3103 = VERTEX_POINT('',#3104);
#3104 = CARTESIAN_POINT('',(5.317,97.52,35.));
#3105 = LINE('',#3106,#3107);
#3106 = CARTESIAN_POINT('',(5.317,97.52,31.));
#3107 = VECTOR('',#3108,1.);
#3108 = DIRECTION('',(0.,0.,1.));
#3109 = ORIENTED_EDGE('',*,*,#3110,.F.);
#3110 = EDGE_CURVE('',#3079,#3103,#3111,.T.);
#3111 = LINE('',#3112,#3113);
#3112 = CARTESIAN_POINT('',(5.317,-32.88,35.));
#3113 = VECTOR('',#3114,1.);
#3114 = DIRECTION('',(-0.,1.,0.));
#3115 = PLANE('',#3116);
#3116 = AXIS2_PLACEMENT_3D('',#3117,#3118,#3119);
#3117 = CARTESIAN_POINT('',(5.317,-32.88,31.));
#3118 = DIRECTION('',(1.,0.,-0.));
#3119 = DIRECTION('',(0.,0.,1.));
#3120 = ADVANCED_FACE('',(#3121),#3139,.T.);
#3121 = FACE_BOUND('',#3122,.T.);
#3122 = EDGE_LOOP('',(#3123,#3124,#3132,#3138));
#3123 = ORIENTED_EDGE('',*,*,#2451,.F.);
#3124 = ORIENTED_EDGE('',*,*,#3125,.T.);
#3125 = EDGE_CURVE('',#2444,#3126,#3128,.T.);
#3126 = VERTEX_POINT('',#3127);
#3127 = CARTESIAN_POINT('',(-98.662,97.52,35.));
#3128 = LINE('',#3129,#3130);
#3129 = CARTESIAN_POINT('',(-98.662,97.52,31.));
#3130 = VECTOR('',#3131,1.);
#3131 = DIRECTION('',(0.,0.,1.));
#3132 = ORIENTED_EDGE('',*,*,#3133,.T.);
#3133 = EDGE_CURVE('',#3126,#3103,#3134,.T.);
#3134 = LINE('',#3135,#3136);
#3135 = CARTESIAN_POINT('',(-98.662,97.52,35.));
#3136 = VECTOR('',#3137,1.);
#3137 = DIRECTION('',(1.,0.,-0.));
#3138 = ORIENTED_EDGE('',*,*,#3102,.F.);
#3139 = PLANE('',#3140);
#3140 = AXIS2_PLACEMENT_3D('',#3141,#3142,#3143);
#3141 = CARTESIAN_POINT('',(-98.662,97.52,31.));
#3142 = DIRECTION('',(-0.,1.,0.));
#3143 = DIRECTION('',(0.,0.,1.));
#3144 = ADVANCED_FACE('',(#3145),#3156,.F.);
#3145 = FACE_BOUND('',#3146,.F.);
#3146 = EDGE_LOOP('',(#3147,#3148,#3149,#3150));
#3147 = ORIENTED_EDGE('',*,*,#3070,.F.);
#3148 = ORIENTED_EDGE('',*,*,#2443,.T.);
#3149 = ORIENTED_EDGE('',*,*,#3125,.T.);
#3150 = ORIENTED_EDGE('',*,*,#3151,.F.);
#3151 = EDGE_CURVE('',#3071,#3126,#3152,.T.);
#3152 = LINE('',#3153,#3154);
#3153 = CARTESIAN_POINT('',(-98.662,-32.88,35.));
#3154 = VECTOR('',#3155,1.);
#3155 = DIRECTION('',(-0.,1.,0.));
#3156 = PLANE('',#3157);
#3157 = AXIS2_PLACEMENT_3D('',#3158,#3159,#3160);
#3158 = CARTESIAN_POINT('',(-98.662,-32.88,31.));
#3159 = DIRECTION('',(1.,0.,-0.));
#3160 = DIRECTION('',(0.,0.,1.));
#3161 = ADVANCED_FACE('',(#3162),#3168,.F.);
#3162 = FACE_BOUND('',#3163,.F.);
#3163 = EDGE_LOOP('',(#3164,#3165,#3166,#3167));
#3164 = ORIENTED_EDGE('',*,*,#2627,.F.);
#3165 = ORIENTED_EDGE('',*,*,#2753,.T.);
#3166 = ORIENTED_EDGE('',*,*,#2563,.T.);
#3167 = ORIENTED_EDGE('',*,*,#2937,.T.);
#3168 = PLANE('',#3169);
#3169 = AXIS2_PLACEMENT_3D('',#3170,#3171,#3172);
#3170 = CARTESIAN_POINT('',(-98.762,-32.98,-1.5));
#3171 = DIRECTION('',(0.,0.,1.));
#3172 = DIRECTION('',(1.,0.,-0.));
#3173 = ADVANCED_FACE('',(#3174),#3203,.T.);
#3174 = FACE_BOUND('',#3175,.T.);
#3175 = EDGE_LOOP('',(#3176,#3183,#3184,#3191,#3198));
#3176 = ORIENTED_EDGE('',*,*,#3177,.F.);
#3177 = EDGE_CURVE('',#808,#3178,#3180,.T.);
#3178 = VERTEX_POINT('',#3179);
#3179 = CARTESIAN_POINT('',(-95.12985521971,105.58235712471,-1.5));
#3180 = B_SPLINE_CURVE_WITH_KNOTS('',1,(#3181,#3182),.UNSPECIFIED.,.F.,
  .F.,(2,2),(1.80515,335.),.PIECEWISE_BEZIER_KNOTS.);
#3181 = CARTESIAN_POINT('',(-95.12985521971,97.119191008382,-1.5));
#3182 = CARTESIAN_POINT('',(-95.12985521971,105.58235712471,-1.5));
#3183 = ORIENTED_EDGE('',*,*,#2664,.F.);
#3184 = ORIENTED_EDGE('',*,*,#3185,.T.);
#3185 = EDGE_CURVE('',#2658,#3186,#3188,.T.);
#3186 = VERTEX_POINT('',#3187);
#3187 = CARTESIAN_POINT('',(-95.12985521971,104.08235712471,
    1.50000508001));
#3188 = B_SPLINE_CURVE_WITH_KNOTS('',1,(#3189,#3190),.UNSPECIFIED.,.F.,
  .F.,(2,2),(1.80515,335.),.PIECEWISE_BEZIER_KNOTS.);
#3189 = CARTESIAN_POINT('',(-95.12985521971,95.619191008382,
    1.50000508001));
#3190 = CARTESIAN_POINT('',(-95.12985521971,104.08235712471,
    1.50000508001));
#3191 = ORIENTED_EDGE('',*,*,#3192,.F.);
#3192 = EDGE_CURVE('',#3193,#3186,#3195,.T.);
#3193 = VERTEX_POINT('',#3194);
#3194 = CARTESIAN_POINT('',(-95.12985521971,105.58235712471,1.5));
#3195 = B_SPLINE_CURVE_WITH_KNOTS('',1,(#3196,#3197),.UNSPECIFIED.,.F.,
  .F.,(2,2),(0.,1.),.PIECEWISE_BEZIER_KNOTS.);
#3196 = CARTESIAN_POINT('',(-95.12985521971,105.58235712471,1.5));
#3197 = CARTESIAN_POINT('',(-95.12985521971,97.12,1.5));
#3198 = ORIENTED_EDGE('',*,*,#3199,.F.);
#3199 = EDGE_CURVE('',#3178,#3193,#3200,.T.);
#3200 = B_SPLINE_CURVE_WITH_KNOTS('',1,(#3201,#3202),.UNSPECIFIED.,.F.,
  .F.,(2,2),(0.,118.1102),.PIECEWISE_BEZIER_KNOTS.);
#3201 = CARTESIAN_POINT('',(-95.12985521971,105.58235712471,-1.5));
#3202 = CARTESIAN_POINT('',(-95.12985521971,105.58235712471,
    1.50000508001));
#3203 = B_SPLINE_SURFACE_WITH_KNOTS('',1,1,(
    (#3204,#3205)
    ,(#3206,#3207
  )),.UNSPECIFIED.,.F.,.F.,.F.,(2,2),(2,2),(1.80515,335.),(-118.1102,0.)
  ,.PIECEWISE_BEZIER_KNOTS.);
#3204 = CARTESIAN_POINT('',(-95.12985521971,97.119191008382,
    1.50000508001));
#3205 = CARTESIAN_POINT('',(-95.12985521971,97.119191008382,-1.5));
#3206 = CARTESIAN_POINT('',(-95.12985521971,105.58235712471,
    1.50000508001));
#3207 = CARTESIAN_POINT('',(-95.12985521971,105.58235712471,-1.5));
#3208 = ADVANCED_FACE('',(#3209),#3538,.F.);
#3209 = FACE_BOUND('',#3210,.F.);
#3210 = EDGE_LOOP('',(#3211,#3218,#3223,#3224,#3236,#3248,#3387,#3526,
    #3536,#3537));
#3211 = ORIENTED_EDGE('',*,*,#3212,.T.);
#3212 = EDGE_CURVE('',#3186,#3213,#3215,.T.);
#3213 = VERTEX_POINT('',#3214);
#3214 = CARTESIAN_POINT('',(-85.60483616967,104.08235712471,
    1.50000508001));
#3215 = B_SPLINE_CURVE_WITH_KNOTS('',1,(#3216,#3217),.UNSPECIFIED.,.F.,
  .F.,(2,2),(0.,375.),.PIECEWISE_BEZIER_KNOTS.);
#3216 = CARTESIAN_POINT('',(-95.12985521971,104.08235712471,
    1.50000508001));
#3217 = CARTESIAN_POINT('',(-85.60483616967,104.08235712471,
    1.50000508001));
#3218 = ORIENTED_EDGE('',*,*,#3219,.T.);
#3219 = EDGE_CURVE('',#3213,#2636,#3220,.T.);
#3220 = B_SPLINE_CURVE_WITH_KNOTS('',1,(#3221,#3222),.UNSPECIFIED.,.F.,
  .F.,(2,2),(0.,333.19485),.PIECEWISE_BEZIER_KNOTS.);
#3221 = CARTESIAN_POINT('',(-85.60483616967,104.08235712471,
    1.50000508001));
#3222 = CARTESIAN_POINT('',(-85.60483616967,95.619191008382,
    1.50000508001));
#3223 = ORIENTED_EDGE('',*,*,#2642,.F.);
#3224 = ORIENTED_EDGE('',*,*,#3225,.T.);
#3225 = EDGE_CURVE('',#2643,#3226,#3228,.T.);
#3226 = VERTEX_POINT('',#3227);
#3227 = CARTESIAN_POINT('',(-87.84034036068,99.827848615697,
    1.50000508001));
#3228 = ( BOUNDED_CURVE() B_SPLINE_CURVE(2,(#3229,#3230,#3231,#3232,
#3233,#3234,#3235),.UNSPECIFIED.,.T.,.F.) B_SPLINE_CURVE_WITH_KNOTS((1,2
    ,2,2,2,1),(-2.094395102394,0.,2.094395102393,4.188790204786,
6.28318530718,8.377580409573),.UNSPECIFIED.) CURVE() 
GEOMETRIC_REPRESENTATION_ITEM() RATIONAL_B_SPLINE_CURVE((1.,0.5,1.,0.5,
1.,0.5,1.)) REPRESENTATION_ITEM('') );
#3229 = CARTESIAN_POINT('',(-87.84034036068,99.827848615697,
    1.50000508001));
#3230 = CARTESIAN_POINT('',(-87.84034036068,103.98477935269,
    1.50000508001));
#3231 = CARTESIAN_POINT('',(-91.44034798069,101.90631398419,
    1.50000508001));
#3232 = CARTESIAN_POINT('',(-95.04035560071,99.827848615697,
    1.50000508001));
#3233 = CARTESIAN_POINT('',(-91.44034798069,97.749383247197,
    1.50000508001));
#3234 = CARTESIAN_POINT('',(-87.84034036068,95.670917878696,
    1.50000508001));
#3235 = CARTESIAN_POINT('',(-87.84034036068,99.827848615697,
    1.50000508001));
#3236 = ORIENTED_EDGE('',*,*,#3237,.T.);
#3237 = EDGE_CURVE('',#3226,#3238,#3240,.T.);
#3238 = VERTEX_POINT('',#3239);
#3239 = CARTESIAN_POINT('',(-87.96053745174,100.57784856078,
    1.500002539676));
#3240 = ( BOUNDED_CURVE() B_SPLINE_CURVE(2,(#3241,#3242,#3243,#3244,
#3245,#3246,#3247),.UNSPECIFIED.,.T.,.F.) B_SPLINE_CURVE_WITH_KNOTS((1,2
    ,2,2,2,1),(-2.094395102394,0.,2.094395102393,4.188790204786,
6.28318530718,8.377580409573),.UNSPECIFIED.) CURVE() 
GEOMETRIC_REPRESENTATION_ITEM() RATIONAL_B_SPLINE_CURVE((1.,0.5,1.,0.5,
1.,0.5,1.)) REPRESENTATION_ITEM('') );
#3241 = CARTESIAN_POINT('',(-87.84034036068,99.827848615697,
    1.50000508001));
#3242 = CARTESIAN_POINT('',(-87.84034036068,103.98477935269,
    1.50000508001));
#3243 = CARTESIAN_POINT('',(-91.44034798069,101.90631398419,
    1.50000508001));
#3244 = CARTESIAN_POINT('',(-95.04035560071,99.827848615697,
    1.50000508001));
#3245 = CARTESIAN_POINT('',(-91.44034798069,97.749383247197,
    1.50000508001));
#3246 = CARTESIAN_POINT('',(-87.84034036068,95.670917878696,
    1.50000508001));
#3247 = CARTESIAN_POINT('',(-87.84034036068,99.827848615697,
    1.50000508001));
#3248 = ORIENTED_EDGE('',*,*,#3249,.F.);
#3249 = EDGE_CURVE('',#3250,#3238,#3252,.T.);
#3250 = VERTEX_POINT('',#3251);
#3251 = CARTESIAN_POINT('',(-87.84034036068,101.32784861569,1.5));
#3252 = B_SPLINE_CURVE_WITH_KNOTS('',5,(#3253,#3254,#3255,#3256,#3257,
    #3258,#3259,#3260,#3261,#3262,#3263,#3264,#3265,#3266,#3267,#3268,
    #3269,#3270,#3271,#3272,#3273,#3274,#3275,#3276,#3277,#3278,#3279,
    #3280,#3281,#3282,#3283,#3284,#3285,#3286,#3287,#3288,#3289,#3290,
    #3291,#3292,#3293,#3294,#3295,#3296,#3297,#3298,#3299,#3300,#3301,
    #3302,#3303,#3304,#3305,#3306,#3307,#3308,#3309,#3310,#3311,#3312,
    #3313,#3314,#3315,#3316,#3317,#3318,#3319,#3320,#3321,#3322,#3323,
    #3324,#3325,#3326,#3327,#3328,#3329,#3330,#3331,#3332,#3333,#3334,
    #3335,#3336,#3337,#3338,#3339,#3340,#3341,#3342,#3343,#3344,#3345,
    #3346,#3347,#3348,#3349,#3350,#3351,#3352,#3353,#3354,#3355,#3356,
    #3357,#3358,#3359,#3360,#3361,#3362,#3363,#3364,#3365,#3366,#3367,
    #3368,#3369,#3370,#3371,#3372,#3373,#3374,#3375,#3376,#3377,#3378,
    #3379,#3380,#3381,#3382,#3383,#3384,#3385,#3386),.UNSPECIFIED.,.T.,
  .F.,(1,5,4,4,4,4,4,4,4,4,4,4,4,4,4,4,4,4,4,4,4,4,4,4,4,4,4,4,4,4,4,4,4
    ,4,5,1),(-4.8028733054E-02,0.,4.714027220377E-02,8.077286134411E-02,
    0.105625788513,0.123657959426,0.166889550156,0.216503336071,
    0.2375345407,0.266044111382,0.305302637806,0.332770329998,
    0.339605183085,0.360688273858,0.399294675244,0.427326415018,
    0.44695804461,0.496767502925,0.54657696124,0.566208590832,
    0.594240330607,0.632846731992,0.647030548643,0.653994219385,
    0.660957890129,0.688943270658,0.72894170931,0.757988604794,
    0.779416188168,0.829965053674,0.87401143766,0.892383464011,
    0.91770479859,0.951971266946,1.,1.047140272204),.UNSPECIFIED.);
#3253 = CARTESIAN_POINT('',(-87.84034036068,101.32784861569,1.5));
#3254 = CARTESIAN_POINT('',(-87.84034026336,101.19012020925,1.5));
#3255 = CARTESIAN_POINT('',(-87.85022052664,101.05123173215,1.5));
#3256 = CARTESIAN_POINT('',(-87.87031122358,100.91234702356,1.5));
#3257 = CARTESIAN_POINT('',(-87.90069775833,100.77464257423,1.5));
#3258 = CARTESIAN_POINT('',(-87.97015511054,100.54272304333,1.5));
#3259 = CARTESIAN_POINT('',(-88.00424345251,100.44734933827,1.5));
#3260 = CARTESIAN_POINT('',(-88.04344595682,100.35359287566,1.5));
#3261 = CARTESIAN_POINT('',(-88.08765455091,100.26186092478,1.5));
#3262 = CARTESIAN_POINT('',(-88.17295349334,100.10654403128,1.5));
#3263 = CARTESIAN_POINT('',(-88.2118456927,100.0418617758,1.5));
#3264 = CARTESIAN_POINT('',(-88.25331753994,99.978655221982,1.5));
#3265 = CARTESIAN_POINT('',(-88.29728923422,99.917073781816,1.5));
#3266 = CARTESIAN_POINT('',(-88.37731600017,99.813860028817,1.5));
#3267 = CARTESIAN_POINT('',(-88.41223191041,99.771390960269,1.5));
#3268 = CARTESIAN_POINT('',(-88.44837846793,99.729905733292,1.5));
#3269 = CARTESIAN_POINT('',(-88.48571627119,99.689455569346,1.5));
#3270 = CARTESIAN_POINT('',(-88.61647137548,99.55570896553,1.5));
#3271 = CARTESIAN_POINT('',(-88.71534371454,99.467554709777,1.5));
#3272 = CARTESIAN_POINT('',(-88.82022153193,99.386299489385,1.5));
#3273 = CARTESIAN_POINT('',(-88.9304157495,99.312504234839,1.5));
#3274 = CARTESIAN_POINT('',(-89.1768134117,99.171004094412,1.5));
#3275 = CARTESIAN_POINT('',(-89.31446518275,99.105801126826,1.5));
#3276 = CARTESIAN_POINT('',(-89.45691641638,99.051686460658,1.5));
#3277 = CARTESIAN_POINT('',(-89.60289916963,99.009100707968,1.5));
#3278 = CARTESIAN_POINT('',(-89.81386916434,98.965168337646,1.5));
#3279 = CARTESIAN_POINT('',(-89.87706888104,98.954197166999,1.5));
#3280 = CARTESIAN_POINT('',(-89.94055998477,98.945348773189,1.5));
#3281 = CARTESIAN_POINT('',(-90.00424013792,98.93862993801,1.5));
#3282 = CARTESIAN_POINT('',(-90.15444685912,98.927816013683,1.5));
#3283 = CARTESIAN_POINT('',(-90.24104618175,98.925503347607,1.5));
#3284 = CARTESIAN_POINT('',(-90.32754726465,98.927097474858,1.5));
#3285 = CARTESIAN_POINT('',(-90.41369616383,98.932566117937,1.5));
#3286 = CARTESIAN_POINT('',(-90.61704095849,98.954630391459,1.5));
#3287 = CARTESIAN_POINT('',(-90.73369979889,98.97464403983,1.5));
#3288 = CARTESIAN_POINT('',(-90.84856017658,99.001729800384,1.5));
#3289 = CARTESIAN_POINT('',(-90.96100226381,99.035626135152,1.5));
#3290 = CARTESIAN_POINT('',(-91.14701785213,99.104196289663,1.5));
#3291 = CARTESIAN_POINT('',(-91.22212416411,99.135579365558,1.5));
#3292 = CARTESIAN_POINT('',(-91.29556585063,99.169994266503,1.5));
#3293 = CARTESIAN_POINT('',(-91.36716113325,99.20729355697,1.5));
#3294 = CARTESIAN_POINT('',(-91.45403181775,99.257247912001,1.5));
#3295 = CARTESIAN_POINT('',(-91.47130805308,99.267421233385,1.5));
#3296 = CARTESIAN_POINT('',(-91.48858270371,99.277838105769,1.5));
#3297 = CARTESIAN_POINT('',(-91.50585291396,99.288502613283,1.5));
#3298 = CARTESIAN_POINT('',(-91.57631890463,99.333064486955,1.5));
#3299 = CARTESIAN_POINT('',(-91.62861860845,99.368581201258,1.5));
#3300 = CARTESIAN_POINT('',(-91.67989508351,99.405928268672,1.5));
#3301 = CARTESIAN_POINT('',(-91.73004554928,99.445062886284,1.5));
#3302 = CARTESIAN_POINT('',(-91.86856312567,99.560772060056,1.5));
#3303 = CARTESIAN_POINT('',(-91.95405140491,99.641432630386,1.5));
#3304 = CARTESIAN_POINT('',(-92.03483095596,99.727590908479,1.5));
#3305 = CARTESIAN_POINT('',(-92.11036542675,99.818838701021,1.5));
#3306 = CARTESIAN_POINT('',(-92.2308853582,99.984275544775,1.5));
#3307 = CARTESIAN_POINT('',(-92.27857240828,100.05629270155,1.5));
#3308 = CARTESIAN_POINT('',(-92.32307110345,100.13054734716,1.5));
#3309 = CARTESIAN_POINT('',(-92.36422683433,100.20683498275,1.5));
#3310 = CARTESIAN_POINT('',(-92.42829790154,100.3396297887,1.5));
#3311 = CARTESIAN_POINT('',(-92.45298363075,100.39521421837,1.5));
#3312 = CARTESIAN_POINT('',(-92.47592042885,100.4516115504,1.5));
#3313 = CARTESIAN_POINT('',(-92.49706936798,100.5087429787,1.5));
#3314 = CARTESIAN_POINT('',(-92.56543711896,100.7131349264,1.5));
#3315 = CARTESIAN_POINT('',(-92.60275751494,100.8639506206,1.5));
#3316 = CARTESIAN_POINT('',(-92.62781899622,101.01762007397,1.5));
#3317 = CARTESIAN_POINT('',(-92.64035066657,101.17273820488,1.5));
#3318 = CARTESIAN_POINT('',(-92.64035066657,101.4829590265,1.5));
#3319 = CARTESIAN_POINT('',(-92.62781899622,101.63807715741,1.5));
#3320 = CARTESIAN_POINT('',(-92.60275751494,101.79174661077,1.5));
#3321 = CARTESIAN_POINT('',(-92.56543711896,101.94256230498,1.5));
#3322 = CARTESIAN_POINT('',(-92.49706936798,102.14695425267,1.5));
#3323 = CARTESIAN_POINT('',(-92.47592042885,102.20408568098,1.5));
#3324 = CARTESIAN_POINT('',(-92.45298363075,102.26048301301,1.5));
#3325 = CARTESIAN_POINT('',(-92.42829790154,102.31606744268,1.5));
#3326 = CARTESIAN_POINT('',(-92.36422683433,102.44886224863,1.5));
#3327 = CARTESIAN_POINT('',(-92.32307110345,102.52514988422,1.5));
#3328 = CARTESIAN_POINT('',(-92.27857240828,102.59940452983,1.5));
#3329 = CARTESIAN_POINT('',(-92.2308853582,102.67142168661,1.5));
#3330 = CARTESIAN_POINT('',(-92.11036542676,102.83685853036,1.5));
#3331 = CARTESIAN_POINT('',(-92.03483095596,102.9281063229,1.5));
#3332 = CARTESIAN_POINT('',(-91.95405140491,103.014264601,1.5));
#3333 = CARTESIAN_POINT('',(-91.86856312567,103.09492517133,1.5));
#3334 = CARTESIAN_POINT('',(-91.74605626952,103.19725994773,1.5));
#3335 = CARTESIAN_POINT('',(-91.71258667447,103.22397012684,1.5));
#3336 = CARTESIAN_POINT('',(-91.67859288555,103.24987898432,1.5));
#3337 = CARTESIAN_POINT('',(-91.64410573739,103.27497256557,1.5));
#3338 = CARTESIAN_POINT('',(-91.5919986785,103.31115248997,1.5));
#3339 = CARTESIAN_POINT('',(-91.57480833748,103.32281172478,1.5));
#3340 = CARTESIAN_POINT('',(-91.55759192861,103.33421868928,1.5));
#3341 = CARTESIAN_POINT('',(-91.54035512052,103.3453757806,1.5));
#3342 = CARTESIAN_POINT('',(-91.50585291397,103.3671946181,1.5));
#3343 = CARTESIAN_POINT('',(-91.48858270371,103.37785912561,1.5));
#3344 = CARTESIAN_POINT('',(-91.47130805308,103.388275998,1.5));
#3345 = CARTESIAN_POINT('',(-91.45403181775,103.39844931938,1.5));
#3346 = CARTESIAN_POINT('',(-91.36716113325,103.44840367441,1.5));
#3347 = CARTESIAN_POINT('',(-91.29556585063,103.48570296488,1.5));
#3348 = CARTESIAN_POINT('',(-91.22212416411,103.52011786582,1.5));
#3349 = CARTESIAN_POINT('',(-91.14701785213,103.55150094172,1.5));
#3350 = CARTESIAN_POINT('',(-90.96100226381,103.62007109623,1.5));
#3351 = CARTESIAN_POINT('',(-90.84856017658,103.653967431,1.5));
#3352 = CARTESIAN_POINT('',(-90.73369979889,103.68105319155,1.5));
#3353 = CARTESIAN_POINT('',(-90.61704095849,103.70106683992,1.5));
#3354 = CARTESIAN_POINT('',(-90.41369616383,103.72313111345,1.5));
#3355 = CARTESIAN_POINT('',(-90.32754726465,103.72859975652,1.5));
#3356 = CARTESIAN_POINT('',(-90.24104618175,103.73019388378,1.5));
#3357 = CARTESIAN_POINT('',(-90.15444685913,103.7278812177,1.5));
#3358 = CARTESIAN_POINT('',(-90.00424013792,103.71706729337,1.5));
#3359 = CARTESIAN_POINT('',(-89.94055998477,103.71034845819,1.5));
#3360 = CARTESIAN_POINT('',(-89.87706888104,103.70150006438,1.5));
#3361 = CARTESIAN_POINT('',(-89.81386916434,103.69052889374,1.5));
#3362 = CARTESIAN_POINT('',(-89.60289916963,103.64659652342,1.5));
#3363 = CARTESIAN_POINT('',(-89.45691641638,103.60401077073,1.5));
#3364 = CARTESIAN_POINT('',(-89.31446518275,103.54989610456,1.5));
#3365 = CARTESIAN_POINT('',(-89.1768134117,103.48469313697,1.5));
#3366 = CARTESIAN_POINT('',(-88.9304157495,103.34319299655,1.5));
#3367 = CARTESIAN_POINT('',(-88.82022153193,103.269397742,1.5));
#3368 = CARTESIAN_POINT('',(-88.71534371454,103.18814252161,1.5));
#3369 = CARTESIAN_POINT('',(-88.61647137548,103.09998826586,1.5));
#3370 = CARTESIAN_POINT('',(-88.48571627119,102.96624166204,1.5));
#3371 = CARTESIAN_POINT('',(-88.44837846793,102.92579149809,1.5));
#3372 = CARTESIAN_POINT('',(-88.41223191041,102.88430627112,1.5));
#3373 = CARTESIAN_POINT('',(-88.37731600017,102.84183720257,1.5));
#3374 = CARTESIAN_POINT('',(-88.29728923422,102.73862344957,1.5));
#3375 = CARTESIAN_POINT('',(-88.25331753994,102.67704200941,1.5));
#3376 = CARTESIAN_POINT('',(-88.2118456927,102.61383545558,1.5));
#3377 = CARTESIAN_POINT('',(-88.17295349334,102.5491532001,1.5));
#3378 = CARTESIAN_POINT('',(-88.08765455091,102.3938363066,1.5));
#3379 = CARTESIAN_POINT('',(-88.04344595682,102.30210435572,1.5));
#3380 = CARTESIAN_POINT('',(-88.00424345251,102.20834789311,1.5));
#3381 = CARTESIAN_POINT('',(-87.97015511054,102.11297418805,1.5));
#3382 = CARTESIAN_POINT('',(-87.90069775833,101.88105465715,1.5));
#3383 = CARTESIAN_POINT('',(-87.87031122358,101.74335020783,1.5));
#3384 = CARTESIAN_POINT('',(-87.85022052664,101.60446549923,1.5));
#3385 = CARTESIAN_POINT('',(-87.84034026336,101.46557702214,1.5));
#3386 = CARTESIAN_POINT('',(-87.84034036068,101.32784861569,1.5));
#3387 = ORIENTED_EDGE('',*,*,#3388,.F.);
#3388 = EDGE_CURVE('',#3389,#3250,#3391,.T.);
#3389 = VERTEX_POINT('',#3390);
#3390 = CARTESIAN_POINT('',(-92.52015344707,100.57784850785,
    1.500002538737));
#3391 = B_SPLINE_CURVE_WITH_KNOTS('',5,(#3392,#3393,#3394,#3395,#3396,
    #3397,#3398,#3399,#3400,#3401,#3402,#3403,#3404,#3405,#3406,#3407,
    #3408,#3409,#3410,#3411,#3412,#3413,#3414,#3415,#3416,#3417,#3418,
    #3419,#3420,#3421,#3422,#3423,#3424,#3425,#3426,#3427,#3428,#3429,
    #3430,#3431,#3432,#3433,#3434,#3435,#3436,#3437,#3438,#3439,#3440,
    #3441,#3442,#3443,#3444,#3445,#3446,#3447,#3448,#3449,#3450,#3451,
    #3452,#3453,#3454,#3455,#3456,#3457,#3458,#3459,#3460,#3461,#3462,
    #3463,#3464,#3465,#3466,#3467,#3468,#3469,#3470,#3471,#3472,#3473,
    #3474,#3475,#3476,#3477,#3478,#3479,#3480,#3481,#3482,#3483,#3484,
    #3485,#3486,#3487,#3488,#3489,#3490,#3491,#3492,#3493,#3494,#3495,
    #3496,#3497,#3498,#3499,#3500,#3501,#3502,#3503,#3504,#3505,#3506,
    #3507,#3508,#3509,#3510,#3511,#3512,#3513,#3514,#3515,#3516,#3517,
    #3518,#3519,#3520,#3521,#3522,#3523,#3524,#3525),.UNSPECIFIED.,.T.,
  .F.,(1,5,4,4,4,4,4,4,4,4,4,4,4,4,4,4,4,4,4,4,4,4,4,4,4,4,4,4,4,4,4,4,4
    ,4,5,1),(-4.8028733054E-02,0.,4.714027220377E-02,8.077286134411E-02,
    0.105625788513,0.123657959426,0.166889550156,0.216503336071,
    0.2375345407,0.266044111382,0.305302637806,0.332770329998,
    0.339605183085,0.360688273858,0.399294675244,0.427326415018,
    0.44695804461,0.496767502925,0.54657696124,0.566208590832,
    0.594240330607,0.632846731992,0.647030548643,0.653994219385,
    0.660957890129,0.688943270658,0.72894170931,0.757988604794,
    0.779416188168,0.829965053674,0.87401143766,0.892383464011,
    0.91770479859,0.951971266946,1.,1.047140272204),.UNSPECIFIED.);
#3392 = CARTESIAN_POINT('',(-87.84034036068,101.32784861569,1.5));
#3393 = CARTESIAN_POINT('',(-87.84034026336,101.19012020925,1.5));
#3394 = CARTESIAN_POINT('',(-87.85022052664,101.05123173215,1.5));
#3395 = CARTESIAN_POINT('',(-87.87031122358,100.91234702356,1.5));
#3396 = CARTESIAN_POINT('',(-87.90069775833,100.77464257423,1.5));
#3397 = CARTESIAN_POINT('',(-87.97015511054,100.54272304333,1.5));
#3398 = CARTESIAN_POINT('',(-88.00424345251,100.44734933827,1.5));
#3399 = CARTESIAN_POINT('',(-88.04344595682,100.35359287566,1.5));
#3400 = CARTESIAN_POINT('',(-88.08765455091,100.26186092478,1.5));
#3401 = CARTESIAN_POINT('',(-88.17295349334,100.10654403128,1.5));
#3402 = CARTESIAN_POINT('',(-88.2118456927,100.0418617758,1.5));
#3403 = CARTESIAN_POINT('',(-88.25331753994,99.978655221982,1.5));
#3404 = CARTESIAN_POINT('',(-88.29728923422,99.917073781816,1.5));
#3405 = CARTESIAN_POINT('',(-88.37731600017,99.813860028817,1.5));
#3406 = CARTESIAN_POINT('',(-88.41223191041,99.771390960269,1.5));
#3407 = CARTESIAN_POINT('',(-88.44837846793,99.729905733292,1.5));
#3408 = CARTESIAN_POINT('',(-88.48571627119,99.689455569346,1.5));
#3409 = CARTESIAN_POINT('',(-88.61647137548,99.55570896553,1.5));
#3410 = CARTESIAN_POINT('',(-88.71534371454,99.467554709777,1.5));
#3411 = CARTESIAN_POINT('',(-88.82022153193,99.386299489385,1.5));
#3412 = CARTESIAN_POINT('',(-88.9304157495,99.312504234839,1.5));
#3413 = CARTESIAN_POINT('',(-89.1768134117,99.171004094412,1.5));
#3414 = CARTESIAN_POINT('',(-89.31446518275,99.105801126826,1.5));
#3415 = CARTESIAN_POINT('',(-89.45691641638,99.051686460658,1.5));
#3416 = CARTESIAN_POINT('',(-89.60289916963,99.009100707968,1.5));
#3417 = CARTESIAN_POINT('',(-89.81386916434,98.965168337646,1.5));
#3418 = CARTESIAN_POINT('',(-89.87706888104,98.954197166999,1.5));
#3419 = CARTESIAN_POINT('',(-89.94055998477,98.945348773189,1.5));
#3420 = CARTESIAN_POINT('',(-90.00424013792,98.93862993801,1.5));
#3421 = CARTESIAN_POINT('',(-90.15444685912,98.927816013683,1.5));
#3422 = CARTESIAN_POINT('',(-90.24104618175,98.925503347607,1.5));
#3423 = CARTESIAN_POINT('',(-90.32754726465,98.927097474858,1.5));
#3424 = CARTESIAN_POINT('',(-90.41369616383,98.932566117937,1.5));
#3425 = CARTESIAN_POINT('',(-90.61704095849,98.954630391459,1.5));
#3426 = CARTESIAN_POINT('',(-90.73369979889,98.97464403983,1.5));
#3427 = CARTESIAN_POINT('',(-90.84856017658,99.001729800384,1.5));
#3428 = CARTESIAN_POINT('',(-90.96100226381,99.035626135152,1.5));
#3429 = CARTESIAN_POINT('',(-91.14701785213,99.104196289663,1.5));
#3430 = CARTESIAN_POINT('',(-91.22212416411,99.135579365558,1.5));
#3431 = CARTESIAN_POINT('',(-91.29556585063,99.169994266503,1.5));
#3432 = CARTESIAN_POINT('',(-91.36716113325,99.20729355697,1.5));
#3433 = CARTESIAN_POINT('',(-91.45403181775,99.257247912001,1.5));
#3434 = CARTESIAN_POINT('',(-91.47130805308,99.267421233385,1.5));
#3435 = CARTESIAN_POINT('',(-91.48858270371,99.277838105769,1.5));
#3436 = CARTESIAN_POINT('',(-91.50585291396,99.288502613283,1.5));
#3437 = CARTESIAN_POINT('',(-91.57631890463,99.333064486955,1.5));
#3438 = CARTESIAN_POINT('',(-91.62861860845,99.368581201258,1.5));
#3439 = CARTESIAN_POINT('',(-91.67989508351,99.405928268672,1.5));
#3440 = CARTESIAN_POINT('',(-91.73004554928,99.445062886284,1.5));
#3441 = CARTESIAN_POINT('',(-91.86856312567,99.560772060056,1.5));
#3442 = CARTESIAN_POINT('',(-91.95405140491,99.641432630386,1.5));
#3443 = CARTESIAN_POINT('',(-92.03483095596,99.727590908479,1.5));
#3444 = CARTESIAN_POINT('',(-92.11036542675,99.818838701021,1.5));
#3445 = CARTESIAN_POINT('',(-92.2308853582,99.984275544775,1.5));
#3446 = CARTESIAN_POINT('',(-92.27857240828,100.05629270155,1.5));
#3447 = CARTESIAN_POINT('',(-92.32307110345,100.13054734716,1.5));
#3448 = CARTESIAN_POINT('',(-92.36422683433,100.20683498275,1.5));
#3449 = CARTESIAN_POINT('',(-92.42829790154,100.3396297887,1.5));
#3450 = CARTESIAN_POINT('',(-92.45298363075,100.39521421837,1.5));
#3451 = CARTESIAN_POINT('',(-92.47592042885,100.4516115504,1.5));
#3452 = CARTESIAN_POINT('',(-92.49706936798,100.5087429787,1.5));
#3453 = CARTESIAN_POINT('',(-92.56543711896,100.7131349264,1.5));
#3454 = CARTESIAN_POINT('',(-92.60275751494,100.8639506206,1.5));
#3455 = CARTESIAN_POINT('',(-92.62781899622,101.01762007397,1.5));
#3456 = CARTESIAN_POINT('',(-92.64035066657,101.17273820488,1.5));
#3457 = CARTESIAN_POINT('',(-92.64035066657,101.4829590265,1.5));
#3458 = CARTESIAN_POINT('',(-92.62781899622,101.63807715741,1.5));
#3459 = CARTESIAN_POINT('',(-92.60275751494,101.79174661077,1.5));
#3460 = CARTESIAN_POINT('',(-92.56543711896,101.94256230498,1.5));
#3461 = CARTESIAN_POINT('',(-92.49706936798,102.14695425267,1.5));
#3462 = CARTESIAN_POINT('',(-92.47592042885,102.20408568098,1.5));
#3463 = CARTESIAN_POINT('',(-92.45298363075,102.26048301301,1.5));
#3464 = CARTESIAN_POINT('',(-92.42829790154,102.31606744268,1.5));
#3465 = CARTESIAN_POINT('',(-92.36422683433,102.44886224863,1.5));
#3466 = CARTESIAN_POINT('',(-92.32307110345,102.52514988422,1.5));
#3467 = CARTESIAN_POINT('',(-92.27857240828,102.59940452983,1.5));
#3468 = CARTESIAN_POINT('',(-92.2308853582,102.67142168661,1.5));
#3469 = CARTESIAN_POINT('',(-92.11036542676,102.83685853036,1.5));
#3470 = CARTESIAN_POINT('',(-92.03483095596,102.9281063229,1.5));
#3471 = CARTESIAN_POINT('',(-91.95405140491,103.014264601,1.5));
#3472 = CARTESIAN_POINT('',(-91.86856312567,103.09492517133,1.5));
#3473 = CARTESIAN_POINT('',(-91.74605626952,103.19725994773,1.5));
#3474 = CARTESIAN_POINT('',(-91.71258667447,103.22397012684,1.5));
#3475 = CARTESIAN_POINT('',(-91.67859288555,103.24987898432,1.5));
#3476 = CARTESIAN_POINT('',(-91.64410573739,103.27497256557,1.5));
#3477 = CARTESIAN_POINT('',(-91.5919986785,103.31115248997,1.5));
#3478 = CARTESIAN_POINT('',(-91.57480833748,103.32281172478,1.5));
#3479 = CARTESIAN_POINT('',(-91.55759192861,103.33421868928,1.5));
#3480 = CARTESIAN_POINT('',(-91.54035512052,103.3453757806,1.5));
#3481 = CARTESIAN_POINT('',(-91.50585291397,103.3671946181,1.5));
#3482 = CARTESIAN_POINT('',(-91.48858270371,103.37785912561,1.5));
#3483 = CARTESIAN_POINT('',(-91.47130805308,103.388275998,1.5));
#3484 = CARTESIAN_POINT('',(-91.45403181775,103.39844931938,1.5));
#3485 = CARTESIAN_POINT('',(-91.36716113325,103.44840367441,1.5));
#3486 = CARTESIAN_POINT('',(-91.29556585063,103.48570296488,1.5));
#3487 = CARTESIAN_POINT('',(-91.22212416411,103.52011786582,1.5));
#3488 = CARTESIAN_POINT('',(-91.14701785213,103.55150094172,1.5));
#3489 = CARTESIAN_POINT('',(-90.96100226381,103.62007109623,1.5));
#3490 = CARTESIAN_POINT('',(-90.84856017658,103.653967431,1.5));
#3491 = CARTESIAN_POINT('',(-90.73369979889,103.68105319155,1.5));
#3492 = CARTESIAN_POINT('',(-90.61704095849,103.70106683992,1.5));
#3493 = CARTESIAN_POINT('',(-90.41369616383,103.72313111345,1.5));
#3494 = CARTESIAN_POINT('',(-90.32754726465,103.72859975652,1.5));
#3495 = CARTESIAN_POINT('',(-90.24104618175,103.73019388378,1.5));
#3496 = CARTESIAN_POINT('',(-90.15444685913,103.7278812177,1.5));
#3497 = CARTESIAN_POINT('',(-90.00424013792,103.71706729337,1.5));
#3498 = CARTESIAN_POINT('',(-89.94055998477,103.71034845819,1.5));
#3499 = CARTESIAN_POINT('',(-89.87706888104,103.70150006438,1.5));
#3500 = CARTESIAN_POINT('',(-89.81386916434,103.69052889374,1.5));
#3501 = CARTESIAN_POINT('',(-89.60289916963,103.64659652342,1.5));
#3502 = CARTESIAN_POINT('',(-89.45691641638,103.60401077073,1.5));
#3503 = CARTESIAN_POINT('',(-89.31446518275,103.54989610456,1.5));
#3504 = CARTESIAN_POINT('',(-89.1768134117,103.48469313697,1.5));
#3505 = CARTESIAN_POINT('',(-88.9304157495,103.34319299655,1.5));
#3506 = CARTESIAN_POINT('',(-88.82022153193,103.269397742,1.5));
#3507 = CARTESIAN_POINT('',(-88.71534371454,103.18814252161,1.5));
#3508 = CARTESIAN_POINT('',(-88.61647137548,103.09998826586,1.5));
#3509 = CARTESIAN_POINT('',(-88.48571627119,102.96624166204,1.5));
#3510 = CARTESIAN_POINT('',(-88.44837846793,102.92579149809,1.5));
#3511 = CARTESIAN_POINT('',(-88.41223191041,102.88430627112,1.5));
#3512 = CARTESIAN_POINT('',(-88.37731600017,102.84183720257,1.5));
#3513 = CARTESIAN_POINT('',(-88.29728923422,102.73862344957,1.5));
#3514 = CARTESIAN_POINT('',(-88.25331753994,102.67704200941,1.5));
#3515 = CARTESIAN_POINT('',(-88.2118456927,102.61383545558,1.5));
#3516 = CARTESIAN_POINT('',(-88.17295349334,102.5491532001,1.5));
#3517 = CARTESIAN_POINT('',(-88.08765455091,102.3938363066,1.5));
#3518 = CARTESIAN_POINT('',(-88.04344595682,102.30210435572,1.5));
#3519 = CARTESIAN_POINT('',(-88.00424345251,102.20834789311,1.5));
#3520 = CARTESIAN_POINT('',(-87.97015511054,102.11297418805,1.5));
#3521 = CARTESIAN_POINT('',(-87.90069775833,101.88105465715,1.5));
#3522 = CARTESIAN_POINT('',(-87.87031122358,101.74335020783,1.5));
#3523 = CARTESIAN_POINT('',(-87.85022052664,101.60446549923,1.5));
#3524 = CARTESIAN_POINT('',(-87.84034026336,101.46557702214,1.5));
#3525 = CARTESIAN_POINT('',(-87.84034036068,101.32784861569,1.5));
#3526 = ORIENTED_EDGE('',*,*,#3527,.T.);
#3527 = EDGE_CURVE('',#3389,#2650,#3528,.T.);
#3528 = ( BOUNDED_CURVE() B_SPLINE_CURVE(2,(#3529,#3530,#3531,#3532,
#3533,#3534,#3535),.UNSPECIFIED.,.T.,.F.) B_SPLINE_CURVE_WITH_KNOTS((1,2
    ,2,2,2,1),(-2.094395102394,0.,2.094395102393,4.188790204786,
6.28318530718,8.377580409573),.UNSPECIFIED.) CURVE() 
GEOMETRIC_REPRESENTATION_ITEM() RATIONAL_B_SPLINE_CURVE((1.,0.5,1.,0.5,
1.,0.5,1.)) REPRESENTATION_ITEM('') );
#3529 = CARTESIAN_POINT('',(-87.84034036068,99.827848615697,
    1.50000508001));
#3530 = CARTESIAN_POINT('',(-87.84034036068,103.98477935269,
    1.50000508001));
#3531 = CARTESIAN_POINT('',(-91.44034798069,101.90631398419,
    1.50000508001));
#3532 = CARTESIAN_POINT('',(-95.04035560071,99.827848615697,
    1.50000508001));
#3533 = CARTESIAN_POINT('',(-91.44034798069,97.749383247197,
    1.50000508001));
#3534 = CARTESIAN_POINT('',(-87.84034036068,95.670917878696,
    1.50000508001));
#3535 = CARTESIAN_POINT('',(-87.84034036068,99.827848615697,
    1.50000508001));
#3536 = ORIENTED_EDGE('',*,*,#2657,.F.);
#3537 = ORIENTED_EDGE('',*,*,#3185,.T.);
#3538 = B_SPLINE_SURFACE_WITH_KNOTS('',1,1,(
    (#3539,#3540)
    ,(#3541,#3542
  )),.UNSPECIFIED.,.F.,.F.,.F.,(2,2),(2,2),(-187.5,187.5),(-165.69485,
    167.5),.PIECEWISE_BEZIER_KNOTS.);
#3539 = CARTESIAN_POINT('',(-85.60483616967,95.619191008382,
    1.50000508001));
#3540 = CARTESIAN_POINT('',(-85.60483616967,104.08235712471,
    1.50000508001));
#3541 = CARTESIAN_POINT('',(-95.12985521971,95.619191008382,
    1.50000508001));
#3542 = CARTESIAN_POINT('',(-95.12985521971,104.08235712471,
    1.50000508001));
#3543 = ADVANCED_FACE('',(#3544),#4097,.T.);
#3544 = FACE_BOUND('',#3545,.T.);
#3545 = EDGE_LOOP('',(#3546,#3685,#3822,#3959,#3960));
#3546 = ORIENTED_EDGE('',*,*,#3547,.F.);
#3547 = EDGE_CURVE('',#3238,#3548,#3550,.T.);
#3548 = VERTEX_POINT('',#3549);
#3549 = CARTESIAN_POINT('',(-87.84034036068,99.827848615697,1.5));
#3550 = B_SPLINE_CURVE_WITH_KNOTS('',5,(#3551,#3552,#3553,#3554,#3555,
    #3556,#3557,#3558,#3559,#3560,#3561,#3562,#3563,#3564,#3565,#3566,
    #3567,#3568,#3569,#3570,#3571,#3572,#3573,#3574,#3575,#3576,#3577,
    #3578,#3579,#3580,#3581,#3582,#3583,#3584,#3585,#3586,#3587,#3588,
    #3589,#3590,#3591,#3592,#3593,#3594,#3595,#3596,#3597,#3598,#3599,
    #3600,#3601,#3602,#3603,#3604,#3605,#3606,#3607,#3608,#3609,#3610,
    #3611,#3612,#3613,#3614,#3615,#3616,#3617,#3618,#3619,#3620,#3621,
    #3622,#3623,#3624,#3625,#3626,#3627,#3628,#3629,#3630,#3631,#3632,
    #3633,#3634,#3635,#3636,#3637,#3638,#3639,#3640,#3641,#3642,#3643,
    #3644,#3645,#3646,#3647,#3648,#3649,#3650,#3651,#3652,#3653,#3654,
    #3655,#3656,#3657,#3658,#3659,#3660,#3661,#3662,#3663,#3664,#3665,
    #3666,#3667,#3668,#3669,#3670,#3671,#3672,#3673,#3674,#3675,#3676,
    #3677,#3678,#3679,#3680,#3681,#3682,#3683,#3684),.UNSPECIFIED.,.T.,
  .F.,(1,5,4,4,4,4,4,4,4,4,4,4,4,4,4,4,4,4,4,4,4,4,4,4,4,4,4,4,4,4,4,4,4
    ,4,5,1),(-4.8028733054E-02,0.,4.714027220377E-02,8.077286134411E-02,
    0.105625788513,0.123657959426,0.166889550156,0.216503336071,
    0.2375345407,0.266044111382,0.305302637806,0.332770329998,
    0.339605183085,0.360688273858,0.399294675244,0.427326415018,
    0.44695804461,0.496767502925,0.54657696124,0.566208590832,
    0.594240330607,0.632846731992,0.647030548643,0.653994219385,
    0.660957890129,0.688943270658,0.72894170931,0.757988604794,
    0.779416188168,0.829965053674,0.87401143766,0.892383464011,
    0.91770479859,0.951971266946,1.,1.047140272204),.UNSPECIFIED.);
#3551 = CARTESIAN_POINT('',(-87.84034036068,99.827848615697,1.5));
#3552 = CARTESIAN_POINT('',(-87.84034026336,99.69012020925,1.5));
#3553 = CARTESIAN_POINT('',(-87.85022052664,99.551231732158,1.5));
#3554 = CARTESIAN_POINT('',(-87.87031122358,99.412347023563,1.5));
#3555 = CARTESIAN_POINT('',(-87.90069775833,99.274642574234,1.5));
#3556 = CARTESIAN_POINT('',(-87.97015511054,99.042723043335,1.5));
#3557 = CARTESIAN_POINT('',(-88.00424345251,98.947349338276,1.5));
#3558 = CARTESIAN_POINT('',(-88.04344595682,98.853592875667,1.5));
#3559 = CARTESIAN_POINT('',(-88.08765455091,98.761860924788,1.5));
#3560 = CARTESIAN_POINT('',(-88.17295349334,98.606544031286,1.5));
#3561 = CARTESIAN_POINT('',(-88.2118456927,98.541861775809,1.5));
#3562 = CARTESIAN_POINT('',(-88.25331753994,98.478655221982,1.5));
#3563 = CARTESIAN_POINT('',(-88.29728923422,98.417073781816,1.5));
#3564 = CARTESIAN_POINT('',(-88.37731600017,98.313860028817,1.5));
#3565 = CARTESIAN_POINT('',(-88.41223191041,98.271390960269,1.5));
#3566 = CARTESIAN_POINT('',(-88.44837846793,98.229905733292,1.5));
#3567 = CARTESIAN_POINT('',(-88.48571627119,98.189455569346,1.5));
#3568 = CARTESIAN_POINT('',(-88.61647137548,98.05570896553,1.5));
#3569 = CARTESIAN_POINT('',(-88.71534371454,97.967554709777,1.5));
#3570 = CARTESIAN_POINT('',(-88.82022153193,97.886299489385,1.5));
#3571 = CARTESIAN_POINT('',(-88.9304157495,97.812504234839,1.5));
#3572 = CARTESIAN_POINT('',(-89.1768134117,97.671004094412,1.5));
#3573 = CARTESIAN_POINT('',(-89.31446518275,97.605801126826,1.5));
#3574 = CARTESIAN_POINT('',(-89.45691641638,97.551686460658,1.5));
#3575 = CARTESIAN_POINT('',(-89.60289916963,97.509100707968,1.5));
#3576 = CARTESIAN_POINT('',(-89.81386916434,97.465168337646,1.5));
#3577 = CARTESIAN_POINT('',(-89.87706888104,97.454197166999,1.5));
#3578 = CARTESIAN_POINT('',(-89.94055998477,97.445348773189,1.5));
#3579 = CARTESIAN_POINT('',(-90.00424013792,97.43862993801,1.5));
#3580 = CARTESIAN_POINT('',(-90.15444685912,97.427816013683,1.5));
#3581 = CARTESIAN_POINT('',(-90.24104618175,97.425503347607,1.5));
#3582 = CARTESIAN_POINT('',(-90.32754726465,97.427097474858,1.5));
#3583 = CARTESIAN_POINT('',(-90.41369616383,97.432566117937,1.5));
#3584 = CARTESIAN_POINT('',(-90.61704095849,97.454630391459,1.5));
#3585 = CARTESIAN_POINT('',(-90.73369979889,97.47464403983,1.5));
#3586 = CARTESIAN_POINT('',(-90.84856017658,97.501729800384,1.5));
#3587 = CARTESIAN_POINT('',(-90.96100226381,97.535626135152,1.5));
#3588 = CARTESIAN_POINT('',(-91.14701785213,97.604196289663,1.5));
#3589 = CARTESIAN_POINT('',(-91.22212416411,97.635579365558,1.5));
#3590 = CARTESIAN_POINT('',(-91.29556585063,97.669994266503,1.5));
#3591 = CARTESIAN_POINT('',(-91.36716113325,97.70729355697,1.5));
#3592 = CARTESIAN_POINT('',(-91.45403181775,97.757247912001,1.5));
#3593 = CARTESIAN_POINT('',(-91.47130805308,97.767421233385,1.5));
#3594 = CARTESIAN_POINT('',(-91.48858270371,97.777838105769,1.5));
#3595 = CARTESIAN_POINT('',(-91.50585291396,97.788502613283,1.5));
#3596 = CARTESIAN_POINT('',(-91.57631890463,97.833064486955,1.5));
#3597 = CARTESIAN_POINT('',(-91.62861860845,97.868581201258,1.5));
#3598 = CARTESIAN_POINT('',(-91.67989508351,97.905928268672,1.5));
#3599 = CARTESIAN_POINT('',(-91.73004554928,97.945062886284,1.5));
#3600 = CARTESIAN_POINT('',(-91.86856312567,98.060772060056,1.5));
#3601 = CARTESIAN_POINT('',(-91.95405140491,98.141432630386,1.5));
#3602 = CARTESIAN_POINT('',(-92.03483095596,98.227590908479,1.5));
#3603 = CARTESIAN_POINT('',(-92.11036542675,98.318838701021,1.5));
#3604 = CARTESIAN_POINT('',(-92.2308853582,98.484275544775,1.5));
#3605 = CARTESIAN_POINT('',(-92.27857240828,98.556292701557,1.5));
#3606 = CARTESIAN_POINT('',(-92.32307110345,98.630547347164,1.5));
#3607 = CARTESIAN_POINT('',(-92.36422683433,98.706834982755,1.5));
#3608 = CARTESIAN_POINT('',(-92.42829790154,98.8396297887,1.5));
#3609 = CARTESIAN_POINT('',(-92.45298363075,98.895214218373,1.5));
#3610 = CARTESIAN_POINT('',(-92.47592042885,98.951611550407,1.5));
#3611 = CARTESIAN_POINT('',(-92.49706936798,99.008742978709,1.5));
#3612 = CARTESIAN_POINT('',(-92.56543711896,99.213134926404,1.5));
#3613 = CARTESIAN_POINT('',(-92.60275751494,99.363950620608,1.5));
#3614 = CARTESIAN_POINT('',(-92.62781899622,99.517620073975,1.5));
#3615 = CARTESIAN_POINT('',(-92.64035066657,99.672738204883,1.5));
#3616 = CARTESIAN_POINT('',(-92.64035066657,99.982959026504,1.5));
#3617 = CARTESIAN_POINT('',(-92.62781899622,100.13807715741,1.5));
#3618 = CARTESIAN_POINT('',(-92.60275751494,100.29174661077,1.5));
#3619 = CARTESIAN_POINT('',(-92.56543711896,100.44256230498,1.5));
#3620 = CARTESIAN_POINT('',(-92.49706936798,100.64695425267,1.5));
#3621 = CARTESIAN_POINT('',(-92.47592042885,100.70408568098,1.5));
#3622 = CARTESIAN_POINT('',(-92.45298363075,100.76048301301,1.5));
#3623 = CARTESIAN_POINT('',(-92.42829790154,100.81606744268,1.5));
#3624 = CARTESIAN_POINT('',(-92.36422683433,100.94886224863,1.5));
#3625 = CARTESIAN_POINT('',(-92.32307110345,101.02514988422,1.5));
#3626 = CARTESIAN_POINT('',(-92.27857240828,101.09940452983,1.5));
#3627 = CARTESIAN_POINT('',(-92.2308853582,101.17142168661,1.5));
#3628 = CARTESIAN_POINT('',(-92.11036542676,101.33685853036,1.5));
#3629 = CARTESIAN_POINT('',(-92.03483095596,101.4281063229,1.5));
#3630 = CARTESIAN_POINT('',(-91.95405140491,101.514264601,1.5));
#3631 = CARTESIAN_POINT('',(-91.86856312567,101.59492517133,1.5));
#3632 = CARTESIAN_POINT('',(-91.74605626952,101.69725994773,1.5));
#3633 = CARTESIAN_POINT('',(-91.71258667447,101.72397012684,1.5));
#3634 = CARTESIAN_POINT('',(-91.67859288555,101.74987898432,1.5));
#3635 = CARTESIAN_POINT('',(-91.64410573739,101.77497256557,1.5));
#3636 = CARTESIAN_POINT('',(-91.5919986785,101.81115248997,1.5));
#3637 = CARTESIAN_POINT('',(-91.57480833748,101.82281172478,1.5));
#3638 = CARTESIAN_POINT('',(-91.55759192861,101.83421868928,1.5));
#3639 = CARTESIAN_POINT('',(-91.54035512052,101.8453757806,1.5));
#3640 = CARTESIAN_POINT('',(-91.50585291397,101.8671946181,1.5));
#3641 = CARTESIAN_POINT('',(-91.48858270371,101.87785912561,1.5));
#3642 = CARTESIAN_POINT('',(-91.47130805308,101.888275998,1.5));
#3643 = CARTESIAN_POINT('',(-91.45403181775,101.89844931938,1.5));
#3644 = CARTESIAN_POINT('',(-91.36716113325,101.94840367441,1.5));
#3645 = CARTESIAN_POINT('',(-91.29556585063,101.98570296488,1.5));
#3646 = CARTESIAN_POINT('',(-91.22212416411,102.02011786582,1.5));
#3647 = CARTESIAN_POINT('',(-91.14701785213,102.05150094172,1.5));
#3648 = CARTESIAN_POINT('',(-90.96100226381,102.12007109623,1.5));
#3649 = CARTESIAN_POINT('',(-90.84856017658,102.153967431,1.5));
#3650 = CARTESIAN_POINT('',(-90.73369979889,102.18105319155,1.5));
#3651 = CARTESIAN_POINT('',(-90.61704095849,102.20106683992,1.5));
#3652 = CARTESIAN_POINT('',(-90.41369616383,102.22313111345,1.5));
#3653 = CARTESIAN_POINT('',(-90.32754726465,102.22859975652,1.5));
#3654 = CARTESIAN_POINT('',(-90.24104618175,102.23019388378,1.5));
#3655 = CARTESIAN_POINT('',(-90.15444685913,102.2278812177,1.5));
#3656 = CARTESIAN_POINT('',(-90.00424013792,102.21706729337,1.5));
#3657 = CARTESIAN_POINT('',(-89.94055998477,102.21034845819,1.5));
#3658 = CARTESIAN_POINT('',(-89.87706888104,102.20150006438,1.5));
#3659 = CARTESIAN_POINT('',(-89.81386916434,102.19052889374,1.5));
#3660 = CARTESIAN_POINT('',(-89.60289916963,102.14659652342,1.5));
#3661 = CARTESIAN_POINT('',(-89.45691641638,102.10401077073,1.5));
#3662 = CARTESIAN_POINT('',(-89.31446518275,102.04989610456,1.5));
#3663 = CARTESIAN_POINT('',(-89.1768134117,101.98469313697,1.5));
#3664 = CARTESIAN_POINT('',(-88.9304157495,101.84319299655,1.5));
#3665 = CARTESIAN_POINT('',(-88.82022153193,101.769397742,1.5));
#3666 = CARTESIAN_POINT('',(-88.71534371454,101.68814252161,1.5));
#3667 = CARTESIAN_POINT('',(-88.61647137548,101.59998826586,1.5));
#3668 = CARTESIAN_POINT('',(-88.48571627119,101.46624166204,1.5));
#3669 = CARTESIAN_POINT('',(-88.44837846793,101.42579149809,1.5));
#3670 = CARTESIAN_POINT('',(-88.41223191041,101.38430627112,1.5));
#3671 = CARTESIAN_POINT('',(-88.37731600017,101.34183720257,1.5));
#3672 = CARTESIAN_POINT('',(-88.29728923422,101.23862344957,1.5));
#3673 = CARTESIAN_POINT('',(-88.25331753994,101.17704200941,1.5));
#3674 = CARTESIAN_POINT('',(-88.2118456927,101.11383545558,1.5));
#3675 = CARTESIAN_POINT('',(-88.17295349334,101.0491532001,1.5));
#3676 = CARTESIAN_POINT('',(-88.08765455091,100.8938363066,1.5));
#3677 = CARTESIAN_POINT('',(-88.04344595682,100.80210435572,1.5));
#3678 = CARTESIAN_POINT('',(-88.00424345251,100.70834789311,1.5));
#3679 = CARTESIAN_POINT('',(-87.97015511054,100.61297418805,1.5));
#3680 = CARTESIAN_POINT('',(-87.90069775833,100.38105465715,1.5));
#3681 = CARTESIAN_POINT('',(-87.87031122358,100.24335020783,1.5));
#3682 = CARTESIAN_POINT('',(-87.85022052664,100.10446549923,1.5));
#3683 = CARTESIAN_POINT('',(-87.84034026336,99.965577022144,1.5));
#3684 = CARTESIAN_POINT('',(-87.84034036068,99.827848615697,1.5));
#3685 = ORIENTED_EDGE('',*,*,#3686,.T.);
#3686 = EDGE_CURVE('',#3238,#3389,#3687,.T.);
#3687 = B_SPLINE_CURVE_WITH_KNOTS('',5,(#3688,#3689,#3690,#3691,#3692,
    #3693,#3694,#3695,#3696,#3697,#3698,#3699,#3700,#3701,#3702,#3703,
    #3704,#3705,#3706,#3707,#3708,#3709,#3710,#3711,#3712,#3713,#3714,
    #3715,#3716,#3717,#3718,#3719,#3720,#3721,#3722,#3723,#3724,#3725,
    #3726,#3727,#3728,#3729,#3730,#3731,#3732,#3733,#3734,#3735,#3736,
    #3737,#3738,#3739,#3740,#3741,#3742,#3743,#3744,#3745,#3746,#3747,
    #3748,#3749,#3750,#3751,#3752,#3753,#3754,#3755,#3756,#3757,#3758,
    #3759,#3760,#3761,#3762,#3763,#3764,#3765,#3766,#3767,#3768,#3769,
    #3770,#3771,#3772,#3773,#3774,#3775,#3776,#3777,#3778,#3779,#3780,
    #3781,#3782,#3783,#3784,#3785,#3786,#3787,#3788,#3789,#3790,#3791,
    #3792,#3793,#3794,#3795,#3796,#3797,#3798,#3799,#3800,#3801,#3802,
    #3803,#3804,#3805,#3806,#3807,#3808,#3809,#3810,#3811,#3812,#3813,
    #3814,#3815,#3816,#3817,#3818,#3819,#3820,#3821),.UNSPECIFIED.,.T.,
  .F.,(1,5,4,4,4,4,4,4,4,4,4,4,4,4,4,4,4,4,4,4,4,4,4,4,4,4,4,4,4,4,4,4,4
    ,4,5,1),(-4.8028733054E-02,0.,4.714027220377E-02,8.077286134411E-02,
    0.105625788513,0.123657959426,0.166889550156,0.216503336071,
    0.2375345407,0.266044111382,0.305302637806,0.332770329998,
    0.339605183085,0.360688273858,0.399294675244,0.427326415018,
    0.44695804461,0.496767502925,0.54657696124,0.566208590832,
    0.594240330607,0.632846731992,0.647030548643,0.653994219385,
    0.660957890129,0.688943270658,0.72894170931,0.757988604794,
    0.779416188168,0.829965053674,0.87401143766,0.892383464011,
    0.91770479859,0.951971266946,1.,1.047140272204),.UNSPECIFIED.);
#3688 = CARTESIAN_POINT('',(-87.84034036068,101.32784861569,1.5));
#3689 = CARTESIAN_POINT('',(-87.84034026336,101.19012020925,1.5));
#3690 = CARTESIAN_POINT('',(-87.85022052664,101.05123173215,1.5));
#3691 = CARTESIAN_POINT('',(-87.87031122358,100.91234702356,1.5));
#3692 = CARTESIAN_POINT('',(-87.90069775833,100.77464257423,1.5));
#3693 = CARTESIAN_POINT('',(-87.97015511054,100.54272304333,1.5));
#3694 = CARTESIAN_POINT('',(-88.00424345251,100.44734933827,1.5));
#3695 = CARTESIAN_POINT('',(-88.04344595682,100.35359287566,1.5));
#3696 = CARTESIAN_POINT('',(-88.08765455091,100.26186092478,1.5));
#3697 = CARTESIAN_POINT('',(-88.17295349334,100.10654403128,1.5));
#3698 = CARTESIAN_POINT('',(-88.2118456927,100.0418617758,1.5));
#3699 = CARTESIAN_POINT('',(-88.25331753994,99.978655221982,1.5));
#3700 = CARTESIAN_POINT('',(-88.29728923422,99.917073781816,1.5));
#3701 = CARTESIAN_POINT('',(-88.37731600017,99.813860028817,1.5));
#3702 = CARTESIAN_POINT('',(-88.41223191041,99.771390960269,1.5));
#3703 = CARTESIAN_POINT('',(-88.44837846793,99.729905733292,1.5));
#3704 = CARTESIAN_POINT('',(-88.48571627119,99.689455569346,1.5));
#3705 = CARTESIAN_POINT('',(-88.61647137548,99.55570896553,1.5));
#3706 = CARTESIAN_POINT('',(-88.71534371454,99.467554709777,1.5));
#3707 = CARTESIAN_POINT('',(-88.82022153193,99.386299489385,1.5));
#3708 = CARTESIAN_POINT('',(-88.9304157495,99.312504234839,1.5));
#3709 = CARTESIAN_POINT('',(-89.1768134117,99.171004094412,1.5));
#3710 = CARTESIAN_POINT('',(-89.31446518275,99.105801126826,1.5));
#3711 = CARTESIAN_POINT('',(-89.45691641638,99.051686460658,1.5));
#3712 = CARTESIAN_POINT('',(-89.60289916963,99.009100707968,1.5));
#3713 = CARTESIAN_POINT('',(-89.81386916434,98.965168337646,1.5));
#3714 = CARTESIAN_POINT('',(-89.87706888104,98.954197166999,1.5));
#3715 = CARTESIAN_POINT('',(-89.94055998477,98.945348773189,1.5));
#3716 = CARTESIAN_POINT('',(-90.00424013792,98.93862993801,1.5));
#3717 = CARTESIAN_POINT('',(-90.15444685912,98.927816013683,1.5));
#3718 = CARTESIAN_POINT('',(-90.24104618175,98.925503347607,1.5));
#3719 = CARTESIAN_POINT('',(-90.32754726465,98.927097474858,1.5));
#3720 = CARTESIAN_POINT('',(-90.41369616383,98.932566117937,1.5));
#3721 = CARTESIAN_POINT('',(-90.61704095849,98.954630391459,1.5));
#3722 = CARTESIAN_POINT('',(-90.73369979889,98.97464403983,1.5));
#3723 = CARTESIAN_POINT('',(-90.84856017658,99.001729800384,1.5));
#3724 = CARTESIAN_POINT('',(-90.96100226381,99.035626135152,1.5));
#3725 = CARTESIAN_POINT('',(-91.14701785213,99.104196289663,1.5));
#3726 = CARTESIAN_POINT('',(-91.22212416411,99.135579365558,1.5));
#3727 = CARTESIAN_POINT('',(-91.29556585063,99.169994266503,1.5));
#3728 = CARTESIAN_POINT('',(-91.36716113325,99.20729355697,1.5));
#3729 = CARTESIAN_POINT('',(-91.45403181775,99.257247912001,1.5));
#3730 = CARTESIAN_POINT('',(-91.47130805308,99.267421233385,1.5));
#3731 = CARTESIAN_POINT('',(-91.48858270371,99.277838105769,1.5));
#3732 = CARTESIAN_POINT('',(-91.50585291396,99.288502613283,1.5));
#3733 = CARTESIAN_POINT('',(-91.57631890463,99.333064486955,1.5));
#3734 = CARTESIAN_POINT('',(-91.62861860845,99.368581201258,1.5));
#3735 = CARTESIAN_POINT('',(-91.67989508351,99.405928268672,1.5));
#3736 = CARTESIAN_POINT('',(-91.73004554928,99.445062886284,1.5));
#3737 = CARTESIAN_POINT('',(-91.86856312567,99.560772060056,1.5));
#3738 = CARTESIAN_POINT('',(-91.95405140491,99.641432630386,1.5));
#3739 = CARTESIAN_POINT('',(-92.03483095596,99.727590908479,1.5));
#3740 = CARTESIAN_POINT('',(-92.11036542675,99.818838701021,1.5));
#3741 = CARTESIAN_POINT('',(-92.2308853582,99.984275544775,1.5));
#3742 = CARTESIAN_POINT('',(-92.27857240828,100.05629270155,1.5));
#3743 = CARTESIAN_POINT('',(-92.32307110345,100.13054734716,1.5));
#3744 = CARTESIAN_POINT('',(-92.36422683433,100.20683498275,1.5));
#3745 = CARTESIAN_POINT('',(-92.42829790154,100.3396297887,1.5));
#3746 = CARTESIAN_POINT('',(-92.45298363075,100.39521421837,1.5));
#3747 = CARTESIAN_POINT('',(-92.47592042885,100.4516115504,1.5));
#3748 = CARTESIAN_POINT('',(-92.49706936798,100.5087429787,1.5));
#3749 = CARTESIAN_POINT('',(-92.56543711896,100.7131349264,1.5));
#3750 = CARTESIAN_POINT('',(-92.60275751494,100.8639506206,1.5));
#3751 = CARTESIAN_POINT('',(-92.62781899622,101.01762007397,1.5));
#3752 = CARTESIAN_POINT('',(-92.64035066657,101.17273820488,1.5));
#3753 = CARTESIAN_POINT('',(-92.64035066657,101.4829590265,1.5));
#3754 = CARTESIAN_POINT('',(-92.62781899622,101.63807715741,1.5));
#3755 = CARTESIAN_POINT('',(-92.60275751494,101.79174661077,1.5));
#3756 = CARTESIAN_POINT('',(-92.56543711896,101.94256230498,1.5));
#3757 = CARTESIAN_POINT('',(-92.49706936798,102.14695425267,1.5));
#3758 = CARTESIAN_POINT('',(-92.47592042885,102.20408568098,1.5));
#3759 = CARTESIAN_POINT('',(-92.45298363075,102.26048301301,1.5));
#3760 = CARTESIAN_POINT('',(-92.42829790154,102.31606744268,1.5));
#3761 = CARTESIAN_POINT('',(-92.36422683433,102.44886224863,1.5));
#3762 = CARTESIAN_POINT('',(-92.32307110345,102.52514988422,1.5));
#3763 = CARTESIAN_POINT('',(-92.27857240828,102.59940452983,1.5));
#3764 = CARTESIAN_POINT('',(-92.2308853582,102.67142168661,1.5));
#3765 = CARTESIAN_POINT('',(-92.11036542676,102.83685853036,1.5));
#3766 = CARTESIAN_POINT('',(-92.03483095596,102.9281063229,1.5));
#3767 = CARTESIAN_POINT('',(-91.95405140491,103.014264601,1.5));
#3768 = CARTESIAN_POINT('',(-91.86856312567,103.09492517133,1.5));
#3769 = CARTESIAN_POINT('',(-91.74605626952,103.19725994773,1.5));
#3770 = CARTESIAN_POINT('',(-91.71258667447,103.22397012684,1.5));
#3771 = CARTESIAN_POINT('',(-91.67859288555,103.24987898432,1.5));
#3772 = CARTESIAN_POINT('',(-91.64410573739,103.27497256557,1.5));
#3773 = CARTESIAN_POINT('',(-91.5919986785,103.31115248997,1.5));
#3774 = CARTESIAN_POINT('',(-91.57480833748,103.32281172478,1.5));
#3775 = CARTESIAN_POINT('',(-91.55759192861,103.33421868928,1.5));
#3776 = CARTESIAN_POINT('',(-91.54035512052,103.3453757806,1.5));
#3777 = CARTESIAN_POINT('',(-91.50585291397,103.3671946181,1.5));
#3778 = CARTESIAN_POINT('',(-91.48858270371,103.37785912561,1.5));
#3779 = CARTESIAN_POINT('',(-91.47130805308,103.388275998,1.5));
#3780 = CARTESIAN_POINT('',(-91.45403181775,103.39844931938,1.5));
#3781 = CARTESIAN_POINT('',(-91.36716113325,103.44840367441,1.5));
#3782 = CARTESIAN_POINT('',(-91.29556585063,103.48570296488,1.5));
#3783 = CARTESIAN_POINT('',(-91.22212416411,103.52011786582,1.5));
#3784 = CARTESIAN_POINT('',(-91.14701785213,103.55150094172,1.5));
#3785 = CARTESIAN_POINT('',(-90.96100226381,103.62007109623,1.5));
#3786 = CARTESIAN_POINT('',(-90.84856017658,103.653967431,1.5));
#3787 = CARTESIAN_POINT('',(-90.73369979889,103.68105319155,1.5));
#3788 = CARTESIAN_POINT('',(-90.61704095849,103.70106683992,1.5));
#3789 = CARTESIAN_POINT('',(-90.41369616383,103.72313111345,1.5));
#3790 = CARTESIAN_POINT('',(-90.32754726465,103.72859975652,1.5));
#3791 = CARTESIAN_POINT('',(-90.24104618175,103.73019388378,1.5));
#3792 = CARTESIAN_POINT('',(-90.15444685913,103.7278812177,1.5));
#3793 = CARTESIAN_POINT('',(-90.00424013792,103.71706729337,1.5));
#3794 = CARTESIAN_POINT('',(-89.94055998477,103.71034845819,1.5));
#3795 = CARTESIAN_POINT('',(-89.87706888104,103.70150006438,1.5));
#3796 = CARTESIAN_POINT('',(-89.81386916434,103.69052889374,1.5));
#3797 = CARTESIAN_POINT('',(-89.60289916963,103.64659652342,1.5));
#3798 = CARTESIAN_POINT('',(-89.45691641638,103.60401077073,1.5));
#3799 = CARTESIAN_POINT('',(-89.31446518275,103.54989610456,1.5));
#3800 = CARTESIAN_POINT('',(-89.1768134117,103.48469313697,1.5));
#3801 = CARTESIAN_POINT('',(-88.9304157495,103.34319299655,1.5));
#3802 = CARTESIAN_POINT('',(-88.82022153193,103.269397742,1.5));
#3803 = CARTESIAN_POINT('',(-88.71534371454,103.18814252161,1.5));
#3804 = CARTESIAN_POINT('',(-88.61647137548,103.09998826586,1.5));
#3805 = CARTESIAN_POINT('',(-88.48571627119,102.96624166204,1.5));
#3806 = CARTESIAN_POINT('',(-88.44837846793,102.92579149809,1.5));
#3807 = CARTESIAN_POINT('',(-88.41223191041,102.88430627112,1.5));
#3808 = CARTESIAN_POINT('',(-88.37731600017,102.84183720257,1.5));
#3809 = CARTESIAN_POINT('',(-88.29728923422,102.73862344957,1.5));
#3810 = CARTESIAN_POINT('',(-88.25331753994,102.67704200941,1.5));
#3811 = CARTESIAN_POINT('',(-88.2118456927,102.61383545558,1.5));
#3812 = CARTESIAN_POINT('',(-88.17295349334,102.5491532001,1.5));
#3813 = CARTESIAN_POINT('',(-88.08765455091,102.3938363066,1.5));
#3814 = CARTESIAN_POINT('',(-88.04344595682,102.30210435572,1.5));
#3815 = CARTESIAN_POINT('',(-88.00424345251,102.20834789311,1.5));
#3816 = CARTESIAN_POINT('',(-87.97015511054,102.11297418805,1.5));
#3817 = CARTESIAN_POINT('',(-87.90069775833,101.88105465715,1.5));
#3818 = CARTESIAN_POINT('',(-87.87031122358,101.74335020783,1.5));
#3819 = CARTESIAN_POINT('',(-87.85022052664,101.60446549923,1.5));
#3820 = CARTESIAN_POINT('',(-87.84034026336,101.46557702214,1.5));
#3821 = CARTESIAN_POINT('',(-87.84034036068,101.32784861569,1.5));
#3822 = ORIENTED_EDGE('',*,*,#3823,.F.);
#3823 = EDGE_CURVE('',#2650,#3389,#3824,.T.);
#3824 = B_SPLINE_CURVE_WITH_KNOTS('',5,(#3825,#3826,#3827,#3828,#3829,
    #3830,#3831,#3832,#3833,#3834,#3835,#3836,#3837,#3838,#3839,#3840,
    #3841,#3842,#3843,#3844,#3845,#3846,#3847,#3848,#3849,#3850,#3851,
    #3852,#3853,#3854,#3855,#3856,#3857,#3858,#3859,#3860,#3861,#3862,
    #3863,#3864,#3865,#3866,#3867,#3868,#3869,#3870,#3871,#3872,#3873,
    #3874,#3875,#3876,#3877,#3878,#3879,#3880,#3881,#3882,#3883,#3884,
    #3885,#3886,#3887,#3888,#3889,#3890,#3891,#3892,#3893,#3894,#3895,
    #3896,#3897,#3898,#3899,#3900,#3901,#3902,#3903,#3904,#3905,#3906,
    #3907,#3908,#3909,#3910,#3911,#3912,#3913,#3914,#3915,#3916,#3917,
    #3918,#3919,#3920,#3921,#3922,#3923,#3924,#3925,#3926,#3927,#3928,
    #3929,#3930,#3931,#3932,#3933,#3934,#3935,#3936,#3937,#3938,#3939,
    #3940,#3941,#3942,#3943,#3944,#3945,#3946,#3947,#3948,#3949,#3950,
    #3951,#3952,#3953,#3954,#3955,#3956,#3957,#3958),.UNSPECIFIED.,.T.,
  .F.,(1,5,4,4,4,4,4,4,4,4,4,4,4,4,4,4,4,4,4,4,4,4,4,4,4,4,4,4,4,4,4,4,4
    ,4,5,1),(-4.8028733054E-02,0.,4.714027220377E-02,8.077286134411E-02,
    0.105625788513,0.123657959426,0.166889550156,0.216503336071,
    0.2375345407,0.266044111382,0.305302637806,0.332770329998,
    0.339605183085,0.360688273858,0.399294675244,0.427326415018,
    0.44695804461,0.496767502925,0.54657696124,0.566208590832,
    0.594240330607,0.632846731992,0.647030548643,0.653994219385,
    0.660957890129,0.688943270658,0.72894170931,0.757988604794,
    0.779416188168,0.829965053674,0.87401143766,0.892383464011,
    0.91770479859,0.951971266946,1.,1.047140272204),.UNSPECIFIED.);
#3825 = CARTESIAN_POINT('',(-87.84034036068,99.827848615697,1.5));
#3826 = CARTESIAN_POINT('',(-87.84034026336,99.69012020925,1.5));
#3827 = CARTESIAN_POINT('',(-87.85022052664,99.551231732158,1.5));
#3828 = CARTESIAN_POINT('',(-87.87031122358,99.412347023563,1.5));
#3829 = CARTESIAN_POINT('',(-87.90069775833,99.274642574234,1.5));
#3830 = CARTESIAN_POINT('',(-87.97015511054,99.042723043335,1.5));
#3831 = CARTESIAN_POINT('',(-88.00424345251,98.947349338276,1.5));
#3832 = CARTESIAN_POINT('',(-88.04344595682,98.853592875667,1.5));
#3833 = CARTESIAN_POINT('',(-88.08765455091,98.761860924788,1.5));
#3834 = CARTESIAN_POINT('',(-88.17295349334,98.606544031286,1.5));
#3835 = CARTESIAN_POINT('',(-88.2118456927,98.541861775809,1.5));
#3836 = CARTESIAN_POINT('',(-88.25331753994,98.478655221982,1.5));
#3837 = CARTESIAN_POINT('',(-88.29728923422,98.417073781816,1.5));
#3838 = CARTESIAN_POINT('',(-88.37731600017,98.313860028817,1.5));
#3839 = CARTESIAN_POINT('',(-88.41223191041,98.271390960269,1.5));
#3840 = CARTESIAN_POINT('',(-88.44837846793,98.229905733292,1.5));
#3841 = CARTESIAN_POINT('',(-88.48571627119,98.189455569346,1.5));
#3842 = CARTESIAN_POINT('',(-88.61647137548,98.05570896553,1.5));
#3843 = CARTESIAN_POINT('',(-88.71534371454,97.967554709777,1.5));
#3844 = CARTESIAN_POINT('',(-88.82022153193,97.886299489385,1.5));
#3845 = CARTESIAN_POINT('',(-88.9304157495,97.812504234839,1.5));
#3846 = CARTESIAN_POINT('',(-89.1768134117,97.671004094412,1.5));
#3847 = CARTESIAN_POINT('',(-89.31446518275,97.605801126826,1.5));
#3848 = CARTESIAN_POINT('',(-89.45691641638,97.551686460658,1.5));
#3849 = CARTESIAN_POINT('',(-89.60289916963,97.509100707968,1.5));
#3850 = CARTESIAN_POINT('',(-89.81386916434,97.465168337646,1.5));
#3851 = CARTESIAN_POINT('',(-89.87706888104,97.454197166999,1.5));
#3852 = CARTESIAN_POINT('',(-89.94055998477,97.445348773189,1.5));
#3853 = CARTESIAN_POINT('',(-90.00424013792,97.43862993801,1.5));
#3854 = CARTESIAN_POINT('',(-90.15444685912,97.427816013683,1.5));
#3855 = CARTESIAN_POINT('',(-90.24104618175,97.425503347607,1.5));
#3856 = CARTESIAN_POINT('',(-90.32754726465,97.427097474858,1.5));
#3857 = CARTESIAN_POINT('',(-90.41369616383,97.432566117937,1.5));
#3858 = CARTESIAN_POINT('',(-90.61704095849,97.454630391459,1.5));
#3859 = CARTESIAN_POINT('',(-90.73369979889,97.47464403983,1.5));
#3860 = CARTESIAN_POINT('',(-90.84856017658,97.501729800384,1.5));
#3861 = CARTESIAN_POINT('',(-90.96100226381,97.535626135152,1.5));
#3862 = CARTESIAN_POINT('',(-91.14701785213,97.604196289663,1.5));
#3863 = CARTESIAN_POINT('',(-91.22212416411,97.635579365558,1.5));
#3864 = CARTESIAN_POINT('',(-91.29556585063,97.669994266503,1.5));
#3865 = CARTESIAN_POINT('',(-91.36716113325,97.70729355697,1.5));
#3866 = CARTESIAN_POINT('',(-91.45403181775,97.757247912001,1.5));
#3867 = CARTESIAN_POINT('',(-91.47130805308,97.767421233385,1.5));
#3868 = CARTESIAN_POINT('',(-91.48858270371,97.777838105769,1.5));
#3869 = CARTESIAN_POINT('',(-91.50585291396,97.788502613283,1.5));
#3870 = CARTESIAN_POINT('',(-91.57631890463,97.833064486955,1.5));
#3871 = CARTESIAN_POINT('',(-91.62861860845,97.868581201258,1.5));
#3872 = CARTESIAN_POINT('',(-91.67989508351,97.905928268672,1.5));
#3873 = CARTESIAN_POINT('',(-91.73004554928,97.945062886284,1.5));
#3874 = CARTESIAN_POINT('',(-91.86856312567,98.060772060056,1.5));
#3875 = CARTESIAN_POINT('',(-91.95405140491,98.141432630386,1.5));
#3876 = CARTESIAN_POINT('',(-92.03483095596,98.227590908479,1.5));
#3877 = CARTESIAN_POINT('',(-92.11036542675,98.318838701021,1.5));
#3878 = CARTESIAN_POINT('',(-92.2308853582,98.484275544775,1.5));
#3879 = CARTESIAN_POINT('',(-92.27857240828,98.556292701557,1.5));
#3880 = CARTESIAN_POINT('',(-92.32307110345,98.630547347164,1.5));
#3881 = CARTESIAN_POINT('',(-92.36422683433,98.706834982755,1.5));
#3882 = CARTESIAN_POINT('',(-92.42829790154,98.8396297887,1.5));
#3883 = CARTESIAN_POINT('',(-92.45298363075,98.895214218373,1.5));
#3884 = CARTESIAN_POINT('',(-92.47592042885,98.951611550407,1.5));
#3885 = CARTESIAN_POINT('',(-92.49706936798,99.008742978709,1.5));
#3886 = CARTESIAN_POINT('',(-92.56543711896,99.213134926404,1.5));
#3887 = CARTESIAN_POINT('',(-92.60275751494,99.363950620608,1.5));
#3888 = CARTESIAN_POINT('',(-92.62781899622,99.517620073975,1.5));
#3889 = CARTESIAN_POINT('',(-92.64035066657,99.672738204883,1.5));
#3890 = CARTESIAN_POINT('',(-92.64035066657,99.982959026504,1.5));
#3891 = CARTESIAN_POINT('',(-92.62781899622,100.13807715741,1.5));
#3892 = CARTESIAN_POINT('',(-92.60275751494,100.29174661077,1.5));
#3893 = CARTESIAN_POINT('',(-92.56543711896,100.44256230498,1.5));
#3894 = CARTESIAN_POINT('',(-92.49706936798,100.64695425267,1.5));
#3895 = CARTESIAN_POINT('',(-92.47592042885,100.70408568098,1.5));
#3896 = CARTESIAN_POINT('',(-92.45298363075,100.76048301301,1.5));
#3897 = CARTESIAN_POINT('',(-92.42829790154,100.81606744268,1.5));
#3898 = CARTESIAN_POINT('',(-92.36422683433,100.94886224863,1.5));
#3899 = CARTESIAN_POINT('',(-92.32307110345,101.02514988422,1.5));
#3900 = CARTESIAN_POINT('',(-92.27857240828,101.09940452983,1.5));
#3901 = CARTESIAN_POINT('',(-92.2308853582,101.17142168661,1.5));
#3902 = CARTESIAN_POINT('',(-92.11036542676,101.33685853036,1.5));
#3903 = CARTESIAN_POINT('',(-92.03483095596,101.4281063229,1.5));
#3904 = CARTESIAN_POINT('',(-91.95405140491,101.514264601,1.5));
#3905 = CARTESIAN_POINT('',(-91.86856312567,101.59492517133,1.5));
#3906 = CARTESIAN_POINT('',(-91.74605626952,101.69725994773,1.5));
#3907 = CARTESIAN_POINT('',(-91.71258667447,101.72397012684,1.5));
#3908 = CARTESIAN_POINT('',(-91.67859288555,101.74987898432,1.5));
#3909 = CARTESIAN_POINT('',(-91.64410573739,101.77497256557,1.5));
#3910 = CARTESIAN_POINT('',(-91.5919986785,101.81115248997,1.5));
#3911 = CARTESIAN_POINT('',(-91.57480833748,101.82281172478,1.5));
#3912 = CARTESIAN_POINT('',(-91.55759192861,101.83421868928,1.5));
#3913 = CARTESIAN_POINT('',(-91.54035512052,101.8453757806,1.5));
#3914 = CARTESIAN_POINT('',(-91.50585291397,101.8671946181,1.5));
#3915 = CARTESIAN_POINT('',(-91.48858270371,101.87785912561,1.5));
#3916 = CARTESIAN_POINT('',(-91.47130805308,101.888275998,1.5));
#3917 = CARTESIAN_POINT('',(-91.45403181775,101.89844931938,1.5));
#3918 = CARTESIAN_POINT('',(-91.36716113325,101.94840367441,1.5));
#3919 = CARTESIAN_POINT('',(-91.29556585063,101.98570296488,1.5));
#3920 = CARTESIAN_POINT('',(-91.22212416411,102.02011786582,1.5));
#3921 = CARTESIAN_POINT('',(-91.14701785213,102.05150094172,1.5));
#3922 = CARTESIAN_POINT('',(-90.96100226381,102.12007109623,1.5));
#3923 = CARTESIAN_POINT('',(-90.84856017658,102.153967431,1.5));
#3924 = CARTESIAN_POINT('',(-90.73369979889,102.18105319155,1.5));
#3925 = CARTESIAN_POINT('',(-90.61704095849,102.20106683992,1.5));
#3926 = CARTESIAN_POINT('',(-90.41369616383,102.22313111345,1.5));
#3927 = CARTESIAN_POINT('',(-90.32754726465,102.22859975652,1.5));
#3928 = CARTESIAN_POINT('',(-90.24104618175,102.23019388378,1.5));
#3929 = CARTESIAN_POINT('',(-90.15444685913,102.2278812177,1.5));
#3930 = CARTESIAN_POINT('',(-90.00424013792,102.21706729337,1.5));
#3931 = CARTESIAN_POINT('',(-89.94055998477,102.21034845819,1.5));
#3932 = CARTESIAN_POINT('',(-89.87706888104,102.20150006438,1.5));
#3933 = CARTESIAN_POINT('',(-89.81386916434,102.19052889374,1.5));
#3934 = CARTESIAN_POINT('',(-89.60289916963,102.14659652342,1.5));
#3935 = CARTESIAN_POINT('',(-89.45691641638,102.10401077073,1.5));
#3936 = CARTESIAN_POINT('',(-89.31446518275,102.04989610456,1.5));
#3937 = CARTESIAN_POINT('',(-89.1768134117,101.98469313697,1.5));
#3938 = CARTESIAN_POINT('',(-88.9304157495,101.84319299655,1.5));
#3939 = CARTESIAN_POINT('',(-88.82022153193,101.769397742,1.5));
#3940 = CARTESIAN_POINT('',(-88.71534371454,101.68814252161,1.5));
#3941 = CARTESIAN_POINT('',(-88.61647137548,101.59998826586,1.5));
#3942 = CARTESIAN_POINT('',(-88.48571627119,101.46624166204,1.5));
#3943 = CARTESIAN_POINT('',(-88.44837846793,101.42579149809,1.5));
#3944 = CARTESIAN_POINT('',(-88.41223191041,101.38430627112,1.5));
#3945 = CARTESIAN_POINT('',(-88.37731600017,101.34183720257,1.5));
#3946 = CARTESIAN_POINT('',(-88.29728923422,101.23862344957,1.5));
#3947 = CARTESIAN_POINT('',(-88.25331753994,101.17704200941,1.5));
#3948 = CARTESIAN_POINT('',(-88.2118456927,101.11383545558,1.5));
#3949 = CARTESIAN_POINT('',(-88.17295349334,101.0491532001,1.5));
#3950 = CARTESIAN_POINT('',(-88.08765455091,100.8938363066,1.5));
#3951 = CARTESIAN_POINT('',(-88.04344595682,100.80210435572,1.5));
#3952 = CARTESIAN_POINT('',(-88.00424345251,100.70834789311,1.5));
#3953 = CARTESIAN_POINT('',(-87.97015511054,100.61297418805,1.5));
#3954 = CARTESIAN_POINT('',(-87.90069775833,100.38105465715,1.5));
#3955 = CARTESIAN_POINT('',(-87.87031122358,100.24335020783,1.5));
#3956 = CARTESIAN_POINT('',(-87.85022052664,100.10446549923,1.5));
#3957 = CARTESIAN_POINT('',(-87.84034026336,99.965577022144,1.5));
#3958 = CARTESIAN_POINT('',(-87.84034036068,99.827848615697,1.5));
#3959 = ORIENTED_EDGE('',*,*,#2649,.F.);
#3960 = ORIENTED_EDGE('',*,*,#3961,.F.);
#3961 = EDGE_CURVE('',#3548,#2643,#3962,.T.);
#3962 = B_SPLINE_CURVE_WITH_KNOTS('',5,(#3963,#3964,#3965,#3966,#3967,
    #3968,#3969,#3970,#3971,#3972,#3973,#3974,#3975,#3976,#3977,#3978,
    #3979,#3980,#3981,#3982,#3983,#3984,#3985,#3986,#3987,#3988,#3989,
    #3990,#3991,#3992,#3993,#3994,#3995,#3996,#3997,#3998,#3999,#4000,
    #4001,#4002,#4003,#4004,#4005,#4006,#4007,#4008,#4009,#4010,#4011,
    #4012,#4013,#4014,#4015,#4016,#4017,#4018,#4019,#4020,#4021,#4022,
    #4023,#4024,#4025,#4026,#4027,#4028,#4029,#4030,#4031,#4032,#4033,
    #4034,#4035,#4036,#4037,#4038,#4039,#4040,#4041,#4042,#4043,#4044,
    #4045,#4046,#4047,#4048,#4049,#4050,#4051,#4052,#4053,#4054,#4055,
    #4056,#4057,#4058,#4059,#4060,#4061,#4062,#4063,#4064,#4065,#4066,
    #4067,#4068,#4069,#4070,#4071,#4072,#4073,#4074,#4075,#4076,#4077,
    #4078,#4079,#4080,#4081,#4082,#4083,#4084,#4085,#4086,#4087,#4088,
    #4089,#4090,#4091,#4092,#4093,#4094,#4095,#4096),.UNSPECIFIED.,.T.,
  .F.,(1,5,4,4,4,4,4,4,4,4,4,4,4,4,4,4,4,4,4,4,4,4,4,4,4,4,4,4,4,4,4,4,4
    ,4,5,1),(-4.8028733054E-02,0.,4.714027220377E-02,8.077286134411E-02,
    0.105625788513,0.123657959426,0.166889550156,0.216503336071,
    0.2375345407,0.266044111382,0.305302637806,0.332770329998,
    0.339605183085,0.360688273858,0.399294675244,0.427326415018,
    0.44695804461,0.496767502925,0.54657696124,0.566208590832,
    0.594240330607,0.632846731992,0.647030548643,0.653994219385,
    0.660957890129,0.688943270658,0.72894170931,0.757988604794,
    0.779416188168,0.829965053674,0.87401143766,0.892383464011,
    0.91770479859,0.951971266946,1.,1.047140272204),.UNSPECIFIED.);
#3963 = CARTESIAN_POINT('',(-87.84034036068,99.827848615697,1.5));
#3964 = CARTESIAN_POINT('',(-87.84034026336,99.69012020925,1.5));
#3965 = CARTESIAN_POINT('',(-87.85022052664,99.551231732158,1.5));
#3966 = CARTESIAN_POINT('',(-87.87031122358,99.412347023563,1.5));
#3967 = CARTESIAN_POINT('',(-87.90069775833,99.274642574234,1.5));
#3968 = CARTESIAN_POINT('',(-87.97015511054,99.042723043335,1.5));
#3969 = CARTESIAN_POINT('',(-88.00424345251,98.947349338276,1.5));
#3970 = CARTESIAN_POINT('',(-88.04344595682,98.853592875667,1.5));
#3971 = CARTESIAN_POINT('',(-88.08765455091,98.761860924788,1.5));
#3972 = CARTESIAN_POINT('',(-88.17295349334,98.606544031286,1.5));
#3973 = CARTESIAN_POINT('',(-88.2118456927,98.541861775809,1.5));
#3974 = CARTESIAN_POINT('',(-88.25331753994,98.478655221982,1.5));
#3975 = CARTESIAN_POINT('',(-88.29728923422,98.417073781816,1.5));
#3976 = CARTESIAN_POINT('',(-88.37731600017,98.313860028817,1.5));
#3977 = CARTESIAN_POINT('',(-88.41223191041,98.271390960269,1.5));
#3978 = CARTESIAN_POINT('',(-88.44837846793,98.229905733292,1.5));
#3979 = CARTESIAN_POINT('',(-88.48571627119,98.189455569346,1.5));
#3980 = CARTESIAN_POINT('',(-88.61647137548,98.05570896553,1.5));
#3981 = CARTESIAN_POINT('',(-88.71534371454,97.967554709777,1.5));
#3982 = CARTESIAN_POINT('',(-88.82022153193,97.886299489385,1.5));
#3983 = CARTESIAN_POINT('',(-88.9304157495,97.812504234839,1.5));
#3984 = CARTESIAN_POINT('',(-89.1768134117,97.671004094412,1.5));
#3985 = CARTESIAN_POINT('',(-89.31446518275,97.605801126826,1.5));
#3986 = CARTESIAN_POINT('',(-89.45691641638,97.551686460658,1.5));
#3987 = CARTESIAN_POINT('',(-89.60289916963,97.509100707968,1.5));
#3988 = CARTESIAN_POINT('',(-89.81386916434,97.465168337646,1.5));
#3989 = CARTESIAN_POINT('',(-89.87706888104,97.454197166999,1.5));
#3990 = CARTESIAN_POINT('',(-89.94055998477,97.445348773189,1.5));
#3991 = CARTESIAN_POINT('',(-90.00424013792,97.43862993801,1.5));
#3992 = CARTESIAN_POINT('',(-90.15444685912,97.427816013683,1.5));
#3993 = CARTESIAN_POINT('',(-90.24104618175,97.425503347607,1.5));
#3994 = CARTESIAN_POINT('',(-90.32754726465,97.427097474858,1.5));
#3995 = CARTESIAN_POINT('',(-90.41369616383,97.432566117937,1.5));
#3996 = CARTESIAN_POINT('',(-90.61704095849,97.454630391459,1.5));
#3997 = CARTESIAN_POINT('',(-90.73369979889,97.47464403983,1.5));
#3998 = CARTESIAN_POINT('',(-90.84856017658,97.501729800384,1.5));
#3999 = CARTESIAN_POINT('',(-90.96100226381,97.535626135152,1.5));
#4000 = CARTESIAN_POINT('',(-91.14701785213,97.604196289663,1.5));
#4001 = CARTESIAN_POINT('',(-91.22212416411,97.635579365558,1.5));
#4002 = CARTESIAN_POINT('',(-91.29556585063,97.669994266503,1.5));
#4003 = CARTESIAN_POINT('',(-91.36716113325,97.70729355697,1.5));
#4004 = CARTESIAN_POINT('',(-91.45403181775,97.757247912001,1.5));
#4005 = CARTESIAN_POINT('',(-91.47130805308,97.767421233385,1.5));
#4006 = CARTESIAN_POINT('',(-91.48858270371,97.777838105769,1.5));
#4007 = CARTESIAN_POINT('',(-91.50585291396,97.788502613283,1.5));
#4008 = CARTESIAN_POINT('',(-91.57631890463,97.833064486955,1.5));
#4009 = CARTESIAN_POINT('',(-91.62861860845,97.868581201258,1.5));
#4010 = CARTESIAN_POINT('',(-91.67989508351,97.905928268672,1.5));
#4011 = CARTESIAN_POINT('',(-91.73004554928,97.945062886284,1.5));
#4012 = CARTESIAN_POINT('',(-91.86856312567,98.060772060056,1.5));
#4013 = CARTESIAN_POINT('',(-91.95405140491,98.141432630386,1.5));
#4014 = CARTESIAN_POINT('',(-92.03483095596,98.227590908479,1.5));
#4015 = CARTESIAN_POINT('',(-92.11036542675,98.318838701021,1.5));
#4016 = CARTESIAN_POINT('',(-92.2308853582,98.484275544775,1.5));
#4017 = CARTESIAN_POINT('',(-92.27857240828,98.556292701557,1.5));
#4018 = CARTESIAN_POINT('',(-92.32307110345,98.630547347164,1.5));
#4019 = CARTESIAN_POINT('',(-92.36422683433,98.706834982755,1.5));
#4020 = CARTESIAN_POINT('',(-92.42829790154,98.8396297887,1.5));
#4021 = CARTESIAN_POINT('',(-92.45298363075,98.895214218373,1.5));
#4022 = CARTESIAN_POINT('',(-92.47592042885,98.951611550407,1.5));
#4023 = CARTESIAN_POINT('',(-92.49706936798,99.008742978709,1.5));
#4024 = CARTESIAN_POINT('',(-92.56543711896,99.213134926404,1.5));
#4025 = CARTESIAN_POINT('',(-92.60275751494,99.363950620608,1.5));
#4026 = CARTESIAN_POINT('',(-92.62781899622,99.517620073975,1.5));
#4027 = CARTESIAN_POINT('',(-92.64035066657,99.672738204883,1.5));
#4028 = CARTESIAN_POINT('',(-92.64035066657,99.982959026504,1.5));
#4029 = CARTESIAN_POINT('',(-92.62781899622,100.13807715741,1.5));
#4030 = CARTESIAN_POINT('',(-92.60275751494,100.29174661077,1.5));
#4031 = CARTESIAN_POINT('',(-92.56543711896,100.44256230498,1.5));
#4032 = CARTESIAN_POINT('',(-92.49706936798,100.64695425267,1.5));
#4033 = CARTESIAN_POINT('',(-92.47592042885,100.70408568098,1.5));
#4034 = CARTESIAN_POINT('',(-92.45298363075,100.76048301301,1.5));
#4035 = CARTESIAN_POINT('',(-92.42829790154,100.81606744268,1.5));
#4036 = CARTESIAN_POINT('',(-92.36422683433,100.94886224863,1.5));
#4037 = CARTESIAN_POINT('',(-92.32307110345,101.02514988422,1.5));
#4038 = CARTESIAN_POINT('',(-92.27857240828,101.09940452983,1.5));
#4039 = CARTESIAN_POINT('',(-92.2308853582,101.17142168661,1.5));
#4040 = CARTESIAN_POINT('',(-92.11036542676,101.33685853036,1.5));
#4041 = CARTESIAN_POINT('',(-92.03483095596,101.4281063229,1.5));
#4042 = CARTESIAN_POINT('',(-91.95405140491,101.514264601,1.5));
#4043 = CARTESIAN_POINT('',(-91.86856312567,101.59492517133,1.5));
#4044 = CARTESIAN_POINT('',(-91.74605626952,101.69725994773,1.5));
#4045 = CARTESIAN_POINT('',(-91.71258667447,101.72397012684,1.5));
#4046 = CARTESIAN_POINT('',(-91.67859288555,101.74987898432,1.5));
#4047 = CARTESIAN_POINT('',(-91.64410573739,101.77497256557,1.5));
#4048 = CARTESIAN_POINT('',(-91.5919986785,101.81115248997,1.5));
#4049 = CARTESIAN_POINT('',(-91.57480833748,101.82281172478,1.5));
#4050 = CARTESIAN_POINT('',(-91.55759192861,101.83421868928,1.5));
#4051 = CARTESIAN_POINT('',(-91.54035512052,101.8453757806,1.5));
#4052 = CARTESIAN_POINT('',(-91.50585291397,101.8671946181,1.5));
#4053 = CARTESIAN_POINT('',(-91.48858270371,101.87785912561,1.5));
#4054 = CARTESIAN_POINT('',(-91.47130805308,101.888275998,1.5));
#4055 = CARTESIAN_POINT('',(-91.45403181775,101.89844931938,1.5));
#4056 = CARTESIAN_POINT('',(-91.36716113325,101.94840367441,1.5));
#4057 = CARTESIAN_POINT('',(-91.29556585063,101.98570296488,1.5));
#4058 = CARTESIAN_POINT('',(-91.22212416411,102.02011786582,1.5));
#4059 = CARTESIAN_POINT('',(-91.14701785213,102.05150094172,1.5));
#4060 = CARTESIAN_POINT('',(-90.96100226381,102.12007109623,1.5));
#4061 = CARTESIAN_POINT('',(-90.84856017658,102.153967431,1.5));
#4062 = CARTESIAN_POINT('',(-90.73369979889,102.18105319155,1.5));
#4063 = CARTESIAN_POINT('',(-90.61704095849,102.20106683992,1.5));
#4064 = CARTESIAN_POINT('',(-90.41369616383,102.22313111345,1.5));
#4065 = CARTESIAN_POINT('',(-90.32754726465,102.22859975652,1.5));
#4066 = CARTESIAN_POINT('',(-90.24104618175,102.23019388378,1.5));
#4067 = CARTESIAN_POINT('',(-90.15444685913,102.2278812177,1.5));
#4068 = CARTESIAN_POINT('',(-90.00424013792,102.21706729337,1.5));
#4069 = CARTESIAN_POINT('',(-89.94055998477,102.21034845819,1.5));
#4070 = CARTESIAN_POINT('',(-89.87706888104,102.20150006438,1.5));
#4071 = CARTESIAN_POINT('',(-89.81386916434,102.19052889374,1.5));
#4072 = CARTESIAN_POINT('',(-89.60289916963,102.14659652342,1.5));
#4073 = CARTESIAN_POINT('',(-89.45691641638,102.10401077073,1.5));
#4074 = CARTESIAN_POINT('',(-89.31446518275,102.04989610456,1.5));
#4075 = CARTESIAN_POINT('',(-89.1768134117,101.98469313697,1.5));
#4076 = CARTESIAN_POINT('',(-88.9304157495,101.84319299655,1.5));
#4077 = CARTESIAN_POINT('',(-88.82022153193,101.769397742,1.5));
#4078 = CARTESIAN_POINT('',(-88.71534371454,101.68814252161,1.5));
#4079 = CARTESIAN_POINT('',(-88.61647137548,101.59998826586,1.5));
#4080 = CARTESIAN_POINT('',(-88.48571627119,101.46624166204,1.5));
#4081 = CARTESIAN_POINT('',(-88.44837846793,101.42579149809,1.5));
#4082 = CARTESIAN_POINT('',(-88.41223191041,101.38430627112,1.5));
#4083 = CARTESIAN_POINT('',(-88.37731600017,101.34183720257,1.5));
#4084 = CARTESIAN_POINT('',(-88.29728923422,101.23862344957,1.5));
#4085 = CARTESIAN_POINT('',(-88.25331753994,101.17704200941,1.5));
#4086 = CARTESIAN_POINT('',(-88.2118456927,101.11383545558,1.5));
#4087 = CARTESIAN_POINT('',(-88.17295349334,101.0491532001,1.5));
#4088 = CARTESIAN_POINT('',(-88.08765455091,100.8938363066,1.5));
#4089 = CARTESIAN_POINT('',(-88.04344595682,100.80210435572,1.5));
#4090 = CARTESIAN_POINT('',(-88.00424345251,100.70834789311,1.5));
#4091 = CARTESIAN_POINT('',(-87.97015511054,100.61297418805,1.5));
#4092 = CARTESIAN_POINT('',(-87.90069775833,100.38105465715,1.5));
#4093 = CARTESIAN_POINT('',(-87.87031122358,100.24335020783,1.5));
#4094 = CARTESIAN_POINT('',(-87.85022052664,100.10446549923,1.5));
#4095 = CARTESIAN_POINT('',(-87.84034026336,99.965577022144,1.5));
#4096 = CARTESIAN_POINT('',(-87.84034036068,99.827848615697,1.5));
#4097 = PLANE('',#4098);
#4098 = AXIS2_PLACEMENT_3D('',#4099,#4100,#4101);
#4099 = CARTESIAN_POINT('',(-97.76219329438,97.12,1.5));
#4100 = DIRECTION('',(0.,0.,1.));
#4101 = DIRECTION('',(1.,0.,-0.));
#4102 = ADVANCED_FACE('',(#4103),#4126,.T.);
#4103 = FACE_BOUND('',#4104,.T.);
#4104 = EDGE_LOOP('',(#4105,#4112,#4119,#4124,#4125));
#4105 = ORIENTED_EDGE('',*,*,#4106,.F.);
#4106 = EDGE_CURVE('',#4107,#2628,#4109,.T.);
#4107 = VERTEX_POINT('',#4108);
#4108 = CARTESIAN_POINT('',(-85.60483616967,105.58235712471,-1.5));
#4109 = B_SPLINE_CURVE_WITH_KNOTS('',1,(#4110,#4111),.UNSPECIFIED.,.F.,
  .F.,(2,2),(0.,333.19485),.PIECEWISE_BEZIER_KNOTS.);
#4110 = CARTESIAN_POINT('',(-85.60483616967,105.58235712471,-1.5));
#4111 = CARTESIAN_POINT('',(-85.60483616967,97.119191008382,-1.5));
#4112 = ORIENTED_EDGE('',*,*,#4113,.T.);
#4113 = EDGE_CURVE('',#4107,#4114,#4116,.T.);
#4114 = VERTEX_POINT('',#4115);
#4115 = CARTESIAN_POINT('',(-85.60483616967,105.58235712471,1.5));
#4116 = B_SPLINE_CURVE_WITH_KNOTS('',1,(#4117,#4118),.UNSPECIFIED.,.F.,
  .F.,(2,2),(0.,118.1102),.PIECEWISE_BEZIER_KNOTS.);
#4117 = CARTESIAN_POINT('',(-85.60483616967,105.58235712471,-1.5));
#4118 = CARTESIAN_POINT('',(-85.60483616967,105.58235712471,
    1.50000508001));
#4119 = ORIENTED_EDGE('',*,*,#4120,.F.);
#4120 = EDGE_CURVE('',#3213,#4114,#4121,.T.);
#4121 = B_SPLINE_CURVE_WITH_KNOTS('',1,(#4122,#4123),.UNSPECIFIED.,.F.,
  .F.,(2,2),(0.,1.),.PIECEWISE_BEZIER_KNOTS.);
#4122 = CARTESIAN_POINT('',(-85.60483616967,97.12,1.5));
#4123 = CARTESIAN_POINT('',(-85.60483616967,105.58235712471,1.5));
#4124 = ORIENTED_EDGE('',*,*,#3219,.T.);
#4125 = ORIENTED_EDGE('',*,*,#2635,.T.);
#4126 = B_SPLINE_SURFACE_WITH_KNOTS('',1,1,(
    (#4127,#4128)
    ,(#4129,#4130
  )),.UNSPECIFIED.,.F.,.F.,.F.,(2,2),(2,2),(0.,333.19485),(-118.1102,0.)
  ,.PIECEWISE_BEZIER_KNOTS.);
#4127 = CARTESIAN_POINT('',(-85.60483616967,105.58235712471,
    1.50000508001));
#4128 = CARTESIAN_POINT('',(-85.60483616967,105.58235712471,-1.5));
#4129 = CARTESIAN_POINT('',(-85.60483616967,97.119191008382,
    1.50000508001));
#4130 = CARTESIAN_POINT('',(-85.60483616967,97.119191008382,-1.5));
#4131 = ADVANCED_FACE('',(#4132),#4161,.T.);
#4132 = FACE_BOUND('',#4133,.T.);
#4133 = EDGE_LOOP('',(#4134,#4141,#4142,#4149,#4156));
#4134 = ORIENTED_EDGE('',*,*,#4135,.F.);
#4135 = EDGE_CURVE('',#2621,#4136,#4138,.T.);
#4136 = VERTEX_POINT('',#4137);
#4137 = CARTESIAN_POINT('',(-8.572517145034,105.44970789941,-1.5));
#4138 = B_SPLINE_CURVE_WITH_KNOTS('',1,(#4139,#4140),.UNSPECIFIED.,.F.,
  .F.,(2,2),(7.02755,335.),.PIECEWISE_BEZIER_KNOTS.);
#4139 = CARTESIAN_POINT('',(-8.572517145034,97.119191008382,-1.5));
#4140 = CARTESIAN_POINT('',(-8.572517145034,105.44970789941,-1.5));
#4141 = ORIENTED_EDGE('',*,*,#2620,.F.);
#4142 = ORIENTED_EDGE('',*,*,#4143,.T.);
#4143 = EDGE_CURVE('',#2614,#4144,#4146,.T.);
#4144 = VERTEX_POINT('',#4145);
#4145 = CARTESIAN_POINT('',(-8.572517145034,103.94970789941,
    1.50000508001));
#4146 = B_SPLINE_CURVE_WITH_KNOTS('',1,(#4147,#4148),.UNSPECIFIED.,.F.,
  .F.,(2,2),(7.02755,335.),.PIECEWISE_BEZIER_KNOTS.);
#4147 = CARTESIAN_POINT('',(-8.572517145034,95.619191008382,
    1.50000508001));
#4148 = CARTESIAN_POINT('',(-8.572517145034,103.94970789941,
    1.50000508001));
#4149 = ORIENTED_EDGE('',*,*,#4150,.F.);
#4150 = EDGE_CURVE('',#4151,#4144,#4153,.T.);
#4151 = VERTEX_POINT('',#4152);
#4152 = CARTESIAN_POINT('',(-8.572517145034,105.44970789941,1.5));
#4153 = B_SPLINE_CURVE_WITH_KNOTS('',1,(#4154,#4155),.UNSPECIFIED.,.F.,
  .F.,(2,2),(0.,1.),.PIECEWISE_BEZIER_KNOTS.);
#4154 = CARTESIAN_POINT('',(-8.572517145034,105.44970789941,1.5));
#4155 = CARTESIAN_POINT('',(-8.572517145034,97.12,1.5));
#4156 = ORIENTED_EDGE('',*,*,#4157,.F.);
#4157 = EDGE_CURVE('',#4136,#4151,#4158,.T.);
#4158 = B_SPLINE_CURVE_WITH_KNOTS('',1,(#4159,#4160),.UNSPECIFIED.,.F.,
  .F.,(2,2),(0.,118.1102),.PIECEWISE_BEZIER_KNOTS.);
#4159 = CARTESIAN_POINT('',(-8.572517145034,105.44970789941,-1.5));
#4160 = CARTESIAN_POINT('',(-8.572517145034,105.44970789941,
    1.50000508001));
#4161 = B_SPLINE_SURFACE_WITH_KNOTS('',1,1,(
    (#4162,#4163)
    ,(#4164,#4165
  )),.UNSPECIFIED.,.F.,.F.,.F.,(2,2),(2,2),(7.02755,335.),(-118.1102,0.)
  ,.PIECEWISE_BEZIER_KNOTS.);
#4162 = CARTESIAN_POINT('',(-8.572517145034,97.119191008382,
    1.50000508001));
#4163 = CARTESIAN_POINT('',(-8.572517145034,97.119191008382,-1.5));
#4164 = CARTESIAN_POINT('',(-8.572517145034,105.44970789941,
    1.50000508001));
#4165 = CARTESIAN_POINT('',(-8.572517145034,105.44970789941,-1.5));
#4166 = ADVANCED_FACE('',(#4167),#4496,.F.);
#4167 = FACE_BOUND('',#4168,.F.);
#4168 = EDGE_LOOP('',(#4169,#4176,#4181,#4182,#4194,#4206,#4345,#4484,
    #4494,#4495));
#4169 = ORIENTED_EDGE('',*,*,#4170,.T.);
#4170 = EDGE_CURVE('',#4144,#4171,#4173,.T.);
#4171 = VERTEX_POINT('',#4172);
#4172 = CARTESIAN_POINT('',(0.952501905004,103.94970789941,1.50000508001
    ));
#4173 = B_SPLINE_CURVE_WITH_KNOTS('',1,(#4174,#4175),.UNSPECIFIED.,.F.,
  .F.,(2,2),(0.,375.),.PIECEWISE_BEZIER_KNOTS.);
#4174 = CARTESIAN_POINT('',(-8.572517145034,103.94970789941,
    1.50000508001));
#4175 = CARTESIAN_POINT('',(0.952501905004,103.94970789941,1.50000508001
    ));
#4176 = ORIENTED_EDGE('',*,*,#4177,.T.);
#4177 = EDGE_CURVE('',#4171,#2592,#4178,.T.);
#4178 = B_SPLINE_CURVE_WITH_KNOTS('',1,(#4179,#4180),.UNSPECIFIED.,.F.,
  .F.,(2,2),(0.,327.97245),.PIECEWISE_BEZIER_KNOTS.);
#4179 = CARTESIAN_POINT('',(0.952501905004,103.94970789941,1.50000508001
    ));
#4180 = CARTESIAN_POINT('',(0.952501905004,95.619191008382,1.50000508001
    ));
#4181 = ORIENTED_EDGE('',*,*,#2598,.F.);
#4182 = ORIENTED_EDGE('',*,*,#4183,.T.);
#4183 = EDGE_CURVE('',#2599,#4184,#4186,.T.);
#4184 = VERTEX_POINT('',#4185);
#4185 = CARTESIAN_POINT('',(-1.283002286005,99.695199390399,
    1.50000508001));
#4186 = ( BOUNDED_CURVE() B_SPLINE_CURVE(2,(#4187,#4188,#4189,#4190,
#4191,#4192,#4193),.UNSPECIFIED.,.T.,.F.) B_SPLINE_CURVE_WITH_KNOTS((1,2
    ,2,2,2,1),(-2.094395102394,0.,2.094395102393,4.188790204786,
6.28318530718,8.377580409573),.UNSPECIFIED.) CURVE() 
GEOMETRIC_REPRESENTATION_ITEM() RATIONAL_B_SPLINE_CURVE((1.,0.5,1.,0.5,
1.,0.5,1.)) REPRESENTATION_ITEM('') );
#4187 = CARTESIAN_POINT('',(-1.283002286005,99.695199390399,
    1.50000508001));
#4188 = CARTESIAN_POINT('',(-1.283002286005,103.8521301274,1.50000508001
    ));
#4189 = CARTESIAN_POINT('',(-4.88300990602,101.77366475889,1.50000508001
    ));
#4190 = CARTESIAN_POINT('',(-8.483017526035,99.695199390399,
    1.50000508001));
#4191 = CARTESIAN_POINT('',(-4.88300990602,97.616734021898,1.50000508001
    ));
#4192 = CARTESIAN_POINT('',(-1.283002286005,95.538268653398,
    1.50000508001));
#4193 = CARTESIAN_POINT('',(-1.283002286005,99.695199390399,
    1.50000508001));
#4194 = ORIENTED_EDGE('',*,*,#4195,.T.);
#4195 = EDGE_CURVE('',#4184,#4196,#4198,.T.);
#4196 = VERTEX_POINT('',#4197);
#4197 = CARTESIAN_POINT('',(-1.403199377072,100.44519933548,
    1.500002539676));
#4198 = ( BOUNDED_CURVE() B_SPLINE_CURVE(2,(#4199,#4200,#4201,#4202,
#4203,#4204,#4205),.UNSPECIFIED.,.T.,.F.) B_SPLINE_CURVE_WITH_KNOTS((1,2
    ,2,2,2,1),(-2.094395102394,0.,2.094395102393,4.188790204786,
6.28318530718,8.377580409573),.UNSPECIFIED.) CURVE() 
GEOMETRIC_REPRESENTATION_ITEM() RATIONAL_B_SPLINE_CURVE((1.,0.5,1.,0.5,
1.,0.5,1.)) REPRESENTATION_ITEM('') );
#4199 = CARTESIAN_POINT('',(-1.283002286005,99.695199390399,
    1.50000508001));
#4200 = CARTESIAN_POINT('',(-1.283002286005,103.8521301274,1.50000508001
    ));
#4201 = CARTESIAN_POINT('',(-4.88300990602,101.77366475889,1.50000508001
    ));
#4202 = CARTESIAN_POINT('',(-8.483017526035,99.695199390399,
    1.50000508001));
#4203 = CARTESIAN_POINT('',(-4.88300990602,97.616734021898,1.50000508001
    ));
#4204 = CARTESIAN_POINT('',(-1.283002286005,95.538268653398,
    1.50000508001));
#4205 = CARTESIAN_POINT('',(-1.283002286005,99.695199390399,
    1.50000508001));
#4206 = ORIENTED_EDGE('',*,*,#4207,.F.);
#4207 = EDGE_CURVE('',#4208,#4196,#4210,.T.);
#4208 = VERTEX_POINT('',#4209);
#4209 = CARTESIAN_POINT('',(-1.283002286005,101.19519939039,1.5));
#4210 = B_SPLINE_CURVE_WITH_KNOTS('',5,(#4211,#4212,#4213,#4214,#4215,
    #4216,#4217,#4218,#4219,#4220,#4221,#4222,#4223,#4224,#4225,#4226,
    #4227,#4228,#4229,#4230,#4231,#4232,#4233,#4234,#4235,#4236,#4237,
    #4238,#4239,#4240,#4241,#4242,#4243,#4244,#4245,#4246,#4247,#4248,
    #4249,#4250,#4251,#4252,#4253,#4254,#4255,#4256,#4257,#4258,#4259,
    #4260,#4261,#4262,#4263,#4264,#4265,#4266,#4267,#4268,#4269,#4270,
    #4271,#4272,#4273,#4274,#4275,#4276,#4277,#4278,#4279,#4280,#4281,
    #4282,#4283,#4284,#4285,#4286,#4287,#4288,#4289,#4290,#4291,#4292,
    #4293,#4294,#4295,#4296,#4297,#4298,#4299,#4300,#4301,#4302,#4303,
    #4304,#4305,#4306,#4307,#4308,#4309,#4310,#4311,#4312,#4313,#4314,
    #4315,#4316,#4317,#4318,#4319,#4320,#4321,#4322,#4323,#4324,#4325,
    #4326,#4327,#4328,#4329,#4330,#4331,#4332,#4333,#4334,#4335,#4336,
    #4337,#4338,#4339,#4340,#4341,#4342,#4343,#4344),.UNSPECIFIED.,.T.,
  .F.,(1,5,4,4,4,4,4,4,4,4,4,4,4,4,4,4,4,4,4,4,4,4,4,4,4,4,4,4,4,4,4,4,4
    ,4,5,1),(-4.8028733054E-02,0.,4.71402722038E-02,8.077286134412E-02,
    0.105625788513,0.123657959426,0.166889550156,0.216503336071,
    0.2375345407,0.266044111382,0.305302637807,0.332770329998,
    0.339605183085,0.360688273859,0.399294675244,0.427326415019,
    0.446958044611,0.496767502926,0.546576961241,0.566208590833,
    0.594240330608,0.632846731993,0.647030548644,0.653994219387,
    0.66095789013,0.688943270659,0.728941709311,0.757988604794,
    0.779416188169,0.829965053674,0.87401143766,0.892383464012,
    0.91770479859,0.951971266946,1.,1.047140272204),.UNSPECIFIED.);
#4211 = CARTESIAN_POINT('',(-1.283002286005,101.19519939039,1.5));
#4212 = CARTESIAN_POINT('',(-1.283002188687,101.05747098395,1.5));
#4213 = CARTESIAN_POINT('',(-1.292882451968,100.91858250686,1.5));
#4214 = CARTESIAN_POINT('',(-1.312973148905,100.77969779826,1.5));
#4215 = CARTESIAN_POINT('',(-1.343359683661,100.64199334893,1.5));
#4216 = CARTESIAN_POINT('',(-1.412817035874,100.41007381803,1.5));
#4217 = CARTESIAN_POINT('',(-1.446905377842,100.31470011297,1.5));
#4218 = CARTESIAN_POINT('',(-1.48610788215,100.22094365036,1.5));
#4219 = CARTESIAN_POINT('',(-1.530316476244,100.12921169949,1.5));
#4220 = CARTESIAN_POINT('',(-1.615615418669,99.973894805988,1.5));
#4221 = CARTESIAN_POINT('',(-1.65450761803,99.909212550511,1.5));
#4222 = CARTESIAN_POINT('',(-1.695979465273,99.846005996684,1.5));
#4223 = CARTESIAN_POINT('',(-1.739951159551,99.784424556517,1.5));
#4224 = CARTESIAN_POINT('',(-1.819977925501,99.681210803518,1.5));
#4225 = CARTESIAN_POINT('',(-1.854893835744,99.63874173497,1.5));
#4226 = CARTESIAN_POINT('',(-1.891040393256,99.597256507994,1.5));
#4227 = CARTESIAN_POINT('',(-1.92837819652,99.556806344048,1.5));
#4228 = CARTESIAN_POINT('',(-2.059133300809,99.423059740232,1.5));
#4229 = CARTESIAN_POINT('',(-2.158005639871,99.334905484479,1.5));
#4230 = CARTESIAN_POINT('',(-2.262883457262,99.253650264087,1.5));
#4231 = CARTESIAN_POINT('',(-2.373077674831,99.179855009541,1.5));
#4232 = CARTESIAN_POINT('',(-2.619475337033,99.038354869114,1.5));
#4233 = CARTESIAN_POINT('',(-2.757127108085,98.973151901528,1.5));
#4234 = CARTESIAN_POINT('',(-2.899578341713,98.91903723536,1.5));
#4235 = CARTESIAN_POINT('',(-3.04556109496,98.87645148267,1.5));
#4236 = CARTESIAN_POINT('',(-3.256531089672,98.832519112347,1.5));
#4237 = CARTESIAN_POINT('',(-3.319730806369,98.8215479417,1.5));
#4238 = CARTESIAN_POINT('',(-3.3832219101,98.812699547891,1.5));
#4239 = CARTESIAN_POINT('',(-3.446902063252,98.805980712711,1.5));
#4240 = CARTESIAN_POINT('',(-3.597108784457,98.795166788385,1.5));
#4241 = CARTESIAN_POINT('',(-3.683708107082,98.792854122308,1.5));
#4242 = CARTESIAN_POINT('',(-3.770209189979,98.794448249559,1.5));
#4243 = CARTESIAN_POINT('',(-3.856358089165,98.799916892638,1.5));
#4244 = CARTESIAN_POINT('',(-4.059702883819,98.82198116616,1.5));
#4245 = CARTESIAN_POINT('',(-4.176361724226,98.841994814531,1.5));
#4246 = CARTESIAN_POINT('',(-4.291222101911,98.869080575085,1.5));
#4247 = CARTESIAN_POINT('',(-4.403664189141,98.902976909853,1.5));
#4248 = CARTESIAN_POINT('',(-4.589679777464,98.971547064364,1.5));
#4249 = CARTESIAN_POINT('',(-4.664786089442,99.00293014026,1.5));
#4250 = CARTESIAN_POINT('',(-4.738227775966,99.037345041204,1.5));
#4251 = CARTESIAN_POINT('',(-4.809823058582,99.074644331671,1.5));
#4252 = CARTESIAN_POINT('',(-4.896693743087,99.124598686702,1.5));
#4253 = CARTESIAN_POINT('',(-4.913969978412,99.134772008086,1.5));
#4254 = CARTESIAN_POINT('',(-4.931244629047,99.14518888047,1.5));
#4255 = CARTESIAN_POINT('',(-4.948514839299,99.155853387984,1.5));
#4256 = CARTESIAN_POINT('',(-5.01898082996,99.200415261656,1.5));
#4257 = CARTESIAN_POINT('',(-5.071280533784,99.235931975959,1.5));
#4258 = CARTESIAN_POINT('',(-5.122557008846,99.273279043373,1.5));
#4259 = CARTESIAN_POINT('',(-5.172707474618,99.312413660985,1.5));
#4260 = CARTESIAN_POINT('',(-5.311225051004,99.428122834757,1.5));
#4261 = CARTESIAN_POINT('',(-5.396713330247,99.508783405088,1.5));
#4262 = CARTESIAN_POINT('',(-5.477492881296,99.59494168318,1.5));
#4263 = CARTESIAN_POINT('',(-5.553027352088,99.686189475722,1.5));
#4264 = CARTESIAN_POINT('',(-5.673547283533,99.851626319476,1.5));
#4265 = CARTESIAN_POINT('',(-5.72123433361,99.923643476258,1.5));
#4266 = CARTESIAN_POINT('',(-5.765733028785,99.997898121865,1.5));
#4267 = CARTESIAN_POINT('',(-5.806888759664,100.07418575745,1.5));
#4268 = CARTESIAN_POINT('',(-5.870959826869,100.2069805634,1.5));
#4269 = CARTESIAN_POINT('',(-5.895645556081,100.26256499307,1.5));
#4270 = CARTESIAN_POINT('',(-5.918582354181,100.3189623251,1.5));
#4271 = CARTESIAN_POINT('',(-5.939731293316,100.37609375341,1.5));
#4272 = CARTESIAN_POINT('',(-6.008099044295,100.5804857011,1.5));
#4273 = CARTESIAN_POINT('',(-6.045419440271,100.7313013953,1.5));
#4274 = CARTESIAN_POINT('',(-6.070480921557,100.88497084867,1.5));
#4275 = CARTESIAN_POINT('',(-6.083012591903,101.04008897958,1.5));
#4276 = CARTESIAN_POINT('',(-6.083012591903,101.3503098012,1.5));
#4277 = CARTESIAN_POINT('',(-6.070480921557,101.50542793211,1.5));
#4278 = CARTESIAN_POINT('',(-6.045419440271,101.65909738548,1.5));
#4279 = CARTESIAN_POINT('',(-6.008099044295,101.80991307968,1.5));
#4280 = CARTESIAN_POINT('',(-5.939731293317,102.01430502737,1.5));
#4281 = CARTESIAN_POINT('',(-5.918582354182,102.07143645568,1.5));
#4282 = CARTESIAN_POINT('',(-5.895645556082,102.12783378771,1.5));
#4283 = CARTESIAN_POINT('',(-5.87095982687,102.18341821738,1.5));
#4284 = CARTESIAN_POINT('',(-5.806888759665,102.31621302333,1.5));
#4285 = CARTESIAN_POINT('',(-5.765733028786,102.39250065892,1.5));
#4286 = CARTESIAN_POINT('',(-5.721234333611,102.46675530453,1.5));
#4287 = CARTESIAN_POINT('',(-5.673547283534,102.53877246131,1.5));
#4288 = CARTESIAN_POINT('',(-5.553027352089,102.70420930506,1.5));
#4289 = CARTESIAN_POINT('',(-5.477492881297,102.7954570976,1.5));
#4290 = CARTESIAN_POINT('',(-5.396713330249,102.8816153757,1.5));
#4291 = CARTESIAN_POINT('',(-5.311225051006,102.96227594603,1.5));
#4292 = CARTESIAN_POINT('',(-5.188718194851,103.06461072243,1.5));
#4293 = CARTESIAN_POINT('',(-5.155248599804,103.09132090154,1.5));
#4294 = CARTESIAN_POINT('',(-5.121254810888,103.11722975902,1.5));
#4295 = CARTESIAN_POINT('',(-5.086767662726,103.14232334027,1.5));
#4296 = CARTESIAN_POINT('',(-5.034660603833,103.17850326467,1.5));
#4297 = CARTESIAN_POINT('',(-5.017470262816,103.19016249948,1.5));
#4298 = CARTESIAN_POINT('',(-5.000253853946,103.20156946398,1.5));
#4299 = CARTESIAN_POINT('',(-4.983017045852,103.2127265553,1.5));
#4300 = CARTESIAN_POINT('',(-4.948514839301,103.2345453928,1.5));
#4301 = CARTESIAN_POINT('',(-4.931244629048,103.24520990031,1.5));
#4302 = CARTESIAN_POINT('',(-4.913969978413,103.2556267727,1.5));
#4303 = CARTESIAN_POINT('',(-4.896693743089,103.26580009408,1.5));
#4304 = CARTESIAN_POINT('',(-4.809823058583,103.31575444911,1.5));
#4305 = CARTESIAN_POINT('',(-4.738227775968,103.35305373958,1.5));
#4306 = CARTESIAN_POINT('',(-4.664786089444,103.38746864052,1.5));
#4307 = CARTESIAN_POINT('',(-4.589679777466,103.41885171642,1.5));
#4308 = CARTESIAN_POINT('',(-4.403664189143,103.48742187093,1.5));
#4309 = CARTESIAN_POINT('',(-4.291222101912,103.5213182057,1.5));
#4310 = CARTESIAN_POINT('',(-4.176361724227,103.54840396625,1.5));
#4311 = CARTESIAN_POINT('',(-4.059702883821,103.56841761463,1.5));
#4312 = CARTESIAN_POINT('',(-3.856358089167,103.59048188815,1.5));
#4313 = CARTESIAN_POINT('',(-3.77020918998,103.59595053123,1.5));
#4314 = CARTESIAN_POINT('',(-3.683708107083,103.59754465848,1.5));
#4315 = CARTESIAN_POINT('',(-3.597108784458,103.5952319924,1.5));
#4316 = CARTESIAN_POINT('',(-3.446902063254,103.58441806808,1.5));
#4317 = CARTESIAN_POINT('',(-3.383221910102,103.5776992329,1.5));
#4318 = CARTESIAN_POINT('',(-3.31973080637,103.56885083909,1.5));
#4319 = CARTESIAN_POINT('',(-3.256531089673,103.55787966844,1.5));
#4320 = CARTESIAN_POINT('',(-3.045561094962,103.51394729812,1.5));
#4321 = CARTESIAN_POINT('',(-2.899578341714,103.47136154543,1.5));
#4322 = CARTESIAN_POINT('',(-2.757127108086,103.41724687926,1.5));
#4323 = CARTESIAN_POINT('',(-2.619475337034,103.35204391168,1.5));
#4324 = CARTESIAN_POINT('',(-2.373077674832,103.21054377125,1.5));
#4325 = CARTESIAN_POINT('',(-2.262883457263,103.1367485167,1.5));
#4326 = CARTESIAN_POINT('',(-2.158005639872,103.05549329631,1.5));
#4327 = CARTESIAN_POINT('',(-2.059133300809,102.96733904056,1.5));
#4328 = CARTESIAN_POINT('',(-1.92837819652,102.83359243674,1.5));
#4329 = CARTESIAN_POINT('',(-1.891040393256,102.7931422728,1.5));
#4330 = CARTESIAN_POINT('',(-1.854893835745,102.75165704582,1.5));
#4331 = CARTESIAN_POINT('',(-1.819977925501,102.70918797727,1.5));
#4332 = CARTESIAN_POINT('',(-1.739951159551,102.60597422428,1.5));
#4333 = CARTESIAN_POINT('',(-1.695979465274,102.54439278411,1.5));
#4334 = CARTESIAN_POINT('',(-1.65450761803,102.48118623028,1.5));
#4335 = CARTESIAN_POINT('',(-1.61561541867,102.4165039748,1.5));
#4336 = CARTESIAN_POINT('',(-1.530316476244,102.2611870813,1.5));
#4337 = CARTESIAN_POINT('',(-1.48610788215,102.16945513042,1.5));
#4338 = CARTESIAN_POINT('',(-1.446905377842,102.07569866782,1.5));
#4339 = CARTESIAN_POINT('',(-1.412817035874,101.98032496276,1.5));
#4340 = CARTESIAN_POINT('',(-1.343359683661,101.74840543186,1.5));
#4341 = CARTESIAN_POINT('',(-1.312973148905,101.61070098253,1.5));
#4342 = CARTESIAN_POINT('',(-1.292882451968,101.47181627393,1.5));
#4343 = CARTESIAN_POINT('',(-1.283002188687,101.33292779684,1.5));
#4344 = CARTESIAN_POINT('',(-1.283002286005,101.19519939039,1.5));
#4345 = ORIENTED_EDGE('',*,*,#4346,.F.);
#4346 = EDGE_CURVE('',#4347,#4208,#4349,.T.);
#4347 = VERTEX_POINT('',#4348);
#4348 = CARTESIAN_POINT('',(-5.962815372403,100.44519928258,
    1.500002538738));
#4349 = B_SPLINE_CURVE_WITH_KNOTS('',5,(#4350,#4351,#4352,#4353,#4354,
    #4355,#4356,#4357,#4358,#4359,#4360,#4361,#4362,#4363,#4364,#4365,
    #4366,#4367,#4368,#4369,#4370,#4371,#4372,#4373,#4374,#4375,#4376,
    #4377,#4378,#4379,#4380,#4381,#4382,#4383,#4384,#4385,#4386,#4387,
    #4388,#4389,#4390,#4391,#4392,#4393,#4394,#4395,#4396,#4397,#4398,
    #4399,#4400,#4401,#4402,#4403,#4404,#4405,#4406,#4407,#4408,#4409,
    #4410,#4411,#4412,#4413,#4414,#4415,#4416,#4417,#4418,#4419,#4420,
    #4421,#4422,#4423,#4424,#4425,#4426,#4427,#4428,#4429,#4430,#4431,
    #4432,#4433,#4434,#4435,#4436,#4437,#4438,#4439,#4440,#4441,#4442,
    #4443,#4444,#4445,#4446,#4447,#4448,#4449,#4450,#4451,#4452,#4453,
    #4454,#4455,#4456,#4457,#4458,#4459,#4460,#4461,#4462,#4463,#4464,
    #4465,#4466,#4467,#4468,#4469,#4470,#4471,#4472,#4473,#4474,#4475,
    #4476,#4477,#4478,#4479,#4480,#4481,#4482,#4483),.UNSPECIFIED.,.T.,
  .F.,(1,5,4,4,4,4,4,4,4,4,4,4,4,4,4,4,4,4,4,4,4,4,4,4,4,4,4,4,4,4,4,4,4
    ,4,5,1),(-4.8028733054E-02,0.,4.71402722038E-02,8.077286134412E-02,
    0.105625788513,0.123657959426,0.166889550156,0.216503336071,
    0.2375345407,0.266044111382,0.305302637807,0.332770329998,
    0.339605183085,0.360688273859,0.399294675244,0.427326415019,
    0.446958044611,0.496767502926,0.546576961241,0.566208590833,
    0.594240330608,0.632846731993,0.647030548644,0.653994219387,
    0.66095789013,0.688943270659,0.728941709311,0.757988604794,
    0.779416188169,0.829965053674,0.87401143766,0.892383464012,
    0.91770479859,0.951971266946,1.,1.047140272204),.UNSPECIFIED.);
#4350 = CARTESIAN_POINT('',(-1.283002286005,101.19519939039,1.5));
#4351 = CARTESIAN_POINT('',(-1.283002188687,101.05747098395,1.5));
#4352 = CARTESIAN_POINT('',(-1.292882451968,100.91858250686,1.5));
#4353 = CARTESIAN_POINT('',(-1.312973148905,100.77969779826,1.5));
#4354 = CARTESIAN_POINT('',(-1.343359683661,100.64199334893,1.5));
#4355 = CARTESIAN_POINT('',(-1.412817035874,100.41007381803,1.5));
#4356 = CARTESIAN_POINT('',(-1.446905377842,100.31470011297,1.5));
#4357 = CARTESIAN_POINT('',(-1.48610788215,100.22094365036,1.5));
#4358 = CARTESIAN_POINT('',(-1.530316476244,100.12921169949,1.5));
#4359 = CARTESIAN_POINT('',(-1.615615418669,99.973894805988,1.5));
#4360 = CARTESIAN_POINT('',(-1.65450761803,99.909212550511,1.5));
#4361 = CARTESIAN_POINT('',(-1.695979465273,99.846005996684,1.5));
#4362 = CARTESIAN_POINT('',(-1.739951159551,99.784424556517,1.5));
#4363 = CARTESIAN_POINT('',(-1.819977925501,99.681210803518,1.5));
#4364 = CARTESIAN_POINT('',(-1.854893835744,99.63874173497,1.5));
#4365 = CARTESIAN_POINT('',(-1.891040393256,99.597256507994,1.5));
#4366 = CARTESIAN_POINT('',(-1.92837819652,99.556806344048,1.5));
#4367 = CARTESIAN_POINT('',(-2.059133300809,99.423059740232,1.5));
#4368 = CARTESIAN_POINT('',(-2.158005639871,99.334905484479,1.5));
#4369 = CARTESIAN_POINT('',(-2.262883457262,99.253650264087,1.5));
#4370 = CARTESIAN_POINT('',(-2.373077674831,99.179855009541,1.5));
#4371 = CARTESIAN_POINT('',(-2.619475337033,99.038354869114,1.5));
#4372 = CARTESIAN_POINT('',(-2.757127108085,98.973151901528,1.5));
#4373 = CARTESIAN_POINT('',(-2.899578341713,98.91903723536,1.5));
#4374 = CARTESIAN_POINT('',(-3.04556109496,98.87645148267,1.5));
#4375 = CARTESIAN_POINT('',(-3.256531089672,98.832519112347,1.5));
#4376 = CARTESIAN_POINT('',(-3.319730806369,98.8215479417,1.5));
#4377 = CARTESIAN_POINT('',(-3.3832219101,98.812699547891,1.5));
#4378 = CARTESIAN_POINT('',(-3.446902063252,98.805980712711,1.5));
#4379 = CARTESIAN_POINT('',(-3.597108784457,98.795166788385,1.5));
#4380 = CARTESIAN_POINT('',(-3.683708107082,98.792854122308,1.5));
#4381 = CARTESIAN_POINT('',(-3.770209189979,98.794448249559,1.5));
#4382 = CARTESIAN_POINT('',(-3.856358089165,98.799916892638,1.5));
#4383 = CARTESIAN_POINT('',(-4.059702883819,98.82198116616,1.5));
#4384 = CARTESIAN_POINT('',(-4.176361724226,98.841994814531,1.5));
#4385 = CARTESIAN_POINT('',(-4.291222101911,98.869080575085,1.5));
#4386 = CARTESIAN_POINT('',(-4.403664189141,98.902976909853,1.5));
#4387 = CARTESIAN_POINT('',(-4.589679777464,98.971547064364,1.5));
#4388 = CARTESIAN_POINT('',(-4.664786089442,99.00293014026,1.5));
#4389 = CARTESIAN_POINT('',(-4.738227775966,99.037345041204,1.5));
#4390 = CARTESIAN_POINT('',(-4.809823058582,99.074644331671,1.5));
#4391 = CARTESIAN_POINT('',(-4.896693743087,99.124598686702,1.5));
#4392 = CARTESIAN_POINT('',(-4.913969978412,99.134772008086,1.5));
#4393 = CARTESIAN_POINT('',(-4.931244629047,99.14518888047,1.5));
#4394 = CARTESIAN_POINT('',(-4.948514839299,99.155853387984,1.5));
#4395 = CARTESIAN_POINT('',(-5.01898082996,99.200415261656,1.5));
#4396 = CARTESIAN_POINT('',(-5.071280533784,99.235931975959,1.5));
#4397 = CARTESIAN_POINT('',(-5.122557008846,99.273279043373,1.5));
#4398 = CARTESIAN_POINT('',(-5.172707474618,99.312413660985,1.5));
#4399 = CARTESIAN_POINT('',(-5.311225051004,99.428122834757,1.5));
#4400 = CARTESIAN_POINT('',(-5.396713330247,99.508783405088,1.5));
#4401 = CARTESIAN_POINT('',(-5.477492881296,99.59494168318,1.5));
#4402 = CARTESIAN_POINT('',(-5.553027352088,99.686189475722,1.5));
#4403 = CARTESIAN_POINT('',(-5.673547283533,99.851626319476,1.5));
#4404 = CARTESIAN_POINT('',(-5.72123433361,99.923643476258,1.5));
#4405 = CARTESIAN_POINT('',(-5.765733028785,99.997898121865,1.5));
#4406 = CARTESIAN_POINT('',(-5.806888759664,100.07418575745,1.5));
#4407 = CARTESIAN_POINT('',(-5.870959826869,100.2069805634,1.5));
#4408 = CARTESIAN_POINT('',(-5.895645556081,100.26256499307,1.5));
#4409 = CARTESIAN_POINT('',(-5.918582354181,100.3189623251,1.5));
#4410 = CARTESIAN_POINT('',(-5.939731293316,100.37609375341,1.5));
#4411 = CARTESIAN_POINT('',(-6.008099044295,100.5804857011,1.5));
#4412 = CARTESIAN_POINT('',(-6.045419440271,100.7313013953,1.5));
#4413 = CARTESIAN_POINT('',(-6.070480921557,100.88497084867,1.5));
#4414 = CARTESIAN_POINT('',(-6.083012591903,101.04008897958,1.5));
#4415 = CARTESIAN_POINT('',(-6.083012591903,101.3503098012,1.5));
#4416 = CARTESIAN_POINT('',(-6.070480921557,101.50542793211,1.5));
#4417 = CARTESIAN_POINT('',(-6.045419440271,101.65909738548,1.5));
#4418 = CARTESIAN_POINT('',(-6.008099044295,101.80991307968,1.5));
#4419 = CARTESIAN_POINT('',(-5.939731293317,102.01430502737,1.5));
#4420 = CARTESIAN_POINT('',(-5.918582354182,102.07143645568,1.5));
#4421 = CARTESIAN_POINT('',(-5.895645556082,102.12783378771,1.5));
#4422 = CARTESIAN_POINT('',(-5.87095982687,102.18341821738,1.5));
#4423 = CARTESIAN_POINT('',(-5.806888759665,102.31621302333,1.5));
#4424 = CARTESIAN_POINT('',(-5.765733028786,102.39250065892,1.5));
#4425 = CARTESIAN_POINT('',(-5.721234333611,102.46675530453,1.5));
#4426 = CARTESIAN_POINT('',(-5.673547283534,102.53877246131,1.5));
#4427 = CARTESIAN_POINT('',(-5.553027352089,102.70420930506,1.5));
#4428 = CARTESIAN_POINT('',(-5.477492881297,102.7954570976,1.5));
#4429 = CARTESIAN_POINT('',(-5.396713330249,102.8816153757,1.5));
#4430 = CARTESIAN_POINT('',(-5.311225051006,102.96227594603,1.5));
#4431 = CARTESIAN_POINT('',(-5.188718194851,103.06461072243,1.5));
#4432 = CARTESIAN_POINT('',(-5.155248599804,103.09132090154,1.5));
#4433 = CARTESIAN_POINT('',(-5.121254810888,103.11722975902,1.5));
#4434 = CARTESIAN_POINT('',(-5.086767662726,103.14232334027,1.5));
#4435 = CARTESIAN_POINT('',(-5.034660603833,103.17850326467,1.5));
#4436 = CARTESIAN_POINT('',(-5.017470262816,103.19016249948,1.5));
#4437 = CARTESIAN_POINT('',(-5.000253853946,103.20156946398,1.5));
#4438 = CARTESIAN_POINT('',(-4.983017045852,103.2127265553,1.5));
#4439 = CARTESIAN_POINT('',(-4.948514839301,103.2345453928,1.5));
#4440 = CARTESIAN_POINT('',(-4.931244629048,103.24520990031,1.5));
#4441 = CARTESIAN_POINT('',(-4.913969978413,103.2556267727,1.5));
#4442 = CARTESIAN_POINT('',(-4.896693743089,103.26580009408,1.5));
#4443 = CARTESIAN_POINT('',(-4.809823058583,103.31575444911,1.5));
#4444 = CARTESIAN_POINT('',(-4.738227775968,103.35305373958,1.5));
#4445 = CARTESIAN_POINT('',(-4.664786089444,103.38746864052,1.5));
#4446 = CARTESIAN_POINT('',(-4.589679777466,103.41885171642,1.5));
#4447 = CARTESIAN_POINT('',(-4.403664189143,103.48742187093,1.5));
#4448 = CARTESIAN_POINT('',(-4.291222101912,103.5213182057,1.5));
#4449 = CARTESIAN_POINT('',(-4.176361724227,103.54840396625,1.5));
#4450 = CARTESIAN_POINT('',(-4.059702883821,103.56841761463,1.5));
#4451 = CARTESIAN_POINT('',(-3.856358089167,103.59048188815,1.5));
#4452 = CARTESIAN_POINT('',(-3.77020918998,103.59595053123,1.5));
#4453 = CARTESIAN_POINT('',(-3.683708107083,103.59754465848,1.5));
#4454 = CARTESIAN_POINT('',(-3.597108784458,103.5952319924,1.5));
#4455 = CARTESIAN_POINT('',(-3.446902063254,103.58441806808,1.5));
#4456 = CARTESIAN_POINT('',(-3.383221910102,103.5776992329,1.5));
#4457 = CARTESIAN_POINT('',(-3.31973080637,103.56885083909,1.5));
#4458 = CARTESIAN_POINT('',(-3.256531089673,103.55787966844,1.5));
#4459 = CARTESIAN_POINT('',(-3.045561094962,103.51394729812,1.5));
#4460 = CARTESIAN_POINT('',(-2.899578341714,103.47136154543,1.5));
#4461 = CARTESIAN_POINT('',(-2.757127108086,103.41724687926,1.5));
#4462 = CARTESIAN_POINT('',(-2.619475337034,103.35204391168,1.5));
#4463 = CARTESIAN_POINT('',(-2.373077674832,103.21054377125,1.5));
#4464 = CARTESIAN_POINT('',(-2.262883457263,103.1367485167,1.5));
#4465 = CARTESIAN_POINT('',(-2.158005639872,103.05549329631,1.5));
#4466 = CARTESIAN_POINT('',(-2.059133300809,102.96733904056,1.5));
#4467 = CARTESIAN_POINT('',(-1.92837819652,102.83359243674,1.5));
#4468 = CARTESIAN_POINT('',(-1.891040393256,102.7931422728,1.5));
#4469 = CARTESIAN_POINT('',(-1.854893835745,102.75165704582,1.5));
#4470 = CARTESIAN_POINT('',(-1.819977925501,102.70918797727,1.5));
#4471 = CARTESIAN_POINT('',(-1.739951159551,102.60597422428,1.5));
#4472 = CARTESIAN_POINT('',(-1.695979465274,102.54439278411,1.5));
#4473 = CARTESIAN_POINT('',(-1.65450761803,102.48118623028,1.5));
#4474 = CARTESIAN_POINT('',(-1.61561541867,102.4165039748,1.5));
#4475 = CARTESIAN_POINT('',(-1.530316476244,102.2611870813,1.5));
#4476 = CARTESIAN_POINT('',(-1.48610788215,102.16945513042,1.5));
#4477 = CARTESIAN_POINT('',(-1.446905377842,102.07569866782,1.5));
#4478 = CARTESIAN_POINT('',(-1.412817035874,101.98032496276,1.5));
#4479 = CARTESIAN_POINT('',(-1.343359683661,101.74840543186,1.5));
#4480 = CARTESIAN_POINT('',(-1.312973148905,101.61070098253,1.5));
#4481 = CARTESIAN_POINT('',(-1.292882451968,101.47181627393,1.5));
#4482 = CARTESIAN_POINT('',(-1.283002188687,101.33292779684,1.5));
#4483 = CARTESIAN_POINT('',(-1.283002286005,101.19519939039,1.5));
#4484 = ORIENTED_EDGE('',*,*,#4485,.T.);
#4485 = EDGE_CURVE('',#4347,#2606,#4486,.T.);
#4486 = ( BOUNDED_CURVE() B_SPLINE_CURVE(2,(#4487,#4488,#4489,#4490,
#4491,#4492,#4493),.UNSPECIFIED.,.T.,.F.) B_SPLINE_CURVE_WITH_KNOTS((1,2
    ,2,2,2,1),(-2.094395102394,0.,2.094395102393,4.188790204786,
6.28318530718,8.377580409573),.UNSPECIFIED.) CURVE() 
GEOMETRIC_REPRESENTATION_ITEM() RATIONAL_B_SPLINE_CURVE((1.,0.5,1.,0.5,
1.,0.5,1.)) REPRESENTATION_ITEM('') );
#4487 = CARTESIAN_POINT('',(-1.283002286005,99.695199390399,
    1.50000508001));
#4488 = CARTESIAN_POINT('',(-1.283002286005,103.8521301274,1.50000508001
    ));
#4489 = CARTESIAN_POINT('',(-4.88300990602,101.77366475889,1.50000508001
    ));
#4490 = CARTESIAN_POINT('',(-8.483017526035,99.695199390399,
    1.50000508001));
#4491 = CARTESIAN_POINT('',(-4.88300990602,97.616734021898,1.50000508001
    ));
#4492 = CARTESIAN_POINT('',(-1.283002286005,95.538268653398,
    1.50000508001));
#4493 = CARTESIAN_POINT('',(-1.283002286005,99.695199390399,
    1.50000508001));
#4494 = ORIENTED_EDGE('',*,*,#2613,.F.);
#4495 = ORIENTED_EDGE('',*,*,#4143,.T.);
#4496 = B_SPLINE_SURFACE_WITH_KNOTS('',1,1,(
    (#4497,#4498)
    ,(#4499,#4500
  )),.UNSPECIFIED.,.F.,.F.,.F.,(2,2),(2,2),(-187.5,187.5),(-160.47245,
    167.5),.PIECEWISE_BEZIER_KNOTS.);
#4497 = CARTESIAN_POINT('',(0.952501905004,95.619191008382,1.50000508001
    ));
#4498 = CARTESIAN_POINT('',(0.952501905004,103.94970789941,1.50000508001
    ));
#4499 = CARTESIAN_POINT('',(-8.572517145034,95.619191008382,
    1.50000508001));
#4500 = CARTESIAN_POINT('',(-8.572517145034,103.94970789941,
    1.50000508001));
#4501 = ADVANCED_FACE('',(#4502),#5055,.T.);
#4502 = FACE_BOUND('',#4503,.T.);
#4503 = EDGE_LOOP('',(#4504,#4643,#4780,#4917,#4918));
#4504 = ORIENTED_EDGE('',*,*,#4505,.F.);
#4505 = EDGE_CURVE('',#4196,#4506,#4508,.T.);
#4506 = VERTEX_POINT('',#4507);
#4507 = CARTESIAN_POINT('',(-1.283002286005,99.695199390399,1.5));
#4508 = B_SPLINE_CURVE_WITH_KNOTS('',5,(#4509,#4510,#4511,#4512,#4513,
    #4514,#4515,#4516,#4517,#4518,#4519,#4520,#4521,#4522,#4523,#4524,
    #4525,#4526,#4527,#4528,#4529,#4530,#4531,#4532,#4533,#4534,#4535,
    #4536,#4537,#4538,#4539,#4540,#4541,#4542,#4543,#4544,#4545,#4546,
    #4547,#4548,#4549,#4550,#4551,#4552,#4553,#4554,#4555,#4556,#4557,
    #4558,#4559,#4560,#4561,#4562,#4563,#4564,#4565,#4566,#4567,#4568,
    #4569,#4570,#4571,#4572,#4573,#4574,#4575,#4576,#4577,#4578,#4579,
    #4580,#4581,#4582,#4583,#4584,#4585,#4586,#4587,#4588,#4589,#4590,
    #4591,#4592,#4593,#4594,#4595,#4596,#4597,#4598,#4599,#4600,#4601,
    #4602,#4603,#4604,#4605,#4606,#4607,#4608,#4609,#4610,#4611,#4612,
    #4613,#4614,#4615,#4616,#4617,#4618,#4619,#4620,#4621,#4622,#4623,
    #4624,#4625,#4626,#4627,#4628,#4629,#4630,#4631,#4632,#4633,#4634,
    #4635,#4636,#4637,#4638,#4639,#4640,#4641,#4642),.UNSPECIFIED.,.T.,
  .F.,(1,5,4,4,4,4,4,4,4,4,4,4,4,4,4,4,4,4,4,4,4,4,4,4,4,4,4,4,4,4,4,4,4
    ,4,5,1),(-4.8028733054E-02,0.,4.71402722038E-02,8.077286134412E-02,
    0.105625788513,0.123657959426,0.166889550156,0.216503336071,
    0.2375345407,0.266044111382,0.305302637807,0.332770329998,
    0.339605183085,0.360688273859,0.399294675244,0.427326415019,
    0.446958044611,0.496767502926,0.546576961241,0.566208590833,
    0.594240330608,0.632846731993,0.647030548644,0.653994219387,
    0.66095789013,0.688943270659,0.728941709311,0.757988604794,
    0.779416188169,0.829965053674,0.87401143766,0.892383464012,
    0.91770479859,0.951971266946,1.,1.047140272204),.UNSPECIFIED.);
#4509 = CARTESIAN_POINT('',(-1.283002286005,99.695199390399,1.5));
#4510 = CARTESIAN_POINT('',(-1.283002188687,99.557470983952,1.5));
#4511 = CARTESIAN_POINT('',(-1.292882451968,99.41858250686,1.5));
#4512 = CARTESIAN_POINT('',(-1.312973148905,99.279697798265,1.5));
#4513 = CARTESIAN_POINT('',(-1.343359683661,99.141993348936,1.5));
#4514 = CARTESIAN_POINT('',(-1.412817035874,98.910073818037,1.5));
#4515 = CARTESIAN_POINT('',(-1.446905377842,98.814700112978,1.5));
#4516 = CARTESIAN_POINT('',(-1.48610788215,98.720943650369,1.5));
#4517 = CARTESIAN_POINT('',(-1.530316476244,98.62921169949,1.5));
#4518 = CARTESIAN_POINT('',(-1.615615418669,98.473894805988,1.5));
#4519 = CARTESIAN_POINT('',(-1.65450761803,98.409212550511,1.5));
#4520 = CARTESIAN_POINT('',(-1.695979465273,98.346005996684,1.5));
#4521 = CARTESIAN_POINT('',(-1.739951159551,98.284424556517,1.5));
#4522 = CARTESIAN_POINT('',(-1.819977925501,98.181210803518,1.5));
#4523 = CARTESIAN_POINT('',(-1.854893835744,98.13874173497,1.5));
#4524 = CARTESIAN_POINT('',(-1.891040393256,98.097256507994,1.5));
#4525 = CARTESIAN_POINT('',(-1.92837819652,98.056806344048,1.5));
#4526 = CARTESIAN_POINT('',(-2.059133300809,97.923059740232,1.5));
#4527 = CARTESIAN_POINT('',(-2.158005639871,97.834905484479,1.5));
#4528 = CARTESIAN_POINT('',(-2.262883457262,97.753650264087,1.5));
#4529 = CARTESIAN_POINT('',(-2.373077674831,97.679855009541,1.5));
#4530 = CARTESIAN_POINT('',(-2.619475337033,97.538354869114,1.5));
#4531 = CARTESIAN_POINT('',(-2.757127108085,97.473151901528,1.5));
#4532 = CARTESIAN_POINT('',(-2.899578341713,97.41903723536,1.5));
#4533 = CARTESIAN_POINT('',(-3.04556109496,97.37645148267,1.5));
#4534 = CARTESIAN_POINT('',(-3.256531089672,97.332519112347,1.5));
#4535 = CARTESIAN_POINT('',(-3.319730806369,97.3215479417,1.5));
#4536 = CARTESIAN_POINT('',(-3.3832219101,97.312699547891,1.5));
#4537 = CARTESIAN_POINT('',(-3.446902063252,97.305980712711,1.5));
#4538 = CARTESIAN_POINT('',(-3.597108784457,97.295166788385,1.5));
#4539 = CARTESIAN_POINT('',(-3.683708107082,97.292854122308,1.5));
#4540 = CARTESIAN_POINT('',(-3.770209189979,97.294448249559,1.5));
#4541 = CARTESIAN_POINT('',(-3.856358089165,97.299916892638,1.5));
#4542 = CARTESIAN_POINT('',(-4.059702883819,97.32198116616,1.5));
#4543 = CARTESIAN_POINT('',(-4.176361724226,97.341994814531,1.5));
#4544 = CARTESIAN_POINT('',(-4.291222101911,97.369080575085,1.5));
#4545 = CARTESIAN_POINT('',(-4.403664189141,97.402976909853,1.5));
#4546 = CARTESIAN_POINT('',(-4.589679777464,97.471547064364,1.5));
#4547 = CARTESIAN_POINT('',(-4.664786089442,97.50293014026,1.5));
#4548 = CARTESIAN_POINT('',(-4.738227775966,97.537345041204,1.5));
#4549 = CARTESIAN_POINT('',(-4.809823058582,97.574644331671,1.5));
#4550 = CARTESIAN_POINT('',(-4.896693743087,97.624598686702,1.5));
#4551 = CARTESIAN_POINT('',(-4.913969978412,97.634772008086,1.5));
#4552 = CARTESIAN_POINT('',(-4.931244629047,97.64518888047,1.5));
#4553 = CARTESIAN_POINT('',(-4.948514839299,97.655853387984,1.5));
#4554 = CARTESIAN_POINT('',(-5.01898082996,97.700415261656,1.5));
#4555 = CARTESIAN_POINT('',(-5.071280533784,97.735931975959,1.5));
#4556 = CARTESIAN_POINT('',(-5.122557008846,97.773279043373,1.5));
#4557 = CARTESIAN_POINT('',(-5.172707474618,97.812413660985,1.5));
#4558 = CARTESIAN_POINT('',(-5.311225051004,97.928122834757,1.5));
#4559 = CARTESIAN_POINT('',(-5.396713330247,98.008783405088,1.5));
#4560 = CARTESIAN_POINT('',(-5.477492881296,98.09494168318,1.5));
#4561 = CARTESIAN_POINT('',(-5.553027352088,98.186189475722,1.5));
#4562 = CARTESIAN_POINT('',(-5.673547283533,98.351626319476,1.5));
#4563 = CARTESIAN_POINT('',(-5.72123433361,98.423643476258,1.5));
#4564 = CARTESIAN_POINT('',(-5.765733028785,98.497898121865,1.5));
#4565 = CARTESIAN_POINT('',(-5.806888759664,98.574185757456,1.5));
#4566 = CARTESIAN_POINT('',(-5.870959826869,98.706980563401,1.5));
#4567 = CARTESIAN_POINT('',(-5.895645556081,98.762564993074,1.5));
#4568 = CARTESIAN_POINT('',(-5.918582354181,98.818962325108,1.5));
#4569 = CARTESIAN_POINT('',(-5.939731293316,98.87609375341,1.5));
#4570 = CARTESIAN_POINT('',(-6.008099044295,99.080485701105,1.5));
#4571 = CARTESIAN_POINT('',(-6.045419440271,99.231301395309,1.5));
#4572 = CARTESIAN_POINT('',(-6.070480921557,99.384970848676,1.5));
#4573 = CARTESIAN_POINT('',(-6.083012591903,99.540088979584,1.5));
#4574 = CARTESIAN_POINT('',(-6.083012591903,99.850309801205,1.5));
#4575 = CARTESIAN_POINT('',(-6.070480921557,100.00542793211,1.5));
#4576 = CARTESIAN_POINT('',(-6.045419440271,100.15909738548,1.5));
#4577 = CARTESIAN_POINT('',(-6.008099044295,100.30991307968,1.5));
#4578 = CARTESIAN_POINT('',(-5.939731293317,100.51430502737,1.5));
#4579 = CARTESIAN_POINT('',(-5.918582354182,100.57143645568,1.5));
#4580 = CARTESIAN_POINT('',(-5.895645556082,100.62783378771,1.5));
#4581 = CARTESIAN_POINT('',(-5.87095982687,100.68341821738,1.5));
#4582 = CARTESIAN_POINT('',(-5.806888759665,100.81621302333,1.5));
#4583 = CARTESIAN_POINT('',(-5.765733028786,100.89250065892,1.5));
#4584 = CARTESIAN_POINT('',(-5.721234333611,100.96675530453,1.5));
#4585 = CARTESIAN_POINT('',(-5.673547283534,101.03877246131,1.5));
#4586 = CARTESIAN_POINT('',(-5.553027352089,101.20420930506,1.5));
#4587 = CARTESIAN_POINT('',(-5.477492881297,101.2954570976,1.5));
#4588 = CARTESIAN_POINT('',(-5.396713330249,101.3816153757,1.5));
#4589 = CARTESIAN_POINT('',(-5.311225051006,101.46227594603,1.5));
#4590 = CARTESIAN_POINT('',(-5.188718194851,101.56461072243,1.5));
#4591 = CARTESIAN_POINT('',(-5.155248599804,101.59132090154,1.5));
#4592 = CARTESIAN_POINT('',(-5.121254810888,101.61722975902,1.5));
#4593 = CARTESIAN_POINT('',(-5.086767662726,101.64232334027,1.5));
#4594 = CARTESIAN_POINT('',(-5.034660603833,101.67850326467,1.5));
#4595 = CARTESIAN_POINT('',(-5.017470262816,101.69016249948,1.5));
#4596 = CARTESIAN_POINT('',(-5.000253853946,101.70156946398,1.5));
#4597 = CARTESIAN_POINT('',(-4.983017045852,101.7127265553,1.5));
#4598 = CARTESIAN_POINT('',(-4.948514839301,101.7345453928,1.5));
#4599 = CARTESIAN_POINT('',(-4.931244629048,101.74520990031,1.5));
#4600 = CARTESIAN_POINT('',(-4.913969978413,101.7556267727,1.5));
#4601 = CARTESIAN_POINT('',(-4.896693743089,101.76580009408,1.5));
#4602 = CARTESIAN_POINT('',(-4.809823058583,101.81575444911,1.5));
#4603 = CARTESIAN_POINT('',(-4.738227775968,101.85305373958,1.5));
#4604 = CARTESIAN_POINT('',(-4.664786089444,101.88746864052,1.5));
#4605 = CARTESIAN_POINT('',(-4.589679777466,101.91885171642,1.5));
#4606 = CARTESIAN_POINT('',(-4.403664189143,101.98742187093,1.5));
#4607 = CARTESIAN_POINT('',(-4.291222101912,102.0213182057,1.5));
#4608 = CARTESIAN_POINT('',(-4.176361724227,102.04840396625,1.5));
#4609 = CARTESIAN_POINT('',(-4.059702883821,102.06841761463,1.5));
#4610 = CARTESIAN_POINT('',(-3.856358089167,102.09048188815,1.5));
#4611 = CARTESIAN_POINT('',(-3.77020918998,102.09595053123,1.5));
#4612 = CARTESIAN_POINT('',(-3.683708107083,102.09754465848,1.5));
#4613 = CARTESIAN_POINT('',(-3.597108784458,102.0952319924,1.5));
#4614 = CARTESIAN_POINT('',(-3.446902063254,102.08441806808,1.5));
#4615 = CARTESIAN_POINT('',(-3.383221910102,102.0776992329,1.5));
#4616 = CARTESIAN_POINT('',(-3.31973080637,102.06885083909,1.5));
#4617 = CARTESIAN_POINT('',(-3.256531089673,102.05787966844,1.5));
#4618 = CARTESIAN_POINT('',(-3.045561094962,102.01394729812,1.5));
#4619 = CARTESIAN_POINT('',(-2.899578341714,101.97136154543,1.5));
#4620 = CARTESIAN_POINT('',(-2.757127108086,101.91724687926,1.5));
#4621 = CARTESIAN_POINT('',(-2.619475337034,101.85204391168,1.5));
#4622 = CARTESIAN_POINT('',(-2.373077674832,101.71054377125,1.5));
#4623 = CARTESIAN_POINT('',(-2.262883457263,101.6367485167,1.5));
#4624 = CARTESIAN_POINT('',(-2.158005639872,101.55549329631,1.5));
#4625 = CARTESIAN_POINT('',(-2.059133300809,101.46733904056,1.5));
#4626 = CARTESIAN_POINT('',(-1.92837819652,101.33359243674,1.5));
#4627 = CARTESIAN_POINT('',(-1.891040393256,101.2931422728,1.5));
#4628 = CARTESIAN_POINT('',(-1.854893835745,101.25165704582,1.5));
#4629 = CARTESIAN_POINT('',(-1.819977925501,101.20918797727,1.5));
#4630 = CARTESIAN_POINT('',(-1.739951159551,101.10597422428,1.5));
#4631 = CARTESIAN_POINT('',(-1.695979465274,101.04439278411,1.5));
#4632 = CARTESIAN_POINT('',(-1.65450761803,100.98118623028,1.5));
#4633 = CARTESIAN_POINT('',(-1.61561541867,100.9165039748,1.5));
#4634 = CARTESIAN_POINT('',(-1.530316476244,100.7611870813,1.5));
#4635 = CARTESIAN_POINT('',(-1.48610788215,100.66945513042,1.5));
#4636 = CARTESIAN_POINT('',(-1.446905377842,100.57569866782,1.5));
#4637 = CARTESIAN_POINT('',(-1.412817035874,100.48032496276,1.5));
#4638 = CARTESIAN_POINT('',(-1.343359683661,100.24840543186,1.5));
#4639 = CARTESIAN_POINT('',(-1.312973148905,100.11070098253,1.5));
#4640 = CARTESIAN_POINT('',(-1.292882451968,99.971816273938,1.5));
#4641 = CARTESIAN_POINT('',(-1.283002188687,99.832927796846,1.5));
#4642 = CARTESIAN_POINT('',(-1.283002286005,99.695199390399,1.5));
#4643 = ORIENTED_EDGE('',*,*,#4644,.T.);
#4644 = EDGE_CURVE('',#4196,#4347,#4645,.T.);
#4645 = B_SPLINE_CURVE_WITH_KNOTS('',5,(#4646,#4647,#4648,#4649,#4650,
    #4651,#4652,#4653,#4654,#4655,#4656,#4657,#4658,#4659,#4660,#4661,
    #4662,#4663,#4664,#4665,#4666,#4667,#4668,#4669,#4670,#4671,#4672,
    #4673,#4674,#4675,#4676,#4677,#4678,#4679,#4680,#4681,#4682,#4683,
    #4684,#4685,#4686,#4687,#4688,#4689,#4690,#4691,#4692,#4693,#4694,
    #4695,#4696,#4697,#4698,#4699,#4700,#4701,#4702,#4703,#4704,#4705,
    #4706,#4707,#4708,#4709,#4710,#4711,#4712,#4713,#4714,#4715,#4716,
    #4717,#4718,#4719,#4720,#4721,#4722,#4723,#4724,#4725,#4726,#4727,
    #4728,#4729,#4730,#4731,#4732,#4733,#4734,#4735,#4736,#4737,#4738,
    #4739,#4740,#4741,#4742,#4743,#4744,#4745,#4746,#4747,#4748,#4749,
    #4750,#4751,#4752,#4753,#4754,#4755,#4756,#4757,#4758,#4759,#4760,
    #4761,#4762,#4763,#4764,#4765,#4766,#4767,#4768,#4769,#4770,#4771,
    #4772,#4773,#4774,#4775,#4776,#4777,#4778,#4779),.UNSPECIFIED.,.T.,
  .F.,(1,5,4,4,4,4,4,4,4,4,4,4,4,4,4,4,4,4,4,4,4,4,4,4,4,4,4,4,4,4,4,4,4
    ,4,5,1),(-4.8028733054E-02,0.,4.71402722038E-02,8.077286134412E-02,
    0.105625788513,0.123657959426,0.166889550156,0.216503336071,
    0.2375345407,0.266044111382,0.305302637807,0.332770329998,
    0.339605183085,0.360688273859,0.399294675244,0.427326415019,
    0.446958044611,0.496767502926,0.546576961241,0.566208590833,
    0.594240330608,0.632846731993,0.647030548644,0.653994219387,
    0.66095789013,0.688943270659,0.728941709311,0.757988604794,
    0.779416188169,0.829965053674,0.87401143766,0.892383464012,
    0.91770479859,0.951971266946,1.,1.047140272204),.UNSPECIFIED.);
#4646 = CARTESIAN_POINT('',(-1.283002286005,101.19519939039,1.5));
#4647 = CARTESIAN_POINT('',(-1.283002188687,101.05747098395,1.5));
#4648 = CARTESIAN_POINT('',(-1.292882451968,100.91858250686,1.5));
#4649 = CARTESIAN_POINT('',(-1.312973148905,100.77969779826,1.5));
#4650 = CARTESIAN_POINT('',(-1.343359683661,100.64199334893,1.5));
#4651 = CARTESIAN_POINT('',(-1.412817035874,100.41007381803,1.5));
#4652 = CARTESIAN_POINT('',(-1.446905377842,100.31470011297,1.5));
#4653 = CARTESIAN_POINT('',(-1.48610788215,100.22094365036,1.5));
#4654 = CARTESIAN_POINT('',(-1.530316476244,100.12921169949,1.5));
#4655 = CARTESIAN_POINT('',(-1.615615418669,99.973894805988,1.5));
#4656 = CARTESIAN_POINT('',(-1.65450761803,99.909212550511,1.5));
#4657 = CARTESIAN_POINT('',(-1.695979465273,99.846005996684,1.5));
#4658 = CARTESIAN_POINT('',(-1.739951159551,99.784424556517,1.5));
#4659 = CARTESIAN_POINT('',(-1.819977925501,99.681210803518,1.5));
#4660 = CARTESIAN_POINT('',(-1.854893835744,99.63874173497,1.5));
#4661 = CARTESIAN_POINT('',(-1.891040393256,99.597256507994,1.5));
#4662 = CARTESIAN_POINT('',(-1.92837819652,99.556806344048,1.5));
#4663 = CARTESIAN_POINT('',(-2.059133300809,99.423059740232,1.5));
#4664 = CARTESIAN_POINT('',(-2.158005639871,99.334905484479,1.5));
#4665 = CARTESIAN_POINT('',(-2.262883457262,99.253650264087,1.5));
#4666 = CARTESIAN_POINT('',(-2.373077674831,99.179855009541,1.5));
#4667 = CARTESIAN_POINT('',(-2.619475337033,99.038354869114,1.5));
#4668 = CARTESIAN_POINT('',(-2.757127108085,98.973151901528,1.5));
#4669 = CARTESIAN_POINT('',(-2.899578341713,98.91903723536,1.5));
#4670 = CARTESIAN_POINT('',(-3.04556109496,98.87645148267,1.5));
#4671 = CARTESIAN_POINT('',(-3.256531089672,98.832519112347,1.5));
#4672 = CARTESIAN_POINT('',(-3.319730806369,98.8215479417,1.5));
#4673 = CARTESIAN_POINT('',(-3.3832219101,98.812699547891,1.5));
#4674 = CARTESIAN_POINT('',(-3.446902063252,98.805980712711,1.5));
#4675 = CARTESIAN_POINT('',(-3.597108784457,98.795166788385,1.5));
#4676 = CARTESIAN_POINT('',(-3.683708107082,98.792854122308,1.5));
#4677 = CARTESIAN_POINT('',(-3.770209189979,98.794448249559,1.5));
#4678 = CARTESIAN_POINT('',(-3.856358089165,98.799916892638,1.5));
#4679 = CARTESIAN_POINT('',(-4.059702883819,98.82198116616,1.5));
#4680 = CARTESIAN_POINT('',(-4.176361724226,98.841994814531,1.5));
#4681 = CARTESIAN_POINT('',(-4.291222101911,98.869080575085,1.5));
#4682 = CARTESIAN_POINT('',(-4.403664189141,98.902976909853,1.5));
#4683 = CARTESIAN_POINT('',(-4.589679777464,98.971547064364,1.5));
#4684 = CARTESIAN_POINT('',(-4.664786089442,99.00293014026,1.5));
#4685 = CARTESIAN_POINT('',(-4.738227775966,99.037345041204,1.5));
#4686 = CARTESIAN_POINT('',(-4.809823058582,99.074644331671,1.5));
#4687 = CARTESIAN_POINT('',(-4.896693743087,99.124598686702,1.5));
#4688 = CARTESIAN_POINT('',(-4.913969978412,99.134772008086,1.5));
#4689 = CARTESIAN_POINT('',(-4.931244629047,99.14518888047,1.5));
#4690 = CARTESIAN_POINT('',(-4.948514839299,99.155853387984,1.5));
#4691 = CARTESIAN_POINT('',(-5.01898082996,99.200415261656,1.5));
#4692 = CARTESIAN_POINT('',(-5.071280533784,99.235931975959,1.5));
#4693 = CARTESIAN_POINT('',(-5.122557008846,99.273279043373,1.5));
#4694 = CARTESIAN_POINT('',(-5.172707474618,99.312413660985,1.5));
#4695 = CARTESIAN_POINT('',(-5.311225051004,99.428122834757,1.5));
#4696 = CARTESIAN_POINT('',(-5.396713330247,99.508783405088,1.5));
#4697 = CARTESIAN_POINT('',(-5.477492881296,99.59494168318,1.5));
#4698 = CARTESIAN_POINT('',(-5.553027352088,99.686189475722,1.5));
#4699 = CARTESIAN_POINT('',(-5.673547283533,99.851626319476,1.5));
#4700 = CARTESIAN_POINT('',(-5.72123433361,99.923643476258,1.5));
#4701 = CARTESIAN_POINT('',(-5.765733028785,99.997898121865,1.5));
#4702 = CARTESIAN_POINT('',(-5.806888759664,100.07418575745,1.5));
#4703 = CARTESIAN_POINT('',(-5.870959826869,100.2069805634,1.5));
#4704 = CARTESIAN_POINT('',(-5.895645556081,100.26256499307,1.5));
#4705 = CARTESIAN_POINT('',(-5.918582354181,100.3189623251,1.5));
#4706 = CARTESIAN_POINT('',(-5.939731293316,100.37609375341,1.5));
#4707 = CARTESIAN_POINT('',(-6.008099044295,100.5804857011,1.5));
#4708 = CARTESIAN_POINT('',(-6.045419440271,100.7313013953,1.5));
#4709 = CARTESIAN_POINT('',(-6.070480921557,100.88497084867,1.5));
#4710 = CARTESIAN_POINT('',(-6.083012591903,101.04008897958,1.5));
#4711 = CARTESIAN_POINT('',(-6.083012591903,101.3503098012,1.5));
#4712 = CARTESIAN_POINT('',(-6.070480921557,101.50542793211,1.5));
#4713 = CARTESIAN_POINT('',(-6.045419440271,101.65909738548,1.5));
#4714 = CARTESIAN_POINT('',(-6.008099044295,101.80991307968,1.5));
#4715 = CARTESIAN_POINT('',(-5.939731293317,102.01430502737,1.5));
#4716 = CARTESIAN_POINT('',(-5.918582354182,102.07143645568,1.5));
#4717 = CARTESIAN_POINT('',(-5.895645556082,102.12783378771,1.5));
#4718 = CARTESIAN_POINT('',(-5.87095982687,102.18341821738,1.5));
#4719 = CARTESIAN_POINT('',(-5.806888759665,102.31621302333,1.5));
#4720 = CARTESIAN_POINT('',(-5.765733028786,102.39250065892,1.5));
#4721 = CARTESIAN_POINT('',(-5.721234333611,102.46675530453,1.5));
#4722 = CARTESIAN_POINT('',(-5.673547283534,102.53877246131,1.5));
#4723 = CARTESIAN_POINT('',(-5.553027352089,102.70420930506,1.5));
#4724 = CARTESIAN_POINT('',(-5.477492881297,102.7954570976,1.5));
#4725 = CARTESIAN_POINT('',(-5.396713330249,102.8816153757,1.5));
#4726 = CARTESIAN_POINT('',(-5.311225051006,102.96227594603,1.5));
#4727 = CARTESIAN_POINT('',(-5.188718194851,103.06461072243,1.5));
#4728 = CARTESIAN_POINT('',(-5.155248599804,103.09132090154,1.5));
#4729 = CARTESIAN_POINT('',(-5.121254810888,103.11722975902,1.5));
#4730 = CARTESIAN_POINT('',(-5.086767662726,103.14232334027,1.5));
#4731 = CARTESIAN_POINT('',(-5.034660603833,103.17850326467,1.5));
#4732 = CARTESIAN_POINT('',(-5.017470262816,103.19016249948,1.5));
#4733 = CARTESIAN_POINT('',(-5.000253853946,103.20156946398,1.5));
#4734 = CARTESIAN_POINT('',(-4.983017045852,103.2127265553,1.5));
#4735 = CARTESIAN_POINT('',(-4.948514839301,103.2345453928,1.5));
#4736 = CARTESIAN_POINT('',(-4.931244629048,103.24520990031,1.5));
#4737 = CARTESIAN_POINT('',(-4.913969978413,103.2556267727,1.5));
#4738 = CARTESIAN_POINT('',(-4.896693743089,103.26580009408,1.5));
#4739 = CARTESIAN_POINT('',(-4.809823058583,103.31575444911,1.5));
#4740 = CARTESIAN_POINT('',(-4.738227775968,103.35305373958,1.5));
#4741 = CARTESIAN_POINT('',(-4.664786089444,103.38746864052,1.5));
#4742 = CARTESIAN_POINT('',(-4.589679777466,103.41885171642,1.5));
#4743 = CARTESIAN_POINT('',(-4.403664189143,103.48742187093,1.5));
#4744 = CARTESIAN_POINT('',(-4.291222101912,103.5213182057,1.5));
#4745 = CARTESIAN_POINT('',(-4.176361724227,103.54840396625,1.5));
#4746 = CARTESIAN_POINT('',(-4.059702883821,103.56841761463,1.5));
#4747 = CARTESIAN_POINT('',(-3.856358089167,103.59048188815,1.5));
#4748 = CARTESIAN_POINT('',(-3.77020918998,103.59595053123,1.5));
#4749 = CARTESIAN_POINT('',(-3.683708107083,103.59754465848,1.5));
#4750 = CARTESIAN_POINT('',(-3.597108784458,103.5952319924,1.5));
#4751 = CARTESIAN_POINT('',(-3.446902063254,103.58441806808,1.5));
#4752 = CARTESIAN_POINT('',(-3.383221910102,103.5776992329,1.5));
#4753 = CARTESIAN_POINT('',(-3.31973080637,103.56885083909,1.5));
#4754 = CARTESIAN_POINT('',(-3.256531089673,103.55787966844,1.5));
#4755 = CARTESIAN_POINT('',(-3.045561094962,103.51394729812,1.5));
#4756 = CARTESIAN_POINT('',(-2.899578341714,103.47136154543,1.5));
#4757 = CARTESIAN_POINT('',(-2.757127108086,103.41724687926,1.5));
#4758 = CARTESIAN_POINT('',(-2.619475337034,103.35204391168,1.5));
#4759 = CARTESIAN_POINT('',(-2.373077674832,103.21054377125,1.5));
#4760 = CARTESIAN_POINT('',(-2.262883457263,103.1367485167,1.5));
#4761 = CARTESIAN_POINT('',(-2.158005639872,103.05549329631,1.5));
#4762 = CARTESIAN_POINT('',(-2.059133300809,102.96733904056,1.5));
#4763 = CARTESIAN_POINT('',(-1.92837819652,102.83359243674,1.5));
#4764 = CARTESIAN_POINT('',(-1.891040393256,102.7931422728,1.5));
#4765 = CARTESIAN_POINT('',(-1.854893835745,102.75165704582,1.5));
#4766 = CARTESIAN_POINT('',(-1.819977925501,102.70918797727,1.5));
#4767 = CARTESIAN_POINT('',(-1.739951159551,102.60597422428,1.5));
#4768 = CARTESIAN_POINT('',(-1.695979465274,102.54439278411,1.5));
#4769 = CARTESIAN_POINT('',(-1.65450761803,102.48118623028,1.5));
#4770 = CARTESIAN_POINT('',(-1.61561541867,102.4165039748,1.5));
#4771 = CARTESIAN_POINT('',(-1.530316476244,102.2611870813,1.5));
#4772 = CARTESIAN_POINT('',(-1.48610788215,102.16945513042,1.5));
#4773 = CARTESIAN_POINT('',(-1.446905377842,102.07569866782,1.5));
#4774 = CARTESIAN_POINT('',(-1.412817035874,101.98032496276,1.5));
#4775 = CARTESIAN_POINT('',(-1.343359683661,101.74840543186,1.5));
#4776 = CARTESIAN_POINT('',(-1.312973148905,101.61070098253,1.5));
#4777 = CARTESIAN_POINT('',(-1.292882451968,101.47181627393,1.5));
#4778 = CARTESIAN_POINT('',(-1.283002188687,101.33292779684,1.5));
#4779 = CARTESIAN_POINT('',(-1.283002286005,101.19519939039,1.5));
#4780 = ORIENTED_EDGE('',*,*,#4781,.F.);
#4781 = EDGE_CURVE('',#2606,#4347,#4782,.T.);
#4782 = B_SPLINE_CURVE_WITH_KNOTS('',5,(#4783,#4784,#4785,#4786,#4787,
    #4788,#4789,#4790,#4791,#4792,#4793,#4794,#4795,#4796,#4797,#4798,
    #4799,#4800,#4801,#4802,#4803,#4804,#4805,#4806,#4807,#4808,#4809,
    #4810,#4811,#4812,#4813,#4814,#4815,#4816,#4817,#4818,#4819,#4820,
    #4821,#4822,#4823,#4824,#4825,#4826,#4827,#4828,#4829,#4830,#4831,
    #4832,#4833,#4834,#4835,#4836,#4837,#4838,#4839,#4840,#4841,#4842,
    #4843,#4844,#4845,#4846,#4847,#4848,#4849,#4850,#4851,#4852,#4853,
    #4854,#4855,#4856,#4857,#4858,#4859,#4860,#4861,#4862,#4863,#4864,
    #4865,#4866,#4867,#4868,#4869,#4870,#4871,#4872,#4873,#4874,#4875,
    #4876,#4877,#4878,#4879,#4880,#4881,#4882,#4883,#4884,#4885,#4886,
    #4887,#4888,#4889,#4890,#4891,#4892,#4893,#4894,#4895,#4896,#4897,
    #4898,#4899,#4900,#4901,#4902,#4903,#4904,#4905,#4906,#4907,#4908,
    #4909,#4910,#4911,#4912,#4913,#4914,#4915,#4916),.UNSPECIFIED.,.T.,
  .F.,(1,5,4,4,4,4,4,4,4,4,4,4,4,4,4,4,4,4,4,4,4,4,4,4,4,4,4,4,4,4,4,4,4
    ,4,5,1),(-4.8028733054E-02,0.,4.71402722038E-02,8.077286134412E-02,
    0.105625788513,0.123657959426,0.166889550156,0.216503336071,
    0.2375345407,0.266044111382,0.305302637807,0.332770329998,
    0.339605183085,0.360688273859,0.399294675244,0.427326415019,
    0.446958044611,0.496767502926,0.546576961241,0.566208590833,
    0.594240330608,0.632846731993,0.647030548644,0.653994219387,
    0.66095789013,0.688943270659,0.728941709311,0.757988604794,
    0.779416188169,0.829965053674,0.87401143766,0.892383464012,
    0.91770479859,0.951971266946,1.,1.047140272204),.UNSPECIFIED.);
#4783 = CARTESIAN_POINT('',(-1.283002286005,99.695199390399,1.5));
#4784 = CARTESIAN_POINT('',(-1.283002188687,99.557470983952,1.5));
#4785 = CARTESIAN_POINT('',(-1.292882451968,99.41858250686,1.5));
#4786 = CARTESIAN_POINT('',(-1.312973148905,99.279697798265,1.5));
#4787 = CARTESIAN_POINT('',(-1.343359683661,99.141993348936,1.5));
#4788 = CARTESIAN_POINT('',(-1.412817035874,98.910073818037,1.5));
#4789 = CARTESIAN_POINT('',(-1.446905377842,98.814700112978,1.5));
#4790 = CARTESIAN_POINT('',(-1.48610788215,98.720943650369,1.5));
#4791 = CARTESIAN_POINT('',(-1.530316476244,98.62921169949,1.5));
#4792 = CARTESIAN_POINT('',(-1.615615418669,98.473894805988,1.5));
#4793 = CARTESIAN_POINT('',(-1.65450761803,98.409212550511,1.5));
#4794 = CARTESIAN_POINT('',(-1.695979465273,98.346005996684,1.5));
#4795 = CARTESIAN_POINT('',(-1.739951159551,98.284424556517,1.5));
#4796 = CARTESIAN_POINT('',(-1.819977925501,98.181210803518,1.5));
#4797 = CARTESIAN_POINT('',(-1.854893835744,98.13874173497,1.5));
#4798 = CARTESIAN_POINT('',(-1.891040393256,98.097256507994,1.5));
#4799 = CARTESIAN_POINT('',(-1.92837819652,98.056806344048,1.5));
#4800 = CARTESIAN_POINT('',(-2.059133300809,97.923059740232,1.5));
#4801 = CARTESIAN_POINT('',(-2.158005639871,97.834905484479,1.5));
#4802 = CARTESIAN_POINT('',(-2.262883457262,97.753650264087,1.5));
#4803 = CARTESIAN_POINT('',(-2.373077674831,97.679855009541,1.5));
#4804 = CARTESIAN_POINT('',(-2.619475337033,97.538354869114,1.5));
#4805 = CARTESIAN_POINT('',(-2.757127108085,97.473151901528,1.5));
#4806 = CARTESIAN_POINT('',(-2.899578341713,97.41903723536,1.5));
#4807 = CARTESIAN_POINT('',(-3.04556109496,97.37645148267,1.5));
#4808 = CARTESIAN_POINT('',(-3.256531089672,97.332519112347,1.5));
#4809 = CARTESIAN_POINT('',(-3.319730806369,97.3215479417,1.5));
#4810 = CARTESIAN_POINT('',(-3.3832219101,97.312699547891,1.5));
#4811 = CARTESIAN_POINT('',(-3.446902063252,97.305980712711,1.5));
#4812 = CARTESIAN_POINT('',(-3.597108784457,97.295166788385,1.5));
#4813 = CARTESIAN_POINT('',(-3.683708107082,97.292854122308,1.5));
#4814 = CARTESIAN_POINT('',(-3.770209189979,97.294448249559,1.5));
#4815 = CARTESIAN_POINT('',(-3.856358089165,97.299916892638,1.5));
#4816 = CARTESIAN_POINT('',(-4.059702883819,97.32198116616,1.5));
#4817 = CARTESIAN_POINT('',(-4.176361724226,97.341994814531,1.5));
#4818 = CARTESIAN_POINT('',(-4.291222101911,97.369080575085,1.5));
#4819 = CARTESIAN_POINT('',(-4.403664189141,97.402976909853,1.5));
#4820 = CARTESIAN_POINT('',(-4.589679777464,97.471547064364,1.5));
#4821 = CARTESIAN_POINT('',(-4.664786089442,97.50293014026,1.5));
#4822 = CARTESIAN_POINT('',(-4.738227775966,97.537345041204,1.5));
#4823 = CARTESIAN_POINT('',(-4.809823058582,97.574644331671,1.5));
#4824 = CARTESIAN_POINT('',(-4.896693743087,97.624598686702,1.5));
#4825 = CARTESIAN_POINT('',(-4.913969978412,97.634772008086,1.5));
#4826 = CARTESIAN_POINT('',(-4.931244629047,97.64518888047,1.5));
#4827 = CARTESIAN_POINT('',(-4.948514839299,97.655853387984,1.5));
#4828 = CARTESIAN_POINT('',(-5.01898082996,97.700415261656,1.5));
#4829 = CARTESIAN_POINT('',(-5.071280533784,97.735931975959,1.5));
#4830 = CARTESIAN_POINT('',(-5.122557008846,97.773279043373,1.5));
#4831 = CARTESIAN_POINT('',(-5.172707474618,97.812413660985,1.5));
#4832 = CARTESIAN_POINT('',(-5.311225051004,97.928122834757,1.5));
#4833 = CARTESIAN_POINT('',(-5.396713330247,98.008783405088,1.5));
#4834 = CARTESIAN_POINT('',(-5.477492881296,98.09494168318,1.5));
#4835 = CARTESIAN_POINT('',(-5.553027352088,98.186189475722,1.5));
#4836 = CARTESIAN_POINT('',(-5.673547283533,98.351626319476,1.5));
#4837 = CARTESIAN_POINT('',(-5.72123433361,98.423643476258,1.5));
#4838 = CARTESIAN_POINT('',(-5.765733028785,98.497898121865,1.5));
#4839 = CARTESIAN_POINT('',(-5.806888759664,98.574185757456,1.5));
#4840 = CARTESIAN_POINT('',(-5.870959826869,98.706980563401,1.5));
#4841 = CARTESIAN_POINT('',(-5.895645556081,98.762564993074,1.5));
#4842 = CARTESIAN_POINT('',(-5.918582354181,98.818962325108,1.5));
#4843 = CARTESIAN_POINT('',(-5.939731293316,98.87609375341,1.5));
#4844 = CARTESIAN_POINT('',(-6.008099044295,99.080485701105,1.5));
#4845 = CARTESIAN_POINT('',(-6.045419440271,99.231301395309,1.5));
#4846 = CARTESIAN_POINT('',(-6.070480921557,99.384970848676,1.5));
#4847 = CARTESIAN_POINT('',(-6.083012591903,99.540088979584,1.5));
#4848 = CARTESIAN_POINT('',(-6.083012591903,99.850309801205,1.5));
#4849 = CARTESIAN_POINT('',(-6.070480921557,100.00542793211,1.5));
#4850 = CARTESIAN_POINT('',(-6.045419440271,100.15909738548,1.5));
#4851 = CARTESIAN_POINT('',(-6.008099044295,100.30991307968,1.5));
#4852 = CARTESIAN_POINT('',(-5.939731293317,100.51430502737,1.5));
#4853 = CARTESIAN_POINT('',(-5.918582354182,100.57143645568,1.5));
#4854 = CARTESIAN_POINT('',(-5.895645556082,100.62783378771,1.5));
#4855 = CARTESIAN_POINT('',(-5.87095982687,100.68341821738,1.5));
#4856 = CARTESIAN_POINT('',(-5.806888759665,100.81621302333,1.5));
#4857 = CARTESIAN_POINT('',(-5.765733028786,100.89250065892,1.5));
#4858 = CARTESIAN_POINT('',(-5.721234333611,100.96675530453,1.5));
#4859 = CARTESIAN_POINT('',(-5.673547283534,101.03877246131,1.5));
#4860 = CARTESIAN_POINT('',(-5.553027352089,101.20420930506,1.5));
#4861 = CARTESIAN_POINT('',(-5.477492881297,101.2954570976,1.5));
#4862 = CARTESIAN_POINT('',(-5.396713330249,101.3816153757,1.5));
#4863 = CARTESIAN_POINT('',(-5.311225051006,101.46227594603,1.5));
#4864 = CARTESIAN_POINT('',(-5.188718194851,101.56461072243,1.5));
#4865 = CARTESIAN_POINT('',(-5.155248599804,101.59132090154,1.5));
#4866 = CARTESIAN_POINT('',(-5.121254810888,101.61722975902,1.5));
#4867 = CARTESIAN_POINT('',(-5.086767662726,101.64232334027,1.5));
#4868 = CARTESIAN_POINT('',(-5.034660603833,101.67850326467,1.5));
#4869 = CARTESIAN_POINT('',(-5.017470262816,101.69016249948,1.5));
#4870 = CARTESIAN_POINT('',(-5.000253853946,101.70156946398,1.5));
#4871 = CARTESIAN_POINT('',(-4.983017045852,101.7127265553,1.5));
#4872 = CARTESIAN_POINT('',(-4.948514839301,101.7345453928,1.5));
#4873 = CARTESIAN_POINT('',(-4.931244629048,101.74520990031,1.5));
#4874 = CARTESIAN_POINT('',(-4.913969978413,101.7556267727,1.5));
#4875 = CARTESIAN_POINT('',(-4.896693743089,101.76580009408,1.5));
#4876 = CARTESIAN_POINT('',(-4.809823058583,101.81575444911,1.5));
#4877 = CARTESIAN_POINT('',(-4.738227775968,101.85305373958,1.5));
#4878 = CARTESIAN_POINT('',(-4.664786089444,101.88746864052,1.5));
#4879 = CARTESIAN_POINT('',(-4.589679777466,101.91885171642,1.5));
#4880 = CARTESIAN_POINT('',(-4.403664189143,101.98742187093,1.5));
#4881 = CARTESIAN_POINT('',(-4.291222101912,102.0213182057,1.5));
#4882 = CARTESIAN_POINT('',(-4.176361724227,102.04840396625,1.5));
#4883 = CARTESIAN_POINT('',(-4.059702883821,102.06841761463,1.5));
#4884 = CARTESIAN_POINT('',(-3.856358089167,102.09048188815,1.5));
#4885 = CARTESIAN_POINT('',(-3.77020918998,102.09595053123,1.5));
#4886 = CARTESIAN_POINT('',(-3.683708107083,102.09754465848,1.5));
#4887 = CARTESIAN_POINT('',(-3.597108784458,102.0952319924,1.5));
#4888 = CARTESIAN_POINT('',(-3.446902063254,102.08441806808,1.5));
#4889 = CARTESIAN_POINT('',(-3.383221910102,102.0776992329,1.5));
#4890 = CARTESIAN_POINT('',(-3.31973080637,102.06885083909,1.5));
#4891 = CARTESIAN_POINT('',(-3.256531089673,102.05787966844,1.5));
#4892 = CARTESIAN_POINT('',(-3.045561094962,102.01394729812,1.5));
#4893 = CARTESIAN_POINT('',(-2.899578341714,101.97136154543,1.5));
#4894 = CARTESIAN_POINT('',(-2.757127108086,101.91724687926,1.5));
#4895 = CARTESIAN_POINT('',(-2.619475337034,101.85204391168,1.5));
#4896 = CARTESIAN_POINT('',(-2.373077674832,101.71054377125,1.5));
#4897 = CARTESIAN_POINT('',(-2.262883457263,101.6367485167,1.5));
#4898 = CARTESIAN_POINT('',(-2.158005639872,101.55549329631,1.5));
#4899 = CARTESIAN_POINT('',(-2.059133300809,101.46733904056,1.5));
#4900 = CARTESIAN_POINT('',(-1.92837819652,101.33359243674,1.5));
#4901 = CARTESIAN_POINT('',(-1.891040393256,101.2931422728,1.5));
#4902 = CARTESIAN_POINT('',(-1.854893835745,101.25165704582,1.5));
#4903 = CARTESIAN_POINT('',(-1.819977925501,101.20918797727,1.5));
#4904 = CARTESIAN_POINT('',(-1.739951159551,101.10597422428,1.5));
#4905 = CARTESIAN_POINT('',(-1.695979465274,101.04439278411,1.5));
#4906 = CARTESIAN_POINT('',(-1.65450761803,100.98118623028,1.5));
#4907 = CARTESIAN_POINT('',(-1.61561541867,100.9165039748,1.5));
#4908 = CARTESIAN_POINT('',(-1.530316476244,100.7611870813,1.5));
#4909 = CARTESIAN_POINT('',(-1.48610788215,100.66945513042,1.5));
#4910 = CARTESIAN_POINT('',(-1.446905377842,100.57569866782,1.5));
#4911 = CARTESIAN_POINT('',(-1.412817035874,100.48032496276,1.5));
#4912 = CARTESIAN_POINT('',(-1.343359683661,100.24840543186,1.5));
#4913 = CARTESIAN_POINT('',(-1.312973148905,100.11070098253,1.5));
#4914 = CARTESIAN_POINT('',(-1.292882451968,99.971816273938,1.5));
#4915 = CARTESIAN_POINT('',(-1.283002188687,99.832927796846,1.5));
#4916 = CARTESIAN_POINT('',(-1.283002286005,99.695199390399,1.5));
#4917 = ORIENTED_EDGE('',*,*,#2605,.F.);
#4918 = ORIENTED_EDGE('',*,*,#4919,.F.);
#4919 = EDGE_CURVE('',#4506,#2599,#4920,.T.);
#4920 = B_SPLINE_CURVE_WITH_KNOTS('',5,(#4921,#4922,#4923,#4924,#4925,
    #4926,#4927,#4928,#4929,#4930,#4931,#4932,#4933,#4934,#4935,#4936,
    #4937,#4938,#4939,#4940,#4941,#4942,#4943,#4944,#4945,#4946,#4947,
    #4948,#4949,#4950,#4951,#4952,#4953,#4954,#4955,#4956,#4957,#4958,
    #4959,#4960,#4961,#4962,#4963,#4964,#4965,#4966,#4967,#4968,#4969,
    #4970,#4971,#4972,#4973,#4974,#4975,#4976,#4977,#4978,#4979,#4980,
    #4981,#4982,#4983,#4984,#4985,#4986,#4987,#4988,#4989,#4990,#4991,
    #4992,#4993,#4994,#4995,#4996,#4997,#4998,#4999,#5000,#5001,#5002,
    #5003,#5004,#5005,#5006,#5007,#5008,#5009,#5010,#5011,#5012,#5013,
    #5014,#5015,#5016,#5017,#5018,#5019,#5020,#5021,#5022,#5023,#5024,
    #5025,#5026,#5027,#5028,#5029,#5030,#5031,#5032,#5033,#5034,#5035,
    #5036,#5037,#5038,#5039,#5040,#5041,#5042,#5043,#5044,#5045,#5046,
    #5047,#5048,#5049,#5050,#5051,#5052,#5053,#5054),.UNSPECIFIED.,.T.,
  .F.,(1,5,4,4,4,4,4,4,4,4,4,4,4,4,4,4,4,4,4,4,4,4,4,4,4,4,4,4,4,4,4,4,4
    ,4,5,1),(-4.8028733054E-02,0.,4.71402722038E-02,8.077286134412E-02,
    0.105625788513,0.123657959426,0.166889550156,0.216503336071,
    0.2375345407,0.266044111382,0.305302637807,0.332770329998,
    0.339605183085,0.360688273859,0.399294675244,0.427326415019,
    0.446958044611,0.496767502926,0.546576961241,0.566208590833,
    0.594240330608,0.632846731993,0.647030548644,0.653994219387,
    0.66095789013,0.688943270659,0.728941709311,0.757988604794,
    0.779416188169,0.829965053674,0.87401143766,0.892383464012,
    0.91770479859,0.951971266946,1.,1.047140272204),.UNSPECIFIED.);
#4921 = CARTESIAN_POINT('',(-1.283002286005,99.695199390399,1.5));
#4922 = CARTESIAN_POINT('',(-1.283002188687,99.557470983952,1.5));
#4923 = CARTESIAN_POINT('',(-1.292882451968,99.41858250686,1.5));
#4924 = CARTESIAN_POINT('',(-1.312973148905,99.279697798265,1.5));
#4925 = CARTESIAN_POINT('',(-1.343359683661,99.141993348936,1.5));
#4926 = CARTESIAN_POINT('',(-1.412817035874,98.910073818037,1.5));
#4927 = CARTESIAN_POINT('',(-1.446905377842,98.814700112978,1.5));
#4928 = CARTESIAN_POINT('',(-1.48610788215,98.720943650369,1.5));
#4929 = CARTESIAN_POINT('',(-1.530316476244,98.62921169949,1.5));
#4930 = CARTESIAN_POINT('',(-1.615615418669,98.473894805988,1.5));
#4931 = CARTESIAN_POINT('',(-1.65450761803,98.409212550511,1.5));
#4932 = CARTESIAN_POINT('',(-1.695979465273,98.346005996684,1.5));
#4933 = CARTESIAN_POINT('',(-1.739951159551,98.284424556517,1.5));
#4934 = CARTESIAN_POINT('',(-1.819977925501,98.181210803518,1.5));
#4935 = CARTESIAN_POINT('',(-1.854893835744,98.13874173497,1.5));
#4936 = CARTESIAN_POINT('',(-1.891040393256,98.097256507994,1.5));
#4937 = CARTESIAN_POINT('',(-1.92837819652,98.056806344048,1.5));
#4938 = CARTESIAN_POINT('',(-2.059133300809,97.923059740232,1.5));
#4939 = CARTESIAN_POINT('',(-2.158005639871,97.834905484479,1.5));
#4940 = CARTESIAN_POINT('',(-2.262883457262,97.753650264087,1.5));
#4941 = CARTESIAN_POINT('',(-2.373077674831,97.679855009541,1.5));
#4942 = CARTESIAN_POINT('',(-2.619475337033,97.538354869114,1.5));
#4943 = CARTESIAN_POINT('',(-2.757127108085,97.473151901528,1.5));
#4944 = CARTESIAN_POINT('',(-2.899578341713,97.41903723536,1.5));
#4945 = CARTESIAN_POINT('',(-3.04556109496,97.37645148267,1.5));
#4946 = CARTESIAN_POINT('',(-3.256531089672,97.332519112347,1.5));
#4947 = CARTESIAN_POINT('',(-3.319730806369,97.3215479417,1.5));
#4948 = CARTESIAN_POINT('',(-3.3832219101,97.312699547891,1.5));
#4949 = CARTESIAN_POINT('',(-3.446902063252,97.305980712711,1.5));
#4950 = CARTESIAN_POINT('',(-3.597108784457,97.295166788385,1.5));
#4951 = CARTESIAN_POINT('',(-3.683708107082,97.292854122308,1.5));
#4952 = CARTESIAN_POINT('',(-3.770209189979,97.294448249559,1.5));
#4953 = CARTESIAN_POINT('',(-3.856358089165,97.299916892638,1.5));
#4954 = CARTESIAN_POINT('',(-4.059702883819,97.32198116616,1.5));
#4955 = CARTESIAN_POINT('',(-4.176361724226,97.341994814531,1.5));
#4956 = CARTESIAN_POINT('',(-4.291222101911,97.369080575085,1.5));
#4957 = CARTESIAN_POINT('',(-4.403664189141,97.402976909853,1.5));
#4958 = CARTESIAN_POINT('',(-4.589679777464,97.471547064364,1.5));
#4959 = CARTESIAN_POINT('',(-4.664786089442,97.50293014026,1.5));
#4960 = CARTESIAN_POINT('',(-4.738227775966,97.537345041204,1.5));
#4961 = CARTESIAN_POINT('',(-4.809823058582,97.574644331671,1.5));
#4962 = CARTESIAN_POINT('',(-4.896693743087,97.624598686702,1.5));
#4963 = CARTESIAN_POINT('',(-4.913969978412,97.634772008086,1.5));
#4964 = CARTESIAN_POINT('',(-4.931244629047,97.64518888047,1.5));
#4965 = CARTESIAN_POINT('',(-4.948514839299,97.655853387984,1.5));
#4966 = CARTESIAN_POINT('',(-5.01898082996,97.700415261656,1.5));
#4967 = CARTESIAN_POINT('',(-5.071280533784,97.735931975959,1.5));
#4968 = CARTESIAN_POINT('',(-5.122557008846,97.773279043373,1.5));
#4969 = CARTESIAN_POINT('',(-5.172707474618,97.812413660985,1.5));
#4970 = CARTESIAN_POINT('',(-5.311225051004,97.928122834757,1.5));
#4971 = CARTESIAN_POINT('',(-5.396713330247,98.008783405088,1.5));
#4972 = CARTESIAN_POINT('',(-5.477492881296,98.09494168318,1.5));
#4973 = CARTESIAN_POINT('',(-5.553027352088,98.186189475722,1.5));
#4974 = CARTESIAN_POINT('',(-5.673547283533,98.351626319476,1.5));
#4975 = CARTESIAN_POINT('',(-5.72123433361,98.423643476258,1.5));
#4976 = CARTESIAN_POINT('',(-5.765733028785,98.497898121865,1.5));
#4977 = CARTESIAN_POINT('',(-5.806888759664,98.574185757456,1.5));
#4978 = CARTESIAN_POINT('',(-5.870959826869,98.706980563401,1.5));
#4979 = CARTESIAN_POINT('',(-5.895645556081,98.762564993074,1.5));
#4980 = CARTESIAN_POINT('',(-5.918582354181,98.818962325108,1.5));
#4981 = CARTESIAN_POINT('',(-5.939731293316,98.87609375341,1.5));
#4982 = CARTESIAN_POINT('',(-6.008099044295,99.080485701105,1.5));
#4983 = CARTESIAN_POINT('',(-6.045419440271,99.231301395309,1.5));
#4984 = CARTESIAN_POINT('',(-6.070480921557,99.384970848676,1.5));
#4985 = CARTESIAN_POINT('',(-6.083012591903,99.540088979584,1.5));
#4986 = CARTESIAN_POINT('',(-6.083012591903,99.850309801205,1.5));
#4987 = CARTESIAN_POINT('',(-6.070480921557,100.00542793211,1.5));
#4988 = CARTESIAN_POINT('',(-6.045419440271,100.15909738548,1.5));
#4989 = CARTESIAN_POINT('',(-6.008099044295,100.30991307968,1.5));
#4990 = CARTESIAN_POINT('',(-5.939731293317,100.51430502737,1.5));
#4991 = CARTESIAN_POINT('',(-5.918582354182,100.57143645568,1.5));
#4992 = CARTESIAN_POINT('',(-5.895645556082,100.62783378771,1.5));
#4993 = CARTESIAN_POINT('',(-5.87095982687,100.68341821738,1.5));
#4994 = CARTESIAN_POINT('',(-5.806888759665,100.81621302333,1.5));
#4995 = CARTESIAN_POINT('',(-5.765733028786,100.89250065892,1.5));
#4996 = CARTESIAN_POINT('',(-5.721234333611,100.96675530453,1.5));
#4997 = CARTESIAN_POINT('',(-5.673547283534,101.03877246131,1.5));
#4998 = CARTESIAN_POINT('',(-5.553027352089,101.20420930506,1.5));
#4999 = CARTESIAN_POINT('',(-5.477492881297,101.2954570976,1.5));
#5000 = CARTESIAN_POINT('',(-5.396713330249,101.3816153757,1.5));
#5001 = CARTESIAN_POINT('',(-5.311225051006,101.46227594603,1.5));
#5002 = CARTESIAN_POINT('',(-5.188718194851,101.56461072243,1.5));
#5003 = CARTESIAN_POINT('',(-5.155248599804,101.59132090154,1.5));
#5004 = CARTESIAN_POINT('',(-5.121254810888,101.61722975902,1.5));
#5005 = CARTESIAN_POINT('',(-5.086767662726,101.64232334027,1.5));
#5006 = CARTESIAN_POINT('',(-5.034660603833,101.67850326467,1.5));
#5007 = CARTESIAN_POINT('',(-5.017470262816,101.69016249948,1.5));
#5008 = CARTESIAN_POINT('',(-5.000253853946,101.70156946398,1.5));
#5009 = CARTESIAN_POINT('',(-4.983017045852,101.7127265553,1.5));
#5010 = CARTESIAN_POINT('',(-4.948514839301,101.7345453928,1.5));
#5011 = CARTESIAN_POINT('',(-4.931244629048,101.74520990031,1.5));
#5012 = CARTESIAN_POINT('',(-4.913969978413,101.7556267727,1.5));
#5013 = CARTESIAN_POINT('',(-4.896693743089,101.76580009408,1.5));
#5014 = CARTESIAN_POINT('',(-4.809823058583,101.81575444911,1.5));
#5015 = CARTESIAN_POINT('',(-4.738227775968,101.85305373958,1.5));
#5016 = CARTESIAN_POINT('',(-4.664786089444,101.88746864052,1.5));
#5017 = CARTESIAN_POINT('',(-4.589679777466,101.91885171642,1.5));
#5018 = CARTESIAN_POINT('',(-4.403664189143,101.98742187093,1.5));
#5019 = CARTESIAN_POINT('',(-4.291222101912,102.0213182057,1.5));
#5020 = CARTESIAN_POINT('',(-4.176361724227,102.04840396625,1.5));
#5021 = CARTESIAN_POINT('',(-4.059702883821,102.06841761463,1.5));
#5022 = CARTESIAN_POINT('',(-3.856358089167,102.09048188815,1.5));
#5023 = CARTESIAN_POINT('',(-3.77020918998,102.09595053123,1.5));
#5024 = CARTESIAN_POINT('',(-3.683708107083,102.09754465848,1.5));
#5025 = CARTESIAN_POINT('',(-3.597108784458,102.0952319924,1.5));
#5026 = CARTESIAN_POINT('',(-3.446902063254,102.08441806808,1.5));
#5027 = CARTESIAN_POINT('',(-3.383221910102,102.0776992329,1.5));
#5028 = CARTESIAN_POINT('',(-3.31973080637,102.06885083909,1.5));
#5029 = CARTESIAN_POINT('',(-3.256531089673,102.05787966844,1.5));
#5030 = CARTESIAN_POINT('',(-3.045561094962,102.01394729812,1.5));
#5031 = CARTESIAN_POINT('',(-2.899578341714,101.97136154543,1.5));
#5032 = CARTESIAN_POINT('',(-2.757127108086,101.91724687926,1.5));
#5033 = CARTESIAN_POINT('',(-2.619475337034,101.85204391168,1.5));
#5034 = CARTESIAN_POINT('',(-2.373077674832,101.71054377125,1.5));
#5035 = CARTESIAN_POINT('',(-2.262883457263,101.6367485167,1.5));
#5036 = CARTESIAN_POINT('',(-2.158005639872,101.55549329631,1.5));
#5037 = CARTESIAN_POINT('',(-2.059133300809,101.46733904056,1.5));
#5038 = CARTESIAN_POINT('',(-1.92837819652,101.33359243674,1.5));
#5039 = CARTESIAN_POINT('',(-1.891040393256,101.2931422728,1.5));
#5040 = CARTESIAN_POINT('',(-1.854893835745,101.25165704582,1.5));
#5041 = CARTESIAN_POINT('',(-1.819977925501,101.20918797727,1.5));
#5042 = CARTESIAN_POINT('',(-1.739951159551,101.10597422428,1.5));
#5043 = CARTESIAN_POINT('',(-1.695979465274,101.04439278411,1.5));
#5044 = CARTESIAN_POINT('',(-1.65450761803,100.98118623028,1.5));
#5045 = CARTESIAN_POINT('',(-1.61561541867,100.9165039748,1.5));
#5046 = CARTESIAN_POINT('',(-1.530316476244,100.7611870813,1.5));
#5047 = CARTESIAN_POINT('',(-1.48610788215,100.66945513042,1.5));
#5048 = CARTESIAN_POINT('',(-1.446905377842,100.57569866782,1.5));
#5049 = CARTESIAN_POINT('',(-1.412817035874,100.48032496276,1.5));
#5050 = CARTESIAN_POINT('',(-1.343359683661,100.24840543186,1.5));
#5051 = CARTESIAN_POINT('',(-1.312973148905,100.11070098253,1.5));
#5052 = CARTESIAN_POINT('',(-1.292882451968,99.971816273938,1.5));
#5053 = CARTESIAN_POINT('',(-1.283002188687,99.832927796846,1.5));
#5054 = CARTESIAN_POINT('',(-1.283002286005,99.695199390399,1.5));
#5055 = PLANE('',#5056);
#5056 = AXIS2_PLACEMENT_3D('',#5057,#5058,#5059);
#5057 = CARTESIAN_POINT('',(-97.76219329438,97.12,1.5));
#5058 = DIRECTION('',(0.,0.,1.));
#5059 = DIRECTION('',(1.,0.,-0.));
#5060 = ADVANCED_FACE('',(#5061),#5084,.T.);
#5061 = FACE_BOUND('',#5062,.T.);
#5062 = EDGE_LOOP('',(#5063,#5070,#5077,#5082,#5083));
#5063 = ORIENTED_EDGE('',*,*,#5064,.F.);
#5064 = EDGE_CURVE('',#5065,#2287,#5067,.T.);
#5065 = VERTEX_POINT('',#5066);
#5066 = CARTESIAN_POINT('',(0.952501905004,105.44970789941,-1.5));
#5067 = B_SPLINE_CURVE_WITH_KNOTS('',1,(#5068,#5069),.UNSPECIFIED.,.F.,
  .F.,(2,2),(0.,327.97245),.PIECEWISE_BEZIER_KNOTS.);
#5068 = CARTESIAN_POINT('',(0.952501905004,105.44970789941,-1.5));
#5069 = CARTESIAN_POINT('',(0.952501905004,97.119191008382,-1.5));
#5070 = ORIENTED_EDGE('',*,*,#5071,.T.);
#5071 = EDGE_CURVE('',#5065,#5072,#5074,.T.);
#5072 = VERTEX_POINT('',#5073);
#5073 = CARTESIAN_POINT('',(0.952501905004,105.44970789941,1.5));
#5074 = B_SPLINE_CURVE_WITH_KNOTS('',1,(#5075,#5076),.UNSPECIFIED.,.F.,
  .F.,(2,2),(0.,118.1102),.PIECEWISE_BEZIER_KNOTS.);
#5075 = CARTESIAN_POINT('',(0.952501905004,105.44970789941,-1.5));
#5076 = CARTESIAN_POINT('',(0.952501905004,105.44970789941,1.50000508001
    ));
#5077 = ORIENTED_EDGE('',*,*,#5078,.F.);
#5078 = EDGE_CURVE('',#4171,#5072,#5079,.T.);
#5079 = B_SPLINE_CURVE_WITH_KNOTS('',1,(#5080,#5081),.UNSPECIFIED.,.F.,
  .F.,(2,2),(0.,1.),.PIECEWISE_BEZIER_KNOTS.);
#5080 = CARTESIAN_POINT('',(0.952501905004,97.12,1.5));
#5081 = CARTESIAN_POINT('',(0.952501905004,105.44970789941,1.5));
#5082 = ORIENTED_EDGE('',*,*,#4177,.T.);
#5083 = ORIENTED_EDGE('',*,*,#2591,.T.);
#5084 = B_SPLINE_SURFACE_WITH_KNOTS('',1,1,(
    (#5085,#5086)
    ,(#5087,#5088
  )),.UNSPECIFIED.,.F.,.F.,.F.,(2,2),(2,2),(0.,327.97245),(-118.1102,0.)
  ,.PIECEWISE_BEZIER_KNOTS.);
#5085 = CARTESIAN_POINT('',(0.952501905004,105.44970789941,1.50000508001
    ));
#5086 = CARTESIAN_POINT('',(0.952501905004,105.44970789941,-1.5));
#5087 = CARTESIAN_POINT('',(0.952501905004,97.119191008382,1.50000508001
    ));
#5088 = CARTESIAN_POINT('',(0.952501905004,97.119191008382,-1.5));
#5089 = ADVANCED_FACE('',(#5090),#5115,.F.);
#5090 = FACE_BOUND('',#5091,.F.);
#5091 = EDGE_LOOP('',(#5092,#5100,#5108,#5114));
#5092 = ORIENTED_EDGE('',*,*,#5093,.F.);
#5093 = EDGE_CURVE('',#5094,#2672,#5096,.T.);
#5094 = VERTEX_POINT('',#5095);
#5095 = CARTESIAN_POINT('',(-50.,97.12,13.));
#5096 = LINE('',#5097,#5098);
#5097 = CARTESIAN_POINT('',(-50.,96.62,13.));
#5098 = VECTOR('',#5099,1.);
#5099 = DIRECTION('',(-0.,1.,0.));
#5100 = ORIENTED_EDGE('',*,*,#5101,.T.);
#5101 = EDGE_CURVE('',#5094,#5102,#5104,.T.);
#5102 = VERTEX_POINT('',#5103);
#5103 = CARTESIAN_POINT('',(-35.,97.12,13.));
#5104 = LINE('',#5105,#5106);
#5105 = CARTESIAN_POINT('',(-74.131,97.12,13.));
#5106 = VECTOR('',#5107,1.);
#5107 = DIRECTION('',(1.,0.,-0.));
#5108 = ORIENTED_EDGE('',*,*,#5109,.T.);
#5109 = EDGE_CURVE('',#5102,#2674,#5110,.T.);
#5110 = LINE('',#5111,#5112);
#5111 = CARTESIAN_POINT('',(-35.,96.62,13.));
#5112 = VECTOR('',#5113,1.);
#5113 = DIRECTION('',(-0.,1.,0.));
#5114 = ORIENTED_EDGE('',*,*,#2671,.F.);
#5115 = PLANE('',#5116);
#5116 = AXIS2_PLACEMENT_3D('',#5117,#5118,#5119);
#5117 = CARTESIAN_POINT('',(-50.,96.62,13.));
#5118 = DIRECTION('',(0.,0.,1.));
#5119 = DIRECTION('',(1.,0.,-0.));
#5120 = ADVANCED_FACE('',(#5121),#5139,.T.);
#5121 = FACE_BOUND('',#5122,.T.);
#5122 = EDGE_LOOP('',(#5123,#5124,#5132,#5138));
#5123 = ORIENTED_EDGE('',*,*,#5093,.F.);
#5124 = ORIENTED_EDGE('',*,*,#5125,.T.);
#5125 = EDGE_CURVE('',#5094,#5126,#5128,.T.);
#5126 = VERTEX_POINT('',#5127);
#5127 = CARTESIAN_POINT('',(-50.,97.12,6.));
#5128 = LINE('',#5129,#5130);
#5129 = CARTESIAN_POINT('',(-50.,97.12,2.25));
#5130 = VECTOR('',#5131,1.);
#5131 = DIRECTION('',(-0.,0.,-1.));
#5132 = ORIENTED_EDGE('',*,*,#5133,.T.);
#5133 = EDGE_CURVE('',#5126,#2682,#5134,.T.);
#5134 = LINE('',#5135,#5136);
#5135 = CARTESIAN_POINT('',(-50.,96.62,6.));
#5136 = VECTOR('',#5137,1.);
#5137 = DIRECTION('',(-0.,1.,0.));
#5138 = ORIENTED_EDGE('',*,*,#2681,.F.);
#5139 = PLANE('',#5140);
#5140 = AXIS2_PLACEMENT_3D('',#5141,#5142,#5143);
#5141 = CARTESIAN_POINT('',(-50.,96.62,6.));
#5142 = DIRECTION('',(1.,0.,-0.));
#5143 = DIRECTION('',(0.,0.,1.));
#5144 = ADVANCED_FACE('',(#5145),#5163,.F.);
#5145 = FACE_BOUND('',#5146,.F.);
#5146 = EDGE_LOOP('',(#5147,#5148,#5156,#5162));
#5147 = ORIENTED_EDGE('',*,*,#5109,.F.);
#5148 = ORIENTED_EDGE('',*,*,#5149,.T.);
#5149 = EDGE_CURVE('',#5102,#5150,#5152,.T.);
#5150 = VERTEX_POINT('',#5151);
#5151 = CARTESIAN_POINT('',(-35.,97.12,6.));
#5152 = LINE('',#5153,#5154);
#5153 = CARTESIAN_POINT('',(-35.,97.12,10.875017780036));
#5154 = VECTOR('',#5155,1.);
#5155 = DIRECTION('',(-0.,2.831015775893E-16,-1.));
#5156 = ORIENTED_EDGE('',*,*,#5157,.T.);
#5157 = EDGE_CURVE('',#5150,#2690,#5158,.T.);
#5158 = LINE('',#5159,#5160);
#5159 = CARTESIAN_POINT('',(-35.,96.62,6.));
#5160 = VECTOR('',#5161,1.);
#5161 = DIRECTION('',(-0.,1.,0.));
#5162 = ORIENTED_EDGE('',*,*,#2697,.F.);
#5163 = PLANE('',#5164);
#5164 = AXIS2_PLACEMENT_3D('',#5165,#5166,#5167);
#5165 = CARTESIAN_POINT('',(-35.,96.62,6.));
#5166 = DIRECTION('',(1.,0.,-0.));
#5167 = DIRECTION('',(0.,0.,1.));
#5168 = ADVANCED_FACE('',(#5169),#5180,.T.);
#5169 = FACE_BOUND('',#5170,.T.);
#5170 = EDGE_LOOP('',(#5171,#5172,#5178,#5179));
#5171 = ORIENTED_EDGE('',*,*,#5133,.F.);
#5172 = ORIENTED_EDGE('',*,*,#5173,.T.);
#5173 = EDGE_CURVE('',#5126,#5150,#5174,.T.);
#5174 = LINE('',#5175,#5176);
#5175 = CARTESIAN_POINT('',(-74.131,97.12,6.));
#5176 = VECTOR('',#5177,1.);
#5177 = DIRECTION('',(1.,0.,-0.));
#5178 = ORIENTED_EDGE('',*,*,#5157,.T.);
#5179 = ORIENTED_EDGE('',*,*,#2689,.F.);
#5180 = PLANE('',#5181);
#5181 = AXIS2_PLACEMENT_3D('',#5182,#5183,#5184);
#5182 = CARTESIAN_POINT('',(-50.,96.62,6.));
#5183 = DIRECTION('',(0.,0.,1.));
#5184 = DIRECTION('',(1.,0.,-0.));
#5185 = ADVANCED_FACE('',(#5186),#5211,.F.);
#5186 = FACE_BOUND('',#5187,.F.);
#5187 = EDGE_LOOP('',(#5188,#5196,#5204,#5210));
#5188 = ORIENTED_EDGE('',*,*,#5189,.F.);
#5189 = EDGE_CURVE('',#5190,#2706,#5192,.T.);
#5190 = VERTEX_POINT('',#5191);
#5191 = CARTESIAN_POINT('',(-89.5,97.12,17.));
#5192 = LINE('',#5193,#5194);
#5193 = CARTESIAN_POINT('',(-89.5,96.62,17.));
#5194 = VECTOR('',#5195,1.);
#5195 = DIRECTION('',(-0.,1.,0.));
#5196 = ORIENTED_EDGE('',*,*,#5197,.T.);
#5197 = EDGE_CURVE('',#5190,#5198,#5200,.T.);
#5198 = VERTEX_POINT('',#5199);
#5199 = CARTESIAN_POINT('',(-3.5,97.12,17.));
#5200 = LINE('',#5201,#5202);
#5201 = CARTESIAN_POINT('',(-93.881,97.12,17.));
#5202 = VECTOR('',#5203,1.);
#5203 = DIRECTION('',(1.,0.,-0.));
#5204 = ORIENTED_EDGE('',*,*,#5205,.T.);
#5205 = EDGE_CURVE('',#5198,#2708,#5206,.T.);
#5206 = LINE('',#5207,#5208);
#5207 = CARTESIAN_POINT('',(-3.5,96.62,17.));
#5208 = VECTOR('',#5209,1.);
#5209 = DIRECTION('',(-0.,1.,0.));
#5210 = ORIENTED_EDGE('',*,*,#2705,.F.);
#5211 = PLANE('',#5212);
#5212 = AXIS2_PLACEMENT_3D('',#5213,#5214,#5215);
#5213 = CARTESIAN_POINT('',(-89.5,96.62,17.));
#5214 = DIRECTION('',(0.,0.,1.));
#5215 = DIRECTION('',(1.,0.,-0.));
#5216 = ADVANCED_FACE('',(#5217),#5235,.T.);
#5217 = FACE_BOUND('',#5218,.T.);
#5218 = EDGE_LOOP('',(#5219,#5220,#5228,#5234));
#5219 = ORIENTED_EDGE('',*,*,#5189,.F.);
#5220 = ORIENTED_EDGE('',*,*,#5221,.T.);
#5221 = EDGE_CURVE('',#5190,#5222,#5224,.T.);
#5222 = VERTEX_POINT('',#5223);
#5223 = CARTESIAN_POINT('',(-89.5,97.12,14.));
#5224 = LINE('',#5225,#5226);
#5225 = CARTESIAN_POINT('',(-89.5,97.12,6.25));
#5226 = VECTOR('',#5227,1.);
#5227 = DIRECTION('',(-0.,0.,-1.));
#5228 = ORIENTED_EDGE('',*,*,#5229,.T.);
#5229 = EDGE_CURVE('',#5222,#2716,#5230,.T.);
#5230 = LINE('',#5231,#5232);
#5231 = CARTESIAN_POINT('',(-89.5,96.62,14.));
#5232 = VECTOR('',#5233,1.);
#5233 = DIRECTION('',(-0.,1.,0.));
#5234 = ORIENTED_EDGE('',*,*,#2715,.F.);
#5235 = PLANE('',#5236);
#5236 = AXIS2_PLACEMENT_3D('',#5237,#5238,#5239);
#5237 = CARTESIAN_POINT('',(-89.5,96.62,14.));
#5238 = DIRECTION('',(1.,0.,-0.));
#5239 = DIRECTION('',(0.,0.,1.));
#5240 = ADVANCED_FACE('',(#5241),#5259,.F.);
#5241 = FACE_BOUND('',#5242,.F.);
#5242 = EDGE_LOOP('',(#5243,#5244,#5252,#5258));
#5243 = ORIENTED_EDGE('',*,*,#5205,.F.);
#5244 = ORIENTED_EDGE('',*,*,#5245,.T.);
#5245 = EDGE_CURVE('',#5198,#5246,#5248,.T.);
#5246 = VERTEX_POINT('',#5247);
#5247 = CARTESIAN_POINT('',(-3.5,97.12,14.));
#5248 = LINE('',#5249,#5250);
#5249 = CARTESIAN_POINT('',(-3.5,97.12,14.875017780036));
#5250 = VECTOR('',#5251,1.);
#5251 = DIRECTION('',(-0.,2.831015775893E-16,-1.));
#5252 = ORIENTED_EDGE('',*,*,#5253,.T.);
#5253 = EDGE_CURVE('',#5246,#2724,#5254,.T.);
#5254 = LINE('',#5255,#5256);
#5255 = CARTESIAN_POINT('',(-3.5,96.62,14.));
#5256 = VECTOR('',#5257,1.);
#5257 = DIRECTION('',(-0.,1.,0.));
#5258 = ORIENTED_EDGE('',*,*,#2731,.F.);
#5259 = PLANE('',#5260);
#5260 = AXIS2_PLACEMENT_3D('',#5261,#5262,#5263);
#5261 = CARTESIAN_POINT('',(-3.5,96.62,14.));
#5262 = DIRECTION('',(1.,0.,-0.));
#5263 = DIRECTION('',(0.,0.,1.));
#5264 = ADVANCED_FACE('',(#5265),#5276,.T.);
#5265 = FACE_BOUND('',#5266,.T.);
#5266 = EDGE_LOOP('',(#5267,#5268,#5274,#5275));
#5267 = ORIENTED_EDGE('',*,*,#5229,.F.);
#5268 = ORIENTED_EDGE('',*,*,#5269,.T.);
#5269 = EDGE_CURVE('',#5222,#5246,#5270,.T.);
#5270 = LINE('',#5271,#5272);
#5271 = CARTESIAN_POINT('',(-93.881,97.12,14.));
#5272 = VECTOR('',#5273,1.);
#5273 = DIRECTION('',(1.,0.,-0.));
#5274 = ORIENTED_EDGE('',*,*,#5253,.T.);
#5275 = ORIENTED_EDGE('',*,*,#2723,.F.);
#5276 = PLANE('',#5277);
#5277 = AXIS2_PLACEMENT_3D('',#5278,#5279,#5280);
#5278 = CARTESIAN_POINT('',(-89.5,96.62,14.));
#5279 = DIRECTION('',(0.,0.,1.));
#5280 = DIRECTION('',(1.,0.,-0.));
#5281 = ADVANCED_FACE('',(#5282,#5292),#5306,.T.);
#5282 = FACE_BOUND('',#5283,.T.);
#5283 = EDGE_LOOP('',(#5284,#5285,#5286,#5291));
#5284 = ORIENTED_EDGE('',*,*,#2747,.F.);
#5285 = ORIENTED_EDGE('',*,*,#3177,.T.);
#5286 = ORIENTED_EDGE('',*,*,#5287,.T.);
#5287 = EDGE_CURVE('',#3178,#4107,#5288,.T.);
#5288 = B_SPLINE_CURVE_WITH_KNOTS('',1,(#5289,#5290),.UNSPECIFIED.,.F.,
  .F.,(2,2),(0.,375.),.PIECEWISE_BEZIER_KNOTS.);
#5289 = CARTESIAN_POINT('',(-95.12985521971,105.58235712471,-1.5));
#5290 = CARTESIAN_POINT('',(-85.60483616967,105.58235712471,-1.5));
#5291 = ORIENTED_EDGE('',*,*,#4106,.T.);
#5292 = FACE_BOUND('',#5293,.T.);
#5293 = EDGE_LOOP('',(#5294));
#5294 = ORIENTED_EDGE('',*,*,#5295,.T.);
#5295 = EDGE_CURVE('',#5296,#5296,#5298,.T.);
#5296 = VERTEX_POINT('',#5297);
#5297 = CARTESIAN_POINT('',(-87.84034036068,101.32784861569,-1.5));
#5298 = ( BOUNDED_CURVE() B_SPLINE_CURVE(2,(#5299,#5300,#5301,#5302,
#5303,#5304,#5305),.UNSPECIFIED.,.T.,.F.) B_SPLINE_CURVE_WITH_KNOTS((1,2
    ,2,2,2,1),(-2.094395102394,0.,2.094395102393,4.188790204786,
6.28318530718,8.377580409573),.UNSPECIFIED.) CURVE() 
GEOMETRIC_REPRESENTATION_ITEM() RATIONAL_B_SPLINE_CURVE((1.,0.5,1.,0.5,
1.,0.5,1.)) REPRESENTATION_ITEM('') );
#5299 = CARTESIAN_POINT('',(-87.84034036068,101.32784861569,-1.5));
#5300 = CARTESIAN_POINT('',(-87.84034036068,105.48477935269,-1.5));
#5301 = CARTESIAN_POINT('',(-91.44034798069,103.40631398419,-1.5));
#5302 = CARTESIAN_POINT('',(-95.04035560071,101.32784861569,-1.5));
#5303 = CARTESIAN_POINT('',(-91.44034798069,99.249383247197,-1.5));
#5304 = CARTESIAN_POINT('',(-87.84034036068,97.170917878696,-1.5));
#5305 = CARTESIAN_POINT('',(-87.84034036068,101.32784861569,-1.5));
#5306 = B_SPLINE_SURFACE_WITH_KNOTS('',1,1,(
    (#5307,#5308)
    ,(#5309,#5310
    )),.UNSPECIFIED.,.F.,.F.,.F.,(2,2),(2,2),(-1.97202755E+03,
    1.97202755E+03),(-2.825E+03,2.8252224E+03),
  .PIECEWISE_BEZIER_KNOTS.);
#5307 = CARTESIAN_POINT('',(3.417006604013,-37.93357886715,-1.5));
#5308 = CARTESIAN_POINT('',(3.417006604013,105.58235712471,-1.5));
#5309 = CARTESIAN_POINT('',(-96.76219329438,-37.93357886715,-1.5));
#5310 = CARTESIAN_POINT('',(-96.76219329438,105.58235712471,-1.5));
#5311 = ADVANCED_FACE('',(#5312,#5322),#5336,.T.);
#5312 = FACE_BOUND('',#5313,.T.);
#5313 = EDGE_LOOP('',(#5314,#5315,#5316,#5321));
#5314 = ORIENTED_EDGE('',*,*,#2942,.F.);
#5315 = ORIENTED_EDGE('',*,*,#4135,.T.);
#5316 = ORIENTED_EDGE('',*,*,#5317,.T.);
#5317 = EDGE_CURVE('',#4136,#5065,#5318,.T.);
#5318 = B_SPLINE_CURVE_WITH_KNOTS('',1,(#5319,#5320),.UNSPECIFIED.,.F.,
  .F.,(2,2),(0.,375.),.PIECEWISE_BEZIER_KNOTS.);
#5319 = CARTESIAN_POINT('',(-8.572517145034,105.44970789941,-1.5));
#5320 = CARTESIAN_POINT('',(0.952501905004,105.44970789941,-1.5));
#5321 = ORIENTED_EDGE('',*,*,#5064,.T.);
#5322 = FACE_BOUND('',#5323,.T.);
#5323 = EDGE_LOOP('',(#5324));
#5324 = ORIENTED_EDGE('',*,*,#5325,.T.);
#5325 = EDGE_CURVE('',#5326,#5326,#5328,.T.);
#5326 = VERTEX_POINT('',#5327);
#5327 = CARTESIAN_POINT('',(-1.283002286005,101.19519939039,-1.5));
#5328 = ( BOUNDED_CURVE() B_SPLINE_CURVE(2,(#5329,#5330,#5331,#5332,
#5333,#5334,#5335),.UNSPECIFIED.,.T.,.F.) B_SPLINE_CURVE_WITH_KNOTS((1,2
    ,2,2,2,1),(-2.094395102394,0.,2.094395102393,4.188790204786,
6.28318530718,8.377580409573),.UNSPECIFIED.) CURVE() 
GEOMETRIC_REPRESENTATION_ITEM() RATIONAL_B_SPLINE_CURVE((1.,0.5,1.,0.5,
1.,0.5,1.)) REPRESENTATION_ITEM('') );
#5329 = CARTESIAN_POINT('',(-1.283002286005,101.19519939039,-1.5));
#5330 = CARTESIAN_POINT('',(-1.283002286005,105.3521301274,-1.5));
#5331 = CARTESIAN_POINT('',(-4.88300990602,103.27366475889,-1.5));
#5332 = CARTESIAN_POINT('',(-8.483017526035,101.19519939039,-1.5));
#5333 = CARTESIAN_POINT('',(-4.88300990602,99.116734021898,-1.5));
#5334 = CARTESIAN_POINT('',(-1.283002286005,97.038268653398,-1.5));
#5335 = CARTESIAN_POINT('',(-1.283002286005,101.19519939039,-1.5));
#5336 = B_SPLINE_SURFACE_WITH_KNOTS('',1,1,(
    (#5337,#5338)
    ,(#5339,#5340
    )),.UNSPECIFIED.,.F.,.F.,.F.,(2,2),(2,2),(-1.97202755E+03,
    1.97202755E+03),(-2.825E+03,2.8252224E+03),
  .PIECEWISE_BEZIER_KNOTS.);
#5337 = CARTESIAN_POINT('',(3.417006604013,-37.93357886715,-1.5));
#5338 = CARTESIAN_POINT('',(3.417006604013,105.58235712471,-1.5));
#5339 = CARTESIAN_POINT('',(-96.76219329438,-37.93357886715,-1.5));
#5340 = CARTESIAN_POINT('',(-96.76219329438,105.58235712471,-1.5));
#5341 = ADVANCED_FACE('',(#5342),#5353,.F.);
#5342 = FACE_BOUND('',#5343,.F.);
#5343 = EDGE_LOOP('',(#5344,#5345,#5351,#5352));
#5344 = ORIENTED_EDGE('',*,*,#2957,.F.);
#5345 = ORIENTED_EDGE('',*,*,#5346,.T.);
#5346 = EDGE_CURVE('',#2958,#3021,#5347,.T.);
#5347 = LINE('',#5348,#5349);
#5348 = CARTESIAN_POINT('',(4.917,88.5,2.75));
#5349 = VECTOR('',#5350,1.);
#5350 = DIRECTION('',(0.,0.,1.));
#5351 = ORIENTED_EDGE('',*,*,#3020,.T.);
#5352 = ORIENTED_EDGE('',*,*,#2997,.F.);
#5353 = PLANE('',#5354);
#5354 = AXIS2_PLACEMENT_3D('',#5355,#5356,#5357);
#5355 = CARTESIAN_POINT('',(0.,88.5,6.));
#5356 = DIRECTION('',(-0.,1.,0.));
#5357 = DIRECTION('',(0.,0.,1.));
#5358 = ADVANCED_FACE('',(#5359),#5402,.F.);
#5359 = FACE_BOUND('',#5360,.F.);
#5360 = EDGE_LOOP('',(#5361,#5369,#5370,#5371,#5372,#5380,#5388,#5396));
#5361 = ORIENTED_EDGE('',*,*,#5362,.F.);
#5362 = EDGE_CURVE('',#2958,#5363,#5365,.T.);
#5363 = VERTEX_POINT('',#5364);
#5364 = CARTESIAN_POINT('',(4.917,88.5,6.));
#5365 = LINE('',#5366,#5367);
#5366 = CARTESIAN_POINT('',(4.917,88.5,2.25));
#5367 = VECTOR('',#5368,1.);
#5368 = DIRECTION('',(-0.,0.,-1.));
#5369 = ORIENTED_EDGE('',*,*,#2967,.T.);
#5370 = ORIENTED_EDGE('',*,*,#3053,.T.);
#5371 = ORIENTED_EDGE('',*,*,#3028,.F.);
#5372 = ORIENTED_EDGE('',*,*,#5373,.F.);
#5373 = EDGE_CURVE('',#5374,#3021,#5376,.T.);
#5374 = VERTEX_POINT('',#5375);
#5375 = CARTESIAN_POINT('',(4.917,88.5,24.5));
#5376 = LINE('',#5377,#5378);
#5377 = CARTESIAN_POINT('',(4.917,88.5,2.25));
#5378 = VECTOR('',#5379,1.);
#5379 = DIRECTION('',(-0.,0.,-1.));
#5380 = ORIENTED_EDGE('',*,*,#5381,.F.);
#5381 = EDGE_CURVE('',#5382,#5374,#5384,.T.);
#5382 = VERTEX_POINT('',#5383);
#5383 = CARTESIAN_POINT('',(4.917,46.5,24.5));
#5384 = LINE('',#5385,#5386);
#5385 = CARTESIAN_POINT('',(4.917,7.01,24.5));
#5386 = VECTOR('',#5387,1.);
#5387 = DIRECTION('',(-0.,1.,0.));
#5388 = ORIENTED_EDGE('',*,*,#5389,.T.);
#5389 = EDGE_CURVE('',#5382,#5390,#5392,.T.);
#5390 = VERTEX_POINT('',#5391);
#5391 = CARTESIAN_POINT('',(4.917,46.5,6.));
#5392 = LINE('',#5393,#5394);
#5393 = CARTESIAN_POINT('',(4.917,46.5,2.25));
#5394 = VECTOR('',#5395,1.);
#5395 = DIRECTION('',(-0.,0.,-1.));
#5396 = ORIENTED_EDGE('',*,*,#5397,.T.);
#5397 = EDGE_CURVE('',#5390,#5363,#5398,.T.);
#5398 = LINE('',#5399,#5400);
#5399 = CARTESIAN_POINT('',(4.917,7.01,6.));
#5400 = VECTOR('',#5401,1.);
#5401 = DIRECTION('',(-0.,1.,0.));
#5402 = PLANE('',#5403);
#5403 = AXIS2_PLACEMENT_3D('',#5404,#5405,#5406);
#5404 = CARTESIAN_POINT('',(4.917,-32.48,-1.5));
#5405 = DIRECTION('',(1.,0.,-0.));
#5406 = DIRECTION('',(0.,0.,1.));
#5407 = ADVANCED_FACE('',(#5408,#5414),#5464,.T.);
#5408 = FACE_BOUND('',#5409,.T.);
#5409 = EDGE_LOOP('',(#5410,#5411,#5412,#5413));
#5410 = ORIENTED_EDGE('',*,*,#3151,.F.);
#5411 = ORIENTED_EDGE('',*,*,#3078,.T.);
#5412 = ORIENTED_EDGE('',*,*,#3110,.T.);
#5413 = ORIENTED_EDGE('',*,*,#3133,.F.);
#5414 = FACE_BOUND('',#5415,.T.);
#5415 = EDGE_LOOP('',(#5416,#5426,#5434,#5442,#5450,#5458));
#5416 = ORIENTED_EDGE('',*,*,#5417,.T.);
#5417 = EDGE_CURVE('',#5418,#5420,#5422,.T.);
#5418 = VERTEX_POINT('',#5419);
#5419 = CARTESIAN_POINT('',(-98.26219329438,97.12,35.));
#5420 = VERTEX_POINT('',#5421);
#5421 = CARTESIAN_POINT('',(-98.26,97.12,35.));
#5422 = LINE('',#5423,#5424);
#5423 = CARTESIAN_POINT('',(-73.13669007811,97.12,35.));
#5424 = VECTOR('',#5425,1.);
#5425 = DIRECTION('',(1.,0.,0.));
#5426 = ORIENTED_EDGE('',*,*,#5427,.T.);
#5427 = EDGE_CURVE('',#5420,#5428,#5430,.T.);
#5428 = VERTEX_POINT('',#5429);
#5429 = CARTESIAN_POINT('',(4.917006604013,97.12,35.));
#5430 = LINE('',#5431,#5432);
#5431 = CARTESIAN_POINT('',(-98.26,97.12,35.));
#5432 = VECTOR('',#5433,1.);
#5433 = DIRECTION('',(1.,0.,-0.));
#5434 = ORIENTED_EDGE('',*,*,#5435,.T.);
#5435 = EDGE_CURVE('',#5428,#5436,#5438,.T.);
#5436 = VERTEX_POINT('',#5437);
#5437 = CARTESIAN_POINT('',(4.917006604013,-32.48,35.));
#5438 = LINE('',#5439,#5440);
#5439 = CARTESIAN_POINT('',(4.917006604013,-8.E-02,35.));
#5440 = VECTOR('',#5441,1.);
#5441 = DIRECTION('',(0.,-1.,0.));
#5442 = ORIENTED_EDGE('',*,*,#5443,.F.);
#5443 = EDGE_CURVE('',#5444,#5436,#5446,.T.);
#5444 = VERTEX_POINT('',#5445);
#5445 = CARTESIAN_POINT('',(-98.26,-32.48,35.));
#5446 = LINE('',#5447,#5448);
#5447 = CARTESIAN_POINT('',(-98.26,-32.48,35.));
#5448 = VECTOR('',#5449,1.);
#5449 = DIRECTION('',(1.,0.,-0.));
#5450 = ORIENTED_EDGE('',*,*,#5451,.T.);
#5451 = EDGE_CURVE('',#5444,#5452,#5454,.T.);
#5452 = VERTEX_POINT('',#5453);
#5453 = CARTESIAN_POINT('',(-98.26219329438,-32.48,35.));
#5454 = LINE('',#5455,#5456);
#5455 = CARTESIAN_POINT('',(-73.13167413225,-32.48,35.));
#5456 = VECTOR('',#5457,1.);
#5457 = DIRECTION('',(-1.,0.,0.));
#5458 = ORIENTED_EDGE('',*,*,#5459,.T.);
#5459 = EDGE_CURVE('',#5452,#5418,#5460,.T.);
#5460 = LINE('',#5461,#5462);
#5461 = CARTESIAN_POINT('',(-98.26219329438,-0.33,35.));
#5462 = VECTOR('',#5463,1.);
#5463 = DIRECTION('',(0.,1.,0.));
#5464 = PLANE('',#5465);
#5465 = AXIS2_PLACEMENT_3D('',#5466,#5467,#5468);
#5466 = CARTESIAN_POINT('',(-98.762,-32.98,35.));
#5467 = DIRECTION('',(0.,0.,1.));
#5468 = DIRECTION('',(1.,0.,-0.));
#5469 = ADVANCED_FACE('',(#5470),#5481,.T.);
#5470 = FACE_BOUND('',#5471,.T.);
#5471 = EDGE_LOOP('',(#5472,#5473,#5474,#5480));
#5472 = ORIENTED_EDGE('',*,*,#5287,.F.);
#5473 = ORIENTED_EDGE('',*,*,#3199,.T.);
#5474 = ORIENTED_EDGE('',*,*,#5475,.T.);
#5475 = EDGE_CURVE('',#3193,#4114,#5476,.T.);
#5476 = LINE('',#5477,#5478);
#5477 = CARTESIAN_POINT('',(-97.76219329438,105.58235712471,1.5));
#5478 = VECTOR('',#5479,1.);
#5479 = DIRECTION('',(1.,0.,-0.));
#5480 = ORIENTED_EDGE('',*,*,#4113,.F.);
#5481 = B_SPLINE_SURFACE_WITH_KNOTS('',1,1,(
    (#5482,#5483)
    ,(#5484,#5485
    )),.UNSPECIFIED.,.F.,.F.,.F.,(2,2),(2,2),(0.,375.),(-118.1102,0.),
  .PIECEWISE_BEZIER_KNOTS.);
#5482 = CARTESIAN_POINT('',(-95.12985521971,105.58235712471,
    1.50000508001));
#5483 = CARTESIAN_POINT('',(-95.12985521971,105.58235712471,-1.5));
#5484 = CARTESIAN_POINT('',(-85.60483616967,105.58235712471,
    1.50000508001));
#5485 = CARTESIAN_POINT('',(-85.60483616967,105.58235712471,-1.5));
#5486 = ADVANCED_FACE('',(#5487),#5493,.T.);
#5487 = FACE_BOUND('',#5488,.T.);
#5488 = EDGE_LOOP('',(#5489,#5490,#5491,#5492));
#5489 = ORIENTED_EDGE('',*,*,#5475,.F.);
#5490 = ORIENTED_EDGE('',*,*,#3192,.T.);
#5491 = ORIENTED_EDGE('',*,*,#3212,.T.);
#5492 = ORIENTED_EDGE('',*,*,#4120,.T.);
#5493 = PLANE('',#5494);
#5494 = AXIS2_PLACEMENT_3D('',#5495,#5496,#5497);
#5495 = CARTESIAN_POINT('',(-97.76219329438,97.12,1.5));
#5496 = DIRECTION('',(0.,0.,1.));
#5497 = DIRECTION('',(1.,0.,-0.));
#5498 = ADVANCED_FACE('',(#5499),#5503,.F.);
#5499 = FACE_BOUND('',#5500,.F.);
#5500 = EDGE_LOOP('',(#5501,#5502));
#5501 = ORIENTED_EDGE('',*,*,#3823,.F.);
#5502 = ORIENTED_EDGE('',*,*,#3527,.F.);
#5503 = ( BOUNDED_SURFACE() B_SPLINE_SURFACE(2,1,(
    (#5504,#5505)
    ,(#5506,#5507)
    ,(#5508,#5509)
    ,(#5510,#5511)
    ,(#5512,#5513)
    ,(#5514,#5515)
    ,(#5516,#5517
)),.UNSPECIFIED.,.T.,.F.,.F.) B_SPLINE_SURFACE_WITH_KNOTS((1,2,2,2,2,1),
  (2,2),(-2.094395102394,0.,2.094395102393,4.188790204786,6.28318530718,
    8.377580409573),(0.,118.1102),.UNSPECIFIED.) 
GEOMETRIC_REPRESENTATION_ITEM() RATIONAL_B_SPLINE_SURFACE((
    (1.,1.)
    ,(0.5,0.5)
    ,(1.,1.)
    ,(0.5,0.5)
    ,(1.,1.)
    ,(0.5,0.5)
,(1.,1.))) REPRESENTATION_ITEM('') SURFACE() );
#5504 = CARTESIAN_POINT('',(-87.84034036068,99.827848615697,-1.5));
#5505 = CARTESIAN_POINT('',(-87.84034036068,99.827848615697,
    1.50000508001));
#5506 = CARTESIAN_POINT('',(-87.84034036068,103.98477935269,-1.5));
#5507 = CARTESIAN_POINT('',(-87.84034036068,103.98477935269,
    1.50000508001));
#5508 = CARTESIAN_POINT('',(-91.44034798069,101.90631398419,-1.5));
#5509 = CARTESIAN_POINT('',(-91.44034798069,101.90631398419,
    1.50000508001));
#5510 = CARTESIAN_POINT('',(-95.04035560071,99.827848615697,-1.5));
#5511 = CARTESIAN_POINT('',(-95.04035560071,99.827848615697,
    1.50000508001));
#5512 = CARTESIAN_POINT('',(-91.44034798069,97.749383247197,-1.5));
#5513 = CARTESIAN_POINT('',(-91.44034798069,97.749383247197,
    1.50000508001));
#5514 = CARTESIAN_POINT('',(-87.84034036068,95.670917878696,-1.5));
#5515 = CARTESIAN_POINT('',(-87.84034036068,95.670917878696,
    1.50000508001));
#5516 = CARTESIAN_POINT('',(-87.84034036068,99.827848615697,-1.5));
#5517 = CARTESIAN_POINT('',(-87.84034036068,99.827848615697,
    1.50000508001));
#5518 = ADVANCED_FACE('',(#5519),#5531,.F.);
#5519 = FACE_BOUND('',#5520,.F.);
#5520 = EDGE_LOOP('',(#5521,#5526,#5527,#5528,#5529,#5530));
#5521 = ORIENTED_EDGE('',*,*,#5522,.T.);
#5522 = EDGE_CURVE('',#5296,#3250,#5523,.T.);
#5523 = B_SPLINE_CURVE_WITH_KNOTS('',1,(#5524,#5525),.UNSPECIFIED.,.F.,
  .F.,(2,2),(0.,118.1102),.PIECEWISE_BEZIER_KNOTS.);
#5524 = CARTESIAN_POINT('',(-87.84034036068,101.32784861569,-1.5));
#5525 = CARTESIAN_POINT('',(-87.84034036068,101.32784861569,
    1.50000508001));
#5526 = ORIENTED_EDGE('',*,*,#3249,.T.);
#5527 = ORIENTED_EDGE('',*,*,#3686,.T.);
#5528 = ORIENTED_EDGE('',*,*,#3388,.T.);
#5529 = ORIENTED_EDGE('',*,*,#5522,.F.);
#5530 = ORIENTED_EDGE('',*,*,#5295,.T.);
#5531 = ( BOUNDED_SURFACE() B_SPLINE_SURFACE(2,1,(
    (#5532,#5533)
    ,(#5534,#5535)
    ,(#5536,#5537)
    ,(#5538,#5539)
    ,(#5540,#5541)
    ,(#5542,#5543)
    ,(#5544,#5545
)),.UNSPECIFIED.,.T.,.F.,.F.) B_SPLINE_SURFACE_WITH_KNOTS((1,2,2,2,2,1),
  (2,2),(-2.094395102394,0.,2.094395102393,4.188790204786,6.28318530718,
    8.377580409573),(0.,118.1102),.UNSPECIFIED.) 
GEOMETRIC_REPRESENTATION_ITEM() RATIONAL_B_SPLINE_SURFACE((
    (1.,1.)
    ,(0.5,0.5)
    ,(1.,1.)
    ,(0.5,0.5)
    ,(1.,1.)
    ,(0.5,0.5)
,(1.,1.))) REPRESENTATION_ITEM('') SURFACE() );
#5532 = CARTESIAN_POINT('',(-87.84034036068,101.32784861569,-1.5));
#5533 = CARTESIAN_POINT('',(-87.84034036068,101.32784861569,
    1.50000508001));
#5534 = CARTESIAN_POINT('',(-87.84034036068,105.48477935269,-1.5));
#5535 = CARTESIAN_POINT('',(-87.84034036068,105.48477935269,
    1.50000508001));
#5536 = CARTESIAN_POINT('',(-91.44034798069,103.40631398419,-1.5));
#5537 = CARTESIAN_POINT('',(-91.44034798069,103.40631398419,
    1.50000508001));
#5538 = CARTESIAN_POINT('',(-95.04035560071,101.32784861569,-1.5));
#5539 = CARTESIAN_POINT('',(-95.04035560071,101.32784861569,
    1.50000508001));
#5540 = CARTESIAN_POINT('',(-91.44034798069,99.249383247197,-1.5));
#5541 = CARTESIAN_POINT('',(-91.44034798069,99.249383247197,
    1.50000508001));
#5542 = CARTESIAN_POINT('',(-87.84034036068,97.170917878696,-1.5));
#5543 = CARTESIAN_POINT('',(-87.84034036068,97.170917878696,
    1.50000508001));
#5544 = CARTESIAN_POINT('',(-87.84034036068,101.32784861569,-1.5));
#5545 = CARTESIAN_POINT('',(-87.84034036068,101.32784861569,
    1.50000508001));
#5546 = ADVANCED_FACE('',(#5547),#5553,.F.);
#5547 = FACE_BOUND('',#5548,.F.);
#5548 = EDGE_LOOP('',(#5549,#5550,#5551,#5552));
#5549 = ORIENTED_EDGE('',*,*,#3547,.F.);
#5550 = ORIENTED_EDGE('',*,*,#3237,.F.);
#5551 = ORIENTED_EDGE('',*,*,#3225,.F.);
#5552 = ORIENTED_EDGE('',*,*,#3961,.F.);
#5553 = ( BOUNDED_SURFACE() B_SPLINE_SURFACE(2,1,(
    (#5554,#5555)
    ,(#5556,#5557)
    ,(#5558,#5559)
    ,(#5560,#5561)
    ,(#5562,#5563)
    ,(#5564,#5565)
    ,(#5566,#5567
)),.UNSPECIFIED.,.T.,.F.,.F.) B_SPLINE_SURFACE_WITH_KNOTS((1,2,2,2,2,1),
  (2,2),(-2.094395102394,0.,2.094395102393,4.188790204786,6.28318530718,
    8.377580409573),(0.,118.1102),.UNSPECIFIED.) 
GEOMETRIC_REPRESENTATION_ITEM() RATIONAL_B_SPLINE_SURFACE((
    (1.,1.)
    ,(0.5,0.5)
    ,(1.,1.)
    ,(0.5,0.5)
    ,(1.,1.)
    ,(0.5,0.5)
,(1.,1.))) REPRESENTATION_ITEM('') SURFACE() );
#5554 = CARTESIAN_POINT('',(-87.84034036068,99.827848615697,-1.5));
#5555 = CARTESIAN_POINT('',(-87.84034036068,99.827848615697,
    1.50000508001));
#5556 = CARTESIAN_POINT('',(-87.84034036068,103.98477935269,-1.5));
#5557 = CARTESIAN_POINT('',(-87.84034036068,103.98477935269,
    1.50000508001));
#5558 = CARTESIAN_POINT('',(-91.44034798069,101.90631398419,-1.5));
#5559 = CARTESIAN_POINT('',(-91.44034798069,101.90631398419,
    1.50000508001));
#5560 = CARTESIAN_POINT('',(-95.04035560071,99.827848615697,-1.5));
#5561 = CARTESIAN_POINT('',(-95.04035560071,99.827848615697,
    1.50000508001));
#5562 = CARTESIAN_POINT('',(-91.44034798069,97.749383247197,-1.5));
#5563 = CARTESIAN_POINT('',(-91.44034798069,97.749383247197,
    1.50000508001));
#5564 = CARTESIAN_POINT('',(-87.84034036068,95.670917878696,-1.5));
#5565 = CARTESIAN_POINT('',(-87.84034036068,95.670917878696,
    1.50000508001));
#5566 = CARTESIAN_POINT('',(-87.84034036068,99.827848615697,-1.5));
#5567 = CARTESIAN_POINT('',(-87.84034036068,99.827848615697,
    1.50000508001));
#5568 = ADVANCED_FACE('',(#5569),#5579,.T.);
#5569 = FACE_BOUND('',#5570,.T.);
#5570 = EDGE_LOOP('',(#5571,#5572,#5573,#5578));
#5571 = ORIENTED_EDGE('',*,*,#5317,.F.);
#5572 = ORIENTED_EDGE('',*,*,#4157,.T.);
#5573 = ORIENTED_EDGE('',*,*,#5574,.F.);
#5574 = EDGE_CURVE('',#5072,#4151,#5575,.T.);
#5575 = B_SPLINE_CURVE_WITH_KNOTS('',1,(#5576,#5577),.UNSPECIFIED.,.F.,
  .F.,(2,2),(0.,1.),.PIECEWISE_BEZIER_KNOTS.);
#5576 = CARTESIAN_POINT('',(0.952501905004,105.44970789941,1.5));
#5577 = CARTESIAN_POINT('',(-8.572517145034,105.44970789941,1.5));
#5578 = ORIENTED_EDGE('',*,*,#5071,.F.);
#5579 = B_SPLINE_SURFACE_WITH_KNOTS('',1,1,(
    (#5580,#5581)
    ,(#5582,#5583
    )),.UNSPECIFIED.,.F.,.F.,.F.,(2,2),(2,2),(0.,375.),(-118.1102,0.),
  .PIECEWISE_BEZIER_KNOTS.);
#5580 = CARTESIAN_POINT('',(-8.572517145034,105.44970789941,
    1.50000508001));
#5581 = CARTESIAN_POINT('',(-8.572517145034,105.44970789941,-1.5));
#5582 = CARTESIAN_POINT('',(0.952501905004,105.44970789941,1.50000508001
    ));
#5583 = CARTESIAN_POINT('',(0.952501905004,105.44970789941,-1.5));
#5584 = ADVANCED_FACE('',(#5585),#5591,.T.);
#5585 = FACE_BOUND('',#5586,.T.);
#5586 = EDGE_LOOP('',(#5587,#5588,#5589,#5590));
#5587 = ORIENTED_EDGE('',*,*,#5574,.T.);
#5588 = ORIENTED_EDGE('',*,*,#4150,.T.);
#5589 = ORIENTED_EDGE('',*,*,#4170,.T.);
#5590 = ORIENTED_EDGE('',*,*,#5078,.T.);
#5591 = PLANE('',#5592);
#5592 = AXIS2_PLACEMENT_3D('',#5593,#5594,#5595);
#5593 = CARTESIAN_POINT('',(-97.76219329438,97.12,1.5));
#5594 = DIRECTION('',(0.,0.,1.));
#5595 = DIRECTION('',(1.,0.,-0.));
#5596 = ADVANCED_FACE('',(#5597),#5601,.F.);
#5597 = FACE_BOUND('',#5598,.F.);
#5598 = EDGE_LOOP('',(#5599,#5600));
#5599 = ORIENTED_EDGE('',*,*,#4781,.F.);
#5600 = ORIENTED_EDGE('',*,*,#4485,.F.);
#5601 = ( BOUNDED_SURFACE() B_SPLINE_SURFACE(2,1,(
    (#5602,#5603)
    ,(#5604,#5605)
    ,(#5606,#5607)
    ,(#5608,#5609)
    ,(#5610,#5611)
    ,(#5612,#5613)
    ,(#5614,#5615
)),.UNSPECIFIED.,.T.,.F.,.F.) B_SPLINE_SURFACE_WITH_KNOTS((1,2,2,2,2,1),
  (2,2),(-2.094395102394,0.,2.094395102393,4.188790204786,6.28318530718,
    8.377580409573),(0.,118.1102),.UNSPECIFIED.) 
GEOMETRIC_REPRESENTATION_ITEM() RATIONAL_B_SPLINE_SURFACE((
    (1.,1.)
    ,(0.5,0.5)
    ,(1.,1.)
    ,(0.5,0.5)
    ,(1.,1.)
    ,(0.5,0.5)
,(1.,1.))) REPRESENTATION_ITEM('') SURFACE() );
#5602 = CARTESIAN_POINT('',(-1.283002286005,99.695199390399,-1.5));
#5603 = CARTESIAN_POINT('',(-1.283002286005,99.695199390399,
    1.50000508001));
#5604 = CARTESIAN_POINT('',(-1.283002286005,103.8521301274,-1.5));
#5605 = CARTESIAN_POINT('',(-1.283002286005,103.8521301274,1.50000508001
    ));
#5606 = CARTESIAN_POINT('',(-4.88300990602,101.77366475889,-1.5));
#5607 = CARTESIAN_POINT('',(-4.88300990602,101.77366475889,1.50000508001
    ));
#5608 = CARTESIAN_POINT('',(-8.483017526035,99.695199390399,-1.5));
#5609 = CARTESIAN_POINT('',(-8.483017526035,99.695199390399,
    1.50000508001));
#5610 = CARTESIAN_POINT('',(-4.88300990602,97.616734021898,-1.5));
#5611 = CARTESIAN_POINT('',(-4.88300990602,97.616734021898,1.50000508001
    ));
#5612 = CARTESIAN_POINT('',(-1.283002286005,95.538268653398,-1.5));
#5613 = CARTESIAN_POINT('',(-1.283002286005,95.538268653398,
    1.50000508001));
#5614 = CARTESIAN_POINT('',(-1.283002286005,99.695199390399,-1.5));
#5615 = CARTESIAN_POINT('',(-1.283002286005,99.695199390399,
    1.50000508001));
#5616 = ADVANCED_FACE('',(#5617),#5629,.F.);
#5617 = FACE_BOUND('',#5618,.F.);
#5618 = EDGE_LOOP('',(#5619,#5624,#5625,#5626,#5627,#5628));
#5619 = ORIENTED_EDGE('',*,*,#5620,.T.);
#5620 = EDGE_CURVE('',#5326,#4208,#5621,.T.);
#5621 = B_SPLINE_CURVE_WITH_KNOTS('',1,(#5622,#5623),.UNSPECIFIED.,.F.,
  .F.,(2,2),(0.,118.1102),.PIECEWISE_BEZIER_KNOTS.);
#5622 = CARTESIAN_POINT('',(-1.283002286005,101.19519939039,-1.5));
#5623 = CARTESIAN_POINT('',(-1.283002286005,101.19519939039,
    1.50000508001));
#5624 = ORIENTED_EDGE('',*,*,#4207,.T.);
#5625 = ORIENTED_EDGE('',*,*,#4644,.T.);
#5626 = ORIENTED_EDGE('',*,*,#4346,.T.);
#5627 = ORIENTED_EDGE('',*,*,#5620,.F.);
#5628 = ORIENTED_EDGE('',*,*,#5325,.T.);
#5629 = ( BOUNDED_SURFACE() B_SPLINE_SURFACE(2,1,(
    (#5630,#5631)
    ,(#5632,#5633)
    ,(#5634,#5635)
    ,(#5636,#5637)
    ,(#5638,#5639)
    ,(#5640,#5641)
    ,(#5642,#5643
)),.UNSPECIFIED.,.T.,.F.,.F.) B_SPLINE_SURFACE_WITH_KNOTS((1,2,2,2,2,1),
  (2,2),(-2.094395102394,0.,2.094395102393,4.188790204786,6.28318530718,
    8.377580409573),(0.,118.1102),.UNSPECIFIED.) 
GEOMETRIC_REPRESENTATION_ITEM() RATIONAL_B_SPLINE_SURFACE((
    (1.,1.)
    ,(0.5,0.5)
    ,(1.,1.)
    ,(0.5,0.5)
    ,(1.,1.)
    ,(0.5,0.5)
,(1.,1.))) REPRESENTATION_ITEM('') SURFACE() );
#5630 = CARTESIAN_POINT('',(-1.283002286005,101.19519939039,-1.5));
#5631 = CARTESIAN_POINT('',(-1.283002286005,101.19519939039,
    1.50000508001));
#5632 = CARTESIAN_POINT('',(-1.283002286005,105.3521301274,-1.5));
#5633 = CARTESIAN_POINT('',(-1.283002286005,105.3521301274,1.50000508001
    ));
#5634 = CARTESIAN_POINT('',(-4.88300990602,103.27366475889,-1.5));
#5635 = CARTESIAN_POINT('',(-4.88300990602,103.27366475889,1.50000508001
    ));
#5636 = CARTESIAN_POINT('',(-8.483017526035,101.19519939039,-1.5));
#5637 = CARTESIAN_POINT('',(-8.483017526035,101.19519939039,
    1.50000508001));
#5638 = CARTESIAN_POINT('',(-4.88300990602,99.116734021898,-1.5));
#5639 = CARTESIAN_POINT('',(-4.88300990602,99.116734021898,1.50000508001
    ));
#5640 = CARTESIAN_POINT('',(-1.283002286005,97.038268653398,-1.5));
#5641 = CARTESIAN_POINT('',(-1.283002286005,97.038268653398,
    1.50000508001));
#5642 = CARTESIAN_POINT('',(-1.283002286005,101.19519939039,-1.5));
#5643 = CARTESIAN_POINT('',(-1.283002286005,101.19519939039,
    1.50000508001));
#5644 = ADVANCED_FACE('',(#5645),#5651,.F.);
#5645 = FACE_BOUND('',#5646,.F.);
#5646 = EDGE_LOOP('',(#5647,#5648,#5649,#5650));
#5647 = ORIENTED_EDGE('',*,*,#4505,.F.);
#5648 = ORIENTED_EDGE('',*,*,#4195,.F.);
#5649 = ORIENTED_EDGE('',*,*,#4183,.F.);
#5650 = ORIENTED_EDGE('',*,*,#4919,.F.);
#5651 = ( BOUNDED_SURFACE() B_SPLINE_SURFACE(2,1,(
    (#5652,#5653)
    ,(#5654,#5655)
    ,(#5656,#5657)
    ,(#5658,#5659)
    ,(#5660,#5661)
    ,(#5662,#5663)
    ,(#5664,#5665
)),.UNSPECIFIED.,.T.,.F.,.F.) B_SPLINE_SURFACE_WITH_KNOTS((1,2,2,2,2,1),
  (2,2),(-2.094395102394,0.,2.094395102393,4.188790204786,6.28318530718,
    8.377580409573),(0.,118.1102),.UNSPECIFIED.) 
GEOMETRIC_REPRESENTATION_ITEM() RATIONAL_B_SPLINE_SURFACE((
    (1.,1.)
    ,(0.5,0.5)
    ,(1.,1.)
    ,(0.5,0.5)
    ,(1.,1.)
    ,(0.5,0.5)
,(1.,1.))) REPRESENTATION_ITEM('') SURFACE() );
#5652 = CARTESIAN_POINT('',(-1.283002286005,99.695199390399,-1.5));
#5653 = CARTESIAN_POINT('',(-1.283002286005,99.695199390399,
    1.50000508001));
#5654 = CARTESIAN_POINT('',(-1.283002286005,103.8521301274,-1.5));
#5655 = CARTESIAN_POINT('',(-1.283002286005,103.8521301274,1.50000508001
    ));
#5656 = CARTESIAN_POINT('',(-4.88300990602,101.77366475889,-1.5));
#5657 = CARTESIAN_POINT('',(-4.88300990602,101.77366475889,1.50000508001
    ));
#5658 = CARTESIAN_POINT('',(-8.483017526035,99.695199390399,-1.5));
#5659 = CARTESIAN_POINT('',(-8.483017526035,99.695199390399,
    1.50000508001));
#5660 = CARTESIAN_POINT('',(-4.88300990602,97.616734021898,-1.5));
#5661 = CARTESIAN_POINT('',(-4.88300990602,97.616734021898,1.50000508001
    ));
#5662 = CARTESIAN_POINT('',(-1.283002286005,95.538268653398,-1.5));
#5663 = CARTESIAN_POINT('',(-1.283002286005,95.538268653398,
    1.50000508001));
#5664 = CARTESIAN_POINT('',(-1.283002286005,99.695199390399,-1.5));
#5665 = CARTESIAN_POINT('',(-1.283002286005,99.695199390399,
    1.50000508001));
#5666 = ADVANCED_FACE('',(#5667),#5743,.F.);
#5667 = FACE_BOUND('',#5668,.F.);
#5668 = EDGE_LOOP('',(#5669,#5670,#5671,#5672,#5680,#5688,#5696,#5704,
    #5712,#5720,#5726,#5727,#5728,#5729,#5737));
#5669 = ORIENTED_EDGE('',*,*,#5101,.F.);
#5670 = ORIENTED_EDGE('',*,*,#5125,.T.);
#5671 = ORIENTED_EDGE('',*,*,#5173,.T.);
#5672 = ORIENTED_EDGE('',*,*,#5673,.T.);
#5673 = EDGE_CURVE('',#5150,#5674,#5676,.T.);
#5674 = VERTEX_POINT('',#5675);
#5675 = CARTESIAN_POINT('',(-35.,97.12,5.));
#5676 = LINE('',#5677,#5678);
#5677 = CARTESIAN_POINT('',(-35.,97.12,10.875017780036));
#5678 = VECTOR('',#5679,1.);
#5679 = DIRECTION('',(-0.,2.831015775893E-16,-1.));
#5680 = ORIENTED_EDGE('',*,*,#5681,.F.);
#5681 = EDGE_CURVE('',#5682,#5674,#5684,.T.);
#5682 = VERTEX_POINT('',#5683);
#5683 = CARTESIAN_POINT('',(-50.5,97.12,5.));
#5684 = LINE('',#5685,#5686);
#5685 = CARTESIAN_POINT('',(-48.58629667259,97.12,5.));
#5686 = VECTOR('',#5687,1.);
#5687 = DIRECTION('',(1.,0.,0.));
#5688 = ORIENTED_EDGE('',*,*,#5689,.F.);
#5689 = EDGE_CURVE('',#5690,#5682,#5692,.T.);
#5690 = VERTEX_POINT('',#5691);
#5691 = CARTESIAN_POINT('',(-50.5,97.12,13.));
#5692 = LINE('',#5693,#5694);
#5693 = CARTESIAN_POINT('',(-50.5,97.12,10.875017780036));
#5694 = VECTOR('',#5695,1.);
#5695 = DIRECTION('',(-0.,2.831015775893E-16,-1.));
#5696 = ORIENTED_EDGE('',*,*,#5697,.F.);
#5697 = EDGE_CURVE('',#5698,#5690,#5700,.T.);
#5698 = VERTEX_POINT('',#5699);
#5699 = CARTESIAN_POINT('',(-90.,97.12,13.));
#5700 = LINE('',#5701,#5702);
#5701 = CARTESIAN_POINT('',(-68.33629667259,97.12,13.));
#5702 = VECTOR('',#5703,1.);
#5703 = DIRECTION('',(1.,0.,0.));
#5704 = ORIENTED_EDGE('',*,*,#5705,.F.);
#5705 = EDGE_CURVE('',#5706,#5698,#5708,.T.);
#5706 = VERTEX_POINT('',#5707);
#5707 = CARTESIAN_POINT('',(-90.,97.12,17.5));
#5708 = LINE('',#5709,#5710);
#5709 = CARTESIAN_POINT('',(-90.,97.12,14.875017780036));
#5710 = VECTOR('',#5711,1.);
#5711 = DIRECTION('',(-0.,2.831015775893E-16,-1.));
#5712 = ORIENTED_EDGE('',*,*,#5713,.T.);
#5713 = EDGE_CURVE('',#5706,#5714,#5716,.T.);
#5714 = VERTEX_POINT('',#5715);
#5715 = CARTESIAN_POINT('',(-3.5,97.12,17.5));
#5716 = LINE('',#5717,#5718);
#5717 = CARTESIAN_POINT('',(-68.33629667259,97.12,17.5));
#5718 = VECTOR('',#5719,1.);
#5719 = DIRECTION('',(1.,0.,0.));
#5720 = ORIENTED_EDGE('',*,*,#5721,.T.);
#5721 = EDGE_CURVE('',#5714,#5198,#5722,.T.);
#5722 = LINE('',#5723,#5724);
#5723 = CARTESIAN_POINT('',(-3.5,97.12,14.875017780036));
#5724 = VECTOR('',#5725,1.);
#5725 = DIRECTION('',(-0.,2.831015775893E-16,-1.));
#5726 = ORIENTED_EDGE('',*,*,#5197,.F.);
#5727 = ORIENTED_EDGE('',*,*,#5221,.T.);
#5728 = ORIENTED_EDGE('',*,*,#5269,.T.);
#5729 = ORIENTED_EDGE('',*,*,#5730,.T.);
#5730 = EDGE_CURVE('',#5246,#5731,#5733,.T.);
#5731 = VERTEX_POINT('',#5732);
#5732 = CARTESIAN_POINT('',(-3.5,97.12,13.));
#5733 = LINE('',#5734,#5735);
#5734 = CARTESIAN_POINT('',(-3.5,97.12,14.875017780036));
#5735 = VECTOR('',#5736,1.);
#5736 = DIRECTION('',(-0.,2.831015775893E-16,-1.));
#5737 = ORIENTED_EDGE('',*,*,#5738,.F.);
#5738 = EDGE_CURVE('',#5102,#5731,#5739,.T.);
#5739 = LINE('',#5740,#5741);
#5740 = CARTESIAN_POINT('',(-68.33629667259,97.12,13.));
#5741 = VECTOR('',#5742,1.);
#5742 = DIRECTION('',(1.,0.,0.));
#5743 = PLANE('',#5744);
#5744 = AXIS2_PLACEMENT_3D('',#5745,#5746,#5747);
#5745 = CARTESIAN_POINT('',(-98.262,97.12,-1.5));
#5746 = DIRECTION('',(-0.,1.,0.));
#5747 = DIRECTION('',(0.,0.,1.));
#5748 = ADVANCED_FACE('',(#5749),#5774,.F.);
#5749 = FACE_BOUND('',#5750,.F.);
#5750 = EDGE_LOOP('',(#5751,#5752,#5760,#5767,#5773));
#5751 = ORIENTED_EDGE('',*,*,#5149,.F.);
#5752 = ORIENTED_EDGE('',*,*,#5753,.T.);
#5753 = EDGE_CURVE('',#5102,#5754,#5756,.T.);
#5754 = VERTEX_POINT('',#5755);
#5755 = CARTESIAN_POINT('',(-35.,94.119188468377,13.));
#5756 = LINE('',#5757,#5758);
#5757 = CARTESIAN_POINT('',(-35.,93.,13.));
#5758 = VECTOR('',#5759,1.);
#5759 = DIRECTION('',(0.,-1.,0.));
#5760 = ORIENTED_EDGE('',*,*,#5761,.T.);
#5761 = EDGE_CURVE('',#5754,#5762,#5764,.T.);
#5762 = VERTEX_POINT('',#5763);
#5763 = CARTESIAN_POINT('',(-35.,94.119188468377,5.));
#5764 = B_SPLINE_CURVE_WITH_KNOTS('',1,(#5765,#5766),.UNSPECIFIED.,.F.,
  .F.,(2,2),(0.,1.),.PIECEWISE_BEZIER_KNOTS.);
#5765 = CARTESIAN_POINT('',(-35.,94.119188468377,14.));
#5766 = CARTESIAN_POINT('',(-35.,94.119188468377,5.));
#5767 = ORIENTED_EDGE('',*,*,#5768,.T.);
#5768 = EDGE_CURVE('',#5762,#5674,#5769,.T.);
#5769 = LINE('',#5770,#5771);
#5770 = CARTESIAN_POINT('',(-35.,93.,5.));
#5771 = VECTOR('',#5772,1.);
#5772 = DIRECTION('',(-0.,1.,0.));
#5773 = ORIENTED_EDGE('',*,*,#5673,.F.);
#5774 = PLANE('',#5775);
#5775 = AXIS2_PLACEMENT_3D('',#5776,#5777,#5778);
#5776 = CARTESIAN_POINT('',(-35.,93.,5.));
#5777 = DIRECTION('',(1.,0.,-0.));
#5778 = DIRECTION('',(0.,0.,1.));
#5779 = ADVANCED_FACE('',(#5780),#5806,.F.);
#5780 = FACE_BOUND('',#5781,.F.);
#5781 = EDGE_LOOP('',(#5782,#5790,#5797,#5803,#5804,#5805));
#5782 = ORIENTED_EDGE('',*,*,#5783,.F.);
#5783 = EDGE_CURVE('',#5784,#5714,#5786,.T.);
#5784 = VERTEX_POINT('',#5785);
#5785 = CARTESIAN_POINT('',(-3.5,94.119188468377,17.5));
#5786 = LINE('',#5787,#5788);
#5787 = CARTESIAN_POINT('',(-3.5,93.,17.5));
#5788 = VECTOR('',#5789,1.);
#5789 = DIRECTION('',(-0.,1.,0.));
#5790 = ORIENTED_EDGE('',*,*,#5791,.T.);
#5791 = EDGE_CURVE('',#5784,#5792,#5794,.T.);
#5792 = VERTEX_POINT('',#5793);
#5793 = CARTESIAN_POINT('',(-3.5,94.119188468377,13.));
#5794 = B_SPLINE_CURVE_WITH_KNOTS('',1,(#5795,#5796),.UNSPECIFIED.,.F.,
  .F.,(2,2),(0.,1.),.PIECEWISE_BEZIER_KNOTS.);
#5795 = CARTESIAN_POINT('',(-3.5,94.119188468377,17.5));
#5796 = CARTESIAN_POINT('',(-3.5,94.119188468377,13.));
#5797 = ORIENTED_EDGE('',*,*,#5798,.T.);
#5798 = EDGE_CURVE('',#5792,#5731,#5799,.T.);
#5799 = LINE('',#5800,#5801);
#5800 = CARTESIAN_POINT('',(-3.5,93.,13.));
#5801 = VECTOR('',#5802,1.);
#5802 = DIRECTION('',(-0.,1.,0.));
#5803 = ORIENTED_EDGE('',*,*,#5730,.F.);
#5804 = ORIENTED_EDGE('',*,*,#5245,.F.);
#5805 = ORIENTED_EDGE('',*,*,#5721,.F.);
#5806 = PLANE('',#5807);
#5807 = AXIS2_PLACEMENT_3D('',#5808,#5809,#5810);
#5808 = CARTESIAN_POINT('',(-3.5,93.,13.));
#5809 = DIRECTION('',(1.,0.,-0.));
#5810 = DIRECTION('',(0.,0.,1.));
#5811 = ADVANCED_FACE('',(#5812),#5838,.F.);
#5812 = FACE_BOUND('',#5813,.F.);
#5813 = EDGE_LOOP('',(#5814,#5822,#5829,#5835,#5836,#5837));
#5814 = ORIENTED_EDGE('',*,*,#5815,.F.);
#5815 = EDGE_CURVE('',#5816,#5363,#5818,.T.);
#5816 = VERTEX_POINT('',#5817);
#5817 = CARTESIAN_POINT('',(1.917004064008,88.5,6.));
#5818 = LINE('',#5819,#5820);
#5819 = CARTESIAN_POINT('',(0.,88.5,6.));
#5820 = VECTOR('',#5821,1.);
#5821 = DIRECTION('',(1.,0.,-0.));
#5822 = ORIENTED_EDGE('',*,*,#5823,.F.);
#5823 = EDGE_CURVE('',#5824,#5816,#5826,.T.);
#5824 = VERTEX_POINT('',#5825);
#5825 = CARTESIAN_POINT('',(1.917004064008,88.5,24.5));
#5826 = B_SPLINE_CURVE_WITH_KNOTS('',1,(#5827,#5828),.UNSPECIFIED.,.F.,
  .F.,(2,2),(0.,1.),.PIECEWISE_BEZIER_KNOTS.);
#5827 = CARTESIAN_POINT('',(1.917004064008,88.5,24.5));
#5828 = CARTESIAN_POINT('',(1.917004064008,88.5,6.));
#5829 = ORIENTED_EDGE('',*,*,#5830,.T.);
#5830 = EDGE_CURVE('',#5824,#5374,#5831,.T.);
#5831 = LINE('',#5832,#5833);
#5832 = CARTESIAN_POINT('',(0.,88.5,24.5));
#5833 = VECTOR('',#5834,1.);
#5834 = DIRECTION('',(1.,0.,-0.));
#5835 = ORIENTED_EDGE('',*,*,#5373,.T.);
#5836 = ORIENTED_EDGE('',*,*,#5346,.F.);
#5837 = ORIENTED_EDGE('',*,*,#5362,.T.);
#5838 = PLANE('',#5839);
#5839 = AXIS2_PLACEMENT_3D('',#5840,#5841,#5842);
#5840 = CARTESIAN_POINT('',(0.,88.5,6.));
#5841 = DIRECTION('',(-0.,1.,0.));
#5842 = DIRECTION('',(0.,0.,1.));
#5843 = ADVANCED_FACE('',(#5844),#5861,.T.);
#5844 = FACE_BOUND('',#5845,.T.);
#5845 = EDGE_LOOP('',(#5846,#5847,#5854,#5860));
#5846 = ORIENTED_EDGE('',*,*,#5815,.F.);
#5847 = ORIENTED_EDGE('',*,*,#5848,.F.);
#5848 = EDGE_CURVE('',#5849,#5816,#5851,.T.);
#5849 = VERTEX_POINT('',#5850);
#5850 = CARTESIAN_POINT('',(1.917004064008,46.5,6.));
#5851 = B_SPLINE_CURVE_WITH_KNOTS('',1,(#5852,#5853),.UNSPECIFIED.,.F.,
  .F.,(2,2),(0.,1.),.PIECEWISE_BEZIER_KNOTS.);
#5852 = CARTESIAN_POINT('',(1.917004064008,46.5,6.));
#5853 = CARTESIAN_POINT('',(1.917004064008,88.5,6.));
#5854 = ORIENTED_EDGE('',*,*,#5855,.T.);
#5855 = EDGE_CURVE('',#5849,#5390,#5856,.T.);
#5856 = LINE('',#5857,#5858);
#5857 = CARTESIAN_POINT('',(0.,46.5,6.));
#5858 = VECTOR('',#5859,1.);
#5859 = DIRECTION('',(1.,0.,-0.));
#5860 = ORIENTED_EDGE('',*,*,#5397,.T.);
#5861 = PLANE('',#5862);
#5862 = AXIS2_PLACEMENT_3D('',#5863,#5864,#5865);
#5863 = CARTESIAN_POINT('',(0.,46.5,6.));
#5864 = DIRECTION('',(0.,0.,1.));
#5865 = DIRECTION('',(1.,0.,-0.));
#5866 = ADVANCED_FACE('',(#5867),#5884,.T.);
#5867 = FACE_BOUND('',#5868,.T.);
#5868 = EDGE_LOOP('',(#5869,#5870,#5877,#5883));
#5869 = ORIENTED_EDGE('',*,*,#5855,.F.);
#5870 = ORIENTED_EDGE('',*,*,#5871,.F.);
#5871 = EDGE_CURVE('',#5872,#5849,#5874,.T.);
#5872 = VERTEX_POINT('',#5873);
#5873 = CARTESIAN_POINT('',(1.917004064008,46.5,24.5));
#5874 = B_SPLINE_CURVE_WITH_KNOTS('',1,(#5875,#5876),.UNSPECIFIED.,.F.,
  .F.,(2,2),(0.,1.),.PIECEWISE_BEZIER_KNOTS.);
#5875 = CARTESIAN_POINT('',(1.917004064008,46.5,24.5));
#5876 = CARTESIAN_POINT('',(1.917004064008,46.5,6.));
#5877 = ORIENTED_EDGE('',*,*,#5878,.T.);
#5878 = EDGE_CURVE('',#5872,#5382,#5879,.T.);
#5879 = LINE('',#5880,#5881);
#5880 = CARTESIAN_POINT('',(0.,46.5,24.5));
#5881 = VECTOR('',#5882,1.);
#5882 = DIRECTION('',(1.,0.,-0.));
#5883 = ORIENTED_EDGE('',*,*,#5389,.T.);
#5884 = PLANE('',#5885);
#5885 = AXIS2_PLACEMENT_3D('',#5886,#5887,#5888);
#5886 = CARTESIAN_POINT('',(0.,46.5,6.));
#5887 = DIRECTION('',(-0.,1.,0.));
#5888 = DIRECTION('',(0.,0.,1.));
#5889 = ADVANCED_FACE('',(#5890),#5900,.F.);
#5890 = FACE_BOUND('',#5891,.F.);
#5891 = EDGE_LOOP('',(#5892,#5893,#5898,#5899));
#5892 = ORIENTED_EDGE('',*,*,#5830,.F.);
#5893 = ORIENTED_EDGE('',*,*,#5894,.F.);
#5894 = EDGE_CURVE('',#5872,#5824,#5895,.T.);
#5895 = B_SPLINE_CURVE_WITH_KNOTS('',1,(#5896,#5897),.UNSPECIFIED.,.F.,
  .F.,(2,2),(0.,1.),.PIECEWISE_BEZIER_KNOTS.);
#5896 = CARTESIAN_POINT('',(1.917004064008,46.5,24.5));
#5897 = CARTESIAN_POINT('',(1.917004064008,88.5,24.5));
#5898 = ORIENTED_EDGE('',*,*,#5878,.T.);
#5899 = ORIENTED_EDGE('',*,*,#5381,.T.);
#5900 = PLANE('',#5901);
#5901 = AXIS2_PLACEMENT_3D('',#5902,#5903,#5904);
#5902 = CARTESIAN_POINT('',(0.,46.5,24.5));
#5903 = DIRECTION('',(0.,0.,1.));
#5904 = DIRECTION('',(1.,0.,-0.));
#5905 = ADVANCED_FACE('',(#5906),#5932,.T.);
#5906 = FACE_BOUND('',#5907,.T.);
#5907 = EDGE_LOOP('',(#5908,#5909,#5917,#5925,#5931));
#5908 = ORIENTED_EDGE('',*,*,#5417,.F.);
#5909 = ORIENTED_EDGE('',*,*,#5910,.T.);
#5910 = EDGE_CURVE('',#5418,#5911,#5913,.T.);
#5911 = VERTEX_POINT('',#5912);
#5912 = CARTESIAN_POINT('',(-98.26219329438,97.12,35.000071120142));
#5913 = LINE('',#5914,#5915);
#5914 = CARTESIAN_POINT('',(-98.26219329438,97.12,-1.5));
#5915 = VECTOR('',#5916,1.);
#5916 = DIRECTION('',(0.,0.,1.));
#5917 = ORIENTED_EDGE('',*,*,#5918,.T.);
#5918 = EDGE_CURVE('',#5911,#5919,#5921,.T.);
#5919 = VERTEX_POINT('',#5920);
#5920 = CARTESIAN_POINT('',(4.917006604013,97.12,35.000071120142));
#5921 = LINE('',#5922,#5923);
#5922 = CARTESIAN_POINT('',(2.417006604013,97.12,35.000071120142));
#5923 = VECTOR('',#5924,1.);
#5924 = DIRECTION('',(1.,0.,-0.));
#5925 = ORIENTED_EDGE('',*,*,#5926,.F.);
#5926 = EDGE_CURVE('',#5428,#5919,#5927,.T.);
#5927 = LINE('',#5928,#5929);
#5928 = CARTESIAN_POINT('',(4.917006604013,97.12,-1.5));
#5929 = VECTOR('',#5930,1.);
#5930 = DIRECTION('',(0.,0.,1.));
#5931 = ORIENTED_EDGE('',*,*,#5427,.F.);
#5932 = PLANE('',#5933);
#5933 = AXIS2_PLACEMENT_3D('',#5934,#5935,#5936);
#5934 = CARTESIAN_POINT('',(-47.51138015623,97.12,23.198325890029));
#5935 = DIRECTION('',(0.,1.,0.));
#5936 = DIRECTION('',(0.,-0.,1.));
#5937 = ADVANCED_FACE('',(#5938),#5956,.T.);
#5938 = FACE_BOUND('',#5939,.T.);
#5939 = EDGE_LOOP('',(#5940,#5941,#5949,#5955));
#5940 = ORIENTED_EDGE('',*,*,#5459,.F.);
#5941 = ORIENTED_EDGE('',*,*,#5942,.T.);
#5942 = EDGE_CURVE('',#5452,#5943,#5945,.T.);
#5943 = VERTEX_POINT('',#5944);
#5944 = CARTESIAN_POINT('',(-98.26219329438,-32.48,35.000071120142));
#5945 = LINE('',#5946,#5947);
#5946 = CARTESIAN_POINT('',(-98.26219329438,-32.48,-1.5));
#5947 = VECTOR('',#5948,1.);
#5948 = DIRECTION('',(0.,0.,1.));
#5949 = ORIENTED_EDGE('',*,*,#5950,.T.);
#5950 = EDGE_CURVE('',#5943,#5911,#5951,.T.);
#5951 = LINE('',#5952,#5953);
#5952 = CARTESIAN_POINT('',(-98.26219329438,-32.48,35.000071120142));
#5953 = VECTOR('',#5954,1.);
#5954 = DIRECTION('',(-0.,1.,0.));
#5955 = ORIENTED_EDGE('',*,*,#5910,.F.);
#5956 = PLANE('',#5957);
#5957 = AXIS2_PLACEMENT_3D('',#5958,#5959,#5960);
#5958 = CARTESIAN_POINT('',(-98.26219329438,32.32,16.750035560071));
#5959 = DIRECTION('',(-1.,-0.,-0.));
#5960 = DIRECTION('',(0.,0.,-1.));
#5961 = ADVANCED_FACE('',(#5962),#5981,.T.);
#5962 = FACE_BOUND('',#5963,.T.);
#5963 = EDGE_LOOP('',(#5964,#5972,#5973,#5974,#5975));
#5964 = ORIENTED_EDGE('',*,*,#5965,.F.);
#5965 = EDGE_CURVE('',#5943,#5966,#5968,.T.);
#5966 = VERTEX_POINT('',#5967);
#5967 = CARTESIAN_POINT('',(4.917006604013,-32.48,35.000071120142));
#5968 = LINE('',#5969,#5970);
#5969 = CARTESIAN_POINT('',(-98.26219329438,-32.48,35.000071120142));
#5970 = VECTOR('',#5971,1.);
#5971 = DIRECTION('',(1.,0.,-0.));
#5972 = ORIENTED_EDGE('',*,*,#5942,.F.);
#5973 = ORIENTED_EDGE('',*,*,#5451,.F.);
#5974 = ORIENTED_EDGE('',*,*,#5443,.T.);
#5975 = ORIENTED_EDGE('',*,*,#5976,.T.);
#5976 = EDGE_CURVE('',#5436,#5966,#5977,.T.);
#5977 = LINE('',#5978,#5979);
#5978 = CARTESIAN_POINT('',(4.917006604013,-32.48,-1.5));
#5979 = VECTOR('',#5980,1.);
#5980 = DIRECTION('',(0.,0.,1.));
#5981 = PLANE('',#5982);
#5982 = AXIS2_PLACEMENT_3D('',#5983,#5984,#5985);
#5983 = CARTESIAN_POINT('',(-47.5013482645,-32.48,23.198325888721));
#5984 = DIRECTION('',(-0.,-1.,-0.));
#5985 = DIRECTION('',(0.,0.,-1.));
#5986 = ADVANCED_FACE('',(#5987),#5998,.T.);
#5987 = FACE_BOUND('',#5988,.T.);
#5988 = EDGE_LOOP('',(#5989,#5990,#5991,#5992));
#5989 = ORIENTED_EDGE('',*,*,#5976,.F.);
#5990 = ORIENTED_EDGE('',*,*,#5435,.F.);
#5991 = ORIENTED_EDGE('',*,*,#5926,.T.);
#5992 = ORIENTED_EDGE('',*,*,#5993,.F.);
#5993 = EDGE_CURVE('',#5966,#5919,#5994,.T.);
#5994 = LINE('',#5995,#5996);
#5995 = CARTESIAN_POINT('',(4.917006604013,-32.48,35.000071120142));
#5996 = VECTOR('',#5997,1.);
#5997 = DIRECTION('',(-0.,1.,0.));
#5998 = PLANE('',#5999);
#5999 = AXIS2_PLACEMENT_3D('',#6000,#6001,#6002);
#6000 = CARTESIAN_POINT('',(4.917006604013,32.32,16.750035560071));
#6001 = DIRECTION('',(1.,0.,0.));
#6002 = DIRECTION('',(-0.,0.,1.));
#6003 = ADVANCED_FACE('',(#6004),#6014,.T.);
#6004 = FACE_BOUND('',#6005,.T.);
#6005 = EDGE_LOOP('',(#6006,#6011,#6012,#6013));
#6006 = ORIENTED_EDGE('',*,*,#6007,.F.);
#6007 = EDGE_CURVE('',#5792,#5754,#6008,.T.);
#6008 = B_SPLINE_CURVE_WITH_KNOTS('',1,(#6009,#6010),.UNSPECIFIED.,.F.,
  .F.,(2,2),(0.,1.),.PIECEWISE_BEZIER_KNOTS.);
#6009 = CARTESIAN_POINT('',(-3.5,94.119188468377,13.));
#6010 = CARTESIAN_POINT('',(-90.,94.119188468377,13.));
#6011 = ORIENTED_EDGE('',*,*,#5798,.T.);
#6012 = ORIENTED_EDGE('',*,*,#5738,.F.);
#6013 = ORIENTED_EDGE('',*,*,#5753,.T.);
#6014 = PLANE('',#6015);
#6015 = AXIS2_PLACEMENT_3D('',#6016,#6017,#6018);
#6016 = CARTESIAN_POINT('',(-90.,93.,13.));
#6017 = DIRECTION('',(0.,0.,1.));
#6018 = DIRECTION('',(1.,0.,-0.));
#6019 = ADVANCED_FACE('',(#6020),#6037,.F.);
#6020 = FACE_BOUND('',#6021,.F.);
#6021 = EDGE_LOOP('',(#6022,#6030,#6035,#6036));
#6022 = ORIENTED_EDGE('',*,*,#6023,.F.);
#6023 = EDGE_CURVE('',#6024,#5706,#6026,.T.);
#6024 = VERTEX_POINT('',#6025);
#6025 = CARTESIAN_POINT('',(-90.,94.119188468377,17.5));
#6026 = LINE('',#6027,#6028);
#6027 = CARTESIAN_POINT('',(-90.,93.,17.5));
#6028 = VECTOR('',#6029,1.);
#6029 = DIRECTION('',(-0.,1.,0.));
#6030 = ORIENTED_EDGE('',*,*,#6031,.F.);
#6031 = EDGE_CURVE('',#5784,#6024,#6032,.T.);
#6032 = B_SPLINE_CURVE_WITH_KNOTS('',1,(#6033,#6034),.UNSPECIFIED.,.F.,
  .F.,(2,2),(0.,1.),.PIECEWISE_BEZIER_KNOTS.);
#6033 = CARTESIAN_POINT('',(-3.5,94.119188468377,17.5));
#6034 = CARTESIAN_POINT('',(-90.,94.119188468377,17.5));
#6035 = ORIENTED_EDGE('',*,*,#5783,.T.);
#6036 = ORIENTED_EDGE('',*,*,#5713,.F.);
#6037 = PLANE('',#6038);
#6038 = AXIS2_PLACEMENT_3D('',#6039,#6040,#6041);
#6039 = CARTESIAN_POINT('',(-90.,93.,17.5));
#6040 = DIRECTION('',(0.,0.,1.));
#6041 = DIRECTION('',(1.,0.,-0.));
#6042 = ADVANCED_FACE('',(#6043),#6060,.T.);
#6043 = FACE_BOUND('',#6044,.T.);
#6044 = EDGE_LOOP('',(#6045,#6046,#6053,#6059));
#6045 = ORIENTED_EDGE('',*,*,#6023,.F.);
#6046 = ORIENTED_EDGE('',*,*,#6047,.T.);
#6047 = EDGE_CURVE('',#6024,#6048,#6050,.T.);
#6048 = VERTEX_POINT('',#6049);
#6049 = CARTESIAN_POINT('',(-90.,94.119188468377,13.));
#6050 = B_SPLINE_CURVE_WITH_KNOTS('',1,(#6051,#6052),.UNSPECIFIED.,.F.,
  .F.,(2,2),(0.,1.),.PIECEWISE_BEZIER_KNOTS.);
#6051 = CARTESIAN_POINT('',(-90.,94.119188468377,17.5));
#6052 = CARTESIAN_POINT('',(-90.,94.119188468377,13.));
#6053 = ORIENTED_EDGE('',*,*,#6054,.T.);
#6054 = EDGE_CURVE('',#6048,#5698,#6055,.T.);
#6055 = LINE('',#6056,#6057);
#6056 = CARTESIAN_POINT('',(-90.,93.,13.));
#6057 = VECTOR('',#6058,1.);
#6058 = DIRECTION('',(-0.,1.,0.));
#6059 = ORIENTED_EDGE('',*,*,#5705,.F.);
#6060 = PLANE('',#6061);
#6061 = AXIS2_PLACEMENT_3D('',#6062,#6063,#6064);
#6062 = CARTESIAN_POINT('',(-90.,93.,13.));
#6063 = DIRECTION('',(1.,0.,-0.));
#6064 = DIRECTION('',(0.,0.,1.));
#6065 = ADVANCED_FACE('',(#6066),#6083,.T.);
#6066 = FACE_BOUND('',#6067,.T.);
#6067 = EDGE_LOOP('',(#6068,#6069,#6076,#6082));
#6068 = ORIENTED_EDGE('',*,*,#6054,.F.);
#6069 = ORIENTED_EDGE('',*,*,#6070,.F.);
#6070 = EDGE_CURVE('',#6071,#6048,#6073,.T.);
#6071 = VERTEX_POINT('',#6072);
#6072 = CARTESIAN_POINT('',(-50.5,94.119188468377,13.));
#6073 = B_SPLINE_CURVE_WITH_KNOTS('',1,(#6074,#6075),.UNSPECIFIED.,.F.,
  .F.,(2,2),(0.,1.),.PIECEWISE_BEZIER_KNOTS.);
#6074 = CARTESIAN_POINT('',(-3.5,94.119188468377,13.));
#6075 = CARTESIAN_POINT('',(-90.,94.119188468377,13.));
#6076 = ORIENTED_EDGE('',*,*,#6077,.F.);
#6077 = EDGE_CURVE('',#5690,#6071,#6078,.T.);
#6078 = LINE('',#6079,#6080);
#6079 = CARTESIAN_POINT('',(-50.5,93.,13.));
#6080 = VECTOR('',#6081,1.);
#6081 = DIRECTION('',(0.,-1.,0.));
#6082 = ORIENTED_EDGE('',*,*,#5697,.F.);
#6083 = PLANE('',#6084);
#6084 = AXIS2_PLACEMENT_3D('',#6085,#6086,#6087);
#6085 = CARTESIAN_POINT('',(-90.,93.,13.));
#6086 = DIRECTION('',(0.,0.,1.));
#6087 = DIRECTION('',(1.,0.,-0.));
#6088 = ADVANCED_FACE('',(#6089),#6106,.T.);
#6089 = FACE_BOUND('',#6090,.T.);
#6090 = EDGE_LOOP('',(#6091,#6092,#6093,#6100));
#6091 = ORIENTED_EDGE('',*,*,#5689,.F.);
#6092 = ORIENTED_EDGE('',*,*,#6077,.T.);
#6093 = ORIENTED_EDGE('',*,*,#6094,.T.);
#6094 = EDGE_CURVE('',#6071,#6095,#6097,.T.);
#6095 = VERTEX_POINT('',#6096);
#6096 = CARTESIAN_POINT('',(-50.5,94.119188468377,5.));
#6097 = B_SPLINE_CURVE_WITH_KNOTS('',1,(#6098,#6099),.UNSPECIFIED.,.F.,
  .F.,(2,2),(0.,1.),.PIECEWISE_BEZIER_KNOTS.);
#6098 = CARTESIAN_POINT('',(-50.5,94.119188468377,14.));
#6099 = CARTESIAN_POINT('',(-50.5,94.119188468377,5.));
#6100 = ORIENTED_EDGE('',*,*,#6101,.T.);
#6101 = EDGE_CURVE('',#6095,#5682,#6102,.T.);
#6102 = LINE('',#6103,#6104);
#6103 = CARTESIAN_POINT('',(-50.5,93.,5.));
#6104 = VECTOR('',#6105,1.);
#6105 = DIRECTION('',(-0.,1.,0.));
#6106 = PLANE('',#6107);
#6107 = AXIS2_PLACEMENT_3D('',#6108,#6109,#6110);
#6108 = CARTESIAN_POINT('',(-50.5,93.,5.));
#6109 = DIRECTION('',(1.,0.,-0.));
#6110 = DIRECTION('',(0.,0.,1.));
#6111 = ADVANCED_FACE('',(#6112),#6122,.T.);
#6112 = FACE_BOUND('',#6113,.T.);
#6113 = EDGE_LOOP('',(#6114,#6115,#6120,#6121));
#6114 = ORIENTED_EDGE('',*,*,#6101,.F.);
#6115 = ORIENTED_EDGE('',*,*,#6116,.F.);
#6116 = EDGE_CURVE('',#5762,#6095,#6117,.T.);
#6117 = B_SPLINE_CURVE_WITH_KNOTS('',1,(#6118,#6119),.UNSPECIFIED.,.F.,
  .F.,(2,2),(0.,1.),.PIECEWISE_BEZIER_KNOTS.);
#6118 = CARTESIAN_POINT('',(-35.,94.119188468377,5.));
#6119 = CARTESIAN_POINT('',(-50.5,94.119188468377,5.));
#6120 = ORIENTED_EDGE('',*,*,#5768,.T.);
#6121 = ORIENTED_EDGE('',*,*,#5681,.F.);
#6122 = PLANE('',#6123);
#6123 = AXIS2_PLACEMENT_3D('',#6124,#6125,#6126);
#6124 = CARTESIAN_POINT('',(-50.5,93.,5.));
#6125 = DIRECTION('',(0.,0.,1.));
#6126 = DIRECTION('',(1.,0.,-0.));
#6127 = ADVANCED_FACE('',(#6128,#6200),#6210,.F.);
#6128 = FACE_BOUND('',#6129,.F.);
#6129 = EDGE_LOOP('',(#6130,#6139,#6146,#6153,#6160,#6167,#6174,#6181,
    #6188,#6195));
#6130 = ORIENTED_EDGE('',*,*,#6131,.F.);
#6131 = EDGE_CURVE('',#6132,#6134,#6136,.T.);
#6132 = VERTEX_POINT('',#6133);
#6133 = CARTESIAN_POINT('',(-95.26219075438,94.119188468377,
    1.500002540005));
#6134 = VERTEX_POINT('',#6135);
#6135 = CARTESIAN_POINT('',(1.917004064008,94.119188468377,
    1.500002540005));
#6136 = B_SPLINE_CURVE_WITH_KNOTS('',1,(#6137,#6138),.UNSPECIFIED.,.F.,
  .F.,(2,2),(0.,3.8259449E+03),.PIECEWISE_BEZIER_KNOTS.);
#6137 = CARTESIAN_POINT('',(-95.26219075438,94.119188468377,
    1.500002540005));
#6138 = CARTESIAN_POINT('',(1.917004064008,94.119188468377,
    1.500002540005));
#6139 = ORIENTED_EDGE('',*,*,#6140,.T.);
#6140 = EDGE_CURVE('',#6132,#6141,#6143,.T.);
#6141 = VERTEX_POINT('',#6142);
#6142 = CARTESIAN_POINT('',(-95.26219075438,94.119188468377,31.));
#6143 = B_SPLINE_CURVE_WITH_KNOTS('',1,(#6144,#6145),.UNSPECIFIED.,.F.,
  .F.,(2,2),(0.,1.3188977E+03),.PIECEWISE_BEZIER_KNOTS.);
#6144 = CARTESIAN_POINT('',(-95.26219075438,94.119188468377,
    1.500002540005));
#6145 = CARTESIAN_POINT('',(-95.26219075438,94.119188468377,
    35.000071120142));
#6146 = ORIENTED_EDGE('',*,*,#6147,.F.);
#6147 = EDGE_CURVE('',#6148,#6141,#6150,.T.);
#6148 = VERTEX_POINT('',#6149);
#6149 = CARTESIAN_POINT('',(-95.262,94.119188468377,31.));
#6150 = B_SPLINE_CURVE_WITH_KNOTS('',1,(#6151,#6152),.UNSPECIFIED.,.F.,
  .F.,(2,2),(0.,1.),.PIECEWISE_BEZIER_KNOTS.);
#6151 = CARTESIAN_POINT('',(1.917004064008,94.119188468377,31.));
#6152 = CARTESIAN_POINT('',(-95.26219075438,94.119188468377,31.));
#6153 = ORIENTED_EDGE('',*,*,#6154,.F.);
#6154 = EDGE_CURVE('',#6155,#6148,#6157,.T.);
#6155 = VERTEX_POINT('',#6156);
#6156 = CARTESIAN_POINT('',(-95.262,94.119188468377,35.));
#6157 = B_SPLINE_CURVE_WITH_KNOTS('',1,(#6158,#6159),.UNSPECIFIED.,.F.,
  .F.,(2,2),(0.,1.),.PIECEWISE_BEZIER_KNOTS.);
#6158 = CARTESIAN_POINT('',(-95.262,94.119188468377,35.));
#6159 = CARTESIAN_POINT('',(-95.262,94.119188468377,31.));
#6160 = ORIENTED_EDGE('',*,*,#6161,.T.);
#6161 = EDGE_CURVE('',#6155,#6162,#6164,.T.);
#6162 = VERTEX_POINT('',#6163);
#6163 = CARTESIAN_POINT('',(-95.26219075438,94.119188468377,35.));
#6164 = B_SPLINE_CURVE_WITH_KNOTS('',1,(#6165,#6166),.UNSPECIFIED.,.F.,
  .F.,(2,2),(0.,1.),.PIECEWISE_BEZIER_KNOTS.);
#6165 = CARTESIAN_POINT('',(1.917004064008,94.119188468377,35.));
#6166 = CARTESIAN_POINT('',(-95.26219075438,94.119188468377,35.));
#6167 = ORIENTED_EDGE('',*,*,#6168,.T.);
#6168 = EDGE_CURVE('',#6162,#6169,#6171,.T.);
#6169 = VERTEX_POINT('',#6170);
#6170 = CARTESIAN_POINT('',(-95.26219075438,94.119188468377,
    35.000071120142));
#6171 = B_SPLINE_CURVE_WITH_KNOTS('',1,(#6172,#6173),.UNSPECIFIED.,.F.,
  .F.,(2,2),(0.,1.3188977E+03),.PIECEWISE_BEZIER_KNOTS.);
#6172 = CARTESIAN_POINT('',(-95.26219075438,94.119188468377,
    1.500002540005));
#6173 = CARTESIAN_POINT('',(-95.26219075438,94.119188468377,
    35.000071120142));
#6174 = ORIENTED_EDGE('',*,*,#6175,.T.);
#6175 = EDGE_CURVE('',#6169,#6176,#6178,.T.);
#6176 = VERTEX_POINT('',#6177);
#6177 = CARTESIAN_POINT('',(1.917004064008,94.119188468377,
    35.000071120142));
#6178 = B_SPLINE_CURVE_WITH_KNOTS('',1,(#6179,#6180),.UNSPECIFIED.,.F.,
  .F.,(2,2),(-956.486225,2.869458675E+03),.PIECEWISE_BEZIER_KNOTS.);
#6179 = CARTESIAN_POINT('',(-95.26219075438,94.119188468377,
    35.000071120142));
#6180 = CARTESIAN_POINT('',(1.917004064008,94.119188468377,
    35.000071120142));
#6181 = ORIENTED_EDGE('',*,*,#6182,.F.);
#6182 = EDGE_CURVE('',#6183,#6176,#6185,.T.);
#6183 = VERTEX_POINT('',#6184);
#6184 = CARTESIAN_POINT('',(1.917002032004,94.119188468377,35.));
#6185 = B_SPLINE_CURVE_WITH_KNOTS('',1,(#6186,#6187),.UNSPECIFIED.,.F.,
  .F.,(2,2),(0.,1.3188977E+03),.PIECEWISE_BEZIER_KNOTS.);
#6186 = CARTESIAN_POINT('',(1.917004064008,94.119188468377,
    1.500002540005));
#6187 = CARTESIAN_POINT('',(1.917004064008,94.119188468377,
    35.000071120142));
#6188 = ORIENTED_EDGE('',*,*,#6189,.T.);
#6189 = EDGE_CURVE('',#6183,#6190,#6192,.T.);
#6190 = VERTEX_POINT('',#6191);
#6191 = CARTESIAN_POINT('',(1.917002032004,94.119188468377,31.));
#6192 = B_SPLINE_CURVE_WITH_KNOTS('',1,(#6193,#6194),.UNSPECIFIED.,.F.,
  .F.,(2,2),(0.,1.),.PIECEWISE_BEZIER_KNOTS.);
#6193 = CARTESIAN_POINT('',(1.917,94.119188468377,35.));
#6194 = CARTESIAN_POINT('',(1.917,94.119188468377,31.));
#6195 = ORIENTED_EDGE('',*,*,#6196,.F.);
#6196 = EDGE_CURVE('',#6134,#6190,#6197,.T.);
#6197 = B_SPLINE_CURVE_WITH_KNOTS('',1,(#6198,#6199),.UNSPECIFIED.,.F.,
  .F.,(2,2),(0.,1.3188977E+03),.PIECEWISE_BEZIER_KNOTS.);
#6198 = CARTESIAN_POINT('',(1.917004064008,94.119188468377,
    1.500002540005));
#6199 = CARTESIAN_POINT('',(1.917004064008,94.119188468377,
    35.000071120142));
#6200 = FACE_BOUND('',#6201,.F.);
#6201 = EDGE_LOOP('',(#6202,#6203,#6204,#6205,#6206,#6207,#6208,#6209));
#6202 = ORIENTED_EDGE('',*,*,#5761,.F.);
#6203 = ORIENTED_EDGE('',*,*,#6007,.F.);
#6204 = ORIENTED_EDGE('',*,*,#5791,.F.);
#6205 = ORIENTED_EDGE('',*,*,#6031,.T.);
#6206 = ORIENTED_EDGE('',*,*,#6047,.T.);
#6207 = ORIENTED_EDGE('',*,*,#6070,.F.);
#6208 = ORIENTED_EDGE('',*,*,#6094,.T.);
#6209 = ORIENTED_EDGE('',*,*,#6116,.F.);
#6210 = B_SPLINE_SURFACE_WITH_KNOTS('',1,1,(
    (#6211,#6212)
    ,(#6213,#6214
    )),.UNSPECIFIED.,.F.,.F.,.F.,(2,2),(2,2),(0.,3.8259449E+03),(
    -1.3188977E+03,0.),.PIECEWISE_BEZIER_KNOTS.);
#6211 = CARTESIAN_POINT('',(-95.26219075438,94.119188468377,
    35.000071120142));
#6212 = CARTESIAN_POINT('',(-95.26219075438,94.119188468377,
    1.500002540005));
#6213 = CARTESIAN_POINT('',(1.917004064008,94.119188468377,
    35.000071120142));
#6214 = CARTESIAN_POINT('',(1.917004064008,94.119188468377,
    1.500002540005));
#6215 = ADVANCED_FACE('',(#6216,#6322),#6328,.F.);
#6216 = FACE_BOUND('',#6217,.F.);
#6217 = EDGE_LOOP('',(#6218,#6225,#6226,#6233,#6240,#6247,#6254,#6261,
    #6268,#6275,#6282,#6289,#6296,#6303,#6310,#6317));
#6218 = ORIENTED_EDGE('',*,*,#6219,.F.);
#6219 = EDGE_CURVE('',#6134,#6220,#6222,.T.);
#6220 = VERTEX_POINT('',#6221);
#6221 = CARTESIAN_POINT('',(1.917004064008,66.767133553467,
    1.500002540005));
#6222 = B_SPLINE_CURVE_WITH_KNOTS('',1,(#6223,#6224),.UNSPECIFIED.,.F.,
  .F.,(2,2),(0.,1.076850402E+03),.PIECEWISE_BEZIER_KNOTS.);
#6223 = CARTESIAN_POINT('',(1.917004064008,94.119188468377,
    1.500002540005));
#6224 = CARTESIAN_POINT('',(1.917004064008,66.767133553467,
    1.500002540005));
#6225 = ORIENTED_EDGE('',*,*,#6196,.T.);
#6226 = ORIENTED_EDGE('',*,*,#6227,.F.);
#6227 = EDGE_CURVE('',#6228,#6190,#6230,.T.);
#6228 = VERTEX_POINT('',#6229);
#6229 = CARTESIAN_POINT('',(1.917,69.,31.));
#6230 = B_SPLINE_CURVE_WITH_KNOTS('',1,(#6231,#6232),.UNSPECIFIED.,.F.,
  .F.,(2,2),(0.,1.),.PIECEWISE_BEZIER_KNOTS.);
#6231 = CARTESIAN_POINT('',(1.917004064008,-29.47605918211,31.));
#6232 = CARTESIAN_POINT('',(1.917004064008,94.119188468377,31.));
#6233 = ORIENTED_EDGE('',*,*,#6234,.F.);
#6234 = EDGE_CURVE('',#6235,#6228,#6237,.T.);
#6235 = VERTEX_POINT('',#6236);
#6236 = CARTESIAN_POINT('',(1.917,61.,31.));
#6237 = B_SPLINE_CURVE_WITH_KNOTS('',1,(#6238,#6239),.UNSPECIFIED.,.F.,
  .F.,(2,2),(0.,1.),.PIECEWISE_BEZIER_KNOTS.);
#6238 = CARTESIAN_POINT('',(1.917004064008,-29.47605918211,31.));
#6239 = CARTESIAN_POINT('',(1.917004064008,94.119188468377,31.));
#6240 = ORIENTED_EDGE('',*,*,#6241,.F.);
#6241 = EDGE_CURVE('',#6242,#6235,#6244,.T.);
#6242 = VERTEX_POINT('',#6243);
#6243 = CARTESIAN_POINT('',(1.917,24.,31.));
#6244 = B_SPLINE_CURVE_WITH_KNOTS('',1,(#6245,#6246),.UNSPECIFIED.,.F.,
  .F.,(2,2),(0.,1.),.PIECEWISE_BEZIER_KNOTS.);
#6245 = CARTESIAN_POINT('',(1.917004064008,-29.47605918211,31.));
#6246 = CARTESIAN_POINT('',(1.917004064008,94.119188468377,31.));
#6247 = ORIENTED_EDGE('',*,*,#6248,.F.);
#6248 = EDGE_CURVE('',#6249,#6242,#6251,.T.);
#6249 = VERTEX_POINT('',#6250);
#6250 = CARTESIAN_POINT('',(1.917,16.,31.));
#6251 = B_SPLINE_CURVE_WITH_KNOTS('',1,(#6252,#6253),.UNSPECIFIED.,.F.,
  .F.,(2,2),(0.,1.),.PIECEWISE_BEZIER_KNOTS.);
#6252 = CARTESIAN_POINT('',(1.917004064008,-29.47605918211,31.));
#6253 = CARTESIAN_POINT('',(1.917004064008,94.119188468377,31.));
#6254 = ORIENTED_EDGE('',*,*,#6255,.F.);
#6255 = EDGE_CURVE('',#6256,#6249,#6258,.T.);
#6256 = VERTEX_POINT('',#6257);
#6257 = CARTESIAN_POINT('',(1.917002032004,-29.47605918211,31.));
#6258 = B_SPLINE_CURVE_WITH_KNOTS('',1,(#6259,#6260),.UNSPECIFIED.,.F.,
  .F.,(2,2),(0.,1.),.PIECEWISE_BEZIER_KNOTS.);
#6259 = CARTESIAN_POINT('',(1.917004064008,-29.47605918211,31.));
#6260 = CARTESIAN_POINT('',(1.917004064008,94.119188468377,31.));
#6261 = ORIENTED_EDGE('',*,*,#6262,.F.);
#6262 = EDGE_CURVE('',#6263,#6256,#6265,.T.);
#6263 = VERTEX_POINT('',#6264);
#6264 = CARTESIAN_POINT('',(1.917004064008,-29.47605918211,
    1.500002540005));
#6265 = B_SPLINE_CURVE_WITH_KNOTS('',1,(#6266,#6267),.UNSPECIFIED.,.F.,
  .F.,(2,2),(0.,1.3188977E+03),.PIECEWISE_BEZIER_KNOTS.);
#6266 = CARTESIAN_POINT('',(1.917004064008,-29.47605918211,
    1.500002540005));
#6267 = CARTESIAN_POINT('',(1.917004064008,-29.47605918211,
    35.000071120142));
#6268 = ORIENTED_EDGE('',*,*,#6269,.F.);
#6269 = EDGE_CURVE('',#6270,#6263,#6272,.T.);
#6270 = VERTEX_POINT('',#6271);
#6271 = CARTESIAN_POINT('',(1.917004064008,4.353008686817,1.500002540005
    ));
#6272 = B_SPLINE_CURVE_WITH_KNOTS('',1,(#6273,#6274),.UNSPECIFIED.,.F.,
  .F.,(2,2),(3.534094498E+03,4.8659449E+03),.PIECEWISE_BEZIER_KNOTS.);
#6273 = CARTESIAN_POINT('',(1.917004064008,4.353008686817,1.500002540005
    ));
#6274 = CARTESIAN_POINT('',(1.917004064008,-29.47605918211,
    1.500002540005));
#6275 = ORIENTED_EDGE('',*,*,#6276,.T.);
#6276 = EDGE_CURVE('',#6270,#6277,#6279,.T.);
#6277 = VERTEX_POINT('',#6278);
#6278 = CARTESIAN_POINT('',(1.917004064008,4.353008686817,2.441254624333
    ));
#6279 = B_SPLINE_CURVE_WITH_KNOTS('',1,(#6280,#6281),.UNSPECIFIED.,.F.,
  .F.,(2,2),(23.238908637963,60.29600319796),.PIECEWISE_BEZIER_KNOTS.);
#6280 = CARTESIAN_POINT('',(1.917004064008,4.353008686817,1.500002540005
    ));
#6281 = CARTESIAN_POINT('',(1.917004064008,4.353008686817,2.441254624333
    ));
#6282 = ORIENTED_EDGE('',*,*,#6283,.F.);
#6283 = EDGE_CURVE('',#6284,#6277,#6286,.T.);
#6284 = VERTEX_POINT('',#6285);
#6285 = CARTESIAN_POINT('',(1.917004064008,5.553011125222,2.441254624333
    ));
#6286 = B_SPLINE_CURVE_WITH_KNOTS('',1,(#6287,#6288),.UNSPECIFIED.,.F.,
  .F.,(2,2),(1.743425201E+03,1.790669297E+03),.PIECEWISE_BEZIER_KNOTS.);
#6287 = CARTESIAN_POINT('',(1.917004064008,5.553011125222,2.441254624333
    ));
#6288 = CARTESIAN_POINT('',(1.917004064008,4.353008686817,2.441254624333
    ));
#6289 = ORIENTED_EDGE('',*,*,#6290,.F.);
#6290 = EDGE_CURVE('',#6291,#6284,#6293,.T.);
#6291 = VERTEX_POINT('',#6292);
#6292 = CARTESIAN_POINT('',(1.917004064008,5.553011125222,1.500002540005
    ));
#6293 = B_SPLINE_CURVE_WITH_KNOTS('',1,(#6294,#6295),.UNSPECIFIED.,.F.,
  .F.,(2,2),(23.238908637963,60.29600319796),.PIECEWISE_BEZIER_KNOTS.);
#6294 = CARTESIAN_POINT('',(1.917004064008,5.553011125222,1.500002540005
    ));
#6295 = CARTESIAN_POINT('',(1.917004064008,5.553011125222,2.441254624333
    ));
#6296 = ORIENTED_EDGE('',*,*,#6297,.F.);
#6297 = EDGE_CURVE('',#6298,#6291,#6300,.T.);
#6298 = VERTEX_POINT('',#6299);
#6299 = CARTESIAN_POINT('',(1.917004064008,65.567131115062,
    1.500002540005));
#6300 = B_SPLINE_CURVE_WITH_KNOTS('',1,(#6301,#6302),.UNSPECIFIED.,.F.,
  .F.,(2,2),(1.124094498E+03,3.486850402E+03),.PIECEWISE_BEZIER_KNOTS.);
#6301 = CARTESIAN_POINT('',(1.917004064008,65.567131115062,
    1.500002540005));
#6302 = CARTESIAN_POINT('',(1.917004064008,5.553011125222,1.500002540005
    ));
#6303 = ORIENTED_EDGE('',*,*,#6304,.T.);
#6304 = EDGE_CURVE('',#6298,#6305,#6307,.T.);
#6305 = VERTEX_POINT('',#6306);
#6306 = CARTESIAN_POINT('',(1.917004064008,65.567131115062,
    2.817505729743));
#6307 = B_SPLINE_CURVE_WITH_KNOTS('',1,(#6308,#6309),.UNSPECIFIED.,.F.,
  .F.,(2,2),(23.238908637963,75.109009217963),.PIECEWISE_BEZIER_KNOTS.);
#6308 = CARTESIAN_POINT('',(1.917004064008,65.567131115062,
    1.500002540005));
#6309 = CARTESIAN_POINT('',(1.917004064008,65.567131115062,
    2.817505729743));
#6310 = ORIENTED_EDGE('',*,*,#6311,.F.);
#6311 = EDGE_CURVE('',#6312,#6305,#6314,.T.);
#6312 = VERTEX_POINT('',#6313);
#6313 = CARTESIAN_POINT('',(1.917004064008,66.767133553467,
    2.817505729743));
#6314 = B_SPLINE_CURVE_WITH_KNOTS('',1,(#6315,#6316),.UNSPECIFIED.,.F.,
  .F.,(2,2),(538.425201,585.669297),.PIECEWISE_BEZIER_KNOTS.);
#6315 = CARTESIAN_POINT('',(1.917004064008,66.767133553467,
    2.817505729743));
#6316 = CARTESIAN_POINT('',(1.917004064008,65.567131115062,
    2.817505729743));
#6317 = ORIENTED_EDGE('',*,*,#6318,.F.);
#6318 = EDGE_CURVE('',#6220,#6312,#6319,.T.);
#6319 = B_SPLINE_CURVE_WITH_KNOTS('',1,(#6320,#6321),.UNSPECIFIED.,.F.,
  .F.,(2,2),(23.238908637963,75.109009217963),.PIECEWISE_BEZIER_KNOTS.);
#6320 = CARTESIAN_POINT('',(1.917004064008,66.767133553467,
    1.500002540005));
#6321 = CARTESIAN_POINT('',(1.917004064008,66.767133553467,
    2.817505729743));
#6322 = FACE_BOUND('',#6323,.F.);
#6323 = EDGE_LOOP('',(#6324,#6325,#6326,#6327));
#6324 = ORIENTED_EDGE('',*,*,#5871,.F.);
#6325 = ORIENTED_EDGE('',*,*,#5894,.T.);
#6326 = ORIENTED_EDGE('',*,*,#5823,.T.);
#6327 = ORIENTED_EDGE('',*,*,#5848,.F.);
#6328 = B_SPLINE_SURFACE_WITH_KNOTS('',1,1,(
    (#6329,#6330)
    ,(#6331,#6332
    )),.UNSPECIFIED.,.F.,.F.,.F.,(2,2),(2,2),(0.,4.8659449E+03),(
    -1.3188977E+03,0.),.PIECEWISE_BEZIER_KNOTS.);
#6329 = CARTESIAN_POINT('',(1.917004064008,94.119188468377,
    35.000071120142));
#6330 = CARTESIAN_POINT('',(1.917004064008,94.119188468377,
    1.500002540005));
#6331 = CARTESIAN_POINT('',(1.917004064008,-29.47605918211,
    35.000071120142));
#6332 = CARTESIAN_POINT('',(1.917004064008,-29.47605918211,
    1.500002540005));
#6333 = ADVANCED_FACE('',(#6334,#6340),#7014,.T.);
#6334 = FACE_BOUND('',#6335,.T.);
#6335 = EDGE_LOOP('',(#6336,#6337,#6338,#6339));
#6336 = ORIENTED_EDGE('',*,*,#5965,.T.);
#6337 = ORIENTED_EDGE('',*,*,#5993,.T.);
#6338 = ORIENTED_EDGE('',*,*,#5918,.F.);
#6339 = ORIENTED_EDGE('',*,*,#5950,.F.);
#6340 = FACE_BOUND('',#6341,.T.);
#6341 = EDGE_LOOP('',(#6342,#6351,#6358,#6365,#6372,#6379,#6386,#6393,
    #6400,#6407,#6414,#6421,#6428,#6435,#6442,#6449,#6456,#6463,#6470,
    #6477,#6484,#6491,#6498,#6505,#6512,#6519,#6526,#6533,#6540,#6547,
    #6554,#6561,#6568,#6575,#6582,#6589,#6596,#6603,#6610,#6617,#6624,
    #6631,#6638,#6645,#6652,#6659,#6666,#6673,#6680,#6687,#6694,#6701,
    #6708,#6715,#6722,#6729,#6736,#6743,#6750,#6757,#6764,#6771,#6778,
    #6785,#6792,#6799,#6806,#6813,#6820,#6827,#6834,#6841,#6848,#6855,
    #6862,#6869,#6876,#6883,#6890,#6897,#6904,#6911,#6918,#6925,#6932,
    #6939,#6946,#6953,#6960,#6967,#6974,#6981,#6988,#6995,#7002,#7009));
#6342 = ORIENTED_EDGE('',*,*,#6343,.T.);
#6343 = EDGE_CURVE('',#6344,#6346,#6348,.T.);
#6344 = VERTEX_POINT('',#6345);
#6345 = CARTESIAN_POINT('',(-96.76219329438,-30.22606045212,
    35.000071120142));
#6346 = VERTEX_POINT('',#6347);
#6347 = CARTESIAN_POINT('',(-96.76219329438,94.869189738379,
    35.000071120142));
#6348 = B_SPLINE_CURVE_WITH_KNOTS('',1,(#6349,#6350),.UNSPECIFIED.,.F.,
  .F.,(2,2),(0.,4.925E+03),.PIECEWISE_BEZIER_KNOTS.);
#6349 = CARTESIAN_POINT('',(-96.76219329438,-30.22606045212,
    35.000071120142));
#6350 = CARTESIAN_POINT('',(-96.76219329438,94.869189738379,
    35.000071120142));
#6351 = ORIENTED_EDGE('',*,*,#6352,.T.);
#6352 = EDGE_CURVE('',#6346,#6353,#6355,.T.);
#6353 = VERTEX_POINT('',#6354);
#6354 = CARTESIAN_POINT('',(-96.76044486831,94.920371635071,
    35.000071120142));
#6355 = B_SPLINE_CURVE_WITH_KNOTS('',1,(#6356,#6357),.UNSPECIFIED.,.F.,
  .F.,(2,2),(0.,2.016206676143),.PIECEWISE_BEZIER_KNOTS.);
#6356 = CARTESIAN_POINT('',(-96.76219329438,94.869189738379,
    35.000071120142));
#6357 = CARTESIAN_POINT('',(-96.76044486831,94.920371635071,
    35.000071120142));
#6358 = ORIENTED_EDGE('',*,*,#6359,.T.);
#6359 = EDGE_CURVE('',#6353,#6360,#6362,.T.);
#6360 = VERTEX_POINT('',#6361);
#6361 = CARTESIAN_POINT('',(-96.75520774208,94.971314898134,
    35.000071120142));
#6362 = B_SPLINE_CURVE_WITH_KNOTS('',1,(#6363,#6364),.UNSPECIFIED.,.F.,
  .F.,(2,2),(0.,2.016206676144),.PIECEWISE_BEZIER_KNOTS.);
#6363 = CARTESIAN_POINT('',(-96.76044486831,94.920371635071,
    35.000071120142));
#6364 = CARTESIAN_POINT('',(-96.75520774208,94.971314898134,
    35.000071120142));
#6365 = ORIENTED_EDGE('',*,*,#6366,.T.);
#6366 = EDGE_CURVE('',#6360,#6367,#6369,.T.);
#6367 = VERTEX_POINT('',#6368);
#6368 = CARTESIAN_POINT('',(-96.74650633358,95.021782006559,
    35.000071120142));
#6369 = B_SPLINE_CURVE_WITH_KNOTS('',1,(#6370,#6371),.UNSPECIFIED.,.F.,
  .F.,(2,2),(0.,2.016206676143),.PIECEWISE_BEZIER_KNOTS.);
#6370 = CARTESIAN_POINT('',(-96.75520774208,94.971314898134,
    35.000071120142));
#6371 = CARTESIAN_POINT('',(-96.74650633358,95.021782006559,
    35.000071120142));
#6372 = ORIENTED_EDGE('',*,*,#6373,.T.);
#6373 = EDGE_CURVE('',#6367,#6374,#6376,.T.);
#6374 = VERTEX_POINT('',#6375);
#6375 = CARTESIAN_POINT('',(-96.7343812128,95.07153765939,
    35.000071120142));
#6376 = B_SPLINE_CURVE_WITH_KNOTS('',1,(#6377,#6378),.UNSPECIFIED.,.F.,
  .F.,(2,2),(0.,2.016206676144),.PIECEWISE_BEZIER_KNOTS.);
#6377 = CARTESIAN_POINT('',(-96.74650633358,95.021782006559,
    35.000071120142));
#6378 = CARTESIAN_POINT('',(-96.7343812128,95.07153765939,
    35.000071120142));
#6379 = ORIENTED_EDGE('',*,*,#6380,.T.);
#6380 = EDGE_CURVE('',#6374,#6381,#6383,.T.);
#6381 = VERTEX_POINT('',#6382);
#6382 = CARTESIAN_POINT('',(-96.71888891264,95.120349872806,
    35.000071120142));
#6383 = B_SPLINE_CURVE_WITH_KNOTS('',1,(#6384,#6385),.UNSPECIFIED.,.F.,
  .F.,(2,2),(0.,2.016206676143),.PIECEWISE_BEZIER_KNOTS.);
#6384 = CARTESIAN_POINT('',(-96.7343812128,95.07153765939,
    35.000071120142));
#6385 = CARTESIAN_POINT('',(-96.71888891264,95.120349872806,
    35.000071120142));
#6386 = ORIENTED_EDGE('',*,*,#6387,.T.);
#6387 = EDGE_CURVE('',#6381,#6388,#6390,.T.);
#6388 = VERTEX_POINT('',#6389);
#6389 = CARTESIAN_POINT('',(-96.70010166537,95.167991061735,
    35.000071120142));
#6390 = B_SPLINE_CURVE_WITH_KNOTS('',1,(#6391,#6392),.UNSPECIFIED.,.F.,
  .F.,(2,2),(0.,2.016206676143),.PIECEWISE_BEZIER_KNOTS.);
#6391 = CARTESIAN_POINT('',(-96.71888891264,95.120349872806,
    35.000071120142));
#6392 = CARTESIAN_POINT('',(-96.70010166537,95.167991061735,
    35.000071120142));
#6393 = ORIENTED_EDGE('',*,*,#6394,.T.);
#6394 = EDGE_CURVE('',#6388,#6395,#6397,.T.);
#6395 = VERTEX_POINT('',#6396);
#6396 = CARTESIAN_POINT('',(-96.6781070658,95.214239100962,
    35.000071120142));
#6397 = B_SPLINE_CURVE_WITH_KNOTS('',1,(#6398,#6399),.UNSPECIFIED.,.F.,
  .F.,(2,2),(0.,2.016206676143),.PIECEWISE_BEZIER_KNOTS.);
#6398 = CARTESIAN_POINT('',(-96.70010166537,95.167991061735,
    35.000071120142));
#6399 = CARTESIAN_POINT('',(-96.6781070658,95.214239100962,
    35.000071120142));
#6400 = ORIENTED_EDGE('',*,*,#6401,.T.);
#6401 = EDGE_CURVE('',#6395,#6402,#6404,.T.);
#6402 = VERTEX_POINT('',#6403);
#6403 = CARTESIAN_POINT('',(-96.6530076629,95.258878360779,
    35.000071120142));
#6404 = B_SPLINE_CURVE_WITH_KNOTS('',1,(#6405,#6406),.UNSPECIFIED.,.F.,
  .F.,(2,2),(0.,2.016206676143),.PIECEWISE_BEZIER_KNOTS.);
#6405 = CARTESIAN_POINT('',(-96.6781070658,95.214239100962,
    35.000071120142));
#6406 = CARTESIAN_POINT('',(-96.6530076629,95.258878360779,
    35.000071120142));
#6407 = ORIENTED_EDGE('',*,*,#6408,.T.);
#6408 = EDGE_CURVE('',#6402,#6409,#6411,.T.);
#6409 = VERTEX_POINT('',#6410);
#6410 = CARTESIAN_POINT('',(-96.62492048169,95.301700712351,
    35.000071120142));
#6411 = B_SPLINE_CURVE_WITH_KNOTS('',1,(#6412,#6413),.UNSPECIFIED.,.F.,
  .F.,(2,2),(0.,2.016206676144),.PIECEWISE_BEZIER_KNOTS.);
#6412 = CARTESIAN_POINT('',(-96.6530076629,95.258878360779,
    35.000071120142));
#6413 = CARTESIAN_POINT('',(-96.62492048169,95.301700712351,
    35.000071120142));
#6414 = ORIENTED_EDGE('',*,*,#6415,.T.);
#6415 = EDGE_CURVE('',#6409,#6416,#6418,.T.);
#6416 = VERTEX_POINT('',#6417);
#6417 = CARTESIAN_POINT('',(-96.59397647756,95.342506498107,
    35.000071120142));
#6418 = B_SPLINE_CURVE_WITH_KNOTS('',1,(#6419,#6420),.UNSPECIFIED.,.F.,
  .F.,(2,2),(0.,2.016206676143),.PIECEWISE_BEZIER_KNOTS.);
#6419 = CARTESIAN_POINT('',(-96.62492048169,95.301700712351,
    35.000071120142));
#6420 = CARTESIAN_POINT('',(-96.59397647756,95.342506498107,
    35.000071120142));
#6421 = ORIENTED_EDGE('',*,*,#6422,.T.);
#6422 = EDGE_CURVE('',#6416,#6423,#6425,.T.);
#6423 = VERTEX_POINT('',#6424);
#6424 = CARTESIAN_POINT('',(-96.56031992575,95.381105462638,
    35.000071120142));
#6425 = B_SPLINE_CURVE_WITH_KNOTS('',1,(#6426,#6427),.UNSPECIFIED.,.F.,
  .F.,(2,2),(0.,2.016206676143),.PIECEWISE_BEZIER_KNOTS.);
#6426 = CARTESIAN_POINT('',(-96.59397647756,95.342506498107,
    35.000071120142));
#6427 = CARTESIAN_POINT('',(-96.56031992575,95.381105462638,
    35.000071120142));
#6428 = ORIENTED_EDGE('',*,*,#6429,.T.);
#6429 = EDGE_CURVE('',#6423,#6430,#6432,.T.);
#6430 = VERTEX_POINT('',#6431);
#6431 = CARTESIAN_POINT('',(-96.52410774864,95.417317639752,
    35.000071120142));
#6432 = B_SPLINE_CURVE_WITH_KNOTS('',1,(#6433,#6434),.UNSPECIFIED.,.F.,
  .F.,(2,2),(0.,2.016206676143),.PIECEWISE_BEZIER_KNOTS.);
#6433 = CARTESIAN_POINT('',(-96.56031992575,95.381105462638,
    35.000071120142));
#6434 = CARTESIAN_POINT('',(-96.52410774864,95.417317639752,
    35.000071120142));
#6435 = ORIENTED_EDGE('',*,*,#6436,.T.);
#6436 = EDGE_CURVE('',#6430,#6437,#6439,.T.);
#6437 = VERTEX_POINT('',#6438);
#6438 = CARTESIAN_POINT('',(-96.48550878411,95.450974191563,
    35.000071120142));
#6439 = B_SPLINE_CURVE_WITH_KNOTS('',1,(#6440,#6441),.UNSPECIFIED.,.F.,
  .F.,(2,2),(0.,2.016206676143),.PIECEWISE_BEZIER_KNOTS.);
#6440 = CARTESIAN_POINT('',(-96.52410774864,95.417317639752,
    35.000071120142));
#6441 = CARTESIAN_POINT('',(-96.48550878411,95.450974191563,
    35.000071120142));
#6442 = ORIENTED_EDGE('',*,*,#6443,.T.);
#6443 = EDGE_CURVE('',#6437,#6444,#6446,.T.);
#6444 = VERTEX_POINT('',#6445);
#6445 = CARTESIAN_POINT('',(-96.44470299835,95.481918195691,
    35.000071120142));
#6446 = B_SPLINE_CURVE_WITH_KNOTS('',1,(#6447,#6448),.UNSPECIFIED.,.F.,
  .F.,(2,2),(0.,2.016206676143),.PIECEWISE_BEZIER_KNOTS.);
#6447 = CARTESIAN_POINT('',(-96.48550878411,95.450974191563,
    35.000071120142));
#6448 = CARTESIAN_POINT('',(-96.44470299835,95.481918195691,
    35.000071120142));
#6449 = ORIENTED_EDGE('',*,*,#6450,.T.);
#6450 = EDGE_CURVE('',#6444,#6451,#6453,.T.);
#6451 = VERTEX_POINT('',#6452);
#6452 = CARTESIAN_POINT('',(-96.40188064678,95.510005376904,
    35.000071120142));
#6453 = B_SPLINE_CURVE_WITH_KNOTS('',1,(#6454,#6455),.UNSPECIFIED.,.F.,
  .F.,(2,2),(0.,2.016206676144),.PIECEWISE_BEZIER_KNOTS.);
#6454 = CARTESIAN_POINT('',(-96.44470299835,95.481918195691,
    35.000071120142));
#6455 = CARTESIAN_POINT('',(-96.40188064678,95.510005376904,
    35.000071120142));
#6456 = ORIENTED_EDGE('',*,*,#6457,.T.);
#6457 = EDGE_CURVE('',#6451,#6458,#6460,.T.);
#6458 = VERTEX_POINT('',#6459);
#6459 = CARTESIAN_POINT('',(-96.35724138696,95.535104779798,
    35.000071120142));
#6460 = B_SPLINE_CURVE_WITH_KNOTS('',1,(#6461,#6462),.UNSPECIFIED.,.F.,
  .F.,(2,2),(0.,2.016206676143),.PIECEWISE_BEZIER_KNOTS.);
#6461 = CARTESIAN_POINT('',(-96.40188064678,95.510005376904,
    35.000071120142));
#6462 = CARTESIAN_POINT('',(-96.35724138696,95.535104779798,
    35.000071120142));
#6463 = ORIENTED_EDGE('',*,*,#6464,.T.);
#6464 = EDGE_CURVE('',#6458,#6465,#6467,.T.);
#6465 = VERTEX_POINT('',#6466);
#6466 = CARTESIAN_POINT('',(-96.31099334773,95.557099379369,
    35.000071120142));
#6467 = B_SPLINE_CURVE_WITH_KNOTS('',1,(#6468,#6469),.UNSPECIFIED.,.F.,
  .F.,(2,2),(0.,2.016206676143),.PIECEWISE_BEZIER_KNOTS.);
#6468 = CARTESIAN_POINT('',(-96.35724138696,95.535104779798,
    35.000071120142));
#6469 = CARTESIAN_POINT('',(-96.31099334773,95.557099379369,
    35.000071120142));
#6470 = ORIENTED_EDGE('',*,*,#6471,.T.);
#6471 = EDGE_CURVE('',#6465,#6472,#6474,.T.);
#6472 = VERTEX_POINT('',#6473);
#6473 = CARTESIAN_POINT('',(-96.26335215881,95.575886626642,
    35.000071120142));
#6474 = B_SPLINE_CURVE_WITH_KNOTS('',1,(#6475,#6476),.UNSPECIFIED.,.F.,
  .F.,(2,2),(0.,2.016206676143),.PIECEWISE_BEZIER_KNOTS.);
#6475 = CARTESIAN_POINT('',(-96.31099334773,95.557099379369,
    35.000071120142));
#6476 = CARTESIAN_POINT('',(-96.26335215881,95.575886626642,
    35.000071120142));
#6477 = ORIENTED_EDGE('',*,*,#6478,.T.);
#6478 = EDGE_CURVE('',#6472,#6479,#6481,.T.);
#6479 = VERTEX_POINT('',#6480);
#6480 = CARTESIAN_POINT('',(-96.21453994539,95.591378926798,
    35.000071120142));
#6481 = B_SPLINE_CURVE_WITH_KNOTS('',1,(#6482,#6483),.UNSPECIFIED.,.F.,
  .F.,(2,2),(0.,2.016206676143),.PIECEWISE_BEZIER_KNOTS.);
#6482 = CARTESIAN_POINT('',(-96.26335215881,95.575886626642,
    35.000071120142));
#6483 = CARTESIAN_POINT('',(-96.21453994539,95.591378926798,
    35.000071120142));
#6484 = ORIENTED_EDGE('',*,*,#6485,.T.);
#6485 = EDGE_CURVE('',#6479,#6486,#6488,.T.);
#6486 = VERTEX_POINT('',#6487);
#6487 = CARTESIAN_POINT('',(-96.16478429256,95.603504047581,
    35.000071120142));
#6488 = B_SPLINE_CURVE_WITH_KNOTS('',1,(#6489,#6490),.UNSPECIFIED.,.F.,
  .F.,(2,2),(0.,2.016206676144),.PIECEWISE_BEZIER_KNOTS.);
#6489 = CARTESIAN_POINT('',(-96.21453994539,95.591378926798,
    35.000071120142));
#6490 = CARTESIAN_POINT('',(-96.16478429256,95.603504047581,
    35.000071120142));
#6491 = ORIENTED_EDGE('',*,*,#6492,.T.);
#6492 = EDGE_CURVE('',#6486,#6493,#6495,.T.);
#6493 = VERTEX_POINT('',#6494);
#6494 = CARTESIAN_POINT('',(-96.11431718413,95.61220545608,
    35.000071120142));
#6495 = B_SPLINE_CURVE_WITH_KNOTS('',1,(#6496,#6497),.UNSPECIFIED.,.F.,
  .F.,(2,2),(0.,2.016206676143),.PIECEWISE_BEZIER_KNOTS.);
#6496 = CARTESIAN_POINT('',(-96.16478429256,95.603504047581,
    35.000071120142));
#6497 = CARTESIAN_POINT('',(-96.11431718413,95.61220545608,
    35.000071120142));
#6498 = ORIENTED_EDGE('',*,*,#6499,.T.);
#6499 = EDGE_CURVE('',#6493,#6500,#6502,.T.);
#6500 = VERTEX_POINT('',#6501);
#6501 = CARTESIAN_POINT('',(-96.06337392107,95.617442582314,
    35.000071120142));
#6502 = B_SPLINE_CURVE_WITH_KNOTS('',1,(#6503,#6504),.UNSPECIFIED.,.F.,
  .F.,(2,2),(0.,2.016206676144),.PIECEWISE_BEZIER_KNOTS.);
#6503 = CARTESIAN_POINT('',(-96.11431718413,95.61220545608,
    35.000071120142));
#6504 = CARTESIAN_POINT('',(-96.06337392107,95.617442582314,
    35.000071120142));
#6505 = ORIENTED_EDGE('',*,*,#6506,.T.);
#6506 = EDGE_CURVE('',#6500,#6507,#6509,.T.);
#6507 = VERTEX_POINT('',#6508);
#6508 = CARTESIAN_POINT('',(-96.01219202438,95.619191008382,
    35.000071120142));
#6509 = B_SPLINE_CURVE_WITH_KNOTS('',1,(#6510,#6511),.UNSPECIFIED.,.F.,
  .F.,(2,2),(0.,2.016206676143),.PIECEWISE_BEZIER_KNOTS.);
#6510 = CARTESIAN_POINT('',(-96.06337392107,95.617442582314,
    35.000071120142));
#6511 = CARTESIAN_POINT('',(-96.01219202438,95.619191008382,
    35.000071120142));
#6512 = ORIENTED_EDGE('',*,*,#6513,.T.);
#6513 = EDGE_CURVE('',#6507,#6514,#6516,.T.);
#6514 = VERTEX_POINT('',#6515);
#6515 = CARTESIAN_POINT('',(2.667005334011,95.619191008382,
    35.000071120142));
#6516 = B_SPLINE_CURVE_WITH_KNOTS('',1,(#6517,#6518),.UNSPECIFIED.,.F.,
  .F.,(2,2),(0.,3.885E+03),.PIECEWISE_BEZIER_KNOTS.);
#6517 = CARTESIAN_POINT('',(-96.01219202438,95.619191008382,
    35.000071120142));
#6518 = CARTESIAN_POINT('',(2.667005334011,95.619191008382,
    35.000071120142));
#6519 = ORIENTED_EDGE('',*,*,#6520,.T.);
#6520 = EDGE_CURVE('',#6514,#6521,#6523,.T.);
#6521 = VERTEX_POINT('',#6522);
#6522 = CARTESIAN_POINT('',(2.718187230702,95.617442582314,
    35.000071120142));
#6523 = B_SPLINE_CURVE_WITH_KNOTS('',1,(#6524,#6525),.UNSPECIFIED.,.F.,
  .F.,(2,2),(0.,2.016206676143),.PIECEWISE_BEZIER_KNOTS.);
#6524 = CARTESIAN_POINT('',(2.667005334011,95.619191008382,
    35.000071120142));
#6525 = CARTESIAN_POINT('',(2.718187230702,95.617442582314,
    35.000071120142));
#6526 = ORIENTED_EDGE('',*,*,#6527,.T.);
#6527 = EDGE_CURVE('',#6521,#6528,#6530,.T.);
#6528 = VERTEX_POINT('',#6529);
#6529 = CARTESIAN_POINT('',(2.769130493765,95.61220545608,
    35.000071120142));
#6530 = B_SPLINE_CURVE_WITH_KNOTS('',1,(#6531,#6532),.UNSPECIFIED.,.F.,
  .F.,(2,2),(0.,2.016206676143),.PIECEWISE_BEZIER_KNOTS.);
#6531 = CARTESIAN_POINT('',(2.718187230702,95.617442582314,
    35.000071120142));
#6532 = CARTESIAN_POINT('',(2.769130493765,95.61220545608,
    35.000071120142));
#6533 = ORIENTED_EDGE('',*,*,#6534,.T.);
#6534 = EDGE_CURVE('',#6528,#6535,#6537,.T.);
#6535 = VERTEX_POINT('',#6536);
#6536 = CARTESIAN_POINT('',(2.81959760219,95.603504047581,
    35.000071120142));
#6537 = B_SPLINE_CURVE_WITH_KNOTS('',1,(#6538,#6539),.UNSPECIFIED.,.F.,
  .F.,(2,2),(0.,2.016206676143),.PIECEWISE_BEZIER_KNOTS.);
#6538 = CARTESIAN_POINT('',(2.769130493765,95.61220545608,
    35.000071120142));
#6539 = CARTESIAN_POINT('',(2.81959760219,95.603504047581,
    35.000071120142));
#6540 = ORIENTED_EDGE('',*,*,#6541,.T.);
#6541 = EDGE_CURVE('',#6535,#6542,#6544,.T.);
#6542 = VERTEX_POINT('',#6543);
#6543 = CARTESIAN_POINT('',(2.869353255021,95.591378926798,
    35.000071120142));
#6544 = B_SPLINE_CURVE_WITH_KNOTS('',1,(#6545,#6546),.UNSPECIFIED.,.F.,
  .F.,(2,2),(0.,2.016206676143),.PIECEWISE_BEZIER_KNOTS.);
#6545 = CARTESIAN_POINT('',(2.81959760219,95.603504047581,
    35.000071120142));
#6546 = CARTESIAN_POINT('',(2.869353255021,95.591378926798,
    35.000071120142));
#6547 = ORIENTED_EDGE('',*,*,#6548,.T.);
#6548 = EDGE_CURVE('',#6542,#6549,#6551,.T.);
#6549 = VERTEX_POINT('',#6550);
#6550 = CARTESIAN_POINT('',(2.918165468437,95.575886626642,
    35.000071120142));
#6551 = B_SPLINE_CURVE_WITH_KNOTS('',1,(#6552,#6553),.UNSPECIFIED.,.F.,
  .F.,(2,2),(0.,2.016206676143),.PIECEWISE_BEZIER_KNOTS.);
#6552 = CARTESIAN_POINT('',(2.869353255021,95.591378926798,
    35.000071120142));
#6553 = CARTESIAN_POINT('',(2.918165468437,95.575886626642,
    35.000071120142));
#6554 = ORIENTED_EDGE('',*,*,#6555,.T.);
#6555 = EDGE_CURVE('',#6549,#6556,#6558,.T.);
#6556 = VERTEX_POINT('',#6557);
#6557 = CARTESIAN_POINT('',(2.965806657366,95.557099379369,
    35.000071120142));
#6558 = B_SPLINE_CURVE_WITH_KNOTS('',1,(#6559,#6560),.UNSPECIFIED.,.F.,
  .F.,(2,2),(0.,2.016206676143),.PIECEWISE_BEZIER_KNOTS.);
#6559 = CARTESIAN_POINT('',(2.918165468437,95.575886626642,
    35.000071120142));
#6560 = CARTESIAN_POINT('',(2.965806657366,95.557099379369,
    35.000071120142));
#6561 = ORIENTED_EDGE('',*,*,#6562,.T.);
#6562 = EDGE_CURVE('',#6556,#6563,#6565,.T.);
#6563 = VERTEX_POINT('',#6564);
#6564 = CARTESIAN_POINT('',(3.012054696593,95.535104779798,
    35.000071120142));
#6565 = B_SPLINE_CURVE_WITH_KNOTS('',1,(#6566,#6567),.UNSPECIFIED.,.F.,
  .F.,(2,2),(0.,2.016206676143),.PIECEWISE_BEZIER_KNOTS.);
#6566 = CARTESIAN_POINT('',(2.965806657366,95.557099379369,
    35.000071120142));
#6567 = CARTESIAN_POINT('',(3.012054696593,95.535104779798,
    35.000071120142));
#6568 = ORIENTED_EDGE('',*,*,#6569,.T.);
#6569 = EDGE_CURVE('',#6563,#6570,#6572,.T.);
#6570 = VERTEX_POINT('',#6571);
#6571 = CARTESIAN_POINT('',(3.05669395641,95.510005376904,
    35.000071120142));
#6572 = B_SPLINE_CURVE_WITH_KNOTS('',1,(#6573,#6574),.UNSPECIFIED.,.F.,
  .F.,(2,2),(0.,2.016206676143),.PIECEWISE_BEZIER_KNOTS.);
#6573 = CARTESIAN_POINT('',(3.012054696593,95.535104779798,
    35.000071120142));
#6574 = CARTESIAN_POINT('',(3.05669395641,95.510005376904,
    35.000071120142));
#6575 = ORIENTED_EDGE('',*,*,#6576,.T.);
#6576 = EDGE_CURVE('',#6570,#6577,#6579,.T.);
#6577 = VERTEX_POINT('',#6578);
#6578 = CARTESIAN_POINT('',(3.099516307982,95.481918195691,
    35.000071120142));
#6579 = B_SPLINE_CURVE_WITH_KNOTS('',1,(#6580,#6581),.UNSPECIFIED.,.F.,
  .F.,(2,2),(0.,2.016206676143),.PIECEWISE_BEZIER_KNOTS.);
#6580 = CARTESIAN_POINT('',(3.05669395641,95.510005376904,
    35.000071120142));
#6581 = CARTESIAN_POINT('',(3.099516307982,95.481918195691,
    35.000071120142));
#6582 = ORIENTED_EDGE('',*,*,#6583,.T.);
#6583 = EDGE_CURVE('',#6577,#6584,#6586,.T.);
#6584 = VERTEX_POINT('',#6585);
#6585 = CARTESIAN_POINT('',(3.140322093739,95.450974191563,
    35.000071120142));
#6586 = B_SPLINE_CURVE_WITH_KNOTS('',1,(#6587,#6588),.UNSPECIFIED.,.F.,
  .F.,(2,2),(0.,2.016206676144),.PIECEWISE_BEZIER_KNOTS.);
#6587 = CARTESIAN_POINT('',(3.099516307982,95.481918195691,
    35.000071120142));
#6588 = CARTESIAN_POINT('',(3.140322093739,95.450974191563,
    35.000071120142));
#6589 = ORIENTED_EDGE('',*,*,#6590,.T.);
#6590 = EDGE_CURVE('',#6584,#6591,#6593,.T.);
#6591 = VERTEX_POINT('',#6592);
#6592 = CARTESIAN_POINT('',(3.178921058269,95.417317639752,
    35.000071120142));
#6593 = B_SPLINE_CURVE_WITH_KNOTS('',1,(#6594,#6595),.UNSPECIFIED.,.F.,
  .F.,(2,2),(0.,2.016206676143),.PIECEWISE_BEZIER_KNOTS.);
#6594 = CARTESIAN_POINT('',(3.140322093739,95.450974191563,
    35.000071120142));
#6595 = CARTESIAN_POINT('',(3.178921058269,95.417317639752,
    35.000071120142));
#6596 = ORIENTED_EDGE('',*,*,#6597,.T.);
#6597 = EDGE_CURVE('',#6591,#6598,#6600,.T.);
#6598 = VERTEX_POINT('',#6599);
#6599 = CARTESIAN_POINT('',(3.215133235383,95.381105462638,
    35.000071120142));
#6600 = B_SPLINE_CURVE_WITH_KNOTS('',1,(#6601,#6602),.UNSPECIFIED.,.F.,
  .F.,(2,2),(0.,2.016206676143),.PIECEWISE_BEZIER_KNOTS.);
#6601 = CARTESIAN_POINT('',(3.178921058269,95.417317639752,
    35.000071120142));
#6602 = CARTESIAN_POINT('',(3.215133235383,95.381105462638,
    35.000071120142));
#6603 = ORIENTED_EDGE('',*,*,#6604,.T.);
#6604 = EDGE_CURVE('',#6598,#6605,#6607,.T.);
#6605 = VERTEX_POINT('',#6606);
#6606 = CARTESIAN_POINT('',(3.248789787194,95.342506498107,
    35.000071120142));
#6607 = B_SPLINE_CURVE_WITH_KNOTS('',1,(#6608,#6609),.UNSPECIFIED.,.F.,
  .F.,(2,2),(0.,2.016206676143),.PIECEWISE_BEZIER_KNOTS.);
#6608 = CARTESIAN_POINT('',(3.215133235383,95.381105462638,
    35.000071120142));
#6609 = CARTESIAN_POINT('',(3.248789787194,95.342506498107,
    35.000071120142));
#6610 = ORIENTED_EDGE('',*,*,#6611,.T.);
#6611 = EDGE_CURVE('',#6605,#6612,#6614,.T.);
#6612 = VERTEX_POINT('',#6613);
#6613 = CARTESIAN_POINT('',(3.279733791322,95.301700712351,
    35.000071120142));
#6614 = B_SPLINE_CURVE_WITH_KNOTS('',1,(#6615,#6616),.UNSPECIFIED.,.F.,
  .F.,(2,2),(0.,2.016206676143),.PIECEWISE_BEZIER_KNOTS.);
#6615 = CARTESIAN_POINT('',(3.248789787194,95.342506498107,
    35.000071120142));
#6616 = CARTESIAN_POINT('',(3.279733791322,95.301700712351,
    35.000071120142));
#6617 = ORIENTED_EDGE('',*,*,#6618,.T.);
#6618 = EDGE_CURVE('',#6612,#6619,#6621,.T.);
#6619 = VERTEX_POINT('',#6620);
#6620 = CARTESIAN_POINT('',(3.307820972535,95.258878360779,
    35.000071120142));
#6621 = B_SPLINE_CURVE_WITH_KNOTS('',1,(#6622,#6623),.UNSPECIFIED.,.F.,
  .F.,(2,2),(0.,2.016206676144),.PIECEWISE_BEZIER_KNOTS.);
#6622 = CARTESIAN_POINT('',(3.279733791322,95.301700712351,
    35.000071120142));
#6623 = CARTESIAN_POINT('',(3.307820972535,95.258878360779,
    35.000071120142));
#6624 = ORIENTED_EDGE('',*,*,#6625,.T.);
#6625 = EDGE_CURVE('',#6619,#6626,#6628,.T.);
#6626 = VERTEX_POINT('',#6627);
#6627 = CARTESIAN_POINT('',(3.332920375429,95.214239100962,
    35.000071120142));
#6628 = B_SPLINE_CURVE_WITH_KNOTS('',1,(#6629,#6630),.UNSPECIFIED.,.F.,
  .F.,(2,2),(0.,2.016206676143),.PIECEWISE_BEZIER_KNOTS.);
#6629 = CARTESIAN_POINT('',(3.307820972535,95.258878360779,
    35.000071120142));
#6630 = CARTESIAN_POINT('',(3.332920375429,95.214239100962,
    35.000071120142));
#6631 = ORIENTED_EDGE('',*,*,#6632,.T.);
#6632 = EDGE_CURVE('',#6626,#6633,#6635,.T.);
#6633 = VERTEX_POINT('',#6634);
#6634 = CARTESIAN_POINT('',(3.354914975,95.167991061735,35.000071120142)
  );
#6635 = B_SPLINE_CURVE_WITH_KNOTS('',1,(#6636,#6637),.UNSPECIFIED.,.F.,
  .F.,(2,2),(0.,2.016206676143),.PIECEWISE_BEZIER_KNOTS.);
#6636 = CARTESIAN_POINT('',(3.332920375429,95.214239100962,
    35.000071120142));
#6637 = CARTESIAN_POINT('',(3.354914975,95.167991061735,35.000071120142)
  );
#6638 = ORIENTED_EDGE('',*,*,#6639,.T.);
#6639 = EDGE_CURVE('',#6633,#6640,#6642,.T.);
#6640 = VERTEX_POINT('',#6641);
#6641 = CARTESIAN_POINT('',(3.373702222274,95.120349872806,
    35.000071120142));
#6642 = B_SPLINE_CURVE_WITH_KNOTS('',1,(#6643,#6644),.UNSPECIFIED.,.F.,
  .F.,(2,2),(0.,2.016206676143),.PIECEWISE_BEZIER_KNOTS.);
#6643 = CARTESIAN_POINT('',(3.354914975,95.167991061735,35.000071120142)
  );
#6644 = CARTESIAN_POINT('',(3.373702222274,95.120349872806,
    35.000071120142));
#6645 = ORIENTED_EDGE('',*,*,#6646,.T.);
#6646 = EDGE_CURVE('',#6640,#6647,#6649,.T.);
#6647 = VERTEX_POINT('',#6648);
#6648 = CARTESIAN_POINT('',(3.389194522429,95.07153765939,
    35.000071120142));
#6649 = B_SPLINE_CURVE_WITH_KNOTS('',1,(#6650,#6651),.UNSPECIFIED.,.F.,
  .F.,(2,2),(0.,2.016206676143),.PIECEWISE_BEZIER_KNOTS.);
#6650 = CARTESIAN_POINT('',(3.373702222274,95.120349872806,
    35.000071120142));
#6651 = CARTESIAN_POINT('',(3.389194522429,95.07153765939,
    35.000071120142));
#6652 = ORIENTED_EDGE('',*,*,#6653,.T.);
#6653 = EDGE_CURVE('',#6647,#6654,#6656,.T.);
#6654 = VERTEX_POINT('',#6655);
#6655 = CARTESIAN_POINT('',(3.401319643212,95.021782006559,
    35.000071120142));
#6656 = B_SPLINE_CURVE_WITH_KNOTS('',1,(#6657,#6658),.UNSPECIFIED.,.F.,
  .F.,(2,2),(0.,2.016206676144),.PIECEWISE_BEZIER_KNOTS.);
#6657 = CARTESIAN_POINT('',(3.389194522429,95.07153765939,
    35.000071120142));
#6658 = CARTESIAN_POINT('',(3.401319643212,95.021782006559,
    35.000071120142));
#6659 = ORIENTED_EDGE('',*,*,#6660,.T.);
#6660 = EDGE_CURVE('',#6654,#6661,#6663,.T.);
#6661 = VERTEX_POINT('',#6662);
#6662 = CARTESIAN_POINT('',(3.410021051712,94.971314898134,
    35.000071120142));
#6663 = B_SPLINE_CURVE_WITH_KNOTS('',1,(#6664,#6665),.UNSPECIFIED.,.F.,
  .F.,(2,2),(0.,2.016206676143),.PIECEWISE_BEZIER_KNOTS.);
#6664 = CARTESIAN_POINT('',(3.401319643212,95.021782006559,
    35.000071120142));
#6665 = CARTESIAN_POINT('',(3.410021051712,94.971314898134,
    35.000071120142));
#6666 = ORIENTED_EDGE('',*,*,#6667,.T.);
#6667 = EDGE_CURVE('',#6661,#6668,#6670,.T.);
#6668 = VERTEX_POINT('',#6669);
#6669 = CARTESIAN_POINT('',(3.415258177945,94.920371635071,
    35.000071120142));
#6670 = B_SPLINE_CURVE_WITH_KNOTS('',1,(#6671,#6672),.UNSPECIFIED.,.F.,
  .F.,(2,2),(0.,2.016206676144),.PIECEWISE_BEZIER_KNOTS.);
#6671 = CARTESIAN_POINT('',(3.410021051712,94.971314898134,
    35.000071120142));
#6672 = CARTESIAN_POINT('',(3.415258177945,94.920371635071,
    35.000071120142));
#6673 = ORIENTED_EDGE('',*,*,#6674,.T.);
#6674 = EDGE_CURVE('',#6668,#6675,#6677,.T.);
#6675 = VERTEX_POINT('',#6676);
#6676 = CARTESIAN_POINT('',(3.417006604013,94.869189738379,
    35.000071120142));
#6677 = B_SPLINE_CURVE_WITH_KNOTS('',1,(#6678,#6679),.UNSPECIFIED.,.F.,
  .F.,(2,2),(0.,2.016206676143),.PIECEWISE_BEZIER_KNOTS.);
#6678 = CARTESIAN_POINT('',(3.415258177945,94.920371635071,
    35.000071120142));
#6679 = CARTESIAN_POINT('',(3.417006604013,94.869189738379,
    35.000071120142));
#6680 = ORIENTED_EDGE('',*,*,#6681,.T.);
#6681 = EDGE_CURVE('',#6675,#6682,#6684,.T.);
#6682 = VERTEX_POINT('',#6683);
#6683 = CARTESIAN_POINT('',(3.417006604013,-30.22606045212,
    35.000071120142));
#6684 = B_SPLINE_CURVE_WITH_KNOTS('',1,(#6685,#6686),.UNSPECIFIED.,.F.,
  .F.,(2,2),(0.,4.925E+03),.PIECEWISE_BEZIER_KNOTS.);
#6685 = CARTESIAN_POINT('',(3.417006604013,94.869189738379,
    35.000071120142));
#6686 = CARTESIAN_POINT('',(3.417006604013,-30.22606045212,
    35.000071120142));
#6687 = ORIENTED_EDGE('',*,*,#6688,.T.);
#6688 = EDGE_CURVE('',#6682,#6689,#6691,.T.);
#6689 = VERTEX_POINT('',#6690);
#6690 = CARTESIAN_POINT('',(3.415258177945,-30.27724234881,
    35.000071120142));
#6691 = B_SPLINE_CURVE_WITH_KNOTS('',1,(#6692,#6693),.UNSPECIFIED.,.F.,
  .F.,(2,2),(0.,2.016206676143),.PIECEWISE_BEZIER_KNOTS.);
#6692 = CARTESIAN_POINT('',(3.417006604013,-30.22606045212,
    35.000071120142));
#6693 = CARTESIAN_POINT('',(3.415258177945,-30.27724234881,
    35.000071120142));
#6694 = ORIENTED_EDGE('',*,*,#6695,.T.);
#6695 = EDGE_CURVE('',#6689,#6696,#6698,.T.);
#6696 = VERTEX_POINT('',#6697);
#6697 = CARTESIAN_POINT('',(3.410021051712,-30.32818561187,
    35.000071120142));
#6698 = B_SPLINE_CURVE_WITH_KNOTS('',1,(#6699,#6700),.UNSPECIFIED.,.F.,
  .F.,(2,2),(0.,2.016206676143),.PIECEWISE_BEZIER_KNOTS.);
#6699 = CARTESIAN_POINT('',(3.415258177945,-30.27724234881,
    35.000071120142));
#6700 = CARTESIAN_POINT('',(3.410021051712,-30.32818561187,
    35.000071120142));
#6701 = ORIENTED_EDGE('',*,*,#6702,.T.);
#6702 = EDGE_CURVE('',#6696,#6703,#6705,.T.);
#6703 = VERTEX_POINT('',#6704);
#6704 = CARTESIAN_POINT('',(3.401319643212,-30.3786527203,
    35.000071120142));
#6705 = B_SPLINE_CURVE_WITH_KNOTS('',1,(#6706,#6707),.UNSPECIFIED.,.F.,
  .F.,(2,2),(0.,2.016206676143),.PIECEWISE_BEZIER_KNOTS.);
#6706 = CARTESIAN_POINT('',(3.410021051712,-30.32818561187,
    35.000071120142));
#6707 = CARTESIAN_POINT('',(3.401319643212,-30.3786527203,
    35.000071120142));
#6708 = ORIENTED_EDGE('',*,*,#6709,.T.);
#6709 = EDGE_CURVE('',#6703,#6710,#6712,.T.);
#6710 = VERTEX_POINT('',#6711);
#6711 = CARTESIAN_POINT('',(3.389194522429,-30.42840837313,
    35.000071120142));
#6712 = B_SPLINE_CURVE_WITH_KNOTS('',1,(#6713,#6714),.UNSPECIFIED.,.F.,
  .F.,(2,2),(0.,2.016206676143),.PIECEWISE_BEZIER_KNOTS.);
#6713 = CARTESIAN_POINT('',(3.401319643212,-30.3786527203,
    35.000071120142));
#6714 = CARTESIAN_POINT('',(3.389194522429,-30.42840837313,
    35.000071120142));
#6715 = ORIENTED_EDGE('',*,*,#6716,.T.);
#6716 = EDGE_CURVE('',#6710,#6717,#6719,.T.);
#6717 = VERTEX_POINT('',#6718);
#6718 = CARTESIAN_POINT('',(3.373702222274,-30.47722058654,
    35.000071120142));
#6719 = B_SPLINE_CURVE_WITH_KNOTS('',1,(#6720,#6721),.UNSPECIFIED.,.F.,
  .F.,(2,2),(0.,2.016206676143),.PIECEWISE_BEZIER_KNOTS.);
#6720 = CARTESIAN_POINT('',(3.389194522429,-30.42840837313,
    35.000071120142));
#6721 = CARTESIAN_POINT('',(3.373702222274,-30.47722058654,
    35.000071120142));
#6722 = ORIENTED_EDGE('',*,*,#6723,.T.);
#6723 = EDGE_CURVE('',#6717,#6724,#6726,.T.);
#6724 = VERTEX_POINT('',#6725);
#6725 = CARTESIAN_POINT('',(3.354914975,-30.52486177547,35.000071120142)
  );
#6726 = B_SPLINE_CURVE_WITH_KNOTS('',1,(#6727,#6728),.UNSPECIFIED.,.F.,
  .F.,(2,2),(0.,2.016206676143),.PIECEWISE_BEZIER_KNOTS.);
#6727 = CARTESIAN_POINT('',(3.373702222274,-30.47722058654,
    35.000071120142));
#6728 = CARTESIAN_POINT('',(3.354914975,-30.52486177547,35.000071120142)
  );
#6729 = ORIENTED_EDGE('',*,*,#6730,.T.);
#6730 = EDGE_CURVE('',#6724,#6731,#6733,.T.);
#6731 = VERTEX_POINT('',#6732);
#6732 = CARTESIAN_POINT('',(3.332920375429,-30.5711098147,
    35.000071120142));
#6733 = B_SPLINE_CURVE_WITH_KNOTS('',1,(#6734,#6735),.UNSPECIFIED.,.F.,
  .F.,(2,2),(0.,2.016206676143),.PIECEWISE_BEZIER_KNOTS.);
#6734 = CARTESIAN_POINT('',(3.354914975,-30.52486177547,35.000071120142)
  );
#6735 = CARTESIAN_POINT('',(3.332920375429,-30.5711098147,
    35.000071120142));
#6736 = ORIENTED_EDGE('',*,*,#6737,.T.);
#6737 = EDGE_CURVE('',#6731,#6738,#6740,.T.);
#6738 = VERTEX_POINT('',#6739);
#6739 = CARTESIAN_POINT('',(3.307820972535,-30.61574907452,
    35.000071120142));
#6740 = B_SPLINE_CURVE_WITH_KNOTS('',1,(#6741,#6742),.UNSPECIFIED.,.F.,
  .F.,(2,2),(0.,2.016206676143),.PIECEWISE_BEZIER_KNOTS.);
#6741 = CARTESIAN_POINT('',(3.332920375429,-30.5711098147,
    35.000071120142));
#6742 = CARTESIAN_POINT('',(3.307820972535,-30.61574907452,
    35.000071120142));
#6743 = ORIENTED_EDGE('',*,*,#6744,.T.);
#6744 = EDGE_CURVE('',#6738,#6745,#6747,.T.);
#6745 = VERTEX_POINT('',#6746);
#6746 = CARTESIAN_POINT('',(3.279733791322,-30.65857142609,
    35.000071120142));
#6747 = B_SPLINE_CURVE_WITH_KNOTS('',1,(#6748,#6749),.UNSPECIFIED.,.F.,
  .F.,(2,2),(0.,2.016206676143),.PIECEWISE_BEZIER_KNOTS.);
#6748 = CARTESIAN_POINT('',(3.307820972535,-30.61574907452,
    35.000071120142));
#6749 = CARTESIAN_POINT('',(3.279733791322,-30.65857142609,
    35.000071120142));
#6750 = ORIENTED_EDGE('',*,*,#6751,.T.);
#6751 = EDGE_CURVE('',#6745,#6752,#6754,.T.);
#6752 = VERTEX_POINT('',#6753);
#6753 = CARTESIAN_POINT('',(3.248789787194,-30.69937721184,
    35.000071120142));
#6754 = B_SPLINE_CURVE_WITH_KNOTS('',1,(#6755,#6756),.UNSPECIFIED.,.F.,
  .F.,(2,2),(0.,2.016206676143),.PIECEWISE_BEZIER_KNOTS.);
#6755 = CARTESIAN_POINT('',(3.279733791322,-30.65857142609,
    35.000071120142));
#6756 = CARTESIAN_POINT('',(3.248789787194,-30.69937721184,
    35.000071120142));
#6757 = ORIENTED_EDGE('',*,*,#6758,.T.);
#6758 = EDGE_CURVE('',#6752,#6759,#6761,.T.);
#6759 = VERTEX_POINT('',#6760);
#6760 = CARTESIAN_POINT('',(3.215133235383,-30.73797617637,
    35.000071120142));
#6761 = B_SPLINE_CURVE_WITH_KNOTS('',1,(#6762,#6763),.UNSPECIFIED.,.F.,
  .F.,(2,2),(0.,2.016206676143),.PIECEWISE_BEZIER_KNOTS.);
#6762 = CARTESIAN_POINT('',(3.248789787194,-30.69937721184,
    35.000071120142));
#6763 = CARTESIAN_POINT('',(3.215133235383,-30.73797617637,
    35.000071120142));
#6764 = ORIENTED_EDGE('',*,*,#6765,.T.);
#6765 = EDGE_CURVE('',#6759,#6766,#6768,.T.);
#6766 = VERTEX_POINT('',#6767);
#6767 = CARTESIAN_POINT('',(3.178921058269,-30.77418835349,
    35.000071120142));
#6768 = B_SPLINE_CURVE_WITH_KNOTS('',1,(#6769,#6770),.UNSPECIFIED.,.F.,
  .F.,(2,2),(0.,2.016206676143),.PIECEWISE_BEZIER_KNOTS.);
#6769 = CARTESIAN_POINT('',(3.215133235383,-30.73797617637,
    35.000071120142));
#6770 = CARTESIAN_POINT('',(3.178921058269,-30.77418835349,
    35.000071120142));
#6771 = ORIENTED_EDGE('',*,*,#6772,.T.);
#6772 = EDGE_CURVE('',#6766,#6773,#6775,.T.);
#6773 = VERTEX_POINT('',#6774);
#6774 = CARTESIAN_POINT('',(3.140322093739,-30.8078449053,
    35.000071120142));
#6775 = B_SPLINE_CURVE_WITH_KNOTS('',1,(#6776,#6777),.UNSPECIFIED.,.F.,
  .F.,(2,2),(0.,2.016206676143),.PIECEWISE_BEZIER_KNOTS.);
#6776 = CARTESIAN_POINT('',(3.178921058269,-30.77418835349,
    35.000071120142));
#6777 = CARTESIAN_POINT('',(3.140322093739,-30.8078449053,
    35.000071120142));
#6778 = ORIENTED_EDGE('',*,*,#6779,.T.);
#6779 = EDGE_CURVE('',#6773,#6780,#6782,.T.);
#6780 = VERTEX_POINT('',#6781);
#6781 = CARTESIAN_POINT('',(3.099516307982,-30.83878890943,
    35.000071120142));
#6782 = B_SPLINE_CURVE_WITH_KNOTS('',1,(#6783,#6784),.UNSPECIFIED.,.F.,
  .F.,(2,2),(0.,2.016206676143),.PIECEWISE_BEZIER_KNOTS.);
#6783 = CARTESIAN_POINT('',(3.140322093739,-30.8078449053,
    35.000071120142));
#6784 = CARTESIAN_POINT('',(3.099516307982,-30.83878890943,
    35.000071120142));
#6785 = ORIENTED_EDGE('',*,*,#6786,.T.);
#6786 = EDGE_CURVE('',#6780,#6787,#6789,.T.);
#6787 = VERTEX_POINT('',#6788);
#6788 = CARTESIAN_POINT('',(3.05669395641,-30.86687609064,
    35.000071120142));
#6789 = B_SPLINE_CURVE_WITH_KNOTS('',1,(#6790,#6791),.UNSPECIFIED.,.F.,
  .F.,(2,2),(0.,2.016206676143),.PIECEWISE_BEZIER_KNOTS.);
#6790 = CARTESIAN_POINT('',(3.099516307982,-30.83878890943,
    35.000071120142));
#6791 = CARTESIAN_POINT('',(3.05669395641,-30.86687609064,
    35.000071120142));
#6792 = ORIENTED_EDGE('',*,*,#6793,.T.);
#6793 = EDGE_CURVE('',#6787,#6794,#6796,.T.);
#6794 = VERTEX_POINT('',#6795);
#6795 = CARTESIAN_POINT('',(3.012054696593,-30.89197549353,
    35.000071120142));
#6796 = B_SPLINE_CURVE_WITH_KNOTS('',1,(#6797,#6798),.UNSPECIFIED.,.F.,
  .F.,(2,2),(0.,2.016206676143),.PIECEWISE_BEZIER_KNOTS.);
#6797 = CARTESIAN_POINT('',(3.05669395641,-30.86687609064,
    35.000071120142));
#6798 = CARTESIAN_POINT('',(3.012054696593,-30.89197549353,
    35.000071120142));
#6799 = ORIENTED_EDGE('',*,*,#6800,.T.);
#6800 = EDGE_CURVE('',#6794,#6801,#6803,.T.);
#6801 = VERTEX_POINT('',#6802);
#6802 = CARTESIAN_POINT('',(2.965806657366,-30.91397009311,
    35.000071120142));
#6803 = B_SPLINE_CURVE_WITH_KNOTS('',1,(#6804,#6805),.UNSPECIFIED.,.F.,
  .F.,(2,2),(0.,2.016206676143),.PIECEWISE_BEZIER_KNOTS.);
#6804 = CARTESIAN_POINT('',(3.012054696593,-30.89197549353,
    35.000071120142));
#6805 = CARTESIAN_POINT('',(2.965806657366,-30.91397009311,
    35.000071120142));
#6806 = ORIENTED_EDGE('',*,*,#6807,.T.);
#6807 = EDGE_CURVE('',#6801,#6808,#6810,.T.);
#6808 = VERTEX_POINT('',#6809);
#6809 = CARTESIAN_POINT('',(2.918165468437,-30.93275734038,
    35.000071120142));
#6810 = B_SPLINE_CURVE_WITH_KNOTS('',1,(#6811,#6812),.UNSPECIFIED.,.F.,
  .F.,(2,2),(0.,2.016206676143),.PIECEWISE_BEZIER_KNOTS.);
#6811 = CARTESIAN_POINT('',(2.965806657366,-30.91397009311,
    35.000071120142));
#6812 = CARTESIAN_POINT('',(2.918165468437,-30.93275734038,
    35.000071120142));
#6813 = ORIENTED_EDGE('',*,*,#6814,.T.);
#6814 = EDGE_CURVE('',#6808,#6815,#6817,.T.);
#6815 = VERTEX_POINT('',#6816);
#6816 = CARTESIAN_POINT('',(2.869353255021,-30.94824964053,
    35.000071120142));
#6817 = B_SPLINE_CURVE_WITH_KNOTS('',1,(#6818,#6819),.UNSPECIFIED.,.F.,
  .F.,(2,2),(0.,2.016206676143),.PIECEWISE_BEZIER_KNOTS.);
#6818 = CARTESIAN_POINT('',(2.918165468437,-30.93275734038,
    35.000071120142));
#6819 = CARTESIAN_POINT('',(2.869353255021,-30.94824964053,
    35.000071120142));
#6820 = ORIENTED_EDGE('',*,*,#6821,.T.);
#6821 = EDGE_CURVE('',#6815,#6822,#6824,.T.);
#6822 = VERTEX_POINT('',#6823);
#6823 = CARTESIAN_POINT('',(2.81959760219,-30.96037476132,
    35.000071120142));
#6824 = B_SPLINE_CURVE_WITH_KNOTS('',1,(#6825,#6826),.UNSPECIFIED.,.F.,
  .F.,(2,2),(0.,2.016206676143),.PIECEWISE_BEZIER_KNOTS.);
#6825 = CARTESIAN_POINT('',(2.869353255021,-30.94824964053,
    35.000071120142));
#6826 = CARTESIAN_POINT('',(2.81959760219,-30.96037476132,
    35.000071120142));
#6827 = ORIENTED_EDGE('',*,*,#6828,.T.);
#6828 = EDGE_CURVE('',#6822,#6829,#6831,.T.);
#6829 = VERTEX_POINT('',#6830);
#6830 = CARTESIAN_POINT('',(2.769130493765,-30.96907616982,
    35.000071120142));
#6831 = B_SPLINE_CURVE_WITH_KNOTS('',1,(#6832,#6833),.UNSPECIFIED.,.F.,
  .F.,(2,2),(0.,2.016206676143),.PIECEWISE_BEZIER_KNOTS.);
#6832 = CARTESIAN_POINT('',(2.81959760219,-30.96037476132,
    35.000071120142));
#6833 = CARTESIAN_POINT('',(2.769130493765,-30.96907616982,
    35.000071120142));
#6834 = ORIENTED_EDGE('',*,*,#6835,.T.);
#6835 = EDGE_CURVE('',#6829,#6836,#6838,.T.);
#6836 = VERTEX_POINT('',#6837);
#6837 = CARTESIAN_POINT('',(2.718187230702,-30.97431329605,
    35.000071120142));
#6838 = B_SPLINE_CURVE_WITH_KNOTS('',1,(#6839,#6840),.UNSPECIFIED.,.F.,
  .F.,(2,2),(0.,2.016206676143),.PIECEWISE_BEZIER_KNOTS.);
#6839 = CARTESIAN_POINT('',(2.769130493765,-30.96907616982,
    35.000071120142));
#6840 = CARTESIAN_POINT('',(2.718187230702,-30.97431329605,
    35.000071120142));
#6841 = ORIENTED_EDGE('',*,*,#6842,.T.);
#6842 = EDGE_CURVE('',#6836,#6843,#6845,.T.);
#6843 = VERTEX_POINT('',#6844);
#6844 = CARTESIAN_POINT('',(2.667005334011,-30.97606172212,
    35.000071120142));
#6845 = B_SPLINE_CURVE_WITH_KNOTS('',1,(#6846,#6847),.UNSPECIFIED.,.F.,
  .F.,(2,2),(0.,2.016206676143),.PIECEWISE_BEZIER_KNOTS.);
#6846 = CARTESIAN_POINT('',(2.718187230702,-30.97431329605,
    35.000071120142));
#6847 = CARTESIAN_POINT('',(2.667005334011,-30.97606172212,
    35.000071120142));
#6848 = ORIENTED_EDGE('',*,*,#6849,.T.);
#6849 = EDGE_CURVE('',#6843,#6850,#6852,.T.);
#6850 = VERTEX_POINT('',#6851);
#6851 = CARTESIAN_POINT('',(-96.01219202438,-30.97606172212,
    35.000071120142));
#6852 = B_SPLINE_CURVE_WITH_KNOTS('',1,(#6853,#6854),.UNSPECIFIED.,.F.,
  .F.,(2,2),(0.,3.885E+03),.PIECEWISE_BEZIER_KNOTS.);
#6853 = CARTESIAN_POINT('',(2.667005334011,-30.97606172212,
    35.000071120142));
#6854 = CARTESIAN_POINT('',(-96.01219202438,-30.97606172212,
    35.000071120142));
#6855 = ORIENTED_EDGE('',*,*,#6856,.T.);
#6856 = EDGE_CURVE('',#6850,#6857,#6859,.T.);
#6857 = VERTEX_POINT('',#6858);
#6858 = CARTESIAN_POINT('',(-96.06337392107,-30.97431329605,
    35.000071120142));
#6859 = B_SPLINE_CURVE_WITH_KNOTS('',1,(#6860,#6861),.UNSPECIFIED.,.F.,
  .F.,(2,2),(0.,2.016206676143),.PIECEWISE_BEZIER_KNOTS.);
#6860 = CARTESIAN_POINT('',(-96.01219202438,-30.97606172212,
    35.000071120142));
#6861 = CARTESIAN_POINT('',(-96.06337392107,-30.97431329605,
    35.000071120142));
#6862 = ORIENTED_EDGE('',*,*,#6863,.T.);
#6863 = EDGE_CURVE('',#6857,#6864,#6866,.T.);
#6864 = VERTEX_POINT('',#6865);
#6865 = CARTESIAN_POINT('',(-96.11431718413,-30.96907616982,
    35.000071120142));
#6866 = B_SPLINE_CURVE_WITH_KNOTS('',1,(#6867,#6868),.UNSPECIFIED.,.F.,
  .F.,(2,2),(0.,2.016206676144),.PIECEWISE_BEZIER_KNOTS.);
#6867 = CARTESIAN_POINT('',(-96.06337392107,-30.97431329605,
    35.000071120142));
#6868 = CARTESIAN_POINT('',(-96.11431718413,-30.96907616982,
    35.000071120142));
#6869 = ORIENTED_EDGE('',*,*,#6870,.T.);
#6870 = EDGE_CURVE('',#6864,#6871,#6873,.T.);
#6871 = VERTEX_POINT('',#6872);
#6872 = CARTESIAN_POINT('',(-96.16478429256,-30.96037476132,
    35.000071120142));
#6873 = B_SPLINE_CURVE_WITH_KNOTS('',1,(#6874,#6875),.UNSPECIFIED.,.F.,
  .F.,(2,2),(0.,2.016206676143),.PIECEWISE_BEZIER_KNOTS.);
#6874 = CARTESIAN_POINT('',(-96.11431718413,-30.96907616982,
    35.000071120142));
#6875 = CARTESIAN_POINT('',(-96.16478429256,-30.96037476132,
    35.000071120142));
#6876 = ORIENTED_EDGE('',*,*,#6877,.T.);
#6877 = EDGE_CURVE('',#6871,#6878,#6880,.T.);
#6878 = VERTEX_POINT('',#6879);
#6879 = CARTESIAN_POINT('',(-96.21453994539,-30.94824964053,
    35.000071120142));
#6880 = B_SPLINE_CURVE_WITH_KNOTS('',1,(#6881,#6882),.UNSPECIFIED.,.F.,
  .F.,(2,2),(0.,2.016206676144),.PIECEWISE_BEZIER_KNOTS.);
#6881 = CARTESIAN_POINT('',(-96.16478429256,-30.96037476132,
    35.000071120142));
#6882 = CARTESIAN_POINT('',(-96.21453994539,-30.94824964053,
    35.000071120142));
#6883 = ORIENTED_EDGE('',*,*,#6884,.T.);
#6884 = EDGE_CURVE('',#6878,#6885,#6887,.T.);
#6885 = VERTEX_POINT('',#6886);
#6886 = CARTESIAN_POINT('',(-96.26335215881,-30.93275734038,
    35.000071120142));
#6887 = B_SPLINE_CURVE_WITH_KNOTS('',1,(#6888,#6889),.UNSPECIFIED.,.F.,
  .F.,(2,2),(0.,2.016206676143),.PIECEWISE_BEZIER_KNOTS.);
#6888 = CARTESIAN_POINT('',(-96.21453994539,-30.94824964053,
    35.000071120142));
#6889 = CARTESIAN_POINT('',(-96.26335215881,-30.93275734038,
    35.000071120142));
#6890 = ORIENTED_EDGE('',*,*,#6891,.T.);
#6891 = EDGE_CURVE('',#6885,#6892,#6894,.T.);
#6892 = VERTEX_POINT('',#6893);
#6893 = CARTESIAN_POINT('',(-96.31099334773,-30.91397009311,
    35.000071120142));
#6894 = B_SPLINE_CURVE_WITH_KNOTS('',1,(#6895,#6896),.UNSPECIFIED.,.F.,
  .F.,(2,2),(0.,2.016206676143),.PIECEWISE_BEZIER_KNOTS.);
#6895 = CARTESIAN_POINT('',(-96.26335215881,-30.93275734038,
    35.000071120142));
#6896 = CARTESIAN_POINT('',(-96.31099334773,-30.91397009311,
    35.000071120142));
#6897 = ORIENTED_EDGE('',*,*,#6898,.T.);
#6898 = EDGE_CURVE('',#6892,#6899,#6901,.T.);
#6899 = VERTEX_POINT('',#6900);
#6900 = CARTESIAN_POINT('',(-96.35724138696,-30.89197549353,
    35.000071120142));
#6901 = B_SPLINE_CURVE_WITH_KNOTS('',1,(#6902,#6903),.UNSPECIFIED.,.F.,
  .F.,(2,2),(0.,2.016206676143),.PIECEWISE_BEZIER_KNOTS.);
#6902 = CARTESIAN_POINT('',(-96.31099334773,-30.91397009311,
    35.000071120142));
#6903 = CARTESIAN_POINT('',(-96.35724138696,-30.89197549353,
    35.000071120142));
#6904 = ORIENTED_EDGE('',*,*,#6905,.T.);
#6905 = EDGE_CURVE('',#6899,#6906,#6908,.T.);
#6906 = VERTEX_POINT('',#6907);
#6907 = CARTESIAN_POINT('',(-96.40188064678,-30.86687609064,
    35.000071120142));
#6908 = B_SPLINE_CURVE_WITH_KNOTS('',1,(#6909,#6910),.UNSPECIFIED.,.F.,
  .F.,(2,2),(0.,2.016206676143),.PIECEWISE_BEZIER_KNOTS.);
#6909 = CARTESIAN_POINT('',(-96.35724138696,-30.89197549353,
    35.000071120142));
#6910 = CARTESIAN_POINT('',(-96.40188064678,-30.86687609064,
    35.000071120142));
#6911 = ORIENTED_EDGE('',*,*,#6912,.T.);
#6912 = EDGE_CURVE('',#6906,#6913,#6915,.T.);
#6913 = VERTEX_POINT('',#6914);
#6914 = CARTESIAN_POINT('',(-96.44470299835,-30.83878890943,
    35.000071120142));
#6915 = B_SPLINE_CURVE_WITH_KNOTS('',1,(#6916,#6917),.UNSPECIFIED.,.F.,
  .F.,(2,2),(0.,2.016206676143),.PIECEWISE_BEZIER_KNOTS.);
#6916 = CARTESIAN_POINT('',(-96.40188064678,-30.86687609064,
    35.000071120142));
#6917 = CARTESIAN_POINT('',(-96.44470299835,-30.83878890943,
    35.000071120142));
#6918 = ORIENTED_EDGE('',*,*,#6919,.T.);
#6919 = EDGE_CURVE('',#6913,#6920,#6922,.T.);
#6920 = VERTEX_POINT('',#6921);
#6921 = CARTESIAN_POINT('',(-96.48550878411,-30.8078449053,
    35.000071120142));
#6922 = B_SPLINE_CURVE_WITH_KNOTS('',1,(#6923,#6924),.UNSPECIFIED.,.F.,
  .F.,(2,2),(0.,2.016206676144),.PIECEWISE_BEZIER_KNOTS.);
#6923 = CARTESIAN_POINT('',(-96.44470299835,-30.83878890943,
    35.000071120142));
#6924 = CARTESIAN_POINT('',(-96.48550878411,-30.8078449053,
    35.000071120142));
#6925 = ORIENTED_EDGE('',*,*,#6926,.T.);
#6926 = EDGE_CURVE('',#6920,#6927,#6929,.T.);
#6927 = VERTEX_POINT('',#6928);
#6928 = CARTESIAN_POINT('',(-96.52410774864,-30.77418835349,
    35.000071120142));
#6929 = B_SPLINE_CURVE_WITH_KNOTS('',1,(#6930,#6931),.UNSPECIFIED.,.F.,
  .F.,(2,2),(0.,2.016206676143),.PIECEWISE_BEZIER_KNOTS.);
#6930 = CARTESIAN_POINT('',(-96.48550878411,-30.8078449053,
    35.000071120142));
#6931 = CARTESIAN_POINT('',(-96.52410774864,-30.77418835349,
    35.000071120142));
#6932 = ORIENTED_EDGE('',*,*,#6933,.T.);
#6933 = EDGE_CURVE('',#6927,#6934,#6936,.T.);
#6934 = VERTEX_POINT('',#6935);
#6935 = CARTESIAN_POINT('',(-96.56031992575,-30.73797617637,
    35.000071120142));
#6936 = B_SPLINE_CURVE_WITH_KNOTS('',1,(#6937,#6938),.UNSPECIFIED.,.F.,
  .F.,(2,2),(0.,2.016206676143),.PIECEWISE_BEZIER_KNOTS.);
#6937 = CARTESIAN_POINT('',(-96.52410774864,-30.77418835349,
    35.000071120142));
#6938 = CARTESIAN_POINT('',(-96.56031992575,-30.73797617637,
    35.000071120142));
#6939 = ORIENTED_EDGE('',*,*,#6940,.T.);
#6940 = EDGE_CURVE('',#6934,#6941,#6943,.T.);
#6941 = VERTEX_POINT('',#6942);
#6942 = CARTESIAN_POINT('',(-96.59397647756,-30.69937721184,
    35.000071120142));
#6943 = B_SPLINE_CURVE_WITH_KNOTS('',1,(#6944,#6945),.UNSPECIFIED.,.F.,
  .F.,(2,2),(0.,2.016206676143),.PIECEWISE_BEZIER_KNOTS.);
#6944 = CARTESIAN_POINT('',(-96.56031992575,-30.73797617637,
    35.000071120142));
#6945 = CARTESIAN_POINT('',(-96.59397647756,-30.69937721184,
    35.000071120142));
#6946 = ORIENTED_EDGE('',*,*,#6947,.T.);
#6947 = EDGE_CURVE('',#6941,#6948,#6950,.T.);
#6948 = VERTEX_POINT('',#6949);
#6949 = CARTESIAN_POINT('',(-96.62492048169,-30.65857142609,
    35.000071120142));
#6950 = B_SPLINE_CURVE_WITH_KNOTS('',1,(#6951,#6952),.UNSPECIFIED.,.F.,
  .F.,(2,2),(0.,2.016206676143),.PIECEWISE_BEZIER_KNOTS.);
#6951 = CARTESIAN_POINT('',(-96.59397647756,-30.69937721184,
    35.000071120142));
#6952 = CARTESIAN_POINT('',(-96.62492048169,-30.65857142609,
    35.000071120142));
#6953 = ORIENTED_EDGE('',*,*,#6954,.T.);
#6954 = EDGE_CURVE('',#6948,#6955,#6957,.T.);
#6955 = VERTEX_POINT('',#6956);
#6956 = CARTESIAN_POINT('',(-96.6530076629,-30.61574907452,
    35.000071120142));
#6957 = B_SPLINE_CURVE_WITH_KNOTS('',1,(#6958,#6959),.UNSPECIFIED.,.F.,
  .F.,(2,2),(0.,2.016206676143),.PIECEWISE_BEZIER_KNOTS.);
#6958 = CARTESIAN_POINT('',(-96.62492048169,-30.65857142609,
    35.000071120142));
#6959 = CARTESIAN_POINT('',(-96.6530076629,-30.61574907452,
    35.000071120142));
#6960 = ORIENTED_EDGE('',*,*,#6961,.T.);
#6961 = EDGE_CURVE('',#6955,#6962,#6964,.T.);
#6962 = VERTEX_POINT('',#6963);
#6963 = CARTESIAN_POINT('',(-96.6781070658,-30.5711098147,
    35.000071120142));
#6964 = B_SPLINE_CURVE_WITH_KNOTS('',1,(#6965,#6966),.UNSPECIFIED.,.F.,
  .F.,(2,2),(0.,2.016206676143),.PIECEWISE_BEZIER_KNOTS.);
#6965 = CARTESIAN_POINT('',(-96.6530076629,-30.61574907452,
    35.000071120142));
#6966 = CARTESIAN_POINT('',(-96.6781070658,-30.5711098147,
    35.000071120142));
#6967 = ORIENTED_EDGE('',*,*,#6968,.T.);
#6968 = EDGE_CURVE('',#6962,#6969,#6971,.T.);
#6969 = VERTEX_POINT('',#6970);
#6970 = CARTESIAN_POINT('',(-96.70010166537,-30.52486177547,
    35.000071120142));
#6971 = B_SPLINE_CURVE_WITH_KNOTS('',1,(#6972,#6973),.UNSPECIFIED.,.F.,
  .F.,(2,2),(0.,2.016206676143),.PIECEWISE_BEZIER_KNOTS.);
#6972 = CARTESIAN_POINT('',(-96.6781070658,-30.5711098147,
    35.000071120142));
#6973 = CARTESIAN_POINT('',(-96.70010166537,-30.52486177547,
    35.000071120142));
#6974 = ORIENTED_EDGE('',*,*,#6975,.T.);
#6975 = EDGE_CURVE('',#6969,#6976,#6978,.T.);
#6976 = VERTEX_POINT('',#6977);
#6977 = CARTESIAN_POINT('',(-96.71888891264,-30.47722058654,
    35.000071120142));
#6978 = B_SPLINE_CURVE_WITH_KNOTS('',1,(#6979,#6980),.UNSPECIFIED.,.F.,
  .F.,(2,2),(0.,2.016206676143),.PIECEWISE_BEZIER_KNOTS.);
#6979 = CARTESIAN_POINT('',(-96.70010166537,-30.52486177547,
    35.000071120142));
#6980 = CARTESIAN_POINT('',(-96.71888891264,-30.47722058654,
    35.000071120142));
#6981 = ORIENTED_EDGE('',*,*,#6982,.T.);
#6982 = EDGE_CURVE('',#6976,#6983,#6985,.T.);
#6983 = VERTEX_POINT('',#6984);
#6984 = CARTESIAN_POINT('',(-96.7343812128,-30.42840837313,
    35.000071120142));
#6985 = B_SPLINE_CURVE_WITH_KNOTS('',1,(#6986,#6987),.UNSPECIFIED.,.F.,
  .F.,(2,2),(0.,2.016206676143),.PIECEWISE_BEZIER_KNOTS.);
#6986 = CARTESIAN_POINT('',(-96.71888891264,-30.47722058654,
    35.000071120142));
#6987 = CARTESIAN_POINT('',(-96.7343812128,-30.42840837313,
    35.000071120142));
#6988 = ORIENTED_EDGE('',*,*,#6989,.T.);
#6989 = EDGE_CURVE('',#6983,#6990,#6992,.T.);
#6990 = VERTEX_POINT('',#6991);
#6991 = CARTESIAN_POINT('',(-96.74650633358,-30.3786527203,
    35.000071120142));
#6992 = B_SPLINE_CURVE_WITH_KNOTS('',1,(#6993,#6994),.UNSPECIFIED.,.F.,
  .F.,(2,2),(0.,2.016206676143),.PIECEWISE_BEZIER_KNOTS.);
#6993 = CARTESIAN_POINT('',(-96.7343812128,-30.42840837313,
    35.000071120142));
#6994 = CARTESIAN_POINT('',(-96.74650633358,-30.3786527203,
    35.000071120142));
#6995 = ORIENTED_EDGE('',*,*,#6996,.T.);
#6996 = EDGE_CURVE('',#6990,#6997,#6999,.T.);
#6997 = VERTEX_POINT('',#6998);
#6998 = CARTESIAN_POINT('',(-96.75520774208,-30.32818561187,
    35.000071120142));
#6999 = B_SPLINE_CURVE_WITH_KNOTS('',1,(#7000,#7001),.UNSPECIFIED.,.F.,
  .F.,(2,2),(0.,2.016206676143),.PIECEWISE_BEZIER_KNOTS.);
#7000 = CARTESIAN_POINT('',(-96.74650633358,-30.3786527203,
    35.000071120142));
#7001 = CARTESIAN_POINT('',(-96.75520774208,-30.32818561187,
    35.000071120142));
#7002 = ORIENTED_EDGE('',*,*,#7003,.T.);
#7003 = EDGE_CURVE('',#6997,#7004,#7006,.T.);
#7004 = VERTEX_POINT('',#7005);
#7005 = CARTESIAN_POINT('',(-96.76044486831,-30.27724234881,
    35.000071120142));
#7006 = B_SPLINE_CURVE_WITH_KNOTS('',1,(#7007,#7008),.UNSPECIFIED.,.F.,
  .F.,(2,2),(0.,2.016206676143),.PIECEWISE_BEZIER_KNOTS.);
#7007 = CARTESIAN_POINT('',(-96.75520774208,-30.32818561187,
    35.000071120142));
#7008 = CARTESIAN_POINT('',(-96.76044486831,-30.27724234881,
    35.000071120142));
#7009 = ORIENTED_EDGE('',*,*,#7010,.T.);
#7010 = EDGE_CURVE('',#7004,#6344,#7011,.T.);
#7011 = B_SPLINE_CURVE_WITH_KNOTS('',1,(#7012,#7013),.UNSPECIFIED.,.F.,
  .F.,(2,2),(0.,2.016206676143),.PIECEWISE_BEZIER_KNOTS.);
#7012 = CARTESIAN_POINT('',(-96.76044486831,-30.27724234881,
    35.000071120142));
#7013 = CARTESIAN_POINT('',(-96.76219329438,-30.22606045212,
    35.000071120142));
#7014 = PLANE('',#7015);
#7015 = AXIS2_PLACEMENT_3D('',#7016,#7017,#7018);
#7016 = CARTESIAN_POINT('',(-46.67259334518,32.32,35.000071120142));
#7017 = DIRECTION('',(0.,0.,1.));
#7018 = DIRECTION('',(1.,0.,-0.));
#7019 = ADVANCED_FACE('',(#7020,#7860),#7978,.F.);
#7020 = FACE_BOUND('',#7021,.F.);
#7021 = EDGE_LOOP('',(#7022,#7023,#7024,#7031,#7039,#7046,#7053,#7060,
    #7068,#7075,#7082,#7089,#7097,#7104,#7111,#7118,#7126,#7131,#7132,
    #7139,#7147,#7154,#7161,#7168,#7176,#7183,#7190,#7197,#7205,#7212,
    #7219,#7226,#7234,#7241,#7248,#7255,#7263,#7270,#7277,#7284,#7292,
    #7299,#7306,#7313,#7321,#7328,#7335,#7342,#7349,#7356,#7363,#7370,
    #7377,#7384,#7391,#7398,#7405,#7412,#7419,#7426,#7434,#7439,#7440,
    #7447,#7454,#7462,#7469,#7476,#7483,#7491,#7498,#7506,#7513,#7520,
    #7527,#7535,#7542,#7549,#7556,#7564,#7571,#7578,#7585,#7593,#7600,
    #7608,#7615,#7622,#7629,#7637,#7644,#7651,#7658,#7666,#7673,#7680,
    #7687,#7695,#7702,#7710,#7717,#7724,#7731,#7739,#7746,#7753,#7760,
    #7768,#7775,#7782,#7789,#7797,#7804,#7812,#7819,#7826,#7833,#7841,
    #7848,#7855));
#7022 = ORIENTED_EDGE('',*,*,#6131,.T.);
#7023 = ORIENTED_EDGE('',*,*,#6219,.T.);
#7024 = ORIENTED_EDGE('',*,*,#7025,.F.);
#7025 = EDGE_CURVE('',#7026,#6220,#7028,.T.);
#7026 = VERTEX_POINT('',#7027);
#7027 = CARTESIAN_POINT('',(-2.097293135839,66.767133553467,
    1.500002540005));
#7028 = B_SPLINE_CURVE_WITH_KNOTS('',1,(#7029,#7030),.UNSPECIFIED.,.F.,
  .F.,(2,2),(844.80159142793,1.002844472186E+03),
  .PIECEWISE_BEZIER_KNOTS.);
#7029 = CARTESIAN_POINT('',(-2.097293135839,66.767133553467,
    1.500002540005));
#7030 = CARTESIAN_POINT('',(1.917004064008,66.767133553467,
    1.500002540005));
#7031 = ORIENTED_EDGE('',*,*,#7032,.T.);
#7032 = EDGE_CURVE('',#7026,#7033,#7035,.T.);
#7033 = VERTEX_POINT('',#7034);
#7034 = CARTESIAN_POINT('',(-4.099008178816,68.768848596445,
    1.500002540005));
#7035 = ( BOUNDED_CURVE() B_SPLINE_CURVE(2,(#7036,#7037,#7038),
.UNSPECIFIED.,.F.,.F.) B_SPLINE_CURVE_WITH_KNOTS((3,3),(0.226654754756,
1.344141572039),.PIECEWISE_BEZIER_KNOTS.) CURVE() 
GEOMETRIC_REPRESENTATION_ITEM() RATIONAL_B_SPLINE_CURVE((1.,
0.847921925907,1.)) REPRESENTATION_ITEM('') );
#7036 = CARTESIAN_POINT('',(-2.097293135839,66.767133553467,
    1.500002540005));
#7037 = CARTESIAN_POINT('',(-2.47241413676,68.393727595524,
    1.500002540005));
#7038 = CARTESIAN_POINT('',(-4.099008178816,68.768848596445,
    1.500002540005));
#7039 = ORIENTED_EDGE('',*,*,#7040,.T.);
#7040 = EDGE_CURVE('',#7033,#7041,#7043,.T.);
#7041 = VERTEX_POINT('',#7042);
#7042 = CARTESIAN_POINT('',(-4.099008178816,73.837147919736,
    1.500002540005));
#7043 = B_SPLINE_CURVE_WITH_KNOTS('',1,(#7044,#7045),.UNSPECIFIED.,.F.,
  .F.,(2,2),(684.80159142793,884.3405357859),.PIECEWISE_BEZIER_KNOTS.);
#7044 = CARTESIAN_POINT('',(-4.099008178816,68.768848596445,
    1.500002540005));
#7045 = CARTESIAN_POINT('',(-4.099008178816,73.837147919736,
    1.500002540005));
#7046 = ORIENTED_EDGE('',*,*,#7047,.F.);
#7047 = EDGE_CURVE('',#7048,#7041,#7050,.T.);
#7048 = VERTEX_POINT('',#7049);
#7049 = CARTESIAN_POINT('',(-5.299010617221,73.837147919736,
    1.500002540005));
#7050 = B_SPLINE_CURVE_WITH_KNOTS('',1,(#7051,#7052),.UNSPECIFIED.,.F.,
  .F.,(2,2),(0.,47.244096),.PIECEWISE_BEZIER_KNOTS.);
#7051 = CARTESIAN_POINT('',(-5.299010617221,73.837147919736,
    1.500002540005));
#7052 = CARTESIAN_POINT('',(-4.099008178816,73.837147919736,
    1.500002540005));
#7053 = ORIENTED_EDGE('',*,*,#7054,.F.);
#7054 = EDGE_CURVE('',#7055,#7048,#7057,.T.);
#7055 = VERTEX_POINT('',#7056);
#7056 = CARTESIAN_POINT('',(-5.299010617221,68.768848596445,
    1.500002540005));
#7057 = B_SPLINE_CURVE_WITH_KNOTS('',1,(#7058,#7059),.UNSPECIFIED.,.F.,
  .F.,(2,2),(684.80159142793,884.3405357859),.PIECEWISE_BEZIER_KNOTS.);
#7058 = CARTESIAN_POINT('',(-5.299010617221,68.768848596445,
    1.500002540005));
#7059 = CARTESIAN_POINT('',(-5.299010617221,73.837147919736,
    1.500002540005));
#7060 = ORIENTED_EDGE('',*,*,#7061,.T.);
#7061 = EDGE_CURVE('',#7055,#7062,#7064,.T.);
#7062 = VERTEX_POINT('',#7063);
#7063 = CARTESIAN_POINT('',(-7.300725660199,66.767133553467,
    1.500002540005));
#7064 = ( BOUNDED_CURVE() B_SPLINE_CURVE(2,(#7065,#7066,#7067),
.UNSPECIFIED.,.F.,.F.) B_SPLINE_CURVE_WITH_KNOTS((3,3),(1.79745108155,
2.914937898834),.PIECEWISE_BEZIER_KNOTS.) CURVE() 
GEOMETRIC_REPRESENTATION_ITEM() RATIONAL_B_SPLINE_CURVE((1.,
0.847921925907,1.)) REPRESENTATION_ITEM('') );
#7065 = CARTESIAN_POINT('',(-5.299010617221,68.768848596445,
    1.500002540005));
#7066 = CARTESIAN_POINT('',(-6.925604659278,68.393727595524,
    1.500002540005));
#7067 = CARTESIAN_POINT('',(-7.300725660199,66.767133553467,
    1.500002540005));
#7068 = ORIENTED_EDGE('',*,*,#7069,.T.);
#7069 = EDGE_CURVE('',#7062,#7070,#7072,.T.);
#7070 = VERTEX_POINT('',#7071);
#7071 = CARTESIAN_POINT('',(-12.36902498349,66.767133553467,
    1.500002540005));
#7072 = B_SPLINE_CURVE_WITH_KNOTS('',1,(#7073,#7074),.UNSPECIFIED.,.F.,
  .F.,(2,2),(-807.698408572,-608.159464214),.PIECEWISE_BEZIER_KNOTS.);
#7073 = CARTESIAN_POINT('',(-7.300725660199,66.767133553467,
    1.500002540005));
#7074 = CARTESIAN_POINT('',(-12.36902498349,66.767133553467,
    1.500002540005));
#7075 = ORIENTED_EDGE('',*,*,#7076,.F.);
#7076 = EDGE_CURVE('',#7077,#7070,#7079,.T.);
#7077 = VERTEX_POINT('',#7078);
#7078 = CARTESIAN_POINT('',(-12.36902498349,65.567131115062,
    1.500002540005));
#7079 = B_SPLINE_CURVE_WITH_KNOTS('',1,(#7080,#7081),.UNSPECIFIED.,.F.,
  .F.,(2,2),(0.,47.244096),.PIECEWISE_BEZIER_KNOTS.);
#7080 = CARTESIAN_POINT('',(-12.36902498349,65.567131115062,
    1.500002540005));
#7081 = CARTESIAN_POINT('',(-12.36902498349,66.767133553467,
    1.500002540005));
#7082 = ORIENTED_EDGE('',*,*,#7083,.F.);
#7083 = EDGE_CURVE('',#7084,#7077,#7086,.T.);
#7084 = VERTEX_POINT('',#7085);
#7085 = CARTESIAN_POINT('',(-7.300725660199,65.567131115062,
    1.500002540005));
#7086 = B_SPLINE_CURVE_WITH_KNOTS('',1,(#7087,#7088),.UNSPECIFIED.,.F.,
  .F.,(2,2),(-807.698408572,-608.159464214),.PIECEWISE_BEZIER_KNOTS.);
#7087 = CARTESIAN_POINT('',(-7.300725660199,65.567131115062,
    1.500002540005));
#7088 = CARTESIAN_POINT('',(-12.36902498349,65.567131115062,
    1.500002540005));
#7089 = ORIENTED_EDGE('',*,*,#7090,.T.);
#7090 = EDGE_CURVE('',#7084,#7091,#7093,.T.);
#7091 = VERTEX_POINT('',#7092);
#7092 = CARTESIAN_POINT('',(-5.299010617221,63.565416072085,
    1.500002540005));
#7093 = ( BOUNDED_CURVE() B_SPLINE_CURVE(2,(#7094,#7095,#7096),
.UNSPECIFIED.,.F.,.F.) B_SPLINE_CURVE_WITH_KNOTS((3,3),(3.368247408345,
4.485734225629),.PIECEWISE_BEZIER_KNOTS.) CURVE() 
GEOMETRIC_REPRESENTATION_ITEM() RATIONAL_B_SPLINE_CURVE((1.,
0.847921925907,1.)) REPRESENTATION_ITEM('') );
#7094 = CARTESIAN_POINT('',(-7.300725660199,65.567131115062,
    1.500002540005));
#7095 = CARTESIAN_POINT('',(-6.925604659278,63.940537073006,
    1.500002540005));
#7096 = CARTESIAN_POINT('',(-5.299010617221,63.565416072085,
    1.500002540005));
#7097 = ORIENTED_EDGE('',*,*,#7098,.T.);
#7098 = EDGE_CURVE('',#7091,#7099,#7101,.T.);
#7099 = VERTEX_POINT('',#7100);
#7100 = CARTESIAN_POINT('',(-5.299010617221,58.497116748793,
    1.500002540005));
#7101 = B_SPLINE_CURVE_WITH_KNOTS('',1,(#7102,#7103),.UNSPECIFIED.,.F.,
  .F.,(2,2),(-647.698408572,-448.159464214),.PIECEWISE_BEZIER_KNOTS.);
#7102 = CARTESIAN_POINT('',(-5.299010617221,63.565416072085,
    1.500002540005));
#7103 = CARTESIAN_POINT('',(-5.299010617221,58.497116748793,
    1.500002540005));
#7104 = ORIENTED_EDGE('',*,*,#7105,.F.);
#7105 = EDGE_CURVE('',#7106,#7099,#7108,.T.);
#7106 = VERTEX_POINT('',#7107);
#7107 = CARTESIAN_POINT('',(-4.099008178816,58.497116748793,
    1.500002540005));
#7108 = B_SPLINE_CURVE_WITH_KNOTS('',1,(#7109,#7110),.UNSPECIFIED.,.F.,
  .F.,(2,2),(0.,47.244096),.PIECEWISE_BEZIER_KNOTS.);
#7109 = CARTESIAN_POINT('',(-4.099008178816,58.497116748793,
    1.500002540005));
#7110 = CARTESIAN_POINT('',(-5.299010617221,58.497116748793,
    1.500002540005));
#7111 = ORIENTED_EDGE('',*,*,#7112,.F.);
#7112 = EDGE_CURVE('',#7113,#7106,#7115,.T.);
#7113 = VERTEX_POINT('',#7114);
#7114 = CARTESIAN_POINT('',(-4.099008178816,63.565416072085,
    1.500002540005));
#7115 = B_SPLINE_CURVE_WITH_KNOTS('',1,(#7116,#7117),.UNSPECIFIED.,.F.,
  .F.,(2,2),(-647.698408572,-448.159464214),.PIECEWISE_BEZIER_KNOTS.);
#7116 = CARTESIAN_POINT('',(-4.099008178816,63.565416072085,
    1.500002540005));
#7117 = CARTESIAN_POINT('',(-4.099008178816,58.497116748793,
    1.500002540005));
#7118 = ORIENTED_EDGE('',*,*,#7119,.T.);
#7119 = EDGE_CURVE('',#7113,#7120,#7122,.T.);
#7120 = VERTEX_POINT('',#7121);
#7121 = CARTESIAN_POINT('',(-2.097293135839,65.567131115062,
    1.500002540005));
#7122 = ( BOUNDED_CURVE() B_SPLINE_CURVE(2,(#7123,#7124,#7125),
.UNSPECIFIED.,.F.,.F.) B_SPLINE_CURVE_WITH_KNOTS((3,3),(4.93904373514,
6.056530552424),.PIECEWISE_BEZIER_KNOTS.) CURVE() 
GEOMETRIC_REPRESENTATION_ITEM() RATIONAL_B_SPLINE_CURVE((1.,
0.847921925907,1.)) REPRESENTATION_ITEM('') );
#7123 = CARTESIAN_POINT('',(-4.099008178816,63.565416072085,
    1.500002540005));
#7124 = CARTESIAN_POINT('',(-2.47241413676,63.940537073006,
    1.500002540005));
#7125 = CARTESIAN_POINT('',(-2.097293135839,65.567131115062,
    1.500002540005));
#7126 = ORIENTED_EDGE('',*,*,#7127,.T.);
#7127 = EDGE_CURVE('',#7120,#6298,#7128,.T.);
#7128 = B_SPLINE_CURVE_WITH_KNOTS('',1,(#7129,#7130),.UNSPECIFIED.,.F.,
  .F.,(2,2),(844.80159142793,1.002844472186E+03),
  .PIECEWISE_BEZIER_KNOTS.);
#7129 = CARTESIAN_POINT('',(-2.097293135839,65.567131115062,
    1.500002540005));
#7130 = CARTESIAN_POINT('',(1.917004064008,65.567131115062,
    1.500002540005));
#7131 = ORIENTED_EDGE('',*,*,#6297,.T.);
#7132 = ORIENTED_EDGE('',*,*,#7133,.F.);
#7133 = EDGE_CURVE('',#7134,#6291,#7136,.T.);
#7134 = VERTEX_POINT('',#7135);
#7135 = CARTESIAN_POINT('',(-2.39829389784,5.553011125222,1.500002540005
    ));
#7136 = B_SPLINE_CURVE_WITH_KNOTS('',1,(#7137,#7138),.UNSPECIFIED.,.F.,
  .F.,(2,2),(838.87639142793,1.008769672186E+03),
  .PIECEWISE_BEZIER_KNOTS.);
#7137 = CARTESIAN_POINT('',(-2.39829389784,5.553011125222,1.500002540005
    ));
#7138 = CARTESIAN_POINT('',(1.917004064008,5.553011125222,1.500002540005
    ));
#7139 = ORIENTED_EDGE('',*,*,#7140,.T.);
#7140 = EDGE_CURVE('',#7134,#7141,#7143,.T.);
#7141 = VERTEX_POINT('',#7142);
#7142 = CARTESIAN_POINT('',(-4.400008940818,7.5547261682,1.500002540005)
  );
#7143 = ( BOUNDED_CURVE() B_SPLINE_CURVE(2,(#7144,#7145,#7146),
.UNSPECIFIED.,.F.,.F.) B_SPLINE_CURVE_WITH_KNOTS((3,3),(0.226654754756,
1.344141572039),.PIECEWISE_BEZIER_KNOTS.) CURVE() 
GEOMETRIC_REPRESENTATION_ITEM() RATIONAL_B_SPLINE_CURVE((1.,
0.847921925907,1.)) REPRESENTATION_ITEM('') );
#7144 = CARTESIAN_POINT('',(-2.39829389784,5.553011125222,1.500002540005
    ));
#7145 = CARTESIAN_POINT('',(-2.773414898761,7.179605167279,
    1.500002540005));
#7146 = CARTESIAN_POINT('',(-4.400008940818,7.5547261682,1.500002540005)
  );
#7147 = ORIENTED_EDGE('',*,*,#7148,.T.);
#7148 = EDGE_CURVE('',#7141,#7149,#7151,.T.);
#7149 = VERTEX_POINT('',#7150);
#7150 = CARTESIAN_POINT('',(-4.400008940818,12.623025491491,
    1.500002540005));
#7151 = B_SPLINE_CURVE_WITH_KNOTS('',1,(#7152,#7153),.UNSPECIFIED.,.F.,
  .F.,(2,2),(-520.198408572,-320.659464214),.PIECEWISE_BEZIER_KNOTS.);
#7152 = CARTESIAN_POINT('',(-4.400008940818,7.5547261682,1.500002540005)
  );
#7153 = CARTESIAN_POINT('',(-4.400008940818,12.623025491491,
    1.500002540005));
#7154 = ORIENTED_EDGE('',*,*,#7155,.F.);
#7155 = EDGE_CURVE('',#7156,#7149,#7158,.T.);
#7156 = VERTEX_POINT('',#7157);
#7157 = CARTESIAN_POINT('',(-5.600011379223,12.623025491491,
    1.500002540005));
#7158 = B_SPLINE_CURVE_WITH_KNOTS('',1,(#7159,#7160),.UNSPECIFIED.,.F.,
  .F.,(2,2),(0.,47.244096),.PIECEWISE_BEZIER_KNOTS.);
#7159 = CARTESIAN_POINT('',(-5.600011379223,12.623025491491,
    1.500002540005));
#7160 = CARTESIAN_POINT('',(-4.400008940818,12.623025491491,
    1.500002540005));
#7161 = ORIENTED_EDGE('',*,*,#7162,.F.);
#7162 = EDGE_CURVE('',#7163,#7156,#7165,.T.);
#7163 = VERTEX_POINT('',#7164);
#7164 = CARTESIAN_POINT('',(-5.600011379223,7.5547261682,1.500002540005)
  );
#7165 = B_SPLINE_CURVE_WITH_KNOTS('',1,(#7166,#7167),.UNSPECIFIED.,.F.,
  .F.,(2,2),(-520.198408572,-320.659464214),.PIECEWISE_BEZIER_KNOTS.);
#7166 = CARTESIAN_POINT('',(-5.600011379223,7.5547261682,1.500002540005)
  );
#7167 = CARTESIAN_POINT('',(-5.600011379223,12.623025491491,
    1.500002540005));
#7168 = ORIENTED_EDGE('',*,*,#7169,.T.);
#7169 = EDGE_CURVE('',#7163,#7170,#7172,.T.);
#7170 = VERTEX_POINT('',#7171);
#7171 = CARTESIAN_POINT('',(-7.6017264222,5.553011125222,1.500002540005)
  );
#7172 = ( BOUNDED_CURVE() B_SPLINE_CURVE(2,(#7173,#7174,#7175),
.UNSPECIFIED.,.F.,.F.) B_SPLINE_CURVE_WITH_KNOTS((3,3),(1.79745108155,
2.914937898834),.PIECEWISE_BEZIER_KNOTS.) CURVE() 
GEOMETRIC_REPRESENTATION_ITEM() RATIONAL_B_SPLINE_CURVE((1.,
0.847921925907,1.)) REPRESENTATION_ITEM('') );
#7173 = CARTESIAN_POINT('',(-5.600011379223,7.5547261682,1.500002540005)
  );
#7174 = CARTESIAN_POINT('',(-7.226605421279,7.179605167279,
    1.500002540005));
#7175 = CARTESIAN_POINT('',(-7.6017264222,5.553011125222,1.500002540005)
  );
#7176 = ORIENTED_EDGE('',*,*,#7177,.T.);
#7177 = EDGE_CURVE('',#7170,#7178,#7180,.T.);
#7178 = VERTEX_POINT('',#7179);
#7179 = CARTESIAN_POINT('',(-12.67002574549,5.553011125222,
    1.500002540005));
#7180 = B_SPLINE_CURVE_WITH_KNOTS('',1,(#7181,#7182),.UNSPECIFIED.,.F.,
  .F.,(2,2),(-801.773208572,-602.234264214),.PIECEWISE_BEZIER_KNOTS.);
#7181 = CARTESIAN_POINT('',(-7.6017264222,5.553011125222,1.500002540005)
  );
#7182 = CARTESIAN_POINT('',(-12.67002574549,5.553011125222,
    1.500002540005));
#7183 = ORIENTED_EDGE('',*,*,#7184,.F.);
#7184 = EDGE_CURVE('',#7185,#7178,#7187,.T.);
#7185 = VERTEX_POINT('',#7186);
#7186 = CARTESIAN_POINT('',(-12.67002574549,4.353008686817,
    1.500002540005));
#7187 = B_SPLINE_CURVE_WITH_KNOTS('',1,(#7188,#7189),.UNSPECIFIED.,.F.,
  .F.,(2,2),(0.,47.244096),.PIECEWISE_BEZIER_KNOTS.);
#7188 = CARTESIAN_POINT('',(-12.67002574549,4.353008686817,
    1.500002540005));
#7189 = CARTESIAN_POINT('',(-12.67002574549,5.553011125222,
    1.500002540005));
#7190 = ORIENTED_EDGE('',*,*,#7191,.F.);
#7191 = EDGE_CURVE('',#7192,#7185,#7194,.T.);
#7192 = VERTEX_POINT('',#7193);
#7193 = CARTESIAN_POINT('',(-7.6017264222,4.353008686817,1.500002540005)
  );
#7194 = B_SPLINE_CURVE_WITH_KNOTS('',1,(#7195,#7196),.UNSPECIFIED.,.F.,
  .F.,(2,2),(-801.773208572,-602.234264214),.PIECEWISE_BEZIER_KNOTS.);
#7195 = CARTESIAN_POINT('',(-7.6017264222,4.353008686817,1.500002540005)
  );
#7196 = CARTESIAN_POINT('',(-12.67002574549,4.353008686817,
    1.500002540005));
#7197 = ORIENTED_EDGE('',*,*,#7198,.T.);
#7198 = EDGE_CURVE('',#7192,#7199,#7201,.T.);
#7199 = VERTEX_POINT('',#7200);
#7200 = CARTESIAN_POINT('',(-5.600011379223,2.35129364384,1.500002540005
    ));
#7201 = ( BOUNDED_CURVE() B_SPLINE_CURVE(2,(#7202,#7203,#7204),
.UNSPECIFIED.,.F.,.F.) B_SPLINE_CURVE_WITH_KNOTS((3,3),(3.368247408345,
4.485734225629),.PIECEWISE_BEZIER_KNOTS.) CURVE() 
GEOMETRIC_REPRESENTATION_ITEM() RATIONAL_B_SPLINE_CURVE((1.,
0.847921925907,1.)) REPRESENTATION_ITEM('') );
#7202 = CARTESIAN_POINT('',(-7.6017264222,4.353008686817,1.500002540005)
  );
#7203 = CARTESIAN_POINT('',(-7.226605421279,2.726414644761,
    1.500002540005));
#7204 = CARTESIAN_POINT('',(-5.600011379223,2.35129364384,1.500002540005
    ));
#7205 = ORIENTED_EDGE('',*,*,#7206,.T.);
#7206 = EDGE_CURVE('',#7199,#7207,#7209,.T.);
#7207 = VERTEX_POINT('',#7208);
#7208 = CARTESIAN_POINT('',(-5.600011379223,-0.254000508001,
    1.500002540005));
#7209 = B_SPLINE_CURVE_WITH_KNOTS('',1,(#7210,#7211),.UNSPECIFIED.,.F.,
  .F.,(2,2),(557.30159142793,659.8720221859),.PIECEWISE_BEZIER_KNOTS.);
#7210 = CARTESIAN_POINT('',(-5.600011379223,2.35129364384,1.500002540005
    ));
#7211 = CARTESIAN_POINT('',(-5.600011379223,-0.254000508001,
    1.500002540005));
#7212 = ORIENTED_EDGE('',*,*,#7213,.F.);
#7213 = EDGE_CURVE('',#7214,#7207,#7216,.T.);
#7214 = VERTEX_POINT('',#7215);
#7215 = CARTESIAN_POINT('',(-86.52217302514,-0.254000508001,
    1.500002540005));
#7216 = B_SPLINE_CURVE_WITH_KNOTS('',1,(#7217,#7218),.UNSPECIFIED.,.F.,
  .F.,(2,2),(-647.627952,2.538277552E+03),.PIECEWISE_BEZIER_KNOTS.);
#7217 = CARTESIAN_POINT('',(-86.52217302514,-0.254000508001,
    1.500002540005));
#7218 = CARTESIAN_POINT('',(-5.600011379223,-0.254000508001,
    1.500002540005));
#7219 = ORIENTED_EDGE('',*,*,#7220,.F.);
#7220 = EDGE_CURVE('',#7221,#7214,#7223,.T.);
#7221 = VERTEX_POINT('',#7222);
#7222 = CARTESIAN_POINT('',(-86.52217302514,2.732294405841,
    1.500002540005));
#7223 = B_SPLINE_CURVE_WITH_KNOTS('',1,(#7224,#7225),.UNSPECIFIED.,.F.,
  .F.,(2,2),(549.80159142793,667.3720221859),.PIECEWISE_BEZIER_KNOTS.);
#7224 = CARTESIAN_POINT('',(-86.52217302514,2.732294405841,
    1.500002540005));
#7225 = CARTESIAN_POINT('',(-86.52217302514,-0.254000508001,
    1.500002540005));
#7226 = ORIENTED_EDGE('',*,*,#7227,.T.);
#7227 = EDGE_CURVE('',#7221,#7228,#7230,.T.);
#7228 = VERTEX_POINT('',#7229);
#7229 = CARTESIAN_POINT('',(-84.52045798216,4.734009448819,
    1.500002540005));
#7230 = ( BOUNDED_CURVE() B_SPLINE_CURVE(2,(#7231,#7232,#7233),
.UNSPECIFIED.,.F.,.F.) B_SPLINE_CURVE_WITH_KNOTS((3,3),(4.93904373514,
6.056530552424),.PIECEWISE_BEZIER_KNOTS.) CURVE() 
GEOMETRIC_REPRESENTATION_ITEM() RATIONAL_B_SPLINE_CURVE((1.,
0.847921925907,1.)) REPRESENTATION_ITEM('') );
#7231 = CARTESIAN_POINT('',(-86.52217302514,2.732294405841,
    1.500002540005));
#7232 = CARTESIAN_POINT('',(-84.89557898308,3.107415406762,
    1.500002540005));
#7233 = CARTESIAN_POINT('',(-84.52045798216,4.734009448819,
    1.500002540005));
#7234 = ORIENTED_EDGE('',*,*,#7235,.T.);
#7235 = EDGE_CURVE('',#7228,#7236,#7238,.T.);
#7236 = VERTEX_POINT('',#7237);
#7237 = CARTESIAN_POINT('',(-79.45215865887,4.734009448819,
    1.500002540005));
#7238 = B_SPLINE_CURVE_WITH_KNOTS('',1,(#7239,#7240),.UNSPECIFIED.,.F.,
  .F.,(2,2),(-777.698408572,-578.159464214),.PIECEWISE_BEZIER_KNOTS.);
#7239 = CARTESIAN_POINT('',(-84.52045798216,4.734009448819,
    1.500002540005));
#7240 = CARTESIAN_POINT('',(-79.45215865887,4.734009448819,
    1.500002540005));
#7241 = ORIENTED_EDGE('',*,*,#7242,.F.);
#7242 = EDGE_CURVE('',#7243,#7236,#7245,.T.);
#7243 = VERTEX_POINT('',#7244);
#7244 = CARTESIAN_POINT('',(-79.45215865887,5.934011887224,
    1.500002540005));
#7245 = B_SPLINE_CURVE_WITH_KNOTS('',1,(#7246,#7247),.UNSPECIFIED.,.F.,
  .F.,(2,2),(0.,47.244096),.PIECEWISE_BEZIER_KNOTS.);
#7246 = CARTESIAN_POINT('',(-79.45215865887,5.934011887224,
    1.500002540005));
#7247 = CARTESIAN_POINT('',(-79.45215865887,4.734009448819,
    1.500002540005));
#7248 = ORIENTED_EDGE('',*,*,#7249,.F.);
#7249 = EDGE_CURVE('',#7250,#7243,#7252,.T.);
#7250 = VERTEX_POINT('',#7251);
#7251 = CARTESIAN_POINT('',(-84.52045798216,5.934011887224,
    1.500002540005));
#7252 = B_SPLINE_CURVE_WITH_KNOTS('',1,(#7253,#7254),.UNSPECIFIED.,.F.,
  .F.,(2,2),(-777.698408572,-578.159464214),.PIECEWISE_BEZIER_KNOTS.);
#7253 = CARTESIAN_POINT('',(-84.52045798216,5.934011887224,
    1.500002540005));
#7254 = CARTESIAN_POINT('',(-79.45215865887,5.934011887224,
    1.500002540005));
#7255 = ORIENTED_EDGE('',*,*,#7256,.T.);
#7256 = EDGE_CURVE('',#7250,#7257,#7259,.T.);
#7257 = VERTEX_POINT('',#7258);
#7258 = CARTESIAN_POINT('',(-86.52217302514,7.935726930201,
    1.500002540005));
#7259 = ( BOUNDED_CURVE() B_SPLINE_CURVE(2,(#7260,#7261,#7262),
.UNSPECIFIED.,.F.,.F.) B_SPLINE_CURVE_WITH_KNOTS((3,3),(0.226654754756,
1.344141572039),.PIECEWISE_BEZIER_KNOTS.) CURVE() 
GEOMETRIC_REPRESENTATION_ITEM() RATIONAL_B_SPLINE_CURVE((1.,
0.847921925907,1.)) REPRESENTATION_ITEM('') );
#7260 = CARTESIAN_POINT('',(-84.52045798216,5.934011887224,
    1.500002540005));
#7261 = CARTESIAN_POINT('',(-84.89557898308,7.56060592928,1.500002540005
    ));
#7262 = CARTESIAN_POINT('',(-86.52217302514,7.935726930201,
    1.500002540005));
#7263 = ORIENTED_EDGE('',*,*,#7264,.T.);
#7264 = EDGE_CURVE('',#7257,#7265,#7267,.T.);
#7265 = VERTEX_POINT('',#7266);
#7266 = CARTESIAN_POINT('',(-86.52217302514,13.004026253493,
    1.500002540005));
#7267 = B_SPLINE_CURVE_WITH_KNOTS('',1,(#7268,#7269),.UNSPECIFIED.,.F.,
  .F.,(2,2),(-512.698408572,-313.159464214),.PIECEWISE_BEZIER_KNOTS.);
#7268 = CARTESIAN_POINT('',(-86.52217302514,7.935726930201,
    1.500002540005));
#7269 = CARTESIAN_POINT('',(-86.52217302514,13.004026253493,
    1.500002540005));
#7270 = ORIENTED_EDGE('',*,*,#7271,.F.);
#7271 = EDGE_CURVE('',#7272,#7265,#7274,.T.);
#7272 = VERTEX_POINT('',#7273);
#7273 = CARTESIAN_POINT('',(-87.72217546355,13.004026253493,
    1.500002540005));
#7274 = B_SPLINE_CURVE_WITH_KNOTS('',1,(#7275,#7276),.UNSPECIFIED.,.F.,
  .F.,(2,2),(0.,47.244096),.PIECEWISE_BEZIER_KNOTS.);
#7275 = CARTESIAN_POINT('',(-87.72217546355,13.004026253493,
    1.500002540005));
#7276 = CARTESIAN_POINT('',(-86.52217302514,13.004026253493,
    1.500002540005));
#7277 = ORIENTED_EDGE('',*,*,#7278,.F.);
#7278 = EDGE_CURVE('',#7279,#7272,#7281,.T.);
#7279 = VERTEX_POINT('',#7280);
#7280 = CARTESIAN_POINT('',(-87.72217546355,7.935726930201,
    1.500002540005));
#7281 = B_SPLINE_CURVE_WITH_KNOTS('',1,(#7282,#7283),.UNSPECIFIED.,.F.,
  .F.,(2,2),(-512.698408572,-313.159464214),.PIECEWISE_BEZIER_KNOTS.);
#7282 = CARTESIAN_POINT('',(-87.72217546355,7.935726930201,
    1.500002540005));
#7283 = CARTESIAN_POINT('',(-87.72217546355,13.004026253493,
    1.500002540005));
#7284 = ORIENTED_EDGE('',*,*,#7285,.T.);
#7285 = EDGE_CURVE('',#7279,#7286,#7288,.T.);
#7286 = VERTEX_POINT('',#7287);
#7287 = CARTESIAN_POINT('',(-89.72389050652,5.934011887224,
    1.500002540005));
#7288 = ( BOUNDED_CURVE() B_SPLINE_CURVE(2,(#7289,#7290,#7291),
.UNSPECIFIED.,.F.,.F.) B_SPLINE_CURVE_WITH_KNOTS((3,3),(1.79745108155,
2.914937898834),.PIECEWISE_BEZIER_KNOTS.) CURVE() 
GEOMETRIC_REPRESENTATION_ITEM() RATIONAL_B_SPLINE_CURVE((1.,
0.847921925907,1.)) REPRESENTATION_ITEM('') );
#7289 = CARTESIAN_POINT('',(-87.72217546355,7.935726930201,
    1.500002540005));
#7290 = CARTESIAN_POINT('',(-89.3487695056,7.56060592928,1.500002540005)
  );
#7291 = CARTESIAN_POINT('',(-89.72389050652,5.934011887224,
    1.500002540005));
#7292 = ORIENTED_EDGE('',*,*,#7293,.T.);
#7293 = EDGE_CURVE('',#7286,#7294,#7296,.T.);
#7294 = VERTEX_POINT('',#7295);
#7295 = CARTESIAN_POINT('',(-94.79218982982,5.934011887224,
    1.500002540005));
#7296 = B_SPLINE_CURVE_WITH_KNOTS('',1,(#7297,#7298),.UNSPECIFIED.,.F.,
  .F.,(2,2),(814.80159142793,1.014340535786E+03),
  .PIECEWISE_BEZIER_KNOTS.);
#7297 = CARTESIAN_POINT('',(-89.72389050652,5.934011887224,
    1.500002540005));
#7298 = CARTESIAN_POINT('',(-94.79218982982,5.934011887224,
    1.500002540005));
#7299 = ORIENTED_EDGE('',*,*,#7300,.F.);
#7300 = EDGE_CURVE('',#7301,#7294,#7303,.T.);
#7301 = VERTEX_POINT('',#7302);
#7302 = CARTESIAN_POINT('',(-94.79218982982,4.734009448819,
    1.500002540005));
#7303 = B_SPLINE_CURVE_WITH_KNOTS('',1,(#7304,#7305),.UNSPECIFIED.,.F.,
  .F.,(2,2),(0.,47.244096),.PIECEWISE_BEZIER_KNOTS.);
#7304 = CARTESIAN_POINT('',(-94.79218982982,4.734009448819,
    1.500002540005));
#7305 = CARTESIAN_POINT('',(-94.79218982982,5.934011887224,
    1.500002540005));
#7306 = ORIENTED_EDGE('',*,*,#7307,.F.);
#7307 = EDGE_CURVE('',#7308,#7301,#7310,.T.);
#7308 = VERTEX_POINT('',#7309);
#7309 = CARTESIAN_POINT('',(-89.72389050652,4.734009448819,
    1.500002540005));
#7310 = B_SPLINE_CURVE_WITH_KNOTS('',1,(#7311,#7312),.UNSPECIFIED.,.F.,
  .F.,(2,2),(814.80159142793,1.014340535786E+03),
  .PIECEWISE_BEZIER_KNOTS.);
#7311 = CARTESIAN_POINT('',(-89.72389050652,4.734009448819,
    1.500002540005));
#7312 = CARTESIAN_POINT('',(-94.79218982982,4.734009448819,
    1.500002540005));
#7313 = ORIENTED_EDGE('',*,*,#7314,.T.);
#7314 = EDGE_CURVE('',#7308,#7315,#7317,.T.);
#7315 = VERTEX_POINT('',#7316);
#7316 = CARTESIAN_POINT('',(-87.72217546355,2.732294405841,
    1.500002540005));
#7317 = ( BOUNDED_CURVE() B_SPLINE_CURVE(2,(#7318,#7319,#7320),
.UNSPECIFIED.,.F.,.F.) B_SPLINE_CURVE_WITH_KNOTS((3,3),(3.368247408345,
4.485734225629),.PIECEWISE_BEZIER_KNOTS.) CURVE() 
GEOMETRIC_REPRESENTATION_ITEM() RATIONAL_B_SPLINE_CURVE((1.,
0.847921925907,1.)) REPRESENTATION_ITEM('') );
#7318 = CARTESIAN_POINT('',(-89.72389050652,4.734009448819,
    1.500002540005));
#7319 = CARTESIAN_POINT('',(-89.3487695056,3.107415406762,1.500002540005
    ));
#7320 = CARTESIAN_POINT('',(-87.72217546355,2.732294405841,
    1.500002540005));
#7321 = ORIENTED_EDGE('',*,*,#7322,.T.);
#7322 = EDGE_CURVE('',#7315,#7323,#7325,.T.);
#7323 = VERTEX_POINT('',#7324);
#7324 = CARTESIAN_POINT('',(-87.72217546355,-0.254000508001,
    1.500002540005));
#7325 = B_SPLINE_CURVE_WITH_KNOTS('',1,(#7326,#7327),.UNSPECIFIED.,.F.,
  .F.,(2,2),(549.80159142793,667.3720221859),.PIECEWISE_BEZIER_KNOTS.);
#7326 = CARTESIAN_POINT('',(-87.72217546355,2.732294405841,
    1.500002540005));
#7327 = CARTESIAN_POINT('',(-87.72217546355,-0.254000508001,
    1.500002540005));
#7328 = ORIENTED_EDGE('',*,*,#7329,.F.);
#7329 = EDGE_CURVE('',#7330,#7323,#7332,.T.);
#7330 = VERTEX_POINT('',#7331);
#7331 = CARTESIAN_POINT('',(-93.47218694437,-0.254000508001,
    1.500002540005));
#7332 = B_SPLINE_CURVE_WITH_KNOTS('',1,(#7333,#7334),.UNSPECIFIED.,.F.,
  .F.,(2,2),(-921.25,-694.872048),.PIECEWISE_BEZIER_KNOTS.);
#7333 = CARTESIAN_POINT('',(-93.47218694437,-0.254000508001,
    1.500002540005));
#7334 = CARTESIAN_POINT('',(-87.72217546355,-0.254000508001,
    1.500002540005));
#7335 = ORIENTED_EDGE('',*,*,#7336,.F.);
#7336 = EDGE_CURVE('',#7337,#7330,#7339,.T.);
#7337 = VERTEX_POINT('',#7338);
#7338 = CARTESIAN_POINT('',(-93.47218694437,-1.778003556007,
    1.500002540005));
#7339 = B_SPLINE_CURVE_WITH_KNOTS('',1,(#7340,#7341),.UNSPECIFIED.,.F.,
  .F.,(2,2),(-671.25,-611.25),.PIECEWISE_BEZIER_KNOTS.);
#7340 = CARTESIAN_POINT('',(-93.47218694437,-1.778003556007,
    1.500002540005));
#7341 = CARTESIAN_POINT('',(-93.47218694437,-0.254000508001,
    1.500002540005));
#7342 = ORIENTED_EDGE('',*,*,#7343,.F.);
#7343 = EDGE_CURVE('',#7344,#7337,#7346,.T.);
#7344 = VERTEX_POINT('',#7345);
#7345 = CARTESIAN_POINT('',(-87.72217546355,-1.778003556007,
    1.500002540005));
#7346 = B_SPLINE_CURVE_WITH_KNOTS('',1,(#7347,#7348),.UNSPECIFIED.,.F.,
  .F.,(2,2),(2.537372048E+03,2.76375E+03),.PIECEWISE_BEZIER_KNOTS.);
#7347 = CARTESIAN_POINT('',(-87.72217546355,-1.778003556007,
    1.500002540005));
#7348 = CARTESIAN_POINT('',(-93.47218694437,-1.778003556007,
    1.500002540005));
#7349 = ORIENTED_EDGE('',*,*,#7350,.T.);
#7350 = EDGE_CURVE('',#7344,#7351,#7353,.T.);
#7351 = VERTEX_POINT('',#7352);
#7352 = CARTESIAN_POINT('',(-87.72217546355,-2.33600491745,
    1.500002540005));
#7353 = B_SPLINE_CURVE_WITH_KNOTS('',1,(#7354,#7355),.UNSPECIFIED.,.F.,
  .F.,(2,2),(727.3720221859,749.3405357859),.PIECEWISE_BEZIER_KNOTS.);
#7354 = CARTESIAN_POINT('',(-87.72217546355,-1.778003556007,
    1.500002540005));
#7355 = CARTESIAN_POINT('',(-87.72217546355,-2.33600491745,
    1.500002540005));
#7356 = ORIENTED_EDGE('',*,*,#7357,.F.);
#7357 = EDGE_CURVE('',#7358,#7351,#7360,.T.);
#7358 = VERTEX_POINT('',#7359);
#7359 = CARTESIAN_POINT('',(-86.52217302514,-2.33600491745,
    1.500002540005));
#7360 = B_SPLINE_CURVE_WITH_KNOTS('',1,(#7361,#7362),.UNSPECIFIED.,.F.,
  .F.,(2,2),(0.,47.244096),.PIECEWISE_BEZIER_KNOTS.);
#7361 = CARTESIAN_POINT('',(-86.52217302514,-2.33600491745,
    1.500002540005));
#7362 = CARTESIAN_POINT('',(-87.72217546355,-2.33600491745,
    1.500002540005));
#7363 = ORIENTED_EDGE('',*,*,#7364,.F.);
#7364 = EDGE_CURVE('',#7365,#7358,#7367,.T.);
#7365 = VERTEX_POINT('',#7366);
#7366 = CARTESIAN_POINT('',(-86.52217302514,-1.778003556007,
    1.500002540005));
#7367 = B_SPLINE_CURVE_WITH_KNOTS('',1,(#7368,#7369),.UNSPECIFIED.,.F.,
  .F.,(2,2),(727.3720221859,749.3405357859),.PIECEWISE_BEZIER_KNOTS.);
#7368 = CARTESIAN_POINT('',(-86.52217302514,-1.778003556007,
    1.500002540005));
#7369 = CARTESIAN_POINT('',(-86.52217302514,-2.33600491745,
    1.500002540005));
#7370 = ORIENTED_EDGE('',*,*,#7371,.F.);
#7371 = EDGE_CURVE('',#7372,#7365,#7374,.T.);
#7372 = VERTEX_POINT('',#7373);
#7373 = CARTESIAN_POINT('',(-5.600011379223,-1.778003556007,
    1.500002540005));
#7374 = B_SPLINE_CURVE_WITH_KNOTS('',1,(#7375,#7376),.UNSPECIFIED.,.F.,
  .F.,(2,2),(-695.777552,2.490127952E+03),.PIECEWISE_BEZIER_KNOTS.);
#7375 = CARTESIAN_POINT('',(-5.600011379223,-1.778003556007,
    1.500002540005));
#7376 = CARTESIAN_POINT('',(-86.52217302514,-1.778003556007,
    1.500002540005));
#7377 = ORIENTED_EDGE('',*,*,#7378,.T.);
#7378 = EDGE_CURVE('',#7372,#7379,#7381,.T.);
#7379 = VERTEX_POINT('',#7380);
#7380 = CARTESIAN_POINT('',(-5.600011379223,-2.717005679451,
    1.500002540005));
#7381 = B_SPLINE_CURVE_WITH_KNOTS('',1,(#7382,#7383),.UNSPECIFIED.,.F.,
  .F.,(2,2),(719.8720221859,756.8405357859),.PIECEWISE_BEZIER_KNOTS.);
#7382 = CARTESIAN_POINT('',(-5.600011379223,-1.778003556007,
    1.500002540005));
#7383 = CARTESIAN_POINT('',(-5.600011379223,-2.717005679451,
    1.500002540005));
#7384 = ORIENTED_EDGE('',*,*,#7385,.F.);
#7385 = EDGE_CURVE('',#7386,#7379,#7388,.T.);
#7386 = VERTEX_POINT('',#7387);
#7387 = CARTESIAN_POINT('',(-4.400008940818,-2.717005679451,
    1.500002540005));
#7388 = B_SPLINE_CURVE_WITH_KNOTS('',1,(#7389,#7390),.UNSPECIFIED.,.F.,
  .F.,(2,2),(0.,47.244096),.PIECEWISE_BEZIER_KNOTS.);
#7389 = CARTESIAN_POINT('',(-4.400008940818,-2.717005679451,
    1.500002540005));
#7390 = CARTESIAN_POINT('',(-5.600011379223,-2.717005679451,
    1.500002540005));
#7391 = ORIENTED_EDGE('',*,*,#7392,.F.);
#7392 = EDGE_CURVE('',#7393,#7386,#7395,.T.);
#7393 = VERTEX_POINT('',#7394);
#7394 = CARTESIAN_POINT('',(-4.400008940818,-1.778003556007,
    1.500002540005));
#7395 = B_SPLINE_CURVE_WITH_KNOTS('',1,(#7396,#7397),.UNSPECIFIED.,.F.,
  .F.,(2,2),(719.8720221859,756.8405357859),.PIECEWISE_BEZIER_KNOTS.);
#7396 = CARTESIAN_POINT('',(-4.400008940818,-1.778003556007,
    1.500002540005));
#7397 = CARTESIAN_POINT('',(-4.400008940818,-2.717005679451,
    1.500002540005));
#7398 = ORIENTED_EDGE('',*,*,#7399,.F.);
#7399 = EDGE_CURVE('',#7400,#7393,#7402,.T.);
#7400 = VERTEX_POINT('',#7401);
#7401 = CARTESIAN_POINT('',(0.127000254001,-1.778003556007,
    1.500002540005));
#7402 = B_SPLINE_CURVE_WITH_KNOTS('',1,(#7403,#7404),.UNSPECIFIED.,.F.,
  .F.,(2,2),(-921.25,-743.021648),.PIECEWISE_BEZIER_KNOTS.);
#7403 = CARTESIAN_POINT('',(0.127000254001,-1.778003556007,
    1.500002540005));
#7404 = CARTESIAN_POINT('',(-4.400008940818,-1.778003556007,
    1.500002540005));
#7405 = ORIENTED_EDGE('',*,*,#7406,.F.);
#7406 = EDGE_CURVE('',#7407,#7400,#7409,.T.);
#7407 = VERTEX_POINT('',#7408);
#7408 = CARTESIAN_POINT('',(0.127000254001,-0.254000508001,
    1.500002540005));
#7409 = B_SPLINE_CURVE_WITH_KNOTS('',1,(#7410,#7411),.UNSPECIFIED.,.F.,
  .F.,(2,2),(641.25,701.25),.PIECEWISE_BEZIER_KNOTS.);
#7410 = CARTESIAN_POINT('',(0.127000254001,-0.254000508001,
    1.500002540005));
#7411 = CARTESIAN_POINT('',(0.127000254001,-1.778003556007,
    1.500002540005));
#7412 = ORIENTED_EDGE('',*,*,#7413,.F.);
#7413 = EDGE_CURVE('',#7414,#7407,#7416,.T.);
#7414 = VERTEX_POINT('',#7415);
#7415 = CARTESIAN_POINT('',(-4.400008940818,-0.254000508001,
    1.500002540005));
#7416 = B_SPLINE_CURVE_WITH_KNOTS('',1,(#7417,#7418),.UNSPECIFIED.,.F.,
  .F.,(2,2),(2.585521648E+03,2.76375E+03),.PIECEWISE_BEZIER_KNOTS.);
#7417 = CARTESIAN_POINT('',(-4.400008940818,-0.254000508001,
    1.500002540005));
#7418 = CARTESIAN_POINT('',(0.127000254001,-0.254000508001,
    1.500002540005));
#7419 = ORIENTED_EDGE('',*,*,#7420,.F.);
#7420 = EDGE_CURVE('',#7421,#7414,#7423,.T.);
#7421 = VERTEX_POINT('',#7422);
#7422 = CARTESIAN_POINT('',(-4.400008940818,2.35129364384,1.500002540005
    ));
#7423 = B_SPLINE_CURVE_WITH_KNOTS('',1,(#7424,#7425),.UNSPECIFIED.,.F.,
  .F.,(2,2),(557.30159142793,659.8720221859),.PIECEWISE_BEZIER_KNOTS.);
#7424 = CARTESIAN_POINT('',(-4.400008940818,2.35129364384,1.500002540005
    ));
#7425 = CARTESIAN_POINT('',(-4.400008940818,-0.254000508001,
    1.500002540005));
#7426 = ORIENTED_EDGE('',*,*,#7427,.T.);
#7427 = EDGE_CURVE('',#7421,#7428,#7430,.T.);
#7428 = VERTEX_POINT('',#7429);
#7429 = CARTESIAN_POINT('',(-2.39829389784,4.353008686817,1.500002540005
    ));
#7430 = ( BOUNDED_CURVE() B_SPLINE_CURVE(2,(#7431,#7432,#7433),
.UNSPECIFIED.,.F.,.F.) B_SPLINE_CURVE_WITH_KNOTS((3,3),(4.93904373514,
6.056530552424),.PIECEWISE_BEZIER_KNOTS.) CURVE() 
GEOMETRIC_REPRESENTATION_ITEM() RATIONAL_B_SPLINE_CURVE((1.,
0.847921925907,1.)) REPRESENTATION_ITEM('') );
#7431 = CARTESIAN_POINT('',(-4.400008940818,2.35129364384,1.500002540005
    ));
#7432 = CARTESIAN_POINT('',(-2.773414898761,2.726414644761,
    1.500002540005));
#7433 = CARTESIAN_POINT('',(-2.39829389784,4.353008686817,1.500002540005
    ));
#7434 = ORIENTED_EDGE('',*,*,#7435,.T.);
#7435 = EDGE_CURVE('',#7428,#6270,#7436,.T.);
#7436 = B_SPLINE_CURVE_WITH_KNOTS('',1,(#7437,#7438),.UNSPECIFIED.,.F.,
  .F.,(2,2),(838.87639142793,1.008769672186E+03),
  .PIECEWISE_BEZIER_KNOTS.);
#7437 = CARTESIAN_POINT('',(-2.39829389784,4.353008686817,1.500002540005
    ));
#7438 = CARTESIAN_POINT('',(1.917004064008,4.353008686817,1.500002540005
    ));
#7439 = ORIENTED_EDGE('',*,*,#6269,.T.);
#7440 = ORIENTED_EDGE('',*,*,#7441,.T.);
#7441 = EDGE_CURVE('',#6263,#7442,#7444,.T.);
#7442 = VERTEX_POINT('',#7443);
#7443 = CARTESIAN_POINT('',(-18.90003683007,-29.47605918211,
    1.500002540005));
#7444 = B_SPLINE_CURVE_WITH_KNOTS('',1,(#7445,#7446),.UNSPECIFIED.,.F.,
  .F.,(2,2),(0.,819.5669),.PIECEWISE_BEZIER_KNOTS.);
#7445 = CARTESIAN_POINT('',(1.917004064008,-29.47605918211,
    1.500002540005));
#7446 = CARTESIAN_POINT('',(-18.90003683007,-29.47605918211,
    1.500002540005));
#7447 = ORIENTED_EDGE('',*,*,#7448,.F.);
#7448 = EDGE_CURVE('',#7449,#7442,#7451,.T.);
#7449 = VERTEX_POINT('',#7450);
#7450 = CARTESIAN_POINT('',(-18.90003683007,-24.53994676822,
    1.500002540005));
#7451 = B_SPLINE_CURVE_WITH_KNOTS('',1,(#7452,#7453),.UNSPECIFIED.,.F.,
  .F.,(2,2),(1.087681795314E+03,1.282016541049E+03),
  .PIECEWISE_BEZIER_KNOTS.);
#7452 = CARTESIAN_POINT('',(-18.90003683007,-24.53994676822,
    1.500002540005));
#7453 = CARTESIAN_POINT('',(-18.90003683007,-29.47605918211,
    1.500002540005));
#7454 = ORIENTED_EDGE('',*,*,#7455,.T.);
#7455 = EDGE_CURVE('',#7449,#7456,#7458,.T.);
#7456 = VERTEX_POINT('',#7457);
#7457 = CARTESIAN_POINT('',(-17.41463286093,-23.05454279908,
    1.500002540005));
#7458 = ( BOUNDED_CURVE() B_SPLINE_CURVE(2,(#7459,#7460,#7461),
.UNSPECIFIED.,.F.,.F.) B_SPLINE_CURVE_WITH_KNOTS((3,3),(4.992536890792,
6.003037396772),.PIECEWISE_BEZIER_KNOTS.) CURVE() 
GEOMETRIC_REPRESENTATION_ITEM() RATIONAL_B_SPLINE_CURVE((1.,
0.875053372764,1.)) REPRESENTATION_ITEM('') );
#7459 = CARTESIAN_POINT('',(-18.90003683007,-24.53994676822,
    1.500002540005));
#7460 = CARTESIAN_POINT('',(-17.74651716408,-24.20806246508,
    1.500002540005));
#7461 = CARTESIAN_POINT('',(-17.41463286093,-23.05454279908,
    1.500002540005));
#7462 = ORIENTED_EDGE('',*,*,#7463,.T.);
#7463 = EDGE_CURVE('',#7456,#7464,#7466,.T.);
#7464 = VERTEX_POINT('',#7465);
#7465 = CARTESIAN_POINT('',(-12.33002413004,-23.05454279908,
    1.500002540005));
#7466 = B_SPLINE_CURVE_WITH_KNOTS('',1,(#7467,#7468),.UNSPECIFIED.,.F.,
  .F.,(2,2),(544.30589531383,744.48694104879),.PIECEWISE_BEZIER_KNOTS.);
#7467 = CARTESIAN_POINT('',(-17.41463286093,-23.05454279908,
    1.500002540005));
#7468 = CARTESIAN_POINT('',(-12.33002413004,-23.05454279908,
    1.500002540005));
#7469 = ORIENTED_EDGE('',*,*,#7470,.F.);
#7470 = EDGE_CURVE('',#7471,#7464,#7473,.T.);
#7471 = VERTEX_POINT('',#7472);
#7472 = CARTESIAN_POINT('',(-12.33002413004,-21.85454025908,
    1.500002540005));
#7473 = B_SPLINE_CURVE_WITH_KNOTS('',1,(#7474,#7475),.UNSPECIFIED.,.F.,
  .F.,(2,2),(0.,47.2441),.PIECEWISE_BEZIER_KNOTS.);
#7474 = CARTESIAN_POINT('',(-12.33002413004,-21.85454025908,
    1.500002540005));
#7475 = CARTESIAN_POINT('',(-12.33002413004,-23.05454279908,
    1.500002540005));
#7476 = ORIENTED_EDGE('',*,*,#7477,.F.);
#7477 = EDGE_CURVE('',#7478,#7471,#7480,.T.);
#7478 = VERTEX_POINT('',#7479);
#7479 = CARTESIAN_POINT('',(-17.41463286093,-21.85454025908,
    1.500002540005));
#7480 = B_SPLINE_CURVE_WITH_KNOTS('',1,(#7481,#7482),.UNSPECIFIED.,.F.,
  .F.,(2,2),(544.30589531383,744.48694104879),.PIECEWISE_BEZIER_KNOTS.);
#7481 = CARTESIAN_POINT('',(-17.41463286093,-21.85454025908,
    1.500002540005));
#7482 = CARTESIAN_POINT('',(-12.33002413004,-21.85454025908,
    1.500002540005));
#7483 = ORIENTED_EDGE('',*,*,#7484,.T.);
#7484 = EDGE_CURVE('',#7478,#7485,#7487,.T.);
#7485 = VERTEX_POINT('',#7486);
#7486 = CARTESIAN_POINT('',(-18.90003683007,-20.36913628994,
    1.500002540005));
#7487 = ( BOUNDED_CURVE() B_SPLINE_CURVE(2,(#7488,#7489,#7490),
.UNSPECIFIED.,.F.,.F.) B_SPLINE_CURVE_WITH_KNOTS((3,3),(0.280147910408,
1.290648416387),.PIECEWISE_BEZIER_KNOTS.) CURVE() 
GEOMETRIC_REPRESENTATION_ITEM() RATIONAL_B_SPLINE_CURVE((1.,
0.875053372764,1.)) REPRESENTATION_ITEM('') );
#7488 = CARTESIAN_POINT('',(-17.41463286093,-21.85454025908,
    1.500002540005));
#7489 = CARTESIAN_POINT('',(-17.74651716408,-20.70102059308,
    1.500002540005));
#7490 = CARTESIAN_POINT('',(-18.90003683007,-20.36913628994,
    1.500002540005));
#7491 = ORIENTED_EDGE('',*,*,#7492,.F.);
#7492 = EDGE_CURVE('',#7493,#7485,#7495,.T.);
#7493 = VERTEX_POINT('',#7494);
#7494 = CARTESIAN_POINT('',(-18.90003683007,-11.22942352717,
    1.500002540005));
#7495 = B_SPLINE_CURVE_WITH_KNOTS('',1,(#7496,#7497),.UNSPECIFIED.,.F.,
  .F.,(2,2),(825.66414531383,1.185494636784E+03),
  .PIECEWISE_BEZIER_KNOTS.);
#7496 = CARTESIAN_POINT('',(-18.90003683007,-11.22942352717,
    1.500002540005));
#7497 = CARTESIAN_POINT('',(-18.90003683007,-20.36913628994,
    1.500002540005));
#7498 = ORIENTED_EDGE('',*,*,#7499,.T.);
#7499 = EDGE_CURVE('',#7493,#7500,#7502,.T.);
#7500 = VERTEX_POINT('',#7501);
#7501 = CARTESIAN_POINT('',(-17.41463286093,-9.744019558039,
    1.500002540005));
#7502 = ( BOUNDED_CURVE() B_SPLINE_CURVE(2,(#7503,#7504,#7505),
.UNSPECIFIED.,.F.,.F.) B_SPLINE_CURVE_WITH_KNOTS((3,3),(4.992536890792,
6.003037396772),.PIECEWISE_BEZIER_KNOTS.) CURVE() 
GEOMETRIC_REPRESENTATION_ITEM() RATIONAL_B_SPLINE_CURVE((1.,
0.875053372764,1.)) REPRESENTATION_ITEM('') );
#7503 = CARTESIAN_POINT('',(-18.90003683007,-11.22942352717,
    1.500002540005));
#7504 = CARTESIAN_POINT('',(-17.74651716408,-10.89753922403,
    1.500002540005));
#7505 = CARTESIAN_POINT('',(-17.41463286093,-9.744019558039,
    1.500002540005));
#7506 = ORIENTED_EDGE('',*,*,#7507,.T.);
#7507 = EDGE_CURVE('',#7500,#7508,#7510,.T.);
#7508 = VERTEX_POINT('',#7509);
#7509 = CARTESIAN_POINT('',(-12.33002413004,-9.744019558039,
    1.500002540005));
#7510 = B_SPLINE_CURVE_WITH_KNOTS('',1,(#7511,#7512),.UNSPECIFIED.,.F.,
  .F.,(2,2),(544.30589531383,744.48694104879),.PIECEWISE_BEZIER_KNOTS.);
#7511 = CARTESIAN_POINT('',(-17.41463286093,-9.744019558039,
    1.500002540005));
#7512 = CARTESIAN_POINT('',(-12.33002413004,-9.744019558039,
    1.500002540005));
#7513 = ORIENTED_EDGE('',*,*,#7514,.F.);
#7514 = EDGE_CURVE('',#7515,#7508,#7517,.T.);
#7515 = VERTEX_POINT('',#7516);
#7516 = CARTESIAN_POINT('',(-12.33002413004,-8.544017018034,
    1.500002540005));
#7517 = B_SPLINE_CURVE_WITH_KNOTS('',1,(#7518,#7519),.UNSPECIFIED.,.F.,
  .F.,(2,2),(0.,47.2441),.PIECEWISE_BEZIER_KNOTS.);
#7518 = CARTESIAN_POINT('',(-12.33002413004,-8.544017018034,
    1.500002540005));
#7519 = CARTESIAN_POINT('',(-12.33002413004,-9.744019558039,
    1.500002540005));
#7520 = ORIENTED_EDGE('',*,*,#7521,.F.);
#7521 = EDGE_CURVE('',#7522,#7515,#7524,.T.);
#7522 = VERTEX_POINT('',#7523);
#7523 = CARTESIAN_POINT('',(-17.41463286093,-8.544017018034,
    1.500002540005));
#7524 = B_SPLINE_CURVE_WITH_KNOTS('',1,(#7525,#7526),.UNSPECIFIED.,.F.,
  .F.,(2,2),(544.30589531383,744.48694104879),.PIECEWISE_BEZIER_KNOTS.);
#7525 = CARTESIAN_POINT('',(-17.41463286093,-8.544017018034,
    1.500002540005));
#7526 = CARTESIAN_POINT('',(-12.33002413004,-8.544017018034,
    1.500002540005));
#7527 = ORIENTED_EDGE('',*,*,#7528,.T.);
#7528 = EDGE_CURVE('',#7522,#7529,#7531,.T.);
#7529 = VERTEX_POINT('',#7530);
#7530 = CARTESIAN_POINT('',(-18.90003683007,-7.058613048894,
    1.500002540005));
#7531 = ( BOUNDED_CURVE() B_SPLINE_CURVE(2,(#7532,#7533,#7534),
.UNSPECIFIED.,.F.,.F.) B_SPLINE_CURVE_WITH_KNOTS((3,3),(0.280147910408,
1.290648416387),.PIECEWISE_BEZIER_KNOTS.) CURVE() 
GEOMETRIC_REPRESENTATION_ITEM() RATIONAL_B_SPLINE_CURVE((1.,
0.875053372764,1.)) REPRESENTATION_ITEM('') );
#7532 = CARTESIAN_POINT('',(-17.41463286093,-8.544017018034,
    1.500002540005));
#7533 = CARTESIAN_POINT('',(-17.74651716408,-7.39049735204,
    1.500002540005));
#7534 = CARTESIAN_POINT('',(-18.90003683007,-7.058613048894,
    1.500002540005));
#7535 = ORIENTED_EDGE('',*,*,#7536,.T.);
#7536 = EDGE_CURVE('',#7529,#7537,#7539,.T.);
#7537 = VERTEX_POINT('',#7538);
#7538 = CARTESIAN_POINT('',(-18.90003683007,-1.974004318009,
    1.500002540005));
#7539 = B_SPLINE_CURVE_WITH_KNOTS('',1,(#7540,#7541),.UNSPECIFIED.,.F.,
  .F.,(2,2),(-806.8358546861,-606.6548089512),.PIECEWISE_BEZIER_KNOTS.);
#7540 = CARTESIAN_POINT('',(-18.90003683007,-7.058613048894,
    1.500002540005));
#7541 = CARTESIAN_POINT('',(-18.90003683007,-1.974004318009,
    1.500002540005));
#7542 = ORIENTED_EDGE('',*,*,#7543,.F.);
#7543 = EDGE_CURVE('',#7544,#7537,#7546,.T.);
#7544 = VERTEX_POINT('',#7545);
#7545 = CARTESIAN_POINT('',(-20.10003937007,-1.974004318009,
    1.500002540005));
#7546 = B_SPLINE_CURVE_WITH_KNOTS('',1,(#7547,#7548),.UNSPECIFIED.,.F.,
  .F.,(2,2),(0.,47.2441),.PIECEWISE_BEZIER_KNOTS.);
#7547 = CARTESIAN_POINT('',(-20.10003937007,-1.974004318009,
    1.500002540005));
#7548 = CARTESIAN_POINT('',(-18.90003683007,-1.974004318009,
    1.500002540005));
#7549 = ORIENTED_EDGE('',*,*,#7550,.F.);
#7550 = EDGE_CURVE('',#7551,#7544,#7553,.T.);
#7551 = VERTEX_POINT('',#7552);
#7552 = CARTESIAN_POINT('',(-20.10003937007,-7.058613048894,
    1.500002540005));
#7553 = B_SPLINE_CURVE_WITH_KNOTS('',1,(#7554,#7555),.UNSPECIFIED.,.F.,
  .F.,(2,2),(-806.8358546861,-606.6548089512),.PIECEWISE_BEZIER_KNOTS.);
#7554 = CARTESIAN_POINT('',(-20.10003937007,-7.058613048894,
    1.500002540005));
#7555 = CARTESIAN_POINT('',(-20.10003937007,-1.974004318009,
    1.500002540005));
#7556 = ORIENTED_EDGE('',*,*,#7557,.T.);
#7557 = EDGE_CURVE('',#7551,#7558,#7560,.T.);
#7558 = VERTEX_POINT('',#7559);
#7559 = CARTESIAN_POINT('',(-21.58544333921,-8.544017018034,
    1.500002540005));
#7560 = ( BOUNDED_CURVE() B_SPLINE_CURVE(2,(#7561,#7562,#7563),
.UNSPECIFIED.,.F.,.F.) B_SPLINE_CURVE_WITH_KNOTS((3,3),(1.850944237203,
2.861444743182),.PIECEWISE_BEZIER_KNOTS.) CURVE() 
GEOMETRIC_REPRESENTATION_ITEM() RATIONAL_B_SPLINE_CURVE((1.,
0.875053372764,1.)) REPRESENTATION_ITEM('') );
#7561 = CARTESIAN_POINT('',(-20.10003937007,-7.058613048894,
    1.500002540005));
#7562 = CARTESIAN_POINT('',(-21.25355903607,-7.39049735204,
    1.500002540005));
#7563 = CARTESIAN_POINT('',(-21.58544333921,-8.544017018034,
    1.500002540005));
#7564 = ORIENTED_EDGE('',*,*,#7565,.T.);
#7565 = EDGE_CURVE('',#7558,#7566,#7568,.T.);
#7566 = VERTEX_POINT('',#7567);
#7567 = CARTESIAN_POINT('',(-26.6700520701,-8.544017018034,
    1.500002540005));
#7568 = B_SPLINE_CURVE_WITH_KNOTS('',1,(#7569,#7570),.UNSPECIFIED.,.F.,
  .F.,(2,2),(-525.4776046861,-325.2965589512),.PIECEWISE_BEZIER_KNOTS.);
#7569 = CARTESIAN_POINT('',(-21.58544333921,-8.544017018034,
    1.500002540005));
#7570 = CARTESIAN_POINT('',(-26.6700520701,-8.544017018034,
    1.500002540005));
#7571 = ORIENTED_EDGE('',*,*,#7572,.F.);
#7572 = EDGE_CURVE('',#7573,#7566,#7575,.T.);
#7573 = VERTEX_POINT('',#7574);
#7574 = CARTESIAN_POINT('',(-26.6700520701,-9.744019558039,
    1.500002540005));
#7575 = B_SPLINE_CURVE_WITH_KNOTS('',1,(#7576,#7577),.UNSPECIFIED.,.F.,
  .F.,(2,2),(0.,47.2441),.PIECEWISE_BEZIER_KNOTS.);
#7576 = CARTESIAN_POINT('',(-26.6700520701,-9.744019558039,
    1.500002540005));
#7577 = CARTESIAN_POINT('',(-26.6700520701,-8.544017018034,
    1.500002540005));
#7578 = ORIENTED_EDGE('',*,*,#7579,.F.);
#7579 = EDGE_CURVE('',#7580,#7573,#7582,.T.);
#7580 = VERTEX_POINT('',#7581);
#7581 = CARTESIAN_POINT('',(-21.58544333921,-9.744019558039,
    1.500002540005));
#7582 = B_SPLINE_CURVE_WITH_KNOTS('',1,(#7583,#7584),.UNSPECIFIED.,.F.,
  .F.,(2,2),(-525.4776046861,-325.2965589512),.PIECEWISE_BEZIER_KNOTS.);
#7583 = CARTESIAN_POINT('',(-21.58544333921,-9.744019558039,
    1.500002540005));
#7584 = CARTESIAN_POINT('',(-26.6700520701,-9.744019558039,
    1.500002540005));
#7585 = ORIENTED_EDGE('',*,*,#7586,.T.);
#7586 = EDGE_CURVE('',#7580,#7587,#7589,.T.);
#7587 = VERTEX_POINT('',#7588);
#7588 = CARTESIAN_POINT('',(-20.10003937007,-11.22942352717,
    1.500002540005));
#7589 = ( BOUNDED_CURVE() B_SPLINE_CURVE(2,(#7590,#7591,#7592),
.UNSPECIFIED.,.F.,.F.) B_SPLINE_CURVE_WITH_KNOTS((3,3),(3.421740563997,
4.432241069977),.PIECEWISE_BEZIER_KNOTS.) CURVE() 
GEOMETRIC_REPRESENTATION_ITEM() RATIONAL_B_SPLINE_CURVE((1.,
0.875053372764,1.)) REPRESENTATION_ITEM('') );
#7590 = CARTESIAN_POINT('',(-21.58544333921,-9.744019558039,
    1.500002540005));
#7591 = CARTESIAN_POINT('',(-21.25355903607,-10.89753922403,
    1.500002540005));
#7592 = CARTESIAN_POINT('',(-20.10003937007,-11.22942352717,
    1.500002540005));
#7593 = ORIENTED_EDGE('',*,*,#7594,.T.);
#7594 = EDGE_CURVE('',#7587,#7595,#7597,.T.);
#7595 = VERTEX_POINT('',#7596);
#7596 = CARTESIAN_POINT('',(-20.10003937007,-20.36913628994,
    1.500002540005));
#7597 = B_SPLINE_CURVE_WITH_KNOTS('',1,(#7598,#7599),.UNSPECIFIED.,.F.,
  .F.,(2,2),(825.66414531383,1.185494636784E+03),
  .PIECEWISE_BEZIER_KNOTS.);
#7598 = CARTESIAN_POINT('',(-20.10003937007,-11.22942352717,
    1.500002540005));
#7599 = CARTESIAN_POINT('',(-20.10003937007,-20.36913628994,
    1.500002540005));
#7600 = ORIENTED_EDGE('',*,*,#7601,.T.);
#7601 = EDGE_CURVE('',#7595,#7602,#7604,.T.);
#7602 = VERTEX_POINT('',#7603);
#7603 = CARTESIAN_POINT('',(-21.58544333921,-21.85454025908,
    1.500002540005));
#7604 = ( BOUNDED_CURVE() B_SPLINE_CURVE(2,(#7605,#7606,#7607),
.UNSPECIFIED.,.F.,.F.) B_SPLINE_CURVE_WITH_KNOTS((3,3),(1.850944237203,
2.861444743182),.PIECEWISE_BEZIER_KNOTS.) CURVE() 
GEOMETRIC_REPRESENTATION_ITEM() RATIONAL_B_SPLINE_CURVE((1.,
0.875053372764,1.)) REPRESENTATION_ITEM('') );
#7605 = CARTESIAN_POINT('',(-20.10003937007,-20.36913628994,
    1.500002540005));
#7606 = CARTESIAN_POINT('',(-21.25355903607,-20.70102059308,
    1.500002540005));
#7607 = CARTESIAN_POINT('',(-21.58544333921,-21.85454025908,
    1.500002540005));
#7608 = ORIENTED_EDGE('',*,*,#7609,.T.);
#7609 = EDGE_CURVE('',#7602,#7610,#7612,.T.);
#7610 = VERTEX_POINT('',#7611);
#7611 = CARTESIAN_POINT('',(-26.6700520701,-21.85454025908,
    1.500002540005));
#7612 = B_SPLINE_CURVE_WITH_KNOTS('',1,(#7613,#7614),.UNSPECIFIED.,.F.,
  .F.,(2,2),(-525.4776046861,-325.2965589512),.PIECEWISE_BEZIER_KNOTS.);
#7613 = CARTESIAN_POINT('',(-21.58544333921,-21.85454025908,
    1.500002540005));
#7614 = CARTESIAN_POINT('',(-26.6700520701,-21.85454025908,
    1.500002540005));
#7615 = ORIENTED_EDGE('',*,*,#7616,.F.);
#7616 = EDGE_CURVE('',#7617,#7610,#7619,.T.);
#7617 = VERTEX_POINT('',#7618);
#7618 = CARTESIAN_POINT('',(-26.6700520701,-23.05454279908,
    1.500002540005));
#7619 = B_SPLINE_CURVE_WITH_KNOTS('',1,(#7620,#7621),.UNSPECIFIED.,.F.,
  .F.,(2,2),(0.,47.2441),.PIECEWISE_BEZIER_KNOTS.);
#7620 = CARTESIAN_POINT('',(-26.6700520701,-23.05454279908,
    1.500002540005));
#7621 = CARTESIAN_POINT('',(-26.6700520701,-21.85454025908,
    1.500002540005));
#7622 = ORIENTED_EDGE('',*,*,#7623,.F.);
#7623 = EDGE_CURVE('',#7624,#7617,#7626,.T.);
#7624 = VERTEX_POINT('',#7625);
#7625 = CARTESIAN_POINT('',(-21.58544333921,-23.05454279908,
    1.500002540005));
#7626 = B_SPLINE_CURVE_WITH_KNOTS('',1,(#7627,#7628),.UNSPECIFIED.,.F.,
  .F.,(2,2),(-525.4776046861,-325.2965589512),.PIECEWISE_BEZIER_KNOTS.);
#7627 = CARTESIAN_POINT('',(-21.58544333921,-23.05454279908,
    1.500002540005));
#7628 = CARTESIAN_POINT('',(-26.6700520701,-23.05454279908,
    1.500002540005));
#7629 = ORIENTED_EDGE('',*,*,#7630,.T.);
#7630 = EDGE_CURVE('',#7624,#7631,#7633,.T.);
#7631 = VERTEX_POINT('',#7632);
#7632 = CARTESIAN_POINT('',(-20.10003937007,-24.53994676822,
    1.500002540005));
#7633 = ( BOUNDED_CURVE() B_SPLINE_CURVE(2,(#7634,#7635,#7636),
.UNSPECIFIED.,.F.,.F.) B_SPLINE_CURVE_WITH_KNOTS((3,3),(3.421740563997,
4.432241069977),.PIECEWISE_BEZIER_KNOTS.) CURVE() 
GEOMETRIC_REPRESENTATION_ITEM() RATIONAL_B_SPLINE_CURVE((1.,
0.875053372764,1.)) REPRESENTATION_ITEM('') );
#7634 = CARTESIAN_POINT('',(-21.58544333921,-23.05454279908,
    1.500002540005));
#7635 = CARTESIAN_POINT('',(-21.25355903607,-24.20806246508,
    1.500002540005));
#7636 = CARTESIAN_POINT('',(-20.10003937007,-24.53994676822,
    1.500002540005));
#7637 = ORIENTED_EDGE('',*,*,#7638,.T.);
#7638 = EDGE_CURVE('',#7631,#7639,#7641,.T.);
#7639 = VERTEX_POINT('',#7640);
#7640 = CARTESIAN_POINT('',(-20.10003937007,-29.47605918211,
    1.500002540005));
#7641 = B_SPLINE_CURVE_WITH_KNOTS('',1,(#7642,#7643),.UNSPECIFIED.,.F.,
  .F.,(2,2),(1.087681795314E+03,1.282016541049E+03),
  .PIECEWISE_BEZIER_KNOTS.);
#7642 = CARTESIAN_POINT('',(-20.10003937007,-24.53994676822,
    1.500002540005));
#7643 = CARTESIAN_POINT('',(-20.10003937007,-29.47605918211,
    1.500002540005));
#7644 = ORIENTED_EDGE('',*,*,#7645,.T.);
#7645 = EDGE_CURVE('',#7639,#7646,#7648,.T.);
#7646 = VERTEX_POINT('',#7647);
#7647 = CARTESIAN_POINT('',(-84.61716916433,-29.47605918211,
    1.500002540005));
#7648 = B_SPLINE_CURVE_WITH_KNOTS('',1,(#7649,#7650),.UNSPECIFIED.,.F.,
  .F.,(2,2),(866.811,3.4068504E+03),.PIECEWISE_BEZIER_KNOTS.);
#7649 = CARTESIAN_POINT('',(-20.10003937007,-29.47605918211,
    1.500002540005));
#7650 = CARTESIAN_POINT('',(-84.61716916433,-29.47605918211,
    1.500002540005));
#7651 = ORIENTED_EDGE('',*,*,#7652,.F.);
#7652 = EDGE_CURVE('',#7653,#7646,#7655,.T.);
#7653 = VERTEX_POINT('',#7654);
#7654 = CARTESIAN_POINT('',(-84.61716916433,-24.53994676822,
    1.500002540005));
#7655 = B_SPLINE_CURVE_WITH_KNOTS('',1,(#7656,#7657),.UNSPECIFIED.,.F.,
  .F.,(2,2),(1.087681795314E+03,1.282016541049E+03),
  .PIECEWISE_BEZIER_KNOTS.);
#7656 = CARTESIAN_POINT('',(-84.61716916433,-24.53994676822,
    1.500002540005));
#7657 = CARTESIAN_POINT('',(-84.61716916433,-29.47605918211,
    1.500002540005));
#7658 = ORIENTED_EDGE('',*,*,#7659,.T.);
#7659 = EDGE_CURVE('',#7653,#7660,#7662,.T.);
#7660 = VERTEX_POINT('',#7661);
#7661 = CARTESIAN_POINT('',(-83.13176519519,-23.05454279908,
    1.500002540005));
#7662 = ( BOUNDED_CURVE() B_SPLINE_CURVE(2,(#7663,#7664,#7665),
.UNSPECIFIED.,.F.,.F.) B_SPLINE_CURVE_WITH_KNOTS((3,3),(4.992536890792,
6.003037396772),.PIECEWISE_BEZIER_KNOTS.) CURVE() 
GEOMETRIC_REPRESENTATION_ITEM() RATIONAL_B_SPLINE_CURVE((1.,
0.875053372764,1.)) REPRESENTATION_ITEM('') );
#7663 = CARTESIAN_POINT('',(-84.61716916433,-24.53994676822,
    1.500002540005));
#7664 = CARTESIAN_POINT('',(-83.46364949834,-24.20806246508,
    1.500002540005));
#7665 = CARTESIAN_POINT('',(-83.13176519519,-23.05454279908,
    1.500002540005));
#7666 = ORIENTED_EDGE('',*,*,#7667,.T.);
#7667 = EDGE_CURVE('',#7660,#7668,#7670,.T.);
#7668 = VERTEX_POINT('',#7669);
#7669 = CARTESIAN_POINT('',(-78.04715646431,-23.05454279908,
    1.500002540005));
#7670 = B_SPLINE_CURVE_WITH_KNOTS('',1,(#7671,#7672),.UNSPECIFIED.,.F.,
  .F.,(2,2),(-749.3358546861,-549.1548089512),.PIECEWISE_BEZIER_KNOTS.);
#7671 = CARTESIAN_POINT('',(-83.13176519519,-23.05454279908,
    1.500002540005));
#7672 = CARTESIAN_POINT('',(-78.04715646431,-23.05454279908,
    1.500002540005));
#7673 = ORIENTED_EDGE('',*,*,#7674,.F.);
#7674 = EDGE_CURVE('',#7675,#7668,#7677,.T.);
#7675 = VERTEX_POINT('',#7676);
#7676 = CARTESIAN_POINT('',(-78.04715646431,-21.85454025908,
    1.500002540005));
#7677 = B_SPLINE_CURVE_WITH_KNOTS('',1,(#7678,#7679),.UNSPECIFIED.,.F.,
  .F.,(2,2),(0.,47.2441),.PIECEWISE_BEZIER_KNOTS.);
#7678 = CARTESIAN_POINT('',(-78.04715646431,-21.85454025908,
    1.500002540005));
#7679 = CARTESIAN_POINT('',(-78.04715646431,-23.05454279908,
    1.500002540005));
#7680 = ORIENTED_EDGE('',*,*,#7681,.F.);
#7681 = EDGE_CURVE('',#7682,#7675,#7684,.T.);
#7682 = VERTEX_POINT('',#7683);
#7683 = CARTESIAN_POINT('',(-83.13176519519,-21.85454025908,
    1.500002540005));
#7684 = B_SPLINE_CURVE_WITH_KNOTS('',1,(#7685,#7686),.UNSPECIFIED.,.F.,
  .F.,(2,2),(-749.3358546861,-549.1548089512),.PIECEWISE_BEZIER_KNOTS.);
#7685 = CARTESIAN_POINT('',(-83.13176519519,-21.85454025908,
    1.500002540005));
#7686 = CARTESIAN_POINT('',(-78.04715646431,-21.85454025908,
    1.500002540005));
#7687 = ORIENTED_EDGE('',*,*,#7688,.T.);
#7688 = EDGE_CURVE('',#7682,#7689,#7691,.T.);
#7689 = VERTEX_POINT('',#7690);
#7690 = CARTESIAN_POINT('',(-84.61716916433,-20.36913628994,
    1.500002540005));
#7691 = ( BOUNDED_CURVE() B_SPLINE_CURVE(2,(#7692,#7693,#7694),
.UNSPECIFIED.,.F.,.F.) B_SPLINE_CURVE_WITH_KNOTS((3,3),(0.280147910408,
1.290648416387),.PIECEWISE_BEZIER_KNOTS.) CURVE() 
GEOMETRIC_REPRESENTATION_ITEM() RATIONAL_B_SPLINE_CURVE((1.,
0.875053372764,1.)) REPRESENTATION_ITEM('') );
#7692 = CARTESIAN_POINT('',(-83.13176519519,-21.85454025908,
    1.500002540005));
#7693 = CARTESIAN_POINT('',(-83.46364949834,-20.70102059308,
    1.500002540005));
#7694 = CARTESIAN_POINT('',(-84.61716916433,-20.36913628994,
    1.500002540005));
#7695 = ORIENTED_EDGE('',*,*,#7696,.F.);
#7696 = EDGE_CURVE('',#7697,#7689,#7699,.T.);
#7697 = VERTEX_POINT('',#7698);
#7698 = CARTESIAN_POINT('',(-84.61716916433,-11.22942352717,
    1.500002540005));
#7699 = B_SPLINE_CURVE_WITH_KNOTS('',1,(#7700,#7701),.UNSPECIFIED.,.F.,
  .F.,(2,2),(825.66414531381,1.185494636784E+03),
  .PIECEWISE_BEZIER_KNOTS.);
#7700 = CARTESIAN_POINT('',(-84.61716916433,-11.22942352717,
    1.500002540005));
#7701 = CARTESIAN_POINT('',(-84.61716916433,-20.36913628994,
    1.500002540005));
#7702 = ORIENTED_EDGE('',*,*,#7703,.T.);
#7703 = EDGE_CURVE('',#7697,#7704,#7706,.T.);
#7704 = VERTEX_POINT('',#7705);
#7705 = CARTESIAN_POINT('',(-83.13176519519,-9.744019558039,
    1.500002540005));
#7706 = ( BOUNDED_CURVE() B_SPLINE_CURVE(2,(#7707,#7708,#7709),
.UNSPECIFIED.,.F.,.F.) B_SPLINE_CURVE_WITH_KNOTS((3,3),(4.992536890792,
6.003037396772),.PIECEWISE_BEZIER_KNOTS.) CURVE() 
GEOMETRIC_REPRESENTATION_ITEM() RATIONAL_B_SPLINE_CURVE((1.,
0.875053372764,1.)) REPRESENTATION_ITEM('') );
#7707 = CARTESIAN_POINT('',(-84.61716916433,-11.22942352717,
    1.500002540005));
#7708 = CARTESIAN_POINT('',(-83.46364949834,-10.89753922403,
    1.500002540005));
#7709 = CARTESIAN_POINT('',(-83.13176519519,-9.744019558039,
    1.500002540005));
#7710 = ORIENTED_EDGE('',*,*,#7711,.T.);
#7711 = EDGE_CURVE('',#7704,#7712,#7714,.T.);
#7712 = VERTEX_POINT('',#7713);
#7713 = CARTESIAN_POINT('',(-78.04715646431,-9.744019558039,
    1.500002540005));
#7714 = B_SPLINE_CURVE_WITH_KNOTS('',1,(#7715,#7716),.UNSPECIFIED.,.F.,
  .F.,(2,2),(-749.3358546861,-549.1548089512),.PIECEWISE_BEZIER_KNOTS.);
#7715 = CARTESIAN_POINT('',(-83.13176519519,-9.744019558039,
    1.500002540005));
#7716 = CARTESIAN_POINT('',(-78.04715646431,-9.744019558039,
    1.500002540005));
#7717 = ORIENTED_EDGE('',*,*,#7718,.F.);
#7718 = EDGE_CURVE('',#7719,#7712,#7721,.T.);
#7719 = VERTEX_POINT('',#7720);
#7720 = CARTESIAN_POINT('',(-78.04715646431,-8.544017018034,
    1.500002540005));
#7721 = B_SPLINE_CURVE_WITH_KNOTS('',1,(#7722,#7723),.UNSPECIFIED.,.F.,
  .F.,(2,2),(0.,47.2441),.PIECEWISE_BEZIER_KNOTS.);
#7722 = CARTESIAN_POINT('',(-78.04715646431,-8.544017018034,
    1.500002540005));
#7723 = CARTESIAN_POINT('',(-78.04715646431,-9.744019558039,
    1.500002540005));
#7724 = ORIENTED_EDGE('',*,*,#7725,.F.);
#7725 = EDGE_CURVE('',#7726,#7719,#7728,.T.);
#7726 = VERTEX_POINT('',#7727);
#7727 = CARTESIAN_POINT('',(-83.13176519519,-8.544017018034,
    1.500002540005));
#7728 = B_SPLINE_CURVE_WITH_KNOTS('',1,(#7729,#7730),.UNSPECIFIED.,.F.,
  .F.,(2,2),(-749.3358546861,-549.1548089512),.PIECEWISE_BEZIER_KNOTS.);
#7729 = CARTESIAN_POINT('',(-83.13176519519,-8.544017018034,
    1.500002540005));
#7730 = CARTESIAN_POINT('',(-78.04715646431,-8.544017018034,
    1.500002540005));
#7731 = ORIENTED_EDGE('',*,*,#7732,.T.);
#7732 = EDGE_CURVE('',#7726,#7733,#7735,.T.);
#7733 = VERTEX_POINT('',#7734);
#7734 = CARTESIAN_POINT('',(-84.61716916433,-7.058613048894,
    1.500002540005));
#7735 = ( BOUNDED_CURVE() B_SPLINE_CURVE(2,(#7736,#7737,#7738),
.UNSPECIFIED.,.F.,.F.) B_SPLINE_CURVE_WITH_KNOTS((3,3),(0.280147910408,
1.290648416387),.PIECEWISE_BEZIER_KNOTS.) CURVE() 
GEOMETRIC_REPRESENTATION_ITEM() RATIONAL_B_SPLINE_CURVE((1.,
0.875053372764,1.)) REPRESENTATION_ITEM('') );
#7736 = CARTESIAN_POINT('',(-83.13176519519,-8.544017018034,
    1.500002540005));
#7737 = CARTESIAN_POINT('',(-83.46364949834,-7.39049735204,
    1.500002540005));
#7738 = CARTESIAN_POINT('',(-84.61716916433,-7.058613048894,
    1.500002540005));
#7739 = ORIENTED_EDGE('',*,*,#7740,.T.);
#7740 = EDGE_CURVE('',#7733,#7741,#7743,.T.);
#7741 = VERTEX_POINT('',#7742);
#7742 = CARTESIAN_POINT('',(-84.61716916433,-1.974004318009,
    1.500002540005));
#7743 = B_SPLINE_CURVE_WITH_KNOTS('',1,(#7744,#7745),.UNSPECIFIED.,.F.,
  .F.,(2,2),(-806.8358546861,-606.6548089512),.PIECEWISE_BEZIER_KNOTS.);
#7744 = CARTESIAN_POINT('',(-84.61716916433,-7.058613048894,
    1.500002540005));
#7745 = CARTESIAN_POINT('',(-84.61716916433,-1.974004318009,
    1.500002540005));
#7746 = ORIENTED_EDGE('',*,*,#7747,.F.);
#7747 = EDGE_CURVE('',#7748,#7741,#7750,.T.);
#7748 = VERTEX_POINT('',#7749);
#7749 = CARTESIAN_POINT('',(-85.81717170434,-1.974004318009,
    1.500002540005));
#7750 = B_SPLINE_CURVE_WITH_KNOTS('',1,(#7751,#7752),.UNSPECIFIED.,.F.,
  .F.,(2,2),(0.,47.2441),.PIECEWISE_BEZIER_KNOTS.);
#7751 = CARTESIAN_POINT('',(-85.81717170434,-1.974004318009,
    1.500002540005));
#7752 = CARTESIAN_POINT('',(-84.61716916433,-1.974004318009,
    1.500002540005));
#7753 = ORIENTED_EDGE('',*,*,#7754,.F.);
#7754 = EDGE_CURVE('',#7755,#7748,#7757,.T.);
#7755 = VERTEX_POINT('',#7756);
#7756 = CARTESIAN_POINT('',(-85.81717170434,-7.058613048894,
    1.500002540005));
#7757 = B_SPLINE_CURVE_WITH_KNOTS('',1,(#7758,#7759),.UNSPECIFIED.,.F.,
  .F.,(2,2),(-806.8358546861,-606.6548089512),.PIECEWISE_BEZIER_KNOTS.);
#7758 = CARTESIAN_POINT('',(-85.81717170434,-7.058613048894,
    1.500002540005));
#7759 = CARTESIAN_POINT('',(-85.81717170434,-1.974004318009,
    1.500002540005));
#7760 = ORIENTED_EDGE('',*,*,#7761,.T.);
#7761 = EDGE_CURVE('',#7755,#7762,#7764,.T.);
#7762 = VERTEX_POINT('',#7763);
#7763 = CARTESIAN_POINT('',(-87.30257567348,-8.544017018034,
    1.500002540005));
#7764 = ( BOUNDED_CURVE() B_SPLINE_CURVE(2,(#7765,#7766,#7767),
.UNSPECIFIED.,.F.,.F.) B_SPLINE_CURVE_WITH_KNOTS((3,3),(1.850944237203,
2.861444743182),.PIECEWISE_BEZIER_KNOTS.) CURVE() 
GEOMETRIC_REPRESENTATION_ITEM() RATIONAL_B_SPLINE_CURVE((1.,
0.875053372764,1.)) REPRESENTATION_ITEM('') );
#7765 = CARTESIAN_POINT('',(-85.81717170434,-7.058613048894,
    1.500002540005));
#7766 = CARTESIAN_POINT('',(-86.97069137033,-7.39049735204,
    1.500002540005));
#7767 = CARTESIAN_POINT('',(-87.30257567348,-8.544017018034,
    1.500002540005));
#7768 = ORIENTED_EDGE('',*,*,#7769,.T.);
#7769 = EDGE_CURVE('',#7762,#7770,#7772,.T.);
#7770 = VERTEX_POINT('',#7771);
#7771 = CARTESIAN_POINT('',(-92.38718440436,-8.544017018034,
    1.500002540005));
#7772 = B_SPLINE_CURVE_WITH_KNOTS('',1,(#7773,#7774),.UNSPECIFIED.,.F.,
  .F.,(2,2),(768.16414531383,968.34519104879),.PIECEWISE_BEZIER_KNOTS.);
#7773 = CARTESIAN_POINT('',(-87.30257567348,-8.544017018034,
    1.500002540005));
#7774 = CARTESIAN_POINT('',(-92.38718440436,-8.544017018034,
    1.500002540005));
#7775 = ORIENTED_EDGE('',*,*,#7776,.F.);
#7776 = EDGE_CURVE('',#7777,#7770,#7779,.T.);
#7777 = VERTEX_POINT('',#7778);
#7778 = CARTESIAN_POINT('',(-92.38718440436,-9.744019558039,
    1.500002540005));
#7779 = B_SPLINE_CURVE_WITH_KNOTS('',1,(#7780,#7781),.UNSPECIFIED.,.F.,
  .F.,(2,2),(0.,47.2441),.PIECEWISE_BEZIER_KNOTS.);
#7780 = CARTESIAN_POINT('',(-92.38718440436,-9.744019558039,
    1.500002540005));
#7781 = CARTESIAN_POINT('',(-92.38718440436,-8.544017018034,
    1.500002540005));
#7782 = ORIENTED_EDGE('',*,*,#7783,.F.);
#7783 = EDGE_CURVE('',#7784,#7777,#7786,.T.);
#7784 = VERTEX_POINT('',#7785);
#7785 = CARTESIAN_POINT('',(-87.30257567348,-9.744019558039,
    1.500002540005));
#7786 = B_SPLINE_CURVE_WITH_KNOTS('',1,(#7787,#7788),.UNSPECIFIED.,.F.,
  .F.,(2,2),(768.16414531383,968.34519104879),.PIECEWISE_BEZIER_KNOTS.);
#7787 = CARTESIAN_POINT('',(-87.30257567348,-9.744019558039,
    1.500002540005));
#7788 = CARTESIAN_POINT('',(-92.38718440436,-9.744019558039,
    1.500002540005));
#7789 = ORIENTED_EDGE('',*,*,#7790,.T.);
#7790 = EDGE_CURVE('',#7784,#7791,#7793,.T.);
#7791 = VERTEX_POINT('',#7792);
#7792 = CARTESIAN_POINT('',(-85.81717170434,-11.22942352717,
    1.500002540005));
#7793 = ( BOUNDED_CURVE() B_SPLINE_CURVE(2,(#7794,#7795,#7796),
.UNSPECIFIED.,.F.,.F.) B_SPLINE_CURVE_WITH_KNOTS((3,3),(3.421740563997,
4.432241069977),.PIECEWISE_BEZIER_KNOTS.) CURVE() 
GEOMETRIC_REPRESENTATION_ITEM() RATIONAL_B_SPLINE_CURVE((1.,
0.875053372764,1.)) REPRESENTATION_ITEM('') );
#7794 = CARTESIAN_POINT('',(-87.30257567348,-9.744019558039,
    1.500002540005));
#7795 = CARTESIAN_POINT('',(-86.97069137033,-10.89753922403,
    1.500002540005));
#7796 = CARTESIAN_POINT('',(-85.81717170434,-11.22942352717,
    1.500002540005));
#7797 = ORIENTED_EDGE('',*,*,#7798,.T.);
#7798 = EDGE_CURVE('',#7791,#7799,#7801,.T.);
#7799 = VERTEX_POINT('',#7800);
#7800 = CARTESIAN_POINT('',(-85.81717170434,-20.36913628994,
    1.500002540005));
#7801 = B_SPLINE_CURVE_WITH_KNOTS('',1,(#7802,#7803),.UNSPECIFIED.,.F.,
  .F.,(2,2),(825.66414531381,1.185494636784E+03),
  .PIECEWISE_BEZIER_KNOTS.);
#7802 = CARTESIAN_POINT('',(-85.81717170434,-11.22942352717,
    1.500002540005));
#7803 = CARTESIAN_POINT('',(-85.81717170434,-20.36913628994,
    1.500002540005));
#7804 = ORIENTED_EDGE('',*,*,#7805,.T.);
#7805 = EDGE_CURVE('',#7799,#7806,#7808,.T.);
#7806 = VERTEX_POINT('',#7807);
#7807 = CARTESIAN_POINT('',(-87.30257567348,-21.85454025908,
    1.500002540005));
#7808 = ( BOUNDED_CURVE() B_SPLINE_CURVE(2,(#7809,#7810,#7811),
.UNSPECIFIED.,.F.,.F.) B_SPLINE_CURVE_WITH_KNOTS((3,3),(1.850944237203,
2.861444743182),.PIECEWISE_BEZIER_KNOTS.) CURVE() 
GEOMETRIC_REPRESENTATION_ITEM() RATIONAL_B_SPLINE_CURVE((1.,
0.875053372764,1.)) REPRESENTATION_ITEM('') );
#7809 = CARTESIAN_POINT('',(-85.81717170434,-20.36913628994,
    1.500002540005));
#7810 = CARTESIAN_POINT('',(-86.97069137033,-20.70102059308,
    1.500002540005));
#7811 = CARTESIAN_POINT('',(-87.30257567348,-21.85454025908,
    1.500002540005));
#7812 = ORIENTED_EDGE('',*,*,#7813,.T.);
#7813 = EDGE_CURVE('',#7806,#7814,#7816,.T.);
#7814 = VERTEX_POINT('',#7815);
#7815 = CARTESIAN_POINT('',(-92.38718440436,-21.85454025908,
    1.500002540005));
#7816 = B_SPLINE_CURVE_WITH_KNOTS('',1,(#7817,#7818),.UNSPECIFIED.,.F.,
  .F.,(2,2),(768.16414531383,968.34519104879),.PIECEWISE_BEZIER_KNOTS.);
#7817 = CARTESIAN_POINT('',(-87.30257567348,-21.85454025908,
    1.500002540005));
#7818 = CARTESIAN_POINT('',(-92.38718440436,-21.85454025908,
    1.500002540005));
#7819 = ORIENTED_EDGE('',*,*,#7820,.F.);
#7820 = EDGE_CURVE('',#7821,#7814,#7823,.T.);
#7821 = VERTEX_POINT('',#7822);
#7822 = CARTESIAN_POINT('',(-92.38718440436,-23.05454279908,
    1.500002540005));
#7823 = B_SPLINE_CURVE_WITH_KNOTS('',1,(#7824,#7825),.UNSPECIFIED.,.F.,
  .F.,(2,2),(0.,47.2441),.PIECEWISE_BEZIER_KNOTS.);
#7824 = CARTESIAN_POINT('',(-92.38718440436,-23.05454279908,
    1.500002540005));
#7825 = CARTESIAN_POINT('',(-92.38718440436,-21.85454025908,
    1.500002540005));
#7826 = ORIENTED_EDGE('',*,*,#7827,.F.);
#7827 = EDGE_CURVE('',#7828,#7821,#7830,.T.);
#7828 = VERTEX_POINT('',#7829);
#7829 = CARTESIAN_POINT('',(-87.30257567348,-23.05454279908,
    1.500002540005));
#7830 = B_SPLINE_CURVE_WITH_KNOTS('',1,(#7831,#7832),.UNSPECIFIED.,.F.,
  .F.,(2,2),(768.16414531383,968.34519104879),.PIECEWISE_BEZIER_KNOTS.);
#7831 = CARTESIAN_POINT('',(-87.30257567348,-23.05454279908,
    1.500002540005));
#7832 = CARTESIAN_POINT('',(-92.38718440436,-23.05454279908,
    1.500002540005));
#7833 = ORIENTED_EDGE('',*,*,#7834,.T.);
#7834 = EDGE_CURVE('',#7828,#7835,#7837,.T.);
#7835 = VERTEX_POINT('',#7836);
#7836 = CARTESIAN_POINT('',(-85.81717170434,-24.53994676822,
    1.500002540005));
#7837 = ( BOUNDED_CURVE() B_SPLINE_CURVE(2,(#7838,#7839,#7840),
.UNSPECIFIED.,.F.,.F.) B_SPLINE_CURVE_WITH_KNOTS((3,3),(3.421740563997,
4.432241069977),.PIECEWISE_BEZIER_KNOTS.) CURVE() 
GEOMETRIC_REPRESENTATION_ITEM() RATIONAL_B_SPLINE_CURVE((1.,
0.875053372764,1.)) REPRESENTATION_ITEM('') );
#7838 = CARTESIAN_POINT('',(-87.30257567348,-23.05454279908,
    1.500002540005));
#7839 = CARTESIAN_POINT('',(-86.97069137033,-24.20806246508,
    1.500002540005));
#7840 = CARTESIAN_POINT('',(-85.81717170434,-24.53994676822,
    1.500002540005));
#7841 = ORIENTED_EDGE('',*,*,#7842,.T.);
#7842 = EDGE_CURVE('',#7835,#7843,#7845,.T.);
#7843 = VERTEX_POINT('',#7844);
#7844 = CARTESIAN_POINT('',(-85.81717170434,-29.47605918211,
    1.500002540005));
#7845 = B_SPLINE_CURVE_WITH_KNOTS('',1,(#7846,#7847),.UNSPECIFIED.,.F.,
  .F.,(2,2),(1.087681795314E+03,1.282016541049E+03),
  .PIECEWISE_BEZIER_KNOTS.);
#7846 = CARTESIAN_POINT('',(-85.81717170434,-24.53994676822,
    1.500002540005));
#7847 = CARTESIAN_POINT('',(-85.81717170434,-29.47605918211,
    1.500002540005));
#7848 = ORIENTED_EDGE('',*,*,#7849,.T.);
#7849 = EDGE_CURVE('',#7843,#7850,#7852,.T.);
#7850 = VERTEX_POINT('',#7851);
#7851 = CARTESIAN_POINT('',(-95.26219075438,-29.47605918211,
    1.500002540005));
#7852 = B_SPLINE_CURVE_WITH_KNOTS('',1,(#7853,#7854),.UNSPECIFIED.,.F.,
  .F.,(2,2),(3.4540945E+03,3.8259449E+03),.PIECEWISE_BEZIER_KNOTS.);
#7853 = CARTESIAN_POINT('',(-85.81717170434,-29.47605918211,
    1.500002540005));
#7854 = CARTESIAN_POINT('',(-95.26219075438,-29.47605918211,
    1.500002540005));
#7855 = ORIENTED_EDGE('',*,*,#7856,.T.);
#7856 = EDGE_CURVE('',#7850,#6132,#7857,.T.);
#7857 = B_SPLINE_CURVE_WITH_KNOTS('',1,(#7858,#7859),.UNSPECIFIED.,.F.,
  .F.,(2,2),(0.,4.8659449E+03),.PIECEWISE_BEZIER_KNOTS.);
#7858 = CARTESIAN_POINT('',(-95.26219075438,-29.47605918211,
    1.500002540005));
#7859 = CARTESIAN_POINT('',(-95.26219075438,94.119188468377,
    1.500002540005));
#7860 = FACE_BOUND('',#7861,.F.);
#7861 = EDGE_LOOP('',(#7862,#7871,#7878,#7886,#7893,#7900,#7907,#7915,
    #7922,#7929,#7936,#7944,#7951,#7958,#7965,#7973));
#7862 = ORIENTED_EDGE('',*,*,#7863,.F.);
#7863 = EDGE_CURVE('',#7864,#7866,#7868,.T.);
#7864 = VERTEX_POINT('',#7865);
#7865 = CARTESIAN_POINT('',(-79.45215865887,86.579173177546,
    1.500002540005));
#7866 = VERTEX_POINT('',#7867);
#7867 = CARTESIAN_POINT('',(-79.45215865887,85.379170739142,
    1.500002540005));
#7868 = B_SPLINE_CURVE_WITH_KNOTS('',1,(#7869,#7870),.UNSPECIFIED.,.F.,
  .F.,(2,2),(0.,47.244096),.PIECEWISE_BEZIER_KNOTS.);
#7869 = CARTESIAN_POINT('',(-79.45215865887,86.579173177546,
    1.500002540005));
#7870 = CARTESIAN_POINT('',(-79.45215865887,85.379170739142,
    1.500002540005));
#7871 = ORIENTED_EDGE('',*,*,#7872,.F.);
#7872 = EDGE_CURVE('',#7873,#7864,#7875,.T.);
#7873 = VERTEX_POINT('',#7874);
#7874 = CARTESIAN_POINT('',(-84.52045798216,86.579173177546,
    1.500002540005));
#7875 = B_SPLINE_CURVE_WITH_KNOTS('',1,(#7876,#7877),.UNSPECIFIED.,.F.,
  .F.,(2,2),(-777.698408572,-578.159464214),.PIECEWISE_BEZIER_KNOTS.);
#7876 = CARTESIAN_POINT('',(-84.52045798216,86.579173177546,
    1.500002540005));
#7877 = CARTESIAN_POINT('',(-79.45215865887,86.579173177546,
    1.500002540005));
#7878 = ORIENTED_EDGE('',*,*,#7879,.T.);
#7879 = EDGE_CURVE('',#7873,#7880,#7882,.T.);
#7880 = VERTEX_POINT('',#7881);
#7881 = CARTESIAN_POINT('',(-86.52217302514,88.580888220524,
    1.500002540005));
#7882 = ( BOUNDED_CURVE() B_SPLINE_CURVE(2,(#7883,#7884,#7885),
.UNSPECIFIED.,.F.,.F.) B_SPLINE_CURVE_WITH_KNOTS((3,3),(0.226654754756,
1.344141572039),.PIECEWISE_BEZIER_KNOTS.) CURVE() 
GEOMETRIC_REPRESENTATION_ITEM() RATIONAL_B_SPLINE_CURVE((1.,
0.847921925907,1.)) REPRESENTATION_ITEM('') );
#7883 = CARTESIAN_POINT('',(-84.52045798216,86.579173177546,
    1.500002540005));
#7884 = CARTESIAN_POINT('',(-84.89557898308,88.205767219603,
    1.500002540005));
#7885 = CARTESIAN_POINT('',(-86.52217302514,88.580888220524,
    1.500002540005));
#7886 = ORIENTED_EDGE('',*,*,#7887,.T.);
#7887 = EDGE_CURVE('',#7880,#7888,#7890,.T.);
#7888 = VERTEX_POINT('',#7889);
#7889 = CARTESIAN_POINT('',(-86.52217302514,93.649187543815,
    1.500002540005));
#7890 = B_SPLINE_CURVE_WITH_KNOTS('',1,(#7891,#7892),.UNSPECIFIED.,.F.,
  .F.,(2,2),(1.074801591428E+03,1.274340535786E+03),
  .PIECEWISE_BEZIER_KNOTS.);
#7891 = CARTESIAN_POINT('',(-86.52217302514,88.580888220524,
    1.500002540005));
#7892 = CARTESIAN_POINT('',(-86.52217302514,93.649187543815,
    1.500002540005));
#7893 = ORIENTED_EDGE('',*,*,#7894,.F.);
#7894 = EDGE_CURVE('',#7895,#7888,#7897,.T.);
#7895 = VERTEX_POINT('',#7896);
#7896 = CARTESIAN_POINT('',(-87.72217546355,93.649187543815,
    1.500002540005));
#7897 = B_SPLINE_CURVE_WITH_KNOTS('',1,(#7898,#7899),.UNSPECIFIED.,.F.,
  .F.,(2,2),(0.,47.244096),.PIECEWISE_BEZIER_KNOTS.);
#7898 = CARTESIAN_POINT('',(-87.72217546355,93.649187543815,
    1.500002540005));
#7899 = CARTESIAN_POINT('',(-86.52217302514,93.649187543815,
    1.500002540005));
#7900 = ORIENTED_EDGE('',*,*,#7901,.F.);
#7901 = EDGE_CURVE('',#7902,#7895,#7904,.T.);
#7902 = VERTEX_POINT('',#7903);
#7903 = CARTESIAN_POINT('',(-87.72217546355,88.580888220524,
    1.500002540005));
#7904 = B_SPLINE_CURVE_WITH_KNOTS('',1,(#7905,#7906),.UNSPECIFIED.,.F.,
  .F.,(2,2),(1.074801591428E+03,1.274340535786E+03),
  .PIECEWISE_BEZIER_KNOTS.);
#7905 = CARTESIAN_POINT('',(-87.72217546355,88.580888220524,
    1.500002540005));
#7906 = CARTESIAN_POINT('',(-87.72217546355,93.649187543815,
    1.500002540005));
#7907 = ORIENTED_EDGE('',*,*,#7908,.T.);
#7908 = EDGE_CURVE('',#7902,#7909,#7911,.T.);
#7909 = VERTEX_POINT('',#7910);
#7910 = CARTESIAN_POINT('',(-89.72389050652,86.579173177546,
    1.500002540005));
#7911 = ( BOUNDED_CURVE() B_SPLINE_CURVE(2,(#7912,#7913,#7914),
.UNSPECIFIED.,.F.,.F.) B_SPLINE_CURVE_WITH_KNOTS((3,3),(1.79745108155,
2.914937898834),.PIECEWISE_BEZIER_KNOTS.) CURVE() 
GEOMETRIC_REPRESENTATION_ITEM() RATIONAL_B_SPLINE_CURVE((1.,
0.847921925907,1.)) REPRESENTATION_ITEM('') );
#7912 = CARTESIAN_POINT('',(-87.72217546355,88.580888220524,
    1.500002540005));
#7913 = CARTESIAN_POINT('',(-89.3487695056,88.205767219603,
    1.500002540005));
#7914 = CARTESIAN_POINT('',(-89.72389050652,86.579173177546,
    1.500002540005));
#7915 = ORIENTED_EDGE('',*,*,#7916,.T.);
#7916 = EDGE_CURVE('',#7909,#7917,#7919,.T.);
#7917 = VERTEX_POINT('',#7918);
#7918 = CARTESIAN_POINT('',(-94.79218982982,86.579173177546,
    1.500002540005));
#7919 = B_SPLINE_CURVE_WITH_KNOTS('',1,(#7920,#7921),.UNSPECIFIED.,.F.,
  .F.,(2,2),(814.80159142792,1.014340535786E+03),
  .PIECEWISE_BEZIER_KNOTS.);
#7920 = CARTESIAN_POINT('',(-89.72389050652,86.579173177546,
    1.500002540005));
#7921 = CARTESIAN_POINT('',(-94.79218982982,86.579173177546,
    1.500002540005));
#7922 = ORIENTED_EDGE('',*,*,#7923,.F.);
#7923 = EDGE_CURVE('',#7924,#7917,#7926,.T.);
#7924 = VERTEX_POINT('',#7925);
#7925 = CARTESIAN_POINT('',(-94.79218982982,85.379170739141,
    1.500002540005));
#7926 = B_SPLINE_CURVE_WITH_KNOTS('',1,(#7927,#7928),.UNSPECIFIED.,.F.,
  .F.,(2,2),(0.,47.244096),.PIECEWISE_BEZIER_KNOTS.);
#7927 = CARTESIAN_POINT('',(-94.79218982982,85.379170739141,
    1.500002540005));
#7928 = CARTESIAN_POINT('',(-94.79218982982,86.579173177546,
    1.500002540005));
#7929 = ORIENTED_EDGE('',*,*,#7930,.F.);
#7930 = EDGE_CURVE('',#7931,#7924,#7933,.T.);
#7931 = VERTEX_POINT('',#7932);
#7932 = CARTESIAN_POINT('',(-89.72389050652,85.379170739141,
    1.500002540005));
#7933 = B_SPLINE_CURVE_WITH_KNOTS('',1,(#7934,#7935),.UNSPECIFIED.,.F.,
  .F.,(2,2),(814.80159142788,1.014340535786E+03),
  .PIECEWISE_BEZIER_KNOTS.);
#7934 = CARTESIAN_POINT('',(-89.72389050652,85.379170739141,
    1.500002540005));
#7935 = CARTESIAN_POINT('',(-94.79218982982,85.379170739141,
    1.500002540005));
#7936 = ORIENTED_EDGE('',*,*,#7937,.T.);
#7937 = EDGE_CURVE('',#7931,#7938,#7940,.T.);
#7938 = VERTEX_POINT('',#7939);
#7939 = CARTESIAN_POINT('',(-87.72217546355,83.377455696164,
    1.500002540005));
#7940 = ( BOUNDED_CURVE() B_SPLINE_CURVE(2,(#7941,#7942,#7943),
.UNSPECIFIED.,.F.,.F.) B_SPLINE_CURVE_WITH_KNOTS((3,3),(3.368247408345,
4.485734225629),.PIECEWISE_BEZIER_KNOTS.) CURVE() 
GEOMETRIC_REPRESENTATION_ITEM() RATIONAL_B_SPLINE_CURVE((1.,
0.847921925907,1.)) REPRESENTATION_ITEM('') );
#7941 = CARTESIAN_POINT('',(-89.72389050652,85.379170739141,
    1.500002540005));
#7942 = CARTESIAN_POINT('',(-89.3487695056,83.752576697085,
    1.500002540005));
#7943 = CARTESIAN_POINT('',(-87.72217546355,83.377455696164,
    1.500002540005));
#7944 = ORIENTED_EDGE('',*,*,#7945,.T.);
#7945 = EDGE_CURVE('',#7938,#7946,#7948,.T.);
#7946 = VERTEX_POINT('',#7947);
#7947 = CARTESIAN_POINT('',(-87.72217546355,78.309156372873,
    1.500002540005));
#7948 = B_SPLINE_CURVE_WITH_KNOTS('',1,(#7949,#7950),.UNSPECIFIED.,.F.,
  .F.,(2,2),(-1.037698408572E+03,-838.159464214),
  .PIECEWISE_BEZIER_KNOTS.);
#7949 = CARTESIAN_POINT('',(-87.72217546355,83.377455696164,
    1.500002540005));
#7950 = CARTESIAN_POINT('',(-87.72217546355,78.309156372873,
    1.500002540005));
#7951 = ORIENTED_EDGE('',*,*,#7952,.F.);
#7952 = EDGE_CURVE('',#7953,#7946,#7955,.T.);
#7953 = VERTEX_POINT('',#7954);
#7954 = CARTESIAN_POINT('',(-86.52217302514,78.309156372873,
    1.500002540005));
#7955 = B_SPLINE_CURVE_WITH_KNOTS('',1,(#7956,#7957),.UNSPECIFIED.,.F.,
  .F.,(2,2),(0.,47.244096),.PIECEWISE_BEZIER_KNOTS.);
#7956 = CARTESIAN_POINT('',(-86.52217302514,78.309156372873,
    1.500002540005));
#7957 = CARTESIAN_POINT('',(-87.72217546355,78.309156372873,
    1.500002540005));
#7958 = ORIENTED_EDGE('',*,*,#7959,.F.);
#7959 = EDGE_CURVE('',#7960,#7953,#7962,.T.);
#7960 = VERTEX_POINT('',#7961);
#7961 = CARTESIAN_POINT('',(-86.52217302514,83.377455696164,
    1.500002540005));
#7962 = B_SPLINE_CURVE_WITH_KNOTS('',1,(#7963,#7964),.UNSPECIFIED.,.F.,
  .F.,(2,2),(-1.037698408572E+03,-838.159464214),
  .PIECEWISE_BEZIER_KNOTS.);
#7963 = CARTESIAN_POINT('',(-86.52217302514,83.377455696164,
    1.500002540005));
#7964 = CARTESIAN_POINT('',(-86.52217302514,78.309156372873,
    1.500002540005));
#7965 = ORIENTED_EDGE('',*,*,#7966,.T.);
#7966 = EDGE_CURVE('',#7960,#7967,#7969,.T.);
#7967 = VERTEX_POINT('',#7968);
#7968 = CARTESIAN_POINT('',(-84.52045798216,85.379170739142,
    1.500002540005));
#7969 = ( BOUNDED_CURVE() B_SPLINE_CURVE(2,(#7970,#7971,#7972),
.UNSPECIFIED.,.F.,.F.) B_SPLINE_CURVE_WITH_KNOTS((3,3),(4.93904373514,
6.056530552424),.PIECEWISE_BEZIER_KNOTS.) CURVE() 
GEOMETRIC_REPRESENTATION_ITEM() RATIONAL_B_SPLINE_CURVE((1.,
0.847921925907,1.)) REPRESENTATION_ITEM('') );
#7970 = CARTESIAN_POINT('',(-86.52217302514,83.377455696164,
    1.500002540005));
#7971 = CARTESIAN_POINT('',(-84.89557898308,83.752576697085,
    1.500002540005));
#7972 = CARTESIAN_POINT('',(-84.52045798216,85.379170739142,
    1.500002540005));
#7973 = ORIENTED_EDGE('',*,*,#7974,.T.);
#7974 = EDGE_CURVE('',#7967,#7866,#7975,.T.);
#7975 = B_SPLINE_CURVE_WITH_KNOTS('',1,(#7976,#7977),.UNSPECIFIED.,.F.,
  .F.,(2,2),(-777.698408572,-578.159464214),.PIECEWISE_BEZIER_KNOTS.);
#7976 = CARTESIAN_POINT('',(-84.52045798216,85.379170739142,
    1.500002540005));
#7977 = CARTESIAN_POINT('',(-79.45215865887,85.379170739142,
    1.500002540005));
#7978 = B_SPLINE_SURFACE_WITH_KNOTS('',1,1,(
    (#7979,#7980)
    ,(#7981,#7982
    )),.UNSPECIFIED.,.F.,.F.,.F.,(2,2),(2,2),(-1.91297245E+03,
    1.91297245E+03),(-2.43297245E+03,2.43297245E+03),
  .PIECEWISE_BEZIER_KNOTS.);
#7979 = CARTESIAN_POINT('',(1.917004064008,-29.47605918211,
    1.500002540005));
#7980 = CARTESIAN_POINT('',(1.917004064008,94.119188468377,
    1.500002540005));
#7981 = CARTESIAN_POINT('',(-95.26219075438,-29.47605918211,
    1.500002540005));
#7982 = CARTESIAN_POINT('',(-95.26219075438,94.119188468377,
    1.500002540005));
#7983 = ADVANCED_FACE('',(#7984),#8009,.T.);
#7984 = FACE_BOUND('',#7985,.T.);
#7985 = EDGE_LOOP('',(#7986,#7987,#7995,#8003));
#7986 = ORIENTED_EDGE('',*,*,#6189,.T.);
#7987 = ORIENTED_EDGE('',*,*,#7988,.T.);
#7988 = EDGE_CURVE('',#6190,#7989,#7991,.T.);
#7989 = VERTEX_POINT('',#7990);
#7990 = CARTESIAN_POINT('',(1.917,94.12,31.));
#7991 = LINE('',#7992,#7993);
#7992 = CARTESIAN_POINT('',(1.917,-29.48,31.));
#7993 = VECTOR('',#7994,1.);
#7994 = DIRECTION('',(-0.,1.,0.));
#7995 = ORIENTED_EDGE('',*,*,#7996,.T.);
#7996 = EDGE_CURVE('',#7989,#7997,#7999,.T.);
#7997 = VERTEX_POINT('',#7998);
#7998 = CARTESIAN_POINT('',(1.917,94.12,35.));
#7999 = LINE('',#8000,#8001);
#8000 = CARTESIAN_POINT('',(1.917,94.12,31.));
#8001 = VECTOR('',#8002,1.);
#8002 = DIRECTION('',(0.,0.,1.));
#8003 = ORIENTED_EDGE('',*,*,#8004,.F.);
#8004 = EDGE_CURVE('',#6183,#7997,#8005,.T.);
#8005 = LINE('',#8006,#8007);
#8006 = CARTESIAN_POINT('',(1.917,-29.48,35.));
#8007 = VECTOR('',#8008,1.);
#8008 = DIRECTION('',(-0.,1.,0.));
#8009 = PLANE('',#8010);
#8010 = AXIS2_PLACEMENT_3D('',#8011,#8012,#8013);
#8011 = CARTESIAN_POINT('',(1.917,-29.48,31.));
#8012 = DIRECTION('',(1.,0.,-0.));
#8013 = DIRECTION('',(0.,0.,1.));
#8014 = ADVANCED_FACE('',(#8015),#8065,.F.);
#8015 = FACE_BOUND('',#8016,.F.);
#8016 = EDGE_LOOP('',(#8017,#8026,#8033,#8040,#8047,#8052,#8053,#8060));
#8017 = ORIENTED_EDGE('',*,*,#8018,.T.);
#8018 = EDGE_CURVE('',#8019,#8021,#8023,.T.);
#8019 = VERTEX_POINT('',#8020);
#8020 = CARTESIAN_POINT('',(1.917002032004,-29.47605918211,35.));
#8021 = VERTEX_POINT('',#8022);
#8022 = CARTESIAN_POINT('',(1.917,16.,35.));
#8023 = B_SPLINE_CURVE_WITH_KNOTS('',1,(#8024,#8025),.UNSPECIFIED.,.F.,
  .F.,(2,2),(0.,1.),.PIECEWISE_BEZIER_KNOTS.);
#8024 = CARTESIAN_POINT('',(1.917004064008,-29.47605918211,35.));
#8025 = CARTESIAN_POINT('',(1.917004064008,94.119188468377,35.));
#8026 = ORIENTED_EDGE('',*,*,#8027,.T.);
#8027 = EDGE_CURVE('',#8021,#8028,#8030,.T.);
#8028 = VERTEX_POINT('',#8029);
#8029 = CARTESIAN_POINT('',(1.917,24.,35.));
#8030 = B_SPLINE_CURVE_WITH_KNOTS('',1,(#8031,#8032),.UNSPECIFIED.,.F.,
  .F.,(2,2),(0.,1.),.PIECEWISE_BEZIER_KNOTS.);
#8031 = CARTESIAN_POINT('',(1.917004064008,-29.47605918211,35.));
#8032 = CARTESIAN_POINT('',(1.917004064008,94.119188468377,35.));
#8033 = ORIENTED_EDGE('',*,*,#8034,.T.);
#8034 = EDGE_CURVE('',#8028,#8035,#8037,.T.);
#8035 = VERTEX_POINT('',#8036);
#8036 = CARTESIAN_POINT('',(1.917,61.,35.));
#8037 = B_SPLINE_CURVE_WITH_KNOTS('',1,(#8038,#8039),.UNSPECIFIED.,.F.,
  .F.,(2,2),(0.,1.),.PIECEWISE_BEZIER_KNOTS.);
#8038 = CARTESIAN_POINT('',(1.917004064008,-29.47605918211,35.));
#8039 = CARTESIAN_POINT('',(1.917004064008,94.119188468377,35.));
#8040 = ORIENTED_EDGE('',*,*,#8041,.T.);
#8041 = EDGE_CURVE('',#8035,#8042,#8044,.T.);
#8042 = VERTEX_POINT('',#8043);
#8043 = CARTESIAN_POINT('',(1.917,69.,35.));
#8044 = B_SPLINE_CURVE_WITH_KNOTS('',1,(#8045,#8046),.UNSPECIFIED.,.F.,
  .F.,(2,2),(0.,1.),.PIECEWISE_BEZIER_KNOTS.);
#8045 = CARTESIAN_POINT('',(1.917004064008,-29.47605918211,35.));
#8046 = CARTESIAN_POINT('',(1.917004064008,94.119188468377,35.));
#8047 = ORIENTED_EDGE('',*,*,#8048,.T.);
#8048 = EDGE_CURVE('',#8042,#6183,#8049,.T.);
#8049 = B_SPLINE_CURVE_WITH_KNOTS('',1,(#8050,#8051),.UNSPECIFIED.,.F.,
  .F.,(2,2),(0.,1.),.PIECEWISE_BEZIER_KNOTS.);
#8050 = CARTESIAN_POINT('',(1.917004064008,-29.47605918211,35.));
#8051 = CARTESIAN_POINT('',(1.917004064008,94.119188468377,35.));
#8052 = ORIENTED_EDGE('',*,*,#6182,.T.);
#8053 = ORIENTED_EDGE('',*,*,#8054,.T.);
#8054 = EDGE_CURVE('',#6176,#8055,#8057,.T.);
#8055 = VERTEX_POINT('',#8056);
#8056 = CARTESIAN_POINT('',(1.917004064008,-29.47605918211,
    35.000071120142));
#8057 = B_SPLINE_CURVE_WITH_KNOTS('',1,(#8058,#8059),.UNSPECIFIED.,.F.,
  .F.,(2,2),(-1.216486225E+03,3.649458675E+03),
  .PIECEWISE_BEZIER_KNOTS.);
#8058 = CARTESIAN_POINT('',(1.917004064008,94.119188468377,
    35.000071120142));
#8059 = CARTESIAN_POINT('',(1.917004064008,-29.47605918211,
    35.000071120142));
#8060 = ORIENTED_EDGE('',*,*,#8061,.F.);
#8061 = EDGE_CURVE('',#8019,#8055,#8062,.T.);
#8062 = B_SPLINE_CURVE_WITH_KNOTS('',1,(#8063,#8064),.UNSPECIFIED.,.F.,
  .F.,(2,2),(0.,1.3188977E+03),.PIECEWISE_BEZIER_KNOTS.);
#8063 = CARTESIAN_POINT('',(1.917004064008,-29.47605918211,
    1.500002540005));
#8064 = CARTESIAN_POINT('',(1.917004064008,-29.47605918211,
    35.000071120142));
#8065 = B_SPLINE_SURFACE_WITH_KNOTS('',1,1,(
    (#8066,#8067)
    ,(#8068,#8069
    )),.UNSPECIFIED.,.F.,.F.,.F.,(2,2),(2,2),(0.,4.8659449E+03),(
    -1.3188977E+03,0.),.PIECEWISE_BEZIER_KNOTS.);
#8066 = CARTESIAN_POINT('',(1.917004064008,94.119188468377,
    35.000071120142));
#8067 = CARTESIAN_POINT('',(1.917004064008,94.119188468377,
    1.500002540005));
#8068 = CARTESIAN_POINT('',(1.917004064008,-29.47605918211,
    35.000071120142));
#8069 = CARTESIAN_POINT('',(1.917004064008,-29.47605918211,
    1.500002540005));
#8070 = ADVANCED_FACE('',(#8071,#8169),#8185,.F.);
#8071 = FACE_BOUND('',#8072,.F.);
#8072 = EDGE_LOOP('',(#8073,#8074,#8075,#8076,#8077,#8078,#8079,#8080,
    #8081,#8082,#8083,#8084,#8085,#8086,#8087,#8088,#8089,#8090,#8091,
    #8092,#8093,#8094,#8095,#8096,#8097,#8098,#8099,#8100,#8101,#8102,
    #8103,#8104,#8105,#8106,#8107,#8108,#8109,#8110,#8111,#8112,#8113,
    #8114,#8115,#8116,#8117,#8118,#8119,#8120,#8121,#8122,#8123,#8124,
    #8125,#8126,#8127,#8128,#8129,#8130,#8131,#8132,#8133,#8134,#8135,
    #8136,#8137,#8138,#8139,#8140,#8141,#8142,#8143,#8144,#8145,#8146,
    #8147,#8148,#8149,#8150,#8151,#8152,#8153,#8154,#8155,#8156,#8157,
    #8158,#8159,#8160,#8161,#8162,#8163,#8164,#8165,#8166,#8167,#8168));
#8073 = ORIENTED_EDGE('',*,*,#7010,.T.);
#8074 = ORIENTED_EDGE('',*,*,#6343,.T.);
#8075 = ORIENTED_EDGE('',*,*,#6352,.T.);
#8076 = ORIENTED_EDGE('',*,*,#6359,.T.);
#8077 = ORIENTED_EDGE('',*,*,#6366,.T.);
#8078 = ORIENTED_EDGE('',*,*,#6373,.T.);
#8079 = ORIENTED_EDGE('',*,*,#6380,.T.);
#8080 = ORIENTED_EDGE('',*,*,#6387,.T.);
#8081 = ORIENTED_EDGE('',*,*,#6394,.T.);
#8082 = ORIENTED_EDGE('',*,*,#6401,.T.);
#8083 = ORIENTED_EDGE('',*,*,#6408,.T.);
#8084 = ORIENTED_EDGE('',*,*,#6415,.T.);
#8085 = ORIENTED_EDGE('',*,*,#6422,.T.);
#8086 = ORIENTED_EDGE('',*,*,#6429,.T.);
#8087 = ORIENTED_EDGE('',*,*,#6436,.T.);
#8088 = ORIENTED_EDGE('',*,*,#6443,.T.);
#8089 = ORIENTED_EDGE('',*,*,#6450,.T.);
#8090 = ORIENTED_EDGE('',*,*,#6457,.T.);
#8091 = ORIENTED_EDGE('',*,*,#6464,.T.);
#8092 = ORIENTED_EDGE('',*,*,#6471,.T.);
#8093 = ORIENTED_EDGE('',*,*,#6478,.T.);
#8094 = ORIENTED_EDGE('',*,*,#6485,.T.);
#8095 = ORIENTED_EDGE('',*,*,#6492,.T.);
#8096 = ORIENTED_EDGE('',*,*,#6499,.T.);
#8097 = ORIENTED_EDGE('',*,*,#6506,.T.);
#8098 = ORIENTED_EDGE('',*,*,#6513,.T.);
#8099 = ORIENTED_EDGE('',*,*,#6520,.T.);
#8100 = ORIENTED_EDGE('',*,*,#6527,.T.);
#8101 = ORIENTED_EDGE('',*,*,#6534,.T.);
#8102 = ORIENTED_EDGE('',*,*,#6541,.T.);
#8103 = ORIENTED_EDGE('',*,*,#6548,.T.);
#8104 = ORIENTED_EDGE('',*,*,#6555,.T.);
#8105 = ORIENTED_EDGE('',*,*,#6562,.T.);
#8106 = ORIENTED_EDGE('',*,*,#6569,.T.);
#8107 = ORIENTED_EDGE('',*,*,#6576,.T.);
#8108 = ORIENTED_EDGE('',*,*,#6583,.T.);
#8109 = ORIENTED_EDGE('',*,*,#6590,.T.);
#8110 = ORIENTED_EDGE('',*,*,#6597,.T.);
#8111 = ORIENTED_EDGE('',*,*,#6604,.T.);
#8112 = ORIENTED_EDGE('',*,*,#6611,.T.);
#8113 = ORIENTED_EDGE('',*,*,#6618,.T.);
#8114 = ORIENTED_EDGE('',*,*,#6625,.T.);
#8115 = ORIENTED_EDGE('',*,*,#6632,.T.);
#8116 = ORIENTED_EDGE('',*,*,#6639,.T.);
#8117 = ORIENTED_EDGE('',*,*,#6646,.T.);
#8118 = ORIENTED_EDGE('',*,*,#6653,.T.);
#8119 = ORIENTED_EDGE('',*,*,#6660,.T.);
#8120 = ORIENTED_EDGE('',*,*,#6667,.T.);
#8121 = ORIENTED_EDGE('',*,*,#6674,.T.);
#8122 = ORIENTED_EDGE('',*,*,#6681,.T.);
#8123 = ORIENTED_EDGE('',*,*,#6688,.T.);
#8124 = ORIENTED_EDGE('',*,*,#6695,.T.);
#8125 = ORIENTED_EDGE('',*,*,#6702,.T.);
#8126 = ORIENTED_EDGE('',*,*,#6709,.T.);
#8127 = ORIENTED_EDGE('',*,*,#6716,.T.);
#8128 = ORIENTED_EDGE('',*,*,#6723,.T.);
#8129 = ORIENTED_EDGE('',*,*,#6730,.T.);
#8130 = ORIENTED_EDGE('',*,*,#6737,.T.);
#8131 = ORIENTED_EDGE('',*,*,#6744,.T.);
#8132 = ORIENTED_EDGE('',*,*,#6751,.T.);
#8133 = ORIENTED_EDGE('',*,*,#6758,.T.);
#8134 = ORIENTED_EDGE('',*,*,#6765,.T.);
#8135 = ORIENTED_EDGE('',*,*,#6772,.T.);
#8136 = ORIENTED_EDGE('',*,*,#6779,.T.);
#8137 = ORIENTED_EDGE('',*,*,#6786,.T.);
#8138 = ORIENTED_EDGE('',*,*,#6793,.T.);
#8139 = ORIENTED_EDGE('',*,*,#6800,.T.);
#8140 = ORIENTED_EDGE('',*,*,#6807,.T.);
#8141 = ORIENTED_EDGE('',*,*,#6814,.T.);
#8142 = ORIENTED_EDGE('',*,*,#6821,.T.);
#8143 = ORIENTED_EDGE('',*,*,#6828,.T.);
#8144 = ORIENTED_EDGE('',*,*,#6835,.T.);
#8145 = ORIENTED_EDGE('',*,*,#6842,.T.);
#8146 = ORIENTED_EDGE('',*,*,#6849,.T.);
#8147 = ORIENTED_EDGE('',*,*,#6856,.T.);
#8148 = ORIENTED_EDGE('',*,*,#6863,.T.);
#8149 = ORIENTED_EDGE('',*,*,#6870,.T.);
#8150 = ORIENTED_EDGE('',*,*,#6877,.T.);
#8151 = ORIENTED_EDGE('',*,*,#6884,.T.);
#8152 = ORIENTED_EDGE('',*,*,#6891,.T.);
#8153 = ORIENTED_EDGE('',*,*,#6898,.T.);
#8154 = ORIENTED_EDGE('',*,*,#6905,.T.);
#8155 = ORIENTED_EDGE('',*,*,#6912,.T.);
#8156 = ORIENTED_EDGE('',*,*,#6919,.T.);
#8157 = ORIENTED_EDGE('',*,*,#6926,.T.);
#8158 = ORIENTED_EDGE('',*,*,#6933,.T.);
#8159 = ORIENTED_EDGE('',*,*,#6940,.T.);
#8160 = ORIENTED_EDGE('',*,*,#6947,.T.);
#8161 = ORIENTED_EDGE('',*,*,#6954,.T.);
#8162 = ORIENTED_EDGE('',*,*,#6961,.T.);
#8163 = ORIENTED_EDGE('',*,*,#6968,.T.);
#8164 = ORIENTED_EDGE('',*,*,#6975,.T.);
#8165 = ORIENTED_EDGE('',*,*,#6982,.T.);
#8166 = ORIENTED_EDGE('',*,*,#6989,.T.);
#8167 = ORIENTED_EDGE('',*,*,#6996,.T.);
#8168 = ORIENTED_EDGE('',*,*,#7003,.T.);
#8169 = FACE_BOUND('',#8170,.F.);
#8170 = EDGE_LOOP('',(#8171,#8172,#8179,#8184));
#8171 = ORIENTED_EDGE('',*,*,#6175,.F.);
#8172 = ORIENTED_EDGE('',*,*,#8173,.F.);
#8173 = EDGE_CURVE('',#8174,#6169,#8176,.T.);
#8174 = VERTEX_POINT('',#8175);
#8175 = CARTESIAN_POINT('',(-95.26219075438,-29.47605918211,
    35.000071120142));
#8176 = B_SPLINE_CURVE_WITH_KNOTS('',1,(#8177,#8178),.UNSPECIFIED.,.F.,
  .F.,(2,2),(-1.216486225E+03,3.649458675E+03),
  .PIECEWISE_BEZIER_KNOTS.);
#8177 = CARTESIAN_POINT('',(-95.26219075438,-29.47605918211,
    35.000071120142));
#8178 = CARTESIAN_POINT('',(-95.26219075438,94.119188468377,
    35.000071120142));
#8179 = ORIENTED_EDGE('',*,*,#8180,.F.);
#8180 = EDGE_CURVE('',#8055,#8174,#8181,.T.);
#8181 = B_SPLINE_CURVE_WITH_KNOTS('',1,(#8182,#8183),.UNSPECIFIED.,.F.,
  .F.,(2,2),(-956.486225,2.869458675E+03),.PIECEWISE_BEZIER_KNOTS.);
#8182 = CARTESIAN_POINT('',(1.917004064008,-29.47605918211,
    35.000071120142));
#8183 = CARTESIAN_POINT('',(-95.26219075438,-29.47605918211,
    35.000071120142));
#8184 = ORIENTED_EDGE('',*,*,#8054,.F.);
#8185 = B_SPLINE_SURFACE_WITH_KNOTS('',1,1,(
    (#8186,#8187)
    ,(#8188,#8189
    )),.UNSPECIFIED.,.F.,.F.,.F.,(2,2),(2,2),(-1.97202755E+03,
    1.97202755E+03),(-2.49202755E+03,2.49202755E+03),
  .PIECEWISE_BEZIER_KNOTS.);
#8186 = CARTESIAN_POINT('',(3.417006604013,-30.97606172212,
    35.000071120142));
#8187 = CARTESIAN_POINT('',(3.417006604013,95.619191008382,
    35.000071120142));
#8188 = CARTESIAN_POINT('',(-96.76219329438,-30.97606172212,
    35.000071120142));
#8189 = CARTESIAN_POINT('',(-96.76219329438,95.619191008382,
    35.000071120142));
#8190 = ADVANCED_FACE('',(#8191),#8207,.F.);
#8191 = FACE_BOUND('',#8192,.F.);
#8192 = EDGE_LOOP('',(#8193,#8200,#8205,#8206));
#8193 = ORIENTED_EDGE('',*,*,#8194,.T.);
#8194 = EDGE_CURVE('',#6162,#8195,#8197,.T.);
#8195 = VERTEX_POINT('',#8196);
#8196 = CARTESIAN_POINT('',(-95.26219075438,-29.47605918211,35.));
#8197 = B_SPLINE_CURVE_WITH_KNOTS('',1,(#8198,#8199),.UNSPECIFIED.,.F.,
  .F.,(2,2),(0.,1.),.PIECEWISE_BEZIER_KNOTS.);
#8198 = CARTESIAN_POINT('',(-95.26219075438,94.119188468377,35.));
#8199 = CARTESIAN_POINT('',(-95.26219075438,-29.47605918211,35.));
#8200 = ORIENTED_EDGE('',*,*,#8201,.T.);
#8201 = EDGE_CURVE('',#8195,#8174,#8202,.T.);
#8202 = B_SPLINE_CURVE_WITH_KNOTS('',1,(#8203,#8204),.UNSPECIFIED.,.F.,
  .F.,(2,2),(0.,1.3188977E+03),.PIECEWISE_BEZIER_KNOTS.);
#8203 = CARTESIAN_POINT('',(-95.26219075438,-29.47605918211,
    1.500002540005));
#8204 = CARTESIAN_POINT('',(-95.26219075438,-29.47605918211,
    35.000071120142));
#8205 = ORIENTED_EDGE('',*,*,#8173,.T.);
#8206 = ORIENTED_EDGE('',*,*,#6168,.F.);
#8207 = B_SPLINE_SURFACE_WITH_KNOTS('',1,1,(
    (#8208,#8209)
    ,(#8210,#8211
    )),.UNSPECIFIED.,.F.,.F.,.F.,(2,2),(2,2),(0.,4.8659449E+03),(
    -1.3188977E+03,0.),.PIECEWISE_BEZIER_KNOTS.);
#8208 = CARTESIAN_POINT('',(-95.26219075438,-29.47605918211,
    35.000071120142));
#8209 = CARTESIAN_POINT('',(-95.26219075438,-29.47605918211,
    1.500002540005));
#8210 = CARTESIAN_POINT('',(-95.26219075438,94.119188468377,
    35.000071120142));
#8211 = CARTESIAN_POINT('',(-95.26219075438,94.119188468377,
    1.500002540005));
#8212 = ADVANCED_FACE('',(#8213,#8247,#8281),#8334,.F.);
#8213 = FACE_BOUND('',#8214,.F.);
#8214 = EDGE_LOOP('',(#8215,#8225,#8233,#8241));
#8215 = ORIENTED_EDGE('',*,*,#8216,.F.);
#8216 = EDGE_CURVE('',#8217,#8219,#8221,.T.);
#8217 = VERTEX_POINT('',#8218);
#8218 = CARTESIAN_POINT('',(-97.012,-31.23,35.));
#8219 = VERTEX_POINT('',#8220);
#8220 = CARTESIAN_POINT('',(-97.012,95.87,35.));
#8221 = LINE('',#8222,#8223);
#8222 = CARTESIAN_POINT('',(-97.012,-31.23,35.));
#8223 = VECTOR('',#8224,1.);
#8224 = DIRECTION('',(-0.,1.,0.));
#8225 = ORIENTED_EDGE('',*,*,#8226,.T.);
#8226 = EDGE_CURVE('',#8217,#8227,#8229,.T.);
#8227 = VERTEX_POINT('',#8228);
#8228 = CARTESIAN_POINT('',(3.667,-31.23,35.));
#8229 = LINE('',#8230,#8231);
#8230 = CARTESIAN_POINT('',(-97.012,-31.23,35.));
#8231 = VECTOR('',#8232,1.);
#8232 = DIRECTION('',(1.,0.,-0.));
#8233 = ORIENTED_EDGE('',*,*,#8234,.T.);
#8234 = EDGE_CURVE('',#8227,#8235,#8237,.T.);
#8235 = VERTEX_POINT('',#8236);
#8236 = CARTESIAN_POINT('',(3.667,95.87,35.));
#8237 = LINE('',#8238,#8239);
#8238 = CARTESIAN_POINT('',(3.667,-31.23,35.));
#8239 = VECTOR('',#8240,1.);
#8240 = DIRECTION('',(-0.,1.,0.));
#8241 = ORIENTED_EDGE('',*,*,#8242,.F.);
#8242 = EDGE_CURVE('',#8219,#8235,#8243,.T.);
#8243 = LINE('',#8244,#8245);
#8244 = CARTESIAN_POINT('',(-97.012,95.87,35.));
#8245 = VECTOR('',#8246,1.);
#8246 = DIRECTION('',(1.,0.,-0.));
#8247 = FACE_BOUND('',#8248,.F.);
#8248 = EDGE_LOOP('',(#8249,#8259,#8267,#8275));
#8249 = ORIENTED_EDGE('',*,*,#8250,.F.);
#8250 = EDGE_CURVE('',#8251,#8253,#8255,.T.);
#8251 = VERTEX_POINT('',#8252);
#8252 = CARTESIAN_POINT('',(-96.762,-30.98,35.));
#8253 = VERTEX_POINT('',#8254);
#8254 = CARTESIAN_POINT('',(-96.76,-30.98,35.));
#8255 = LINE('',#8256,#8257);
#8256 = CARTESIAN_POINT('',(-96.762,-30.98,35.));
#8257 = VECTOR('',#8258,1.);
#8258 = DIRECTION('',(1.,0.,-0.));
#8259 = ORIENTED_EDGE('',*,*,#8260,.T.);
#8260 = EDGE_CURVE('',#8251,#8261,#8263,.T.);
#8261 = VERTEX_POINT('',#8262);
#8262 = CARTESIAN_POINT('',(-96.762,95.62,35.));
#8263 = LINE('',#8264,#8265);
#8264 = CARTESIAN_POINT('',(-96.762,-30.98,35.));
#8265 = VECTOR('',#8266,1.);
#8266 = DIRECTION('',(-0.,1.,0.));
#8267 = ORIENTED_EDGE('',*,*,#8268,.T.);
#8268 = EDGE_CURVE('',#8261,#8269,#8271,.T.);
#8269 = VERTEX_POINT('',#8270);
#8270 = CARTESIAN_POINT('',(-96.76,95.62,35.));
#8271 = LINE('',#8272,#8273);
#8272 = CARTESIAN_POINT('',(-96.762,95.62,35.));
#8273 = VECTOR('',#8274,1.);
#8274 = DIRECTION('',(1.,0.,-0.));
#8275 = ORIENTED_EDGE('',*,*,#8276,.F.);
#8276 = EDGE_CURVE('',#8253,#8269,#8277,.T.);
#8277 = LINE('',#8278,#8279);
#8278 = CARTESIAN_POINT('',(-96.76,-30.98,35.));
#8279 = VECTOR('',#8280,1.);
#8280 = DIRECTION('',(-0.,1.,0.));
#8281 = FACE_BOUND('',#8282,.F.);
#8282 = EDGE_LOOP('',(#8283,#8293,#8301,#8306,#8307,#8308,#8316,#8322,
    #8323,#8324,#8325,#8326,#8327,#8328));
#8283 = ORIENTED_EDGE('',*,*,#8284,.F.);
#8284 = EDGE_CURVE('',#8285,#8287,#8289,.T.);
#8285 = VERTEX_POINT('',#8286);
#8286 = CARTESIAN_POINT('',(-95.262,-29.48,35.));
#8287 = VERTEX_POINT('',#8288);
#8288 = CARTESIAN_POINT('',(1.917,-29.48,35.));
#8289 = LINE('',#8290,#8291);
#8290 = CARTESIAN_POINT('',(-95.262,-29.48,35.));
#8291 = VECTOR('',#8292,1.);
#8292 = DIRECTION('',(1.,0.,-0.));
#8293 = ORIENTED_EDGE('',*,*,#8294,.T.);
#8294 = EDGE_CURVE('',#8285,#8295,#8297,.T.);
#8295 = VERTEX_POINT('',#8296);
#8296 = CARTESIAN_POINT('',(-95.262,-29.47605918211,35.));
#8297 = LINE('',#8298,#8299);
#8298 = CARTESIAN_POINT('',(-95.262,-29.48,35.));
#8299 = VECTOR('',#8300,1.);
#8300 = DIRECTION('',(-0.,1.,0.));
#8301 = ORIENTED_EDGE('',*,*,#8302,.F.);
#8302 = EDGE_CURVE('',#8195,#8295,#8303,.T.);
#8303 = B_SPLINE_CURVE_WITH_KNOTS('',1,(#8304,#8305),.UNSPECIFIED.,.F.,
  .F.,(2,2),(0.,1.),.PIECEWISE_BEZIER_KNOTS.);
#8304 = CARTESIAN_POINT('',(-95.26219075438,-29.47605918211,35.));
#8305 = CARTESIAN_POINT('',(1.917004064008,-29.47605918211,35.));
#8306 = ORIENTED_EDGE('',*,*,#8194,.F.);
#8307 = ORIENTED_EDGE('',*,*,#6161,.F.);
#8308 = ORIENTED_EDGE('',*,*,#8309,.T.);
#8309 = EDGE_CURVE('',#6155,#8310,#8312,.T.);
#8310 = VERTEX_POINT('',#8311);
#8311 = CARTESIAN_POINT('',(-95.262,94.12,35.));
#8312 = LINE('',#8313,#8314);
#8313 = CARTESIAN_POINT('',(-95.262,-29.48,35.));
#8314 = VECTOR('',#8315,1.);
#8315 = DIRECTION('',(-0.,1.,0.));
#8316 = ORIENTED_EDGE('',*,*,#8317,.T.);
#8317 = EDGE_CURVE('',#8310,#7997,#8318,.T.);
#8318 = LINE('',#8319,#8320);
#8319 = CARTESIAN_POINT('',(-95.262,94.12,35.));
#8320 = VECTOR('',#8321,1.);
#8321 = DIRECTION('',(1.,0.,-0.));
#8322 = ORIENTED_EDGE('',*,*,#8004,.F.);
#8323 = ORIENTED_EDGE('',*,*,#8048,.F.);
#8324 = ORIENTED_EDGE('',*,*,#8041,.F.);
#8325 = ORIENTED_EDGE('',*,*,#8034,.F.);
#8326 = ORIENTED_EDGE('',*,*,#8027,.F.);
#8327 = ORIENTED_EDGE('',*,*,#8018,.F.);
#8328 = ORIENTED_EDGE('',*,*,#8329,.F.);
#8329 = EDGE_CURVE('',#8287,#8019,#8330,.T.);
#8330 = LINE('',#8331,#8332);
#8331 = CARTESIAN_POINT('',(1.917,-29.48,35.));
#8332 = VECTOR('',#8333,1.);
#8333 = DIRECTION('',(-0.,1.,0.));
#8334 = PLANE('',#8335);
#8335 = AXIS2_PLACEMENT_3D('',#8336,#8337,#8338);
#8336 = CARTESIAN_POINT('',(-97.012,-31.23,35.));
#8337 = DIRECTION('',(0.,0.,1.));
#8338 = DIRECTION('',(1.,0.,-0.));
#8339 = ADVANCED_FACE('',(#8340),#8358,.F.);
#8340 = FACE_BOUND('',#8341,.F.);
#8341 = EDGE_LOOP('',(#8342,#8343,#8351,#8357));
#8342 = ORIENTED_EDGE('',*,*,#6154,.T.);
#8343 = ORIENTED_EDGE('',*,*,#8344,.T.);
#8344 = EDGE_CURVE('',#6148,#8345,#8347,.T.);
#8345 = VERTEX_POINT('',#8346);
#8346 = CARTESIAN_POINT('',(-95.262,94.12,31.));
#8347 = LINE('',#8348,#8349);
#8348 = CARTESIAN_POINT('',(-95.262,-29.48,31.));
#8349 = VECTOR('',#8350,1.);
#8350 = DIRECTION('',(-0.,1.,0.));
#8351 = ORIENTED_EDGE('',*,*,#8352,.T.);
#8352 = EDGE_CURVE('',#8345,#8310,#8353,.T.);
#8353 = LINE('',#8354,#8355);
#8354 = CARTESIAN_POINT('',(-95.262,94.12,31.));
#8355 = VECTOR('',#8356,1.);
#8356 = DIRECTION('',(0.,0.,1.));
#8357 = ORIENTED_EDGE('',*,*,#8309,.F.);
#8358 = PLANE('',#8359);
#8359 = AXIS2_PLACEMENT_3D('',#8360,#8361,#8362);
#8360 = CARTESIAN_POINT('',(-95.262,-29.48,31.));
#8361 = DIRECTION('',(1.,0.,-0.));
#8362 = DIRECTION('',(0.,0.,1.));
#8363 = ADVANCED_FACE('',(#8364,#8398,#8432),#8484,.T.);
#8364 = FACE_BOUND('',#8365,.T.);
#8365 = EDGE_LOOP('',(#8366,#8376,#8384,#8392));
#8366 = ORIENTED_EDGE('',*,*,#8367,.F.);
#8367 = EDGE_CURVE('',#8368,#8370,#8372,.T.);
#8368 = VERTEX_POINT('',#8369);
#8369 = CARTESIAN_POINT('',(-97.012,-31.23,31.));
#8370 = VERTEX_POINT('',#8371);
#8371 = CARTESIAN_POINT('',(-97.012,95.87,31.));
#8372 = LINE('',#8373,#8374);
#8373 = CARTESIAN_POINT('',(-97.012,-31.23,31.));
#8374 = VECTOR('',#8375,1.);
#8375 = DIRECTION('',(-0.,1.,0.));
#8376 = ORIENTED_EDGE('',*,*,#8377,.T.);
#8377 = EDGE_CURVE('',#8368,#8378,#8380,.T.);
#8378 = VERTEX_POINT('',#8379);
#8379 = CARTESIAN_POINT('',(3.667,-31.23,31.));
#8380 = LINE('',#8381,#8382);
#8381 = CARTESIAN_POINT('',(-97.012,-31.23,31.));
#8382 = VECTOR('',#8383,1.);
#8383 = DIRECTION('',(1.,0.,-0.));
#8384 = ORIENTED_EDGE('',*,*,#8385,.T.);
#8385 = EDGE_CURVE('',#8378,#8386,#8388,.T.);
#8386 = VERTEX_POINT('',#8387);
#8387 = CARTESIAN_POINT('',(3.667,95.87,31.));
#8388 = LINE('',#8389,#8390);
#8389 = CARTESIAN_POINT('',(3.667,-31.23,31.));
#8390 = VECTOR('',#8391,1.);
#8391 = DIRECTION('',(-0.,1.,0.));
#8392 = ORIENTED_EDGE('',*,*,#8393,.F.);
#8393 = EDGE_CURVE('',#8370,#8386,#8394,.T.);
#8394 = LINE('',#8395,#8396);
#8395 = CARTESIAN_POINT('',(-97.012,95.87,31.));
#8396 = VECTOR('',#8397,1.);
#8397 = DIRECTION('',(1.,0.,-0.));
#8398 = FACE_BOUND('',#8399,.T.);
#8399 = EDGE_LOOP('',(#8400,#8410,#8418,#8426));
#8400 = ORIENTED_EDGE('',*,*,#8401,.F.);
#8401 = EDGE_CURVE('',#8402,#8404,#8406,.T.);
#8402 = VERTEX_POINT('',#8403);
#8403 = CARTESIAN_POINT('',(-96.762,-30.98,31.));
#8404 = VERTEX_POINT('',#8405);
#8405 = CARTESIAN_POINT('',(-96.76,-30.98,31.));
#8406 = LINE('',#8407,#8408);
#8407 = CARTESIAN_POINT('',(-96.762,-30.98,31.));
#8408 = VECTOR('',#8409,1.);
#8409 = DIRECTION('',(1.,0.,-0.));
#8410 = ORIENTED_EDGE('',*,*,#8411,.T.);
#8411 = EDGE_CURVE('',#8402,#8412,#8414,.T.);
#8412 = VERTEX_POINT('',#8413);
#8413 = CARTESIAN_POINT('',(-96.762,95.62,31.));
#8414 = LINE('',#8415,#8416);
#8415 = CARTESIAN_POINT('',(-96.762,-30.98,31.));
#8416 = VECTOR('',#8417,1.);
#8417 = DIRECTION('',(-0.,1.,0.));
#8418 = ORIENTED_EDGE('',*,*,#8419,.T.);
#8419 = EDGE_CURVE('',#8412,#8420,#8422,.T.);
#8420 = VERTEX_POINT('',#8421);
#8421 = CARTESIAN_POINT('',(-96.76,95.62,31.));
#8422 = LINE('',#8423,#8424);
#8423 = CARTESIAN_POINT('',(-96.762,95.62,31.));
#8424 = VECTOR('',#8425,1.);
#8425 = DIRECTION('',(1.,0.,-0.));
#8426 = ORIENTED_EDGE('',*,*,#8427,.F.);
#8427 = EDGE_CURVE('',#8404,#8420,#8428,.T.);
#8428 = LINE('',#8429,#8430);
#8429 = CARTESIAN_POINT('',(-96.76,-30.98,31.));
#8430 = VECTOR('',#8431,1.);
#8431 = DIRECTION('',(-0.,1.,0.));
#8432 = FACE_BOUND('',#8433,.T.);
#8433 = EDGE_LOOP('',(#8434,#8444,#8452,#8459,#8464,#8465,#8466,#8472,
    #8473,#8474,#8475,#8476,#8477,#8478));
#8434 = ORIENTED_EDGE('',*,*,#8435,.F.);
#8435 = EDGE_CURVE('',#8436,#8438,#8440,.T.);
#8436 = VERTEX_POINT('',#8437);
#8437 = CARTESIAN_POINT('',(-95.262,-29.48,31.));
#8438 = VERTEX_POINT('',#8439);
#8439 = CARTESIAN_POINT('',(1.917,-29.48,31.));
#8440 = LINE('',#8441,#8442);
#8441 = CARTESIAN_POINT('',(-95.262,-29.48,31.));
#8442 = VECTOR('',#8443,1.);
#8443 = DIRECTION('',(1.,0.,-0.));
#8444 = ORIENTED_EDGE('',*,*,#8445,.T.);
#8445 = EDGE_CURVE('',#8436,#8446,#8448,.T.);
#8446 = VERTEX_POINT('',#8447);
#8447 = CARTESIAN_POINT('',(-95.262,-29.47605918211,31.));
#8448 = LINE('',#8449,#8450);
#8449 = CARTESIAN_POINT('',(-95.262,-29.48,31.));
#8450 = VECTOR('',#8451,1.);
#8451 = DIRECTION('',(-0.,1.,0.));
#8452 = ORIENTED_EDGE('',*,*,#8453,.F.);
#8453 = EDGE_CURVE('',#8454,#8446,#8456,.T.);
#8454 = VERTEX_POINT('',#8455);
#8455 = CARTESIAN_POINT('',(-95.26219075438,-29.47605918211,31.));
#8456 = B_SPLINE_CURVE_WITH_KNOTS('',1,(#8457,#8458),.UNSPECIFIED.,.F.,
  .F.,(2,2),(0.,1.),.PIECEWISE_BEZIER_KNOTS.);
#8457 = CARTESIAN_POINT('',(-95.26219075438,-29.47605918211,31.));
#8458 = CARTESIAN_POINT('',(1.917004064008,-29.47605918211,31.));
#8459 = ORIENTED_EDGE('',*,*,#8460,.F.);
#8460 = EDGE_CURVE('',#6141,#8454,#8461,.T.);
#8461 = B_SPLINE_CURVE_WITH_KNOTS('',1,(#8462,#8463),.UNSPECIFIED.,.F.,
  .F.,(2,2),(0.,1.),.PIECEWISE_BEZIER_KNOTS.);
#8462 = CARTESIAN_POINT('',(-95.26219075438,94.119188468377,31.));
#8463 = CARTESIAN_POINT('',(-95.26219075438,-29.47605918211,31.));
#8464 = ORIENTED_EDGE('',*,*,#6147,.F.);
#8465 = ORIENTED_EDGE('',*,*,#8344,.T.);
#8466 = ORIENTED_EDGE('',*,*,#8467,.T.);
#8467 = EDGE_CURVE('',#8345,#7989,#8468,.T.);
#8468 = LINE('',#8469,#8470);
#8469 = CARTESIAN_POINT('',(-95.262,94.12,31.));
#8470 = VECTOR('',#8471,1.);
#8471 = DIRECTION('',(1.,0.,-0.));
#8472 = ORIENTED_EDGE('',*,*,#7988,.F.);
#8473 = ORIENTED_EDGE('',*,*,#6227,.F.);
#8474 = ORIENTED_EDGE('',*,*,#6234,.F.);
#8475 = ORIENTED_EDGE('',*,*,#6241,.F.);
#8476 = ORIENTED_EDGE('',*,*,#6248,.F.);
#8477 = ORIENTED_EDGE('',*,*,#6255,.F.);
#8478 = ORIENTED_EDGE('',*,*,#8479,.F.);
#8479 = EDGE_CURVE('',#8438,#6256,#8480,.T.);
#8480 = LINE('',#8481,#8482);
#8481 = CARTESIAN_POINT('',(1.917,-29.48,31.));
#8482 = VECTOR('',#8483,1.);
#8483 = DIRECTION('',(-0.,1.,0.));
#8484 = PLANE('',#8485);
#8485 = AXIS2_PLACEMENT_3D('',#8486,#8487,#8488);
#8486 = CARTESIAN_POINT('',(-97.012,-31.23,31.));
#8487 = DIRECTION('',(0.,0.,1.));
#8488 = DIRECTION('',(1.,0.,-0.));
#8489 = ADVANCED_FACE('',(#8490),#8500,.F.);
#8490 = FACE_BOUND('',#8491,.F.);
#8491 = EDGE_LOOP('',(#8492,#8493,#8498,#8499));
#8492 = ORIENTED_EDGE('',*,*,#7856,.F.);
#8493 = ORIENTED_EDGE('',*,*,#8494,.T.);
#8494 = EDGE_CURVE('',#7850,#8454,#8495,.T.);
#8495 = B_SPLINE_CURVE_WITH_KNOTS('',1,(#8496,#8497),.UNSPECIFIED.,.F.,
  .F.,(2,2),(0.,1.3188977E+03),.PIECEWISE_BEZIER_KNOTS.);
#8496 = CARTESIAN_POINT('',(-95.26219075438,-29.47605918211,
    1.500002540005));
#8497 = CARTESIAN_POINT('',(-95.26219075438,-29.47605918211,
    35.000071120142));
#8498 = ORIENTED_EDGE('',*,*,#8460,.F.);
#8499 = ORIENTED_EDGE('',*,*,#6140,.F.);
#8500 = B_SPLINE_SURFACE_WITH_KNOTS('',1,1,(
    (#8501,#8502)
    ,(#8503,#8504
    )),.UNSPECIFIED.,.F.,.F.,.F.,(2,2),(2,2),(0.,4.8659449E+03),(
    -1.3188977E+03,0.),.PIECEWISE_BEZIER_KNOTS.);
#8501 = CARTESIAN_POINT('',(-95.26219075438,-29.47605918211,
    35.000071120142));
#8502 = CARTESIAN_POINT('',(-95.26219075438,-29.47605918211,
    1.500002540005));
#8503 = CARTESIAN_POINT('',(-95.26219075438,94.119188468377,
    35.000071120142));
#8504 = CARTESIAN_POINT('',(-95.26219075438,94.119188468377,
    1.500002540005));
#8505 = ADVANCED_FACE('',(#8506),#8529,.T.);
#8506 = FACE_BOUND('',#8507,.T.);
#8507 = EDGE_LOOP('',(#8508,#8509,#8510,#8517,#8524));
#8508 = ORIENTED_EDGE('',*,*,#6318,.F.);
#8509 = ORIENTED_EDGE('',*,*,#7025,.F.);
#8510 = ORIENTED_EDGE('',*,*,#8511,.T.);
#8511 = EDGE_CURVE('',#7026,#8512,#8514,.T.);
#8512 = VERTEX_POINT('',#8513);
#8513 = CARTESIAN_POINT('',(-2.097293135839,66.767133553467,
    4.000008636017));
#8514 = B_SPLINE_CURVE_WITH_KNOTS('',1,(#8515,#8516),.UNSPECIFIED.,.F.,
  .F.,(2,2),(59.0551,157.48034),.PIECEWISE_BEZIER_KNOTS.);
#8515 = CARTESIAN_POINT('',(-2.097293135839,66.767133553467,
    1.500002540005));
#8516 = CARTESIAN_POINT('',(-2.097293135839,66.767133553467,
    4.000008636017));
#8517 = ORIENTED_EDGE('',*,*,#8518,.T.);
#8518 = EDGE_CURVE('',#8512,#8519,#8521,.T.);
#8519 = VERTEX_POINT('',#8520);
#8520 = CARTESIAN_POINT('',(0.971002123444,66.767133553467,
    4.000008636017));
#8521 = B_SPLINE_CURVE_WITH_KNOTS('',1,(#8522,#8523),.UNSPECIFIED.,.F.,
  .F.,(2,2),(47.311457242028,168.1102416),.PIECEWISE_BEZIER_KNOTS.);
#8522 = CARTESIAN_POINT('',(-2.097293135839,66.767133553467,
    4.000008636017));
#8523 = CARTESIAN_POINT('',(0.971002123444,66.767133553467,
    4.000008636017));
#8524 = ORIENTED_EDGE('',*,*,#8525,.T.);
#8525 = EDGE_CURVE('',#8519,#6312,#8526,.T.);
#8526 = B_SPLINE_CURVE_WITH_KNOTS('',1,(#8527,#8528),.UNSPECIFIED.,.F.,
  .F.,(2,2),(0.,59.61965886407),.PIECEWISE_BEZIER_KNOTS.);
#8527 = CARTESIAN_POINT('',(0.971002123444,66.767133553467,
    4.000008636017));
#8528 = CARTESIAN_POINT('',(1.917004064008,66.767133553467,
    2.817505729743));
#8529 = B_SPLINE_SURFACE_WITH_KNOTS('',1,1,(
    (#8530,#8531)
    ,(#8532,#8533
    )),.UNSPECIFIED.,.F.,.F.,.F.,(2,2),(2,2),(-92.7164943718,
    65.326386386166),(-12.57728272407,85.847957275927),
  .PIECEWISE_BEZIER_KNOTS.);
#8530 = CARTESIAN_POINT('',(1.917004064008,66.767133553467,
    1.500002540005));
#8531 = CARTESIAN_POINT('',(1.917004064008,66.767133553467,
    4.000008636017));
#8532 = CARTESIAN_POINT('',(-2.097293135839,66.767133553467,
    1.500002540005));
#8533 = CARTESIAN_POINT('',(-2.097293135839,66.767133553467,
    4.000008636017));
#8534 = ADVANCED_FACE('',(#8535),#8551,.T.);
#8535 = FACE_BOUND('',#8536,.T.);
#8536 = EDGE_LOOP('',(#8537,#8538,#8545,#8550));
#8537 = ORIENTED_EDGE('',*,*,#8525,.F.);
#8538 = ORIENTED_EDGE('',*,*,#8539,.T.);
#8539 = EDGE_CURVE('',#8519,#8540,#8542,.T.);
#8540 = VERTEX_POINT('',#8541);
#8541 = CARTESIAN_POINT('',(0.971002123444,65.567131115062,
    4.000008636017));
#8542 = B_SPLINE_CURVE_WITH_KNOTS('',1,(#8543,#8544),.UNSPECIFIED.,.F.,
  .F.,(2,2),(0.,47.244096),.PIECEWISE_BEZIER_KNOTS.);
#8543 = CARTESIAN_POINT('',(0.971002123444,66.767133553467,
    4.000008636017));
#8544 = CARTESIAN_POINT('',(0.971002123444,65.567131115062,
    4.000008636017));
#8545 = ORIENTED_EDGE('',*,*,#8546,.T.);
#8546 = EDGE_CURVE('',#8540,#6305,#8547,.T.);
#8547 = B_SPLINE_CURVE_WITH_KNOTS('',1,(#8548,#8549),.UNSPECIFIED.,.F.,
  .F.,(2,2),(0.,59.61965886407),.PIECEWISE_BEZIER_KNOTS.);
#8548 = CARTESIAN_POINT('',(0.971002123444,65.567131115062,
    4.000008636017));
#8549 = CARTESIAN_POINT('',(1.917004064008,65.567131115062,
    2.817505729743));
#8550 = ORIENTED_EDGE('',*,*,#6311,.F.);
#8551 = B_SPLINE_SURFACE_WITH_KNOTS('',1,1,(
    (#8552,#8553)
    ,(#8554,#8555
    )),.UNSPECIFIED.,.F.,.F.,.F.,(2,2),(2,2),(0.,59.61965886407),(
    -47.244096,0.),.PIECEWISE_BEZIER_KNOTS.);
#8552 = CARTESIAN_POINT('',(0.971002123444,65.567131115062,
    4.000008636017));
#8553 = CARTESIAN_POINT('',(0.971002123444,66.767133553467,
    4.000008636017));
#8554 = CARTESIAN_POINT('',(1.917004064008,65.567131115062,
    2.817505729743));
#8555 = CARTESIAN_POINT('',(1.917004064008,66.767133553467,
    2.817505729743));
#8556 = ADVANCED_FACE('',(#8557),#8574,.F.);
#8557 = FACE_BOUND('',#8558,.F.);
#8558 = EDGE_LOOP('',(#8559,#8560,#8561,#8568,#8573));
#8559 = ORIENTED_EDGE('',*,*,#6304,.F.);
#8560 = ORIENTED_EDGE('',*,*,#7127,.F.);
#8561 = ORIENTED_EDGE('',*,*,#8562,.T.);
#8562 = EDGE_CURVE('',#7120,#8563,#8565,.T.);
#8563 = VERTEX_POINT('',#8564);
#8564 = CARTESIAN_POINT('',(-2.097293135839,65.567131115062,
    4.000008636017));
#8565 = B_SPLINE_CURVE_WITH_KNOTS('',1,(#8566,#8567),.UNSPECIFIED.,.F.,
  .F.,(2,2),(59.0551,157.48034),.PIECEWISE_BEZIER_KNOTS.);
#8566 = CARTESIAN_POINT('',(-2.097293135839,65.567131115062,
    1.500002540005));
#8567 = CARTESIAN_POINT('',(-2.097293135839,65.567131115062,
    4.000008636017));
#8568 = ORIENTED_EDGE('',*,*,#8569,.T.);
#8569 = EDGE_CURVE('',#8563,#8540,#8570,.T.);
#8570 = B_SPLINE_CURVE_WITH_KNOTS('',1,(#8571,#8572),.UNSPECIFIED.,.F.,
  .F.,(2,2),(47.311457242028,168.1102416),.PIECEWISE_BEZIER_KNOTS.);
#8571 = CARTESIAN_POINT('',(-2.097293135839,65.567131115062,
    4.000008636017));
#8572 = CARTESIAN_POINT('',(0.971002123444,65.567131115062,
    4.000008636017));
#8573 = ORIENTED_EDGE('',*,*,#8546,.T.);
#8574 = B_SPLINE_SURFACE_WITH_KNOTS('',1,1,(
    (#8575,#8576)
    ,(#8577,#8578
    )),.UNSPECIFIED.,.F.,.F.,.F.,(2,2),(2,2),(-92.7164943718,
    65.326386386166),(-12.57728272407,85.847957275927),
  .PIECEWISE_BEZIER_KNOTS.);
#8575 = CARTESIAN_POINT('',(1.917004064008,65.567131115062,
    1.500002540005));
#8576 = CARTESIAN_POINT('',(1.917004064008,65.567131115062,
    4.000008636017));
#8577 = CARTESIAN_POINT('',(-2.097293135839,65.567131115062,
    1.500002540005));
#8578 = CARTESIAN_POINT('',(-2.097293135839,65.567131115062,
    4.000008636017));
#8579 = ADVANCED_FACE('',(#8580),#8603,.T.);
#8580 = FACE_BOUND('',#8581,.T.);
#8581 = EDGE_LOOP('',(#8582,#8583,#8584,#8591,#8598));
#8582 = ORIENTED_EDGE('',*,*,#6290,.F.);
#8583 = ORIENTED_EDGE('',*,*,#7133,.F.);
#8584 = ORIENTED_EDGE('',*,*,#8585,.T.);
#8585 = EDGE_CURVE('',#7134,#8586,#8588,.T.);
#8586 = VERTEX_POINT('',#8587);
#8587 = CARTESIAN_POINT('',(-2.39829389784,5.553011125222,4.000008636017
    ));
#8588 = B_SPLINE_CURVE_WITH_KNOTS('',1,(#8589,#8590),.UNSPECIFIED.,.F.,
  .F.,(2,2),(59.0551,157.48034),.PIECEWISE_BEZIER_KNOTS.);
#8589 = CARTESIAN_POINT('',(-2.39829389784,5.553011125222,1.500002540005
    ));
#8590 = CARTESIAN_POINT('',(-2.39829389784,5.553011125222,4.000008636017
    ));
#8591 = ORIENTED_EDGE('',*,*,#8592,.T.);
#8592 = EDGE_CURVE('',#8586,#8593,#8595,.T.);
#8593 = VERTEX_POINT('',#8594);
#8594 = CARTESIAN_POINT('',(0.670001361443,5.553011125222,4.000008636017
    ));
#8595 = B_SPLINE_CURVE_WITH_KNOTS('',1,(#8596,#8597),.UNSPECIFIED.,.F.,
  .F.,(2,2),(47.311457242032,168.1102416),.PIECEWISE_BEZIER_KNOTS.);
#8596 = CARTESIAN_POINT('',(-2.39829389784,5.553011125222,4.000008636017
    ));
#8597 = CARTESIAN_POINT('',(0.670001361443,5.553011125222,4.000008636017
    ));
#8598 = ORIENTED_EDGE('',*,*,#8599,.T.);
#8599 = EDGE_CURVE('',#8593,#6284,#8600,.T.);
#8600 = B_SPLINE_CURVE_WITH_KNOTS('',1,(#8601,#8602),.UNSPECIFIED.,.F.,
  .F.,(2,2),(0.,78.589559430722),.PIECEWISE_BEZIER_KNOTS.);
#8601 = CARTESIAN_POINT('',(0.670001361443,5.553011125222,4.000008636017
    ));
#8602 = CARTESIAN_POINT('',(1.917004064008,5.553011125222,2.441254624333
    ));
#8603 = B_SPLINE_SURFACE_WITH_KNOTS('',1,1,(
    (#8604,#8605)
    ,(#8606,#8607
    )),.UNSPECIFIED.,.F.,.F.,.F.,(2,2),(2,2),(-104.5668943718,
    65.326386386162),(-12.57728272407,85.847957275927),
  .PIECEWISE_BEZIER_KNOTS.);
#8604 = CARTESIAN_POINT('',(1.917004064008,5.553011125222,1.500002540005
    ));
#8605 = CARTESIAN_POINT('',(1.917004064008,5.553011125222,4.000008636017
    ));
#8606 = CARTESIAN_POINT('',(-2.39829389784,5.553011125222,1.500002540005
    ));
#8607 = CARTESIAN_POINT('',(-2.39829389784,5.553011125222,4.000008636017
    ));
#8608 = ADVANCED_FACE('',(#8609),#8625,.T.);
#8609 = FACE_BOUND('',#8610,.T.);
#8610 = EDGE_LOOP('',(#8611,#8612,#8619,#8624));
#8611 = ORIENTED_EDGE('',*,*,#8599,.F.);
#8612 = ORIENTED_EDGE('',*,*,#8613,.T.);
#8613 = EDGE_CURVE('',#8593,#8614,#8616,.T.);
#8614 = VERTEX_POINT('',#8615);
#8615 = CARTESIAN_POINT('',(0.670001361443,4.353008686817,4.000008636017
    ));
#8616 = B_SPLINE_CURVE_WITH_KNOTS('',1,(#8617,#8618),.UNSPECIFIED.,.F.,
  .F.,(2,2),(0.,47.244096),.PIECEWISE_BEZIER_KNOTS.);
#8617 = CARTESIAN_POINT('',(0.670001361443,5.553011125222,4.000008636017
    ));
#8618 = CARTESIAN_POINT('',(0.670001361443,4.353008686817,4.000008636017
    ));
#8619 = ORIENTED_EDGE('',*,*,#8620,.T.);
#8620 = EDGE_CURVE('',#8614,#6277,#8621,.T.);
#8621 = B_SPLINE_CURVE_WITH_KNOTS('',1,(#8622,#8623),.UNSPECIFIED.,.F.,
  .F.,(2,2),(0.,78.589559430722),.PIECEWISE_BEZIER_KNOTS.);
#8622 = CARTESIAN_POINT('',(0.670001361443,4.353008686817,4.000008636017
    ));
#8623 = CARTESIAN_POINT('',(1.917004064008,4.353008686817,2.441254624333
    ));
#8624 = ORIENTED_EDGE('',*,*,#6283,.F.);
#8625 = B_SPLINE_SURFACE_WITH_KNOTS('',1,1,(
    (#8626,#8627)
    ,(#8628,#8629
    )),.UNSPECIFIED.,.F.,.F.,.F.,(2,2),(2,2),(0.,78.589559430722),(
    -47.244096,0.),.PIECEWISE_BEZIER_KNOTS.);
#8626 = CARTESIAN_POINT('',(0.670001361443,4.353008686817,4.000008636017
    ));
#8627 = CARTESIAN_POINT('',(0.670001361443,5.553011125222,4.000008636017
    ));
#8628 = CARTESIAN_POINT('',(1.917004064008,4.353008686817,2.441254624333
    ));
#8629 = CARTESIAN_POINT('',(1.917004064008,5.553011125222,2.441254624333
    ));
#8630 = ADVANCED_FACE('',(#8631),#8648,.F.);
#8631 = FACE_BOUND('',#8632,.F.);
#8632 = EDGE_LOOP('',(#8633,#8634,#8635,#8642,#8647));
#8633 = ORIENTED_EDGE('',*,*,#6276,.F.);
#8634 = ORIENTED_EDGE('',*,*,#7435,.F.);
#8635 = ORIENTED_EDGE('',*,*,#8636,.T.);
#8636 = EDGE_CURVE('',#7428,#8637,#8639,.T.);
#8637 = VERTEX_POINT('',#8638);
#8638 = CARTESIAN_POINT('',(-2.39829389784,4.353008686817,4.000008636017
    ));
#8639 = B_SPLINE_CURVE_WITH_KNOTS('',1,(#8640,#8641),.UNSPECIFIED.,.F.,
  .F.,(2,2),(59.0551,157.48034),.PIECEWISE_BEZIER_KNOTS.);
#8640 = CARTESIAN_POINT('',(-2.39829389784,4.353008686817,1.500002540005
    ));
#8641 = CARTESIAN_POINT('',(-2.39829389784,4.353008686817,4.000008636017
    ));
#8642 = ORIENTED_EDGE('',*,*,#8643,.T.);
#8643 = EDGE_CURVE('',#8637,#8614,#8644,.T.);
#8644 = B_SPLINE_CURVE_WITH_KNOTS('',1,(#8645,#8646),.UNSPECIFIED.,.F.,
  .F.,(2,2),(47.311457242032,168.1102416),.PIECEWISE_BEZIER_KNOTS.);
#8645 = CARTESIAN_POINT('',(-2.39829389784,4.353008686817,4.000008636017
    ));
#8646 = CARTESIAN_POINT('',(0.670001361443,4.353008686817,4.000008636017
    ));
#8647 = ORIENTED_EDGE('',*,*,#8620,.T.);
#8648 = B_SPLINE_SURFACE_WITH_KNOTS('',1,1,(
    (#8649,#8650)
    ,(#8651,#8652
    )),.UNSPECIFIED.,.F.,.F.,.F.,(2,2),(2,2),(-104.5668943718,
    65.326386386162),(-12.57728272407,85.847957275927),
  .PIECEWISE_BEZIER_KNOTS.);
#8649 = CARTESIAN_POINT('',(1.917004064008,4.353008686817,1.500002540005
    ));
#8650 = CARTESIAN_POINT('',(1.917004064008,4.353008686817,4.000008636017
    ));
#8651 = CARTESIAN_POINT('',(-2.39829389784,4.353008686817,1.500002540005
    ));
#8652 = CARTESIAN_POINT('',(-2.39829389784,4.353008686817,4.000008636017
    ));
#8653 = ADVANCED_FACE('',(#8654),#8714,.F.);
#8654 = FACE_BOUND('',#8655,.F.);
#8655 = EDGE_LOOP('',(#8656,#8657,#8658,#8663,#8664,#8665,#8666,#8667,
    #8672,#8673,#8674,#8675,#8682,#8689,#8694,#8695,#8702,#8709));
#8656 = ORIENTED_EDGE('',*,*,#7441,.F.);
#8657 = ORIENTED_EDGE('',*,*,#6262,.T.);
#8658 = ORIENTED_EDGE('',*,*,#8659,.F.);
#8659 = EDGE_CURVE('',#8019,#6256,#8660,.T.);
#8660 = B_SPLINE_CURVE_WITH_KNOTS('',1,(#8661,#8662),.UNSPECIFIED.,.F.,
  .F.,(2,2),(0.,1.),.PIECEWISE_BEZIER_KNOTS.);
#8661 = CARTESIAN_POINT('',(1.917,-29.47605918211,35.));
#8662 = CARTESIAN_POINT('',(1.917,-29.47605918211,31.));
#8663 = ORIENTED_EDGE('',*,*,#8061,.T.);
#8664 = ORIENTED_EDGE('',*,*,#8180,.T.);
#8665 = ORIENTED_EDGE('',*,*,#8201,.F.);
#8666 = ORIENTED_EDGE('',*,*,#8302,.T.);
#8667 = ORIENTED_EDGE('',*,*,#8668,.T.);
#8668 = EDGE_CURVE('',#8295,#8446,#8669,.T.);
#8669 = B_SPLINE_CURVE_WITH_KNOTS('',1,(#8670,#8671),.UNSPECIFIED.,.F.,
  .F.,(2,2),(0.,1.),.PIECEWISE_BEZIER_KNOTS.);
#8670 = CARTESIAN_POINT('',(-95.262,-29.47605918211,35.));
#8671 = CARTESIAN_POINT('',(-95.262,-29.47605918211,31.));
#8672 = ORIENTED_EDGE('',*,*,#8453,.F.);
#8673 = ORIENTED_EDGE('',*,*,#8494,.F.);
#8674 = ORIENTED_EDGE('',*,*,#7849,.F.);
#8675 = ORIENTED_EDGE('',*,*,#8676,.T.);
#8676 = EDGE_CURVE('',#7843,#8677,#8679,.T.);
#8677 = VERTEX_POINT('',#8678);
#8678 = CARTESIAN_POINT('',(-85.81717170434,-29.47605918211,
    1.834118970353));
#8679 = B_SPLINE_CURVE_WITH_KNOTS('',1,(#8680,#8681),.UNSPECIFIED.,.F.,
  .F.,(2,2),(4.870319316132,18.024483178936),.PIECEWISE_BEZIER_KNOTS.);
#8680 = CARTESIAN_POINT('',(-85.81717170434,-29.47605918211,
    1.500002540005));
#8681 = CARTESIAN_POINT('',(-85.81717170434,-29.47605918211,
    1.834118970353));
#8682 = ORIENTED_EDGE('',*,*,#8683,.F.);
#8683 = EDGE_CURVE('',#8684,#8677,#8686,.T.);
#8684 = VERTEX_POINT('',#8685);
#8685 = CARTESIAN_POINT('',(-84.61716916433,-29.47605918211,
    1.834118970353));
#8686 = B_SPLINE_CURVE_WITH_KNOTS('',1,(#8687,#8688),.UNSPECIFIED.,.F.,
  .F.,(2,2),(1.7034252E+03,1.7506693E+03),.PIECEWISE_BEZIER_KNOTS.);
#8687 = CARTESIAN_POINT('',(-84.61716916433,-29.47605918211,
    1.834118970353));
#8688 = CARTESIAN_POINT('',(-85.81717170434,-29.47605918211,
    1.834118970353));
#8689 = ORIENTED_EDGE('',*,*,#8690,.F.);
#8690 = EDGE_CURVE('',#7646,#8684,#8691,.T.);
#8691 = B_SPLINE_CURVE_WITH_KNOTS('',1,(#8692,#8693),.UNSPECIFIED.,.F.,
  .F.,(2,2),(4.870319316132,18.024483178936),.PIECEWISE_BEZIER_KNOTS.);
#8692 = CARTESIAN_POINT('',(-84.61716916433,-29.47605918211,
    1.500002540005));
#8693 = CARTESIAN_POINT('',(-84.61716916433,-29.47605918211,
    1.834118970353));
#8694 = ORIENTED_EDGE('',*,*,#7645,.F.);
#8695 = ORIENTED_EDGE('',*,*,#8696,.T.);
#8696 = EDGE_CURVE('',#7639,#8697,#8699,.T.);
#8697 = VERTEX_POINT('',#8698);
#8698 = CARTESIAN_POINT('',(-20.10003937007,-29.47605918211,
    1.834118970353));
#8699 = B_SPLINE_CURVE_WITH_KNOTS('',1,(#8700,#8701),.UNSPECIFIED.,.F.,
  .F.,(2,2),(4.870319316132,18.024483178936),.PIECEWISE_BEZIER_KNOTS.);
#8700 = CARTESIAN_POINT('',(-20.10003937007,-29.47605918211,
    1.500002540005));
#8701 = CARTESIAN_POINT('',(-20.10003937007,-29.47605918211,
    1.834118970353));
#8702 = ORIENTED_EDGE('',*,*,#8703,.F.);
#8703 = EDGE_CURVE('',#8704,#8697,#8706,.T.);
#8704 = VERTEX_POINT('',#8705);
#8705 = CARTESIAN_POINT('',(-18.90003683007,-29.47605918211,
    1.834118970353));
#8706 = B_SPLINE_CURVE_WITH_KNOTS('',1,(#8707,#8708),.UNSPECIFIED.,.F.,
  .F.,(2,2),(409.78345,457.02755),.PIECEWISE_BEZIER_KNOTS.);
#8707 = CARTESIAN_POINT('',(-18.90003683007,-29.47605918211,
    1.834118970353));
#8708 = CARTESIAN_POINT('',(-20.10003937007,-29.47605918211,
    1.834118970353));
#8709 = ORIENTED_EDGE('',*,*,#8710,.F.);
#8710 = EDGE_CURVE('',#7442,#8704,#8711,.T.);
#8711 = B_SPLINE_CURVE_WITH_KNOTS('',1,(#8712,#8713),.UNSPECIFIED.,.F.,
  .F.,(2,2),(4.870319316132,18.024483178936),.PIECEWISE_BEZIER_KNOTS.);
#8712 = CARTESIAN_POINT('',(-18.90003683007,-29.47605918211,
    1.500002540005));
#8713 = CARTESIAN_POINT('',(-18.90003683007,-29.47605918211,
    1.834118970353));
#8714 = B_SPLINE_SURFACE_WITH_KNOTS('',1,1,(
    (#8715,#8716)
    ,(#8717,#8718
    )),.UNSPECIFIED.,.F.,.F.,.F.,(2,2),(2,2),(0.,3.8259449E+03),(
    -1.3188977E+03,0.),.PIECEWISE_BEZIER_KNOTS.);
#8715 = CARTESIAN_POINT('',(1.917004064008,-29.47605918211,
    35.000071120142));
#8716 = CARTESIAN_POINT('',(1.917004064008,-29.47605918211,
    1.500002540005));
#8717 = CARTESIAN_POINT('',(-95.26219075438,-29.47605918211,
    35.000071120142));
#8718 = CARTESIAN_POINT('',(-95.26219075438,-29.47605918211,
    1.500002540005));
#8719 = ADVANCED_FACE('',(#8720),#8820,.T.);
#8720 = FACE_BOUND('',#8721,.T.);
#8721 = EDGE_LOOP('',(#8722,#8730,#8737,#8747,#8748,#8754,#8755,#8756,
    #8763,#8771,#8776,#8777,#8784,#8792,#8797,#8798,#8805,#8813,#8818,
    #8819));
#8722 = ORIENTED_EDGE('',*,*,#8723,.T.);
#8723 = EDGE_CURVE('',#8563,#8724,#8726,.T.);
#8724 = VERTEX_POINT('',#8725);
#8725 = CARTESIAN_POINT('',(-2.029003972568,66.167132334265,
    4.000008636017));
#8726 = ( BOUNDED_CURVE() B_SPLINE_CURVE(2,(#8727,#8728,#8729),
.UNSPECIFIED.,.F.,.F.) B_SPLINE_CURVE_WITH_KNOTS((3,3),(6.056530552424,
6.28318530718),.PIECEWISE_BEZIER_KNOTS.) CURVE() 
GEOMETRIC_REPRESENTATION_ITEM() RATIONAL_B_SPLINE_CURVE((1.,
0.993585322538,1.)) REPRESENTATION_ITEM('') );
#8727 = CARTESIAN_POINT('',(-2.097293135839,65.567131115062,
    4.000008636017));
#8728 = CARTESIAN_POINT('',(-2.029003972568,65.86324555771,
    4.000008636017));
#8729 = CARTESIAN_POINT('',(-2.029003972568,66.167132334265,
    4.000008636017));
#8730 = ORIENTED_EDGE('',*,*,#8731,.T.);
#8731 = EDGE_CURVE('',#8724,#8732,#8734,.T.);
#8732 = VERTEX_POINT('',#8733);
#8733 = CARTESIAN_POINT('',(-2.029003972568,66.167132334265,
    6.000012700025));
#8734 = B_SPLINE_CURVE_WITH_KNOTS('',1,(#8735,#8736),.UNSPECIFIED.,.F.,
  .F.,(2,2),(157.48034,236.2205),.PIECEWISE_BEZIER_KNOTS.);
#8735 = CARTESIAN_POINT('',(-2.029003972568,66.167132334265,
    4.000008636017));
#8736 = CARTESIAN_POINT('',(-2.029003972568,66.167132334265,
    6.000012700025));
#8737 = ORIENTED_EDGE('',*,*,#8738,.F.);
#8738 = EDGE_CURVE('',#8732,#8732,#8739,.T.);
#8739 = ( BOUNDED_CURVE() B_SPLINE_CURVE(2,(#8740,#8741,#8742,#8743,
#8744,#8745,#8746),.UNSPECIFIED.,.T.,.F.) B_SPLINE_CURVE_WITH_KNOTS((1,2
    ,2,2,2,1),(-2.094395102394,0.,2.094395102393,4.188790204786,
6.28318530718,8.377580409573),.UNSPECIFIED.) CURVE() 
GEOMETRIC_REPRESENTATION_ITEM() RATIONAL_B_SPLINE_CURVE((1.,0.5,1.,0.5,
1.,0.5,1.)) REPRESENTATION_ITEM('') );
#8740 = CARTESIAN_POINT('',(-2.029003972568,66.167132334265,
    6.000012700025));
#8741 = CARTESIAN_POINT('',(-2.029003972568,70.79171738763,
    6.000012700025));
#8742 = CARTESIAN_POINT('',(-6.034012110744,68.479424860947,
    6.000012700025));
#8743 = CARTESIAN_POINT('',(-10.03902024892,66.167132334265,
    6.000012700025));
#8744 = CARTESIAN_POINT('',(-6.034012110744,63.854839807582,
    6.000012700025));
#8745 = CARTESIAN_POINT('',(-2.029003972568,61.542547280899,
    6.000012700025));
#8746 = CARTESIAN_POINT('',(-2.029003972568,66.167132334265,
    6.000012700025));
#8747 = ORIENTED_EDGE('',*,*,#8731,.F.);
#8748 = ORIENTED_EDGE('',*,*,#8749,.T.);
#8749 = EDGE_CURVE('',#8724,#8512,#8750,.T.);
#8750 = ( BOUNDED_CURVE() B_SPLINE_CURVE(2,(#8751,#8752,#8753),
.UNSPECIFIED.,.F.,.F.) B_SPLINE_CURVE_WITH_KNOTS((3,3),(0.,
0.226654754756),.PIECEWISE_BEZIER_KNOTS.) CURVE() 
GEOMETRIC_REPRESENTATION_ITEM() RATIONAL_B_SPLINE_CURVE((1.,
0.993585322538,1.)) REPRESENTATION_ITEM('') );
#8751 = CARTESIAN_POINT('',(-2.029003972568,66.167132334265,
    4.000008636017));
#8752 = CARTESIAN_POINT('',(-2.029003972568,66.471019110819,
    4.000008636017));
#8753 = CARTESIAN_POINT('',(-2.097293135839,66.767133553467,
    4.000008636017));
#8754 = ORIENTED_EDGE('',*,*,#8511,.F.);
#8755 = ORIENTED_EDGE('',*,*,#7032,.T.);
#8756 = ORIENTED_EDGE('',*,*,#8757,.T.);
#8757 = EDGE_CURVE('',#7033,#8758,#8760,.T.);
#8758 = VERTEX_POINT('',#8759);
#8759 = CARTESIAN_POINT('',(-4.099008178816,68.768848596445,
    4.000008636017));
#8760 = B_SPLINE_CURVE_WITH_KNOTS('',1,(#8761,#8762),.UNSPECIFIED.,.F.,
  .F.,(2,2),(59.0551,157.48034),.PIECEWISE_BEZIER_KNOTS.);
#8761 = CARTESIAN_POINT('',(-4.099008178816,68.768848596445,
    1.500002540005));
#8762 = CARTESIAN_POINT('',(-4.099008178816,68.768848596445,
    4.000008636017));
#8763 = ORIENTED_EDGE('',*,*,#8764,.T.);
#8764 = EDGE_CURVE('',#8758,#8765,#8767,.T.);
#8765 = VERTEX_POINT('',#8766);
#8766 = CARTESIAN_POINT('',(-5.299010617221,68.768848596445,
    4.000008636017));
#8767 = ( BOUNDED_CURVE() B_SPLINE_CURVE(2,(#8768,#8769,#8770),
.UNSPECIFIED.,.F.,.F.) B_SPLINE_CURVE_WITH_KNOTS((3,3),(1.344141572039,
1.79745108155),.PIECEWISE_BEZIER_KNOTS.) CURVE() 
GEOMETRIC_REPRESENTATION_ITEM() RATIONAL_B_SPLINE_CURVE((1.,
0.974423586327,1.)) REPRESENTATION_ITEM('') );
#8768 = CARTESIAN_POINT('',(-4.099008178816,68.768848596445,
    4.000008636017));
#8769 = CARTESIAN_POINT('',(-4.699009398019,68.907219358959,
    4.000008636017));
#8770 = CARTESIAN_POINT('',(-5.299010617221,68.768848596445,
    4.000008636017));
#8771 = ORIENTED_EDGE('',*,*,#8772,.F.);
#8772 = EDGE_CURVE('',#7055,#8765,#8773,.T.);
#8773 = B_SPLINE_CURVE_WITH_KNOTS('',1,(#8774,#8775),.UNSPECIFIED.,.F.,
  .F.,(2,2),(59.0551,157.48034),.PIECEWISE_BEZIER_KNOTS.);
#8774 = CARTESIAN_POINT('',(-5.299010617221,68.768848596445,
    1.500002540005));
#8775 = CARTESIAN_POINT('',(-5.299010617221,68.768848596445,
    4.000008636017));
#8776 = ORIENTED_EDGE('',*,*,#7061,.T.);
#8777 = ORIENTED_EDGE('',*,*,#8778,.T.);
#8778 = EDGE_CURVE('',#7062,#8779,#8781,.T.);
#8779 = VERTEX_POINT('',#8780);
#8780 = CARTESIAN_POINT('',(-7.300725660199,66.767133553467,
    4.000008636017));
#8781 = B_SPLINE_CURVE_WITH_KNOTS('',1,(#8782,#8783),.UNSPECIFIED.,.F.,
  .F.,(2,2),(59.0551,157.48034),.PIECEWISE_BEZIER_KNOTS.);
#8782 = CARTESIAN_POINT('',(-7.300725660199,66.767133553467,
    1.500002540005));
#8783 = CARTESIAN_POINT('',(-7.300725660199,66.767133553467,
    4.000008636017));
#8784 = ORIENTED_EDGE('',*,*,#8785,.T.);
#8785 = EDGE_CURVE('',#8779,#8786,#8788,.T.);
#8786 = VERTEX_POINT('',#8787);
#8787 = CARTESIAN_POINT('',(-7.300725660199,65.567131115062,
    4.000008636017));
#8788 = ( BOUNDED_CURVE() B_SPLINE_CURVE(2,(#8789,#8790,#8791),
.UNSPECIFIED.,.F.,.F.) B_SPLINE_CURVE_WITH_KNOTS((3,3),(2.914937898834,
3.368247408345),.PIECEWISE_BEZIER_KNOTS.) CURVE() 
GEOMETRIC_REPRESENTATION_ITEM() RATIONAL_B_SPLINE_CURVE((1.,
0.974423586327,1.)) REPRESENTATION_ITEM('') );
#8789 = CARTESIAN_POINT('',(-7.300725660199,66.767133553467,
    4.000008636017));
#8790 = CARTESIAN_POINT('',(-7.439096422714,66.167132334265,
    4.000008636017));
#8791 = CARTESIAN_POINT('',(-7.300725660199,65.567131115062,
    4.000008636017));
#8792 = ORIENTED_EDGE('',*,*,#8793,.F.);
#8793 = EDGE_CURVE('',#7084,#8786,#8794,.T.);
#8794 = B_SPLINE_CURVE_WITH_KNOTS('',1,(#8795,#8796),.UNSPECIFIED.,.F.,
  .F.,(2,2),(59.0551,157.48034),.PIECEWISE_BEZIER_KNOTS.);
#8795 = CARTESIAN_POINT('',(-7.300725660199,65.567131115062,
    1.500002540005));
#8796 = CARTESIAN_POINT('',(-7.300725660199,65.567131115062,
    4.000008636017));
#8797 = ORIENTED_EDGE('',*,*,#7090,.T.);
#8798 = ORIENTED_EDGE('',*,*,#8799,.T.);
#8799 = EDGE_CURVE('',#7091,#8800,#8802,.T.);
#8800 = VERTEX_POINT('',#8801);
#8801 = CARTESIAN_POINT('',(-5.299010617221,63.565416072085,
    4.000008636017));
#8802 = B_SPLINE_CURVE_WITH_KNOTS('',1,(#8803,#8804),.UNSPECIFIED.,.F.,
  .F.,(2,2),(59.0551,157.48034),.PIECEWISE_BEZIER_KNOTS.);
#8803 = CARTESIAN_POINT('',(-5.299010617221,63.565416072085,
    1.500002540005));
#8804 = CARTESIAN_POINT('',(-5.299010617221,63.565416072085,
    4.000008636017));
#8805 = ORIENTED_EDGE('',*,*,#8806,.T.);
#8806 = EDGE_CURVE('',#8800,#8807,#8809,.T.);
#8807 = VERTEX_POINT('',#8808);
#8808 = CARTESIAN_POINT('',(-4.099008178816,63.565416072085,
    4.000008636017));
#8809 = ( BOUNDED_CURVE() B_SPLINE_CURVE(2,(#8810,#8811,#8812),
.UNSPECIFIED.,.F.,.F.) B_SPLINE_CURVE_WITH_KNOTS((3,3),(4.485734225629,
4.93904373514),.PIECEWISE_BEZIER_KNOTS.) CURVE() 
GEOMETRIC_REPRESENTATION_ITEM() RATIONAL_B_SPLINE_CURVE((1.,
0.974423586327,1.)) REPRESENTATION_ITEM('') );
#8810 = CARTESIAN_POINT('',(-5.299010617221,63.565416072085,
    4.000008636017));
#8811 = CARTESIAN_POINT('',(-4.699009398019,63.42704530957,
    4.000008636017));
#8812 = CARTESIAN_POINT('',(-4.099008178816,63.565416072085,
    4.000008636017));
#8813 = ORIENTED_EDGE('',*,*,#8814,.F.);
#8814 = EDGE_CURVE('',#7113,#8807,#8815,.T.);
#8815 = B_SPLINE_CURVE_WITH_KNOTS('',1,(#8816,#8817),.UNSPECIFIED.,.F.,
  .F.,(2,2),(59.0551,157.48034),.PIECEWISE_BEZIER_KNOTS.);
#8816 = CARTESIAN_POINT('',(-4.099008178816,63.565416072085,
    1.500002540005));
#8817 = CARTESIAN_POINT('',(-4.099008178816,63.565416072085,
    4.000008636017));
#8818 = ORIENTED_EDGE('',*,*,#7119,.T.);
#8819 = ORIENTED_EDGE('',*,*,#8562,.T.);
#8820 = ( BOUNDED_SURFACE() B_SPLINE_SURFACE(2,1,(
    (#8821,#8822)
    ,(#8823,#8824)
    ,(#8825,#8826)
    ,(#8827,#8828)
    ,(#8829,#8830)
    ,(#8831,#8832)
    ,(#8833,#8834
)),.UNSPECIFIED.,.T.,.F.,.F.) B_SPLINE_SURFACE_WITH_KNOTS((1,2,2,2,2,1),
  (2,2),(-2.094395102394,0.,2.094395102393,4.188790204786,6.28318530718,
    8.377580409573),(59.0551,236.2205),.UNSPECIFIED.) 
GEOMETRIC_REPRESENTATION_ITEM() RATIONAL_B_SPLINE_SURFACE((
    (1.,1.)
    ,(0.5,0.5)
    ,(1.,1.)
    ,(0.5,0.5)
    ,(1.,1.)
    ,(0.5,0.5)
,(1.,1.))) REPRESENTATION_ITEM('') SURFACE() );
#8821 = CARTESIAN_POINT('',(-2.029003972568,66.167132334265,
    1.500002540005));
#8822 = CARTESIAN_POINT('',(-2.029003972568,66.167132334265,
    6.000012700025));
#8823 = CARTESIAN_POINT('',(-2.029003972568,70.79171738763,
    1.500002540005));
#8824 = CARTESIAN_POINT('',(-2.029003972568,70.79171738763,
    6.000012700025));
#8825 = CARTESIAN_POINT('',(-6.034012110744,68.479424860947,
    1.500002540005));
#8826 = CARTESIAN_POINT('',(-6.034012110744,68.479424860947,
    6.000012700025));
#8827 = CARTESIAN_POINT('',(-10.03902024892,66.167132334265,
    1.500002540005));
#8828 = CARTESIAN_POINT('',(-10.03902024892,66.167132334265,
    6.000012700025));
#8829 = CARTESIAN_POINT('',(-6.034012110744,63.854839807582,
    1.500002540005));
#8830 = CARTESIAN_POINT('',(-6.034012110744,63.854839807582,
    6.000012700025));
#8831 = CARTESIAN_POINT('',(-2.029003972568,61.542547280899,
    1.500002540005));
#8832 = CARTESIAN_POINT('',(-2.029003972568,61.542547280899,
    6.000012700025));
#8833 = CARTESIAN_POINT('',(-2.029003972568,66.167132334265,
    1.500002540005));
#8834 = CARTESIAN_POINT('',(-2.029003972568,66.167132334265,
    6.000012700025));
#8835 = ADVANCED_FACE('',(#8836),#8852,.F.);
#8836 = FACE_BOUND('',#8837,.F.);
#8837 = EDGE_LOOP('',(#8838,#8845,#8846,#8847));
#8838 = ORIENTED_EDGE('',*,*,#8839,.T.);
#8839 = EDGE_CURVE('',#8840,#7041,#8842,.T.);
#8840 = VERTEX_POINT('',#8841);
#8841 = CARTESIAN_POINT('',(-4.099008178816,71.837143855728,
    4.000008636017));
#8842 = B_SPLINE_CURVE_WITH_KNOTS('',1,(#8843,#8844),.UNSPECIFIED.,.F.,
  .F.,(2,2),(0.,126.04578797359),.PIECEWISE_BEZIER_KNOTS.);
#8843 = CARTESIAN_POINT('',(-4.099008178816,71.837143855728,
    4.000008636017));
#8844 = CARTESIAN_POINT('',(-4.099008178816,73.837147919736,
    1.500002540005));
#8845 = ORIENTED_EDGE('',*,*,#7040,.F.);
#8846 = ORIENTED_EDGE('',*,*,#8757,.T.);
#8847 = ORIENTED_EDGE('',*,*,#8848,.T.);
#8848 = EDGE_CURVE('',#8758,#8840,#8849,.T.);
#8849 = B_SPLINE_CURVE_WITH_KNOTS('',1,(#8850,#8851),.UNSPECIFIED.,.F.,
  .F.,(2,2),(47.311457242028,168.1102416),.PIECEWISE_BEZIER_KNOTS.);
#8850 = CARTESIAN_POINT('',(-4.099008178816,68.768848596445,
    4.000008636017));
#8851 = CARTESIAN_POINT('',(-4.099008178816,71.837143855728,
    4.000008636017));
#8852 = B_SPLINE_SURFACE_WITH_KNOTS('',1,1,(
    (#8853,#8854)
    ,(#8855,#8856
    )),.UNSPECIFIED.,.F.,.F.,.F.,(2,2),(2,2),(-134.2125579718,
    65.326386386166),(-12.57728272407,85.847957275927),
  .PIECEWISE_BEZIER_KNOTS.);
#8853 = CARTESIAN_POINT('',(-4.099008178816,73.837147919736,
    1.500002540005));
#8854 = CARTESIAN_POINT('',(-4.099008178816,73.837147919736,
    4.000008636017));
#8855 = CARTESIAN_POINT('',(-4.099008178816,68.768848596445,
    1.500002540005));
#8856 = CARTESIAN_POINT('',(-4.099008178816,68.768848596445,
    4.000008636017));
#8857 = ADVANCED_FACE('',(#8858),#8874,.T.);
#8858 = FACE_BOUND('',#8859,.T.);
#8859 = EDGE_LOOP('',(#8860,#8867,#8868,#8869));
#8860 = ORIENTED_EDGE('',*,*,#8861,.T.);
#8861 = EDGE_CURVE('',#8862,#8840,#8864,.T.);
#8862 = VERTEX_POINT('',#8863);
#8863 = CARTESIAN_POINT('',(-5.299010617221,71.837143855728,
    4.000008636017));
#8864 = B_SPLINE_CURVE_WITH_KNOTS('',1,(#8865,#8866),.UNSPECIFIED.,.F.,
  .F.,(2,2),(0.,47.244096),.PIECEWISE_BEZIER_KNOTS.);
#8865 = CARTESIAN_POINT('',(-5.299010617221,71.837143855728,
    4.000008636017));
#8866 = CARTESIAN_POINT('',(-4.099008178816,71.837143855728,
    4.000008636017));
#8867 = ORIENTED_EDGE('',*,*,#8839,.T.);
#8868 = ORIENTED_EDGE('',*,*,#7047,.F.);
#8869 = ORIENTED_EDGE('',*,*,#8870,.F.);
#8870 = EDGE_CURVE('',#8862,#7048,#8871,.T.);
#8871 = B_SPLINE_CURVE_WITH_KNOTS('',1,(#8872,#8873),.UNSPECIFIED.,.F.,
  .F.,(2,2),(0.,126.04578797359),.PIECEWISE_BEZIER_KNOTS.);
#8872 = CARTESIAN_POINT('',(-5.299010617221,71.837143855728,
    4.000008636017));
#8873 = CARTESIAN_POINT('',(-5.299010617221,73.837147919736,
    1.500002540005));
#8874 = B_SPLINE_SURFACE_WITH_KNOTS('',1,1,(
    (#8875,#8876)
    ,(#8877,#8878
    )),.UNSPECIFIED.,.F.,.F.,.F.,(2,2),(2,2),(0.,126.04578797359),(
    -47.244096,0.),.PIECEWISE_BEZIER_KNOTS.);
#8875 = CARTESIAN_POINT('',(-4.099008178816,71.837143855728,
    4.000008636017));
#8876 = CARTESIAN_POINT('',(-5.299010617221,71.837143855728,
    4.000008636017));
#8877 = CARTESIAN_POINT('',(-4.099008178816,73.837147919736,
    1.500002540005));
#8878 = CARTESIAN_POINT('',(-5.299010617221,73.837147919736,
    1.500002540005));
#8879 = ADVANCED_FACE('',(#8880),#8890,.T.);
#8880 = FACE_BOUND('',#8881,.T.);
#8881 = EDGE_LOOP('',(#8882,#8883,#8884,#8885));
#8882 = ORIENTED_EDGE('',*,*,#8870,.T.);
#8883 = ORIENTED_EDGE('',*,*,#7054,.F.);
#8884 = ORIENTED_EDGE('',*,*,#8772,.T.);
#8885 = ORIENTED_EDGE('',*,*,#8886,.T.);
#8886 = EDGE_CURVE('',#8765,#8862,#8887,.T.);
#8887 = B_SPLINE_CURVE_WITH_KNOTS('',1,(#8888,#8889),.UNSPECIFIED.,.F.,
  .F.,(2,2),(47.311457242028,168.1102416),.PIECEWISE_BEZIER_KNOTS.);
#8888 = CARTESIAN_POINT('',(-5.299010617221,68.768848596445,
    4.000008636017));
#8889 = CARTESIAN_POINT('',(-5.299010617221,71.837143855728,
    4.000008636017));
#8890 = B_SPLINE_SURFACE_WITH_KNOTS('',1,1,(
    (#8891,#8892)
    ,(#8893,#8894
    )),.UNSPECIFIED.,.F.,.F.,.F.,(2,2),(2,2),(-134.2125579718,
    65.326386386166),(-12.57728272407,85.847957275927),
  .PIECEWISE_BEZIER_KNOTS.);
#8891 = CARTESIAN_POINT('',(-5.299010617221,73.837147919736,
    1.500002540005));
#8892 = CARTESIAN_POINT('',(-5.299010617221,73.837147919736,
    4.000008636017));
#8893 = CARTESIAN_POINT('',(-5.299010617221,68.768848596445,
    1.500002540005));
#8894 = CARTESIAN_POINT('',(-5.299010617221,68.768848596445,
    4.000008636017));
#8895 = ADVANCED_FACE('',(#8896),#8912,.F.);
#8896 = FACE_BOUND('',#8897,.F.);
#8897 = EDGE_LOOP('',(#8898,#8905,#8906,#8907));
#8898 = ORIENTED_EDGE('',*,*,#8899,.T.);
#8899 = EDGE_CURVE('',#8900,#7070,#8902,.T.);
#8900 = VERTEX_POINT('',#8901);
#8901 = CARTESIAN_POINT('',(-10.36902091948,66.767133553467,
    4.000008636017));
#8902 = B_SPLINE_CURVE_WITH_KNOTS('',1,(#8903,#8904),.UNSPECIFIED.,.F.,
  .F.,(2,2),(0.,126.04578797359),.PIECEWISE_BEZIER_KNOTS.);
#8903 = CARTESIAN_POINT('',(-10.36902091948,66.767133553467,
    4.000008636017));
#8904 = CARTESIAN_POINT('',(-12.36902498349,66.767133553467,
    1.500002540005));
#8905 = ORIENTED_EDGE('',*,*,#7069,.F.);
#8906 = ORIENTED_EDGE('',*,*,#8778,.T.);
#8907 = ORIENTED_EDGE('',*,*,#8908,.T.);
#8908 = EDGE_CURVE('',#8779,#8900,#8909,.T.);
#8909 = B_SPLINE_CURVE_WITH_KNOTS('',1,(#8910,#8911),.UNSPECIFIED.,.F.,
  .F.,(2,2),(47.311457242028,168.1102416),.PIECEWISE_BEZIER_KNOTS.);
#8910 = CARTESIAN_POINT('',(-7.300725660199,66.767133553467,
    4.000008636017));
#8911 = CARTESIAN_POINT('',(-10.36902091948,66.767133553467,
    4.000008636017));
#8912 = B_SPLINE_SURFACE_WITH_KNOTS('',1,1,(
    (#8913,#8914)
    ,(#8915,#8916
    )),.UNSPECIFIED.,.F.,.F.,.F.,(2,2),(2,2),(-134.2125579718,
    65.326386386166),(-12.57728272407,85.847957275927),
  .PIECEWISE_BEZIER_KNOTS.);
#8913 = CARTESIAN_POINT('',(-12.36902498349,66.767133553467,
    1.500002540005));
#8914 = CARTESIAN_POINT('',(-12.36902498349,66.767133553467,
    4.000008636017));
#8915 = CARTESIAN_POINT('',(-7.300725660199,66.767133553467,
    1.500002540005));
#8916 = CARTESIAN_POINT('',(-7.300725660199,66.767133553467,
    4.000008636017));
#8917 = ADVANCED_FACE('',(#8918),#8934,.T.);
#8918 = FACE_BOUND('',#8919,.T.);
#8919 = EDGE_LOOP('',(#8920,#8927,#8928,#8929));
#8920 = ORIENTED_EDGE('',*,*,#8921,.T.);
#8921 = EDGE_CURVE('',#8922,#8900,#8924,.T.);
#8922 = VERTEX_POINT('',#8923);
#8923 = CARTESIAN_POINT('',(-10.36902091948,65.567131115062,
    4.000008636017));
#8924 = B_SPLINE_CURVE_WITH_KNOTS('',1,(#8925,#8926),.UNSPECIFIED.,.F.,
  .F.,(2,2),(0.,47.244096),.PIECEWISE_BEZIER_KNOTS.);
#8925 = CARTESIAN_POINT('',(-10.36902091948,65.567131115062,
    4.000008636017));
#8926 = CARTESIAN_POINT('',(-10.36902091948,66.767133553467,
    4.000008636017));
#8927 = ORIENTED_EDGE('',*,*,#8899,.T.);
#8928 = ORIENTED_EDGE('',*,*,#7076,.F.);
#8929 = ORIENTED_EDGE('',*,*,#8930,.F.);
#8930 = EDGE_CURVE('',#8922,#7077,#8931,.T.);
#8931 = B_SPLINE_CURVE_WITH_KNOTS('',1,(#8932,#8933),.UNSPECIFIED.,.F.,
  .F.,(2,2),(0.,126.04578797359),.PIECEWISE_BEZIER_KNOTS.);
#8932 = CARTESIAN_POINT('',(-10.36902091948,65.567131115062,
    4.000008636017));
#8933 = CARTESIAN_POINT('',(-12.36902498349,65.567131115062,
    1.500002540005));
#8934 = B_SPLINE_SURFACE_WITH_KNOTS('',1,1,(
    (#8935,#8936)
    ,(#8937,#8938
    )),.UNSPECIFIED.,.F.,.F.,.F.,(2,2),(2,2),(0.,126.04578797359),(
    -47.244096,0.),.PIECEWISE_BEZIER_KNOTS.);
#8935 = CARTESIAN_POINT('',(-10.36902091948,66.767133553467,
    4.000008636017));
#8936 = CARTESIAN_POINT('',(-10.36902091948,65.567131115062,
    4.000008636017));
#8937 = CARTESIAN_POINT('',(-12.36902498349,66.767133553467,
    1.500002540005));
#8938 = CARTESIAN_POINT('',(-12.36902498349,65.567131115062,
    1.500002540005));
#8939 = ADVANCED_FACE('',(#8940),#8950,.T.);
#8940 = FACE_BOUND('',#8941,.T.);
#8941 = EDGE_LOOP('',(#8942,#8943,#8944,#8945));
#8942 = ORIENTED_EDGE('',*,*,#8930,.T.);
#8943 = ORIENTED_EDGE('',*,*,#7083,.F.);
#8944 = ORIENTED_EDGE('',*,*,#8793,.T.);
#8945 = ORIENTED_EDGE('',*,*,#8946,.T.);
#8946 = EDGE_CURVE('',#8786,#8922,#8947,.T.);
#8947 = B_SPLINE_CURVE_WITH_KNOTS('',1,(#8948,#8949),.UNSPECIFIED.,.F.,
  .F.,(2,2),(47.311457242028,168.1102416),.PIECEWISE_BEZIER_KNOTS.);
#8948 = CARTESIAN_POINT('',(-7.300725660199,65.567131115062,
    4.000008636017));
#8949 = CARTESIAN_POINT('',(-10.36902091948,65.567131115062,
    4.000008636017));
#8950 = B_SPLINE_SURFACE_WITH_KNOTS('',1,1,(
    (#8951,#8952)
    ,(#8953,#8954
    )),.UNSPECIFIED.,.F.,.F.,.F.,(2,2),(2,2),(-134.2125579718,
    65.326386386166),(-12.57728272407,85.847957275927),
  .PIECEWISE_BEZIER_KNOTS.);
#8951 = CARTESIAN_POINT('',(-12.36902498349,65.567131115062,
    1.500002540005));
#8952 = CARTESIAN_POINT('',(-12.36902498349,65.567131115062,
    4.000008636017));
#8953 = CARTESIAN_POINT('',(-7.300725660199,65.567131115062,
    1.500002540005));
#8954 = CARTESIAN_POINT('',(-7.300725660199,65.567131115062,
    4.000008636017));
#8955 = ADVANCED_FACE('',(#8956),#8972,.F.);
#8956 = FACE_BOUND('',#8957,.F.);
#8957 = EDGE_LOOP('',(#8958,#8965,#8966,#8967));
#8958 = ORIENTED_EDGE('',*,*,#8959,.T.);
#8959 = EDGE_CURVE('',#8960,#7099,#8962,.T.);
#8960 = VERTEX_POINT('',#8961);
#8961 = CARTESIAN_POINT('',(-5.299010617221,60.497120812802,
    4.000008636017));
#8962 = B_SPLINE_CURVE_WITH_KNOTS('',1,(#8963,#8964),.UNSPECIFIED.,.F.,
  .F.,(2,2),(0.,126.04578797359),.PIECEWISE_BEZIER_KNOTS.);
#8963 = CARTESIAN_POINT('',(-5.299010617221,60.497120812802,
    4.000008636017));
#8964 = CARTESIAN_POINT('',(-5.299010617221,58.497116748793,
    1.500002540005));
#8965 = ORIENTED_EDGE('',*,*,#7098,.F.);
#8966 = ORIENTED_EDGE('',*,*,#8799,.T.);
#8967 = ORIENTED_EDGE('',*,*,#8968,.T.);
#8968 = EDGE_CURVE('',#8800,#8960,#8969,.T.);
#8969 = B_SPLINE_CURVE_WITH_KNOTS('',1,(#8970,#8971),.UNSPECIFIED.,.F.,
  .F.,(2,2),(47.311457242028,168.1102416),.PIECEWISE_BEZIER_KNOTS.);
#8970 = CARTESIAN_POINT('',(-5.299010617221,63.565416072085,
    4.000008636017));
#8971 = CARTESIAN_POINT('',(-5.299010617221,60.497120812802,
    4.000008636017));
#8972 = B_SPLINE_SURFACE_WITH_KNOTS('',1,1,(
    (#8973,#8974)
    ,(#8975,#8976
    )),.UNSPECIFIED.,.F.,.F.,.F.,(2,2),(2,2),(-134.2125579718,
    65.326386386166),(-12.57728272407,85.847957275927),
  .PIECEWISE_BEZIER_KNOTS.);
#8973 = CARTESIAN_POINT('',(-5.299010617221,58.497116748793,
    1.500002540005));
#8974 = CARTESIAN_POINT('',(-5.299010617221,58.497116748793,
    4.000008636017));
#8975 = CARTESIAN_POINT('',(-5.299010617221,63.565416072085,
    1.500002540005));
#8976 = CARTESIAN_POINT('',(-5.299010617221,63.565416072085,
    4.000008636017));
#8977 = ADVANCED_FACE('',(#8978),#8994,.T.);
#8978 = FACE_BOUND('',#8979,.T.);
#8979 = EDGE_LOOP('',(#8980,#8987,#8988,#8989));
#8980 = ORIENTED_EDGE('',*,*,#8981,.T.);
#8981 = EDGE_CURVE('',#8982,#8960,#8984,.T.);
#8982 = VERTEX_POINT('',#8983);
#8983 = CARTESIAN_POINT('',(-4.099008178816,60.497120812802,
    4.000008636017));
#8984 = B_SPLINE_CURVE_WITH_KNOTS('',1,(#8985,#8986),.UNSPECIFIED.,.F.,
  .F.,(2,2),(0.,47.244096),.PIECEWISE_BEZIER_KNOTS.);
#8985 = CARTESIAN_POINT('',(-4.099008178816,60.497120812802,
    4.000008636017));
#8986 = CARTESIAN_POINT('',(-5.299010617221,60.497120812802,
    4.000008636017));
#8987 = ORIENTED_EDGE('',*,*,#8959,.T.);
#8988 = ORIENTED_EDGE('',*,*,#7105,.F.);
#8989 = ORIENTED_EDGE('',*,*,#8990,.F.);
#8990 = EDGE_CURVE('',#8982,#7106,#8991,.T.);
#8991 = B_SPLINE_CURVE_WITH_KNOTS('',1,(#8992,#8993),.UNSPECIFIED.,.F.,
  .F.,(2,2),(0.,126.04578797359),.PIECEWISE_BEZIER_KNOTS.);
#8992 = CARTESIAN_POINT('',(-4.099008178816,60.497120812802,
    4.000008636017));
#8993 = CARTESIAN_POINT('',(-4.099008178816,58.497116748793,
    1.500002540005));
#8994 = B_SPLINE_SURFACE_WITH_KNOTS('',1,1,(
    (#8995,#8996)
    ,(#8997,#8998
    )),.UNSPECIFIED.,.F.,.F.,.F.,(2,2),(2,2),(0.,126.04578797359),(
    -47.244096,0.),.PIECEWISE_BEZIER_KNOTS.);
#8995 = CARTESIAN_POINT('',(-5.299010617221,60.497120812802,
    4.000008636017));
#8996 = CARTESIAN_POINT('',(-4.099008178816,60.497120812802,
    4.000008636017));
#8997 = CARTESIAN_POINT('',(-5.299010617221,58.497116748793,
    1.500002540005));
#8998 = CARTESIAN_POINT('',(-4.099008178816,58.497116748793,
    1.500002540005));
#8999 = ADVANCED_FACE('',(#9000),#9010,.T.);
#9000 = FACE_BOUND('',#9001,.T.);
#9001 = EDGE_LOOP('',(#9002,#9003,#9004,#9005));
#9002 = ORIENTED_EDGE('',*,*,#8990,.T.);
#9003 = ORIENTED_EDGE('',*,*,#7112,.F.);
#9004 = ORIENTED_EDGE('',*,*,#8814,.T.);
#9005 = ORIENTED_EDGE('',*,*,#9006,.T.);
#9006 = EDGE_CURVE('',#8807,#8982,#9007,.T.);
#9007 = B_SPLINE_CURVE_WITH_KNOTS('',1,(#9008,#9009),.UNSPECIFIED.,.F.,
  .F.,(2,2),(47.311457242028,168.1102416),.PIECEWISE_BEZIER_KNOTS.);
#9008 = CARTESIAN_POINT('',(-4.099008178816,63.565416072085,
    4.000008636017));
#9009 = CARTESIAN_POINT('',(-4.099008178816,60.497120812802,
    4.000008636017));
#9010 = B_SPLINE_SURFACE_WITH_KNOTS('',1,1,(
    (#9011,#9012)
    ,(#9013,#9014
    )),.UNSPECIFIED.,.F.,.F.,.F.,(2,2),(2,2),(-134.2125579718,
    65.326386386166),(-12.57728272407,85.847957275927),
  .PIECEWISE_BEZIER_KNOTS.);
#9011 = CARTESIAN_POINT('',(-4.099008178816,58.497116748793,
    1.500002540005));
#9012 = CARTESIAN_POINT('',(-4.099008178816,58.497116748793,
    4.000008636017));
#9013 = CARTESIAN_POINT('',(-4.099008178816,63.565416072085,
    1.500002540005));
#9014 = CARTESIAN_POINT('',(-4.099008178816,63.565416072085,
    4.000008636017));
#9015 = ADVANCED_FACE('',(#9016),#9116,.T.);
#9016 = FACE_BOUND('',#9017,.T.);
#9017 = EDGE_LOOP('',(#9018,#9026,#9033,#9043,#9044,#9050,#9051,#9052,
    #9059,#9067,#9072,#9073,#9080,#9088,#9093,#9094,#9101,#9109,#9114,
    #9115));
#9018 = ORIENTED_EDGE('',*,*,#9019,.T.);
#9019 = EDGE_CURVE('',#8637,#9020,#9022,.T.);
#9020 = VERTEX_POINT('',#9021);
#9021 = CARTESIAN_POINT('',(-2.330004734569,4.95300990602,4.000008636017
    ));
#9022 = ( BOUNDED_CURVE() B_SPLINE_CURVE(2,(#9023,#9024,#9025),
.UNSPECIFIED.,.F.,.F.) B_SPLINE_CURVE_WITH_KNOTS((3,3),(6.056530552424,
6.28318530718),.PIECEWISE_BEZIER_KNOTS.) CURVE() 
GEOMETRIC_REPRESENTATION_ITEM() RATIONAL_B_SPLINE_CURVE((1.,
0.993585322538,1.)) REPRESENTATION_ITEM('') );
#9023 = CARTESIAN_POINT('',(-2.39829389784,4.353008686817,4.000008636017
    ));
#9024 = CARTESIAN_POINT('',(-2.330004734569,4.649123129465,
    4.000008636017));
#9025 = CARTESIAN_POINT('',(-2.330004734569,4.95300990602,4.000008636017
    ));
#9026 = ORIENTED_EDGE('',*,*,#9027,.T.);
#9027 = EDGE_CURVE('',#9020,#9028,#9030,.T.);
#9028 = VERTEX_POINT('',#9029);
#9029 = CARTESIAN_POINT('',(-2.330004734569,4.95300990602,6.000012700025
    ));
#9030 = B_SPLINE_CURVE_WITH_KNOTS('',1,(#9031,#9032),.UNSPECIFIED.,.F.,
  .F.,(2,2),(157.48034,236.2205),.PIECEWISE_BEZIER_KNOTS.);
#9031 = CARTESIAN_POINT('',(-2.330004734569,4.95300990602,4.000008636017
    ));
#9032 = CARTESIAN_POINT('',(-2.330004734569,4.95300990602,6.000012700025
    ));
#9033 = ORIENTED_EDGE('',*,*,#9034,.F.);
#9034 = EDGE_CURVE('',#9028,#9028,#9035,.T.);
#9035 = ( BOUNDED_CURVE() B_SPLINE_CURVE(2,(#9036,#9037,#9038,#9039,
#9040,#9041,#9042),.UNSPECIFIED.,.T.,.F.) B_SPLINE_CURVE_WITH_KNOTS((1,2
    ,2,2,2,1),(-2.094395102394,0.,2.094395102393,4.188790204786,
6.28318530718,8.377580409573),.UNSPECIFIED.) CURVE() 
GEOMETRIC_REPRESENTATION_ITEM() RATIONAL_B_SPLINE_CURVE((1.,0.5,1.,0.5,
1.,0.5,1.)) REPRESENTATION_ITEM('') );
#9036 = CARTESIAN_POINT('',(-2.330004734569,4.95300990602,6.000012700025
    ));
#9037 = CARTESIAN_POINT('',(-2.330004734569,9.577594959385,
    6.000012700025));
#9038 = CARTESIAN_POINT('',(-6.335012872746,7.265302432703,
    6.000012700025));
#9039 = CARTESIAN_POINT('',(-10.34002101092,4.95300990602,6.000012700025
    ));
#9040 = CARTESIAN_POINT('',(-6.335012872746,2.640717379337,
    6.000012700025));
#9041 = CARTESIAN_POINT('',(-2.330004734569,0.328424852654,
    6.000012700025));
#9042 = CARTESIAN_POINT('',(-2.330004734569,4.95300990602,6.000012700025
    ));
#9043 = ORIENTED_EDGE('',*,*,#9027,.F.);
#9044 = ORIENTED_EDGE('',*,*,#9045,.T.);
#9045 = EDGE_CURVE('',#9020,#8586,#9046,.T.);
#9046 = ( BOUNDED_CURVE() B_SPLINE_CURVE(2,(#9047,#9048,#9049),
.UNSPECIFIED.,.F.,.F.) B_SPLINE_CURVE_WITH_KNOTS((3,3),(0.,
0.226654754756),.PIECEWISE_BEZIER_KNOTS.) CURVE() 
GEOMETRIC_REPRESENTATION_ITEM() RATIONAL_B_SPLINE_CURVE((1.,
0.993585322538,1.)) REPRESENTATION_ITEM('') );
#9047 = CARTESIAN_POINT('',(-2.330004734569,4.95300990602,4.000008636017
    ));
#9048 = CARTESIAN_POINT('',(-2.330004734569,5.256896682575,
    4.000008636017));
#9049 = CARTESIAN_POINT('',(-2.39829389784,5.553011125222,4.000008636017
    ));
#9050 = ORIENTED_EDGE('',*,*,#8585,.F.);
#9051 = ORIENTED_EDGE('',*,*,#7140,.T.);
#9052 = ORIENTED_EDGE('',*,*,#9053,.T.);
#9053 = EDGE_CURVE('',#7141,#9054,#9056,.T.);
#9054 = VERTEX_POINT('',#9055);
#9055 = CARTESIAN_POINT('',(-4.400008940818,7.5547261682,4.000008636017)
  );
#9056 = B_SPLINE_CURVE_WITH_KNOTS('',1,(#9057,#9058),.UNSPECIFIED.,.F.,
  .F.,(2,2),(59.0551,157.48034),.PIECEWISE_BEZIER_KNOTS.);
#9057 = CARTESIAN_POINT('',(-4.400008940818,7.5547261682,1.500002540005)
  );
#9058 = CARTESIAN_POINT('',(-4.400008940818,7.5547261682,4.000008636017)
  );
#9059 = ORIENTED_EDGE('',*,*,#9060,.T.);
#9060 = EDGE_CURVE('',#9054,#9061,#9063,.T.);
#9061 = VERTEX_POINT('',#9062);
#9062 = CARTESIAN_POINT('',(-5.600011379223,7.5547261682,4.000008636017)
  );
#9063 = ( BOUNDED_CURVE() B_SPLINE_CURVE(2,(#9064,#9065,#9066),
.UNSPECIFIED.,.F.,.F.) B_SPLINE_CURVE_WITH_KNOTS((3,3),(1.344141572039,
1.79745108155),.PIECEWISE_BEZIER_KNOTS.) CURVE() 
GEOMETRIC_REPRESENTATION_ITEM() RATIONAL_B_SPLINE_CURVE((1.,
0.974423586327,1.)) REPRESENTATION_ITEM('') );
#9064 = CARTESIAN_POINT('',(-4.400008940818,7.5547261682,4.000008636017)
  );
#9065 = CARTESIAN_POINT('',(-5.00001016002,7.693096930715,4.000008636017
    ));
#9066 = CARTESIAN_POINT('',(-5.600011379223,7.5547261682,4.000008636017)
  );
#9067 = ORIENTED_EDGE('',*,*,#9068,.F.);
#9068 = EDGE_CURVE('',#7163,#9061,#9069,.T.);
#9069 = B_SPLINE_CURVE_WITH_KNOTS('',1,(#9070,#9071),.UNSPECIFIED.,.F.,
  .F.,(2,2),(59.0551,157.48034),.PIECEWISE_BEZIER_KNOTS.);
#9070 = CARTESIAN_POINT('',(-5.600011379223,7.5547261682,1.500002540005)
  );
#9071 = CARTESIAN_POINT('',(-5.600011379223,7.5547261682,4.000008636017)
  );
#9072 = ORIENTED_EDGE('',*,*,#7169,.T.);
#9073 = ORIENTED_EDGE('',*,*,#9074,.T.);
#9074 = EDGE_CURVE('',#7170,#9075,#9077,.T.);
#9075 = VERTEX_POINT('',#9076);
#9076 = CARTESIAN_POINT('',(-7.6017264222,5.553011125222,4.000008636017)
  );
#9077 = B_SPLINE_CURVE_WITH_KNOTS('',1,(#9078,#9079),.UNSPECIFIED.,.F.,
  .F.,(2,2),(59.0551,157.48034),.PIECEWISE_BEZIER_KNOTS.);
#9078 = CARTESIAN_POINT('',(-7.6017264222,5.553011125222,1.500002540005)
  );
#9079 = CARTESIAN_POINT('',(-7.6017264222,5.553011125222,4.000008636017)
  );
#9080 = ORIENTED_EDGE('',*,*,#9081,.T.);
#9081 = EDGE_CURVE('',#9075,#9082,#9084,.T.);
#9082 = VERTEX_POINT('',#9083);
#9083 = CARTESIAN_POINT('',(-7.6017264222,4.353008686817,4.000008636017)
  );
#9084 = ( BOUNDED_CURVE() B_SPLINE_CURVE(2,(#9085,#9086,#9087),
.UNSPECIFIED.,.F.,.F.) B_SPLINE_CURVE_WITH_KNOTS((3,3),(2.914937898834,
3.368247408345),.PIECEWISE_BEZIER_KNOTS.) CURVE() 
GEOMETRIC_REPRESENTATION_ITEM() RATIONAL_B_SPLINE_CURVE((1.,
0.974423586327,1.)) REPRESENTATION_ITEM('') );
#9085 = CARTESIAN_POINT('',(-7.6017264222,5.553011125222,4.000008636017)
  );
#9086 = CARTESIAN_POINT('',(-7.740097184715,4.95300990602,4.000008636017
    ));
#9087 = CARTESIAN_POINT('',(-7.6017264222,4.353008686817,4.000008636017)
  );
#9088 = ORIENTED_EDGE('',*,*,#9089,.F.);
#9089 = EDGE_CURVE('',#7192,#9082,#9090,.T.);
#9090 = B_SPLINE_CURVE_WITH_KNOTS('',1,(#9091,#9092),.UNSPECIFIED.,.F.,
  .F.,(2,2),(59.0551,157.48034),.PIECEWISE_BEZIER_KNOTS.);
#9091 = CARTESIAN_POINT('',(-7.6017264222,4.353008686817,1.500002540005)
  );
#9092 = CARTESIAN_POINT('',(-7.6017264222,4.353008686817,4.000008636017)
  );
#9093 = ORIENTED_EDGE('',*,*,#7198,.T.);
#9094 = ORIENTED_EDGE('',*,*,#9095,.T.);
#9095 = EDGE_CURVE('',#7199,#9096,#9098,.T.);
#9096 = VERTEX_POINT('',#9097);
#9097 = CARTESIAN_POINT('',(-5.600011379223,2.35129364384,4.000008636017
    ));
#9098 = B_SPLINE_CURVE_WITH_KNOTS('',1,(#9099,#9100),.UNSPECIFIED.,.F.,
  .F.,(2,2),(59.0551,157.48034),.PIECEWISE_BEZIER_KNOTS.);
#9099 = CARTESIAN_POINT('',(-5.600011379223,2.35129364384,1.500002540005
    ));
#9100 = CARTESIAN_POINT('',(-5.600011379223,2.35129364384,4.000008636017
    ));
#9101 = ORIENTED_EDGE('',*,*,#9102,.T.);
#9102 = EDGE_CURVE('',#9096,#9103,#9105,.T.);
#9103 = VERTEX_POINT('',#9104);
#9104 = CARTESIAN_POINT('',(-4.400008940818,2.35129364384,4.000008636017
    ));
#9105 = ( BOUNDED_CURVE() B_SPLINE_CURVE(2,(#9106,#9107,#9108),
.UNSPECIFIED.,.F.,.F.) B_SPLINE_CURVE_WITH_KNOTS((3,3),(4.485734225629,
4.93904373514),.PIECEWISE_BEZIER_KNOTS.) CURVE() 
GEOMETRIC_REPRESENTATION_ITEM() RATIONAL_B_SPLINE_CURVE((1.,
0.974423586327,1.)) REPRESENTATION_ITEM('') );
#9106 = CARTESIAN_POINT('',(-5.600011379223,2.35129364384,4.000008636017
    ));
#9107 = CARTESIAN_POINT('',(-5.00001016002,2.212922881325,4.000008636017
    ));
#9108 = CARTESIAN_POINT('',(-4.400008940818,2.35129364384,4.000008636017
    ));
#9109 = ORIENTED_EDGE('',*,*,#9110,.F.);
#9110 = EDGE_CURVE('',#7421,#9103,#9111,.T.);
#9111 = B_SPLINE_CURVE_WITH_KNOTS('',1,(#9112,#9113),.UNSPECIFIED.,.F.,
  .F.,(2,2),(59.0551,157.48034),.PIECEWISE_BEZIER_KNOTS.);
#9112 = CARTESIAN_POINT('',(-4.400008940818,2.35129364384,1.500002540005
    ));
#9113 = CARTESIAN_POINT('',(-4.400008940818,2.35129364384,4.000008636017
    ));
#9114 = ORIENTED_EDGE('',*,*,#7427,.T.);
#9115 = ORIENTED_EDGE('',*,*,#8636,.T.);
#9116 = ( BOUNDED_SURFACE() B_SPLINE_SURFACE(2,1,(
    (#9117,#9118)
    ,(#9119,#9120)
    ,(#9121,#9122)
    ,(#9123,#9124)
    ,(#9125,#9126)
    ,(#9127,#9128)
    ,(#9129,#9130
)),.UNSPECIFIED.,.T.,.F.,.F.) B_SPLINE_SURFACE_WITH_KNOTS((1,2,2,2,2,1),
  (2,2),(-2.094395102394,0.,2.094395102393,4.188790204786,6.28318530718,
    8.377580409573),(59.0551,236.2205),.UNSPECIFIED.) 
GEOMETRIC_REPRESENTATION_ITEM() RATIONAL_B_SPLINE_SURFACE((
    (1.,1.)
    ,(0.5,0.5)
    ,(1.,1.)
    ,(0.5,0.5)
    ,(1.,1.)
    ,(0.5,0.5)
,(1.,1.))) REPRESENTATION_ITEM('') SURFACE() );
#9117 = CARTESIAN_POINT('',(-2.330004734569,4.95300990602,1.500002540005
    ));
#9118 = CARTESIAN_POINT('',(-2.330004734569,4.95300990602,6.000012700025
    ));
#9119 = CARTESIAN_POINT('',(-2.330004734569,9.577594959385,
    1.500002540005));
#9120 = CARTESIAN_POINT('',(-2.330004734569,9.577594959385,
    6.000012700025));
#9121 = CARTESIAN_POINT('',(-6.335012872746,7.265302432703,
    1.500002540005));
#9122 = CARTESIAN_POINT('',(-6.335012872746,7.265302432703,
    6.000012700025));
#9123 = CARTESIAN_POINT('',(-10.34002101092,4.95300990602,1.500002540005
    ));
#9124 = CARTESIAN_POINT('',(-10.34002101092,4.95300990602,6.000012700025
    ));
#9125 = CARTESIAN_POINT('',(-6.335012872746,2.640717379337,
    1.500002540005));
#9126 = CARTESIAN_POINT('',(-6.335012872746,2.640717379337,
    6.000012700025));
#9127 = CARTESIAN_POINT('',(-2.330004734569,0.328424852654,
    1.500002540005));
#9128 = CARTESIAN_POINT('',(-2.330004734569,0.328424852654,
    6.000012700025));
#9129 = CARTESIAN_POINT('',(-2.330004734569,4.95300990602,1.500002540005
    ));
#9130 = CARTESIAN_POINT('',(-2.330004734569,4.95300990602,6.000012700025
    ));
#9131 = ADVANCED_FACE('',(#9132),#9148,.F.);
#9132 = FACE_BOUND('',#9133,.F.);
#9133 = EDGE_LOOP('',(#9134,#9141,#9142,#9143));
#9134 = ORIENTED_EDGE('',*,*,#9135,.T.);
#9135 = EDGE_CURVE('',#9136,#7149,#9138,.T.);
#9136 = VERTEX_POINT('',#9137);
#9137 = CARTESIAN_POINT('',(-4.400008940818,10.623021427483,
    4.000008636017));
#9138 = B_SPLINE_CURVE_WITH_KNOTS('',1,(#9139,#9140),.UNSPECIFIED.,.F.,
  .F.,(2,2),(0.,126.04578797359),.PIECEWISE_BEZIER_KNOTS.);
#9139 = CARTESIAN_POINT('',(-4.400008940818,10.623021427483,
    4.000008636017));
#9140 = CARTESIAN_POINT('',(-4.400008940818,12.623025491491,
    1.500002540005));
#9141 = ORIENTED_EDGE('',*,*,#7148,.F.);
#9142 = ORIENTED_EDGE('',*,*,#9053,.T.);
#9143 = ORIENTED_EDGE('',*,*,#9144,.T.);
#9144 = EDGE_CURVE('',#9054,#9136,#9145,.T.);
#9145 = B_SPLINE_CURVE_WITH_KNOTS('',1,(#9146,#9147),.UNSPECIFIED.,.F.,
  .F.,(2,2),(47.311457242032,168.1102416),.PIECEWISE_BEZIER_KNOTS.);
#9146 = CARTESIAN_POINT('',(-4.400008940818,7.5547261682,4.000008636017)
  );
#9147 = CARTESIAN_POINT('',(-4.400008940818,10.623021427483,
    4.000008636017));
#9148 = B_SPLINE_SURFACE_WITH_KNOTS('',1,1,(
    (#9149,#9150)
    ,(#9151,#9152
    )),.UNSPECIFIED.,.F.,.F.,.F.,(2,2),(2,2),(-134.2125579718,
    65.326386386162),(-12.57728272407,85.847957275927),
  .PIECEWISE_BEZIER_KNOTS.);
#9149 = CARTESIAN_POINT('',(-4.400008940818,12.623025491491,
    1.500002540005));
#9150 = CARTESIAN_POINT('',(-4.400008940818,12.623025491491,
    4.000008636017));
#9151 = CARTESIAN_POINT('',(-4.400008940818,7.5547261682,1.500002540005)
  );
#9152 = CARTESIAN_POINT('',(-4.400008940818,7.5547261682,4.000008636017)
  );
#9153 = ADVANCED_FACE('',(#9154),#9170,.T.);
#9154 = FACE_BOUND('',#9155,.T.);
#9155 = EDGE_LOOP('',(#9156,#9163,#9164,#9165));
#9156 = ORIENTED_EDGE('',*,*,#9157,.T.);
#9157 = EDGE_CURVE('',#9158,#9136,#9160,.T.);
#9158 = VERTEX_POINT('',#9159);
#9159 = CARTESIAN_POINT('',(-5.600011379223,10.623021427483,
    4.000008636017));
#9160 = B_SPLINE_CURVE_WITH_KNOTS('',1,(#9161,#9162),.UNSPECIFIED.,.F.,
  .F.,(2,2),(0.,47.244096),.PIECEWISE_BEZIER_KNOTS.);
#9161 = CARTESIAN_POINT('',(-5.600011379223,10.623021427483,
    4.000008636017));
#9162 = CARTESIAN_POINT('',(-4.400008940818,10.623021427483,
    4.000008636017));
#9163 = ORIENTED_EDGE('',*,*,#9135,.T.);
#9164 = ORIENTED_EDGE('',*,*,#7155,.F.);
#9165 = ORIENTED_EDGE('',*,*,#9166,.F.);
#9166 = EDGE_CURVE('',#9158,#7156,#9167,.T.);
#9167 = B_SPLINE_CURVE_WITH_KNOTS('',1,(#9168,#9169),.UNSPECIFIED.,.F.,
  .F.,(2,2),(0.,126.04578797359),.PIECEWISE_BEZIER_KNOTS.);
#9168 = CARTESIAN_POINT('',(-5.600011379223,10.623021427483,
    4.000008636017));
#9169 = CARTESIAN_POINT('',(-5.600011379223,12.623025491491,
    1.500002540005));
#9170 = B_SPLINE_SURFACE_WITH_KNOTS('',1,1,(
    (#9171,#9172)
    ,(#9173,#9174
    )),.UNSPECIFIED.,.F.,.F.,.F.,(2,2),(2,2),(0.,126.04578797359),(
    -47.244096,0.),.PIECEWISE_BEZIER_KNOTS.);
#9171 = CARTESIAN_POINT('',(-4.400008940818,10.623021427483,
    4.000008636017));
#9172 = CARTESIAN_POINT('',(-5.600011379223,10.623021427483,
    4.000008636017));
#9173 = CARTESIAN_POINT('',(-4.400008940818,12.623025491491,
    1.500002540005));
#9174 = CARTESIAN_POINT('',(-5.600011379223,12.623025491491,
    1.500002540005));
#9175 = ADVANCED_FACE('',(#9176),#9186,.T.);
#9176 = FACE_BOUND('',#9177,.T.);
#9177 = EDGE_LOOP('',(#9178,#9179,#9180,#9181));
#9178 = ORIENTED_EDGE('',*,*,#9166,.T.);
#9179 = ORIENTED_EDGE('',*,*,#7162,.F.);
#9180 = ORIENTED_EDGE('',*,*,#9068,.T.);
#9181 = ORIENTED_EDGE('',*,*,#9182,.T.);
#9182 = EDGE_CURVE('',#9061,#9158,#9183,.T.);
#9183 = B_SPLINE_CURVE_WITH_KNOTS('',1,(#9184,#9185),.UNSPECIFIED.,.F.,
  .F.,(2,2),(47.311457242032,168.1102416),.PIECEWISE_BEZIER_KNOTS.);
#9184 = CARTESIAN_POINT('',(-5.600011379223,7.5547261682,4.000008636017)
  );
#9185 = CARTESIAN_POINT('',(-5.600011379223,10.623021427483,
    4.000008636017));
#9186 = B_SPLINE_SURFACE_WITH_KNOTS('',1,1,(
    (#9187,#9188)
    ,(#9189,#9190
    )),.UNSPECIFIED.,.F.,.F.,.F.,(2,2),(2,2),(-134.2125579718,
    65.326386386162),(-12.57728272407,85.847957275927),
  .PIECEWISE_BEZIER_KNOTS.);
#9187 = CARTESIAN_POINT('',(-5.600011379223,12.623025491491,
    1.500002540005));
#9188 = CARTESIAN_POINT('',(-5.600011379223,12.623025491491,
    4.000008636017));
#9189 = CARTESIAN_POINT('',(-5.600011379223,7.5547261682,1.500002540005)
  );
#9190 = CARTESIAN_POINT('',(-5.600011379223,7.5547261682,4.000008636017)
  );
#9191 = ADVANCED_FACE('',(#9192),#9208,.F.);
#9192 = FACE_BOUND('',#9193,.F.);
#9193 = EDGE_LOOP('',(#9194,#9201,#9202,#9203));
#9194 = ORIENTED_EDGE('',*,*,#9195,.T.);
#9195 = EDGE_CURVE('',#9196,#7178,#9198,.T.);
#9196 = VERTEX_POINT('',#9197);
#9197 = CARTESIAN_POINT('',(-10.67002168148,5.553011125222,
    4.000008636017));
#9198 = B_SPLINE_CURVE_WITH_KNOTS('',1,(#9199,#9200),.UNSPECIFIED.,.F.,
  .F.,(2,2),(0.,126.04578797359),.PIECEWISE_BEZIER_KNOTS.);
#9199 = CARTESIAN_POINT('',(-10.67002168148,5.553011125222,
    4.000008636017));
#9200 = CARTESIAN_POINT('',(-12.67002574549,5.553011125222,
    1.500002540005));
#9201 = ORIENTED_EDGE('',*,*,#7177,.F.);
#9202 = ORIENTED_EDGE('',*,*,#9074,.T.);
#9203 = ORIENTED_EDGE('',*,*,#9204,.T.);
#9204 = EDGE_CURVE('',#9075,#9196,#9205,.T.);
#9205 = B_SPLINE_CURVE_WITH_KNOTS('',1,(#9206,#9207),.UNSPECIFIED.,.F.,
  .F.,(2,2),(47.311457242032,168.1102416),.PIECEWISE_BEZIER_KNOTS.);
#9206 = CARTESIAN_POINT('',(-7.6017264222,5.553011125222,4.000008636017)
  );
#9207 = CARTESIAN_POINT('',(-10.67002168148,5.553011125222,
    4.000008636017));
#9208 = B_SPLINE_SURFACE_WITH_KNOTS('',1,1,(
    (#9209,#9210)
    ,(#9211,#9212
    )),.UNSPECIFIED.,.F.,.F.,.F.,(2,2),(2,2),(-134.2125579718,
    65.326386386162),(-12.57728272407,85.847957275927),
  .PIECEWISE_BEZIER_KNOTS.);
#9209 = CARTESIAN_POINT('',(-12.67002574549,5.553011125222,
    1.500002540005));
#9210 = CARTESIAN_POINT('',(-12.67002574549,5.553011125222,
    4.000008636017));
#9211 = CARTESIAN_POINT('',(-7.6017264222,5.553011125222,1.500002540005)
  );
#9212 = CARTESIAN_POINT('',(-7.6017264222,5.553011125222,4.000008636017)
  );
#9213 = ADVANCED_FACE('',(#9214),#9230,.T.);
#9214 = FACE_BOUND('',#9215,.T.);
#9215 = EDGE_LOOP('',(#9216,#9223,#9224,#9225));
#9216 = ORIENTED_EDGE('',*,*,#9217,.T.);
#9217 = EDGE_CURVE('',#9218,#9196,#9220,.T.);
#9218 = VERTEX_POINT('',#9219);
#9219 = CARTESIAN_POINT('',(-10.67002168148,4.353008686817,
    4.000008636017));
#9220 = B_SPLINE_CURVE_WITH_KNOTS('',1,(#9221,#9222),.UNSPECIFIED.,.F.,
  .F.,(2,2),(0.,47.244096),.PIECEWISE_BEZIER_KNOTS.);
#9221 = CARTESIAN_POINT('',(-10.67002168148,4.353008686817,
    4.000008636017));
#9222 = CARTESIAN_POINT('',(-10.67002168148,5.553011125222,
    4.000008636017));
#9223 = ORIENTED_EDGE('',*,*,#9195,.T.);
#9224 = ORIENTED_EDGE('',*,*,#7184,.F.);
#9225 = ORIENTED_EDGE('',*,*,#9226,.F.);
#9226 = EDGE_CURVE('',#9218,#7185,#9227,.T.);
#9227 = B_SPLINE_CURVE_WITH_KNOTS('',1,(#9228,#9229),.UNSPECIFIED.,.F.,
  .F.,(2,2),(0.,126.04578797359),.PIECEWISE_BEZIER_KNOTS.);
#9228 = CARTESIAN_POINT('',(-10.67002168148,4.353008686817,
    4.000008636017));
#9229 = CARTESIAN_POINT('',(-12.67002574549,4.353008686817,
    1.500002540005));
#9230 = B_SPLINE_SURFACE_WITH_KNOTS('',1,1,(
    (#9231,#9232)
    ,(#9233,#9234
    )),.UNSPECIFIED.,.F.,.F.,.F.,(2,2),(2,2),(0.,126.04578797359),(
    -47.244096,0.),.PIECEWISE_BEZIER_KNOTS.);
#9231 = CARTESIAN_POINT('',(-10.67002168148,5.553011125222,
    4.000008636017));
#9232 = CARTESIAN_POINT('',(-10.67002168148,4.353008686817,
    4.000008636017));
#9233 = CARTESIAN_POINT('',(-12.67002574549,5.553011125222,
    1.500002540005));
#9234 = CARTESIAN_POINT('',(-12.67002574549,4.353008686817,
    1.500002540005));
#9235 = ADVANCED_FACE('',(#9236),#9246,.T.);
#9236 = FACE_BOUND('',#9237,.T.);
#9237 = EDGE_LOOP('',(#9238,#9239,#9240,#9241));
#9238 = ORIENTED_EDGE('',*,*,#9226,.T.);
#9239 = ORIENTED_EDGE('',*,*,#7191,.F.);
#9240 = ORIENTED_EDGE('',*,*,#9089,.T.);
#9241 = ORIENTED_EDGE('',*,*,#9242,.T.);
#9242 = EDGE_CURVE('',#9082,#9218,#9243,.T.);
#9243 = B_SPLINE_CURVE_WITH_KNOTS('',1,(#9244,#9245),.UNSPECIFIED.,.F.,
  .F.,(2,2),(47.311457242032,168.1102416),.PIECEWISE_BEZIER_KNOTS.);
#9244 = CARTESIAN_POINT('',(-7.6017264222,4.353008686817,4.000008636017)
  );
#9245 = CARTESIAN_POINT('',(-10.67002168148,4.353008686817,
    4.000008636017));
#9246 = B_SPLINE_SURFACE_WITH_KNOTS('',1,1,(
    (#9247,#9248)
    ,(#9249,#9250
    )),.UNSPECIFIED.,.F.,.F.,.F.,(2,2),(2,2),(-134.2125579718,
    65.326386386162),(-12.57728272407,85.847957275927),
  .PIECEWISE_BEZIER_KNOTS.);
#9247 = CARTESIAN_POINT('',(-12.67002574549,4.353008686817,
    1.500002540005));
#9248 = CARTESIAN_POINT('',(-12.67002574549,4.353008686817,
    4.000008636017));
#9249 = CARTESIAN_POINT('',(-7.6017264222,4.353008686817,1.500002540005)
  );
#9250 = CARTESIAN_POINT('',(-7.6017264222,4.353008686817,4.000008636017)
  );
#9251 = ADVANCED_FACE('',(#9252),#9268,.F.);
#9252 = FACE_BOUND('',#9253,.F.);
#9253 = EDGE_LOOP('',(#9254,#9261,#9262,#9263));
#9254 = ORIENTED_EDGE('',*,*,#9255,.F.);
#9255 = EDGE_CURVE('',#7207,#9256,#9258,.T.);
#9256 = VERTEX_POINT('',#9257);
#9257 = CARTESIAN_POINT('',(-5.600011379223,-0.254000508001,
    4.000008636017));
#9258 = B_SPLINE_CURVE_WITH_KNOTS('',1,(#9259,#9260),.UNSPECIFIED.,.F.,
  .F.,(2,2),(23.238908637964,121.66414863796),.PIECEWISE_BEZIER_KNOTS.);
#9259 = CARTESIAN_POINT('',(-5.600011379223,-0.254000508001,
    1.500002540005));
#9260 = CARTESIAN_POINT('',(-5.600011379223,-0.254000508001,
    4.000008636017));
#9261 = ORIENTED_EDGE('',*,*,#7206,.F.);
#9262 = ORIENTED_EDGE('',*,*,#9095,.T.);
#9263 = ORIENTED_EDGE('',*,*,#9264,.T.);
#9264 = EDGE_CURVE('',#9096,#9256,#9265,.T.);
#9265 = B_SPLINE_CURVE_WITH_KNOTS('',1,(#9266,#9267),.UNSPECIFIED.,.F.,
  .F.,(2,2),(47.311457242032,149.881888),.PIECEWISE_BEZIER_KNOTS.);
#9266 = CARTESIAN_POINT('',(-5.600011379223,2.35129364384,4.000008636017
    ));
#9267 = CARTESIAN_POINT('',(-5.600011379223,-0.254000508001,
    4.000008636017));
#9268 = B_SPLINE_SURFACE_WITH_KNOTS('',1,1,(
    (#9269,#9270)
    ,(#9271,#9272
    )),.UNSPECIFIED.,.F.,.F.,.F.,(2,2),(2,2),(-37.2440443718,
    65.326386386162),(-12.57728272407,85.847957275927),
  .PIECEWISE_BEZIER_KNOTS.);
#9269 = CARTESIAN_POINT('',(-5.600011379223,-0.254000508001,
    1.500002540005));
#9270 = CARTESIAN_POINT('',(-5.600011379223,-0.254000508001,
    4.000008636017));
#9271 = CARTESIAN_POINT('',(-5.600011379223,2.35129364384,1.500002540005
    ));
#9272 = CARTESIAN_POINT('',(-5.600011379223,2.35129364384,4.000008636017
    ));
#9273 = ADVANCED_FACE('',(#9274),#9330,.T.);
#9274 = FACE_BOUND('',#9275,.T.);
#9275 = EDGE_LOOP('',(#9276,#9277,#9284,#9291,#9296,#9297,#9304,#9309,
    #9310,#9311,#9318,#9325));
#9276 = ORIENTED_EDGE('',*,*,#7329,.F.);
#9277 = ORIENTED_EDGE('',*,*,#9278,.T.);
#9278 = EDGE_CURVE('',#7330,#9279,#9281,.T.);
#9279 = VERTEX_POINT('',#9280);
#9280 = CARTESIAN_POINT('',(-93.47218694437,-0.254000508001,15.));
#9281 = B_SPLINE_CURVE_WITH_KNOTS('',1,(#9282,#9283),.UNSPECIFIED.,.F.,
  .F.,(2,2),(59.0551,590.55),.PIECEWISE_BEZIER_KNOTS.);
#9282 = CARTESIAN_POINT('',(-93.47218694437,-0.254000508001,
    1.500002540005));
#9283 = CARTESIAN_POINT('',(-93.47218694437,-0.254000508001,15.));
#9284 = ORIENTED_EDGE('',*,*,#9285,.T.);
#9285 = EDGE_CURVE('',#9279,#9286,#9288,.T.);
#9286 = VERTEX_POINT('',#9287);
#9287 = CARTESIAN_POINT('',(0.127000254001,-0.254000508001,15.));
#9288 = B_SPLINE_CURVE_WITH_KNOTS('',1,(#9289,#9290),.UNSPECIFIED.,.F.,
  .F.,(2,2),(0.,3.685E+03),.PIECEWISE_BEZIER_KNOTS.);
#9289 = CARTESIAN_POINT('',(-93.47218694437,-0.254000508001,15.));
#9290 = CARTESIAN_POINT('',(0.127000254001,-0.254000508001,15.));
#9291 = ORIENTED_EDGE('',*,*,#9292,.F.);
#9292 = EDGE_CURVE('',#7407,#9286,#9293,.T.);
#9293 = B_SPLINE_CURVE_WITH_KNOTS('',1,(#9294,#9295),.UNSPECIFIED.,.F.,
  .F.,(2,2),(59.0551,590.55),.PIECEWISE_BEZIER_KNOTS.);
#9294 = CARTESIAN_POINT('',(0.127000254001,-0.254000508001,
    1.500002540005));
#9295 = CARTESIAN_POINT('',(0.127000254001,-0.254000508001,15.));
#9296 = ORIENTED_EDGE('',*,*,#7413,.F.);
#9297 = ORIENTED_EDGE('',*,*,#9298,.T.);
#9298 = EDGE_CURVE('',#7414,#9299,#9301,.T.);
#9299 = VERTEX_POINT('',#9300);
#9300 = CARTESIAN_POINT('',(-4.400008940818,-0.254000508001,
    4.000008636017));
#9301 = B_SPLINE_CURVE_WITH_KNOTS('',1,(#9302,#9303),.UNSPECIFIED.,.F.,
  .F.,(2,2),(23.238908637964,121.66414863796),.PIECEWISE_BEZIER_KNOTS.);
#9302 = CARTESIAN_POINT('',(-4.400008940818,-0.254000508001,
    1.500002540005));
#9303 = CARTESIAN_POINT('',(-4.400008940818,-0.254000508001,
    4.000008636017));
#9304 = ORIENTED_EDGE('',*,*,#9305,.T.);
#9305 = EDGE_CURVE('',#9299,#9256,#9306,.T.);
#9306 = B_SPLINE_CURVE_WITH_KNOTS('',1,(#9307,#9308),.UNSPECIFIED.,.F.,
  .F.,(2,2),(-1.753385824E+03,-1.706141728E+03),
  .PIECEWISE_BEZIER_KNOTS.);
#9307 = CARTESIAN_POINT('',(-4.400008940818,-0.254000508001,
    4.000008636017));
#9308 = CARTESIAN_POINT('',(-5.600011379223,-0.254000508001,
    4.000008636017));
#9309 = ORIENTED_EDGE('',*,*,#9255,.F.);
#9310 = ORIENTED_EDGE('',*,*,#7213,.F.);
#9311 = ORIENTED_EDGE('',*,*,#9312,.T.);
#9312 = EDGE_CURVE('',#7214,#9313,#9315,.T.);
#9313 = VERTEX_POINT('',#9314);
#9314 = CARTESIAN_POINT('',(-86.52217302514,-0.254000508001,
    4.000008636017));
#9315 = B_SPLINE_CURVE_WITH_KNOTS('',1,(#9316,#9317),.UNSPECIFIED.,.F.,
  .F.,(2,2),(23.238908637964,121.66414863796),.PIECEWISE_BEZIER_KNOTS.);
#9316 = CARTESIAN_POINT('',(-86.52217302514,-0.254000508001,
    1.500002540005));
#9317 = CARTESIAN_POINT('',(-86.52217302514,-0.254000508001,
    4.000008636017));
#9318 = ORIENTED_EDGE('',*,*,#9319,.T.);
#9319 = EDGE_CURVE('',#9313,#9320,#9322,.T.);
#9320 = VERTEX_POINT('',#9321);
#9321 = CARTESIAN_POINT('',(-87.72217546355,-0.254000508001,
    4.000008636017));
#9322 = B_SPLINE_CURVE_WITH_KNOTS('',1,(#9323,#9324),.UNSPECIFIED.,.F.,
  .F.,(2,2),(-136.811024,-89.566928),.PIECEWISE_BEZIER_KNOTS.);
#9323 = CARTESIAN_POINT('',(-86.52217302514,-0.254000508001,
    4.000008636017));
#9324 = CARTESIAN_POINT('',(-87.72217546355,-0.254000508001,
    4.000008636017));
#9325 = ORIENTED_EDGE('',*,*,#9326,.F.);
#9326 = EDGE_CURVE('',#7323,#9320,#9327,.T.);
#9327 = B_SPLINE_CURVE_WITH_KNOTS('',1,(#9328,#9329),.UNSPECIFIED.,.F.,
  .F.,(2,2),(23.238908637964,121.66414863796),.PIECEWISE_BEZIER_KNOTS.);
#9328 = CARTESIAN_POINT('',(-87.72217546355,-0.254000508001,
    1.500002540005));
#9329 = CARTESIAN_POINT('',(-87.72217546355,-0.254000508001,
    4.000008636017));
#9330 = B_SPLINE_SURFACE_WITH_KNOTS('',1,1,(
    (#9331,#9332)
    ,(#9333,#9334
  )),.UNSPECIFIED.,.F.,.F.,.F.,(2,2),(2,2),(0.,3.685E+03),(-590.55,
    -59.0551),.PIECEWISE_BEZIER_KNOTS.);
#9331 = CARTESIAN_POINT('',(-93.47218694437,-0.254000508001,15.));
#9332 = CARTESIAN_POINT('',(-93.47218694437,-0.254000508001,
    1.500002540005));
#9333 = CARTESIAN_POINT('',(0.127000254001,-0.254000508001,15.));
#9334 = CARTESIAN_POINT('',(0.127000254001,-0.254000508001,
    1.500002540005));
#9335 = ADVANCED_FACE('',(#9336),#9352,.T.);
#9336 = FACE_BOUND('',#9337,.T.);
#9337 = EDGE_LOOP('',(#9338,#9339,#9340,#9347));
#9338 = ORIENTED_EDGE('',*,*,#9312,.F.);
#9339 = ORIENTED_EDGE('',*,*,#7220,.F.);
#9340 = ORIENTED_EDGE('',*,*,#9341,.T.);
#9341 = EDGE_CURVE('',#7221,#9342,#9344,.T.);
#9342 = VERTEX_POINT('',#9343);
#9343 = CARTESIAN_POINT('',(-86.52217302514,2.732294405841,
    4.000008636017));
#9344 = B_SPLINE_CURVE_WITH_KNOTS('',1,(#9345,#9346),.UNSPECIFIED.,.F.,
  .F.,(2,2),(59.0551,157.48034),.PIECEWISE_BEZIER_KNOTS.);
#9345 = CARTESIAN_POINT('',(-86.52217302514,2.732294405841,
    1.500002540005));
#9346 = CARTESIAN_POINT('',(-86.52217302514,2.732294405841,
    4.000008636017));
#9347 = ORIENTED_EDGE('',*,*,#9348,.T.);
#9348 = EDGE_CURVE('',#9342,#9313,#9349,.T.);
#9349 = B_SPLINE_CURVE_WITH_KNOTS('',1,(#9350,#9351),.UNSPECIFIED.,.F.,
  .F.,(2,2),(47.311457242055,164.881888),.PIECEWISE_BEZIER_KNOTS.);
#9350 = CARTESIAN_POINT('',(-86.52217302514,2.732294405841,
    4.000008636017));
#9351 = CARTESIAN_POINT('',(-86.52217302514,-0.254000508001,
    4.000008636017));
#9352 = B_SPLINE_SURFACE_WITH_KNOTS('',1,1,(
    (#9353,#9354)
    ,(#9355,#9356
    )),.UNSPECIFIED.,.F.,.F.,.F.,(2,2),(2,2),(-52.2440443718,
    65.326386386161),(-12.57728272407,85.847957275927),
  .PIECEWISE_BEZIER_KNOTS.);
#9353 = CARTESIAN_POINT('',(-86.52217302514,-0.254000508001,
    1.500002540005));
#9354 = CARTESIAN_POINT('',(-86.52217302514,-0.254000508001,
    4.000008636017));
#9355 = CARTESIAN_POINT('',(-86.52217302514,2.732294405841,
    1.500002540005));
#9356 = CARTESIAN_POINT('',(-86.52217302514,2.732294405841,
    4.000008636017));
#9357 = ADVANCED_FACE('',(#9358),#9464,.T.);
#9358 = FACE_BOUND('',#9359,.T.);
#9359 = EDGE_LOOP('',(#9360,#9370,#9377,#9387,#9388,#9396,#9401,#9402,
    #9409,#9417,#9422,#9423,#9430,#9438,#9443,#9444,#9451,#9457,#9458,
    #9459));
#9360 = ORIENTED_EDGE('',*,*,#9361,.T.);
#9361 = EDGE_CURVE('',#9362,#9364,#9366,.T.);
#9362 = VERTEX_POINT('',#9363);
#9363 = CARTESIAN_POINT('',(-84.52045798216,4.734009448819,
    4.000008636017));
#9364 = VERTEX_POINT('',#9365);
#9365 = CARTESIAN_POINT('',(-84.45216881889,5.334010668021,
    4.000008636017));
#9366 = ( BOUNDED_CURVE() B_SPLINE_CURVE(2,(#9367,#9368,#9369),
.UNSPECIFIED.,.F.,.F.) B_SPLINE_CURVE_WITH_KNOTS((3,3),(6.056530552424,
6.28318530718),.PIECEWISE_BEZIER_KNOTS.) CURVE() 
GEOMETRIC_REPRESENTATION_ITEM() RATIONAL_B_SPLINE_CURVE((1.,
0.993585322538,1.)) REPRESENTATION_ITEM('') );
#9367 = CARTESIAN_POINT('',(-84.52045798216,4.734009448819,
    4.000008636017));
#9368 = CARTESIAN_POINT('',(-84.45216881889,5.030123891467,
    4.000008636017));
#9369 = CARTESIAN_POINT('',(-84.45216881889,5.334010668021,
    4.000008636017));
#9370 = ORIENTED_EDGE('',*,*,#9371,.T.);
#9371 = EDGE_CURVE('',#9364,#9372,#9374,.T.);
#9372 = VERTEX_POINT('',#9373);
#9373 = CARTESIAN_POINT('',(-84.45216881889,5.334010668021,
    6.000012700025));
#9374 = B_SPLINE_CURVE_WITH_KNOTS('',1,(#9375,#9376),.UNSPECIFIED.,.F.,
  .F.,(2,2),(157.48034,236.2205),.PIECEWISE_BEZIER_KNOTS.);
#9375 = CARTESIAN_POINT('',(-84.45216881889,5.334010668021,
    4.000008636017));
#9376 = CARTESIAN_POINT('',(-84.45216881889,5.334010668021,
    6.000012700025));
#9377 = ORIENTED_EDGE('',*,*,#9378,.F.);
#9378 = EDGE_CURVE('',#9372,#9372,#9379,.T.);
#9379 = ( BOUNDED_CURVE() B_SPLINE_CURVE(2,(#9380,#9381,#9382,#9383,
#9384,#9385,#9386),.UNSPECIFIED.,.T.,.F.) B_SPLINE_CURVE_WITH_KNOTS((1,2
    ,2,2,2,1),(-2.094395102394,0.,2.094395102393,4.188790204786,
6.28318530718,8.377580409573),.UNSPECIFIED.) CURVE() 
GEOMETRIC_REPRESENTATION_ITEM() RATIONAL_B_SPLINE_CURVE((1.,0.5,1.,0.5,
1.,0.5,1.)) REPRESENTATION_ITEM('') );
#9380 = CARTESIAN_POINT('',(-84.45216881889,5.334010668021,
    6.000012700025));
#9381 = CARTESIAN_POINT('',(-84.45216881889,9.958595721387,
    6.000012700025));
#9382 = CARTESIAN_POINT('',(-88.45717695707,7.646303194704,
    6.000012700025));
#9383 = CARTESIAN_POINT('',(-92.46218509525,5.334010668021,
    6.000012700025));
#9384 = CARTESIAN_POINT('',(-88.45717695707,3.021718141339,
    6.000012700025));
#9385 = CARTESIAN_POINT('',(-84.45216881889,0.709425614656,
    6.000012700025));
#9386 = CARTESIAN_POINT('',(-84.45216881889,5.334010668021,
    6.000012700025));
#9387 = ORIENTED_EDGE('',*,*,#9371,.F.);
#9388 = ORIENTED_EDGE('',*,*,#9389,.T.);
#9389 = EDGE_CURVE('',#9364,#9390,#9392,.T.);
#9390 = VERTEX_POINT('',#9391);
#9391 = CARTESIAN_POINT('',(-84.52045798216,5.934011887224,
    4.000008636017));
#9392 = ( BOUNDED_CURVE() B_SPLINE_CURVE(2,(#9393,#9394,#9395),
.UNSPECIFIED.,.F.,.F.) B_SPLINE_CURVE_WITH_KNOTS((3,3),(0.,
0.226654754756),.PIECEWISE_BEZIER_KNOTS.) CURVE() 
GEOMETRIC_REPRESENTATION_ITEM() RATIONAL_B_SPLINE_CURVE((1.,
0.993585322538,1.)) REPRESENTATION_ITEM('') );
#9393 = CARTESIAN_POINT('',(-84.45216881889,5.334010668021,
    4.000008636017));
#9394 = CARTESIAN_POINT('',(-84.45216881889,5.637897444576,
    4.000008636017));
#9395 = CARTESIAN_POINT('',(-84.52045798216,5.934011887224,
    4.000008636017));
#9396 = ORIENTED_EDGE('',*,*,#9397,.F.);
#9397 = EDGE_CURVE('',#7250,#9390,#9398,.T.);
#9398 = B_SPLINE_CURVE_WITH_KNOTS('',1,(#9399,#9400),.UNSPECIFIED.,.F.,
  .F.,(2,2),(59.0551,157.48034),.PIECEWISE_BEZIER_KNOTS.);
#9399 = CARTESIAN_POINT('',(-84.52045798216,5.934011887224,
    1.500002540005));
#9400 = CARTESIAN_POINT('',(-84.52045798216,5.934011887224,
    4.000008636017));
#9401 = ORIENTED_EDGE('',*,*,#7256,.T.);
#9402 = ORIENTED_EDGE('',*,*,#9403,.T.);
#9403 = EDGE_CURVE('',#7257,#9404,#9406,.T.);
#9404 = VERTEX_POINT('',#9405);
#9405 = CARTESIAN_POINT('',(-86.52217302514,7.935726930202,
    4.000008636017));
#9406 = B_SPLINE_CURVE_WITH_KNOTS('',1,(#9407,#9408),.UNSPECIFIED.,.F.,
  .F.,(2,2),(59.0551,157.48034),.PIECEWISE_BEZIER_KNOTS.);
#9407 = CARTESIAN_POINT('',(-86.52217302514,7.935726930201,
    1.500002540005));
#9408 = CARTESIAN_POINT('',(-86.52217302514,7.935726930201,
    4.000008636017));
#9409 = ORIENTED_EDGE('',*,*,#9410,.T.);
#9410 = EDGE_CURVE('',#9404,#9411,#9413,.T.);
#9411 = VERTEX_POINT('',#9412);
#9412 = CARTESIAN_POINT('',(-87.72217546355,7.935726930201,
    4.000008636017));
#9413 = ( BOUNDED_CURVE() B_SPLINE_CURVE(2,(#9414,#9415,#9416),
.UNSPECIFIED.,.F.,.F.) B_SPLINE_CURVE_WITH_KNOTS((3,3),(1.344141572039,
1.79745108155),.PIECEWISE_BEZIER_KNOTS.) CURVE() 
GEOMETRIC_REPRESENTATION_ITEM() RATIONAL_B_SPLINE_CURVE((1.,
0.974423586327,1.)) REPRESENTATION_ITEM('') );
#9414 = CARTESIAN_POINT('',(-86.52217302514,7.935726930201,
    4.000008636017));
#9415 = CARTESIAN_POINT('',(-87.12217424434,8.074097692716,
    4.000008636017));
#9416 = CARTESIAN_POINT('',(-87.72217546355,7.935726930201,
    4.000008636017));
#9417 = ORIENTED_EDGE('',*,*,#9418,.F.);
#9418 = EDGE_CURVE('',#7279,#9411,#9419,.T.);
#9419 = B_SPLINE_CURVE_WITH_KNOTS('',1,(#9420,#9421),.UNSPECIFIED.,.F.,
  .F.,(2,2),(59.0551,157.48034),.PIECEWISE_BEZIER_KNOTS.);
#9420 = CARTESIAN_POINT('',(-87.72217546355,7.935726930201,
    1.500002540005));
#9421 = CARTESIAN_POINT('',(-87.72217546355,7.935726930201,
    4.000008636017));
#9422 = ORIENTED_EDGE('',*,*,#7285,.T.);
#9423 = ORIENTED_EDGE('',*,*,#9424,.T.);
#9424 = EDGE_CURVE('',#7286,#9425,#9427,.T.);
#9425 = VERTEX_POINT('',#9426);
#9426 = CARTESIAN_POINT('',(-89.72389050652,5.934011887224,
    4.000008636017));
#9427 = B_SPLINE_CURVE_WITH_KNOTS('',1,(#9428,#9429),.UNSPECIFIED.,.F.,
  .F.,(2,2),(59.0551,157.48034),.PIECEWISE_BEZIER_KNOTS.);
#9428 = CARTESIAN_POINT('',(-89.72389050652,5.934011887224,
    1.500002540005));
#9429 = CARTESIAN_POINT('',(-89.72389050652,5.934011887224,
    4.000008636017));
#9430 = ORIENTED_EDGE('',*,*,#9431,.T.);
#9431 = EDGE_CURVE('',#9425,#9432,#9434,.T.);
#9432 = VERTEX_POINT('',#9433);
#9433 = CARTESIAN_POINT('',(-89.72389050652,4.734009448819,
    4.000008636017));
#9434 = ( BOUNDED_CURVE() B_SPLINE_CURVE(2,(#9435,#9436,#9437),
.UNSPECIFIED.,.F.,.F.) B_SPLINE_CURVE_WITH_KNOTS((3,3),(2.914937898834,
3.368247408345),.PIECEWISE_BEZIER_KNOTS.) CURVE() 
GEOMETRIC_REPRESENTATION_ITEM() RATIONAL_B_SPLINE_CURVE((1.,
0.974423586327,1.)) REPRESENTATION_ITEM('') );
#9435 = CARTESIAN_POINT('',(-89.72389050652,5.934011887224,
    4.000008636017));
#9436 = CARTESIAN_POINT('',(-89.86226126904,5.334010668021,
    4.000008636017));
#9437 = CARTESIAN_POINT('',(-89.72389050652,4.734009448819,
    4.000008636017));
#9438 = ORIENTED_EDGE('',*,*,#9439,.F.);
#9439 = EDGE_CURVE('',#7308,#9432,#9440,.T.);
#9440 = B_SPLINE_CURVE_WITH_KNOTS('',1,(#9441,#9442),.UNSPECIFIED.,.F.,
  .F.,(2,2),(59.0551,157.48034),.PIECEWISE_BEZIER_KNOTS.);
#9441 = CARTESIAN_POINT('',(-89.72389050652,4.734009448819,
    1.500002540005));
#9442 = CARTESIAN_POINT('',(-89.72389050652,4.734009448819,
    4.000008636017));
#9443 = ORIENTED_EDGE('',*,*,#7314,.T.);
#9444 = ORIENTED_EDGE('',*,*,#9445,.T.);
#9445 = EDGE_CURVE('',#7315,#9446,#9448,.T.);
#9446 = VERTEX_POINT('',#9447);
#9447 = CARTESIAN_POINT('',(-87.72217546355,2.732294405841,
    4.000008636017));
#9448 = B_SPLINE_CURVE_WITH_KNOTS('',1,(#9449,#9450),.UNSPECIFIED.,.F.,
  .F.,(2,2),(59.0551,157.48034),.PIECEWISE_BEZIER_KNOTS.);
#9449 = CARTESIAN_POINT('',(-87.72217546355,2.732294405841,
    1.500002540005));
#9450 = CARTESIAN_POINT('',(-87.72217546355,2.732294405841,
    4.000008636017));
#9451 = ORIENTED_EDGE('',*,*,#9452,.T.);
#9452 = EDGE_CURVE('',#9446,#9342,#9453,.T.);
#9453 = ( BOUNDED_CURVE() B_SPLINE_CURVE(2,(#9454,#9455,#9456),
.UNSPECIFIED.,.F.,.F.) B_SPLINE_CURVE_WITH_KNOTS((3,3),(4.485734225629,
4.93904373514),.PIECEWISE_BEZIER_KNOTS.) CURVE() 
GEOMETRIC_REPRESENTATION_ITEM() RATIONAL_B_SPLINE_CURVE((1.,
0.974423586327,1.)) REPRESENTATION_ITEM('') );
#9454 = CARTESIAN_POINT('',(-87.72217546355,2.732294405841,
    4.000008636017));
#9455 = CARTESIAN_POINT('',(-87.12217424434,2.593923643327,
    4.000008636017));
#9456 = CARTESIAN_POINT('',(-86.52217302514,2.732294405841,
    4.000008636017));
#9457 = ORIENTED_EDGE('',*,*,#9341,.F.);
#9458 = ORIENTED_EDGE('',*,*,#7227,.T.);
#9459 = ORIENTED_EDGE('',*,*,#9460,.T.);
#9460 = EDGE_CURVE('',#7228,#9362,#9461,.T.);
#9461 = B_SPLINE_CURVE_WITH_KNOTS('',1,(#9462,#9463),.UNSPECIFIED.,.F.,
  .F.,(2,2),(59.0551,157.48034),.PIECEWISE_BEZIER_KNOTS.);
#9462 = CARTESIAN_POINT('',(-84.52045798216,4.734009448819,
    1.500002540005));
#9463 = CARTESIAN_POINT('',(-84.52045798216,4.734009448819,
    4.000008636017));
#9464 = ( BOUNDED_SURFACE() B_SPLINE_SURFACE(2,1,(
    (#9465,#9466)
    ,(#9467,#9468)
    ,(#9469,#9470)
    ,(#9471,#9472)
    ,(#9473,#9474)
    ,(#9475,#9476)
    ,(#9477,#9478
)),.UNSPECIFIED.,.T.,.F.,.F.) B_SPLINE_SURFACE_WITH_KNOTS((1,2,2,2,2,1),
  (2,2),(-2.094395102394,0.,2.094395102393,4.188790204786,6.28318530718,
    8.377580409573),(59.0551,236.2205),.UNSPECIFIED.) 
GEOMETRIC_REPRESENTATION_ITEM() RATIONAL_B_SPLINE_SURFACE((
    (1.,1.)
    ,(0.5,0.5)
    ,(1.,1.)
    ,(0.5,0.5)
    ,(1.,1.)
    ,(0.5,0.5)
,(1.,1.))) REPRESENTATION_ITEM('') SURFACE() );
#9465 = CARTESIAN_POINT('',(-84.45216881889,5.334010668021,
    1.500002540005));
#9466 = CARTESIAN_POINT('',(-84.45216881889,5.334010668021,
    6.000012700025));
#9467 = CARTESIAN_POINT('',(-84.45216881889,9.958595721387,
    1.500002540005));
#9468 = CARTESIAN_POINT('',(-84.45216881889,9.958595721387,
    6.000012700025));
#9469 = CARTESIAN_POINT('',(-88.45717695707,7.646303194704,
    1.500002540005));
#9470 = CARTESIAN_POINT('',(-88.45717695707,7.646303194704,
    6.000012700025));
#9471 = CARTESIAN_POINT('',(-92.46218509525,5.334010668021,
    1.500002540005));
#9472 = CARTESIAN_POINT('',(-92.46218509525,5.334010668021,
    6.000012700025));
#9473 = CARTESIAN_POINT('',(-88.45717695707,3.021718141339,
    1.500002540005));
#9474 = CARTESIAN_POINT('',(-88.45717695707,3.021718141339,
    6.000012700025));
#9475 = CARTESIAN_POINT('',(-84.45216881889,0.709425614656,
    1.500002540005));
#9476 = CARTESIAN_POINT('',(-84.45216881889,0.709425614656,
    6.000012700025));
#9477 = CARTESIAN_POINT('',(-84.45216881889,5.334010668021,
    1.500002540005));
#9478 = CARTESIAN_POINT('',(-84.45216881889,5.334010668021,
    6.000012700025));
#9479 = ADVANCED_FACE('',(#9480),#9496,.F.);
#9480 = FACE_BOUND('',#9481,.F.);
#9481 = EDGE_LOOP('',(#9482,#9489,#9490,#9491));
#9482 = ORIENTED_EDGE('',*,*,#9483,.T.);
#9483 = EDGE_CURVE('',#9484,#7236,#9486,.T.);
#9484 = VERTEX_POINT('',#9485);
#9485 = CARTESIAN_POINT('',(-81.45216272288,4.734009448819,
    4.000008636017));
#9486 = B_SPLINE_CURVE_WITH_KNOTS('',1,(#9487,#9488),.UNSPECIFIED.,.F.,
  .F.,(2,2),(0.,126.04578797359),.PIECEWISE_BEZIER_KNOTS.);
#9487 = CARTESIAN_POINT('',(-81.45216272288,4.734009448819,
    4.000008636017));
#9488 = CARTESIAN_POINT('',(-79.45215865887,4.734009448819,
    1.500002540005));
#9489 = ORIENTED_EDGE('',*,*,#7235,.F.);
#9490 = ORIENTED_EDGE('',*,*,#9460,.T.);
#9491 = ORIENTED_EDGE('',*,*,#9492,.T.);
#9492 = EDGE_CURVE('',#9362,#9484,#9493,.T.);
#9493 = B_SPLINE_CURVE_WITH_KNOTS('',1,(#9494,#9495),.UNSPECIFIED.,.F.,
  .F.,(2,2),(47.311457242019,168.1102416),.PIECEWISE_BEZIER_KNOTS.);
#9494 = CARTESIAN_POINT('',(-84.52045798216,4.734009448819,
    4.000008636017));
#9495 = CARTESIAN_POINT('',(-81.45216272288,4.734009448819,
    4.000008636017));
#9496 = B_SPLINE_SURFACE_WITH_KNOTS('',1,1,(
    (#9497,#9498)
    ,(#9499,#9500
    )),.UNSPECIFIED.,.F.,.F.,.F.,(2,2),(2,2),(-134.2125579718,
    65.326386386175),(-12.57728272407,85.847957275927),
  .PIECEWISE_BEZIER_KNOTS.);
#9497 = CARTESIAN_POINT('',(-79.45215865887,4.734009448819,
    1.500002540005));
#9498 = CARTESIAN_POINT('',(-79.45215865887,4.734009448819,
    4.000008636017));
#9499 = CARTESIAN_POINT('',(-84.52045798216,4.734009448819,
    1.500002540005));
#9500 = CARTESIAN_POINT('',(-84.52045798216,4.734009448819,
    4.000008636017));
#9501 = ADVANCED_FACE('',(#9502),#9518,.T.);
#9502 = FACE_BOUND('',#9503,.T.);
#9503 = EDGE_LOOP('',(#9504,#9511,#9512,#9513));
#9504 = ORIENTED_EDGE('',*,*,#9505,.T.);
#9505 = EDGE_CURVE('',#9506,#9484,#9508,.T.);
#9506 = VERTEX_POINT('',#9507);
#9507 = CARTESIAN_POINT('',(-81.45216272288,5.934011887224,
    4.000008636017));
#9508 = B_SPLINE_CURVE_WITH_KNOTS('',1,(#9509,#9510),.UNSPECIFIED.,.F.,
  .F.,(2,2),(0.,47.244096),.PIECEWISE_BEZIER_KNOTS.);
#9509 = CARTESIAN_POINT('',(-81.45216272288,5.934011887224,
    4.000008636017));
#9510 = CARTESIAN_POINT('',(-81.45216272288,4.734009448819,
    4.000008636017));
#9511 = ORIENTED_EDGE('',*,*,#9483,.T.);
#9512 = ORIENTED_EDGE('',*,*,#7242,.F.);
#9513 = ORIENTED_EDGE('',*,*,#9514,.F.);
#9514 = EDGE_CURVE('',#9506,#7243,#9515,.T.);
#9515 = B_SPLINE_CURVE_WITH_KNOTS('',1,(#9516,#9517),.UNSPECIFIED.,.F.,
  .F.,(2,2),(0.,126.04578797359),.PIECEWISE_BEZIER_KNOTS.);
#9516 = CARTESIAN_POINT('',(-81.45216272288,5.934011887224,
    4.000008636017));
#9517 = CARTESIAN_POINT('',(-79.45215865887,5.934011887224,
    1.500002540005));
#9518 = B_SPLINE_SURFACE_WITH_KNOTS('',1,1,(
    (#9519,#9520)
    ,(#9521,#9522
    )),.UNSPECIFIED.,.F.,.F.,.F.,(2,2),(2,2),(0.,126.04578797359),(
    -47.244096,0.),.PIECEWISE_BEZIER_KNOTS.);
#9519 = CARTESIAN_POINT('',(-81.45216272288,4.734009448819,
    4.000008636017));
#9520 = CARTESIAN_POINT('',(-81.45216272288,5.934011887224,
    4.000008636017));
#9521 = CARTESIAN_POINT('',(-79.45215865887,4.734009448819,
    1.500002540005));
#9522 = CARTESIAN_POINT('',(-79.45215865887,5.934011887224,
    1.500002540005));
#9523 = ADVANCED_FACE('',(#9524),#9534,.T.);
#9524 = FACE_BOUND('',#9525,.T.);
#9525 = EDGE_LOOP('',(#9526,#9527,#9528,#9529));
#9526 = ORIENTED_EDGE('',*,*,#9514,.T.);
#9527 = ORIENTED_EDGE('',*,*,#7249,.F.);
#9528 = ORIENTED_EDGE('',*,*,#9397,.T.);
#9529 = ORIENTED_EDGE('',*,*,#9530,.T.);
#9530 = EDGE_CURVE('',#9390,#9506,#9531,.T.);
#9531 = B_SPLINE_CURVE_WITH_KNOTS('',1,(#9532,#9533),.UNSPECIFIED.,.F.,
  .F.,(2,2),(47.311457242019,168.1102416),.PIECEWISE_BEZIER_KNOTS.);
#9532 = CARTESIAN_POINT('',(-84.52045798216,5.934011887224,
    4.000008636017));
#9533 = CARTESIAN_POINT('',(-81.45216272288,5.934011887224,
    4.000008636017));
#9534 = B_SPLINE_SURFACE_WITH_KNOTS('',1,1,(
    (#9535,#9536)
    ,(#9537,#9538
    )),.UNSPECIFIED.,.F.,.F.,.F.,(2,2),(2,2),(-134.2125579718,
    65.326386386175),(-12.57728272407,85.847957275927),
  .PIECEWISE_BEZIER_KNOTS.);
#9535 = CARTESIAN_POINT('',(-79.45215865887,5.934011887224,
    1.500002540005));
#9536 = CARTESIAN_POINT('',(-79.45215865887,5.934011887224,
    4.000008636017));
#9537 = CARTESIAN_POINT('',(-84.52045798216,5.934011887224,
    1.500002540005));
#9538 = CARTESIAN_POINT('',(-84.52045798216,5.934011887224,
    4.000008636017));
#9539 = ADVANCED_FACE('',(#9540),#9556,.F.);
#9540 = FACE_BOUND('',#9541,.F.);
#9541 = EDGE_LOOP('',(#9542,#9549,#9550,#9551));
#9542 = ORIENTED_EDGE('',*,*,#9543,.T.);
#9543 = EDGE_CURVE('',#9544,#7265,#9546,.T.);
#9544 = VERTEX_POINT('',#9545);
#9545 = CARTESIAN_POINT('',(-86.52217302514,11.004022189484,
    4.000008636017));
#9546 = B_SPLINE_CURVE_WITH_KNOTS('',1,(#9547,#9548),.UNSPECIFIED.,.F.,
  .F.,(2,2),(0.,126.04578797359),.PIECEWISE_BEZIER_KNOTS.);
#9547 = CARTESIAN_POINT('',(-86.52217302514,11.004022189484,
    4.000008636017));
#9548 = CARTESIAN_POINT('',(-86.52217302514,13.004026253493,
    1.500002540005));
#9549 = ORIENTED_EDGE('',*,*,#7264,.F.);
#9550 = ORIENTED_EDGE('',*,*,#9403,.T.);
#9551 = ORIENTED_EDGE('',*,*,#9552,.T.);
#9552 = EDGE_CURVE('',#9404,#9544,#9553,.T.);
#9553 = B_SPLINE_CURVE_WITH_KNOTS('',1,(#9554,#9555),.UNSPECIFIED.,.F.,
  .F.,(2,2),(47.311457242037,168.1102416),.PIECEWISE_BEZIER_KNOTS.);
#9554 = CARTESIAN_POINT('',(-86.52217302514,7.935726930202,
    4.000008636017));
#9555 = CARTESIAN_POINT('',(-86.52217302514,11.004022189484,
    4.000008636017));
#9556 = B_SPLINE_SURFACE_WITH_KNOTS('',1,1,(
    (#9557,#9558)
    ,(#9559,#9560
    )),.UNSPECIFIED.,.F.,.F.,.F.,(2,2),(2,2),(-134.2125579718,
    65.326386386162),(-12.57728272407,85.847957275927),
  .PIECEWISE_BEZIER_KNOTS.);
#9557 = CARTESIAN_POINT('',(-86.52217302514,13.004026253493,
    1.500002540005));
#9558 = CARTESIAN_POINT('',(-86.52217302514,13.004026253493,
    4.000008636017));
#9559 = CARTESIAN_POINT('',(-86.52217302514,7.935726930201,
    1.500002540005));
#9560 = CARTESIAN_POINT('',(-86.52217302514,7.935726930201,
    4.000008636017));
#9561 = ADVANCED_FACE('',(#9562),#9578,.T.);
#9562 = FACE_BOUND('',#9563,.T.);
#9563 = EDGE_LOOP('',(#9564,#9571,#9572,#9573));
#9564 = ORIENTED_EDGE('',*,*,#9565,.T.);
#9565 = EDGE_CURVE('',#9566,#9544,#9568,.T.);
#9566 = VERTEX_POINT('',#9567);
#9567 = CARTESIAN_POINT('',(-87.72217546355,11.004022189484,
    4.000008636017));
#9568 = B_SPLINE_CURVE_WITH_KNOTS('',1,(#9569,#9570),.UNSPECIFIED.,.F.,
  .F.,(2,2),(0.,47.244096),.PIECEWISE_BEZIER_KNOTS.);
#9569 = CARTESIAN_POINT('',(-87.72217546355,11.004022189484,
    4.000008636017));
#9570 = CARTESIAN_POINT('',(-86.52217302514,11.004022189484,
    4.000008636017));
#9571 = ORIENTED_EDGE('',*,*,#9543,.T.);
#9572 = ORIENTED_EDGE('',*,*,#7271,.F.);
#9573 = ORIENTED_EDGE('',*,*,#9574,.F.);
#9574 = EDGE_CURVE('',#9566,#7272,#9575,.T.);
#9575 = B_SPLINE_CURVE_WITH_KNOTS('',1,(#9576,#9577),.UNSPECIFIED.,.F.,
  .F.,(2,2),(0.,126.04578797359),.PIECEWISE_BEZIER_KNOTS.);
#9576 = CARTESIAN_POINT('',(-87.72217546355,11.004022189484,
    4.000008636017));
#9577 = CARTESIAN_POINT('',(-87.72217546355,13.004026253493,
    1.500002540005));
#9578 = B_SPLINE_SURFACE_WITH_KNOTS('',1,1,(
    (#9579,#9580)
    ,(#9581,#9582
    )),.UNSPECIFIED.,.F.,.F.,.F.,(2,2),(2,2),(0.,126.04578797359),(
    -47.244096,0.),.PIECEWISE_BEZIER_KNOTS.);
#9579 = CARTESIAN_POINT('',(-86.52217302514,11.004022189484,
    4.000008636017));
#9580 = CARTESIAN_POINT('',(-87.72217546355,11.004022189484,
    4.000008636017));
#9581 = CARTESIAN_POINT('',(-86.52217302514,13.004026253493,
    1.500002540005));
#9582 = CARTESIAN_POINT('',(-87.72217546355,13.004026253493,
    1.500002540005));
#9583 = ADVANCED_FACE('',(#9584),#9594,.T.);
#9584 = FACE_BOUND('',#9585,.T.);
#9585 = EDGE_LOOP('',(#9586,#9587,#9588,#9589));
#9586 = ORIENTED_EDGE('',*,*,#9574,.T.);
#9587 = ORIENTED_EDGE('',*,*,#7278,.F.);
#9588 = ORIENTED_EDGE('',*,*,#9418,.T.);
#9589 = ORIENTED_EDGE('',*,*,#9590,.T.);
#9590 = EDGE_CURVE('',#9411,#9566,#9591,.T.);
#9591 = B_SPLINE_CURVE_WITH_KNOTS('',1,(#9592,#9593),.UNSPECIFIED.,.F.,
  .F.,(2,2),(47.311457242019,168.1102416),.PIECEWISE_BEZIER_KNOTS.);
#9592 = CARTESIAN_POINT('',(-87.72217546355,7.935726930201,
    4.000008636017));
#9593 = CARTESIAN_POINT('',(-87.72217546355,11.004022189484,
    4.000008636017));
#9594 = B_SPLINE_SURFACE_WITH_KNOTS('',1,1,(
    (#9595,#9596)
    ,(#9597,#9598
    )),.UNSPECIFIED.,.F.,.F.,.F.,(2,2),(2,2),(-134.2125579718,
    65.326386386175),(-12.57728272407,85.847957275927),
  .PIECEWISE_BEZIER_KNOTS.);
#9595 = CARTESIAN_POINT('',(-87.72217546355,13.004026253493,
    1.500002540005));
#9596 = CARTESIAN_POINT('',(-87.72217546355,13.004026253493,
    4.000008636017));
#9597 = CARTESIAN_POINT('',(-87.72217546355,7.935726930201,
    1.500002540005));
#9598 = CARTESIAN_POINT('',(-87.72217546355,7.935726930201,
    4.000008636017));
#9599 = ADVANCED_FACE('',(#9600),#9616,.F.);
#9600 = FACE_BOUND('',#9601,.F.);
#9601 = EDGE_LOOP('',(#9602,#9609,#9610,#9611));
#9602 = ORIENTED_EDGE('',*,*,#9603,.T.);
#9603 = EDGE_CURVE('',#9604,#7294,#9606,.T.);
#9604 = VERTEX_POINT('',#9605);
#9605 = CARTESIAN_POINT('',(-92.79218576581,5.934011887224,
    4.000008636017));
#9606 = B_SPLINE_CURVE_WITH_KNOTS('',1,(#9607,#9608),.UNSPECIFIED.,.F.,
  .F.,(2,2),(0.,126.04578797359),.PIECEWISE_BEZIER_KNOTS.);
#9607 = CARTESIAN_POINT('',(-92.79218576581,5.934011887224,
    4.000008636017));
#9608 = CARTESIAN_POINT('',(-94.79218982982,5.934011887224,
    1.500002540005));
#9609 = ORIENTED_EDGE('',*,*,#7293,.F.);
#9610 = ORIENTED_EDGE('',*,*,#9424,.T.);
#9611 = ORIENTED_EDGE('',*,*,#9612,.T.);
#9612 = EDGE_CURVE('',#9425,#9604,#9613,.T.);
#9613 = B_SPLINE_CURVE_WITH_KNOTS('',1,(#9614,#9615),.UNSPECIFIED.,.F.,
  .F.,(2,2),(47.311457242037,168.1102416),.PIECEWISE_BEZIER_KNOTS.);
#9614 = CARTESIAN_POINT('',(-89.72389050652,5.934011887224,
    4.000008636017));
#9615 = CARTESIAN_POINT('',(-92.79218576581,5.934011887224,
    4.000008636017));
#9616 = B_SPLINE_SURFACE_WITH_KNOTS('',1,1,(
    (#9617,#9618)
    ,(#9619,#9620
    )),.UNSPECIFIED.,.F.,.F.,.F.,(2,2),(2,2),(-134.2125579718,
    65.326386386163),(-12.57728272407,85.847957275927),
  .PIECEWISE_BEZIER_KNOTS.);
#9617 = CARTESIAN_POINT('',(-94.79218982982,5.934011887224,
    1.500002540005));
#9618 = CARTESIAN_POINT('',(-94.79218982982,5.934011887224,
    4.000008636017));
#9619 = CARTESIAN_POINT('',(-89.72389050652,5.934011887224,
    1.500002540005));
#9620 = CARTESIAN_POINT('',(-89.72389050652,5.934011887224,
    4.000008636017));
#9621 = ADVANCED_FACE('',(#9622),#9638,.T.);
#9622 = FACE_BOUND('',#9623,.T.);
#9623 = EDGE_LOOP('',(#9624,#9631,#9632,#9633));
#9624 = ORIENTED_EDGE('',*,*,#9625,.T.);
#9625 = EDGE_CURVE('',#9626,#9604,#9628,.T.);
#9626 = VERTEX_POINT('',#9627);
#9627 = CARTESIAN_POINT('',(-92.79218576581,4.734009448819,
    4.000008636017));
#9628 = B_SPLINE_CURVE_WITH_KNOTS('',1,(#9629,#9630),.UNSPECIFIED.,.F.,
  .F.,(2,2),(0.,47.244096),.PIECEWISE_BEZIER_KNOTS.);
#9629 = CARTESIAN_POINT('',(-92.79218576581,4.734009448819,
    4.000008636017));
#9630 = CARTESIAN_POINT('',(-92.79218576581,5.934011887224,
    4.000008636017));
#9631 = ORIENTED_EDGE('',*,*,#9603,.T.);
#9632 = ORIENTED_EDGE('',*,*,#7300,.F.);
#9633 = ORIENTED_EDGE('',*,*,#9634,.F.);
#9634 = EDGE_CURVE('',#9626,#7301,#9635,.T.);
#9635 = B_SPLINE_CURVE_WITH_KNOTS('',1,(#9636,#9637),.UNSPECIFIED.,.F.,
  .F.,(2,2),(0.,126.04578797359),.PIECEWISE_BEZIER_KNOTS.);
#9636 = CARTESIAN_POINT('',(-92.79218576581,4.734009448819,
    4.000008636017));
#9637 = CARTESIAN_POINT('',(-94.79218982982,4.734009448819,
    1.500002540005));
#9638 = B_SPLINE_SURFACE_WITH_KNOTS('',1,1,(
    (#9639,#9640)
    ,(#9641,#9642
    )),.UNSPECIFIED.,.F.,.F.,.F.,(2,2),(2,2),(0.,126.04578797359),(
    -47.244096,0.),.PIECEWISE_BEZIER_KNOTS.);
#9639 = CARTESIAN_POINT('',(-92.79218576581,5.934011887224,
    4.000008636017));
#9640 = CARTESIAN_POINT('',(-92.79218576581,4.734009448819,
    4.000008636017));
#9641 = CARTESIAN_POINT('',(-94.79218982982,5.934011887224,
    1.500002540005));
#9642 = CARTESIAN_POINT('',(-94.79218982982,4.734009448819,
    1.500002540005));
#9643 = ADVANCED_FACE('',(#9644),#9654,.T.);
#9644 = FACE_BOUND('',#9645,.T.);
#9645 = EDGE_LOOP('',(#9646,#9647,#9648,#9649));
#9646 = ORIENTED_EDGE('',*,*,#9634,.T.);
#9647 = ORIENTED_EDGE('',*,*,#7307,.F.);
#9648 = ORIENTED_EDGE('',*,*,#9439,.T.);
#9649 = ORIENTED_EDGE('',*,*,#9650,.T.);
#9650 = EDGE_CURVE('',#9432,#9626,#9651,.T.);
#9651 = B_SPLINE_CURVE_WITH_KNOTS('',1,(#9652,#9653),.UNSPECIFIED.,.F.,
  .F.,(2,2),(47.311457242037,168.1102416),.PIECEWISE_BEZIER_KNOTS.);
#9652 = CARTESIAN_POINT('',(-89.72389050652,4.734009448819,
    4.000008636017));
#9653 = CARTESIAN_POINT('',(-92.79218576581,4.734009448819,
    4.000008636017));
#9654 = B_SPLINE_SURFACE_WITH_KNOTS('',1,1,(
    (#9655,#9656)
    ,(#9657,#9658
    )),.UNSPECIFIED.,.F.,.F.,.F.,(2,2),(2,2),(-134.2125579718,
    65.326386386163),(-12.57728272407,85.847957275927),
  .PIECEWISE_BEZIER_KNOTS.);
#9655 = CARTESIAN_POINT('',(-94.79218982982,4.734009448819,
    1.500002540005));
#9656 = CARTESIAN_POINT('',(-94.79218982982,4.734009448819,
    4.000008636017));
#9657 = CARTESIAN_POINT('',(-89.72389050652,4.734009448819,
    1.500002540005));
#9658 = CARTESIAN_POINT('',(-89.72389050652,4.734009448819,
    4.000008636017));
#9659 = ADVANCED_FACE('',(#9660),#9670,.F.);
#9660 = FACE_BOUND('',#9661,.F.);
#9661 = EDGE_LOOP('',(#9662,#9663,#9664,#9665));
#9662 = ORIENTED_EDGE('',*,*,#9326,.F.);
#9663 = ORIENTED_EDGE('',*,*,#7322,.F.);
#9664 = ORIENTED_EDGE('',*,*,#9445,.T.);
#9665 = ORIENTED_EDGE('',*,*,#9666,.T.);
#9666 = EDGE_CURVE('',#9446,#9320,#9667,.T.);
#9667 = B_SPLINE_CURVE_WITH_KNOTS('',1,(#9668,#9669),.UNSPECIFIED.,.F.,
  .F.,(2,2),(47.311457242037,164.881888),.PIECEWISE_BEZIER_KNOTS.);
#9668 = CARTESIAN_POINT('',(-87.72217546355,2.732294405841,
    4.000008636017));
#9669 = CARTESIAN_POINT('',(-87.72217546355,-0.254000508001,
    4.000008636017));
#9670 = B_SPLINE_SURFACE_WITH_KNOTS('',1,1,(
    (#9671,#9672)
    ,(#9673,#9674
    )),.UNSPECIFIED.,.F.,.F.,.F.,(2,2),(2,2),(-52.2440443718,
    65.326386386161),(-12.57728272407,85.847957275927),
  .PIECEWISE_BEZIER_KNOTS.);
#9671 = CARTESIAN_POINT('',(-87.72217546355,-0.254000508001,
    1.500002540005));
#9672 = CARTESIAN_POINT('',(-87.72217546355,-0.254000508001,
    4.000008636017));
#9673 = CARTESIAN_POINT('',(-87.72217546355,2.732294405841,
    1.500002540005));
#9674 = CARTESIAN_POINT('',(-87.72217546355,2.732294405841,
    4.000008636017));
#9675 = ADVANCED_FACE('',(#9676),#9692,.T.);
#9676 = FACE_BOUND('',#9677,.T.);
#9677 = EDGE_LOOP('',(#9678,#9679,#9686,#9691));
#9678 = ORIENTED_EDGE('',*,*,#7336,.F.);
#9679 = ORIENTED_EDGE('',*,*,#9680,.T.);
#9680 = EDGE_CURVE('',#7337,#9681,#9683,.T.);
#9681 = VERTEX_POINT('',#9682);
#9682 = CARTESIAN_POINT('',(-93.47218694437,-1.778003556007,15.));
#9683 = B_SPLINE_CURVE_WITH_KNOTS('',1,(#9684,#9685),.UNSPECIFIED.,.F.,
  .F.,(2,2),(59.0551,590.55),.PIECEWISE_BEZIER_KNOTS.);
#9684 = CARTESIAN_POINT('',(-93.47218694437,-1.778003556007,
    1.500002540005));
#9685 = CARTESIAN_POINT('',(-93.47218694437,-1.778003556007,15.));
#9686 = ORIENTED_EDGE('',*,*,#9687,.T.);
#9687 = EDGE_CURVE('',#9681,#9279,#9688,.T.);
#9688 = B_SPLINE_CURVE_WITH_KNOTS('',1,(#9689,#9690),.UNSPECIFIED.,.F.,
  .F.,(2,2),(0.,60.),.PIECEWISE_BEZIER_KNOTS.);
#9689 = CARTESIAN_POINT('',(-93.47218694437,-1.778003556007,15.));
#9690 = CARTESIAN_POINT('',(-93.47218694437,-0.254000508001,15.));
#9691 = ORIENTED_EDGE('',*,*,#9278,.F.);
#9692 = B_SPLINE_SURFACE_WITH_KNOTS('',1,1,(
    (#9693,#9694)
    ,(#9695,#9696
    )),.UNSPECIFIED.,.F.,.F.,.F.,(2,2),(2,2),(0.,60.),(-590.55,-59.0551)
  ,.PIECEWISE_BEZIER_KNOTS.);
#9693 = CARTESIAN_POINT('',(-93.47218694437,-1.778003556007,15.));
#9694 = CARTESIAN_POINT('',(-93.47218694437,-1.778003556007,
    1.500002540005));
#9695 = CARTESIAN_POINT('',(-93.47218694437,-0.254000508001,15.));
#9696 = CARTESIAN_POINT('',(-93.47218694437,-0.254000508001,
    1.500002540005));
#9697 = ADVANCED_FACE('',(#9698),#9754,.T.);
#9698 = FACE_BOUND('',#9699,.T.);
#9699 = EDGE_LOOP('',(#9700,#9701,#9708,#9713,#9714,#9715,#9722,#9729,
    #9734,#9735,#9742,#9749));
#9700 = ORIENTED_EDGE('',*,*,#7399,.F.);
#9701 = ORIENTED_EDGE('',*,*,#9702,.T.);
#9702 = EDGE_CURVE('',#7400,#9703,#9705,.T.);
#9703 = VERTEX_POINT('',#9704);
#9704 = CARTESIAN_POINT('',(0.127000254001,-1.778003556007,15.));
#9705 = B_SPLINE_CURVE_WITH_KNOTS('',1,(#9706,#9707),.UNSPECIFIED.,.F.,
  .F.,(2,2),(59.0551,590.55),.PIECEWISE_BEZIER_KNOTS.);
#9706 = CARTESIAN_POINT('',(0.127000254001,-1.778003556007,
    1.500002540005));
#9707 = CARTESIAN_POINT('',(0.127000254001,-1.778003556007,15.));
#9708 = ORIENTED_EDGE('',*,*,#9709,.T.);
#9709 = EDGE_CURVE('',#9703,#9681,#9710,.T.);
#9710 = B_SPLINE_CURVE_WITH_KNOTS('',1,(#9711,#9712),.UNSPECIFIED.,.F.,
  .F.,(2,2),(0.,3.685E+03),.PIECEWISE_BEZIER_KNOTS.);
#9711 = CARTESIAN_POINT('',(0.127000254001,-1.778003556007,15.));
#9712 = CARTESIAN_POINT('',(-93.47218694437,-1.778003556007,15.));
#9713 = ORIENTED_EDGE('',*,*,#9680,.F.);
#9714 = ORIENTED_EDGE('',*,*,#7343,.F.);
#9715 = ORIENTED_EDGE('',*,*,#9716,.F.);
#9716 = EDGE_CURVE('',#9717,#7344,#9719,.T.);
#9717 = VERTEX_POINT('',#9718);
#9718 = CARTESIAN_POINT('',(-87.72217546355,-1.778003556007,
    2.197504525273));
#9719 = B_SPLINE_CURVE_WITH_KNOTS('',1,(#9720,#9721),.UNSPECIFIED.,.F.,
  .F.,(2,2),(-50.69956179796,-23.23890863796),.PIECEWISE_BEZIER_KNOTS.);
#9720 = CARTESIAN_POINT('',(-87.72217546355,-1.778003556007,
    2.197504525273));
#9721 = CARTESIAN_POINT('',(-87.72217546355,-1.778003556007,
    1.500002540005));
#9722 = ORIENTED_EDGE('',*,*,#9723,.T.);
#9723 = EDGE_CURVE('',#9717,#9724,#9726,.T.);
#9724 = VERTEX_POINT('',#9725);
#9725 = CARTESIAN_POINT('',(-86.52217302514,-1.778003556007,
    2.197504525273));
#9726 = B_SPLINE_CURVE_WITH_KNOTS('',1,(#9727,#9728),.UNSPECIFIED.,.F.,
  .F.,(2,2),(-1.752933072E+03,-1.705688976E+03),
  .PIECEWISE_BEZIER_KNOTS.);
#9727 = CARTESIAN_POINT('',(-87.72217546355,-1.778003556007,
    2.197504525273));
#9728 = CARTESIAN_POINT('',(-86.52217302514,-1.778003556007,
    2.197504525273));
#9729 = ORIENTED_EDGE('',*,*,#9730,.T.);
#9730 = EDGE_CURVE('',#9724,#7365,#9731,.T.);
#9731 = B_SPLINE_CURVE_WITH_KNOTS('',1,(#9732,#9733),.UNSPECIFIED.,.F.,
  .F.,(2,2),(-50.69956179796,-23.23890863796),.PIECEWISE_BEZIER_KNOTS.);
#9732 = CARTESIAN_POINT('',(-86.52217302514,-1.778003556007,
    2.197504525273));
#9733 = CARTESIAN_POINT('',(-86.52217302514,-1.778003556007,
    1.500002540005));
#9734 = ORIENTED_EDGE('',*,*,#7371,.F.);
#9735 = ORIENTED_EDGE('',*,*,#9736,.F.);
#9736 = EDGE_CURVE('',#9737,#7372,#9739,.T.);
#9737 = VERTEX_POINT('',#9738);
#9738 = CARTESIAN_POINT('',(-5.600011379223,-1.778003556007,
    2.673755671323));
#9739 = B_SPLINE_CURVE_WITH_KNOTS('',1,(#9740,#9741),.UNSPECIFIED.,.F.,
  .F.,(2,2),(-69.44956941796,-23.23890863796),.PIECEWISE_BEZIER_KNOTS.);
#9740 = CARTESIAN_POINT('',(-5.600011379223,-1.778003556007,
    2.673755671323));
#9741 = CARTESIAN_POINT('',(-5.600011379223,-1.778003556007,
    1.500002540005));
#9742 = ORIENTED_EDGE('',*,*,#9743,.T.);
#9743 = EDGE_CURVE('',#9737,#9744,#9746,.T.);
#9744 = VERTEX_POINT('',#9745);
#9745 = CARTESIAN_POINT('',(-4.400008940818,-1.778003556007,
    2.673755671323));
#9746 = B_SPLINE_CURVE_WITH_KNOTS('',1,(#9747,#9748),.UNSPECIFIED.,.F.,
  .F.,(2,2),(-136.358272,-89.114176),.PIECEWISE_BEZIER_KNOTS.);
#9747 = CARTESIAN_POINT('',(-5.600011379223,-1.778003556007,
    2.673755671323));
#9748 = CARTESIAN_POINT('',(-4.400008940818,-1.778003556007,
    2.673755671323));
#9749 = ORIENTED_EDGE('',*,*,#9750,.T.);
#9750 = EDGE_CURVE('',#9744,#7393,#9751,.T.);
#9751 = B_SPLINE_CURVE_WITH_KNOTS('',1,(#9752,#9753),.UNSPECIFIED.,.F.,
  .F.,(2,2),(-69.44956941796,-23.23890863796),.PIECEWISE_BEZIER_KNOTS.);
#9752 = CARTESIAN_POINT('',(-4.400008940818,-1.778003556007,
    2.673755671323));
#9753 = CARTESIAN_POINT('',(-4.400008940818,-1.778003556007,
    1.500002540005));
#9754 = B_SPLINE_SURFACE_WITH_KNOTS('',1,1,(
    (#9755,#9756)
    ,(#9757,#9758
  )),.UNSPECIFIED.,.F.,.F.,.F.,(2,2),(2,2),(0.,3.685E+03),(-590.55,
    -59.0551),.PIECEWISE_BEZIER_KNOTS.);
#9755 = CARTESIAN_POINT('',(0.127000254001,-1.778003556007,15.));
#9756 = CARTESIAN_POINT('',(0.127000254001,-1.778003556007,
    1.500002540005));
#9757 = CARTESIAN_POINT('',(-93.47218694437,-1.778003556007,15.));
#9758 = CARTESIAN_POINT('',(-93.47218694437,-1.778003556007,
    1.500002540005));
#9759 = ADVANCED_FACE('',(#9760),#9769,.F.);
#9760 = FACE_BOUND('',#9761,.F.);
#9761 = EDGE_LOOP('',(#9762,#9767,#9768));
#9762 = ORIENTED_EDGE('',*,*,#9763,.T.);
#9763 = EDGE_CURVE('',#9717,#7351,#9764,.T.);
#9764 = B_SPLINE_CURVE_WITH_KNOTS('',1,(#9765,#9766),.UNSPECIFIED.,.F.,
  .F.,(2,2),(90.878998785956,126.04578797359),.PIECEWISE_BEZIER_KNOTS.);
#9765 = CARTESIAN_POINT('',(-87.72217546355,-1.778003556007,
    2.197504525273));
#9766 = CARTESIAN_POINT('',(-87.72217546355,-2.33600491745,
    1.500002540005));
#9767 = ORIENTED_EDGE('',*,*,#7350,.F.);
#9768 = ORIENTED_EDGE('',*,*,#9716,.F.);
#9769 = B_SPLINE_SURFACE_WITH_KNOTS('',1,1,(
    (#9770,#9771)
    ,(#9772,#9773
    )),.UNSPECIFIED.,.F.,.F.,.F.,(2,2),(2,2),(-134.2125579718,
    -112.2440443718),(-12.57728272407,14.883370435932),
  .PIECEWISE_BEZIER_KNOTS.);
#9770 = CARTESIAN_POINT('',(-87.72217546355,-2.33600491745,
    1.500002540005));
#9771 = CARTESIAN_POINT('',(-87.72217546355,-2.33600491745,
    2.197504525273));
#9772 = CARTESIAN_POINT('',(-87.72217546355,-1.778003556007,
    1.500002540005));
#9773 = CARTESIAN_POINT('',(-87.72217546355,-1.778003556007,
    2.197504525273));
#9774 = ADVANCED_FACE('',(#9775),#9785,.T.);
#9775 = FACE_BOUND('',#9776,.T.);
#9776 = EDGE_LOOP('',(#9777,#9782,#9783,#9784));
#9777 = ORIENTED_EDGE('',*,*,#9778,.F.);
#9778 = EDGE_CURVE('',#9724,#7358,#9779,.T.);
#9779 = B_SPLINE_CURVE_WITH_KNOTS('',1,(#9780,#9781),.UNSPECIFIED.,.F.,
  .F.,(2,2),(90.878998785956,126.04578797359),.PIECEWISE_BEZIER_KNOTS.);
#9780 = CARTESIAN_POINT('',(-86.52217302514,-1.778003556007,
    2.197504525273));
#9781 = CARTESIAN_POINT('',(-86.52217302514,-2.33600491745,
    1.500002540005));
#9782 = ORIENTED_EDGE('',*,*,#9723,.F.);
#9783 = ORIENTED_EDGE('',*,*,#9763,.T.);
#9784 = ORIENTED_EDGE('',*,*,#7357,.F.);
#9785 = B_SPLINE_SURFACE_WITH_KNOTS('',1,1,(
    (#9786,#9787)
    ,(#9788,#9789
    )),.UNSPECIFIED.,.F.,.F.,.F.,(2,2),(2,2),(90.878998785956,
    126.04578797359),(-47.244096,0.),.PIECEWISE_BEZIER_KNOTS.);
#9786 = CARTESIAN_POINT('',(-87.72217546355,-1.778003556007,
    2.197504525273));
#9787 = CARTESIAN_POINT('',(-86.52217302514,-1.778003556007,
    2.197504525273));
#9788 = CARTESIAN_POINT('',(-87.72217546355,-2.33600491745,
    1.500002540005));
#9789 = CARTESIAN_POINT('',(-86.52217302514,-2.33600491745,
    1.500002540005));
#9790 = ADVANCED_FACE('',(#9791),#9796,.T.);
#9791 = FACE_BOUND('',#9792,.T.);
#9792 = EDGE_LOOP('',(#9793,#9794,#9795));
#9793 = ORIENTED_EDGE('',*,*,#9778,.T.);
#9794 = ORIENTED_EDGE('',*,*,#7364,.F.);
#9795 = ORIENTED_EDGE('',*,*,#9730,.F.);
#9796 = B_SPLINE_SURFACE_WITH_KNOTS('',1,1,(
    (#9797,#9798)
    ,(#9799,#9800
    )),.UNSPECIFIED.,.F.,.F.,.F.,(2,2),(2,2),(-134.2125579718,
    -112.2440443718),(-12.57728272407,14.883370435932),
  .PIECEWISE_BEZIER_KNOTS.);
#9797 = CARTESIAN_POINT('',(-86.52217302514,-2.33600491745,
    1.500002540005));
#9798 = CARTESIAN_POINT('',(-86.52217302514,-2.33600491745,
    2.197504525273));
#9799 = CARTESIAN_POINT('',(-86.52217302514,-1.778003556007,
    1.500002540005));
#9800 = CARTESIAN_POINT('',(-86.52217302514,-1.778003556007,
    2.197504525273));
#9801 = ADVANCED_FACE('',(#9802),#9811,.F.);
#9802 = FACE_BOUND('',#9803,.F.);
#9803 = EDGE_LOOP('',(#9804,#9809,#9810));
#9804 = ORIENTED_EDGE('',*,*,#9805,.T.);
#9805 = EDGE_CURVE('',#9737,#7379,#9806,.T.);
#9806 = B_SPLINE_CURVE_WITH_KNOTS('',1,(#9807,#9808),.UNSPECIFIED.,.F.,
  .F.,(2,2),(66.867276945363,126.04578797359),.PIECEWISE_BEZIER_KNOTS.);
#9807 = CARTESIAN_POINT('',(-5.600011379223,-1.778003556007,
    2.673755671323));
#9808 = CARTESIAN_POINT('',(-5.600011379223,-2.717005679451,
    1.500002540005));
#9809 = ORIENTED_EDGE('',*,*,#7378,.F.);
#9810 = ORIENTED_EDGE('',*,*,#9736,.F.);
#9811 = B_SPLINE_SURFACE_WITH_KNOTS('',1,1,(
    (#9812,#9813)
    ,(#9814,#9815
    )),.UNSPECIFIED.,.F.,.F.,.F.,(2,2),(2,2),(-134.2125579718,
    -97.2440443718),(-12.57728272407,33.633378055931),
  .PIECEWISE_BEZIER_KNOTS.);
#9812 = CARTESIAN_POINT('',(-5.600011379223,-2.717005679451,
    1.500002540005));
#9813 = CARTESIAN_POINT('',(-5.600011379223,-2.717005679451,
    2.673755671323));
#9814 = CARTESIAN_POINT('',(-5.600011379223,-1.778003556007,
    1.500002540005));
#9815 = CARTESIAN_POINT('',(-5.600011379223,-1.778003556007,
    2.673755671323));
#9816 = ADVANCED_FACE('',(#9817),#9827,.T.);
#9817 = FACE_BOUND('',#9818,.T.);
#9818 = EDGE_LOOP('',(#9819,#9824,#9825,#9826));
#9819 = ORIENTED_EDGE('',*,*,#9820,.F.);
#9820 = EDGE_CURVE('',#9744,#7386,#9821,.T.);
#9821 = B_SPLINE_CURVE_WITH_KNOTS('',1,(#9822,#9823),.UNSPECIFIED.,.F.,
  .F.,(2,2),(66.867276945363,126.04578797359),.PIECEWISE_BEZIER_KNOTS.);
#9822 = CARTESIAN_POINT('',(-4.400008940818,-1.778003556007,
    2.673755671323));
#9823 = CARTESIAN_POINT('',(-4.400008940818,-2.717005679451,
    1.500002540005));
#9824 = ORIENTED_EDGE('',*,*,#9743,.F.);
#9825 = ORIENTED_EDGE('',*,*,#9805,.T.);
#9826 = ORIENTED_EDGE('',*,*,#7385,.F.);
#9827 = B_SPLINE_SURFACE_WITH_KNOTS('',1,1,(
    (#9828,#9829)
    ,(#9830,#9831
    )),.UNSPECIFIED.,.F.,.F.,.F.,(2,2),(2,2),(66.867276945363,
    126.04578797359),(-47.244096,0.),.PIECEWISE_BEZIER_KNOTS.);
#9828 = CARTESIAN_POINT('',(-5.600011379223,-1.778003556007,
    2.673755671323));
#9829 = CARTESIAN_POINT('',(-4.400008940818,-1.778003556007,
    2.673755671323));
#9830 = CARTESIAN_POINT('',(-5.600011379223,-2.717005679451,
    1.500002540005));
#9831 = CARTESIAN_POINT('',(-4.400008940818,-2.717005679451,
    1.500002540005));
#9832 = ADVANCED_FACE('',(#9833),#9838,.T.);
#9833 = FACE_BOUND('',#9834,.T.);
#9834 = EDGE_LOOP('',(#9835,#9836,#9837));
#9835 = ORIENTED_EDGE('',*,*,#9820,.T.);
#9836 = ORIENTED_EDGE('',*,*,#7392,.F.);
#9837 = ORIENTED_EDGE('',*,*,#9750,.F.);
#9838 = B_SPLINE_SURFACE_WITH_KNOTS('',1,1,(
    (#9839,#9840)
    ,(#9841,#9842
    )),.UNSPECIFIED.,.F.,.F.,.F.,(2,2),(2,2),(-134.2125579718,
    -97.2440443718),(-12.57728272407,33.633378055931),
  .PIECEWISE_BEZIER_KNOTS.);
#9839 = CARTESIAN_POINT('',(-4.400008940818,-2.717005679451,
    1.500002540005));
#9840 = CARTESIAN_POINT('',(-4.400008940818,-2.717005679451,
    2.673755671323));
#9841 = CARTESIAN_POINT('',(-4.400008940818,-1.778003556007,
    1.500002540005));
#9842 = CARTESIAN_POINT('',(-4.400008940818,-1.778003556007,
    2.673755671323));
#9843 = ADVANCED_FACE('',(#9844),#9854,.T.);
#9844 = FACE_BOUND('',#9845,.T.);
#9845 = EDGE_LOOP('',(#9846,#9847,#9848,#9853));
#9846 = ORIENTED_EDGE('',*,*,#7406,.F.);
#9847 = ORIENTED_EDGE('',*,*,#9292,.T.);
#9848 = ORIENTED_EDGE('',*,*,#9849,.T.);
#9849 = EDGE_CURVE('',#9286,#9703,#9850,.T.);
#9850 = B_SPLINE_CURVE_WITH_KNOTS('',1,(#9851,#9852),.UNSPECIFIED.,.F.,
  .F.,(2,2),(0.,60.),.PIECEWISE_BEZIER_KNOTS.);
#9851 = CARTESIAN_POINT('',(0.127000254001,-0.254000508001,15.));
#9852 = CARTESIAN_POINT('',(0.127000254001,-1.778003556007,15.));
#9853 = ORIENTED_EDGE('',*,*,#9702,.F.);
#9854 = B_SPLINE_SURFACE_WITH_KNOTS('',1,1,(
    (#9855,#9856)
    ,(#9857,#9858
    )),.UNSPECIFIED.,.F.,.F.,.F.,(2,2),(2,2),(0.,60.),(-590.55,-59.0551)
  ,.PIECEWISE_BEZIER_KNOTS.);
#9855 = CARTESIAN_POINT('',(0.127000254001,-0.254000508001,15.));
#9856 = CARTESIAN_POINT('',(0.127000254001,-0.254000508001,
    1.500002540005));
#9857 = CARTESIAN_POINT('',(0.127000254001,-1.778003556007,15.));
#9858 = CARTESIAN_POINT('',(0.127000254001,-1.778003556007,
    1.500002540005));
#9859 = ADVANCED_FACE('',(#9860),#9870,.T.);
#9860 = FACE_BOUND('',#9861,.T.);
#9861 = EDGE_LOOP('',(#9862,#9863,#9864,#9865));
#9862 = ORIENTED_EDGE('',*,*,#9298,.F.);
#9863 = ORIENTED_EDGE('',*,*,#7420,.F.);
#9864 = ORIENTED_EDGE('',*,*,#9110,.T.);
#9865 = ORIENTED_EDGE('',*,*,#9866,.T.);
#9866 = EDGE_CURVE('',#9103,#9299,#9867,.T.);
#9867 = B_SPLINE_CURVE_WITH_KNOTS('',1,(#9868,#9869),.UNSPECIFIED.,.F.,
  .F.,(2,2),(47.311457242032,149.881888),.PIECEWISE_BEZIER_KNOTS.);
#9868 = CARTESIAN_POINT('',(-4.400008940818,2.35129364384,4.000008636017
    ));
#9869 = CARTESIAN_POINT('',(-4.400008940818,-0.254000508001,
    4.000008636017));
#9870 = B_SPLINE_SURFACE_WITH_KNOTS('',1,1,(
    (#9871,#9872)
    ,(#9873,#9874
    )),.UNSPECIFIED.,.F.,.F.,.F.,(2,2),(2,2),(-37.2440443718,
    65.326386386163),(-12.57728272407,85.847957275927),
  .PIECEWISE_BEZIER_KNOTS.);
#9871 = CARTESIAN_POINT('',(-4.400008940818,-0.254000508001,
    1.500002540005));
#9872 = CARTESIAN_POINT('',(-4.400008940818,-0.254000508001,
    4.000008636017));
#9873 = CARTESIAN_POINT('',(-4.400008940818,2.35129364384,1.500002540005
    ));
#9874 = CARTESIAN_POINT('',(-4.400008940818,2.35129364384,4.000008636017
    ));
#9875 = ADVANCED_FACE('',(#9876),#9899,.T.);
#9876 = FACE_BOUND('',#9877,.T.);
#9877 = EDGE_LOOP('',(#9878,#9879,#9880,#9887,#9894));
#9878 = ORIENTED_EDGE('',*,*,#8710,.F.);
#9879 = ORIENTED_EDGE('',*,*,#7448,.F.);
#9880 = ORIENTED_EDGE('',*,*,#9881,.T.);
#9881 = EDGE_CURVE('',#7449,#9882,#9884,.T.);
#9882 = VERTEX_POINT('',#9883);
#9883 = CARTESIAN_POINT('',(-18.90003683007,-24.53994676822,
    6.00001016002));
#9884 = B_SPLINE_CURVE_WITH_KNOTS('',1,(#9885,#9886),.UNSPECIFIED.,.F.,
  .F.,(2,2),(59.0551,236.2204),.PIECEWISE_BEZIER_KNOTS.);
#9885 = CARTESIAN_POINT('',(-18.90003683007,-24.53994676822,
    1.500002540005));
#9886 = CARTESIAN_POINT('',(-18.90003683007,-24.53994676822,
    6.00001016002));
#9887 = ORIENTED_EDGE('',*,*,#9888,.T.);
#9888 = EDGE_CURVE('',#9882,#9889,#9891,.T.);
#9889 = VERTEX_POINT('',#9890);
#9890 = CARTESIAN_POINT('',(-18.90003683007,-27.6245504191,6.00001016002
    ));
#9891 = B_SPLINE_CURVE_WITH_KNOTS('',1,(#9892,#9893),.UNSPECIFIED.,.F.,
  .F.,(2,2),(46.669354265042,168.1102),.PIECEWISE_BEZIER_KNOTS.);
#9892 = CARTESIAN_POINT('',(-18.90003683007,-24.53994676822,
    6.00001016002));
#9893 = CARTESIAN_POINT('',(-18.90003683007,-27.6245504191,6.00001016002
    ));
#9894 = ORIENTED_EDGE('',*,*,#9895,.T.);
#9895 = EDGE_CURVE('',#9889,#8704,#9896,.T.);
#9896 = B_SPLINE_CURVE_WITH_KNOTS('',1,(#9897,#9898),.UNSPECIFIED.,.F.,
  .F.,(2,2),(0.,179.48028703516),.PIECEWISE_BEZIER_KNOTS.);
#9897 = CARTESIAN_POINT('',(-18.90003683007,-27.6245504191,6.00001016002
    ));
#9898 = CARTESIAN_POINT('',(-18.90003683007,-29.47605918211,
    1.834118970353));
#9899 = B_SPLINE_SURFACE_WITH_KNOTS('',1,1,(
    (#9900,#9901)
    ,(#9902,#9903
    )),.UNSPECIFIED.,.F.,.F.,.F.,(2,2),(2,2),(-131.0606320975,
    63.274113637365),(-49.31446136773,127.85083863226),
  .PIECEWISE_BEZIER_KNOTS.);
#9900 = CARTESIAN_POINT('',(-18.90003683007,-29.47605918211,
    1.500002540005));
#9901 = CARTESIAN_POINT('',(-18.90003683007,-29.47605918211,
    6.00001016002));
#9902 = CARTESIAN_POINT('',(-18.90003683007,-24.53994676822,
    1.500002540005));
#9903 = CARTESIAN_POINT('',(-18.90003683007,-24.53994676822,
    6.00001016002));
#9904 = ADVANCED_FACE('',(#9905),#10011,.T.);
#9905 = FACE_BOUND('',#9906,.T.);
#9906 = EDGE_LOOP('',(#9907,#9917,#9924,#9934,#9935,#9943,#9948,#9949,
    #9956,#9964,#9969,#9970,#9977,#9985,#9990,#9991,#9998,#10004,#10005,
    #10006));
#9907 = ORIENTED_EDGE('',*,*,#9908,.T.);
#9908 = EDGE_CURVE('',#9909,#9911,#9913,.T.);
#9909 = VERTEX_POINT('',#9910);
#9910 = CARTESIAN_POINT('',(-17.41463286093,-23.05454279908,
    6.00001016002));
#9911 = VERTEX_POINT('',#9912);
#9912 = CARTESIAN_POINT('',(-17.33003429006,-22.45454152908,
    6.00001016002));
#9913 = ( BOUNDED_CURVE() B_SPLINE_CURVE(2,(#9914,#9915,#9916),
.UNSPECIFIED.,.F.,.F.) B_SPLINE_CURVE_WITH_KNOTS((3,3),(6.003037396772,
6.28318530718),.PIECEWISE_BEZIER_KNOTS.) CURVE() 
GEOMETRIC_REPRESENTATION_ITEM() RATIONAL_B_SPLINE_CURVE((1.,
0.990205673565,1.)) REPRESENTATION_ITEM('') );
#9914 = CARTESIAN_POINT('',(-17.41463286093,-23.05454279908,
    6.00001016002));
#9915 = CARTESIAN_POINT('',(-17.33003429006,-22.76050624995,
    6.00001016002));
#9916 = CARTESIAN_POINT('',(-17.33003429006,-22.45454152908,
    6.00001016002));
#9917 = ORIENTED_EDGE('',*,*,#9918,.T.);
#9918 = EDGE_CURVE('',#9911,#9919,#9921,.T.);
#9919 = VERTEX_POINT('',#9920);
#9920 = CARTESIAN_POINT('',(-17.33003429006,-22.45454152908,
    8.00001524003));
#9921 = B_SPLINE_CURVE_WITH_KNOTS('',1,(#9922,#9923),.UNSPECIFIED.,.F.,
  .F.,(2,2),(236.2204,314.9606),.PIECEWISE_BEZIER_KNOTS.);
#9922 = CARTESIAN_POINT('',(-17.33003429006,-22.45454152908,
    6.00001016002));
#9923 = CARTESIAN_POINT('',(-17.33003429006,-22.45454152908,
    8.00001524003));
#9924 = ORIENTED_EDGE('',*,*,#9925,.F.);
#9925 = EDGE_CURVE('',#9919,#9919,#9926,.T.);
#9926 = ( BOUNDED_CURVE() B_SPLINE_CURVE(2,(#9927,#9928,#9929,#9930,
#9931,#9932,#9933),.UNSPECIFIED.,.T.,.F.) B_SPLINE_CURVE_WITH_KNOTS((1,2
    ,2,2,2,1),(-2.094395102394,0.,2.094395102393,4.188790204786,
6.28318530718,8.377580409573),.UNSPECIFIED.) CURVE() 
GEOMETRIC_REPRESENTATION_ITEM() RATIONAL_B_SPLINE_CURVE((1.,0.5,1.,0.5,
1.,0.5,1.)) REPRESENTATION_ITEM('') );
#9927 = CARTESIAN_POINT('',(-17.33003429006,-22.45454152908,
    8.00001524003));
#9928 = CARTESIAN_POINT('',(-17.33003429006,-18.69598467753,
    8.00001524003));
#9929 = CARTESIAN_POINT('',(-20.58504000508,-20.5752631033,8.00001524003
    ));
#9930 = CARTESIAN_POINT('',(-23.84004572009,-22.45454152908,
    8.00001524003));
#9931 = CARTESIAN_POINT('',(-20.58504000508,-24.33381995485,
    8.00001524003));
#9932 = CARTESIAN_POINT('',(-17.33003429006,-26.21309838063,
    8.00001524003));
#9933 = CARTESIAN_POINT('',(-17.33003429006,-22.45454152908,
    8.00001524003));
#9934 = ORIENTED_EDGE('',*,*,#9918,.F.);
#9935 = ORIENTED_EDGE('',*,*,#9936,.T.);
#9936 = EDGE_CURVE('',#9911,#9937,#9939,.T.);
#9937 = VERTEX_POINT('',#9938);
#9938 = CARTESIAN_POINT('',(-17.41463286093,-21.85454025908,
    6.00001016002));
#9939 = ( BOUNDED_CURVE() B_SPLINE_CURVE(2,(#9940,#9941,#9942),
.UNSPECIFIED.,.F.,.F.) B_SPLINE_CURVE_WITH_KNOTS((3,3),(0.,
0.280147910408),.PIECEWISE_BEZIER_KNOTS.) CURVE() 
GEOMETRIC_REPRESENTATION_ITEM() RATIONAL_B_SPLINE_CURVE((1.,
0.990205673565,1.)) REPRESENTATION_ITEM('') );
#9940 = CARTESIAN_POINT('',(-17.33003429006,-22.45454152908,
    6.00001016002));
#9941 = CARTESIAN_POINT('',(-17.33003429006,-22.14857680821,
    6.00001016002));
#9942 = CARTESIAN_POINT('',(-17.41463286093,-21.85454025908,
    6.00001016002));
#9943 = ORIENTED_EDGE('',*,*,#9944,.F.);
#9944 = EDGE_CURVE('',#7478,#9937,#9945,.T.);
#9945 = B_SPLINE_CURVE_WITH_KNOTS('',1,(#9946,#9947),.UNSPECIFIED.,.F.,
  .F.,(2,2),(59.0551,236.2204),.PIECEWISE_BEZIER_KNOTS.);
#9946 = CARTESIAN_POINT('',(-17.41463286093,-21.85454025908,
    1.500002540005));
#9947 = CARTESIAN_POINT('',(-17.41463286093,-21.85454025908,
    6.00001016002));
#9948 = ORIENTED_EDGE('',*,*,#7484,.T.);
#9949 = ORIENTED_EDGE('',*,*,#9950,.T.);
#9950 = EDGE_CURVE('',#7485,#9951,#9953,.T.);
#9951 = VERTEX_POINT('',#9952);
#9952 = CARTESIAN_POINT('',(-18.90003683007,-20.36913628994,
    6.00001016002));
#9953 = B_SPLINE_CURVE_WITH_KNOTS('',1,(#9954,#9955),.UNSPECIFIED.,.F.,
  .F.,(2,2),(59.0551,236.2204),.PIECEWISE_BEZIER_KNOTS.);
#9954 = CARTESIAN_POINT('',(-18.90003683007,-20.36913628994,
    1.500002540005));
#9955 = CARTESIAN_POINT('',(-18.90003683007,-20.36913628994,
    6.00001016002));
#9956 = ORIENTED_EDGE('',*,*,#9957,.T.);
#9957 = EDGE_CURVE('',#9951,#9958,#9960,.T.);
#9958 = VERTEX_POINT('',#9959);
#9959 = CARTESIAN_POINT('',(-20.10003937007,-20.36913628994,
    6.00001016002));
#9960 = ( BOUNDED_CURVE() B_SPLINE_CURVE(2,(#9961,#9962,#9963),
.UNSPECIFIED.,.F.,.F.) B_SPLINE_CURVE_WITH_KNOTS((3,3),(1.290648416387,
1.850944237203),.PIECEWISE_BEZIER_KNOTS.) CURVE() 
GEOMETRIC_REPRESENTATION_ITEM() RATIONAL_B_SPLINE_CURVE((1.,
0.961014551922,1.)) REPRESENTATION_ITEM('') );
#9961 = CARTESIAN_POINT('',(-18.90003683007,-20.36913628994,
    6.00001016002));
#9962 = CARTESIAN_POINT('',(-19.50003810007,-20.19650724056,
    6.00001016002));
#9963 = CARTESIAN_POINT('',(-20.10003937007,-20.36913628994,
    6.00001016002));
#9964 = ORIENTED_EDGE('',*,*,#9965,.F.);
#9965 = EDGE_CURVE('',#7595,#9958,#9966,.T.);
#9966 = B_SPLINE_CURVE_WITH_KNOTS('',1,(#9967,#9968),.UNSPECIFIED.,.F.,
  .F.,(2,2),(59.0551,236.2204),.PIECEWISE_BEZIER_KNOTS.);
#9967 = CARTESIAN_POINT('',(-20.10003937007,-20.36913628994,
    1.500002540005));
#9968 = CARTESIAN_POINT('',(-20.10003937007,-20.36913628994,
    6.00001016002));
#9969 = ORIENTED_EDGE('',*,*,#7601,.T.);
#9970 = ORIENTED_EDGE('',*,*,#9971,.T.);
#9971 = EDGE_CURVE('',#7602,#9972,#9974,.T.);
#9972 = VERTEX_POINT('',#9973);
#9973 = CARTESIAN_POINT('',(-21.58544333921,-21.85454025908,
    6.00001016002));
#9974 = B_SPLINE_CURVE_WITH_KNOTS('',1,(#9975,#9976),.UNSPECIFIED.,.F.,
  .F.,(2,2),(59.0551,236.2204),.PIECEWISE_BEZIER_KNOTS.);
#9975 = CARTESIAN_POINT('',(-21.58544333921,-21.85454025908,
    1.500002540005));
#9976 = CARTESIAN_POINT('',(-21.58544333921,-21.85454025908,
    6.00001016002));
#9977 = ORIENTED_EDGE('',*,*,#9978,.T.);
#9978 = EDGE_CURVE('',#9972,#9979,#9981,.T.);
#9979 = VERTEX_POINT('',#9980);
#9980 = CARTESIAN_POINT('',(-21.58544333921,-23.05454279908,
    6.00001016002));
#9981 = ( BOUNDED_CURVE() B_SPLINE_CURVE(2,(#9982,#9983,#9984),
.UNSPECIFIED.,.F.,.F.) B_SPLINE_CURVE_WITH_KNOTS((3,3),(2.861444743182,
3.421740563997),.PIECEWISE_BEZIER_KNOTS.) CURVE() 
GEOMETRIC_REPRESENTATION_ITEM() RATIONAL_B_SPLINE_CURVE((1.,
0.961014551922,1.)) REPRESENTATION_ITEM('') );
#9982 = CARTESIAN_POINT('',(-21.58544333921,-21.85454025908,
    6.00001016002));
#9983 = CARTESIAN_POINT('',(-21.75807238859,-22.45454152908,
    6.00001016002));
#9984 = CARTESIAN_POINT('',(-21.58544333921,-23.05454279908,
    6.00001016002));
#9985 = ORIENTED_EDGE('',*,*,#9986,.F.);
#9986 = EDGE_CURVE('',#7624,#9979,#9987,.T.);
#9987 = B_SPLINE_CURVE_WITH_KNOTS('',1,(#9988,#9989),.UNSPECIFIED.,.F.,
  .F.,(2,2),(59.0551,236.2204),.PIECEWISE_BEZIER_KNOTS.);
#9988 = CARTESIAN_POINT('',(-21.58544333921,-23.05454279908,
    1.500002540005));
#9989 = CARTESIAN_POINT('',(-21.58544333921,-23.05454279908,
    6.00001016002));
#9990 = ORIENTED_EDGE('',*,*,#7630,.T.);
#9991 = ORIENTED_EDGE('',*,*,#9992,.T.);
#9992 = EDGE_CURVE('',#7631,#9993,#9995,.T.);
#9993 = VERTEX_POINT('',#9994);
#9994 = CARTESIAN_POINT('',(-20.10003937007,-24.53994676822,
    6.00001016002));
#9995 = B_SPLINE_CURVE_WITH_KNOTS('',1,(#9996,#9997),.UNSPECIFIED.,.F.,
  .F.,(2,2),(59.0551,236.2204),.PIECEWISE_BEZIER_KNOTS.);
#9996 = CARTESIAN_POINT('',(-20.10003937007,-24.53994676822,
    1.500002540005));
#9997 = CARTESIAN_POINT('',(-20.10003937007,-24.53994676822,
    6.00001016002));
#9998 = ORIENTED_EDGE('',*,*,#9999,.T.);
#9999 = EDGE_CURVE('',#9993,#9882,#10000,.T.);
#10000 = ( BOUNDED_CURVE() B_SPLINE_CURVE(2,(#10001,#10002,#10003),
.UNSPECIFIED.,.F.,.F.) B_SPLINE_CURVE_WITH_KNOTS((3,3),(4.432241069977,
4.992536890792),.PIECEWISE_BEZIER_KNOTS.) CURVE() 
GEOMETRIC_REPRESENTATION_ITEM() RATIONAL_B_SPLINE_CURVE((1.,
0.961014551922,1.)) REPRESENTATION_ITEM('') );
#10001 = CARTESIAN_POINT('',(-20.10003937007,-24.53994676822,
    6.00001016002));
#10002 = CARTESIAN_POINT('',(-19.50003810007,-24.7125758176,
    6.00001016002));
#10003 = CARTESIAN_POINT('',(-18.90003683007,-24.53994676822,
    6.00001016002));
#10004 = ORIENTED_EDGE('',*,*,#9881,.F.);
#10005 = ORIENTED_EDGE('',*,*,#7455,.T.);
#10006 = ORIENTED_EDGE('',*,*,#10007,.T.);
#10007 = EDGE_CURVE('',#7456,#9909,#10008,.T.);
#10008 = B_SPLINE_CURVE_WITH_KNOTS('',1,(#10009,#10010),.UNSPECIFIED.,
  .F.,.F.,(2,2),(59.0551,236.2204),.PIECEWISE_BEZIER_KNOTS.);
#10009 = CARTESIAN_POINT('',(-17.41463286093,-23.05454279908,
    1.500002540005));
#10010 = CARTESIAN_POINT('',(-17.41463286093,-23.05454279908,
    6.00001016002));
#10011 = ( BOUNDED_SURFACE() B_SPLINE_SURFACE(2,1,(
    (#10012,#10013)
    ,(#10014,#10015)
    ,(#10016,#10017)
    ,(#10018,#10019)
    ,(#10020,#10021)
    ,(#10022,#10023)
    ,(#10024,#10025
)),.UNSPECIFIED.,.T.,.F.,.F.) B_SPLINE_SURFACE_WITH_KNOTS((1,2,2,2,2,1),
  (2,2),(-2.094395102394,0.,2.094395102393,4.188790204786,6.28318530718,
    8.377580409573),(59.0551,314.9606),.UNSPECIFIED.) 
GEOMETRIC_REPRESENTATION_ITEM() RATIONAL_B_SPLINE_SURFACE((
    (1.,1.)
    ,(0.5,0.5)
    ,(1.,1.)
    ,(0.5,0.5)
    ,(1.,1.)
    ,(0.5,0.5)
,(1.,1.))) REPRESENTATION_ITEM('') SURFACE() );
#10012 = CARTESIAN_POINT('',(-17.33003429006,-22.45454152908,
    1.500002540005));
#10013 = CARTESIAN_POINT('',(-17.33003429006,-22.45454152908,
    8.00001524003));
#10014 = CARTESIAN_POINT('',(-17.33003429006,-18.69598467753,
    1.500002540005));
#10015 = CARTESIAN_POINT('',(-17.33003429006,-18.69598467753,
    8.00001524003));
#10016 = CARTESIAN_POINT('',(-20.58504000508,-20.5752631033,
    1.500002540005));
#10017 = CARTESIAN_POINT('',(-20.58504000508,-20.5752631033,
    8.00001524003));
#10018 = CARTESIAN_POINT('',(-23.84004572009,-22.45454152908,
    1.500002540005));
#10019 = CARTESIAN_POINT('',(-23.84004572009,-22.45454152908,
    8.00001524003));
#10020 = CARTESIAN_POINT('',(-20.58504000508,-24.33381995485,
    1.500002540005));
#10021 = CARTESIAN_POINT('',(-20.58504000508,-24.33381995485,
    8.00001524003));
#10022 = CARTESIAN_POINT('',(-17.33003429006,-26.21309838063,
    1.500002540005));
#10023 = CARTESIAN_POINT('',(-17.33003429006,-26.21309838063,
    8.00001524003));
#10024 = CARTESIAN_POINT('',(-17.33003429006,-22.45454152908,
    1.500002540005));
#10025 = CARTESIAN_POINT('',(-17.33003429006,-22.45454152908,
    8.00001524003));
#10026 = ADVANCED_FACE('',(#10027),#10043,.F.);
#10027 = FACE_BOUND('',#10028,.F.);
#10028 = EDGE_LOOP('',(#10029,#10036,#10037,#10038));
#10029 = ORIENTED_EDGE('',*,*,#10030,.T.);
#10030 = EDGE_CURVE('',#10031,#7464,#10033,.T.);
#10031 = VERTEX_POINT('',#10032);
#10032 = CARTESIAN_POINT('',(-14.33002921005,-23.05454279908,
    6.00001016002));
#10033 = B_SPLINE_CURVE_WITH_KNOTS('',1,(#10034,#10035),.UNSPECIFIED.,
  .F.,.F.,(2,2),(0.,193.87512119952),.PIECEWISE_BEZIER_KNOTS.);
#10034 = CARTESIAN_POINT('',(-14.33002921005,-23.05454279908,
    6.00001016002));
#10035 = CARTESIAN_POINT('',(-12.33002413004,-23.05454279908,
    1.500002540005));
#10036 = ORIENTED_EDGE('',*,*,#7463,.F.);
#10037 = ORIENTED_EDGE('',*,*,#10007,.T.);
#10038 = ORIENTED_EDGE('',*,*,#10039,.T.);
#10039 = EDGE_CURVE('',#9909,#10031,#10040,.T.);
#10040 = B_SPLINE_CURVE_WITH_KNOTS('',1,(#10041,#10042),.UNSPECIFIED.,
  .F.,.F.,(2,2),(46.669354265042,168.1102),.PIECEWISE_BEZIER_KNOTS.);
#10041 = CARTESIAN_POINT('',(-17.41463286093,-23.05454279908,
    6.00001016002));
#10042 = CARTESIAN_POINT('',(-14.33002921005,-23.05454279908,
    6.00001016002));
#10043 = B_SPLINE_SURFACE_WITH_KNOTS('',1,1,(
    (#10044,#10045)
    ,(#10046,#10047
    )),.UNSPECIFIED.,.F.,.F.,.F.,(2,2),(2,2),(-136.9069320975,
    63.274113637366),(-49.31446136773,127.85083863226),
  .PIECEWISE_BEZIER_KNOTS.);
#10044 = CARTESIAN_POINT('',(-12.33002413004,-23.05454279908,
    1.500002540005));
#10045 = CARTESIAN_POINT('',(-12.33002413004,-23.05454279908,
    6.00001016002));
#10046 = CARTESIAN_POINT('',(-17.41463286093,-23.05454279908,
    1.500002540005));
#10047 = CARTESIAN_POINT('',(-17.41463286093,-23.05454279908,
    6.00001016002));
#10048 = ADVANCED_FACE('',(#10049),#10065,.T.);
#10049 = FACE_BOUND('',#10050,.T.);
#10050 = EDGE_LOOP('',(#10051,#10058,#10059,#10060));
#10051 = ORIENTED_EDGE('',*,*,#10052,.T.);
#10052 = EDGE_CURVE('',#10053,#10031,#10055,.T.);
#10053 = VERTEX_POINT('',#10054);
#10054 = CARTESIAN_POINT('',(-14.33002921005,-21.85454025908,
    6.00001016002));
#10055 = B_SPLINE_CURVE_WITH_KNOTS('',1,(#10056,#10057),.UNSPECIFIED.,
  .F.,.F.,(2,2),(0.,47.2441),.PIECEWISE_BEZIER_KNOTS.);
#10056 = CARTESIAN_POINT('',(-14.33002921005,-21.85454025908,
    6.00001016002));
#10057 = CARTESIAN_POINT('',(-14.33002921005,-23.05454279908,
    6.00001016002));
#10058 = ORIENTED_EDGE('',*,*,#10030,.T.);
#10059 = ORIENTED_EDGE('',*,*,#7470,.F.);
#10060 = ORIENTED_EDGE('',*,*,#10061,.F.);
#10061 = EDGE_CURVE('',#10053,#7471,#10062,.T.);
#10062 = B_SPLINE_CURVE_WITH_KNOTS('',1,(#10063,#10064),.UNSPECIFIED.,
  .F.,.F.,(2,2),(0.,193.87512119952),.PIECEWISE_BEZIER_KNOTS.);
#10063 = CARTESIAN_POINT('',(-14.33002921005,-21.85454025908,
    6.00001016002));
#10064 = CARTESIAN_POINT('',(-12.33002413004,-21.85454025908,
    1.500002540005));
#10065 = B_SPLINE_SURFACE_WITH_KNOTS('',1,1,(
    (#10066,#10067)
    ,(#10068,#10069
    )),.UNSPECIFIED.,.F.,.F.,.F.,(2,2),(2,2),(0.,193.87512119952),(
    -47.2441,0.),.PIECEWISE_BEZIER_KNOTS.);
#10066 = CARTESIAN_POINT('',(-14.33002921005,-23.05454279908,
    6.00001016002));
#10067 = CARTESIAN_POINT('',(-14.33002921005,-21.85454025908,
    6.00001016002));
#10068 = CARTESIAN_POINT('',(-12.33002413004,-23.05454279908,
    1.500002540005));
#10069 = CARTESIAN_POINT('',(-12.33002413004,-21.85454025908,
    1.500002540005));
#10070 = ADVANCED_FACE('',(#10071),#10081,.T.);
#10071 = FACE_BOUND('',#10072,.T.);
#10072 = EDGE_LOOP('',(#10073,#10074,#10075,#10076));
#10073 = ORIENTED_EDGE('',*,*,#10061,.T.);
#10074 = ORIENTED_EDGE('',*,*,#7477,.F.);
#10075 = ORIENTED_EDGE('',*,*,#9944,.T.);
#10076 = ORIENTED_EDGE('',*,*,#10077,.T.);
#10077 = EDGE_CURVE('',#9937,#10053,#10078,.T.);
#10078 = B_SPLINE_CURVE_WITH_KNOTS('',1,(#10079,#10080),.UNSPECIFIED.,
  .F.,.F.,(2,2),(46.669354265039,168.1102),.PIECEWISE_BEZIER_KNOTS.);
#10079 = CARTESIAN_POINT('',(-17.41463286093,-21.85454025908,
    6.00001016002));
#10080 = CARTESIAN_POINT('',(-14.33002921005,-21.85454025908,
    6.00001016002));
#10081 = B_SPLINE_SURFACE_WITH_KNOTS('',1,1,(
    (#10082,#10083)
    ,(#10084,#10085
    )),.UNSPECIFIED.,.F.,.F.,.F.,(2,2),(2,2),(-136.9069320975,
    63.274113637366),(-49.31446136773,127.85083863226),
  .PIECEWISE_BEZIER_KNOTS.);
#10082 = CARTESIAN_POINT('',(-12.33002413004,-21.85454025908,
    1.500002540005));
#10083 = CARTESIAN_POINT('',(-12.33002413004,-21.85454025908,
    6.00001016002));
#10084 = CARTESIAN_POINT('',(-17.41463286093,-21.85454025908,
    1.500002540005));
#10085 = CARTESIAN_POINT('',(-17.41463286093,-21.85454025908,
    6.00001016002));
#10086 = ADVANCED_FACE('',(#10087),#10124,.T.);
#10087 = FACE_BOUND('',#10088,.T.);
#10088 = EDGE_LOOP('',(#10089,#10090,#10097,#10104,#10111,#10118,#10123)
  );
#10089 = ORIENTED_EDGE('',*,*,#7492,.F.);
#10090 = ORIENTED_EDGE('',*,*,#10091,.T.);
#10091 = EDGE_CURVE('',#7493,#10092,#10094,.T.);
#10092 = VERTEX_POINT('',#10093);
#10093 = CARTESIAN_POINT('',(-18.90003683007,-11.22942352717,
    6.00001016002));
#10094 = B_SPLINE_CURVE_WITH_KNOTS('',1,(#10095,#10096),.UNSPECIFIED.,
  .F.,.F.,(2,2),(59.0551,236.2204),.PIECEWISE_BEZIER_KNOTS.);
#10095 = CARTESIAN_POINT('',(-18.90003683007,-11.22942352717,
    1.500002540005));
#10096 = CARTESIAN_POINT('',(-18.90003683007,-11.22942352717,
    6.00001016002));
#10097 = ORIENTED_EDGE('',*,*,#10098,.T.);
#10098 = EDGE_CURVE('',#10092,#10099,#10101,.T.);
#10099 = VERTEX_POINT('',#10100);
#10100 = CARTESIAN_POINT('',(-18.90003683007,-14.31402717805,
    6.00001016002));
#10101 = B_SPLINE_CURVE_WITH_KNOTS('',1,(#10102,#10103),.UNSPECIFIED.,
  .F.,.F.,(2,2),(46.669354265039,168.1102),.PIECEWISE_BEZIER_KNOTS.);
#10102 = CARTESIAN_POINT('',(-18.90003683007,-11.22942352717,
    6.00001016002));
#10103 = CARTESIAN_POINT('',(-18.90003683007,-14.31402717805,
    6.00001016002));
#10104 = ORIENTED_EDGE('',*,*,#10105,.T.);
#10105 = EDGE_CURVE('',#10099,#10106,#10108,.T.);
#10106 = VERTEX_POINT('',#10107);
#10107 = CARTESIAN_POINT('',(-18.90003683007,-15.79927990856,
    2.658194345788));
#10108 = B_SPLINE_CURVE_WITH_KNOTS('',1,(#10109,#10110),.UNSPECIFIED.,
  .F.,.F.,(2,2),(0.,143.97641086852),.PIECEWISE_BEZIER_KNOTS.);
#10109 = CARTESIAN_POINT('',(-18.90003683007,-14.31402717805,
    6.00001016002));
#10110 = CARTESIAN_POINT('',(-18.90003683007,-15.79927990856,
    2.658194345788));
#10111 = ORIENTED_EDGE('',*,*,#10112,.F.);
#10112 = EDGE_CURVE('',#10113,#10106,#10115,.T.);
#10113 = VERTEX_POINT('',#10114);
#10114 = CARTESIAN_POINT('',(-18.90003683007,-17.28453263906,
    6.00001016002));
#10115 = B_SPLINE_CURVE_WITH_KNOTS('',1,(#10116,#10117),.UNSPECIFIED.,
  .F.,.F.,(2,2),(0.,143.97641086852),.PIECEWISE_BEZIER_KNOTS.);
#10116 = CARTESIAN_POINT('',(-18.90003683007,-17.28453263906,
    6.00001016002));
#10117 = CARTESIAN_POINT('',(-18.90003683007,-15.79927990856,
    2.658194345788));
#10118 = ORIENTED_EDGE('',*,*,#10119,.F.);
#10119 = EDGE_CURVE('',#9951,#10113,#10120,.T.);
#10120 = B_SPLINE_CURVE_WITH_KNOTS('',1,(#10121,#10122),.UNSPECIFIED.,
  .F.,.F.,(2,2),(46.669354265042,168.1102),.PIECEWISE_BEZIER_KNOTS.);
#10121 = CARTESIAN_POINT('',(-18.90003683007,-20.36913628994,
    6.00001016002));
#10122 = CARTESIAN_POINT('',(-18.90003683007,-17.28453263906,
    6.00001016002));
#10123 = ORIENTED_EDGE('',*,*,#9950,.F.);
#10124 = B_SPLINE_SURFACE_WITH_KNOTS('',1,1,(
    (#10125,#10126)
    ,(#10127,#10128
    )),.UNSPECIFIED.,.F.,.F.,.F.,(2,2),(2,2),(-296.5563778325,
    63.274113637366),(-49.31446136773,127.85083863226),
  .PIECEWISE_BEZIER_KNOTS.);
#10125 = CARTESIAN_POINT('',(-18.90003683007,-20.36913628994,
    1.500002540005));
#10126 = CARTESIAN_POINT('',(-18.90003683007,-20.36913628994,
    6.00001016002));
#10127 = CARTESIAN_POINT('',(-18.90003683007,-11.22942352717,
    1.500002540005));
#10128 = CARTESIAN_POINT('',(-18.90003683007,-11.22942352717,
    6.00001016002));
#10129 = ADVANCED_FACE('',(#10130),#10236,.T.);
#10130 = FACE_BOUND('',#10131,.T.);
#10131 = EDGE_LOOP('',(#10132,#10142,#10149,#10159,#10160,#10168,#10173,
    #10174,#10181,#10189,#10194,#10195,#10202,#10210,#10215,#10216,
    #10223,#10229,#10230,#10231));
#10132 = ORIENTED_EDGE('',*,*,#10133,.T.);
#10133 = EDGE_CURVE('',#10134,#10136,#10138,.T.);
#10134 = VERTEX_POINT('',#10135);
#10135 = CARTESIAN_POINT('',(-17.41463286093,-9.744019558039,
    6.00001016002));
#10136 = VERTEX_POINT('',#10137);
#10137 = CARTESIAN_POINT('',(-17.33003429006,-9.144018288037,
    6.00001016002));
#10138 = ( BOUNDED_CURVE() B_SPLINE_CURVE(2,(#10139,#10140,#10141),
.UNSPECIFIED.,.F.,.F.) B_SPLINE_CURVE_WITH_KNOTS((3,3),(6.003037396772,
6.28318530718),.PIECEWISE_BEZIER_KNOTS.) CURVE() 
GEOMETRIC_REPRESENTATION_ITEM() RATIONAL_B_SPLINE_CURVE((1.,
0.990205673565,1.)) REPRESENTATION_ITEM('') );
#10139 = CARTESIAN_POINT('',(-17.41463286093,-9.744019558039,
    6.00001016002));
#10140 = CARTESIAN_POINT('',(-17.33003429006,-9.449983008908,
    6.00001016002));
#10141 = CARTESIAN_POINT('',(-17.33003429006,-9.144018288037,
    6.00001016002));
#10142 = ORIENTED_EDGE('',*,*,#10143,.T.);
#10143 = EDGE_CURVE('',#10136,#10144,#10146,.T.);
#10144 = VERTEX_POINT('',#10145);
#10145 = CARTESIAN_POINT('',(-17.33003429006,-9.144018288037,
    8.00001524003));
#10146 = B_SPLINE_CURVE_WITH_KNOTS('',1,(#10147,#10148),.UNSPECIFIED.,
  .F.,.F.,(2,2),(236.2204,314.9606),.PIECEWISE_BEZIER_KNOTS.);
#10147 = CARTESIAN_POINT('',(-17.33003429006,-9.144018288037,
    6.00001016002));
#10148 = CARTESIAN_POINT('',(-17.33003429006,-9.144018288037,
    8.00001524003));
#10149 = ORIENTED_EDGE('',*,*,#10150,.F.);
#10150 = EDGE_CURVE('',#10144,#10144,#10151,.T.);
#10151 = ( BOUNDED_CURVE() B_SPLINE_CURVE(2,(#10152,#10153,#10154,#10155
    ,#10156,#10157,#10158),.UNSPECIFIED.,.T.,.F.) 
B_SPLINE_CURVE_WITH_KNOTS((1,2,2,2,2,1),(-2.094395102394,0.,
    2.094395102393,4.188790204786,6.28318530718,8.377580409573),
.UNSPECIFIED.) CURVE() GEOMETRIC_REPRESENTATION_ITEM() 
RATIONAL_B_SPLINE_CURVE((1.,0.5,1.,0.5,1.,0.5,1.)) REPRESENTATION_ITEM(
  '') );
#10152 = CARTESIAN_POINT('',(-17.33003429006,-9.144018288037,
    8.00001524003));
#10153 = CARTESIAN_POINT('',(-17.33003429006,-5.385461436485,
    8.00001524003));
#10154 = CARTESIAN_POINT('',(-20.58504000508,-7.264739862261,
    8.00001524003));
#10155 = CARTESIAN_POINT('',(-23.84004572009,-9.144018288037,
    8.00001524003));
#10156 = CARTESIAN_POINT('',(-20.58504000508,-11.02329671381,
    8.00001524003));
#10157 = CARTESIAN_POINT('',(-17.33003429006,-12.90257513958,
    8.00001524003));
#10158 = CARTESIAN_POINT('',(-17.33003429006,-9.144018288037,
    8.00001524003));
#10159 = ORIENTED_EDGE('',*,*,#10143,.F.);
#10160 = ORIENTED_EDGE('',*,*,#10161,.T.);
#10161 = EDGE_CURVE('',#10136,#10162,#10164,.T.);
#10162 = VERTEX_POINT('',#10163);
#10163 = CARTESIAN_POINT('',(-17.41463286093,-8.544017018034,
    6.00001016002));
#10164 = ( BOUNDED_CURVE() B_SPLINE_CURVE(2,(#10165,#10166,#10167),
.UNSPECIFIED.,.F.,.F.) B_SPLINE_CURVE_WITH_KNOTS((3,3),(0.,
0.280147910408),.PIECEWISE_BEZIER_KNOTS.) CURVE() 
GEOMETRIC_REPRESENTATION_ITEM() RATIONAL_B_SPLINE_CURVE((1.,
0.990205673565,1.)) REPRESENTATION_ITEM('') );
#10165 = CARTESIAN_POINT('',(-17.33003429006,-9.144018288037,
    6.00001016002));
#10166 = CARTESIAN_POINT('',(-17.33003429006,-8.838053567166,
    6.00001016002));
#10167 = CARTESIAN_POINT('',(-17.41463286093,-8.544017018034,
    6.00001016002));
#10168 = ORIENTED_EDGE('',*,*,#10169,.F.);
#10169 = EDGE_CURVE('',#7522,#10162,#10170,.T.);
#10170 = B_SPLINE_CURVE_WITH_KNOTS('',1,(#10171,#10172),.UNSPECIFIED.,
  .F.,.F.,(2,2),(59.0551,236.2204),.PIECEWISE_BEZIER_KNOTS.);
#10171 = CARTESIAN_POINT('',(-17.41463286093,-8.544017018034,
    1.500002540005));
#10172 = CARTESIAN_POINT('',(-17.41463286093,-8.544017018034,
    6.00001016002));
#10173 = ORIENTED_EDGE('',*,*,#7528,.T.);
#10174 = ORIENTED_EDGE('',*,*,#10175,.T.);
#10175 = EDGE_CURVE('',#7529,#10176,#10178,.T.);
#10176 = VERTEX_POINT('',#10177);
#10177 = CARTESIAN_POINT('',(-18.90003683007,-7.058613048894,
    6.00001016002));
#10178 = B_SPLINE_CURVE_WITH_KNOTS('',1,(#10179,#10180),.UNSPECIFIED.,
  .F.,.F.,(2,2),(59.0551,236.2204),.PIECEWISE_BEZIER_KNOTS.);
#10179 = CARTESIAN_POINT('',(-18.90003683007,-7.058613048894,
    1.500002540005));
#10180 = CARTESIAN_POINT('',(-18.90003683007,-7.058613048894,
    6.00001016002));
#10181 = ORIENTED_EDGE('',*,*,#10182,.T.);
#10182 = EDGE_CURVE('',#10176,#10183,#10185,.T.);
#10183 = VERTEX_POINT('',#10184);
#10184 = CARTESIAN_POINT('',(-20.10003937007,-7.058613048894,
    6.00001016002));
#10185 = ( BOUNDED_CURVE() B_SPLINE_CURVE(2,(#10186,#10187,#10188),
.UNSPECIFIED.,.F.,.F.) B_SPLINE_CURVE_WITH_KNOTS((3,3),(1.290648416387,
1.850944237203),.PIECEWISE_BEZIER_KNOTS.) CURVE() 
GEOMETRIC_REPRESENTATION_ITEM() RATIONAL_B_SPLINE_CURVE((1.,
0.961014551922,1.)) REPRESENTATION_ITEM('') );
#10186 = CARTESIAN_POINT('',(-18.90003683007,-7.058613048894,
    6.00001016002));
#10187 = CARTESIAN_POINT('',(-19.50003810007,-6.885983999514,
    6.00001016002));
#10188 = CARTESIAN_POINT('',(-20.10003937007,-7.058613048894,
    6.00001016002));
#10189 = ORIENTED_EDGE('',*,*,#10190,.F.);
#10190 = EDGE_CURVE('',#7551,#10183,#10191,.T.);
#10191 = B_SPLINE_CURVE_WITH_KNOTS('',1,(#10192,#10193),.UNSPECIFIED.,
  .F.,.F.,(2,2),(59.0551,236.2204),.PIECEWISE_BEZIER_KNOTS.);
#10192 = CARTESIAN_POINT('',(-20.10003937007,-7.058613048894,
    1.500002540005));
#10193 = CARTESIAN_POINT('',(-20.10003937007,-7.058613048894,
    6.00001016002));
#10194 = ORIENTED_EDGE('',*,*,#7557,.T.);
#10195 = ORIENTED_EDGE('',*,*,#10196,.T.);
#10196 = EDGE_CURVE('',#7558,#10197,#10199,.T.);
#10197 = VERTEX_POINT('',#10198);
#10198 = CARTESIAN_POINT('',(-21.58544333921,-8.544017018034,
    6.00001016002));
#10199 = B_SPLINE_CURVE_WITH_KNOTS('',1,(#10200,#10201),.UNSPECIFIED.,
  .F.,.F.,(2,2),(59.0551,236.2204),.PIECEWISE_BEZIER_KNOTS.);
#10200 = CARTESIAN_POINT('',(-21.58544333921,-8.544017018034,
    1.500002540005));
#10201 = CARTESIAN_POINT('',(-21.58544333921,-8.544017018034,
    6.00001016002));
#10202 = ORIENTED_EDGE('',*,*,#10203,.T.);
#10203 = EDGE_CURVE('',#10197,#10204,#10206,.T.);
#10204 = VERTEX_POINT('',#10205);
#10205 = CARTESIAN_POINT('',(-21.58544333921,-9.744019558039,
    6.00001016002));
#10206 = ( BOUNDED_CURVE() B_SPLINE_CURVE(2,(#10207,#10208,#10209),
.UNSPECIFIED.,.F.,.F.) B_SPLINE_CURVE_WITH_KNOTS((3,3),(2.861444743182,
3.421740563997),.PIECEWISE_BEZIER_KNOTS.) CURVE() 
GEOMETRIC_REPRESENTATION_ITEM() RATIONAL_B_SPLINE_CURVE((1.,
0.961014551922,1.)) REPRESENTATION_ITEM('') );
#10207 = CARTESIAN_POINT('',(-21.58544333921,-8.544017018034,
    6.00001016002));
#10208 = CARTESIAN_POINT('',(-21.75807238859,-9.144018288037,
    6.00001016002));
#10209 = CARTESIAN_POINT('',(-21.58544333921,-9.744019558039,
    6.00001016002));
#10210 = ORIENTED_EDGE('',*,*,#10211,.F.);
#10211 = EDGE_CURVE('',#7580,#10204,#10212,.T.);
#10212 = B_SPLINE_CURVE_WITH_KNOTS('',1,(#10213,#10214),.UNSPECIFIED.,
  .F.,.F.,(2,2),(59.0551,236.2204),.PIECEWISE_BEZIER_KNOTS.);
#10213 = CARTESIAN_POINT('',(-21.58544333921,-9.744019558039,
    1.500002540005));
#10214 = CARTESIAN_POINT('',(-21.58544333921,-9.744019558039,
    6.00001016002));
#10215 = ORIENTED_EDGE('',*,*,#7586,.T.);
#10216 = ORIENTED_EDGE('',*,*,#10217,.T.);
#10217 = EDGE_CURVE('',#7587,#10218,#10220,.T.);
#10218 = VERTEX_POINT('',#10219);
#10219 = CARTESIAN_POINT('',(-20.10003937007,-11.22942352717,
    6.00001016002));
#10220 = B_SPLINE_CURVE_WITH_KNOTS('',1,(#10221,#10222),.UNSPECIFIED.,
  .F.,.F.,(2,2),(59.0551,236.2204),.PIECEWISE_BEZIER_KNOTS.);
#10221 = CARTESIAN_POINT('',(-20.10003937007,-11.22942352717,
    1.500002540005));
#10222 = CARTESIAN_POINT('',(-20.10003937007,-11.22942352717,
    6.00001016002));
#10223 = ORIENTED_EDGE('',*,*,#10224,.T.);
#10224 = EDGE_CURVE('',#10218,#10092,#10225,.T.);
#10225 = ( BOUNDED_CURVE() B_SPLINE_CURVE(2,(#10226,#10227,#10228),
.UNSPECIFIED.,.F.,.F.) B_SPLINE_CURVE_WITH_KNOTS((3,3),(4.432241069977,
4.992536890792),.PIECEWISE_BEZIER_KNOTS.) CURVE() 
GEOMETRIC_REPRESENTATION_ITEM() RATIONAL_B_SPLINE_CURVE((1.,
0.961014551922,1.)) REPRESENTATION_ITEM('') );
#10226 = CARTESIAN_POINT('',(-20.10003937007,-11.22942352717,
    6.00001016002));
#10227 = CARTESIAN_POINT('',(-19.50003810007,-11.40205257655,
    6.00001016002));
#10228 = CARTESIAN_POINT('',(-18.90003683007,-11.22942352717,
    6.00001016002));
#10229 = ORIENTED_EDGE('',*,*,#10091,.F.);
#10230 = ORIENTED_EDGE('',*,*,#7499,.T.);
#10231 = ORIENTED_EDGE('',*,*,#10232,.T.);
#10232 = EDGE_CURVE('',#7500,#10134,#10233,.T.);
#10233 = B_SPLINE_CURVE_WITH_KNOTS('',1,(#10234,#10235),.UNSPECIFIED.,
  .F.,.F.,(2,2),(59.0551,236.2204),.PIECEWISE_BEZIER_KNOTS.);
#10234 = CARTESIAN_POINT('',(-17.41463286093,-9.744019558039,
    1.500002540005));
#10235 = CARTESIAN_POINT('',(-17.41463286093,-9.744019558039,
    6.00001016002));
#10236 = ( BOUNDED_SURFACE() B_SPLINE_SURFACE(2,1,(
    (#10237,#10238)
    ,(#10239,#10240)
    ,(#10241,#10242)
    ,(#10243,#10244)
    ,(#10245,#10246)
    ,(#10247,#10248)
    ,(#10249,#10250
)),.UNSPECIFIED.,.T.,.F.,.F.) B_SPLINE_SURFACE_WITH_KNOTS((1,2,2,2,2,1),
  (2,2),(-2.094395102394,0.,2.094395102393,4.188790204786,6.28318530718,
    8.377580409573),(59.0551,314.9606),.UNSPECIFIED.) 
GEOMETRIC_REPRESENTATION_ITEM() RATIONAL_B_SPLINE_SURFACE((
    (1.,1.)
    ,(0.5,0.5)
    ,(1.,1.)
    ,(0.5,0.5)
    ,(1.,1.)
    ,(0.5,0.5)
,(1.,1.))) REPRESENTATION_ITEM('') SURFACE() );
#10237 = CARTESIAN_POINT('',(-17.33003429006,-9.144018288037,
    1.500002540005));
#10238 = CARTESIAN_POINT('',(-17.33003429006,-9.144018288037,
    8.00001524003));
#10239 = CARTESIAN_POINT('',(-17.33003429006,-5.385461436485,
    1.500002540005));
#10240 = CARTESIAN_POINT('',(-17.33003429006,-5.385461436485,
    8.00001524003));
#10241 = CARTESIAN_POINT('',(-20.58504000508,-7.264739862261,
    1.500002540005));
#10242 = CARTESIAN_POINT('',(-20.58504000508,-7.264739862261,
    8.00001524003));
#10243 = CARTESIAN_POINT('',(-23.84004572009,-9.144018288037,
    1.500002540005));
#10244 = CARTESIAN_POINT('',(-23.84004572009,-9.144018288037,
    8.00001524003));
#10245 = CARTESIAN_POINT('',(-20.58504000508,-11.02329671381,
    1.500002540005));
#10246 = CARTESIAN_POINT('',(-20.58504000508,-11.02329671381,
    8.00001524003));
#10247 = CARTESIAN_POINT('',(-17.33003429006,-12.90257513958,
    1.500002540005));
#10248 = CARTESIAN_POINT('',(-17.33003429006,-12.90257513958,
    8.00001524003));
#10249 = CARTESIAN_POINT('',(-17.33003429006,-9.144018288037,
    1.500002540005));
#10250 = CARTESIAN_POINT('',(-17.33003429006,-9.144018288037,
    8.00001524003));
#10251 = ADVANCED_FACE('',(#10252),#10268,.F.);
#10252 = FACE_BOUND('',#10253,.F.);
#10253 = EDGE_LOOP('',(#10254,#10261,#10262,#10263));
#10254 = ORIENTED_EDGE('',*,*,#10255,.T.);
#10255 = EDGE_CURVE('',#10256,#7508,#10258,.T.);
#10256 = VERTEX_POINT('',#10257);
#10257 = CARTESIAN_POINT('',(-14.33002921005,-9.744019558039,
    6.00001016002));
#10258 = B_SPLINE_CURVE_WITH_KNOTS('',1,(#10259,#10260),.UNSPECIFIED.,
  .F.,.F.,(2,2),(0.,193.87512119952),.PIECEWISE_BEZIER_KNOTS.);
#10259 = CARTESIAN_POINT('',(-14.33002921005,-9.744019558039,
    6.00001016002));
#10260 = CARTESIAN_POINT('',(-12.33002413004,-9.744019558039,
    1.500002540005));
#10261 = ORIENTED_EDGE('',*,*,#7507,.F.);
#10262 = ORIENTED_EDGE('',*,*,#10232,.T.);
#10263 = ORIENTED_EDGE('',*,*,#10264,.T.);
#10264 = EDGE_CURVE('',#10134,#10256,#10265,.T.);
#10265 = B_SPLINE_CURVE_WITH_KNOTS('',1,(#10266,#10267),.UNSPECIFIED.,
  .F.,.F.,(2,2),(46.669354265041,168.1102),.PIECEWISE_BEZIER_KNOTS.);
#10266 = CARTESIAN_POINT('',(-17.41463286093,-9.744019558039,
    6.00001016002));
#10267 = CARTESIAN_POINT('',(-14.33002921005,-9.744019558039,
    6.00001016002));
#10268 = B_SPLINE_SURFACE_WITH_KNOTS('',1,1,(
    (#10269,#10270)
    ,(#10271,#10272
    )),.UNSPECIFIED.,.F.,.F.,.F.,(2,2),(2,2),(-136.9069320975,
    63.274113637366),(-49.31446136773,127.85083863226),
  .PIECEWISE_BEZIER_KNOTS.);
#10269 = CARTESIAN_POINT('',(-12.33002413004,-9.744019558039,
    1.500002540005));
#10270 = CARTESIAN_POINT('',(-12.33002413004,-9.744019558039,
    6.00001016002));
#10271 = CARTESIAN_POINT('',(-17.41463286093,-9.744019558039,
    1.500002540005));
#10272 = CARTESIAN_POINT('',(-17.41463286093,-9.744019558039,
    6.00001016002));
#10273 = ADVANCED_FACE('',(#10274),#10290,.T.);
#10274 = FACE_BOUND('',#10275,.T.);
#10275 = EDGE_LOOP('',(#10276,#10283,#10284,#10285));
#10276 = ORIENTED_EDGE('',*,*,#10277,.T.);
#10277 = EDGE_CURVE('',#10278,#10256,#10280,.T.);
#10278 = VERTEX_POINT('',#10279);
#10279 = CARTESIAN_POINT('',(-14.33002921005,-8.544017018034,
    6.00001016002));
#10280 = B_SPLINE_CURVE_WITH_KNOTS('',1,(#10281,#10282),.UNSPECIFIED.,
  .F.,.F.,(2,2),(0.,47.2441),.PIECEWISE_BEZIER_KNOTS.);
#10281 = CARTESIAN_POINT('',(-14.33002921005,-8.544017018034,
    6.00001016002));
#10282 = CARTESIAN_POINT('',(-14.33002921005,-9.744019558039,
    6.00001016002));
#10283 = ORIENTED_EDGE('',*,*,#10255,.T.);
#10284 = ORIENTED_EDGE('',*,*,#7514,.F.);
#10285 = ORIENTED_EDGE('',*,*,#10286,.F.);
#10286 = EDGE_CURVE('',#10278,#7515,#10287,.T.);
#10287 = B_SPLINE_CURVE_WITH_KNOTS('',1,(#10288,#10289),.UNSPECIFIED.,
  .F.,.F.,(2,2),(0.,193.87512119952),.PIECEWISE_BEZIER_KNOTS.);
#10288 = CARTESIAN_POINT('',(-14.33002921005,-8.544017018034,
    6.00001016002));
#10289 = CARTESIAN_POINT('',(-12.33002413004,-8.544017018034,
    1.500002540005));
#10290 = B_SPLINE_SURFACE_WITH_KNOTS('',1,1,(
    (#10291,#10292)
    ,(#10293,#10294
    )),.UNSPECIFIED.,.F.,.F.,.F.,(2,2),(2,2),(0.,193.87512119952),(
    -47.2441,0.),.PIECEWISE_BEZIER_KNOTS.);
#10291 = CARTESIAN_POINT('',(-14.33002921005,-9.744019558039,
    6.00001016002));
#10292 = CARTESIAN_POINT('',(-14.33002921005,-8.544017018034,
    6.00001016002));
#10293 = CARTESIAN_POINT('',(-12.33002413004,-9.744019558039,
    1.500002540005));
#10294 = CARTESIAN_POINT('',(-12.33002413004,-8.544017018034,
    1.500002540005));
#10295 = ADVANCED_FACE('',(#10296),#10306,.T.);
#10296 = FACE_BOUND('',#10297,.T.);
#10297 = EDGE_LOOP('',(#10298,#10299,#10300,#10301));
#10298 = ORIENTED_EDGE('',*,*,#10286,.T.);
#10299 = ORIENTED_EDGE('',*,*,#7521,.F.);
#10300 = ORIENTED_EDGE('',*,*,#10169,.T.);
#10301 = ORIENTED_EDGE('',*,*,#10302,.T.);
#10302 = EDGE_CURVE('',#10162,#10278,#10303,.T.);
#10303 = B_SPLINE_CURVE_WITH_KNOTS('',1,(#10304,#10305),.UNSPECIFIED.,
  .F.,.F.,(2,2),(46.669354265039,168.1102),.PIECEWISE_BEZIER_KNOTS.);
#10304 = CARTESIAN_POINT('',(-17.41463286093,-8.544017018034,
    6.00001016002));
#10305 = CARTESIAN_POINT('',(-14.33002921005,-8.544017018034,
    6.00001016002));
#10306 = B_SPLINE_SURFACE_WITH_KNOTS('',1,1,(
    (#10307,#10308)
    ,(#10309,#10310
    )),.UNSPECIFIED.,.F.,.F.,.F.,(2,2),(2,2),(-136.9069320975,
    63.274113637366),(-49.31446136773,127.85083863226),
  .PIECEWISE_BEZIER_KNOTS.);
#10307 = CARTESIAN_POINT('',(-12.33002413004,-8.544017018034,
    1.500002540005));
#10308 = CARTESIAN_POINT('',(-12.33002413004,-8.544017018034,
    6.00001016002));
#10309 = CARTESIAN_POINT('',(-17.41463286093,-8.544017018034,
    1.500002540005));
#10310 = CARTESIAN_POINT('',(-17.41463286093,-8.544017018034,
    6.00001016002));
#10311 = ADVANCED_FACE('',(#10312),#10328,.F.);
#10312 = FACE_BOUND('',#10313,.F.);
#10313 = EDGE_LOOP('',(#10314,#10321,#10322,#10323));
#10314 = ORIENTED_EDGE('',*,*,#10315,.T.);
#10315 = EDGE_CURVE('',#10316,#7537,#10318,.T.);
#10316 = VERTEX_POINT('',#10317);
#10317 = CARTESIAN_POINT('',(-18.90003683007,-3.974009398019,
    6.00001016002));
#10318 = B_SPLINE_CURVE_WITH_KNOTS('',1,(#10319,#10320),.UNSPECIFIED.,
  .F.,.F.,(2,2),(0.,193.87512119952),.PIECEWISE_BEZIER_KNOTS.);
#10319 = CARTESIAN_POINT('',(-18.90003683007,-3.974009398019,
    6.00001016002));
#10320 = CARTESIAN_POINT('',(-18.90003683007,-1.974004318009,
    1.500002540005));
#10321 = ORIENTED_EDGE('',*,*,#7536,.F.);
#10322 = ORIENTED_EDGE('',*,*,#10175,.T.);
#10323 = ORIENTED_EDGE('',*,*,#10324,.T.);
#10324 = EDGE_CURVE('',#10176,#10316,#10325,.T.);
#10325 = B_SPLINE_CURVE_WITH_KNOTS('',1,(#10326,#10327),.UNSPECIFIED.,
  .F.,.F.,(2,2),(46.669354265041,168.1102),.PIECEWISE_BEZIER_KNOTS.);
#10326 = CARTESIAN_POINT('',(-18.90003683007,-7.058613048894,
    6.00001016002));
#10327 = CARTESIAN_POINT('',(-18.90003683007,-3.974009398019,
    6.00001016002));
#10328 = B_SPLINE_SURFACE_WITH_KNOTS('',1,1,(
    (#10329,#10330)
    ,(#10331,#10332
    )),.UNSPECIFIED.,.F.,.F.,.F.,(2,2),(2,2),(-136.9069320975,
    63.274113637365),(-49.31446136773,127.85083863226),
  .PIECEWISE_BEZIER_KNOTS.);
#10329 = CARTESIAN_POINT('',(-18.90003683007,-1.974004318009,
    1.500002540005));
#10330 = CARTESIAN_POINT('',(-18.90003683007,-1.974004318009,
    6.00001016002));
#10331 = CARTESIAN_POINT('',(-18.90003683007,-7.058613048894,
    1.500002540005));
#10332 = CARTESIAN_POINT('',(-18.90003683007,-7.058613048894,
    6.00001016002));
#10333 = ADVANCED_FACE('',(#10334),#10350,.T.);
#10334 = FACE_BOUND('',#10335,.T.);
#10335 = EDGE_LOOP('',(#10336,#10343,#10344,#10345));
#10336 = ORIENTED_EDGE('',*,*,#10337,.T.);
#10337 = EDGE_CURVE('',#10338,#10316,#10340,.T.);
#10338 = VERTEX_POINT('',#10339);
#10339 = CARTESIAN_POINT('',(-20.10003937007,-3.974009398019,
    6.00001016002));
#10340 = B_SPLINE_CURVE_WITH_KNOTS('',1,(#10341,#10342),.UNSPECIFIED.,
  .F.,.F.,(2,2),(0.,47.2441),.PIECEWISE_BEZIER_KNOTS.);
#10341 = CARTESIAN_POINT('',(-20.10003937007,-3.974009398019,
    6.00001016002));
#10342 = CARTESIAN_POINT('',(-18.90003683007,-3.974009398019,
    6.00001016002));
#10343 = ORIENTED_EDGE('',*,*,#10315,.T.);
#10344 = ORIENTED_EDGE('',*,*,#7543,.F.);
#10345 = ORIENTED_EDGE('',*,*,#10346,.F.);
#10346 = EDGE_CURVE('',#10338,#7544,#10347,.T.);
#10347 = B_SPLINE_CURVE_WITH_KNOTS('',1,(#10348,#10349),.UNSPECIFIED.,
  .F.,.F.,(2,2),(0.,193.87512119952),.PIECEWISE_BEZIER_KNOTS.);
#10348 = CARTESIAN_POINT('',(-20.10003937007,-3.974009398019,
    6.00001016002));
#10349 = CARTESIAN_POINT('',(-20.10003937007,-1.974004318009,
    1.500002540005));
#10350 = B_SPLINE_SURFACE_WITH_KNOTS('',1,1,(
    (#10351,#10352)
    ,(#10353,#10354
    )),.UNSPECIFIED.,.F.,.F.,.F.,(2,2),(2,2),(0.,193.87512119952),(
    -47.2441,0.),.PIECEWISE_BEZIER_KNOTS.);
#10351 = CARTESIAN_POINT('',(-18.90003683007,-3.974009398019,
    6.00001016002));
#10352 = CARTESIAN_POINT('',(-20.10003937007,-3.974009398019,
    6.00001016002));
#10353 = CARTESIAN_POINT('',(-18.90003683007,-1.974004318009,
    1.500002540005));
#10354 = CARTESIAN_POINT('',(-20.10003937007,-1.974004318009,
    1.500002540005));
#10355 = ADVANCED_FACE('',(#10356),#10366,.T.);
#10356 = FACE_BOUND('',#10357,.T.);
#10357 = EDGE_LOOP('',(#10358,#10359,#10360,#10361));
#10358 = ORIENTED_EDGE('',*,*,#10346,.T.);
#10359 = ORIENTED_EDGE('',*,*,#7550,.F.);
#10360 = ORIENTED_EDGE('',*,*,#10190,.T.);
#10361 = ORIENTED_EDGE('',*,*,#10362,.T.);
#10362 = EDGE_CURVE('',#10183,#10338,#10363,.T.);
#10363 = B_SPLINE_CURVE_WITH_KNOTS('',1,(#10364,#10365),.UNSPECIFIED.,
  .F.,.F.,(2,2),(46.669354265041,168.1102),.PIECEWISE_BEZIER_KNOTS.);
#10364 = CARTESIAN_POINT('',(-20.10003937007,-7.058613048894,
    6.00001016002));
#10365 = CARTESIAN_POINT('',(-20.10003937007,-3.974009398019,
    6.00001016002));
#10366 = B_SPLINE_SURFACE_WITH_KNOTS('',1,1,(
    (#10367,#10368)
    ,(#10369,#10370
    )),.UNSPECIFIED.,.F.,.F.,.F.,(2,2),(2,2),(-136.9069320975,
    63.274113637365),(-49.31446136773,127.85083863226),
  .PIECEWISE_BEZIER_KNOTS.);
#10367 = CARTESIAN_POINT('',(-20.10003937007,-1.974004318009,
    1.500002540005));
#10368 = CARTESIAN_POINT('',(-20.10003937007,-1.974004318009,
    6.00001016002));
#10369 = CARTESIAN_POINT('',(-20.10003937007,-7.058613048894,
    1.500002540005));
#10370 = CARTESIAN_POINT('',(-20.10003937007,-7.058613048894,
    6.00001016002));
#10371 = ADVANCED_FACE('',(#10372),#10388,.F.);
#10372 = FACE_BOUND('',#10373,.F.);
#10373 = EDGE_LOOP('',(#10374,#10381,#10382,#10383));
#10374 = ORIENTED_EDGE('',*,*,#10375,.T.);
#10375 = EDGE_CURVE('',#10376,#7566,#10378,.T.);
#10376 = VERTEX_POINT('',#10377);
#10377 = CARTESIAN_POINT('',(-24.67004699009,-8.544017018034,
    6.00001016002));
#10378 = B_SPLINE_CURVE_WITH_KNOTS('',1,(#10379,#10380),.UNSPECIFIED.,
  .F.,.F.,(2,2),(0.,193.87512119952),.PIECEWISE_BEZIER_KNOTS.);
#10379 = CARTESIAN_POINT('',(-24.67004699009,-8.544017018034,
    6.00001016002));
#10380 = CARTESIAN_POINT('',(-26.6700520701,-8.544017018034,
    1.500002540005));
#10381 = ORIENTED_EDGE('',*,*,#7565,.F.);
#10382 = ORIENTED_EDGE('',*,*,#10196,.T.);
#10383 = ORIENTED_EDGE('',*,*,#10384,.T.);
#10384 = EDGE_CURVE('',#10197,#10376,#10385,.T.);
#10385 = B_SPLINE_CURVE_WITH_KNOTS('',1,(#10386,#10387),.UNSPECIFIED.,
  .F.,.F.,(2,2),(46.669354265041,168.1102),.PIECEWISE_BEZIER_KNOTS.);
#10386 = CARTESIAN_POINT('',(-21.58544333921,-8.544017018034,
    6.00001016002));
#10387 = CARTESIAN_POINT('',(-24.67004699009,-8.544017018034,
    6.00001016002));
#10388 = B_SPLINE_SURFACE_WITH_KNOTS('',1,1,(
    (#10389,#10390)
    ,(#10391,#10392
    )),.UNSPECIFIED.,.F.,.F.,.F.,(2,2),(2,2),(-136.9069320975,
    63.274113637365),(-49.31446136773,127.85083863226),
  .PIECEWISE_BEZIER_KNOTS.);
#10389 = CARTESIAN_POINT('',(-26.6700520701,-8.544017018034,
    1.500002540005));
#10390 = CARTESIAN_POINT('',(-26.6700520701,-8.544017018034,
    6.00001016002));
#10391 = CARTESIAN_POINT('',(-21.58544333921,-8.544017018034,
    1.500002540005));
#10392 = CARTESIAN_POINT('',(-21.58544333921,-8.544017018034,
    6.00001016002));
#10393 = ADVANCED_FACE('',(#10394),#10410,.T.);
#10394 = FACE_BOUND('',#10395,.T.);
#10395 = EDGE_LOOP('',(#10396,#10403,#10404,#10405));
#10396 = ORIENTED_EDGE('',*,*,#10397,.T.);
#10397 = EDGE_CURVE('',#10398,#10376,#10400,.T.);
#10398 = VERTEX_POINT('',#10399);
#10399 = CARTESIAN_POINT('',(-24.67004699009,-9.744019558039,
    6.00001016002));
#10400 = B_SPLINE_CURVE_WITH_KNOTS('',1,(#10401,#10402),.UNSPECIFIED.,
  .F.,.F.,(2,2),(0.,47.2441),.PIECEWISE_BEZIER_KNOTS.);
#10401 = CARTESIAN_POINT('',(-24.67004699009,-9.744019558039,
    6.00001016002));
#10402 = CARTESIAN_POINT('',(-24.67004699009,-8.544017018034,
    6.00001016002));
#10403 = ORIENTED_EDGE('',*,*,#10375,.T.);
#10404 = ORIENTED_EDGE('',*,*,#7572,.F.);
#10405 = ORIENTED_EDGE('',*,*,#10406,.F.);
#10406 = EDGE_CURVE('',#10398,#7573,#10407,.T.);
#10407 = B_SPLINE_CURVE_WITH_KNOTS('',1,(#10408,#10409),.UNSPECIFIED.,
  .F.,.F.,(2,2),(0.,193.87512119952),.PIECEWISE_BEZIER_KNOTS.);
#10408 = CARTESIAN_POINT('',(-24.67004699009,-9.744019558039,
    6.00001016002));
#10409 = CARTESIAN_POINT('',(-26.6700520701,-9.744019558039,
    1.500002540005));
#10410 = B_SPLINE_SURFACE_WITH_KNOTS('',1,1,(
    (#10411,#10412)
    ,(#10413,#10414
    )),.UNSPECIFIED.,.F.,.F.,.F.,(2,2),(2,2),(0.,193.87512119952),(
    -47.2441,0.),.PIECEWISE_BEZIER_KNOTS.);
#10411 = CARTESIAN_POINT('',(-24.67004699009,-8.544017018034,
    6.00001016002));
#10412 = CARTESIAN_POINT('',(-24.67004699009,-9.744019558039,
    6.00001016002));
#10413 = CARTESIAN_POINT('',(-26.6700520701,-8.544017018034,
    1.500002540005));
#10414 = CARTESIAN_POINT('',(-26.6700520701,-9.744019558039,
    1.500002540005));
#10415 = ADVANCED_FACE('',(#10416),#10426,.T.);
#10416 = FACE_BOUND('',#10417,.T.);
#10417 = EDGE_LOOP('',(#10418,#10419,#10420,#10421));
#10418 = ORIENTED_EDGE('',*,*,#10406,.T.);
#10419 = ORIENTED_EDGE('',*,*,#7579,.F.);
#10420 = ORIENTED_EDGE('',*,*,#10211,.T.);
#10421 = ORIENTED_EDGE('',*,*,#10422,.T.);
#10422 = EDGE_CURVE('',#10204,#10398,#10423,.T.);
#10423 = B_SPLINE_CURVE_WITH_KNOTS('',1,(#10424,#10425),.UNSPECIFIED.,
  .F.,.F.,(2,2),(46.669354265042,168.1102),.PIECEWISE_BEZIER_KNOTS.);
#10424 = CARTESIAN_POINT('',(-21.58544333921,-9.744019558039,
    6.00001016002));
#10425 = CARTESIAN_POINT('',(-24.67004699009,-9.744019558039,
    6.00001016002));
#10426 = B_SPLINE_SURFACE_WITH_KNOTS('',1,1,(
    (#10427,#10428)
    ,(#10429,#10430
    )),.UNSPECIFIED.,.F.,.F.,.F.,(2,2),(2,2),(-136.9069320975,
    63.274113637365),(-49.31446136773,127.85083863226),
  .PIECEWISE_BEZIER_KNOTS.);
#10427 = CARTESIAN_POINT('',(-26.6700520701,-9.744019558039,
    1.500002540005));
#10428 = CARTESIAN_POINT('',(-26.6700520701,-9.744019558039,
    6.00001016002));
#10429 = CARTESIAN_POINT('',(-21.58544333921,-9.744019558039,
    1.500002540005));
#10430 = CARTESIAN_POINT('',(-21.58544333921,-9.744019558039,
    6.00001016002));
#10431 = ADVANCED_FACE('',(#10432),#10463,.F.);
#10432 = FACE_BOUND('',#10433,.F.);
#10433 = EDGE_LOOP('',(#10434,#10435,#10436,#10437,#10444,#10451,#10458)
  );
#10434 = ORIENTED_EDGE('',*,*,#9965,.F.);
#10435 = ORIENTED_EDGE('',*,*,#7594,.F.);
#10436 = ORIENTED_EDGE('',*,*,#10217,.T.);
#10437 = ORIENTED_EDGE('',*,*,#10438,.T.);
#10438 = EDGE_CURVE('',#10218,#10439,#10441,.T.);
#10439 = VERTEX_POINT('',#10440);
#10440 = CARTESIAN_POINT('',(-20.10003937007,-14.31402717805,
    6.00001016002));
#10441 = B_SPLINE_CURVE_WITH_KNOTS('',1,(#10442,#10443),.UNSPECIFIED.,
  .F.,.F.,(2,2),(46.669354265041,168.1102),.PIECEWISE_BEZIER_KNOTS.);
#10442 = CARTESIAN_POINT('',(-20.10003937007,-11.22942352717,
    6.00001016002));
#10443 = CARTESIAN_POINT('',(-20.10003937007,-14.31402717805,
    6.00001016002));
#10444 = ORIENTED_EDGE('',*,*,#10445,.T.);
#10445 = EDGE_CURVE('',#10439,#10446,#10448,.T.);
#10446 = VERTEX_POINT('',#10447);
#10447 = CARTESIAN_POINT('',(-20.10003937007,-15.79927990856,
    2.658194345788));
#10448 = B_SPLINE_CURVE_WITH_KNOTS('',1,(#10449,#10450),.UNSPECIFIED.,
  .F.,.F.,(2,2),(0.,143.97641086852),.PIECEWISE_BEZIER_KNOTS.);
#10449 = CARTESIAN_POINT('',(-20.10003937007,-14.31402717805,
    6.00001016002));
#10450 = CARTESIAN_POINT('',(-20.10003937007,-15.79927990856,
    2.658194345788));
#10451 = ORIENTED_EDGE('',*,*,#10452,.F.);
#10452 = EDGE_CURVE('',#10453,#10446,#10455,.T.);
#10453 = VERTEX_POINT('',#10454);
#10454 = CARTESIAN_POINT('',(-20.10003937007,-17.28453263906,
    6.00001016002));
#10455 = B_SPLINE_CURVE_WITH_KNOTS('',1,(#10456,#10457),.UNSPECIFIED.,
  .F.,.F.,(2,2),(0.,143.97641086852),.PIECEWISE_BEZIER_KNOTS.);
#10456 = CARTESIAN_POINT('',(-20.10003937007,-17.28453263906,
    6.00001016002));
#10457 = CARTESIAN_POINT('',(-20.10003937007,-15.79927990856,
    2.658194345788));
#10458 = ORIENTED_EDGE('',*,*,#10459,.F.);
#10459 = EDGE_CURVE('',#9958,#10453,#10460,.T.);
#10460 = B_SPLINE_CURVE_WITH_KNOTS('',1,(#10461,#10462),.UNSPECIFIED.,
  .F.,.F.,(2,2),(46.669354265039,168.1102),.PIECEWISE_BEZIER_KNOTS.);
#10461 = CARTESIAN_POINT('',(-20.10003937007,-20.36913628994,
    6.00001016002));
#10462 = CARTESIAN_POINT('',(-20.10003937007,-17.28453263906,
    6.00001016002));
#10463 = B_SPLINE_SURFACE_WITH_KNOTS('',1,1,(
    (#10464,#10465)
    ,(#10466,#10467
    )),.UNSPECIFIED.,.F.,.F.,.F.,(2,2),(2,2),(-296.5563778325,
    63.274113637365),(-49.31446136773,127.85083863226),
  .PIECEWISE_BEZIER_KNOTS.);
#10464 = CARTESIAN_POINT('',(-20.10003937007,-20.36913628994,
    1.500002540005));
#10465 = CARTESIAN_POINT('',(-20.10003937007,-20.36913628994,
    6.00001016002));
#10466 = CARTESIAN_POINT('',(-20.10003937007,-11.22942352717,
    1.500002540005));
#10467 = CARTESIAN_POINT('',(-20.10003937007,-11.22942352717,
    6.00001016002));
#10468 = ADVANCED_FACE('',(#10469),#10485,.F.);
#10469 = FACE_BOUND('',#10470,.F.);
#10470 = EDGE_LOOP('',(#10471,#10478,#10479,#10480));
#10471 = ORIENTED_EDGE('',*,*,#10472,.T.);
#10472 = EDGE_CURVE('',#10473,#7610,#10475,.T.);
#10473 = VERTEX_POINT('',#10474);
#10474 = CARTESIAN_POINT('',(-24.67004699009,-21.85454025908,
    6.00001016002));
#10475 = B_SPLINE_CURVE_WITH_KNOTS('',1,(#10476,#10477),.UNSPECIFIED.,
  .F.,.F.,(2,2),(0.,193.87512119952),.PIECEWISE_BEZIER_KNOTS.);
#10476 = CARTESIAN_POINT('',(-24.67004699009,-21.85454025908,
    6.00001016002));
#10477 = CARTESIAN_POINT('',(-26.6700520701,-21.85454025908,
    1.500002540005));
#10478 = ORIENTED_EDGE('',*,*,#7609,.F.);
#10479 = ORIENTED_EDGE('',*,*,#9971,.T.);
#10480 = ORIENTED_EDGE('',*,*,#10481,.T.);
#10481 = EDGE_CURVE('',#9972,#10473,#10482,.T.);
#10482 = B_SPLINE_CURVE_WITH_KNOTS('',1,(#10483,#10484),.UNSPECIFIED.,
  .F.,.F.,(2,2),(46.669354265039,168.1102),.PIECEWISE_BEZIER_KNOTS.);
#10483 = CARTESIAN_POINT('',(-21.58544333921,-21.85454025908,
    6.00001016002));
#10484 = CARTESIAN_POINT('',(-24.67004699009,-21.85454025908,
    6.00001016002));
#10485 = B_SPLINE_SURFACE_WITH_KNOTS('',1,1,(
    (#10486,#10487)
    ,(#10488,#10489
    )),.UNSPECIFIED.,.F.,.F.,.F.,(2,2),(2,2),(-136.9069320975,
    63.274113637365),(-49.31446136773,127.85083863226),
  .PIECEWISE_BEZIER_KNOTS.);
#10486 = CARTESIAN_POINT('',(-26.6700520701,-21.85454025908,
    1.500002540005));
#10487 = CARTESIAN_POINT('',(-26.6700520701,-21.85454025908,
    6.00001016002));
#10488 = CARTESIAN_POINT('',(-21.58544333921,-21.85454025908,
    1.500002540005));
#10489 = CARTESIAN_POINT('',(-21.58544333921,-21.85454025908,
    6.00001016002));
#10490 = ADVANCED_FACE('',(#10491),#10507,.T.);
#10491 = FACE_BOUND('',#10492,.T.);
#10492 = EDGE_LOOP('',(#10493,#10500,#10501,#10502));
#10493 = ORIENTED_EDGE('',*,*,#10494,.T.);
#10494 = EDGE_CURVE('',#10495,#10473,#10497,.T.);
#10495 = VERTEX_POINT('',#10496);
#10496 = CARTESIAN_POINT('',(-24.67004699009,-23.05454279908,
    6.00001016002));
#10497 = B_SPLINE_CURVE_WITH_KNOTS('',1,(#10498,#10499),.UNSPECIFIED.,
  .F.,.F.,(2,2),(0.,47.2441),.PIECEWISE_BEZIER_KNOTS.);
#10498 = CARTESIAN_POINT('',(-24.67004699009,-23.05454279908,
    6.00001016002));
#10499 = CARTESIAN_POINT('',(-24.67004699009,-21.85454025908,
    6.00001016002));
#10500 = ORIENTED_EDGE('',*,*,#10472,.T.);
#10501 = ORIENTED_EDGE('',*,*,#7616,.F.);
#10502 = ORIENTED_EDGE('',*,*,#10503,.F.);
#10503 = EDGE_CURVE('',#10495,#7617,#10504,.T.);
#10504 = B_SPLINE_CURVE_WITH_KNOTS('',1,(#10505,#10506),.UNSPECIFIED.,
  .F.,.F.,(2,2),(0.,193.87512119952),.PIECEWISE_BEZIER_KNOTS.);
#10505 = CARTESIAN_POINT('',(-24.67004699009,-23.05454279908,
    6.00001016002));
#10506 = CARTESIAN_POINT('',(-26.6700520701,-23.05454279908,
    1.500002540005));
#10507 = B_SPLINE_SURFACE_WITH_KNOTS('',1,1,(
    (#10508,#10509)
    ,(#10510,#10511
    )),.UNSPECIFIED.,.F.,.F.,.F.,(2,2),(2,2),(0.,193.87512119952),(
    -47.2441,0.),.PIECEWISE_BEZIER_KNOTS.);
#10508 = CARTESIAN_POINT('',(-24.67004699009,-21.85454025908,
    6.00001016002));
#10509 = CARTESIAN_POINT('',(-24.67004699009,-23.05454279908,
    6.00001016002));
#10510 = CARTESIAN_POINT('',(-26.6700520701,-21.85454025908,
    1.500002540005));
#10511 = CARTESIAN_POINT('',(-26.6700520701,-23.05454279908,
    1.500002540005));
#10512 = ADVANCED_FACE('',(#10513),#10523,.T.);
#10513 = FACE_BOUND('',#10514,.T.);
#10514 = EDGE_LOOP('',(#10515,#10516,#10517,#10518));
#10515 = ORIENTED_EDGE('',*,*,#10503,.T.);
#10516 = ORIENTED_EDGE('',*,*,#7623,.F.);
#10517 = ORIENTED_EDGE('',*,*,#9986,.T.);
#10518 = ORIENTED_EDGE('',*,*,#10519,.T.);
#10519 = EDGE_CURVE('',#9979,#10495,#10520,.T.);
#10520 = B_SPLINE_CURVE_WITH_KNOTS('',1,(#10521,#10522),.UNSPECIFIED.,
  .F.,.F.,(2,2),(46.669354265042,168.1102),.PIECEWISE_BEZIER_KNOTS.);
#10521 = CARTESIAN_POINT('',(-21.58544333921,-23.05454279908,
    6.00001016002));
#10522 = CARTESIAN_POINT('',(-24.67004699009,-23.05454279908,
    6.00001016002));
#10523 = B_SPLINE_SURFACE_WITH_KNOTS('',1,1,(
    (#10524,#10525)
    ,(#10526,#10527
    )),.UNSPECIFIED.,.F.,.F.,.F.,(2,2),(2,2),(-136.9069320975,
    63.274113637365),(-49.31446136773,127.85083863226),
  .PIECEWISE_BEZIER_KNOTS.);
#10524 = CARTESIAN_POINT('',(-26.6700520701,-23.05454279908,
    1.500002540005));
#10525 = CARTESIAN_POINT('',(-26.6700520701,-23.05454279908,
    6.00001016002));
#10526 = CARTESIAN_POINT('',(-21.58544333921,-23.05454279908,
    1.500002540005));
#10527 = CARTESIAN_POINT('',(-21.58544333921,-23.05454279908,
    6.00001016002));
#10528 = ADVANCED_FACE('',(#10529),#10546,.F.);
#10529 = FACE_BOUND('',#10530,.F.);
#10530 = EDGE_LOOP('',(#10531,#10532,#10533,#10534,#10541));
#10531 = ORIENTED_EDGE('',*,*,#8696,.F.);
#10532 = ORIENTED_EDGE('',*,*,#7638,.F.);
#10533 = ORIENTED_EDGE('',*,*,#9992,.T.);
#10534 = ORIENTED_EDGE('',*,*,#10535,.T.);
#10535 = EDGE_CURVE('',#9993,#10536,#10538,.T.);
#10536 = VERTEX_POINT('',#10537);
#10537 = CARTESIAN_POINT('',(-20.10003937007,-27.6245504191,
    6.00001016002));
#10538 = B_SPLINE_CURVE_WITH_KNOTS('',1,(#10539,#10540),.UNSPECIFIED.,
  .F.,.F.,(2,2),(46.669354265039,168.1102),.PIECEWISE_BEZIER_KNOTS.);
#10539 = CARTESIAN_POINT('',(-20.10003937007,-24.53994676822,
    6.00001016002));
#10540 = CARTESIAN_POINT('',(-20.10003937007,-27.6245504191,
    6.00001016002));
#10541 = ORIENTED_EDGE('',*,*,#10542,.T.);
#10542 = EDGE_CURVE('',#10536,#8697,#10543,.T.);
#10543 = B_SPLINE_CURVE_WITH_KNOTS('',1,(#10544,#10545),.UNSPECIFIED.,
  .F.,.F.,(2,2),(0.,179.48028703516),.PIECEWISE_BEZIER_KNOTS.);
#10544 = CARTESIAN_POINT('',(-20.10003937007,-27.6245504191,
    6.00001016002));
#10545 = CARTESIAN_POINT('',(-20.10003937007,-29.47605918211,
    1.834118970353));
#10546 = B_SPLINE_SURFACE_WITH_KNOTS('',1,1,(
    (#10547,#10548)
    ,(#10549,#10550
    )),.UNSPECIFIED.,.F.,.F.,.F.,(2,2),(2,2),(-131.0606320975,
    63.274113637365),(-49.31446136773,127.85083863226),
  .PIECEWISE_BEZIER_KNOTS.);
#10547 = CARTESIAN_POINT('',(-20.10003937007,-29.47605918211,
    1.500002540005));
#10548 = CARTESIAN_POINT('',(-20.10003937007,-29.47605918211,
    6.00001016002));
#10549 = CARTESIAN_POINT('',(-20.10003937007,-24.53994676822,
    1.500002540005));
#10550 = CARTESIAN_POINT('',(-20.10003937007,-24.53994676822,
    6.00001016002));
#10551 = ADVANCED_FACE('',(#10552),#10575,.T.);
#10552 = FACE_BOUND('',#10553,.T.);
#10553 = EDGE_LOOP('',(#10554,#10555,#10556,#10563,#10570));
#10554 = ORIENTED_EDGE('',*,*,#8690,.F.);
#10555 = ORIENTED_EDGE('',*,*,#7652,.F.);
#10556 = ORIENTED_EDGE('',*,*,#10557,.T.);
#10557 = EDGE_CURVE('',#7653,#10558,#10560,.T.);
#10558 = VERTEX_POINT('',#10559);
#10559 = CARTESIAN_POINT('',(-84.61716916433,-24.53994676822,
    6.00001016002));
#10560 = B_SPLINE_CURVE_WITH_KNOTS('',1,(#10561,#10562),.UNSPECIFIED.,
  .F.,.F.,(2,2),(59.0551,236.2204),.PIECEWISE_BEZIER_KNOTS.);
#10561 = CARTESIAN_POINT('',(-84.61716916433,-24.53994676822,
    1.500002540005));
#10562 = CARTESIAN_POINT('',(-84.61716916433,-24.53994676822,
    6.00001016002));
#10563 = ORIENTED_EDGE('',*,*,#10564,.T.);
#10564 = EDGE_CURVE('',#10558,#10565,#10567,.T.);
#10565 = VERTEX_POINT('',#10566);
#10566 = CARTESIAN_POINT('',(-84.61716916433,-27.6245504191,
    6.00001016002));
#10567 = B_SPLINE_CURVE_WITH_KNOTS('',1,(#10568,#10569),.UNSPECIFIED.,
  .F.,.F.,(2,2),(46.669354265059,168.1102),.PIECEWISE_BEZIER_KNOTS.);
#10568 = CARTESIAN_POINT('',(-84.61716916433,-24.53994676822,
    6.00001016002));
#10569 = CARTESIAN_POINT('',(-84.61716916433,-27.6245504191,
    6.00001016002));
#10570 = ORIENTED_EDGE('',*,*,#10571,.T.);
#10571 = EDGE_CURVE('',#10565,#8684,#10572,.T.);
#10572 = B_SPLINE_CURVE_WITH_KNOTS('',1,(#10573,#10574),.UNSPECIFIED.,
  .F.,.F.,(2,2),(0.,179.48028703516),.PIECEWISE_BEZIER_KNOTS.);
#10573 = CARTESIAN_POINT('',(-84.61716916433,-27.6245504191,
    6.00001016002));
#10574 = CARTESIAN_POINT('',(-84.61716916433,-29.47605918211,
    1.834118970353));
#10575 = B_SPLINE_SURFACE_WITH_KNOTS('',1,1,(
    (#10576,#10577)
    ,(#10578,#10579
    )),.UNSPECIFIED.,.F.,.F.,.F.,(2,2),(2,2),(-131.0606320975,
    63.274113637366),(-49.31446136773,127.85083863226),
  .PIECEWISE_BEZIER_KNOTS.);
#10576 = CARTESIAN_POINT('',(-84.61716916433,-29.47605918211,
    1.500002540005));
#10577 = CARTESIAN_POINT('',(-84.61716916433,-29.47605918211,
    6.00001016002));
#10578 = CARTESIAN_POINT('',(-84.61716916433,-24.53994676822,
    1.500002540005));
#10579 = CARTESIAN_POINT('',(-84.61716916433,-24.53994676822,
    6.00001016002));
#10580 = ADVANCED_FACE('',(#10581),#10687,.T.);
#10581 = FACE_BOUND('',#10582,.T.);
#10582 = EDGE_LOOP('',(#10583,#10593,#10600,#10610,#10611,#10619,#10624,
    #10625,#10632,#10640,#10645,#10646,#10653,#10661,#10666,#10667,
    #10674,#10680,#10681,#10682));
#10583 = ORIENTED_EDGE('',*,*,#10584,.T.);
#10584 = EDGE_CURVE('',#10585,#10587,#10589,.T.);
#10585 = VERTEX_POINT('',#10586);
#10586 = CARTESIAN_POINT('',(-83.13176519519,-23.05454279908,
    6.00001016002));
#10587 = VERTEX_POINT('',#10588);
#10588 = CARTESIAN_POINT('',(-83.04716662433,-22.45454152908,
    6.00001016002));
#10589 = ( BOUNDED_CURVE() B_SPLINE_CURVE(2,(#10590,#10591,#10592),
.UNSPECIFIED.,.F.,.F.) B_SPLINE_CURVE_WITH_KNOTS((3,3),(6.003037396772,
6.28318530718),.PIECEWISE_BEZIER_KNOTS.) CURVE() 
GEOMETRIC_REPRESENTATION_ITEM() RATIONAL_B_SPLINE_CURVE((1.,
0.990205673565,1.)) REPRESENTATION_ITEM('') );
#10590 = CARTESIAN_POINT('',(-83.13176519519,-23.05454279908,
    6.00001016002));
#10591 = CARTESIAN_POINT('',(-83.04716662433,-22.76050624995,
    6.00001016002));
#10592 = CARTESIAN_POINT('',(-83.04716662433,-22.45454152908,
    6.00001016002));
#10593 = ORIENTED_EDGE('',*,*,#10594,.T.);
#10594 = EDGE_CURVE('',#10587,#10595,#10597,.T.);
#10595 = VERTEX_POINT('',#10596);
#10596 = CARTESIAN_POINT('',(-83.04716662433,-22.45454152908,
    8.00001524003));
#10597 = B_SPLINE_CURVE_WITH_KNOTS('',1,(#10598,#10599),.UNSPECIFIED.,
  .F.,.F.,(2,2),(236.2204,314.9606),.PIECEWISE_BEZIER_KNOTS.);
#10598 = CARTESIAN_POINT('',(-83.04716662433,-22.45454152908,
    6.00001016002));
#10599 = CARTESIAN_POINT('',(-83.04716662433,-22.45454152908,
    8.00001524003));
#10600 = ORIENTED_EDGE('',*,*,#10601,.F.);
#10601 = EDGE_CURVE('',#10595,#10595,#10602,.T.);
#10602 = ( BOUNDED_CURVE() B_SPLINE_CURVE(2,(#10603,#10604,#10605,#10606
    ,#10607,#10608,#10609),.UNSPECIFIED.,.T.,.F.) 
B_SPLINE_CURVE_WITH_KNOTS((1,2,2,2,2,1),(-2.094395102394,0.,
    2.094395102393,4.188790204786,6.28318530718,8.377580409573),
.UNSPECIFIED.) CURVE() GEOMETRIC_REPRESENTATION_ITEM() 
RATIONAL_B_SPLINE_CURVE((1.,0.5,1.,0.5,1.,0.5,1.)) REPRESENTATION_ITEM(
  '') );
#10603 = CARTESIAN_POINT('',(-83.04716662433,-22.45454152908,
    8.00001524003));
#10604 = CARTESIAN_POINT('',(-83.04716662433,-18.69598467753,
    8.00001524003));
#10605 = CARTESIAN_POINT('',(-86.30217233934,-20.5752631033,
    8.00001524003));
#10606 = CARTESIAN_POINT('',(-89.55717805435,-22.45454152908,
    8.00001524003));
#10607 = CARTESIAN_POINT('',(-86.30217233934,-24.33381995485,
    8.00001524003));
#10608 = CARTESIAN_POINT('',(-83.04716662433,-26.21309838063,
    8.00001524003));
#10609 = CARTESIAN_POINT('',(-83.04716662433,-22.45454152908,
    8.00001524003));
#10610 = ORIENTED_EDGE('',*,*,#10594,.F.);
#10611 = ORIENTED_EDGE('',*,*,#10612,.T.);
#10612 = EDGE_CURVE('',#10587,#10613,#10615,.T.);
#10613 = VERTEX_POINT('',#10614);
#10614 = CARTESIAN_POINT('',(-83.13176519519,-21.85454025908,
    6.00001016002));
#10615 = ( BOUNDED_CURVE() B_SPLINE_CURVE(2,(#10616,#10617,#10618),
.UNSPECIFIED.,.F.,.F.) B_SPLINE_CURVE_WITH_KNOTS((3,3),(0.,
0.280147910408),.PIECEWISE_BEZIER_KNOTS.) CURVE() 
GEOMETRIC_REPRESENTATION_ITEM() RATIONAL_B_SPLINE_CURVE((1.,
0.990205673565,1.)) REPRESENTATION_ITEM('') );
#10616 = CARTESIAN_POINT('',(-83.04716662433,-22.45454152908,
    6.00001016002));
#10617 = CARTESIAN_POINT('',(-83.04716662433,-22.14857680821,
    6.00001016002));
#10618 = CARTESIAN_POINT('',(-83.13176519519,-21.85454025908,
    6.00001016002));
#10619 = ORIENTED_EDGE('',*,*,#10620,.F.);
#10620 = EDGE_CURVE('',#7682,#10613,#10621,.T.);
#10621 = B_SPLINE_CURVE_WITH_KNOTS('',1,(#10622,#10623),.UNSPECIFIED.,
  .F.,.F.,(2,2),(59.0551,236.2204),.PIECEWISE_BEZIER_KNOTS.);
#10622 = CARTESIAN_POINT('',(-83.13176519519,-21.85454025908,
    1.500002540005));
#10623 = CARTESIAN_POINT('',(-83.13176519519,-21.85454025908,
    6.00001016002));
#10624 = ORIENTED_EDGE('',*,*,#7688,.T.);
#10625 = ORIENTED_EDGE('',*,*,#10626,.T.);
#10626 = EDGE_CURVE('',#7689,#10627,#10629,.T.);
#10627 = VERTEX_POINT('',#10628);
#10628 = CARTESIAN_POINT('',(-84.61716916433,-20.36913628994,
    6.00001016002));
#10629 = B_SPLINE_CURVE_WITH_KNOTS('',1,(#10630,#10631),.UNSPECIFIED.,
  .F.,.F.,(2,2),(59.0551,236.2204),.PIECEWISE_BEZIER_KNOTS.);
#10630 = CARTESIAN_POINT('',(-84.61716916433,-20.36913628994,
    1.500002540005));
#10631 = CARTESIAN_POINT('',(-84.61716916433,-20.36913628994,
    6.00001016002));
#10632 = ORIENTED_EDGE('',*,*,#10633,.T.);
#10633 = EDGE_CURVE('',#10627,#10634,#10636,.T.);
#10634 = VERTEX_POINT('',#10635);
#10635 = CARTESIAN_POINT('',(-85.81717170434,-20.36913628994,
    6.00001016002));
#10636 = ( BOUNDED_CURVE() B_SPLINE_CURVE(2,(#10637,#10638,#10639),
.UNSPECIFIED.,.F.,.F.) B_SPLINE_CURVE_WITH_KNOTS((3,3),(1.290648416387,
1.850944237203),.PIECEWISE_BEZIER_KNOTS.) CURVE() 
GEOMETRIC_REPRESENTATION_ITEM() RATIONAL_B_SPLINE_CURVE((1.,
0.961014551922,1.)) REPRESENTATION_ITEM('') );
#10637 = CARTESIAN_POINT('',(-84.61716916433,-20.36913628994,
    6.00001016002));
#10638 = CARTESIAN_POINT('',(-85.21717043434,-20.19650724056,
    6.00001016002));
#10639 = CARTESIAN_POINT('',(-85.81717170434,-20.36913628994,
    6.00001016002));
#10640 = ORIENTED_EDGE('',*,*,#10641,.F.);
#10641 = EDGE_CURVE('',#7799,#10634,#10642,.T.);
#10642 = B_SPLINE_CURVE_WITH_KNOTS('',1,(#10643,#10644),.UNSPECIFIED.,
  .F.,.F.,(2,2),(59.0551,236.2204),.PIECEWISE_BEZIER_KNOTS.);
#10643 = CARTESIAN_POINT('',(-85.81717170434,-20.36913628994,
    1.500002540005));
#10644 = CARTESIAN_POINT('',(-85.81717170434,-20.36913628994,
    6.00001016002));
#10645 = ORIENTED_EDGE('',*,*,#7805,.T.);
#10646 = ORIENTED_EDGE('',*,*,#10647,.T.);
#10647 = EDGE_CURVE('',#7806,#10648,#10650,.T.);
#10648 = VERTEX_POINT('',#10649);
#10649 = CARTESIAN_POINT('',(-87.30257567348,-21.85454025908,
    6.00001016002));
#10650 = B_SPLINE_CURVE_WITH_KNOTS('',1,(#10651,#10652),.UNSPECIFIED.,
  .F.,.F.,(2,2),(59.0551,236.2204),.PIECEWISE_BEZIER_KNOTS.);
#10651 = CARTESIAN_POINT('',(-87.30257567348,-21.85454025908,
    1.500002540005));
#10652 = CARTESIAN_POINT('',(-87.30257567348,-21.85454025908,
    6.00001016002));
#10653 = ORIENTED_EDGE('',*,*,#10654,.T.);
#10654 = EDGE_CURVE('',#10648,#10655,#10657,.T.);
#10655 = VERTEX_POINT('',#10656);
#10656 = CARTESIAN_POINT('',(-87.30257567348,-23.05454279908,
    6.00001016002));
#10657 = ( BOUNDED_CURVE() B_SPLINE_CURVE(2,(#10658,#10659,#10660),
.UNSPECIFIED.,.F.,.F.) B_SPLINE_CURVE_WITH_KNOTS((3,3),(2.861444743182,
3.421740563998),.PIECEWISE_BEZIER_KNOTS.) CURVE() 
GEOMETRIC_REPRESENTATION_ITEM() RATIONAL_B_SPLINE_CURVE((1.,
0.961014551922,1.)) REPRESENTATION_ITEM('') );
#10658 = CARTESIAN_POINT('',(-87.30257567348,-21.85454025908,
    6.00001016002));
#10659 = CARTESIAN_POINT('',(-87.47520472286,-22.45454152908,
    6.00001016002));
#10660 = CARTESIAN_POINT('',(-87.30257567348,-23.05454279908,
    6.00001016002));
#10661 = ORIENTED_EDGE('',*,*,#10662,.F.);
#10662 = EDGE_CURVE('',#7828,#10655,#10663,.T.);
#10663 = B_SPLINE_CURVE_WITH_KNOTS('',1,(#10664,#10665),.UNSPECIFIED.,
  .F.,.F.,(2,2),(59.0551,236.2204),.PIECEWISE_BEZIER_KNOTS.);
#10664 = CARTESIAN_POINT('',(-87.30257567348,-23.05454279908,
    1.500002540005));
#10665 = CARTESIAN_POINT('',(-87.30257567348,-23.05454279908,
    6.00001016002));
#10666 = ORIENTED_EDGE('',*,*,#7834,.T.);
#10667 = ORIENTED_EDGE('',*,*,#10668,.T.);
#10668 = EDGE_CURVE('',#7835,#10669,#10671,.T.);
#10669 = VERTEX_POINT('',#10670);
#10670 = CARTESIAN_POINT('',(-85.81717170434,-24.53994676822,
    6.00001016002));
#10671 = B_SPLINE_CURVE_WITH_KNOTS('',1,(#10672,#10673),.UNSPECIFIED.,
  .F.,.F.,(2,2),(59.0551,236.2204),.PIECEWISE_BEZIER_KNOTS.);
#10672 = CARTESIAN_POINT('',(-85.81717170434,-24.53994676822,
    1.500002540005));
#10673 = CARTESIAN_POINT('',(-85.81717170434,-24.53994676822,
    6.00001016002));
#10674 = ORIENTED_EDGE('',*,*,#10675,.T.);
#10675 = EDGE_CURVE('',#10669,#10558,#10676,.T.);
#10676 = ( BOUNDED_CURVE() B_SPLINE_CURVE(2,(#10677,#10678,#10679),
.UNSPECIFIED.,.F.,.F.) B_SPLINE_CURVE_WITH_KNOTS((3,3),(4.432241069977,
4.992536890792),.PIECEWISE_BEZIER_KNOTS.) CURVE() 
GEOMETRIC_REPRESENTATION_ITEM() RATIONAL_B_SPLINE_CURVE((1.,
0.961014551922,1.)) REPRESENTATION_ITEM('') );
#10677 = CARTESIAN_POINT('',(-85.81717170434,-24.53994676822,
    6.00001016002));
#10678 = CARTESIAN_POINT('',(-85.21717043434,-24.7125758176,
    6.00001016002));
#10679 = CARTESIAN_POINT('',(-84.61716916433,-24.53994676822,
    6.00001016002));
#10680 = ORIENTED_EDGE('',*,*,#10557,.F.);
#10681 = ORIENTED_EDGE('',*,*,#7659,.T.);
#10682 = ORIENTED_EDGE('',*,*,#10683,.T.);
#10683 = EDGE_CURVE('',#7660,#10585,#10684,.T.);
#10684 = B_SPLINE_CURVE_WITH_KNOTS('',1,(#10685,#10686),.UNSPECIFIED.,
  .F.,.F.,(2,2),(59.0551,236.2204),.PIECEWISE_BEZIER_KNOTS.);
#10685 = CARTESIAN_POINT('',(-83.13176519519,-23.05454279908,
    1.500002540005));
#10686 = CARTESIAN_POINT('',(-83.13176519519,-23.05454279908,
    6.00001016002));
#10687 = ( BOUNDED_SURFACE() B_SPLINE_SURFACE(2,1,(
    (#10688,#10689)
    ,(#10690,#10691)
    ,(#10692,#10693)
    ,(#10694,#10695)
    ,(#10696,#10697)
    ,(#10698,#10699)
    ,(#10700,#10701
)),.UNSPECIFIED.,.T.,.F.,.F.) B_SPLINE_SURFACE_WITH_KNOTS((1,2,2,2,2,1),
  (2,2),(-2.094395102394,0.,2.094395102393,4.188790204786,6.28318530718,
    8.377580409573),(59.0551,314.9606),.UNSPECIFIED.) 
GEOMETRIC_REPRESENTATION_ITEM() RATIONAL_B_SPLINE_SURFACE((
    (1.,1.)
    ,(0.5,0.5)
    ,(1.,1.)
    ,(0.5,0.5)
    ,(1.,1.)
    ,(0.5,0.5)
,(1.,1.))) REPRESENTATION_ITEM('') SURFACE() );
#10688 = CARTESIAN_POINT('',(-83.04716662433,-22.45454152908,
    1.500002540005));
#10689 = CARTESIAN_POINT('',(-83.04716662433,-22.45454152908,
    8.00001524003));
#10690 = CARTESIAN_POINT('',(-83.04716662433,-18.69598467753,
    1.500002540005));
#10691 = CARTESIAN_POINT('',(-83.04716662433,-18.69598467753,
    8.00001524003));
#10692 = CARTESIAN_POINT('',(-86.30217233934,-20.5752631033,
    1.500002540005));
#10693 = CARTESIAN_POINT('',(-86.30217233934,-20.5752631033,
    8.00001524003));
#10694 = CARTESIAN_POINT('',(-89.55717805435,-22.45454152908,
    1.500002540005));
#10695 = CARTESIAN_POINT('',(-89.55717805435,-22.45454152908,
    8.00001524003));
#10696 = CARTESIAN_POINT('',(-86.30217233934,-24.33381995485,
    1.500002540005));
#10697 = CARTESIAN_POINT('',(-86.30217233934,-24.33381995485,
    8.00001524003));
#10698 = CARTESIAN_POINT('',(-83.04716662433,-26.21309838063,
    1.500002540005));
#10699 = CARTESIAN_POINT('',(-83.04716662433,-26.21309838063,
    8.00001524003));
#10700 = CARTESIAN_POINT('',(-83.04716662433,-22.45454152908,
    1.500002540005));
#10701 = CARTESIAN_POINT('',(-83.04716662433,-22.45454152908,
    8.00001524003));
#10702 = ADVANCED_FACE('',(#10703),#10719,.F.);
#10703 = FACE_BOUND('',#10704,.F.);
#10704 = EDGE_LOOP('',(#10705,#10712,#10713,#10714));
#10705 = ORIENTED_EDGE('',*,*,#10706,.T.);
#10706 = EDGE_CURVE('',#10707,#7668,#10709,.T.);
#10707 = VERTEX_POINT('',#10708);
#10708 = CARTESIAN_POINT('',(-80.04716154432,-23.05454279908,
    6.00001016002));
#10709 = B_SPLINE_CURVE_WITH_KNOTS('',1,(#10710,#10711),.UNSPECIFIED.,
  .F.,.F.,(2,2),(0.,193.87512119952),.PIECEWISE_BEZIER_KNOTS.);
#10710 = CARTESIAN_POINT('',(-80.04716154432,-23.05454279908,
    6.00001016002));
#10711 = CARTESIAN_POINT('',(-78.04715646431,-23.05454279908,
    1.500002540005));
#10712 = ORIENTED_EDGE('',*,*,#7667,.F.);
#10713 = ORIENTED_EDGE('',*,*,#10683,.T.);
#10714 = ORIENTED_EDGE('',*,*,#10715,.T.);
#10715 = EDGE_CURVE('',#10585,#10707,#10716,.T.);
#10716 = B_SPLINE_CURVE_WITH_KNOTS('',1,(#10717,#10718),.UNSPECIFIED.,
  .F.,.F.,(2,2),(46.669354265036,168.1102),.PIECEWISE_BEZIER_KNOTS.);
#10717 = CARTESIAN_POINT('',(-83.13176519519,-23.05454279908,
    6.00001016002));
#10718 = CARTESIAN_POINT('',(-80.04716154432,-23.05454279908,
    6.00001016002));
#10719 = B_SPLINE_SURFACE_WITH_KNOTS('',1,1,(
    (#10720,#10721)
    ,(#10722,#10723
    )),.UNSPECIFIED.,.F.,.F.,.F.,(2,2),(2,2),(-136.9069320975,
    63.274113637369),(-49.31446136773,127.85083863226),
  .PIECEWISE_BEZIER_KNOTS.);
#10720 = CARTESIAN_POINT('',(-78.04715646431,-23.05454279908,
    1.500002540005));
#10721 = CARTESIAN_POINT('',(-78.04715646431,-23.05454279908,
    6.00001016002));
#10722 = CARTESIAN_POINT('',(-83.13176519519,-23.05454279908,
    1.500002540005));
#10723 = CARTESIAN_POINT('',(-83.13176519519,-23.05454279908,
    6.00001016002));
#10724 = ADVANCED_FACE('',(#10725),#10741,.T.);
#10725 = FACE_BOUND('',#10726,.T.);
#10726 = EDGE_LOOP('',(#10727,#10734,#10735,#10736));
#10727 = ORIENTED_EDGE('',*,*,#10728,.T.);
#10728 = EDGE_CURVE('',#10729,#10707,#10731,.T.);
#10729 = VERTEX_POINT('',#10730);
#10730 = CARTESIAN_POINT('',(-80.04716154432,-21.85454025908,
    6.00001016002));
#10731 = B_SPLINE_CURVE_WITH_KNOTS('',1,(#10732,#10733),.UNSPECIFIED.,
  .F.,.F.,(2,2),(0.,47.2441),.PIECEWISE_BEZIER_KNOTS.);
#10732 = CARTESIAN_POINT('',(-80.04716154432,-21.85454025908,
    6.00001016002));
#10733 = CARTESIAN_POINT('',(-80.04716154432,-23.05454279908,
    6.00001016002));
#10734 = ORIENTED_EDGE('',*,*,#10706,.T.);
#10735 = ORIENTED_EDGE('',*,*,#7674,.F.);
#10736 = ORIENTED_EDGE('',*,*,#10737,.F.);
#10737 = EDGE_CURVE('',#10729,#7675,#10738,.T.);
#10738 = B_SPLINE_CURVE_WITH_KNOTS('',1,(#10739,#10740),.UNSPECIFIED.,
  .F.,.F.,(2,2),(0.,193.87512119952),.PIECEWISE_BEZIER_KNOTS.);
#10739 = CARTESIAN_POINT('',(-80.04716154432,-21.85454025908,
    6.00001016002));
#10740 = CARTESIAN_POINT('',(-78.04715646431,-21.85454025908,
    1.500002540005));
#10741 = B_SPLINE_SURFACE_WITH_KNOTS('',1,1,(
    (#10742,#10743)
    ,(#10744,#10745
    )),.UNSPECIFIED.,.F.,.F.,.F.,(2,2),(2,2),(0.,193.87512119952),(
    -47.2441,0.),.PIECEWISE_BEZIER_KNOTS.);
#10742 = CARTESIAN_POINT('',(-80.04716154432,-23.05454279908,
    6.00001016002));
#10743 = CARTESIAN_POINT('',(-80.04716154432,-21.85454025908,
    6.00001016002));
#10744 = CARTESIAN_POINT('',(-78.04715646431,-23.05454279908,
    1.500002540005));
#10745 = CARTESIAN_POINT('',(-78.04715646431,-21.85454025908,
    1.500002540005));
#10746 = ADVANCED_FACE('',(#10747),#10757,.T.);
#10747 = FACE_BOUND('',#10748,.T.);
#10748 = EDGE_LOOP('',(#10749,#10750,#10751,#10752));
#10749 = ORIENTED_EDGE('',*,*,#10737,.T.);
#10750 = ORIENTED_EDGE('',*,*,#7681,.F.);
#10751 = ORIENTED_EDGE('',*,*,#10620,.T.);
#10752 = ORIENTED_EDGE('',*,*,#10753,.T.);
#10753 = EDGE_CURVE('',#10613,#10729,#10754,.T.);
#10754 = B_SPLINE_CURVE_WITH_KNOTS('',1,(#10755,#10756),.UNSPECIFIED.,
  .F.,.F.,(2,2),(46.669354265036,168.1102),.PIECEWISE_BEZIER_KNOTS.);
#10755 = CARTESIAN_POINT('',(-83.13176519519,-21.85454025908,
    6.00001016002));
#10756 = CARTESIAN_POINT('',(-80.04716154432,-21.85454025908,
    6.00001016002));
#10757 = B_SPLINE_SURFACE_WITH_KNOTS('',1,1,(
    (#10758,#10759)
    ,(#10760,#10761
    )),.UNSPECIFIED.,.F.,.F.,.F.,(2,2),(2,2),(-136.9069320975,
    63.274113637369),(-49.31446136773,127.85083863226),
  .PIECEWISE_BEZIER_KNOTS.);
#10758 = CARTESIAN_POINT('',(-78.04715646431,-21.85454025908,
    1.500002540005));
#10759 = CARTESIAN_POINT('',(-78.04715646431,-21.85454025908,
    6.00001016002));
#10760 = CARTESIAN_POINT('',(-83.13176519519,-21.85454025908,
    1.500002540005));
#10761 = CARTESIAN_POINT('',(-83.13176519519,-21.85454025908,
    6.00001016002));
#10762 = ADVANCED_FACE('',(#10763),#10800,.T.);
#10763 = FACE_BOUND('',#10764,.T.);
#10764 = EDGE_LOOP('',(#10765,#10766,#10773,#10780,#10787,#10794,#10799)
  );
#10765 = ORIENTED_EDGE('',*,*,#7696,.F.);
#10766 = ORIENTED_EDGE('',*,*,#10767,.T.);
#10767 = EDGE_CURVE('',#7697,#10768,#10770,.T.);
#10768 = VERTEX_POINT('',#10769);
#10769 = CARTESIAN_POINT('',(-84.61716916433,-11.22942352717,
    6.00001016002));
#10770 = B_SPLINE_CURVE_WITH_KNOTS('',1,(#10771,#10772),.UNSPECIFIED.,
  .F.,.F.,(2,2),(59.0551,236.2204),.PIECEWISE_BEZIER_KNOTS.);
#10771 = CARTESIAN_POINT('',(-84.61716916433,-11.22942352717,
    1.500002540005));
#10772 = CARTESIAN_POINT('',(-84.61716916433,-11.22942352717,
    6.00001016002));
#10773 = ORIENTED_EDGE('',*,*,#10774,.T.);
#10774 = EDGE_CURVE('',#10768,#10775,#10777,.T.);
#10775 = VERTEX_POINT('',#10776);
#10776 = CARTESIAN_POINT('',(-84.61716916433,-14.31402717805,
    6.00001016002));
#10777 = B_SPLINE_CURVE_WITH_KNOTS('',1,(#10778,#10779),.UNSPECIFIED.,
  .F.,.F.,(2,2),(46.669354265014,168.1102),.PIECEWISE_BEZIER_KNOTS.);
#10778 = CARTESIAN_POINT('',(-84.61716916433,-11.22942352717,
    6.00001016002));
#10779 = CARTESIAN_POINT('',(-84.61716916433,-14.31402717805,
    6.00001016002));
#10780 = ORIENTED_EDGE('',*,*,#10781,.T.);
#10781 = EDGE_CURVE('',#10775,#10782,#10784,.T.);
#10782 = VERTEX_POINT('',#10783);
#10783 = CARTESIAN_POINT('',(-84.61716916433,-15.79927990856,
    2.658194345788));
#10784 = B_SPLINE_CURVE_WITH_KNOTS('',1,(#10785,#10786),.UNSPECIFIED.,
  .F.,.F.,(2,2),(0.,143.97641086852),.PIECEWISE_BEZIER_KNOTS.);
#10785 = CARTESIAN_POINT('',(-84.61716916433,-14.31402717805,
    6.00001016002));
#10786 = CARTESIAN_POINT('',(-84.61716916433,-15.79927990856,
    2.658194345788));
#10787 = ORIENTED_EDGE('',*,*,#10788,.F.);
#10788 = EDGE_CURVE('',#10789,#10782,#10791,.T.);
#10789 = VERTEX_POINT('',#10790);
#10790 = CARTESIAN_POINT('',(-84.61716916433,-17.28453263906,
    6.00001016002));
#10791 = B_SPLINE_CURVE_WITH_KNOTS('',1,(#10792,#10793),.UNSPECIFIED.,
  .F.,.F.,(2,2),(0.,143.97641086852),.PIECEWISE_BEZIER_KNOTS.);
#10792 = CARTESIAN_POINT('',(-84.61716916433,-17.28453263906,
    6.00001016002));
#10793 = CARTESIAN_POINT('',(-84.61716916433,-15.79927990856,
    2.658194345788));
#10794 = ORIENTED_EDGE('',*,*,#10795,.F.);
#10795 = EDGE_CURVE('',#10627,#10789,#10796,.T.);
#10796 = B_SPLINE_CURVE_WITH_KNOTS('',1,(#10797,#10798),.UNSPECIFIED.,
  .F.,.F.,(2,2),(46.669354265036,168.1102),.PIECEWISE_BEZIER_KNOTS.);
#10797 = CARTESIAN_POINT('',(-84.61716916433,-20.36913628994,
    6.00001016002));
#10798 = CARTESIAN_POINT('',(-84.61716916433,-17.28453263906,
    6.00001016002));
#10799 = ORIENTED_EDGE('',*,*,#10626,.F.);
#10800 = B_SPLINE_SURFACE_WITH_KNOTS('',1,1,(
    (#10801,#10802)
    ,(#10803,#10804
    )),.UNSPECIFIED.,.F.,.F.,.F.,(2,2),(2,2),(-296.5563778325,
    63.274113637391),(-49.31446136773,127.85083863226),
  .PIECEWISE_BEZIER_KNOTS.);
#10801 = CARTESIAN_POINT('',(-84.61716916433,-20.36913628994,
    1.500002540005));
#10802 = CARTESIAN_POINT('',(-84.61716916433,-20.36913628994,
    6.00001016002));
#10803 = CARTESIAN_POINT('',(-84.61716916433,-11.22942352717,
    1.500002540005));
#10804 = CARTESIAN_POINT('',(-84.61716916433,-11.22942352717,
    6.00001016002));
#10805 = ADVANCED_FACE('',(#10806),#10912,.T.);
#10806 = FACE_BOUND('',#10807,.T.);
#10807 = EDGE_LOOP('',(#10808,#10818,#10825,#10835,#10836,#10844,#10849,
    #10850,#10857,#10865,#10870,#10871,#10878,#10886,#10891,#10892,
    #10899,#10905,#10906,#10907));
#10808 = ORIENTED_EDGE('',*,*,#10809,.T.);
#10809 = EDGE_CURVE('',#10810,#10812,#10814,.T.);
#10810 = VERTEX_POINT('',#10811);
#10811 = CARTESIAN_POINT('',(-83.13176519519,-9.744019558039,
    6.00001016002));
#10812 = VERTEX_POINT('',#10813);
#10813 = CARTESIAN_POINT('',(-83.04716662433,-9.144018288037,
    6.00001016002));
#10814 = ( BOUNDED_CURVE() B_SPLINE_CURVE(2,(#10815,#10816,#10817),
.UNSPECIFIED.,.F.,.F.) B_SPLINE_CURVE_WITH_KNOTS((3,3),(6.003037396772,
6.28318530718),.PIECEWISE_BEZIER_KNOTS.) CURVE() 
GEOMETRIC_REPRESENTATION_ITEM() RATIONAL_B_SPLINE_CURVE((1.,
0.990205673565,1.)) REPRESENTATION_ITEM('') );
#10815 = CARTESIAN_POINT('',(-83.13176519519,-9.744019558039,
    6.00001016002));
#10816 = CARTESIAN_POINT('',(-83.04716662433,-9.449983008908,
    6.00001016002));
#10817 = CARTESIAN_POINT('',(-83.04716662433,-9.144018288037,
    6.00001016002));
#10818 = ORIENTED_EDGE('',*,*,#10819,.T.);
#10819 = EDGE_CURVE('',#10812,#10820,#10822,.T.);
#10820 = VERTEX_POINT('',#10821);
#10821 = CARTESIAN_POINT('',(-83.04716662433,-9.144018288037,
    8.00001524003));
#10822 = B_SPLINE_CURVE_WITH_KNOTS('',1,(#10823,#10824),.UNSPECIFIED.,
  .F.,.F.,(2,2),(236.2204,314.9606),.PIECEWISE_BEZIER_KNOTS.);
#10823 = CARTESIAN_POINT('',(-83.04716662433,-9.144018288037,
    6.00001016002));
#10824 = CARTESIAN_POINT('',(-83.04716662433,-9.144018288037,
    8.00001524003));
#10825 = ORIENTED_EDGE('',*,*,#10826,.F.);
#10826 = EDGE_CURVE('',#10820,#10820,#10827,.T.);
#10827 = ( BOUNDED_CURVE() B_SPLINE_CURVE(2,(#10828,#10829,#10830,#10831
    ,#10832,#10833,#10834),.UNSPECIFIED.,.T.,.F.) 
B_SPLINE_CURVE_WITH_KNOTS((1,2,2,2,2,1),(-2.094395102394,0.,
    2.094395102393,4.188790204786,6.28318530718,8.377580409573),
.UNSPECIFIED.) CURVE() GEOMETRIC_REPRESENTATION_ITEM() 
RATIONAL_B_SPLINE_CURVE((1.,0.5,1.,0.5,1.,0.5,1.)) REPRESENTATION_ITEM(
  '') );
#10828 = CARTESIAN_POINT('',(-83.04716662433,-9.144018288037,
    8.00001524003));
#10829 = CARTESIAN_POINT('',(-83.04716662433,-5.385461436485,
    8.00001524003));
#10830 = CARTESIAN_POINT('',(-86.30217233934,-7.264739862261,
    8.00001524003));
#10831 = CARTESIAN_POINT('',(-89.55717805435,-9.144018288037,
    8.00001524003));
#10832 = CARTESIAN_POINT('',(-86.30217233934,-11.02329671381,
    8.00001524003));
#10833 = CARTESIAN_POINT('',(-83.04716662433,-12.90257513958,
    8.00001524003));
#10834 = CARTESIAN_POINT('',(-83.04716662433,-9.144018288037,
    8.00001524003));
#10835 = ORIENTED_EDGE('',*,*,#10819,.F.);
#10836 = ORIENTED_EDGE('',*,*,#10837,.T.);
#10837 = EDGE_CURVE('',#10812,#10838,#10840,.T.);
#10838 = VERTEX_POINT('',#10839);
#10839 = CARTESIAN_POINT('',(-83.13176519519,-8.544017018034,
    6.00001016002));
#10840 = ( BOUNDED_CURVE() B_SPLINE_CURVE(2,(#10841,#10842,#10843),
.UNSPECIFIED.,.F.,.F.) B_SPLINE_CURVE_WITH_KNOTS((3,3),(0.,
0.280147910408),.PIECEWISE_BEZIER_KNOTS.) CURVE() 
GEOMETRIC_REPRESENTATION_ITEM() RATIONAL_B_SPLINE_CURVE((1.,
0.990205673565,1.)) REPRESENTATION_ITEM('') );
#10841 = CARTESIAN_POINT('',(-83.04716662433,-9.144018288037,
    6.00001016002));
#10842 = CARTESIAN_POINT('',(-83.04716662433,-8.838053567166,
    6.00001016002));
#10843 = CARTESIAN_POINT('',(-83.13176519519,-8.544017018034,
    6.00001016002));
#10844 = ORIENTED_EDGE('',*,*,#10845,.F.);
#10845 = EDGE_CURVE('',#7726,#10838,#10846,.T.);
#10846 = B_SPLINE_CURVE_WITH_KNOTS('',1,(#10847,#10848),.UNSPECIFIED.,
  .F.,.F.,(2,2),(59.0551,236.2204),.PIECEWISE_BEZIER_KNOTS.);
#10847 = CARTESIAN_POINT('',(-83.13176519519,-8.544017018034,
    1.500002540005));
#10848 = CARTESIAN_POINT('',(-83.13176519519,-8.544017018034,
    6.00001016002));
#10849 = ORIENTED_EDGE('',*,*,#7732,.T.);
#10850 = ORIENTED_EDGE('',*,*,#10851,.T.);
#10851 = EDGE_CURVE('',#7733,#10852,#10854,.T.);
#10852 = VERTEX_POINT('',#10853);
#10853 = CARTESIAN_POINT('',(-84.61716916433,-7.058613048894,
    6.00001016002));
#10854 = B_SPLINE_CURVE_WITH_KNOTS('',1,(#10855,#10856),.UNSPECIFIED.,
  .F.,.F.,(2,2),(59.0551,236.2204),.PIECEWISE_BEZIER_KNOTS.);
#10855 = CARTESIAN_POINT('',(-84.61716916433,-7.058613048894,
    1.500002540005));
#10856 = CARTESIAN_POINT('',(-84.61716916433,-7.058613048894,
    6.00001016002));
#10857 = ORIENTED_EDGE('',*,*,#10858,.T.);
#10858 = EDGE_CURVE('',#10852,#10859,#10861,.T.);
#10859 = VERTEX_POINT('',#10860);
#10860 = CARTESIAN_POINT('',(-85.81717170434,-7.058613048894,
    6.00001016002));
#10861 = ( BOUNDED_CURVE() B_SPLINE_CURVE(2,(#10862,#10863,#10864),
.UNSPECIFIED.,.F.,.F.) B_SPLINE_CURVE_WITH_KNOTS((3,3),(1.290648416387,
1.850944237203),.PIECEWISE_BEZIER_KNOTS.) CURVE() 
GEOMETRIC_REPRESENTATION_ITEM() RATIONAL_B_SPLINE_CURVE((1.,
0.961014551922,1.)) REPRESENTATION_ITEM('') );
#10862 = CARTESIAN_POINT('',(-84.61716916433,-7.058613048894,
    6.00001016002));
#10863 = CARTESIAN_POINT('',(-85.21717043434,-6.885983999514,
    6.00001016002));
#10864 = CARTESIAN_POINT('',(-85.81717170434,-7.058613048894,
    6.00001016002));
#10865 = ORIENTED_EDGE('',*,*,#10866,.F.);
#10866 = EDGE_CURVE('',#7755,#10859,#10867,.T.);
#10867 = B_SPLINE_CURVE_WITH_KNOTS('',1,(#10868,#10869),.UNSPECIFIED.,
  .F.,.F.,(2,2),(59.0551,236.2204),.PIECEWISE_BEZIER_KNOTS.);
#10868 = CARTESIAN_POINT('',(-85.81717170434,-7.058613048894,
    1.500002540005));
#10869 = CARTESIAN_POINT('',(-85.81717170434,-7.058613048894,
    6.00001016002));
#10870 = ORIENTED_EDGE('',*,*,#7761,.T.);
#10871 = ORIENTED_EDGE('',*,*,#10872,.T.);
#10872 = EDGE_CURVE('',#7762,#10873,#10875,.T.);
#10873 = VERTEX_POINT('',#10874);
#10874 = CARTESIAN_POINT('',(-87.30257567348,-8.544017018034,
    6.00001016002));
#10875 = B_SPLINE_CURVE_WITH_KNOTS('',1,(#10876,#10877),.UNSPECIFIED.,
  .F.,.F.,(2,2),(59.0551,236.2204),.PIECEWISE_BEZIER_KNOTS.);
#10876 = CARTESIAN_POINT('',(-87.30257567348,-8.544017018034,
    1.500002540005));
#10877 = CARTESIAN_POINT('',(-87.30257567348,-8.544017018034,
    6.00001016002));
#10878 = ORIENTED_EDGE('',*,*,#10879,.T.);
#10879 = EDGE_CURVE('',#10873,#10880,#10882,.T.);
#10880 = VERTEX_POINT('',#10881);
#10881 = CARTESIAN_POINT('',(-87.30257567348,-9.744019558039,
    6.00001016002));
#10882 = ( BOUNDED_CURVE() B_SPLINE_CURVE(2,(#10883,#10884,#10885),
.UNSPECIFIED.,.F.,.F.) B_SPLINE_CURVE_WITH_KNOTS((3,3),(2.861444743182,
3.421740563998),.PIECEWISE_BEZIER_KNOTS.) CURVE() 
GEOMETRIC_REPRESENTATION_ITEM() RATIONAL_B_SPLINE_CURVE((1.,
0.961014551922,1.)) REPRESENTATION_ITEM('') );
#10883 = CARTESIAN_POINT('',(-87.30257567348,-8.544017018034,
    6.00001016002));
#10884 = CARTESIAN_POINT('',(-87.47520472286,-9.144018288037,
    6.00001016002));
#10885 = CARTESIAN_POINT('',(-87.30257567348,-9.744019558039,
    6.00001016002));
#10886 = ORIENTED_EDGE('',*,*,#10887,.F.);
#10887 = EDGE_CURVE('',#7784,#10880,#10888,.T.);
#10888 = B_SPLINE_CURVE_WITH_KNOTS('',1,(#10889,#10890),.UNSPECIFIED.,
  .F.,.F.,(2,2),(59.0551,236.2204),.PIECEWISE_BEZIER_KNOTS.);
#10889 = CARTESIAN_POINT('',(-87.30257567348,-9.744019558039,
    1.500002540005));
#10890 = CARTESIAN_POINT('',(-87.30257567348,-9.744019558039,
    6.00001016002));
#10891 = ORIENTED_EDGE('',*,*,#7790,.T.);
#10892 = ORIENTED_EDGE('',*,*,#10893,.T.);
#10893 = EDGE_CURVE('',#7791,#10894,#10896,.T.);
#10894 = VERTEX_POINT('',#10895);
#10895 = CARTESIAN_POINT('',(-85.81717170434,-11.22942352717,
    6.00001016002));
#10896 = B_SPLINE_CURVE_WITH_KNOTS('',1,(#10897,#10898),.UNSPECIFIED.,
  .F.,.F.,(2,2),(59.0551,236.2204),.PIECEWISE_BEZIER_KNOTS.);
#10897 = CARTESIAN_POINT('',(-85.81717170434,-11.22942352717,
    1.500002540005));
#10898 = CARTESIAN_POINT('',(-85.81717170434,-11.22942352717,
    6.00001016002));
#10899 = ORIENTED_EDGE('',*,*,#10900,.T.);
#10900 = EDGE_CURVE('',#10894,#10768,#10901,.T.);
#10901 = ( BOUNDED_CURVE() B_SPLINE_CURVE(2,(#10902,#10903,#10904),
.UNSPECIFIED.,.F.,.F.) B_SPLINE_CURVE_WITH_KNOTS((3,3),(4.432241069977,
4.992536890792),.PIECEWISE_BEZIER_KNOTS.) CURVE() 
GEOMETRIC_REPRESENTATION_ITEM() RATIONAL_B_SPLINE_CURVE((1.,
0.961014551922,1.)) REPRESENTATION_ITEM('') );
#10902 = CARTESIAN_POINT('',(-85.81717170434,-11.22942352717,
    6.00001016002));
#10903 = CARTESIAN_POINT('',(-85.21717043434,-11.40205257655,
    6.00001016002));
#10904 = CARTESIAN_POINT('',(-84.61716916433,-11.22942352717,
    6.00001016002));
#10905 = ORIENTED_EDGE('',*,*,#10767,.F.);
#10906 = ORIENTED_EDGE('',*,*,#7703,.T.);
#10907 = ORIENTED_EDGE('',*,*,#10908,.T.);
#10908 = EDGE_CURVE('',#7704,#10810,#10909,.T.);
#10909 = B_SPLINE_CURVE_WITH_KNOTS('',1,(#10910,#10911),.UNSPECIFIED.,
  .F.,.F.,(2,2),(59.0551,236.2204),.PIECEWISE_BEZIER_KNOTS.);
#10910 = CARTESIAN_POINT('',(-83.13176519519,-9.744019558039,
    1.500002540005));
#10911 = CARTESIAN_POINT('',(-83.13176519519,-9.744019558039,
    6.00001016002));
#10912 = ( BOUNDED_SURFACE() B_SPLINE_SURFACE(2,1,(
    (#10913,#10914)
    ,(#10915,#10916)
    ,(#10917,#10918)
    ,(#10919,#10920)
    ,(#10921,#10922)
    ,(#10923,#10924)
    ,(#10925,#10926
)),.UNSPECIFIED.,.T.,.F.,.F.) B_SPLINE_SURFACE_WITH_KNOTS((1,2,2,2,2,1),
  (2,2),(-2.094395102394,0.,2.094395102393,4.188790204786,6.28318530718,
    8.377580409573),(59.0551,314.9606),.UNSPECIFIED.) 
GEOMETRIC_REPRESENTATION_ITEM() RATIONAL_B_SPLINE_SURFACE((
    (1.,1.)
    ,(0.5,0.5)
    ,(1.,1.)
    ,(0.5,0.5)
    ,(1.,1.)
    ,(0.5,0.5)
,(1.,1.))) REPRESENTATION_ITEM('') SURFACE() );
#10913 = CARTESIAN_POINT('',(-83.04716662433,-9.144018288037,
    1.500002540005));
#10914 = CARTESIAN_POINT('',(-83.04716662433,-9.144018288037,
    8.00001524003));
#10915 = CARTESIAN_POINT('',(-83.04716662433,-5.385461436485,
    1.500002540005));
#10916 = CARTESIAN_POINT('',(-83.04716662433,-5.385461436485,
    8.00001524003));
#10917 = CARTESIAN_POINT('',(-86.30217233934,-7.264739862261,
    1.500002540005));
#10918 = CARTESIAN_POINT('',(-86.30217233934,-7.264739862261,
    8.00001524003));
#10919 = CARTESIAN_POINT('',(-89.55717805435,-9.144018288037,
    1.500002540005));
#10920 = CARTESIAN_POINT('',(-89.55717805435,-9.144018288037,
    8.00001524003));
#10921 = CARTESIAN_POINT('',(-86.30217233934,-11.02329671381,
    1.500002540005));
#10922 = CARTESIAN_POINT('',(-86.30217233934,-11.02329671381,
    8.00001524003));
#10923 = CARTESIAN_POINT('',(-83.04716662433,-12.90257513958,
    1.500002540005));
#10924 = CARTESIAN_POINT('',(-83.04716662433,-12.90257513958,
    8.00001524003));
#10925 = CARTESIAN_POINT('',(-83.04716662433,-9.144018288037,
    1.500002540005));
#10926 = CARTESIAN_POINT('',(-83.04716662433,-9.144018288037,
    8.00001524003));
#10927 = ADVANCED_FACE('',(#10928),#10944,.F.);
#10928 = FACE_BOUND('',#10929,.F.);
#10929 = EDGE_LOOP('',(#10930,#10937,#10938,#10939));
#10930 = ORIENTED_EDGE('',*,*,#10931,.T.);
#10931 = EDGE_CURVE('',#10932,#7712,#10934,.T.);
#10932 = VERTEX_POINT('',#10933);
#10933 = CARTESIAN_POINT('',(-80.04716154432,-9.744019558039,
    6.00001016002));
#10934 = B_SPLINE_CURVE_WITH_KNOTS('',1,(#10935,#10936),.UNSPECIFIED.,
  .F.,.F.,(2,2),(0.,193.87512119952),.PIECEWISE_BEZIER_KNOTS.);
#10935 = CARTESIAN_POINT('',(-80.04716154432,-9.744019558039,
    6.00001016002));
#10936 = CARTESIAN_POINT('',(-78.04715646431,-9.744019558039,
    1.500002540005));
#10937 = ORIENTED_EDGE('',*,*,#7711,.F.);
#10938 = ORIENTED_EDGE('',*,*,#10908,.T.);
#10939 = ORIENTED_EDGE('',*,*,#10940,.T.);
#10940 = EDGE_CURVE('',#10810,#10932,#10941,.T.);
#10941 = B_SPLINE_CURVE_WITH_KNOTS('',1,(#10942,#10943),.UNSPECIFIED.,
  .F.,.F.,(2,2),(46.669354265036,168.1102),.PIECEWISE_BEZIER_KNOTS.);
#10942 = CARTESIAN_POINT('',(-83.13176519519,-9.744019558039,
    6.00001016002));
#10943 = CARTESIAN_POINT('',(-80.04716154432,-9.744019558039,
    6.00001016002));
#10944 = B_SPLINE_SURFACE_WITH_KNOTS('',1,1,(
    (#10945,#10946)
    ,(#10947,#10948
    )),.UNSPECIFIED.,.F.,.F.,.F.,(2,2),(2,2),(-136.9069320975,
    63.274113637369),(-49.31446136773,127.85083863226),
  .PIECEWISE_BEZIER_KNOTS.);
#10945 = CARTESIAN_POINT('',(-78.04715646431,-9.744019558039,
    1.500002540005));
#10946 = CARTESIAN_POINT('',(-78.04715646431,-9.744019558039,
    6.00001016002));
#10947 = CARTESIAN_POINT('',(-83.13176519519,-9.744019558039,
    1.500002540005));
#10948 = CARTESIAN_POINT('',(-83.13176519519,-9.744019558039,
    6.00001016002));
#10949 = ADVANCED_FACE('',(#10950),#10966,.T.);
#10950 = FACE_BOUND('',#10951,.T.);
#10951 = EDGE_LOOP('',(#10952,#10959,#10960,#10961));
#10952 = ORIENTED_EDGE('',*,*,#10953,.T.);
#10953 = EDGE_CURVE('',#10954,#10932,#10956,.T.);
#10954 = VERTEX_POINT('',#10955);
#10955 = CARTESIAN_POINT('',(-80.04716154432,-8.544017018034,
    6.00001016002));
#10956 = B_SPLINE_CURVE_WITH_KNOTS('',1,(#10957,#10958),.UNSPECIFIED.,
  .F.,.F.,(2,2),(0.,47.2441),.PIECEWISE_BEZIER_KNOTS.);
#10957 = CARTESIAN_POINT('',(-80.04716154432,-8.544017018034,
    6.00001016002));
#10958 = CARTESIAN_POINT('',(-80.04716154432,-9.744019558039,
    6.00001016002));
#10959 = ORIENTED_EDGE('',*,*,#10931,.T.);
#10960 = ORIENTED_EDGE('',*,*,#7718,.F.);
#10961 = ORIENTED_EDGE('',*,*,#10962,.F.);
#10962 = EDGE_CURVE('',#10954,#7719,#10963,.T.);
#10963 = B_SPLINE_CURVE_WITH_KNOTS('',1,(#10964,#10965),.UNSPECIFIED.,
  .F.,.F.,(2,2),(0.,193.87512119952),.PIECEWISE_BEZIER_KNOTS.);
#10964 = CARTESIAN_POINT('',(-80.04716154432,-8.544017018034,
    6.00001016002));
#10965 = CARTESIAN_POINT('',(-78.04715646431,-8.544017018034,
    1.500002540005));
#10966 = B_SPLINE_SURFACE_WITH_KNOTS('',1,1,(
    (#10967,#10968)
    ,(#10969,#10970
    )),.UNSPECIFIED.,.F.,.F.,.F.,(2,2),(2,2),(0.,193.87512119952),(
    -47.2441,0.),.PIECEWISE_BEZIER_KNOTS.);
#10967 = CARTESIAN_POINT('',(-80.04716154432,-9.744019558039,
    6.00001016002));
#10968 = CARTESIAN_POINT('',(-80.04716154432,-8.544017018034,
    6.00001016002));
#10969 = CARTESIAN_POINT('',(-78.04715646431,-9.744019558039,
    1.500002540005));
#10970 = CARTESIAN_POINT('',(-78.04715646431,-8.544017018034,
    1.500002540005));
#10971 = ADVANCED_FACE('',(#10972),#10982,.T.);
#10972 = FACE_BOUND('',#10973,.T.);
#10973 = EDGE_LOOP('',(#10974,#10975,#10976,#10977));
#10974 = ORIENTED_EDGE('',*,*,#10962,.T.);
#10975 = ORIENTED_EDGE('',*,*,#7725,.F.);
#10976 = ORIENTED_EDGE('',*,*,#10845,.T.);
#10977 = ORIENTED_EDGE('',*,*,#10978,.T.);
#10978 = EDGE_CURVE('',#10838,#10954,#10979,.T.);
#10979 = B_SPLINE_CURVE_WITH_KNOTS('',1,(#10980,#10981),.UNSPECIFIED.,
  .F.,.F.,(2,2),(46.669354265059,168.1102),.PIECEWISE_BEZIER_KNOTS.);
#10980 = CARTESIAN_POINT('',(-83.13176519519,-8.544017018034,
    6.00001016002));
#10981 = CARTESIAN_POINT('',(-80.04716154432,-8.544017018034,
    6.00001016002));
#10982 = B_SPLINE_SURFACE_WITH_KNOTS('',1,1,(
    (#10983,#10984)
    ,(#10985,#10986
    )),.UNSPECIFIED.,.F.,.F.,.F.,(2,2),(2,2),(-136.9069320975,
    63.274113637367),(-49.31446136773,127.85083863226),
  .PIECEWISE_BEZIER_KNOTS.);
#10983 = CARTESIAN_POINT('',(-78.04715646431,-8.544017018034,
    1.500002540005));
#10984 = CARTESIAN_POINT('',(-78.04715646431,-8.544017018034,
    6.00001016002));
#10985 = CARTESIAN_POINT('',(-83.13176519519,-8.544017018034,
    1.500002540005));
#10986 = CARTESIAN_POINT('',(-83.13176519519,-8.544017018034,
    6.00001016002));
#10987 = ADVANCED_FACE('',(#10988),#11004,.F.);
#10988 = FACE_BOUND('',#10989,.F.);
#10989 = EDGE_LOOP('',(#10990,#10997,#10998,#10999));
#10990 = ORIENTED_EDGE('',*,*,#10991,.T.);
#10991 = EDGE_CURVE('',#10992,#7741,#10994,.T.);
#10992 = VERTEX_POINT('',#10993);
#10993 = CARTESIAN_POINT('',(-84.61716916433,-3.974009398019,
    6.00001016002));
#10994 = B_SPLINE_CURVE_WITH_KNOTS('',1,(#10995,#10996),.UNSPECIFIED.,
  .F.,.F.,(2,2),(0.,193.87512119952),.PIECEWISE_BEZIER_KNOTS.);
#10995 = CARTESIAN_POINT('',(-84.61716916433,-3.974009398019,
    6.00001016002));
#10996 = CARTESIAN_POINT('',(-84.61716916433,-1.974004318009,
    1.500002540005));
#10997 = ORIENTED_EDGE('',*,*,#7740,.F.);
#10998 = ORIENTED_EDGE('',*,*,#10851,.T.);
#10999 = ORIENTED_EDGE('',*,*,#11000,.T.);
#11000 = EDGE_CURVE('',#10852,#10992,#11001,.T.);
#11001 = B_SPLINE_CURVE_WITH_KNOTS('',1,(#11002,#11003),.UNSPECIFIED.,
  .F.,.F.,(2,2),(46.669354265036,168.1102),.PIECEWISE_BEZIER_KNOTS.);
#11002 = CARTESIAN_POINT('',(-84.61716916433,-7.058613048894,
    6.00001016002));
#11003 = CARTESIAN_POINT('',(-84.61716916433,-3.974009398019,
    6.00001016002));
#11004 = B_SPLINE_SURFACE_WITH_KNOTS('',1,1,(
    (#11005,#11006)
    ,(#11007,#11008
    )),.UNSPECIFIED.,.F.,.F.,.F.,(2,2),(2,2),(-136.9069320975,
    63.274113637368),(-49.31446136773,127.85083863226),
  .PIECEWISE_BEZIER_KNOTS.);
#11005 = CARTESIAN_POINT('',(-84.61716916433,-1.974004318009,
    1.500002540005));
#11006 = CARTESIAN_POINT('',(-84.61716916433,-1.974004318009,
    6.00001016002));
#11007 = CARTESIAN_POINT('',(-84.61716916433,-7.058613048894,
    1.500002540005));
#11008 = CARTESIAN_POINT('',(-84.61716916433,-7.058613048894,
    6.00001016002));
#11009 = ADVANCED_FACE('',(#11010),#11026,.T.);
#11010 = FACE_BOUND('',#11011,.T.);
#11011 = EDGE_LOOP('',(#11012,#11019,#11020,#11021));
#11012 = ORIENTED_EDGE('',*,*,#11013,.T.);
#11013 = EDGE_CURVE('',#11014,#10992,#11016,.T.);
#11014 = VERTEX_POINT('',#11015);
#11015 = CARTESIAN_POINT('',(-85.81717170434,-3.974009398019,
    6.00001016002));
#11016 = B_SPLINE_CURVE_WITH_KNOTS('',1,(#11017,#11018),.UNSPECIFIED.,
  .F.,.F.,(2,2),(0.,47.2441),.PIECEWISE_BEZIER_KNOTS.);
#11017 = CARTESIAN_POINT('',(-85.81717170434,-3.974009398019,
    6.00001016002));
#11018 = CARTESIAN_POINT('',(-84.61716916433,-3.974009398019,
    6.00001016002));
#11019 = ORIENTED_EDGE('',*,*,#10991,.T.);
#11020 = ORIENTED_EDGE('',*,*,#7747,.F.);
#11021 = ORIENTED_EDGE('',*,*,#11022,.F.);
#11022 = EDGE_CURVE('',#11014,#7748,#11023,.T.);
#11023 = B_SPLINE_CURVE_WITH_KNOTS('',1,(#11024,#11025),.UNSPECIFIED.,
  .F.,.F.,(2,2),(0.,193.87512119952),.PIECEWISE_BEZIER_KNOTS.);
#11024 = CARTESIAN_POINT('',(-85.81717170434,-3.974009398019,
    6.00001016002));
#11025 = CARTESIAN_POINT('',(-85.81717170434,-1.974004318009,
    1.500002540005));
#11026 = B_SPLINE_SURFACE_WITH_KNOTS('',1,1,(
    (#11027,#11028)
    ,(#11029,#11030
    )),.UNSPECIFIED.,.F.,.F.,.F.,(2,2),(2,2),(0.,193.87512119952),(
    -47.2441,0.),.PIECEWISE_BEZIER_KNOTS.);
#11027 = CARTESIAN_POINT('',(-84.61716916433,-3.974009398019,
    6.00001016002));
#11028 = CARTESIAN_POINT('',(-85.81717170434,-3.974009398019,
    6.00001016002));
#11029 = CARTESIAN_POINT('',(-84.61716916433,-1.974004318009,
    1.500002540005));
#11030 = CARTESIAN_POINT('',(-85.81717170434,-1.974004318009,
    1.500002540005));
#11031 = ADVANCED_FACE('',(#11032),#11042,.T.);
#11032 = FACE_BOUND('',#11033,.T.);
#11033 = EDGE_LOOP('',(#11034,#11035,#11036,#11037));
#11034 = ORIENTED_EDGE('',*,*,#11022,.T.);
#11035 = ORIENTED_EDGE('',*,*,#7754,.F.);
#11036 = ORIENTED_EDGE('',*,*,#10866,.T.);
#11037 = ORIENTED_EDGE('',*,*,#11038,.T.);
#11038 = EDGE_CURVE('',#10859,#11014,#11039,.T.);
#11039 = B_SPLINE_CURVE_WITH_KNOTS('',1,(#11040,#11041),.UNSPECIFIED.,
  .F.,.F.,(2,2),(46.669354265036,168.1102),.PIECEWISE_BEZIER_KNOTS.);
#11040 = CARTESIAN_POINT('',(-85.81717170434,-7.058613048894,
    6.00001016002));
#11041 = CARTESIAN_POINT('',(-85.81717170434,-3.974009398019,
    6.00001016002));
#11042 = B_SPLINE_SURFACE_WITH_KNOTS('',1,1,(
    (#11043,#11044)
    ,(#11045,#11046
    )),.UNSPECIFIED.,.F.,.F.,.F.,(2,2),(2,2),(-136.9069320975,
    63.274113637368),(-49.31446136773,127.85083863226),
  .PIECEWISE_BEZIER_KNOTS.);
#11043 = CARTESIAN_POINT('',(-85.81717170434,-1.974004318009,
    1.500002540005));
#11044 = CARTESIAN_POINT('',(-85.81717170434,-1.974004318009,
    6.00001016002));
#11045 = CARTESIAN_POINT('',(-85.81717170434,-7.058613048894,
    1.500002540005));
#11046 = CARTESIAN_POINT('',(-85.81717170434,-7.058613048894,
    6.00001016002));
#11047 = ADVANCED_FACE('',(#11048),#11064,.F.);
#11048 = FACE_BOUND('',#11049,.F.);
#11049 = EDGE_LOOP('',(#11050,#11057,#11058,#11059));
#11050 = ORIENTED_EDGE('',*,*,#11051,.T.);
#11051 = EDGE_CURVE('',#11052,#7770,#11054,.T.);
#11052 = VERTEX_POINT('',#11053);
#11053 = CARTESIAN_POINT('',(-90.38717932435,-8.544017018034,
    6.00001016002));
#11054 = B_SPLINE_CURVE_WITH_KNOTS('',1,(#11055,#11056),.UNSPECIFIED.,
  .F.,.F.,(2,2),(0.,193.87512119952),.PIECEWISE_BEZIER_KNOTS.);
#11055 = CARTESIAN_POINT('',(-90.38717932435,-8.544017018034,
    6.00001016002));
#11056 = CARTESIAN_POINT('',(-92.38718440436,-8.544017018034,
    1.500002540005));
#11057 = ORIENTED_EDGE('',*,*,#7769,.F.);
#11058 = ORIENTED_EDGE('',*,*,#10872,.T.);
#11059 = ORIENTED_EDGE('',*,*,#11060,.T.);
#11060 = EDGE_CURVE('',#10873,#11052,#11061,.T.);
#11061 = B_SPLINE_CURVE_WITH_KNOTS('',1,(#11062,#11063),.UNSPECIFIED.,
  .F.,.F.,(2,2),(46.669354265059,168.1102),.PIECEWISE_BEZIER_KNOTS.);
#11062 = CARTESIAN_POINT('',(-87.30257567348,-8.544017018034,
    6.00001016002));
#11063 = CARTESIAN_POINT('',(-90.38717932435,-8.544017018034,
    6.00001016002));
#11064 = B_SPLINE_SURFACE_WITH_KNOTS('',1,1,(
    (#11065,#11066)
    ,(#11067,#11068
    )),.UNSPECIFIED.,.F.,.F.,.F.,(2,2),(2,2),(-136.9069320975,
    63.274113637366),(-49.31446136773,127.85083863226),
  .PIECEWISE_BEZIER_KNOTS.);
#11065 = CARTESIAN_POINT('',(-92.38718440436,-8.544017018034,
    1.500002540005));
#11066 = CARTESIAN_POINT('',(-92.38718440436,-8.544017018034,
    6.00001016002));
#11067 = CARTESIAN_POINT('',(-87.30257567348,-8.544017018034,
    1.500002540005));
#11068 = CARTESIAN_POINT('',(-87.30257567348,-8.544017018034,
    6.00001016002));
#11069 = ADVANCED_FACE('',(#11070),#11086,.T.);
#11070 = FACE_BOUND('',#11071,.T.);
#11071 = EDGE_LOOP('',(#11072,#11079,#11080,#11081));
#11072 = ORIENTED_EDGE('',*,*,#11073,.T.);
#11073 = EDGE_CURVE('',#11074,#11052,#11076,.T.);
#11074 = VERTEX_POINT('',#11075);
#11075 = CARTESIAN_POINT('',(-90.38717932435,-9.744019558039,
    6.00001016002));
#11076 = B_SPLINE_CURVE_WITH_KNOTS('',1,(#11077,#11078),.UNSPECIFIED.,
  .F.,.F.,(2,2),(0.,47.2441),.PIECEWISE_BEZIER_KNOTS.);
#11077 = CARTESIAN_POINT('',(-90.38717932435,-9.744019558039,
    6.00001016002));
#11078 = CARTESIAN_POINT('',(-90.38717932435,-8.544017018034,
    6.00001016002));
#11079 = ORIENTED_EDGE('',*,*,#11051,.T.);
#11080 = ORIENTED_EDGE('',*,*,#7776,.F.);
#11081 = ORIENTED_EDGE('',*,*,#11082,.F.);
#11082 = EDGE_CURVE('',#11074,#7777,#11083,.T.);
#11083 = B_SPLINE_CURVE_WITH_KNOTS('',1,(#11084,#11085),.UNSPECIFIED.,
  .F.,.F.,(2,2),(0.,193.87512119952),.PIECEWISE_BEZIER_KNOTS.);
#11084 = CARTESIAN_POINT('',(-90.38717932435,-9.744019558039,
    6.00001016002));
#11085 = CARTESIAN_POINT('',(-92.38718440436,-9.744019558039,
    1.500002540005));
#11086 = B_SPLINE_SURFACE_WITH_KNOTS('',1,1,(
    (#11087,#11088)
    ,(#11089,#11090
    )),.UNSPECIFIED.,.F.,.F.,.F.,(2,2),(2,2),(0.,193.87512119952),(
    -47.2441,0.),.PIECEWISE_BEZIER_KNOTS.);
#11087 = CARTESIAN_POINT('',(-90.38717932435,-8.544017018034,
    6.00001016002));
#11088 = CARTESIAN_POINT('',(-90.38717932435,-9.744019558039,
    6.00001016002));
#11089 = CARTESIAN_POINT('',(-92.38718440436,-8.544017018034,
    1.500002540005));
#11090 = CARTESIAN_POINT('',(-92.38718440436,-9.744019558039,
    1.500002540005));
#11091 = ADVANCED_FACE('',(#11092),#11102,.T.);
#11092 = FACE_BOUND('',#11093,.T.);
#11093 = EDGE_LOOP('',(#11094,#11095,#11096,#11097));
#11094 = ORIENTED_EDGE('',*,*,#11082,.T.);
#11095 = ORIENTED_EDGE('',*,*,#7783,.F.);
#11096 = ORIENTED_EDGE('',*,*,#10887,.T.);
#11097 = ORIENTED_EDGE('',*,*,#11098,.T.);
#11098 = EDGE_CURVE('',#10880,#11074,#11099,.T.);
#11099 = B_SPLINE_CURVE_WITH_KNOTS('',1,(#11100,#11101),.UNSPECIFIED.,
  .F.,.F.,(2,2),(46.669354265036,168.1102),.PIECEWISE_BEZIER_KNOTS.);
#11100 = CARTESIAN_POINT('',(-87.30257567348,-9.744019558039,
    6.00001016002));
#11101 = CARTESIAN_POINT('',(-90.38717932435,-9.744019558039,
    6.00001016002));
#11102 = B_SPLINE_SURFACE_WITH_KNOTS('',1,1,(
    (#11103,#11104)
    ,(#11105,#11106
    )),.UNSPECIFIED.,.F.,.F.,.F.,(2,2),(2,2),(-136.9069320975,
    63.274113637368),(-49.31446136773,127.85083863226),
  .PIECEWISE_BEZIER_KNOTS.);
#11103 = CARTESIAN_POINT('',(-92.38718440436,-9.744019558039,
    1.500002540005));
#11104 = CARTESIAN_POINT('',(-92.38718440436,-9.744019558039,
    6.00001016002));
#11105 = CARTESIAN_POINT('',(-87.30257567348,-9.744019558039,
    1.500002540005));
#11106 = CARTESIAN_POINT('',(-87.30257567348,-9.744019558039,
    6.00001016002));
#11107 = ADVANCED_FACE('',(#11108),#11139,.F.);
#11108 = FACE_BOUND('',#11109,.F.);
#11109 = EDGE_LOOP('',(#11110,#11111,#11112,#11113,#11120,#11127,#11134)
  );
#11110 = ORIENTED_EDGE('',*,*,#10641,.F.);
#11111 = ORIENTED_EDGE('',*,*,#7798,.F.);
#11112 = ORIENTED_EDGE('',*,*,#10893,.T.);
#11113 = ORIENTED_EDGE('',*,*,#11114,.T.);
#11114 = EDGE_CURVE('',#10894,#11115,#11117,.T.);
#11115 = VERTEX_POINT('',#11116);
#11116 = CARTESIAN_POINT('',(-85.81717170434,-14.31402717805,
    6.00001016002));
#11117 = B_SPLINE_CURVE_WITH_KNOTS('',1,(#11118,#11119),.UNSPECIFIED.,
  .F.,.F.,(2,2),(46.669354265014,168.1102),.PIECEWISE_BEZIER_KNOTS.);
#11118 = CARTESIAN_POINT('',(-85.81717170434,-11.22942352717,
    6.00001016002));
#11119 = CARTESIAN_POINT('',(-85.81717170434,-14.31402717805,
    6.00001016002));
#11120 = ORIENTED_EDGE('',*,*,#11121,.T.);
#11121 = EDGE_CURVE('',#11115,#11122,#11124,.T.);
#11122 = VERTEX_POINT('',#11123);
#11123 = CARTESIAN_POINT('',(-85.81717170434,-15.79927990856,
    2.658194345788));
#11124 = B_SPLINE_CURVE_WITH_KNOTS('',1,(#11125,#11126),.UNSPECIFIED.,
  .F.,.F.,(2,2),(0.,143.97641086852),.PIECEWISE_BEZIER_KNOTS.);
#11125 = CARTESIAN_POINT('',(-85.81717170434,-14.31402717805,
    6.00001016002));
#11126 = CARTESIAN_POINT('',(-85.81717170434,-15.79927990856,
    2.658194345788));
#11127 = ORIENTED_EDGE('',*,*,#11128,.F.);
#11128 = EDGE_CURVE('',#11129,#11122,#11131,.T.);
#11129 = VERTEX_POINT('',#11130);
#11130 = CARTESIAN_POINT('',(-85.81717170434,-17.28453263906,
    6.00001016002));
#11131 = B_SPLINE_CURVE_WITH_KNOTS('',1,(#11132,#11133),.UNSPECIFIED.,
  .F.,.F.,(2,2),(0.,143.97641086852),.PIECEWISE_BEZIER_KNOTS.);
#11132 = CARTESIAN_POINT('',(-85.81717170434,-17.28453263906,
    6.00001016002));
#11133 = CARTESIAN_POINT('',(-85.81717170434,-15.79927990856,
    2.658194345788));
#11134 = ORIENTED_EDGE('',*,*,#11135,.F.);
#11135 = EDGE_CURVE('',#10634,#11129,#11136,.T.);
#11136 = B_SPLINE_CURVE_WITH_KNOTS('',1,(#11137,#11138),.UNSPECIFIED.,
  .F.,.F.,(2,2),(46.669354265036,168.1102),.PIECEWISE_BEZIER_KNOTS.);
#11137 = CARTESIAN_POINT('',(-85.81717170434,-20.36913628994,
    6.00001016002));
#11138 = CARTESIAN_POINT('',(-85.81717170434,-17.28453263906,
    6.00001016002));
#11139 = B_SPLINE_SURFACE_WITH_KNOTS('',1,1,(
    (#11140,#11141)
    ,(#11142,#11143
    )),.UNSPECIFIED.,.F.,.F.,.F.,(2,2),(2,2),(-296.5563778325,
    63.274113637391),(-49.31446136773,127.85083863226),
  .PIECEWISE_BEZIER_KNOTS.);
#11140 = CARTESIAN_POINT('',(-85.81717170434,-20.36913628994,
    1.500002540005));
#11141 = CARTESIAN_POINT('',(-85.81717170434,-20.36913628994,
    6.00001016002));
#11142 = CARTESIAN_POINT('',(-85.81717170434,-11.22942352717,
    1.500002540005));
#11143 = CARTESIAN_POINT('',(-85.81717170434,-11.22942352717,
    6.00001016002));
#11144 = ADVANCED_FACE('',(#11145),#11161,.F.);
#11145 = FACE_BOUND('',#11146,.F.);
#11146 = EDGE_LOOP('',(#11147,#11154,#11155,#11156));
#11147 = ORIENTED_EDGE('',*,*,#11148,.T.);
#11148 = EDGE_CURVE('',#11149,#7814,#11151,.T.);
#11149 = VERTEX_POINT('',#11150);
#11150 = CARTESIAN_POINT('',(-90.38717932435,-21.85454025908,
    6.00001016002));
#11151 = B_SPLINE_CURVE_WITH_KNOTS('',1,(#11152,#11153),.UNSPECIFIED.,
  .F.,.F.,(2,2),(0.,193.87512119952),.PIECEWISE_BEZIER_KNOTS.);
#11152 = CARTESIAN_POINT('',(-90.38717932435,-21.85454025908,
    6.00001016002));
#11153 = CARTESIAN_POINT('',(-92.38718440436,-21.85454025908,
    1.500002540005));
#11154 = ORIENTED_EDGE('',*,*,#7813,.F.);
#11155 = ORIENTED_EDGE('',*,*,#10647,.T.);
#11156 = ORIENTED_EDGE('',*,*,#11157,.T.);
#11157 = EDGE_CURVE('',#10648,#11149,#11158,.T.);
#11158 = B_SPLINE_CURVE_WITH_KNOTS('',1,(#11159,#11160),.UNSPECIFIED.,
  .F.,.F.,(2,2),(46.669354265036,168.1102),.PIECEWISE_BEZIER_KNOTS.);
#11159 = CARTESIAN_POINT('',(-87.30257567348,-21.85454025908,
    6.00001016002));
#11160 = CARTESIAN_POINT('',(-90.38717932435,-21.85454025908,
    6.00001016002));
#11161 = B_SPLINE_SURFACE_WITH_KNOTS('',1,1,(
    (#11162,#11163)
    ,(#11164,#11165
    )),.UNSPECIFIED.,.F.,.F.,.F.,(2,2),(2,2),(-136.9069320975,
    63.274113637368),(-49.31446136773,127.85083863226),
  .PIECEWISE_BEZIER_KNOTS.);
#11162 = CARTESIAN_POINT('',(-92.38718440436,-21.85454025908,
    1.500002540005));
#11163 = CARTESIAN_POINT('',(-92.38718440436,-21.85454025908,
    6.00001016002));
#11164 = CARTESIAN_POINT('',(-87.30257567348,-21.85454025908,
    1.500002540005));
#11165 = CARTESIAN_POINT('',(-87.30257567348,-21.85454025908,
    6.00001016002));
#11166 = ADVANCED_FACE('',(#11167),#11183,.T.);
#11167 = FACE_BOUND('',#11168,.T.);
#11168 = EDGE_LOOP('',(#11169,#11176,#11177,#11178));
#11169 = ORIENTED_EDGE('',*,*,#11170,.T.);
#11170 = EDGE_CURVE('',#11171,#11149,#11173,.T.);
#11171 = VERTEX_POINT('',#11172);
#11172 = CARTESIAN_POINT('',(-90.38717932435,-23.05454279908,
    6.00001016002));
#11173 = B_SPLINE_CURVE_WITH_KNOTS('',1,(#11174,#11175),.UNSPECIFIED.,
  .F.,.F.,(2,2),(0.,47.2441),.PIECEWISE_BEZIER_KNOTS.);
#11174 = CARTESIAN_POINT('',(-90.38717932435,-23.05454279908,
    6.00001016002));
#11175 = CARTESIAN_POINT('',(-90.38717932435,-21.85454025908,
    6.00001016002));
#11176 = ORIENTED_EDGE('',*,*,#11148,.T.);
#11177 = ORIENTED_EDGE('',*,*,#7820,.F.);
#11178 = ORIENTED_EDGE('',*,*,#11179,.F.);
#11179 = EDGE_CURVE('',#11171,#7821,#11180,.T.);
#11180 = B_SPLINE_CURVE_WITH_KNOTS('',1,(#11181,#11182),.UNSPECIFIED.,
  .F.,.F.,(2,2),(0.,193.87512119952),.PIECEWISE_BEZIER_KNOTS.);
#11181 = CARTESIAN_POINT('',(-90.38717932435,-23.05454279908,
    6.00001016002));
#11182 = CARTESIAN_POINT('',(-92.38718440436,-23.05454279908,
    1.500002540005));
#11183 = B_SPLINE_SURFACE_WITH_KNOTS('',1,1,(
    (#11184,#11185)
    ,(#11186,#11187
    )),.UNSPECIFIED.,.F.,.F.,.F.,(2,2),(2,2),(0.,193.87512119952),(
    -47.2441,0.),.PIECEWISE_BEZIER_KNOTS.);
#11184 = CARTESIAN_POINT('',(-90.38717932435,-21.85454025908,
    6.00001016002));
#11185 = CARTESIAN_POINT('',(-90.38717932435,-23.05454279908,
    6.00001016002));
#11186 = CARTESIAN_POINT('',(-92.38718440436,-21.85454025908,
    1.500002540005));
#11187 = CARTESIAN_POINT('',(-92.38718440436,-23.05454279908,
    1.500002540005));
#11188 = ADVANCED_FACE('',(#11189),#11199,.T.);
#11189 = FACE_BOUND('',#11190,.T.);
#11190 = EDGE_LOOP('',(#11191,#11192,#11193,#11194));
#11191 = ORIENTED_EDGE('',*,*,#11179,.T.);
#11192 = ORIENTED_EDGE('',*,*,#7827,.F.);
#11193 = ORIENTED_EDGE('',*,*,#10662,.T.);
#11194 = ORIENTED_EDGE('',*,*,#11195,.T.);
#11195 = EDGE_CURVE('',#10655,#11171,#11196,.T.);
#11196 = B_SPLINE_CURVE_WITH_KNOTS('',1,(#11197,#11198),.UNSPECIFIED.,
  .F.,.F.,(2,2),(46.669354265036,168.1102),.PIECEWISE_BEZIER_KNOTS.);
#11197 = CARTESIAN_POINT('',(-87.30257567348,-23.05454279908,
    6.00001016002));
#11198 = CARTESIAN_POINT('',(-90.38717932435,-23.05454279908,
    6.00001016002));
#11199 = B_SPLINE_SURFACE_WITH_KNOTS('',1,1,(
    (#11200,#11201)
    ,(#11202,#11203
    )),.UNSPECIFIED.,.F.,.F.,.F.,(2,2),(2,2),(-136.9069320975,
    63.274113637368),(-49.31446136773,127.85083863226),
  .PIECEWISE_BEZIER_KNOTS.);
#11200 = CARTESIAN_POINT('',(-92.38718440436,-23.05454279908,
    1.500002540005));
#11201 = CARTESIAN_POINT('',(-92.38718440436,-23.05454279908,
    6.00001016002));
#11202 = CARTESIAN_POINT('',(-87.30257567348,-23.05454279908,
    1.500002540005));
#11203 = CARTESIAN_POINT('',(-87.30257567348,-23.05454279908,
    6.00001016002));
#11204 = ADVANCED_FACE('',(#11205),#11222,.F.);
#11205 = FACE_BOUND('',#11206,.F.);
#11206 = EDGE_LOOP('',(#11207,#11208,#11209,#11210,#11217));
#11207 = ORIENTED_EDGE('',*,*,#8676,.F.);
#11208 = ORIENTED_EDGE('',*,*,#7842,.F.);
#11209 = ORIENTED_EDGE('',*,*,#10668,.T.);
#11210 = ORIENTED_EDGE('',*,*,#11211,.T.);
#11211 = EDGE_CURVE('',#10669,#11212,#11214,.T.);
#11212 = VERTEX_POINT('',#11213);
#11213 = CARTESIAN_POINT('',(-85.81717170434,-27.6245504191,
    6.00001016002));
#11214 = B_SPLINE_CURVE_WITH_KNOTS('',1,(#11215,#11216),.UNSPECIFIED.,
  .F.,.F.,(2,2),(46.669354265059,168.1102),.PIECEWISE_BEZIER_KNOTS.);
#11215 = CARTESIAN_POINT('',(-85.81717170434,-24.53994676822,
    6.00001016002));
#11216 = CARTESIAN_POINT('',(-85.81717170434,-27.6245504191,
    6.00001016002));
#11217 = ORIENTED_EDGE('',*,*,#11218,.T.);
#11218 = EDGE_CURVE('',#11212,#8677,#11219,.T.);
#11219 = B_SPLINE_CURVE_WITH_KNOTS('',1,(#11220,#11221),.UNSPECIFIED.,
  .F.,.F.,(2,2),(0.,179.48028703516),.PIECEWISE_BEZIER_KNOTS.);
#11220 = CARTESIAN_POINT('',(-85.81717170434,-27.6245504191,
    6.00001016002));
#11221 = CARTESIAN_POINT('',(-85.81717170434,-29.47605918211,
    1.834118970353));
#11222 = B_SPLINE_SURFACE_WITH_KNOTS('',1,1,(
    (#11223,#11224)
    ,(#11225,#11226
    )),.UNSPECIFIED.,.F.,.F.,.F.,(2,2),(2,2),(-131.0606320975,
    63.274113637365),(-49.31446136773,127.85083863226),
  .PIECEWISE_BEZIER_KNOTS.);
#11223 = CARTESIAN_POINT('',(-85.81717170434,-29.47605918211,
    1.500002540005));
#11224 = CARTESIAN_POINT('',(-85.81717170434,-29.47605918211,
    6.00001016002));
#11225 = CARTESIAN_POINT('',(-85.81717170434,-24.53994676822,
    1.500002540005));
#11226 = CARTESIAN_POINT('',(-85.81717170434,-24.53994676822,
    6.00001016002));
#11227 = ADVANCED_FACE('',(#11228),#11250,.T.);
#11228 = FACE_BOUND('',#11229,.T.);
#11229 = EDGE_LOOP('',(#11230,#11239,#11244,#11245));
#11230 = ORIENTED_EDGE('',*,*,#11231,.T.);
#11231 = EDGE_CURVE('',#11232,#11234,#11236,.T.);
#11232 = VERTEX_POINT('',#11233);
#11233 = CARTESIAN_POINT('',(-81.45216272288,86.579173177546,
    4.000008636017));
#11234 = VERTEX_POINT('',#11235);
#11235 = CARTESIAN_POINT('',(-81.45216272288,85.379170739142,
    4.000008636017));
#11236 = B_SPLINE_CURVE_WITH_KNOTS('',1,(#11237,#11238),.UNSPECIFIED.,
  .F.,.F.,(2,2),(0.,47.244096),.PIECEWISE_BEZIER_KNOTS.);
#11237 = CARTESIAN_POINT('',(-81.45216272288,86.579173177546,
    4.000008636017));
#11238 = CARTESIAN_POINT('',(-81.45216272288,85.379170739142,
    4.000008636017));
#11239 = ORIENTED_EDGE('',*,*,#11240,.T.);
#11240 = EDGE_CURVE('',#11234,#7866,#11241,.T.);
#11241 = B_SPLINE_CURVE_WITH_KNOTS('',1,(#11242,#11243),.UNSPECIFIED.,
  .F.,.F.,(2,2),(0.,126.04578797359),.PIECEWISE_BEZIER_KNOTS.);
#11242 = CARTESIAN_POINT('',(-81.45216272288,85.379170739142,
    4.000008636017));
#11243 = CARTESIAN_POINT('',(-79.45215865887,85.379170739142,
    1.500002540005));
#11244 = ORIENTED_EDGE('',*,*,#7863,.F.);
#11245 = ORIENTED_EDGE('',*,*,#11246,.F.);
#11246 = EDGE_CURVE('',#11232,#7864,#11247,.T.);
#11247 = B_SPLINE_CURVE_WITH_KNOTS('',1,(#11248,#11249),.UNSPECIFIED.,
  .F.,.F.,(2,2),(0.,126.04578797359),.PIECEWISE_BEZIER_KNOTS.);
#11248 = CARTESIAN_POINT('',(-81.45216272288,86.579173177546,
    4.000008636017));
#11249 = CARTESIAN_POINT('',(-79.45215865887,86.579173177546,
    1.500002540005));
#11250 = B_SPLINE_SURFACE_WITH_KNOTS('',1,1,(
    (#11251,#11252)
    ,(#11253,#11254
    )),.UNSPECIFIED.,.F.,.F.,.F.,(2,2),(2,2),(0.,126.04578797359),(
    -47.244096,0.),.PIECEWISE_BEZIER_KNOTS.);
#11251 = CARTESIAN_POINT('',(-81.45216272288,85.379170739142,
    4.000008636017));
#11252 = CARTESIAN_POINT('',(-81.45216272288,86.579173177546,
    4.000008636017));
#11253 = CARTESIAN_POINT('',(-79.45215865887,85.379170739142,
    1.500002540005));
#11254 = CARTESIAN_POINT('',(-79.45215865887,86.579173177546,
    1.500002540005));
#11255 = ADVANCED_FACE('',(#11256),#11272,.T.);
#11256 = FACE_BOUND('',#11257,.T.);
#11257 = EDGE_LOOP('',(#11258,#11259,#11260,#11267));
#11258 = ORIENTED_EDGE('',*,*,#11246,.T.);
#11259 = ORIENTED_EDGE('',*,*,#7872,.F.);
#11260 = ORIENTED_EDGE('',*,*,#11261,.T.);
#11261 = EDGE_CURVE('',#7873,#11262,#11264,.T.);
#11262 = VERTEX_POINT('',#11263);
#11263 = CARTESIAN_POINT('',(-84.52045798216,86.579173177546,
    4.000008636017));
#11264 = B_SPLINE_CURVE_WITH_KNOTS('',1,(#11265,#11266),.UNSPECIFIED.,
  .F.,.F.,(2,2),(59.0551,157.48034),.PIECEWISE_BEZIER_KNOTS.);
#11265 = CARTESIAN_POINT('',(-84.52045798216,86.579173177546,
    1.500002540005));
#11266 = CARTESIAN_POINT('',(-84.52045798216,86.579173177546,
    4.000008636017));
#11267 = ORIENTED_EDGE('',*,*,#11268,.T.);
#11268 = EDGE_CURVE('',#11262,#11232,#11269,.T.);
#11269 = B_SPLINE_CURVE_WITH_KNOTS('',1,(#11270,#11271),.UNSPECIFIED.,
  .F.,.F.,(2,2),(47.311457242019,168.1102416),.PIECEWISE_BEZIER_KNOTS.);
#11270 = CARTESIAN_POINT('',(-84.52045798216,86.579173177546,
    4.000008636017));
#11271 = CARTESIAN_POINT('',(-81.45216272288,86.579173177546,
    4.000008636017));
#11272 = B_SPLINE_SURFACE_WITH_KNOTS('',1,1,(
    (#11273,#11274)
    ,(#11275,#11276
    )),.UNSPECIFIED.,.F.,.F.,.F.,(2,2),(2,2),(-134.2125579718,
    65.326386386175),(-12.57728272407,85.847957275928),
  .PIECEWISE_BEZIER_KNOTS.);
#11273 = CARTESIAN_POINT('',(-79.45215865887,86.579173177546,
    1.500002540005));
#11274 = CARTESIAN_POINT('',(-79.45215865887,86.579173177546,
    4.000008636017));
#11275 = CARTESIAN_POINT('',(-84.52045798216,86.579173177546,
    1.500002540005));
#11276 = CARTESIAN_POINT('',(-84.52045798216,86.579173177546,
    4.000008636017));
#11277 = ADVANCED_FACE('',(#11278),#11384,.T.);
#11278 = FACE_BOUND('',#11279,.T.);
#11279 = EDGE_LOOP('',(#11280,#11290,#11297,#11307,#11308,#11314,#11315,
    #11316,#11323,#11331,#11336,#11337,#11344,#11352,#11357,#11358,
    #11365,#11373,#11378,#11379));
#11280 = ORIENTED_EDGE('',*,*,#11281,.T.);
#11281 = EDGE_CURVE('',#11282,#11284,#11286,.T.);
#11282 = VERTEX_POINT('',#11283);
#11283 = CARTESIAN_POINT('',(-84.52045798216,85.379170739142,
    4.000008636017));
#11284 = VERTEX_POINT('',#11285);
#11285 = CARTESIAN_POINT('',(-84.45216881889,85.979171958344,
    4.000008636017));
#11286 = ( BOUNDED_CURVE() B_SPLINE_CURVE(2,(#11287,#11288,#11289),
.UNSPECIFIED.,.F.,.F.) B_SPLINE_CURVE_WITH_KNOTS((3,3),(6.056530552424,
6.28318530718),.PIECEWISE_BEZIER_KNOTS.) CURVE() 
GEOMETRIC_REPRESENTATION_ITEM() RATIONAL_B_SPLINE_CURVE((1.,
0.993585322538,1.)) REPRESENTATION_ITEM('') );
#11287 = CARTESIAN_POINT('',(-84.52045798216,85.379170739141,
    4.000008636017));
#11288 = CARTESIAN_POINT('',(-84.45216881889,85.675285181789,
    4.000008636017));
#11289 = CARTESIAN_POINT('',(-84.45216881889,85.979171958344,
    4.000008636017));
#11290 = ORIENTED_EDGE('',*,*,#11291,.T.);
#11291 = EDGE_CURVE('',#11284,#11292,#11294,.T.);
#11292 = VERTEX_POINT('',#11293);
#11293 = CARTESIAN_POINT('',(-84.45216881889,85.979171958344,
    6.000012700025));
#11294 = B_SPLINE_CURVE_WITH_KNOTS('',1,(#11295,#11296),.UNSPECIFIED.,
  .F.,.F.,(2,2),(157.48034,236.2205),.PIECEWISE_BEZIER_KNOTS.);
#11295 = CARTESIAN_POINT('',(-84.45216881889,85.979171958344,
    4.000008636017));
#11296 = CARTESIAN_POINT('',(-84.45216881889,85.979171958344,
    6.000012700025));
#11297 = ORIENTED_EDGE('',*,*,#11298,.F.);
#11298 = EDGE_CURVE('',#11292,#11292,#11299,.T.);
#11299 = ( BOUNDED_CURVE() B_SPLINE_CURVE(2,(#11300,#11301,#11302,#11303
    ,#11304,#11305,#11306),.UNSPECIFIED.,.T.,.F.) 
B_SPLINE_CURVE_WITH_KNOTS((1,2,2,2,2,1),(-2.094395102394,0.,
    2.094395102393,4.188790204786,6.28318530718,8.377580409573),
.UNSPECIFIED.) CURVE() GEOMETRIC_REPRESENTATION_ITEM() 
RATIONAL_B_SPLINE_CURVE((1.,0.5,1.,0.5,1.,0.5,1.)) REPRESENTATION_ITEM(
  '') );
#11300 = CARTESIAN_POINT('',(-84.45216881889,85.979171958344,
    6.000012700025));
#11301 = CARTESIAN_POINT('',(-84.45216881889,90.603757011709,
    6.000012700025));
#11302 = CARTESIAN_POINT('',(-88.45717695707,88.291464485027,
    6.000012700025));
#11303 = CARTESIAN_POINT('',(-92.46218509525,85.979171958344,
    6.000012700025));
#11304 = CARTESIAN_POINT('',(-88.45717695707,83.666879431661,
    6.000012700025));
#11305 = CARTESIAN_POINT('',(-84.45216881889,81.354586904978,
    6.000012700025));
#11306 = CARTESIAN_POINT('',(-84.45216881889,85.979171958344,
    6.000012700025));
#11307 = ORIENTED_EDGE('',*,*,#11291,.F.);
#11308 = ORIENTED_EDGE('',*,*,#11309,.T.);
#11309 = EDGE_CURVE('',#11284,#11262,#11310,.T.);
#11310 = ( BOUNDED_CURVE() B_SPLINE_CURVE(2,(#11311,#11312,#11313),
.UNSPECIFIED.,.F.,.F.) B_SPLINE_CURVE_WITH_KNOTS((3,3),(0.,
0.226654754756),.PIECEWISE_BEZIER_KNOTS.) CURVE() 
GEOMETRIC_REPRESENTATION_ITEM() RATIONAL_B_SPLINE_CURVE((1.,
0.993585322538,1.)) REPRESENTATION_ITEM('') );
#11311 = CARTESIAN_POINT('',(-84.45216881889,85.979171958344,
    4.000008636017));
#11312 = CARTESIAN_POINT('',(-84.45216881889,86.283058734899,
    4.000008636017));
#11313 = CARTESIAN_POINT('',(-84.52045798216,86.579173177546,
    4.000008636017));
#11314 = ORIENTED_EDGE('',*,*,#11261,.F.);
#11315 = ORIENTED_EDGE('',*,*,#7879,.T.);
#11316 = ORIENTED_EDGE('',*,*,#11317,.T.);
#11317 = EDGE_CURVE('',#7880,#11318,#11320,.T.);
#11318 = VERTEX_POINT('',#11319);
#11319 = CARTESIAN_POINT('',(-86.52217302514,88.580888220525,
    4.000008636017));
#11320 = B_SPLINE_CURVE_WITH_KNOTS('',1,(#11321,#11322),.UNSPECIFIED.,
  .F.,.F.,(2,2),(59.0551,157.48034),.PIECEWISE_BEZIER_KNOTS.);
#11321 = CARTESIAN_POINT('',(-86.52217302514,88.580888220524,
    1.500002540005));
#11322 = CARTESIAN_POINT('',(-86.52217302514,88.580888220524,
    4.000008636017));
#11323 = ORIENTED_EDGE('',*,*,#11324,.T.);
#11324 = EDGE_CURVE('',#11318,#11325,#11327,.T.);
#11325 = VERTEX_POINT('',#11326);
#11326 = CARTESIAN_POINT('',(-87.72217546355,88.580888220525,
    4.000008636017));
#11327 = ( BOUNDED_CURVE() B_SPLINE_CURVE(2,(#11328,#11329,#11330),
.UNSPECIFIED.,.F.,.F.) B_SPLINE_CURVE_WITH_KNOTS((3,3),(1.344141572039,
1.79745108155),.PIECEWISE_BEZIER_KNOTS.) CURVE() 
GEOMETRIC_REPRESENTATION_ITEM() RATIONAL_B_SPLINE_CURVE((1.,
0.974423586327,1.)) REPRESENTATION_ITEM('') );
#11328 = CARTESIAN_POINT('',(-86.52217302514,88.580888220524,
    4.000008636017));
#11329 = CARTESIAN_POINT('',(-87.12217424434,88.719258983039,
    4.000008636017));
#11330 = CARTESIAN_POINT('',(-87.72217546355,88.580888220524,
    4.000008636017));
#11331 = ORIENTED_EDGE('',*,*,#11332,.F.);
#11332 = EDGE_CURVE('',#7902,#11325,#11333,.T.);
#11333 = B_SPLINE_CURVE_WITH_KNOTS('',1,(#11334,#11335),.UNSPECIFIED.,
  .F.,.F.,(2,2),(59.0551,157.48034),.PIECEWISE_BEZIER_KNOTS.);
#11334 = CARTESIAN_POINT('',(-87.72217546355,88.580888220524,
    1.500002540005));
#11335 = CARTESIAN_POINT('',(-87.72217546355,88.580888220524,
    4.000008636017));
#11336 = ORIENTED_EDGE('',*,*,#7908,.T.);
#11337 = ORIENTED_EDGE('',*,*,#11338,.T.);
#11338 = EDGE_CURVE('',#7909,#11339,#11341,.T.);
#11339 = VERTEX_POINT('',#11340);
#11340 = CARTESIAN_POINT('',(-89.72389050652,86.579173177546,
    4.000008636017));
#11341 = B_SPLINE_CURVE_WITH_KNOTS('',1,(#11342,#11343),.UNSPECIFIED.,
  .F.,.F.,(2,2),(59.0551,157.48034),.PIECEWISE_BEZIER_KNOTS.);
#11342 = CARTESIAN_POINT('',(-89.72389050652,86.579173177546,
    1.500002540005));
#11343 = CARTESIAN_POINT('',(-89.72389050652,86.579173177546,
    4.000008636017));
#11344 = ORIENTED_EDGE('',*,*,#11345,.T.);
#11345 = EDGE_CURVE('',#11339,#11346,#11348,.T.);
#11346 = VERTEX_POINT('',#11347);
#11347 = CARTESIAN_POINT('',(-89.72389050652,85.379170739141,
    4.000008636017));
#11348 = ( BOUNDED_CURVE() B_SPLINE_CURVE(2,(#11349,#11350,#11351),
.UNSPECIFIED.,.F.,.F.) B_SPLINE_CURVE_WITH_KNOTS((3,3),(2.914937898834,
3.368247408345),.PIECEWISE_BEZIER_KNOTS.) CURVE() 
GEOMETRIC_REPRESENTATION_ITEM() RATIONAL_B_SPLINE_CURVE((1.,
0.974423586327,1.)) REPRESENTATION_ITEM('') );
#11349 = CARTESIAN_POINT('',(-89.72389050652,86.579173177546,
    4.000008636017));
#11350 = CARTESIAN_POINT('',(-89.86226126904,85.979171958344,
    4.000008636017));
#11351 = CARTESIAN_POINT('',(-89.72389050652,85.379170739141,
    4.000008636017));
#11352 = ORIENTED_EDGE('',*,*,#11353,.F.);
#11353 = EDGE_CURVE('',#7931,#11346,#11354,.T.);
#11354 = B_SPLINE_CURVE_WITH_KNOTS('',1,(#11355,#11356),.UNSPECIFIED.,
  .F.,.F.,(2,2),(59.0551,157.48034),.PIECEWISE_BEZIER_KNOTS.);
#11355 = CARTESIAN_POINT('',(-89.72389050652,85.379170739141,
    1.500002540005));
#11356 = CARTESIAN_POINT('',(-89.72389050652,85.379170739141,
    4.000008636017));
#11357 = ORIENTED_EDGE('',*,*,#7937,.T.);
#11358 = ORIENTED_EDGE('',*,*,#11359,.T.);
#11359 = EDGE_CURVE('',#7938,#11360,#11362,.T.);
#11360 = VERTEX_POINT('',#11361);
#11361 = CARTESIAN_POINT('',(-87.72217546355,83.377455696163,
    4.000008636017));
#11362 = B_SPLINE_CURVE_WITH_KNOTS('',1,(#11363,#11364),.UNSPECIFIED.,
  .F.,.F.,(2,2),(59.0551,157.48034),.PIECEWISE_BEZIER_KNOTS.);
#11363 = CARTESIAN_POINT('',(-87.72217546355,83.377455696164,
    1.500002540005));
#11364 = CARTESIAN_POINT('',(-87.72217546355,83.377455696164,
    4.000008636017));
#11365 = ORIENTED_EDGE('',*,*,#11366,.T.);
#11366 = EDGE_CURVE('',#11360,#11367,#11369,.T.);
#11367 = VERTEX_POINT('',#11368);
#11368 = CARTESIAN_POINT('',(-86.52217302514,83.377455696164,
    4.000008636017));
#11369 = ( BOUNDED_CURVE() B_SPLINE_CURVE(2,(#11370,#11371,#11372),
.UNSPECIFIED.,.F.,.F.) B_SPLINE_CURVE_WITH_KNOTS((3,3),(4.485734225629,
4.93904373514),.PIECEWISE_BEZIER_KNOTS.) CURVE() 
GEOMETRIC_REPRESENTATION_ITEM() RATIONAL_B_SPLINE_CURVE((1.,
0.974423586327,1.)) REPRESENTATION_ITEM('') );
#11370 = CARTESIAN_POINT('',(-87.72217546355,83.377455696164,
    4.000008636017));
#11371 = CARTESIAN_POINT('',(-87.12217424434,83.239084933649,
    4.000008636017));
#11372 = CARTESIAN_POINT('',(-86.52217302514,83.377455696164,
    4.000008636017));
#11373 = ORIENTED_EDGE('',*,*,#11374,.F.);
#11374 = EDGE_CURVE('',#7960,#11367,#11375,.T.);
#11375 = B_SPLINE_CURVE_WITH_KNOTS('',1,(#11376,#11377),.UNSPECIFIED.,
  .F.,.F.,(2,2),(59.0551,157.48034),.PIECEWISE_BEZIER_KNOTS.);
#11376 = CARTESIAN_POINT('',(-86.52217302514,83.377455696164,
    1.500002540005));
#11377 = CARTESIAN_POINT('',(-86.52217302514,83.377455696164,
    4.000008636017));
#11378 = ORIENTED_EDGE('',*,*,#7966,.T.);
#11379 = ORIENTED_EDGE('',*,*,#11380,.T.);
#11380 = EDGE_CURVE('',#7967,#11282,#11381,.T.);
#11381 = B_SPLINE_CURVE_WITH_KNOTS('',1,(#11382,#11383),.UNSPECIFIED.,
  .F.,.F.,(2,2),(59.0551,157.48034),.PIECEWISE_BEZIER_KNOTS.);
#11382 = CARTESIAN_POINT('',(-84.52045798216,85.379170739142,
    1.500002540005));
#11383 = CARTESIAN_POINT('',(-84.52045798216,85.379170739142,
    4.000008636017));
#11384 = ( BOUNDED_SURFACE() B_SPLINE_SURFACE(2,1,(
    (#11385,#11386)
    ,(#11387,#11388)
    ,(#11389,#11390)
    ,(#11391,#11392)
    ,(#11393,#11394)
    ,(#11395,#11396)
    ,(#11397,#11398
)),.UNSPECIFIED.,.T.,.F.,.F.) B_SPLINE_SURFACE_WITH_KNOTS((1,2,2,2,2,1),
  (2,2),(-2.094395102394,0.,2.094395102393,4.188790204786,6.28318530718,
    8.377580409573),(59.0551,236.2205),.UNSPECIFIED.) 
GEOMETRIC_REPRESENTATION_ITEM() RATIONAL_B_SPLINE_SURFACE((
    (1.,1.)
    ,(0.5,0.5)
    ,(1.,1.)
    ,(0.5,0.5)
    ,(1.,1.)
    ,(0.5,0.5)
,(1.,1.))) REPRESENTATION_ITEM('') SURFACE() );
#11385 = CARTESIAN_POINT('',(-84.45216881889,85.979171958344,
    1.500002540005));
#11386 = CARTESIAN_POINT('',(-84.45216881889,85.979171958344,
    6.000012700025));
#11387 = CARTESIAN_POINT('',(-84.45216881889,90.603757011709,
    1.500002540005));
#11388 = CARTESIAN_POINT('',(-84.45216881889,90.603757011709,
    6.000012700025));
#11389 = CARTESIAN_POINT('',(-88.45717695707,88.291464485027,
    1.500002540005));
#11390 = CARTESIAN_POINT('',(-88.45717695707,88.291464485027,
    6.000012700025));
#11391 = CARTESIAN_POINT('',(-92.46218509525,85.979171958344,
    1.500002540005));
#11392 = CARTESIAN_POINT('',(-92.46218509525,85.979171958344,
    6.000012700025));
#11393 = CARTESIAN_POINT('',(-88.45717695707,83.666879431661,
    1.500002540005));
#11394 = CARTESIAN_POINT('',(-88.45717695707,83.666879431661,
    6.000012700025));
#11395 = CARTESIAN_POINT('',(-84.45216881889,81.354586904978,
    1.500002540005));
#11396 = CARTESIAN_POINT('',(-84.45216881889,81.354586904978,
    6.000012700025));
#11397 = CARTESIAN_POINT('',(-84.45216881889,85.979171958344,
    1.500002540005));
#11398 = CARTESIAN_POINT('',(-84.45216881889,85.979171958344,
    6.000012700025));
#11399 = ADVANCED_FACE('',(#11400),#11416,.F.);
#11400 = FACE_BOUND('',#11401,.F.);
#11401 = EDGE_LOOP('',(#11402,#11409,#11410,#11411));
#11402 = ORIENTED_EDGE('',*,*,#11403,.T.);
#11403 = EDGE_CURVE('',#11404,#7888,#11406,.T.);
#11404 = VERTEX_POINT('',#11405);
#11405 = CARTESIAN_POINT('',(-86.52217302514,91.649183479807,
    4.000008636017));
#11406 = B_SPLINE_CURVE_WITH_KNOTS('',1,(#11407,#11408),.UNSPECIFIED.,
  .F.,.F.,(2,2),(0.,126.04578797359),.PIECEWISE_BEZIER_KNOTS.);
#11407 = CARTESIAN_POINT('',(-86.52217302514,91.649183479807,
    4.000008636017));
#11408 = CARTESIAN_POINT('',(-86.52217302514,93.649187543815,
    1.500002540005));
#11409 = ORIENTED_EDGE('',*,*,#7887,.F.);
#11410 = ORIENTED_EDGE('',*,*,#11317,.T.);
#11411 = ORIENTED_EDGE('',*,*,#11412,.T.);
#11412 = EDGE_CURVE('',#11318,#11404,#11413,.T.);
#11413 = B_SPLINE_CURVE_WITH_KNOTS('',1,(#11414,#11415),.UNSPECIFIED.,
  .F.,.F.,(2,2),(47.311457242055,168.1102416),.PIECEWISE_BEZIER_KNOTS.);
#11414 = CARTESIAN_POINT('',(-86.52217302514,88.580888220525,
    4.000008636017));
#11415 = CARTESIAN_POINT('',(-86.52217302514,91.649183479807,
    4.000008636017));
#11416 = B_SPLINE_SURFACE_WITH_KNOTS('',1,1,(
    (#11417,#11418)
    ,(#11419,#11420
    )),.UNSPECIFIED.,.F.,.F.,.F.,(2,2),(2,2),(-134.2125579718,
    65.326386386162),(-12.57728272407,85.847957275927),
  .PIECEWISE_BEZIER_KNOTS.);
#11417 = CARTESIAN_POINT('',(-86.52217302514,93.649187543815,
    1.500002540005));
#11418 = CARTESIAN_POINT('',(-86.52217302514,93.649187543815,
    4.000008636017));
#11419 = CARTESIAN_POINT('',(-86.52217302514,88.580888220524,
    1.500002540005));
#11420 = CARTESIAN_POINT('',(-86.52217302514,88.580888220524,
    4.000008636017));
#11421 = ADVANCED_FACE('',(#11422),#11438,.T.);
#11422 = FACE_BOUND('',#11423,.T.);
#11423 = EDGE_LOOP('',(#11424,#11431,#11432,#11433));
#11424 = ORIENTED_EDGE('',*,*,#11425,.T.);
#11425 = EDGE_CURVE('',#11426,#11404,#11428,.T.);
#11426 = VERTEX_POINT('',#11427);
#11427 = CARTESIAN_POINT('',(-87.72217546355,91.649183479807,
    4.000008636017));
#11428 = B_SPLINE_CURVE_WITH_KNOTS('',1,(#11429,#11430),.UNSPECIFIED.,
  .F.,.F.,(2,2),(0.,47.244096),.PIECEWISE_BEZIER_KNOTS.);
#11429 = CARTESIAN_POINT('',(-87.72217546355,91.649183479807,
    4.000008636017));
#11430 = CARTESIAN_POINT('',(-86.52217302514,91.649183479807,
    4.000008636017));
#11431 = ORIENTED_EDGE('',*,*,#11403,.T.);
#11432 = ORIENTED_EDGE('',*,*,#7894,.F.);
#11433 = ORIENTED_EDGE('',*,*,#11434,.F.);
#11434 = EDGE_CURVE('',#11426,#7895,#11435,.T.);
#11435 = B_SPLINE_CURVE_WITH_KNOTS('',1,(#11436,#11437),.UNSPECIFIED.,
  .F.,.F.,(2,2),(0.,126.04578797359),.PIECEWISE_BEZIER_KNOTS.);
#11436 = CARTESIAN_POINT('',(-87.72217546355,91.649183479807,
    4.000008636017));
#11437 = CARTESIAN_POINT('',(-87.72217546355,93.649187543815,
    1.500002540005));
#11438 = B_SPLINE_SURFACE_WITH_KNOTS('',1,1,(
    (#11439,#11440)
    ,(#11441,#11442
    )),.UNSPECIFIED.,.F.,.F.,.F.,(2,2),(2,2),(0.,126.04578797359),(
    -47.244096,0.),.PIECEWISE_BEZIER_KNOTS.);
#11439 = CARTESIAN_POINT('',(-86.52217302514,91.649183479807,
    4.000008636017));
#11440 = CARTESIAN_POINT('',(-87.72217546355,91.649183479807,
    4.000008636017));
#11441 = CARTESIAN_POINT('',(-86.52217302514,93.649187543815,
    1.500002540005));
#11442 = CARTESIAN_POINT('',(-87.72217546355,93.649187543815,
    1.500002540005));
#11443 = ADVANCED_FACE('',(#11444),#11454,.T.);
#11444 = FACE_BOUND('',#11445,.T.);
#11445 = EDGE_LOOP('',(#11446,#11447,#11448,#11449));
#11446 = ORIENTED_EDGE('',*,*,#11434,.T.);
#11447 = ORIENTED_EDGE('',*,*,#7901,.F.);
#11448 = ORIENTED_EDGE('',*,*,#11332,.T.);
#11449 = ORIENTED_EDGE('',*,*,#11450,.T.);
#11450 = EDGE_CURVE('',#11325,#11426,#11451,.T.);
#11451 = B_SPLINE_CURVE_WITH_KNOTS('',1,(#11452,#11453),.UNSPECIFIED.,
  .F.,.F.,(2,2),(47.311457242055,168.1102416),.PIECEWISE_BEZIER_KNOTS.);
#11452 = CARTESIAN_POINT('',(-87.72217546355,88.580888220525,
    4.000008636017));
#11453 = CARTESIAN_POINT('',(-87.72217546355,91.649183479807,
    4.000008636017));
#11454 = B_SPLINE_SURFACE_WITH_KNOTS('',1,1,(
    (#11455,#11456)
    ,(#11457,#11458
    )),.UNSPECIFIED.,.F.,.F.,.F.,(2,2),(2,2),(-134.2125579718,
    65.326386386162),(-12.57728272407,85.847957275927),
  .PIECEWISE_BEZIER_KNOTS.);
#11455 = CARTESIAN_POINT('',(-87.72217546355,93.649187543815,
    1.500002540005));
#11456 = CARTESIAN_POINT('',(-87.72217546355,93.649187543815,
    4.000008636017));
#11457 = CARTESIAN_POINT('',(-87.72217546355,88.580888220524,
    1.500002540005));
#11458 = CARTESIAN_POINT('',(-87.72217546355,88.580888220524,
    4.000008636017));
#11459 = ADVANCED_FACE('',(#11460),#11476,.F.);
#11460 = FACE_BOUND('',#11461,.F.);
#11461 = EDGE_LOOP('',(#11462,#11469,#11470,#11471));
#11462 = ORIENTED_EDGE('',*,*,#11463,.T.);
#11463 = EDGE_CURVE('',#11464,#7917,#11466,.T.);
#11464 = VERTEX_POINT('',#11465);
#11465 = CARTESIAN_POINT('',(-92.79218576581,86.579173177546,
    4.000008636017));
#11466 = B_SPLINE_CURVE_WITH_KNOTS('',1,(#11467,#11468),.UNSPECIFIED.,
  .F.,.F.,(2,2),(0.,126.04578797359),.PIECEWISE_BEZIER_KNOTS.);
#11467 = CARTESIAN_POINT('',(-92.79218576581,86.579173177546,
    4.000008636017));
#11468 = CARTESIAN_POINT('',(-94.79218982982,86.579173177546,
    1.500002540005));
#11469 = ORIENTED_EDGE('',*,*,#7916,.F.);
#11470 = ORIENTED_EDGE('',*,*,#11338,.T.);
#11471 = ORIENTED_EDGE('',*,*,#11472,.T.);
#11472 = EDGE_CURVE('',#11339,#11464,#11473,.T.);
#11473 = B_SPLINE_CURVE_WITH_KNOTS('',1,(#11474,#11475),.UNSPECIFIED.,
  .F.,.F.,(2,2),(47.311457242019,168.1102416),.PIECEWISE_BEZIER_KNOTS.);
#11474 = CARTESIAN_POINT('',(-89.72389050652,86.579173177546,
    4.000008636017));
#11475 = CARTESIAN_POINT('',(-92.79218576581,86.579173177546,
    4.000008636017));
#11476 = B_SPLINE_SURFACE_WITH_KNOTS('',1,1,(
    (#11477,#11478)
    ,(#11479,#11480
    )),.UNSPECIFIED.,.F.,.F.,.F.,(2,2),(2,2),(-134.2125579718,
    65.326386386175),(-12.57728272407,85.847957275928),
  .PIECEWISE_BEZIER_KNOTS.);
#11477 = CARTESIAN_POINT('',(-94.79218982982,86.579173177546,
    1.500002540005));
#11478 = CARTESIAN_POINT('',(-94.79218982982,86.579173177546,
    4.000008636017));
#11479 = CARTESIAN_POINT('',(-89.72389050652,86.579173177546,
    1.500002540005));
#11480 = CARTESIAN_POINT('',(-89.72389050652,86.579173177546,
    4.000008636017));
#11481 = ADVANCED_FACE('',(#11482),#11498,.T.);
#11482 = FACE_BOUND('',#11483,.T.);
#11483 = EDGE_LOOP('',(#11484,#11491,#11492,#11493));
#11484 = ORIENTED_EDGE('',*,*,#11485,.T.);
#11485 = EDGE_CURVE('',#11486,#11464,#11488,.T.);
#11486 = VERTEX_POINT('',#11487);
#11487 = CARTESIAN_POINT('',(-92.79218576581,85.379170739141,
    4.000008636017));
#11488 = B_SPLINE_CURVE_WITH_KNOTS('',1,(#11489,#11490),.UNSPECIFIED.,
  .F.,.F.,(2,2),(0.,47.244096),.PIECEWISE_BEZIER_KNOTS.);
#11489 = CARTESIAN_POINT('',(-92.79218576581,85.379170739141,
    4.000008636017));
#11490 = CARTESIAN_POINT('',(-92.79218576581,86.579173177546,
    4.000008636017));
#11491 = ORIENTED_EDGE('',*,*,#11463,.T.);
#11492 = ORIENTED_EDGE('',*,*,#7923,.F.);
#11493 = ORIENTED_EDGE('',*,*,#11494,.F.);
#11494 = EDGE_CURVE('',#11486,#7924,#11495,.T.);
#11495 = B_SPLINE_CURVE_WITH_KNOTS('',1,(#11496,#11497),.UNSPECIFIED.,
  .F.,.F.,(2,2),(0.,126.04578797359),.PIECEWISE_BEZIER_KNOTS.);
#11496 = CARTESIAN_POINT('',(-92.79218576581,85.379170739141,
    4.000008636017));
#11497 = CARTESIAN_POINT('',(-94.79218982982,85.379170739141,
    1.500002540005));
#11498 = B_SPLINE_SURFACE_WITH_KNOTS('',1,1,(
    (#11499,#11500)
    ,(#11501,#11502
    )),.UNSPECIFIED.,.F.,.F.,.F.,(2,2),(2,2),(0.,126.04578797359),(
    -47.244096,0.),.PIECEWISE_BEZIER_KNOTS.);
#11499 = CARTESIAN_POINT('',(-92.79218576581,86.579173177546,
    4.000008636017));
#11500 = CARTESIAN_POINT('',(-92.79218576581,85.379170739141,
    4.000008636017));
#11501 = CARTESIAN_POINT('',(-94.79218982982,86.579173177546,
    1.500002540005));
#11502 = CARTESIAN_POINT('',(-94.79218982982,85.379170739141,
    1.500002540005));
#11503 = ADVANCED_FACE('',(#11504),#11514,.T.);
#11504 = FACE_BOUND('',#11505,.T.);
#11505 = EDGE_LOOP('',(#11506,#11507,#11508,#11509));
#11506 = ORIENTED_EDGE('',*,*,#11494,.T.);
#11507 = ORIENTED_EDGE('',*,*,#7930,.F.);
#11508 = ORIENTED_EDGE('',*,*,#11353,.T.);
#11509 = ORIENTED_EDGE('',*,*,#11510,.T.);
#11510 = EDGE_CURVE('',#11346,#11486,#11511,.T.);
#11511 = B_SPLINE_CURVE_WITH_KNOTS('',1,(#11512,#11513),.UNSPECIFIED.,
  .F.,.F.,(2,2),(47.311457241982,168.1102416),.PIECEWISE_BEZIER_KNOTS.);
#11512 = CARTESIAN_POINT('',(-89.72389050652,85.379170739141,
    4.000008636017));
#11513 = CARTESIAN_POINT('',(-92.79218576581,85.379170739141,
    4.000008636017));
#11514 = B_SPLINE_SURFACE_WITH_KNOTS('',1,1,(
    (#11515,#11516)
    ,(#11517,#11518
    )),.UNSPECIFIED.,.F.,.F.,.F.,(2,2),(2,2),(-134.2125579718,
    65.326386386212),(-12.57728272407,85.847957275928),
  .PIECEWISE_BEZIER_KNOTS.);
#11515 = CARTESIAN_POINT('',(-94.79218982982,85.379170739141,
    1.500002540005));
#11516 = CARTESIAN_POINT('',(-94.79218982982,85.379170739141,
    4.000008636017));
#11517 = CARTESIAN_POINT('',(-89.72389050652,85.379170739141,
    1.500002540005));
#11518 = CARTESIAN_POINT('',(-89.72389050652,85.379170739141,
    4.000008636017));
#11519 = ADVANCED_FACE('',(#11520),#11536,.F.);
#11520 = FACE_BOUND('',#11521,.F.);
#11521 = EDGE_LOOP('',(#11522,#11529,#11530,#11531));
#11522 = ORIENTED_EDGE('',*,*,#11523,.T.);
#11523 = EDGE_CURVE('',#11524,#7946,#11526,.T.);
#11524 = VERTEX_POINT('',#11525);
#11525 = CARTESIAN_POINT('',(-87.72217546355,80.309160436881,
    4.000008636017));
#11526 = B_SPLINE_CURVE_WITH_KNOTS('',1,(#11527,#11528),.UNSPECIFIED.,
  .F.,.F.,(2,2),(0.,126.04578797359),.PIECEWISE_BEZIER_KNOTS.);
#11527 = CARTESIAN_POINT('',(-87.72217546355,80.309160436881,
    4.000008636017));
#11528 = CARTESIAN_POINT('',(-87.72217546355,78.309156372873,
    1.500002540005));
#11529 = ORIENTED_EDGE('',*,*,#7945,.F.);
#11530 = ORIENTED_EDGE('',*,*,#11359,.T.);
#11531 = ORIENTED_EDGE('',*,*,#11532,.T.);
#11532 = EDGE_CURVE('',#11360,#11524,#11533,.T.);
#11533 = B_SPLINE_CURVE_WITH_KNOTS('',1,(#11534,#11535),.UNSPECIFIED.,
  .F.,.F.,(2,2),(47.311457242055,168.1102416),.PIECEWISE_BEZIER_KNOTS.);
#11534 = CARTESIAN_POINT('',(-87.72217546355,83.377455696163,
    4.000008636017));
#11535 = CARTESIAN_POINT('',(-87.72217546355,80.309160436881,
    4.000008636017));
#11536 = B_SPLINE_SURFACE_WITH_KNOTS('',1,1,(
    (#11537,#11538)
    ,(#11539,#11540
    )),.UNSPECIFIED.,.F.,.F.,.F.,(2,2),(2,2),(-134.2125579718,
    65.326386386162),(-12.57728272407,85.847957275927),
  .PIECEWISE_BEZIER_KNOTS.);
#11537 = CARTESIAN_POINT('',(-87.72217546355,78.309156372873,
    1.500002540005));
#11538 = CARTESIAN_POINT('',(-87.72217546355,78.309156372873,
    4.000008636017));
#11539 = CARTESIAN_POINT('',(-87.72217546355,83.377455696164,
    1.500002540005));
#11540 = CARTESIAN_POINT('',(-87.72217546355,83.377455696164,
    4.000008636017));
#11541 = ADVANCED_FACE('',(#11542),#11558,.T.);
#11542 = FACE_BOUND('',#11543,.T.);
#11543 = EDGE_LOOP('',(#11544,#11551,#11552,#11553));
#11544 = ORIENTED_EDGE('',*,*,#11545,.T.);
#11545 = EDGE_CURVE('',#11546,#11524,#11548,.T.);
#11546 = VERTEX_POINT('',#11547);
#11547 = CARTESIAN_POINT('',(-86.52217302514,80.309160436881,
    4.000008636017));
#11548 = B_SPLINE_CURVE_WITH_KNOTS('',1,(#11549,#11550),.UNSPECIFIED.,
  .F.,.F.,(2,2),(0.,47.244096),.PIECEWISE_BEZIER_KNOTS.);
#11549 = CARTESIAN_POINT('',(-86.52217302514,80.309160436881,
    4.000008636017));
#11550 = CARTESIAN_POINT('',(-87.72217546355,80.309160436881,
    4.000008636017));
#11551 = ORIENTED_EDGE('',*,*,#11523,.T.);
#11552 = ORIENTED_EDGE('',*,*,#7952,.F.);
#11553 = ORIENTED_EDGE('',*,*,#11554,.F.);
#11554 = EDGE_CURVE('',#11546,#7953,#11555,.T.);
#11555 = B_SPLINE_CURVE_WITH_KNOTS('',1,(#11556,#11557),.UNSPECIFIED.,
  .F.,.F.,(2,2),(0.,126.04578797359),.PIECEWISE_BEZIER_KNOTS.);
#11556 = CARTESIAN_POINT('',(-86.52217302514,80.309160436881,
    4.000008636017));
#11557 = CARTESIAN_POINT('',(-86.52217302514,78.309156372873,
    1.500002540005));
#11558 = B_SPLINE_SURFACE_WITH_KNOTS('',1,1,(
    (#11559,#11560)
    ,(#11561,#11562
    )),.UNSPECIFIED.,.F.,.F.,.F.,(2,2),(2,2),(0.,126.04578797359),(
    -47.244096,0.),.PIECEWISE_BEZIER_KNOTS.);
#11559 = CARTESIAN_POINT('',(-87.72217546355,80.309160436881,
    4.000008636017));
#11560 = CARTESIAN_POINT('',(-86.52217302514,80.309160436881,
    4.000008636017));
#11561 = CARTESIAN_POINT('',(-87.72217546355,78.309156372873,
    1.500002540005));
#11562 = CARTESIAN_POINT('',(-86.52217302514,78.309156372873,
    1.500002540005));
#11563 = ADVANCED_FACE('',(#11564),#11574,.T.);
#11564 = FACE_BOUND('',#11565,.T.);
#11565 = EDGE_LOOP('',(#11566,#11567,#11568,#11569));
#11566 = ORIENTED_EDGE('',*,*,#11554,.T.);
#11567 = ORIENTED_EDGE('',*,*,#7959,.F.);
#11568 = ORIENTED_EDGE('',*,*,#11374,.T.);
#11569 = ORIENTED_EDGE('',*,*,#11570,.T.);
#11570 = EDGE_CURVE('',#11367,#11546,#11571,.T.);
#11571 = B_SPLINE_CURVE_WITH_KNOTS('',1,(#11572,#11573),.UNSPECIFIED.,
  .F.,.F.,(2,2),(47.311457242019,168.1102416),.PIECEWISE_BEZIER_KNOTS.);
#11572 = CARTESIAN_POINT('',(-86.52217302514,83.377455696164,
    4.000008636017));
#11573 = CARTESIAN_POINT('',(-86.52217302514,80.309160436881,
    4.000008636017));
#11574 = B_SPLINE_SURFACE_WITH_KNOTS('',1,1,(
    (#11575,#11576)
    ,(#11577,#11578
    )),.UNSPECIFIED.,.F.,.F.,.F.,(2,2),(2,2),(-134.2125579718,
    65.326386386175),(-12.57728272407,85.847957275927),
  .PIECEWISE_BEZIER_KNOTS.);
#11575 = CARTESIAN_POINT('',(-86.52217302514,78.309156372873,
    1.500002540005));
#11576 = CARTESIAN_POINT('',(-86.52217302514,78.309156372873,
    4.000008636017));
#11577 = CARTESIAN_POINT('',(-86.52217302514,83.377455696164,
    1.500002540005));
#11578 = CARTESIAN_POINT('',(-86.52217302514,83.377455696164,
    4.000008636017));
#11579 = ADVANCED_FACE('',(#11580),#11590,.F.);
#11580 = FACE_BOUND('',#11581,.F.);
#11581 = EDGE_LOOP('',(#11582,#11583,#11584,#11585));
#11582 = ORIENTED_EDGE('',*,*,#11240,.T.);
#11583 = ORIENTED_EDGE('',*,*,#7974,.F.);
#11584 = ORIENTED_EDGE('',*,*,#11380,.T.);
#11585 = ORIENTED_EDGE('',*,*,#11586,.T.);
#11586 = EDGE_CURVE('',#11282,#11234,#11587,.T.);
#11587 = B_SPLINE_CURVE_WITH_KNOTS('',1,(#11588,#11589),.UNSPECIFIED.,
  .F.,.F.,(2,2),(47.311457242019,168.1102416),.PIECEWISE_BEZIER_KNOTS.);
#11588 = CARTESIAN_POINT('',(-84.52045798216,85.379170739142,
    4.000008636017));
#11589 = CARTESIAN_POINT('',(-81.45216272288,85.379170739142,
    4.000008636017));
#11590 = B_SPLINE_SURFACE_WITH_KNOTS('',1,1,(
    (#11591,#11592)
    ,(#11593,#11594
    )),.UNSPECIFIED.,.F.,.F.,.F.,(2,2),(2,2),(-134.2125579718,
    65.326386386175),(-12.57728272407,85.847957275928),
  .PIECEWISE_BEZIER_KNOTS.);
#11591 = CARTESIAN_POINT('',(-79.45215865887,85.379170739142,
    1.500002540005));
#11592 = CARTESIAN_POINT('',(-79.45215865887,85.379170739142,
    4.000008636017));
#11593 = CARTESIAN_POINT('',(-84.52045798216,85.379170739142,
    1.500002540005));
#11594 = CARTESIAN_POINT('',(-84.52045798216,85.379170739142,
    4.000008636017));
#11595 = ADVANCED_FACE('',(#11596),#11602,.T.);
#11596 = FACE_BOUND('',#11597,.T.);
#11597 = EDGE_LOOP('',(#11598,#11599,#11600,#11601));
#11598 = ORIENTED_EDGE('',*,*,#8467,.F.);
#11599 = ORIENTED_EDGE('',*,*,#8352,.T.);
#11600 = ORIENTED_EDGE('',*,*,#8317,.T.);
#11601 = ORIENTED_EDGE('',*,*,#7996,.F.);
#11602 = PLANE('',#11603);
#11603 = AXIS2_PLACEMENT_3D('',#11604,#11605,#11606);
#11604 = CARTESIAN_POINT('',(-95.262,94.12,31.));
#11605 = DIRECTION('',(-0.,1.,0.));
#11606 = DIRECTION('',(0.,0.,1.));
#11607 = ADVANCED_FACE('',(#11608,#11642),#11648,.F.);
#11608 = FACE_BOUND('',#11609,.F.);
#11609 = EDGE_LOOP('',(#11610,#11620,#11628,#11636));
#11610 = ORIENTED_EDGE('',*,*,#11611,.F.);
#11611 = EDGE_CURVE('',#11612,#11614,#11616,.T.);
#11612 = VERTEX_POINT('',#11613);
#11613 = CARTESIAN_POINT('',(-97.112,-31.33,35.));
#11614 = VERTEX_POINT('',#11615);
#11615 = CARTESIAN_POINT('',(-97.112,95.97,35.));
#11616 = LINE('',#11617,#11618);
#11617 = CARTESIAN_POINT('',(-97.112,-31.33,35.));
#11618 = VECTOR('',#11619,1.);
#11619 = DIRECTION('',(-0.,1.,0.));
#11620 = ORIENTED_EDGE('',*,*,#11621,.T.);
#11621 = EDGE_CURVE('',#11612,#11622,#11624,.T.);
#11622 = VERTEX_POINT('',#11623);
#11623 = CARTESIAN_POINT('',(3.767,-31.33,35.));
#11624 = LINE('',#11625,#11626);
#11625 = CARTESIAN_POINT('',(-97.112,-31.33,35.));
#11626 = VECTOR('',#11627,1.);
#11627 = DIRECTION('',(1.,0.,-0.));
#11628 = ORIENTED_EDGE('',*,*,#11629,.T.);
#11629 = EDGE_CURVE('',#11622,#11630,#11632,.T.);
#11630 = VERTEX_POINT('',#11631);
#11631 = CARTESIAN_POINT('',(3.767,95.97,35.));
#11632 = LINE('',#11633,#11634);
#11633 = CARTESIAN_POINT('',(3.767,-31.33,35.));
#11634 = VECTOR('',#11635,1.);
#11635 = DIRECTION('',(-0.,1.,0.));
#11636 = ORIENTED_EDGE('',*,*,#11637,.F.);
#11637 = EDGE_CURVE('',#11614,#11630,#11638,.T.);
#11638 = LINE('',#11639,#11640);
#11639 = CARTESIAN_POINT('',(-97.112,95.97,35.));
#11640 = VECTOR('',#11641,1.);
#11641 = DIRECTION('',(1.,0.,-0.));
#11642 = FACE_BOUND('',#11643,.F.);
#11643 = EDGE_LOOP('',(#11644,#11645,#11646,#11647));
#11644 = ORIENTED_EDGE('',*,*,#8226,.F.);
#11645 = ORIENTED_EDGE('',*,*,#8216,.T.);
#11646 = ORIENTED_EDGE('',*,*,#8242,.T.);
#11647 = ORIENTED_EDGE('',*,*,#8234,.F.);
#11648 = PLANE('',#11649);
#11649 = AXIS2_PLACEMENT_3D('',#11650,#11651,#11652);
#11650 = CARTESIAN_POINT('',(-97.112,-31.33,35.));
#11651 = DIRECTION('',(0.,0.,1.));
#11652 = DIRECTION('',(1.,0.,-0.));
#11653 = ADVANCED_FACE('',(#11654),#11660,.F.);
#11654 = FACE_BOUND('',#11655,.F.);
#11655 = EDGE_LOOP('',(#11656,#11657,#11658,#11659));
#11656 = ORIENTED_EDGE('',*,*,#8250,.T.);
#11657 = ORIENTED_EDGE('',*,*,#8276,.T.);
#11658 = ORIENTED_EDGE('',*,*,#8268,.F.);
#11659 = ORIENTED_EDGE('',*,*,#8260,.F.);
#11660 = PLANE('',#11661);
#11661 = AXIS2_PLACEMENT_3D('',#11662,#11663,#11664);
#11662 = CARTESIAN_POINT('',(-98.26,-32.48,35.));
#11663 = DIRECTION('',(0.,0.,1.));
#11664 = DIRECTION('',(1.,0.,-0.));
#11665 = ADVANCED_FACE('',(#11666),#11682,.F.);
#11666 = FACE_BOUND('',#11667,.F.);
#11667 = EDGE_LOOP('',(#11668,#11669,#11675,#11676));
#11668 = ORIENTED_EDGE('',*,*,#8435,.F.);
#11669 = ORIENTED_EDGE('',*,*,#11670,.T.);
#11670 = EDGE_CURVE('',#8436,#8285,#11671,.T.);
#11671 = LINE('',#11672,#11673);
#11672 = CARTESIAN_POINT('',(-95.262,-29.48,31.));
#11673 = VECTOR('',#11674,1.);
#11674 = DIRECTION('',(0.,0.,1.));
#11675 = ORIENTED_EDGE('',*,*,#8284,.T.);
#11676 = ORIENTED_EDGE('',*,*,#11677,.F.);
#11677 = EDGE_CURVE('',#8438,#8287,#11678,.T.);
#11678 = LINE('',#11679,#11680);
#11679 = CARTESIAN_POINT('',(1.917,-29.48,31.));
#11680 = VECTOR('',#11681,1.);
#11681 = DIRECTION('',(0.,0.,1.));
#11682 = PLANE('',#11683);
#11683 = AXIS2_PLACEMENT_3D('',#11684,#11685,#11686);
#11684 = CARTESIAN_POINT('',(-95.262,-29.48,31.));
#11685 = DIRECTION('',(-0.,1.,0.));
#11686 = DIRECTION('',(0.,0.,1.));
#11687 = ADVANCED_FACE('',(#11688),#11694,.T.);
#11688 = FACE_BOUND('',#11689,.T.);
#11689 = EDGE_LOOP('',(#11690,#11691,#11692,#11693));
#11690 = ORIENTED_EDGE('',*,*,#11677,.F.);
#11691 = ORIENTED_EDGE('',*,*,#8479,.T.);
#11692 = ORIENTED_EDGE('',*,*,#8659,.F.);
#11693 = ORIENTED_EDGE('',*,*,#8329,.F.);
#11694 = PLANE('',#11695);
#11695 = AXIS2_PLACEMENT_3D('',#11696,#11697,#11698);
#11696 = CARTESIAN_POINT('',(1.917,-29.48,31.));
#11697 = DIRECTION('',(1.,0.,-0.));
#11698 = DIRECTION('',(0.,0.,1.));
#11699 = ADVANCED_FACE('',(#11700),#11706,.F.);
#11700 = FACE_BOUND('',#11701,.F.);
#11701 = EDGE_LOOP('',(#11702,#11703,#11704,#11705));
#11702 = ORIENTED_EDGE('',*,*,#11670,.F.);
#11703 = ORIENTED_EDGE('',*,*,#8445,.T.);
#11704 = ORIENTED_EDGE('',*,*,#8668,.F.);
#11705 = ORIENTED_EDGE('',*,*,#8294,.F.);
#11706 = PLANE('',#11707);
#11707 = AXIS2_PLACEMENT_3D('',#11708,#11709,#11710);
#11708 = CARTESIAN_POINT('',(-95.262,-29.48,31.));
#11709 = DIRECTION('',(1.,0.,-0.));
#11710 = DIRECTION('',(0.,0.,1.));
#11711 = ADVANCED_FACE('',(#11712,#11746),#11752,.T.);
#11712 = FACE_BOUND('',#11713,.T.);
#11713 = EDGE_LOOP('',(#11714,#11724,#11732,#11740));
#11714 = ORIENTED_EDGE('',*,*,#11715,.F.);
#11715 = EDGE_CURVE('',#11716,#11718,#11720,.T.);
#11716 = VERTEX_POINT('',#11717);
#11717 = CARTESIAN_POINT('',(-97.112,-31.33,31.));
#11718 = VERTEX_POINT('',#11719);
#11719 = CARTESIAN_POINT('',(-97.112,95.97,31.));
#11720 = LINE('',#11721,#11722);
#11721 = CARTESIAN_POINT('',(-97.112,-31.33,31.));
#11722 = VECTOR('',#11723,1.);
#11723 = DIRECTION('',(-0.,1.,0.));
#11724 = ORIENTED_EDGE('',*,*,#11725,.T.);
#11725 = EDGE_CURVE('',#11716,#11726,#11728,.T.);
#11726 = VERTEX_POINT('',#11727);
#11727 = CARTESIAN_POINT('',(3.767,-31.33,31.));
#11728 = LINE('',#11729,#11730);
#11729 = CARTESIAN_POINT('',(-97.112,-31.33,31.));
#11730 = VECTOR('',#11731,1.);
#11731 = DIRECTION('',(1.,0.,-0.));
#11732 = ORIENTED_EDGE('',*,*,#11733,.T.);
#11733 = EDGE_CURVE('',#11726,#11734,#11736,.T.);
#11734 = VERTEX_POINT('',#11735);
#11735 = CARTESIAN_POINT('',(3.767,95.97,31.));
#11736 = LINE('',#11737,#11738);
#11737 = CARTESIAN_POINT('',(3.767,-31.33,31.));
#11738 = VECTOR('',#11739,1.);
#11739 = DIRECTION('',(-0.,1.,0.));
#11740 = ORIENTED_EDGE('',*,*,#11741,.F.);
#11741 = EDGE_CURVE('',#11718,#11734,#11742,.T.);
#11742 = LINE('',#11743,#11744);
#11743 = CARTESIAN_POINT('',(-97.112,95.97,31.));
#11744 = VECTOR('',#11745,1.);
#11745 = DIRECTION('',(1.,0.,-0.));
#11746 = FACE_BOUND('',#11747,.T.);
#11747 = EDGE_LOOP('',(#11748,#11749,#11750,#11751));
#11748 = ORIENTED_EDGE('',*,*,#8377,.F.);
#11749 = ORIENTED_EDGE('',*,*,#8367,.T.);
#11750 = ORIENTED_EDGE('',*,*,#8393,.T.);
#11751 = ORIENTED_EDGE('',*,*,#8385,.F.);
#11752 = PLANE('',#11753);
#11753 = AXIS2_PLACEMENT_3D('',#11754,#11755,#11756);
#11754 = CARTESIAN_POINT('',(-97.112,-31.33,31.));
#11755 = DIRECTION('',(0.,0.,1.));
#11756 = DIRECTION('',(1.,0.,-0.));
#11757 = ADVANCED_FACE('',(#11758),#11764,.T.);
#11758 = FACE_BOUND('',#11759,.T.);
#11759 = EDGE_LOOP('',(#11760,#11761,#11762,#11763));
#11760 = ORIENTED_EDGE('',*,*,#8401,.T.);
#11761 = ORIENTED_EDGE('',*,*,#8427,.T.);
#11762 = ORIENTED_EDGE('',*,*,#8419,.F.);
#11763 = ORIENTED_EDGE('',*,*,#8411,.F.);
#11764 = PLANE('',#11765);
#11765 = AXIS2_PLACEMENT_3D('',#11766,#11767,#11768);
#11766 = CARTESIAN_POINT('',(-98.26,-32.48,31.));
#11767 = DIRECTION('',(0.,0.,1.));
#11768 = DIRECTION('',(1.,0.,-0.));
#11769 = ADVANCED_FACE('',(#11770),#11777,.T.);
#11770 = FACE_BOUND('',#11771,.T.);
#11771 = EDGE_LOOP('',(#11772,#11773,#11774,#11775,#11776));
#11772 = ORIENTED_EDGE('',*,*,#8518,.F.);
#11773 = ORIENTED_EDGE('',*,*,#8749,.F.);
#11774 = ORIENTED_EDGE('',*,*,#8723,.F.);
#11775 = ORIENTED_EDGE('',*,*,#8569,.T.);
#11776 = ORIENTED_EDGE('',*,*,#8539,.F.);
#11777 = B_SPLINE_SURFACE_WITH_KNOTS('',1,1,(
    (#11778,#11779)
    ,(#11780,#11781
    )),.UNSPECIFIED.,.F.,.F.,.F.,(2,2),(2,2),(47.311457242028,
    168.1102416),(-47.244096,8.810729923425E-13),
  .PIECEWISE_BEZIER_KNOTS.);
#11778 = CARTESIAN_POINT('',(-2.097293135839,65.567131115062,
    4.000008636017));
#11779 = CARTESIAN_POINT('',(-2.097293135839,66.767133553467,
    4.000008636017));
#11780 = CARTESIAN_POINT('',(0.971002123444,65.567131115062,
    4.000008636017));
#11781 = CARTESIAN_POINT('',(0.971002123444,66.767133553467,
    4.000008636017));
#11782 = ADVANCED_FACE('',(#11783),#11790,.T.);
#11783 = FACE_BOUND('',#11784,.T.);
#11784 = EDGE_LOOP('',(#11785,#11786,#11787,#11788,#11789));
#11785 = ORIENTED_EDGE('',*,*,#8592,.F.);
#11786 = ORIENTED_EDGE('',*,*,#9045,.F.);
#11787 = ORIENTED_EDGE('',*,*,#9019,.F.);
#11788 = ORIENTED_EDGE('',*,*,#8643,.T.);
#11789 = ORIENTED_EDGE('',*,*,#8613,.F.);
#11790 = B_SPLINE_SURFACE_WITH_KNOTS('',1,1,(
    (#11791,#11792)
    ,(#11793,#11794
    )),.UNSPECIFIED.,.F.,.F.,.F.,(2,2),(2,2),(47.311457242032,
    168.1102416),(-47.244096,0.),.PIECEWISE_BEZIER_KNOTS.);
#11791 = CARTESIAN_POINT('',(-2.39829389784,4.353008686817,
    4.000008636017));
#11792 = CARTESIAN_POINT('',(-2.39829389784,5.553011125222,
    4.000008636017));
#11793 = CARTESIAN_POINT('',(0.670001361443,4.353008686817,
    4.000008636017));
#11794 = CARTESIAN_POINT('',(0.670001361443,5.553011125222,
    4.000008636017));
#11795 = ADVANCED_FACE('',(#11796),#11806,.T.);
#11796 = FACE_BOUND('',#11797,.T.);
#11797 = EDGE_LOOP('',(#11798,#11799,#11804,#11805));
#11798 = ORIENTED_EDGE('',*,*,#9895,.F.);
#11799 = ORIENTED_EDGE('',*,*,#11800,.T.);
#11800 = EDGE_CURVE('',#9889,#10536,#11801,.T.);
#11801 = B_SPLINE_CURVE_WITH_KNOTS('',1,(#11802,#11803),.UNSPECIFIED.,
  .F.,.F.,(2,2),(0.,47.2441),.PIECEWISE_BEZIER_KNOTS.);
#11802 = CARTESIAN_POINT('',(-18.90003683007,-27.6245504191,
    6.00001016002));
#11803 = CARTESIAN_POINT('',(-20.10003937007,-27.6245504191,
    6.00001016002));
#11804 = ORIENTED_EDGE('',*,*,#10542,.T.);
#11805 = ORIENTED_EDGE('',*,*,#8703,.F.);
#11806 = B_SPLINE_SURFACE_WITH_KNOTS('',1,1,(
    (#11807,#11808)
    ,(#11809,#11810
    )),.UNSPECIFIED.,.F.,.F.,.F.,(2,2),(2,2),(0.,179.48028703516),(
    -47.2441,0.),.PIECEWISE_BEZIER_KNOTS.);
#11807 = CARTESIAN_POINT('',(-20.10003937007,-27.6245504191,
    6.00001016002));
#11808 = CARTESIAN_POINT('',(-18.90003683007,-27.6245504191,
    6.00001016002));
#11809 = CARTESIAN_POINT('',(-20.10003937007,-29.47605918211,
    1.834118970353));
#11810 = CARTESIAN_POINT('',(-18.90003683007,-29.47605918211,
    1.834118970353));
#11811 = ADVANCED_FACE('',(#11812),#11822,.T.);
#11812 = FACE_BOUND('',#11813,.T.);
#11813 = EDGE_LOOP('',(#11814,#11815,#11820,#11821));
#11814 = ORIENTED_EDGE('',*,*,#10571,.F.);
#11815 = ORIENTED_EDGE('',*,*,#11816,.T.);
#11816 = EDGE_CURVE('',#10565,#11212,#11817,.T.);
#11817 = B_SPLINE_CURVE_WITH_KNOTS('',1,(#11818,#11819),.UNSPECIFIED.,
  .F.,.F.,(2,2),(0.,47.2441),.PIECEWISE_BEZIER_KNOTS.);
#11818 = CARTESIAN_POINT('',(-84.61716916433,-27.6245504191,
    6.00001016002));
#11819 = CARTESIAN_POINT('',(-85.81717170434,-27.6245504191,
    6.00001016002));
#11820 = ORIENTED_EDGE('',*,*,#11218,.T.);
#11821 = ORIENTED_EDGE('',*,*,#8683,.F.);
#11822 = B_SPLINE_SURFACE_WITH_KNOTS('',1,1,(
    (#11823,#11824)
    ,(#11825,#11826
    )),.UNSPECIFIED.,.F.,.F.,.F.,(2,2),(2,2),(0.,179.48028703516),(
    -47.2441,0.),.PIECEWISE_BEZIER_KNOTS.);
#11823 = CARTESIAN_POINT('',(-85.81717170434,-27.6245504191,
    6.00001016002));
#11824 = CARTESIAN_POINT('',(-84.61716916433,-27.6245504191,
    6.00001016002));
#11825 = CARTESIAN_POINT('',(-85.81717170434,-29.47605918211,
    1.834118970353));
#11826 = CARTESIAN_POINT('',(-84.61716916433,-29.47605918211,
    1.834118970353));
#11827 = ADVANCED_FACE('',(#11828,#11831),#11845,.T.);
#11828 = FACE_BOUND('',#11829,.T.);
#11829 = EDGE_LOOP('',(#11830));
#11830 = ORIENTED_EDGE('',*,*,#8738,.T.);
#11831 = FACE_BOUND('',#11832,.T.);
#11832 = EDGE_LOOP('',(#11833));
#11833 = ORIENTED_EDGE('',*,*,#11834,.F.);
#11834 = EDGE_CURVE('',#11835,#11835,#11837,.T.);
#11835 = VERTEX_POINT('',#11836);
#11836 = CARTESIAN_POINT('',(-3.299006553213,66.167132334265,
    6.000012700025));
#11837 = ( BOUNDED_CURVE() B_SPLINE_CURVE(2,(#11838,#11839,#11840,#11841
    ,#11842,#11843,#11844),.UNSPECIFIED.,.T.,.F.) 
B_SPLINE_CURVE_WITH_KNOTS((1,2,2,2,2,1),(-2.094395102394,0.,
    2.094395102393,4.188790204786,6.28318530718,8.377580409573),
.UNSPECIFIED.) CURVE() GEOMETRIC_REPRESENTATION_ITEM() 
RATIONAL_B_SPLINE_CURVE((1.,0.5,1.,0.5,1.,0.5,1.)) REPRESENTATION_ITEM(
  '') );
#11838 = CARTESIAN_POINT('',(-3.299006553213,66.167132334265,
    6.000012700025));
#11839 = CARTESIAN_POINT('',(-3.299006553213,68.592008392209,
    6.000012700025));
#11840 = CARTESIAN_POINT('',(-5.399010820422,67.379570363237,
    6.000012700025));
#11841 = CARTESIAN_POINT('',(-7.49901508763,66.167132334265,
    6.000012700025));
#11842 = CARTESIAN_POINT('',(-5.399010820422,64.954694305292,
    6.000012700025));
#11843 = CARTESIAN_POINT('',(-3.299006553213,63.74225627632,
    6.000012700025));
#11844 = CARTESIAN_POINT('',(-3.299006553213,66.167132334265,
    6.000012700025));
#11845 = B_SPLINE_SURFACE_WITH_KNOTS('',1,1,(
    (#11846,#11847)
    ,(#11848,#11849
    )),.UNSPECIFIED.,.F.,.F.,.F.,(2,2),(2,2),(-105.1181136,105.1181136),
  (-105.1181136,105.1181136),.PIECEWISE_BEZIER_KNOTS.);
#11846 = CARTESIAN_POINT('',(-7.36901482347,63.497126908814,
    6.000012700025));
#11847 = CARTESIAN_POINT('',(-7.36901482347,68.837137759716,
    6.000012700025));
#11848 = CARTESIAN_POINT('',(-2.029003972568,63.497126908814,
    6.000012700025));
#11849 = CARTESIAN_POINT('',(-2.029003972568,68.837137759716,
    6.000012700025));
#11850 = ADVANCED_FACE('',(#11851),#11857,.T.);
#11851 = FACE_BOUND('',#11852,.T.);
#11852 = EDGE_LOOP('',(#11853,#11854,#11855,#11856));
#11853 = ORIENTED_EDGE('',*,*,#8886,.F.);
#11854 = ORIENTED_EDGE('',*,*,#8764,.F.);
#11855 = ORIENTED_EDGE('',*,*,#8848,.T.);
#11856 = ORIENTED_EDGE('',*,*,#8861,.F.);
#11857 = B_SPLINE_SURFACE_WITH_KNOTS('',1,1,(
    (#11858,#11859)
    ,(#11860,#11861
    )),.UNSPECIFIED.,.F.,.F.,.F.,(2,2),(2,2),(47.311457242028,
    168.1102416),(-47.244096,8.810729923425E-13),
  .PIECEWISE_BEZIER_KNOTS.);
#11858 = CARTESIAN_POINT('',(-4.099008178816,68.768848596445,
    4.000008636017));
#11859 = CARTESIAN_POINT('',(-5.299010617221,68.768848596445,
    4.000008636017));
#11860 = CARTESIAN_POINT('',(-4.099008178816,71.837143855728,
    4.000008636017));
#11861 = CARTESIAN_POINT('',(-5.299010617221,71.837143855728,
    4.000008636017));
#11862 = ADVANCED_FACE('',(#11863),#11869,.T.);
#11863 = FACE_BOUND('',#11864,.T.);
#11864 = EDGE_LOOP('',(#11865,#11866,#11867,#11868));
#11865 = ORIENTED_EDGE('',*,*,#8946,.F.);
#11866 = ORIENTED_EDGE('',*,*,#8785,.F.);
#11867 = ORIENTED_EDGE('',*,*,#8908,.T.);
#11868 = ORIENTED_EDGE('',*,*,#8921,.F.);
#11869 = B_SPLINE_SURFACE_WITH_KNOTS('',1,1,(
    (#11870,#11871)
    ,(#11872,#11873
    )),.UNSPECIFIED.,.F.,.F.,.F.,(2,2),(2,2),(47.311457242028,
    168.1102416),(-47.244096,8.597567102697E-13),
  .PIECEWISE_BEZIER_KNOTS.);
#11870 = CARTESIAN_POINT('',(-7.300725660199,66.767133553467,
    4.000008636017));
#11871 = CARTESIAN_POINT('',(-7.300725660199,65.567131115062,
    4.000008636017));
#11872 = CARTESIAN_POINT('',(-10.36902091948,66.767133553467,
    4.000008636017));
#11873 = CARTESIAN_POINT('',(-10.36902091948,65.567131115062,
    4.000008636017));
#11874 = ADVANCED_FACE('',(#11875),#11881,.T.);
#11875 = FACE_BOUND('',#11876,.T.);
#11876 = EDGE_LOOP('',(#11877,#11878,#11879,#11880));
#11877 = ORIENTED_EDGE('',*,*,#9006,.F.);
#11878 = ORIENTED_EDGE('',*,*,#8806,.F.);
#11879 = ORIENTED_EDGE('',*,*,#8968,.T.);
#11880 = ORIENTED_EDGE('',*,*,#8981,.F.);
#11881 = B_SPLINE_SURFACE_WITH_KNOTS('',1,1,(
    (#11882,#11883)
    ,(#11884,#11885
    )),.UNSPECIFIED.,.F.,.F.,.F.,(2,2),(2,2),(47.311457242028,
    168.1102416),(-47.244096,9.663381206337E-13),
  .PIECEWISE_BEZIER_KNOTS.);
#11882 = CARTESIAN_POINT('',(-5.299010617221,63.565416072085,
    4.000008636017));
#11883 = CARTESIAN_POINT('',(-4.099008178816,63.565416072085,
    4.000008636017));
#11884 = CARTESIAN_POINT('',(-5.299010617221,60.497120812802,
    4.000008636017));
#11885 = CARTESIAN_POINT('',(-4.099008178816,60.497120812802,
    4.000008636017));
#11886 = ADVANCED_FACE('',(#11887,#11890),#11904,.T.);
#11887 = FACE_BOUND('',#11888,.T.);
#11888 = EDGE_LOOP('',(#11889));
#11889 = ORIENTED_EDGE('',*,*,#9034,.T.);
#11890 = FACE_BOUND('',#11891,.T.);
#11891 = EDGE_LOOP('',(#11892));
#11892 = ORIENTED_EDGE('',*,*,#11893,.F.);
#11893 = EDGE_CURVE('',#11894,#11894,#11896,.T.);
#11894 = VERTEX_POINT('',#11895);
#11895 = CARTESIAN_POINT('',(-3.600007315215,4.95300990602,
    6.000012700025));
#11896 = ( BOUNDED_CURVE() B_SPLINE_CURVE(2,(#11897,#11898,#11899,#11900
    ,#11901,#11902,#11903),.UNSPECIFIED.,.T.,.F.) 
B_SPLINE_CURVE_WITH_KNOTS((1,2,2,2,2,1),(-2.094395102394,0.,
    2.094395102393,4.188790204786,6.28318530718,8.377580409573),
.UNSPECIFIED.) CURVE() GEOMETRIC_REPRESENTATION_ITEM() 
RATIONAL_B_SPLINE_CURVE((1.,0.5,1.,0.5,1.,0.5,1.)) REPRESENTATION_ITEM(
  '') );
#11897 = CARTESIAN_POINT('',(-3.600007315215,4.95300990602,
    6.000012700025));
#11898 = CARTESIAN_POINT('',(-3.600007315215,7.377885963964,
    6.000012700025));
#11899 = CARTESIAN_POINT('',(-5.700011582423,6.165447934992,
    6.000012700025));
#11900 = CARTESIAN_POINT('',(-7.800015849632,4.95300990602,
    6.000012700025));
#11901 = CARTESIAN_POINT('',(-5.700011582423,3.740571877048,
    6.000012700025));
#11902 = CARTESIAN_POINT('',(-3.600007315215,2.528133848075,
    6.000012700025));
#11903 = CARTESIAN_POINT('',(-3.600007315215,4.95300990602,
    6.000012700025));
#11904 = B_SPLINE_SURFACE_WITH_KNOTS('',1,1,(
    (#11905,#11906)
    ,(#11907,#11908
    )),.UNSPECIFIED.,.F.,.F.,.F.,(2,2),(2,2),(-105.1181136,105.1181136),
  (-105.1181136,105.1181136),.PIECEWISE_BEZIER_KNOTS.);
#11905 = CARTESIAN_POINT('',(-7.670015585471,2.283004480569,
    6.000012700025));
#11906 = CARTESIAN_POINT('',(-7.670015585471,7.623015331471,
    6.000012700025));
#11907 = CARTESIAN_POINT('',(-2.330004734569,2.283004480569,
    6.000012700025));
#11908 = CARTESIAN_POINT('',(-2.330004734569,7.623015331471,
    6.000012700025));
#11909 = ADVANCED_FACE('',(#11910),#11916,.T.);
#11910 = FACE_BOUND('',#11911,.T.);
#11911 = EDGE_LOOP('',(#11912,#11913,#11914,#11915));
#11912 = ORIENTED_EDGE('',*,*,#9182,.F.);
#11913 = ORIENTED_EDGE('',*,*,#9060,.F.);
#11914 = ORIENTED_EDGE('',*,*,#9144,.T.);
#11915 = ORIENTED_EDGE('',*,*,#9157,.F.);
#11916 = B_SPLINE_SURFACE_WITH_KNOTS('',1,1,(
    (#11917,#11918)
    ,(#11919,#11920
    )),.UNSPECIFIED.,.F.,.F.,.F.,(2,2),(2,2),(47.311457242032,
    168.1102416),(-47.244096,0.),.PIECEWISE_BEZIER_KNOTS.);
#11917 = CARTESIAN_POINT('',(-4.400008940818,7.5547261682,4.000008636017
    ));
#11918 = CARTESIAN_POINT('',(-5.600011379223,7.5547261682,4.000008636017
    ));
#11919 = CARTESIAN_POINT('',(-4.400008940818,10.623021427483,
    4.000008636017));
#11920 = CARTESIAN_POINT('',(-5.600011379223,10.623021427483,
    4.000008636017));
#11921 = ADVANCED_FACE('',(#11922),#11928,.T.);
#11922 = FACE_BOUND('',#11923,.T.);
#11923 = EDGE_LOOP('',(#11924,#11925,#11926,#11927));
#11924 = ORIENTED_EDGE('',*,*,#9242,.F.);
#11925 = ORIENTED_EDGE('',*,*,#9081,.F.);
#11926 = ORIENTED_EDGE('',*,*,#9204,.T.);
#11927 = ORIENTED_EDGE('',*,*,#9217,.F.);
#11928 = B_SPLINE_SURFACE_WITH_KNOTS('',1,1,(
    (#11929,#11930)
    ,(#11931,#11932
    )),.UNSPECIFIED.,.F.,.F.,.F.,(2,2),(2,2),(47.311457242032,
    168.1102416),(-47.244096,0.),.PIECEWISE_BEZIER_KNOTS.);
#11929 = CARTESIAN_POINT('',(-7.6017264222,5.553011125222,4.000008636017
    ));
#11930 = CARTESIAN_POINT('',(-7.6017264222,4.353008686817,4.000008636017
    ));
#11931 = CARTESIAN_POINT('',(-10.67002168148,5.553011125222,
    4.000008636017));
#11932 = CARTESIAN_POINT('',(-10.67002168148,4.353008686817,
    4.000008636017));
#11933 = ADVANCED_FACE('',(#11934),#11940,.T.);
#11934 = FACE_BOUND('',#11935,.T.);
#11935 = EDGE_LOOP('',(#11936,#11937,#11938,#11939));
#11936 = ORIENTED_EDGE('',*,*,#9866,.F.);
#11937 = ORIENTED_EDGE('',*,*,#9102,.F.);
#11938 = ORIENTED_EDGE('',*,*,#9264,.T.);
#11939 = ORIENTED_EDGE('',*,*,#9305,.F.);
#11940 = B_SPLINE_SURFACE_WITH_KNOTS('',1,1,(
    (#11941,#11942)
    ,(#11943,#11944
    )),.UNSPECIFIED.,.F.,.F.,.F.,(2,2),(2,2),(47.311457242032,149.881888
    ),(-47.244096,0.),.PIECEWISE_BEZIER_KNOTS.);
#11941 = CARTESIAN_POINT('',(-5.600011379223,2.35129364384,
    4.000008636017));
#11942 = CARTESIAN_POINT('',(-4.400008940818,2.35129364384,
    4.000008636017));
#11943 = CARTESIAN_POINT('',(-5.600011379223,-0.254000508001,
    4.000008636017));
#11944 = CARTESIAN_POINT('',(-4.400008940818,-0.254000508001,
    4.000008636017));
#11945 = ADVANCED_FACE('',(#11946),#11952,.F.);
#11946 = FACE_BOUND('',#11947,.F.);
#11947 = EDGE_LOOP('',(#11948,#11949,#11950,#11951));
#11948 = ORIENTED_EDGE('',*,*,#9687,.T.);
#11949 = ORIENTED_EDGE('',*,*,#9285,.T.);
#11950 = ORIENTED_EDGE('',*,*,#9849,.T.);
#11951 = ORIENTED_EDGE('',*,*,#9709,.T.);
#11952 = B_SPLINE_SURFACE_WITH_KNOTS('',1,1,(
    (#11953,#11954)
    ,(#11955,#11956
    )),.UNSPECIFIED.,.F.,.F.,.F.,(2,2),(2,2),(-1.8425E+03,1.8425E+03),(
    -30.,30.),.PIECEWISE_BEZIER_KNOTS.);
#11953 = CARTESIAN_POINT('',(0.127000254001,-1.778003556007,15.));
#11954 = CARTESIAN_POINT('',(0.127000254001,-0.254000508001,15.));
#11955 = CARTESIAN_POINT('',(-93.47218694437,-1.778003556007,15.));
#11956 = CARTESIAN_POINT('',(-93.47218694437,-0.254000508001,15.));
#11957 = ADVANCED_FACE('',(#11958),#11964,.T.);
#11958 = FACE_BOUND('',#11959,.T.);
#11959 = EDGE_LOOP('',(#11960,#11961,#11962,#11963));
#11960 = ORIENTED_EDGE('',*,*,#9348,.F.);
#11961 = ORIENTED_EDGE('',*,*,#9452,.F.);
#11962 = ORIENTED_EDGE('',*,*,#9666,.T.);
#11963 = ORIENTED_EDGE('',*,*,#9319,.F.);
#11964 = B_SPLINE_SURFACE_WITH_KNOTS('',1,1,(
    (#11965,#11966)
    ,(#11967,#11968
    )),.UNSPECIFIED.,.F.,.F.,.F.,(2,2),(2,2),(47.311457242032,164.881888
    ),(-47.244096,0.),.PIECEWISE_BEZIER_KNOTS.);
#11965 = CARTESIAN_POINT('',(-87.72217546355,2.732294405841,
    4.000008636017));
#11966 = CARTESIAN_POINT('',(-86.52217302514,2.732294405841,
    4.000008636017));
#11967 = CARTESIAN_POINT('',(-87.72217546355,-0.254000508001,
    4.000008636017));
#11968 = CARTESIAN_POINT('',(-86.52217302514,-0.254000508001,
    4.000008636017));
#11969 = ADVANCED_FACE('',(#11970),#11977,.T.);
#11970 = FACE_BOUND('',#11971,.T.);
#11971 = EDGE_LOOP('',(#11972,#11973,#11974,#11975,#11976));
#11972 = ORIENTED_EDGE('',*,*,#9530,.F.);
#11973 = ORIENTED_EDGE('',*,*,#9389,.F.);
#11974 = ORIENTED_EDGE('',*,*,#9361,.F.);
#11975 = ORIENTED_EDGE('',*,*,#9492,.T.);
#11976 = ORIENTED_EDGE('',*,*,#9505,.F.);
#11977 = B_SPLINE_SURFACE_WITH_KNOTS('',1,1,(
    (#11978,#11979)
    ,(#11980,#11981
    )),.UNSPECIFIED.,.F.,.F.,.F.,(2,2),(2,2),(47.311457242019,
    168.1102416),(-47.244096,2.877698079828E-12),
  .PIECEWISE_BEZIER_KNOTS.);
#11978 = CARTESIAN_POINT('',(-84.52045798216,4.734009448819,
    4.000008636017));
#11979 = CARTESIAN_POINT('',(-84.52045798216,5.934011887224,
    4.000008636017));
#11980 = CARTESIAN_POINT('',(-81.45216272288,4.734009448819,
    4.000008636017));
#11981 = CARTESIAN_POINT('',(-81.45216272288,5.934011887224,
    4.000008636017));
#11982 = ADVANCED_FACE('',(#11983,#11986),#12000,.T.);
#11983 = FACE_BOUND('',#11984,.T.);
#11984 = EDGE_LOOP('',(#11985));
#11985 = ORIENTED_EDGE('',*,*,#9378,.T.);
#11986 = FACE_BOUND('',#11987,.T.);
#11987 = EDGE_LOOP('',(#11988));
#11988 = ORIENTED_EDGE('',*,*,#11989,.F.);
#11989 = EDGE_CURVE('',#11990,#11990,#11992,.T.);
#11990 = VERTEX_POINT('',#11991);
#11991 = CARTESIAN_POINT('',(-85.72217139954,5.334010668021,
    6.000012700025));
#11992 = ( BOUNDED_CURVE() B_SPLINE_CURVE(2,(#11993,#11994,#11995,#11996
    ,#11997,#11998,#11999),.UNSPECIFIED.,.T.,.F.) 
B_SPLINE_CURVE_WITH_KNOTS((1,2,2,2,2,1),(-2.094395102394,0.,
    2.094395102393,4.188790204786,6.28318530718,8.377580409573),
.UNSPECIFIED.) CURVE() GEOMETRIC_REPRESENTATION_ITEM() 
RATIONAL_B_SPLINE_CURVE((1.,0.5,1.,0.5,1.,0.5,1.)) REPRESENTATION_ITEM(
  '') );
#11993 = CARTESIAN_POINT('',(-85.72217139954,5.334010668021,
    6.000012700025));
#11994 = CARTESIAN_POINT('',(-85.72217139954,7.758886725966,
    6.000012700025));
#11995 = CARTESIAN_POINT('',(-87.82217566675,6.546448696994,
    6.000012700025));
#11996 = CARTESIAN_POINT('',(-89.92217993396,5.334010668021,
    6.000012700025));
#11997 = CARTESIAN_POINT('',(-87.82217566675,4.121572639049,
    6.000012700025));
#11998 = CARTESIAN_POINT('',(-85.72217139954,2.909134610077,
    6.000012700025));
#11999 = CARTESIAN_POINT('',(-85.72217139954,5.334010668021,
    6.000012700025));
#12000 = B_SPLINE_SURFACE_WITH_KNOTS('',1,1,(
    (#12001,#12002)
    ,(#12003,#12004
    )),.UNSPECIFIED.,.F.,.F.,.F.,(2,2),(2,2),(-105.1181136,105.1181136),
  (-105.1181136,105.1181136),.PIECEWISE_BEZIER_KNOTS.);
#12001 = CARTESIAN_POINT('',(-89.79217966979,2.66400524257,
    6.000012700025));
#12002 = CARTESIAN_POINT('',(-89.79217966979,8.004016093472,
    6.000012700025));
#12003 = CARTESIAN_POINT('',(-84.45216881889,2.66400524257,
    6.000012700025));
#12004 = CARTESIAN_POINT('',(-84.45216881889,8.004016093472,
    6.000012700025));
#12005 = ADVANCED_FACE('',(#12006),#12012,.T.);
#12006 = FACE_BOUND('',#12007,.T.);
#12007 = EDGE_LOOP('',(#12008,#12009,#12010,#12011));
#12008 = ORIENTED_EDGE('',*,*,#9590,.F.);
#12009 = ORIENTED_EDGE('',*,*,#9410,.F.);
#12010 = ORIENTED_EDGE('',*,*,#9552,.T.);
#12011 = ORIENTED_EDGE('',*,*,#9565,.F.);
#12012 = B_SPLINE_SURFACE_WITH_KNOTS('',1,1,(
    (#12013,#12014)
    ,(#12015,#12016
    )),.UNSPECIFIED.,.F.,.F.,.F.,(2,2),(2,2),(47.311457242019,
    168.1102416),(-47.244096,2.884803507186E-12),
  .PIECEWISE_BEZIER_KNOTS.);
#12013 = CARTESIAN_POINT('',(-86.52217302514,7.935726930201,
    4.000008636017));
#12014 = CARTESIAN_POINT('',(-87.72217546355,7.935726930201,
    4.000008636017));
#12015 = CARTESIAN_POINT('',(-86.52217302514,11.004022189484,
    4.000008636017));
#12016 = CARTESIAN_POINT('',(-87.72217546355,11.004022189484,
    4.000008636017));
#12017 = ADVANCED_FACE('',(#12018),#12024,.T.);
#12018 = FACE_BOUND('',#12019,.T.);
#12019 = EDGE_LOOP('',(#12020,#12021,#12022,#12023));
#12020 = ORIENTED_EDGE('',*,*,#9650,.F.);
#12021 = ORIENTED_EDGE('',*,*,#9431,.F.);
#12022 = ORIENTED_EDGE('',*,*,#9612,.T.);
#12023 = ORIENTED_EDGE('',*,*,#9625,.F.);
#12024 = B_SPLINE_SURFACE_WITH_KNOTS('',1,1,(
    (#12025,#12026)
    ,(#12027,#12028
    )),.UNSPECIFIED.,.F.,.F.,.F.,(2,2),(2,2),(47.311457242032,
    168.1102416),(-47.244096,0.),.PIECEWISE_BEZIER_KNOTS.);
#12025 = CARTESIAN_POINT('',(-89.72389050652,5.934011887224,
    4.000008636017));
#12026 = CARTESIAN_POINT('',(-89.72389050652,4.734009448819,
    4.000008636017));
#12027 = CARTESIAN_POINT('',(-92.79218576581,5.934011887224,
    4.000008636017));
#12028 = CARTESIAN_POINT('',(-92.79218576581,4.734009448819,
    4.000008636017));
#12029 = ADVANCED_FACE('',(#12030),#12036,.T.);
#12030 = FACE_BOUND('',#12031,.T.);
#12031 = EDGE_LOOP('',(#12032,#12033,#12034,#12035));
#12032 = ORIENTED_EDGE('',*,*,#9888,.F.);
#12033 = ORIENTED_EDGE('',*,*,#9999,.F.);
#12034 = ORIENTED_EDGE('',*,*,#10535,.T.);
#12035 = ORIENTED_EDGE('',*,*,#11800,.F.);
#12036 = B_SPLINE_SURFACE_WITH_KNOTS('',1,1,(
    (#12037,#12038)
    ,(#12039,#12040
    )),.UNSPECIFIED.,.F.,.F.,.F.,(2,2),(2,2),(46.669354265039,168.1102),
  (-47.2441,0.),.PIECEWISE_BEZIER_KNOTS.);
#12037 = CARTESIAN_POINT('',(-20.10003937007,-24.53994676822,
    6.00001016002));
#12038 = CARTESIAN_POINT('',(-18.90003683007,-24.53994676822,
    6.00001016002));
#12039 = CARTESIAN_POINT('',(-20.10003937007,-27.6245504191,
    6.00001016002));
#12040 = CARTESIAN_POINT('',(-18.90003683007,-27.6245504191,
    6.00001016002));
#12041 = ADVANCED_FACE('',(#12042),#12049,.T.);
#12042 = FACE_BOUND('',#12043,.T.);
#12043 = EDGE_LOOP('',(#12044,#12045,#12046,#12047,#12048));
#12044 = ORIENTED_EDGE('',*,*,#10077,.F.);
#12045 = ORIENTED_EDGE('',*,*,#9936,.F.);
#12046 = ORIENTED_EDGE('',*,*,#9908,.F.);
#12047 = ORIENTED_EDGE('',*,*,#10039,.T.);
#12048 = ORIENTED_EDGE('',*,*,#10052,.F.);
#12049 = B_SPLINE_SURFACE_WITH_KNOTS('',1,1,(
    (#12050,#12051)
    ,(#12052,#12053
    )),.UNSPECIFIED.,.F.,.F.,.F.,(2,2),(2,2),(46.669354265039,168.1102),
  (-47.2441,1.136868377216E-13),.PIECEWISE_BEZIER_KNOTS.);
#12050 = CARTESIAN_POINT('',(-17.41463286093,-23.05454279908,
    6.00001016002));
#12051 = CARTESIAN_POINT('',(-17.41463286093,-21.85454025908,
    6.00001016002));
#12052 = CARTESIAN_POINT('',(-14.33002921005,-23.05454279908,
    6.00001016002));
#12053 = CARTESIAN_POINT('',(-14.33002921005,-21.85454025908,
    6.00001016002));
#12054 = ADVANCED_FACE('',(#12055,#12058),#12072,.T.);
#12055 = FACE_BOUND('',#12056,.T.);
#12056 = EDGE_LOOP('',(#12057));
#12057 = ORIENTED_EDGE('',*,*,#9925,.T.);
#12058 = FACE_BOUND('',#12059,.T.);
#12059 = EDGE_LOOP('',(#12060));
#12060 = ORIENTED_EDGE('',*,*,#12061,.F.);
#12061 = EDGE_CURVE('',#12062,#12062,#12064,.T.);
#12062 = VERTEX_POINT('',#12063);
#12063 = CARTESIAN_POINT('',(-18.60003683007,-22.45454152908,
    8.00001524003));
#12064 = ( BOUNDED_CURVE() B_SPLINE_CURVE(2,(#12065,#12066,#12067,#12068
    ,#12069,#12070,#12071),.UNSPECIFIED.,.T.,.F.) 
B_SPLINE_CURVE_WITH_KNOTS((1,2,2,2,2,1),(-2.094395102394,0.,
    2.094395102393,4.188790204786,6.28318530718,8.377580409573),
.UNSPECIFIED.) CURVE() GEOMETRIC_REPRESENTATION_ITEM() 
RATIONAL_B_SPLINE_CURVE((1.,0.5,1.,0.5,1.,0.5,1.)) REPRESENTATION_ITEM(
  '') );
#12065 = CARTESIAN_POINT('',(-18.60003683007,-22.45454152908,
    8.00001524003));
#12066 = CARTESIAN_POINT('',(-18.60003683007,-20.89569360256,
    8.00001524003));
#12067 = CARTESIAN_POINT('',(-19.95003873507,-21.67511756582,
    8.00001524003));
#12068 = CARTESIAN_POINT('',(-21.30004064008,-22.45454152908,
    8.00001524003));
#12069 = CARTESIAN_POINT('',(-19.95003873507,-23.23396549234,
    8.00001524003));
#12070 = CARTESIAN_POINT('',(-18.60003683007,-24.0133894556,
    8.00001524003));
#12071 = CARTESIAN_POINT('',(-18.60003683007,-22.45454152908,
    8.00001524003));
#12072 = B_SPLINE_SURFACE_WITH_KNOTS('',1,1,(
    (#12073,#12074)
    ,(#12075,#12076
    )),.UNSPECIFIED.,.F.,.F.,.F.,(2,2),(2,2),(-85.43305,85.43305),(
    -85.43305,85.43305),.PIECEWISE_BEZIER_KNOTS.);
#12073 = CARTESIAN_POINT('',(-21.67004191008,-24.62454533909,
    8.00001524003));
#12074 = CARTESIAN_POINT('',(-21.67004191008,-20.28453771907,
    8.00001524003));
#12075 = CARTESIAN_POINT('',(-17.33003429006,-24.62454533909,
    8.00001524003));
#12076 = CARTESIAN_POINT('',(-17.33003429006,-20.28453771907,
    8.00001524003));
#12077 = ADVANCED_FACE('',(#12078),#12088,.T.);
#12078 = FACE_BOUND('',#12079,.T.);
#12079 = EDGE_LOOP('',(#12080,#12081,#12082,#12083));
#12080 = ORIENTED_EDGE('',*,*,#10459,.F.);
#12081 = ORIENTED_EDGE('',*,*,#9957,.F.);
#12082 = ORIENTED_EDGE('',*,*,#10119,.T.);
#12083 = ORIENTED_EDGE('',*,*,#12084,.F.);
#12084 = EDGE_CURVE('',#10453,#10113,#12085,.T.);
#12085 = B_SPLINE_CURVE_WITH_KNOTS('',1,(#12086,#12087),.UNSPECIFIED.,
  .F.,.F.,(2,2),(0.,47.2441),.PIECEWISE_BEZIER_KNOTS.);
#12086 = CARTESIAN_POINT('',(-20.10003937007,-17.28453263906,
    6.00001016002));
#12087 = CARTESIAN_POINT('',(-18.90003683007,-17.28453263906,
    6.00001016002));
#12088 = B_SPLINE_SURFACE_WITH_KNOTS('',1,1,(
    (#12089,#12090)
    ,(#12091,#12092
    )),.UNSPECIFIED.,.F.,.F.,.F.,(2,2),(2,2),(46.669354265039,168.1102),
  (-47.2441,1.101341240428E-13),.PIECEWISE_BEZIER_KNOTS.);
#12089 = CARTESIAN_POINT('',(-18.90003683007,-20.36913628994,
    6.00001016002));
#12090 = CARTESIAN_POINT('',(-20.10003937007,-20.36913628994,
    6.00001016002));
#12091 = CARTESIAN_POINT('',(-18.90003683007,-17.28453263906,
    6.00001016002));
#12092 = CARTESIAN_POINT('',(-20.10003937007,-17.28453263906,
    6.00001016002));
#12093 = ADVANCED_FACE('',(#12094),#12100,.T.);
#12094 = FACE_BOUND('',#12095,.T.);
#12095 = EDGE_LOOP('',(#12096,#12097,#12098,#12099));
#12096 = ORIENTED_EDGE('',*,*,#10519,.F.);
#12097 = ORIENTED_EDGE('',*,*,#9978,.F.);
#12098 = ORIENTED_EDGE('',*,*,#10481,.T.);
#12099 = ORIENTED_EDGE('',*,*,#10494,.F.);
#12100 = B_SPLINE_SURFACE_WITH_KNOTS('',1,1,(
    (#12101,#12102)
    ,(#12103,#12104
    )),.UNSPECIFIED.,.F.,.F.,.F.,(2,2),(2,2),(46.669354265039,168.1102),
  (-47.2441,0.),.PIECEWISE_BEZIER_KNOTS.);
#12101 = CARTESIAN_POINT('',(-21.58544333921,-21.85454025908,
    6.00001016002));
#12102 = CARTESIAN_POINT('',(-21.58544333921,-23.05454279908,
    6.00001016002));
#12103 = CARTESIAN_POINT('',(-24.67004699009,-21.85454025908,
    6.00001016002));
#12104 = CARTESIAN_POINT('',(-24.67004699009,-23.05454279908,
    6.00001016002));
#12105 = ADVANCED_FACE('',(#12106),#12116,.T.);
#12106 = FACE_BOUND('',#12107,.T.);
#12107 = EDGE_LOOP('',(#12108,#12109,#12110,#12111));
#12108 = ORIENTED_EDGE('',*,*,#10098,.F.);
#12109 = ORIENTED_EDGE('',*,*,#10224,.F.);
#12110 = ORIENTED_EDGE('',*,*,#10438,.T.);
#12111 = ORIENTED_EDGE('',*,*,#12112,.F.);
#12112 = EDGE_CURVE('',#10099,#10439,#12113,.T.);
#12113 = B_SPLINE_CURVE_WITH_KNOTS('',1,(#12114,#12115),.UNSPECIFIED.,
  .F.,.F.,(2,2),(0.,47.2441),.PIECEWISE_BEZIER_KNOTS.);
#12114 = CARTESIAN_POINT('',(-18.90003683007,-14.31402717805,
    6.00001016002));
#12115 = CARTESIAN_POINT('',(-20.10003937007,-14.31402717805,
    6.00001016002));
#12116 = B_SPLINE_SURFACE_WITH_KNOTS('',1,1,(
    (#12117,#12118)
    ,(#12119,#12120
    )),.UNSPECIFIED.,.F.,.F.,.F.,(2,2),(2,2),(46.669354265039,168.1102),
  (-47.2441,0.),.PIECEWISE_BEZIER_KNOTS.);
#12117 = CARTESIAN_POINT('',(-20.10003937007,-11.22942352717,
    6.00001016002));
#12118 = CARTESIAN_POINT('',(-18.90003683007,-11.22942352717,
    6.00001016002));
#12119 = CARTESIAN_POINT('',(-20.10003937007,-14.31402717805,
    6.00001016002));
#12120 = CARTESIAN_POINT('',(-18.90003683007,-14.31402717805,
    6.00001016002));
#12121 = ADVANCED_FACE('',(#12122),#12132,.T.);
#12122 = FACE_BOUND('',#12123,.T.);
#12123 = EDGE_LOOP('',(#12124,#12125,#12126,#12127));
#12124 = ORIENTED_EDGE('',*,*,#10105,.F.);
#12125 = ORIENTED_EDGE('',*,*,#12112,.T.);
#12126 = ORIENTED_EDGE('',*,*,#10445,.T.);
#12127 = ORIENTED_EDGE('',*,*,#12128,.F.);
#12128 = EDGE_CURVE('',#10106,#10446,#12129,.T.);
#12129 = B_SPLINE_CURVE_WITH_KNOTS('',1,(#12130,#12131),.UNSPECIFIED.,
  .F.,.F.,(2,2),(-23.62205,23.62205),.PIECEWISE_BEZIER_KNOTS.);
#12130 = CARTESIAN_POINT('',(-18.90003683007,-15.79927990856,
    2.658194345788));
#12131 = CARTESIAN_POINT('',(-20.10003937007,-15.79927990856,
    2.658194345788));
#12132 = B_SPLINE_SURFACE_WITH_KNOTS('',1,1,(
    (#12133,#12134)
    ,(#12135,#12136
    )),.UNSPECIFIED.,.F.,.F.,.F.,(2,2),(2,2),(0.,143.97641086852),(
    -47.2441,0.),.PIECEWISE_BEZIER_KNOTS.);
#12133 = CARTESIAN_POINT('',(-20.10003937007,-14.31402717805,
    6.00001016002));
#12134 = CARTESIAN_POINT('',(-18.90003683007,-14.31402717805,
    6.00001016002));
#12135 = CARTESIAN_POINT('',(-20.10003937007,-15.79927990856,
    2.658194345788));
#12136 = CARTESIAN_POINT('',(-18.90003683007,-15.79927990856,
    2.658194345788));
#12137 = ADVANCED_FACE('',(#12138),#12144,.T.);
#12138 = FACE_BOUND('',#12139,.T.);
#12139 = EDGE_LOOP('',(#12140,#12141,#12142,#12143));
#12140 = ORIENTED_EDGE('',*,*,#10452,.F.);
#12141 = ORIENTED_EDGE('',*,*,#12084,.T.);
#12142 = ORIENTED_EDGE('',*,*,#10112,.T.);
#12143 = ORIENTED_EDGE('',*,*,#12128,.T.);
#12144 = B_SPLINE_SURFACE_WITH_KNOTS('',1,1,(
    (#12145,#12146)
    ,(#12147,#12148
    )),.UNSPECIFIED.,.F.,.F.,.F.,(2,2),(2,2),(0.,143.97641086852),(
    -47.2441,0.),.PIECEWISE_BEZIER_KNOTS.);
#12145 = CARTESIAN_POINT('',(-18.90003683007,-17.28453263906,
    6.00001016002));
#12146 = CARTESIAN_POINT('',(-20.10003937007,-17.28453263906,
    6.00001016002));
#12147 = CARTESIAN_POINT('',(-18.90003683007,-15.79927990856,
    2.658194345788));
#12148 = CARTESIAN_POINT('',(-20.10003937007,-15.79927990856,
    2.658194345788));
#12149 = ADVANCED_FACE('',(#12150),#12157,.T.);
#12150 = FACE_BOUND('',#12151,.T.);
#12151 = EDGE_LOOP('',(#12152,#12153,#12154,#12155,#12156));
#12152 = ORIENTED_EDGE('',*,*,#10302,.F.);
#12153 = ORIENTED_EDGE('',*,*,#10161,.F.);
#12154 = ORIENTED_EDGE('',*,*,#10133,.F.);
#12155 = ORIENTED_EDGE('',*,*,#10264,.T.);
#12156 = ORIENTED_EDGE('',*,*,#10277,.F.);
#12157 = B_SPLINE_SURFACE_WITH_KNOTS('',1,1,(
    (#12158,#12159)
    ,(#12160,#12161
    )),.UNSPECIFIED.,.F.,.F.,.F.,(2,2),(2,2),(46.669354265039,168.1102),
  (-47.2441,1.030286966852E-13),.PIECEWISE_BEZIER_KNOTS.);
#12158 = CARTESIAN_POINT('',(-17.41463286093,-9.744019558039,
    6.00001016002));
#12159 = CARTESIAN_POINT('',(-17.41463286093,-8.544017018034,
    6.00001016002));
#12160 = CARTESIAN_POINT('',(-14.33002921005,-9.744019558039,
    6.00001016002));
#12161 = CARTESIAN_POINT('',(-14.33002921005,-8.544017018034,
    6.00001016002));
#12162 = ADVANCED_FACE('',(#12163,#12166),#12180,.T.);
#12163 = FACE_BOUND('',#12164,.T.);
#12164 = EDGE_LOOP('',(#12165));
#12165 = ORIENTED_EDGE('',*,*,#10150,.T.);
#12166 = FACE_BOUND('',#12167,.T.);
#12167 = EDGE_LOOP('',(#12168));
#12168 = ORIENTED_EDGE('',*,*,#12169,.F.);
#12169 = EDGE_CURVE('',#12170,#12170,#12172,.T.);
#12170 = VERTEX_POINT('',#12171);
#12171 = CARTESIAN_POINT('',(-18.60003683007,-9.144018288037,
    8.00001524003));
#12172 = ( BOUNDED_CURVE() B_SPLINE_CURVE(2,(#12173,#12174,#12175,#12176
    ,#12177,#12178,#12179),.UNSPECIFIED.,.T.,.F.) 
B_SPLINE_CURVE_WITH_KNOTS((1,2,2,2,2,1),(-2.094395102394,0.,
    2.094395102393,4.188790204786,6.28318530718,8.377580409573),
.UNSPECIFIED.) CURVE() GEOMETRIC_REPRESENTATION_ITEM() 
RATIONAL_B_SPLINE_CURVE((1.,0.5,1.,0.5,1.,0.5,1.)) REPRESENTATION_ITEM(
  '') );
#12173 = CARTESIAN_POINT('',(-18.60003683007,-9.144018288037,
    8.00001524003));
#12174 = CARTESIAN_POINT('',(-18.60003683007,-7.585170361516,
    8.00001524003));
#12175 = CARTESIAN_POINT('',(-19.95003873507,-8.364594324776,
    8.00001524003));
#12176 = CARTESIAN_POINT('',(-21.30004064008,-9.144018288037,
    8.00001524003));
#12177 = CARTESIAN_POINT('',(-19.95003873507,-9.923442251297,
    8.00001524003));
#12178 = CARTESIAN_POINT('',(-18.60003683007,-10.70286621455,
    8.00001524003));
#12179 = CARTESIAN_POINT('',(-18.60003683007,-9.144018288037,
    8.00001524003));
#12180 = B_SPLINE_SURFACE_WITH_KNOTS('',1,1,(
    (#12181,#12182)
    ,(#12183,#12184
    )),.UNSPECIFIED.,.F.,.F.,.F.,(2,2),(2,2),(-85.43305,85.43305),(
    -85.43305,85.43305),.PIECEWISE_BEZIER_KNOTS.);
#12181 = CARTESIAN_POINT('',(-21.67004191008,-11.31402209804,
    8.00001524003));
#12182 = CARTESIAN_POINT('',(-21.67004191008,-6.974014478029,
    8.00001524003));
#12183 = CARTESIAN_POINT('',(-17.33003429006,-11.31402209804,
    8.00001524003));
#12184 = CARTESIAN_POINT('',(-17.33003429006,-6.974014478029,
    8.00001524003));
#12185 = ADVANCED_FACE('',(#12186),#12192,.T.);
#12186 = FACE_BOUND('',#12187,.T.);
#12187 = EDGE_LOOP('',(#12188,#12189,#12190,#12191));
#12188 = ORIENTED_EDGE('',*,*,#10362,.F.);
#12189 = ORIENTED_EDGE('',*,*,#10182,.F.);
#12190 = ORIENTED_EDGE('',*,*,#10324,.T.);
#12191 = ORIENTED_EDGE('',*,*,#10337,.F.);
#12192 = B_SPLINE_SURFACE_WITH_KNOTS('',1,1,(
    (#12193,#12194)
    ,(#12195,#12196
    )),.UNSPECIFIED.,.F.,.F.,.F.,(2,2),(2,2),(46.66935426504,168.1102),(
    -47.2441,0.),.PIECEWISE_BEZIER_KNOTS.);
#12193 = CARTESIAN_POINT('',(-18.90003683007,-7.058613048894,
    6.00001016002));
#12194 = CARTESIAN_POINT('',(-20.10003937007,-7.058613048894,
    6.00001016002));
#12195 = CARTESIAN_POINT('',(-18.90003683007,-3.974009398019,
    6.00001016002));
#12196 = CARTESIAN_POINT('',(-20.10003937007,-3.974009398019,
    6.00001016002));
#12197 = ADVANCED_FACE('',(#12198),#12204,.T.);
#12198 = FACE_BOUND('',#12199,.T.);
#12199 = EDGE_LOOP('',(#12200,#12201,#12202,#12203));
#12200 = ORIENTED_EDGE('',*,*,#10422,.F.);
#12201 = ORIENTED_EDGE('',*,*,#10203,.F.);
#12202 = ORIENTED_EDGE('',*,*,#10384,.T.);
#12203 = ORIENTED_EDGE('',*,*,#10397,.F.);
#12204 = B_SPLINE_SURFACE_WITH_KNOTS('',1,1,(
    (#12205,#12206)
    ,(#12207,#12208
    )),.UNSPECIFIED.,.F.,.F.,.F.,(2,2),(2,2),(46.66935426504,168.1102),(
    -47.2441,0.),.PIECEWISE_BEZIER_KNOTS.);
#12205 = CARTESIAN_POINT('',(-21.58544333921,-8.544017018034,
    6.00001016002));
#12206 = CARTESIAN_POINT('',(-21.58544333921,-9.744019558039,
    6.00001016002));
#12207 = CARTESIAN_POINT('',(-24.67004699009,-8.544017018034,
    6.00001016002));
#12208 = CARTESIAN_POINT('',(-24.67004699009,-9.744019558039,
    6.00001016002));
#12209 = ADVANCED_FACE('',(#12210),#12216,.T.);
#12210 = FACE_BOUND('',#12211,.T.);
#12211 = EDGE_LOOP('',(#12212,#12213,#12214,#12215));
#12212 = ORIENTED_EDGE('',*,*,#10564,.F.);
#12213 = ORIENTED_EDGE('',*,*,#10675,.F.);
#12214 = ORIENTED_EDGE('',*,*,#11211,.T.);
#12215 = ORIENTED_EDGE('',*,*,#11816,.F.);
#12216 = B_SPLINE_SURFACE_WITH_KNOTS('',1,1,(
    (#12217,#12218)
    ,(#12219,#12220
    )),.UNSPECIFIED.,.F.,.F.,.F.,(2,2),(2,2),(46.669354265041,168.1102),
  (-47.2441,0.),.PIECEWISE_BEZIER_KNOTS.);
#12217 = CARTESIAN_POINT('',(-85.81717170434,-24.53994676822,
    6.00001016002));
#12218 = CARTESIAN_POINT('',(-84.61716916433,-24.53994676822,
    6.00001016002));
#12219 = CARTESIAN_POINT('',(-85.81717170434,-27.6245504191,
    6.00001016002));
#12220 = CARTESIAN_POINT('',(-84.61716916433,-27.6245504191,
    6.00001016002));
#12221 = ADVANCED_FACE('',(#12222),#12229,.T.);
#12222 = FACE_BOUND('',#12223,.T.);
#12223 = EDGE_LOOP('',(#12224,#12225,#12226,#12227,#12228));
#12224 = ORIENTED_EDGE('',*,*,#10753,.F.);
#12225 = ORIENTED_EDGE('',*,*,#10612,.F.);
#12226 = ORIENTED_EDGE('',*,*,#10584,.F.);
#12227 = ORIENTED_EDGE('',*,*,#10715,.T.);
#12228 = ORIENTED_EDGE('',*,*,#10728,.F.);
#12229 = B_SPLINE_SURFACE_WITH_KNOTS('',1,1,(
    (#12230,#12231)
    ,(#12232,#12233
    )),.UNSPECIFIED.,.F.,.F.,.F.,(2,2),(2,2),(46.669354265036,168.1102),
  (-47.2441,8.348877145181E-13),.PIECEWISE_BEZIER_KNOTS.);
#12230 = CARTESIAN_POINT('',(-83.13176519519,-23.05454279908,
    6.00001016002));
#12231 = CARTESIAN_POINT('',(-83.13176519519,-21.85454025908,
    6.00001016002));
#12232 = CARTESIAN_POINT('',(-80.04716154432,-23.05454279908,
    6.00001016002));
#12233 = CARTESIAN_POINT('',(-80.04716154432,-21.85454025908,
    6.00001016002));
#12234 = ADVANCED_FACE('',(#12235,#12238),#12252,.T.);
#12235 = FACE_BOUND('',#12236,.T.);
#12236 = EDGE_LOOP('',(#12237));
#12237 = ORIENTED_EDGE('',*,*,#10601,.T.);
#12238 = FACE_BOUND('',#12239,.T.);
#12239 = EDGE_LOOP('',(#12240));
#12240 = ORIENTED_EDGE('',*,*,#12241,.F.);
#12241 = EDGE_CURVE('',#12242,#12242,#12244,.T.);
#12242 = VERTEX_POINT('',#12243);
#12243 = CARTESIAN_POINT('',(-84.31716916433,-22.45454152908,
    8.00001524003));
#12244 = ( BOUNDED_CURVE() B_SPLINE_CURVE(2,(#12245,#12246,#12247,#12248
    ,#12249,#12250,#12251),.UNSPECIFIED.,.T.,.F.) 
B_SPLINE_CURVE_WITH_KNOTS((1,2,2,2,2,1),(-2.094395102394,0.,
    2.094395102393,4.188790204786,6.28318530718,8.377580409573),
.UNSPECIFIED.) CURVE() GEOMETRIC_REPRESENTATION_ITEM() 
RATIONAL_B_SPLINE_CURVE((1.,0.5,1.,0.5,1.,0.5,1.)) REPRESENTATION_ITEM(
  '') );
#12245 = CARTESIAN_POINT('',(-84.31716916433,-22.45454152908,
    8.00001524003));
#12246 = CARTESIAN_POINT('',(-84.31716916433,-20.89569360256,
    8.00001524003));
#12247 = CARTESIAN_POINT('',(-85.66717106934,-21.67511756582,
    8.00001524003));
#12248 = CARTESIAN_POINT('',(-87.01717297434,-22.45454152908,
    8.00001524003));
#12249 = CARTESIAN_POINT('',(-85.66717106934,-23.23396549234,
    8.00001524003));
#12250 = CARTESIAN_POINT('',(-84.31716916433,-24.0133894556,
    8.00001524003));
#12251 = CARTESIAN_POINT('',(-84.31716916433,-22.45454152908,
    8.00001524003));
#12252 = B_SPLINE_SURFACE_WITH_KNOTS('',1,1,(
    (#12253,#12254)
    ,(#12255,#12256
    )),.UNSPECIFIED.,.F.,.F.,.F.,(2,2),(2,2),(-85.43305,85.43305),(
    -85.43305,85.43305),.PIECEWISE_BEZIER_KNOTS.);
#12253 = CARTESIAN_POINT('',(-87.38717424434,-24.62454533909,
    8.00001524003));
#12254 = CARTESIAN_POINT('',(-87.38717424434,-20.28453771907,
    8.00001524003));
#12255 = CARTESIAN_POINT('',(-83.04716662433,-24.62454533909,
    8.00001524003));
#12256 = CARTESIAN_POINT('',(-83.04716662433,-20.28453771907,
    8.00001524003));
#12257 = ADVANCED_FACE('',(#12258),#12268,.T.);
#12258 = FACE_BOUND('',#12259,.T.);
#12259 = EDGE_LOOP('',(#12260,#12261,#12262,#12263));
#12260 = ORIENTED_EDGE('',*,*,#11135,.F.);
#12261 = ORIENTED_EDGE('',*,*,#10633,.F.);
#12262 = ORIENTED_EDGE('',*,*,#10795,.T.);
#12263 = ORIENTED_EDGE('',*,*,#12264,.F.);
#12264 = EDGE_CURVE('',#11129,#10789,#12265,.T.);
#12265 = B_SPLINE_CURVE_WITH_KNOTS('',1,(#12266,#12267),.UNSPECIFIED.,
  .F.,.F.,(2,2),(0.,47.2441),.PIECEWISE_BEZIER_KNOTS.);
#12266 = CARTESIAN_POINT('',(-85.81717170434,-17.28453263906,
    6.00001016002));
#12267 = CARTESIAN_POINT('',(-84.61716916433,-17.28453263906,
    6.00001016002));
#12268 = B_SPLINE_SURFACE_WITH_KNOTS('',1,1,(
    (#12269,#12270)
    ,(#12271,#12272
    )),.UNSPECIFIED.,.F.,.F.,.F.,(2,2),(2,2),(46.669354265036,168.1102),
  (-47.2441,8.455458555545E-13),.PIECEWISE_BEZIER_KNOTS.);
#12269 = CARTESIAN_POINT('',(-84.61716916433,-20.36913628994,
    6.00001016002));
#12270 = CARTESIAN_POINT('',(-85.81717170434,-20.36913628994,
    6.00001016002));
#12271 = CARTESIAN_POINT('',(-84.61716916433,-17.28453263906,
    6.00001016002));
#12272 = CARTESIAN_POINT('',(-85.81717170434,-17.28453263906,
    6.00001016002));
#12273 = ADVANCED_FACE('',(#12274),#12280,.T.);
#12274 = FACE_BOUND('',#12275,.T.);
#12275 = EDGE_LOOP('',(#12276,#12277,#12278,#12279));
#12276 = ORIENTED_EDGE('',*,*,#11195,.F.);
#12277 = ORIENTED_EDGE('',*,*,#10654,.F.);
#12278 = ORIENTED_EDGE('',*,*,#11157,.T.);
#12279 = ORIENTED_EDGE('',*,*,#11170,.F.);
#12280 = B_SPLINE_SURFACE_WITH_KNOTS('',1,1,(
    (#12281,#12282)
    ,(#12283,#12284
    )),.UNSPECIFIED.,.F.,.F.,.F.,(2,2),(2,2),(46.669354265036,168.1102),
  (-47.2441,8.419931418757E-13),.PIECEWISE_BEZIER_KNOTS.);
#12281 = CARTESIAN_POINT('',(-87.30257567348,-21.85454025908,
    6.00001016002));
#12282 = CARTESIAN_POINT('',(-87.30257567348,-23.05454279908,
    6.00001016002));
#12283 = CARTESIAN_POINT('',(-90.38717932435,-21.85454025908,
    6.00001016002));
#12284 = CARTESIAN_POINT('',(-90.38717932435,-23.05454279908,
    6.00001016002));
#12285 = ADVANCED_FACE('',(#12286),#12296,.T.);
#12286 = FACE_BOUND('',#12287,.T.);
#12287 = EDGE_LOOP('',(#12288,#12289,#12290,#12291));
#12288 = ORIENTED_EDGE('',*,*,#10774,.F.);
#12289 = ORIENTED_EDGE('',*,*,#10900,.F.);
#12290 = ORIENTED_EDGE('',*,*,#11114,.T.);
#12291 = ORIENTED_EDGE('',*,*,#12292,.F.);
#12292 = EDGE_CURVE('',#10775,#11115,#12293,.T.);
#12293 = B_SPLINE_CURVE_WITH_KNOTS('',1,(#12294,#12295),.UNSPECIFIED.,
  .F.,.F.,(2,2),(0.,47.2441),.PIECEWISE_BEZIER_KNOTS.);
#12294 = CARTESIAN_POINT('',(-84.61716916433,-14.31402717805,
    6.00001016002));
#12295 = CARTESIAN_POINT('',(-85.81717170434,-14.31402717805,
    6.00001016002));
#12296 = B_SPLINE_SURFACE_WITH_KNOTS('',1,1,(
    (#12297,#12298)
    ,(#12299,#12300
    )),.UNSPECIFIED.,.F.,.F.,.F.,(2,2),(2,2),(46.669354265014,168.1102),
  (-47.2441,6.856737400085E-12),.PIECEWISE_BEZIER_KNOTS.);
#12297 = CARTESIAN_POINT('',(-85.81717170434,-11.22942352717,
    6.00001016002));
#12298 = CARTESIAN_POINT('',(-84.61716916433,-11.22942352717,
    6.00001016002));
#12299 = CARTESIAN_POINT('',(-85.81717170434,-14.31402717805,
    6.00001016002));
#12300 = CARTESIAN_POINT('',(-84.61716916433,-14.31402717805,
    6.00001016002));
#12301 = ADVANCED_FACE('',(#12302),#12312,.T.);
#12302 = FACE_BOUND('',#12303,.T.);
#12303 = EDGE_LOOP('',(#12304,#12305,#12306,#12307));
#12304 = ORIENTED_EDGE('',*,*,#10781,.F.);
#12305 = ORIENTED_EDGE('',*,*,#12292,.T.);
#12306 = ORIENTED_EDGE('',*,*,#11121,.T.);
#12307 = ORIENTED_EDGE('',*,*,#12308,.F.);
#12308 = EDGE_CURVE('',#10782,#11122,#12309,.T.);
#12309 = B_SPLINE_CURVE_WITH_KNOTS('',1,(#12310,#12311),.UNSPECIFIED.,
  .F.,.F.,(2,2),(-23.62205,23.62205),.PIECEWISE_BEZIER_KNOTS.);
#12310 = CARTESIAN_POINT('',(-84.61716916433,-15.79927990856,
    2.658194345788));
#12311 = CARTESIAN_POINT('',(-85.81717170434,-15.79927990856,
    2.658194345788));
#12312 = B_SPLINE_SURFACE_WITH_KNOTS('',1,1,(
    (#12313,#12314)
    ,(#12315,#12316
    )),.UNSPECIFIED.,.F.,.F.,.F.,(2,2),(2,2),(0.,143.97641086852),(
    -47.2441,0.),.PIECEWISE_BEZIER_KNOTS.);
#12313 = CARTESIAN_POINT('',(-85.81717170434,-14.31402717805,
    6.00001016002));
#12314 = CARTESIAN_POINT('',(-84.61716916433,-14.31402717805,
    6.00001016002));
#12315 = CARTESIAN_POINT('',(-85.81717170434,-15.79927990856,
    2.658194345788));
#12316 = CARTESIAN_POINT('',(-84.61716916433,-15.79927990856,
    2.658194345788));
#12317 = ADVANCED_FACE('',(#12318),#12324,.T.);
#12318 = FACE_BOUND('',#12319,.T.);
#12319 = EDGE_LOOP('',(#12320,#12321,#12322,#12323));
#12320 = ORIENTED_EDGE('',*,*,#11128,.F.);
#12321 = ORIENTED_EDGE('',*,*,#12264,.T.);
#12322 = ORIENTED_EDGE('',*,*,#10788,.T.);
#12323 = ORIENTED_EDGE('',*,*,#12308,.T.);
#12324 = B_SPLINE_SURFACE_WITH_KNOTS('',1,1,(
    (#12325,#12326)
    ,(#12327,#12328
    )),.UNSPECIFIED.,.F.,.F.,.F.,(2,2),(2,2),(0.,143.97641086852),(
    -47.2441,0.),.PIECEWISE_BEZIER_KNOTS.);
#12325 = CARTESIAN_POINT('',(-84.61716916433,-17.28453263906,
    6.00001016002));
#12326 = CARTESIAN_POINT('',(-85.81717170434,-17.28453263906,
    6.00001016002));
#12327 = CARTESIAN_POINT('',(-84.61716916433,-15.79927990856,
    2.658194345788));
#12328 = CARTESIAN_POINT('',(-85.81717170434,-15.79927990856,
    2.658194345788));
#12329 = ADVANCED_FACE('',(#12330),#12337,.T.);
#12330 = FACE_BOUND('',#12331,.T.);
#12331 = EDGE_LOOP('',(#12332,#12333,#12334,#12335,#12336));
#12332 = ORIENTED_EDGE('',*,*,#10978,.F.);
#12333 = ORIENTED_EDGE('',*,*,#10837,.F.);
#12334 = ORIENTED_EDGE('',*,*,#10809,.F.);
#12335 = ORIENTED_EDGE('',*,*,#10940,.T.);
#12336 = ORIENTED_EDGE('',*,*,#10953,.F.);
#12337 = B_SPLINE_SURFACE_WITH_KNOTS('',1,1,(
    (#12338,#12339)
    ,(#12340,#12341
    )),.UNSPECIFIED.,.F.,.F.,.F.,(2,2),(2,2),(46.669354265036,168.1102),
  (-47.2441,0.),.PIECEWISE_BEZIER_KNOTS.);
#12338 = CARTESIAN_POINT('',(-83.13176519519,-9.744019558039,
    6.00001016002));
#12339 = CARTESIAN_POINT('',(-83.13176519519,-8.544017018034,
    6.00001016002));
#12340 = CARTESIAN_POINT('',(-80.04716154432,-9.744019558039,
    6.00001016002));
#12341 = CARTESIAN_POINT('',(-80.04716154432,-8.544017018034,
    6.00001016002));
#12342 = ADVANCED_FACE('',(#12343,#12346),#12360,.T.);
#12343 = FACE_BOUND('',#12344,.T.);
#12344 = EDGE_LOOP('',(#12345));
#12345 = ORIENTED_EDGE('',*,*,#10826,.T.);
#12346 = FACE_BOUND('',#12347,.T.);
#12347 = EDGE_LOOP('',(#12348));
#12348 = ORIENTED_EDGE('',*,*,#12349,.F.);
#12349 = EDGE_CURVE('',#12350,#12350,#12352,.T.);
#12350 = VERTEX_POINT('',#12351);
#12351 = CARTESIAN_POINT('',(-84.31716916433,-9.144018288037,
    8.00001524003));
#12352 = ( BOUNDED_CURVE() B_SPLINE_CURVE(2,(#12353,#12354,#12355,#12356
    ,#12357,#12358,#12359),.UNSPECIFIED.,.T.,.F.) 
B_SPLINE_CURVE_WITH_KNOTS((1,2,2,2,2,1),(-2.094395102394,0.,
    2.094395102393,4.188790204786,6.28318530718,8.377580409573),
.UNSPECIFIED.) CURVE() GEOMETRIC_REPRESENTATION_ITEM() 
RATIONAL_B_SPLINE_CURVE((1.,0.5,1.,0.5,1.,0.5,1.)) REPRESENTATION_ITEM(
  '') );
#12353 = CARTESIAN_POINT('',(-84.31716916433,-9.144018288037,
    8.00001524003));
#12354 = CARTESIAN_POINT('',(-84.31716916433,-7.585170361516,
    8.00001524003));
#12355 = CARTESIAN_POINT('',(-85.66717106934,-8.364594324776,
    8.00001524003));
#12356 = CARTESIAN_POINT('',(-87.01717297434,-9.144018288037,
    8.00001524003));
#12357 = CARTESIAN_POINT('',(-85.66717106934,-9.923442251297,
    8.00001524003));
#12358 = CARTESIAN_POINT('',(-84.31716916433,-10.70286621455,
    8.00001524003));
#12359 = CARTESIAN_POINT('',(-84.31716916433,-9.144018288037,
    8.00001524003));
#12360 = B_SPLINE_SURFACE_WITH_KNOTS('',1,1,(
    (#12361,#12362)
    ,(#12363,#12364
    )),.UNSPECIFIED.,.F.,.F.,.F.,(2,2),(2,2),(-85.43305,85.43305),(
    -85.43305,85.43305),.PIECEWISE_BEZIER_KNOTS.);
#12361 = CARTESIAN_POINT('',(-87.38717424434,-11.31402209804,
    8.00001524003));
#12362 = CARTESIAN_POINT('',(-87.38717424434,-6.974014478029,
    8.00001524003));
#12363 = CARTESIAN_POINT('',(-83.04716662433,-11.31402209804,
    8.00001524003));
#12364 = CARTESIAN_POINT('',(-83.04716662433,-6.974014478029,
    8.00001524003));
#12365 = ADVANCED_FACE('',(#12366),#12372,.T.);
#12366 = FACE_BOUND('',#12367,.T.);
#12367 = EDGE_LOOP('',(#12368,#12369,#12370,#12371));
#12368 = ORIENTED_EDGE('',*,*,#11038,.F.);
#12369 = ORIENTED_EDGE('',*,*,#10858,.F.);
#12370 = ORIENTED_EDGE('',*,*,#11000,.T.);
#12371 = ORIENTED_EDGE('',*,*,#11013,.F.);
#12372 = B_SPLINE_SURFACE_WITH_KNOTS('',1,1,(
    (#12373,#12374)
    ,(#12375,#12376
    )),.UNSPECIFIED.,.F.,.F.,.F.,(2,2),(2,2),(46.669354265036,168.1102),
  (-47.2441,8.846257060213E-13),.PIECEWISE_BEZIER_KNOTS.);
#12373 = CARTESIAN_POINT('',(-84.61716916433,-7.058613048894,
    6.00001016002));
#12374 = CARTESIAN_POINT('',(-85.81717170434,-7.058613048894,
    6.00001016002));
#12375 = CARTESIAN_POINT('',(-84.61716916433,-3.974009398019,
    6.00001016002));
#12376 = CARTESIAN_POINT('',(-85.81717170434,-3.974009398019,
    6.00001016002));
#12377 = ADVANCED_FACE('',(#12378),#12384,.T.);
#12378 = FACE_BOUND('',#12379,.T.);
#12379 = EDGE_LOOP('',(#12380,#12381,#12382,#12383));
#12380 = ORIENTED_EDGE('',*,*,#11098,.F.);
#12381 = ORIENTED_EDGE('',*,*,#10879,.F.);
#12382 = ORIENTED_EDGE('',*,*,#11060,.T.);
#12383 = ORIENTED_EDGE('',*,*,#11073,.F.);
#12384 = B_SPLINE_SURFACE_WITH_KNOTS('',1,1,(
    (#12385,#12386)
    ,(#12387,#12388
    )),.UNSPECIFIED.,.F.,.F.,.F.,(2,2),(2,2),(46.669354265036,168.1102),
  (-47.2441,8.242295734817E-13),.PIECEWISE_BEZIER_KNOTS.);
#12385 = CARTESIAN_POINT('',(-87.30257567348,-8.544017018034,
    6.00001016002));
#12386 = CARTESIAN_POINT('',(-87.30257567348,-9.744019558039,
    6.00001016002));
#12387 = CARTESIAN_POINT('',(-90.38717932435,-8.544017018034,
    6.00001016002));
#12388 = CARTESIAN_POINT('',(-90.38717932435,-9.744019558039,
    6.00001016002));
#12389 = ADVANCED_FACE('',(#12390),#12397,.T.);
#12390 = FACE_BOUND('',#12391,.T.);
#12391 = EDGE_LOOP('',(#12392,#12393,#12394,#12395,#12396));
#12392 = ORIENTED_EDGE('',*,*,#11268,.F.);
#12393 = ORIENTED_EDGE('',*,*,#11309,.F.);
#12394 = ORIENTED_EDGE('',*,*,#11281,.F.);
#12395 = ORIENTED_EDGE('',*,*,#11586,.T.);
#12396 = ORIENTED_EDGE('',*,*,#11231,.F.);
#12397 = B_SPLINE_SURFACE_WITH_KNOTS('',1,1,(
    (#12398,#12399)
    ,(#12400,#12401
    )),.UNSPECIFIED.,.F.,.F.,.F.,(2,2),(2,2),(47.311457242019,
    168.1102416),(-47.244096,2.870592652471E-12),
  .PIECEWISE_BEZIER_KNOTS.);
#12398 = CARTESIAN_POINT('',(-84.52045798216,85.379170739141,
    4.000008636017));
#12399 = CARTESIAN_POINT('',(-84.52045798216,86.579173177546,
    4.000008636017));
#12400 = CARTESIAN_POINT('',(-81.45216272288,85.379170739141,
    4.000008636017));
#12401 = CARTESIAN_POINT('',(-81.45216272288,86.579173177546,
    4.000008636017));
#12402 = ADVANCED_FACE('',(#12403,#12406),#12420,.T.);
#12403 = FACE_BOUND('',#12404,.T.);
#12404 = EDGE_LOOP('',(#12405));
#12405 = ORIENTED_EDGE('',*,*,#11298,.T.);
#12406 = FACE_BOUND('',#12407,.T.);
#12407 = EDGE_LOOP('',(#12408));
#12408 = ORIENTED_EDGE('',*,*,#12409,.F.);
#12409 = EDGE_CURVE('',#12410,#12410,#12412,.T.);
#12410 = VERTEX_POINT('',#12411);
#12411 = CARTESIAN_POINT('',(-85.72217139954,85.979171958344,
    6.000012700025));
#12412 = ( BOUNDED_CURVE() B_SPLINE_CURVE(2,(#12413,#12414,#12415,#12416
    ,#12417,#12418,#12419),.UNSPECIFIED.,.T.,.F.) 
B_SPLINE_CURVE_WITH_KNOTS((1,2,2,2,2,1),(-2.094395102394,0.,
    2.094395102393,4.188790204786,6.28318530718,8.377580409573),
.UNSPECIFIED.) CURVE() GEOMETRIC_REPRESENTATION_ITEM() 
RATIONAL_B_SPLINE_CURVE((1.,0.5,1.,0.5,1.,0.5,1.)) REPRESENTATION_ITEM(
  '') );
#12413 = CARTESIAN_POINT('',(-85.72217139954,85.979171958344,
    6.000012700025));
#12414 = CARTESIAN_POINT('',(-85.72217139954,88.404048016288,
    6.000012700025));
#12415 = CARTESIAN_POINT('',(-87.82217566675,87.191609987316,
    6.000012700025));
#12416 = CARTESIAN_POINT('',(-89.92217993396,85.979171958344,
    6.000012700025));
#12417 = CARTESIAN_POINT('',(-87.82217566675,84.766733929372,
    6.000012700025));
#12418 = CARTESIAN_POINT('',(-85.72217139954,83.5542959004,
    6.000012700025));
#12419 = CARTESIAN_POINT('',(-85.72217139954,85.979171958344,
    6.000012700025));
#12420 = B_SPLINE_SURFACE_WITH_KNOTS('',1,1,(
    (#12421,#12422)
    ,(#12423,#12424
    )),.UNSPECIFIED.,.F.,.F.,.F.,(2,2),(2,2),(-105.1181136,105.1181136),
  (-105.1181136,105.1181136),.PIECEWISE_BEZIER_KNOTS.);
#12421 = CARTESIAN_POINT('',(-89.79217966979,83.309166532893,
    6.000012700025));
#12422 = CARTESIAN_POINT('',(-89.79217966979,88.649177383795,
    6.000012700025));
#12423 = CARTESIAN_POINT('',(-84.45216881889,83.309166532893,
    6.000012700025));
#12424 = CARTESIAN_POINT('',(-84.45216881889,88.649177383795,
    6.000012700025));
#12425 = ADVANCED_FACE('',(#12426),#12432,.T.);
#12426 = FACE_BOUND('',#12427,.T.);
#12427 = EDGE_LOOP('',(#12428,#12429,#12430,#12431));
#12428 = ORIENTED_EDGE('',*,*,#11450,.F.);
#12429 = ORIENTED_EDGE('',*,*,#11324,.F.);
#12430 = ORIENTED_EDGE('',*,*,#11412,.T.);
#12431 = ORIENTED_EDGE('',*,*,#11425,.F.);
#12432 = B_SPLINE_SURFACE_WITH_KNOTS('',1,1,(
    (#12433,#12434)
    ,(#12435,#12436
    )),.UNSPECIFIED.,.F.,.F.,.F.,(2,2),(2,2),(47.311457242033,
    168.1102416),(-47.244096,0.),.PIECEWISE_BEZIER_KNOTS.);
#12433 = CARTESIAN_POINT('',(-86.52217302514,88.580888220524,
    4.000008636017));
#12434 = CARTESIAN_POINT('',(-87.72217546355,88.580888220524,
    4.000008636017));
#12435 = CARTESIAN_POINT('',(-86.52217302514,91.649183479807,
    4.000008636017));
#12436 = CARTESIAN_POINT('',(-87.72217546355,91.649183479807,
    4.000008636017));
#12437 = ADVANCED_FACE('',(#12438),#12444,.T.);
#12438 = FACE_BOUND('',#12439,.T.);
#12439 = EDGE_LOOP('',(#12440,#12441,#12442,#12443));
#12440 = ORIENTED_EDGE('',*,*,#11510,.F.);
#12441 = ORIENTED_EDGE('',*,*,#11345,.F.);
#12442 = ORIENTED_EDGE('',*,*,#11472,.T.);
#12443 = ORIENTED_EDGE('',*,*,#11485,.F.);
#12444 = B_SPLINE_SURFACE_WITH_KNOTS('',1,1,(
    (#12445,#12446)
    ,(#12447,#12448
    )),.UNSPECIFIED.,.F.,.F.,.F.,(2,2),(2,2),(47.311457241982,
    168.1102416),(-47.244096,1.082156586563E-11),
  .PIECEWISE_BEZIER_KNOTS.);
#12445 = CARTESIAN_POINT('',(-89.72389050652,86.579173177546,
    4.000008636017));
#12446 = CARTESIAN_POINT('',(-89.72389050652,85.379170739141,
    4.000008636017));
#12447 = CARTESIAN_POINT('',(-92.79218576581,86.579173177546,
    4.000008636017));
#12448 = CARTESIAN_POINT('',(-92.79218576581,85.379170739141,
    4.000008636017));
#12449 = ADVANCED_FACE('',(#12450),#12456,.T.);
#12450 = FACE_BOUND('',#12451,.T.);
#12451 = EDGE_LOOP('',(#12452,#12453,#12454,#12455));
#12452 = ORIENTED_EDGE('',*,*,#11570,.F.);
#12453 = ORIENTED_EDGE('',*,*,#11366,.F.);
#12454 = ORIENTED_EDGE('',*,*,#11532,.T.);
#12455 = ORIENTED_EDGE('',*,*,#11545,.F.);
#12456 = B_SPLINE_SURFACE_WITH_KNOTS('',1,1,(
    (#12457,#12458)
    ,(#12459,#12460
    )),.UNSPECIFIED.,.F.,.F.,.F.,(2,2),(2,2),(47.311457242019,
    168.1102416),(-47.244096,2.888356220865E-12),
  .PIECEWISE_BEZIER_KNOTS.);
#12457 = CARTESIAN_POINT('',(-87.72217546355,83.377455696164,
    4.000008636017));
#12458 = CARTESIAN_POINT('',(-86.52217302514,83.377455696164,
    4.000008636017));
#12459 = CARTESIAN_POINT('',(-87.72217546355,80.309160436881,
    4.000008636017));
#12460 = CARTESIAN_POINT('',(-86.52217302514,80.309160436881,
    4.000008636017));
#12461 = ADVANCED_FACE('',(#12462),#12478,.T.);
#12462 = FACE_BOUND('',#12463,.T.);
#12463 = EDGE_LOOP('',(#12464,#12470,#12471,#12477));
#12464 = ORIENTED_EDGE('',*,*,#12465,.F.);
#12465 = EDGE_CURVE('',#11716,#11612,#12466,.T.);
#12466 = LINE('',#12467,#12468);
#12467 = CARTESIAN_POINT('',(-97.112,-31.33,31.));
#12468 = VECTOR('',#12469,1.);
#12469 = DIRECTION('',(0.,0.,1.));
#12470 = ORIENTED_EDGE('',*,*,#11715,.T.);
#12471 = ORIENTED_EDGE('',*,*,#12472,.T.);
#12472 = EDGE_CURVE('',#11718,#11614,#12473,.T.);
#12473 = LINE('',#12474,#12475);
#12474 = CARTESIAN_POINT('',(-97.112,95.97,31.));
#12475 = VECTOR('',#12476,1.);
#12476 = DIRECTION('',(0.,0.,1.));
#12477 = ORIENTED_EDGE('',*,*,#11611,.F.);
#12478 = PLANE('',#12479);
#12479 = AXIS2_PLACEMENT_3D('',#12480,#12481,#12482);
#12480 = CARTESIAN_POINT('',(-97.112,-31.33,31.));
#12481 = DIRECTION('',(1.,0.,-0.));
#12482 = DIRECTION('',(0.,0.,1.));
#12483 = ADVANCED_FACE('',(#12484),#12495,.F.);
#12484 = FACE_BOUND('',#12485,.F.);
#12485 = EDGE_LOOP('',(#12486,#12487,#12488,#12489));
#12486 = ORIENTED_EDGE('',*,*,#11741,.F.);
#12487 = ORIENTED_EDGE('',*,*,#12472,.T.);
#12488 = ORIENTED_EDGE('',*,*,#11637,.T.);
#12489 = ORIENTED_EDGE('',*,*,#12490,.F.);
#12490 = EDGE_CURVE('',#11734,#11630,#12491,.T.);
#12491 = LINE('',#12492,#12493);
#12492 = CARTESIAN_POINT('',(3.767,95.97,31.));
#12493 = VECTOR('',#12494,1.);
#12494 = DIRECTION('',(0.,0.,1.));
#12495 = PLANE('',#12496);
#12496 = AXIS2_PLACEMENT_3D('',#12497,#12498,#12499);
#12497 = CARTESIAN_POINT('',(-97.112,95.97,31.));
#12498 = DIRECTION('',(-0.,1.,0.));
#12499 = DIRECTION('',(0.,0.,1.));
#12500 = ADVANCED_FACE('',(#12501),#12512,.T.);
#12501 = FACE_BOUND('',#12502,.T.);
#12502 = EDGE_LOOP('',(#12503,#12504,#12505,#12506));
#12503 = ORIENTED_EDGE('',*,*,#11725,.F.);
#12504 = ORIENTED_EDGE('',*,*,#12465,.T.);
#12505 = ORIENTED_EDGE('',*,*,#11621,.T.);
#12506 = ORIENTED_EDGE('',*,*,#12507,.F.);
#12507 = EDGE_CURVE('',#11726,#11622,#12508,.T.);
#12508 = LINE('',#12509,#12510);
#12509 = CARTESIAN_POINT('',(3.767,-31.33,31.));
#12510 = VECTOR('',#12511,1.);
#12511 = DIRECTION('',(0.,0.,1.));
#12512 = PLANE('',#12513);
#12513 = AXIS2_PLACEMENT_3D('',#12514,#12515,#12516);
#12514 = CARTESIAN_POINT('',(-97.112,-31.33,31.));
#12515 = DIRECTION('',(-0.,1.,0.));
#12516 = DIRECTION('',(0.,0.,1.));
#12517 = ADVANCED_FACE('',(#12518),#12524,.F.);
#12518 = FACE_BOUND('',#12519,.F.);
#12519 = EDGE_LOOP('',(#12520,#12521,#12522,#12523));
#12520 = ORIENTED_EDGE('',*,*,#12507,.F.);
#12521 = ORIENTED_EDGE('',*,*,#11733,.T.);
#12522 = ORIENTED_EDGE('',*,*,#12490,.T.);
#12523 = ORIENTED_EDGE('',*,*,#11629,.F.);
#12524 = PLANE('',#12525);
#12525 = AXIS2_PLACEMENT_3D('',#12526,#12527,#12528);
#12526 = CARTESIAN_POINT('',(3.767,-31.33,31.));
#12527 = DIRECTION('',(1.,0.,-0.));
#12528 = DIRECTION('',(0.,0.,1.));
#12529 = ADVANCED_FACE('',(#12530),#12551,.F.);
#12530 = FACE_BOUND('',#12531,.F.);
#12531 = EDGE_LOOP('',(#12532,#12533,#12540,#12550));
#12532 = ORIENTED_EDGE('',*,*,#11834,.F.);
#12533 = ORIENTED_EDGE('',*,*,#12534,.F.);
#12534 = EDGE_CURVE('',#12535,#11835,#12537,.T.);
#12535 = VERTEX_POINT('',#12536);
#12536 = CARTESIAN_POINT('',(-3.299006553213,66.167132334265,
    1.500002540005));
#12537 = B_SPLINE_CURVE_WITH_KNOTS('',1,(#12538,#12539),.UNSPECIFIED.,
  .F.,.F.,(2,2),(0.,177.1654),.PIECEWISE_BEZIER_KNOTS.);
#12538 = CARTESIAN_POINT('',(-3.299006553213,66.167132334265,
    1.500002540005));
#12539 = CARTESIAN_POINT('',(-3.299006553213,66.167132334265,
    6.000012700025));
#12540 = ORIENTED_EDGE('',*,*,#12541,.T.);
#12541 = EDGE_CURVE('',#12535,#12535,#12542,.T.);
#12542 = ( BOUNDED_CURVE() B_SPLINE_CURVE(2,(#12543,#12544,#12545,#12546
    ,#12547,#12548,#12549),.UNSPECIFIED.,.T.,.F.) 
B_SPLINE_CURVE_WITH_KNOTS((1,2,2,2,2,1),(-2.094395102394,0.,
    2.094395102393,4.188790204786,6.28318530718,8.377580409573),
.UNSPECIFIED.) CURVE() GEOMETRIC_REPRESENTATION_ITEM() 
RATIONAL_B_SPLINE_CURVE((1.,0.5,1.,0.5,1.,0.5,1.)) REPRESENTATION_ITEM(
  '') );
#12543 = CARTESIAN_POINT('',(-3.299006553213,66.167132334265,
    1.500002540005));
#12544 = CARTESIAN_POINT('',(-3.299006553213,68.592008392209,
    1.500002540005));
#12545 = CARTESIAN_POINT('',(-5.399010820422,67.379570363237,
    1.500002540005));
#12546 = CARTESIAN_POINT('',(-7.49901508763,66.167132334265,
    1.500002540005));
#12547 = CARTESIAN_POINT('',(-5.399010820422,64.954694305292,
    1.500002540005));
#12548 = CARTESIAN_POINT('',(-3.299006553213,63.74225627632,
    1.500002540005));
#12549 = CARTESIAN_POINT('',(-3.299006553213,66.167132334265,
    1.500002540005));
#12550 = ORIENTED_EDGE('',*,*,#12534,.T.);
#12551 = ( BOUNDED_SURFACE() B_SPLINE_SURFACE(2,1,(
    (#12552,#12553)
    ,(#12554,#12555)
    ,(#12556,#12557)
    ,(#12558,#12559)
    ,(#12560,#12561)
    ,(#12562,#12563)
    ,(#12564,#12565
)),.UNSPECIFIED.,.T.,.F.,.F.) B_SPLINE_SURFACE_WITH_KNOTS((1,2,2,2,2,1),
  (2,2),(-2.094395102394,0.,2.094395102393,4.188790204786,6.28318530718,
    8.377580409573),(0.,177.1654),.UNSPECIFIED.) 
GEOMETRIC_REPRESENTATION_ITEM() RATIONAL_B_SPLINE_SURFACE((
    (1.,1.)
    ,(0.5,0.5)
    ,(1.,1.)
    ,(0.5,0.5)
    ,(1.,1.)
    ,(0.5,0.5)
,(1.,1.))) REPRESENTATION_ITEM('') SURFACE() );
#12552 = CARTESIAN_POINT('',(-3.299006553213,66.167132334265,
    1.500002540005));
#12553 = CARTESIAN_POINT('',(-3.299006553213,66.167132334265,
    6.000012700025));
#12554 = CARTESIAN_POINT('',(-3.299006553213,68.592008392209,
    1.500002540005));
#12555 = CARTESIAN_POINT('',(-3.299006553213,68.592008392209,
    6.000012700025));
#12556 = CARTESIAN_POINT('',(-5.399010820422,67.379570363237,
    1.500002540005));
#12557 = CARTESIAN_POINT('',(-5.399010820422,67.379570363237,
    6.000012700025));
#12558 = CARTESIAN_POINT('',(-7.49901508763,66.167132334265,
    1.500002540005));
#12559 = CARTESIAN_POINT('',(-7.49901508763,66.167132334265,
    6.000012700025));
#12560 = CARTESIAN_POINT('',(-5.399010820422,64.954694305292,
    1.500002540005));
#12561 = CARTESIAN_POINT('',(-5.399010820422,64.954694305292,
    6.000012700025));
#12562 = CARTESIAN_POINT('',(-3.299006553213,63.74225627632,
    1.500002540005));
#12563 = CARTESIAN_POINT('',(-3.299006553213,63.74225627632,
    6.000012700025));
#12564 = CARTESIAN_POINT('',(-3.299006553213,66.167132334265,
    1.500002540005));
#12565 = CARTESIAN_POINT('',(-3.299006553213,66.167132334265,
    6.000012700025));
#12566 = ADVANCED_FACE('',(#12567),#12588,.F.);
#12567 = FACE_BOUND('',#12568,.F.);
#12568 = EDGE_LOOP('',(#12569,#12570,#12577,#12587));
#12569 = ORIENTED_EDGE('',*,*,#11893,.F.);
#12570 = ORIENTED_EDGE('',*,*,#12571,.F.);
#12571 = EDGE_CURVE('',#12572,#11894,#12574,.T.);
#12572 = VERTEX_POINT('',#12573);
#12573 = CARTESIAN_POINT('',(-3.600007315215,4.95300990602,
    1.500002540005));
#12574 = B_SPLINE_CURVE_WITH_KNOTS('',1,(#12575,#12576),.UNSPECIFIED.,
  .F.,.F.,(2,2),(0.,177.1654),.PIECEWISE_BEZIER_KNOTS.);
#12575 = CARTESIAN_POINT('',(-3.600007315215,4.95300990602,
    1.500002540005));
#12576 = CARTESIAN_POINT('',(-3.600007315215,4.95300990602,
    6.000012700025));
#12577 = ORIENTED_EDGE('',*,*,#12578,.T.);
#12578 = EDGE_CURVE('',#12572,#12572,#12579,.T.);
#12579 = ( BOUNDED_CURVE() B_SPLINE_CURVE(2,(#12580,#12581,#12582,#12583
    ,#12584,#12585,#12586),.UNSPECIFIED.,.T.,.F.) 
B_SPLINE_CURVE_WITH_KNOTS((1,2,2,2,2,1),(-2.094395102394,0.,
    2.094395102393,4.188790204786,6.28318530718,8.377580409573),
.UNSPECIFIED.) CURVE() GEOMETRIC_REPRESENTATION_ITEM() 
RATIONAL_B_SPLINE_CURVE((1.,0.5,1.,0.5,1.,0.5,1.)) REPRESENTATION_ITEM(
  '') );
#12580 = CARTESIAN_POINT('',(-3.600007315215,4.95300990602,
    1.500002540005));
#12581 = CARTESIAN_POINT('',(-3.600007315215,7.377885963964,
    1.500002540005));
#12582 = CARTESIAN_POINT('',(-5.700011582423,6.165447934992,
    1.500002540005));
#12583 = CARTESIAN_POINT('',(-7.800015849632,4.95300990602,
    1.500002540005));
#12584 = CARTESIAN_POINT('',(-5.700011582423,3.740571877048,
    1.500002540005));
#12585 = CARTESIAN_POINT('',(-3.600007315215,2.528133848075,
    1.500002540005));
#12586 = CARTESIAN_POINT('',(-3.600007315215,4.95300990602,
    1.500002540005));
#12587 = ORIENTED_EDGE('',*,*,#12571,.T.);
#12588 = ( BOUNDED_SURFACE() B_SPLINE_SURFACE(2,1,(
    (#12589,#12590)
    ,(#12591,#12592)
    ,(#12593,#12594)
    ,(#12595,#12596)
    ,(#12597,#12598)
    ,(#12599,#12600)
    ,(#12601,#12602
)),.UNSPECIFIED.,.T.,.F.,.F.) B_SPLINE_SURFACE_WITH_KNOTS((1,2,2,2,2,1),
  (2,2),(-2.094395102394,0.,2.094395102393,4.188790204786,6.28318530718,
    8.377580409573),(0.,177.1654),.UNSPECIFIED.) 
GEOMETRIC_REPRESENTATION_ITEM() RATIONAL_B_SPLINE_SURFACE((
    (1.,1.)
    ,(0.5,0.5)
    ,(1.,1.)
    ,(0.5,0.5)
    ,(1.,1.)
    ,(0.5,0.5)
,(1.,1.))) REPRESENTATION_ITEM('') SURFACE() );
#12589 = CARTESIAN_POINT('',(-3.600007315215,4.95300990602,
    1.500002540005));
#12590 = CARTESIAN_POINT('',(-3.600007315215,4.95300990602,
    6.000012700025));
#12591 = CARTESIAN_POINT('',(-3.600007315215,7.377885963964,
    1.500002540005));
#12592 = CARTESIAN_POINT('',(-3.600007315215,7.377885963964,
    6.000012700025));
#12593 = CARTESIAN_POINT('',(-5.700011582423,6.165447934992,
    1.500002540005));
#12594 = CARTESIAN_POINT('',(-5.700011582423,6.165447934992,
    6.000012700025));
#12595 = CARTESIAN_POINT('',(-7.800015849632,4.95300990602,
    1.500002540005));
#12596 = CARTESIAN_POINT('',(-7.800015849632,4.95300990602,
    6.000012700025));
#12597 = CARTESIAN_POINT('',(-5.700011582423,3.740571877048,
    1.500002540005));
#12598 = CARTESIAN_POINT('',(-5.700011582423,3.740571877048,
    6.000012700025));
#12599 = CARTESIAN_POINT('',(-3.600007315215,2.528133848075,
    1.500002540005));
#12600 = CARTESIAN_POINT('',(-3.600007315215,2.528133848075,
    6.000012700025));
#12601 = CARTESIAN_POINT('',(-3.600007315215,4.95300990602,
    1.500002540005));
#12602 = CARTESIAN_POINT('',(-3.600007315215,4.95300990602,
    6.000012700025));
#12603 = ADVANCED_FACE('',(#12604),#12625,.F.);
#12604 = FACE_BOUND('',#12605,.F.);
#12605 = EDGE_LOOP('',(#12606,#12607,#12614,#12624));
#12606 = ORIENTED_EDGE('',*,*,#11989,.F.);
#12607 = ORIENTED_EDGE('',*,*,#12608,.F.);
#12608 = EDGE_CURVE('',#12609,#11990,#12611,.T.);
#12609 = VERTEX_POINT('',#12610);
#12610 = CARTESIAN_POINT('',(-85.72217139954,5.334010668021,
    1.500002540005));
#12611 = B_SPLINE_CURVE_WITH_KNOTS('',1,(#12612,#12613),.UNSPECIFIED.,
  .F.,.F.,(2,2),(0.,177.1654),.PIECEWISE_BEZIER_KNOTS.);
#12612 = CARTESIAN_POINT('',(-85.72217139954,5.334010668021,
    1.500002540005));
#12613 = CARTESIAN_POINT('',(-85.72217139954,5.334010668021,
    6.000012700025));
#12614 = ORIENTED_EDGE('',*,*,#12615,.T.);
#12615 = EDGE_CURVE('',#12609,#12609,#12616,.T.);
#12616 = ( BOUNDED_CURVE() B_SPLINE_CURVE(2,(#12617,#12618,#12619,#12620
    ,#12621,#12622,#12623),.UNSPECIFIED.,.T.,.F.) 
B_SPLINE_CURVE_WITH_KNOTS((1,2,2,2,2,1),(-2.094395102394,0.,
    2.094395102393,4.188790204786,6.28318530718,8.377580409573),
.UNSPECIFIED.) CURVE() GEOMETRIC_REPRESENTATION_ITEM() 
RATIONAL_B_SPLINE_CURVE((1.,0.5,1.,0.5,1.,0.5,1.)) REPRESENTATION_ITEM(
  '') );
#12617 = CARTESIAN_POINT('',(-85.72217139954,5.334010668021,
    1.500002540005));
#12618 = CARTESIAN_POINT('',(-85.72217139954,7.758886725966,
    1.500002540005));
#12619 = CARTESIAN_POINT('',(-87.82217566675,6.546448696994,
    1.500002540005));
#12620 = CARTESIAN_POINT('',(-89.92217993396,5.334010668021,
    1.500002540005));
#12621 = CARTESIAN_POINT('',(-87.82217566675,4.121572639049,
    1.500002540005));
#12622 = CARTESIAN_POINT('',(-85.72217139954,2.909134610077,
    1.500002540005));
#12623 = CARTESIAN_POINT('',(-85.72217139954,5.334010668021,
    1.500002540005));
#12624 = ORIENTED_EDGE('',*,*,#12608,.T.);
#12625 = ( BOUNDED_SURFACE() B_SPLINE_SURFACE(2,1,(
    (#12626,#12627)
    ,(#12628,#12629)
    ,(#12630,#12631)
    ,(#12632,#12633)
    ,(#12634,#12635)
    ,(#12636,#12637)
    ,(#12638,#12639
)),.UNSPECIFIED.,.T.,.F.,.F.) B_SPLINE_SURFACE_WITH_KNOTS((1,2,2,2,2,1),
  (2,2),(-2.094395102394,0.,2.094395102393,4.188790204786,6.28318530718,
    8.377580409573),(0.,177.1654),.UNSPECIFIED.) 
GEOMETRIC_REPRESENTATION_ITEM() RATIONAL_B_SPLINE_SURFACE((
    (1.,1.)
    ,(0.5,0.5)
    ,(1.,1.)
    ,(0.5,0.5)
    ,(1.,1.)
    ,(0.5,0.5)
,(1.,1.))) REPRESENTATION_ITEM('') SURFACE() );
#12626 = CARTESIAN_POINT('',(-85.72217139954,5.334010668021,
    1.500002540005));
#12627 = CARTESIAN_POINT('',(-85.72217139954,5.334010668021,
    6.000012700025));
#12628 = CARTESIAN_POINT('',(-85.72217139954,7.758886725966,
    1.500002540005));
#12629 = CARTESIAN_POINT('',(-85.72217139954,7.758886725966,
    6.000012700025));
#12630 = CARTESIAN_POINT('',(-87.82217566675,6.546448696994,
    1.500002540005));
#12631 = CARTESIAN_POINT('',(-87.82217566675,6.546448696994,
    6.000012700025));
#12632 = CARTESIAN_POINT('',(-89.92217993396,5.334010668021,
    1.500002540005));
#12633 = CARTESIAN_POINT('',(-89.92217993396,5.334010668021,
    6.000012700025));
#12634 = CARTESIAN_POINT('',(-87.82217566675,4.121572639049,
    1.500002540005));
#12635 = CARTESIAN_POINT('',(-87.82217566675,4.121572639049,
    6.000012700025));
#12636 = CARTESIAN_POINT('',(-85.72217139954,2.909134610077,
    1.500002540005));
#12637 = CARTESIAN_POINT('',(-85.72217139954,2.909134610077,
    6.000012700025));
#12638 = CARTESIAN_POINT('',(-85.72217139954,5.334010668021,
    1.500002540005));
#12639 = CARTESIAN_POINT('',(-85.72217139954,5.334010668021,
    6.000012700025));
#12640 = ADVANCED_FACE('',(#12641),#12662,.F.);
#12641 = FACE_BOUND('',#12642,.F.);
#12642 = EDGE_LOOP('',(#12643,#12644,#12651,#12661));
#12643 = ORIENTED_EDGE('',*,*,#12061,.F.);
#12644 = ORIENTED_EDGE('',*,*,#12645,.F.);
#12645 = EDGE_CURVE('',#12646,#12062,#12648,.T.);
#12646 = VERTEX_POINT('',#12647);
#12647 = CARTESIAN_POINT('',(-18.60003683007,-22.45454152908,
    1.500002540005));
#12648 = B_SPLINE_CURVE_WITH_KNOTS('',1,(#12649,#12650),.UNSPECIFIED.,
  .F.,.F.,(2,2),(0.,255.9055),.PIECEWISE_BEZIER_KNOTS.);
#12649 = CARTESIAN_POINT('',(-18.60003683007,-22.45454152908,
    1.500002540005));
#12650 = CARTESIAN_POINT('',(-18.60003683007,-22.45454152908,
    8.00001524003));
#12651 = ORIENTED_EDGE('',*,*,#12652,.T.);
#12652 = EDGE_CURVE('',#12646,#12646,#12653,.T.);
#12653 = ( BOUNDED_CURVE() B_SPLINE_CURVE(2,(#12654,#12655,#12656,#12657
    ,#12658,#12659,#12660),.UNSPECIFIED.,.T.,.F.) 
B_SPLINE_CURVE_WITH_KNOTS((1,2,2,2,2,1),(-2.094395102394,0.,
    2.094395102393,4.188790204786,6.28318530718,8.377580409573),
.UNSPECIFIED.) CURVE() GEOMETRIC_REPRESENTATION_ITEM() 
RATIONAL_B_SPLINE_CURVE((1.,0.5,1.,0.5,1.,0.5,1.)) REPRESENTATION_ITEM(
  '') );
#12654 = CARTESIAN_POINT('',(-18.60003683007,-22.45454152908,
    1.500002540005));
#12655 = CARTESIAN_POINT('',(-18.60003683007,-20.89569360256,
    1.500002540005));
#12656 = CARTESIAN_POINT('',(-19.95003873507,-21.67511756582,
    1.500002540005));
#12657 = CARTESIAN_POINT('',(-21.30004064008,-22.45454152908,
    1.500002540005));
#12658 = CARTESIAN_POINT('',(-19.95003873507,-23.23396549234,
    1.500002540005));
#12659 = CARTESIAN_POINT('',(-18.60003683007,-24.0133894556,
    1.500002540005));
#12660 = CARTESIAN_POINT('',(-18.60003683007,-22.45454152908,
    1.500002540005));
#12661 = ORIENTED_EDGE('',*,*,#12645,.T.);
#12662 = ( BOUNDED_SURFACE() B_SPLINE_SURFACE(2,1,(
    (#12663,#12664)
    ,(#12665,#12666)
    ,(#12667,#12668)
    ,(#12669,#12670)
    ,(#12671,#12672)
    ,(#12673,#12674)
    ,(#12675,#12676
)),.UNSPECIFIED.,.T.,.F.,.F.) B_SPLINE_SURFACE_WITH_KNOTS((1,2,2,2,2,1),
  (2,2),(-2.094395102394,0.,2.094395102393,4.188790204786,6.28318530718,
    8.377580409573),(0.,255.9055),.UNSPECIFIED.) 
GEOMETRIC_REPRESENTATION_ITEM() RATIONAL_B_SPLINE_SURFACE((
    (1.,1.)
    ,(0.5,0.5)
    ,(1.,1.)
    ,(0.5,0.5)
    ,(1.,1.)
    ,(0.5,0.5)
,(1.,1.))) REPRESENTATION_ITEM('') SURFACE() );
#12663 = CARTESIAN_POINT('',(-18.60003683007,-22.45454152908,
    1.500002540005));
#12664 = CARTESIAN_POINT('',(-18.60003683007,-22.45454152908,
    8.00001524003));
#12665 = CARTESIAN_POINT('',(-18.60003683007,-20.89569360256,
    1.500002540005));
#12666 = CARTESIAN_POINT('',(-18.60003683007,-20.89569360256,
    8.00001524003));
#12667 = CARTESIAN_POINT('',(-19.95003873507,-21.67511756582,
    1.500002540005));
#12668 = CARTESIAN_POINT('',(-19.95003873507,-21.67511756582,
    8.00001524003));
#12669 = CARTESIAN_POINT('',(-21.30004064008,-22.45454152908,
    1.500002540005));
#12670 = CARTESIAN_POINT('',(-21.30004064008,-22.45454152908,
    8.00001524003));
#12671 = CARTESIAN_POINT('',(-19.95003873507,-23.23396549234,
    1.500002540005));
#12672 = CARTESIAN_POINT('',(-19.95003873507,-23.23396549234,
    8.00001524003));
#12673 = CARTESIAN_POINT('',(-18.60003683007,-24.0133894556,
    1.500002540005));
#12674 = CARTESIAN_POINT('',(-18.60003683007,-24.0133894556,
    8.00001524003));
#12675 = CARTESIAN_POINT('',(-18.60003683007,-22.45454152908,
    1.500002540005));
#12676 = CARTESIAN_POINT('',(-18.60003683007,-22.45454152908,
    8.00001524003));
#12677 = ADVANCED_FACE('',(#12678),#12699,.F.);
#12678 = FACE_BOUND('',#12679,.F.);
#12679 = EDGE_LOOP('',(#12680,#12681,#12688,#12698));
#12680 = ORIENTED_EDGE('',*,*,#12169,.F.);
#12681 = ORIENTED_EDGE('',*,*,#12682,.F.);
#12682 = EDGE_CURVE('',#12683,#12170,#12685,.T.);
#12683 = VERTEX_POINT('',#12684);
#12684 = CARTESIAN_POINT('',(-18.60003683007,-9.144018288037,
    1.500002540005));
#12685 = B_SPLINE_CURVE_WITH_KNOTS('',1,(#12686,#12687),.UNSPECIFIED.,
  .F.,.F.,(2,2),(0.,255.9055),.PIECEWISE_BEZIER_KNOTS.);
#12686 = CARTESIAN_POINT('',(-18.60003683007,-9.144018288037,
    1.500002540005));
#12687 = CARTESIAN_POINT('',(-18.60003683007,-9.144018288037,
    8.00001524003));
#12688 = ORIENTED_EDGE('',*,*,#12689,.T.);
#12689 = EDGE_CURVE('',#12683,#12683,#12690,.T.);
#12690 = ( BOUNDED_CURVE() B_SPLINE_CURVE(2,(#12691,#12692,#12693,#12694
    ,#12695,#12696,#12697),.UNSPECIFIED.,.T.,.F.) 
B_SPLINE_CURVE_WITH_KNOTS((1,2,2,2,2,1),(-2.094395102394,0.,
    2.094395102393,4.188790204786,6.28318530718,8.377580409573),
.UNSPECIFIED.) CURVE() GEOMETRIC_REPRESENTATION_ITEM() 
RATIONAL_B_SPLINE_CURVE((1.,0.5,1.,0.5,1.,0.5,1.)) REPRESENTATION_ITEM(
  '') );
#12691 = CARTESIAN_POINT('',(-18.60003683007,-9.144018288037,
    1.500002540005));
#12692 = CARTESIAN_POINT('',(-18.60003683007,-7.585170361516,
    1.500002540005));
#12693 = CARTESIAN_POINT('',(-19.95003873507,-8.364594324776,
    1.500002540005));
#12694 = CARTESIAN_POINT('',(-21.30004064008,-9.144018288037,
    1.500002540005));
#12695 = CARTESIAN_POINT('',(-19.95003873507,-9.923442251297,
    1.500002540005));
#12696 = CARTESIAN_POINT('',(-18.60003683007,-10.70286621455,
    1.500002540005));
#12697 = CARTESIAN_POINT('',(-18.60003683007,-9.144018288037,
    1.500002540005));
#12698 = ORIENTED_EDGE('',*,*,#12682,.T.);
#12699 = ( BOUNDED_SURFACE() B_SPLINE_SURFACE(2,1,(
    (#12700,#12701)
    ,(#12702,#12703)
    ,(#12704,#12705)
    ,(#12706,#12707)
    ,(#12708,#12709)
    ,(#12710,#12711)
    ,(#12712,#12713
)),.UNSPECIFIED.,.T.,.F.,.F.) B_SPLINE_SURFACE_WITH_KNOTS((1,2,2,2,2,1),
  (2,2),(-2.094395102394,0.,2.094395102393,4.188790204786,6.28318530718,
    8.377580409573),(0.,255.9055),.UNSPECIFIED.) 
GEOMETRIC_REPRESENTATION_ITEM() RATIONAL_B_SPLINE_SURFACE((
    (1.,1.)
    ,(0.5,0.5)
    ,(1.,1.)
    ,(0.5,0.5)
    ,(1.,1.)
    ,(0.5,0.5)
,(1.,1.))) REPRESENTATION_ITEM('') SURFACE() );
#12700 = CARTESIAN_POINT('',(-18.60003683007,-9.144018288037,
    1.500002540005));
#12701 = CARTESIAN_POINT('',(-18.60003683007,-9.144018288037,
    8.00001524003));
#12702 = CARTESIAN_POINT('',(-18.60003683007,-7.585170361516,
    1.500002540005));
#12703 = CARTESIAN_POINT('',(-18.60003683007,-7.585170361516,
    8.00001524003));
#12704 = CARTESIAN_POINT('',(-19.95003873507,-8.364594324776,
    1.500002540005));
#12705 = CARTESIAN_POINT('',(-19.95003873507,-8.364594324776,
    8.00001524003));
#12706 = CARTESIAN_POINT('',(-21.30004064008,-9.144018288037,
    1.500002540005));
#12707 = CARTESIAN_POINT('',(-21.30004064008,-9.144018288037,
    8.00001524003));
#12708 = CARTESIAN_POINT('',(-19.95003873507,-9.923442251297,
    1.500002540005));
#12709 = CARTESIAN_POINT('',(-19.95003873507,-9.923442251297,
    8.00001524003));
#12710 = CARTESIAN_POINT('',(-18.60003683007,-10.70286621455,
    1.500002540005));
#12711 = CARTESIAN_POINT('',(-18.60003683007,-10.70286621455,
    8.00001524003));
#12712 = CARTESIAN_POINT('',(-18.60003683007,-9.144018288037,
    1.500002540005));
#12713 = CARTESIAN_POINT('',(-18.60003683007,-9.144018288037,
    8.00001524003));
#12714 = ADVANCED_FACE('',(#12715),#12736,.F.);
#12715 = FACE_BOUND('',#12716,.F.);
#12716 = EDGE_LOOP('',(#12717,#12718,#12725,#12735));
#12717 = ORIENTED_EDGE('',*,*,#12241,.F.);
#12718 = ORIENTED_EDGE('',*,*,#12719,.F.);
#12719 = EDGE_CURVE('',#12720,#12242,#12722,.T.);
#12720 = VERTEX_POINT('',#12721);
#12721 = CARTESIAN_POINT('',(-84.31716916433,-22.45454152908,
    1.500002540005));
#12722 = B_SPLINE_CURVE_WITH_KNOTS('',1,(#12723,#12724),.UNSPECIFIED.,
  .F.,.F.,(2,2),(0.,255.9055),.PIECEWISE_BEZIER_KNOTS.);
#12723 = CARTESIAN_POINT('',(-84.31716916433,-22.45454152908,
    1.500002540005));
#12724 = CARTESIAN_POINT('',(-84.31716916433,-22.45454152908,
    8.00001524003));
#12725 = ORIENTED_EDGE('',*,*,#12726,.T.);
#12726 = EDGE_CURVE('',#12720,#12720,#12727,.T.);
#12727 = ( BOUNDED_CURVE() B_SPLINE_CURVE(2,(#12728,#12729,#12730,#12731
    ,#12732,#12733,#12734),.UNSPECIFIED.,.T.,.F.) 
B_SPLINE_CURVE_WITH_KNOTS((1,2,2,2,2,1),(-2.094395102394,0.,
    2.094395102393,4.188790204786,6.28318530718,8.377580409573),
.UNSPECIFIED.) CURVE() GEOMETRIC_REPRESENTATION_ITEM() 
RATIONAL_B_SPLINE_CURVE((1.,0.5,1.,0.5,1.,0.5,1.)) REPRESENTATION_ITEM(
  '') );
#12728 = CARTESIAN_POINT('',(-84.31716916433,-22.45454152908,
    1.500002540005));
#12729 = CARTESIAN_POINT('',(-84.31716916433,-20.89569360256,
    1.500002540005));
#12730 = CARTESIAN_POINT('',(-85.66717106934,-21.67511756582,
    1.500002540005));
#12731 = CARTESIAN_POINT('',(-87.01717297434,-22.45454152908,
    1.500002540005));
#12732 = CARTESIAN_POINT('',(-85.66717106934,-23.23396549234,
    1.500002540005));
#12733 = CARTESIAN_POINT('',(-84.31716916433,-24.0133894556,
    1.500002540005));
#12734 = CARTESIAN_POINT('',(-84.31716916433,-22.45454152908,
    1.500002540005));
#12735 = ORIENTED_EDGE('',*,*,#12719,.T.);
#12736 = ( BOUNDED_SURFACE() B_SPLINE_SURFACE(2,1,(
    (#12737,#12738)
    ,(#12739,#12740)
    ,(#12741,#12742)
    ,(#12743,#12744)
    ,(#12745,#12746)
    ,(#12747,#12748)
    ,(#12749,#12750
)),.UNSPECIFIED.,.T.,.F.,.F.) B_SPLINE_SURFACE_WITH_KNOTS((1,2,2,2,2,1),
  (2,2),(-2.094395102394,0.,2.094395102393,4.188790204786,6.28318530718,
    8.377580409573),(0.,255.9055),.UNSPECIFIED.) 
GEOMETRIC_REPRESENTATION_ITEM() RATIONAL_B_SPLINE_SURFACE((
    (1.,1.)
    ,(0.5,0.5)
    ,(1.,1.)
    ,(0.5,0.5)
    ,(1.,1.)
    ,(0.5,0.5)
,(1.,1.))) REPRESENTATION_ITEM('') SURFACE() );
#12737 = CARTESIAN_POINT('',(-84.31716916433,-22.45454152908,
    1.500002540005));
#12738 = CARTESIAN_POINT('',(-84.31716916433,-22.45454152908,
    8.00001524003));
#12739 = CARTESIAN_POINT('',(-84.31716916433,-20.89569360256,
    1.500002540005));
#12740 = CARTESIAN_POINT('',(-84.31716916433,-20.89569360256,
    8.00001524003));
#12741 = CARTESIAN_POINT('',(-85.66717106934,-21.67511756582,
    1.500002540005));
#12742 = CARTESIAN_POINT('',(-85.66717106934,-21.67511756582,
    8.00001524003));
#12743 = CARTESIAN_POINT('',(-87.01717297434,-22.45454152908,
    1.500002540005));
#12744 = CARTESIAN_POINT('',(-87.01717297434,-22.45454152908,
    8.00001524003));
#12745 = CARTESIAN_POINT('',(-85.66717106934,-23.23396549234,
    1.500002540005));
#12746 = CARTESIAN_POINT('',(-85.66717106934,-23.23396549234,
    8.00001524003));
#12747 = CARTESIAN_POINT('',(-84.31716916433,-24.0133894556,
    1.500002540005));
#12748 = CARTESIAN_POINT('',(-84.31716916433,-24.0133894556,
    8.00001524003));
#12749 = CARTESIAN_POINT('',(-84.31716916433,-22.45454152908,
    1.500002540005));
#12750 = CARTESIAN_POINT('',(-84.31716916433,-22.45454152908,
    8.00001524003));
#12751 = ADVANCED_FACE('',(#12752),#12773,.F.);
#12752 = FACE_BOUND('',#12753,.F.);
#12753 = EDGE_LOOP('',(#12754,#12755,#12762,#12772));
#12754 = ORIENTED_EDGE('',*,*,#12349,.F.);
#12755 = ORIENTED_EDGE('',*,*,#12756,.F.);
#12756 = EDGE_CURVE('',#12757,#12350,#12759,.T.);
#12757 = VERTEX_POINT('',#12758);
#12758 = CARTESIAN_POINT('',(-84.31716916433,-9.144018288037,
    1.500002540005));
#12759 = B_SPLINE_CURVE_WITH_KNOTS('',1,(#12760,#12761),.UNSPECIFIED.,
  .F.,.F.,(2,2),(0.,255.9055),.PIECEWISE_BEZIER_KNOTS.);
#12760 = CARTESIAN_POINT('',(-84.31716916433,-9.144018288037,
    1.500002540005));
#12761 = CARTESIAN_POINT('',(-84.31716916433,-9.144018288037,
    8.00001524003));
#12762 = ORIENTED_EDGE('',*,*,#12763,.T.);
#12763 = EDGE_CURVE('',#12757,#12757,#12764,.T.);
#12764 = ( BOUNDED_CURVE() B_SPLINE_CURVE(2,(#12765,#12766,#12767,#12768
    ,#12769,#12770,#12771),.UNSPECIFIED.,.T.,.F.) 
B_SPLINE_CURVE_WITH_KNOTS((1,2,2,2,2,1),(-2.094395102394,0.,
    2.094395102393,4.188790204786,6.28318530718,8.377580409573),
.UNSPECIFIED.) CURVE() GEOMETRIC_REPRESENTATION_ITEM() 
RATIONAL_B_SPLINE_CURVE((1.,0.5,1.,0.5,1.,0.5,1.)) REPRESENTATION_ITEM(
  '') );
#12765 = CARTESIAN_POINT('',(-84.31716916433,-9.144018288037,
    1.500002540005));
#12766 = CARTESIAN_POINT('',(-84.31716916433,-7.585170361516,
    1.500002540005));
#12767 = CARTESIAN_POINT('',(-85.66717106934,-8.364594324776,
    1.500002540005));
#12768 = CARTESIAN_POINT('',(-87.01717297434,-9.144018288037,
    1.500002540005));
#12769 = CARTESIAN_POINT('',(-85.66717106934,-9.923442251297,
    1.500002540005));
#12770 = CARTESIAN_POINT('',(-84.31716916433,-10.70286621455,
    1.500002540005));
#12771 = CARTESIAN_POINT('',(-84.31716916433,-9.144018288037,
    1.500002540005));
#12772 = ORIENTED_EDGE('',*,*,#12756,.T.);
#12773 = ( BOUNDED_SURFACE() B_SPLINE_SURFACE(2,1,(
    (#12774,#12775)
    ,(#12776,#12777)
    ,(#12778,#12779)
    ,(#12780,#12781)
    ,(#12782,#12783)
    ,(#12784,#12785)
    ,(#12786,#12787
)),.UNSPECIFIED.,.T.,.F.,.F.) B_SPLINE_SURFACE_WITH_KNOTS((1,2,2,2,2,1),
  (2,2),(-2.094395102394,0.,2.094395102393,4.188790204786,6.28318530718,
    8.377580409573),(0.,255.9055),.UNSPECIFIED.) 
GEOMETRIC_REPRESENTATION_ITEM() RATIONAL_B_SPLINE_SURFACE((
    (1.,1.)
    ,(0.5,0.5)
    ,(1.,1.)
    ,(0.5,0.5)
    ,(1.,1.)
    ,(0.5,0.5)
,(1.,1.))) REPRESENTATION_ITEM('') SURFACE() );
#12774 = CARTESIAN_POINT('',(-84.31716916433,-9.144018288037,
    1.500002540005));
#12775 = CARTESIAN_POINT('',(-84.31716916433,-9.144018288037,
    8.00001524003));
#12776 = CARTESIAN_POINT('',(-84.31716916433,-7.585170361516,
    1.500002540005));
#12777 = CARTESIAN_POINT('',(-84.31716916433,-7.585170361516,
    8.00001524003));
#12778 = CARTESIAN_POINT('',(-85.66717106934,-8.364594324776,
    1.500002540005));
#12779 = CARTESIAN_POINT('',(-85.66717106934,-8.364594324776,
    8.00001524003));
#12780 = CARTESIAN_POINT('',(-87.01717297434,-9.144018288037,
    1.500002540005));
#12781 = CARTESIAN_POINT('',(-87.01717297434,-9.144018288037,
    8.00001524003));
#12782 = CARTESIAN_POINT('',(-85.66717106934,-9.923442251297,
    1.500002540005));
#12783 = CARTESIAN_POINT('',(-85.66717106934,-9.923442251297,
    8.00001524003));
#12784 = CARTESIAN_POINT('',(-84.31716916433,-10.70286621455,
    1.500002540005));
#12785 = CARTESIAN_POINT('',(-84.31716916433,-10.70286621455,
    8.00001524003));
#12786 = CARTESIAN_POINT('',(-84.31716916433,-9.144018288037,
    1.500002540005));
#12787 = CARTESIAN_POINT('',(-84.31716916433,-9.144018288037,
    8.00001524003));
#12788 = ADVANCED_FACE('',(#12789),#12810,.F.);
#12789 = FACE_BOUND('',#12790,.F.);
#12790 = EDGE_LOOP('',(#12791,#12792,#12799,#12809));
#12791 = ORIENTED_EDGE('',*,*,#12409,.F.);
#12792 = ORIENTED_EDGE('',*,*,#12793,.F.);
#12793 = EDGE_CURVE('',#12794,#12410,#12796,.T.);
#12794 = VERTEX_POINT('',#12795);
#12795 = CARTESIAN_POINT('',(-85.72217139954,85.979171958344,
    1.500002540005));
#12796 = B_SPLINE_CURVE_WITH_KNOTS('',1,(#12797,#12798),.UNSPECIFIED.,
  .F.,.F.,(2,2),(0.,177.1654),.PIECEWISE_BEZIER_KNOTS.);
#12797 = CARTESIAN_POINT('',(-85.72217139954,85.979171958344,
    1.500002540005));
#12798 = CARTESIAN_POINT('',(-85.72217139954,85.979171958344,
    6.000012700025));
#12799 = ORIENTED_EDGE('',*,*,#12800,.T.);
#12800 = EDGE_CURVE('',#12794,#12794,#12801,.T.);
#12801 = ( BOUNDED_CURVE() B_SPLINE_CURVE(2,(#12802,#12803,#12804,#12805
    ,#12806,#12807,#12808),.UNSPECIFIED.,.T.,.F.) 
B_SPLINE_CURVE_WITH_KNOTS((1,2,2,2,2,1),(-2.094395102394,0.,
    2.094395102393,4.188790204786,6.28318530718,8.377580409573),
.UNSPECIFIED.) CURVE() GEOMETRIC_REPRESENTATION_ITEM() 
RATIONAL_B_SPLINE_CURVE((1.,0.5,1.,0.5,1.,0.5,1.)) REPRESENTATION_ITEM(
  '') );
#12802 = CARTESIAN_POINT('',(-85.72217139954,85.979171958344,
    1.500002540005));
#12803 = CARTESIAN_POINT('',(-85.72217139954,88.404048016288,
    1.500002540005));
#12804 = CARTESIAN_POINT('',(-87.82217566675,87.191609987316,
    1.500002540005));
#12805 = CARTESIAN_POINT('',(-89.92217993396,85.979171958344,
    1.500002540005));
#12806 = CARTESIAN_POINT('',(-87.82217566675,84.766733929372,
    1.500002540005));
#12807 = CARTESIAN_POINT('',(-85.72217139954,83.5542959004,
    1.500002540005));
#12808 = CARTESIAN_POINT('',(-85.72217139954,85.979171958344,
    1.500002540005));
#12809 = ORIENTED_EDGE('',*,*,#12793,.T.);
#12810 = ( BOUNDED_SURFACE() B_SPLINE_SURFACE(2,1,(
    (#12811,#12812)
    ,(#12813,#12814)
    ,(#12815,#12816)
    ,(#12817,#12818)
    ,(#12819,#12820)
    ,(#12821,#12822)
    ,(#12823,#12824
)),.UNSPECIFIED.,.T.,.F.,.F.) B_SPLINE_SURFACE_WITH_KNOTS((1,2,2,2,2,1),
  (2,2),(-2.094395102394,0.,2.094395102393,4.188790204786,6.28318530718,
    8.377580409573),(0.,177.1654),.UNSPECIFIED.) 
GEOMETRIC_REPRESENTATION_ITEM() RATIONAL_B_SPLINE_SURFACE((
    (1.,1.)
    ,(0.5,0.5)
    ,(1.,1.)
    ,(0.5,0.5)
    ,(1.,1.)
    ,(0.5,0.5)
,(1.,1.))) REPRESENTATION_ITEM('') SURFACE() );
#12811 = CARTESIAN_POINT('',(-85.72217139954,85.979171958344,
    1.500002540005));
#12812 = CARTESIAN_POINT('',(-85.72217139954,85.979171958344,
    6.000012700025));
#12813 = CARTESIAN_POINT('',(-85.72217139954,88.404048016288,
    1.500002540005));
#12814 = CARTESIAN_POINT('',(-85.72217139954,88.404048016288,
    6.000012700025));
#12815 = CARTESIAN_POINT('',(-87.82217566675,87.191609987316,
    1.500002540005));
#12816 = CARTESIAN_POINT('',(-87.82217566675,87.191609987316,
    6.000012700025));
#12817 = CARTESIAN_POINT('',(-89.92217993396,85.979171958344,
    1.500002540005));
#12818 = CARTESIAN_POINT('',(-89.92217993396,85.979171958344,
    6.000012700025));
#12819 = CARTESIAN_POINT('',(-87.82217566675,84.766733929372,
    1.500002540005));
#12820 = CARTESIAN_POINT('',(-87.82217566675,84.766733929372,
    6.000012700025));
#12821 = CARTESIAN_POINT('',(-85.72217139954,83.5542959004,
    1.500002540005));
#12822 = CARTESIAN_POINT('',(-85.72217139954,83.5542959004,
    6.000012700025));
#12823 = CARTESIAN_POINT('',(-85.72217139954,85.979171958344,
    1.500002540005));
#12824 = CARTESIAN_POINT('',(-85.72217139954,85.979171958344,
    6.000012700025));
#12825 = ADVANCED_FACE('',(#12826),#12829,.T.);
#12826 = FACE_BOUND('',#12827,.T.);
#12827 = EDGE_LOOP('',(#12828));
#12828 = ORIENTED_EDGE('',*,*,#12541,.T.);
#12829 = B_SPLINE_SURFACE_WITH_KNOTS('',1,1,(
    (#12830,#12831)
    ,(#12832,#12833
    )),.UNSPECIFIED.,.F.,.F.,.F.,(2,2),(2,2),(-55.118112,55.118112),(
    -55.118112,55.118112),.PIECEWISE_BEZIER_KNOTS.);
#12830 = CARTESIAN_POINT('',(-6.099012242824,64.767129489459,
    1.500002540005));
#12831 = CARTESIAN_POINT('',(-6.099012242824,67.56713517907,
    1.500002540005));
#12832 = CARTESIAN_POINT('',(-3.299006553213,64.767129489459,
    1.500002540005));
#12833 = CARTESIAN_POINT('',(-3.299006553213,67.56713517907,
    1.500002540005));
#12834 = ADVANCED_FACE('',(#12835),#12838,.T.);
#12835 = FACE_BOUND('',#12836,.T.);
#12836 = EDGE_LOOP('',(#12837));
#12837 = ORIENTED_EDGE('',*,*,#12578,.T.);
#12838 = B_SPLINE_SURFACE_WITH_KNOTS('',1,1,(
    (#12839,#12840)
    ,(#12841,#12842
    )),.UNSPECIFIED.,.F.,.F.,.F.,(2,2),(2,2),(-55.118112,55.118112),(
    -55.118112,55.118112),.PIECEWISE_BEZIER_KNOTS.);
#12839 = CARTESIAN_POINT('',(-6.400013004826,3.553007061214,
    1.500002540005));
#12840 = CARTESIAN_POINT('',(-6.400013004826,6.353012750826,
    1.500002540005));
#12841 = CARTESIAN_POINT('',(-3.600007315215,3.553007061214,
    1.500002540005));
#12842 = CARTESIAN_POINT('',(-3.600007315215,6.353012750826,
    1.500002540005));
#12843 = ADVANCED_FACE('',(#12844),#12847,.T.);
#12844 = FACE_BOUND('',#12845,.T.);
#12845 = EDGE_LOOP('',(#12846));
#12846 = ORIENTED_EDGE('',*,*,#12615,.T.);
#12847 = B_SPLINE_SURFACE_WITH_KNOTS('',1,1,(
    (#12848,#12849)
    ,(#12850,#12851
    )),.UNSPECIFIED.,.F.,.F.,.F.,(2,2),(2,2),(-55.118112,55.118112),(
    -55.118112,55.118112),.PIECEWISE_BEZIER_KNOTS.);
#12848 = CARTESIAN_POINT('',(-88.52217708915,3.934007823216,
    1.500002540005));
#12849 = CARTESIAN_POINT('',(-88.52217708915,6.734013512827,
    1.500002540005));
#12850 = CARTESIAN_POINT('',(-85.72217139954,3.934007823216,
    1.500002540005));
#12851 = CARTESIAN_POINT('',(-85.72217139954,6.734013512827,
    1.500002540005));
#12852 = ADVANCED_FACE('',(#12853),#12856,.T.);
#12853 = FACE_BOUND('',#12854,.T.);
#12854 = EDGE_LOOP('',(#12855));
#12855 = ORIENTED_EDGE('',*,*,#12652,.T.);
#12856 = B_SPLINE_SURFACE_WITH_KNOTS('',1,1,(
    (#12857,#12858)
    ,(#12859,#12860
    )),.UNSPECIFIED.,.F.,.F.,.F.,(2,2),(2,2),(-35.43305,35.43305),(
    -35.43305,35.43305),.PIECEWISE_BEZIER_KNOTS.);
#12857 = CARTESIAN_POINT('',(-20.40003937007,-23.35454279908,
    1.500002540005));
#12858 = CARTESIAN_POINT('',(-20.40003937007,-21.55454025908,
    1.500002540005));
#12859 = CARTESIAN_POINT('',(-18.60003683007,-23.35454279908,
    1.500002540005));
#12860 = CARTESIAN_POINT('',(-18.60003683007,-21.55454025908,
    1.500002540005));
#12861 = ADVANCED_FACE('',(#12862),#12865,.T.);
#12862 = FACE_BOUND('',#12863,.T.);
#12863 = EDGE_LOOP('',(#12864));
#12864 = ORIENTED_EDGE('',*,*,#12689,.T.);
#12865 = B_SPLINE_SURFACE_WITH_KNOTS('',1,1,(
    (#12866,#12867)
    ,(#12868,#12869
    )),.UNSPECIFIED.,.F.,.F.,.F.,(2,2),(2,2),(-35.43305,35.43305),(
    -35.43305,35.43305),.PIECEWISE_BEZIER_KNOTS.);
#12866 = CARTESIAN_POINT('',(-20.40003937007,-10.04401955803,
    1.500002540005));
#12867 = CARTESIAN_POINT('',(-20.40003937007,-8.244017018034,
    1.500002540005));
#12868 = CARTESIAN_POINT('',(-18.60003683007,-10.04401955803,
    1.500002540005));
#12869 = CARTESIAN_POINT('',(-18.60003683007,-8.244017018034,
    1.500002540005));
#12870 = ADVANCED_FACE('',(#12871),#12874,.T.);
#12871 = FACE_BOUND('',#12872,.T.);
#12872 = EDGE_LOOP('',(#12873));
#12873 = ORIENTED_EDGE('',*,*,#12726,.T.);
#12874 = B_SPLINE_SURFACE_WITH_KNOTS('',1,1,(
    (#12875,#12876)
    ,(#12877,#12878
    )),.UNSPECIFIED.,.F.,.F.,.F.,(2,2),(2,2),(-35.43305,35.43305),(
    -35.43305,35.43305),.PIECEWISE_BEZIER_KNOTS.);
#12875 = CARTESIAN_POINT('',(-86.11717170434,-23.35454279908,
    1.500002540005));
#12876 = CARTESIAN_POINT('',(-86.11717170434,-21.55454025908,
    1.500002540005));
#12877 = CARTESIAN_POINT('',(-84.31716916433,-23.35454279908,
    1.500002540005));
#12878 = CARTESIAN_POINT('',(-84.31716916433,-21.55454025908,
    1.500002540005));
#12879 = ADVANCED_FACE('',(#12880),#12883,.T.);
#12880 = FACE_BOUND('',#12881,.T.);
#12881 = EDGE_LOOP('',(#12882));
#12882 = ORIENTED_EDGE('',*,*,#12763,.T.);
#12883 = B_SPLINE_SURFACE_WITH_KNOTS('',1,1,(
    (#12884,#12885)
    ,(#12886,#12887
    )),.UNSPECIFIED.,.F.,.F.,.F.,(2,2),(2,2),(-35.43305,35.43305),(
    -35.43305,35.43305),.PIECEWISE_BEZIER_KNOTS.);
#12884 = CARTESIAN_POINT('',(-86.11717170434,-10.04401955803,
    1.500002540005));
#12885 = CARTESIAN_POINT('',(-86.11717170434,-8.244017018034,
    1.500002540005));
#12886 = CARTESIAN_POINT('',(-84.31716916433,-10.04401955803,
    1.500002540005));
#12887 = CARTESIAN_POINT('',(-84.31716916433,-8.244017018034,
    1.500002540005));
#12888 = ADVANCED_FACE('',(#12889),#12892,.T.);
#12889 = FACE_BOUND('',#12890,.T.);
#12890 = EDGE_LOOP('',(#12891));
#12891 = ORIENTED_EDGE('',*,*,#12800,.T.);
#12892 = B_SPLINE_SURFACE_WITH_KNOTS('',1,1,(
    (#12893,#12894)
    ,(#12895,#12896
    )),.UNSPECIFIED.,.F.,.F.,.F.,(2,2),(2,2),(-55.118112,55.118112),(
    -55.118112,55.118112),.PIECEWISE_BEZIER_KNOTS.);
#12893 = CARTESIAN_POINT('',(-88.52217708915,84.579169113538,
    1.500002540005));
#12894 = CARTESIAN_POINT('',(-88.52217708915,87.37917480315,
    1.500002540005));
#12895 = CARTESIAN_POINT('',(-85.72217139954,84.579169113538,
    1.500002540005));
#12896 = CARTESIAN_POINT('',(-85.72217139954,87.37917480315,
    1.500002540005));
#12897 = MANIFOLD_SOLID_BREP('',#12898);
#12898 = CLOSED_SHELL('',(#12899,#12937,#12968,#12992,#13016,#13033));
#12899 = ADVANCED_FACE('',(#12900),#12932,.T.);
#12900 = FACE_BOUND('',#12901,.T.);
#12901 = EDGE_LOOP('',(#12902,#12912,#12919,#12927));
#12902 = ORIENTED_EDGE('',*,*,#12903,.F.);
#12903 = EDGE_CURVE('',#12904,#12906,#12908,.T.);
#12904 = VERTEX_POINT('',#12905);
#12905 = CARTESIAN_POINT('',(1.917,16.,31.));
#12906 = VERTEX_POINT('',#12907);
#12907 = CARTESIAN_POINT('',(1.917,16.,35.));
#12908 = LINE('',#12909,#12910);
#12909 = CARTESIAN_POINT('',(1.917,16.,31.));
#12910 = VECTOR('',#12911,1.);
#12911 = DIRECTION('',(0.,0.,1.));
#12912 = ORIENTED_EDGE('',*,*,#12913,.T.);
#12913 = EDGE_CURVE('',#12904,#12914,#12916,.T.);
#12914 = VERTEX_POINT('',#12915);
#12915 = CARTESIAN_POINT('',(1.917,24.,31.));
#12916 = B_SPLINE_CURVE_WITH_KNOTS('',1,(#12917,#12918),.UNSPECIFIED.,
  .F.,.F.,(2,2),(0.,1.),.PIECEWISE_BEZIER_KNOTS.);
#12917 = CARTESIAN_POINT('',(1.917004064008,-29.47605918211,31.));
#12918 = CARTESIAN_POINT('',(1.917004064008,94.119188468377,31.));
#12919 = ORIENTED_EDGE('',*,*,#12920,.T.);
#12920 = EDGE_CURVE('',#12914,#12921,#12923,.T.);
#12921 = VERTEX_POINT('',#12922);
#12922 = CARTESIAN_POINT('',(1.917,24.,35.));
#12923 = LINE('',#12924,#12925);
#12924 = CARTESIAN_POINT('',(1.917,24.,31.));
#12925 = VECTOR('',#12926,1.);
#12926 = DIRECTION('',(0.,0.,1.));
#12927 = ORIENTED_EDGE('',*,*,#12928,.F.);
#12928 = EDGE_CURVE('',#12906,#12921,#12929,.T.);
#12929 = B_SPLINE_CURVE_WITH_KNOTS('',1,(#12930,#12931),.UNSPECIFIED.,
  .F.,.F.,(2,2),(0.,1.),.PIECEWISE_BEZIER_KNOTS.);
#12930 = CARTESIAN_POINT('',(1.917004064008,-29.47605918211,35.));
#12931 = CARTESIAN_POINT('',(1.917004064008,94.119188468377,35.));
#12932 = PLANE('',#12933);
#12933 = AXIS2_PLACEMENT_3D('',#12934,#12935,#12936);
#12934 = CARTESIAN_POINT('',(1.917,16.,31.));
#12935 = DIRECTION('',(1.,0.,-0.));
#12936 = DIRECTION('',(0.,0.,1.));
#12937 = ADVANCED_FACE('',(#12938),#12963,.F.);
#12938 = FACE_BOUND('',#12939,.F.);
#12939 = EDGE_LOOP('',(#12940,#12948,#12956,#12962));
#12940 = ORIENTED_EDGE('',*,*,#12941,.F.);
#12941 = EDGE_CURVE('',#12942,#12904,#12944,.T.);
#12942 = VERTEX_POINT('',#12943);
#12943 = CARTESIAN_POINT('',(-8.3E-02,16.,31.));
#12944 = LINE('',#12945,#12946);
#12945 = CARTESIAN_POINT('',(-8.3E-02,16.,31.));
#12946 = VECTOR('',#12947,1.);
#12947 = DIRECTION('',(1.,0.,-0.));
#12948 = ORIENTED_EDGE('',*,*,#12949,.T.);
#12949 = EDGE_CURVE('',#12942,#12950,#12952,.T.);
#12950 = VERTEX_POINT('',#12951);
#12951 = CARTESIAN_POINT('',(-8.3E-02,16.,35.));
#12952 = LINE('',#12953,#12954);
#12953 = CARTESIAN_POINT('',(-8.3E-02,16.,31.));
#12954 = VECTOR('',#12955,1.);
#12955 = DIRECTION('',(0.,0.,1.));
#12956 = ORIENTED_EDGE('',*,*,#12957,.T.);
#12957 = EDGE_CURVE('',#12950,#12906,#12958,.T.);
#12958 = LINE('',#12959,#12960);
#12959 = CARTESIAN_POINT('',(-8.3E-02,16.,35.));
#12960 = VECTOR('',#12961,1.);
#12961 = DIRECTION('',(1.,0.,-0.));
#12962 = ORIENTED_EDGE('',*,*,#12903,.F.);
#12963 = PLANE('',#12964);
#12964 = AXIS2_PLACEMENT_3D('',#12965,#12966,#12967);
#12965 = CARTESIAN_POINT('',(-8.3E-02,16.,31.));
#12966 = DIRECTION('',(-0.,1.,0.));
#12967 = DIRECTION('',(0.,0.,1.));
#12968 = ADVANCED_FACE('',(#12969),#12987,.T.);
#12969 = FACE_BOUND('',#12970,.T.);
#12970 = EDGE_LOOP('',(#12971,#12979,#12980,#12981));
#12971 = ORIENTED_EDGE('',*,*,#12972,.F.);
#12972 = EDGE_CURVE('',#12950,#12973,#12975,.T.);
#12973 = VERTEX_POINT('',#12974);
#12974 = CARTESIAN_POINT('',(-8.3E-02,24.,35.));
#12975 = LINE('',#12976,#12977);
#12976 = CARTESIAN_POINT('',(-8.3E-02,16.,35.));
#12977 = VECTOR('',#12978,1.);
#12978 = DIRECTION('',(-0.,1.,0.));
#12979 = ORIENTED_EDGE('',*,*,#12957,.T.);
#12980 = ORIENTED_EDGE('',*,*,#12928,.T.);
#12981 = ORIENTED_EDGE('',*,*,#12982,.F.);
#12982 = EDGE_CURVE('',#12973,#12921,#12983,.T.);
#12983 = LINE('',#12984,#12985);
#12984 = CARTESIAN_POINT('',(-8.3E-02,24.,35.));
#12985 = VECTOR('',#12986,1.);
#12986 = DIRECTION('',(1.,0.,-0.));
#12987 = PLANE('',#12988);
#12988 = AXIS2_PLACEMENT_3D('',#12989,#12990,#12991);
#12989 = CARTESIAN_POINT('',(-8.3E-02,16.,35.));
#12990 = DIRECTION('',(0.,0.,1.));
#12991 = DIRECTION('',(1.,0.,-0.));
#12992 = ADVANCED_FACE('',(#12993),#13011,.T.);
#12993 = FACE_BOUND('',#12994,.T.);
#12994 = EDGE_LOOP('',(#12995,#13003,#13009,#13010));
#12995 = ORIENTED_EDGE('',*,*,#12996,.F.);
#12996 = EDGE_CURVE('',#12997,#12914,#12999,.T.);
#12997 = VERTEX_POINT('',#12998);
#12998 = CARTESIAN_POINT('',(-8.3E-02,24.,31.));
#12999 = LINE('',#13000,#13001);
#13000 = CARTESIAN_POINT('',(-8.3E-02,24.,31.));
#13001 = VECTOR('',#13002,1.);
#13002 = DIRECTION('',(1.,0.,-0.));
#13003 = ORIENTED_EDGE('',*,*,#13004,.T.);
#13004 = EDGE_CURVE('',#12997,#12973,#13005,.T.);
#13005 = LINE('',#13006,#13007);
#13006 = CARTESIAN_POINT('',(-8.3E-02,24.,31.));
#13007 = VECTOR('',#13008,1.);
#13008 = DIRECTION('',(0.,0.,1.));
#13009 = ORIENTED_EDGE('',*,*,#12982,.T.);
#13010 = ORIENTED_EDGE('',*,*,#12920,.F.);
#13011 = PLANE('',#13012);
#13012 = AXIS2_PLACEMENT_3D('',#13013,#13014,#13015);
#13013 = CARTESIAN_POINT('',(-8.3E-02,24.,31.));
#13014 = DIRECTION('',(-0.,1.,0.));
#13015 = DIRECTION('',(0.,0.,1.));
#13016 = ADVANCED_FACE('',(#13017),#13028,.F.);
#13017 = FACE_BOUND('',#13018,.F.);
#13018 = EDGE_LOOP('',(#13019,#13025,#13026,#13027));
#13019 = ORIENTED_EDGE('',*,*,#13020,.F.);
#13020 = EDGE_CURVE('',#12942,#12997,#13021,.T.);
#13021 = LINE('',#13022,#13023);
#13022 = CARTESIAN_POINT('',(-8.3E-02,16.,31.));
#13023 = VECTOR('',#13024,1.);
#13024 = DIRECTION('',(-0.,1.,0.));
#13025 = ORIENTED_EDGE('',*,*,#12941,.T.);
#13026 = ORIENTED_EDGE('',*,*,#12913,.T.);
#13027 = ORIENTED_EDGE('',*,*,#12996,.F.);
#13028 = PLANE('',#13029);
#13029 = AXIS2_PLACEMENT_3D('',#13030,#13031,#13032);
#13030 = CARTESIAN_POINT('',(-8.3E-02,16.,31.));
#13031 = DIRECTION('',(0.,0.,1.));
#13032 = DIRECTION('',(1.,0.,-0.));
#13033 = ADVANCED_FACE('',(#13034),#13040,.F.);
#13034 = FACE_BOUND('',#13035,.F.);
#13035 = EDGE_LOOP('',(#13036,#13037,#13038,#13039));
#13036 = ORIENTED_EDGE('',*,*,#12949,.F.);
#13037 = ORIENTED_EDGE('',*,*,#13020,.T.);
#13038 = ORIENTED_EDGE('',*,*,#13004,.T.);
#13039 = ORIENTED_EDGE('',*,*,#12972,.F.);
#13040 = PLANE('',#13041);
#13041 = AXIS2_PLACEMENT_3D('',#13042,#13043,#13044);
#13042 = CARTESIAN_POINT('',(-8.3E-02,16.,31.));
#13043 = DIRECTION('',(1.,0.,-0.));
#13044 = DIRECTION('',(0.,0.,1.));
#13045 = MANIFOLD_SOLID_BREP('',#13046);
#13046 = CLOSED_SHELL('',(#13047,#13085,#13116,#13140,#13164,#13181));
#13047 = ADVANCED_FACE('',(#13048),#13080,.T.);
#13048 = FACE_BOUND('',#13049,.T.);
#13049 = EDGE_LOOP('',(#13050,#13060,#13067,#13075));
#13050 = ORIENTED_EDGE('',*,*,#13051,.F.);
#13051 = EDGE_CURVE('',#13052,#13054,#13056,.T.);
#13052 = VERTEX_POINT('',#13053);
#13053 = CARTESIAN_POINT('',(1.917,61.,31.));
#13054 = VERTEX_POINT('',#13055);
#13055 = CARTESIAN_POINT('',(1.917,61.,35.));
#13056 = LINE('',#13057,#13058);
#13057 = CARTESIAN_POINT('',(1.917,61.,31.));
#13058 = VECTOR('',#13059,1.);
#13059 = DIRECTION('',(0.,0.,1.));
#13060 = ORIENTED_EDGE('',*,*,#13061,.T.);
#13061 = EDGE_CURVE('',#13052,#13062,#13064,.T.);
#13062 = VERTEX_POINT('',#13063);
#13063 = CARTESIAN_POINT('',(1.917,69.,31.));
#13064 = B_SPLINE_CURVE_WITH_KNOTS('',1,(#13065,#13066),.UNSPECIFIED.,
  .F.,.F.,(2,2),(0.,1.),.PIECEWISE_BEZIER_KNOTS.);
#13065 = CARTESIAN_POINT('',(1.917004064008,-29.47605918211,31.));
#13066 = CARTESIAN_POINT('',(1.917004064008,94.119188468377,31.));
#13067 = ORIENTED_EDGE('',*,*,#13068,.T.);
#13068 = EDGE_CURVE('',#13062,#13069,#13071,.T.);
#13069 = VERTEX_POINT('',#13070);
#13070 = CARTESIAN_POINT('',(1.917,69.,35.));
#13071 = LINE('',#13072,#13073);
#13072 = CARTESIAN_POINT('',(1.917,69.,31.));
#13073 = VECTOR('',#13074,1.);
#13074 = DIRECTION('',(0.,0.,1.));
#13075 = ORIENTED_EDGE('',*,*,#13076,.F.);
#13076 = EDGE_CURVE('',#13054,#13069,#13077,.T.);
#13077 = B_SPLINE_CURVE_WITH_KNOTS('',1,(#13078,#13079),.UNSPECIFIED.,
  .F.,.F.,(2,2),(0.,1.),.PIECEWISE_BEZIER_KNOTS.);
#13078 = CARTESIAN_POINT('',(1.917004064008,-29.47605918211,35.));
#13079 = CARTESIAN_POINT('',(1.917004064008,94.119188468377,35.));
#13080 = PLANE('',#13081);
#13081 = AXIS2_PLACEMENT_3D('',#13082,#13083,#13084);
#13082 = CARTESIAN_POINT('',(1.917,61.,31.));
#13083 = DIRECTION('',(1.,0.,-0.));
#13084 = DIRECTION('',(0.,0.,1.));
#13085 = ADVANCED_FACE('',(#13086),#13111,.F.);
#13086 = FACE_BOUND('',#13087,.F.);
#13087 = EDGE_LOOP('',(#13088,#13096,#13104,#13110));
#13088 = ORIENTED_EDGE('',*,*,#13089,.F.);
#13089 = EDGE_CURVE('',#13090,#13052,#13092,.T.);
#13090 = VERTEX_POINT('',#13091);
#13091 = CARTESIAN_POINT('',(-8.3E-02,61.,31.));
#13092 = LINE('',#13093,#13094);
#13093 = CARTESIAN_POINT('',(-8.3E-02,61.,31.));
#13094 = VECTOR('',#13095,1.);
#13095 = DIRECTION('',(1.,0.,-0.));
#13096 = ORIENTED_EDGE('',*,*,#13097,.T.);
#13097 = EDGE_CURVE('',#13090,#13098,#13100,.T.);
#13098 = VERTEX_POINT('',#13099);
#13099 = CARTESIAN_POINT('',(-8.3E-02,61.,35.));
#13100 = LINE('',#13101,#13102);
#13101 = CARTESIAN_POINT('',(-8.3E-02,61.,31.));
#13102 = VECTOR('',#13103,1.);
#13103 = DIRECTION('',(0.,0.,1.));
#13104 = ORIENTED_EDGE('',*,*,#13105,.T.);
#13105 = EDGE_CURVE('',#13098,#13054,#13106,.T.);
#13106 = LINE('',#13107,#13108);
#13107 = CARTESIAN_POINT('',(-8.3E-02,61.,35.));
#13108 = VECTOR('',#13109,1.);
#13109 = DIRECTION('',(1.,0.,-0.));
#13110 = ORIENTED_EDGE('',*,*,#13051,.F.);
#13111 = PLANE('',#13112);
#13112 = AXIS2_PLACEMENT_3D('',#13113,#13114,#13115);
#13113 = CARTESIAN_POINT('',(-8.3E-02,61.,31.));
#13114 = DIRECTION('',(-0.,1.,0.));
#13115 = DIRECTION('',(0.,0.,1.));
#13116 = ADVANCED_FACE('',(#13117),#13135,.T.);
#13117 = FACE_BOUND('',#13118,.T.);
#13118 = EDGE_LOOP('',(#13119,#13127,#13128,#13129));
#13119 = ORIENTED_EDGE('',*,*,#13120,.F.);
#13120 = EDGE_CURVE('',#13098,#13121,#13123,.T.);
#13121 = VERTEX_POINT('',#13122);
#13122 = CARTESIAN_POINT('',(-8.3E-02,69.,35.));
#13123 = LINE('',#13124,#13125);
#13124 = CARTESIAN_POINT('',(-8.3E-02,61.,35.));
#13125 = VECTOR('',#13126,1.);
#13126 = DIRECTION('',(-0.,1.,0.));
#13127 = ORIENTED_EDGE('',*,*,#13105,.T.);
#13128 = ORIENTED_EDGE('',*,*,#13076,.T.);
#13129 = ORIENTED_EDGE('',*,*,#13130,.F.);
#13130 = EDGE_CURVE('',#13121,#13069,#13131,.T.);
#13131 = LINE('',#13132,#13133);
#13132 = CARTESIAN_POINT('',(-8.3E-02,69.,35.));
#13133 = VECTOR('',#13134,1.);
#13134 = DIRECTION('',(1.,0.,-0.));
#13135 = PLANE('',#13136);
#13136 = AXIS2_PLACEMENT_3D('',#13137,#13138,#13139);
#13137 = CARTESIAN_POINT('',(-8.3E-02,61.,35.));
#13138 = DIRECTION('',(0.,0.,1.));
#13139 = DIRECTION('',(1.,0.,-0.));
#13140 = ADVANCED_FACE('',(#13141),#13159,.T.);
#13141 = FACE_BOUND('',#13142,.T.);
#13142 = EDGE_LOOP('',(#13143,#13151,#13157,#13158));
#13143 = ORIENTED_EDGE('',*,*,#13144,.F.);
#13144 = EDGE_CURVE('',#13145,#13062,#13147,.T.);
#13145 = VERTEX_POINT('',#13146);
#13146 = CARTESIAN_POINT('',(-8.3E-02,69.,31.));
#13147 = LINE('',#13148,#13149);
#13148 = CARTESIAN_POINT('',(-8.3E-02,69.,31.));
#13149 = VECTOR('',#13150,1.);
#13150 = DIRECTION('',(1.,0.,-0.));
#13151 = ORIENTED_EDGE('',*,*,#13152,.T.);
#13152 = EDGE_CURVE('',#13145,#13121,#13153,.T.);
#13153 = LINE('',#13154,#13155);
#13154 = CARTESIAN_POINT('',(-8.3E-02,69.,31.));
#13155 = VECTOR('',#13156,1.);
#13156 = DIRECTION('',(0.,0.,1.));
#13157 = ORIENTED_EDGE('',*,*,#13130,.T.);
#13158 = ORIENTED_EDGE('',*,*,#13068,.F.);
#13159 = PLANE('',#13160);
#13160 = AXIS2_PLACEMENT_3D('',#13161,#13162,#13163);
#13161 = CARTESIAN_POINT('',(-8.3E-02,69.,31.));
#13162 = DIRECTION('',(-0.,1.,0.));
#13163 = DIRECTION('',(0.,0.,1.));
#13164 = ADVANCED_FACE('',(#13165),#13176,.F.);
#13165 = FACE_BOUND('',#13166,.F.);
#13166 = EDGE_LOOP('',(#13167,#13173,#13174,#13175));
#13167 = ORIENTED_EDGE('',*,*,#13168,.F.);
#13168 = EDGE_CURVE('',#13090,#13145,#13169,.T.);
#13169 = LINE('',#13170,#13171);
#13170 = CARTESIAN_POINT('',(-8.3E-02,61.,31.));
#13171 = VECTOR('',#13172,1.);
#13172 = DIRECTION('',(-0.,1.,0.));
#13173 = ORIENTED_EDGE('',*,*,#13089,.T.);
#13174 = ORIENTED_EDGE('',*,*,#13061,.T.);
#13175 = ORIENTED_EDGE('',*,*,#13144,.F.);
#13176 = PLANE('',#13177);
#13177 = AXIS2_PLACEMENT_3D('',#13178,#13179,#13180);
#13178 = CARTESIAN_POINT('',(-8.3E-02,61.,31.));
#13179 = DIRECTION('',(0.,0.,1.));
#13180 = DIRECTION('',(1.,0.,-0.));
#13181 = ADVANCED_FACE('',(#13182),#13188,.F.);
#13182 = FACE_BOUND('',#13183,.F.);
#13183 = EDGE_LOOP('',(#13184,#13185,#13186,#13187));
#13184 = ORIENTED_EDGE('',*,*,#13097,.F.);
#13185 = ORIENTED_EDGE('',*,*,#13168,.T.);
#13186 = ORIENTED_EDGE('',*,*,#13152,.T.);
#13187 = ORIENTED_EDGE('',*,*,#13120,.F.);
#13188 = PLANE('',#13189);
#13189 = AXIS2_PLACEMENT_3D('',#13190,#13191,#13192);
#13190 = CARTESIAN_POINT('',(-8.3E-02,61.,31.));
#13191 = DIRECTION('',(1.,0.,-0.));
#13192 = DIRECTION('',(0.,0.,1.));
#13193 = MANIFOLD_SOLID_BREP('',#13194);
#13194 = CLOSED_SHELL('',(#13195,#13235,#13266,#13290,#13314,#13331));
#13195 = ADVANCED_FACE('',(#13196),#13230,.T.);
#13196 = FACE_BOUND('',#13197,.T.);
#13197 = EDGE_LOOP('',(#13198,#13208,#13216,#13224));
#13198 = ORIENTED_EDGE('',*,*,#13199,.F.);
#13199 = EDGE_CURVE('',#13200,#13202,#13204,.T.);
#13200 = VERTEX_POINT('',#13201);
#13201 = CARTESIAN_POINT('',(-8.3E-02,16.,35.));
#13202 = VERTEX_POINT('',#13203);
#13203 = CARTESIAN_POINT('',(-8.3E-02,16.,36.));
#13204 = LINE('',#13205,#13206);
#13205 = CARTESIAN_POINT('',(-8.3E-02,16.,35.));
#13206 = VECTOR('',#13207,1.);
#13207 = DIRECTION('',(0.,0.,1.));
#13208 = ORIENTED_EDGE('',*,*,#13209,.T.);
#13209 = EDGE_CURVE('',#13200,#13210,#13212,.T.);
#13210 = VERTEX_POINT('',#13211);
#13211 = CARTESIAN_POINT('',(-8.3E-02,24.,35.));
#13212 = LINE('',#13213,#13214);
#13213 = CARTESIAN_POINT('',(-8.3E-02,16.,35.));
#13214 = VECTOR('',#13215,1.);
#13215 = DIRECTION('',(-0.,1.,0.));
#13216 = ORIENTED_EDGE('',*,*,#13217,.T.);
#13217 = EDGE_CURVE('',#13210,#13218,#13220,.T.);
#13218 = VERTEX_POINT('',#13219);
#13219 = CARTESIAN_POINT('',(-8.3E-02,24.,36.));
#13220 = LINE('',#13221,#13222);
#13221 = CARTESIAN_POINT('',(-8.3E-02,24.,35.));
#13222 = VECTOR('',#13223,1.);
#13223 = DIRECTION('',(0.,0.,1.));
#13224 = ORIENTED_EDGE('',*,*,#13225,.F.);
#13225 = EDGE_CURVE('',#13202,#13218,#13226,.T.);
#13226 = LINE('',#13227,#13228);
#13227 = CARTESIAN_POINT('',(-8.3E-02,16.,36.));
#13228 = VECTOR('',#13229,1.);
#13229 = DIRECTION('',(-0.,1.,0.));
#13230 = PLANE('',#13231);
#13231 = AXIS2_PLACEMENT_3D('',#13232,#13233,#13234);
#13232 = CARTESIAN_POINT('',(-8.3E-02,16.,35.));
#13233 = DIRECTION('',(1.,0.,-0.));
#13234 = DIRECTION('',(0.,0.,1.));
#13235 = ADVANCED_FACE('',(#13236),#13261,.F.);
#13236 = FACE_BOUND('',#13237,.F.);
#13237 = EDGE_LOOP('',(#13238,#13246,#13254,#13260));
#13238 = ORIENTED_EDGE('',*,*,#13239,.F.);
#13239 = EDGE_CURVE('',#13240,#13200,#13242,.T.);
#13240 = VERTEX_POINT('',#13241);
#13241 = CARTESIAN_POINT('',(-0.883,16.,35.));
#13242 = LINE('',#13243,#13244);
#13243 = CARTESIAN_POINT('',(-0.883,16.,35.));
#13244 = VECTOR('',#13245,1.);
#13245 = DIRECTION('',(1.,0.,-0.));
#13246 = ORIENTED_EDGE('',*,*,#13247,.T.);
#13247 = EDGE_CURVE('',#13240,#13248,#13250,.T.);
#13248 = VERTEX_POINT('',#13249);
#13249 = CARTESIAN_POINT('',(-0.883,16.,36.));
#13250 = LINE('',#13251,#13252);
#13251 = CARTESIAN_POINT('',(-0.883,16.,35.));
#13252 = VECTOR('',#13253,1.);
#13253 = DIRECTION('',(0.,0.,1.));
#13254 = ORIENTED_EDGE('',*,*,#13255,.T.);
#13255 = EDGE_CURVE('',#13248,#13202,#13256,.T.);
#13256 = LINE('',#13257,#13258);
#13257 = CARTESIAN_POINT('',(-0.883,16.,36.));
#13258 = VECTOR('',#13259,1.);
#13259 = DIRECTION('',(1.,0.,-0.));
#13260 = ORIENTED_EDGE('',*,*,#13199,.F.);
#13261 = PLANE('',#13262);
#13262 = AXIS2_PLACEMENT_3D('',#13263,#13264,#13265);
#13263 = CARTESIAN_POINT('',(-0.883,16.,35.));
#13264 = DIRECTION('',(-0.,1.,0.));
#13265 = DIRECTION('',(0.,0.,1.));
#13266 = ADVANCED_FACE('',(#13267),#13285,.T.);
#13267 = FACE_BOUND('',#13268,.T.);
#13268 = EDGE_LOOP('',(#13269,#13277,#13278,#13279));
#13269 = ORIENTED_EDGE('',*,*,#13270,.F.);
#13270 = EDGE_CURVE('',#13248,#13271,#13273,.T.);
#13271 = VERTEX_POINT('',#13272);
#13272 = CARTESIAN_POINT('',(-0.883,24.,36.));
#13273 = LINE('',#13274,#13275);
#13274 = CARTESIAN_POINT('',(-0.883,16.,36.));
#13275 = VECTOR('',#13276,1.);
#13276 = DIRECTION('',(-0.,1.,0.));
#13277 = ORIENTED_EDGE('',*,*,#13255,.T.);
#13278 = ORIENTED_EDGE('',*,*,#13225,.T.);
#13279 = ORIENTED_EDGE('',*,*,#13280,.F.);
#13280 = EDGE_CURVE('',#13271,#13218,#13281,.T.);
#13281 = LINE('',#13282,#13283);
#13282 = CARTESIAN_POINT('',(-0.883,24.,36.));
#13283 = VECTOR('',#13284,1.);
#13284 = DIRECTION('',(1.,0.,-0.));
#13285 = PLANE('',#13286);
#13286 = AXIS2_PLACEMENT_3D('',#13287,#13288,#13289);
#13287 = CARTESIAN_POINT('',(-0.883,16.,36.));
#13288 = DIRECTION('',(0.,0.,1.));
#13289 = DIRECTION('',(1.,0.,-0.));
#13290 = ADVANCED_FACE('',(#13291),#13309,.T.);
#13291 = FACE_BOUND('',#13292,.T.);
#13292 = EDGE_LOOP('',(#13293,#13301,#13307,#13308));
#13293 = ORIENTED_EDGE('',*,*,#13294,.F.);
#13294 = EDGE_CURVE('',#13295,#13210,#13297,.T.);
#13295 = VERTEX_POINT('',#13296);
#13296 = CARTESIAN_POINT('',(-0.883,24.,35.));
#13297 = LINE('',#13298,#13299);
#13298 = CARTESIAN_POINT('',(-0.883,24.,35.));
#13299 = VECTOR('',#13300,1.);
#13300 = DIRECTION('',(1.,0.,-0.));
#13301 = ORIENTED_EDGE('',*,*,#13302,.T.);
#13302 = EDGE_CURVE('',#13295,#13271,#13303,.T.);
#13303 = LINE('',#13304,#13305);
#13304 = CARTESIAN_POINT('',(-0.883,24.,35.));
#13305 = VECTOR('',#13306,1.);
#13306 = DIRECTION('',(0.,0.,1.));
#13307 = ORIENTED_EDGE('',*,*,#13280,.T.);
#13308 = ORIENTED_EDGE('',*,*,#13217,.F.);
#13309 = PLANE('',#13310);
#13310 = AXIS2_PLACEMENT_3D('',#13311,#13312,#13313);
#13311 = CARTESIAN_POINT('',(-0.883,24.,35.));
#13312 = DIRECTION('',(-0.,1.,0.));
#13313 = DIRECTION('',(0.,0.,1.));
#13314 = ADVANCED_FACE('',(#13315),#13326,.F.);
#13315 = FACE_BOUND('',#13316,.F.);
#13316 = EDGE_LOOP('',(#13317,#13323,#13324,#13325));
#13317 = ORIENTED_EDGE('',*,*,#13318,.F.);
#13318 = EDGE_CURVE('',#13240,#13295,#13319,.T.);
#13319 = LINE('',#13320,#13321);
#13320 = CARTESIAN_POINT('',(-0.883,16.,35.));
#13321 = VECTOR('',#13322,1.);
#13322 = DIRECTION('',(-0.,1.,0.));
#13323 = ORIENTED_EDGE('',*,*,#13239,.T.);
#13324 = ORIENTED_EDGE('',*,*,#13209,.T.);
#13325 = ORIENTED_EDGE('',*,*,#13294,.F.);
#13326 = PLANE('',#13327);
#13327 = AXIS2_PLACEMENT_3D('',#13328,#13329,#13330);
#13328 = CARTESIAN_POINT('',(-0.883,16.,35.));
#13329 = DIRECTION('',(0.,0.,1.));
#13330 = DIRECTION('',(1.,0.,-0.));
#13331 = ADVANCED_FACE('',(#13332),#13338,.F.);
#13332 = FACE_BOUND('',#13333,.F.);
#13333 = EDGE_LOOP('',(#13334,#13335,#13336,#13337));
#13334 = ORIENTED_EDGE('',*,*,#13247,.F.);
#13335 = ORIENTED_EDGE('',*,*,#13318,.T.);
#13336 = ORIENTED_EDGE('',*,*,#13302,.T.);
#13337 = ORIENTED_EDGE('',*,*,#13270,.F.);
#13338 = PLANE('',#13339);
#13339 = AXIS2_PLACEMENT_3D('',#13340,#13341,#13342);
#13340 = CARTESIAN_POINT('',(-0.883,16.,35.));
#13341 = DIRECTION('',(1.,0.,-0.));
#13342 = DIRECTION('',(0.,0.,1.));
#13343 = MANIFOLD_SOLID_BREP('',#13344);
#13344 = CLOSED_SHELL('',(#13345,#13385,#13416,#13440,#13464,#13481));
#13345 = ADVANCED_FACE('',(#13346),#13380,.T.);
#13346 = FACE_BOUND('',#13347,.T.);
#13347 = EDGE_LOOP('',(#13348,#13358,#13366,#13374));
#13348 = ORIENTED_EDGE('',*,*,#13349,.F.);
#13349 = EDGE_CURVE('',#13350,#13352,#13354,.T.);
#13350 = VERTEX_POINT('',#13351);
#13351 = CARTESIAN_POINT('',(-8.3E-02,61.,35.));
#13352 = VERTEX_POINT('',#13353);
#13353 = CARTESIAN_POINT('',(-8.3E-02,61.,36.));
#13354 = LINE('',#13355,#13356);
#13355 = CARTESIAN_POINT('',(-8.3E-02,61.,35.));
#13356 = VECTOR('',#13357,1.);
#13357 = DIRECTION('',(0.,0.,1.));
#13358 = ORIENTED_EDGE('',*,*,#13359,.T.);
#13359 = EDGE_CURVE('',#13350,#13360,#13362,.T.);
#13360 = VERTEX_POINT('',#13361);
#13361 = CARTESIAN_POINT('',(-8.3E-02,69.,35.));
#13362 = LINE('',#13363,#13364);
#13363 = CARTESIAN_POINT('',(-8.3E-02,61.,35.));
#13364 = VECTOR('',#13365,1.);
#13365 = DIRECTION('',(-0.,1.,0.));
#13366 = ORIENTED_EDGE('',*,*,#13367,.T.);
#13367 = EDGE_CURVE('',#13360,#13368,#13370,.T.);
#13368 = VERTEX_POINT('',#13369);
#13369 = CARTESIAN_POINT('',(-8.3E-02,69.,36.));
#13370 = LINE('',#13371,#13372);
#13371 = CARTESIAN_POINT('',(-8.3E-02,69.,35.));
#13372 = VECTOR('',#13373,1.);
#13373 = DIRECTION('',(0.,0.,1.));
#13374 = ORIENTED_EDGE('',*,*,#13375,.F.);
#13375 = EDGE_CURVE('',#13352,#13368,#13376,.T.);
#13376 = LINE('',#13377,#13378);
#13377 = CARTESIAN_POINT('',(-8.3E-02,61.,36.));
#13378 = VECTOR('',#13379,1.);
#13379 = DIRECTION('',(-0.,1.,0.));
#13380 = PLANE('',#13381);
#13381 = AXIS2_PLACEMENT_3D('',#13382,#13383,#13384);
#13382 = CARTESIAN_POINT('',(-8.3E-02,61.,35.));
#13383 = DIRECTION('',(1.,0.,-0.));
#13384 = DIRECTION('',(0.,0.,1.));
#13385 = ADVANCED_FACE('',(#13386),#13411,.F.);
#13386 = FACE_BOUND('',#13387,.F.);
#13387 = EDGE_LOOP('',(#13388,#13396,#13404,#13410));
#13388 = ORIENTED_EDGE('',*,*,#13389,.F.);
#13389 = EDGE_CURVE('',#13390,#13350,#13392,.T.);
#13390 = VERTEX_POINT('',#13391);
#13391 = CARTESIAN_POINT('',(-0.883,61.,35.));
#13392 = LINE('',#13393,#13394);
#13393 = CARTESIAN_POINT('',(-0.883,61.,35.));
#13394 = VECTOR('',#13395,1.);
#13395 = DIRECTION('',(1.,0.,-0.));
#13396 = ORIENTED_EDGE('',*,*,#13397,.T.);
#13397 = EDGE_CURVE('',#13390,#13398,#13400,.T.);
#13398 = VERTEX_POINT('',#13399);
#13399 = CARTESIAN_POINT('',(-0.883,61.,36.));
#13400 = LINE('',#13401,#13402);
#13401 = CARTESIAN_POINT('',(-0.883,61.,35.));
#13402 = VECTOR('',#13403,1.);
#13403 = DIRECTION('',(0.,0.,1.));
#13404 = ORIENTED_EDGE('',*,*,#13405,.T.);
#13405 = EDGE_CURVE('',#13398,#13352,#13406,.T.);
#13406 = LINE('',#13407,#13408);
#13407 = CARTESIAN_POINT('',(-0.883,61.,36.));
#13408 = VECTOR('',#13409,1.);
#13409 = DIRECTION('',(1.,0.,-0.));
#13410 = ORIENTED_EDGE('',*,*,#13349,.F.);
#13411 = PLANE('',#13412);
#13412 = AXIS2_PLACEMENT_3D('',#13413,#13414,#13415);
#13413 = CARTESIAN_POINT('',(-0.883,61.,35.));
#13414 = DIRECTION('',(-0.,1.,0.));
#13415 = DIRECTION('',(0.,0.,1.));
#13416 = ADVANCED_FACE('',(#13417),#13435,.T.);
#13417 = FACE_BOUND('',#13418,.T.);
#13418 = EDGE_LOOP('',(#13419,#13427,#13428,#13429));
#13419 = ORIENTED_EDGE('',*,*,#13420,.F.);
#13420 = EDGE_CURVE('',#13398,#13421,#13423,.T.);
#13421 = VERTEX_POINT('',#13422);
#13422 = CARTESIAN_POINT('',(-0.883,69.,36.));
#13423 = LINE('',#13424,#13425);
#13424 = CARTESIAN_POINT('',(-0.883,61.,36.));
#13425 = VECTOR('',#13426,1.);
#13426 = DIRECTION('',(-0.,1.,0.));
#13427 = ORIENTED_EDGE('',*,*,#13405,.T.);
#13428 = ORIENTED_EDGE('',*,*,#13375,.T.);
#13429 = ORIENTED_EDGE('',*,*,#13430,.F.);
#13430 = EDGE_CURVE('',#13421,#13368,#13431,.T.);
#13431 = LINE('',#13432,#13433);
#13432 = CARTESIAN_POINT('',(-0.883,69.,36.));
#13433 = VECTOR('',#13434,1.);
#13434 = DIRECTION('',(1.,0.,-0.));
#13435 = PLANE('',#13436);
#13436 = AXIS2_PLACEMENT_3D('',#13437,#13438,#13439);
#13437 = CARTESIAN_POINT('',(-0.883,61.,36.));
#13438 = DIRECTION('',(0.,0.,1.));
#13439 = DIRECTION('',(1.,0.,-0.));
#13440 = ADVANCED_FACE('',(#13441),#13459,.T.);
#13441 = FACE_BOUND('',#13442,.T.);
#13442 = EDGE_LOOP('',(#13443,#13451,#13457,#13458));
#13443 = ORIENTED_EDGE('',*,*,#13444,.F.);
#13444 = EDGE_CURVE('',#13445,#13360,#13447,.T.);
#13445 = VERTEX_POINT('',#13446);
#13446 = CARTESIAN_POINT('',(-0.883,69.,35.));
#13447 = LINE('',#13448,#13449);
#13448 = CARTESIAN_POINT('',(-0.883,69.,35.));
#13449 = VECTOR('',#13450,1.);
#13450 = DIRECTION('',(1.,0.,-0.));
#13451 = ORIENTED_EDGE('',*,*,#13452,.T.);
#13452 = EDGE_CURVE('',#13445,#13421,#13453,.T.);
#13453 = LINE('',#13454,#13455);
#13454 = CARTESIAN_POINT('',(-0.883,69.,35.));
#13455 = VECTOR('',#13456,1.);
#13456 = DIRECTION('',(0.,0.,1.));
#13457 = ORIENTED_EDGE('',*,*,#13430,.T.);
#13458 = ORIENTED_EDGE('',*,*,#13367,.F.);
#13459 = PLANE('',#13460);
#13460 = AXIS2_PLACEMENT_3D('',#13461,#13462,#13463);
#13461 = CARTESIAN_POINT('',(-0.883,69.,35.));
#13462 = DIRECTION('',(-0.,1.,0.));
#13463 = DIRECTION('',(0.,0.,1.));
#13464 = ADVANCED_FACE('',(#13465),#13476,.F.);
#13465 = FACE_BOUND('',#13466,.F.);
#13466 = EDGE_LOOP('',(#13467,#13473,#13474,#13475));
#13467 = ORIENTED_EDGE('',*,*,#13468,.F.);
#13468 = EDGE_CURVE('',#13390,#13445,#13469,.T.);
#13469 = LINE('',#13470,#13471);
#13470 = CARTESIAN_POINT('',(-0.883,61.,35.));
#13471 = VECTOR('',#13472,1.);
#13472 = DIRECTION('',(-0.,1.,0.));
#13473 = ORIENTED_EDGE('',*,*,#13389,.T.);
#13474 = ORIENTED_EDGE('',*,*,#13359,.T.);
#13475 = ORIENTED_EDGE('',*,*,#13444,.F.);
#13476 = PLANE('',#13477);
#13477 = AXIS2_PLACEMENT_3D('',#13478,#13479,#13480);
#13478 = CARTESIAN_POINT('',(-0.883,61.,35.));
#13479 = DIRECTION('',(0.,0.,1.));
#13480 = DIRECTION('',(1.,0.,-0.));
#13481 = ADVANCED_FACE('',(#13482),#13488,.F.);
#13482 = FACE_BOUND('',#13483,.F.);
#13483 = EDGE_LOOP('',(#13484,#13485,#13486,#13487));
#13484 = ORIENTED_EDGE('',*,*,#13397,.F.);
#13485 = ORIENTED_EDGE('',*,*,#13468,.T.);
#13486 = ORIENTED_EDGE('',*,*,#13452,.T.);
#13487 = ORIENTED_EDGE('',*,*,#13420,.F.);
#13488 = PLANE('',#13489);
#13489 = AXIS2_PLACEMENT_3D('',#13490,#13491,#13492);
#13490 = CARTESIAN_POINT('',(-0.883,61.,35.));
#13491 = DIRECTION('',(1.,0.,-0.));
#13492 = DIRECTION('',(0.,0.,1.));
#13493 = MANIFOLD_SOLID_BREP('',#13494);
#13494 = CLOSED_SHELL('',(#13495,#13537,#13561,#13571));
#13495 = ADVANCED_FACE('',(#13496),#13532,.T.);
#13496 = FACE_BOUND('',#13497,.T.);
#13497 = EDGE_LOOP('',(#13498,#13508,#13517,#13525));
#13498 = ORIENTED_EDGE('',*,*,#13499,.F.);
#13499 = EDGE_CURVE('',#13500,#13502,#13504,.T.);
#13500 = VERTEX_POINT('',#13501);
#13501 = CARTESIAN_POINT('',(5.417,31.774564394268,33.25));
#13502 = VERTEX_POINT('',#13503);
#13503 = CARTESIAN_POINT('',(5.42,31.774564394268,33.25));
#13504 = LINE('',#13505,#13506);
#13505 = CARTESIAN_POINT('',(-2.58,31.774564394268,33.25));
#13506 = VECTOR('',#13507,1.);
#13507 = DIRECTION('',(1.,0.,0.));
#13508 = ORIENTED_EDGE('',*,*,#13509,.T.);
#13509 = EDGE_CURVE('',#13500,#13510,#13512,.T.);
#13510 = VERTEX_POINT('',#13511);
#13511 = CARTESIAN_POINT('',(5.417,32.865435605732,33.25));
#13512 = CIRCLE('',#13513,0.6);
#13513 = AXIS2_PLACEMENT_3D('',#13514,#13515,#13516);
#13514 = CARTESIAN_POINT('',(5.417,32.32,33.));
#13515 = DIRECTION('',(1.,0.,0.));
#13516 = DIRECTION('',(-0.,0.,1.));
#13517 = ORIENTED_EDGE('',*,*,#13518,.T.);
#13518 = EDGE_CURVE('',#13510,#13519,#13521,.T.);
#13519 = VERTEX_POINT('',#13520);
#13520 = CARTESIAN_POINT('',(5.42,32.865435605732,33.25));
#13521 = LINE('',#13522,#13523);
#13522 = CARTESIAN_POINT('',(-2.58,32.865435605732,33.25));
#13523 = VECTOR('',#13524,1.);
#13524 = DIRECTION('',(1.,0.,0.));
#13525 = ORIENTED_EDGE('',*,*,#13526,.F.);
#13526 = EDGE_CURVE('',#13502,#13519,#13527,.T.);
#13527 = CIRCLE('',#13528,0.6);
#13528 = AXIS2_PLACEMENT_3D('',#13529,#13530,#13531);
#13529 = CARTESIAN_POINT('',(5.42,32.32,33.));
#13530 = DIRECTION('',(1.,0.,0.));
#13531 = DIRECTION('',(-0.,0.,1.));
#13532 = CYLINDRICAL_SURFACE('',#13533,0.6);
#13533 = AXIS2_PLACEMENT_3D('',#13534,#13535,#13536);
#13534 = CARTESIAN_POINT('',(-2.58,32.32,33.));
#13535 = DIRECTION('',(1.,0.,0.));
#13536 = DIRECTION('',(-0.,0.,1.));
#13537 = ADVANCED_FACE('',(#13538),#13556,.F.);
#13538 = FACE_BOUND('',#13539,.F.);
#13539 = EDGE_LOOP('',(#13540,#13547,#13548,#13555));
#13540 = ORIENTED_EDGE('',*,*,#13541,.T.);
#13541 = EDGE_CURVE('',#13500,#13510,#13542,.T.);
#13542 = CIRCLE('',#13543,0.6);
#13543 = AXIS2_PLACEMENT_3D('',#13544,#13545,#13546);
#13544 = CARTESIAN_POINT('',(5.417,32.32,33.5));
#13545 = DIRECTION('',(1.,0.,0.));
#13546 = DIRECTION('',(-0.,0.,1.));
#13547 = ORIENTED_EDGE('',*,*,#13518,.T.);
#13548 = ORIENTED_EDGE('',*,*,#13549,.F.);
#13549 = EDGE_CURVE('',#13502,#13519,#13550,.T.);
#13550 = CIRCLE('',#13551,0.6);
#13551 = AXIS2_PLACEMENT_3D('',#13552,#13553,#13554);
#13552 = CARTESIAN_POINT('',(5.42,32.32,33.5));
#13553 = DIRECTION('',(1.,0.,0.));
#13554 = DIRECTION('',(-0.,0.,1.));
#13555 = ORIENTED_EDGE('',*,*,#13499,.F.);
#13556 = CYLINDRICAL_SURFACE('',#13557,0.6);
#13557 = AXIS2_PLACEMENT_3D('',#13558,#13559,#13560);
#13558 = CARTESIAN_POINT('',(-2.58,32.32,33.5));
#13559 = DIRECTION('',(1.,0.,0.));
#13560 = DIRECTION('',(-0.,0.,1.));
#13561 = ADVANCED_FACE('',(#13562),#13566,.T.);
#13562 = FACE_BOUND('',#13563,.T.);
#13563 = EDGE_LOOP('',(#13564,#13565));
#13564 = ORIENTED_EDGE('',*,*,#13549,.F.);
#13565 = ORIENTED_EDGE('',*,*,#13526,.T.);
#13566 = PLANE('',#13567);
#13567 = AXIS2_PLACEMENT_3D('',#13568,#13569,#13570);
#13568 = CARTESIAN_POINT('',(5.42,32.32,33.));
#13569 = DIRECTION('',(1.,0.,0.));
#13570 = DIRECTION('',(-0.,0.,1.));
#13571 = ADVANCED_FACE('',(#13572),#13576,.F.);
#13572 = FACE_BOUND('',#13573,.F.);
#13573 = EDGE_LOOP('',(#13574,#13575));
#13574 = ORIENTED_EDGE('',*,*,#13541,.F.);
#13575 = ORIENTED_EDGE('',*,*,#13509,.T.);
#13576 = PLANE('',#13577);
#13577 = AXIS2_PLACEMENT_3D('',#13578,#13579,#13580);
#13578 = CARTESIAN_POINT('',(5.417,-32.98,31.));
#13579 = DIRECTION('',(1.,0.,-0.));
#13580 = DIRECTION('',(0.,0.,1.));
#13581 = MANIFOLD_SOLID_BREP('',#13582);
#13582 = CLOSED_SHELL('',(#13583,#13674,#13691,#13709));
#13583 = ADVANCED_FACE('',(#13584),#13669,.T.);
#13584 = FACE_BOUND('',#13585,.T.);
#13585 = EDGE_LOOP('',(#13586,#13597,#13646,#13654,#13663));
#13586 = ORIENTED_EDGE('',*,*,#13587,.F.);
#13587 = EDGE_CURVE('',#13588,#13590,#13592,.T.);
#13588 = VERTEX_POINT('',#13589);
#13589 = CARTESIAN_POINT('',(1.917004064008,32.918849343694,
    32.962858869733));
#13590 = VERTEX_POINT('',#13591);
#13591 = CARTESIAN_POINT('',(1.917,32.865435605732,33.25));
#13592 = CIRCLE('',#13593,0.6);
#13593 = AXIS2_PLACEMENT_3D('',#13594,#13595,#13596);
#13594 = CARTESIAN_POINT('',(1.917,32.32,33.));
#13595 = DIRECTION('',(1.,0.,0.));
#13596 = DIRECTION('',(-0.,0.,1.));
#13597 = ORIENTED_EDGE('',*,*,#13598,.T.);
#13598 = EDGE_CURVE('',#13588,#13599,#13601,.T.);
#13599 = VERTEX_POINT('',#13600);
#13600 = CARTESIAN_POINT('',(1.917004064008,31.774564366884,
    33.250000059746));
#13601 = B_SPLINE_CURVE_WITH_KNOTS('',8,(#13602,#13603,#13604,#13605,
    #13606,#13607,#13608,#13609,#13610,#13611,#13612,#13613,#13614,
    #13615,#13616,#13617,#13618,#13619,#13620,#13621,#13622,#13623,
    #13624,#13625,#13626,#13627,#13628,#13629,#13630,#13631,#13632,
    #13633,#13634,#13635,#13636,#13637,#13638,#13639,#13640,#13641,
    #13642,#13643,#13644,#13645),.UNSPECIFIED.,.F.,.F.,(9,7,7,7,7,7,9),(
    0.,0.177178889617,0.391063904463,0.539292443659,0.710500424463,
    0.817855472507,1.),.UNSPECIFIED.);
#13602 = CARTESIAN_POINT('',(1.917004064008,32.918849343694,
    32.962858869733));
#13603 = CARTESIAN_POINT('',(1.917004064008,32.915024340407,
    32.901185983333));
#13604 = CARTESIAN_POINT('',(1.917004064008,32.903937670392,
    32.839916680157));
#13605 = CARTESIAN_POINT('',(1.917004064008,32.885636591977,
    32.780122292348));
#13606 = CARTESIAN_POINT('',(1.917004064008,32.860375523752,
    32.722783066807));
#13607 = CARTESIAN_POINT('',(1.917004064008,32.82853645361,
    32.66881656018));
#13608 = CARTESIAN_POINT('',(1.917004064008,32.790641261037,
    32.61906920665));
#13609 = CARTESIAN_POINT('',(1.917004064008,32.747336001592,
    32.574320453692));
#13610 = CARTESIAN_POINT('',(1.917004064008,32.641678713632,
    32.488054423382));
#13611 = CARTESIAN_POINT('',(1.917004064008,32.577074193588,
    32.449001021822));
#13612 = CARTESIAN_POINT('',(1.917004064008,32.507136084918,
    32.419305163154));
#13613 = CARTESIAN_POINT('',(1.917004064008,32.433443639536,
    32.399834406477));
#13614 = CARTESIAN_POINT('',(1.917004064008,32.357671687493,
    32.39109450114));
#13615 = CARTESIAN_POINT('',(1.917004064008,32.281590636986,
    32.393229386744));
#13616 = CARTESIAN_POINT('',(1.917004064008,32.207066474351,
    32.406021193138));
#13617 = CARTESIAN_POINT('',(1.917004064008,32.086851740621,
    32.444739155665));
#13618 = CARTESIAN_POINT('',(1.917004064008,32.039201743272,
    32.465438356249));
#13619 = CARTESIAN_POINT('',(1.917004064008,31.993688399351,
    32.490790635265));
#13620 = CARTESIAN_POINT('',(1.917004064008,31.950840273389,
    32.520536317553));
#13621 = CARTESIAN_POINT('',(1.917004064008,31.911136867111,
    32.554353259701));
#13622 = CARTESIAN_POINT('',(1.917004064008,31.875008619442,
    32.591856850046));
#13623 = CARTESIAN_POINT('',(1.917004064008,31.842836906504,
    32.632600008671));
#13624 = CARTESIAN_POINT('',(1.917004064008,31.782748576842,
    32.726285887276));
#13625 = CARTESIAN_POINT('',(1.917004064008,31.756225849584,
    32.780193337502));
#13626 = CARTESIAN_POINT('',(1.917004064008,31.735920077823,
    32.836993385294));
#13627 = CARTESIAN_POINT('',(1.917004064008,31.722174838288,
    32.895840923497));
#13628 = CARTESIAN_POINT('',(1.917004064008,31.715209607177,
    32.955867158946));
#13629 = CARTESIAN_POINT('',(1.917004064008,31.715109318203,
    33.016181277474));
#13630 = CARTESIAN_POINT('',(1.917004064008,31.721835185555,
    33.075874880429));
#13631 = CARTESIAN_POINT('',(1.917004064008,31.743513376961,
    33.170476337855));
#13632 = CARTESIAN_POINT('',(1.917004064008,31.7544668002,
    33.206343422908));
#13633 = CARTESIAN_POINT('',(1.917004064008,31.767967751691,
    33.241397822928));
#13634 = CARTESIAN_POINT('',(1.917004064008,31.783945139274,
    33.275428205758));
#13635 = CARTESIAN_POINT('',(1.917004064008,31.802308143266,
    33.308233342952));
#13636 = CARTESIAN_POINT('',(1.917004064008,31.822946216461,
    33.339622109777));
#13637 = CARTESIAN_POINT('',(1.917004064008,31.845729084128,
    33.369413485212));
#13638 = CARTESIAN_POINT('',(1.917004064008,31.91254589573,
    33.444982040884));
#13639 = CARTESIAN_POINT('',(1.917004064008,31.960350427557,
    33.487467038205));
#13640 = CARTESIAN_POINT('',(1.917004064008,32.013169851961,
    33.524044215128));
#13641 = CARTESIAN_POINT('',(1.917004064008,32.070164777135,
    33.554028295923));
#13642 = CARTESIAN_POINT('',(1.917004064008,32.130406907006,
    33.57689605791));
#13643 = CARTESIAN_POINT('',(1.917004064008,32.192879041229,
    33.592286331462));
#13644 = CARTESIAN_POINT('',(1.917004064008,32.256475075189,33.6));
#13645 = CARTESIAN_POINT('',(1.917004064008,32.32,33.6));
#13646 = ORIENTED_EDGE('',*,*,#13647,.F.);
#13647 = EDGE_CURVE('',#13648,#13599,#13650,.T.);
#13648 = VERTEX_POINT('',#13649);
#13649 = CARTESIAN_POINT('',(-2.58,31.774564394268,33.25));
#13650 = LINE('',#13651,#13652);
#13651 = CARTESIAN_POINT('',(-2.58,31.774564394268,33.25));
#13652 = VECTOR('',#13653,1.);
#13653 = DIRECTION('',(1.,0.,0.));
#13654 = ORIENTED_EDGE('',*,*,#13655,.T.);
#13655 = EDGE_CURVE('',#13648,#13656,#13658,.T.);
#13656 = VERTEX_POINT('',#13657);
#13657 = CARTESIAN_POINT('',(-2.58,32.865435605732,33.25));
#13658 = CIRCLE('',#13659,0.6);
#13659 = AXIS2_PLACEMENT_3D('',#13660,#13661,#13662);
#13660 = CARTESIAN_POINT('',(-2.58,32.32,33.));
#13661 = DIRECTION('',(1.,0.,0.));
#13662 = DIRECTION('',(-0.,0.,1.));
#13663 = ORIENTED_EDGE('',*,*,#13664,.T.);
#13664 = EDGE_CURVE('',#13656,#13590,#13665,.T.);
#13665 = LINE('',#13666,#13667);
#13666 = CARTESIAN_POINT('',(-2.58,32.865435605732,33.25));
#13667 = VECTOR('',#13668,1.);
#13668 = DIRECTION('',(1.,0.,0.));
#13669 = CYLINDRICAL_SURFACE('',#13670,0.6);
#13670 = AXIS2_PLACEMENT_3D('',#13671,#13672,#13673);
#13671 = CARTESIAN_POINT('',(-2.58,32.32,33.));
#13672 = DIRECTION('',(1.,0.,0.));
#13673 = DIRECTION('',(-0.,0.,1.));
#13674 = ADVANCED_FACE('',(#13675),#13686,.T.);
#13675 = FACE_BOUND('',#13676,.T.);
#13676 = EDGE_LOOP('',(#13677,#13678,#13679));
#13677 = ORIENTED_EDGE('',*,*,#13598,.F.);
#13678 = ORIENTED_EDGE('',*,*,#13587,.T.);
#13679 = ORIENTED_EDGE('',*,*,#13680,.F.);
#13680 = EDGE_CURVE('',#13599,#13590,#13681,.T.);
#13681 = CIRCLE('',#13682,0.6);
#13682 = AXIS2_PLACEMENT_3D('',#13683,#13684,#13685);
#13683 = CARTESIAN_POINT('',(1.917,32.32,33.5));
#13684 = DIRECTION('',(1.,0.,0.));
#13685 = DIRECTION('',(-0.,0.,1.));
#13686 = PLANE('',#13687);
#13687 = AXIS2_PLACEMENT_3D('',#13688,#13689,#13690);
#13688 = CARTESIAN_POINT('',(1.917,-29.48,31.));
#13689 = DIRECTION('',(1.,0.,-0.));
#13690 = DIRECTION('',(0.,0.,1.));
#13691 = ADVANCED_FACE('',(#13692),#13704,.F.);
#13692 = FACE_BOUND('',#13693,.F.);
#13693 = EDGE_LOOP('',(#13694,#13695,#13702,#13703));
#13694 = ORIENTED_EDGE('',*,*,#13647,.F.);
#13695 = ORIENTED_EDGE('',*,*,#13696,.T.);
#13696 = EDGE_CURVE('',#13648,#13656,#13697,.T.);
#13697 = CIRCLE('',#13698,0.6);
#13698 = AXIS2_PLACEMENT_3D('',#13699,#13700,#13701);
#13699 = CARTESIAN_POINT('',(-2.58,32.32,33.5));
#13700 = DIRECTION('',(1.,0.,0.));
#13701 = DIRECTION('',(-0.,0.,1.));
#13702 = ORIENTED_EDGE('',*,*,#13664,.T.);
#13703 = ORIENTED_EDGE('',*,*,#13680,.F.);
#13704 = CYLINDRICAL_SURFACE('',#13705,0.6);
#13705 = AXIS2_PLACEMENT_3D('',#13706,#13707,#13708);
#13706 = CARTESIAN_POINT('',(-2.58,32.32,33.5));
#13707 = DIRECTION('',(1.,0.,0.));
#13708 = DIRECTION('',(-0.,0.,1.));
#13709 = ADVANCED_FACE('',(#13710),#13714,.F.);
#13710 = FACE_BOUND('',#13711,.F.);
#13711 = EDGE_LOOP('',(#13712,#13713));
#13712 = ORIENTED_EDGE('',*,*,#13696,.F.);
#13713 = ORIENTED_EDGE('',*,*,#13655,.T.);
#13714 = PLANE('',#13715);
#13715 = AXIS2_PLACEMENT_3D('',#13716,#13717,#13718);
#13716 = CARTESIAN_POINT('',(-2.58,32.32,33.));
#13717 = DIRECTION('',(1.,0.,0.));
#13718 = DIRECTION('',(-0.,0.,1.));
#13719 = MANIFOLD_SOLID_BREP('',#13720);
#13720 = CLOSED_SHELL('',(#13721,#13763,#13779,#13797));
#13721 = ADVANCED_FACE('',(#13722),#13758,.F.);
#13722 = FACE_BOUND('',#13723,.F.);
#13723 = EDGE_LOOP('',(#13724,#13735,#13743,#13752));
#13724 = ORIENTED_EDGE('',*,*,#13725,.T.);
#13725 = EDGE_CURVE('',#13726,#13728,#13730,.T.);
#13726 = VERTEX_POINT('',#13727);
#13727 = CARTESIAN_POINT('',(-95.262,31.774564394268,33.25));
#13728 = VERTEX_POINT('',#13729);
#13729 = CARTESIAN_POINT('',(-95.262,32.865435605732,33.25));
#13730 = CIRCLE('',#13731,0.6);
#13731 = AXIS2_PLACEMENT_3D('',#13732,#13733,#13734);
#13732 = CARTESIAN_POINT('',(-95.262,32.32,33.5));
#13733 = DIRECTION('',(1.,0.,0.));
#13734 = DIRECTION('',(-0.,0.,1.));
#13735 = ORIENTED_EDGE('',*,*,#13736,.T.);
#13736 = EDGE_CURVE('',#13728,#13737,#13739,.T.);
#13737 = VERTEX_POINT('',#13738);
#13738 = CARTESIAN_POINT('',(-90.76,32.865435605732,33.25));
#13739 = LINE('',#13740,#13741);
#13740 = CARTESIAN_POINT('',(-98.76,32.865435605732,33.25));
#13741 = VECTOR('',#13742,1.);
#13742 = DIRECTION('',(1.,0.,0.));
#13743 = ORIENTED_EDGE('',*,*,#13744,.F.);
#13744 = EDGE_CURVE('',#13745,#13737,#13747,.T.);
#13745 = VERTEX_POINT('',#13746);
#13746 = CARTESIAN_POINT('',(-90.76,31.774564394268,33.25));
#13747 = CIRCLE('',#13748,0.6);
#13748 = AXIS2_PLACEMENT_3D('',#13749,#13750,#13751);
#13749 = CARTESIAN_POINT('',(-90.76,32.32,33.5));
#13750 = DIRECTION('',(1.,0.,0.));
#13751 = DIRECTION('',(-0.,0.,1.));
#13752 = ORIENTED_EDGE('',*,*,#13753,.F.);
#13753 = EDGE_CURVE('',#13726,#13745,#13754,.T.);
#13754 = LINE('',#13755,#13756);
#13755 = CARTESIAN_POINT('',(-98.76,31.774564394268,33.25));
#13756 = VECTOR('',#13757,1.);
#13757 = DIRECTION('',(1.,0.,0.));
#13758 = CYLINDRICAL_SURFACE('',#13759,0.6);
#13759 = AXIS2_PLACEMENT_3D('',#13760,#13761,#13762);
#13760 = CARTESIAN_POINT('',(-98.76,32.32,33.5));
#13761 = DIRECTION('',(1.,0.,0.));
#13762 = DIRECTION('',(-0.,0.,1.));
#13763 = ADVANCED_FACE('',(#13764),#13774,.F.);
#13764 = FACE_BOUND('',#13765,.F.);
#13765 = EDGE_LOOP('',(#13766,#13767));
#13766 = ORIENTED_EDGE('',*,*,#13725,.F.);
#13767 = ORIENTED_EDGE('',*,*,#13768,.T.);
#13768 = EDGE_CURVE('',#13726,#13728,#13769,.T.);
#13769 = CIRCLE('',#13770,0.6);
#13770 = AXIS2_PLACEMENT_3D('',#13771,#13772,#13773);
#13771 = CARTESIAN_POINT('',(-95.262,32.32,33.));
#13772 = DIRECTION('',(1.,0.,0.));
#13773 = DIRECTION('',(-0.,0.,1.));
#13774 = PLANE('',#13775);
#13775 = AXIS2_PLACEMENT_3D('',#13776,#13777,#13778);
#13776 = CARTESIAN_POINT('',(-95.262,-29.48,31.));
#13777 = DIRECTION('',(1.,0.,-0.));
#13778 = DIRECTION('',(0.,0.,1.));
#13779 = ADVANCED_FACE('',(#13780),#13792,.T.);
#13780 = FACE_BOUND('',#13781,.T.);
#13781 = EDGE_LOOP('',(#13782,#13783,#13784,#13791));
#13782 = ORIENTED_EDGE('',*,*,#13768,.T.);
#13783 = ORIENTED_EDGE('',*,*,#13736,.T.);
#13784 = ORIENTED_EDGE('',*,*,#13785,.F.);
#13785 = EDGE_CURVE('',#13745,#13737,#13786,.T.);
#13786 = CIRCLE('',#13787,0.6);
#13787 = AXIS2_PLACEMENT_3D('',#13788,#13789,#13790);
#13788 = CARTESIAN_POINT('',(-90.76,32.32,33.));
#13789 = DIRECTION('',(1.,0.,0.));
#13790 = DIRECTION('',(-0.,0.,1.));
#13791 = ORIENTED_EDGE('',*,*,#13753,.F.);
#13792 = CYLINDRICAL_SURFACE('',#13793,0.6);
#13793 = AXIS2_PLACEMENT_3D('',#13794,#13795,#13796);
#13794 = CARTESIAN_POINT('',(-98.76,32.32,33.));
#13795 = DIRECTION('',(1.,0.,0.));
#13796 = DIRECTION('',(-0.,0.,1.));
#13797 = ADVANCED_FACE('',(#13798),#13802,.T.);
#13798 = FACE_BOUND('',#13799,.T.);
#13799 = EDGE_LOOP('',(#13800,#13801));
#13800 = ORIENTED_EDGE('',*,*,#13744,.F.);
#13801 = ORIENTED_EDGE('',*,*,#13785,.T.);
#13802 = PLANE('',#13803);
#13803 = AXIS2_PLACEMENT_3D('',#13804,#13805,#13806);
#13804 = CARTESIAN_POINT('',(-90.76,32.32,33.));
#13805 = DIRECTION('',(1.,0.,0.));
#13806 = DIRECTION('',(-0.,0.,1.));
#13807 = MANIFOLD_SOLID_BREP('',#13808);
#13808 = CLOSED_SHELL('',(#13809,#13842,#13862,#13882));
#13809 = ADVANCED_FACE('',(#13810),#13837,.T.);
#13810 = FACE_BOUND('',#13811,.T.);
#13811 = EDGE_LOOP('',(#13812,#13821,#13829,#13836));
#13812 = ORIENTED_EDGE('',*,*,#13813,.F.);
#13813 = EDGE_CURVE('',#13814,#13814,#13816,.T.);
#13814 = VERTEX_POINT('',#13815);
#13815 = CARTESIAN_POINT('',(-101.762,-3.8,36.));
#13816 = CIRCLE('',#13817,3.);
#13817 = AXIS2_PLACEMENT_3D('',#13818,#13819,#13820);
#13818 = CARTESIAN_POINT('',(-101.762,-3.8,33.));
#13819 = DIRECTION('',(0.,1.,0.));
#13820 = DIRECTION('',(0.,-0.,1.));
#13821 = ORIENTED_EDGE('',*,*,#13822,.F.);
#13822 = EDGE_CURVE('',#13823,#13814,#13825,.T.);
#13823 = VERTEX_POINT('',#13824);
#13824 = CARTESIAN_POINT('',(-101.762,-27.48,36.));
#13825 = LINE('',#13826,#13827);
#13826 = CARTESIAN_POINT('',(-101.762,-27.48,36.));
#13827 = VECTOR('',#13828,1.);
#13828 = DIRECTION('',(0.,1.,0.));
#13829 = ORIENTED_EDGE('',*,*,#13830,.T.);
#13830 = EDGE_CURVE('',#13823,#13823,#13831,.T.);
#13831 = CIRCLE('',#13832,3.);
#13832 = AXIS2_PLACEMENT_3D('',#13833,#13834,#13835);
#13833 = CARTESIAN_POINT('',(-101.762,-27.48,33.));
#13834 = DIRECTION('',(0.,1.,0.));
#13835 = DIRECTION('',(0.,-0.,1.));
#13836 = ORIENTED_EDGE('',*,*,#13822,.T.);
#13837 = CYLINDRICAL_SURFACE('',#13838,3.);
#13838 = AXIS2_PLACEMENT_3D('',#13839,#13840,#13841);
#13839 = CARTESIAN_POINT('',(-101.762,-27.48,33.));
#13840 = DIRECTION('',(0.,1.,0.));
#13841 = DIRECTION('',(0.,-0.,1.));
#13842 = ADVANCED_FACE('',(#13843,#13846),#13857,.T.);
#13843 = FACE_BOUND('',#13844,.T.);
#13844 = EDGE_LOOP('',(#13845));
#13845 = ORIENTED_EDGE('',*,*,#13813,.T.);
#13846 = FACE_BOUND('',#13847,.T.);
#13847 = EDGE_LOOP('',(#13848));
#13848 = ORIENTED_EDGE('',*,*,#13849,.F.);
#13849 = EDGE_CURVE('',#13850,#13850,#13852,.T.);
#13850 = VERTEX_POINT('',#13851);
#13851 = CARTESIAN_POINT('',(-101.762,-3.8,34.));
#13852 = CIRCLE('',#13853,1.);
#13853 = AXIS2_PLACEMENT_3D('',#13854,#13855,#13856);
#13854 = CARTESIAN_POINT('',(-101.762,-3.8,33.));
#13855 = DIRECTION('',(0.,1.,0.));
#13856 = DIRECTION('',(0.,-0.,1.));
#13857 = PLANE('',#13858);
#13858 = AXIS2_PLACEMENT_3D('',#13859,#13860,#13861);
#13859 = CARTESIAN_POINT('',(-101.762,-3.8,33.));
#13860 = DIRECTION('',(0.,1.,0.));
#13861 = DIRECTION('',(0.,-0.,1.));
#13862 = ADVANCED_FACE('',(#13863,#13866),#13877,.F.);
#13863 = FACE_BOUND('',#13864,.F.);
#13864 = EDGE_LOOP('',(#13865));
#13865 = ORIENTED_EDGE('',*,*,#13830,.T.);
#13866 = FACE_BOUND('',#13867,.F.);
#13867 = EDGE_LOOP('',(#13868));
#13868 = ORIENTED_EDGE('',*,*,#13869,.F.);
#13869 = EDGE_CURVE('',#13870,#13870,#13872,.T.);
#13870 = VERTEX_POINT('',#13871);
#13871 = CARTESIAN_POINT('',(-101.762,-27.48,34.));
#13872 = CIRCLE('',#13873,1.);
#13873 = AXIS2_PLACEMENT_3D('',#13874,#13875,#13876);
#13874 = CARTESIAN_POINT('',(-101.762,-27.48,33.));
#13875 = DIRECTION('',(0.,1.,0.));
#13876 = DIRECTION('',(0.,-0.,1.));
#13877 = PLANE('',#13878);
#13878 = AXIS2_PLACEMENT_3D('',#13879,#13880,#13881);
#13879 = CARTESIAN_POINT('',(-101.762,-27.48,33.));
#13880 = DIRECTION('',(0.,1.,0.));
#13881 = DIRECTION('',(0.,-0.,1.));
#13882 = ADVANCED_FACE('',(#13883),#13894,.F.);
#13883 = FACE_BOUND('',#13884,.F.);
#13884 = EDGE_LOOP('',(#13885,#13886,#13892,#13893));
#13885 = ORIENTED_EDGE('',*,*,#13849,.F.);
#13886 = ORIENTED_EDGE('',*,*,#13887,.F.);
#13887 = EDGE_CURVE('',#13870,#13850,#13888,.T.);
#13888 = LINE('',#13889,#13890);
#13889 = CARTESIAN_POINT('',(-101.762,-29.48,34.));
#13890 = VECTOR('',#13891,1.);
#13891 = DIRECTION('',(0.,1.,0.));
#13892 = ORIENTED_EDGE('',*,*,#13869,.T.);
#13893 = ORIENTED_EDGE('',*,*,#13887,.T.);
#13894 = CYLINDRICAL_SURFACE('',#13895,1.);
#13895 = AXIS2_PLACEMENT_3D('',#13896,#13897,#13898);
#13896 = CARTESIAN_POINT('',(-101.762,-29.48,33.));
#13897 = DIRECTION('',(0.,1.,0.));
#13898 = DIRECTION('',(0.,-0.,1.));
#13899 = MANIFOLD_SOLID_BREP('',#13900);
#13900 = CLOSED_SHELL('',(#13901,#13934,#13954,#13974));
#13901 = ADVANCED_FACE('',(#13902),#13929,.T.);
#13902 = FACE_BOUND('',#13903,.T.);
#13903 = EDGE_LOOP('',(#13904,#13913,#13921,#13928));
#13904 = ORIENTED_EDGE('',*,*,#13905,.F.);
#13905 = EDGE_CURVE('',#13906,#13906,#13908,.T.);
#13906 = VERTEX_POINT('',#13907);
#13907 = CARTESIAN_POINT('',(-101.762,44.16,36.));
#13908 = CIRCLE('',#13909,3.);
#13909 = AXIS2_PLACEMENT_3D('',#13910,#13911,#13912);
#13910 = CARTESIAN_POINT('',(-101.762,44.16,33.));
#13911 = DIRECTION('',(0.,1.,0.));
#13912 = DIRECTION('',(0.,-0.,1.));
#13913 = ORIENTED_EDGE('',*,*,#13914,.F.);
#13914 = EDGE_CURVE('',#13915,#13906,#13917,.T.);
#13915 = VERTEX_POINT('',#13916);
#13916 = CARTESIAN_POINT('',(-101.762,20.48,36.));
#13917 = LINE('',#13918,#13919);
#13918 = CARTESIAN_POINT('',(-101.762,20.48,36.));
#13919 = VECTOR('',#13920,1.);
#13920 = DIRECTION('',(0.,1.,0.));
#13921 = ORIENTED_EDGE('',*,*,#13922,.T.);
#13922 = EDGE_CURVE('',#13915,#13915,#13923,.T.);
#13923 = CIRCLE('',#13924,3.);
#13924 = AXIS2_PLACEMENT_3D('',#13925,#13926,#13927);
#13925 = CARTESIAN_POINT('',(-101.762,20.48,33.));
#13926 = DIRECTION('',(0.,1.,0.));
#13927 = DIRECTION('',(0.,-0.,1.));
#13928 = ORIENTED_EDGE('',*,*,#13914,.T.);
#13929 = CYLINDRICAL_SURFACE('',#13930,3.);
#13930 = AXIS2_PLACEMENT_3D('',#13931,#13932,#13933);
#13931 = CARTESIAN_POINT('',(-101.762,20.48,33.));
#13932 = DIRECTION('',(0.,1.,0.));
#13933 = DIRECTION('',(0.,-0.,1.));
#13934 = ADVANCED_FACE('',(#13935,#13938),#13949,.T.);
#13935 = FACE_BOUND('',#13936,.T.);
#13936 = EDGE_LOOP('',(#13937));
#13937 = ORIENTED_EDGE('',*,*,#13905,.T.);
#13938 = FACE_BOUND('',#13939,.T.);
#13939 = EDGE_LOOP('',(#13940));
#13940 = ORIENTED_EDGE('',*,*,#13941,.F.);
#13941 = EDGE_CURVE('',#13942,#13942,#13944,.T.);
#13942 = VERTEX_POINT('',#13943);
#13943 = CARTESIAN_POINT('',(-101.762,44.16,34.));
#13944 = CIRCLE('',#13945,1.);
#13945 = AXIS2_PLACEMENT_3D('',#13946,#13947,#13948);
#13946 = CARTESIAN_POINT('',(-101.762,44.16,33.));
#13947 = DIRECTION('',(0.,1.,0.));
#13948 = DIRECTION('',(0.,-0.,1.));
#13949 = PLANE('',#13950);
#13950 = AXIS2_PLACEMENT_3D('',#13951,#13952,#13953);
#13951 = CARTESIAN_POINT('',(-101.762,44.16,33.));
#13952 = DIRECTION('',(0.,1.,0.));
#13953 = DIRECTION('',(0.,-0.,1.));
#13954 = ADVANCED_FACE('',(#13955,#13958),#13969,.F.);
#13955 = FACE_BOUND('',#13956,.F.);
#13956 = EDGE_LOOP('',(#13957));
#13957 = ORIENTED_EDGE('',*,*,#13922,.T.);
#13958 = FACE_BOUND('',#13959,.F.);
#13959 = EDGE_LOOP('',(#13960));
#13960 = ORIENTED_EDGE('',*,*,#13961,.F.);
#13961 = EDGE_CURVE('',#13962,#13962,#13964,.T.);
#13962 = VERTEX_POINT('',#13963);
#13963 = CARTESIAN_POINT('',(-101.762,20.48,34.));
#13964 = CIRCLE('',#13965,1.);
#13965 = AXIS2_PLACEMENT_3D('',#13966,#13967,#13968);
#13966 = CARTESIAN_POINT('',(-101.762,20.48,33.));
#13967 = DIRECTION('',(0.,1.,0.));
#13968 = DIRECTION('',(0.,-0.,1.));
#13969 = PLANE('',#13970);
#13970 = AXIS2_PLACEMENT_3D('',#13971,#13972,#13973);
#13971 = CARTESIAN_POINT('',(-101.762,20.48,33.));
#13972 = DIRECTION('',(0.,1.,0.));
#13973 = DIRECTION('',(0.,-0.,1.));
#13974 = ADVANCED_FACE('',(#13975),#13986,.F.);
#13975 = FACE_BOUND('',#13976,.F.);
#13976 = EDGE_LOOP('',(#13977,#13978,#13984,#13985));
#13977 = ORIENTED_EDGE('',*,*,#13941,.F.);
#13978 = ORIENTED_EDGE('',*,*,#13979,.F.);
#13979 = EDGE_CURVE('',#13962,#13942,#13980,.T.);
#13980 = LINE('',#13981,#13982);
#13981 = CARTESIAN_POINT('',(-101.762,-29.48,34.));
#13982 = VECTOR('',#13983,1.);
#13983 = DIRECTION('',(0.,1.,0.));
#13984 = ORIENTED_EDGE('',*,*,#13961,.T.);
#13985 = ORIENTED_EDGE('',*,*,#13979,.T.);
#13986 = CYLINDRICAL_SURFACE('',#13987,1.);
#13987 = AXIS2_PLACEMENT_3D('',#13988,#13989,#13990);
#13988 = CARTESIAN_POINT('',(-101.762,-29.48,33.));
#13989 = DIRECTION('',(0.,1.,0.));
#13990 = DIRECTION('',(0.,-0.,1.));
#13991 = MANIFOLD_SOLID_BREP('',#13992);
#13992 = CLOSED_SHELL('',(#13993,#14026,#14046,#14066));
#13993 = ADVANCED_FACE('',(#13994),#14021,.T.);
#13994 = FACE_BOUND('',#13995,.T.);
#13995 = EDGE_LOOP('',(#13996,#14005,#14013,#14020));
#13996 = ORIENTED_EDGE('',*,*,#13997,.F.);
#13997 = EDGE_CURVE('',#13998,#13998,#14000,.T.);
#13998 = VERTEX_POINT('',#13999);
#13999 = CARTESIAN_POINT('',(-101.762,92.12,36.));
#14000 = CIRCLE('',#14001,3.);
#14001 = AXIS2_PLACEMENT_3D('',#14002,#14003,#14004);
#14002 = CARTESIAN_POINT('',(-101.762,92.12,33.));
#14003 = DIRECTION('',(0.,1.,0.));
#14004 = DIRECTION('',(0.,-0.,1.));
#14005 = ORIENTED_EDGE('',*,*,#14006,.F.);
#14006 = EDGE_CURVE('',#14007,#13998,#14009,.T.);
#14007 = VERTEX_POINT('',#14008);
#14008 = CARTESIAN_POINT('',(-101.762,68.44,36.));
#14009 = LINE('',#14010,#14011);
#14010 = CARTESIAN_POINT('',(-101.762,68.44,36.));
#14011 = VECTOR('',#14012,1.);
#14012 = DIRECTION('',(0.,1.,0.));
#14013 = ORIENTED_EDGE('',*,*,#14014,.T.);
#14014 = EDGE_CURVE('',#14007,#14007,#14015,.T.);
#14015 = CIRCLE('',#14016,3.);
#14016 = AXIS2_PLACEMENT_3D('',#14017,#14018,#14019);
#14017 = CARTESIAN_POINT('',(-101.762,68.44,33.));
#14018 = DIRECTION('',(0.,1.,0.));
#14019 = DIRECTION('',(0.,-0.,1.));
#14020 = ORIENTED_EDGE('',*,*,#14006,.T.);
#14021 = CYLINDRICAL_SURFACE('',#14022,3.);
#14022 = AXIS2_PLACEMENT_3D('',#14023,#14024,#14025);
#14023 = CARTESIAN_POINT('',(-101.762,68.44,33.));
#14024 = DIRECTION('',(0.,1.,0.));
#14025 = DIRECTION('',(0.,-0.,1.));
#14026 = ADVANCED_FACE('',(#14027,#14030),#14041,.T.);
#14027 = FACE_BOUND('',#14028,.T.);
#14028 = EDGE_LOOP('',(#14029));
#14029 = ORIENTED_EDGE('',*,*,#13997,.T.);
#14030 = FACE_BOUND('',#14031,.T.);
#14031 = EDGE_LOOP('',(#14032));
#14032 = ORIENTED_EDGE('',*,*,#14033,.F.);
#14033 = EDGE_CURVE('',#14034,#14034,#14036,.T.);
#14034 = VERTEX_POINT('',#14035);
#14035 = CARTESIAN_POINT('',(-101.762,92.12,34.));
#14036 = CIRCLE('',#14037,1.);
#14037 = AXIS2_PLACEMENT_3D('',#14038,#14039,#14040);
#14038 = CARTESIAN_POINT('',(-101.762,92.12,33.));
#14039 = DIRECTION('',(0.,1.,0.));
#14040 = DIRECTION('',(0.,-0.,1.));
#14041 = PLANE('',#14042);
#14042 = AXIS2_PLACEMENT_3D('',#14043,#14044,#14045);
#14043 = CARTESIAN_POINT('',(-101.762,92.12,33.));
#14044 = DIRECTION('',(0.,1.,0.));
#14045 = DIRECTION('',(0.,-0.,1.));
#14046 = ADVANCED_FACE('',(#14047,#14050),#14061,.F.);
#14047 = FACE_BOUND('',#14048,.F.);
#14048 = EDGE_LOOP('',(#14049));
#14049 = ORIENTED_EDGE('',*,*,#14014,.T.);
#14050 = FACE_BOUND('',#14051,.F.);
#14051 = EDGE_LOOP('',(#14052));
#14052 = ORIENTED_EDGE('',*,*,#14053,.F.);
#14053 = EDGE_CURVE('',#14054,#14054,#14056,.T.);
#14054 = VERTEX_POINT('',#14055);
#14055 = CARTESIAN_POINT('',(-101.762,68.44,34.));
#14056 = CIRCLE('',#14057,1.);
#14057 = AXIS2_PLACEMENT_3D('',#14058,#14059,#14060);
#14058 = CARTESIAN_POINT('',(-101.762,68.44,33.));
#14059 = DIRECTION('',(0.,1.,0.));
#14060 = DIRECTION('',(0.,-0.,1.));
#14061 = PLANE('',#14062);
#14062 = AXIS2_PLACEMENT_3D('',#14063,#14064,#14065);
#14063 = CARTESIAN_POINT('',(-101.762,68.44,33.));
#14064 = DIRECTION('',(0.,1.,0.));
#14065 = DIRECTION('',(0.,-0.,1.));
#14066 = ADVANCED_FACE('',(#14067),#14078,.F.);
#14067 = FACE_BOUND('',#14068,.F.);
#14068 = EDGE_LOOP('',(#14069,#14070,#14076,#14077));
#14069 = ORIENTED_EDGE('',*,*,#14033,.F.);
#14070 = ORIENTED_EDGE('',*,*,#14071,.F.);
#14071 = EDGE_CURVE('',#14054,#14034,#14072,.T.);
#14072 = LINE('',#14073,#14074);
#14073 = CARTESIAN_POINT('',(-101.762,-29.48,34.));
#14074 = VECTOR('',#14075,1.);
#14075 = DIRECTION('',(0.,1.,0.));
#14076 = ORIENTED_EDGE('',*,*,#14053,.T.);
#14077 = ORIENTED_EDGE('',*,*,#14071,.T.);
#14078 = CYLINDRICAL_SURFACE('',#14079,1.);
#14079 = AXIS2_PLACEMENT_3D('',#14080,#14081,#14082);
#14080 = CARTESIAN_POINT('',(-101.762,-29.48,33.));
#14081 = DIRECTION('',(0.,1.,0.));
#14082 = DIRECTION('',(0.,-0.,1.));
#14083 = ( GEOMETRIC_REPRESENTATION_CONTEXT(3) 
GLOBAL_UNCERTAINTY_ASSIGNED_CONTEXT((#14087)) 
GLOBAL_UNIT_ASSIGNED_CONTEXT((#14084,#14085,#14086)) 
REPRESENTATION_CONTEXT('Context #1',
  '3D Context with UNIT and UNCERTAINTY') );
#14084 = ( LENGTH_UNIT() NAMED_UNIT(*) SI_UNIT(.MILLI.,.METRE.) );
#14085 = ( NAMED_UNIT(*) PLANE_ANGLE_UNIT() SI_UNIT($,.RADIAN.) );
#14086 = ( NAMED_UNIT(*) SI_UNIT($,.STERADIAN.) SOLID_ANGLE_UNIT() );
#14087 = UNCERTAINTY_MEASURE_WITH_UNIT(LENGTH_MEASURE(5.E-06),#14084,
  'distance_accuracy_value','confusion accuracy');
#14088 = PRODUCT_RELATED_PRODUCT_CATEGORY('part',$,(#7));
ENDSEC;
END-ISO-10303-21;
