ISO-10303-21;
HEADER;
FILE_DESCRIPTION(('FreeCAD Model'),'2;1');
FILE_NAME('Open CASCADE Shape Model','2026-02-21T10:18:56',('FreeCAD'),(
    'FreeCAD'),'Open CASCADE STEP processor 7.8','FreeCAD','Unknown');
FILE_SCHEMA(('AUTOMOTIVE_DESIGN { 1 0 10303 214 1 1 1 1 }'));
ENDSEC;
DATA;
#1 = APPLICATION_PROTOCOL_DEFINITION('international standard',
  'automotive_design',2000,#2);
#2 = APPLICATION_CONTEXT(
  'core data for automotive mechanical design processes');
#3 = SHAPE_DEFINITION_REPRESENTATION(#4,#10);
#4 = PRODUCT_DEFINITION_SHAPE('','',#5);
#5 = PRODUCT_DEFINITION('design','',#6,#9);
#6 = PRODUCT_DEFINITION_FORMATION('','',#7);
#7 = PRODUCT('Open CASCADE STEP translator 7.8 1',
  'Open CASCADE STEP translator 7.8 1','',(#8));
#8 = PRODUCT_CONTEXT('',#2,'mechanical');
#9 = PRODUCT_DEFINITION_CONTEXT('part definition',#2,'design');
#10 = SHAPE_REPRESENTATION('',(#11,#15,#13238,#13326,#13464),#13552);
#11 = AXIS2_PLACEMENT_3D('',#12,#13,#14);
#12 = CARTESIAN_POINT('',(0.,0.,0.));
#13 = DIRECTION('',(0.,0.,1.));
#14 = DIRECTION('',(1.,0.,-0.));
#15 = MANIFOLD_SOLID_BREP('',#16);
#16 = CLOSED_SHELL('',(#17,#60,#103,#221,#556,#579,#595,#608,#637,#801,
    #878,#913,#1248,#1807,#1836,#1859,#2282,#2330,#2454,#2512,#2529,
    #2551,#2571,#2680,#2846,#2870,#2882,#2899,#2929,#2946,#2958,#2980,
    #3008,#3028,#3040,#3064,#3100,#3124,#3141,#3180,#3204,#3228,#3253,
    #3284,#3308,#3332,#3349,#3380,#3404,#3428,#3445,#3489,#3532,#3588,
    #3600,#3612,#3624,#3653,#3988,#4547,#4577,#4593,#4625,#4960,#5519,
    #5542,#5573,#5597,#5621,#5638,#5669,#5693,#5717,#5734,#5751,#5800,
    #5812,#5874,#5891,#5919,#5935,#5963,#5975,#5995,#6017,#6029,#6049,
    #6071,#6153,#6184,#6216,#6248,#6271,#6294,#6310,#6342,#6366,#6391,
    #6408,#6424,#6447,#6470,#6493,#6516,#6532,#6620,#6710,#7396,#8360,
    #8391,#8419,#8539,#8561,#8684,#8708,#8830,#8846,#8875,#8897,#8920,
    #8949,#8971,#8994,#9060,#9176,#9198,#9220,#9236,#9258,#9280,#9296,
    #9318,#9340,#9356,#9472,#9494,#9516,#9532,#9554,#9576,#9592,#9614,
    #9676,#9698,#9820,#9842,#9864,#9880,#9902,#9924,#9940,#9962,#9984,
    #10000,#10016,#10038,#10100,#10115,#10131,#10142,#10157,#10173,
    #10184,#10200,#10216,#10245,#10367,#10389,#10411,#10427,#10470,
    #10592,#10614,#10636,#10652,#10674,#10696,#10712,#10734,#10756,
    #10772,#10809,#10831,#10853,#10869,#10892,#10921,#11043,#11065,
    #11087,#11103,#11146,#11268,#11290,#11312,#11328,#11350,#11372,
    #11388,#11410,#11432,#11448,#11485,#11507,#11529,#11545,#11568,
    #11596,#11618,#11740,#11762,#11784,#11800,#11822,#11844,#11860,
    #11882,#11904,#11920,#11936,#11948,#11994,#12006,#12028,#12040,
    #12052,#12098,#12110,#12123,#12136,#12152,#12168,#12191,#12203,
    #12215,#12227,#12250,#12262,#12274,#12286,#12298,#12310,#12323,
    #12346,#12358,#12370,#12382,#12395,#12418,#12434,#12446,#12462,
    #12478,#12490,#12503,#12526,#12538,#12550,#12562,#12575,#12598,
    #12614,#12626,#12642,#12658,#12670,#12683,#12706,#12718,#12730,
    #12743,#12766,#12778,#12790,#12802,#12824,#12841,#12858,#12870,
    #12907,#12944,#12981,#13018,#13055,#13092,#13129,#13166,#13175,
    #13184,#13193,#13202,#13211,#13220,#13229));
#17 = ADVANCED_FACE('',(#18),#55,.T.);
#18 = FACE_BOUND('',#19,.T.);
#19 = EDGE_LOOP('',(#20,#29,#36,#43,#50));
#20 = ORIENTED_EDGE('',*,*,#21,.F.);
#21 = EDGE_CURVE('',#22,#24,#26,.T.);
#22 = VERTEX_POINT('',#23);
#23 = CARTESIAN_POINT('',(-7.937515875032,-40.93357886715,-1.5));
#24 = VERTEX_POINT('',#25);
#25 = CARTESIAN_POINT('',(-7.937515875032,-32.98,-1.5));
#26 = B_SPLINE_CURVE_WITH_KNOTS('',1,(#27,#28),.UNSPECIFIED.,.F.,.F.,(2,
    2),(0.,332.97245),.PIECEWISE_BEZIER_KNOTS.);
#27 = CARTESIAN_POINT('',(-7.937515875032,-40.93357886715,-1.5));
#28 = CARTESIAN_POINT('',(-7.937515875032,-32.47606172212,-1.5));
#29 = ORIENTED_EDGE('',*,*,#30,.T.);
#30 = EDGE_CURVE('',#22,#31,#33,.T.);
#31 = VERTEX_POINT('',#32);
#32 = CARTESIAN_POINT('',(-7.937515875032,-40.93357886715,1.5));
#33 = B_SPLINE_CURVE_WITH_KNOTS('',1,(#34,#35),.UNSPECIFIED.,.F.,.F.,(2,
    2),(0.,118.1102),.PIECEWISE_BEZIER_KNOTS.);
#34 = CARTESIAN_POINT('',(-7.937515875032,-40.93357886715,-1.5));
#35 = CARTESIAN_POINT('',(-7.937515875032,-40.93357886715,1.50000508001)
  );
#36 = ORIENTED_EDGE('',*,*,#37,.F.);
#37 = EDGE_CURVE('',#38,#31,#40,.T.);
#38 = VERTEX_POINT('',#39);
#39 = CARTESIAN_POINT('',(-7.937515875032,-39.43357886715,1.500005080009
    ));
#40 = B_SPLINE_CURVE_WITH_KNOTS('',1,(#41,#42),.UNSPECIFIED.,.F.,.F.,(2,
    2),(0.,1.),.PIECEWISE_BEZIER_KNOTS.);
#41 = CARTESIAN_POINT('',(-7.937515875032,-32.48,1.5));
#42 = CARTESIAN_POINT('',(-7.937515875032,-40.93357886715,1.5));
#43 = ORIENTED_EDGE('',*,*,#44,.T.);
#44 = EDGE_CURVE('',#38,#45,#47,.T.);
#45 = VERTEX_POINT('',#46);
#46 = CARTESIAN_POINT('',(-7.937515875032,-32.98,1.50000508001));
#47 = B_SPLINE_CURVE_WITH_KNOTS('',1,(#48,#49),.UNSPECIFIED.,.F.,.F.,(2,
    2),(0.,332.97245),.PIECEWISE_BEZIER_KNOTS.);
#48 = CARTESIAN_POINT('',(-7.937515875032,-39.43357886715,1.50000508001)
  );
#49 = CARTESIAN_POINT('',(-7.937515875032,-30.97606172212,1.50000508001)
  );
#50 = ORIENTED_EDGE('',*,*,#51,.T.);
#51 = EDGE_CURVE('',#45,#24,#52,.T.);
#52 = B_SPLINE_CURVE_WITH_KNOTS('',1,(#53,#54),.UNSPECIFIED.,.F.,.F.,(2,
    2),(0.,1.),.PIECEWISE_BEZIER_KNOTS.);
#53 = CARTESIAN_POINT('',(-7.937515875032,-32.98,1.50000508001));
#54 = CARTESIAN_POINT('',(-7.937515875032,-32.98,-1.5));
#55 = B_SPLINE_SURFACE_WITH_KNOTS('',1,1,(
    (#56,#57)
    ,(#58,#59
    )),.UNSPECIFIED.,.F.,.F.,.F.,(2,2),(2,2),(0.,332.97245),(-118.1102,
    0.),.PIECEWISE_BEZIER_KNOTS.);
#56 = CARTESIAN_POINT('',(-7.937515875032,-40.93357886715,1.50000508001)
  );
#57 = CARTESIAN_POINT('',(-7.937515875032,-40.93357886715,-1.5));
#58 = CARTESIAN_POINT('',(-7.937515875032,-32.47606172212,1.50000508001)
  );
#59 = CARTESIAN_POINT('',(-7.937515875032,-32.47606172212,-1.5));
#60 = ADVANCED_FACE('',(#61,#84),#98,.T.);
#61 = FACE_BOUND('',#62,.T.);
#62 = EDGE_LOOP('',(#63,#70,#71,#79));
#63 = ORIENTED_EDGE('',*,*,#64,.T.);
#64 = EDGE_CURVE('',#65,#22,#67,.T.);
#65 = VERTEX_POINT('',#66);
#66 = CARTESIAN_POINT('',(1.587503175006,-40.93357886715,-1.5));
#67 = B_SPLINE_CURVE_WITH_KNOTS('',1,(#68,#69),.UNSPECIFIED.,.F.,.F.,(2,
    2),(0.,375.),.PIECEWISE_BEZIER_KNOTS.);
#68 = CARTESIAN_POINT('',(1.587503175006,-40.93357886715,-1.5));
#69 = CARTESIAN_POINT('',(-7.937515875032,-40.93357886715,-1.5));
#70 = ORIENTED_EDGE('',*,*,#21,.T.);
#71 = ORIENTED_EDGE('',*,*,#72,.T.);
#72 = EDGE_CURVE('',#24,#73,#75,.T.);
#73 = VERTEX_POINT('',#74);
#74 = CARTESIAN_POINT('',(1.587503175006,-32.98,-1.5));
#75 = LINE('',#76,#77);
#76 = CARTESIAN_POINT('',(-98.762,-32.98,-1.5));
#77 = VECTOR('',#78,1.);
#78 = DIRECTION('',(1.,0.,-0.));
#79 = ORIENTED_EDGE('',*,*,#80,.T.);
#80 = EDGE_CURVE('',#73,#65,#81,.T.);
#81 = B_SPLINE_CURVE_WITH_KNOTS('',1,(#82,#83),.UNSPECIFIED.,.F.,.F.,(2,
    2),(2.02755,335.),.PIECEWISE_BEZIER_KNOTS.);
#82 = CARTESIAN_POINT('',(1.587503175006,-32.47606172212,-1.5));
#83 = CARTESIAN_POINT('',(1.587503175006,-40.93357886715,-1.5));
#84 = FACE_BOUND('',#85,.T.);
#85 = EDGE_LOOP('',(#86));
#86 = ORIENTED_EDGE('',*,*,#87,.T.);
#87 = EDGE_CURVE('',#88,#88,#90,.T.);
#88 = VERTEX_POINT('',#89);
#89 = CARTESIAN_POINT('',(-0.648001016002,-36.67907035814,-1.5));
#90 = ( BOUNDED_CURVE() B_SPLINE_CURVE(2,(#91,#92,#93,#94,#95,#96,#97),
.UNSPECIFIED.,.T.,.F.) B_SPLINE_CURVE_WITH_KNOTS((1,2,2,2,2,1),(
    -2.094395102394,0.,2.094395102393,4.188790204786,6.28318530718,
8.377580409573),.UNSPECIFIED.) CURVE() GEOMETRIC_REPRESENTATION_ITEM() 
RATIONAL_B_SPLINE_CURVE((1.,0.5,1.,0.5,1.,0.5,1.)) REPRESENTATION_ITEM(
  '') );
#91 = CARTESIAN_POINT('',(-0.648001016002,-36.67907035814,-1.5));
#92 = CARTESIAN_POINT('',(-0.648001016002,-32.52213962114,-1.5));
#93 = CARTESIAN_POINT('',(-4.248008636017,-34.60060498964,-1.5));
#94 = CARTESIAN_POINT('',(-7.848016256033,-36.67907035814,-1.5));
#95 = CARTESIAN_POINT('',(-4.248008636017,-38.75753572664,-1.5));
#96 = CARTESIAN_POINT('',(-0.648001016002,-40.83600109514,-1.5));
#97 = CARTESIAN_POINT('',(-0.648001016002,-36.67907035814,-1.5));
#98 = B_SPLINE_SURFACE_WITH_KNOTS('',1,1,(
    (#99,#100)
    ,(#101,#102
    )),.UNSPECIFIED.,.F.,.F.,.F.,(2,2),(2,2),(-1.97202755E+03,
    1.97202755E+03),(-2.825E+03,2.8252224E+03),
  .PIECEWISE_BEZIER_KNOTS.);
#99 = CARTESIAN_POINT('',(3.417006604013,-40.93357886715,-1.5));
#100 = CARTESIAN_POINT('',(3.417006604013,102.58235712471,-1.5));
#101 = CARTESIAN_POINT('',(-96.76219329438,-40.93357886715,-1.5));
#102 = CARTESIAN_POINT('',(-96.76219329438,102.58235712471,-1.5));
#103 = ADVANCED_FACE('',(#104),#216,.F.);
#104 = FACE_BOUND('',#105,.F.);
#105 = EDGE_LOOP('',(#106,#116,#124,#132,#140,#146,#153,#160,#168,#173,
    #174,#182,#189,#196,#204,#211));
#106 = ORIENTED_EDGE('',*,*,#107,.F.);
#107 = EDGE_CURVE('',#108,#110,#112,.T.);
#108 = VERTEX_POINT('',#109);
#109 = CARTESIAN_POINT('',(-98.762,-32.98,-1.5));
#110 = VERTEX_POINT('',#111);
#111 = CARTESIAN_POINT('',(-94.93268986538,-32.98,-1.5));
#112 = LINE('',#113,#114);
#113 = CARTESIAN_POINT('',(-98.762,-32.98,-1.5));
#114 = VECTOR('',#115,1.);
#115 = DIRECTION('',(1.,0.,-0.));
#116 = ORIENTED_EDGE('',*,*,#117,.T.);
#117 = EDGE_CURVE('',#108,#118,#120,.T.);
#118 = VERTEX_POINT('',#119);
#119 = CARTESIAN_POINT('',(-98.762,-32.98,31.));
#120 = LINE('',#121,#122);
#121 = CARTESIAN_POINT('',(-98.762,-32.98,-1.5));
#122 = VECTOR('',#123,1.);
#123 = DIRECTION('',(0.,0.,1.));
#124 = ORIENTED_EDGE('',*,*,#125,.T.);
#125 = EDGE_CURVE('',#118,#126,#128,.T.);
#126 = VERTEX_POINT('',#127);
#127 = CARTESIAN_POINT('',(5.417,-32.98,31.));
#128 = LINE('',#129,#130);
#129 = CARTESIAN_POINT('',(-98.762,-32.98,31.));
#130 = VECTOR('',#131,1.);
#131 = DIRECTION('',(1.,0.,-0.));
#132 = ORIENTED_EDGE('',*,*,#133,.F.);
#133 = EDGE_CURVE('',#134,#126,#136,.T.);
#134 = VERTEX_POINT('',#135);
#135 = CARTESIAN_POINT('',(5.417,-32.98,-1.5));
#136 = LINE('',#137,#138);
#137 = CARTESIAN_POINT('',(5.417,-32.98,-1.5));
#138 = VECTOR('',#139,1.);
#139 = DIRECTION('',(0.,0.,1.));
#140 = ORIENTED_EDGE('',*,*,#141,.F.);
#141 = EDGE_CURVE('',#73,#134,#142,.T.);
#142 = LINE('',#143,#144);
#143 = CARTESIAN_POINT('',(-98.762,-32.98,-1.5));
#144 = VECTOR('',#145,1.);
#145 = DIRECTION('',(1.,0.,-0.));
#146 = ORIENTED_EDGE('',*,*,#147,.F.);
#147 = EDGE_CURVE('',#148,#73,#150,.T.);
#148 = VERTEX_POINT('',#149);
#149 = CARTESIAN_POINT('',(1.587503175006,-32.98,1.50000508001));
#150 = B_SPLINE_CURVE_WITH_KNOTS('',1,(#151,#152),.UNSPECIFIED.,.F.,.F.,
  (2,2),(0.,1.),.PIECEWISE_BEZIER_KNOTS.);
#151 = CARTESIAN_POINT('',(1.587503175006,-32.98,1.50000508001));
#152 = CARTESIAN_POINT('',(1.587503175006,-32.98,-1.5));
#153 = ORIENTED_EDGE('',*,*,#154,.F.);
#154 = EDGE_CURVE('',#155,#148,#157,.T.);
#155 = VERTEX_POINT('',#156);
#156 = CARTESIAN_POINT('',(-2.086697643622,-32.98,1.500002540005));
#157 = B_SPLINE_CURVE_WITH_KNOTS('',1,(#158,#159),.UNSPECIFIED.,.F.,.F.,
  (2,2),(0.,1.),.PIECEWISE_BEZIER_KNOTS.);
#158 = CARTESIAN_POINT('',(-7.937515875032,-32.98,1.50000508001));
#159 = CARTESIAN_POINT('',(1.587503175006,-32.98,1.50000508001));
#160 = ORIENTED_EDGE('',*,*,#161,.T.);
#161 = EDGE_CURVE('',#155,#162,#164,.T.);
#162 = VERTEX_POINT('',#163);
#163 = CARTESIAN_POINT('',(-4.009314556654,-32.98,1.500002540005));
#164 = LINE('',#165,#166);
#165 = CARTESIAN_POINT('',(-98.26209664719,-32.98,1.5));
#166 = VECTOR('',#167,1.);
#167 = DIRECTION('',(-1.,-0.,0.));
#168 = ORIENTED_EDGE('',*,*,#169,.F.);
#169 = EDGE_CURVE('',#45,#162,#170,.T.);
#170 = B_SPLINE_CURVE_WITH_KNOTS('',1,(#171,#172),.UNSPECIFIED.,.F.,.F.,
  (2,2),(0.,1.),.PIECEWISE_BEZIER_KNOTS.);
#171 = CARTESIAN_POINT('',(-7.937515875032,-32.98,1.50000508001));
#172 = CARTESIAN_POINT('',(1.587503175006,-32.98,1.50000508001));
#173 = ORIENTED_EDGE('',*,*,#51,.T.);
#174 = ORIENTED_EDGE('',*,*,#175,.F.);
#175 = EDGE_CURVE('',#176,#24,#178,.T.);
#176 = VERTEX_POINT('',#177);
#177 = CARTESIAN_POINT('',(-85.40767081534,-32.98,-1.5));
#178 = LINE('',#179,#180);
#179 = CARTESIAN_POINT('',(-98.762,-32.98,-1.5));
#180 = VECTOR('',#181,1.);
#181 = DIRECTION('',(1.,0.,-0.));
#182 = ORIENTED_EDGE('',*,*,#183,.F.);
#183 = EDGE_CURVE('',#184,#176,#186,.T.);
#184 = VERTEX_POINT('',#185);
#185 = CARTESIAN_POINT('',(-85.40767081534,-32.98,1.50000508001));
#186 = B_SPLINE_CURVE_WITH_KNOTS('',1,(#187,#188),.UNSPECIFIED.,.F.,.F.,
  (2,2),(0.,1.),.PIECEWISE_BEZIER_KNOTS.);
#187 = CARTESIAN_POINT('',(-85.40767081534,-32.98,1.50000508001));
#188 = CARTESIAN_POINT('',(-85.40767081534,-32.98,-1.5));
#189 = ORIENTED_EDGE('',*,*,#190,.F.);
#190 = EDGE_CURVE('',#191,#184,#193,.T.);
#191 = VERTEX_POINT('',#192);
#192 = CARTESIAN_POINT('',(-89.08187163396,-32.98,1.500002540005));
#193 = B_SPLINE_CURVE_WITH_KNOTS('',1,(#194,#195),.UNSPECIFIED.,.F.,.F.,
  (2,2),(0.,1.),.PIECEWISE_BEZIER_KNOTS.);
#194 = CARTESIAN_POINT('',(-94.93268986538,-32.98,1.50000508001));
#195 = CARTESIAN_POINT('',(-85.40767081534,-32.98,1.50000508001));
#196 = ORIENTED_EDGE('',*,*,#197,.T.);
#197 = EDGE_CURVE('',#191,#198,#200,.T.);
#198 = VERTEX_POINT('',#199);
#199 = CARTESIAN_POINT('',(-91.00448854699,-32.98,1.500002540005));
#200 = LINE('',#201,#202);
#201 = CARTESIAN_POINT('',(-98.26209664719,-32.98,1.5));
#202 = VECTOR('',#203,1.);
#203 = DIRECTION('',(-1.,-0.,0.));
#204 = ORIENTED_EDGE('',*,*,#205,.F.);
#205 = EDGE_CURVE('',#206,#198,#208,.T.);
#206 = VERTEX_POINT('',#207);
#207 = CARTESIAN_POINT('',(-94.93268986538,-32.98,1.50000508001));
#208 = B_SPLINE_CURVE_WITH_KNOTS('',1,(#209,#210),.UNSPECIFIED.,.F.,.F.,
  (2,2),(0.,1.),.PIECEWISE_BEZIER_KNOTS.);
#209 = CARTESIAN_POINT('',(-94.93268986538,-32.98,1.50000508001));
#210 = CARTESIAN_POINT('',(-85.40767081534,-32.98,1.50000508001));
#211 = ORIENTED_EDGE('',*,*,#212,.T.);
#212 = EDGE_CURVE('',#206,#110,#213,.T.);
#213 = B_SPLINE_CURVE_WITH_KNOTS('',1,(#214,#215),.UNSPECIFIED.,.F.,.F.,
  (2,2),(0.,1.),.PIECEWISE_BEZIER_KNOTS.);
#214 = CARTESIAN_POINT('',(-94.93268986538,-32.98,1.50000508001));
#215 = CARTESIAN_POINT('',(-94.93268986538,-32.98,-1.5));
#216 = PLANE('',#217);
#217 = AXIS2_PLACEMENT_3D('',#218,#219,#220);
#218 = CARTESIAN_POINT('',(-98.762,-32.98,-1.5));
#219 = DIRECTION('',(-0.,1.,0.));
#220 = DIRECTION('',(0.,0.,1.));
#221 = ADVANCED_FACE('',(#222),#551,.F.);
#222 = FACE_BOUND('',#223,.F.);
#223 = EDGE_LOOP('',(#224,#225,#232,#237,#238,#239,#251,#390,#529,#541)
  );
#224 = ORIENTED_EDGE('',*,*,#154,.T.);
#225 = ORIENTED_EDGE('',*,*,#226,.T.);
#226 = EDGE_CURVE('',#148,#227,#229,.T.);
#227 = VERTEX_POINT('',#228);
#228 = CARTESIAN_POINT('',(1.587503175006,-39.43357886715,1.500005080009
    ));
#229 = B_SPLINE_CURVE_WITH_KNOTS('',1,(#230,#231),.UNSPECIFIED.,.F.,.F.,
  (2,2),(2.02755,335.),.PIECEWISE_BEZIER_KNOTS.);
#230 = CARTESIAN_POINT('',(1.587503175006,-30.97606172212,1.50000508001)
  );
#231 = CARTESIAN_POINT('',(1.587503175006,-39.43357886715,1.50000508001)
  );
#232 = ORIENTED_EDGE('',*,*,#233,.T.);
#233 = EDGE_CURVE('',#227,#38,#234,.T.);
#234 = B_SPLINE_CURVE_WITH_KNOTS('',1,(#235,#236),.UNSPECIFIED.,.F.,.F.,
  (2,2),(0.,375.),.PIECEWISE_BEZIER_KNOTS.);
#235 = CARTESIAN_POINT('',(1.587503175006,-39.43357886715,1.50000508001)
  );
#236 = CARTESIAN_POINT('',(-7.937515875032,-39.43357886715,1.50000508001
    ));
#237 = ORIENTED_EDGE('',*,*,#44,.T.);
#238 = ORIENTED_EDGE('',*,*,#169,.T.);
#239 = ORIENTED_EDGE('',*,*,#240,.T.);
#240 = EDGE_CURVE('',#162,#241,#243,.T.);
#241 = VERTEX_POINT('',#242);
#242 = CARTESIAN_POINT('',(-5.327814066271,-35.92907036003,
    1.500002540005));
#243 = ( BOUNDED_CURVE() B_SPLINE_CURVE(2,(#244,#245,#246,#247,#248,#249
,#250),.UNSPECIFIED.,.T.,.F.) B_SPLINE_CURVE_WITH_KNOTS((1,2,2,2,2,1),(
    -2.094395102394,0.,2.094395102393,4.188790204786,6.28318530718,
8.377580409573),.UNSPECIFIED.) CURVE() GEOMETRIC_REPRESENTATION_ITEM() 
RATIONAL_B_SPLINE_CURVE((1.,0.5,1.,0.5,1.,0.5,1.)) REPRESENTATION_ITEM(
  '') );
#244 = CARTESIAN_POINT('',(-0.648001016002,-35.17907035814,1.50000508001
    ));
#245 = CARTESIAN_POINT('',(-0.648001016002,-31.02213962114,1.50000508001
    ));
#246 = CARTESIAN_POINT('',(-4.248008636017,-33.10060498964,1.50000508001
    ));
#247 = CARTESIAN_POINT('',(-7.848016256033,-35.17907035814,1.50000508001
    ));
#248 = CARTESIAN_POINT('',(-4.248008636017,-37.25753572664,1.50000508001
    ));
#249 = CARTESIAN_POINT('',(-0.648001016002,-39.33600109514,1.50000508001
    ));
#250 = CARTESIAN_POINT('',(-0.648001016002,-35.17907035814,1.50000508001
    ));
#251 = ORIENTED_EDGE('',*,*,#252,.F.);
#252 = EDGE_CURVE('',#253,#241,#255,.T.);
#253 = VERTEX_POINT('',#254);
#254 = CARTESIAN_POINT('',(-0.648001016002,-36.67907035814,1.5));
#255 = B_SPLINE_CURVE_WITH_KNOTS('',5,(#256,#257,#258,#259,#260,#261,
    #262,#263,#264,#265,#266,#267,#268,#269,#270,#271,#272,#273,#274,
    #275,#276,#277,#278,#279,#280,#281,#282,#283,#284,#285,#286,#287,
    #288,#289,#290,#291,#292,#293,#294,#295,#296,#297,#298,#299,#300,
    #301,#302,#303,#304,#305,#306,#307,#308,#309,#310,#311,#312,#313,
    #314,#315,#316,#317,#318,#319,#320,#321,#322,#323,#324,#325,#326,
    #327,#328,#329,#330,#331,#332,#333,#334,#335,#336,#337,#338,#339,
    #340,#341,#342,#343,#344,#345,#346,#347,#348,#349,#350,#351,#352,
    #353,#354,#355,#356,#357,#358,#359,#360,#361,#362,#363,#364,#365,
    #366,#367,#368,#369,#370,#371,#372,#373,#374,#375,#376,#377,#378,
    #379,#380,#381,#382,#383,#384,#385,#386,#387,#388,#389),
  .UNSPECIFIED.,.T.,.F.,(1,5,4,4,4,4,4,4,4,4,4,4,4,4,4,4,4,4,4,4,4,4,4,4
    ,4,4,4,4,4,4,4,4,4,4,5,1),(-4.804752E-02,0.,4.715870798069E-02,
    8.0804391989E-02,0.105667032318,0.123706256764,0.166954630089,
    0.216587564542,0.237626991584,0.266147690298,0.305421423566,
    0.332899806481,0.339728799835,0.360795194315,0.399370915715,
    0.427380462259,0.446996562307,0.496766345683,0.546536129059,
    0.566152229107,0.594161775651,0.632737497051,0.646910086703,
    0.65386824611,0.660825947217,0.68882222212,0.728836157307,
    0.757894392797,0.779330355207,0.829898734046,0.87396222033,
    0.892341434572,0.917672667331,0.95195248,1.,1.047158707981),
  .UNSPECIFIED.);
#256 = CARTESIAN_POINT('',(-0.648001016002,-36.67907035814,1.5));
#257 = CARTESIAN_POINT('',(-0.648001016002,-36.81679892789,1.5));
#258 = CARTESIAN_POINT('',(-0.657881116719,-36.95568703717,1.5));
#259 = CARTESIAN_POINT('',(-0.677971777376,-37.09457196633,1.5));
#260 = CARTESIAN_POINT('',(-0.70835853513,-37.23227646338,1.5));
#261 = CARTESIAN_POINT('',(-0.777815818391,-37.46419596495,1.5));
#262 = CARTESIAN_POINT('',(-0.811904107523,-37.55956963387,1.5));
#263 = CARTESIAN_POINT('',(-0.851106580144,-37.65332607649,1.5));
#264 = CARTESIAN_POINT('',(-0.895315195389,-37.74505804352,1.5));
#265 = CARTESIAN_POINT('',(-0.980614157142,-37.90037494566,1.5));
#266 = CARTESIAN_POINT('',(-1.019506348387,-37.96505719874,1.5));
#267 = CARTESIAN_POINT('',(-1.060978190206,-38.02826375006,1.5));
#268 = CARTESIAN_POINT('',(-1.104949887174,-38.08984519013,1.5));
#269 = CARTESIAN_POINT('',(-1.184976656779,-38.19305894536,1.5));
#270 = CARTESIAN_POINT('',(-1.219892565902,-38.23552801379,1.5));
#271 = CARTESIAN_POINT('',(-1.256039122511,-38.27701324038,1.5));
#272 = CARTESIAN_POINT('',(-1.293376925993,-38.31746340404,1.5));
#273 = CARTESIAN_POINT('',(-1.424132154766,-38.45121001876,1.5));
#274 = CARTESIAN_POINT('',(-1.52300413297,-38.53936417189,1.5));
#275 = CARTESIAN_POINT('',(-1.627882364668,-38.62061963648,1.5));
#276 = CARTESIAN_POINT('',(-1.738076359183,-38.69441464794,1.5));
#277 = CARTESIAN_POINT('',(-1.984474288841,-38.83591485936,1.5));
#278 = CARTESIAN_POINT('',(-2.122125352309,-38.9011176869,1.5));
#279 = CARTESIAN_POINT('',(-2.264577516705,-38.95523285817,1.5));
#280 = CARTESIAN_POINT('',(-2.410559660681,-38.99781804063,1.5));
#281 = CARTESIAN_POINT('',(-2.621529820999,-39.04175063665,1.5));
#282 = CARTESIAN_POINT('',(-2.684729537699,-39.05272180818,1.5));
#283 = CARTESIAN_POINT('',(-2.748220639587,-39.06157020064,1.5));
#284 = CARTESIAN_POINT('',(-2.811900790893,-39.06828903358,1.5));
#285 = CARTESIAN_POINT('',(-2.962107519547,-39.07910296255,1.5));
#286 = CARTESIAN_POINT('',(-3.048706847642,-39.08141563365,1.5));
#287 = CARTESIAN_POINT('',(-3.13520791925,-39.07982149905,1.5));
#288 = CARTESIAN_POINT('',(-3.221356801677,-39.0743528436,1.5));
#289 = CARTESIAN_POINT('',(-3.424701685991,-39.05228859232,1.5));
#290 = CARTESIAN_POINT('',(-3.541360212592,-39.03227486254,1.5));
#291 = CARTESIAN_POINT('',(-3.656221134419,-39.00518927994,1.5));
#292 = CARTESIAN_POINT('',(-3.768662771618,-38.97129278049,1.5));
#293 = CARTESIAN_POINT('',(-3.954678520929,-38.90272268635,1.5));
#294 = CARTESIAN_POINT('',(-4.029784842507,-38.87133960687,1.5));
#295 = CARTESIAN_POINT('',(-4.103226502983,-38.83692470561,1.5));
#296 = CARTESIAN_POINT('',(-4.174821749951,-38.79962541841,1.5));
#297 = CARTESIAN_POINT('',(-4.261698030947,-38.74966790625,1.5));
#298 = CARTESIAN_POINT('',(-4.278968137565,-38.73949810476,1.5));
#299 = CARTESIAN_POINT('',(-4.296239907835,-38.72908283562,1.5));
#300 = CARTESIAN_POINT('',(-4.313513366429,-38.71841641145,1.5));
#301 = CARTESIAN_POINT('',(-4.383979564797,-38.67385447804,1.5));
#302 = CARTESIAN_POINT('',(-4.436279263985,-38.6383377711,1.5));
#303 = CARTESIAN_POINT('',(-4.487555735903,-38.60099071025,1.5));
#304 = CARTESIAN_POINT('',(-4.537706203168,-38.56185609183,1.5));
#305 = CARTESIAN_POINT('',(-4.676223803931,-38.44614675681,1.5));
#306 = CARTESIAN_POINT('',(-4.761712001972,-38.36548665883,1.5));
#307 = CARTESIAN_POINT('',(-4.84249166977,-38.27932782033,1.5));
#308 = CARTESIAN_POINT('',(-4.918026054649,-38.18808034026,1.5));
#309 = CARTESIAN_POINT('',(-5.038546011574,-38.02264340779,1.5));
#310 = CARTESIAN_POINT('',(-5.086233064055,-37.95062627168,1.5));
#311 = CARTESIAN_POINT('',(-5.130731759963,-37.87637163951,1.5));
#312 = CARTESIAN_POINT('',(-5.171887489172,-37.80008399668,1.5));
#313 = CARTESIAN_POINT('',(-5.235958556292,-37.66728918272,1.5));
#314 = CARTESIAN_POINT('',(-5.260644286254,-37.61170475509,1.5));
#315 = CARTESIAN_POINT('',(-5.283581084554,-37.55530742482,1.5));
#316 = CARTESIAN_POINT('',(-5.304730023138,-37.49817599623,1.5));
#317 = CARTESIAN_POINT('',(-5.373097647225,-37.29378375878,1.5));
#318 = CARTESIAN_POINT('',(-5.410418254971,-37.14296898412,1.5));
#319 = CARTESIAN_POINT('',(-5.435479771109,-36.98929833407,1.5));
#320 = CARTESIAN_POINT('',(-5.448011176022,-36.8341809746,1.5));
#321 = CARTESIAN_POINT('',(-5.448011176022,-36.52395974167,1.5));
#322 = CARTESIAN_POINT('',(-5.435479771109,-36.36884238221,1.5));
#323 = CARTESIAN_POINT('',(-5.410418254972,-36.21517173215,1.5));
#324 = CARTESIAN_POINT('',(-5.373097647226,-36.06435695749,1.5));
#325 = CARTESIAN_POINT('',(-5.304730023139,-35.85996472005,1.5));
#326 = CARTESIAN_POINT('',(-5.283581084555,-35.80283329146,1.5));
#327 = CARTESIAN_POINT('',(-5.260644286255,-35.74643596118,1.5));
#328 = CARTESIAN_POINT('',(-5.235958556293,-35.69085153356,1.5));
#329 = CARTESIAN_POINT('',(-5.171887489173,-35.55805671959,1.5));
#330 = CARTESIAN_POINT('',(-5.130731759965,-35.48176907676,1.5));
#331 = CARTESIAN_POINT('',(-5.086233064056,-35.40751444459,1.5));
#332 = CARTESIAN_POINT('',(-5.038546011575,-35.33549730848,1.5));
#333 = CARTESIAN_POINT('',(-4.918026054651,-35.17006037601,1.5));
#334 = CARTESIAN_POINT('',(-4.842491669772,-35.07881289594,1.5));
#335 = CARTESIAN_POINT('',(-4.761712001973,-34.99265405745,1.5));
#336 = CARTESIAN_POINT('',(-4.676223803933,-34.91199395947,1.5));
#337 = CARTESIAN_POINT('',(-4.553716924635,-34.80965902541,1.5));
#338 = CARTESIAN_POINT('',(-4.520247329502,-34.78294884637,1.5));
#339 = CARTESIAN_POINT('',(-4.486253540947,-34.75703998978,1.5));
#340 = CARTESIAN_POINT('',(-4.451766393231,-34.73194640935,1.5));
#341 = CARTESIAN_POINT('',(-4.399659333491,-34.69576648431,1.5));
#342 = CARTESIAN_POINT('',(-4.382468992725,-34.68410724933,1.5));
#343 = CARTESIAN_POINT('',(-4.36525258413,-34.67270028433,1.5));
#344 = CARTESIAN_POINT('',(-4.34801577606,-34.66154319269,1.5));
#345 = CARTESIAN_POINT('',(-4.313513366431,-34.63972430482,1.5));
#346 = CARTESIAN_POINT('',(-4.296239907837,-34.62905788065,1.5));
#347 = CARTESIAN_POINT('',(-4.278968137566,-34.61864261151,1.5));
#348 = CARTESIAN_POINT('',(-4.261698030949,-34.60847281002,1.5));
#349 = CARTESIAN_POINT('',(-4.174821749952,-34.55851529786,1.5));
#350 = CARTESIAN_POINT('',(-4.103226502984,-34.52121601067,1.5));
#351 = CARTESIAN_POINT('',(-4.029784842508,-34.48680110941,1.5));
#352 = CARTESIAN_POINT('',(-3.95467852093,-34.45541802993,1.5));
#353 = CARTESIAN_POINT('',(-3.76866277162,-34.38684793578,1.5));
#354 = CARTESIAN_POINT('',(-3.656221134421,-34.35295143633,1.5));
#355 = CARTESIAN_POINT('',(-3.541360212594,-34.32586585373,1.5));
#356 = CARTESIAN_POINT('',(-3.424701685993,-34.30585212395,1.5));
#357 = CARTESIAN_POINT('',(-3.221356801679,-34.28378787267,1.5));
#358 = CARTESIAN_POINT('',(-3.135207919252,-34.27831921723,1.5));
#359 = CARTESIAN_POINT('',(-3.048706847644,-34.27672508262,1.5));
#360 = CARTESIAN_POINT('',(-2.962107519548,-34.27903775372,1.5));
#361 = CARTESIAN_POINT('',(-2.811900790894,-34.28985168269,1.5));
#362 = CARTESIAN_POINT('',(-2.748220639589,-34.29657051563,1.5));
#363 = CARTESIAN_POINT('',(-2.684729537701,-34.30541890809,1.5));
#364 = CARTESIAN_POINT('',(-2.621529821,-34.31639007962,1.5));
#365 = CARTESIAN_POINT('',(-2.410559660682,-34.36032267564,1.5));
#366 = CARTESIAN_POINT('',(-2.264577516706,-34.4029078581,1.5));
#367 = CARTESIAN_POINT('',(-2.12212535231,-34.45702302937,1.5));
#368 = CARTESIAN_POINT('',(-1.984474288842,-34.52222585692,1.5));
#369 = CARTESIAN_POINT('',(-1.738076359183,-34.66372606833,1.5));
#370 = CARTESIAN_POINT('',(-1.627882364669,-34.73752107979,1.5));
#371 = CARTESIAN_POINT('',(-1.52300413297,-34.81877654438,1.5));
#372 = CARTESIAN_POINT('',(-1.424132154766,-34.90693069751,1.5));
#373 = CARTESIAN_POINT('',(-1.293376925994,-35.04067731223,1.5));
#374 = CARTESIAN_POINT('',(-1.256039122511,-35.08112747589,1.5));
#375 = CARTESIAN_POINT('',(-1.219892565902,-35.12261270248,1.5));
#376 = CARTESIAN_POINT('',(-1.18497665678,-35.16508177092,1.5));
#377 = CARTESIAN_POINT('',(-1.104949887174,-35.26829552614,1.5));
#378 = CARTESIAN_POINT('',(-1.060978190206,-35.32987696621,1.5));
#379 = CARTESIAN_POINT('',(-1.019506348387,-35.39308351753,1.5));
#380 = CARTESIAN_POINT('',(-0.980614157142,-35.45776577061,1.5));
#381 = CARTESIAN_POINT('',(-0.895315195389,-35.61308267275,1.5));
#382 = CARTESIAN_POINT('',(-0.851106580144,-35.70481463978,1.5));
#383 = CARTESIAN_POINT('',(-0.811904107523,-35.7985710824,1.5));
#384 = CARTESIAN_POINT('',(-0.777815818391,-35.89394475132,1.5));
#385 = CARTESIAN_POINT('',(-0.70835853513,-36.12586425289,1.5));
#386 = CARTESIAN_POINT('',(-0.677971777376,-36.26356874994,1.5));
#387 = CARTESIAN_POINT('',(-0.657881116719,-36.4024536791,1.5));
#388 = CARTESIAN_POINT('',(-0.648001016002,-36.54134178838,1.5));
#389 = CARTESIAN_POINT('',(-0.648001016002,-36.67907035814,1.5));
#390 = ORIENTED_EDGE('',*,*,#391,.F.);
#391 = EDGE_CURVE('',#392,#253,#394,.T.);
#392 = VERTEX_POINT('',#393);
#393 = CARTESIAN_POINT('',(-0.768198130403,-35.92907037409,
    1.500002539977));
#394 = B_SPLINE_CURVE_WITH_KNOTS('',5,(#395,#396,#397,#398,#399,#400,
    #401,#402,#403,#404,#405,#406,#407,#408,#409,#410,#411,#412,#413,
    #414,#415,#416,#417,#418,#419,#420,#421,#422,#423,#424,#425,#426,
    #427,#428,#429,#430,#431,#432,#433,#434,#435,#436,#437,#438,#439,
    #440,#441,#442,#443,#444,#445,#446,#447,#448,#449,#450,#451,#452,
    #453,#454,#455,#456,#457,#458,#459,#460,#461,#462,#463,#464,#465,
    #466,#467,#468,#469,#470,#471,#472,#473,#474,#475,#476,#477,#478,
    #479,#480,#481,#482,#483,#484,#485,#486,#487,#488,#489,#490,#491,
    #492,#493,#494,#495,#496,#497,#498,#499,#500,#501,#502,#503,#504,
    #505,#506,#507,#508,#509,#510,#511,#512,#513,#514,#515,#516,#517,
    #518,#519,#520,#521,#522,#523,#524,#525,#526,#527,#528),
  .UNSPECIFIED.,.T.,.F.,(1,5,4,4,4,4,4,4,4,4,4,4,4,4,4,4,4,4,4,4,4,4,4,4
    ,4,4,4,4,4,4,4,4,4,4,5,1),(-4.804752E-02,0.,4.715870798069E-02,
    8.0804391989E-02,0.105667032318,0.123706256764,0.166954630089,
    0.216587564542,0.237626991584,0.266147690298,0.305421423566,
    0.332899806481,0.339728799835,0.360795194315,0.399370915715,
    0.427380462259,0.446996562307,0.496766345683,0.546536129059,
    0.566152229107,0.594161775651,0.632737497051,0.646910086703,
    0.65386824611,0.660825947217,0.68882222212,0.728836157307,
    0.757894392797,0.779330355207,0.829898734046,0.87396222033,
    0.892341434572,0.917672667331,0.95195248,1.,1.047158707981),
  .UNSPECIFIED.);
#395 = CARTESIAN_POINT('',(-0.648001016002,-36.67907035814,1.5));
#396 = CARTESIAN_POINT('',(-0.648001016002,-36.81679892789,1.5));
#397 = CARTESIAN_POINT('',(-0.657881116719,-36.95568703717,1.5));
#398 = CARTESIAN_POINT('',(-0.677971777376,-37.09457196633,1.5));
#399 = CARTESIAN_POINT('',(-0.70835853513,-37.23227646338,1.5));
#400 = CARTESIAN_POINT('',(-0.777815818391,-37.46419596495,1.5));
#401 = CARTESIAN_POINT('',(-0.811904107523,-37.55956963387,1.5));
#402 = CARTESIAN_POINT('',(-0.851106580144,-37.65332607649,1.5));
#403 = CARTESIAN_POINT('',(-0.895315195389,-37.74505804352,1.5));
#404 = CARTESIAN_POINT('',(-0.980614157142,-37.90037494566,1.5));
#405 = CARTESIAN_POINT('',(-1.019506348387,-37.96505719874,1.5));
#406 = CARTESIAN_POINT('',(-1.060978190206,-38.02826375006,1.5));
#407 = CARTESIAN_POINT('',(-1.104949887174,-38.08984519013,1.5));
#408 = CARTESIAN_POINT('',(-1.184976656779,-38.19305894536,1.5));
#409 = CARTESIAN_POINT('',(-1.219892565902,-38.23552801379,1.5));
#410 = CARTESIAN_POINT('',(-1.256039122511,-38.27701324038,1.5));
#411 = CARTESIAN_POINT('',(-1.293376925993,-38.31746340404,1.5));
#412 = CARTESIAN_POINT('',(-1.424132154766,-38.45121001876,1.5));
#413 = CARTESIAN_POINT('',(-1.52300413297,-38.53936417189,1.5));
#414 = CARTESIAN_POINT('',(-1.627882364668,-38.62061963648,1.5));
#415 = CARTESIAN_POINT('',(-1.738076359183,-38.69441464794,1.5));
#416 = CARTESIAN_POINT('',(-1.984474288841,-38.83591485936,1.5));
#417 = CARTESIAN_POINT('',(-2.122125352309,-38.9011176869,1.5));
#418 = CARTESIAN_POINT('',(-2.264577516705,-38.95523285817,1.5));
#419 = CARTESIAN_POINT('',(-2.410559660681,-38.99781804063,1.5));
#420 = CARTESIAN_POINT('',(-2.621529820999,-39.04175063665,1.5));
#421 = CARTESIAN_POINT('',(-2.684729537699,-39.05272180818,1.5));
#422 = CARTESIAN_POINT('',(-2.748220639587,-39.06157020064,1.5));
#423 = CARTESIAN_POINT('',(-2.811900790893,-39.06828903358,1.5));
#424 = CARTESIAN_POINT('',(-2.962107519547,-39.07910296255,1.5));
#425 = CARTESIAN_POINT('',(-3.048706847642,-39.08141563365,1.5));
#426 = CARTESIAN_POINT('',(-3.13520791925,-39.07982149905,1.5));
#427 = CARTESIAN_POINT('',(-3.221356801677,-39.0743528436,1.5));
#428 = CARTESIAN_POINT('',(-3.424701685991,-39.05228859232,1.5));
#429 = CARTESIAN_POINT('',(-3.541360212592,-39.03227486254,1.5));
#430 = CARTESIAN_POINT('',(-3.656221134419,-39.00518927994,1.5));
#431 = CARTESIAN_POINT('',(-3.768662771618,-38.97129278049,1.5));
#432 = CARTESIAN_POINT('',(-3.954678520929,-38.90272268635,1.5));
#433 = CARTESIAN_POINT('',(-4.029784842507,-38.87133960687,1.5));
#434 = CARTESIAN_POINT('',(-4.103226502983,-38.83692470561,1.5));
#435 = CARTESIAN_POINT('',(-4.174821749951,-38.79962541841,1.5));
#436 = CARTESIAN_POINT('',(-4.261698030947,-38.74966790625,1.5));
#437 = CARTESIAN_POINT('',(-4.278968137565,-38.73949810476,1.5));
#438 = CARTESIAN_POINT('',(-4.296239907835,-38.72908283562,1.5));
#439 = CARTESIAN_POINT('',(-4.313513366429,-38.71841641145,1.5));
#440 = CARTESIAN_POINT('',(-4.383979564797,-38.67385447804,1.5));
#441 = CARTESIAN_POINT('',(-4.436279263985,-38.6383377711,1.5));
#442 = CARTESIAN_POINT('',(-4.487555735903,-38.60099071025,1.5));
#443 = CARTESIAN_POINT('',(-4.537706203168,-38.56185609183,1.5));
#444 = CARTESIAN_POINT('',(-4.676223803931,-38.44614675681,1.5));
#445 = CARTESIAN_POINT('',(-4.761712001972,-38.36548665883,1.5));
#446 = CARTESIAN_POINT('',(-4.84249166977,-38.27932782033,1.5));
#447 = CARTESIAN_POINT('',(-4.918026054649,-38.18808034026,1.5));
#448 = CARTESIAN_POINT('',(-5.038546011574,-38.02264340779,1.5));
#449 = CARTESIAN_POINT('',(-5.086233064055,-37.95062627168,1.5));
#450 = CARTESIAN_POINT('',(-5.130731759963,-37.87637163951,1.5));
#451 = CARTESIAN_POINT('',(-5.171887489172,-37.80008399668,1.5));
#452 = CARTESIAN_POINT('',(-5.235958556292,-37.66728918272,1.5));
#453 = CARTESIAN_POINT('',(-5.260644286254,-37.61170475509,1.5));
#454 = CARTESIAN_POINT('',(-5.283581084554,-37.55530742482,1.5));
#455 = CARTESIAN_POINT('',(-5.304730023138,-37.49817599623,1.5));
#456 = CARTESIAN_POINT('',(-5.373097647225,-37.29378375878,1.5));
#457 = CARTESIAN_POINT('',(-5.410418254971,-37.14296898412,1.5));
#458 = CARTESIAN_POINT('',(-5.435479771109,-36.98929833407,1.5));
#459 = CARTESIAN_POINT('',(-5.448011176022,-36.8341809746,1.5));
#460 = CARTESIAN_POINT('',(-5.448011176022,-36.52395974167,1.5));
#461 = CARTESIAN_POINT('',(-5.435479771109,-36.36884238221,1.5));
#462 = CARTESIAN_POINT('',(-5.410418254972,-36.21517173215,1.5));
#463 = CARTESIAN_POINT('',(-5.373097647226,-36.06435695749,1.5));
#464 = CARTESIAN_POINT('',(-5.304730023139,-35.85996472005,1.5));
#465 = CARTESIAN_POINT('',(-5.283581084555,-35.80283329146,1.5));
#466 = CARTESIAN_POINT('',(-5.260644286255,-35.74643596118,1.5));
#467 = CARTESIAN_POINT('',(-5.235958556293,-35.69085153356,1.5));
#468 = CARTESIAN_POINT('',(-5.171887489173,-35.55805671959,1.5));
#469 = CARTESIAN_POINT('',(-5.130731759965,-35.48176907676,1.5));
#470 = CARTESIAN_POINT('',(-5.086233064056,-35.40751444459,1.5));
#471 = CARTESIAN_POINT('',(-5.038546011575,-35.33549730848,1.5));
#472 = CARTESIAN_POINT('',(-4.918026054651,-35.17006037601,1.5));
#473 = CARTESIAN_POINT('',(-4.842491669772,-35.07881289594,1.5));
#474 = CARTESIAN_POINT('',(-4.761712001973,-34.99265405745,1.5));
#475 = CARTESIAN_POINT('',(-4.676223803933,-34.91199395947,1.5));
#476 = CARTESIAN_POINT('',(-4.553716924635,-34.80965902541,1.5));
#477 = CARTESIAN_POINT('',(-4.520247329502,-34.78294884637,1.5));
#478 = CARTESIAN_POINT('',(-4.486253540947,-34.75703998978,1.5));
#479 = CARTESIAN_POINT('',(-4.451766393231,-34.73194640935,1.5));
#480 = CARTESIAN_POINT('',(-4.399659333491,-34.69576648431,1.5));
#481 = CARTESIAN_POINT('',(-4.382468992725,-34.68410724933,1.5));
#482 = CARTESIAN_POINT('',(-4.36525258413,-34.67270028433,1.5));
#483 = CARTESIAN_POINT('',(-4.34801577606,-34.66154319269,1.5));
#484 = CARTESIAN_POINT('',(-4.313513366431,-34.63972430482,1.5));
#485 = CARTESIAN_POINT('',(-4.296239907837,-34.62905788065,1.5));
#486 = CARTESIAN_POINT('',(-4.278968137566,-34.61864261151,1.5));
#487 = CARTESIAN_POINT('',(-4.261698030949,-34.60847281002,1.5));
#488 = CARTESIAN_POINT('',(-4.174821749952,-34.55851529786,1.5));
#489 = CARTESIAN_POINT('',(-4.103226502984,-34.52121601067,1.5));
#490 = CARTESIAN_POINT('',(-4.029784842508,-34.48680110941,1.5));
#491 = CARTESIAN_POINT('',(-3.95467852093,-34.45541802993,1.5));
#492 = CARTESIAN_POINT('',(-3.76866277162,-34.38684793578,1.5));
#493 = CARTESIAN_POINT('',(-3.656221134421,-34.35295143633,1.5));
#494 = CARTESIAN_POINT('',(-3.541360212594,-34.32586585373,1.5));
#495 = CARTESIAN_POINT('',(-3.424701685993,-34.30585212395,1.5));
#496 = CARTESIAN_POINT('',(-3.221356801679,-34.28378787267,1.5));
#497 = CARTESIAN_POINT('',(-3.135207919252,-34.27831921723,1.5));
#498 = CARTESIAN_POINT('',(-3.048706847644,-34.27672508262,1.5));
#499 = CARTESIAN_POINT('',(-2.962107519548,-34.27903775372,1.5));
#500 = CARTESIAN_POINT('',(-2.811900790894,-34.28985168269,1.5));
#501 = CARTESIAN_POINT('',(-2.748220639589,-34.29657051563,1.5));
#502 = CARTESIAN_POINT('',(-2.684729537701,-34.30541890809,1.5));
#503 = CARTESIAN_POINT('',(-2.621529821,-34.31639007962,1.5));
#504 = CARTESIAN_POINT('',(-2.410559660682,-34.36032267564,1.5));
#505 = CARTESIAN_POINT('',(-2.264577516706,-34.4029078581,1.5));
#506 = CARTESIAN_POINT('',(-2.12212535231,-34.45702302937,1.5));
#507 = CARTESIAN_POINT('',(-1.984474288842,-34.52222585692,1.5));
#508 = CARTESIAN_POINT('',(-1.738076359183,-34.66372606833,1.5));
#509 = CARTESIAN_POINT('',(-1.627882364669,-34.73752107979,1.5));
#510 = CARTESIAN_POINT('',(-1.52300413297,-34.81877654438,1.5));
#511 = CARTESIAN_POINT('',(-1.424132154766,-34.90693069751,1.5));
#512 = CARTESIAN_POINT('',(-1.293376925994,-35.04067731223,1.5));
#513 = CARTESIAN_POINT('',(-1.256039122511,-35.08112747589,1.5));
#514 = CARTESIAN_POINT('',(-1.219892565902,-35.12261270248,1.5));
#515 = CARTESIAN_POINT('',(-1.18497665678,-35.16508177092,1.5));
#516 = CARTESIAN_POINT('',(-1.104949887174,-35.26829552614,1.5));
#517 = CARTESIAN_POINT('',(-1.060978190206,-35.32987696621,1.5));
#518 = CARTESIAN_POINT('',(-1.019506348387,-35.39308351753,1.5));
#519 = CARTESIAN_POINT('',(-0.980614157142,-35.45776577061,1.5));
#520 = CARTESIAN_POINT('',(-0.895315195389,-35.61308267275,1.5));
#521 = CARTESIAN_POINT('',(-0.851106580144,-35.70481463978,1.5));
#522 = CARTESIAN_POINT('',(-0.811904107523,-35.7985710824,1.5));
#523 = CARTESIAN_POINT('',(-0.777815818391,-35.89394475132,1.5));
#524 = CARTESIAN_POINT('',(-0.70835853513,-36.12586425289,1.5));
#525 = CARTESIAN_POINT('',(-0.677971777376,-36.26356874994,1.5));
#526 = CARTESIAN_POINT('',(-0.657881116719,-36.4024536791,1.5));
#527 = CARTESIAN_POINT('',(-0.648001016002,-36.54134178838,1.5));
#528 = CARTESIAN_POINT('',(-0.648001016002,-36.67907035814,1.5));
#529 = ORIENTED_EDGE('',*,*,#530,.T.);
#530 = EDGE_CURVE('',#392,#531,#533,.T.);
#531 = VERTEX_POINT('',#532);
#532 = CARTESIAN_POINT('',(-0.648001016002,-35.17907035814,1.50000508001
    ));
#533 = ( BOUNDED_CURVE() B_SPLINE_CURVE(2,(#534,#535,#536,#537,#538,#539
,#540),.UNSPECIFIED.,.T.,.F.) B_SPLINE_CURVE_WITH_KNOTS((1,2,2,2,2,1),(
    -2.094395102394,0.,2.094395102393,4.188790204786,6.28318530718,
8.377580409573),.UNSPECIFIED.) CURVE() GEOMETRIC_REPRESENTATION_ITEM() 
RATIONAL_B_SPLINE_CURVE((1.,0.5,1.,0.5,1.,0.5,1.)) REPRESENTATION_ITEM(
  '') );
#534 = CARTESIAN_POINT('',(-0.648001016002,-35.17907035814,1.50000508001
    ));
#535 = CARTESIAN_POINT('',(-0.648001016002,-31.02213962114,1.50000508001
    ));
#536 = CARTESIAN_POINT('',(-4.248008636017,-33.10060498964,1.50000508001
    ));
#537 = CARTESIAN_POINT('',(-7.848016256033,-35.17907035814,1.50000508001
    ));
#538 = CARTESIAN_POINT('',(-4.248008636017,-37.25753572664,1.50000508001
    ));
#539 = CARTESIAN_POINT('',(-0.648001016002,-39.33600109514,1.50000508001
    ));
#540 = CARTESIAN_POINT('',(-0.648001016002,-35.17907035814,1.50000508001
    ));
#541 = ORIENTED_EDGE('',*,*,#542,.T.);
#542 = EDGE_CURVE('',#531,#155,#543,.T.);
#543 = ( BOUNDED_CURVE() B_SPLINE_CURVE(2,(#544,#545,#546,#547,#548,#549
,#550),.UNSPECIFIED.,.T.,.F.) B_SPLINE_CURVE_WITH_KNOTS((1,2,2,2,2,1),(
    -2.094395102394,0.,2.094395102393,4.188790204786,6.28318530718,
8.377580409573),.UNSPECIFIED.) CURVE() GEOMETRIC_REPRESENTATION_ITEM() 
RATIONAL_B_SPLINE_CURVE((1.,0.5,1.,0.5,1.,0.5,1.)) REPRESENTATION_ITEM(
  '') );
#544 = CARTESIAN_POINT('',(-0.648001016002,-35.17907035814,1.50000508001
    ));
#545 = CARTESIAN_POINT('',(-0.648001016002,-31.02213962114,1.50000508001
    ));
#546 = CARTESIAN_POINT('',(-4.248008636017,-33.10060498964,1.50000508001
    ));
#547 = CARTESIAN_POINT('',(-7.848016256033,-35.17907035814,1.50000508001
    ));
#548 = CARTESIAN_POINT('',(-4.248008636017,-37.25753572664,1.50000508001
    ));
#549 = CARTESIAN_POINT('',(-0.648001016002,-39.33600109514,1.50000508001
    ));
#550 = CARTESIAN_POINT('',(-0.648001016002,-35.17907035814,1.50000508001
    ));
#551 = B_SPLINE_SURFACE_WITH_KNOTS('',1,1,(
    (#552,#553)
    ,(#554,#555
    )),.UNSPECIFIED.,.F.,.F.,.F.,(2,2),(2,2),(-187.5,187.5),(-167.5,
    165.47245),.PIECEWISE_BEZIER_KNOTS.);
#552 = CARTESIAN_POINT('',(1.587503175006,-39.43357886715,1.50000508001)
  );
#553 = CARTESIAN_POINT('',(1.587503175006,-30.97606172212,1.50000508001)
  );
#554 = CARTESIAN_POINT('',(-7.937515875032,-39.43357886715,1.50000508001
    ));
#555 = CARTESIAN_POINT('',(-7.937515875032,-30.97606172212,1.50000508001
    ));
#556 = ADVANCED_FACE('',(#557),#574,.T.);
#557 = FACE_BOUND('',#558,.T.);
#558 = EDGE_LOOP('',(#559,#566,#567,#568));
#559 = ORIENTED_EDGE('',*,*,#560,.T.);
#560 = EDGE_CURVE('',#561,#227,#563,.T.);
#561 = VERTEX_POINT('',#562);
#562 = CARTESIAN_POINT('',(1.587503175006,-40.93357886715,1.5));
#563 = B_SPLINE_CURVE_WITH_KNOTS('',1,(#564,#565),.UNSPECIFIED.,.F.,.F.,
  (2,2),(0.,1.),.PIECEWISE_BEZIER_KNOTS.);
#564 = CARTESIAN_POINT('',(1.587503175006,-40.93357886715,1.5));
#565 = CARTESIAN_POINT('',(1.587503175006,-32.48,1.5));
#566 = ORIENTED_EDGE('',*,*,#233,.T.);
#567 = ORIENTED_EDGE('',*,*,#37,.T.);
#568 = ORIENTED_EDGE('',*,*,#569,.T.);
#569 = EDGE_CURVE('',#31,#561,#570,.T.);
#570 = LINE('',#571,#572);
#571 = CARTESIAN_POINT('',(-97.76219329438,-40.93357886715,1.5));
#572 = VECTOR('',#573,1.);
#573 = DIRECTION('',(1.,0.,-0.));
#574 = PLANE('',#575);
#575 = AXIS2_PLACEMENT_3D('',#576,#577,#578);
#576 = CARTESIAN_POINT('',(-97.76219329438,-40.93357886715,1.5));
#577 = DIRECTION('',(0.,0.,1.));
#578 = DIRECTION('',(1.,0.,-0.));
#579 = ADVANCED_FACE('',(#580),#590,.T.);
#580 = FACE_BOUND('',#581,.T.);
#581 = EDGE_LOOP('',(#582,#583,#588,#589));
#582 = ORIENTED_EDGE('',*,*,#64,.F.);
#583 = ORIENTED_EDGE('',*,*,#584,.T.);
#584 = EDGE_CURVE('',#65,#561,#585,.T.);
#585 = B_SPLINE_CURVE_WITH_KNOTS('',1,(#586,#587),.UNSPECIFIED.,.F.,.F.,
  (2,2),(0.,118.1102),.PIECEWISE_BEZIER_KNOTS.);
#586 = CARTESIAN_POINT('',(1.587503175006,-40.93357886715,-1.5));
#587 = CARTESIAN_POINT('',(1.587503175006,-40.93357886715,1.50000508001)
  );
#588 = ORIENTED_EDGE('',*,*,#569,.F.);
#589 = ORIENTED_EDGE('',*,*,#30,.F.);
#590 = B_SPLINE_SURFACE_WITH_KNOTS('',1,1,(
    (#591,#592)
    ,(#593,#594
    )),.UNSPECIFIED.,.F.,.F.,.F.,(2,2),(2,2),(0.,375.),(-118.1102,0.),
  .PIECEWISE_BEZIER_KNOTS.);
#591 = CARTESIAN_POINT('',(1.587503175006,-40.93357886715,1.50000508001)
  );
#592 = CARTESIAN_POINT('',(1.587503175006,-40.93357886715,-1.5));
#593 = CARTESIAN_POINT('',(-7.937515875032,-40.93357886715,1.50000508001
    ));
#594 = CARTESIAN_POINT('',(-7.937515875032,-40.93357886715,-1.5));
#595 = ADVANCED_FACE('',(#596),#603,.T.);
#596 = FACE_BOUND('',#597,.T.);
#597 = EDGE_LOOP('',(#598,#599,#600,#601,#602));
#598 = ORIENTED_EDGE('',*,*,#80,.F.);
#599 = ORIENTED_EDGE('',*,*,#147,.F.);
#600 = ORIENTED_EDGE('',*,*,#226,.T.);
#601 = ORIENTED_EDGE('',*,*,#560,.F.);
#602 = ORIENTED_EDGE('',*,*,#584,.F.);
#603 = B_SPLINE_SURFACE_WITH_KNOTS('',1,1,(
    (#604,#605)
    ,(#606,#607
    )),.UNSPECIFIED.,.F.,.F.,.F.,(2,2),(2,2),(2.02755,335.),(-118.1102,
    0.),.PIECEWISE_BEZIER_KNOTS.);
#604 = CARTESIAN_POINT('',(1.587503175006,-32.47606172212,1.50000508001)
  );
#605 = CARTESIAN_POINT('',(1.587503175006,-32.47606172212,-1.5));
#606 = CARTESIAN_POINT('',(1.587503175006,-40.93357886715,1.50000508001)
  );
#607 = CARTESIAN_POINT('',(1.587503175006,-40.93357886715,-1.5));
#608 = ADVANCED_FACE('',(#609),#632,.T.);
#609 = FACE_BOUND('',#610,.T.);
#610 = EDGE_LOOP('',(#611,#612,#619,#627));
#611 = ORIENTED_EDGE('',*,*,#72,.F.);
#612 = ORIENTED_EDGE('',*,*,#613,.T.);
#613 = EDGE_CURVE('',#24,#614,#616,.T.);
#614 = VERTEX_POINT('',#615);
#615 = CARTESIAN_POINT('',(-7.937515875032,-32.48,-1.5));
#616 = B_SPLINE_CURVE_WITH_KNOTS('',1,(#617,#618),.UNSPECIFIED.,.F.,.F.,
  (2,2),(0.,332.97245),.PIECEWISE_BEZIER_KNOTS.);
#617 = CARTESIAN_POINT('',(-7.937515875032,-40.93357886715,-1.5));
#618 = CARTESIAN_POINT('',(-7.937515875032,-32.47606172212,-1.5));
#619 = ORIENTED_EDGE('',*,*,#620,.T.);
#620 = EDGE_CURVE('',#614,#621,#623,.T.);
#621 = VERTEX_POINT('',#622);
#622 = CARTESIAN_POINT('',(1.587503175006,-32.48,-1.5));
#623 = LINE('',#624,#625);
#624 = CARTESIAN_POINT('',(-98.26219329438,-32.48,-1.5));
#625 = VECTOR('',#626,1.);
#626 = DIRECTION('',(1.,0.,-0.));
#627 = ORIENTED_EDGE('',*,*,#628,.T.);
#628 = EDGE_CURVE('',#621,#73,#629,.T.);
#629 = B_SPLINE_CURVE_WITH_KNOTS('',1,(#630,#631),.UNSPECIFIED.,.F.,.F.,
  (2,2),(2.02755,335.),.PIECEWISE_BEZIER_KNOTS.);
#630 = CARTESIAN_POINT('',(1.587503175006,-32.47606172212,-1.5));
#631 = CARTESIAN_POINT('',(1.587503175006,-40.93357886715,-1.5));
#632 = B_SPLINE_SURFACE_WITH_KNOTS('',1,1,(
    (#633,#634)
    ,(#635,#636
    )),.UNSPECIFIED.,.F.,.F.,.F.,(2,2),(2,2),(-1.97202755E+03,
    1.97202755E+03),(-2.825E+03,2.8252224E+03),
  .PIECEWISE_BEZIER_KNOTS.);
#633 = CARTESIAN_POINT('',(3.417006604013,-40.93357886715,-1.5));
#634 = CARTESIAN_POINT('',(3.417006604013,102.58235712471,-1.5));
#635 = CARTESIAN_POINT('',(-96.76219329438,-40.93357886715,-1.5));
#636 = CARTESIAN_POINT('',(-96.76219329438,102.58235712471,-1.5));
#637 = ADVANCED_FACE('',(#638),#786,.F.);
#638 = FACE_BOUND('',#639,.F.);
#639 = EDGE_LOOP('',(#640,#645,#646,#783,#784,#785));
#640 = ORIENTED_EDGE('',*,*,#641,.T.);
#641 = EDGE_CURVE('',#88,#253,#642,.T.);
#642 = B_SPLINE_CURVE_WITH_KNOTS('',1,(#643,#644),.UNSPECIFIED.,.F.,.F.,
  (2,2),(0.,118.1102),.PIECEWISE_BEZIER_KNOTS.);
#643 = CARTESIAN_POINT('',(-0.648001016002,-36.67907035814,-1.5));
#644 = CARTESIAN_POINT('',(-0.648001016002,-36.67907035814,1.50000508001
    ));
#645 = ORIENTED_EDGE('',*,*,#252,.T.);
#646 = ORIENTED_EDGE('',*,*,#647,.T.);
#647 = EDGE_CURVE('',#241,#392,#648,.T.);
#648 = B_SPLINE_CURVE_WITH_KNOTS('',5,(#649,#650,#651,#652,#653,#654,
    #655,#656,#657,#658,#659,#660,#661,#662,#663,#664,#665,#666,#667,
    #668,#669,#670,#671,#672,#673,#674,#675,#676,#677,#678,#679,#680,
    #681,#682,#683,#684,#685,#686,#687,#688,#689,#690,#691,#692,#693,
    #694,#695,#696,#697,#698,#699,#700,#701,#702,#703,#704,#705,#706,
    #707,#708,#709,#710,#711,#712,#713,#714,#715,#716,#717,#718,#719,
    #720,#721,#722,#723,#724,#725,#726,#727,#728,#729,#730,#731,#732,
    #733,#734,#735,#736,#737,#738,#739,#740,#741,#742,#743,#744,#745,
    #746,#747,#748,#749,#750,#751,#752,#753,#754,#755,#756,#757,#758,
    #759,#760,#761,#762,#763,#764,#765,#766,#767,#768,#769,#770,#771,
    #772,#773,#774,#775,#776,#777,#778,#779,#780,#781,#782),
  .UNSPECIFIED.,.T.,.F.,(1,5,4,4,4,4,4,4,4,4,4,4,4,4,4,4,4,4,4,4,4,4,4,4
    ,4,4,4,4,4,4,4,4,4,4,5,1),(-4.804752E-02,0.,4.715870798069E-02,
    8.0804391989E-02,0.105667032318,0.123706256764,0.166954630089,
    0.216587564542,0.237626991584,0.266147690298,0.305421423566,
    0.332899806481,0.339728799835,0.360795194315,0.399370915715,
    0.427380462259,0.446996562307,0.496766345683,0.546536129059,
    0.566152229107,0.594161775651,0.632737497051,0.646910086703,
    0.65386824611,0.660825947217,0.68882222212,0.728836157307,
    0.757894392797,0.779330355207,0.829898734046,0.87396222033,
    0.892341434572,0.917672667331,0.95195248,1.,1.047158707981),
  .UNSPECIFIED.);
#649 = CARTESIAN_POINT('',(-0.648001016002,-36.67907035814,1.5));
#650 = CARTESIAN_POINT('',(-0.648001016002,-36.81679892789,1.5));
#651 = CARTESIAN_POINT('',(-0.657881116719,-36.95568703717,1.5));
#652 = CARTESIAN_POINT('',(-0.677971777376,-37.09457196633,1.5));
#653 = CARTESIAN_POINT('',(-0.70835853513,-37.23227646338,1.5));
#654 = CARTESIAN_POINT('',(-0.777815818391,-37.46419596495,1.5));
#655 = CARTESIAN_POINT('',(-0.811904107523,-37.55956963387,1.5));
#656 = CARTESIAN_POINT('',(-0.851106580144,-37.65332607649,1.5));
#657 = CARTESIAN_POINT('',(-0.895315195389,-37.74505804352,1.5));
#658 = CARTESIAN_POINT('',(-0.980614157142,-37.90037494566,1.5));
#659 = CARTESIAN_POINT('',(-1.019506348387,-37.96505719874,1.5));
#660 = CARTESIAN_POINT('',(-1.060978190206,-38.02826375006,1.5));
#661 = CARTESIAN_POINT('',(-1.104949887174,-38.08984519013,1.5));
#662 = CARTESIAN_POINT('',(-1.184976656779,-38.19305894536,1.5));
#663 = CARTESIAN_POINT('',(-1.219892565902,-38.23552801379,1.5));
#664 = CARTESIAN_POINT('',(-1.256039122511,-38.27701324038,1.5));
#665 = CARTESIAN_POINT('',(-1.293376925993,-38.31746340404,1.5));
#666 = CARTESIAN_POINT('',(-1.424132154766,-38.45121001876,1.5));
#667 = CARTESIAN_POINT('',(-1.52300413297,-38.53936417189,1.5));
#668 = CARTESIAN_POINT('',(-1.627882364668,-38.62061963648,1.5));
#669 = CARTESIAN_POINT('',(-1.738076359183,-38.69441464794,1.5));
#670 = CARTESIAN_POINT('',(-1.984474288841,-38.83591485936,1.5));
#671 = CARTESIAN_POINT('',(-2.122125352309,-38.9011176869,1.5));
#672 = CARTESIAN_POINT('',(-2.264577516705,-38.95523285817,1.5));
#673 = CARTESIAN_POINT('',(-2.410559660681,-38.99781804063,1.5));
#674 = CARTESIAN_POINT('',(-2.621529820999,-39.04175063665,1.5));
#675 = CARTESIAN_POINT('',(-2.684729537699,-39.05272180818,1.5));
#676 = CARTESIAN_POINT('',(-2.748220639587,-39.06157020064,1.5));
#677 = CARTESIAN_POINT('',(-2.811900790893,-39.06828903358,1.5));
#678 = CARTESIAN_POINT('',(-2.962107519547,-39.07910296255,1.5));
#679 = CARTESIAN_POINT('',(-3.048706847642,-39.08141563365,1.5));
#680 = CARTESIAN_POINT('',(-3.13520791925,-39.07982149905,1.5));
#681 = CARTESIAN_POINT('',(-3.221356801677,-39.0743528436,1.5));
#682 = CARTESIAN_POINT('',(-3.424701685991,-39.05228859232,1.5));
#683 = CARTESIAN_POINT('',(-3.541360212592,-39.03227486254,1.5));
#684 = CARTESIAN_POINT('',(-3.656221134419,-39.00518927994,1.5));
#685 = CARTESIAN_POINT('',(-3.768662771618,-38.97129278049,1.5));
#686 = CARTESIAN_POINT('',(-3.954678520929,-38.90272268635,1.5));
#687 = CARTESIAN_POINT('',(-4.029784842507,-38.87133960687,1.5));
#688 = CARTESIAN_POINT('',(-4.103226502983,-38.83692470561,1.5));
#689 = CARTESIAN_POINT('',(-4.174821749951,-38.79962541841,1.5));
#690 = CARTESIAN_POINT('',(-4.261698030947,-38.74966790625,1.5));
#691 = CARTESIAN_POINT('',(-4.278968137565,-38.73949810476,1.5));
#692 = CARTESIAN_POINT('',(-4.296239907835,-38.72908283562,1.5));
#693 = CARTESIAN_POINT('',(-4.313513366429,-38.71841641145,1.5));
#694 = CARTESIAN_POINT('',(-4.383979564797,-38.67385447804,1.5));
#695 = CARTESIAN_POINT('',(-4.436279263985,-38.6383377711,1.5));
#696 = CARTESIAN_POINT('',(-4.487555735903,-38.60099071025,1.5));
#697 = CARTESIAN_POINT('',(-4.537706203168,-38.56185609183,1.5));
#698 = CARTESIAN_POINT('',(-4.676223803931,-38.44614675681,1.5));
#699 = CARTESIAN_POINT('',(-4.761712001972,-38.36548665883,1.5));
#700 = CARTESIAN_POINT('',(-4.84249166977,-38.27932782033,1.5));
#701 = CARTESIAN_POINT('',(-4.918026054649,-38.18808034026,1.5));
#702 = CARTESIAN_POINT('',(-5.038546011574,-38.02264340779,1.5));
#703 = CARTESIAN_POINT('',(-5.086233064055,-37.95062627168,1.5));
#704 = CARTESIAN_POINT('',(-5.130731759963,-37.87637163951,1.5));
#705 = CARTESIAN_POINT('',(-5.171887489172,-37.80008399668,1.5));
#706 = CARTESIAN_POINT('',(-5.235958556292,-37.66728918272,1.5));
#707 = CARTESIAN_POINT('',(-5.260644286254,-37.61170475509,1.5));
#708 = CARTESIAN_POINT('',(-5.283581084554,-37.55530742482,1.5));
#709 = CARTESIAN_POINT('',(-5.304730023138,-37.49817599623,1.5));
#710 = CARTESIAN_POINT('',(-5.373097647225,-37.29378375878,1.5));
#711 = CARTESIAN_POINT('',(-5.410418254971,-37.14296898412,1.5));
#712 = CARTESIAN_POINT('',(-5.435479771109,-36.98929833407,1.5));
#713 = CARTESIAN_POINT('',(-5.448011176022,-36.8341809746,1.5));
#714 = CARTESIAN_POINT('',(-5.448011176022,-36.52395974167,1.5));
#715 = CARTESIAN_POINT('',(-5.435479771109,-36.36884238221,1.5));
#716 = CARTESIAN_POINT('',(-5.410418254972,-36.21517173215,1.5));
#717 = CARTESIAN_POINT('',(-5.373097647226,-36.06435695749,1.5));
#718 = CARTESIAN_POINT('',(-5.304730023139,-35.85996472005,1.5));
#719 = CARTESIAN_POINT('',(-5.283581084555,-35.80283329146,1.5));
#720 = CARTESIAN_POINT('',(-5.260644286255,-35.74643596118,1.5));
#721 = CARTESIAN_POINT('',(-5.235958556293,-35.69085153356,1.5));
#722 = CARTESIAN_POINT('',(-5.171887489173,-35.55805671959,1.5));
#723 = CARTESIAN_POINT('',(-5.130731759965,-35.48176907676,1.5));
#724 = CARTESIAN_POINT('',(-5.086233064056,-35.40751444459,1.5));
#725 = CARTESIAN_POINT('',(-5.038546011575,-35.33549730848,1.5));
#726 = CARTESIAN_POINT('',(-4.918026054651,-35.17006037601,1.5));
#727 = CARTESIAN_POINT('',(-4.842491669772,-35.07881289594,1.5));
#728 = CARTESIAN_POINT('',(-4.761712001973,-34.99265405745,1.5));
#729 = CARTESIAN_POINT('',(-4.676223803933,-34.91199395947,1.5));
#730 = CARTESIAN_POINT('',(-4.553716924635,-34.80965902541,1.5));
#731 = CARTESIAN_POINT('',(-4.520247329502,-34.78294884637,1.5));
#732 = CARTESIAN_POINT('',(-4.486253540947,-34.75703998978,1.5));
#733 = CARTESIAN_POINT('',(-4.451766393231,-34.73194640935,1.5));
#734 = CARTESIAN_POINT('',(-4.399659333491,-34.69576648431,1.5));
#735 = CARTESIAN_POINT('',(-4.382468992725,-34.68410724933,1.5));
#736 = CARTESIAN_POINT('',(-4.36525258413,-34.67270028433,1.5));
#737 = CARTESIAN_POINT('',(-4.34801577606,-34.66154319269,1.5));
#738 = CARTESIAN_POINT('',(-4.313513366431,-34.63972430482,1.5));
#739 = CARTESIAN_POINT('',(-4.296239907837,-34.62905788065,1.5));
#740 = CARTESIAN_POINT('',(-4.278968137566,-34.61864261151,1.5));
#741 = CARTESIAN_POINT('',(-4.261698030949,-34.60847281002,1.5));
#742 = CARTESIAN_POINT('',(-4.174821749952,-34.55851529786,1.5));
#743 = CARTESIAN_POINT('',(-4.103226502984,-34.52121601067,1.5));
#744 = CARTESIAN_POINT('',(-4.029784842508,-34.48680110941,1.5));
#745 = CARTESIAN_POINT('',(-3.95467852093,-34.45541802993,1.5));
#746 = CARTESIAN_POINT('',(-3.76866277162,-34.38684793578,1.5));
#747 = CARTESIAN_POINT('',(-3.656221134421,-34.35295143633,1.5));
#748 = CARTESIAN_POINT('',(-3.541360212594,-34.32586585373,1.5));
#749 = CARTESIAN_POINT('',(-3.424701685993,-34.30585212395,1.5));
#750 = CARTESIAN_POINT('',(-3.221356801679,-34.28378787267,1.5));
#751 = CARTESIAN_POINT('',(-3.135207919252,-34.27831921723,1.5));
#752 = CARTESIAN_POINT('',(-3.048706847644,-34.27672508262,1.5));
#753 = CARTESIAN_POINT('',(-2.962107519548,-34.27903775372,1.5));
#754 = CARTESIAN_POINT('',(-2.811900790894,-34.28985168269,1.5));
#755 = CARTESIAN_POINT('',(-2.748220639589,-34.29657051563,1.5));
#756 = CARTESIAN_POINT('',(-2.684729537701,-34.30541890809,1.5));
#757 = CARTESIAN_POINT('',(-2.621529821,-34.31639007962,1.5));
#758 = CARTESIAN_POINT('',(-2.410559660682,-34.36032267564,1.5));
#759 = CARTESIAN_POINT('',(-2.264577516706,-34.4029078581,1.5));
#760 = CARTESIAN_POINT('',(-2.12212535231,-34.45702302937,1.5));
#761 = CARTESIAN_POINT('',(-1.984474288842,-34.52222585692,1.5));
#762 = CARTESIAN_POINT('',(-1.738076359183,-34.66372606833,1.5));
#763 = CARTESIAN_POINT('',(-1.627882364669,-34.73752107979,1.5));
#764 = CARTESIAN_POINT('',(-1.52300413297,-34.81877654438,1.5));
#765 = CARTESIAN_POINT('',(-1.424132154766,-34.90693069751,1.5));
#766 = CARTESIAN_POINT('',(-1.293376925994,-35.04067731223,1.5));
#767 = CARTESIAN_POINT('',(-1.256039122511,-35.08112747589,1.5));
#768 = CARTESIAN_POINT('',(-1.219892565902,-35.12261270248,1.5));
#769 = CARTESIAN_POINT('',(-1.18497665678,-35.16508177092,1.5));
#770 = CARTESIAN_POINT('',(-1.104949887174,-35.26829552614,1.5));
#771 = CARTESIAN_POINT('',(-1.060978190206,-35.32987696621,1.5));
#772 = CARTESIAN_POINT('',(-1.019506348387,-35.39308351753,1.5));
#773 = CARTESIAN_POINT('',(-0.980614157142,-35.45776577061,1.5));
#774 = CARTESIAN_POINT('',(-0.895315195389,-35.61308267275,1.5));
#775 = CARTESIAN_POINT('',(-0.851106580144,-35.70481463978,1.5));
#776 = CARTESIAN_POINT('',(-0.811904107523,-35.7985710824,1.5));
#777 = CARTESIAN_POINT('',(-0.777815818391,-35.89394475132,1.5));
#778 = CARTESIAN_POINT('',(-0.70835853513,-36.12586425289,1.5));
#779 = CARTESIAN_POINT('',(-0.677971777376,-36.26356874994,1.5));
#780 = CARTESIAN_POINT('',(-0.657881116719,-36.4024536791,1.5));
#781 = CARTESIAN_POINT('',(-0.648001016002,-36.54134178838,1.5));
#782 = CARTESIAN_POINT('',(-0.648001016002,-36.67907035814,1.5));
#783 = ORIENTED_EDGE('',*,*,#391,.T.);
#784 = ORIENTED_EDGE('',*,*,#641,.F.);
#785 = ORIENTED_EDGE('',*,*,#87,.T.);
#786 = ( BOUNDED_SURFACE() B_SPLINE_SURFACE(2,1,(
    (#787,#788)
    ,(#789,#790)
    ,(#791,#792)
    ,(#793,#794)
    ,(#795,#796)
    ,(#797,#798)
,(#799,#800
    )),.UNSPECIFIED.,.T.,.F.,.F.) B_SPLINE_SURFACE_WITH_KNOTS((1,2,2,2,2
    ,1),(2,2),(-2.094395102394,0.,2.094395102393,4.188790204786,
    6.28318530718,8.377580409573),(0.,118.1102),.UNSPECIFIED.) 
GEOMETRIC_REPRESENTATION_ITEM() RATIONAL_B_SPLINE_SURFACE((
    (1.,1.)
    ,(0.5,0.5)
    ,(1.,1.)
    ,(0.5,0.5)
    ,(1.,1.)
    ,(0.5,0.5)
,(1.,1.))) REPRESENTATION_ITEM('') SURFACE() );
#787 = CARTESIAN_POINT('',(-0.648001016002,-36.67907035814,-1.5));
#788 = CARTESIAN_POINT('',(-0.648001016002,-36.67907035814,1.50000508001
    ));
#789 = CARTESIAN_POINT('',(-0.648001016002,-32.52213962114,-1.5));
#790 = CARTESIAN_POINT('',(-0.648001016002,-32.52213962114,1.50000508001
    ));
#791 = CARTESIAN_POINT('',(-4.248008636017,-34.60060498964,-1.5));
#792 = CARTESIAN_POINT('',(-4.248008636017,-34.60060498964,1.50000508001
    ));
#793 = CARTESIAN_POINT('',(-7.848016256033,-36.67907035814,-1.5));
#794 = CARTESIAN_POINT('',(-7.848016256033,-36.67907035814,1.50000508001
    ));
#795 = CARTESIAN_POINT('',(-4.248008636017,-38.75753572664,-1.5));
#796 = CARTESIAN_POINT('',(-4.248008636017,-38.75753572664,1.50000508001
    ));
#797 = CARTESIAN_POINT('',(-0.648001016002,-40.83600109514,-1.5));
#798 = CARTESIAN_POINT('',(-0.648001016002,-40.83600109514,1.50000508001
    ));
#799 = CARTESIAN_POINT('',(-0.648001016002,-36.67907035814,-1.5));
#800 = CARTESIAN_POINT('',(-0.648001016002,-36.67907035814,1.50000508001
    ));
#801 = ADVANCED_FACE('',(#802),#873,.F.);
#802 = FACE_BOUND('',#803,.F.);
#803 = EDGE_LOOP('',(#804,#814,#820,#821,#828,#836,#844,#852,#860,#868)
  );
#804 = ORIENTED_EDGE('',*,*,#805,.F.);
#805 = EDGE_CURVE('',#806,#808,#810,.T.);
#806 = VERTEX_POINT('',#807);
#807 = CARTESIAN_POINT('',(-98.762,97.62,-1.5));
#808 = VERTEX_POINT('',#809);
#809 = CARTESIAN_POINT('',(-95.12985521971,97.62,-1.5));
#810 = LINE('',#811,#812);
#811 = CARTESIAN_POINT('',(-98.762,97.62,-1.5));
#812 = VECTOR('',#813,1.);
#813 = DIRECTION('',(1.,0.,-0.));
#814 = ORIENTED_EDGE('',*,*,#815,.F.);
#815 = EDGE_CURVE('',#108,#806,#816,.T.);
#816 = LINE('',#817,#818);
#817 = CARTESIAN_POINT('',(-98.762,-32.98,-1.5));
#818 = VECTOR('',#819,1.);
#819 = DIRECTION('',(-0.,1.,0.));
#820 = ORIENTED_EDGE('',*,*,#107,.T.);
#821 = ORIENTED_EDGE('',*,*,#822,.T.);
#822 = EDGE_CURVE('',#110,#823,#825,.T.);
#823 = VERTEX_POINT('',#824);
#824 = CARTESIAN_POINT('',(-94.93268986538,-32.48,-1.5));
#825 = B_SPLINE_CURVE_WITH_KNOTS('',1,(#826,#827),.UNSPECIFIED.,.F.,.F.,
  (2,2),(0.,332.97245),.PIECEWISE_BEZIER_KNOTS.);
#826 = CARTESIAN_POINT('',(-94.93268986538,-40.93357886715,-1.5));
#827 = CARTESIAN_POINT('',(-94.93268986538,-32.47606172212,-1.5));
#828 = ORIENTED_EDGE('',*,*,#829,.F.);
#829 = EDGE_CURVE('',#830,#823,#832,.T.);
#830 = VERTEX_POINT('',#831);
#831 = CARTESIAN_POINT('',(-98.262,-32.48,-1.5));
#832 = LINE('',#833,#834);
#833 = CARTESIAN_POINT('',(-98.26219329438,-32.48,-1.5));
#834 = VECTOR('',#835,1.);
#835 = DIRECTION('',(1.,0.,-0.));
#836 = ORIENTED_EDGE('',*,*,#837,.F.);
#837 = EDGE_CURVE('',#838,#830,#840,.T.);
#838 = VERTEX_POINT('',#839);
#839 = CARTESIAN_POINT('',(-98.26219329438,-32.48,-1.5));
#840 = LINE('',#841,#842);
#841 = CARTESIAN_POINT('',(-98.26219329438,-32.48,-1.5));
#842 = VECTOR('',#843,1.);
#843 = DIRECTION('',(1.,0.,-0.));
#844 = ORIENTED_EDGE('',*,*,#845,.T.);
#845 = EDGE_CURVE('',#838,#846,#848,.T.);
#846 = VERTEX_POINT('',#847);
#847 = CARTESIAN_POINT('',(-98.26219329438,97.12,-1.5));
#848 = LINE('',#849,#850);
#849 = CARTESIAN_POINT('',(-98.26219329438,-32.48,-1.5));
#850 = VECTOR('',#851,1.);
#851 = DIRECTION('',(-0.,1.,0.));
#852 = ORIENTED_EDGE('',*,*,#853,.T.);
#853 = EDGE_CURVE('',#846,#854,#856,.T.);
#854 = VERTEX_POINT('',#855);
#855 = CARTESIAN_POINT('',(-98.262,97.12,-1.5));
#856 = LINE('',#857,#858);
#857 = CARTESIAN_POINT('',(-98.26219329438,97.12,-1.5));
#858 = VECTOR('',#859,1.);
#859 = DIRECTION('',(1.,0.,-0.));
#860 = ORIENTED_EDGE('',*,*,#861,.T.);
#861 = EDGE_CURVE('',#854,#862,#864,.T.);
#862 = VERTEX_POINT('',#863);
#863 = CARTESIAN_POINT('',(-95.12985521971,97.12,-1.5));
#864 = LINE('',#865,#866);
#865 = CARTESIAN_POINT('',(-98.26219329438,97.12,-1.5));
#866 = VECTOR('',#867,1.);
#867 = DIRECTION('',(1.,0.,-0.));
#868 = ORIENTED_EDGE('',*,*,#869,.T.);
#869 = EDGE_CURVE('',#862,#808,#870,.T.);
#870 = B_SPLINE_CURVE_WITH_KNOTS('',1,(#871,#872),.UNSPECIFIED.,.F.,.F.,
  (2,2),(1.80515,335.),.PIECEWISE_BEZIER_KNOTS.);
#871 = CARTESIAN_POINT('',(-95.12985521971,97.119191008382,-1.5));
#872 = CARTESIAN_POINT('',(-95.12985521971,105.58235712471,-1.5));
#873 = PLANE('',#874);
#874 = AXIS2_PLACEMENT_3D('',#875,#876,#877);
#875 = CARTESIAN_POINT('',(-98.762,-32.98,-1.5));
#876 = DIRECTION('',(0.,0.,1.));
#877 = DIRECTION('',(1.,0.,-0.));
#878 = ADVANCED_FACE('',(#879),#908,.T.);
#879 = FACE_BOUND('',#880,.T.);
#880 = EDGE_LOOP('',(#881,#888,#895,#902,#907));
#881 = ORIENTED_EDGE('',*,*,#882,.F.);
#882 = EDGE_CURVE('',#883,#110,#885,.T.);
#883 = VERTEX_POINT('',#884);
#884 = CARTESIAN_POINT('',(-94.93268986538,-40.93357886715,-1.5));
#885 = B_SPLINE_CURVE_WITH_KNOTS('',1,(#886,#887),.UNSPECIFIED.,.F.,.F.,
  (2,2),(0.,332.97245),.PIECEWISE_BEZIER_KNOTS.);
#886 = CARTESIAN_POINT('',(-94.93268986538,-40.93357886715,-1.5));
#887 = CARTESIAN_POINT('',(-94.93268986538,-32.47606172212,-1.5));
#888 = ORIENTED_EDGE('',*,*,#889,.T.);
#889 = EDGE_CURVE('',#883,#890,#892,.T.);
#890 = VERTEX_POINT('',#891);
#891 = CARTESIAN_POINT('',(-94.93268986538,-40.93357886715,1.5));
#892 = B_SPLINE_CURVE_WITH_KNOTS('',1,(#893,#894),.UNSPECIFIED.,.F.,.F.,
  (2,2),(0.,118.1102),.PIECEWISE_BEZIER_KNOTS.);
#893 = CARTESIAN_POINT('',(-94.93268986538,-40.93357886715,-1.5));
#894 = CARTESIAN_POINT('',(-94.93268986538,-40.93357886715,1.50000508001
    ));
#895 = ORIENTED_EDGE('',*,*,#896,.F.);
#896 = EDGE_CURVE('',#897,#890,#899,.T.);
#897 = VERTEX_POINT('',#898);
#898 = CARTESIAN_POINT('',(-94.93268986538,-39.43357886715,
    1.500005080009));
#899 = B_SPLINE_CURVE_WITH_KNOTS('',1,(#900,#901),.UNSPECIFIED.,.F.,.F.,
  (2,2),(0.,1.),.PIECEWISE_BEZIER_KNOTS.);
#900 = CARTESIAN_POINT('',(-94.93268986538,-32.48,1.5));
#901 = CARTESIAN_POINT('',(-94.93268986538,-40.93357886715,1.5));
#902 = ORIENTED_EDGE('',*,*,#903,.T.);
#903 = EDGE_CURVE('',#897,#206,#904,.T.);
#904 = B_SPLINE_CURVE_WITH_KNOTS('',1,(#905,#906),.UNSPECIFIED.,.F.,.F.,
  (2,2),(0.,332.97245),.PIECEWISE_BEZIER_KNOTS.);
#905 = CARTESIAN_POINT('',(-94.93268986538,-39.43357886715,1.50000508001
    ));
#906 = CARTESIAN_POINT('',(-94.93268986538,-30.97606172212,1.50000508001
    ));
#907 = ORIENTED_EDGE('',*,*,#212,.T.);
#908 = B_SPLINE_SURFACE_WITH_KNOTS('',1,1,(
    (#909,#910)
    ,(#911,#912
    )),.UNSPECIFIED.,.F.,.F.,.F.,(2,2),(2,2),(0.,332.97245),(-118.1102,
    0.),.PIECEWISE_BEZIER_KNOTS.);
#909 = CARTESIAN_POINT('',(-94.93268986538,-40.93357886715,1.50000508001
    ));
#910 = CARTESIAN_POINT('',(-94.93268986538,-40.93357886715,-1.5));
#911 = CARTESIAN_POINT('',(-94.93268986538,-32.47606172212,1.50000508001
    ));
#912 = CARTESIAN_POINT('',(-94.93268986538,-32.47606172212,-1.5));
#913 = ADVANCED_FACE('',(#914),#1243,.F.);
#914 = FACE_BOUND('',#915,.F.);
#915 = EDGE_LOOP('',(#916,#917,#924,#929,#930,#931,#943,#1082,#1221,
    #1233));
#916 = ORIENTED_EDGE('',*,*,#190,.T.);
#917 = ORIENTED_EDGE('',*,*,#918,.T.);
#918 = EDGE_CURVE('',#184,#919,#921,.T.);
#919 = VERTEX_POINT('',#920);
#920 = CARTESIAN_POINT('',(-85.40767081534,-39.43357886715,
    1.500005080009));
#921 = B_SPLINE_CURVE_WITH_KNOTS('',1,(#922,#923),.UNSPECIFIED.,.F.,.F.,
  (2,2),(2.02755,335.),.PIECEWISE_BEZIER_KNOTS.);
#922 = CARTESIAN_POINT('',(-85.40767081534,-30.97606172212,1.50000508001
    ));
#923 = CARTESIAN_POINT('',(-85.40767081534,-39.43357886715,1.50000508001
    ));
#924 = ORIENTED_EDGE('',*,*,#925,.T.);
#925 = EDGE_CURVE('',#919,#897,#926,.T.);
#926 = B_SPLINE_CURVE_WITH_KNOTS('',1,(#927,#928),.UNSPECIFIED.,.F.,.F.,
  (2,2),(0.,375.),.PIECEWISE_BEZIER_KNOTS.);
#927 = CARTESIAN_POINT('',(-85.40767081534,-39.43357886715,1.50000508001
    ));
#928 = CARTESIAN_POINT('',(-94.93268986538,-39.43357886715,1.50000508001
    ));
#929 = ORIENTED_EDGE('',*,*,#903,.T.);
#930 = ORIENTED_EDGE('',*,*,#205,.T.);
#931 = ORIENTED_EDGE('',*,*,#932,.T.);
#932 = EDGE_CURVE('',#198,#933,#935,.T.);
#933 = VERTEX_POINT('',#934);
#934 = CARTESIAN_POINT('',(-92.32298805661,-35.92907036006,
    1.500002540005));
#935 = ( BOUNDED_CURVE() B_SPLINE_CURVE(2,(#936,#937,#938,#939,#940,#941
,#942),.UNSPECIFIED.,.T.,.F.) B_SPLINE_CURVE_WITH_KNOTS((1,2,2,2,2,1),(
    -2.094395102394,0.,2.094395102393,4.188790204786,6.28318530718,
8.377580409573),.UNSPECIFIED.) CURVE() GEOMETRIC_REPRESENTATION_ITEM() 
RATIONAL_B_SPLINE_CURVE((1.,0.5,1.,0.5,1.,0.5,1.)) REPRESENTATION_ITEM(
  '') );
#936 = CARTESIAN_POINT('',(-87.64317500635,-35.17907035814,1.50000508001
    ));
#937 = CARTESIAN_POINT('',(-87.64317500635,-31.02213962114,1.50000508001
    ));
#938 = CARTESIAN_POINT('',(-91.24318262636,-33.10060498964,1.50000508001
    ));
#939 = CARTESIAN_POINT('',(-94.84319024638,-35.17907035814,1.50000508001
    ));
#940 = CARTESIAN_POINT('',(-91.24318262636,-37.25753572664,1.50000508001
    ));
#941 = CARTESIAN_POINT('',(-87.64317500635,-39.33600109514,1.50000508001
    ));
#942 = CARTESIAN_POINT('',(-87.64317500635,-35.17907035814,1.50000508001
    ));
#943 = ORIENTED_EDGE('',*,*,#944,.F.);
#944 = EDGE_CURVE('',#945,#933,#947,.T.);
#945 = VERTEX_POINT('',#946);
#946 = CARTESIAN_POINT('',(-87.64317500635,-36.67907035814,1.5));
#947 = B_SPLINE_CURVE_WITH_KNOTS('',5,(#948,#949,#950,#951,#952,#953,
    #954,#955,#956,#957,#958,#959,#960,#961,#962,#963,#964,#965,#966,
    #967,#968,#969,#970,#971,#972,#973,#974,#975,#976,#977,#978,#979,
    #980,#981,#982,#983,#984,#985,#986,#987,#988,#989,#990,#991,#992,
    #993,#994,#995,#996,#997,#998,#999,#1000,#1001,#1002,#1003,#1004,
    #1005,#1006,#1007,#1008,#1009,#1010,#1011,#1012,#1013,#1014,#1015,
    #1016,#1017,#1018,#1019,#1020,#1021,#1022,#1023,#1024,#1025,#1026,
    #1027,#1028,#1029,#1030,#1031,#1032,#1033,#1034,#1035,#1036,#1037,
    #1038,#1039,#1040,#1041,#1042,#1043,#1044,#1045,#1046,#1047,#1048,
    #1049,#1050,#1051,#1052,#1053,#1054,#1055,#1056,#1057,#1058,#1059,
    #1060,#1061,#1062,#1063,#1064,#1065,#1066,#1067,#1068,#1069,#1070,
    #1071,#1072,#1073,#1074,#1075,#1076,#1077,#1078,#1079,#1080,#1081),
  .UNSPECIFIED.,.T.,.F.,(1,5,4,4,4,4,4,4,4,4,4,4,4,4,4,4,4,4,4,4,4,4,4,4
    ,4,4,4,4,4,4,4,4,4,4,5,1),(-4.804752E-02,0.,4.715870798066E-02,
    8.080439198896E-02,0.105667032318,0.123706256764,0.166954630089,
    0.216587564541,0.237626991583,0.266147690297,0.305421423565,
    0.332899806481,0.339728799834,0.360795194315,0.399370915715,
    0.427380462259,0.446996562307,0.496766345683,0.546536129058,
    0.566152229107,0.59416177565,0.632737497051,0.646910086703,
    0.65386824611,0.660825947217,0.68882222212,0.728836157307,
    0.757894392796,0.779330355206,0.829898734046,0.87396222033,
    0.892341434572,0.917672667331,0.95195248,1.,1.047158707981),
  .UNSPECIFIED.);
#948 = CARTESIAN_POINT('',(-87.64317500635,-36.67907035814,1.5));
#949 = CARTESIAN_POINT('',(-87.64317500635,-36.81679892789,1.5));
#950 = CARTESIAN_POINT('',(-87.65305510706,-36.95568703717,1.5));
#951 = CARTESIAN_POINT('',(-87.67314576772,-37.09457196633,1.5));
#952 = CARTESIAN_POINT('',(-87.70353252547,-37.23227646338,1.5));
#953 = CARTESIAN_POINT('',(-87.77298980873,-37.46419596495,1.5));
#954 = CARTESIAN_POINT('',(-87.80707809787,-37.55956963387,1.5));
#955 = CARTESIAN_POINT('',(-87.84628057049,-37.65332607649,1.5));
#956 = CARTESIAN_POINT('',(-87.89048918573,-37.74505804352,1.5));
#957 = CARTESIAN_POINT('',(-87.97578814748,-37.90037494566,1.5));
#958 = CARTESIAN_POINT('',(-88.01468033873,-37.96505719874,1.5));
#959 = CARTESIAN_POINT('',(-88.05615218055,-38.02826375006,1.5));
#960 = CARTESIAN_POINT('',(-88.10012387752,-38.08984519013,1.5));
#961 = CARTESIAN_POINT('',(-88.18015064712,-38.19305894536,1.5));
#962 = CARTESIAN_POINT('',(-88.21506655624,-38.23552801379,1.5));
#963 = CARTESIAN_POINT('',(-88.25121311285,-38.27701324038,1.5));
#964 = CARTESIAN_POINT('',(-88.28855091634,-38.31746340404,1.5));
#965 = CARTESIAN_POINT('',(-88.41930614511,-38.45121001876,1.5));
#966 = CARTESIAN_POINT('',(-88.51817812331,-38.53936417189,1.5));
#967 = CARTESIAN_POINT('',(-88.62305635501,-38.62061963648,1.5));
#968 = CARTESIAN_POINT('',(-88.73325034952,-38.69441464794,1.5));
#969 = CARTESIAN_POINT('',(-88.97964827918,-38.83591485936,1.5));
#970 = CARTESIAN_POINT('',(-89.11729934265,-38.9011176869,1.5));
#971 = CARTESIAN_POINT('',(-89.25975150705,-38.95523285817,1.5));
#972 = CARTESIAN_POINT('',(-89.40573365102,-38.99781804063,1.5));
#973 = CARTESIAN_POINT('',(-89.61670381134,-39.04175063665,1.5));
#974 = CARTESIAN_POINT('',(-89.67990352804,-39.05272180818,1.5));
#975 = CARTESIAN_POINT('',(-89.74339462993,-39.06157020064,1.5));
#976 = CARTESIAN_POINT('',(-89.80707478123,-39.06828903358,1.5));
#977 = CARTESIAN_POINT('',(-89.95728150989,-39.07910296255,1.5));
#978 = CARTESIAN_POINT('',(-90.04388083798,-39.08141563365,1.5));
#979 = CARTESIAN_POINT('',(-90.13038190959,-39.07982149905,1.5));
#980 = CARTESIAN_POINT('',(-90.21653079202,-39.0743528436,1.5));
#981 = CARTESIAN_POINT('',(-90.41987567633,-39.05228859232,1.5));
#982 = CARTESIAN_POINT('',(-90.53653420293,-39.03227486254,1.5));
#983 = CARTESIAN_POINT('',(-90.65139512476,-39.00518927994,1.5));
#984 = CARTESIAN_POINT('',(-90.76383676196,-38.97129278049,1.5));
#985 = CARTESIAN_POINT('',(-90.94985251127,-38.90272268635,1.5));
#986 = CARTESIAN_POINT('',(-91.02495883285,-38.87133960687,1.5));
#987 = CARTESIAN_POINT('',(-91.09840049332,-38.83692470561,1.5));
#988 = CARTESIAN_POINT('',(-91.16999574029,-38.79962541841,1.5));
#989 = CARTESIAN_POINT('',(-91.25687202129,-38.74966790625,1.5));
#990 = CARTESIAN_POINT('',(-91.2741421279,-38.73949810476,1.5));
#991 = CARTESIAN_POINT('',(-91.29141389817,-38.72908283562,1.5));
#992 = CARTESIAN_POINT('',(-91.30868735677,-38.71841641145,1.5));
#993 = CARTESIAN_POINT('',(-91.37915355514,-38.67385447804,1.5));
#994 = CARTESIAN_POINT('',(-91.43145325432,-38.6383377711,1.5));
#995 = CARTESIAN_POINT('',(-91.48272972624,-38.60099071025,1.5));
#996 = CARTESIAN_POINT('',(-91.53288019351,-38.56185609183,1.5));
#997 = CARTESIAN_POINT('',(-91.67139779427,-38.44614675681,1.5));
#998 = CARTESIAN_POINT('',(-91.75688599231,-38.36548665883,1.5));
#999 = CARTESIAN_POINT('',(-91.83766566011,-38.27932782033,1.5));
#1000 = CARTESIAN_POINT('',(-91.91320004499,-38.18808034026,1.5));
#1001 = CARTESIAN_POINT('',(-92.03372000191,-38.02264340779,1.5));
#1002 = CARTESIAN_POINT('',(-92.08140705439,-37.95062627168,1.5));
#1003 = CARTESIAN_POINT('',(-92.1259057503,-37.87637163951,1.5));
#1004 = CARTESIAN_POINT('',(-92.16706147951,-37.80008399668,1.5));
#1005 = CARTESIAN_POINT('',(-92.23113254663,-37.66728918272,1.5));
#1006 = CARTESIAN_POINT('',(-92.25581827659,-37.61170475509,1.5));
#1007 = CARTESIAN_POINT('',(-92.27875507489,-37.55530742482,1.5));
#1008 = CARTESIAN_POINT('',(-92.29990401348,-37.49817599623,1.5));
#1009 = CARTESIAN_POINT('',(-92.36827163757,-37.29378375878,1.5));
#1010 = CARTESIAN_POINT('',(-92.40559224531,-37.14296898412,1.5));
#1011 = CARTESIAN_POINT('',(-92.43065376145,-36.98929833407,1.5));
#1012 = CARTESIAN_POINT('',(-92.44318516636,-36.8341809746,1.5));
#1013 = CARTESIAN_POINT('',(-92.44318516636,-36.52395974167,1.5));
#1014 = CARTESIAN_POINT('',(-92.43065376145,-36.36884238221,1.5));
#1015 = CARTESIAN_POINT('',(-92.40559224531,-36.21517173215,1.5));
#1016 = CARTESIAN_POINT('',(-92.36827163757,-36.06435695749,1.5));
#1017 = CARTESIAN_POINT('',(-92.29990401348,-35.85996472005,1.5));
#1018 = CARTESIAN_POINT('',(-92.27875507489,-35.80283329146,1.5));
#1019 = CARTESIAN_POINT('',(-92.25581827659,-35.74643596118,1.5));
#1020 = CARTESIAN_POINT('',(-92.23113254663,-35.69085153356,1.5));
#1021 = CARTESIAN_POINT('',(-92.16706147951,-35.55805671959,1.5));
#1022 = CARTESIAN_POINT('',(-92.1259057503,-35.48176907676,1.5));
#1023 = CARTESIAN_POINT('',(-92.0814070544,-35.40751444459,1.5));
#1024 = CARTESIAN_POINT('',(-92.03372000191,-35.33549730848,1.5));
#1025 = CARTESIAN_POINT('',(-91.91320004499,-35.17006037601,1.5));
#1026 = CARTESIAN_POINT('',(-91.83766566011,-35.07881289594,1.5));
#1027 = CARTESIAN_POINT('',(-91.75688599231,-34.99265405745,1.5));
#1028 = CARTESIAN_POINT('',(-91.67139779427,-34.91199395947,1.5));
#1029 = CARTESIAN_POINT('',(-91.54889091497,-34.80965902541,1.5));
#1030 = CARTESIAN_POINT('',(-91.51542131984,-34.78294884637,1.5));
#1031 = CARTESIAN_POINT('',(-91.48142753129,-34.75703998978,1.5));
#1032 = CARTESIAN_POINT('',(-91.44694038357,-34.73194640935,1.5));
#1033 = CARTESIAN_POINT('',(-91.39483332383,-34.69576648431,1.5));
#1034 = CARTESIAN_POINT('',(-91.37764298306,-34.68410724933,1.5));
#1035 = CARTESIAN_POINT('',(-91.36042657447,-34.67270028433,1.5));
#1036 = CARTESIAN_POINT('',(-91.3431897664,-34.66154319269,1.5));
#1037 = CARTESIAN_POINT('',(-91.30868735677,-34.63972430482,1.5));
#1038 = CARTESIAN_POINT('',(-91.29141389818,-34.62905788065,1.5));
#1039 = CARTESIAN_POINT('',(-91.2741421279,-34.61864261151,1.5));
#1040 = CARTESIAN_POINT('',(-91.25687202129,-34.60847281002,1.5));
#1041 = CARTESIAN_POINT('',(-91.16999574029,-34.55851529786,1.5));
#1042 = CARTESIAN_POINT('',(-91.09840049332,-34.52121601067,1.5));
#1043 = CARTESIAN_POINT('',(-91.02495883285,-34.48680110941,1.5));
#1044 = CARTESIAN_POINT('',(-90.94985251127,-34.45541802993,1.5));
#1045 = CARTESIAN_POINT('',(-90.76383676196,-34.38684793578,1.5));
#1046 = CARTESIAN_POINT('',(-90.65139512476,-34.35295143633,1.5));
#1047 = CARTESIAN_POINT('',(-90.53653420293,-34.32586585373,1.5));
#1048 = CARTESIAN_POINT('',(-90.41987567633,-34.30585212395,1.5));
#1049 = CARTESIAN_POINT('',(-90.21653079202,-34.28378787267,1.5));
#1050 = CARTESIAN_POINT('',(-90.13038190959,-34.27831921723,1.5));
#1051 = CARTESIAN_POINT('',(-90.04388083798,-34.27672508262,1.5));
#1052 = CARTESIAN_POINT('',(-89.95728150989,-34.27903775372,1.5));
#1053 = CARTESIAN_POINT('',(-89.80707478123,-34.28985168269,1.5));
#1054 = CARTESIAN_POINT('',(-89.74339462993,-34.29657051563,1.5));
#1055 = CARTESIAN_POINT('',(-89.67990352804,-34.30541890809,1.5));
#1056 = CARTESIAN_POINT('',(-89.61670381134,-34.31639007962,1.5));
#1057 = CARTESIAN_POINT('',(-89.40573365102,-34.36032267564,1.5));
#1058 = CARTESIAN_POINT('',(-89.25975150705,-34.4029078581,1.5));
#1059 = CARTESIAN_POINT('',(-89.11729934265,-34.45702302937,1.5));
#1060 = CARTESIAN_POINT('',(-88.97964827918,-34.52222585692,1.5));
#1061 = CARTESIAN_POINT('',(-88.73325034953,-34.66372606833,1.5));
#1062 = CARTESIAN_POINT('',(-88.62305635501,-34.73752107979,1.5));
#1063 = CARTESIAN_POINT('',(-88.51817812331,-34.81877654438,1.5));
#1064 = CARTESIAN_POINT('',(-88.41930614511,-34.90693069751,1.5));
#1065 = CARTESIAN_POINT('',(-88.28855091634,-35.04067731223,1.5));
#1066 = CARTESIAN_POINT('',(-88.25121311285,-35.08112747589,1.5));
#1067 = CARTESIAN_POINT('',(-88.21506655625,-35.12261270248,1.5));
#1068 = CARTESIAN_POINT('',(-88.18015064712,-35.16508177092,1.5));
#1069 = CARTESIAN_POINT('',(-88.10012387752,-35.26829552614,1.5));
#1070 = CARTESIAN_POINT('',(-88.05615218055,-35.32987696621,1.5));
#1071 = CARTESIAN_POINT('',(-88.01468033873,-35.39308351753,1.5));
#1072 = CARTESIAN_POINT('',(-87.97578814749,-35.45776577061,1.5));
#1073 = CARTESIAN_POINT('',(-87.89048918573,-35.61308267275,1.5));
#1074 = CARTESIAN_POINT('',(-87.84628057049,-35.70481463978,1.5));
#1075 = CARTESIAN_POINT('',(-87.80707809787,-35.7985710824,1.5));
#1076 = CARTESIAN_POINT('',(-87.77298980873,-35.89394475132,1.5));
#1077 = CARTESIAN_POINT('',(-87.70353252547,-36.12586425289,1.5));
#1078 = CARTESIAN_POINT('',(-87.67314576772,-36.26356874994,1.5));
#1079 = CARTESIAN_POINT('',(-87.65305510706,-36.4024536791,1.5));
#1080 = CARTESIAN_POINT('',(-87.64317500635,-36.54134178838,1.5));
#1081 = CARTESIAN_POINT('',(-87.64317500635,-36.67907035814,1.5));
#1082 = ORIENTED_EDGE('',*,*,#1083,.F.);
#1083 = EDGE_CURVE('',#1084,#945,#1086,.T.);
#1084 = VERTEX_POINT('',#1085);
#1085 = CARTESIAN_POINT('',(-87.76337212075,-35.92907037422,
    1.500002539977));
#1086 = B_SPLINE_CURVE_WITH_KNOTS('',5,(#1087,#1088,#1089,#1090,#1091,
    #1092,#1093,#1094,#1095,#1096,#1097,#1098,#1099,#1100,#1101,#1102,
    #1103,#1104,#1105,#1106,#1107,#1108,#1109,#1110,#1111,#1112,#1113,
    #1114,#1115,#1116,#1117,#1118,#1119,#1120,#1121,#1122,#1123,#1124,
    #1125,#1126,#1127,#1128,#1129,#1130,#1131,#1132,#1133,#1134,#1135,
    #1136,#1137,#1138,#1139,#1140,#1141,#1142,#1143,#1144,#1145,#1146,
    #1147,#1148,#1149,#1150,#1151,#1152,#1153,#1154,#1155,#1156,#1157,
    #1158,#1159,#1160,#1161,#1162,#1163,#1164,#1165,#1166,#1167,#1168,
    #1169,#1170,#1171,#1172,#1173,#1174,#1175,#1176,#1177,#1178,#1179,
    #1180,#1181,#1182,#1183,#1184,#1185,#1186,#1187,#1188,#1189,#1190,
    #1191,#1192,#1193,#1194,#1195,#1196,#1197,#1198,#1199,#1200,#1201,
    #1202,#1203,#1204,#1205,#1206,#1207,#1208,#1209,#1210,#1211,#1212,
    #1213,#1214,#1215,#1216,#1217,#1218,#1219,#1220),.UNSPECIFIED.,.T.,
  .F.,(1,5,4,4,4,4,4,4,4,4,4,4,4,4,4,4,4,4,4,4,4,4,4,4,4,4,4,4,4,4,4,4,4
    ,4,5,1),(-4.804752E-02,0.,4.715870798066E-02,8.080439198896E-02,
    0.105667032318,0.123706256764,0.166954630089,0.216587564541,
    0.237626991583,0.266147690297,0.305421423565,0.332899806481,
    0.339728799834,0.360795194315,0.399370915715,0.427380462259,
    0.446996562307,0.496766345683,0.546536129058,0.566152229107,
    0.59416177565,0.632737497051,0.646910086703,0.65386824611,
    0.660825947217,0.68882222212,0.728836157307,0.757894392796,
    0.779330355206,0.829898734046,0.87396222033,0.892341434572,
    0.917672667331,0.95195248,1.,1.047158707981),.UNSPECIFIED.);
#1087 = CARTESIAN_POINT('',(-87.64317500635,-36.67907035814,1.5));
#1088 = CARTESIAN_POINT('',(-87.64317500635,-36.81679892789,1.5));
#1089 = CARTESIAN_POINT('',(-87.65305510706,-36.95568703717,1.5));
#1090 = CARTESIAN_POINT('',(-87.67314576772,-37.09457196633,1.5));
#1091 = CARTESIAN_POINT('',(-87.70353252547,-37.23227646338,1.5));
#1092 = CARTESIAN_POINT('',(-87.77298980873,-37.46419596495,1.5));
#1093 = CARTESIAN_POINT('',(-87.80707809787,-37.55956963387,1.5));
#1094 = CARTESIAN_POINT('',(-87.84628057049,-37.65332607649,1.5));
#1095 = CARTESIAN_POINT('',(-87.89048918573,-37.74505804352,1.5));
#1096 = CARTESIAN_POINT('',(-87.97578814748,-37.90037494566,1.5));
#1097 = CARTESIAN_POINT('',(-88.01468033873,-37.96505719874,1.5));
#1098 = CARTESIAN_POINT('',(-88.05615218055,-38.02826375006,1.5));
#1099 = CARTESIAN_POINT('',(-88.10012387752,-38.08984519013,1.5));
#1100 = CARTESIAN_POINT('',(-88.18015064712,-38.19305894536,1.5));
#1101 = CARTESIAN_POINT('',(-88.21506655624,-38.23552801379,1.5));
#1102 = CARTESIAN_POINT('',(-88.25121311285,-38.27701324038,1.5));
#1103 = CARTESIAN_POINT('',(-88.28855091634,-38.31746340404,1.5));
#1104 = CARTESIAN_POINT('',(-88.41930614511,-38.45121001876,1.5));
#1105 = CARTESIAN_POINT('',(-88.51817812331,-38.53936417189,1.5));
#1106 = CARTESIAN_POINT('',(-88.62305635501,-38.62061963648,1.5));
#1107 = CARTESIAN_POINT('',(-88.73325034952,-38.69441464794,1.5));
#1108 = CARTESIAN_POINT('',(-88.97964827918,-38.83591485936,1.5));
#1109 = CARTESIAN_POINT('',(-89.11729934265,-38.9011176869,1.5));
#1110 = CARTESIAN_POINT('',(-89.25975150705,-38.95523285817,1.5));
#1111 = CARTESIAN_POINT('',(-89.40573365102,-38.99781804063,1.5));
#1112 = CARTESIAN_POINT('',(-89.61670381134,-39.04175063665,1.5));
#1113 = CARTESIAN_POINT('',(-89.67990352804,-39.05272180818,1.5));
#1114 = CARTESIAN_POINT('',(-89.74339462993,-39.06157020064,1.5));
#1115 = CARTESIAN_POINT('',(-89.80707478123,-39.06828903358,1.5));
#1116 = CARTESIAN_POINT('',(-89.95728150989,-39.07910296255,1.5));
#1117 = CARTESIAN_POINT('',(-90.04388083798,-39.08141563365,1.5));
#1118 = CARTESIAN_POINT('',(-90.13038190959,-39.07982149905,1.5));
#1119 = CARTESIAN_POINT('',(-90.21653079202,-39.0743528436,1.5));
#1120 = CARTESIAN_POINT('',(-90.41987567633,-39.05228859232,1.5));
#1121 = CARTESIAN_POINT('',(-90.53653420293,-39.03227486254,1.5));
#1122 = CARTESIAN_POINT('',(-90.65139512476,-39.00518927994,1.5));
#1123 = CARTESIAN_POINT('',(-90.76383676196,-38.97129278049,1.5));
#1124 = CARTESIAN_POINT('',(-90.94985251127,-38.90272268635,1.5));
#1125 = CARTESIAN_POINT('',(-91.02495883285,-38.87133960687,1.5));
#1126 = CARTESIAN_POINT('',(-91.09840049332,-38.83692470561,1.5));
#1127 = CARTESIAN_POINT('',(-91.16999574029,-38.79962541841,1.5));
#1128 = CARTESIAN_POINT('',(-91.25687202129,-38.74966790625,1.5));
#1129 = CARTESIAN_POINT('',(-91.2741421279,-38.73949810476,1.5));
#1130 = CARTESIAN_POINT('',(-91.29141389817,-38.72908283562,1.5));
#1131 = CARTESIAN_POINT('',(-91.30868735677,-38.71841641145,1.5));
#1132 = CARTESIAN_POINT('',(-91.37915355514,-38.67385447804,1.5));
#1133 = CARTESIAN_POINT('',(-91.43145325432,-38.6383377711,1.5));
#1134 = CARTESIAN_POINT('',(-91.48272972624,-38.60099071025,1.5));
#1135 = CARTESIAN_POINT('',(-91.53288019351,-38.56185609183,1.5));
#1136 = CARTESIAN_POINT('',(-91.67139779427,-38.44614675681,1.5));
#1137 = CARTESIAN_POINT('',(-91.75688599231,-38.36548665883,1.5));
#1138 = CARTESIAN_POINT('',(-91.83766566011,-38.27932782033,1.5));
#1139 = CARTESIAN_POINT('',(-91.91320004499,-38.18808034026,1.5));
#1140 = CARTESIAN_POINT('',(-92.03372000191,-38.02264340779,1.5));
#1141 = CARTESIAN_POINT('',(-92.08140705439,-37.95062627168,1.5));
#1142 = CARTESIAN_POINT('',(-92.1259057503,-37.87637163951,1.5));
#1143 = CARTESIAN_POINT('',(-92.16706147951,-37.80008399668,1.5));
#1144 = CARTESIAN_POINT('',(-92.23113254663,-37.66728918272,1.5));
#1145 = CARTESIAN_POINT('',(-92.25581827659,-37.61170475509,1.5));
#1146 = CARTESIAN_POINT('',(-92.27875507489,-37.55530742482,1.5));
#1147 = CARTESIAN_POINT('',(-92.29990401348,-37.49817599623,1.5));
#1148 = CARTESIAN_POINT('',(-92.36827163757,-37.29378375878,1.5));
#1149 = CARTESIAN_POINT('',(-92.40559224531,-37.14296898412,1.5));
#1150 = CARTESIAN_POINT('',(-92.43065376145,-36.98929833407,1.5));
#1151 = CARTESIAN_POINT('',(-92.44318516636,-36.8341809746,1.5));
#1152 = CARTESIAN_POINT('',(-92.44318516636,-36.52395974167,1.5));
#1153 = CARTESIAN_POINT('',(-92.43065376145,-36.36884238221,1.5));
#1154 = CARTESIAN_POINT('',(-92.40559224531,-36.21517173215,1.5));
#1155 = CARTESIAN_POINT('',(-92.36827163757,-36.06435695749,1.5));
#1156 = CARTESIAN_POINT('',(-92.29990401348,-35.85996472005,1.5));
#1157 = CARTESIAN_POINT('',(-92.27875507489,-35.80283329146,1.5));
#1158 = CARTESIAN_POINT('',(-92.25581827659,-35.74643596118,1.5));
#1159 = CARTESIAN_POINT('',(-92.23113254663,-35.69085153356,1.5));
#1160 = CARTESIAN_POINT('',(-92.16706147951,-35.55805671959,1.5));
#1161 = CARTESIAN_POINT('',(-92.1259057503,-35.48176907676,1.5));
#1162 = CARTESIAN_POINT('',(-92.0814070544,-35.40751444459,1.5));
#1163 = CARTESIAN_POINT('',(-92.03372000191,-35.33549730848,1.5));
#1164 = CARTESIAN_POINT('',(-91.91320004499,-35.17006037601,1.5));
#1165 = CARTESIAN_POINT('',(-91.83766566011,-35.07881289594,1.5));
#1166 = CARTESIAN_POINT('',(-91.75688599231,-34.99265405745,1.5));
#1167 = CARTESIAN_POINT('',(-91.67139779427,-34.91199395947,1.5));
#1168 = CARTESIAN_POINT('',(-91.54889091497,-34.80965902541,1.5));
#1169 = CARTESIAN_POINT('',(-91.51542131984,-34.78294884637,1.5));
#1170 = CARTESIAN_POINT('',(-91.48142753129,-34.75703998978,1.5));
#1171 = CARTESIAN_POINT('',(-91.44694038357,-34.73194640935,1.5));
#1172 = CARTESIAN_POINT('',(-91.39483332383,-34.69576648431,1.5));
#1173 = CARTESIAN_POINT('',(-91.37764298306,-34.68410724933,1.5));
#1174 = CARTESIAN_POINT('',(-91.36042657447,-34.67270028433,1.5));
#1175 = CARTESIAN_POINT('',(-91.3431897664,-34.66154319269,1.5));
#1176 = CARTESIAN_POINT('',(-91.30868735677,-34.63972430482,1.5));
#1177 = CARTESIAN_POINT('',(-91.29141389818,-34.62905788065,1.5));
#1178 = CARTESIAN_POINT('',(-91.2741421279,-34.61864261151,1.5));
#1179 = CARTESIAN_POINT('',(-91.25687202129,-34.60847281002,1.5));
#1180 = CARTESIAN_POINT('',(-91.16999574029,-34.55851529786,1.5));
#1181 = CARTESIAN_POINT('',(-91.09840049332,-34.52121601067,1.5));
#1182 = CARTESIAN_POINT('',(-91.02495883285,-34.48680110941,1.5));
#1183 = CARTESIAN_POINT('',(-90.94985251127,-34.45541802993,1.5));
#1184 = CARTESIAN_POINT('',(-90.76383676196,-34.38684793578,1.5));
#1185 = CARTESIAN_POINT('',(-90.65139512476,-34.35295143633,1.5));
#1186 = CARTESIAN_POINT('',(-90.53653420293,-34.32586585373,1.5));
#1187 = CARTESIAN_POINT('',(-90.41987567633,-34.30585212395,1.5));
#1188 = CARTESIAN_POINT('',(-90.21653079202,-34.28378787267,1.5));
#1189 = CARTESIAN_POINT('',(-90.13038190959,-34.27831921723,1.5));
#1190 = CARTESIAN_POINT('',(-90.04388083798,-34.27672508262,1.5));
#1191 = CARTESIAN_POINT('',(-89.95728150989,-34.27903775372,1.5));
#1192 = CARTESIAN_POINT('',(-89.80707478123,-34.28985168269,1.5));
#1193 = CARTESIAN_POINT('',(-89.74339462993,-34.29657051563,1.5));
#1194 = CARTESIAN_POINT('',(-89.67990352804,-34.30541890809,1.5));
#1195 = CARTESIAN_POINT('',(-89.61670381134,-34.31639007962,1.5));
#1196 = CARTESIAN_POINT('',(-89.40573365102,-34.36032267564,1.5));
#1197 = CARTESIAN_POINT('',(-89.25975150705,-34.4029078581,1.5));
#1198 = CARTESIAN_POINT('',(-89.11729934265,-34.45702302937,1.5));
#1199 = CARTESIAN_POINT('',(-88.97964827918,-34.52222585692,1.5));
#1200 = CARTESIAN_POINT('',(-88.73325034953,-34.66372606833,1.5));
#1201 = CARTESIAN_POINT('',(-88.62305635501,-34.73752107979,1.5));
#1202 = CARTESIAN_POINT('',(-88.51817812331,-34.81877654438,1.5));
#1203 = CARTESIAN_POINT('',(-88.41930614511,-34.90693069751,1.5));
#1204 = CARTESIAN_POINT('',(-88.28855091634,-35.04067731223,1.5));
#1205 = CARTESIAN_POINT('',(-88.25121311285,-35.08112747589,1.5));
#1206 = CARTESIAN_POINT('',(-88.21506655625,-35.12261270248,1.5));
#1207 = CARTESIAN_POINT('',(-88.18015064712,-35.16508177092,1.5));
#1208 = CARTESIAN_POINT('',(-88.10012387752,-35.26829552614,1.5));
#1209 = CARTESIAN_POINT('',(-88.05615218055,-35.32987696621,1.5));
#1210 = CARTESIAN_POINT('',(-88.01468033873,-35.39308351753,1.5));
#1211 = CARTESIAN_POINT('',(-87.97578814749,-35.45776577061,1.5));
#1212 = CARTESIAN_POINT('',(-87.89048918573,-35.61308267275,1.5));
#1213 = CARTESIAN_POINT('',(-87.84628057049,-35.70481463978,1.5));
#1214 = CARTESIAN_POINT('',(-87.80707809787,-35.7985710824,1.5));
#1215 = CARTESIAN_POINT('',(-87.77298980873,-35.89394475132,1.5));
#1216 = CARTESIAN_POINT('',(-87.70353252547,-36.12586425289,1.5));
#1217 = CARTESIAN_POINT('',(-87.67314576772,-36.26356874994,1.5));
#1218 = CARTESIAN_POINT('',(-87.65305510706,-36.4024536791,1.5));
#1219 = CARTESIAN_POINT('',(-87.64317500635,-36.54134178838,1.5));
#1220 = CARTESIAN_POINT('',(-87.64317500635,-36.67907035814,1.5));
#1221 = ORIENTED_EDGE('',*,*,#1222,.T.);
#1222 = EDGE_CURVE('',#1084,#1223,#1225,.T.);
#1223 = VERTEX_POINT('',#1224);
#1224 = CARTESIAN_POINT('',(-87.64317500635,-35.17907035814,
    1.50000508001));
#1225 = ( BOUNDED_CURVE() B_SPLINE_CURVE(2,(#1226,#1227,#1228,#1229,
#1230,#1231,#1232),.UNSPECIFIED.,.T.,.F.) B_SPLINE_CURVE_WITH_KNOTS((1,2
    ,2,2,2,1),(-2.094395102394,0.,2.094395102393,4.188790204786,
6.28318530718,8.377580409573),.UNSPECIFIED.) CURVE() 
GEOMETRIC_REPRESENTATION_ITEM() RATIONAL_B_SPLINE_CURVE((1.,0.5,1.,0.5,
1.,0.5,1.)) REPRESENTATION_ITEM('') );
#1226 = CARTESIAN_POINT('',(-87.64317500635,-35.17907035814,
    1.50000508001));
#1227 = CARTESIAN_POINT('',(-87.64317500635,-31.02213962114,
    1.50000508001));
#1228 = CARTESIAN_POINT('',(-91.24318262636,-33.10060498964,
    1.50000508001));
#1229 = CARTESIAN_POINT('',(-94.84319024638,-35.17907035814,
    1.50000508001));
#1230 = CARTESIAN_POINT('',(-91.24318262636,-37.25753572664,
    1.50000508001));
#1231 = CARTESIAN_POINT('',(-87.64317500635,-39.33600109514,
    1.50000508001));
#1232 = CARTESIAN_POINT('',(-87.64317500635,-35.17907035814,
    1.50000508001));
#1233 = ORIENTED_EDGE('',*,*,#1234,.T.);
#1234 = EDGE_CURVE('',#1223,#191,#1235,.T.);
#1235 = ( BOUNDED_CURVE() B_SPLINE_CURVE(2,(#1236,#1237,#1238,#1239,
#1240,#1241,#1242),.UNSPECIFIED.,.T.,.F.) B_SPLINE_CURVE_WITH_KNOTS((1,2
    ,2,2,2,1),(-2.094395102394,0.,2.094395102393,4.188790204786,
6.28318530718,8.377580409573),.UNSPECIFIED.) CURVE() 
GEOMETRIC_REPRESENTATION_ITEM() RATIONAL_B_SPLINE_CURVE((1.,0.5,1.,0.5,
1.,0.5,1.)) REPRESENTATION_ITEM('') );
#1236 = CARTESIAN_POINT('',(-87.64317500635,-35.17907035814,
    1.50000508001));
#1237 = CARTESIAN_POINT('',(-87.64317500635,-31.02213962114,
    1.50000508001));
#1238 = CARTESIAN_POINT('',(-91.24318262636,-33.10060498964,
    1.50000508001));
#1239 = CARTESIAN_POINT('',(-94.84319024638,-35.17907035814,
    1.50000508001));
#1240 = CARTESIAN_POINT('',(-91.24318262636,-37.25753572664,
    1.50000508001));
#1241 = CARTESIAN_POINT('',(-87.64317500635,-39.33600109514,
    1.50000508001));
#1242 = CARTESIAN_POINT('',(-87.64317500635,-35.17907035814,
    1.50000508001));
#1243 = B_SPLINE_SURFACE_WITH_KNOTS('',1,1,(
    (#1244,#1245)
    ,(#1246,#1247
  )),.UNSPECIFIED.,.F.,.F.,.F.,(2,2),(2,2),(-187.5,187.5),(-167.5,
    165.47245),.PIECEWISE_BEZIER_KNOTS.);
#1244 = CARTESIAN_POINT('',(-85.40767081534,-39.43357886715,
    1.50000508001));
#1245 = CARTESIAN_POINT('',(-85.40767081534,-30.97606172212,
    1.50000508001));
#1246 = CARTESIAN_POINT('',(-94.93268986538,-39.43357886715,
    1.50000508001));
#1247 = CARTESIAN_POINT('',(-94.93268986538,-30.97606172212,
    1.50000508001));
#1248 = ADVANCED_FACE('',(#1249),#1802,.T.);
#1249 = FACE_BOUND('',#1250,.T.);
#1250 = EDGE_LOOP('',(#1251,#1388,#1525,#1664,#1801));
#1251 = ORIENTED_EDGE('',*,*,#1252,.F.);
#1252 = EDGE_CURVE('',#933,#198,#1253,.T.);
#1253 = B_SPLINE_CURVE_WITH_KNOTS('',5,(#1254,#1255,#1256,#1257,#1258,
    #1259,#1260,#1261,#1262,#1263,#1264,#1265,#1266,#1267,#1268,#1269,
    #1270,#1271,#1272,#1273,#1274,#1275,#1276,#1277,#1278,#1279,#1280,
    #1281,#1282,#1283,#1284,#1285,#1286,#1287,#1288,#1289,#1290,#1291,
    #1292,#1293,#1294,#1295,#1296,#1297,#1298,#1299,#1300,#1301,#1302,
    #1303,#1304,#1305,#1306,#1307,#1308,#1309,#1310,#1311,#1312,#1313,
    #1314,#1315,#1316,#1317,#1318,#1319,#1320,#1321,#1322,#1323,#1324,
    #1325,#1326,#1327,#1328,#1329,#1330,#1331,#1332,#1333,#1334,#1335,
    #1336,#1337,#1338,#1339,#1340,#1341,#1342,#1343,#1344,#1345,#1346,
    #1347,#1348,#1349,#1350,#1351,#1352,#1353,#1354,#1355,#1356,#1357,
    #1358,#1359,#1360,#1361,#1362,#1363,#1364,#1365,#1366,#1367,#1368,
    #1369,#1370,#1371,#1372,#1373,#1374,#1375,#1376,#1377,#1378,#1379,
    #1380,#1381,#1382,#1383,#1384,#1385,#1386,#1387),.UNSPECIFIED.,.T.,
  .F.,(1,5,4,4,4,4,4,4,4,4,4,4,4,4,4,4,4,4,4,4,4,4,4,4,4,4,4,4,4,4,4,4,4
    ,4,5,1),(-4.804752E-02,0.,4.715870798066E-02,8.080439198896E-02,
    0.105667032318,0.123706256764,0.166954630089,0.216587564541,
    0.237626991583,0.266147690297,0.305421423565,0.332899806481,
    0.339728799834,0.360795194315,0.399370915715,0.427380462259,
    0.446996562307,0.496766345683,0.546536129058,0.566152229107,
    0.59416177565,0.632737497051,0.646910086703,0.65386824611,
    0.660825947217,0.68882222212,0.728836157307,0.757894392796,
    0.779330355206,0.829898734046,0.87396222033,0.892341434572,
    0.917672667331,0.95195248,1.,1.047158707981),.UNSPECIFIED.);
#1254 = CARTESIAN_POINT('',(-87.64317500635,-35.17907035814,1.5));
#1255 = CARTESIAN_POINT('',(-87.64317500635,-35.31679892789,1.5));
#1256 = CARTESIAN_POINT('',(-87.65305510706,-35.45568703717,1.5));
#1257 = CARTESIAN_POINT('',(-87.67314576772,-35.59457196633,1.5));
#1258 = CARTESIAN_POINT('',(-87.70353252547,-35.73227646338,1.5));
#1259 = CARTESIAN_POINT('',(-87.77298980873,-35.96419596495,1.5));
#1260 = CARTESIAN_POINT('',(-87.80707809787,-36.05956963387,1.5));
#1261 = CARTESIAN_POINT('',(-87.84628057049,-36.15332607649,1.5));
#1262 = CARTESIAN_POINT('',(-87.89048918573,-36.24505804352,1.5));
#1263 = CARTESIAN_POINT('',(-87.97578814748,-36.40037494566,1.5));
#1264 = CARTESIAN_POINT('',(-88.01468033873,-36.46505719874,1.5));
#1265 = CARTESIAN_POINT('',(-88.05615218055,-36.52826375006,1.5));
#1266 = CARTESIAN_POINT('',(-88.10012387752,-36.58984519013,1.5));
#1267 = CARTESIAN_POINT('',(-88.18015064712,-36.69305894536,1.5));
#1268 = CARTESIAN_POINT('',(-88.21506655624,-36.73552801379,1.5));
#1269 = CARTESIAN_POINT('',(-88.25121311285,-36.77701324038,1.5));
#1270 = CARTESIAN_POINT('',(-88.28855091634,-36.81746340404,1.5));
#1271 = CARTESIAN_POINT('',(-88.41930614511,-36.95121001876,1.5));
#1272 = CARTESIAN_POINT('',(-88.51817812331,-37.03936417189,1.5));
#1273 = CARTESIAN_POINT('',(-88.62305635501,-37.12061963648,1.5));
#1274 = CARTESIAN_POINT('',(-88.73325034952,-37.19441464794,1.5));
#1275 = CARTESIAN_POINT('',(-88.97964827918,-37.33591485936,1.5));
#1276 = CARTESIAN_POINT('',(-89.11729934265,-37.4011176869,1.5));
#1277 = CARTESIAN_POINT('',(-89.25975150705,-37.45523285817,1.5));
#1278 = CARTESIAN_POINT('',(-89.40573365102,-37.49781804063,1.5));
#1279 = CARTESIAN_POINT('',(-89.61670381134,-37.54175063665,1.5));
#1280 = CARTESIAN_POINT('',(-89.67990352804,-37.55272180818,1.5));
#1281 = CARTESIAN_POINT('',(-89.74339462993,-37.56157020064,1.5));
#1282 = CARTESIAN_POINT('',(-89.80707478123,-37.56828903358,1.5));
#1283 = CARTESIAN_POINT('',(-89.95728150989,-37.57910296255,1.5));
#1284 = CARTESIAN_POINT('',(-90.04388083798,-37.58141563365,1.5));
#1285 = CARTESIAN_POINT('',(-90.13038190959,-37.57982149905,1.5));
#1286 = CARTESIAN_POINT('',(-90.21653079202,-37.5743528436,1.5));
#1287 = CARTESIAN_POINT('',(-90.41987567633,-37.55228859232,1.5));
#1288 = CARTESIAN_POINT('',(-90.53653420293,-37.53227486254,1.5));
#1289 = CARTESIAN_POINT('',(-90.65139512476,-37.50518927994,1.5));
#1290 = CARTESIAN_POINT('',(-90.76383676196,-37.47129278049,1.5));
#1291 = CARTESIAN_POINT('',(-90.94985251127,-37.40272268635,1.5));
#1292 = CARTESIAN_POINT('',(-91.02495883285,-37.37133960687,1.5));
#1293 = CARTESIAN_POINT('',(-91.09840049332,-37.33692470561,1.5));
#1294 = CARTESIAN_POINT('',(-91.16999574029,-37.29962541841,1.5));
#1295 = CARTESIAN_POINT('',(-91.25687202129,-37.24966790625,1.5));
#1296 = CARTESIAN_POINT('',(-91.2741421279,-37.23949810476,1.5));
#1297 = CARTESIAN_POINT('',(-91.29141389817,-37.22908283562,1.5));
#1298 = CARTESIAN_POINT('',(-91.30868735677,-37.21841641145,1.5));
#1299 = CARTESIAN_POINT('',(-91.37915355514,-37.17385447804,1.5));
#1300 = CARTESIAN_POINT('',(-91.43145325432,-37.1383377711,1.5));
#1301 = CARTESIAN_POINT('',(-91.48272972624,-37.10099071025,1.5));
#1302 = CARTESIAN_POINT('',(-91.53288019351,-37.06185609183,1.5));
#1303 = CARTESIAN_POINT('',(-91.67139779427,-36.94614675681,1.5));
#1304 = CARTESIAN_POINT('',(-91.75688599231,-36.86548665883,1.5));
#1305 = CARTESIAN_POINT('',(-91.83766566011,-36.77932782033,1.5));
#1306 = CARTESIAN_POINT('',(-91.91320004499,-36.68808034026,1.5));
#1307 = CARTESIAN_POINT('',(-92.03372000191,-36.52264340779,1.5));
#1308 = CARTESIAN_POINT('',(-92.08140705439,-36.45062627168,1.5));
#1309 = CARTESIAN_POINT('',(-92.1259057503,-36.37637163951,1.5));
#1310 = CARTESIAN_POINT('',(-92.16706147951,-36.30008399668,1.5));
#1311 = CARTESIAN_POINT('',(-92.23113254663,-36.16728918272,1.5));
#1312 = CARTESIAN_POINT('',(-92.25581827659,-36.11170475509,1.5));
#1313 = CARTESIAN_POINT('',(-92.27875507489,-36.05530742482,1.5));
#1314 = CARTESIAN_POINT('',(-92.29990401348,-35.99817599623,1.5));
#1315 = CARTESIAN_POINT('',(-92.36827163757,-35.79378375878,1.5));
#1316 = CARTESIAN_POINT('',(-92.40559224531,-35.64296898412,1.5));
#1317 = CARTESIAN_POINT('',(-92.43065376145,-35.48929833407,1.5));
#1318 = CARTESIAN_POINT('',(-92.44318516636,-35.3341809746,1.5));
#1319 = CARTESIAN_POINT('',(-92.44318516636,-35.02395974167,1.5));
#1320 = CARTESIAN_POINT('',(-92.43065376145,-34.86884238221,1.5));
#1321 = CARTESIAN_POINT('',(-92.40559224531,-34.71517173215,1.5));
#1322 = CARTESIAN_POINT('',(-92.36827163757,-34.56435695749,1.5));
#1323 = CARTESIAN_POINT('',(-92.29990401348,-34.35996472005,1.5));
#1324 = CARTESIAN_POINT('',(-92.27875507489,-34.30283329146,1.5));
#1325 = CARTESIAN_POINT('',(-92.25581827659,-34.24643596118,1.5));
#1326 = CARTESIAN_POINT('',(-92.23113254663,-34.19085153356,1.5));
#1327 = CARTESIAN_POINT('',(-92.16706147951,-34.05805671959,1.5));
#1328 = CARTESIAN_POINT('',(-92.1259057503,-33.98176907676,1.5));
#1329 = CARTESIAN_POINT('',(-92.0814070544,-33.90751444459,1.5));
#1330 = CARTESIAN_POINT('',(-92.03372000191,-33.83549730848,1.5));
#1331 = CARTESIAN_POINT('',(-91.91320004499,-33.67006037601,1.5));
#1332 = CARTESIAN_POINT('',(-91.83766566011,-33.57881289594,1.5));
#1333 = CARTESIAN_POINT('',(-91.75688599231,-33.49265405745,1.5));
#1334 = CARTESIAN_POINT('',(-91.67139779427,-33.41199395947,1.5));
#1335 = CARTESIAN_POINT('',(-91.54889091497,-33.30965902541,1.5));
#1336 = CARTESIAN_POINT('',(-91.51542131984,-33.28294884637,1.5));
#1337 = CARTESIAN_POINT('',(-91.48142753129,-33.25703998978,1.5));
#1338 = CARTESIAN_POINT('',(-91.44694038357,-33.23194640935,1.5));
#1339 = CARTESIAN_POINT('',(-91.39483332383,-33.19576648431,1.5));
#1340 = CARTESIAN_POINT('',(-91.37764298306,-33.18410724933,1.5));
#1341 = CARTESIAN_POINT('',(-91.36042657447,-33.17270028433,1.5));
#1342 = CARTESIAN_POINT('',(-91.3431897664,-33.16154319269,1.5));
#1343 = CARTESIAN_POINT('',(-91.30868735677,-33.13972430482,1.5));
#1344 = CARTESIAN_POINT('',(-91.29141389818,-33.12905788065,1.5));
#1345 = CARTESIAN_POINT('',(-91.2741421279,-33.11864261151,1.5));
#1346 = CARTESIAN_POINT('',(-91.25687202129,-33.10847281002,1.5));
#1347 = CARTESIAN_POINT('',(-91.16999574029,-33.05851529786,1.5));
#1348 = CARTESIAN_POINT('',(-91.09840049332,-33.02121601067,1.5));
#1349 = CARTESIAN_POINT('',(-91.02495883285,-32.98680110941,1.5));
#1350 = CARTESIAN_POINT('',(-90.94985251127,-32.95541802993,1.5));
#1351 = CARTESIAN_POINT('',(-90.76383676196,-32.88684793578,1.5));
#1352 = CARTESIAN_POINT('',(-90.65139512476,-32.85295143633,1.5));
#1353 = CARTESIAN_POINT('',(-90.53653420293,-32.82586585373,1.5));
#1354 = CARTESIAN_POINT('',(-90.41987567633,-32.80585212395,1.5));
#1355 = CARTESIAN_POINT('',(-90.21653079202,-32.78378787267,1.5));
#1356 = CARTESIAN_POINT('',(-90.13038190959,-32.77831921723,1.5));
#1357 = CARTESIAN_POINT('',(-90.04388083798,-32.77672508262,1.5));
#1358 = CARTESIAN_POINT('',(-89.95728150989,-32.77903775372,1.5));
#1359 = CARTESIAN_POINT('',(-89.80707478123,-32.78985168269,1.5));
#1360 = CARTESIAN_POINT('',(-89.74339462993,-32.79657051563,1.5));
#1361 = CARTESIAN_POINT('',(-89.67990352804,-32.80541890809,1.5));
#1362 = CARTESIAN_POINT('',(-89.61670381134,-32.81639007962,1.5));
#1363 = CARTESIAN_POINT('',(-89.40573365102,-32.86032267564,1.5));
#1364 = CARTESIAN_POINT('',(-89.25975150705,-32.9029078581,1.5));
#1365 = CARTESIAN_POINT('',(-89.11729934265,-32.95702302937,1.5));
#1366 = CARTESIAN_POINT('',(-88.97964827918,-33.02222585692,1.5));
#1367 = CARTESIAN_POINT('',(-88.73325034953,-33.16372606833,1.5));
#1368 = CARTESIAN_POINT('',(-88.62305635501,-33.23752107979,1.5));
#1369 = CARTESIAN_POINT('',(-88.51817812331,-33.31877654438,1.5));
#1370 = CARTESIAN_POINT('',(-88.41930614511,-33.40693069751,1.5));
#1371 = CARTESIAN_POINT('',(-88.28855091634,-33.54067731223,1.5));
#1372 = CARTESIAN_POINT('',(-88.25121311285,-33.58112747589,1.5));
#1373 = CARTESIAN_POINT('',(-88.21506655625,-33.62261270248,1.5));
#1374 = CARTESIAN_POINT('',(-88.18015064712,-33.66508177092,1.5));
#1375 = CARTESIAN_POINT('',(-88.10012387752,-33.76829552614,1.5));
#1376 = CARTESIAN_POINT('',(-88.05615218055,-33.82987696621,1.5));
#1377 = CARTESIAN_POINT('',(-88.01468033873,-33.89308351753,1.5));
#1378 = CARTESIAN_POINT('',(-87.97578814749,-33.95776577061,1.5));
#1379 = CARTESIAN_POINT('',(-87.89048918573,-34.11308267275,1.5));
#1380 = CARTESIAN_POINT('',(-87.84628057049,-34.20481463978,1.5));
#1381 = CARTESIAN_POINT('',(-87.80707809787,-34.2985710824,1.5));
#1382 = CARTESIAN_POINT('',(-87.77298980873,-34.39394475132,1.5));
#1383 = CARTESIAN_POINT('',(-87.70353252547,-34.62586425289,1.5));
#1384 = CARTESIAN_POINT('',(-87.67314576772,-34.76356874994,1.5));
#1385 = CARTESIAN_POINT('',(-87.65305510706,-34.9024536791,1.5));
#1386 = CARTESIAN_POINT('',(-87.64317500635,-35.04134178838,1.5));
#1387 = CARTESIAN_POINT('',(-87.64317500635,-35.17907035814,1.5));
#1388 = ORIENTED_EDGE('',*,*,#1389,.T.);
#1389 = EDGE_CURVE('',#933,#1084,#1390,.T.);
#1390 = B_SPLINE_CURVE_WITH_KNOTS('',5,(#1391,#1392,#1393,#1394,#1395,
    #1396,#1397,#1398,#1399,#1400,#1401,#1402,#1403,#1404,#1405,#1406,
    #1407,#1408,#1409,#1410,#1411,#1412,#1413,#1414,#1415,#1416,#1417,
    #1418,#1419,#1420,#1421,#1422,#1423,#1424,#1425,#1426,#1427,#1428,
    #1429,#1430,#1431,#1432,#1433,#1434,#1435,#1436,#1437,#1438,#1439,
    #1440,#1441,#1442,#1443,#1444,#1445,#1446,#1447,#1448,#1449,#1450,
    #1451,#1452,#1453,#1454,#1455,#1456,#1457,#1458,#1459,#1460,#1461,
    #1462,#1463,#1464,#1465,#1466,#1467,#1468,#1469,#1470,#1471,#1472,
    #1473,#1474,#1475,#1476,#1477,#1478,#1479,#1480,#1481,#1482,#1483,
    #1484,#1485,#1486,#1487,#1488,#1489,#1490,#1491,#1492,#1493,#1494,
    #1495,#1496,#1497,#1498,#1499,#1500,#1501,#1502,#1503,#1504,#1505,
    #1506,#1507,#1508,#1509,#1510,#1511,#1512,#1513,#1514,#1515,#1516,
    #1517,#1518,#1519,#1520,#1521,#1522,#1523,#1524),.UNSPECIFIED.,.T.,
  .F.,(1,5,4,4,4,4,4,4,4,4,4,4,4,4,4,4,4,4,4,4,4,4,4,4,4,4,4,4,4,4,4,4,4
    ,4,5,1),(-4.804752E-02,0.,4.715870798066E-02,8.080439198896E-02,
    0.105667032318,0.123706256764,0.166954630089,0.216587564541,
    0.237626991583,0.266147690297,0.305421423565,0.332899806481,
    0.339728799834,0.360795194315,0.399370915715,0.427380462259,
    0.446996562307,0.496766345683,0.546536129058,0.566152229107,
    0.59416177565,0.632737497051,0.646910086703,0.65386824611,
    0.660825947217,0.68882222212,0.728836157307,0.757894392796,
    0.779330355206,0.829898734046,0.87396222033,0.892341434572,
    0.917672667331,0.95195248,1.,1.047158707981),.UNSPECIFIED.);
#1391 = CARTESIAN_POINT('',(-87.64317500635,-36.67907035814,1.5));
#1392 = CARTESIAN_POINT('',(-87.64317500635,-36.81679892789,1.5));
#1393 = CARTESIAN_POINT('',(-87.65305510706,-36.95568703717,1.5));
#1394 = CARTESIAN_POINT('',(-87.67314576772,-37.09457196633,1.5));
#1395 = CARTESIAN_POINT('',(-87.70353252547,-37.23227646338,1.5));
#1396 = CARTESIAN_POINT('',(-87.77298980873,-37.46419596495,1.5));
#1397 = CARTESIAN_POINT('',(-87.80707809787,-37.55956963387,1.5));
#1398 = CARTESIAN_POINT('',(-87.84628057049,-37.65332607649,1.5));
#1399 = CARTESIAN_POINT('',(-87.89048918573,-37.74505804352,1.5));
#1400 = CARTESIAN_POINT('',(-87.97578814748,-37.90037494566,1.5));
#1401 = CARTESIAN_POINT('',(-88.01468033873,-37.96505719874,1.5));
#1402 = CARTESIAN_POINT('',(-88.05615218055,-38.02826375006,1.5));
#1403 = CARTESIAN_POINT('',(-88.10012387752,-38.08984519013,1.5));
#1404 = CARTESIAN_POINT('',(-88.18015064712,-38.19305894536,1.5));
#1405 = CARTESIAN_POINT('',(-88.21506655624,-38.23552801379,1.5));
#1406 = CARTESIAN_POINT('',(-88.25121311285,-38.27701324038,1.5));
#1407 = CARTESIAN_POINT('',(-88.28855091634,-38.31746340404,1.5));
#1408 = CARTESIAN_POINT('',(-88.41930614511,-38.45121001876,1.5));
#1409 = CARTESIAN_POINT('',(-88.51817812331,-38.53936417189,1.5));
#1410 = CARTESIAN_POINT('',(-88.62305635501,-38.62061963648,1.5));
#1411 = CARTESIAN_POINT('',(-88.73325034952,-38.69441464794,1.5));
#1412 = CARTESIAN_POINT('',(-88.97964827918,-38.83591485936,1.5));
#1413 = CARTESIAN_POINT('',(-89.11729934265,-38.9011176869,1.5));
#1414 = CARTESIAN_POINT('',(-89.25975150705,-38.95523285817,1.5));
#1415 = CARTESIAN_POINT('',(-89.40573365102,-38.99781804063,1.5));
#1416 = CARTESIAN_POINT('',(-89.61670381134,-39.04175063665,1.5));
#1417 = CARTESIAN_POINT('',(-89.67990352804,-39.05272180818,1.5));
#1418 = CARTESIAN_POINT('',(-89.74339462993,-39.06157020064,1.5));
#1419 = CARTESIAN_POINT('',(-89.80707478123,-39.06828903358,1.5));
#1420 = CARTESIAN_POINT('',(-89.95728150989,-39.07910296255,1.5));
#1421 = CARTESIAN_POINT('',(-90.04388083798,-39.08141563365,1.5));
#1422 = CARTESIAN_POINT('',(-90.13038190959,-39.07982149905,1.5));
#1423 = CARTESIAN_POINT('',(-90.21653079202,-39.0743528436,1.5));
#1424 = CARTESIAN_POINT('',(-90.41987567633,-39.05228859232,1.5));
#1425 = CARTESIAN_POINT('',(-90.53653420293,-39.03227486254,1.5));
#1426 = CARTESIAN_POINT('',(-90.65139512476,-39.00518927994,1.5));
#1427 = CARTESIAN_POINT('',(-90.76383676196,-38.97129278049,1.5));
#1428 = CARTESIAN_POINT('',(-90.94985251127,-38.90272268635,1.5));
#1429 = CARTESIAN_POINT('',(-91.02495883285,-38.87133960687,1.5));
#1430 = CARTESIAN_POINT('',(-91.09840049332,-38.83692470561,1.5));
#1431 = CARTESIAN_POINT('',(-91.16999574029,-38.79962541841,1.5));
#1432 = CARTESIAN_POINT('',(-91.25687202129,-38.74966790625,1.5));
#1433 = CARTESIAN_POINT('',(-91.2741421279,-38.73949810476,1.5));
#1434 = CARTESIAN_POINT('',(-91.29141389817,-38.72908283562,1.5));
#1435 = CARTESIAN_POINT('',(-91.30868735677,-38.71841641145,1.5));
#1436 = CARTESIAN_POINT('',(-91.37915355514,-38.67385447804,1.5));
#1437 = CARTESIAN_POINT('',(-91.43145325432,-38.6383377711,1.5));
#1438 = CARTESIAN_POINT('',(-91.48272972624,-38.60099071025,1.5));
#1439 = CARTESIAN_POINT('',(-91.53288019351,-38.56185609183,1.5));
#1440 = CARTESIAN_POINT('',(-91.67139779427,-38.44614675681,1.5));
#1441 = CARTESIAN_POINT('',(-91.75688599231,-38.36548665883,1.5));
#1442 = CARTESIAN_POINT('',(-91.83766566011,-38.27932782033,1.5));
#1443 = CARTESIAN_POINT('',(-91.91320004499,-38.18808034026,1.5));
#1444 = CARTESIAN_POINT('',(-92.03372000191,-38.02264340779,1.5));
#1445 = CARTESIAN_POINT('',(-92.08140705439,-37.95062627168,1.5));
#1446 = CARTESIAN_POINT('',(-92.1259057503,-37.87637163951,1.5));
#1447 = CARTESIAN_POINT('',(-92.16706147951,-37.80008399668,1.5));
#1448 = CARTESIAN_POINT('',(-92.23113254663,-37.66728918272,1.5));
#1449 = CARTESIAN_POINT('',(-92.25581827659,-37.61170475509,1.5));
#1450 = CARTESIAN_POINT('',(-92.27875507489,-37.55530742482,1.5));
#1451 = CARTESIAN_POINT('',(-92.29990401348,-37.49817599623,1.5));
#1452 = CARTESIAN_POINT('',(-92.36827163757,-37.29378375878,1.5));
#1453 = CARTESIAN_POINT('',(-92.40559224531,-37.14296898412,1.5));
#1454 = CARTESIAN_POINT('',(-92.43065376145,-36.98929833407,1.5));
#1455 = CARTESIAN_POINT('',(-92.44318516636,-36.8341809746,1.5));
#1456 = CARTESIAN_POINT('',(-92.44318516636,-36.52395974167,1.5));
#1457 = CARTESIAN_POINT('',(-92.43065376145,-36.36884238221,1.5));
#1458 = CARTESIAN_POINT('',(-92.40559224531,-36.21517173215,1.5));
#1459 = CARTESIAN_POINT('',(-92.36827163757,-36.06435695749,1.5));
#1460 = CARTESIAN_POINT('',(-92.29990401348,-35.85996472005,1.5));
#1461 = CARTESIAN_POINT('',(-92.27875507489,-35.80283329146,1.5));
#1462 = CARTESIAN_POINT('',(-92.25581827659,-35.74643596118,1.5));
#1463 = CARTESIAN_POINT('',(-92.23113254663,-35.69085153356,1.5));
#1464 = CARTESIAN_POINT('',(-92.16706147951,-35.55805671959,1.5));
#1465 = CARTESIAN_POINT('',(-92.1259057503,-35.48176907676,1.5));
#1466 = CARTESIAN_POINT('',(-92.0814070544,-35.40751444459,1.5));
#1467 = CARTESIAN_POINT('',(-92.03372000191,-35.33549730848,1.5));
#1468 = CARTESIAN_POINT('',(-91.91320004499,-35.17006037601,1.5));
#1469 = CARTESIAN_POINT('',(-91.83766566011,-35.07881289594,1.5));
#1470 = CARTESIAN_POINT('',(-91.75688599231,-34.99265405745,1.5));
#1471 = CARTESIAN_POINT('',(-91.67139779427,-34.91199395947,1.5));
#1472 = CARTESIAN_POINT('',(-91.54889091497,-34.80965902541,1.5));
#1473 = CARTESIAN_POINT('',(-91.51542131984,-34.78294884637,1.5));
#1474 = CARTESIAN_POINT('',(-91.48142753129,-34.75703998978,1.5));
#1475 = CARTESIAN_POINT('',(-91.44694038357,-34.73194640935,1.5));
#1476 = CARTESIAN_POINT('',(-91.39483332383,-34.69576648431,1.5));
#1477 = CARTESIAN_POINT('',(-91.37764298306,-34.68410724933,1.5));
#1478 = CARTESIAN_POINT('',(-91.36042657447,-34.67270028433,1.5));
#1479 = CARTESIAN_POINT('',(-91.3431897664,-34.66154319269,1.5));
#1480 = CARTESIAN_POINT('',(-91.30868735677,-34.63972430482,1.5));
#1481 = CARTESIAN_POINT('',(-91.29141389818,-34.62905788065,1.5));
#1482 = CARTESIAN_POINT('',(-91.2741421279,-34.61864261151,1.5));
#1483 = CARTESIAN_POINT('',(-91.25687202129,-34.60847281002,1.5));
#1484 = CARTESIAN_POINT('',(-91.16999574029,-34.55851529786,1.5));
#1485 = CARTESIAN_POINT('',(-91.09840049332,-34.52121601067,1.5));
#1486 = CARTESIAN_POINT('',(-91.02495883285,-34.48680110941,1.5));
#1487 = CARTESIAN_POINT('',(-90.94985251127,-34.45541802993,1.5));
#1488 = CARTESIAN_POINT('',(-90.76383676196,-34.38684793578,1.5));
#1489 = CARTESIAN_POINT('',(-90.65139512476,-34.35295143633,1.5));
#1490 = CARTESIAN_POINT('',(-90.53653420293,-34.32586585373,1.5));
#1491 = CARTESIAN_POINT('',(-90.41987567633,-34.30585212395,1.5));
#1492 = CARTESIAN_POINT('',(-90.21653079202,-34.28378787267,1.5));
#1493 = CARTESIAN_POINT('',(-90.13038190959,-34.27831921723,1.5));
#1494 = CARTESIAN_POINT('',(-90.04388083798,-34.27672508262,1.5));
#1495 = CARTESIAN_POINT('',(-89.95728150989,-34.27903775372,1.5));
#1496 = CARTESIAN_POINT('',(-89.80707478123,-34.28985168269,1.5));
#1497 = CARTESIAN_POINT('',(-89.74339462993,-34.29657051563,1.5));
#1498 = CARTESIAN_POINT('',(-89.67990352804,-34.30541890809,1.5));
#1499 = CARTESIAN_POINT('',(-89.61670381134,-34.31639007962,1.5));
#1500 = CARTESIAN_POINT('',(-89.40573365102,-34.36032267564,1.5));
#1501 = CARTESIAN_POINT('',(-89.25975150705,-34.4029078581,1.5));
#1502 = CARTESIAN_POINT('',(-89.11729934265,-34.45702302937,1.5));
#1503 = CARTESIAN_POINT('',(-88.97964827918,-34.52222585692,1.5));
#1504 = CARTESIAN_POINT('',(-88.73325034953,-34.66372606833,1.5));
#1505 = CARTESIAN_POINT('',(-88.62305635501,-34.73752107979,1.5));
#1506 = CARTESIAN_POINT('',(-88.51817812331,-34.81877654438,1.5));
#1507 = CARTESIAN_POINT('',(-88.41930614511,-34.90693069751,1.5));
#1508 = CARTESIAN_POINT('',(-88.28855091634,-35.04067731223,1.5));
#1509 = CARTESIAN_POINT('',(-88.25121311285,-35.08112747589,1.5));
#1510 = CARTESIAN_POINT('',(-88.21506655625,-35.12261270248,1.5));
#1511 = CARTESIAN_POINT('',(-88.18015064712,-35.16508177092,1.5));
#1512 = CARTESIAN_POINT('',(-88.10012387752,-35.26829552614,1.5));
#1513 = CARTESIAN_POINT('',(-88.05615218055,-35.32987696621,1.5));
#1514 = CARTESIAN_POINT('',(-88.01468033873,-35.39308351753,1.5));
#1515 = CARTESIAN_POINT('',(-87.97578814749,-35.45776577061,1.5));
#1516 = CARTESIAN_POINT('',(-87.89048918573,-35.61308267275,1.5));
#1517 = CARTESIAN_POINT('',(-87.84628057049,-35.70481463978,1.5));
#1518 = CARTESIAN_POINT('',(-87.80707809787,-35.7985710824,1.5));
#1519 = CARTESIAN_POINT('',(-87.77298980873,-35.89394475132,1.5));
#1520 = CARTESIAN_POINT('',(-87.70353252547,-36.12586425289,1.5));
#1521 = CARTESIAN_POINT('',(-87.67314576772,-36.26356874994,1.5));
#1522 = CARTESIAN_POINT('',(-87.65305510706,-36.4024536791,1.5));
#1523 = CARTESIAN_POINT('',(-87.64317500635,-36.54134178838,1.5));
#1524 = CARTESIAN_POINT('',(-87.64317500635,-36.67907035814,1.5));
#1525 = ORIENTED_EDGE('',*,*,#1526,.F.);
#1526 = EDGE_CURVE('',#1527,#1084,#1529,.T.);
#1527 = VERTEX_POINT('',#1528);
#1528 = CARTESIAN_POINT('',(-87.64317500635,-35.17907035814,1.5));
#1529 = B_SPLINE_CURVE_WITH_KNOTS('',5,(#1530,#1531,#1532,#1533,#1534,
    #1535,#1536,#1537,#1538,#1539,#1540,#1541,#1542,#1543,#1544,#1545,
    #1546,#1547,#1548,#1549,#1550,#1551,#1552,#1553,#1554,#1555,#1556,
    #1557,#1558,#1559,#1560,#1561,#1562,#1563,#1564,#1565,#1566,#1567,
    #1568,#1569,#1570,#1571,#1572,#1573,#1574,#1575,#1576,#1577,#1578,
    #1579,#1580,#1581,#1582,#1583,#1584,#1585,#1586,#1587,#1588,#1589,
    #1590,#1591,#1592,#1593,#1594,#1595,#1596,#1597,#1598,#1599,#1600,
    #1601,#1602,#1603,#1604,#1605,#1606,#1607,#1608,#1609,#1610,#1611,
    #1612,#1613,#1614,#1615,#1616,#1617,#1618,#1619,#1620,#1621,#1622,
    #1623,#1624,#1625,#1626,#1627,#1628,#1629,#1630,#1631,#1632,#1633,
    #1634,#1635,#1636,#1637,#1638,#1639,#1640,#1641,#1642,#1643,#1644,
    #1645,#1646,#1647,#1648,#1649,#1650,#1651,#1652,#1653,#1654,#1655,
    #1656,#1657,#1658,#1659,#1660,#1661,#1662,#1663),.UNSPECIFIED.,.T.,
  .F.,(1,5,4,4,4,4,4,4,4,4,4,4,4,4,4,4,4,4,4,4,4,4,4,4,4,4,4,4,4,4,4,4,4
    ,4,5,1),(-4.804752E-02,0.,4.715870798066E-02,8.080439198896E-02,
    0.105667032318,0.123706256764,0.166954630089,0.216587564541,
    0.237626991583,0.266147690297,0.305421423565,0.332899806481,
    0.339728799834,0.360795194315,0.399370915715,0.427380462259,
    0.446996562307,0.496766345683,0.546536129058,0.566152229107,
    0.59416177565,0.632737497051,0.646910086703,0.65386824611,
    0.660825947217,0.68882222212,0.728836157307,0.757894392796,
    0.779330355206,0.829898734046,0.87396222033,0.892341434572,
    0.917672667331,0.95195248,1.,1.047158707981),.UNSPECIFIED.);
#1530 = CARTESIAN_POINT('',(-87.64317500635,-35.17907035814,1.5));
#1531 = CARTESIAN_POINT('',(-87.64317500635,-35.31679892789,1.5));
#1532 = CARTESIAN_POINT('',(-87.65305510706,-35.45568703717,1.5));
#1533 = CARTESIAN_POINT('',(-87.67314576772,-35.59457196633,1.5));
#1534 = CARTESIAN_POINT('',(-87.70353252547,-35.73227646338,1.5));
#1535 = CARTESIAN_POINT('',(-87.77298980873,-35.96419596495,1.5));
#1536 = CARTESIAN_POINT('',(-87.80707809787,-36.05956963387,1.5));
#1537 = CARTESIAN_POINT('',(-87.84628057049,-36.15332607649,1.5));
#1538 = CARTESIAN_POINT('',(-87.89048918573,-36.24505804352,1.5));
#1539 = CARTESIAN_POINT('',(-87.97578814748,-36.40037494566,1.5));
#1540 = CARTESIAN_POINT('',(-88.01468033873,-36.46505719874,1.5));
#1541 = CARTESIAN_POINT('',(-88.05615218055,-36.52826375006,1.5));
#1542 = CARTESIAN_POINT('',(-88.10012387752,-36.58984519013,1.5));
#1543 = CARTESIAN_POINT('',(-88.18015064712,-36.69305894536,1.5));
#1544 = CARTESIAN_POINT('',(-88.21506655624,-36.73552801379,1.5));
#1545 = CARTESIAN_POINT('',(-88.25121311285,-36.77701324038,1.5));
#1546 = CARTESIAN_POINT('',(-88.28855091634,-36.81746340404,1.5));
#1547 = CARTESIAN_POINT('',(-88.41930614511,-36.95121001876,1.5));
#1548 = CARTESIAN_POINT('',(-88.51817812331,-37.03936417189,1.5));
#1549 = CARTESIAN_POINT('',(-88.62305635501,-37.12061963648,1.5));
#1550 = CARTESIAN_POINT('',(-88.73325034952,-37.19441464794,1.5));
#1551 = CARTESIAN_POINT('',(-88.97964827918,-37.33591485936,1.5));
#1552 = CARTESIAN_POINT('',(-89.11729934265,-37.4011176869,1.5));
#1553 = CARTESIAN_POINT('',(-89.25975150705,-37.45523285817,1.5));
#1554 = CARTESIAN_POINT('',(-89.40573365102,-37.49781804063,1.5));
#1555 = CARTESIAN_POINT('',(-89.61670381134,-37.54175063665,1.5));
#1556 = CARTESIAN_POINT('',(-89.67990352804,-37.55272180818,1.5));
#1557 = CARTESIAN_POINT('',(-89.74339462993,-37.56157020064,1.5));
#1558 = CARTESIAN_POINT('',(-89.80707478123,-37.56828903358,1.5));
#1559 = CARTESIAN_POINT('',(-89.95728150989,-37.57910296255,1.5));
#1560 = CARTESIAN_POINT('',(-90.04388083798,-37.58141563365,1.5));
#1561 = CARTESIAN_POINT('',(-90.13038190959,-37.57982149905,1.5));
#1562 = CARTESIAN_POINT('',(-90.21653079202,-37.5743528436,1.5));
#1563 = CARTESIAN_POINT('',(-90.41987567633,-37.55228859232,1.5));
#1564 = CARTESIAN_POINT('',(-90.53653420293,-37.53227486254,1.5));
#1565 = CARTESIAN_POINT('',(-90.65139512476,-37.50518927994,1.5));
#1566 = CARTESIAN_POINT('',(-90.76383676196,-37.47129278049,1.5));
#1567 = CARTESIAN_POINT('',(-90.94985251127,-37.40272268635,1.5));
#1568 = CARTESIAN_POINT('',(-91.02495883285,-37.37133960687,1.5));
#1569 = CARTESIAN_POINT('',(-91.09840049332,-37.33692470561,1.5));
#1570 = CARTESIAN_POINT('',(-91.16999574029,-37.29962541841,1.5));
#1571 = CARTESIAN_POINT('',(-91.25687202129,-37.24966790625,1.5));
#1572 = CARTESIAN_POINT('',(-91.2741421279,-37.23949810476,1.5));
#1573 = CARTESIAN_POINT('',(-91.29141389817,-37.22908283562,1.5));
#1574 = CARTESIAN_POINT('',(-91.30868735677,-37.21841641145,1.5));
#1575 = CARTESIAN_POINT('',(-91.37915355514,-37.17385447804,1.5));
#1576 = CARTESIAN_POINT('',(-91.43145325432,-37.1383377711,1.5));
#1577 = CARTESIAN_POINT('',(-91.48272972624,-37.10099071025,1.5));
#1578 = CARTESIAN_POINT('',(-91.53288019351,-37.06185609183,1.5));
#1579 = CARTESIAN_POINT('',(-91.67139779427,-36.94614675681,1.5));
#1580 = CARTESIAN_POINT('',(-91.75688599231,-36.86548665883,1.5));
#1581 = CARTESIAN_POINT('',(-91.83766566011,-36.77932782033,1.5));
#1582 = CARTESIAN_POINT('',(-91.91320004499,-36.68808034026,1.5));
#1583 = CARTESIAN_POINT('',(-92.03372000191,-36.52264340779,1.5));
#1584 = CARTESIAN_POINT('',(-92.08140705439,-36.45062627168,1.5));
#1585 = CARTESIAN_POINT('',(-92.1259057503,-36.37637163951,1.5));
#1586 = CARTESIAN_POINT('',(-92.16706147951,-36.30008399668,1.5));
#1587 = CARTESIAN_POINT('',(-92.23113254663,-36.16728918272,1.5));
#1588 = CARTESIAN_POINT('',(-92.25581827659,-36.11170475509,1.5));
#1589 = CARTESIAN_POINT('',(-92.27875507489,-36.05530742482,1.5));
#1590 = CARTESIAN_POINT('',(-92.29990401348,-35.99817599623,1.5));
#1591 = CARTESIAN_POINT('',(-92.36827163757,-35.79378375878,1.5));
#1592 = CARTESIAN_POINT('',(-92.40559224531,-35.64296898412,1.5));
#1593 = CARTESIAN_POINT('',(-92.43065376145,-35.48929833407,1.5));
#1594 = CARTESIAN_POINT('',(-92.44318516636,-35.3341809746,1.5));
#1595 = CARTESIAN_POINT('',(-92.44318516636,-35.02395974167,1.5));
#1596 = CARTESIAN_POINT('',(-92.43065376145,-34.86884238221,1.5));
#1597 = CARTESIAN_POINT('',(-92.40559224531,-34.71517173215,1.5));
#1598 = CARTESIAN_POINT('',(-92.36827163757,-34.56435695749,1.5));
#1599 = CARTESIAN_POINT('',(-92.29990401348,-34.35996472005,1.5));
#1600 = CARTESIAN_POINT('',(-92.27875507489,-34.30283329146,1.5));
#1601 = CARTESIAN_POINT('',(-92.25581827659,-34.24643596118,1.5));
#1602 = CARTESIAN_POINT('',(-92.23113254663,-34.19085153356,1.5));
#1603 = CARTESIAN_POINT('',(-92.16706147951,-34.05805671959,1.5));
#1604 = CARTESIAN_POINT('',(-92.1259057503,-33.98176907676,1.5));
#1605 = CARTESIAN_POINT('',(-92.0814070544,-33.90751444459,1.5));
#1606 = CARTESIAN_POINT('',(-92.03372000191,-33.83549730848,1.5));
#1607 = CARTESIAN_POINT('',(-91.91320004499,-33.67006037601,1.5));
#1608 = CARTESIAN_POINT('',(-91.83766566011,-33.57881289594,1.5));
#1609 = CARTESIAN_POINT('',(-91.75688599231,-33.49265405745,1.5));
#1610 = CARTESIAN_POINT('',(-91.67139779427,-33.41199395947,1.5));
#1611 = CARTESIAN_POINT('',(-91.54889091497,-33.30965902541,1.5));
#1612 = CARTESIAN_POINT('',(-91.51542131984,-33.28294884637,1.5));
#1613 = CARTESIAN_POINT('',(-91.48142753129,-33.25703998978,1.5));
#1614 = CARTESIAN_POINT('',(-91.44694038357,-33.23194640935,1.5));
#1615 = CARTESIAN_POINT('',(-91.39483332383,-33.19576648431,1.5));
#1616 = CARTESIAN_POINT('',(-91.37764298306,-33.18410724933,1.5));
#1617 = CARTESIAN_POINT('',(-91.36042657447,-33.17270028433,1.5));
#1618 = CARTESIAN_POINT('',(-91.3431897664,-33.16154319269,1.5));
#1619 = CARTESIAN_POINT('',(-91.30868735677,-33.13972430482,1.5));
#1620 = CARTESIAN_POINT('',(-91.29141389818,-33.12905788065,1.5));
#1621 = CARTESIAN_POINT('',(-91.2741421279,-33.11864261151,1.5));
#1622 = CARTESIAN_POINT('',(-91.25687202129,-33.10847281002,1.5));
#1623 = CARTESIAN_POINT('',(-91.16999574029,-33.05851529786,1.5));
#1624 = CARTESIAN_POINT('',(-91.09840049332,-33.02121601067,1.5));
#1625 = CARTESIAN_POINT('',(-91.02495883285,-32.98680110941,1.5));
#1626 = CARTESIAN_POINT('',(-90.94985251127,-32.95541802993,1.5));
#1627 = CARTESIAN_POINT('',(-90.76383676196,-32.88684793578,1.5));
#1628 = CARTESIAN_POINT('',(-90.65139512476,-32.85295143633,1.5));
#1629 = CARTESIAN_POINT('',(-90.53653420293,-32.82586585373,1.5));
#1630 = CARTESIAN_POINT('',(-90.41987567633,-32.80585212395,1.5));
#1631 = CARTESIAN_POINT('',(-90.21653079202,-32.78378787267,1.5));
#1632 = CARTESIAN_POINT('',(-90.13038190959,-32.77831921723,1.5));
#1633 = CARTESIAN_POINT('',(-90.04388083798,-32.77672508262,1.5));
#1634 = CARTESIAN_POINT('',(-89.95728150989,-32.77903775372,1.5));
#1635 = CARTESIAN_POINT('',(-89.80707478123,-32.78985168269,1.5));
#1636 = CARTESIAN_POINT('',(-89.74339462993,-32.79657051563,1.5));
#1637 = CARTESIAN_POINT('',(-89.67990352804,-32.80541890809,1.5));
#1638 = CARTESIAN_POINT('',(-89.61670381134,-32.81639007962,1.5));
#1639 = CARTESIAN_POINT('',(-89.40573365102,-32.86032267564,1.5));
#1640 = CARTESIAN_POINT('',(-89.25975150705,-32.9029078581,1.5));
#1641 = CARTESIAN_POINT('',(-89.11729934265,-32.95702302937,1.5));
#1642 = CARTESIAN_POINT('',(-88.97964827918,-33.02222585692,1.5));
#1643 = CARTESIAN_POINT('',(-88.73325034953,-33.16372606833,1.5));
#1644 = CARTESIAN_POINT('',(-88.62305635501,-33.23752107979,1.5));
#1645 = CARTESIAN_POINT('',(-88.51817812331,-33.31877654438,1.5));
#1646 = CARTESIAN_POINT('',(-88.41930614511,-33.40693069751,1.5));
#1647 = CARTESIAN_POINT('',(-88.28855091634,-33.54067731223,1.5));
#1648 = CARTESIAN_POINT('',(-88.25121311285,-33.58112747589,1.5));
#1649 = CARTESIAN_POINT('',(-88.21506655625,-33.62261270248,1.5));
#1650 = CARTESIAN_POINT('',(-88.18015064712,-33.66508177092,1.5));
#1651 = CARTESIAN_POINT('',(-88.10012387752,-33.76829552614,1.5));
#1652 = CARTESIAN_POINT('',(-88.05615218055,-33.82987696621,1.5));
#1653 = CARTESIAN_POINT('',(-88.01468033873,-33.89308351753,1.5));
#1654 = CARTESIAN_POINT('',(-87.97578814749,-33.95776577061,1.5));
#1655 = CARTESIAN_POINT('',(-87.89048918573,-34.11308267275,1.5));
#1656 = CARTESIAN_POINT('',(-87.84628057049,-34.20481463978,1.5));
#1657 = CARTESIAN_POINT('',(-87.80707809787,-34.2985710824,1.5));
#1658 = CARTESIAN_POINT('',(-87.77298980873,-34.39394475132,1.5));
#1659 = CARTESIAN_POINT('',(-87.70353252547,-34.62586425289,1.5));
#1660 = CARTESIAN_POINT('',(-87.67314576772,-34.76356874994,1.5));
#1661 = CARTESIAN_POINT('',(-87.65305510706,-34.9024536791,1.5));
#1662 = CARTESIAN_POINT('',(-87.64317500635,-35.04134178838,1.5));
#1663 = CARTESIAN_POINT('',(-87.64317500635,-35.17907035814,1.5));
#1664 = ORIENTED_EDGE('',*,*,#1665,.F.);
#1665 = EDGE_CURVE('',#191,#1527,#1666,.T.);
#1666 = B_SPLINE_CURVE_WITH_KNOTS('',5,(#1667,#1668,#1669,#1670,#1671,
    #1672,#1673,#1674,#1675,#1676,#1677,#1678,#1679,#1680,#1681,#1682,
    #1683,#1684,#1685,#1686,#1687,#1688,#1689,#1690,#1691,#1692,#1693,
    #1694,#1695,#1696,#1697,#1698,#1699,#1700,#1701,#1702,#1703,#1704,
    #1705,#1706,#1707,#1708,#1709,#1710,#1711,#1712,#1713,#1714,#1715,
    #1716,#1717,#1718,#1719,#1720,#1721,#1722,#1723,#1724,#1725,#1726,
    #1727,#1728,#1729,#1730,#1731,#1732,#1733,#1734,#1735,#1736,#1737,
    #1738,#1739,#1740,#1741,#1742,#1743,#1744,#1745,#1746,#1747,#1748,
    #1749,#1750,#1751,#1752,#1753,#1754,#1755,#1756,#1757,#1758,#1759,
    #1760,#1761,#1762,#1763,#1764,#1765,#1766,#1767,#1768,#1769,#1770,
    #1771,#1772,#1773,#1774,#1775,#1776,#1777,#1778,#1779,#1780,#1781,
    #1782,#1783,#1784,#1785,#1786,#1787,#1788,#1789,#1790,#1791,#1792,
    #1793,#1794,#1795,#1796,#1797,#1798,#1799,#1800),.UNSPECIFIED.,.T.,
  .F.,(1,5,4,4,4,4,4,4,4,4,4,4,4,4,4,4,4,4,4,4,4,4,4,4,4,4,4,4,4,4,4,4,4
    ,4,5,1),(-4.804752E-02,0.,4.715870798066E-02,8.080439198896E-02,
    0.105667032318,0.123706256764,0.166954630089,0.216587564541,
    0.237626991583,0.266147690297,0.305421423565,0.332899806481,
    0.339728799834,0.360795194315,0.399370915715,0.427380462259,
    0.446996562307,0.496766345683,0.546536129058,0.566152229107,
    0.59416177565,0.632737497051,0.646910086703,0.65386824611,
    0.660825947217,0.68882222212,0.728836157307,0.757894392796,
    0.779330355206,0.829898734046,0.87396222033,0.892341434572,
    0.917672667331,0.95195248,1.,1.047158707981),.UNSPECIFIED.);
#1667 = CARTESIAN_POINT('',(-87.64317500635,-35.17907035814,1.5));
#1668 = CARTESIAN_POINT('',(-87.64317500635,-35.31679892789,1.5));
#1669 = CARTESIAN_POINT('',(-87.65305510706,-35.45568703717,1.5));
#1670 = CARTESIAN_POINT('',(-87.67314576772,-35.59457196633,1.5));
#1671 = CARTESIAN_POINT('',(-87.70353252547,-35.73227646338,1.5));
#1672 = CARTESIAN_POINT('',(-87.77298980873,-35.96419596495,1.5));
#1673 = CARTESIAN_POINT('',(-87.80707809787,-36.05956963387,1.5));
#1674 = CARTESIAN_POINT('',(-87.84628057049,-36.15332607649,1.5));
#1675 = CARTESIAN_POINT('',(-87.89048918573,-36.24505804352,1.5));
#1676 = CARTESIAN_POINT('',(-87.97578814748,-36.40037494566,1.5));
#1677 = CARTESIAN_POINT('',(-88.01468033873,-36.46505719874,1.5));
#1678 = CARTESIAN_POINT('',(-88.05615218055,-36.52826375006,1.5));
#1679 = CARTESIAN_POINT('',(-88.10012387752,-36.58984519013,1.5));
#1680 = CARTESIAN_POINT('',(-88.18015064712,-36.69305894536,1.5));
#1681 = CARTESIAN_POINT('',(-88.21506655624,-36.73552801379,1.5));
#1682 = CARTESIAN_POINT('',(-88.25121311285,-36.77701324038,1.5));
#1683 = CARTESIAN_POINT('',(-88.28855091634,-36.81746340404,1.5));
#1684 = CARTESIAN_POINT('',(-88.41930614511,-36.95121001876,1.5));
#1685 = CARTESIAN_POINT('',(-88.51817812331,-37.03936417189,1.5));
#1686 = CARTESIAN_POINT('',(-88.62305635501,-37.12061963648,1.5));
#1687 = CARTESIAN_POINT('',(-88.73325034952,-37.19441464794,1.5));
#1688 = CARTESIAN_POINT('',(-88.97964827918,-37.33591485936,1.5));
#1689 = CARTESIAN_POINT('',(-89.11729934265,-37.4011176869,1.5));
#1690 = CARTESIAN_POINT('',(-89.25975150705,-37.45523285817,1.5));
#1691 = CARTESIAN_POINT('',(-89.40573365102,-37.49781804063,1.5));
#1692 = CARTESIAN_POINT('',(-89.61670381134,-37.54175063665,1.5));
#1693 = CARTESIAN_POINT('',(-89.67990352804,-37.55272180818,1.5));
#1694 = CARTESIAN_POINT('',(-89.74339462993,-37.56157020064,1.5));
#1695 = CARTESIAN_POINT('',(-89.80707478123,-37.56828903358,1.5));
#1696 = CARTESIAN_POINT('',(-89.95728150989,-37.57910296255,1.5));
#1697 = CARTESIAN_POINT('',(-90.04388083798,-37.58141563365,1.5));
#1698 = CARTESIAN_POINT('',(-90.13038190959,-37.57982149905,1.5));
#1699 = CARTESIAN_POINT('',(-90.21653079202,-37.5743528436,1.5));
#1700 = CARTESIAN_POINT('',(-90.41987567633,-37.55228859232,1.5));
#1701 = CARTESIAN_POINT('',(-90.53653420293,-37.53227486254,1.5));
#1702 = CARTESIAN_POINT('',(-90.65139512476,-37.50518927994,1.5));
#1703 = CARTESIAN_POINT('',(-90.76383676196,-37.47129278049,1.5));
#1704 = CARTESIAN_POINT('',(-90.94985251127,-37.40272268635,1.5));
#1705 = CARTESIAN_POINT('',(-91.02495883285,-37.37133960687,1.5));
#1706 = CARTESIAN_POINT('',(-91.09840049332,-37.33692470561,1.5));
#1707 = CARTESIAN_POINT('',(-91.16999574029,-37.29962541841,1.5));
#1708 = CARTESIAN_POINT('',(-91.25687202129,-37.24966790625,1.5));
#1709 = CARTESIAN_POINT('',(-91.2741421279,-37.23949810476,1.5));
#1710 = CARTESIAN_POINT('',(-91.29141389817,-37.22908283562,1.5));
#1711 = CARTESIAN_POINT('',(-91.30868735677,-37.21841641145,1.5));
#1712 = CARTESIAN_POINT('',(-91.37915355514,-37.17385447804,1.5));
#1713 = CARTESIAN_POINT('',(-91.43145325432,-37.1383377711,1.5));
#1714 = CARTESIAN_POINT('',(-91.48272972624,-37.10099071025,1.5));
#1715 = CARTESIAN_POINT('',(-91.53288019351,-37.06185609183,1.5));
#1716 = CARTESIAN_POINT('',(-91.67139779427,-36.94614675681,1.5));
#1717 = CARTESIAN_POINT('',(-91.75688599231,-36.86548665883,1.5));
#1718 = CARTESIAN_POINT('',(-91.83766566011,-36.77932782033,1.5));
#1719 = CARTESIAN_POINT('',(-91.91320004499,-36.68808034026,1.5));
#1720 = CARTESIAN_POINT('',(-92.03372000191,-36.52264340779,1.5));
#1721 = CARTESIAN_POINT('',(-92.08140705439,-36.45062627168,1.5));
#1722 = CARTESIAN_POINT('',(-92.1259057503,-36.37637163951,1.5));
#1723 = CARTESIAN_POINT('',(-92.16706147951,-36.30008399668,1.5));
#1724 = CARTESIAN_POINT('',(-92.23113254663,-36.16728918272,1.5));
#1725 = CARTESIAN_POINT('',(-92.25581827659,-36.11170475509,1.5));
#1726 = CARTESIAN_POINT('',(-92.27875507489,-36.05530742482,1.5));
#1727 = CARTESIAN_POINT('',(-92.29990401348,-35.99817599623,1.5));
#1728 = CARTESIAN_POINT('',(-92.36827163757,-35.79378375878,1.5));
#1729 = CARTESIAN_POINT('',(-92.40559224531,-35.64296898412,1.5));
#1730 = CARTESIAN_POINT('',(-92.43065376145,-35.48929833407,1.5));
#1731 = CARTESIAN_POINT('',(-92.44318516636,-35.3341809746,1.5));
#1732 = CARTESIAN_POINT('',(-92.44318516636,-35.02395974167,1.5));
#1733 = CARTESIAN_POINT('',(-92.43065376145,-34.86884238221,1.5));
#1734 = CARTESIAN_POINT('',(-92.40559224531,-34.71517173215,1.5));
#1735 = CARTESIAN_POINT('',(-92.36827163757,-34.56435695749,1.5));
#1736 = CARTESIAN_POINT('',(-92.29990401348,-34.35996472005,1.5));
#1737 = CARTESIAN_POINT('',(-92.27875507489,-34.30283329146,1.5));
#1738 = CARTESIAN_POINT('',(-92.25581827659,-34.24643596118,1.5));
#1739 = CARTESIAN_POINT('',(-92.23113254663,-34.19085153356,1.5));
#1740 = CARTESIAN_POINT('',(-92.16706147951,-34.05805671959,1.5));
#1741 = CARTESIAN_POINT('',(-92.1259057503,-33.98176907676,1.5));
#1742 = CARTESIAN_POINT('',(-92.0814070544,-33.90751444459,1.5));
#1743 = CARTESIAN_POINT('',(-92.03372000191,-33.83549730848,1.5));
#1744 = CARTESIAN_POINT('',(-91.91320004499,-33.67006037601,1.5));
#1745 = CARTESIAN_POINT('',(-91.83766566011,-33.57881289594,1.5));
#1746 = CARTESIAN_POINT('',(-91.75688599231,-33.49265405745,1.5));
#1747 = CARTESIAN_POINT('',(-91.67139779427,-33.41199395947,1.5));
#1748 = CARTESIAN_POINT('',(-91.54889091497,-33.30965902541,1.5));
#1749 = CARTESIAN_POINT('',(-91.51542131984,-33.28294884637,1.5));
#1750 = CARTESIAN_POINT('',(-91.48142753129,-33.25703998978,1.5));
#1751 = CARTESIAN_POINT('',(-91.44694038357,-33.23194640935,1.5));
#1752 = CARTESIAN_POINT('',(-91.39483332383,-33.19576648431,1.5));
#1753 = CARTESIAN_POINT('',(-91.37764298306,-33.18410724933,1.5));
#1754 = CARTESIAN_POINT('',(-91.36042657447,-33.17270028433,1.5));
#1755 = CARTESIAN_POINT('',(-91.3431897664,-33.16154319269,1.5));
#1756 = CARTESIAN_POINT('',(-91.30868735677,-33.13972430482,1.5));
#1757 = CARTESIAN_POINT('',(-91.29141389818,-33.12905788065,1.5));
#1758 = CARTESIAN_POINT('',(-91.2741421279,-33.11864261151,1.5));
#1759 = CARTESIAN_POINT('',(-91.25687202129,-33.10847281002,1.5));
#1760 = CARTESIAN_POINT('',(-91.16999574029,-33.05851529786,1.5));
#1761 = CARTESIAN_POINT('',(-91.09840049332,-33.02121601067,1.5));
#1762 = CARTESIAN_POINT('',(-91.02495883285,-32.98680110941,1.5));
#1763 = CARTESIAN_POINT('',(-90.94985251127,-32.95541802993,1.5));
#1764 = CARTESIAN_POINT('',(-90.76383676196,-32.88684793578,1.5));
#1765 = CARTESIAN_POINT('',(-90.65139512476,-32.85295143633,1.5));
#1766 = CARTESIAN_POINT('',(-90.53653420293,-32.82586585373,1.5));
#1767 = CARTESIAN_POINT('',(-90.41987567633,-32.80585212395,1.5));
#1768 = CARTESIAN_POINT('',(-90.21653079202,-32.78378787267,1.5));
#1769 = CARTESIAN_POINT('',(-90.13038190959,-32.77831921723,1.5));
#1770 = CARTESIAN_POINT('',(-90.04388083798,-32.77672508262,1.5));
#1771 = CARTESIAN_POINT('',(-89.95728150989,-32.77903775372,1.5));
#1772 = CARTESIAN_POINT('',(-89.80707478123,-32.78985168269,1.5));
#1773 = CARTESIAN_POINT('',(-89.74339462993,-32.79657051563,1.5));
#1774 = CARTESIAN_POINT('',(-89.67990352804,-32.80541890809,1.5));
#1775 = CARTESIAN_POINT('',(-89.61670381134,-32.81639007962,1.5));
#1776 = CARTESIAN_POINT('',(-89.40573365102,-32.86032267564,1.5));
#1777 = CARTESIAN_POINT('',(-89.25975150705,-32.9029078581,1.5));
#1778 = CARTESIAN_POINT('',(-89.11729934265,-32.95702302937,1.5));
#1779 = CARTESIAN_POINT('',(-88.97964827918,-33.02222585692,1.5));
#1780 = CARTESIAN_POINT('',(-88.73325034953,-33.16372606833,1.5));
#1781 = CARTESIAN_POINT('',(-88.62305635501,-33.23752107979,1.5));
#1782 = CARTESIAN_POINT('',(-88.51817812331,-33.31877654438,1.5));
#1783 = CARTESIAN_POINT('',(-88.41930614511,-33.40693069751,1.5));
#1784 = CARTESIAN_POINT('',(-88.28855091634,-33.54067731223,1.5));
#1785 = CARTESIAN_POINT('',(-88.25121311285,-33.58112747589,1.5));
#1786 = CARTESIAN_POINT('',(-88.21506655625,-33.62261270248,1.5));
#1787 = CARTESIAN_POINT('',(-88.18015064712,-33.66508177092,1.5));
#1788 = CARTESIAN_POINT('',(-88.10012387752,-33.76829552614,1.5));
#1789 = CARTESIAN_POINT('',(-88.05615218055,-33.82987696621,1.5));
#1790 = CARTESIAN_POINT('',(-88.01468033873,-33.89308351753,1.5));
#1791 = CARTESIAN_POINT('',(-87.97578814749,-33.95776577061,1.5));
#1792 = CARTESIAN_POINT('',(-87.89048918573,-34.11308267275,1.5));
#1793 = CARTESIAN_POINT('',(-87.84628057049,-34.20481463978,1.5));
#1794 = CARTESIAN_POINT('',(-87.80707809787,-34.2985710824,1.5));
#1795 = CARTESIAN_POINT('',(-87.77298980873,-34.39394475132,1.5));
#1796 = CARTESIAN_POINT('',(-87.70353252547,-34.62586425289,1.5));
#1797 = CARTESIAN_POINT('',(-87.67314576772,-34.76356874994,1.5));
#1798 = CARTESIAN_POINT('',(-87.65305510706,-34.9024536791,1.5));
#1799 = CARTESIAN_POINT('',(-87.64317500635,-35.04134178838,1.5));
#1800 = CARTESIAN_POINT('',(-87.64317500635,-35.17907035814,1.5));
#1801 = ORIENTED_EDGE('',*,*,#197,.T.);
#1802 = PLANE('',#1803);
#1803 = AXIS2_PLACEMENT_3D('',#1804,#1805,#1806);
#1804 = CARTESIAN_POINT('',(-97.76219329438,-40.93357886715,1.5));
#1805 = DIRECTION('',(0.,0.,1.));
#1806 = DIRECTION('',(1.,0.,-0.));
#1807 = ADVANCED_FACE('',(#1808),#1831,.T.);
#1808 = FACE_BOUND('',#1809,.T.);
#1809 = EDGE_LOOP('',(#1810,#1817,#1818,#1819,#1826));
#1810 = ORIENTED_EDGE('',*,*,#1811,.F.);
#1811 = EDGE_CURVE('',#176,#1812,#1814,.T.);
#1812 = VERTEX_POINT('',#1813);
#1813 = CARTESIAN_POINT('',(-85.40767081534,-40.93357886715,-1.5));
#1814 = B_SPLINE_CURVE_WITH_KNOTS('',1,(#1815,#1816),.UNSPECIFIED.,.F.,
  .F.,(2,2),(2.02755,335.),.PIECEWISE_BEZIER_KNOTS.);
#1815 = CARTESIAN_POINT('',(-85.40767081534,-32.47606172212,-1.5));
#1816 = CARTESIAN_POINT('',(-85.40767081534,-40.93357886715,-1.5));
#1817 = ORIENTED_EDGE('',*,*,#183,.F.);
#1818 = ORIENTED_EDGE('',*,*,#918,.T.);
#1819 = ORIENTED_EDGE('',*,*,#1820,.F.);
#1820 = EDGE_CURVE('',#1821,#919,#1823,.T.);
#1821 = VERTEX_POINT('',#1822);
#1822 = CARTESIAN_POINT('',(-85.40767081534,-40.93357886715,1.5));
#1823 = B_SPLINE_CURVE_WITH_KNOTS('',1,(#1824,#1825),.UNSPECIFIED.,.F.,
  .F.,(2,2),(0.,1.),.PIECEWISE_BEZIER_KNOTS.);
#1824 = CARTESIAN_POINT('',(-85.40767081534,-40.93357886715,1.5));
#1825 = CARTESIAN_POINT('',(-85.40767081534,-32.48,1.5));
#1826 = ORIENTED_EDGE('',*,*,#1827,.F.);
#1827 = EDGE_CURVE('',#1812,#1821,#1828,.T.);
#1828 = B_SPLINE_CURVE_WITH_KNOTS('',1,(#1829,#1830),.UNSPECIFIED.,.F.,
  .F.,(2,2),(0.,118.1102),.PIECEWISE_BEZIER_KNOTS.);
#1829 = CARTESIAN_POINT('',(-85.40767081534,-40.93357886715,-1.5));
#1830 = CARTESIAN_POINT('',(-85.40767081534,-40.93357886715,
    1.50000508001));
#1831 = B_SPLINE_SURFACE_WITH_KNOTS('',1,1,(
    (#1832,#1833)
    ,(#1834,#1835
  )),.UNSPECIFIED.,.F.,.F.,.F.,(2,2),(2,2),(2.02755,335.),(-118.1102,0.)
  ,.PIECEWISE_BEZIER_KNOTS.);
#1832 = CARTESIAN_POINT('',(-85.40767081534,-32.47606172212,
    1.50000508001));
#1833 = CARTESIAN_POINT('',(-85.40767081534,-32.47606172212,-1.5));
#1834 = CARTESIAN_POINT('',(-85.40767081534,-40.93357886715,
    1.50000508001));
#1835 = CARTESIAN_POINT('',(-85.40767081534,-40.93357886715,-1.5));
#1836 = ADVANCED_FACE('',(#1837),#1854,.F.);
#1837 = FACE_BOUND('',#1838,.F.);
#1838 = EDGE_LOOP('',(#1839,#1846,#1847,#1848));
#1839 = ORIENTED_EDGE('',*,*,#1840,.T.);
#1840 = EDGE_CURVE('',#1841,#176,#1843,.T.);
#1841 = VERTEX_POINT('',#1842);
#1842 = CARTESIAN_POINT('',(-85.40767081534,-32.48,-1.5));
#1843 = B_SPLINE_CURVE_WITH_KNOTS('',1,(#1844,#1845),.UNSPECIFIED.,.F.,
  .F.,(2,2),(2.02755,335.),.PIECEWISE_BEZIER_KNOTS.);
#1844 = CARTESIAN_POINT('',(-85.40767081534,-32.47606172212,-1.5));
#1845 = CARTESIAN_POINT('',(-85.40767081534,-40.93357886715,-1.5));
#1846 = ORIENTED_EDGE('',*,*,#175,.T.);
#1847 = ORIENTED_EDGE('',*,*,#613,.T.);
#1848 = ORIENTED_EDGE('',*,*,#1849,.F.);
#1849 = EDGE_CURVE('',#1841,#614,#1850,.T.);
#1850 = LINE('',#1851,#1852);
#1851 = CARTESIAN_POINT('',(-98.26219329438,-32.48,-1.5));
#1852 = VECTOR('',#1853,1.);
#1853 = DIRECTION('',(1.,0.,-0.));
#1854 = PLANE('',#1855);
#1855 = AXIS2_PLACEMENT_3D('',#1856,#1857,#1858);
#1856 = CARTESIAN_POINT('',(-98.762,-32.98,-1.5));
#1857 = DIRECTION('',(0.,0.,1.));
#1858 = DIRECTION('',(1.,0.,-0.));
#1859 = ADVANCED_FACE('',(#1860),#2277,.T.);
#1860 = FACE_BOUND('',#1861,.T.);
#1861 = EDGE_LOOP('',(#1862,#1999,#2000,#2139,#2276));
#1862 = ORIENTED_EDGE('',*,*,#1863,.F.);
#1863 = EDGE_CURVE('',#241,#162,#1864,.T.);
#1864 = B_SPLINE_CURVE_WITH_KNOTS('',5,(#1865,#1866,#1867,#1868,#1869,
    #1870,#1871,#1872,#1873,#1874,#1875,#1876,#1877,#1878,#1879,#1880,
    #1881,#1882,#1883,#1884,#1885,#1886,#1887,#1888,#1889,#1890,#1891,
    #1892,#1893,#1894,#1895,#1896,#1897,#1898,#1899,#1900,#1901,#1902,
    #1903,#1904,#1905,#1906,#1907,#1908,#1909,#1910,#1911,#1912,#1913,
    #1914,#1915,#1916,#1917,#1918,#1919,#1920,#1921,#1922,#1923,#1924,
    #1925,#1926,#1927,#1928,#1929,#1930,#1931,#1932,#1933,#1934,#1935,
    #1936,#1937,#1938,#1939,#1940,#1941,#1942,#1943,#1944,#1945,#1946,
    #1947,#1948,#1949,#1950,#1951,#1952,#1953,#1954,#1955,#1956,#1957,
    #1958,#1959,#1960,#1961,#1962,#1963,#1964,#1965,#1966,#1967,#1968,
    #1969,#1970,#1971,#1972,#1973,#1974,#1975,#1976,#1977,#1978,#1979,
    #1980,#1981,#1982,#1983,#1984,#1985,#1986,#1987,#1988,#1989,#1990,
    #1991,#1992,#1993,#1994,#1995,#1996,#1997,#1998),.UNSPECIFIED.,.T.,
  .F.,(1,5,4,4,4,4,4,4,4,4,4,4,4,4,4,4,4,4,4,4,4,4,4,4,4,4,4,4,4,4,4,4,4
    ,4,5,1),(-4.804752E-02,0.,4.715870798069E-02,8.0804391989E-02,
    0.105667032318,0.123706256764,0.166954630089,0.216587564542,
    0.237626991584,0.266147690298,0.305421423566,0.332899806481,
    0.339728799835,0.360795194315,0.399370915715,0.427380462259,
    0.446996562307,0.496766345683,0.546536129059,0.566152229107,
    0.594161775651,0.632737497051,0.646910086703,0.65386824611,
    0.660825947217,0.68882222212,0.728836157307,0.757894392797,
    0.779330355207,0.829898734046,0.87396222033,0.892341434572,
    0.917672667331,0.95195248,1.,1.047158707981),.UNSPECIFIED.);
#1865 = CARTESIAN_POINT('',(-0.648001016002,-35.17907035814,1.5));
#1866 = CARTESIAN_POINT('',(-0.648001016002,-35.31679892789,1.5));
#1867 = CARTESIAN_POINT('',(-0.657881116719,-35.45568703717,1.5));
#1868 = CARTESIAN_POINT('',(-0.677971777376,-35.59457196633,1.5));
#1869 = CARTESIAN_POINT('',(-0.70835853513,-35.73227646338,1.5));
#1870 = CARTESIAN_POINT('',(-0.777815818391,-35.96419596495,1.5));
#1871 = CARTESIAN_POINT('',(-0.811904107523,-36.05956963387,1.5));
#1872 = CARTESIAN_POINT('',(-0.851106580144,-36.15332607649,1.5));
#1873 = CARTESIAN_POINT('',(-0.895315195389,-36.24505804352,1.5));
#1874 = CARTESIAN_POINT('',(-0.980614157142,-36.40037494566,1.5));
#1875 = CARTESIAN_POINT('',(-1.019506348387,-36.46505719874,1.5));
#1876 = CARTESIAN_POINT('',(-1.060978190206,-36.52826375006,1.5));
#1877 = CARTESIAN_POINT('',(-1.104949887174,-36.58984519013,1.5));
#1878 = CARTESIAN_POINT('',(-1.184976656779,-36.69305894536,1.5));
#1879 = CARTESIAN_POINT('',(-1.219892565902,-36.73552801379,1.5));
#1880 = CARTESIAN_POINT('',(-1.256039122511,-36.77701324038,1.5));
#1881 = CARTESIAN_POINT('',(-1.293376925993,-36.81746340404,1.5));
#1882 = CARTESIAN_POINT('',(-1.424132154766,-36.95121001876,1.5));
#1883 = CARTESIAN_POINT('',(-1.52300413297,-37.03936417189,1.5));
#1884 = CARTESIAN_POINT('',(-1.627882364668,-37.12061963648,1.5));
#1885 = CARTESIAN_POINT('',(-1.738076359183,-37.19441464794,1.5));
#1886 = CARTESIAN_POINT('',(-1.984474288841,-37.33591485936,1.5));
#1887 = CARTESIAN_POINT('',(-2.122125352309,-37.4011176869,1.5));
#1888 = CARTESIAN_POINT('',(-2.264577516705,-37.45523285817,1.5));
#1889 = CARTESIAN_POINT('',(-2.410559660681,-37.49781804063,1.5));
#1890 = CARTESIAN_POINT('',(-2.621529820999,-37.54175063665,1.5));
#1891 = CARTESIAN_POINT('',(-2.684729537699,-37.55272180818,1.5));
#1892 = CARTESIAN_POINT('',(-2.748220639587,-37.56157020064,1.5));
#1893 = CARTESIAN_POINT('',(-2.811900790893,-37.56828903358,1.5));
#1894 = CARTESIAN_POINT('',(-2.962107519547,-37.57910296255,1.5));
#1895 = CARTESIAN_POINT('',(-3.048706847642,-37.58141563365,1.5));
#1896 = CARTESIAN_POINT('',(-3.13520791925,-37.57982149905,1.5));
#1897 = CARTESIAN_POINT('',(-3.221356801677,-37.5743528436,1.5));
#1898 = CARTESIAN_POINT('',(-3.424701685991,-37.55228859232,1.5));
#1899 = CARTESIAN_POINT('',(-3.541360212592,-37.53227486254,1.5));
#1900 = CARTESIAN_POINT('',(-3.656221134419,-37.50518927994,1.5));
#1901 = CARTESIAN_POINT('',(-3.768662771618,-37.47129278049,1.5));
#1902 = CARTESIAN_POINT('',(-3.954678520929,-37.40272268635,1.5));
#1903 = CARTESIAN_POINT('',(-4.029784842507,-37.37133960687,1.5));
#1904 = CARTESIAN_POINT('',(-4.103226502983,-37.33692470561,1.5));
#1905 = CARTESIAN_POINT('',(-4.174821749951,-37.29962541841,1.5));
#1906 = CARTESIAN_POINT('',(-4.261698030947,-37.24966790625,1.5));
#1907 = CARTESIAN_POINT('',(-4.278968137565,-37.23949810476,1.5));
#1908 = CARTESIAN_POINT('',(-4.296239907835,-37.22908283562,1.5));
#1909 = CARTESIAN_POINT('',(-4.313513366429,-37.21841641145,1.5));
#1910 = CARTESIAN_POINT('',(-4.383979564797,-37.17385447804,1.5));
#1911 = CARTESIAN_POINT('',(-4.436279263985,-37.1383377711,1.5));
#1912 = CARTESIAN_POINT('',(-4.487555735903,-37.10099071025,1.5));
#1913 = CARTESIAN_POINT('',(-4.537706203168,-37.06185609183,1.5));
#1914 = CARTESIAN_POINT('',(-4.676223803931,-36.94614675681,1.5));
#1915 = CARTESIAN_POINT('',(-4.761712001972,-36.86548665883,1.5));
#1916 = CARTESIAN_POINT('',(-4.84249166977,-36.77932782033,1.5));
#1917 = CARTESIAN_POINT('',(-4.918026054649,-36.68808034026,1.5));
#1918 = CARTESIAN_POINT('',(-5.038546011574,-36.52264340779,1.5));
#1919 = CARTESIAN_POINT('',(-5.086233064055,-36.45062627168,1.5));
#1920 = CARTESIAN_POINT('',(-5.130731759963,-36.37637163951,1.5));
#1921 = CARTESIAN_POINT('',(-5.171887489172,-36.30008399668,1.5));
#1922 = CARTESIAN_POINT('',(-5.235958556292,-36.16728918272,1.5));
#1923 = CARTESIAN_POINT('',(-5.260644286254,-36.11170475509,1.5));
#1924 = CARTESIAN_POINT('',(-5.283581084554,-36.05530742482,1.5));
#1925 = CARTESIAN_POINT('',(-5.304730023138,-35.99817599623,1.5));
#1926 = CARTESIAN_POINT('',(-5.373097647225,-35.79378375878,1.5));
#1927 = CARTESIAN_POINT('',(-5.410418254971,-35.64296898412,1.5));
#1928 = CARTESIAN_POINT('',(-5.435479771109,-35.48929833407,1.5));
#1929 = CARTESIAN_POINT('',(-5.448011176022,-35.3341809746,1.5));
#1930 = CARTESIAN_POINT('',(-5.448011176022,-35.02395974167,1.5));
#1931 = CARTESIAN_POINT('',(-5.435479771109,-34.86884238221,1.5));
#1932 = CARTESIAN_POINT('',(-5.410418254972,-34.71517173215,1.5));
#1933 = CARTESIAN_POINT('',(-5.373097647226,-34.56435695749,1.5));
#1934 = CARTESIAN_POINT('',(-5.304730023139,-34.35996472005,1.5));
#1935 = CARTESIAN_POINT('',(-5.283581084555,-34.30283329146,1.5));
#1936 = CARTESIAN_POINT('',(-5.260644286255,-34.24643596118,1.5));
#1937 = CARTESIAN_POINT('',(-5.235958556293,-34.19085153356,1.5));
#1938 = CARTESIAN_POINT('',(-5.171887489173,-34.05805671959,1.5));
#1939 = CARTESIAN_POINT('',(-5.130731759965,-33.98176907676,1.5));
#1940 = CARTESIAN_POINT('',(-5.086233064056,-33.90751444459,1.5));
#1941 = CARTESIAN_POINT('',(-5.038546011575,-33.83549730848,1.5));
#1942 = CARTESIAN_POINT('',(-4.918026054651,-33.67006037601,1.5));
#1943 = CARTESIAN_POINT('',(-4.842491669772,-33.57881289594,1.5));
#1944 = CARTESIAN_POINT('',(-4.761712001973,-33.49265405745,1.5));
#1945 = CARTESIAN_POINT('',(-4.676223803933,-33.41199395947,1.5));
#1946 = CARTESIAN_POINT('',(-4.553716924635,-33.30965902541,1.5));
#1947 = CARTESIAN_POINT('',(-4.520247329502,-33.28294884637,1.5));
#1948 = CARTESIAN_POINT('',(-4.486253540947,-33.25703998978,1.5));
#1949 = CARTESIAN_POINT('',(-4.451766393231,-33.23194640935,1.5));
#1950 = CARTESIAN_POINT('',(-4.399659333491,-33.19576648431,1.5));
#1951 = CARTESIAN_POINT('',(-4.382468992725,-33.18410724933,1.5));
#1952 = CARTESIAN_POINT('',(-4.36525258413,-33.17270028433,1.5));
#1953 = CARTESIAN_POINT('',(-4.34801577606,-33.16154319269,1.5));
#1954 = CARTESIAN_POINT('',(-4.313513366431,-33.13972430482,1.5));
#1955 = CARTESIAN_POINT('',(-4.296239907837,-33.12905788065,1.5));
#1956 = CARTESIAN_POINT('',(-4.278968137566,-33.11864261151,1.5));
#1957 = CARTESIAN_POINT('',(-4.261698030949,-33.10847281002,1.5));
#1958 = CARTESIAN_POINT('',(-4.174821749952,-33.05851529786,1.5));
#1959 = CARTESIAN_POINT('',(-4.103226502984,-33.02121601067,1.5));
#1960 = CARTESIAN_POINT('',(-4.029784842508,-32.98680110941,1.5));
#1961 = CARTESIAN_POINT('',(-3.95467852093,-32.95541802993,1.5));
#1962 = CARTESIAN_POINT('',(-3.76866277162,-32.88684793578,1.5));
#1963 = CARTESIAN_POINT('',(-3.656221134421,-32.85295143633,1.5));
#1964 = CARTESIAN_POINT('',(-3.541360212594,-32.82586585373,1.5));
#1965 = CARTESIAN_POINT('',(-3.424701685993,-32.80585212395,1.5));
#1966 = CARTESIAN_POINT('',(-3.221356801679,-32.78378787267,1.5));
#1967 = CARTESIAN_POINT('',(-3.135207919252,-32.77831921723,1.5));
#1968 = CARTESIAN_POINT('',(-3.048706847644,-32.77672508262,1.5));
#1969 = CARTESIAN_POINT('',(-2.962107519548,-32.77903775372,1.5));
#1970 = CARTESIAN_POINT('',(-2.811900790894,-32.78985168269,1.5));
#1971 = CARTESIAN_POINT('',(-2.748220639589,-32.79657051563,1.5));
#1972 = CARTESIAN_POINT('',(-2.684729537701,-32.80541890809,1.5));
#1973 = CARTESIAN_POINT('',(-2.621529821,-32.81639007962,1.5));
#1974 = CARTESIAN_POINT('',(-2.410559660682,-32.86032267564,1.5));
#1975 = CARTESIAN_POINT('',(-2.264577516706,-32.9029078581,1.5));
#1976 = CARTESIAN_POINT('',(-2.12212535231,-32.95702302937,1.5));
#1977 = CARTESIAN_POINT('',(-1.984474288842,-33.02222585692,1.5));
#1978 = CARTESIAN_POINT('',(-1.738076359183,-33.16372606833,1.5));
#1979 = CARTESIAN_POINT('',(-1.627882364669,-33.23752107979,1.5));
#1980 = CARTESIAN_POINT('',(-1.52300413297,-33.31877654438,1.5));
#1981 = CARTESIAN_POINT('',(-1.424132154766,-33.40693069751,1.5));
#1982 = CARTESIAN_POINT('',(-1.293376925994,-33.54067731223,1.5));
#1983 = CARTESIAN_POINT('',(-1.256039122511,-33.58112747589,1.5));
#1984 = CARTESIAN_POINT('',(-1.219892565902,-33.62261270248,1.5));
#1985 = CARTESIAN_POINT('',(-1.18497665678,-33.66508177092,1.5));
#1986 = CARTESIAN_POINT('',(-1.104949887174,-33.76829552614,1.5));
#1987 = CARTESIAN_POINT('',(-1.060978190206,-33.82987696621,1.5));
#1988 = CARTESIAN_POINT('',(-1.019506348387,-33.89308351753,1.5));
#1989 = CARTESIAN_POINT('',(-0.980614157142,-33.95776577061,1.5));
#1990 = CARTESIAN_POINT('',(-0.895315195389,-34.11308267275,1.5));
#1991 = CARTESIAN_POINT('',(-0.851106580144,-34.20481463978,1.5));
#1992 = CARTESIAN_POINT('',(-0.811904107523,-34.2985710824,1.5));
#1993 = CARTESIAN_POINT('',(-0.777815818391,-34.39394475132,1.5));
#1994 = CARTESIAN_POINT('',(-0.70835853513,-34.62586425289,1.5));
#1995 = CARTESIAN_POINT('',(-0.677971777376,-34.76356874994,1.5));
#1996 = CARTESIAN_POINT('',(-0.657881116719,-34.9024536791,1.5));
#1997 = CARTESIAN_POINT('',(-0.648001016002,-35.04134178838,1.5));
#1998 = CARTESIAN_POINT('',(-0.648001016002,-35.17907035814,1.5));
#1999 = ORIENTED_EDGE('',*,*,#647,.T.);
#2000 = ORIENTED_EDGE('',*,*,#2001,.F.);
#2001 = EDGE_CURVE('',#2002,#392,#2004,.T.);
#2002 = VERTEX_POINT('',#2003);
#2003 = CARTESIAN_POINT('',(-0.648001016002,-35.17907035814,1.5));
#2004 = B_SPLINE_CURVE_WITH_KNOTS('',5,(#2005,#2006,#2007,#2008,#2009,
    #2010,#2011,#2012,#2013,#2014,#2015,#2016,#2017,#2018,#2019,#2020,
    #2021,#2022,#2023,#2024,#2025,#2026,#2027,#2028,#2029,#2030,#2031,
    #2032,#2033,#2034,#2035,#2036,#2037,#2038,#2039,#2040,#2041,#2042,
    #2043,#2044,#2045,#2046,#2047,#2048,#2049,#2050,#2051,#2052,#2053,
    #2054,#2055,#2056,#2057,#2058,#2059,#2060,#2061,#2062,#2063,#2064,
    #2065,#2066,#2067,#2068,#2069,#2070,#2071,#2072,#2073,#2074,#2075,
    #2076,#2077,#2078,#2079,#2080,#2081,#2082,#2083,#2084,#2085,#2086,
    #2087,#2088,#2089,#2090,#2091,#2092,#2093,#2094,#2095,#2096,#2097,
    #2098,#2099,#2100,#2101,#2102,#2103,#2104,#2105,#2106,#2107,#2108,
    #2109,#2110,#2111,#2112,#2113,#2114,#2115,#2116,#2117,#2118,#2119,
    #2120,#2121,#2122,#2123,#2124,#2125,#2126,#2127,#2128,#2129,#2130,
    #2131,#2132,#2133,#2134,#2135,#2136,#2137,#2138),.UNSPECIFIED.,.T.,
  .F.,(1,5,4,4,4,4,4,4,4,4,4,4,4,4,4,4,4,4,4,4,4,4,4,4,4,4,4,4,4,4,4,4,4
    ,4,5,1),(-4.804752E-02,0.,4.715870798069E-02,8.0804391989E-02,
    0.105667032318,0.123706256764,0.166954630089,0.216587564542,
    0.237626991584,0.266147690298,0.305421423566,0.332899806481,
    0.339728799835,0.360795194315,0.399370915715,0.427380462259,
    0.446996562307,0.496766345683,0.546536129059,0.566152229107,
    0.594161775651,0.632737497051,0.646910086703,0.65386824611,
    0.660825947217,0.68882222212,0.728836157307,0.757894392797,
    0.779330355207,0.829898734046,0.87396222033,0.892341434572,
    0.917672667331,0.95195248,1.,1.047158707981),.UNSPECIFIED.);
#2005 = CARTESIAN_POINT('',(-0.648001016002,-35.17907035814,1.5));
#2006 = CARTESIAN_POINT('',(-0.648001016002,-35.31679892789,1.5));
#2007 = CARTESIAN_POINT('',(-0.657881116719,-35.45568703717,1.5));
#2008 = CARTESIAN_POINT('',(-0.677971777376,-35.59457196633,1.5));
#2009 = CARTESIAN_POINT('',(-0.70835853513,-35.73227646338,1.5));
#2010 = CARTESIAN_POINT('',(-0.777815818391,-35.96419596495,1.5));
#2011 = CARTESIAN_POINT('',(-0.811904107523,-36.05956963387,1.5));
#2012 = CARTESIAN_POINT('',(-0.851106580144,-36.15332607649,1.5));
#2013 = CARTESIAN_POINT('',(-0.895315195389,-36.24505804352,1.5));
#2014 = CARTESIAN_POINT('',(-0.980614157142,-36.40037494566,1.5));
#2015 = CARTESIAN_POINT('',(-1.019506348387,-36.46505719874,1.5));
#2016 = CARTESIAN_POINT('',(-1.060978190206,-36.52826375006,1.5));
#2017 = CARTESIAN_POINT('',(-1.104949887174,-36.58984519013,1.5));
#2018 = CARTESIAN_POINT('',(-1.184976656779,-36.69305894536,1.5));
#2019 = CARTESIAN_POINT('',(-1.219892565902,-36.73552801379,1.5));
#2020 = CARTESIAN_POINT('',(-1.256039122511,-36.77701324038,1.5));
#2021 = CARTESIAN_POINT('',(-1.293376925993,-36.81746340404,1.5));
#2022 = CARTESIAN_POINT('',(-1.424132154766,-36.95121001876,1.5));
#2023 = CARTESIAN_POINT('',(-1.52300413297,-37.03936417189,1.5));
#2024 = CARTESIAN_POINT('',(-1.627882364668,-37.12061963648,1.5));
#2025 = CARTESIAN_POINT('',(-1.738076359183,-37.19441464794,1.5));
#2026 = CARTESIAN_POINT('',(-1.984474288841,-37.33591485936,1.5));
#2027 = CARTESIAN_POINT('',(-2.122125352309,-37.4011176869,1.5));
#2028 = CARTESIAN_POINT('',(-2.264577516705,-37.45523285817,1.5));
#2029 = CARTESIAN_POINT('',(-2.410559660681,-37.49781804063,1.5));
#2030 = CARTESIAN_POINT('',(-2.621529820999,-37.54175063665,1.5));
#2031 = CARTESIAN_POINT('',(-2.684729537699,-37.55272180818,1.5));
#2032 = CARTESIAN_POINT('',(-2.748220639587,-37.56157020064,1.5));
#2033 = CARTESIAN_POINT('',(-2.811900790893,-37.56828903358,1.5));
#2034 = CARTESIAN_POINT('',(-2.962107519547,-37.57910296255,1.5));
#2035 = CARTESIAN_POINT('',(-3.048706847642,-37.58141563365,1.5));
#2036 = CARTESIAN_POINT('',(-3.13520791925,-37.57982149905,1.5));
#2037 = CARTESIAN_POINT('',(-3.221356801677,-37.5743528436,1.5));
#2038 = CARTESIAN_POINT('',(-3.424701685991,-37.55228859232,1.5));
#2039 = CARTESIAN_POINT('',(-3.541360212592,-37.53227486254,1.5));
#2040 = CARTESIAN_POINT('',(-3.656221134419,-37.50518927994,1.5));
#2041 = CARTESIAN_POINT('',(-3.768662771618,-37.47129278049,1.5));
#2042 = CARTESIAN_POINT('',(-3.954678520929,-37.40272268635,1.5));
#2043 = CARTESIAN_POINT('',(-4.029784842507,-37.37133960687,1.5));
#2044 = CARTESIAN_POINT('',(-4.103226502983,-37.33692470561,1.5));
#2045 = CARTESIAN_POINT('',(-4.174821749951,-37.29962541841,1.5));
#2046 = CARTESIAN_POINT('',(-4.261698030947,-37.24966790625,1.5));
#2047 = CARTESIAN_POINT('',(-4.278968137565,-37.23949810476,1.5));
#2048 = CARTESIAN_POINT('',(-4.296239907835,-37.22908283562,1.5));
#2049 = CARTESIAN_POINT('',(-4.313513366429,-37.21841641145,1.5));
#2050 = CARTESIAN_POINT('',(-4.383979564797,-37.17385447804,1.5));
#2051 = CARTESIAN_POINT('',(-4.436279263985,-37.1383377711,1.5));
#2052 = CARTESIAN_POINT('',(-4.487555735903,-37.10099071025,1.5));
#2053 = CARTESIAN_POINT('',(-4.537706203168,-37.06185609183,1.5));
#2054 = CARTESIAN_POINT('',(-4.676223803931,-36.94614675681,1.5));
#2055 = CARTESIAN_POINT('',(-4.761712001972,-36.86548665883,1.5));
#2056 = CARTESIAN_POINT('',(-4.84249166977,-36.77932782033,1.5));
#2057 = CARTESIAN_POINT('',(-4.918026054649,-36.68808034026,1.5));
#2058 = CARTESIAN_POINT('',(-5.038546011574,-36.52264340779,1.5));
#2059 = CARTESIAN_POINT('',(-5.086233064055,-36.45062627168,1.5));
#2060 = CARTESIAN_POINT('',(-5.130731759963,-36.37637163951,1.5));
#2061 = CARTESIAN_POINT('',(-5.171887489172,-36.30008399668,1.5));
#2062 = CARTESIAN_POINT('',(-5.235958556292,-36.16728918272,1.5));
#2063 = CARTESIAN_POINT('',(-5.260644286254,-36.11170475509,1.5));
#2064 = CARTESIAN_POINT('',(-5.283581084554,-36.05530742482,1.5));
#2065 = CARTESIAN_POINT('',(-5.304730023138,-35.99817599623,1.5));
#2066 = CARTESIAN_POINT('',(-5.373097647225,-35.79378375878,1.5));
#2067 = CARTESIAN_POINT('',(-5.410418254971,-35.64296898412,1.5));
#2068 = CARTESIAN_POINT('',(-5.435479771109,-35.48929833407,1.5));
#2069 = CARTESIAN_POINT('',(-5.448011176022,-35.3341809746,1.5));
#2070 = CARTESIAN_POINT('',(-5.448011176022,-35.02395974167,1.5));
#2071 = CARTESIAN_POINT('',(-5.435479771109,-34.86884238221,1.5));
#2072 = CARTESIAN_POINT('',(-5.410418254972,-34.71517173215,1.5));
#2073 = CARTESIAN_POINT('',(-5.373097647226,-34.56435695749,1.5));
#2074 = CARTESIAN_POINT('',(-5.304730023139,-34.35996472005,1.5));
#2075 = CARTESIAN_POINT('',(-5.283581084555,-34.30283329146,1.5));
#2076 = CARTESIAN_POINT('',(-5.260644286255,-34.24643596118,1.5));
#2077 = CARTESIAN_POINT('',(-5.235958556293,-34.19085153356,1.5));
#2078 = CARTESIAN_POINT('',(-5.171887489173,-34.05805671959,1.5));
#2079 = CARTESIAN_POINT('',(-5.130731759965,-33.98176907676,1.5));
#2080 = CARTESIAN_POINT('',(-5.086233064056,-33.90751444459,1.5));
#2081 = CARTESIAN_POINT('',(-5.038546011575,-33.83549730848,1.5));
#2082 = CARTESIAN_POINT('',(-4.918026054651,-33.67006037601,1.5));
#2083 = CARTESIAN_POINT('',(-4.842491669772,-33.57881289594,1.5));
#2084 = CARTESIAN_POINT('',(-4.761712001973,-33.49265405745,1.5));
#2085 = CARTESIAN_POINT('',(-4.676223803933,-33.41199395947,1.5));
#2086 = CARTESIAN_POINT('',(-4.553716924635,-33.30965902541,1.5));
#2087 = CARTESIAN_POINT('',(-4.520247329502,-33.28294884637,1.5));
#2088 = CARTESIAN_POINT('',(-4.486253540947,-33.25703998978,1.5));
#2089 = CARTESIAN_POINT('',(-4.451766393231,-33.23194640935,1.5));
#2090 = CARTESIAN_POINT('',(-4.399659333491,-33.19576648431,1.5));
#2091 = CARTESIAN_POINT('',(-4.382468992725,-33.18410724933,1.5));
#2092 = CARTESIAN_POINT('',(-4.36525258413,-33.17270028433,1.5));
#2093 = CARTESIAN_POINT('',(-4.34801577606,-33.16154319269,1.5));
#2094 = CARTESIAN_POINT('',(-4.313513366431,-33.13972430482,1.5));
#2095 = CARTESIAN_POINT('',(-4.296239907837,-33.12905788065,1.5));
#2096 = CARTESIAN_POINT('',(-4.278968137566,-33.11864261151,1.5));
#2097 = CARTESIAN_POINT('',(-4.261698030949,-33.10847281002,1.5));
#2098 = CARTESIAN_POINT('',(-4.174821749952,-33.05851529786,1.5));
#2099 = CARTESIAN_POINT('',(-4.103226502984,-33.02121601067,1.5));
#2100 = CARTESIAN_POINT('',(-4.029784842508,-32.98680110941,1.5));
#2101 = CARTESIAN_POINT('',(-3.95467852093,-32.95541802993,1.5));
#2102 = CARTESIAN_POINT('',(-3.76866277162,-32.88684793578,1.5));
#2103 = CARTESIAN_POINT('',(-3.656221134421,-32.85295143633,1.5));
#2104 = CARTESIAN_POINT('',(-3.541360212594,-32.82586585373,1.5));
#2105 = CARTESIAN_POINT('',(-3.424701685993,-32.80585212395,1.5));
#2106 = CARTESIAN_POINT('',(-3.221356801679,-32.78378787267,1.5));
#2107 = CARTESIAN_POINT('',(-3.135207919252,-32.77831921723,1.5));
#2108 = CARTESIAN_POINT('',(-3.048706847644,-32.77672508262,1.5));
#2109 = CARTESIAN_POINT('',(-2.962107519548,-32.77903775372,1.5));
#2110 = CARTESIAN_POINT('',(-2.811900790894,-32.78985168269,1.5));
#2111 = CARTESIAN_POINT('',(-2.748220639589,-32.79657051563,1.5));
#2112 = CARTESIAN_POINT('',(-2.684729537701,-32.80541890809,1.5));
#2113 = CARTESIAN_POINT('',(-2.621529821,-32.81639007962,1.5));
#2114 = CARTESIAN_POINT('',(-2.410559660682,-32.86032267564,1.5));
#2115 = CARTESIAN_POINT('',(-2.264577516706,-32.9029078581,1.5));
#2116 = CARTESIAN_POINT('',(-2.12212535231,-32.95702302937,1.5));
#2117 = CARTESIAN_POINT('',(-1.984474288842,-33.02222585692,1.5));
#2118 = CARTESIAN_POINT('',(-1.738076359183,-33.16372606833,1.5));
#2119 = CARTESIAN_POINT('',(-1.627882364669,-33.23752107979,1.5));
#2120 = CARTESIAN_POINT('',(-1.52300413297,-33.31877654438,1.5));
#2121 = CARTESIAN_POINT('',(-1.424132154766,-33.40693069751,1.5));
#2122 = CARTESIAN_POINT('',(-1.293376925994,-33.54067731223,1.5));
#2123 = CARTESIAN_POINT('',(-1.256039122511,-33.58112747589,1.5));
#2124 = CARTESIAN_POINT('',(-1.219892565902,-33.62261270248,1.5));
#2125 = CARTESIAN_POINT('',(-1.18497665678,-33.66508177092,1.5));
#2126 = CARTESIAN_POINT('',(-1.104949887174,-33.76829552614,1.5));
#2127 = CARTESIAN_POINT('',(-1.060978190206,-33.82987696621,1.5));
#2128 = CARTESIAN_POINT('',(-1.019506348387,-33.89308351753,1.5));
#2129 = CARTESIAN_POINT('',(-0.980614157142,-33.95776577061,1.5));
#2130 = CARTESIAN_POINT('',(-0.895315195389,-34.11308267275,1.5));
#2131 = CARTESIAN_POINT('',(-0.851106580144,-34.20481463978,1.5));
#2132 = CARTESIAN_POINT('',(-0.811904107523,-34.2985710824,1.5));
#2133 = CARTESIAN_POINT('',(-0.777815818391,-34.39394475132,1.5));
#2134 = CARTESIAN_POINT('',(-0.70835853513,-34.62586425289,1.5));
#2135 = CARTESIAN_POINT('',(-0.677971777376,-34.76356874994,1.5));
#2136 = CARTESIAN_POINT('',(-0.657881116719,-34.9024536791,1.5));
#2137 = CARTESIAN_POINT('',(-0.648001016002,-35.04134178838,1.5));
#2138 = CARTESIAN_POINT('',(-0.648001016002,-35.17907035814,1.5));
#2139 = ORIENTED_EDGE('',*,*,#2140,.F.);
#2140 = EDGE_CURVE('',#155,#2002,#2141,.T.);
#2141 = B_SPLINE_CURVE_WITH_KNOTS('',5,(#2142,#2143,#2144,#2145,#2146,
    #2147,#2148,#2149,#2150,#2151,#2152,#2153,#2154,#2155,#2156,#2157,
    #2158,#2159,#2160,#2161,#2162,#2163,#2164,#2165,#2166,#2167,#2168,
    #2169,#2170,#2171,#2172,#2173,#2174,#2175,#2176,#2177,#2178,#2179,
    #2180,#2181,#2182,#2183,#2184,#2185,#2186,#2187,#2188,#2189,#2190,
    #2191,#2192,#2193,#2194,#2195,#2196,#2197,#2198,#2199,#2200,#2201,
    #2202,#2203,#2204,#2205,#2206,#2207,#2208,#2209,#2210,#2211,#2212,
    #2213,#2214,#2215,#2216,#2217,#2218,#2219,#2220,#2221,#2222,#2223,
    #2224,#2225,#2226,#2227,#2228,#2229,#2230,#2231,#2232,#2233,#2234,
    #2235,#2236,#2237,#2238,#2239,#2240,#2241,#2242,#2243,#2244,#2245,
    #2246,#2247,#2248,#2249,#2250,#2251,#2252,#2253,#2254,#2255,#2256,
    #2257,#2258,#2259,#2260,#2261,#2262,#2263,#2264,#2265,#2266,#2267,
    #2268,#2269,#2270,#2271,#2272,#2273,#2274,#2275),.UNSPECIFIED.,.T.,
  .F.,(1,5,4,4,4,4,4,4,4,4,4,4,4,4,4,4,4,4,4,4,4,4,4,4,4,4,4,4,4,4,4,4,4
    ,4,5,1),(-4.804752E-02,0.,4.715870798069E-02,8.0804391989E-02,
    0.105667032318,0.123706256764,0.166954630089,0.216587564542,
    0.237626991584,0.266147690298,0.305421423566,0.332899806481,
    0.339728799835,0.360795194315,0.399370915715,0.427380462259,
    0.446996562307,0.496766345683,0.546536129059,0.566152229107,
    0.594161775651,0.632737497051,0.646910086703,0.65386824611,
    0.660825947217,0.68882222212,0.728836157307,0.757894392797,
    0.779330355207,0.829898734046,0.87396222033,0.892341434572,
    0.917672667331,0.95195248,1.,1.047158707981),.UNSPECIFIED.);
#2142 = CARTESIAN_POINT('',(-0.648001016002,-35.17907035814,1.5));
#2143 = CARTESIAN_POINT('',(-0.648001016002,-35.31679892789,1.5));
#2144 = CARTESIAN_POINT('',(-0.657881116719,-35.45568703717,1.5));
#2145 = CARTESIAN_POINT('',(-0.677971777376,-35.59457196633,1.5));
#2146 = CARTESIAN_POINT('',(-0.70835853513,-35.73227646338,1.5));
#2147 = CARTESIAN_POINT('',(-0.777815818391,-35.96419596495,1.5));
#2148 = CARTESIAN_POINT('',(-0.811904107523,-36.05956963387,1.5));
#2149 = CARTESIAN_POINT('',(-0.851106580144,-36.15332607649,1.5));
#2150 = CARTESIAN_POINT('',(-0.895315195389,-36.24505804352,1.5));
#2151 = CARTESIAN_POINT('',(-0.980614157142,-36.40037494566,1.5));
#2152 = CARTESIAN_POINT('',(-1.019506348387,-36.46505719874,1.5));
#2153 = CARTESIAN_POINT('',(-1.060978190206,-36.52826375006,1.5));
#2154 = CARTESIAN_POINT('',(-1.104949887174,-36.58984519013,1.5));
#2155 = CARTESIAN_POINT('',(-1.184976656779,-36.69305894536,1.5));
#2156 = CARTESIAN_POINT('',(-1.219892565902,-36.73552801379,1.5));
#2157 = CARTESIAN_POINT('',(-1.256039122511,-36.77701324038,1.5));
#2158 = CARTESIAN_POINT('',(-1.293376925993,-36.81746340404,1.5));
#2159 = CARTESIAN_POINT('',(-1.424132154766,-36.95121001876,1.5));
#2160 = CARTESIAN_POINT('',(-1.52300413297,-37.03936417189,1.5));
#2161 = CARTESIAN_POINT('',(-1.627882364668,-37.12061963648,1.5));
#2162 = CARTESIAN_POINT('',(-1.738076359183,-37.19441464794,1.5));
#2163 = CARTESIAN_POINT('',(-1.984474288841,-37.33591485936,1.5));
#2164 = CARTESIAN_POINT('',(-2.122125352309,-37.4011176869,1.5));
#2165 = CARTESIAN_POINT('',(-2.264577516705,-37.45523285817,1.5));
#2166 = CARTESIAN_POINT('',(-2.410559660681,-37.49781804063,1.5));
#2167 = CARTESIAN_POINT('',(-2.621529820999,-37.54175063665,1.5));
#2168 = CARTESIAN_POINT('',(-2.684729537699,-37.55272180818,1.5));
#2169 = CARTESIAN_POINT('',(-2.748220639587,-37.56157020064,1.5));
#2170 = CARTESIAN_POINT('',(-2.811900790893,-37.56828903358,1.5));
#2171 = CARTESIAN_POINT('',(-2.962107519547,-37.57910296255,1.5));
#2172 = CARTESIAN_POINT('',(-3.048706847642,-37.58141563365,1.5));
#2173 = CARTESIAN_POINT('',(-3.13520791925,-37.57982149905,1.5));
#2174 = CARTESIAN_POINT('',(-3.221356801677,-37.5743528436,1.5));
#2175 = CARTESIAN_POINT('',(-3.424701685991,-37.55228859232,1.5));
#2176 = CARTESIAN_POINT('',(-3.541360212592,-37.53227486254,1.5));
#2177 = CARTESIAN_POINT('',(-3.656221134419,-37.50518927994,1.5));
#2178 = CARTESIAN_POINT('',(-3.768662771618,-37.47129278049,1.5));
#2179 = CARTESIAN_POINT('',(-3.954678520929,-37.40272268635,1.5));
#2180 = CARTESIAN_POINT('',(-4.029784842507,-37.37133960687,1.5));
#2181 = CARTESIAN_POINT('',(-4.103226502983,-37.33692470561,1.5));
#2182 = CARTESIAN_POINT('',(-4.174821749951,-37.29962541841,1.5));
#2183 = CARTESIAN_POINT('',(-4.261698030947,-37.24966790625,1.5));
#2184 = CARTESIAN_POINT('',(-4.278968137565,-37.23949810476,1.5));
#2185 = CARTESIAN_POINT('',(-4.296239907835,-37.22908283562,1.5));
#2186 = CARTESIAN_POINT('',(-4.313513366429,-37.21841641145,1.5));
#2187 = CARTESIAN_POINT('',(-4.383979564797,-37.17385447804,1.5));
#2188 = CARTESIAN_POINT('',(-4.436279263985,-37.1383377711,1.5));
#2189 = CARTESIAN_POINT('',(-4.487555735903,-37.10099071025,1.5));
#2190 = CARTESIAN_POINT('',(-4.537706203168,-37.06185609183,1.5));
#2191 = CARTESIAN_POINT('',(-4.676223803931,-36.94614675681,1.5));
#2192 = CARTESIAN_POINT('',(-4.761712001972,-36.86548665883,1.5));
#2193 = CARTESIAN_POINT('',(-4.84249166977,-36.77932782033,1.5));
#2194 = CARTESIAN_POINT('',(-4.918026054649,-36.68808034026,1.5));
#2195 = CARTESIAN_POINT('',(-5.038546011574,-36.52264340779,1.5));
#2196 = CARTESIAN_POINT('',(-5.086233064055,-36.45062627168,1.5));
#2197 = CARTESIAN_POINT('',(-5.130731759963,-36.37637163951,1.5));
#2198 = CARTESIAN_POINT('',(-5.171887489172,-36.30008399668,1.5));
#2199 = CARTESIAN_POINT('',(-5.235958556292,-36.16728918272,1.5));
#2200 = CARTESIAN_POINT('',(-5.260644286254,-36.11170475509,1.5));
#2201 = CARTESIAN_POINT('',(-5.283581084554,-36.05530742482,1.5));
#2202 = CARTESIAN_POINT('',(-5.304730023138,-35.99817599623,1.5));
#2203 = CARTESIAN_POINT('',(-5.373097647225,-35.79378375878,1.5));
#2204 = CARTESIAN_POINT('',(-5.410418254971,-35.64296898412,1.5));
#2205 = CARTESIAN_POINT('',(-5.435479771109,-35.48929833407,1.5));
#2206 = CARTESIAN_POINT('',(-5.448011176022,-35.3341809746,1.5));
#2207 = CARTESIAN_POINT('',(-5.448011176022,-35.02395974167,1.5));
#2208 = CARTESIAN_POINT('',(-5.435479771109,-34.86884238221,1.5));
#2209 = CARTESIAN_POINT('',(-5.410418254972,-34.71517173215,1.5));
#2210 = CARTESIAN_POINT('',(-5.373097647226,-34.56435695749,1.5));
#2211 = CARTESIAN_POINT('',(-5.304730023139,-34.35996472005,1.5));
#2212 = CARTESIAN_POINT('',(-5.283581084555,-34.30283329146,1.5));
#2213 = CARTESIAN_POINT('',(-5.260644286255,-34.24643596118,1.5));
#2214 = CARTESIAN_POINT('',(-5.235958556293,-34.19085153356,1.5));
#2215 = CARTESIAN_POINT('',(-5.171887489173,-34.05805671959,1.5));
#2216 = CARTESIAN_POINT('',(-5.130731759965,-33.98176907676,1.5));
#2217 = CARTESIAN_POINT('',(-5.086233064056,-33.90751444459,1.5));
#2218 = CARTESIAN_POINT('',(-5.038546011575,-33.83549730848,1.5));
#2219 = CARTESIAN_POINT('',(-4.918026054651,-33.67006037601,1.5));
#2220 = CARTESIAN_POINT('',(-4.842491669772,-33.57881289594,1.5));
#2221 = CARTESIAN_POINT('',(-4.761712001973,-33.49265405745,1.5));
#2222 = CARTESIAN_POINT('',(-4.676223803933,-33.41199395947,1.5));
#2223 = CARTESIAN_POINT('',(-4.553716924635,-33.30965902541,1.5));
#2224 = CARTESIAN_POINT('',(-4.520247329502,-33.28294884637,1.5));
#2225 = CARTESIAN_POINT('',(-4.486253540947,-33.25703998978,1.5));
#2226 = CARTESIAN_POINT('',(-4.451766393231,-33.23194640935,1.5));
#2227 = CARTESIAN_POINT('',(-4.399659333491,-33.19576648431,1.5));
#2228 = CARTESIAN_POINT('',(-4.382468992725,-33.18410724933,1.5));
#2229 = CARTESIAN_POINT('',(-4.36525258413,-33.17270028433,1.5));
#2230 = CARTESIAN_POINT('',(-4.34801577606,-33.16154319269,1.5));
#2231 = CARTESIAN_POINT('',(-4.313513366431,-33.13972430482,1.5));
#2232 = CARTESIAN_POINT('',(-4.296239907837,-33.12905788065,1.5));
#2233 = CARTESIAN_POINT('',(-4.278968137566,-33.11864261151,1.5));
#2234 = CARTESIAN_POINT('',(-4.261698030949,-33.10847281002,1.5));
#2235 = CARTESIAN_POINT('',(-4.174821749952,-33.05851529786,1.5));
#2236 = CARTESIAN_POINT('',(-4.103226502984,-33.02121601067,1.5));
#2237 = CARTESIAN_POINT('',(-4.029784842508,-32.98680110941,1.5));
#2238 = CARTESIAN_POINT('',(-3.95467852093,-32.95541802993,1.5));
#2239 = CARTESIAN_POINT('',(-3.76866277162,-32.88684793578,1.5));
#2240 = CARTESIAN_POINT('',(-3.656221134421,-32.85295143633,1.5));
#2241 = CARTESIAN_POINT('',(-3.541360212594,-32.82586585373,1.5));
#2242 = CARTESIAN_POINT('',(-3.424701685993,-32.80585212395,1.5));
#2243 = CARTESIAN_POINT('',(-3.221356801679,-32.78378787267,1.5));
#2244 = CARTESIAN_POINT('',(-3.135207919252,-32.77831921723,1.5));
#2245 = CARTESIAN_POINT('',(-3.048706847644,-32.77672508262,1.5));
#2246 = CARTESIAN_POINT('',(-2.962107519548,-32.77903775372,1.5));
#2247 = CARTESIAN_POINT('',(-2.811900790894,-32.78985168269,1.5));
#2248 = CARTESIAN_POINT('',(-2.748220639589,-32.79657051563,1.5));
#2249 = CARTESIAN_POINT('',(-2.684729537701,-32.80541890809,1.5));
#2250 = CARTESIAN_POINT('',(-2.621529821,-32.81639007962,1.5));
#2251 = CARTESIAN_POINT('',(-2.410559660682,-32.86032267564,1.5));
#2252 = CARTESIAN_POINT('',(-2.264577516706,-32.9029078581,1.5));
#2253 = CARTESIAN_POINT('',(-2.12212535231,-32.95702302937,1.5));
#2254 = CARTESIAN_POINT('',(-1.984474288842,-33.02222585692,1.5));
#2255 = CARTESIAN_POINT('',(-1.738076359183,-33.16372606833,1.5));
#2256 = CARTESIAN_POINT('',(-1.627882364669,-33.23752107979,1.5));
#2257 = CARTESIAN_POINT('',(-1.52300413297,-33.31877654438,1.5));
#2258 = CARTESIAN_POINT('',(-1.424132154766,-33.40693069751,1.5));
#2259 = CARTESIAN_POINT('',(-1.293376925994,-33.54067731223,1.5));
#2260 = CARTESIAN_POINT('',(-1.256039122511,-33.58112747589,1.5));
#2261 = CARTESIAN_POINT('',(-1.219892565902,-33.62261270248,1.5));
#2262 = CARTESIAN_POINT('',(-1.18497665678,-33.66508177092,1.5));
#2263 = CARTESIAN_POINT('',(-1.104949887174,-33.76829552614,1.5));
#2264 = CARTESIAN_POINT('',(-1.060978190206,-33.82987696621,1.5));
#2265 = CARTESIAN_POINT('',(-1.019506348387,-33.89308351753,1.5));
#2266 = CARTESIAN_POINT('',(-0.980614157142,-33.95776577061,1.5));
#2267 = CARTESIAN_POINT('',(-0.895315195389,-34.11308267275,1.5));
#2268 = CARTESIAN_POINT('',(-0.851106580144,-34.20481463978,1.5));
#2269 = CARTESIAN_POINT('',(-0.811904107523,-34.2985710824,1.5));
#2270 = CARTESIAN_POINT('',(-0.777815818391,-34.39394475132,1.5));
#2271 = CARTESIAN_POINT('',(-0.70835853513,-34.62586425289,1.5));
#2272 = CARTESIAN_POINT('',(-0.677971777376,-34.76356874994,1.5));
#2273 = CARTESIAN_POINT('',(-0.657881116719,-34.9024536791,1.5));
#2274 = CARTESIAN_POINT('',(-0.648001016002,-35.04134178838,1.5));
#2275 = CARTESIAN_POINT('',(-0.648001016002,-35.17907035814,1.5));
#2276 = ORIENTED_EDGE('',*,*,#161,.T.);
#2277 = PLANE('',#2278);
#2278 = AXIS2_PLACEMENT_3D('',#2279,#2280,#2281);
#2279 = CARTESIAN_POINT('',(-97.76219329438,-40.93357886715,1.5));
#2280 = DIRECTION('',(0.,0.,1.));
#2281 = DIRECTION('',(1.,0.,-0.));
#2282 = ADVANCED_FACE('',(#2283),#2325,.F.);
#2283 = FACE_BOUND('',#2284,.F.);
#2284 = EDGE_LOOP('',(#2285,#2286,#2287,#2295,#2303,#2311,#2319));
#2285 = ORIENTED_EDGE('',*,*,#628,.T.);
#2286 = ORIENTED_EDGE('',*,*,#141,.T.);
#2287 = ORIENTED_EDGE('',*,*,#2288,.T.);
#2288 = EDGE_CURVE('',#134,#2289,#2291,.T.);
#2289 = VERTEX_POINT('',#2290);
#2290 = CARTESIAN_POINT('',(5.417,-29.,-1.5));
#2291 = LINE('',#2292,#2293);
#2292 = CARTESIAN_POINT('',(5.417,-32.98,-1.5));
#2293 = VECTOR('',#2294,1.);
#2294 = DIRECTION('',(-0.,1.,0.));
#2295 = ORIENTED_EDGE('',*,*,#2296,.F.);
#2296 = EDGE_CURVE('',#2297,#2289,#2299,.T.);
#2297 = VERTEX_POINT('',#2298);
#2298 = CARTESIAN_POINT('',(4.917006604013,-29.,-1.5));
#2299 = LINE('',#2300,#2301);
#2300 = CARTESIAN_POINT('',(4.417,-29.,-1.5));
#2301 = VECTOR('',#2302,1.);
#2302 = DIRECTION('',(1.,0.,-0.));
#2303 = ORIENTED_EDGE('',*,*,#2304,.F.);
#2304 = EDGE_CURVE('',#2305,#2297,#2307,.T.);
#2305 = VERTEX_POINT('',#2306);
#2306 = CARTESIAN_POINT('',(4.917006604013,-32.48,-1.5));
#2307 = LINE('',#2308,#2309);
#2308 = CARTESIAN_POINT('',(4.917006604013,-32.48,-1.5));
#2309 = VECTOR('',#2310,1.);
#2310 = DIRECTION('',(-0.,1.,0.));
#2311 = ORIENTED_EDGE('',*,*,#2312,.F.);
#2312 = EDGE_CURVE('',#2313,#2305,#2315,.T.);
#2313 = VERTEX_POINT('',#2314);
#2314 = CARTESIAN_POINT('',(4.917,-32.48,-1.5));
#2315 = LINE('',#2316,#2317);
#2316 = CARTESIAN_POINT('',(-98.26219329438,-32.48,-1.5));
#2317 = VECTOR('',#2318,1.);
#2318 = DIRECTION('',(1.,0.,-0.));
#2319 = ORIENTED_EDGE('',*,*,#2320,.F.);
#2320 = EDGE_CURVE('',#621,#2313,#2321,.T.);
#2321 = LINE('',#2322,#2323);
#2322 = CARTESIAN_POINT('',(-98.26219329438,-32.48,-1.5));
#2323 = VECTOR('',#2324,1.);
#2324 = DIRECTION('',(1.,0.,-0.));
#2325 = PLANE('',#2326);
#2326 = AXIS2_PLACEMENT_3D('',#2327,#2328,#2329);
#2327 = CARTESIAN_POINT('',(-98.762,-32.98,-1.5));
#2328 = DIRECTION('',(0.,0.,1.));
#2329 = DIRECTION('',(1.,0.,-0.));
#2330 = ADVANCED_FACE('',(#2331,#2381,#2415),#2449,.T.);
#2331 = FACE_BOUND('',#2332,.T.);
#2332 = EDGE_LOOP('',(#2333,#2341,#2342,#2343,#2351,#2359,#2367,#2375));
#2333 = ORIENTED_EDGE('',*,*,#2334,.F.);
#2334 = EDGE_CURVE('',#126,#2335,#2337,.T.);
#2335 = VERTEX_POINT('',#2336);
#2336 = CARTESIAN_POINT('',(5.417,97.62,31.));
#2337 = LINE('',#2338,#2339);
#2338 = CARTESIAN_POINT('',(5.417,-32.98,31.));
#2339 = VECTOR('',#2340,1.);
#2340 = DIRECTION('',(-0.,1.,0.));
#2341 = ORIENTED_EDGE('',*,*,#133,.F.);
#2342 = ORIENTED_EDGE('',*,*,#2288,.T.);
#2343 = ORIENTED_EDGE('',*,*,#2344,.T.);
#2344 = EDGE_CURVE('',#2289,#2345,#2347,.T.);
#2345 = VERTEX_POINT('',#2346);
#2346 = CARTESIAN_POINT('',(5.417,-29.,0.5));
#2347 = LINE('',#2348,#2349);
#2348 = CARTESIAN_POINT('',(5.417,-29.,-1.5));
#2349 = VECTOR('',#2350,1.);
#2350 = DIRECTION('',(0.,0.,1.));
#2351 = ORIENTED_EDGE('',*,*,#2352,.F.);
#2352 = EDGE_CURVE('',#2353,#2345,#2355,.T.);
#2353 = VERTEX_POINT('',#2354);
#2354 = CARTESIAN_POINT('',(5.417,94.,0.5));
#2355 = LINE('',#2356,#2357);
#2356 = CARTESIAN_POINT('',(5.417,-30.99,0.5));
#2357 = VECTOR('',#2358,1.);
#2358 = DIRECTION('',(0.,-1.,0.));
#2359 = ORIENTED_EDGE('',*,*,#2360,.F.);
#2360 = EDGE_CURVE('',#2361,#2353,#2363,.T.);
#2361 = VERTEX_POINT('',#2362);
#2362 = CARTESIAN_POINT('',(5.417,94.,-1.5));
#2363 = LINE('',#2364,#2365);
#2364 = CARTESIAN_POINT('',(5.417,94.,-1.5));
#2365 = VECTOR('',#2366,1.);
#2366 = DIRECTION('',(0.,0.,1.));
#2367 = ORIENTED_EDGE('',*,*,#2368,.T.);
#2368 = EDGE_CURVE('',#2361,#2369,#2371,.T.);
#2369 = VERTEX_POINT('',#2370);
#2370 = CARTESIAN_POINT('',(5.417,97.62,-1.5));
#2371 = LINE('',#2372,#2373);
#2372 = CARTESIAN_POINT('',(5.417,-32.98,-1.5));
#2373 = VECTOR('',#2374,1.);
#2374 = DIRECTION('',(-0.,1.,0.));
#2375 = ORIENTED_EDGE('',*,*,#2376,.T.);
#2376 = EDGE_CURVE('',#2369,#2335,#2377,.T.);
#2377 = LINE('',#2378,#2379);
#2378 = CARTESIAN_POINT('',(5.417,97.62,-1.5));
#2379 = VECTOR('',#2380,1.);
#2380 = DIRECTION('',(0.,0.,1.));
#2381 = FACE_BOUND('',#2382,.T.);
#2382 = EDGE_LOOP('',(#2383,#2393,#2401,#2409));
#2383 = ORIENTED_EDGE('',*,*,#2384,.T.);
#2384 = EDGE_CURVE('',#2385,#2387,#2389,.T.);
#2385 = VERTEX_POINT('',#2386);
#2386 = CARTESIAN_POINT('',(5.417,88.5,7.));
#2387 = VERTEX_POINT('',#2388);
#2388 = CARTESIAN_POINT('',(5.417,47.,7.));
#2389 = LINE('',#2390,#2391);
#2390 = CARTESIAN_POINT('',(5.417,7.01,7.));
#2391 = VECTOR('',#2392,1.);
#2392 = DIRECTION('',(0.,-1.,0.));
#2393 = ORIENTED_EDGE('',*,*,#2394,.T.);
#2394 = EDGE_CURVE('',#2387,#2395,#2397,.T.);
#2395 = VERTEX_POINT('',#2396);
#2396 = CARTESIAN_POINT('',(5.417,47.,24.));
#2397 = LINE('',#2398,#2399);
#2398 = CARTESIAN_POINT('',(5.417,47.,2.75));
#2399 = VECTOR('',#2400,1.);
#2400 = DIRECTION('',(0.,0.,1.));
#2401 = ORIENTED_EDGE('',*,*,#2402,.F.);
#2402 = EDGE_CURVE('',#2403,#2395,#2405,.T.);
#2403 = VERTEX_POINT('',#2404);
#2404 = CARTESIAN_POINT('',(5.417,88.5,24.));
#2405 = LINE('',#2406,#2407);
#2406 = CARTESIAN_POINT('',(5.417,7.01,24.));
#2407 = VECTOR('',#2408,1.);
#2408 = DIRECTION('',(0.,-1.,0.));
#2409 = ORIENTED_EDGE('',*,*,#2410,.F.);
#2410 = EDGE_CURVE('',#2385,#2403,#2411,.T.);
#2411 = LINE('',#2412,#2413);
#2412 = CARTESIAN_POINT('',(5.417,88.5,2.75));
#2413 = VECTOR('',#2414,1.);
#2414 = DIRECTION('',(0.,0.,1.));
#2415 = FACE_BOUND('',#2416,.T.);
#2416 = EDGE_LOOP('',(#2417,#2427,#2435,#2443));
#2417 = ORIENTED_EDGE('',*,*,#2418,.T.);
#2418 = EDGE_CURVE('',#2419,#2421,#2423,.T.);
#2419 = VERTEX_POINT('',#2420);
#2420 = CARTESIAN_POINT('',(5.417,6.5,1.));
#2421 = VERTEX_POINT('',#2422);
#2422 = CARTESIAN_POINT('',(5.417,4.,1.));
#2423 = LINE('',#2424,#2425);
#2424 = CARTESIAN_POINT('',(5.417,-14.49,1.));
#2425 = VECTOR('',#2426,1.);
#2426 = DIRECTION('',(0.,-1.,0.));
#2427 = ORIENTED_EDGE('',*,*,#2428,.T.);
#2428 = EDGE_CURVE('',#2421,#2429,#2431,.T.);
#2429 = VERTEX_POINT('',#2430);
#2430 = CARTESIAN_POINT('',(5.417,4.,4.));
#2431 = LINE('',#2432,#2433);
#2432 = CARTESIAN_POINT('',(5.417,4.,-0.25));
#2433 = VECTOR('',#2434,1.);
#2434 = DIRECTION('',(0.,0.,1.));
#2435 = ORIENTED_EDGE('',*,*,#2436,.F.);
#2436 = EDGE_CURVE('',#2437,#2429,#2439,.T.);
#2437 = VERTEX_POINT('',#2438);
#2438 = CARTESIAN_POINT('',(5.417,6.5,4.));
#2439 = LINE('',#2440,#2441);
#2440 = CARTESIAN_POINT('',(5.417,-14.49,4.));
#2441 = VECTOR('',#2442,1.);
#2442 = DIRECTION('',(0.,-1.,0.));
#2443 = ORIENTED_EDGE('',*,*,#2444,.F.);
#2444 = EDGE_CURVE('',#2419,#2437,#2445,.T.);
#2445 = LINE('',#2446,#2447);
#2446 = CARTESIAN_POINT('',(5.417,6.5,-0.25));
#2447 = VECTOR('',#2448,1.);
#2448 = DIRECTION('',(0.,0.,1.));
#2449 = PLANE('',#2450);
#2450 = AXIS2_PLACEMENT_3D('',#2451,#2452,#2453);
#2451 = CARTESIAN_POINT('',(5.417,-32.98,-1.5));
#2452 = DIRECTION('',(1.,0.,-0.));
#2453 = DIRECTION('',(0.,0.,1.));
#2454 = ADVANCED_FACE('',(#2455,#2473),#2507,.T.);
#2455 = FACE_BOUND('',#2456,.T.);
#2456 = EDGE_LOOP('',(#2457,#2465,#2466,#2467));
#2457 = ORIENTED_EDGE('',*,*,#2458,.F.);
#2458 = EDGE_CURVE('',#118,#2459,#2461,.T.);
#2459 = VERTEX_POINT('',#2460);
#2460 = CARTESIAN_POINT('',(-98.762,97.62,31.));
#2461 = LINE('',#2462,#2463);
#2462 = CARTESIAN_POINT('',(-98.762,-32.98,31.));
#2463 = VECTOR('',#2464,1.);
#2464 = DIRECTION('',(-0.,1.,0.));
#2465 = ORIENTED_EDGE('',*,*,#125,.T.);
#2466 = ORIENTED_EDGE('',*,*,#2334,.T.);
#2467 = ORIENTED_EDGE('',*,*,#2468,.F.);
#2468 = EDGE_CURVE('',#2459,#2335,#2469,.T.);
#2469 = LINE('',#2470,#2471);
#2470 = CARTESIAN_POINT('',(-98.762,97.62,31.));
#2471 = VECTOR('',#2472,1.);
#2472 = DIRECTION('',(1.,0.,-0.));
#2473 = FACE_BOUND('',#2474,.T.);
#2474 = EDGE_LOOP('',(#2475,#2485,#2493,#2501));
#2475 = ORIENTED_EDGE('',*,*,#2476,.F.);
#2476 = EDGE_CURVE('',#2477,#2479,#2481,.T.);
#2477 = VERTEX_POINT('',#2478);
#2478 = CARTESIAN_POINT('',(-98.662,-32.88,31.));
#2479 = VERTEX_POINT('',#2480);
#2480 = CARTESIAN_POINT('',(5.317,-32.88,31.));
#2481 = LINE('',#2482,#2483);
#2482 = CARTESIAN_POINT('',(-98.662,-32.88,31.));
#2483 = VECTOR('',#2484,1.);
#2484 = DIRECTION('',(1.,0.,-0.));
#2485 = ORIENTED_EDGE('',*,*,#2486,.T.);
#2486 = EDGE_CURVE('',#2477,#2487,#2489,.T.);
#2487 = VERTEX_POINT('',#2488);
#2488 = CARTESIAN_POINT('',(-98.662,97.52,31.));
#2489 = LINE('',#2490,#2491);
#2490 = CARTESIAN_POINT('',(-98.662,-32.88,31.));
#2491 = VECTOR('',#2492,1.);
#2492 = DIRECTION('',(-0.,1.,0.));
#2493 = ORIENTED_EDGE('',*,*,#2494,.T.);
#2494 = EDGE_CURVE('',#2487,#2495,#2497,.T.);
#2495 = VERTEX_POINT('',#2496);
#2496 = CARTESIAN_POINT('',(5.317,97.52,31.));
#2497 = LINE('',#2498,#2499);
#2498 = CARTESIAN_POINT('',(-98.662,97.52,31.));
#2499 = VECTOR('',#2500,1.);
#2500 = DIRECTION('',(1.,0.,-0.));
#2501 = ORIENTED_EDGE('',*,*,#2502,.F.);
#2502 = EDGE_CURVE('',#2479,#2495,#2503,.T.);
#2503 = LINE('',#2504,#2505);
#2504 = CARTESIAN_POINT('',(5.317,-32.88,31.));
#2505 = VECTOR('',#2506,1.);
#2506 = DIRECTION('',(-0.,1.,0.));
#2507 = PLANE('',#2508);
#2508 = AXIS2_PLACEMENT_3D('',#2509,#2510,#2511);
#2509 = CARTESIAN_POINT('',(-98.762,-32.98,31.));
#2510 = DIRECTION('',(0.,0.,1.));
#2511 = DIRECTION('',(1.,0.,-0.));
#2512 = ADVANCED_FACE('',(#2513),#2524,.F.);
#2513 = FACE_BOUND('',#2514,.F.);
#2514 = EDGE_LOOP('',(#2515,#2516,#2517,#2523));
#2515 = ORIENTED_EDGE('',*,*,#117,.F.);
#2516 = ORIENTED_EDGE('',*,*,#815,.T.);
#2517 = ORIENTED_EDGE('',*,*,#2518,.T.);
#2518 = EDGE_CURVE('',#806,#2459,#2519,.T.);
#2519 = LINE('',#2520,#2521);
#2520 = CARTESIAN_POINT('',(-98.762,97.62,-1.5));
#2521 = VECTOR('',#2522,1.);
#2522 = DIRECTION('',(0.,0.,1.));
#2523 = ORIENTED_EDGE('',*,*,#2458,.F.);
#2524 = PLANE('',#2525);
#2525 = AXIS2_PLACEMENT_3D('',#2526,#2527,#2528);
#2526 = CARTESIAN_POINT('',(-98.762,-32.98,-1.5));
#2527 = DIRECTION('',(1.,0.,-0.));
#2528 = DIRECTION('',(0.,0.,1.));
#2529 = ADVANCED_FACE('',(#2530),#2536,.F.);
#2530 = FACE_BOUND('',#2531,.F.);
#2531 = EDGE_LOOP('',(#2532,#2533,#2534,#2535));
#2532 = ORIENTED_EDGE('',*,*,#2140,.F.);
#2533 = ORIENTED_EDGE('',*,*,#542,.F.);
#2534 = ORIENTED_EDGE('',*,*,#530,.F.);
#2535 = ORIENTED_EDGE('',*,*,#2001,.F.);
#2536 = ( BOUNDED_SURFACE() B_SPLINE_SURFACE(2,1,(
    (#2537,#2538)
    ,(#2539,#2540)
    ,(#2541,#2542)
    ,(#2543,#2544)
    ,(#2545,#2546)
    ,(#2547,#2548)
    ,(#2549,#2550
)),.UNSPECIFIED.,.T.,.F.,.F.) B_SPLINE_SURFACE_WITH_KNOTS((1,2,2,2,2,1),
  (2,2),(-2.094395102394,0.,2.094395102393,4.188790204786,6.28318530718,
    8.377580409573),(0.,118.1102),.UNSPECIFIED.) 
GEOMETRIC_REPRESENTATION_ITEM() RATIONAL_B_SPLINE_SURFACE((
    (1.,1.)
    ,(0.5,0.5)
    ,(1.,1.)
    ,(0.5,0.5)
    ,(1.,1.)
    ,(0.5,0.5)
,(1.,1.))) REPRESENTATION_ITEM('') SURFACE() );
#2537 = CARTESIAN_POINT('',(-0.648001016002,-35.17907035814,-1.5));
#2538 = CARTESIAN_POINT('',(-0.648001016002,-35.17907035814,
    1.50000508001));
#2539 = CARTESIAN_POINT('',(-0.648001016002,-31.02213962114,-1.5));
#2540 = CARTESIAN_POINT('',(-0.648001016002,-31.02213962114,
    1.50000508001));
#2541 = CARTESIAN_POINT('',(-4.248008636017,-33.10060498964,-1.5));
#2542 = CARTESIAN_POINT('',(-4.248008636017,-33.10060498964,
    1.50000508001));
#2543 = CARTESIAN_POINT('',(-7.848016256033,-35.17907035814,-1.5));
#2544 = CARTESIAN_POINT('',(-7.848016256033,-35.17907035814,
    1.50000508001));
#2545 = CARTESIAN_POINT('',(-4.248008636017,-37.25753572664,-1.5));
#2546 = CARTESIAN_POINT('',(-4.248008636017,-37.25753572664,
    1.50000508001));
#2547 = CARTESIAN_POINT('',(-0.648001016002,-39.33600109514,-1.5));
#2548 = CARTESIAN_POINT('',(-0.648001016002,-39.33600109514,
    1.50000508001));
#2549 = CARTESIAN_POINT('',(-0.648001016002,-35.17907035814,-1.5));
#2550 = CARTESIAN_POINT('',(-0.648001016002,-35.17907035814,
    1.50000508001));
#2551 = ADVANCED_FACE('',(#2552),#2556,.F.);
#2552 = FACE_BOUND('',#2553,.F.);
#2553 = EDGE_LOOP('',(#2554,#2555));
#2554 = ORIENTED_EDGE('',*,*,#1863,.F.);
#2555 = ORIENTED_EDGE('',*,*,#240,.F.);
#2556 = ( BOUNDED_SURFACE() B_SPLINE_SURFACE(2,1,(
    (#2557,#2558)
    ,(#2559,#2560)
    ,(#2561,#2562)
    ,(#2563,#2564)
    ,(#2565,#2566)
    ,(#2567,#2568)
    ,(#2569,#2570
)),.UNSPECIFIED.,.T.,.F.,.F.) B_SPLINE_SURFACE_WITH_KNOTS((1,2,2,2,2,1),
  (2,2),(-2.094395102394,0.,2.094395102393,4.188790204786,6.28318530718,
    8.377580409573),(0.,118.1102),.UNSPECIFIED.) 
GEOMETRIC_REPRESENTATION_ITEM() RATIONAL_B_SPLINE_SURFACE((
    (1.,1.)
    ,(0.5,0.5)
    ,(1.,1.)
    ,(0.5,0.5)
    ,(1.,1.)
    ,(0.5,0.5)
,(1.,1.))) REPRESENTATION_ITEM('') SURFACE() );
#2557 = CARTESIAN_POINT('',(-0.648001016002,-35.17907035814,-1.5));
#2558 = CARTESIAN_POINT('',(-0.648001016002,-35.17907035814,
    1.50000508001));
#2559 = CARTESIAN_POINT('',(-0.648001016002,-31.02213962114,-1.5));
#2560 = CARTESIAN_POINT('',(-0.648001016002,-31.02213962114,
    1.50000508001));
#2561 = CARTESIAN_POINT('',(-4.248008636017,-33.10060498964,-1.5));
#2562 = CARTESIAN_POINT('',(-4.248008636017,-33.10060498964,
    1.50000508001));
#2563 = CARTESIAN_POINT('',(-7.848016256033,-35.17907035814,-1.5));
#2564 = CARTESIAN_POINT('',(-7.848016256033,-35.17907035814,
    1.50000508001));
#2565 = CARTESIAN_POINT('',(-4.248008636017,-37.25753572664,-1.5));
#2566 = CARTESIAN_POINT('',(-4.248008636017,-37.25753572664,
    1.50000508001));
#2567 = CARTESIAN_POINT('',(-0.648001016002,-39.33600109514,-1.5));
#2568 = CARTESIAN_POINT('',(-0.648001016002,-39.33600109514,
    1.50000508001));
#2569 = CARTESIAN_POINT('',(-0.648001016002,-35.17907035814,-1.5));
#2570 = CARTESIAN_POINT('',(-0.648001016002,-35.17907035814,
    1.50000508001));
#2571 = ADVANCED_FACE('',(#2572),#2675,.F.);
#2572 = FACE_BOUND('',#2573,.F.);
#2573 = EDGE_LOOP('',(#2574,#2580,#2581,#2587,#2588,#2589,#2590,#2598,
    #2604,#2612,#2620,#2628,#2636,#2644,#2652,#2660,#2668,#2674));
#2574 = ORIENTED_EDGE('',*,*,#2575,.F.);
#2575 = EDGE_CURVE('',#830,#854,#2576,.T.);
#2576 = LINE('',#2577,#2578);
#2577 = CARTESIAN_POINT('',(-98.262,-32.48,-1.5));
#2578 = VECTOR('',#2579,1.);
#2579 = DIRECTION('',(-0.,1.,0.));
#2580 = ORIENTED_EDGE('',*,*,#829,.T.);
#2581 = ORIENTED_EDGE('',*,*,#2582,.T.);
#2582 = EDGE_CURVE('',#823,#1841,#2583,.T.);
#2583 = LINE('',#2584,#2585);
#2584 = CARTESIAN_POINT('',(-98.26219329438,-32.48,-1.5));
#2585 = VECTOR('',#2586,1.);
#2586 = DIRECTION('',(1.,0.,-0.));
#2587 = ORIENTED_EDGE('',*,*,#1849,.T.);
#2588 = ORIENTED_EDGE('',*,*,#620,.T.);
#2589 = ORIENTED_EDGE('',*,*,#2320,.T.);
#2590 = ORIENTED_EDGE('',*,*,#2591,.T.);
#2591 = EDGE_CURVE('',#2313,#2592,#2594,.T.);
#2592 = VERTEX_POINT('',#2593);
#2593 = CARTESIAN_POINT('',(4.917,-29.,-1.5));
#2594 = LINE('',#2595,#2596);
#2595 = CARTESIAN_POINT('',(4.917,-32.48,-1.5));
#2596 = VECTOR('',#2597,1.);
#2597 = DIRECTION('',(-0.,1.,0.));
#2598 = ORIENTED_EDGE('',*,*,#2599,.T.);
#2599 = EDGE_CURVE('',#2592,#2297,#2600,.T.);
#2600 = LINE('',#2601,#2602);
#2601 = CARTESIAN_POINT('',(4.417,-29.,-1.5));
#2602 = VECTOR('',#2603,1.);
#2603 = DIRECTION('',(1.,0.,-0.));
#2604 = ORIENTED_EDGE('',*,*,#2605,.T.);
#2605 = EDGE_CURVE('',#2297,#2606,#2608,.T.);
#2606 = VERTEX_POINT('',#2607);
#2607 = CARTESIAN_POINT('',(4.917006604013,94.,-1.5));
#2608 = LINE('',#2609,#2610);
#2609 = CARTESIAN_POINT('',(4.917006604013,-32.48,-1.5));
#2610 = VECTOR('',#2611,1.);
#2611 = DIRECTION('',(-0.,1.,0.));
#2612 = ORIENTED_EDGE('',*,*,#2613,.F.);
#2613 = EDGE_CURVE('',#2614,#2606,#2616,.T.);
#2614 = VERTEX_POINT('',#2615);
#2615 = CARTESIAN_POINT('',(4.917,94.,-1.5));
#2616 = LINE('',#2617,#2618);
#2617 = CARTESIAN_POINT('',(4.417,94.,-1.5));
#2618 = VECTOR('',#2619,1.);
#2619 = DIRECTION('',(1.,0.,-0.));
#2620 = ORIENTED_EDGE('',*,*,#2621,.T.);
#2621 = EDGE_CURVE('',#2614,#2622,#2624,.T.);
#2622 = VERTEX_POINT('',#2623);
#2623 = CARTESIAN_POINT('',(4.917,97.12,-1.5));
#2624 = LINE('',#2625,#2626);
#2625 = CARTESIAN_POINT('',(4.917,-32.48,-1.5));
#2626 = VECTOR('',#2627,1.);
#2627 = DIRECTION('',(-0.,1.,0.));
#2628 = ORIENTED_EDGE('',*,*,#2629,.F.);
#2629 = EDGE_CURVE('',#2630,#2622,#2632,.T.);
#2630 = VERTEX_POINT('',#2631);
#2631 = CARTESIAN_POINT('',(0.952501905004,97.12,-1.5));
#2632 = LINE('',#2633,#2634);
#2633 = CARTESIAN_POINT('',(-98.26219329438,97.12,-1.5));
#2634 = VECTOR('',#2635,1.);
#2635 = DIRECTION('',(1.,0.,-0.));
#2636 = ORIENTED_EDGE('',*,*,#2637,.F.);
#2637 = EDGE_CURVE('',#2638,#2630,#2640,.T.);
#2638 = VERTEX_POINT('',#2639);
#2639 = CARTESIAN_POINT('',(-6.,97.12,-1.5));
#2640 = LINE('',#2641,#2642);
#2641 = CARTESIAN_POINT('',(-98.26219329438,97.12,-1.5));
#2642 = VECTOR('',#2643,1.);
#2643 = DIRECTION('',(1.,0.,-0.));
#2644 = ORIENTED_EDGE('',*,*,#2645,.F.);
#2645 = EDGE_CURVE('',#2646,#2638,#2648,.T.);
#2646 = VERTEX_POINT('',#2647);
#2647 = CARTESIAN_POINT('',(-8.572517145034,97.12,-1.5));
#2648 = LINE('',#2649,#2650);
#2649 = CARTESIAN_POINT('',(-98.26219329438,97.12,-1.5));
#2650 = VECTOR('',#2651,1.);
#2651 = DIRECTION('',(1.,0.,-0.));
#2652 = ORIENTED_EDGE('',*,*,#2653,.F.);
#2653 = EDGE_CURVE('',#2654,#2646,#2656,.T.);
#2654 = VERTEX_POINT('',#2655);
#2655 = CARTESIAN_POINT('',(-85.60483616967,97.12,-1.5));
#2656 = LINE('',#2657,#2658);
#2657 = CARTESIAN_POINT('',(-98.26219329438,97.12,-1.5));
#2658 = VECTOR('',#2659,1.);
#2659 = DIRECTION('',(1.,0.,-0.));
#2660 = ORIENTED_EDGE('',*,*,#2661,.F.);
#2661 = EDGE_CURVE('',#2662,#2654,#2664,.T.);
#2662 = VERTEX_POINT('',#2663);
#2663 = CARTESIAN_POINT('',(-95.,97.12,-1.5));
#2664 = LINE('',#2665,#2666);
#2665 = CARTESIAN_POINT('',(-98.26219329438,97.12,-1.5));
#2666 = VECTOR('',#2667,1.);
#2667 = DIRECTION('',(1.,0.,-0.));
#2668 = ORIENTED_EDGE('',*,*,#2669,.F.);
#2669 = EDGE_CURVE('',#862,#2662,#2670,.T.);
#2670 = LINE('',#2671,#2672);
#2671 = CARTESIAN_POINT('',(-98.26219329438,97.12,-1.5));
#2672 = VECTOR('',#2673,1.);
#2673 = DIRECTION('',(1.,0.,-0.));
#2674 = ORIENTED_EDGE('',*,*,#861,.F.);
#2675 = PLANE('',#2676);
#2676 = AXIS2_PLACEMENT_3D('',#2677,#2678,#2679);
#2677 = CARTESIAN_POINT('',(-98.26219329438,-32.48,-1.5));
#2678 = DIRECTION('',(0.,0.,1.));
#2679 = DIRECTION('',(1.,0.,-0.));
#2680 = ADVANCED_FACE('',(#2681,#2773,#2807),#2841,.T.);
#2681 = FACE_BOUND('',#2682,.T.);
#2682 = EDGE_LOOP('',(#2683,#2684,#2685,#2686,#2687,#2695,#2702,#2709,
    #2717,#2724,#2731,#2739,#2746,#2753,#2761,#2768));
#2683 = ORIENTED_EDGE('',*,*,#805,.F.);
#2684 = ORIENTED_EDGE('',*,*,#2518,.T.);
#2685 = ORIENTED_EDGE('',*,*,#2468,.T.);
#2686 = ORIENTED_EDGE('',*,*,#2376,.F.);
#2687 = ORIENTED_EDGE('',*,*,#2688,.F.);
#2688 = EDGE_CURVE('',#2689,#2369,#2691,.T.);
#2689 = VERTEX_POINT('',#2690);
#2690 = CARTESIAN_POINT('',(0.952501905004,97.62,-1.5));
#2691 = LINE('',#2692,#2693);
#2692 = CARTESIAN_POINT('',(-98.762,97.62,-1.5));
#2693 = VECTOR('',#2694,1.);
#2694 = DIRECTION('',(1.,0.,-0.));
#2695 = ORIENTED_EDGE('',*,*,#2696,.F.);
#2696 = EDGE_CURVE('',#2697,#2689,#2699,.T.);
#2697 = VERTEX_POINT('',#2698);
#2698 = CARTESIAN_POINT('',(0.952501905004,97.62,1.50000508001));
#2699 = B_SPLINE_CURVE_WITH_KNOTS('',1,(#2700,#2701),.UNSPECIFIED.,.F.,
  .F.,(2,2),(0.,1.),.PIECEWISE_BEZIER_KNOTS.);
#2700 = CARTESIAN_POINT('',(0.952501905004,97.62,1.50000508001));
#2701 = CARTESIAN_POINT('',(0.952501905004,97.62,-1.5));
#2702 = ORIENTED_EDGE('',*,*,#2703,.F.);
#2703 = EDGE_CURVE('',#2704,#2697,#2706,.T.);
#2704 = VERTEX_POINT('',#2705);
#2705 = CARTESIAN_POINT('',(-2.477365594184,97.62,1.500002539558));
#2706 = B_SPLINE_CURVE_WITH_KNOTS('',1,(#2707,#2708),.UNSPECIFIED.,.F.,
  .F.,(2,2),(0.,1.),.PIECEWISE_BEZIER_KNOTS.);
#2707 = CARTESIAN_POINT('',(-8.572517145034,97.62,1.50000508001));
#2708 = CARTESIAN_POINT('',(0.952501905004,97.62,1.50000508001));
#2709 = ORIENTED_EDGE('',*,*,#2710,.T.);
#2710 = EDGE_CURVE('',#2704,#2711,#2713,.T.);
#2711 = VERTEX_POINT('',#2712);
#2712 = CARTESIAN_POINT('',(-4.888648970696,97.62,1.500002539558));
#2713 = LINE('',#2714,#2715);
#2714 = CARTESIAN_POINT('',(-98.26209664719,97.62,1.5));
#2715 = VECTOR('',#2716,1.);
#2716 = DIRECTION('',(-1.,-0.,0.));
#2717 = ORIENTED_EDGE('',*,*,#2718,.F.);
#2718 = EDGE_CURVE('',#2719,#2711,#2721,.T.);
#2719 = VERTEX_POINT('',#2720);
#2720 = CARTESIAN_POINT('',(-8.572517145034,97.62,1.50000508001));
#2721 = B_SPLINE_CURVE_WITH_KNOTS('',1,(#2722,#2723),.UNSPECIFIED.,.F.,
  .F.,(2,2),(0.,1.),.PIECEWISE_BEZIER_KNOTS.);
#2722 = CARTESIAN_POINT('',(-8.572517145034,97.62,1.50000508001));
#2723 = CARTESIAN_POINT('',(0.952501905004,97.62,1.50000508001));
#2724 = ORIENTED_EDGE('',*,*,#2725,.T.);
#2725 = EDGE_CURVE('',#2719,#2726,#2728,.T.);
#2726 = VERTEX_POINT('',#2727);
#2727 = CARTESIAN_POINT('',(-8.572517145034,97.62,0.5));
#2728 = B_SPLINE_CURVE_WITH_KNOTS('',1,(#2729,#2730),.UNSPECIFIED.,.F.,
  .F.,(2,2),(0.,1.),.PIECEWISE_BEZIER_KNOTS.);
#2729 = CARTESIAN_POINT('',(-8.572517145034,97.62,1.50000508001));
#2730 = CARTESIAN_POINT('',(-8.572517145034,97.62,-1.5));
#2731 = ORIENTED_EDGE('',*,*,#2732,.F.);
#2732 = EDGE_CURVE('',#2733,#2726,#2735,.T.);
#2733 = VERTEX_POINT('',#2734);
#2734 = CARTESIAN_POINT('',(-85.60483616967,97.62,0.5));
#2735 = LINE('',#2736,#2737);
#2736 = CARTESIAN_POINT('',(-96.881,97.62,0.5));
#2737 = VECTOR('',#2738,1.);
#2738 = DIRECTION('',(1.,0.,-0.));
#2739 = ORIENTED_EDGE('',*,*,#2740,.F.);
#2740 = EDGE_CURVE('',#2741,#2733,#2743,.T.);
#2741 = VERTEX_POINT('',#2742);
#2742 = CARTESIAN_POINT('',(-85.60483616967,97.62,1.50000508001));
#2743 = B_SPLINE_CURVE_WITH_KNOTS('',1,(#2744,#2745),.UNSPECIFIED.,.F.,
  .F.,(2,2),(0.,1.),.PIECEWISE_BEZIER_KNOTS.);
#2744 = CARTESIAN_POINT('',(-85.60483616967,97.62,1.50000508001));
#2745 = CARTESIAN_POINT('',(-85.60483616967,97.62,-1.5));
#2746 = ORIENTED_EDGE('',*,*,#2747,.F.);
#2747 = EDGE_CURVE('',#2748,#2741,#2750,.T.);
#2748 = VERTEX_POINT('',#2749);
#2749 = CARTESIAN_POINT('',(-89.29937312645,97.62,1.500002539558));
#2750 = B_SPLINE_CURVE_WITH_KNOTS('',1,(#2751,#2752),.UNSPECIFIED.,.F.,
  .F.,(2,2),(0.,1.),.PIECEWISE_BEZIER_KNOTS.);
#2751 = CARTESIAN_POINT('',(-95.12985521971,97.62,1.50000508001));
#2752 = CARTESIAN_POINT('',(-85.60483616967,97.62,1.50000508001));
#2753 = ORIENTED_EDGE('',*,*,#2754,.T.);
#2754 = EDGE_CURVE('',#2748,#2755,#2757,.T.);
#2755 = VERTEX_POINT('',#2756);
#2756 = CARTESIAN_POINT('',(-91.18131776293,97.62,1.500002539558));
#2757 = LINE('',#2758,#2759);
#2758 = CARTESIAN_POINT('',(-98.26209664719,97.62,1.5));
#2759 = VECTOR('',#2760,1.);
#2760 = DIRECTION('',(-1.,-0.,0.));
#2761 = ORIENTED_EDGE('',*,*,#2762,.F.);
#2762 = EDGE_CURVE('',#2763,#2755,#2765,.T.);
#2763 = VERTEX_POINT('',#2764);
#2764 = CARTESIAN_POINT('',(-95.12985521971,97.62,1.50000508001));
#2765 = B_SPLINE_CURVE_WITH_KNOTS('',1,(#2766,#2767),.UNSPECIFIED.,.F.,
  .F.,(2,2),(0.,1.),.PIECEWISE_BEZIER_KNOTS.);
#2766 = CARTESIAN_POINT('',(-95.12985521971,97.62,1.50000508001));
#2767 = CARTESIAN_POINT('',(-85.60483616967,97.62,1.50000508001));
#2768 = ORIENTED_EDGE('',*,*,#2769,.T.);
#2769 = EDGE_CURVE('',#2763,#808,#2770,.T.);
#2770 = B_SPLINE_CURVE_WITH_KNOTS('',1,(#2771,#2772),.UNSPECIFIED.,.F.,
  .F.,(2,2),(0.,1.),.PIECEWISE_BEZIER_KNOTS.);
#2771 = CARTESIAN_POINT('',(-95.12985521971,97.62,1.50000508001));
#2772 = CARTESIAN_POINT('',(-95.12985521971,97.62,-1.5));
#2773 = FACE_BOUND('',#2774,.T.);
#2774 = EDGE_LOOP('',(#2775,#2785,#2793,#2801));
#2775 = ORIENTED_EDGE('',*,*,#2776,.F.);
#2776 = EDGE_CURVE('',#2777,#2779,#2781,.T.);
#2777 = VERTEX_POINT('',#2778);
#2778 = CARTESIAN_POINT('',(-50.,97.62,13.));
#2779 = VERTEX_POINT('',#2780);
#2780 = CARTESIAN_POINT('',(-35.,97.62,13.));
#2781 = LINE('',#2782,#2783);
#2782 = CARTESIAN_POINT('',(-74.381,97.62,13.));
#2783 = VECTOR('',#2784,1.);
#2784 = DIRECTION('',(1.,0.,-0.));
#2785 = ORIENTED_EDGE('',*,*,#2786,.T.);
#2786 = EDGE_CURVE('',#2777,#2787,#2789,.T.);
#2787 = VERTEX_POINT('',#2788);
#2788 = CARTESIAN_POINT('',(-50.,97.62,6.));
#2789 = LINE('',#2790,#2791);
#2790 = CARTESIAN_POINT('',(-50.,97.62,2.25));
#2791 = VECTOR('',#2792,1.);
#2792 = DIRECTION('',(-0.,0.,-1.));
#2793 = ORIENTED_EDGE('',*,*,#2794,.T.);
#2794 = EDGE_CURVE('',#2787,#2795,#2797,.T.);
#2795 = VERTEX_POINT('',#2796);
#2796 = CARTESIAN_POINT('',(-35.,97.62,6.));
#2797 = LINE('',#2798,#2799);
#2798 = CARTESIAN_POINT('',(-74.381,97.62,6.));
#2799 = VECTOR('',#2800,1.);
#2800 = DIRECTION('',(1.,0.,-0.));
#2801 = ORIENTED_EDGE('',*,*,#2802,.F.);
#2802 = EDGE_CURVE('',#2779,#2795,#2803,.T.);
#2803 = LINE('',#2804,#2805);
#2804 = CARTESIAN_POINT('',(-35.,97.62,2.25));
#2805 = VECTOR('',#2806,1.);
#2806 = DIRECTION('',(-0.,0.,-1.));
#2807 = FACE_BOUND('',#2808,.T.);
#2808 = EDGE_LOOP('',(#2809,#2819,#2827,#2835));
#2809 = ORIENTED_EDGE('',*,*,#2810,.F.);
#2810 = EDGE_CURVE('',#2811,#2813,#2815,.T.);
#2811 = VERTEX_POINT('',#2812);
#2812 = CARTESIAN_POINT('',(-89.5,97.62,17.));
#2813 = VERTEX_POINT('',#2814);
#2814 = CARTESIAN_POINT('',(-3.5,97.62,17.));
#2815 = LINE('',#2816,#2817);
#2816 = CARTESIAN_POINT('',(-94.131,97.62,17.));
#2817 = VECTOR('',#2818,1.);
#2818 = DIRECTION('',(1.,0.,-0.));
#2819 = ORIENTED_EDGE('',*,*,#2820,.T.);
#2820 = EDGE_CURVE('',#2811,#2821,#2823,.T.);
#2821 = VERTEX_POINT('',#2822);
#2822 = CARTESIAN_POINT('',(-89.5,97.62,14.));
#2823 = LINE('',#2824,#2825);
#2824 = CARTESIAN_POINT('',(-89.5,97.62,6.25));
#2825 = VECTOR('',#2826,1.);
#2826 = DIRECTION('',(-0.,0.,-1.));
#2827 = ORIENTED_EDGE('',*,*,#2828,.T.);
#2828 = EDGE_CURVE('',#2821,#2829,#2831,.T.);
#2829 = VERTEX_POINT('',#2830);
#2830 = CARTESIAN_POINT('',(-3.5,97.62,14.));
#2831 = LINE('',#2832,#2833);
#2832 = CARTESIAN_POINT('',(-94.131,97.62,14.));
#2833 = VECTOR('',#2834,1.);
#2834 = DIRECTION('',(1.,0.,-0.));
#2835 = ORIENTED_EDGE('',*,*,#2836,.F.);
#2836 = EDGE_CURVE('',#2813,#2829,#2837,.T.);
#2837 = LINE('',#2838,#2839);
#2838 = CARTESIAN_POINT('',(-3.5,97.62,6.25));
#2839 = VECTOR('',#2840,1.);
#2840 = DIRECTION('',(-0.,0.,-1.));
#2841 = PLANE('',#2842);
#2842 = AXIS2_PLACEMENT_3D('',#2843,#2844,#2845);
#2843 = CARTESIAN_POINT('',(-98.762,97.62,-1.5));
#2844 = DIRECTION('',(-0.,1.,0.));
#2845 = DIRECTION('',(0.,0.,1.));
#2846 = ADVANCED_FACE('',(#2847),#2865,.T.);
#2847 = FACE_BOUND('',#2848,.T.);
#2848 = EDGE_LOOP('',(#2849,#2850,#2851,#2859));
#2849 = ORIENTED_EDGE('',*,*,#2669,.F.);
#2850 = ORIENTED_EDGE('',*,*,#869,.T.);
#2851 = ORIENTED_EDGE('',*,*,#2852,.T.);
#2852 = EDGE_CURVE('',#808,#2853,#2855,.T.);
#2853 = VERTEX_POINT('',#2854);
#2854 = CARTESIAN_POINT('',(-95.,97.62,-1.5));
#2855 = LINE('',#2856,#2857);
#2856 = CARTESIAN_POINT('',(-98.762,97.62,-1.5));
#2857 = VECTOR('',#2858,1.);
#2858 = DIRECTION('',(1.,0.,-0.));
#2859 = ORIENTED_EDGE('',*,*,#2860,.F.);
#2860 = EDGE_CURVE('',#2662,#2853,#2861,.T.);
#2861 = LINE('',#2862,#2863);
#2862 = CARTESIAN_POINT('',(-95.,96.62,-1.5));
#2863 = VECTOR('',#2864,1.);
#2864 = DIRECTION('',(-0.,1.,0.));
#2865 = B_SPLINE_SURFACE_WITH_KNOTS('',1,1,(
    (#2866,#2867)
    ,(#2868,#2869
    )),.UNSPECIFIED.,.F.,.F.,.F.,(2,2),(2,2),(-1.97202755E+03,
    1.97202755E+03),(-2.825E+03,2.8252224E+03),
  .PIECEWISE_BEZIER_KNOTS.);
#2866 = CARTESIAN_POINT('',(3.417006604013,-37.93357886715,-1.5));
#2867 = CARTESIAN_POINT('',(3.417006604013,105.58235712471,-1.5));
#2868 = CARTESIAN_POINT('',(-96.76219329438,-37.93357886715,-1.5));
#2869 = CARTESIAN_POINT('',(-96.76219329438,105.58235712471,-1.5));
#2870 = ADVANCED_FACE('',(#2871),#2877,.F.);
#2871 = FACE_BOUND('',#2872,.F.);
#2872 = EDGE_LOOP('',(#2873,#2874,#2875,#2876));
#2873 = ORIENTED_EDGE('',*,*,#845,.F.);
#2874 = ORIENTED_EDGE('',*,*,#837,.T.);
#2875 = ORIENTED_EDGE('',*,*,#2575,.T.);
#2876 = ORIENTED_EDGE('',*,*,#853,.F.);
#2877 = PLANE('',#2878);
#2878 = AXIS2_PLACEMENT_3D('',#2879,#2880,#2881);
#2879 = CARTESIAN_POINT('',(-98.26219329438,-32.48,-1.5));
#2880 = DIRECTION('',(0.,0.,1.));
#2881 = DIRECTION('',(1.,0.,-0.));
#2882 = ADVANCED_FACE('',(#2883),#2894,.T.);
#2883 = FACE_BOUND('',#2884,.T.);
#2884 = EDGE_LOOP('',(#2885,#2891,#2892,#2893));
#2885 = ORIENTED_EDGE('',*,*,#2886,.F.);
#2886 = EDGE_CURVE('',#110,#176,#2887,.T.);
#2887 = LINE('',#2888,#2889);
#2888 = CARTESIAN_POINT('',(-98.762,-32.98,-1.5));
#2889 = VECTOR('',#2890,1.);
#2890 = DIRECTION('',(1.,0.,-0.));
#2891 = ORIENTED_EDGE('',*,*,#822,.T.);
#2892 = ORIENTED_EDGE('',*,*,#2582,.T.);
#2893 = ORIENTED_EDGE('',*,*,#1840,.T.);
#2894 = B_SPLINE_SURFACE_WITH_KNOTS('',1,1,(
    (#2895,#2896)
    ,(#2897,#2898
    )),.UNSPECIFIED.,.F.,.F.,.F.,(2,2),(2,2),(-1.97202755E+03,
    1.97202755E+03),(-2.825E+03,2.8252224E+03),
  .PIECEWISE_BEZIER_KNOTS.);
#2895 = CARTESIAN_POINT('',(3.417006604013,-40.93357886715,-1.5));
#2896 = CARTESIAN_POINT('',(3.417006604013,102.58235712471,-1.5));
#2897 = CARTESIAN_POINT('',(-96.76219329438,-40.93357886715,-1.5));
#2898 = CARTESIAN_POINT('',(-96.76219329438,102.58235712471,-1.5));
#2899 = ADVANCED_FACE('',(#2900,#2910),#2924,.T.);
#2900 = FACE_BOUND('',#2901,.T.);
#2901 = EDGE_LOOP('',(#2902,#2907,#2908,#2909));
#2902 = ORIENTED_EDGE('',*,*,#2903,.T.);
#2903 = EDGE_CURVE('',#1812,#883,#2904,.T.);
#2904 = B_SPLINE_CURVE_WITH_KNOTS('',1,(#2905,#2906),.UNSPECIFIED.,.F.,
  .F.,(2,2),(0.,375.),.PIECEWISE_BEZIER_KNOTS.);
#2905 = CARTESIAN_POINT('',(-85.40767081534,-40.93357886715,-1.5));
#2906 = CARTESIAN_POINT('',(-94.93268986538,-40.93357886715,-1.5));
#2907 = ORIENTED_EDGE('',*,*,#882,.T.);
#2908 = ORIENTED_EDGE('',*,*,#2886,.T.);
#2909 = ORIENTED_EDGE('',*,*,#1811,.T.);
#2910 = FACE_BOUND('',#2911,.T.);
#2911 = EDGE_LOOP('',(#2912));
#2912 = ORIENTED_EDGE('',*,*,#2913,.T.);
#2913 = EDGE_CURVE('',#2914,#2914,#2916,.T.);
#2914 = VERTEX_POINT('',#2915);
#2915 = CARTESIAN_POINT('',(-87.64317500635,-36.67907035814,-1.5));
#2916 = ( BOUNDED_CURVE() B_SPLINE_CURVE(2,(#2917,#2918,#2919,#2920,
#2921,#2922,#2923),.UNSPECIFIED.,.T.,.F.) B_SPLINE_CURVE_WITH_KNOTS((1,2
    ,2,2,2,1),(-2.094395102394,0.,2.094395102393,4.188790204786,
6.28318530718,8.377580409573),.UNSPECIFIED.) CURVE() 
GEOMETRIC_REPRESENTATION_ITEM() RATIONAL_B_SPLINE_CURVE((1.,0.5,1.,0.5,
1.,0.5,1.)) REPRESENTATION_ITEM('') );
#2917 = CARTESIAN_POINT('',(-87.64317500635,-36.67907035814,-1.5));
#2918 = CARTESIAN_POINT('',(-87.64317500635,-32.52213962114,-1.5));
#2919 = CARTESIAN_POINT('',(-91.24318262636,-34.60060498964,-1.5));
#2920 = CARTESIAN_POINT('',(-94.84319024638,-36.67907035814,-1.5));
#2921 = CARTESIAN_POINT('',(-91.24318262636,-38.75753572664,-1.5));
#2922 = CARTESIAN_POINT('',(-87.64317500635,-40.83600109514,-1.5));
#2923 = CARTESIAN_POINT('',(-87.64317500635,-36.67907035814,-1.5));
#2924 = B_SPLINE_SURFACE_WITH_KNOTS('',1,1,(
    (#2925,#2926)
    ,(#2927,#2928
    )),.UNSPECIFIED.,.F.,.F.,.F.,(2,2),(2,2),(-1.97202755E+03,
    1.97202755E+03),(-2.825E+03,2.8252224E+03),
  .PIECEWISE_BEZIER_KNOTS.);
#2925 = CARTESIAN_POINT('',(3.417006604013,-40.93357886715,-1.5));
#2926 = CARTESIAN_POINT('',(3.417006604013,102.58235712471,-1.5));
#2927 = CARTESIAN_POINT('',(-96.76219329438,-40.93357886715,-1.5));
#2928 = CARTESIAN_POINT('',(-96.76219329438,102.58235712471,-1.5));
#2929 = ADVANCED_FACE('',(#2930),#2941,.T.);
#2930 = FACE_BOUND('',#2931,.T.);
#2931 = EDGE_LOOP('',(#2932,#2933,#2934,#2935));
#2932 = ORIENTED_EDGE('',*,*,#1820,.T.);
#2933 = ORIENTED_EDGE('',*,*,#925,.T.);
#2934 = ORIENTED_EDGE('',*,*,#896,.T.);
#2935 = ORIENTED_EDGE('',*,*,#2936,.T.);
#2936 = EDGE_CURVE('',#890,#1821,#2937,.T.);
#2937 = LINE('',#2938,#2939);
#2938 = CARTESIAN_POINT('',(-97.76219329438,-40.93357886715,1.5));
#2939 = VECTOR('',#2940,1.);
#2940 = DIRECTION('',(1.,0.,-0.));
#2941 = PLANE('',#2942);
#2942 = AXIS2_PLACEMENT_3D('',#2943,#2944,#2945);
#2943 = CARTESIAN_POINT('',(-97.76219329438,-40.93357886715,1.5));
#2944 = DIRECTION('',(0.,0.,1.));
#2945 = DIRECTION('',(1.,0.,-0.));
#2946 = ADVANCED_FACE('',(#2947),#2953,.T.);
#2947 = FACE_BOUND('',#2948,.T.);
#2948 = EDGE_LOOP('',(#2949,#2950,#2951,#2952));
#2949 = ORIENTED_EDGE('',*,*,#2903,.F.);
#2950 = ORIENTED_EDGE('',*,*,#1827,.T.);
#2951 = ORIENTED_EDGE('',*,*,#2936,.F.);
#2952 = ORIENTED_EDGE('',*,*,#889,.F.);
#2953 = B_SPLINE_SURFACE_WITH_KNOTS('',1,1,(
    (#2954,#2955)
    ,(#2956,#2957
    )),.UNSPECIFIED.,.F.,.F.,.F.,(2,2),(2,2),(0.,375.),(-118.1102,0.),
  .PIECEWISE_BEZIER_KNOTS.);
#2954 = CARTESIAN_POINT('',(-85.40767081534,-40.93357886715,
    1.50000508001));
#2955 = CARTESIAN_POINT('',(-85.40767081534,-40.93357886715,-1.5));
#2956 = CARTESIAN_POINT('',(-94.93268986538,-40.93357886715,
    1.50000508001));
#2957 = CARTESIAN_POINT('',(-94.93268986538,-40.93357886715,-1.5));
#2958 = ADVANCED_FACE('',(#2959),#2965,.F.);
#2959 = FACE_BOUND('',#2960,.F.);
#2960 = EDGE_LOOP('',(#2961,#2962,#2963,#2964));
#2961 = ORIENTED_EDGE('',*,*,#1665,.F.);
#2962 = ORIENTED_EDGE('',*,*,#1234,.F.);
#2963 = ORIENTED_EDGE('',*,*,#1222,.F.);
#2964 = ORIENTED_EDGE('',*,*,#1526,.F.);
#2965 = ( BOUNDED_SURFACE() B_SPLINE_SURFACE(2,1,(
    (#2966,#2967)
    ,(#2968,#2969)
    ,(#2970,#2971)
    ,(#2972,#2973)
    ,(#2974,#2975)
    ,(#2976,#2977)
    ,(#2978,#2979
)),.UNSPECIFIED.,.T.,.F.,.F.) B_SPLINE_SURFACE_WITH_KNOTS((1,2,2,2,2,1),
  (2,2),(-2.094395102394,0.,2.094395102393,4.188790204786,6.28318530718,
    8.377580409573),(0.,118.1102),.UNSPECIFIED.) 
GEOMETRIC_REPRESENTATION_ITEM() RATIONAL_B_SPLINE_SURFACE((
    (1.,1.)
    ,(0.5,0.5)
    ,(1.,1.)
    ,(0.5,0.5)
    ,(1.,1.)
    ,(0.5,0.5)
,(1.,1.))) REPRESENTATION_ITEM('') SURFACE() );
#2966 = CARTESIAN_POINT('',(-87.64317500635,-35.17907035814,-1.5));
#2967 = CARTESIAN_POINT('',(-87.64317500635,-35.17907035814,
    1.50000508001));
#2968 = CARTESIAN_POINT('',(-87.64317500635,-31.02213962114,-1.5));
#2969 = CARTESIAN_POINT('',(-87.64317500635,-31.02213962114,
    1.50000508001));
#2970 = CARTESIAN_POINT('',(-91.24318262636,-33.10060498964,-1.5));
#2971 = CARTESIAN_POINT('',(-91.24318262636,-33.10060498964,
    1.50000508001));
#2972 = CARTESIAN_POINT('',(-94.84319024638,-35.17907035814,-1.5));
#2973 = CARTESIAN_POINT('',(-94.84319024638,-35.17907035814,
    1.50000508001));
#2974 = CARTESIAN_POINT('',(-91.24318262636,-37.25753572664,-1.5));
#2975 = CARTESIAN_POINT('',(-91.24318262636,-37.25753572664,
    1.50000508001));
#2976 = CARTESIAN_POINT('',(-87.64317500635,-39.33600109514,-1.5));
#2977 = CARTESIAN_POINT('',(-87.64317500635,-39.33600109514,
    1.50000508001));
#2978 = CARTESIAN_POINT('',(-87.64317500635,-35.17907035814,-1.5));
#2979 = CARTESIAN_POINT('',(-87.64317500635,-35.17907035814,
    1.50000508001));
#2980 = ADVANCED_FACE('',(#2981),#2993,.F.);
#2981 = FACE_BOUND('',#2982,.F.);
#2982 = EDGE_LOOP('',(#2983,#2988,#2989,#2990,#2991,#2992));
#2983 = ORIENTED_EDGE('',*,*,#2984,.T.);
#2984 = EDGE_CURVE('',#2914,#945,#2985,.T.);
#2985 = B_SPLINE_CURVE_WITH_KNOTS('',1,(#2986,#2987),.UNSPECIFIED.,.F.,
  .F.,(2,2),(0.,118.1102),.PIECEWISE_BEZIER_KNOTS.);
#2986 = CARTESIAN_POINT('',(-87.64317500635,-36.67907035814,-1.5));
#2987 = CARTESIAN_POINT('',(-87.64317500635,-36.67907035814,
    1.50000508001));
#2988 = ORIENTED_EDGE('',*,*,#944,.T.);
#2989 = ORIENTED_EDGE('',*,*,#1389,.T.);
#2990 = ORIENTED_EDGE('',*,*,#1083,.T.);
#2991 = ORIENTED_EDGE('',*,*,#2984,.F.);
#2992 = ORIENTED_EDGE('',*,*,#2913,.T.);
#2993 = ( BOUNDED_SURFACE() B_SPLINE_SURFACE(2,1,(
    (#2994,#2995)
    ,(#2996,#2997)
    ,(#2998,#2999)
    ,(#3000,#3001)
    ,(#3002,#3003)
    ,(#3004,#3005)
    ,(#3006,#3007
)),.UNSPECIFIED.,.T.,.F.,.F.) B_SPLINE_SURFACE_WITH_KNOTS((1,2,2,2,2,1),
  (2,2),(-2.094395102394,0.,2.094395102393,4.188790204786,6.28318530718,
    8.377580409573),(0.,118.1102),.UNSPECIFIED.) 
GEOMETRIC_REPRESENTATION_ITEM() RATIONAL_B_SPLINE_SURFACE((
    (1.,1.)
    ,(0.5,0.5)
    ,(1.,1.)
    ,(0.5,0.5)
    ,(1.,1.)
    ,(0.5,0.5)
,(1.,1.))) REPRESENTATION_ITEM('') SURFACE() );
#2994 = CARTESIAN_POINT('',(-87.64317500635,-36.67907035814,-1.5));
#2995 = CARTESIAN_POINT('',(-87.64317500635,-36.67907035814,
    1.50000508001));
#2996 = CARTESIAN_POINT('',(-87.64317500635,-32.52213962114,-1.5));
#2997 = CARTESIAN_POINT('',(-87.64317500635,-32.52213962114,
    1.50000508001));
#2998 = CARTESIAN_POINT('',(-91.24318262636,-34.60060498964,-1.5));
#2999 = CARTESIAN_POINT('',(-91.24318262636,-34.60060498964,
    1.50000508001));
#3000 = CARTESIAN_POINT('',(-94.84319024638,-36.67907035814,-1.5));
#3001 = CARTESIAN_POINT('',(-94.84319024638,-36.67907035814,
    1.50000508001));
#3002 = CARTESIAN_POINT('',(-91.24318262636,-38.75753572664,-1.5));
#3003 = CARTESIAN_POINT('',(-91.24318262636,-38.75753572664,
    1.50000508001));
#3004 = CARTESIAN_POINT('',(-87.64317500635,-40.83600109514,-1.5));
#3005 = CARTESIAN_POINT('',(-87.64317500635,-40.83600109514,
    1.50000508001));
#3006 = CARTESIAN_POINT('',(-87.64317500635,-36.67907035814,-1.5));
#3007 = CARTESIAN_POINT('',(-87.64317500635,-36.67907035814,
    1.50000508001));
#3008 = ADVANCED_FACE('',(#3009),#3013,.F.);
#3009 = FACE_BOUND('',#3010,.F.);
#3010 = EDGE_LOOP('',(#3011,#3012));
#3011 = ORIENTED_EDGE('',*,*,#1252,.F.);
#3012 = ORIENTED_EDGE('',*,*,#932,.F.);
#3013 = ( BOUNDED_SURFACE() B_SPLINE_SURFACE(2,1,(
    (#3014,#3015)
    ,(#3016,#3017)
    ,(#3018,#3019)
    ,(#3020,#3021)
    ,(#3022,#3023)
    ,(#3024,#3025)
    ,(#3026,#3027
)),.UNSPECIFIED.,.T.,.F.,.F.) B_SPLINE_SURFACE_WITH_KNOTS((1,2,2,2,2,1),
  (2,2),(-2.094395102394,0.,2.094395102393,4.188790204786,6.28318530718,
    8.377580409573),(0.,118.1102),.UNSPECIFIED.) 
GEOMETRIC_REPRESENTATION_ITEM() RATIONAL_B_SPLINE_SURFACE((
    (1.,1.)
    ,(0.5,0.5)
    ,(1.,1.)
    ,(0.5,0.5)
    ,(1.,1.)
    ,(0.5,0.5)
,(1.,1.))) REPRESENTATION_ITEM('') SURFACE() );
#3014 = CARTESIAN_POINT('',(-87.64317500635,-35.17907035814,-1.5));
#3015 = CARTESIAN_POINT('',(-87.64317500635,-35.17907035814,
    1.50000508001));
#3016 = CARTESIAN_POINT('',(-87.64317500635,-31.02213962114,-1.5));
#3017 = CARTESIAN_POINT('',(-87.64317500635,-31.02213962114,
    1.50000508001));
#3018 = CARTESIAN_POINT('',(-91.24318262636,-33.10060498964,-1.5));
#3019 = CARTESIAN_POINT('',(-91.24318262636,-33.10060498964,
    1.50000508001));
#3020 = CARTESIAN_POINT('',(-94.84319024638,-35.17907035814,-1.5));
#3021 = CARTESIAN_POINT('',(-94.84319024638,-35.17907035814,
    1.50000508001));
#3022 = CARTESIAN_POINT('',(-91.24318262636,-37.25753572664,-1.5));
#3023 = CARTESIAN_POINT('',(-91.24318262636,-37.25753572664,
    1.50000508001));
#3024 = CARTESIAN_POINT('',(-87.64317500635,-39.33600109514,-1.5));
#3025 = CARTESIAN_POINT('',(-87.64317500635,-39.33600109514,
    1.50000508001));
#3026 = CARTESIAN_POINT('',(-87.64317500635,-35.17907035814,-1.5));
#3027 = CARTESIAN_POINT('',(-87.64317500635,-35.17907035814,
    1.50000508001));
#3028 = ADVANCED_FACE('',(#3029),#3035,.F.);
#3029 = FACE_BOUND('',#3030,.F.);
#3030 = EDGE_LOOP('',(#3031,#3032,#3033,#3034));
#3031 = ORIENTED_EDGE('',*,*,#2591,.F.);
#3032 = ORIENTED_EDGE('',*,*,#2312,.T.);
#3033 = ORIENTED_EDGE('',*,*,#2304,.T.);
#3034 = ORIENTED_EDGE('',*,*,#2599,.F.);
#3035 = PLANE('',#3036);
#3036 = AXIS2_PLACEMENT_3D('',#3037,#3038,#3039);
#3037 = CARTESIAN_POINT('',(-98.26219329438,-32.48,-1.5));
#3038 = DIRECTION('',(0.,0.,1.));
#3039 = DIRECTION('',(1.,0.,-0.));
#3040 = ADVANCED_FACE('',(#3041),#3059,.T.);
#3041 = FACE_BOUND('',#3042,.T.);
#3042 = EDGE_LOOP('',(#3043,#3044,#3052,#3058));
#3043 = ORIENTED_EDGE('',*,*,#2296,.F.);
#3044 = ORIENTED_EDGE('',*,*,#3045,.T.);
#3045 = EDGE_CURVE('',#2297,#3046,#3048,.T.);
#3046 = VERTEX_POINT('',#3047);
#3047 = CARTESIAN_POINT('',(4.917006604013,-29.,0.5));
#3048 = LINE('',#3049,#3050);
#3049 = CARTESIAN_POINT('',(4.917006604013,-29.,7.625017780036));
#3050 = VECTOR('',#3051,1.);
#3051 = DIRECTION('',(0.,-0.,1.));
#3052 = ORIENTED_EDGE('',*,*,#3053,.T.);
#3053 = EDGE_CURVE('',#3046,#2345,#3054,.T.);
#3054 = LINE('',#3055,#3056);
#3055 = CARTESIAN_POINT('',(4.417,-29.,0.5));
#3056 = VECTOR('',#3057,1.);
#3057 = DIRECTION('',(1.,0.,-0.));
#3058 = ORIENTED_EDGE('',*,*,#2344,.F.);
#3059 = PLANE('',#3060);
#3060 = AXIS2_PLACEMENT_3D('',#3061,#3062,#3063);
#3061 = CARTESIAN_POINT('',(4.417,-29.,-1.5));
#3062 = DIRECTION('',(-0.,1.,0.));
#3063 = DIRECTION('',(0.,0.,1.));
#3064 = ADVANCED_FACE('',(#3065),#3095,.F.);
#3065 = FACE_BOUND('',#3066,.F.);
#3066 = EDGE_LOOP('',(#3067,#3068,#3073,#3074,#3082,#3088,#3094));
#3067 = ORIENTED_EDGE('',*,*,#2688,.F.);
#3068 = ORIENTED_EDGE('',*,*,#3069,.T.);
#3069 = EDGE_CURVE('',#2689,#2630,#3070,.T.);
#3070 = B_SPLINE_CURVE_WITH_KNOTS('',1,(#3071,#3072),.UNSPECIFIED.,.F.,
  .F.,(2,2),(0.,327.97245),.PIECEWISE_BEZIER_KNOTS.);
#3071 = CARTESIAN_POINT('',(0.952501905004,105.44970789941,-1.5));
#3072 = CARTESIAN_POINT('',(0.952501905004,97.119191008382,-1.5));
#3073 = ORIENTED_EDGE('',*,*,#2629,.T.);
#3074 = ORIENTED_EDGE('',*,*,#3075,.T.);
#3075 = EDGE_CURVE('',#2622,#3076,#3078,.T.);
#3076 = VERTEX_POINT('',#3077);
#3077 = CARTESIAN_POINT('',(4.917006604013,97.12,-1.5));
#3078 = LINE('',#3079,#3080);
#3079 = CARTESIAN_POINT('',(-98.26219329438,97.12,-1.5));
#3080 = VECTOR('',#3081,1.);
#3081 = DIRECTION('',(1.,0.,-0.));
#3082 = ORIENTED_EDGE('',*,*,#3083,.F.);
#3083 = EDGE_CURVE('',#2606,#3076,#3084,.T.);
#3084 = LINE('',#3085,#3086);
#3085 = CARTESIAN_POINT('',(4.917006604013,-32.48,-1.5));
#3086 = VECTOR('',#3087,1.);
#3087 = DIRECTION('',(-0.,1.,0.));
#3088 = ORIENTED_EDGE('',*,*,#3089,.T.);
#3089 = EDGE_CURVE('',#2606,#2361,#3090,.T.);
#3090 = LINE('',#3091,#3092);
#3091 = CARTESIAN_POINT('',(4.417,94.,-1.5));
#3092 = VECTOR('',#3093,1.);
#3093 = DIRECTION('',(1.,0.,-0.));
#3094 = ORIENTED_EDGE('',*,*,#2368,.T.);
#3095 = PLANE('',#3096);
#3096 = AXIS2_PLACEMENT_3D('',#3097,#3098,#3099);
#3097 = CARTESIAN_POINT('',(-98.762,-32.98,-1.5));
#3098 = DIRECTION('',(0.,0.,1.));
#3099 = DIRECTION('',(1.,0.,-0.));
#3100 = ADVANCED_FACE('',(#3101),#3119,.F.);
#3101 = FACE_BOUND('',#3102,.F.);
#3102 = EDGE_LOOP('',(#3103,#3104,#3112,#3118));
#3103 = ORIENTED_EDGE('',*,*,#3089,.F.);
#3104 = ORIENTED_EDGE('',*,*,#3105,.T.);
#3105 = EDGE_CURVE('',#2606,#3106,#3108,.T.);
#3106 = VERTEX_POINT('',#3107);
#3107 = CARTESIAN_POINT('',(4.917006604013,94.,0.5));
#3108 = LINE('',#3109,#3110);
#3109 = CARTESIAN_POINT('',(4.917006604013,94.,7.625017780036));
#3110 = VECTOR('',#3111,1.);
#3111 = DIRECTION('',(0.,-0.,1.));
#3112 = ORIENTED_EDGE('',*,*,#3113,.T.);
#3113 = EDGE_CURVE('',#3106,#2353,#3114,.T.);
#3114 = LINE('',#3115,#3116);
#3115 = CARTESIAN_POINT('',(4.417,94.,0.5));
#3116 = VECTOR('',#3117,1.);
#3117 = DIRECTION('',(1.,0.,-0.));
#3118 = ORIENTED_EDGE('',*,*,#2360,.F.);
#3119 = PLANE('',#3120);
#3120 = AXIS2_PLACEMENT_3D('',#3121,#3122,#3123);
#3121 = CARTESIAN_POINT('',(4.417,94.,-1.5));
#3122 = DIRECTION('',(-0.,1.,0.));
#3123 = DIRECTION('',(0.,0.,1.));
#3124 = ADVANCED_FACE('',(#3125),#3136,.F.);
#3125 = FACE_BOUND('',#3126,.F.);
#3126 = EDGE_LOOP('',(#3127,#3128,#3134,#3135));
#3127 = ORIENTED_EDGE('',*,*,#3113,.F.);
#3128 = ORIENTED_EDGE('',*,*,#3129,.T.);
#3129 = EDGE_CURVE('',#3106,#3046,#3130,.T.);
#3130 = LINE('',#3131,#3132);
#3131 = CARTESIAN_POINT('',(4.917006604013,1.66,0.5));
#3132 = VECTOR('',#3133,1.);
#3133 = DIRECTION('',(0.,-1.,0.));
#3134 = ORIENTED_EDGE('',*,*,#3053,.T.);
#3135 = ORIENTED_EDGE('',*,*,#2352,.F.);
#3136 = PLANE('',#3137);
#3137 = AXIS2_PLACEMENT_3D('',#3138,#3139,#3140);
#3138 = CARTESIAN_POINT('',(4.417,-29.,0.5));
#3139 = DIRECTION('',(0.,0.,1.));
#3140 = DIRECTION('',(1.,0.,-0.));
#3141 = ADVANCED_FACE('',(#3142),#3175,.T.);
#3142 = FACE_BOUND('',#3143,.T.);
#3143 = EDGE_LOOP('',(#3144,#3154,#3162,#3168,#3169));
#3144 = ORIENTED_EDGE('',*,*,#3145,.F.);
#3145 = EDGE_CURVE('',#3146,#3148,#3150,.T.);
#3146 = VERTEX_POINT('',#3147);
#3147 = CARTESIAN_POINT('',(4.917,88.5,7.));
#3148 = VERTEX_POINT('',#3149);
#3149 = CARTESIAN_POINT('',(4.917006604013,88.5,7.));
#3150 = LINE('',#3151,#3152);
#3151 = CARTESIAN_POINT('',(4.417,88.5,7.));
#3152 = VECTOR('',#3153,1.);
#3153 = DIRECTION('',(1.,0.,-0.));
#3154 = ORIENTED_EDGE('',*,*,#3155,.T.);
#3155 = EDGE_CURVE('',#3146,#3156,#3158,.T.);
#3156 = VERTEX_POINT('',#3157);
#3157 = CARTESIAN_POINT('',(4.917,47.,7.));
#3158 = LINE('',#3159,#3160);
#3159 = CARTESIAN_POINT('',(4.917,7.26,7.));
#3160 = VECTOR('',#3161,1.);
#3161 = DIRECTION('',(0.,-1.,0.));
#3162 = ORIENTED_EDGE('',*,*,#3163,.T.);
#3163 = EDGE_CURVE('',#3156,#2387,#3164,.T.);
#3164 = LINE('',#3165,#3166);
#3165 = CARTESIAN_POINT('',(4.417,47.,7.));
#3166 = VECTOR('',#3167,1.);
#3167 = DIRECTION('',(1.,0.,-0.));
#3168 = ORIENTED_EDGE('',*,*,#2384,.F.);
#3169 = ORIENTED_EDGE('',*,*,#3170,.F.);
#3170 = EDGE_CURVE('',#3148,#2385,#3171,.T.);
#3171 = LINE('',#3172,#3173);
#3172 = CARTESIAN_POINT('',(4.417,88.5,7.));
#3173 = VECTOR('',#3174,1.);
#3174 = DIRECTION('',(1.,0.,-0.));
#3175 = PLANE('',#3176);
#3176 = AXIS2_PLACEMENT_3D('',#3177,#3178,#3179);
#3177 = CARTESIAN_POINT('',(4.417,47.,7.));
#3178 = DIRECTION('',(0.,0.,1.));
#3179 = DIRECTION('',(1.,0.,-0.));
#3180 = ADVANCED_FACE('',(#3181),#3199,.F.);
#3181 = FACE_BOUND('',#3182,.F.);
#3182 = EDGE_LOOP('',(#3183,#3184,#3192,#3198));
#3183 = ORIENTED_EDGE('',*,*,#3170,.F.);
#3184 = ORIENTED_EDGE('',*,*,#3185,.T.);
#3185 = EDGE_CURVE('',#3148,#3186,#3188,.T.);
#3186 = VERTEX_POINT('',#3187);
#3187 = CARTESIAN_POINT('',(4.917006604013,88.5,24.));
#3188 = LINE('',#3189,#3190);
#3189 = CARTESIAN_POINT('',(4.917006604013,88.5,11.375017780036));
#3190 = VECTOR('',#3191,1.);
#3191 = DIRECTION('',(0.,-0.,1.));
#3192 = ORIENTED_EDGE('',*,*,#3193,.T.);
#3193 = EDGE_CURVE('',#3186,#2403,#3194,.T.);
#3194 = LINE('',#3195,#3196);
#3195 = CARTESIAN_POINT('',(4.417,88.5,24.));
#3196 = VECTOR('',#3197,1.);
#3197 = DIRECTION('',(1.,0.,-0.));
#3198 = ORIENTED_EDGE('',*,*,#2410,.F.);
#3199 = PLANE('',#3200);
#3200 = AXIS2_PLACEMENT_3D('',#3201,#3202,#3203);
#3201 = CARTESIAN_POINT('',(4.417,88.5,7.));
#3202 = DIRECTION('',(-0.,1.,0.));
#3203 = DIRECTION('',(0.,0.,1.));
#3204 = ADVANCED_FACE('',(#3205),#3223,.T.);
#3205 = FACE_BOUND('',#3206,.T.);
#3206 = EDGE_LOOP('',(#3207,#3208,#3216,#3222));
#3207 = ORIENTED_EDGE('',*,*,#3163,.F.);
#3208 = ORIENTED_EDGE('',*,*,#3209,.T.);
#3209 = EDGE_CURVE('',#3156,#3210,#3212,.T.);
#3210 = VERTEX_POINT('',#3211);
#3211 = CARTESIAN_POINT('',(4.917,47.,24.));
#3212 = LINE('',#3213,#3214);
#3213 = CARTESIAN_POINT('',(4.917,47.,2.75));
#3214 = VECTOR('',#3215,1.);
#3215 = DIRECTION('',(0.,0.,1.));
#3216 = ORIENTED_EDGE('',*,*,#3217,.T.);
#3217 = EDGE_CURVE('',#3210,#2395,#3218,.T.);
#3218 = LINE('',#3219,#3220);
#3219 = CARTESIAN_POINT('',(4.417,47.,24.));
#3220 = VECTOR('',#3221,1.);
#3221 = DIRECTION('',(1.,0.,-0.));
#3222 = ORIENTED_EDGE('',*,*,#2394,.F.);
#3223 = PLANE('',#3224);
#3224 = AXIS2_PLACEMENT_3D('',#3225,#3226,#3227);
#3225 = CARTESIAN_POINT('',(4.417,47.,7.));
#3226 = DIRECTION('',(-0.,1.,0.));
#3227 = DIRECTION('',(0.,0.,1.));
#3228 = ADVANCED_FACE('',(#3229),#3248,.F.);
#3229 = FACE_BOUND('',#3230,.F.);
#3230 = EDGE_LOOP('',(#3231,#3239,#3245,#3246,#3247));
#3231 = ORIENTED_EDGE('',*,*,#3232,.F.);
#3232 = EDGE_CURVE('',#3233,#3186,#3235,.T.);
#3233 = VERTEX_POINT('',#3234);
#3234 = CARTESIAN_POINT('',(4.917,88.5,24.));
#3235 = LINE('',#3236,#3237);
#3236 = CARTESIAN_POINT('',(4.417,88.5,24.));
#3237 = VECTOR('',#3238,1.);
#3238 = DIRECTION('',(1.,0.,-0.));
#3239 = ORIENTED_EDGE('',*,*,#3240,.T.);
#3240 = EDGE_CURVE('',#3233,#3210,#3241,.T.);
#3241 = LINE('',#3242,#3243);
#3242 = CARTESIAN_POINT('',(4.917,7.26,24.));
#3243 = VECTOR('',#3244,1.);
#3244 = DIRECTION('',(0.,-1.,0.));
#3245 = ORIENTED_EDGE('',*,*,#3217,.T.);
#3246 = ORIENTED_EDGE('',*,*,#2402,.F.);
#3247 = ORIENTED_EDGE('',*,*,#3193,.F.);
#3248 = PLANE('',#3249);
#3249 = AXIS2_PLACEMENT_3D('',#3250,#3251,#3252);
#3250 = CARTESIAN_POINT('',(4.417,47.,24.));
#3251 = DIRECTION('',(0.,0.,1.));
#3252 = DIRECTION('',(1.,0.,-0.));
#3253 = ADVANCED_FACE('',(#3254),#3279,.T.);
#3254 = FACE_BOUND('',#3255,.T.);
#3255 = EDGE_LOOP('',(#3256,#3264,#3272,#3278));
#3256 = ORIENTED_EDGE('',*,*,#3257,.F.);
#3257 = EDGE_CURVE('',#3258,#2419,#3260,.T.);
#3258 = VERTEX_POINT('',#3259);
#3259 = CARTESIAN_POINT('',(4.917006604013,6.5,1.));
#3260 = LINE('',#3261,#3262);
#3261 = CARTESIAN_POINT('',(4.417,6.5,1.));
#3262 = VECTOR('',#3263,1.);
#3263 = DIRECTION('',(1.,0.,-0.));
#3264 = ORIENTED_EDGE('',*,*,#3265,.T.);
#3265 = EDGE_CURVE('',#3258,#3266,#3268,.T.);
#3266 = VERTEX_POINT('',#3267);
#3267 = CARTESIAN_POINT('',(4.917006604013,4.,1.));
#3268 = LINE('',#3269,#3270);
#3269 = CARTESIAN_POINT('',(4.917006604013,18.16,1.));
#3270 = VECTOR('',#3271,1.);
#3271 = DIRECTION('',(0.,-1.,0.));
#3272 = ORIENTED_EDGE('',*,*,#3273,.T.);
#3273 = EDGE_CURVE('',#3266,#2421,#3274,.T.);
#3274 = LINE('',#3275,#3276);
#3275 = CARTESIAN_POINT('',(4.417,4.,1.));
#3276 = VECTOR('',#3277,1.);
#3277 = DIRECTION('',(1.,0.,-0.));
#3278 = ORIENTED_EDGE('',*,*,#2418,.F.);
#3279 = PLANE('',#3280);
#3280 = AXIS2_PLACEMENT_3D('',#3281,#3282,#3283);
#3281 = CARTESIAN_POINT('',(4.417,4.,1.));
#3282 = DIRECTION('',(0.,0.,1.));
#3283 = DIRECTION('',(1.,0.,-0.));
#3284 = ADVANCED_FACE('',(#3285),#3303,.F.);
#3285 = FACE_BOUND('',#3286,.F.);
#3286 = EDGE_LOOP('',(#3287,#3288,#3296,#3302));
#3287 = ORIENTED_EDGE('',*,*,#3257,.F.);
#3288 = ORIENTED_EDGE('',*,*,#3289,.T.);
#3289 = EDGE_CURVE('',#3258,#3290,#3292,.T.);
#3290 = VERTEX_POINT('',#3291);
#3291 = CARTESIAN_POINT('',(4.917006604013,6.5,4.));
#3292 = LINE('',#3293,#3294);
#3293 = CARTESIAN_POINT('',(4.917006604013,6.5,8.875017780036));
#3294 = VECTOR('',#3295,1.);
#3295 = DIRECTION('',(0.,-0.,1.));
#3296 = ORIENTED_EDGE('',*,*,#3297,.T.);
#3297 = EDGE_CURVE('',#3290,#2437,#3298,.T.);
#3298 = LINE('',#3299,#3300);
#3299 = CARTESIAN_POINT('',(4.417,6.5,4.));
#3300 = VECTOR('',#3301,1.);
#3301 = DIRECTION('',(1.,0.,-0.));
#3302 = ORIENTED_EDGE('',*,*,#2444,.F.);
#3303 = PLANE('',#3304);
#3304 = AXIS2_PLACEMENT_3D('',#3305,#3306,#3307);
#3305 = CARTESIAN_POINT('',(4.417,6.5,1.));
#3306 = DIRECTION('',(-0.,1.,0.));
#3307 = DIRECTION('',(0.,0.,1.));
#3308 = ADVANCED_FACE('',(#3309),#3327,.T.);
#3309 = FACE_BOUND('',#3310,.T.);
#3310 = EDGE_LOOP('',(#3311,#3312,#3320,#3326));
#3311 = ORIENTED_EDGE('',*,*,#3273,.F.);
#3312 = ORIENTED_EDGE('',*,*,#3313,.T.);
#3313 = EDGE_CURVE('',#3266,#3314,#3316,.T.);
#3314 = VERTEX_POINT('',#3315);
#3315 = CARTESIAN_POINT('',(4.917006604013,4.,4.));
#3316 = LINE('',#3317,#3318);
#3317 = CARTESIAN_POINT('',(4.917006604013,4.,8.875017780036));
#3318 = VECTOR('',#3319,1.);
#3319 = DIRECTION('',(0.,-0.,1.));
#3320 = ORIENTED_EDGE('',*,*,#3321,.T.);
#3321 = EDGE_CURVE('',#3314,#2429,#3322,.T.);
#3322 = LINE('',#3323,#3324);
#3323 = CARTESIAN_POINT('',(4.417,4.,4.));
#3324 = VECTOR('',#3325,1.);
#3325 = DIRECTION('',(1.,0.,-0.));
#3326 = ORIENTED_EDGE('',*,*,#2428,.F.);
#3327 = PLANE('',#3328);
#3328 = AXIS2_PLACEMENT_3D('',#3329,#3330,#3331);
#3329 = CARTESIAN_POINT('',(4.417,4.,1.));
#3330 = DIRECTION('',(-0.,1.,0.));
#3331 = DIRECTION('',(0.,0.,1.));
#3332 = ADVANCED_FACE('',(#3333),#3344,.F.);
#3333 = FACE_BOUND('',#3334,.F.);
#3334 = EDGE_LOOP('',(#3335,#3336,#3342,#3343));
#3335 = ORIENTED_EDGE('',*,*,#3297,.F.);
#3336 = ORIENTED_EDGE('',*,*,#3337,.T.);
#3337 = EDGE_CURVE('',#3290,#3314,#3338,.T.);
#3338 = LINE('',#3339,#3340);
#3339 = CARTESIAN_POINT('',(4.917006604013,18.16,4.));
#3340 = VECTOR('',#3341,1.);
#3341 = DIRECTION('',(0.,-1.,0.));
#3342 = ORIENTED_EDGE('',*,*,#3321,.T.);
#3343 = ORIENTED_EDGE('',*,*,#2436,.F.);
#3344 = PLANE('',#3345);
#3345 = AXIS2_PLACEMENT_3D('',#3346,#3347,#3348);
#3346 = CARTESIAN_POINT('',(4.417,4.,4.));
#3347 = DIRECTION('',(0.,0.,1.));
#3348 = DIRECTION('',(1.,0.,-0.));
#3349 = ADVANCED_FACE('',(#3350),#3375,.F.);
#3350 = FACE_BOUND('',#3351,.F.);
#3351 = EDGE_LOOP('',(#3352,#3353,#3361,#3369));
#3352 = ORIENTED_EDGE('',*,*,#2476,.F.);
#3353 = ORIENTED_EDGE('',*,*,#3354,.T.);
#3354 = EDGE_CURVE('',#2477,#3355,#3357,.T.);
#3355 = VERTEX_POINT('',#3356);
#3356 = CARTESIAN_POINT('',(-98.662,-32.88,35.));
#3357 = LINE('',#3358,#3359);
#3358 = CARTESIAN_POINT('',(-98.662,-32.88,31.));
#3359 = VECTOR('',#3360,1.);
#3360 = DIRECTION('',(0.,0.,1.));
#3361 = ORIENTED_EDGE('',*,*,#3362,.T.);
#3362 = EDGE_CURVE('',#3355,#3363,#3365,.T.);
#3363 = VERTEX_POINT('',#3364);
#3364 = CARTESIAN_POINT('',(5.317,-32.88,35.));
#3365 = LINE('',#3366,#3367);
#3366 = CARTESIAN_POINT('',(-98.662,-32.88,35.));
#3367 = VECTOR('',#3368,1.);
#3368 = DIRECTION('',(1.,0.,-0.));
#3369 = ORIENTED_EDGE('',*,*,#3370,.F.);
#3370 = EDGE_CURVE('',#2479,#3363,#3371,.T.);
#3371 = LINE('',#3372,#3373);
#3372 = CARTESIAN_POINT('',(5.317,-32.88,31.));
#3373 = VECTOR('',#3374,1.);
#3374 = DIRECTION('',(0.,0.,1.));
#3375 = PLANE('',#3376);
#3376 = AXIS2_PLACEMENT_3D('',#3377,#3378,#3379);
#3377 = CARTESIAN_POINT('',(-98.662,-32.88,31.));
#3378 = DIRECTION('',(-0.,1.,0.));
#3379 = DIRECTION('',(0.,0.,1.));
#3380 = ADVANCED_FACE('',(#3381),#3399,.T.);
#3381 = FACE_BOUND('',#3382,.T.);
#3382 = EDGE_LOOP('',(#3383,#3384,#3385,#3393));
#3383 = ORIENTED_EDGE('',*,*,#3370,.F.);
#3384 = ORIENTED_EDGE('',*,*,#2502,.T.);
#3385 = ORIENTED_EDGE('',*,*,#3386,.T.);
#3386 = EDGE_CURVE('',#2495,#3387,#3389,.T.);
#3387 = VERTEX_POINT('',#3388);
#3388 = CARTESIAN_POINT('',(5.317,97.52,35.));
#3389 = LINE('',#3390,#3391);
#3390 = CARTESIAN_POINT('',(5.317,97.52,31.));
#3391 = VECTOR('',#3392,1.);
#3392 = DIRECTION('',(0.,0.,1.));
#3393 = ORIENTED_EDGE('',*,*,#3394,.F.);
#3394 = EDGE_CURVE('',#3363,#3387,#3395,.T.);
#3395 = LINE('',#3396,#3397);
#3396 = CARTESIAN_POINT('',(5.317,-32.88,35.));
#3397 = VECTOR('',#3398,1.);
#3398 = DIRECTION('',(-0.,1.,0.));
#3399 = PLANE('',#3400);
#3400 = AXIS2_PLACEMENT_3D('',#3401,#3402,#3403);
#3401 = CARTESIAN_POINT('',(5.317,-32.88,31.));
#3402 = DIRECTION('',(1.,0.,-0.));
#3403 = DIRECTION('',(0.,0.,1.));
#3404 = ADVANCED_FACE('',(#3405),#3423,.T.);
#3405 = FACE_BOUND('',#3406,.T.);
#3406 = EDGE_LOOP('',(#3407,#3408,#3416,#3422));
#3407 = ORIENTED_EDGE('',*,*,#2494,.F.);
#3408 = ORIENTED_EDGE('',*,*,#3409,.T.);
#3409 = EDGE_CURVE('',#2487,#3410,#3412,.T.);
#3410 = VERTEX_POINT('',#3411);
#3411 = CARTESIAN_POINT('',(-98.662,97.52,35.));
#3412 = LINE('',#3413,#3414);
#3413 = CARTESIAN_POINT('',(-98.662,97.52,31.));
#3414 = VECTOR('',#3415,1.);
#3415 = DIRECTION('',(0.,0.,1.));
#3416 = ORIENTED_EDGE('',*,*,#3417,.T.);
#3417 = EDGE_CURVE('',#3410,#3387,#3418,.T.);
#3418 = LINE('',#3419,#3420);
#3419 = CARTESIAN_POINT('',(-98.662,97.52,35.));
#3420 = VECTOR('',#3421,1.);
#3421 = DIRECTION('',(1.,0.,-0.));
#3422 = ORIENTED_EDGE('',*,*,#3386,.F.);
#3423 = PLANE('',#3424);
#3424 = AXIS2_PLACEMENT_3D('',#3425,#3426,#3427);
#3425 = CARTESIAN_POINT('',(-98.662,97.52,31.));
#3426 = DIRECTION('',(-0.,1.,0.));
#3427 = DIRECTION('',(0.,0.,1.));
#3428 = ADVANCED_FACE('',(#3429),#3440,.F.);
#3429 = FACE_BOUND('',#3430,.F.);
#3430 = EDGE_LOOP('',(#3431,#3432,#3433,#3434));
#3431 = ORIENTED_EDGE('',*,*,#3354,.F.);
#3432 = ORIENTED_EDGE('',*,*,#2486,.T.);
#3433 = ORIENTED_EDGE('',*,*,#3409,.T.);
#3434 = ORIENTED_EDGE('',*,*,#3435,.F.);
#3435 = EDGE_CURVE('',#3355,#3410,#3436,.T.);
#3436 = LINE('',#3437,#3438);
#3437 = CARTESIAN_POINT('',(-98.662,-32.88,35.));
#3438 = VECTOR('',#3439,1.);
#3439 = DIRECTION('',(-0.,1.,0.));
#3440 = PLANE('',#3441);
#3441 = AXIS2_PLACEMENT_3D('',#3442,#3443,#3444);
#3442 = CARTESIAN_POINT('',(-98.662,-32.88,31.));
#3443 = DIRECTION('',(1.,0.,-0.));
#3444 = DIRECTION('',(0.,0.,1.));
#3445 = ADVANCED_FACE('',(#3446,#3470),#3484,.T.);
#3446 = FACE_BOUND('',#3447,.T.);
#3447 = EDGE_LOOP('',(#3448,#3449,#3450,#3451,#3458,#3465));
#3448 = ORIENTED_EDGE('',*,*,#2661,.F.);
#3449 = ORIENTED_EDGE('',*,*,#2860,.T.);
#3450 = ORIENTED_EDGE('',*,*,#2852,.F.);
#3451 = ORIENTED_EDGE('',*,*,#3452,.T.);
#3452 = EDGE_CURVE('',#808,#3453,#3455,.T.);
#3453 = VERTEX_POINT('',#3454);
#3454 = CARTESIAN_POINT('',(-95.12985521971,105.58235712471,-1.5));
#3455 = B_SPLINE_CURVE_WITH_KNOTS('',1,(#3456,#3457),.UNSPECIFIED.,.F.,
  .F.,(2,2),(1.80515,335.),.PIECEWISE_BEZIER_KNOTS.);
#3456 = CARTESIAN_POINT('',(-95.12985521971,97.119191008382,-1.5));
#3457 = CARTESIAN_POINT('',(-95.12985521971,105.58235712471,-1.5));
#3458 = ORIENTED_EDGE('',*,*,#3459,.T.);
#3459 = EDGE_CURVE('',#3453,#3460,#3462,.T.);
#3460 = VERTEX_POINT('',#3461);
#3461 = CARTESIAN_POINT('',(-85.60483616967,105.58235712471,-1.5));
#3462 = B_SPLINE_CURVE_WITH_KNOTS('',1,(#3463,#3464),.UNSPECIFIED.,.F.,
  .F.,(2,2),(0.,375.),.PIECEWISE_BEZIER_KNOTS.);
#3463 = CARTESIAN_POINT('',(-95.12985521971,105.58235712471,-1.5));
#3464 = CARTESIAN_POINT('',(-85.60483616967,105.58235712471,-1.5));
#3465 = ORIENTED_EDGE('',*,*,#3466,.T.);
#3466 = EDGE_CURVE('',#3460,#2654,#3467,.T.);
#3467 = B_SPLINE_CURVE_WITH_KNOTS('',1,(#3468,#3469),.UNSPECIFIED.,.F.,
  .F.,(2,2),(0.,333.19485),.PIECEWISE_BEZIER_KNOTS.);
#3468 = CARTESIAN_POINT('',(-85.60483616967,105.58235712471,-1.5));
#3469 = CARTESIAN_POINT('',(-85.60483616967,97.119191008382,-1.5));
#3470 = FACE_BOUND('',#3471,.T.);
#3471 = EDGE_LOOP('',(#3472));
#3472 = ORIENTED_EDGE('',*,*,#3473,.T.);
#3473 = EDGE_CURVE('',#3474,#3474,#3476,.T.);
#3474 = VERTEX_POINT('',#3475);
#3475 = CARTESIAN_POINT('',(-87.84034036068,101.32784861569,-1.5));
#3476 = ( BOUNDED_CURVE() B_SPLINE_CURVE(2,(#3477,#3478,#3479,#3480,
#3481,#3482,#3483),.UNSPECIFIED.,.T.,.F.) B_SPLINE_CURVE_WITH_KNOTS((1,2
    ,2,2,2,1),(-2.094395102394,0.,2.094395102393,4.188790204786,
6.28318530718,8.377580409573),.UNSPECIFIED.) CURVE() 
GEOMETRIC_REPRESENTATION_ITEM() RATIONAL_B_SPLINE_CURVE((1.,0.5,1.,0.5,
1.,0.5,1.)) REPRESENTATION_ITEM('') );
#3477 = CARTESIAN_POINT('',(-87.84034036068,101.32784861569,-1.5));
#3478 = CARTESIAN_POINT('',(-87.84034036068,105.48477935269,-1.5));
#3479 = CARTESIAN_POINT('',(-91.44034798069,103.40631398419,-1.5));
#3480 = CARTESIAN_POINT('',(-95.04035560071,101.32784861569,-1.5));
#3481 = CARTESIAN_POINT('',(-91.44034798069,99.249383247197,-1.5));
#3482 = CARTESIAN_POINT('',(-87.84034036068,97.170917878696,-1.5));
#3483 = CARTESIAN_POINT('',(-87.84034036068,101.32784861569,-1.5));
#3484 = B_SPLINE_SURFACE_WITH_KNOTS('',1,1,(
    (#3485,#3486)
    ,(#3487,#3488
    )),.UNSPECIFIED.,.F.,.F.,.F.,(2,2),(2,2),(-1.97202755E+03,
    1.97202755E+03),(-2.825E+03,2.8252224E+03),
  .PIECEWISE_BEZIER_KNOTS.);
#3485 = CARTESIAN_POINT('',(3.417006604013,-37.93357886715,-1.5));
#3486 = CARTESIAN_POINT('',(3.417006604013,105.58235712471,-1.5));
#3487 = CARTESIAN_POINT('',(-96.76219329438,-37.93357886715,-1.5));
#3488 = CARTESIAN_POINT('',(-96.76219329438,105.58235712471,-1.5));
#3489 = ADVANCED_FACE('',(#3490),#3527,.T.);
#3490 = FACE_BOUND('',#3491,.T.);
#3491 = EDGE_LOOP('',(#3492,#3501,#3509,#3516,#3521,#3522));
#3492 = ORIENTED_EDGE('',*,*,#3493,.F.);
#3493 = EDGE_CURVE('',#3494,#3496,#3498,.T.);
#3494 = VERTEX_POINT('',#3495);
#3495 = CARTESIAN_POINT('',(-85.60483616967,97.12,0.5));
#3496 = VERTEX_POINT('',#3497);
#3497 = CARTESIAN_POINT('',(-85.60483616967,97.12,0.));
#3498 = B_SPLINE_CURVE_WITH_KNOTS('',1,(#3499,#3500),.UNSPECIFIED.,.F.,
  .F.,(2,2),(0.,1.),.PIECEWISE_BEZIER_KNOTS.);
#3499 = CARTESIAN_POINT('',(-85.60483616967,97.12,3.));
#3500 = CARTESIAN_POINT('',(-85.60483616967,97.12,0.));
#3501 = ORIENTED_EDGE('',*,*,#3502,.T.);
#3502 = EDGE_CURVE('',#3494,#3503,#3505,.T.);
#3503 = VERTEX_POINT('',#3504);
#3504 = CARTESIAN_POINT('',(-8.572517145034,97.12,0.5));
#3505 = LINE('',#3506,#3507);
#3506 = CARTESIAN_POINT('',(-96.631,97.12,0.5));
#3507 = VECTOR('',#3508,1.);
#3508 = DIRECTION('',(1.,0.,-0.));
#3509 = ORIENTED_EDGE('',*,*,#3510,.T.);
#3510 = EDGE_CURVE('',#3503,#3511,#3513,.T.);
#3511 = VERTEX_POINT('',#3512);
#3512 = CARTESIAN_POINT('',(-8.572517145034,97.12,0.));
#3513 = B_SPLINE_CURVE_WITH_KNOTS('',1,(#3514,#3515),.UNSPECIFIED.,.F.,
  .F.,(2,2),(0.,1.),.PIECEWISE_BEZIER_KNOTS.);
#3514 = CARTESIAN_POINT('',(-8.572517145034,97.12,3.));
#3515 = CARTESIAN_POINT('',(-8.572517145034,97.12,0.));
#3516 = ORIENTED_EDGE('',*,*,#3517,.T.);
#3517 = EDGE_CURVE('',#3511,#2646,#3518,.T.);
#3518 = B_SPLINE_CURVE_WITH_KNOTS('',1,(#3519,#3520),.UNSPECIFIED.,.F.,
  .F.,(2,2),(0.,1.),.PIECEWISE_BEZIER_KNOTS.);
#3519 = CARTESIAN_POINT('',(-8.572517145034,97.12,1.5));
#3520 = CARTESIAN_POINT('',(-8.572517145034,97.12,-1.5));
#3521 = ORIENTED_EDGE('',*,*,#2653,.F.);
#3522 = ORIENTED_EDGE('',*,*,#3523,.F.);
#3523 = EDGE_CURVE('',#3496,#2654,#3524,.T.);
#3524 = B_SPLINE_CURVE_WITH_KNOTS('',1,(#3525,#3526),.UNSPECIFIED.,.F.,
  .F.,(2,2),(0.,1.),.PIECEWISE_BEZIER_KNOTS.);
#3525 = CARTESIAN_POINT('',(-85.60483616967,97.12,1.5));
#3526 = CARTESIAN_POINT('',(-85.60483616967,97.12,-1.5));
#3527 = PLANE('',#3528);
#3528 = AXIS2_PLACEMENT_3D('',#3529,#3530,#3531);
#3529 = CARTESIAN_POINT('',(-47.51138015623,97.12,23.198325890029));
#3530 = DIRECTION('',(0.,1.,0.));
#3531 = DIRECTION('',(0.,-0.,1.));
#3532 = ADVANCED_FACE('',(#3533,#3569),#3583,.T.);
#3533 = FACE_BOUND('',#3534,.T.);
#3534 = EDGE_LOOP('',(#3535,#3536,#3543,#3550,#3555,#3563));
#3535 = ORIENTED_EDGE('',*,*,#2645,.F.);
#3536 = ORIENTED_EDGE('',*,*,#3537,.T.);
#3537 = EDGE_CURVE('',#2646,#3538,#3540,.T.);
#3538 = VERTEX_POINT('',#3539);
#3539 = CARTESIAN_POINT('',(-8.572517145034,105.44970789941,-1.5));
#3540 = B_SPLINE_CURVE_WITH_KNOTS('',1,(#3541,#3542),.UNSPECIFIED.,.F.,
  .F.,(2,2),(7.02755,335.),.PIECEWISE_BEZIER_KNOTS.);
#3541 = CARTESIAN_POINT('',(-8.572517145034,97.119191008382,-1.5));
#3542 = CARTESIAN_POINT('',(-8.572517145034,105.44970789941,-1.5));
#3543 = ORIENTED_EDGE('',*,*,#3544,.T.);
#3544 = EDGE_CURVE('',#3538,#3545,#3547,.T.);
#3545 = VERTEX_POINT('',#3546);
#3546 = CARTESIAN_POINT('',(0.952501905004,105.44970789941,-1.5));
#3547 = B_SPLINE_CURVE_WITH_KNOTS('',1,(#3548,#3549),.UNSPECIFIED.,.F.,
  .F.,(2,2),(0.,375.),.PIECEWISE_BEZIER_KNOTS.);
#3548 = CARTESIAN_POINT('',(-8.572517145034,105.44970789941,-1.5));
#3549 = CARTESIAN_POINT('',(0.952501905004,105.44970789941,-1.5));
#3550 = ORIENTED_EDGE('',*,*,#3551,.T.);
#3551 = EDGE_CURVE('',#3545,#2689,#3552,.T.);
#3552 = B_SPLINE_CURVE_WITH_KNOTS('',1,(#3553,#3554),.UNSPECIFIED.,.F.,
  .F.,(2,2),(0.,327.97245),.PIECEWISE_BEZIER_KNOTS.);
#3553 = CARTESIAN_POINT('',(0.952501905004,105.44970789941,-1.5));
#3554 = CARTESIAN_POINT('',(0.952501905004,97.119191008382,-1.5));
#3555 = ORIENTED_EDGE('',*,*,#3556,.F.);
#3556 = EDGE_CURVE('',#3557,#2689,#3559,.T.);
#3557 = VERTEX_POINT('',#3558);
#3558 = CARTESIAN_POINT('',(-6.,97.62,-1.5));
#3559 = LINE('',#3560,#3561);
#3560 = CARTESIAN_POINT('',(-98.762,97.62,-1.5));
#3561 = VECTOR('',#3562,1.);
#3562 = DIRECTION('',(1.,0.,-0.));
#3563 = ORIENTED_EDGE('',*,*,#3564,.F.);
#3564 = EDGE_CURVE('',#2638,#3557,#3565,.T.);
#3565 = LINE('',#3566,#3567);
#3566 = CARTESIAN_POINT('',(-6.,96.62,-1.5));
#3567 = VECTOR('',#3568,1.);
#3568 = DIRECTION('',(-0.,1.,0.));
#3569 = FACE_BOUND('',#3570,.T.);
#3570 = EDGE_LOOP('',(#3571));
#3571 = ORIENTED_EDGE('',*,*,#3572,.T.);
#3572 = EDGE_CURVE('',#3573,#3573,#3575,.T.);
#3573 = VERTEX_POINT('',#3574);
#3574 = CARTESIAN_POINT('',(-1.283002286005,101.19519939039,-1.5));
#3575 = ( BOUNDED_CURVE() B_SPLINE_CURVE(2,(#3576,#3577,#3578,#3579,
#3580,#3581,#3582),.UNSPECIFIED.,.T.,.F.) B_SPLINE_CURVE_WITH_KNOTS((1,2
    ,2,2,2,1),(-2.094395102394,0.,2.094395102393,4.188790204786,
6.28318530718,8.377580409573),.UNSPECIFIED.) CURVE() 
GEOMETRIC_REPRESENTATION_ITEM() RATIONAL_B_SPLINE_CURVE((1.,0.5,1.,0.5,
1.,0.5,1.)) REPRESENTATION_ITEM('') );
#3576 = CARTESIAN_POINT('',(-1.283002286005,101.19519939039,-1.5));
#3577 = CARTESIAN_POINT('',(-1.283002286005,105.3521301274,-1.5));
#3578 = CARTESIAN_POINT('',(-4.88300990602,103.27366475889,-1.5));
#3579 = CARTESIAN_POINT('',(-8.483017526035,101.19519939039,-1.5));
#3580 = CARTESIAN_POINT('',(-4.88300990602,99.116734021898,-1.5));
#3581 = CARTESIAN_POINT('',(-1.283002286005,97.038268653398,-1.5));
#3582 = CARTESIAN_POINT('',(-1.283002286005,101.19519939039,-1.5));
#3583 = B_SPLINE_SURFACE_WITH_KNOTS('',1,1,(
    (#3584,#3585)
    ,(#3586,#3587
    )),.UNSPECIFIED.,.F.,.F.,.F.,(2,2),(2,2),(-1.97202755E+03,
    1.97202755E+03),(-2.825E+03,2.8252224E+03),
  .PIECEWISE_BEZIER_KNOTS.);
#3584 = CARTESIAN_POINT('',(3.417006604013,-37.93357886715,-1.5));
#3585 = CARTESIAN_POINT('',(3.417006604013,105.58235712471,-1.5));
#3586 = CARTESIAN_POINT('',(-96.76219329438,-37.93357886715,-1.5));
#3587 = CARTESIAN_POINT('',(-96.76219329438,105.58235712471,-1.5));
#3588 = ADVANCED_FACE('',(#3589),#3595,.T.);
#3589 = FACE_BOUND('',#3590,.T.);
#3590 = EDGE_LOOP('',(#3591,#3592,#3593,#3594));
#3591 = ORIENTED_EDGE('',*,*,#2637,.F.);
#3592 = ORIENTED_EDGE('',*,*,#3564,.T.);
#3593 = ORIENTED_EDGE('',*,*,#3556,.T.);
#3594 = ORIENTED_EDGE('',*,*,#3069,.T.);
#3595 = B_SPLINE_SURFACE_WITH_KNOTS('',1,1,(
    (#3596,#3597)
    ,(#3598,#3599
    )),.UNSPECIFIED.,.F.,.F.,.F.,(2,2),(2,2),(-1.97202755E+03,
    1.97202755E+03),(-2.825E+03,2.8252224E+03),
  .PIECEWISE_BEZIER_KNOTS.);
#3596 = CARTESIAN_POINT('',(3.417006604013,-37.93357886715,-1.5));
#3597 = CARTESIAN_POINT('',(3.417006604013,105.58235712471,-1.5));
#3598 = CARTESIAN_POINT('',(-96.76219329438,-37.93357886715,-1.5));
#3599 = CARTESIAN_POINT('',(-96.76219329438,105.58235712471,-1.5));
#3600 = ADVANCED_FACE('',(#3601),#3607,.F.);
#3601 = FACE_BOUND('',#3602,.F.);
#3602 = EDGE_LOOP('',(#3603,#3604,#3605,#3606));
#3603 = ORIENTED_EDGE('',*,*,#3075,.F.);
#3604 = ORIENTED_EDGE('',*,*,#2621,.F.);
#3605 = ORIENTED_EDGE('',*,*,#2613,.T.);
#3606 = ORIENTED_EDGE('',*,*,#3083,.T.);
#3607 = PLANE('',#3608);
#3608 = AXIS2_PLACEMENT_3D('',#3609,#3610,#3611);
#3609 = CARTESIAN_POINT('',(-98.26219329438,-32.48,-1.5));
#3610 = DIRECTION('',(0.,0.,1.));
#3611 = DIRECTION('',(1.,0.,-0.));
#3612 = ADVANCED_FACE('',(#3613),#3619,.T.);
#3613 = FACE_BOUND('',#3614,.T.);
#3614 = EDGE_LOOP('',(#3615,#3616,#3617,#3618));
#3615 = ORIENTED_EDGE('',*,*,#3045,.F.);
#3616 = ORIENTED_EDGE('',*,*,#2605,.T.);
#3617 = ORIENTED_EDGE('',*,*,#3105,.T.);
#3618 = ORIENTED_EDGE('',*,*,#3129,.T.);
#3619 = PLANE('',#3620);
#3620 = AXIS2_PLACEMENT_3D('',#3621,#3622,#3623);
#3621 = CARTESIAN_POINT('',(4.917006604013,32.32,16.750035560071));
#3622 = DIRECTION('',(1.,0.,0.));
#3623 = DIRECTION('',(-0.,0.,1.));
#3624 = ADVANCED_FACE('',(#3625),#3648,.T.);
#3625 = FACE_BOUND('',#3626,.T.);
#3626 = EDGE_LOOP('',(#3627,#3628,#3629,#3636,#3643));
#3627 = ORIENTED_EDGE('',*,*,#3452,.F.);
#3628 = ORIENTED_EDGE('',*,*,#2769,.F.);
#3629 = ORIENTED_EDGE('',*,*,#3630,.T.);
#3630 = EDGE_CURVE('',#2763,#3631,#3633,.T.);
#3631 = VERTEX_POINT('',#3632);
#3632 = CARTESIAN_POINT('',(-95.12985521971,104.08235712471,
    1.50000508001));
#3633 = B_SPLINE_CURVE_WITH_KNOTS('',1,(#3634,#3635),.UNSPECIFIED.,.F.,
  .F.,(2,2),(1.80515,335.),.PIECEWISE_BEZIER_KNOTS.);
#3634 = CARTESIAN_POINT('',(-95.12985521971,95.619191008382,
    1.50000508001));
#3635 = CARTESIAN_POINT('',(-95.12985521971,104.08235712471,
    1.50000508001));
#3636 = ORIENTED_EDGE('',*,*,#3637,.F.);
#3637 = EDGE_CURVE('',#3638,#3631,#3640,.T.);
#3638 = VERTEX_POINT('',#3639);
#3639 = CARTESIAN_POINT('',(-95.12985521971,105.58235712471,1.5));
#3640 = B_SPLINE_CURVE_WITH_KNOTS('',1,(#3641,#3642),.UNSPECIFIED.,.F.,
  .F.,(2,2),(0.,1.),.PIECEWISE_BEZIER_KNOTS.);
#3641 = CARTESIAN_POINT('',(-95.12985521971,105.58235712471,1.5));
#3642 = CARTESIAN_POINT('',(-95.12985521971,97.12,1.5));
#3643 = ORIENTED_EDGE('',*,*,#3644,.F.);
#3644 = EDGE_CURVE('',#3453,#3638,#3645,.T.);
#3645 = B_SPLINE_CURVE_WITH_KNOTS('',1,(#3646,#3647),.UNSPECIFIED.,.F.,
  .F.,(2,2),(0.,118.1102),.PIECEWISE_BEZIER_KNOTS.);
#3646 = CARTESIAN_POINT('',(-95.12985521971,105.58235712471,-1.5));
#3647 = CARTESIAN_POINT('',(-95.12985521971,105.58235712471,
    1.50000508001));
#3648 = B_SPLINE_SURFACE_WITH_KNOTS('',1,1,(
    (#3649,#3650)
    ,(#3651,#3652
  )),.UNSPECIFIED.,.F.,.F.,.F.,(2,2),(2,2),(1.80515,335.),(-118.1102,0.)
  ,.PIECEWISE_BEZIER_KNOTS.);
#3649 = CARTESIAN_POINT('',(-95.12985521971,97.119191008382,
    1.50000508001));
#3650 = CARTESIAN_POINT('',(-95.12985521971,97.119191008382,-1.5));
#3651 = CARTESIAN_POINT('',(-95.12985521971,105.58235712471,
    1.50000508001));
#3652 = CARTESIAN_POINT('',(-95.12985521971,105.58235712471,-1.5));
#3653 = ADVANCED_FACE('',(#3654),#3983,.F.);
#3654 = FACE_BOUND('',#3655,.F.);
#3655 = EDGE_LOOP('',(#3656,#3663,#3668,#3669,#3681,#3693,#3832,#3971,
    #3981,#3982));
#3656 = ORIENTED_EDGE('',*,*,#3657,.T.);
#3657 = EDGE_CURVE('',#3631,#3658,#3660,.T.);
#3658 = VERTEX_POINT('',#3659);
#3659 = CARTESIAN_POINT('',(-85.60483616967,104.08235712471,
    1.50000508001));
#3660 = B_SPLINE_CURVE_WITH_KNOTS('',1,(#3661,#3662),.UNSPECIFIED.,.F.,
  .F.,(2,2),(0.,375.),.PIECEWISE_BEZIER_KNOTS.);
#3661 = CARTESIAN_POINT('',(-95.12985521971,104.08235712471,
    1.50000508001));
#3662 = CARTESIAN_POINT('',(-85.60483616967,104.08235712471,
    1.50000508001));
#3663 = ORIENTED_EDGE('',*,*,#3664,.T.);
#3664 = EDGE_CURVE('',#3658,#2741,#3665,.T.);
#3665 = B_SPLINE_CURVE_WITH_KNOTS('',1,(#3666,#3667),.UNSPECIFIED.,.F.,
  .F.,(2,2),(0.,333.19485),.PIECEWISE_BEZIER_KNOTS.);
#3666 = CARTESIAN_POINT('',(-85.60483616967,104.08235712471,
    1.50000508001));
#3667 = CARTESIAN_POINT('',(-85.60483616967,95.619191008382,
    1.50000508001));
#3668 = ORIENTED_EDGE('',*,*,#2747,.F.);
#3669 = ORIENTED_EDGE('',*,*,#3670,.T.);
#3670 = EDGE_CURVE('',#2748,#3671,#3673,.T.);
#3671 = VERTEX_POINT('',#3672);
#3672 = CARTESIAN_POINT('',(-87.84034036068,99.827848615697,
    1.50000508001));
#3673 = ( BOUNDED_CURVE() B_SPLINE_CURVE(2,(#3674,#3675,#3676,#3677,
#3678,#3679,#3680),.UNSPECIFIED.,.T.,.F.) B_SPLINE_CURVE_WITH_KNOTS((1,2
    ,2,2,2,1),(-2.094395102394,0.,2.094395102393,4.188790204786,
6.28318530718,8.377580409573),.UNSPECIFIED.) CURVE() 
GEOMETRIC_REPRESENTATION_ITEM() RATIONAL_B_SPLINE_CURVE((1.,0.5,1.,0.5,
1.,0.5,1.)) REPRESENTATION_ITEM('') );
#3674 = CARTESIAN_POINT('',(-87.84034036068,99.827848615697,
    1.50000508001));
#3675 = CARTESIAN_POINT('',(-87.84034036068,103.98477935269,
    1.50000508001));
#3676 = CARTESIAN_POINT('',(-91.44034798069,101.90631398419,
    1.50000508001));
#3677 = CARTESIAN_POINT('',(-95.04035560071,99.827848615697,
    1.50000508001));
#3678 = CARTESIAN_POINT('',(-91.44034798069,97.749383247197,
    1.50000508001));
#3679 = CARTESIAN_POINT('',(-87.84034036068,95.670917878696,
    1.50000508001));
#3680 = CARTESIAN_POINT('',(-87.84034036068,99.827848615697,
    1.50000508001));
#3681 = ORIENTED_EDGE('',*,*,#3682,.T.);
#3682 = EDGE_CURVE('',#3671,#3683,#3685,.T.);
#3683 = VERTEX_POINT('',#3684);
#3684 = CARTESIAN_POINT('',(-87.96053745174,100.57784856078,
    1.500002539676));
#3685 = ( BOUNDED_CURVE() B_SPLINE_CURVE(2,(#3686,#3687,#3688,#3689,
#3690,#3691,#3692),.UNSPECIFIED.,.T.,.F.) B_SPLINE_CURVE_WITH_KNOTS((1,2
    ,2,2,2,1),(-2.094395102394,0.,2.094395102393,4.188790204786,
6.28318530718,8.377580409573),.UNSPECIFIED.) CURVE() 
GEOMETRIC_REPRESENTATION_ITEM() RATIONAL_B_SPLINE_CURVE((1.,0.5,1.,0.5,
1.,0.5,1.)) REPRESENTATION_ITEM('') );
#3686 = CARTESIAN_POINT('',(-87.84034036068,99.827848615697,
    1.50000508001));
#3687 = CARTESIAN_POINT('',(-87.84034036068,103.98477935269,
    1.50000508001));
#3688 = CARTESIAN_POINT('',(-91.44034798069,101.90631398419,
    1.50000508001));
#3689 = CARTESIAN_POINT('',(-95.04035560071,99.827848615697,
    1.50000508001));
#3690 = CARTESIAN_POINT('',(-91.44034798069,97.749383247197,
    1.50000508001));
#3691 = CARTESIAN_POINT('',(-87.84034036068,95.670917878696,
    1.50000508001));
#3692 = CARTESIAN_POINT('',(-87.84034036068,99.827848615697,
    1.50000508001));
#3693 = ORIENTED_EDGE('',*,*,#3694,.F.);
#3694 = EDGE_CURVE('',#3695,#3683,#3697,.T.);
#3695 = VERTEX_POINT('',#3696);
#3696 = CARTESIAN_POINT('',(-87.84034036068,101.32784861569,1.5));
#3697 = B_SPLINE_CURVE_WITH_KNOTS('',5,(#3698,#3699,#3700,#3701,#3702,
    #3703,#3704,#3705,#3706,#3707,#3708,#3709,#3710,#3711,#3712,#3713,
    #3714,#3715,#3716,#3717,#3718,#3719,#3720,#3721,#3722,#3723,#3724,
    #3725,#3726,#3727,#3728,#3729,#3730,#3731,#3732,#3733,#3734,#3735,
    #3736,#3737,#3738,#3739,#3740,#3741,#3742,#3743,#3744,#3745,#3746,
    #3747,#3748,#3749,#3750,#3751,#3752,#3753,#3754,#3755,#3756,#3757,
    #3758,#3759,#3760,#3761,#3762,#3763,#3764,#3765,#3766,#3767,#3768,
    #3769,#3770,#3771,#3772,#3773,#3774,#3775,#3776,#3777,#3778,#3779,
    #3780,#3781,#3782,#3783,#3784,#3785,#3786,#3787,#3788,#3789,#3790,
    #3791,#3792,#3793,#3794,#3795,#3796,#3797,#3798,#3799,#3800,#3801,
    #3802,#3803,#3804,#3805,#3806,#3807,#3808,#3809,#3810,#3811,#3812,
    #3813,#3814,#3815,#3816,#3817,#3818,#3819,#3820,#3821,#3822,#3823,
    #3824,#3825,#3826,#3827,#3828,#3829,#3830,#3831),.UNSPECIFIED.,.T.,
  .F.,(1,5,4,4,4,4,4,4,4,4,4,4,4,4,4,4,4,4,4,4,4,4,4,4,4,4,4,4,4,4,4,4,4
    ,4,5,1),(-4.8028733054E-02,0.,4.714027220377E-02,8.077286134411E-02,
    0.105625788513,0.123657959426,0.166889550156,0.216503336071,
    0.2375345407,0.266044111382,0.305302637806,0.332770329998,
    0.339605183085,0.360688273858,0.399294675244,0.427326415018,
    0.44695804461,0.496767502925,0.54657696124,0.566208590832,
    0.594240330607,0.632846731992,0.647030548643,0.653994219385,
    0.660957890129,0.688943270658,0.72894170931,0.757988604794,
    0.779416188168,0.829965053674,0.87401143766,0.892383464011,
    0.91770479859,0.951971266946,1.,1.047140272204),.UNSPECIFIED.);
#3698 = CARTESIAN_POINT('',(-87.84034036068,101.32784861569,1.5));
#3699 = CARTESIAN_POINT('',(-87.84034026336,101.19012020925,1.5));
#3700 = CARTESIAN_POINT('',(-87.85022052664,101.05123173215,1.5));
#3701 = CARTESIAN_POINT('',(-87.87031122358,100.91234702356,1.5));
#3702 = CARTESIAN_POINT('',(-87.90069775833,100.77464257423,1.5));
#3703 = CARTESIAN_POINT('',(-87.97015511054,100.54272304333,1.5));
#3704 = CARTESIAN_POINT('',(-88.00424345251,100.44734933827,1.5));
#3705 = CARTESIAN_POINT('',(-88.04344595682,100.35359287566,1.5));
#3706 = CARTESIAN_POINT('',(-88.08765455091,100.26186092478,1.5));
#3707 = CARTESIAN_POINT('',(-88.17295349334,100.10654403128,1.5));
#3708 = CARTESIAN_POINT('',(-88.2118456927,100.0418617758,1.5));
#3709 = CARTESIAN_POINT('',(-88.25331753994,99.978655221982,1.5));
#3710 = CARTESIAN_POINT('',(-88.29728923422,99.917073781816,1.5));
#3711 = CARTESIAN_POINT('',(-88.37731600017,99.813860028817,1.5));
#3712 = CARTESIAN_POINT('',(-88.41223191041,99.771390960269,1.5));
#3713 = CARTESIAN_POINT('',(-88.44837846793,99.729905733292,1.5));
#3714 = CARTESIAN_POINT('',(-88.48571627119,99.689455569346,1.5));
#3715 = CARTESIAN_POINT('',(-88.61647137548,99.55570896553,1.5));
#3716 = CARTESIAN_POINT('',(-88.71534371454,99.467554709777,1.5));
#3717 = CARTESIAN_POINT('',(-88.82022153193,99.386299489385,1.5));
#3718 = CARTESIAN_POINT('',(-88.9304157495,99.312504234839,1.5));
#3719 = CARTESIAN_POINT('',(-89.1768134117,99.171004094412,1.5));
#3720 = CARTESIAN_POINT('',(-89.31446518275,99.105801126826,1.5));
#3721 = CARTESIAN_POINT('',(-89.45691641638,99.051686460658,1.5));
#3722 = CARTESIAN_POINT('',(-89.60289916963,99.009100707968,1.5));
#3723 = CARTESIAN_POINT('',(-89.81386916434,98.965168337646,1.5));
#3724 = CARTESIAN_POINT('',(-89.87706888104,98.954197166999,1.5));
#3725 = CARTESIAN_POINT('',(-89.94055998477,98.945348773189,1.5));
#3726 = CARTESIAN_POINT('',(-90.00424013792,98.93862993801,1.5));
#3727 = CARTESIAN_POINT('',(-90.15444685912,98.927816013683,1.5));
#3728 = CARTESIAN_POINT('',(-90.24104618175,98.925503347607,1.5));
#3729 = CARTESIAN_POINT('',(-90.32754726465,98.927097474858,1.5));
#3730 = CARTESIAN_POINT('',(-90.41369616383,98.932566117937,1.5));
#3731 = CARTESIAN_POINT('',(-90.61704095849,98.954630391459,1.5));
#3732 = CARTESIAN_POINT('',(-90.73369979889,98.97464403983,1.5));
#3733 = CARTESIAN_POINT('',(-90.84856017658,99.001729800384,1.5));
#3734 = CARTESIAN_POINT('',(-90.96100226381,99.035626135152,1.5));
#3735 = CARTESIAN_POINT('',(-91.14701785213,99.104196289663,1.5));
#3736 = CARTESIAN_POINT('',(-91.22212416411,99.135579365558,1.5));
#3737 = CARTESIAN_POINT('',(-91.29556585063,99.169994266503,1.5));
#3738 = CARTESIAN_POINT('',(-91.36716113325,99.20729355697,1.5));
#3739 = CARTESIAN_POINT('',(-91.45403181775,99.257247912001,1.5));
#3740 = CARTESIAN_POINT('',(-91.47130805308,99.267421233385,1.5));
#3741 = CARTESIAN_POINT('',(-91.48858270371,99.277838105769,1.5));
#3742 = CARTESIAN_POINT('',(-91.50585291396,99.288502613283,1.5));
#3743 = CARTESIAN_POINT('',(-91.57631890463,99.333064486955,1.5));
#3744 = CARTESIAN_POINT('',(-91.62861860845,99.368581201258,1.5));
#3745 = CARTESIAN_POINT('',(-91.67989508351,99.405928268672,1.5));
#3746 = CARTESIAN_POINT('',(-91.73004554928,99.445062886284,1.5));
#3747 = CARTESIAN_POINT('',(-91.86856312567,99.560772060056,1.5));
#3748 = CARTESIAN_POINT('',(-91.95405140491,99.641432630386,1.5));
#3749 = CARTESIAN_POINT('',(-92.03483095596,99.727590908479,1.5));
#3750 = CARTESIAN_POINT('',(-92.11036542675,99.818838701021,1.5));
#3751 = CARTESIAN_POINT('',(-92.2308853582,99.984275544775,1.5));
#3752 = CARTESIAN_POINT('',(-92.27857240828,100.05629270155,1.5));
#3753 = CARTESIAN_POINT('',(-92.32307110345,100.13054734716,1.5));
#3754 = CARTESIAN_POINT('',(-92.36422683433,100.20683498275,1.5));
#3755 = CARTESIAN_POINT('',(-92.42829790154,100.3396297887,1.5));
#3756 = CARTESIAN_POINT('',(-92.45298363075,100.39521421837,1.5));
#3757 = CARTESIAN_POINT('',(-92.47592042885,100.4516115504,1.5));
#3758 = CARTESIAN_POINT('',(-92.49706936798,100.5087429787,1.5));
#3759 = CARTESIAN_POINT('',(-92.56543711896,100.7131349264,1.5));
#3760 = CARTESIAN_POINT('',(-92.60275751494,100.8639506206,1.5));
#3761 = CARTESIAN_POINT('',(-92.62781899622,101.01762007397,1.5));
#3762 = CARTESIAN_POINT('',(-92.64035066657,101.17273820488,1.5));
#3763 = CARTESIAN_POINT('',(-92.64035066657,101.4829590265,1.5));
#3764 = CARTESIAN_POINT('',(-92.62781899622,101.63807715741,1.5));
#3765 = CARTESIAN_POINT('',(-92.60275751494,101.79174661077,1.5));
#3766 = CARTESIAN_POINT('',(-92.56543711896,101.94256230498,1.5));
#3767 = CARTESIAN_POINT('',(-92.49706936798,102.14695425267,1.5));
#3768 = CARTESIAN_POINT('',(-92.47592042885,102.20408568098,1.5));
#3769 = CARTESIAN_POINT('',(-92.45298363075,102.26048301301,1.5));
#3770 = CARTESIAN_POINT('',(-92.42829790154,102.31606744268,1.5));
#3771 = CARTESIAN_POINT('',(-92.36422683433,102.44886224863,1.5));
#3772 = CARTESIAN_POINT('',(-92.32307110345,102.52514988422,1.5));
#3773 = CARTESIAN_POINT('',(-92.27857240828,102.59940452983,1.5));
#3774 = CARTESIAN_POINT('',(-92.2308853582,102.67142168661,1.5));
#3775 = CARTESIAN_POINT('',(-92.11036542676,102.83685853036,1.5));
#3776 = CARTESIAN_POINT('',(-92.03483095596,102.9281063229,1.5));
#3777 = CARTESIAN_POINT('',(-91.95405140491,103.014264601,1.5));
#3778 = CARTESIAN_POINT('',(-91.86856312567,103.09492517133,1.5));
#3779 = CARTESIAN_POINT('',(-91.74605626952,103.19725994773,1.5));
#3780 = CARTESIAN_POINT('',(-91.71258667447,103.22397012684,1.5));
#3781 = CARTESIAN_POINT('',(-91.67859288555,103.24987898432,1.5));
#3782 = CARTESIAN_POINT('',(-91.64410573739,103.27497256557,1.5));
#3783 = CARTESIAN_POINT('',(-91.5919986785,103.31115248997,1.5));
#3784 = CARTESIAN_POINT('',(-91.57480833748,103.32281172478,1.5));
#3785 = CARTESIAN_POINT('',(-91.55759192861,103.33421868928,1.5));
#3786 = CARTESIAN_POINT('',(-91.54035512052,103.3453757806,1.5));
#3787 = CARTESIAN_POINT('',(-91.50585291397,103.3671946181,1.5));
#3788 = CARTESIAN_POINT('',(-91.48858270371,103.37785912561,1.5));
#3789 = CARTESIAN_POINT('',(-91.47130805308,103.388275998,1.5));
#3790 = CARTESIAN_POINT('',(-91.45403181775,103.39844931938,1.5));
#3791 = CARTESIAN_POINT('',(-91.36716113325,103.44840367441,1.5));
#3792 = CARTESIAN_POINT('',(-91.29556585063,103.48570296488,1.5));
#3793 = CARTESIAN_POINT('',(-91.22212416411,103.52011786582,1.5));
#3794 = CARTESIAN_POINT('',(-91.14701785213,103.55150094172,1.5));
#3795 = CARTESIAN_POINT('',(-90.96100226381,103.62007109623,1.5));
#3796 = CARTESIAN_POINT('',(-90.84856017658,103.653967431,1.5));
#3797 = CARTESIAN_POINT('',(-90.73369979889,103.68105319155,1.5));
#3798 = CARTESIAN_POINT('',(-90.61704095849,103.70106683992,1.5));
#3799 = CARTESIAN_POINT('',(-90.41369616383,103.72313111345,1.5));
#3800 = CARTESIAN_POINT('',(-90.32754726465,103.72859975652,1.5));
#3801 = CARTESIAN_POINT('',(-90.24104618175,103.73019388378,1.5));
#3802 = CARTESIAN_POINT('',(-90.15444685913,103.7278812177,1.5));
#3803 = CARTESIAN_POINT('',(-90.00424013792,103.71706729337,1.5));
#3804 = CARTESIAN_POINT('',(-89.94055998477,103.71034845819,1.5));
#3805 = CARTESIAN_POINT('',(-89.87706888104,103.70150006438,1.5));
#3806 = CARTESIAN_POINT('',(-89.81386916434,103.69052889374,1.5));
#3807 = CARTESIAN_POINT('',(-89.60289916963,103.64659652342,1.5));
#3808 = CARTESIAN_POINT('',(-89.45691641638,103.60401077073,1.5));
#3809 = CARTESIAN_POINT('',(-89.31446518275,103.54989610456,1.5));
#3810 = CARTESIAN_POINT('',(-89.1768134117,103.48469313697,1.5));
#3811 = CARTESIAN_POINT('',(-88.9304157495,103.34319299655,1.5));
#3812 = CARTESIAN_POINT('',(-88.82022153193,103.269397742,1.5));
#3813 = CARTESIAN_POINT('',(-88.71534371454,103.18814252161,1.5));
#3814 = CARTESIAN_POINT('',(-88.61647137548,103.09998826586,1.5));
#3815 = CARTESIAN_POINT('',(-88.48571627119,102.96624166204,1.5));
#3816 = CARTESIAN_POINT('',(-88.44837846793,102.92579149809,1.5));
#3817 = CARTESIAN_POINT('',(-88.41223191041,102.88430627112,1.5));
#3818 = CARTESIAN_POINT('',(-88.37731600017,102.84183720257,1.5));
#3819 = CARTESIAN_POINT('',(-88.29728923422,102.73862344957,1.5));
#3820 = CARTESIAN_POINT('',(-88.25331753994,102.67704200941,1.5));
#3821 = CARTESIAN_POINT('',(-88.2118456927,102.61383545558,1.5));
#3822 = CARTESIAN_POINT('',(-88.17295349334,102.5491532001,1.5));
#3823 = CARTESIAN_POINT('',(-88.08765455091,102.3938363066,1.5));
#3824 = CARTESIAN_POINT('',(-88.04344595682,102.30210435572,1.5));
#3825 = CARTESIAN_POINT('',(-88.00424345251,102.20834789311,1.5));
#3826 = CARTESIAN_POINT('',(-87.97015511054,102.11297418805,1.5));
#3827 = CARTESIAN_POINT('',(-87.90069775833,101.88105465715,1.5));
#3828 = CARTESIAN_POINT('',(-87.87031122358,101.74335020783,1.5));
#3829 = CARTESIAN_POINT('',(-87.85022052664,101.60446549923,1.5));
#3830 = CARTESIAN_POINT('',(-87.84034026336,101.46557702214,1.5));
#3831 = CARTESIAN_POINT('',(-87.84034036068,101.32784861569,1.5));
#3832 = ORIENTED_EDGE('',*,*,#3833,.F.);
#3833 = EDGE_CURVE('',#3834,#3695,#3836,.T.);
#3834 = VERTEX_POINT('',#3835);
#3835 = CARTESIAN_POINT('',(-92.52015344707,100.57784850785,
    1.500002538737));
#3836 = B_SPLINE_CURVE_WITH_KNOTS('',5,(#3837,#3838,#3839,#3840,#3841,
    #3842,#3843,#3844,#3845,#3846,#3847,#3848,#3849,#3850,#3851,#3852,
    #3853,#3854,#3855,#3856,#3857,#3858,#3859,#3860,#3861,#3862,#3863,
    #3864,#3865,#3866,#3867,#3868,#3869,#3870,#3871,#3872,#3873,#3874,
    #3875,#3876,#3877,#3878,#3879,#3880,#3881,#3882,#3883,#3884,#3885,
    #3886,#3887,#3888,#3889,#3890,#3891,#3892,#3893,#3894,#3895,#3896,
    #3897,#3898,#3899,#3900,#3901,#3902,#3903,#3904,#3905,#3906,#3907,
    #3908,#3909,#3910,#3911,#3912,#3913,#3914,#3915,#3916,#3917,#3918,
    #3919,#3920,#3921,#3922,#3923,#3924,#3925,#3926,#3927,#3928,#3929,
    #3930,#3931,#3932,#3933,#3934,#3935,#3936,#3937,#3938,#3939,#3940,
    #3941,#3942,#3943,#3944,#3945,#3946,#3947,#3948,#3949,#3950,#3951,
    #3952,#3953,#3954,#3955,#3956,#3957,#3958,#3959,#3960,#3961,#3962,
    #3963,#3964,#3965,#3966,#3967,#3968,#3969,#3970),.UNSPECIFIED.,.T.,
  .F.,(1,5,4,4,4,4,4,4,4,4,4,4,4,4,4,4,4,4,4,4,4,4,4,4,4,4,4,4,4,4,4,4,4
    ,4,5,1),(-4.8028733054E-02,0.,4.714027220377E-02,8.077286134411E-02,
    0.105625788513,0.123657959426,0.166889550156,0.216503336071,
    0.2375345407,0.266044111382,0.305302637806,0.332770329998,
    0.339605183085,0.360688273858,0.399294675244,0.427326415018,
    0.44695804461,0.496767502925,0.54657696124,0.566208590832,
    0.594240330607,0.632846731992,0.647030548643,0.653994219385,
    0.660957890129,0.688943270658,0.72894170931,0.757988604794,
    0.779416188168,0.829965053674,0.87401143766,0.892383464011,
    0.91770479859,0.951971266946,1.,1.047140272204),.UNSPECIFIED.);
#3837 = CARTESIAN_POINT('',(-87.84034036068,101.32784861569,1.5));
#3838 = CARTESIAN_POINT('',(-87.84034026336,101.19012020925,1.5));
#3839 = CARTESIAN_POINT('',(-87.85022052664,101.05123173215,1.5));
#3840 = CARTESIAN_POINT('',(-87.87031122358,100.91234702356,1.5));
#3841 = CARTESIAN_POINT('',(-87.90069775833,100.77464257423,1.5));
#3842 = CARTESIAN_POINT('',(-87.97015511054,100.54272304333,1.5));
#3843 = CARTESIAN_POINT('',(-88.00424345251,100.44734933827,1.5));
#3844 = CARTESIAN_POINT('',(-88.04344595682,100.35359287566,1.5));
#3845 = CARTESIAN_POINT('',(-88.08765455091,100.26186092478,1.5));
#3846 = CARTESIAN_POINT('',(-88.17295349334,100.10654403128,1.5));
#3847 = CARTESIAN_POINT('',(-88.2118456927,100.0418617758,1.5));
#3848 = CARTESIAN_POINT('',(-88.25331753994,99.978655221982,1.5));
#3849 = CARTESIAN_POINT('',(-88.29728923422,99.917073781816,1.5));
#3850 = CARTESIAN_POINT('',(-88.37731600017,99.813860028817,1.5));
#3851 = CARTESIAN_POINT('',(-88.41223191041,99.771390960269,1.5));
#3852 = CARTESIAN_POINT('',(-88.44837846793,99.729905733292,1.5));
#3853 = CARTESIAN_POINT('',(-88.48571627119,99.689455569346,1.5));
#3854 = CARTESIAN_POINT('',(-88.61647137548,99.55570896553,1.5));
#3855 = CARTESIAN_POINT('',(-88.71534371454,99.467554709777,1.5));
#3856 = CARTESIAN_POINT('',(-88.82022153193,99.386299489385,1.5));
#3857 = CARTESIAN_POINT('',(-88.9304157495,99.312504234839,1.5));
#3858 = CARTESIAN_POINT('',(-89.1768134117,99.171004094412,1.5));
#3859 = CARTESIAN_POINT('',(-89.31446518275,99.105801126826,1.5));
#3860 = CARTESIAN_POINT('',(-89.45691641638,99.051686460658,1.5));
#3861 = CARTESIAN_POINT('',(-89.60289916963,99.009100707968,1.5));
#3862 = CARTESIAN_POINT('',(-89.81386916434,98.965168337646,1.5));
#3863 = CARTESIAN_POINT('',(-89.87706888104,98.954197166999,1.5));
#3864 = CARTESIAN_POINT('',(-89.94055998477,98.945348773189,1.5));
#3865 = CARTESIAN_POINT('',(-90.00424013792,98.93862993801,1.5));
#3866 = CARTESIAN_POINT('',(-90.15444685912,98.927816013683,1.5));
#3867 = CARTESIAN_POINT('',(-90.24104618175,98.925503347607,1.5));
#3868 = CARTESIAN_POINT('',(-90.32754726465,98.927097474858,1.5));
#3869 = CARTESIAN_POINT('',(-90.41369616383,98.932566117937,1.5));
#3870 = CARTESIAN_POINT('',(-90.61704095849,98.954630391459,1.5));
#3871 = CARTESIAN_POINT('',(-90.73369979889,98.97464403983,1.5));
#3872 = CARTESIAN_POINT('',(-90.84856017658,99.001729800384,1.5));
#3873 = CARTESIAN_POINT('',(-90.96100226381,99.035626135152,1.5));
#3874 = CARTESIAN_POINT('',(-91.14701785213,99.104196289663,1.5));
#3875 = CARTESIAN_POINT('',(-91.22212416411,99.135579365558,1.5));
#3876 = CARTESIAN_POINT('',(-91.29556585063,99.169994266503,1.5));
#3877 = CARTESIAN_POINT('',(-91.36716113325,99.20729355697,1.5));
#3878 = CARTESIAN_POINT('',(-91.45403181775,99.257247912001,1.5));
#3879 = CARTESIAN_POINT('',(-91.47130805308,99.267421233385,1.5));
#3880 = CARTESIAN_POINT('',(-91.48858270371,99.277838105769,1.5));
#3881 = CARTESIAN_POINT('',(-91.50585291396,99.288502613283,1.5));
#3882 = CARTESIAN_POINT('',(-91.57631890463,99.333064486955,1.5));
#3883 = CARTESIAN_POINT('',(-91.62861860845,99.368581201258,1.5));
#3884 = CARTESIAN_POINT('',(-91.67989508351,99.405928268672,1.5));
#3885 = CARTESIAN_POINT('',(-91.73004554928,99.445062886284,1.5));
#3886 = CARTESIAN_POINT('',(-91.86856312567,99.560772060056,1.5));
#3887 = CARTESIAN_POINT('',(-91.95405140491,99.641432630386,1.5));
#3888 = CARTESIAN_POINT('',(-92.03483095596,99.727590908479,1.5));
#3889 = CARTESIAN_POINT('',(-92.11036542675,99.818838701021,1.5));
#3890 = CARTESIAN_POINT('',(-92.2308853582,99.984275544775,1.5));
#3891 = CARTESIAN_POINT('',(-92.27857240828,100.05629270155,1.5));
#3892 = CARTESIAN_POINT('',(-92.32307110345,100.13054734716,1.5));
#3893 = CARTESIAN_POINT('',(-92.36422683433,100.20683498275,1.5));
#3894 = CARTESIAN_POINT('',(-92.42829790154,100.3396297887,1.5));
#3895 = CARTESIAN_POINT('',(-92.45298363075,100.39521421837,1.5));
#3896 = CARTESIAN_POINT('',(-92.47592042885,100.4516115504,1.5));
#3897 = CARTESIAN_POINT('',(-92.49706936798,100.5087429787,1.5));
#3898 = CARTESIAN_POINT('',(-92.56543711896,100.7131349264,1.5));
#3899 = CARTESIAN_POINT('',(-92.60275751494,100.8639506206,1.5));
#3900 = CARTESIAN_POINT('',(-92.62781899622,101.01762007397,1.5));
#3901 = CARTESIAN_POINT('',(-92.64035066657,101.17273820488,1.5));
#3902 = CARTESIAN_POINT('',(-92.64035066657,101.4829590265,1.5));
#3903 = CARTESIAN_POINT('',(-92.62781899622,101.63807715741,1.5));
#3904 = CARTESIAN_POINT('',(-92.60275751494,101.79174661077,1.5));
#3905 = CARTESIAN_POINT('',(-92.56543711896,101.94256230498,1.5));
#3906 = CARTESIAN_POINT('',(-92.49706936798,102.14695425267,1.5));
#3907 = CARTESIAN_POINT('',(-92.47592042885,102.20408568098,1.5));
#3908 = CARTESIAN_POINT('',(-92.45298363075,102.26048301301,1.5));
#3909 = CARTESIAN_POINT('',(-92.42829790154,102.31606744268,1.5));
#3910 = CARTESIAN_POINT('',(-92.36422683433,102.44886224863,1.5));
#3911 = CARTESIAN_POINT('',(-92.32307110345,102.52514988422,1.5));
#3912 = CARTESIAN_POINT('',(-92.27857240828,102.59940452983,1.5));
#3913 = CARTESIAN_POINT('',(-92.2308853582,102.67142168661,1.5));
#3914 = CARTESIAN_POINT('',(-92.11036542676,102.83685853036,1.5));
#3915 = CARTESIAN_POINT('',(-92.03483095596,102.9281063229,1.5));
#3916 = CARTESIAN_POINT('',(-91.95405140491,103.014264601,1.5));
#3917 = CARTESIAN_POINT('',(-91.86856312567,103.09492517133,1.5));
#3918 = CARTESIAN_POINT('',(-91.74605626952,103.19725994773,1.5));
#3919 = CARTESIAN_POINT('',(-91.71258667447,103.22397012684,1.5));
#3920 = CARTESIAN_POINT('',(-91.67859288555,103.24987898432,1.5));
#3921 = CARTESIAN_POINT('',(-91.64410573739,103.27497256557,1.5));
#3922 = CARTESIAN_POINT('',(-91.5919986785,103.31115248997,1.5));
#3923 = CARTESIAN_POINT('',(-91.57480833748,103.32281172478,1.5));
#3924 = CARTESIAN_POINT('',(-91.55759192861,103.33421868928,1.5));
#3925 = CARTESIAN_POINT('',(-91.54035512052,103.3453757806,1.5));
#3926 = CARTESIAN_POINT('',(-91.50585291397,103.3671946181,1.5));
#3927 = CARTESIAN_POINT('',(-91.48858270371,103.37785912561,1.5));
#3928 = CARTESIAN_POINT('',(-91.47130805308,103.388275998,1.5));
#3929 = CARTESIAN_POINT('',(-91.45403181775,103.39844931938,1.5));
#3930 = CARTESIAN_POINT('',(-91.36716113325,103.44840367441,1.5));
#3931 = CARTESIAN_POINT('',(-91.29556585063,103.48570296488,1.5));
#3932 = CARTESIAN_POINT('',(-91.22212416411,103.52011786582,1.5));
#3933 = CARTESIAN_POINT('',(-91.14701785213,103.55150094172,1.5));
#3934 = CARTESIAN_POINT('',(-90.96100226381,103.62007109623,1.5));
#3935 = CARTESIAN_POINT('',(-90.84856017658,103.653967431,1.5));
#3936 = CARTESIAN_POINT('',(-90.73369979889,103.68105319155,1.5));
#3937 = CARTESIAN_POINT('',(-90.61704095849,103.70106683992,1.5));
#3938 = CARTESIAN_POINT('',(-90.41369616383,103.72313111345,1.5));
#3939 = CARTESIAN_POINT('',(-90.32754726465,103.72859975652,1.5));
#3940 = CARTESIAN_POINT('',(-90.24104618175,103.73019388378,1.5));
#3941 = CARTESIAN_POINT('',(-90.15444685913,103.7278812177,1.5));
#3942 = CARTESIAN_POINT('',(-90.00424013792,103.71706729337,1.5));
#3943 = CARTESIAN_POINT('',(-89.94055998477,103.71034845819,1.5));
#3944 = CARTESIAN_POINT('',(-89.87706888104,103.70150006438,1.5));
#3945 = CARTESIAN_POINT('',(-89.81386916434,103.69052889374,1.5));
#3946 = CARTESIAN_POINT('',(-89.60289916963,103.64659652342,1.5));
#3947 = CARTESIAN_POINT('',(-89.45691641638,103.60401077073,1.5));
#3948 = CARTESIAN_POINT('',(-89.31446518275,103.54989610456,1.5));
#3949 = CARTESIAN_POINT('',(-89.1768134117,103.48469313697,1.5));
#3950 = CARTESIAN_POINT('',(-88.9304157495,103.34319299655,1.5));
#3951 = CARTESIAN_POINT('',(-88.82022153193,103.269397742,1.5));
#3952 = CARTESIAN_POINT('',(-88.71534371454,103.18814252161,1.5));
#3953 = CARTESIAN_POINT('',(-88.61647137548,103.09998826586,1.5));
#3954 = CARTESIAN_POINT('',(-88.48571627119,102.96624166204,1.5));
#3955 = CARTESIAN_POINT('',(-88.44837846793,102.92579149809,1.5));
#3956 = CARTESIAN_POINT('',(-88.41223191041,102.88430627112,1.5));
#3957 = CARTESIAN_POINT('',(-88.37731600017,102.84183720257,1.5));
#3958 = CARTESIAN_POINT('',(-88.29728923422,102.73862344957,1.5));
#3959 = CARTESIAN_POINT('',(-88.25331753994,102.67704200941,1.5));
#3960 = CARTESIAN_POINT('',(-88.2118456927,102.61383545558,1.5));
#3961 = CARTESIAN_POINT('',(-88.17295349334,102.5491532001,1.5));
#3962 = CARTESIAN_POINT('',(-88.08765455091,102.3938363066,1.5));
#3963 = CARTESIAN_POINT('',(-88.04344595682,102.30210435572,1.5));
#3964 = CARTESIAN_POINT('',(-88.00424345251,102.20834789311,1.5));
#3965 = CARTESIAN_POINT('',(-87.97015511054,102.11297418805,1.5));
#3966 = CARTESIAN_POINT('',(-87.90069775833,101.88105465715,1.5));
#3967 = CARTESIAN_POINT('',(-87.87031122358,101.74335020783,1.5));
#3968 = CARTESIAN_POINT('',(-87.85022052664,101.60446549923,1.5));
#3969 = CARTESIAN_POINT('',(-87.84034026336,101.46557702214,1.5));
#3970 = CARTESIAN_POINT('',(-87.84034036068,101.32784861569,1.5));
#3971 = ORIENTED_EDGE('',*,*,#3972,.T.);
#3972 = EDGE_CURVE('',#3834,#2755,#3973,.T.);
#3973 = ( BOUNDED_CURVE() B_SPLINE_CURVE(2,(#3974,#3975,#3976,#3977,
#3978,#3979,#3980),.UNSPECIFIED.,.T.,.F.) B_SPLINE_CURVE_WITH_KNOTS((1,2
    ,2,2,2,1),(-2.094395102394,0.,2.094395102393,4.188790204786,
6.28318530718,8.377580409573),.UNSPECIFIED.) CURVE() 
GEOMETRIC_REPRESENTATION_ITEM() RATIONAL_B_SPLINE_CURVE((1.,0.5,1.,0.5,
1.,0.5,1.)) REPRESENTATION_ITEM('') );
#3974 = CARTESIAN_POINT('',(-87.84034036068,99.827848615697,
    1.50000508001));
#3975 = CARTESIAN_POINT('',(-87.84034036068,103.98477935269,
    1.50000508001));
#3976 = CARTESIAN_POINT('',(-91.44034798069,101.90631398419,
    1.50000508001));
#3977 = CARTESIAN_POINT('',(-95.04035560071,99.827848615697,
    1.50000508001));
#3978 = CARTESIAN_POINT('',(-91.44034798069,97.749383247197,
    1.50000508001));
#3979 = CARTESIAN_POINT('',(-87.84034036068,95.670917878696,
    1.50000508001));
#3980 = CARTESIAN_POINT('',(-87.84034036068,99.827848615697,
    1.50000508001));
#3981 = ORIENTED_EDGE('',*,*,#2762,.F.);
#3982 = ORIENTED_EDGE('',*,*,#3630,.T.);
#3983 = B_SPLINE_SURFACE_WITH_KNOTS('',1,1,(
    (#3984,#3985)
    ,(#3986,#3987
  )),.UNSPECIFIED.,.F.,.F.,.F.,(2,2),(2,2),(-187.5,187.5),(-165.69485,
    167.5),.PIECEWISE_BEZIER_KNOTS.);
#3984 = CARTESIAN_POINT('',(-85.60483616967,95.619191008382,
    1.50000508001));
#3985 = CARTESIAN_POINT('',(-85.60483616967,104.08235712471,
    1.50000508001));
#3986 = CARTESIAN_POINT('',(-95.12985521971,95.619191008382,
    1.50000508001));
#3987 = CARTESIAN_POINT('',(-95.12985521971,104.08235712471,
    1.50000508001));
#3988 = ADVANCED_FACE('',(#3989),#4542,.T.);
#3989 = FACE_BOUND('',#3990,.T.);
#3990 = EDGE_LOOP('',(#3991,#4130,#4267,#4404,#4405));
#3991 = ORIENTED_EDGE('',*,*,#3992,.F.);
#3992 = EDGE_CURVE('',#3683,#3993,#3995,.T.);
#3993 = VERTEX_POINT('',#3994);
#3994 = CARTESIAN_POINT('',(-87.84034036068,99.827848615697,1.5));
#3995 = B_SPLINE_CURVE_WITH_KNOTS('',5,(#3996,#3997,#3998,#3999,#4000,
    #4001,#4002,#4003,#4004,#4005,#4006,#4007,#4008,#4009,#4010,#4011,
    #4012,#4013,#4014,#4015,#4016,#4017,#4018,#4019,#4020,#4021,#4022,
    #4023,#4024,#4025,#4026,#4027,#4028,#4029,#4030,#4031,#4032,#4033,
    #4034,#4035,#4036,#4037,#4038,#4039,#4040,#4041,#4042,#4043,#4044,
    #4045,#4046,#4047,#4048,#4049,#4050,#4051,#4052,#4053,#4054,#4055,
    #4056,#4057,#4058,#4059,#4060,#4061,#4062,#4063,#4064,#4065,#4066,
    #4067,#4068,#4069,#4070,#4071,#4072,#4073,#4074,#4075,#4076,#4077,
    #4078,#4079,#4080,#4081,#4082,#4083,#4084,#4085,#4086,#4087,#4088,
    #4089,#4090,#4091,#4092,#4093,#4094,#4095,#4096,#4097,#4098,#4099,
    #4100,#4101,#4102,#4103,#4104,#4105,#4106,#4107,#4108,#4109,#4110,
    #4111,#4112,#4113,#4114,#4115,#4116,#4117,#4118,#4119,#4120,#4121,
    #4122,#4123,#4124,#4125,#4126,#4127,#4128,#4129),.UNSPECIFIED.,.T.,
  .F.,(1,5,4,4,4,4,4,4,4,4,4,4,4,4,4,4,4,4,4,4,4,4,4,4,4,4,4,4,4,4,4,4,4
    ,4,5,1),(-4.8028733054E-02,0.,4.714027220377E-02,8.077286134411E-02,
    0.105625788513,0.123657959426,0.166889550156,0.216503336071,
    0.2375345407,0.266044111382,0.305302637806,0.332770329998,
    0.339605183085,0.360688273858,0.399294675244,0.427326415018,
    0.44695804461,0.496767502925,0.54657696124,0.566208590832,
    0.594240330607,0.632846731992,0.647030548643,0.653994219385,
    0.660957890129,0.688943270658,0.72894170931,0.757988604794,
    0.779416188168,0.829965053674,0.87401143766,0.892383464011,
    0.91770479859,0.951971266946,1.,1.047140272204),.UNSPECIFIED.);
#3996 = CARTESIAN_POINT('',(-87.84034036068,99.827848615697,1.5));
#3997 = CARTESIAN_POINT('',(-87.84034026336,99.69012020925,1.5));
#3998 = CARTESIAN_POINT('',(-87.85022052664,99.551231732158,1.5));
#3999 = CARTESIAN_POINT('',(-87.87031122358,99.412347023563,1.5));
#4000 = CARTESIAN_POINT('',(-87.90069775833,99.274642574234,1.5));
#4001 = CARTESIAN_POINT('',(-87.97015511054,99.042723043335,1.5));
#4002 = CARTESIAN_POINT('',(-88.00424345251,98.947349338276,1.5));
#4003 = CARTESIAN_POINT('',(-88.04344595682,98.853592875667,1.5));
#4004 = CARTESIAN_POINT('',(-88.08765455091,98.761860924788,1.5));
#4005 = CARTESIAN_POINT('',(-88.17295349334,98.606544031286,1.5));
#4006 = CARTESIAN_POINT('',(-88.2118456927,98.541861775809,1.5));
#4007 = CARTESIAN_POINT('',(-88.25331753994,98.478655221982,1.5));
#4008 = CARTESIAN_POINT('',(-88.29728923422,98.417073781816,1.5));
#4009 = CARTESIAN_POINT('',(-88.37731600017,98.313860028817,1.5));
#4010 = CARTESIAN_POINT('',(-88.41223191041,98.271390960269,1.5));
#4011 = CARTESIAN_POINT('',(-88.44837846793,98.229905733292,1.5));
#4012 = CARTESIAN_POINT('',(-88.48571627119,98.189455569346,1.5));
#4013 = CARTESIAN_POINT('',(-88.61647137548,98.05570896553,1.5));
#4014 = CARTESIAN_POINT('',(-88.71534371454,97.967554709777,1.5));
#4015 = CARTESIAN_POINT('',(-88.82022153193,97.886299489385,1.5));
#4016 = CARTESIAN_POINT('',(-88.9304157495,97.812504234839,1.5));
#4017 = CARTESIAN_POINT('',(-89.1768134117,97.671004094412,1.5));
#4018 = CARTESIAN_POINT('',(-89.31446518275,97.605801126826,1.5));
#4019 = CARTESIAN_POINT('',(-89.45691641638,97.551686460658,1.5));
#4020 = CARTESIAN_POINT('',(-89.60289916963,97.509100707968,1.5));
#4021 = CARTESIAN_POINT('',(-89.81386916434,97.465168337646,1.5));
#4022 = CARTESIAN_POINT('',(-89.87706888104,97.454197166999,1.5));
#4023 = CARTESIAN_POINT('',(-89.94055998477,97.445348773189,1.5));
#4024 = CARTESIAN_POINT('',(-90.00424013792,97.43862993801,1.5));
#4025 = CARTESIAN_POINT('',(-90.15444685912,97.427816013683,1.5));
#4026 = CARTESIAN_POINT('',(-90.24104618175,97.425503347607,1.5));
#4027 = CARTESIAN_POINT('',(-90.32754726465,97.427097474858,1.5));
#4028 = CARTESIAN_POINT('',(-90.41369616383,97.432566117937,1.5));
#4029 = CARTESIAN_POINT('',(-90.61704095849,97.454630391459,1.5));
#4030 = CARTESIAN_POINT('',(-90.73369979889,97.47464403983,1.5));
#4031 = CARTESIAN_POINT('',(-90.84856017658,97.501729800384,1.5));
#4032 = CARTESIAN_POINT('',(-90.96100226381,97.535626135152,1.5));
#4033 = CARTESIAN_POINT('',(-91.14701785213,97.604196289663,1.5));
#4034 = CARTESIAN_POINT('',(-91.22212416411,97.635579365558,1.5));
#4035 = CARTESIAN_POINT('',(-91.29556585063,97.669994266503,1.5));
#4036 = CARTESIAN_POINT('',(-91.36716113325,97.70729355697,1.5));
#4037 = CARTESIAN_POINT('',(-91.45403181775,97.757247912001,1.5));
#4038 = CARTESIAN_POINT('',(-91.47130805308,97.767421233385,1.5));
#4039 = CARTESIAN_POINT('',(-91.48858270371,97.777838105769,1.5));
#4040 = CARTESIAN_POINT('',(-91.50585291396,97.788502613283,1.5));
#4041 = CARTESIAN_POINT('',(-91.57631890463,97.833064486955,1.5));
#4042 = CARTESIAN_POINT('',(-91.62861860845,97.868581201258,1.5));
#4043 = CARTESIAN_POINT('',(-91.67989508351,97.905928268672,1.5));
#4044 = CARTESIAN_POINT('',(-91.73004554928,97.945062886284,1.5));
#4045 = CARTESIAN_POINT('',(-91.86856312567,98.060772060056,1.5));
#4046 = CARTESIAN_POINT('',(-91.95405140491,98.141432630386,1.5));
#4047 = CARTESIAN_POINT('',(-92.03483095596,98.227590908479,1.5));
#4048 = CARTESIAN_POINT('',(-92.11036542675,98.318838701021,1.5));
#4049 = CARTESIAN_POINT('',(-92.2308853582,98.484275544775,1.5));
#4050 = CARTESIAN_POINT('',(-92.27857240828,98.556292701557,1.5));
#4051 = CARTESIAN_POINT('',(-92.32307110345,98.630547347164,1.5));
#4052 = CARTESIAN_POINT('',(-92.36422683433,98.706834982755,1.5));
#4053 = CARTESIAN_POINT('',(-92.42829790154,98.8396297887,1.5));
#4054 = CARTESIAN_POINT('',(-92.45298363075,98.895214218373,1.5));
#4055 = CARTESIAN_POINT('',(-92.47592042885,98.951611550407,1.5));
#4056 = CARTESIAN_POINT('',(-92.49706936798,99.008742978709,1.5));
#4057 = CARTESIAN_POINT('',(-92.56543711896,99.213134926404,1.5));
#4058 = CARTESIAN_POINT('',(-92.60275751494,99.363950620608,1.5));
#4059 = CARTESIAN_POINT('',(-92.62781899622,99.517620073975,1.5));
#4060 = CARTESIAN_POINT('',(-92.64035066657,99.672738204883,1.5));
#4061 = CARTESIAN_POINT('',(-92.64035066657,99.982959026504,1.5));
#4062 = CARTESIAN_POINT('',(-92.62781899622,100.13807715741,1.5));
#4063 = CARTESIAN_POINT('',(-92.60275751494,100.29174661077,1.5));
#4064 = CARTESIAN_POINT('',(-92.56543711896,100.44256230498,1.5));
#4065 = CARTESIAN_POINT('',(-92.49706936798,100.64695425267,1.5));
#4066 = CARTESIAN_POINT('',(-92.47592042885,100.70408568098,1.5));
#4067 = CARTESIAN_POINT('',(-92.45298363075,100.76048301301,1.5));
#4068 = CARTESIAN_POINT('',(-92.42829790154,100.81606744268,1.5));
#4069 = CARTESIAN_POINT('',(-92.36422683433,100.94886224863,1.5));
#4070 = CARTESIAN_POINT('',(-92.32307110345,101.02514988422,1.5));
#4071 = CARTESIAN_POINT('',(-92.27857240828,101.09940452983,1.5));
#4072 = CARTESIAN_POINT('',(-92.2308853582,101.17142168661,1.5));
#4073 = CARTESIAN_POINT('',(-92.11036542676,101.33685853036,1.5));
#4074 = CARTESIAN_POINT('',(-92.03483095596,101.4281063229,1.5));
#4075 = CARTESIAN_POINT('',(-91.95405140491,101.514264601,1.5));
#4076 = CARTESIAN_POINT('',(-91.86856312567,101.59492517133,1.5));
#4077 = CARTESIAN_POINT('',(-91.74605626952,101.69725994773,1.5));
#4078 = CARTESIAN_POINT('',(-91.71258667447,101.72397012684,1.5));
#4079 = CARTESIAN_POINT('',(-91.67859288555,101.74987898432,1.5));
#4080 = CARTESIAN_POINT('',(-91.64410573739,101.77497256557,1.5));
#4081 = CARTESIAN_POINT('',(-91.5919986785,101.81115248997,1.5));
#4082 = CARTESIAN_POINT('',(-91.57480833748,101.82281172478,1.5));
#4083 = CARTESIAN_POINT('',(-91.55759192861,101.83421868928,1.5));
#4084 = CARTESIAN_POINT('',(-91.54035512052,101.8453757806,1.5));
#4085 = CARTESIAN_POINT('',(-91.50585291397,101.8671946181,1.5));
#4086 = CARTESIAN_POINT('',(-91.48858270371,101.87785912561,1.5));
#4087 = CARTESIAN_POINT('',(-91.47130805308,101.888275998,1.5));
#4088 = CARTESIAN_POINT('',(-91.45403181775,101.89844931938,1.5));
#4089 = CARTESIAN_POINT('',(-91.36716113325,101.94840367441,1.5));
#4090 = CARTESIAN_POINT('',(-91.29556585063,101.98570296488,1.5));
#4091 = CARTESIAN_POINT('',(-91.22212416411,102.02011786582,1.5));
#4092 = CARTESIAN_POINT('',(-91.14701785213,102.05150094172,1.5));
#4093 = CARTESIAN_POINT('',(-90.96100226381,102.12007109623,1.5));
#4094 = CARTESIAN_POINT('',(-90.84856017658,102.153967431,1.5));
#4095 = CARTESIAN_POINT('',(-90.73369979889,102.18105319155,1.5));
#4096 = CARTESIAN_POINT('',(-90.61704095849,102.20106683992,1.5));
#4097 = CARTESIAN_POINT('',(-90.41369616383,102.22313111345,1.5));
#4098 = CARTESIAN_POINT('',(-90.32754726465,102.22859975652,1.5));
#4099 = CARTESIAN_POINT('',(-90.24104618175,102.23019388378,1.5));
#4100 = CARTESIAN_POINT('',(-90.15444685913,102.2278812177,1.5));
#4101 = CARTESIAN_POINT('',(-90.00424013792,102.21706729337,1.5));
#4102 = CARTESIAN_POINT('',(-89.94055998477,102.21034845819,1.5));
#4103 = CARTESIAN_POINT('',(-89.87706888104,102.20150006438,1.5));
#4104 = CARTESIAN_POINT('',(-89.81386916434,102.19052889374,1.5));
#4105 = CARTESIAN_POINT('',(-89.60289916963,102.14659652342,1.5));
#4106 = CARTESIAN_POINT('',(-89.45691641638,102.10401077073,1.5));
#4107 = CARTESIAN_POINT('',(-89.31446518275,102.04989610456,1.5));
#4108 = CARTESIAN_POINT('',(-89.1768134117,101.98469313697,1.5));
#4109 = CARTESIAN_POINT('',(-88.9304157495,101.84319299655,1.5));
#4110 = CARTESIAN_POINT('',(-88.82022153193,101.769397742,1.5));
#4111 = CARTESIAN_POINT('',(-88.71534371454,101.68814252161,1.5));
#4112 = CARTESIAN_POINT('',(-88.61647137548,101.59998826586,1.5));
#4113 = CARTESIAN_POINT('',(-88.48571627119,101.46624166204,1.5));
#4114 = CARTESIAN_POINT('',(-88.44837846793,101.42579149809,1.5));
#4115 = CARTESIAN_POINT('',(-88.41223191041,101.38430627112,1.5));
#4116 = CARTESIAN_POINT('',(-88.37731600017,101.34183720257,1.5));
#4117 = CARTESIAN_POINT('',(-88.29728923422,101.23862344957,1.5));
#4118 = CARTESIAN_POINT('',(-88.25331753994,101.17704200941,1.5));
#4119 = CARTESIAN_POINT('',(-88.2118456927,101.11383545558,1.5));
#4120 = CARTESIAN_POINT('',(-88.17295349334,101.0491532001,1.5));
#4121 = CARTESIAN_POINT('',(-88.08765455091,100.8938363066,1.5));
#4122 = CARTESIAN_POINT('',(-88.04344595682,100.80210435572,1.5));
#4123 = CARTESIAN_POINT('',(-88.00424345251,100.70834789311,1.5));
#4124 = CARTESIAN_POINT('',(-87.97015511054,100.61297418805,1.5));
#4125 = CARTESIAN_POINT('',(-87.90069775833,100.38105465715,1.5));
#4126 = CARTESIAN_POINT('',(-87.87031122358,100.24335020783,1.5));
#4127 = CARTESIAN_POINT('',(-87.85022052664,100.10446549923,1.5));
#4128 = CARTESIAN_POINT('',(-87.84034026336,99.965577022144,1.5));
#4129 = CARTESIAN_POINT('',(-87.84034036068,99.827848615697,1.5));
#4130 = ORIENTED_EDGE('',*,*,#4131,.T.);
#4131 = EDGE_CURVE('',#3683,#3834,#4132,.T.);
#4132 = B_SPLINE_CURVE_WITH_KNOTS('',5,(#4133,#4134,#4135,#4136,#4137,
    #4138,#4139,#4140,#4141,#4142,#4143,#4144,#4145,#4146,#4147,#4148,
    #4149,#4150,#4151,#4152,#4153,#4154,#4155,#4156,#4157,#4158,#4159,
    #4160,#4161,#4162,#4163,#4164,#4165,#4166,#4167,#4168,#4169,#4170,
    #4171,#4172,#4173,#4174,#4175,#4176,#4177,#4178,#4179,#4180,#4181,
    #4182,#4183,#4184,#4185,#4186,#4187,#4188,#4189,#4190,#4191,#4192,
    #4193,#4194,#4195,#4196,#4197,#4198,#4199,#4200,#4201,#4202,#4203,
    #4204,#4205,#4206,#4207,#4208,#4209,#4210,#4211,#4212,#4213,#4214,
    #4215,#4216,#4217,#4218,#4219,#4220,#4221,#4222,#4223,#4224,#4225,
    #4226,#4227,#4228,#4229,#4230,#4231,#4232,#4233,#4234,#4235,#4236,
    #4237,#4238,#4239,#4240,#4241,#4242,#4243,#4244,#4245,#4246,#4247,
    #4248,#4249,#4250,#4251,#4252,#4253,#4254,#4255,#4256,#4257,#4258,
    #4259,#4260,#4261,#4262,#4263,#4264,#4265,#4266),.UNSPECIFIED.,.T.,
  .F.,(1,5,4,4,4,4,4,4,4,4,4,4,4,4,4,4,4,4,4,4,4,4,4,4,4,4,4,4,4,4,4,4,4
    ,4,5,1),(-4.8028733054E-02,0.,4.714027220377E-02,8.077286134411E-02,
    0.105625788513,0.123657959426,0.166889550156,0.216503336071,
    0.2375345407,0.266044111382,0.305302637806,0.332770329998,
    0.339605183085,0.360688273858,0.399294675244,0.427326415018,
    0.44695804461,0.496767502925,0.54657696124,0.566208590832,
    0.594240330607,0.632846731992,0.647030548643,0.653994219385,
    0.660957890129,0.688943270658,0.72894170931,0.757988604794,
    0.779416188168,0.829965053674,0.87401143766,0.892383464011,
    0.91770479859,0.951971266946,1.,1.047140272204),.UNSPECIFIED.);
#4133 = CARTESIAN_POINT('',(-87.84034036068,101.32784861569,1.5));
#4134 = CARTESIAN_POINT('',(-87.84034026336,101.19012020925,1.5));
#4135 = CARTESIAN_POINT('',(-87.85022052664,101.05123173215,1.5));
#4136 = CARTESIAN_POINT('',(-87.87031122358,100.91234702356,1.5));
#4137 = CARTESIAN_POINT('',(-87.90069775833,100.77464257423,1.5));
#4138 = CARTESIAN_POINT('',(-87.97015511054,100.54272304333,1.5));
#4139 = CARTESIAN_POINT('',(-88.00424345251,100.44734933827,1.5));
#4140 = CARTESIAN_POINT('',(-88.04344595682,100.35359287566,1.5));
#4141 = CARTESIAN_POINT('',(-88.08765455091,100.26186092478,1.5));
#4142 = CARTESIAN_POINT('',(-88.17295349334,100.10654403128,1.5));
#4143 = CARTESIAN_POINT('',(-88.2118456927,100.0418617758,1.5));
#4144 = CARTESIAN_POINT('',(-88.25331753994,99.978655221982,1.5));
#4145 = CARTESIAN_POINT('',(-88.29728923422,99.917073781816,1.5));
#4146 = CARTESIAN_POINT('',(-88.37731600017,99.813860028817,1.5));
#4147 = CARTESIAN_POINT('',(-88.41223191041,99.771390960269,1.5));
#4148 = CARTESIAN_POINT('',(-88.44837846793,99.729905733292,1.5));
#4149 = CARTESIAN_POINT('',(-88.48571627119,99.689455569346,1.5));
#4150 = CARTESIAN_POINT('',(-88.61647137548,99.55570896553,1.5));
#4151 = CARTESIAN_POINT('',(-88.71534371454,99.467554709777,1.5));
#4152 = CARTESIAN_POINT('',(-88.82022153193,99.386299489385,1.5));
#4153 = CARTESIAN_POINT('',(-88.9304157495,99.312504234839,1.5));
#4154 = CARTESIAN_POINT('',(-89.1768134117,99.171004094412,1.5));
#4155 = CARTESIAN_POINT('',(-89.31446518275,99.105801126826,1.5));
#4156 = CARTESIAN_POINT('',(-89.45691641638,99.051686460658,1.5));
#4157 = CARTESIAN_POINT('',(-89.60289916963,99.009100707968,1.5));
#4158 = CARTESIAN_POINT('',(-89.81386916434,98.965168337646,1.5));
#4159 = CARTESIAN_POINT('',(-89.87706888104,98.954197166999,1.5));
#4160 = CARTESIAN_POINT('',(-89.94055998477,98.945348773189,1.5));
#4161 = CARTESIAN_POINT('',(-90.00424013792,98.93862993801,1.5));
#4162 = CARTESIAN_POINT('',(-90.15444685912,98.927816013683,1.5));
#4163 = CARTESIAN_POINT('',(-90.24104618175,98.925503347607,1.5));
#4164 = CARTESIAN_POINT('',(-90.32754726465,98.927097474858,1.5));
#4165 = CARTESIAN_POINT('',(-90.41369616383,98.932566117937,1.5));
#4166 = CARTESIAN_POINT('',(-90.61704095849,98.954630391459,1.5));
#4167 = CARTESIAN_POINT('',(-90.73369979889,98.97464403983,1.5));
#4168 = CARTESIAN_POINT('',(-90.84856017658,99.001729800384,1.5));
#4169 = CARTESIAN_POINT('',(-90.96100226381,99.035626135152,1.5));
#4170 = CARTESIAN_POINT('',(-91.14701785213,99.104196289663,1.5));
#4171 = CARTESIAN_POINT('',(-91.22212416411,99.135579365558,1.5));
#4172 = CARTESIAN_POINT('',(-91.29556585063,99.169994266503,1.5));
#4173 = CARTESIAN_POINT('',(-91.36716113325,99.20729355697,1.5));
#4174 = CARTESIAN_POINT('',(-91.45403181775,99.257247912001,1.5));
#4175 = CARTESIAN_POINT('',(-91.47130805308,99.267421233385,1.5));
#4176 = CARTESIAN_POINT('',(-91.48858270371,99.277838105769,1.5));
#4177 = CARTESIAN_POINT('',(-91.50585291396,99.288502613283,1.5));
#4178 = CARTESIAN_POINT('',(-91.57631890463,99.333064486955,1.5));
#4179 = CARTESIAN_POINT('',(-91.62861860845,99.368581201258,1.5));
#4180 = CARTESIAN_POINT('',(-91.67989508351,99.405928268672,1.5));
#4181 = CARTESIAN_POINT('',(-91.73004554928,99.445062886284,1.5));
#4182 = CARTESIAN_POINT('',(-91.86856312567,99.560772060056,1.5));
#4183 = CARTESIAN_POINT('',(-91.95405140491,99.641432630386,1.5));
#4184 = CARTESIAN_POINT('',(-92.03483095596,99.727590908479,1.5));
#4185 = CARTESIAN_POINT('',(-92.11036542675,99.818838701021,1.5));
#4186 = CARTESIAN_POINT('',(-92.2308853582,99.984275544775,1.5));
#4187 = CARTESIAN_POINT('',(-92.27857240828,100.05629270155,1.5));
#4188 = CARTESIAN_POINT('',(-92.32307110345,100.13054734716,1.5));
#4189 = CARTESIAN_POINT('',(-92.36422683433,100.20683498275,1.5));
#4190 = CARTESIAN_POINT('',(-92.42829790154,100.3396297887,1.5));
#4191 = CARTESIAN_POINT('',(-92.45298363075,100.39521421837,1.5));
#4192 = CARTESIAN_POINT('',(-92.47592042885,100.4516115504,1.5));
#4193 = CARTESIAN_POINT('',(-92.49706936798,100.5087429787,1.5));
#4194 = CARTESIAN_POINT('',(-92.56543711896,100.7131349264,1.5));
#4195 = CARTESIAN_POINT('',(-92.60275751494,100.8639506206,1.5));
#4196 = CARTESIAN_POINT('',(-92.62781899622,101.01762007397,1.5));
#4197 = CARTESIAN_POINT('',(-92.64035066657,101.17273820488,1.5));
#4198 = CARTESIAN_POINT('',(-92.64035066657,101.4829590265,1.5));
#4199 = CARTESIAN_POINT('',(-92.62781899622,101.63807715741,1.5));
#4200 = CARTESIAN_POINT('',(-92.60275751494,101.79174661077,1.5));
#4201 = CARTESIAN_POINT('',(-92.56543711896,101.94256230498,1.5));
#4202 = CARTESIAN_POINT('',(-92.49706936798,102.14695425267,1.5));
#4203 = CARTESIAN_POINT('',(-92.47592042885,102.20408568098,1.5));
#4204 = CARTESIAN_POINT('',(-92.45298363075,102.26048301301,1.5));
#4205 = CARTESIAN_POINT('',(-92.42829790154,102.31606744268,1.5));
#4206 = CARTESIAN_POINT('',(-92.36422683433,102.44886224863,1.5));
#4207 = CARTESIAN_POINT('',(-92.32307110345,102.52514988422,1.5));
#4208 = CARTESIAN_POINT('',(-92.27857240828,102.59940452983,1.5));
#4209 = CARTESIAN_POINT('',(-92.2308853582,102.67142168661,1.5));
#4210 = CARTESIAN_POINT('',(-92.11036542676,102.83685853036,1.5));
#4211 = CARTESIAN_POINT('',(-92.03483095596,102.9281063229,1.5));
#4212 = CARTESIAN_POINT('',(-91.95405140491,103.014264601,1.5));
#4213 = CARTESIAN_POINT('',(-91.86856312567,103.09492517133,1.5));
#4214 = CARTESIAN_POINT('',(-91.74605626952,103.19725994773,1.5));
#4215 = CARTESIAN_POINT('',(-91.71258667447,103.22397012684,1.5));
#4216 = CARTESIAN_POINT('',(-91.67859288555,103.24987898432,1.5));
#4217 = CARTESIAN_POINT('',(-91.64410573739,103.27497256557,1.5));
#4218 = CARTESIAN_POINT('',(-91.5919986785,103.31115248997,1.5));
#4219 = CARTESIAN_POINT('',(-91.57480833748,103.32281172478,1.5));
#4220 = CARTESIAN_POINT('',(-91.55759192861,103.33421868928,1.5));
#4221 = CARTESIAN_POINT('',(-91.54035512052,103.3453757806,1.5));
#4222 = CARTESIAN_POINT('',(-91.50585291397,103.3671946181,1.5));
#4223 = CARTESIAN_POINT('',(-91.48858270371,103.37785912561,1.5));
#4224 = CARTESIAN_POINT('',(-91.47130805308,103.388275998,1.5));
#4225 = CARTESIAN_POINT('',(-91.45403181775,103.39844931938,1.5));
#4226 = CARTESIAN_POINT('',(-91.36716113325,103.44840367441,1.5));
#4227 = CARTESIAN_POINT('',(-91.29556585063,103.48570296488,1.5));
#4228 = CARTESIAN_POINT('',(-91.22212416411,103.52011786582,1.5));
#4229 = CARTESIAN_POINT('',(-91.14701785213,103.55150094172,1.5));
#4230 = CARTESIAN_POINT('',(-90.96100226381,103.62007109623,1.5));
#4231 = CARTESIAN_POINT('',(-90.84856017658,103.653967431,1.5));
#4232 = CARTESIAN_POINT('',(-90.73369979889,103.68105319155,1.5));
#4233 = CARTESIAN_POINT('',(-90.61704095849,103.70106683992,1.5));
#4234 = CARTESIAN_POINT('',(-90.41369616383,103.72313111345,1.5));
#4235 = CARTESIAN_POINT('',(-90.32754726465,103.72859975652,1.5));
#4236 = CARTESIAN_POINT('',(-90.24104618175,103.73019388378,1.5));
#4237 = CARTESIAN_POINT('',(-90.15444685913,103.7278812177,1.5));
#4238 = CARTESIAN_POINT('',(-90.00424013792,103.71706729337,1.5));
#4239 = CARTESIAN_POINT('',(-89.94055998477,103.71034845819,1.5));
#4240 = CARTESIAN_POINT('',(-89.87706888104,103.70150006438,1.5));
#4241 = CARTESIAN_POINT('',(-89.81386916434,103.69052889374,1.5));
#4242 = CARTESIAN_POINT('',(-89.60289916963,103.64659652342,1.5));
#4243 = CARTESIAN_POINT('',(-89.45691641638,103.60401077073,1.5));
#4244 = CARTESIAN_POINT('',(-89.31446518275,103.54989610456,1.5));
#4245 = CARTESIAN_POINT('',(-89.1768134117,103.48469313697,1.5));
#4246 = CARTESIAN_POINT('',(-88.9304157495,103.34319299655,1.5));
#4247 = CARTESIAN_POINT('',(-88.82022153193,103.269397742,1.5));
#4248 = CARTESIAN_POINT('',(-88.71534371454,103.18814252161,1.5));
#4249 = CARTESIAN_POINT('',(-88.61647137548,103.09998826586,1.5));
#4250 = CARTESIAN_POINT('',(-88.48571627119,102.96624166204,1.5));
#4251 = CARTESIAN_POINT('',(-88.44837846793,102.92579149809,1.5));
#4252 = CARTESIAN_POINT('',(-88.41223191041,102.88430627112,1.5));
#4253 = CARTESIAN_POINT('',(-88.37731600017,102.84183720257,1.5));
#4254 = CARTESIAN_POINT('',(-88.29728923422,102.73862344957,1.5));
#4255 = CARTESIAN_POINT('',(-88.25331753994,102.67704200941,1.5));
#4256 = CARTESIAN_POINT('',(-88.2118456927,102.61383545558,1.5));
#4257 = CARTESIAN_POINT('',(-88.17295349334,102.5491532001,1.5));
#4258 = CARTESIAN_POINT('',(-88.08765455091,102.3938363066,1.5));
#4259 = CARTESIAN_POINT('',(-88.04344595682,102.30210435572,1.5));
#4260 = CARTESIAN_POINT('',(-88.00424345251,102.20834789311,1.5));
#4261 = CARTESIAN_POINT('',(-87.97015511054,102.11297418805,1.5));
#4262 = CARTESIAN_POINT('',(-87.90069775833,101.88105465715,1.5));
#4263 = CARTESIAN_POINT('',(-87.87031122358,101.74335020783,1.5));
#4264 = CARTESIAN_POINT('',(-87.85022052664,101.60446549923,1.5));
#4265 = CARTESIAN_POINT('',(-87.84034026336,101.46557702214,1.5));
#4266 = CARTESIAN_POINT('',(-87.84034036068,101.32784861569,1.5));
#4267 = ORIENTED_EDGE('',*,*,#4268,.F.);
#4268 = EDGE_CURVE('',#2755,#3834,#4269,.T.);
#4269 = B_SPLINE_CURVE_WITH_KNOTS('',5,(#4270,#4271,#4272,#4273,#4274,
    #4275,#4276,#4277,#4278,#4279,#4280,#4281,#4282,#4283,#4284,#4285,
    #4286,#4287,#4288,#4289,#4290,#4291,#4292,#4293,#4294,#4295,#4296,
    #4297,#4298,#4299,#4300,#4301,#4302,#4303,#4304,#4305,#4306,#4307,
    #4308,#4309,#4310,#4311,#4312,#4313,#4314,#4315,#4316,#4317,#4318,
    #4319,#4320,#4321,#4322,#4323,#4324,#4325,#4326,#4327,#4328,#4329,
    #4330,#4331,#4332,#4333,#4334,#4335,#4336,#4337,#4338,#4339,#4340,
    #4341,#4342,#4343,#4344,#4345,#4346,#4347,#4348,#4349,#4350,#4351,
    #4352,#4353,#4354,#4355,#4356,#4357,#4358,#4359,#4360,#4361,#4362,
    #4363,#4364,#4365,#4366,#4367,#4368,#4369,#4370,#4371,#4372,#4373,
    #4374,#4375,#4376,#4377,#4378,#4379,#4380,#4381,#4382,#4383,#4384,
    #4385,#4386,#4387,#4388,#4389,#4390,#4391,#4392,#4393,#4394,#4395,
    #4396,#4397,#4398,#4399,#4400,#4401,#4402,#4403),.UNSPECIFIED.,.T.,
  .F.,(1,5,4,4,4,4,4,4,4,4,4,4,4,4,4,4,4,4,4,4,4,4,4,4,4,4,4,4,4,4,4,4,4
    ,4,5,1),(-4.8028733054E-02,0.,4.714027220377E-02,8.077286134411E-02,
    0.105625788513,0.123657959426,0.166889550156,0.216503336071,
    0.2375345407,0.266044111382,0.305302637806,0.332770329998,
    0.339605183085,0.360688273858,0.399294675244,0.427326415018,
    0.44695804461,0.496767502925,0.54657696124,0.566208590832,
    0.594240330607,0.632846731992,0.647030548643,0.653994219385,
    0.660957890129,0.688943270658,0.72894170931,0.757988604794,
    0.779416188168,0.829965053674,0.87401143766,0.892383464011,
    0.91770479859,0.951971266946,1.,1.047140272204),.UNSPECIFIED.);
#4270 = CARTESIAN_POINT('',(-87.84034036068,99.827848615697,1.5));
#4271 = CARTESIAN_POINT('',(-87.84034026336,99.69012020925,1.5));
#4272 = CARTESIAN_POINT('',(-87.85022052664,99.551231732158,1.5));
#4273 = CARTESIAN_POINT('',(-87.87031122358,99.412347023563,1.5));
#4274 = CARTESIAN_POINT('',(-87.90069775833,99.274642574234,1.5));
#4275 = CARTESIAN_POINT('',(-87.97015511054,99.042723043335,1.5));
#4276 = CARTESIAN_POINT('',(-88.00424345251,98.947349338276,1.5));
#4277 = CARTESIAN_POINT('',(-88.04344595682,98.853592875667,1.5));
#4278 = CARTESIAN_POINT('',(-88.08765455091,98.761860924788,1.5));
#4279 = CARTESIAN_POINT('',(-88.17295349334,98.606544031286,1.5));
#4280 = CARTESIAN_POINT('',(-88.2118456927,98.541861775809,1.5));
#4281 = CARTESIAN_POINT('',(-88.25331753994,98.478655221982,1.5));
#4282 = CARTESIAN_POINT('',(-88.29728923422,98.417073781816,1.5));
#4283 = CARTESIAN_POINT('',(-88.37731600017,98.313860028817,1.5));
#4284 = CARTESIAN_POINT('',(-88.41223191041,98.271390960269,1.5));
#4285 = CARTESIAN_POINT('',(-88.44837846793,98.229905733292,1.5));
#4286 = CARTESIAN_POINT('',(-88.48571627119,98.189455569346,1.5));
#4287 = CARTESIAN_POINT('',(-88.61647137548,98.05570896553,1.5));
#4288 = CARTESIAN_POINT('',(-88.71534371454,97.967554709777,1.5));
#4289 = CARTESIAN_POINT('',(-88.82022153193,97.886299489385,1.5));
#4290 = CARTESIAN_POINT('',(-88.9304157495,97.812504234839,1.5));
#4291 = CARTESIAN_POINT('',(-89.1768134117,97.671004094412,1.5));
#4292 = CARTESIAN_POINT('',(-89.31446518275,97.605801126826,1.5));
#4293 = CARTESIAN_POINT('',(-89.45691641638,97.551686460658,1.5));
#4294 = CARTESIAN_POINT('',(-89.60289916963,97.509100707968,1.5));
#4295 = CARTESIAN_POINT('',(-89.81386916434,97.465168337646,1.5));
#4296 = CARTESIAN_POINT('',(-89.87706888104,97.454197166999,1.5));
#4297 = CARTESIAN_POINT('',(-89.94055998477,97.445348773189,1.5));
#4298 = CARTESIAN_POINT('',(-90.00424013792,97.43862993801,1.5));
#4299 = CARTESIAN_POINT('',(-90.15444685912,97.427816013683,1.5));
#4300 = CARTESIAN_POINT('',(-90.24104618175,97.425503347607,1.5));
#4301 = CARTESIAN_POINT('',(-90.32754726465,97.427097474858,1.5));
#4302 = CARTESIAN_POINT('',(-90.41369616383,97.432566117937,1.5));
#4303 = CARTESIAN_POINT('',(-90.61704095849,97.454630391459,1.5));
#4304 = CARTESIAN_POINT('',(-90.73369979889,97.47464403983,1.5));
#4305 = CARTESIAN_POINT('',(-90.84856017658,97.501729800384,1.5));
#4306 = CARTESIAN_POINT('',(-90.96100226381,97.535626135152,1.5));
#4307 = CARTESIAN_POINT('',(-91.14701785213,97.604196289663,1.5));
#4308 = CARTESIAN_POINT('',(-91.22212416411,97.635579365558,1.5));
#4309 = CARTESIAN_POINT('',(-91.29556585063,97.669994266503,1.5));
#4310 = CARTESIAN_POINT('',(-91.36716113325,97.70729355697,1.5));
#4311 = CARTESIAN_POINT('',(-91.45403181775,97.757247912001,1.5));
#4312 = CARTESIAN_POINT('',(-91.47130805308,97.767421233385,1.5));
#4313 = CARTESIAN_POINT('',(-91.48858270371,97.777838105769,1.5));
#4314 = CARTESIAN_POINT('',(-91.50585291396,97.788502613283,1.5));
#4315 = CARTESIAN_POINT('',(-91.57631890463,97.833064486955,1.5));
#4316 = CARTESIAN_POINT('',(-91.62861860845,97.868581201258,1.5));
#4317 = CARTESIAN_POINT('',(-91.67989508351,97.905928268672,1.5));
#4318 = CARTESIAN_POINT('',(-91.73004554928,97.945062886284,1.5));
#4319 = CARTESIAN_POINT('',(-91.86856312567,98.060772060056,1.5));
#4320 = CARTESIAN_POINT('',(-91.95405140491,98.141432630386,1.5));
#4321 = CARTESIAN_POINT('',(-92.03483095596,98.227590908479,1.5));
#4322 = CARTESIAN_POINT('',(-92.11036542675,98.318838701021,1.5));
#4323 = CARTESIAN_POINT('',(-92.2308853582,98.484275544775,1.5));
#4324 = CARTESIAN_POINT('',(-92.27857240828,98.556292701557,1.5));
#4325 = CARTESIAN_POINT('',(-92.32307110345,98.630547347164,1.5));
#4326 = CARTESIAN_POINT('',(-92.36422683433,98.706834982755,1.5));
#4327 = CARTESIAN_POINT('',(-92.42829790154,98.8396297887,1.5));
#4328 = CARTESIAN_POINT('',(-92.45298363075,98.895214218373,1.5));
#4329 = CARTESIAN_POINT('',(-92.47592042885,98.951611550407,1.5));
#4330 = CARTESIAN_POINT('',(-92.49706936798,99.008742978709,1.5));
#4331 = CARTESIAN_POINT('',(-92.56543711896,99.213134926404,1.5));
#4332 = CARTESIAN_POINT('',(-92.60275751494,99.363950620608,1.5));
#4333 = CARTESIAN_POINT('',(-92.62781899622,99.517620073975,1.5));
#4334 = CARTESIAN_POINT('',(-92.64035066657,99.672738204883,1.5));
#4335 = CARTESIAN_POINT('',(-92.64035066657,99.982959026504,1.5));
#4336 = CARTESIAN_POINT('',(-92.62781899622,100.13807715741,1.5));
#4337 = CARTESIAN_POINT('',(-92.60275751494,100.29174661077,1.5));
#4338 = CARTESIAN_POINT('',(-92.56543711896,100.44256230498,1.5));
#4339 = CARTESIAN_POINT('',(-92.49706936798,100.64695425267,1.5));
#4340 = CARTESIAN_POINT('',(-92.47592042885,100.70408568098,1.5));
#4341 = CARTESIAN_POINT('',(-92.45298363075,100.76048301301,1.5));
#4342 = CARTESIAN_POINT('',(-92.42829790154,100.81606744268,1.5));
#4343 = CARTESIAN_POINT('',(-92.36422683433,100.94886224863,1.5));
#4344 = CARTESIAN_POINT('',(-92.32307110345,101.02514988422,1.5));
#4345 = CARTESIAN_POINT('',(-92.27857240828,101.09940452983,1.5));
#4346 = CARTESIAN_POINT('',(-92.2308853582,101.17142168661,1.5));
#4347 = CARTESIAN_POINT('',(-92.11036542676,101.33685853036,1.5));
#4348 = CARTESIAN_POINT('',(-92.03483095596,101.4281063229,1.5));
#4349 = CARTESIAN_POINT('',(-91.95405140491,101.514264601,1.5));
#4350 = CARTESIAN_POINT('',(-91.86856312567,101.59492517133,1.5));
#4351 = CARTESIAN_POINT('',(-91.74605626952,101.69725994773,1.5));
#4352 = CARTESIAN_POINT('',(-91.71258667447,101.72397012684,1.5));
#4353 = CARTESIAN_POINT('',(-91.67859288555,101.74987898432,1.5));
#4354 = CARTESIAN_POINT('',(-91.64410573739,101.77497256557,1.5));
#4355 = CARTESIAN_POINT('',(-91.5919986785,101.81115248997,1.5));
#4356 = CARTESIAN_POINT('',(-91.57480833748,101.82281172478,1.5));
#4357 = CARTESIAN_POINT('',(-91.55759192861,101.83421868928,1.5));
#4358 = CARTESIAN_POINT('',(-91.54035512052,101.8453757806,1.5));
#4359 = CARTESIAN_POINT('',(-91.50585291397,101.8671946181,1.5));
#4360 = CARTESIAN_POINT('',(-91.48858270371,101.87785912561,1.5));
#4361 = CARTESIAN_POINT('',(-91.47130805308,101.888275998,1.5));
#4362 = CARTESIAN_POINT('',(-91.45403181775,101.89844931938,1.5));
#4363 = CARTESIAN_POINT('',(-91.36716113325,101.94840367441,1.5));
#4364 = CARTESIAN_POINT('',(-91.29556585063,101.98570296488,1.5));
#4365 = CARTESIAN_POINT('',(-91.22212416411,102.02011786582,1.5));
#4366 = CARTESIAN_POINT('',(-91.14701785213,102.05150094172,1.5));
#4367 = CARTESIAN_POINT('',(-90.96100226381,102.12007109623,1.5));
#4368 = CARTESIAN_POINT('',(-90.84856017658,102.153967431,1.5));
#4369 = CARTESIAN_POINT('',(-90.73369979889,102.18105319155,1.5));
#4370 = CARTESIAN_POINT('',(-90.61704095849,102.20106683992,1.5));
#4371 = CARTESIAN_POINT('',(-90.41369616383,102.22313111345,1.5));
#4372 = CARTESIAN_POINT('',(-90.32754726465,102.22859975652,1.5));
#4373 = CARTESIAN_POINT('',(-90.24104618175,102.23019388378,1.5));
#4374 = CARTESIAN_POINT('',(-90.15444685913,102.2278812177,1.5));
#4375 = CARTESIAN_POINT('',(-90.00424013792,102.21706729337,1.5));
#4376 = CARTESIAN_POINT('',(-89.94055998477,102.21034845819,1.5));
#4377 = CARTESIAN_POINT('',(-89.87706888104,102.20150006438,1.5));
#4378 = CARTESIAN_POINT('',(-89.81386916434,102.19052889374,1.5));
#4379 = CARTESIAN_POINT('',(-89.60289916963,102.14659652342,1.5));
#4380 = CARTESIAN_POINT('',(-89.45691641638,102.10401077073,1.5));
#4381 = CARTESIAN_POINT('',(-89.31446518275,102.04989610456,1.5));
#4382 = CARTESIAN_POINT('',(-89.1768134117,101.98469313697,1.5));
#4383 = CARTESIAN_POINT('',(-88.9304157495,101.84319299655,1.5));
#4384 = CARTESIAN_POINT('',(-88.82022153193,101.769397742,1.5));
#4385 = CARTESIAN_POINT('',(-88.71534371454,101.68814252161,1.5));
#4386 = CARTESIAN_POINT('',(-88.61647137548,101.59998826586,1.5));
#4387 = CARTESIAN_POINT('',(-88.48571627119,101.46624166204,1.5));
#4388 = CARTESIAN_POINT('',(-88.44837846793,101.42579149809,1.5));
#4389 = CARTESIAN_POINT('',(-88.41223191041,101.38430627112,1.5));
#4390 = CARTESIAN_POINT('',(-88.37731600017,101.34183720257,1.5));
#4391 = CARTESIAN_POINT('',(-88.29728923422,101.23862344957,1.5));
#4392 = CARTESIAN_POINT('',(-88.25331753994,101.17704200941,1.5));
#4393 = CARTESIAN_POINT('',(-88.2118456927,101.11383545558,1.5));
#4394 = CARTESIAN_POINT('',(-88.17295349334,101.0491532001,1.5));
#4395 = CARTESIAN_POINT('',(-88.08765455091,100.8938363066,1.5));
#4396 = CARTESIAN_POINT('',(-88.04344595682,100.80210435572,1.5));
#4397 = CARTESIAN_POINT('',(-88.00424345251,100.70834789311,1.5));
#4398 = CARTESIAN_POINT('',(-87.97015511054,100.61297418805,1.5));
#4399 = CARTESIAN_POINT('',(-87.90069775833,100.38105465715,1.5));
#4400 = CARTESIAN_POINT('',(-87.87031122358,100.24335020783,1.5));
#4401 = CARTESIAN_POINT('',(-87.85022052664,100.10446549923,1.5));
#4402 = CARTESIAN_POINT('',(-87.84034026336,99.965577022144,1.5));
#4403 = CARTESIAN_POINT('',(-87.84034036068,99.827848615697,1.5));
#4404 = ORIENTED_EDGE('',*,*,#2754,.F.);
#4405 = ORIENTED_EDGE('',*,*,#4406,.F.);
#4406 = EDGE_CURVE('',#3993,#2748,#4407,.T.);
#4407 = B_SPLINE_CURVE_WITH_KNOTS('',5,(#4408,#4409,#4410,#4411,#4412,
    #4413,#4414,#4415,#4416,#4417,#4418,#4419,#4420,#4421,#4422,#4423,
    #4424,#4425,#4426,#4427,#4428,#4429,#4430,#4431,#4432,#4433,#4434,
    #4435,#4436,#4437,#4438,#4439,#4440,#4441,#4442,#4443,#4444,#4445,
    #4446,#4447,#4448,#4449,#4450,#4451,#4452,#4453,#4454,#4455,#4456,
    #4457,#4458,#4459,#4460,#4461,#4462,#4463,#4464,#4465,#4466,#4467,
    #4468,#4469,#4470,#4471,#4472,#4473,#4474,#4475,#4476,#4477,#4478,
    #4479,#4480,#4481,#4482,#4483,#4484,#4485,#4486,#4487,#4488,#4489,
    #4490,#4491,#4492,#4493,#4494,#4495,#4496,#4497,#4498,#4499,#4500,
    #4501,#4502,#4503,#4504,#4505,#4506,#4507,#4508,#4509,#4510,#4511,
    #4512,#4513,#4514,#4515,#4516,#4517,#4518,#4519,#4520,#4521,#4522,
    #4523,#4524,#4525,#4526,#4527,#4528,#4529,#4530,#4531,#4532,#4533,
    #4534,#4535,#4536,#4537,#4538,#4539,#4540,#4541),.UNSPECIFIED.,.T.,
  .F.,(1,5,4,4,4,4,4,4,4,4,4,4,4,4,4,4,4,4,4,4,4,4,4,4,4,4,4,4,4,4,4,4,4
    ,4,5,1),(-4.8028733054E-02,0.,4.714027220377E-02,8.077286134411E-02,
    0.105625788513,0.123657959426,0.166889550156,0.216503336071,
    0.2375345407,0.266044111382,0.305302637806,0.332770329998,
    0.339605183085,0.360688273858,0.399294675244,0.427326415018,
    0.44695804461,0.496767502925,0.54657696124,0.566208590832,
    0.594240330607,0.632846731992,0.647030548643,0.653994219385,
    0.660957890129,0.688943270658,0.72894170931,0.757988604794,
    0.779416188168,0.829965053674,0.87401143766,0.892383464011,
    0.91770479859,0.951971266946,1.,1.047140272204),.UNSPECIFIED.);
#4408 = CARTESIAN_POINT('',(-87.84034036068,99.827848615697,1.5));
#4409 = CARTESIAN_POINT('',(-87.84034026336,99.69012020925,1.5));
#4410 = CARTESIAN_POINT('',(-87.85022052664,99.551231732158,1.5));
#4411 = CARTESIAN_POINT('',(-87.87031122358,99.412347023563,1.5));
#4412 = CARTESIAN_POINT('',(-87.90069775833,99.274642574234,1.5));
#4413 = CARTESIAN_POINT('',(-87.97015511054,99.042723043335,1.5));
#4414 = CARTESIAN_POINT('',(-88.00424345251,98.947349338276,1.5));
#4415 = CARTESIAN_POINT('',(-88.04344595682,98.853592875667,1.5));
#4416 = CARTESIAN_POINT('',(-88.08765455091,98.761860924788,1.5));
#4417 = CARTESIAN_POINT('',(-88.17295349334,98.606544031286,1.5));
#4418 = CARTESIAN_POINT('',(-88.2118456927,98.541861775809,1.5));
#4419 = CARTESIAN_POINT('',(-88.25331753994,98.478655221982,1.5));
#4420 = CARTESIAN_POINT('',(-88.29728923422,98.417073781816,1.5));
#4421 = CARTESIAN_POINT('',(-88.37731600017,98.313860028817,1.5));
#4422 = CARTESIAN_POINT('',(-88.41223191041,98.271390960269,1.5));
#4423 = CARTESIAN_POINT('',(-88.44837846793,98.229905733292,1.5));
#4424 = CARTESIAN_POINT('',(-88.48571627119,98.189455569346,1.5));
#4425 = CARTESIAN_POINT('',(-88.61647137548,98.05570896553,1.5));
#4426 = CARTESIAN_POINT('',(-88.71534371454,97.967554709777,1.5));
#4427 = CARTESIAN_POINT('',(-88.82022153193,97.886299489385,1.5));
#4428 = CARTESIAN_POINT('',(-88.9304157495,97.812504234839,1.5));
#4429 = CARTESIAN_POINT('',(-89.1768134117,97.671004094412,1.5));
#4430 = CARTESIAN_POINT('',(-89.31446518275,97.605801126826,1.5));
#4431 = CARTESIAN_POINT('',(-89.45691641638,97.551686460658,1.5));
#4432 = CARTESIAN_POINT('',(-89.60289916963,97.509100707968,1.5));
#4433 = CARTESIAN_POINT('',(-89.81386916434,97.465168337646,1.5));
#4434 = CARTESIAN_POINT('',(-89.87706888104,97.454197166999,1.5));
#4435 = CARTESIAN_POINT('',(-89.94055998477,97.445348773189,1.5));
#4436 = CARTESIAN_POINT('',(-90.00424013792,97.43862993801,1.5));
#4437 = CARTESIAN_POINT('',(-90.15444685912,97.427816013683,1.5));
#4438 = CARTESIAN_POINT('',(-90.24104618175,97.425503347607,1.5));
#4439 = CARTESIAN_POINT('',(-90.32754726465,97.427097474858,1.5));
#4440 = CARTESIAN_POINT('',(-90.41369616383,97.432566117937,1.5));
#4441 = CARTESIAN_POINT('',(-90.61704095849,97.454630391459,1.5));
#4442 = CARTESIAN_POINT('',(-90.73369979889,97.47464403983,1.5));
#4443 = CARTESIAN_POINT('',(-90.84856017658,97.501729800384,1.5));
#4444 = CARTESIAN_POINT('',(-90.96100226381,97.535626135152,1.5));
#4445 = CARTESIAN_POINT('',(-91.14701785213,97.604196289663,1.5));
#4446 = CARTESIAN_POINT('',(-91.22212416411,97.635579365558,1.5));
#4447 = CARTESIAN_POINT('',(-91.29556585063,97.669994266503,1.5));
#4448 = CARTESIAN_POINT('',(-91.36716113325,97.70729355697,1.5));
#4449 = CARTESIAN_POINT('',(-91.45403181775,97.757247912001,1.5));
#4450 = CARTESIAN_POINT('',(-91.47130805308,97.767421233385,1.5));
#4451 = CARTESIAN_POINT('',(-91.48858270371,97.777838105769,1.5));
#4452 = CARTESIAN_POINT('',(-91.50585291396,97.788502613283,1.5));
#4453 = CARTESIAN_POINT('',(-91.57631890463,97.833064486955,1.5));
#4454 = CARTESIAN_POINT('',(-91.62861860845,97.868581201258,1.5));
#4455 = CARTESIAN_POINT('',(-91.67989508351,97.905928268672,1.5));
#4456 = CARTESIAN_POINT('',(-91.73004554928,97.945062886284,1.5));
#4457 = CARTESIAN_POINT('',(-91.86856312567,98.060772060056,1.5));
#4458 = CARTESIAN_POINT('',(-91.95405140491,98.141432630386,1.5));
#4459 = CARTESIAN_POINT('',(-92.03483095596,98.227590908479,1.5));
#4460 = CARTESIAN_POINT('',(-92.11036542675,98.318838701021,1.5));
#4461 = CARTESIAN_POINT('',(-92.2308853582,98.484275544775,1.5));
#4462 = CARTESIAN_POINT('',(-92.27857240828,98.556292701557,1.5));
#4463 = CARTESIAN_POINT('',(-92.32307110345,98.630547347164,1.5));
#4464 = CARTESIAN_POINT('',(-92.36422683433,98.706834982755,1.5));
#4465 = CARTESIAN_POINT('',(-92.42829790154,98.8396297887,1.5));
#4466 = CARTESIAN_POINT('',(-92.45298363075,98.895214218373,1.5));
#4467 = CARTESIAN_POINT('',(-92.47592042885,98.951611550407,1.5));
#4468 = CARTESIAN_POINT('',(-92.49706936798,99.008742978709,1.5));
#4469 = CARTESIAN_POINT('',(-92.56543711896,99.213134926404,1.5));
#4470 = CARTESIAN_POINT('',(-92.60275751494,99.363950620608,1.5));
#4471 = CARTESIAN_POINT('',(-92.62781899622,99.517620073975,1.5));
#4472 = CARTESIAN_POINT('',(-92.64035066657,99.672738204883,1.5));
#4473 = CARTESIAN_POINT('',(-92.64035066657,99.982959026504,1.5));
#4474 = CARTESIAN_POINT('',(-92.62781899622,100.13807715741,1.5));
#4475 = CARTESIAN_POINT('',(-92.60275751494,100.29174661077,1.5));
#4476 = CARTESIAN_POINT('',(-92.56543711896,100.44256230498,1.5));
#4477 = CARTESIAN_POINT('',(-92.49706936798,100.64695425267,1.5));
#4478 = CARTESIAN_POINT('',(-92.47592042885,100.70408568098,1.5));
#4479 = CARTESIAN_POINT('',(-92.45298363075,100.76048301301,1.5));
#4480 = CARTESIAN_POINT('',(-92.42829790154,100.81606744268,1.5));
#4481 = CARTESIAN_POINT('',(-92.36422683433,100.94886224863,1.5));
#4482 = CARTESIAN_POINT('',(-92.32307110345,101.02514988422,1.5));
#4483 = CARTESIAN_POINT('',(-92.27857240828,101.09940452983,1.5));
#4484 = CARTESIAN_POINT('',(-92.2308853582,101.17142168661,1.5));
#4485 = CARTESIAN_POINT('',(-92.11036542676,101.33685853036,1.5));
#4486 = CARTESIAN_POINT('',(-92.03483095596,101.4281063229,1.5));
#4487 = CARTESIAN_POINT('',(-91.95405140491,101.514264601,1.5));
#4488 = CARTESIAN_POINT('',(-91.86856312567,101.59492517133,1.5));
#4489 = CARTESIAN_POINT('',(-91.74605626952,101.69725994773,1.5));
#4490 = CARTESIAN_POINT('',(-91.71258667447,101.72397012684,1.5));
#4491 = CARTESIAN_POINT('',(-91.67859288555,101.74987898432,1.5));
#4492 = CARTESIAN_POINT('',(-91.64410573739,101.77497256557,1.5));
#4493 = CARTESIAN_POINT('',(-91.5919986785,101.81115248997,1.5));
#4494 = CARTESIAN_POINT('',(-91.57480833748,101.82281172478,1.5));
#4495 = CARTESIAN_POINT('',(-91.55759192861,101.83421868928,1.5));
#4496 = CARTESIAN_POINT('',(-91.54035512052,101.8453757806,1.5));
#4497 = CARTESIAN_POINT('',(-91.50585291397,101.8671946181,1.5));
#4498 = CARTESIAN_POINT('',(-91.48858270371,101.87785912561,1.5));
#4499 = CARTESIAN_POINT('',(-91.47130805308,101.888275998,1.5));
#4500 = CARTESIAN_POINT('',(-91.45403181775,101.89844931938,1.5));
#4501 = CARTESIAN_POINT('',(-91.36716113325,101.94840367441,1.5));
#4502 = CARTESIAN_POINT('',(-91.29556585063,101.98570296488,1.5));
#4503 = CARTESIAN_POINT('',(-91.22212416411,102.02011786582,1.5));
#4504 = CARTESIAN_POINT('',(-91.14701785213,102.05150094172,1.5));
#4505 = CARTESIAN_POINT('',(-90.96100226381,102.12007109623,1.5));
#4506 = CARTESIAN_POINT('',(-90.84856017658,102.153967431,1.5));
#4507 = CARTESIAN_POINT('',(-90.73369979889,102.18105319155,1.5));
#4508 = CARTESIAN_POINT('',(-90.61704095849,102.20106683992,1.5));
#4509 = CARTESIAN_POINT('',(-90.41369616383,102.22313111345,1.5));
#4510 = CARTESIAN_POINT('',(-90.32754726465,102.22859975652,1.5));
#4511 = CARTESIAN_POINT('',(-90.24104618175,102.23019388378,1.5));
#4512 = CARTESIAN_POINT('',(-90.15444685913,102.2278812177,1.5));
#4513 = CARTESIAN_POINT('',(-90.00424013792,102.21706729337,1.5));
#4514 = CARTESIAN_POINT('',(-89.94055998477,102.21034845819,1.5));
#4515 = CARTESIAN_POINT('',(-89.87706888104,102.20150006438,1.5));
#4516 = CARTESIAN_POINT('',(-89.81386916434,102.19052889374,1.5));
#4517 = CARTESIAN_POINT('',(-89.60289916963,102.14659652342,1.5));
#4518 = CARTESIAN_POINT('',(-89.45691641638,102.10401077073,1.5));
#4519 = CARTESIAN_POINT('',(-89.31446518275,102.04989610456,1.5));
#4520 = CARTESIAN_POINT('',(-89.1768134117,101.98469313697,1.5));
#4521 = CARTESIAN_POINT('',(-88.9304157495,101.84319299655,1.5));
#4522 = CARTESIAN_POINT('',(-88.82022153193,101.769397742,1.5));
#4523 = CARTESIAN_POINT('',(-88.71534371454,101.68814252161,1.5));
#4524 = CARTESIAN_POINT('',(-88.61647137548,101.59998826586,1.5));
#4525 = CARTESIAN_POINT('',(-88.48571627119,101.46624166204,1.5));
#4526 = CARTESIAN_POINT('',(-88.44837846793,101.42579149809,1.5));
#4527 = CARTESIAN_POINT('',(-88.41223191041,101.38430627112,1.5));
#4528 = CARTESIAN_POINT('',(-88.37731600017,101.34183720257,1.5));
#4529 = CARTESIAN_POINT('',(-88.29728923422,101.23862344957,1.5));
#4530 = CARTESIAN_POINT('',(-88.25331753994,101.17704200941,1.5));
#4531 = CARTESIAN_POINT('',(-88.2118456927,101.11383545558,1.5));
#4532 = CARTESIAN_POINT('',(-88.17295349334,101.0491532001,1.5));
#4533 = CARTESIAN_POINT('',(-88.08765455091,100.8938363066,1.5));
#4534 = CARTESIAN_POINT('',(-88.04344595682,100.80210435572,1.5));
#4535 = CARTESIAN_POINT('',(-88.00424345251,100.70834789311,1.5));
#4536 = CARTESIAN_POINT('',(-87.97015511054,100.61297418805,1.5));
#4537 = CARTESIAN_POINT('',(-87.90069775833,100.38105465715,1.5));
#4538 = CARTESIAN_POINT('',(-87.87031122358,100.24335020783,1.5));
#4539 = CARTESIAN_POINT('',(-87.85022052664,100.10446549923,1.5));
#4540 = CARTESIAN_POINT('',(-87.84034026336,99.965577022144,1.5));
#4541 = CARTESIAN_POINT('',(-87.84034036068,99.827848615697,1.5));
#4542 = PLANE('',#4543);
#4543 = AXIS2_PLACEMENT_3D('',#4544,#4545,#4546);
#4544 = CARTESIAN_POINT('',(-97.76219329438,97.12,1.5));
#4545 = DIRECTION('',(0.,0.,1.));
#4546 = DIRECTION('',(1.,0.,-0.));
#4547 = ADVANCED_FACE('',(#4548),#4572,.T.);
#4548 = FACE_BOUND('',#4549,.T.);
#4549 = EDGE_LOOP('',(#4550,#4551,#4558,#4563,#4564,#4565,#4570,#4571));
#4550 = ORIENTED_EDGE('',*,*,#3466,.F.);
#4551 = ORIENTED_EDGE('',*,*,#4552,.T.);
#4552 = EDGE_CURVE('',#3460,#4553,#4555,.T.);
#4553 = VERTEX_POINT('',#4554);
#4554 = CARTESIAN_POINT('',(-85.60483616967,105.58235712471,1.5));
#4555 = B_SPLINE_CURVE_WITH_KNOTS('',1,(#4556,#4557),.UNSPECIFIED.,.F.,
  .F.,(2,2),(0.,118.1102),.PIECEWISE_BEZIER_KNOTS.);
#4556 = CARTESIAN_POINT('',(-85.60483616967,105.58235712471,-1.5));
#4557 = CARTESIAN_POINT('',(-85.60483616967,105.58235712471,
    1.50000508001));
#4558 = ORIENTED_EDGE('',*,*,#4559,.F.);
#4559 = EDGE_CURVE('',#3658,#4553,#4560,.T.);
#4560 = B_SPLINE_CURVE_WITH_KNOTS('',1,(#4561,#4562),.UNSPECIFIED.,.F.,
  .F.,(2,2),(0.,1.),.PIECEWISE_BEZIER_KNOTS.);
#4561 = CARTESIAN_POINT('',(-85.60483616967,97.12,1.5));
#4562 = CARTESIAN_POINT('',(-85.60483616967,105.58235712471,1.5));
#4563 = ORIENTED_EDGE('',*,*,#3664,.T.);
#4564 = ORIENTED_EDGE('',*,*,#2740,.T.);
#4565 = ORIENTED_EDGE('',*,*,#4566,.F.);
#4566 = EDGE_CURVE('',#3494,#2733,#4567,.T.);
#4567 = B_SPLINE_CURVE_WITH_KNOTS('',1,(#4568,#4569),.UNSPECIFIED.,.F.,
  .F.,(2,2),(0.,1.),.PIECEWISE_BEZIER_KNOTS.);
#4568 = CARTESIAN_POINT('',(-85.60483616967,97.11999998476,0.5));
#4569 = CARTESIAN_POINT('',(-85.60483616967,97.62,0.5));
#4570 = ORIENTED_EDGE('',*,*,#3493,.T.);
#4571 = ORIENTED_EDGE('',*,*,#3523,.T.);
#4572 = B_SPLINE_SURFACE_WITH_KNOTS('',1,1,(
    (#4573,#4574)
    ,(#4575,#4576
  )),.UNSPECIFIED.,.F.,.F.,.F.,(2,2),(2,2),(0.,333.19485),(-118.1102,0.)
  ,.PIECEWISE_BEZIER_KNOTS.);
#4573 = CARTESIAN_POINT('',(-85.60483616967,105.58235712471,
    1.50000508001));
#4574 = CARTESIAN_POINT('',(-85.60483616967,105.58235712471,-1.5));
#4575 = CARTESIAN_POINT('',(-85.60483616967,97.119191008382,
    1.50000508001));
#4576 = CARTESIAN_POINT('',(-85.60483616967,97.119191008382,-1.5));
#4577 = ADVANCED_FACE('',(#4578),#4588,.F.);
#4578 = FACE_BOUND('',#4579,.F.);
#4579 = EDGE_LOOP('',(#4580,#4581,#4582,#4587));
#4580 = ORIENTED_EDGE('',*,*,#4566,.F.);
#4581 = ORIENTED_EDGE('',*,*,#3502,.T.);
#4582 = ORIENTED_EDGE('',*,*,#4583,.F.);
#4583 = EDGE_CURVE('',#2726,#3503,#4584,.T.);
#4584 = B_SPLINE_CURVE_WITH_KNOTS('',1,(#4585,#4586),.UNSPECIFIED.,.F.,
  .F.,(2,2),(0.,1.),.PIECEWISE_BEZIER_KNOTS.);
#4585 = CARTESIAN_POINT('',(-8.572517145034,97.62,0.5));
#4586 = CARTESIAN_POINT('',(-8.572517145034,97.11999998476,0.5));
#4587 = ORIENTED_EDGE('',*,*,#2732,.F.);
#4588 = PLANE('',#4589);
#4589 = AXIS2_PLACEMENT_3D('',#4590,#4591,#4592);
#4590 = CARTESIAN_POINT('',(-95.,96.62,0.5));
#4591 = DIRECTION('',(0.,0.,1.));
#4592 = DIRECTION('',(1.,0.,-0.));
#4593 = ADVANCED_FACE('',(#4594),#4620,.T.);
#4594 = FACE_BOUND('',#4595,.T.);
#4595 = EDGE_LOOP('',(#4596,#4597,#4598,#4599,#4600,#4601,#4608,#4615));
#4596 = ORIENTED_EDGE('',*,*,#3537,.F.);
#4597 = ORIENTED_EDGE('',*,*,#3517,.F.);
#4598 = ORIENTED_EDGE('',*,*,#3510,.F.);
#4599 = ORIENTED_EDGE('',*,*,#4583,.F.);
#4600 = ORIENTED_EDGE('',*,*,#2725,.F.);
#4601 = ORIENTED_EDGE('',*,*,#4602,.T.);
#4602 = EDGE_CURVE('',#2719,#4603,#4605,.T.);
#4603 = VERTEX_POINT('',#4604);
#4604 = CARTESIAN_POINT('',(-8.572517145034,103.94970789941,
    1.50000508001));
#4605 = B_SPLINE_CURVE_WITH_KNOTS('',1,(#4606,#4607),.UNSPECIFIED.,.F.,
  .F.,(2,2),(7.02755,335.),.PIECEWISE_BEZIER_KNOTS.);
#4606 = CARTESIAN_POINT('',(-8.572517145034,95.619191008382,
    1.50000508001));
#4607 = CARTESIAN_POINT('',(-8.572517145034,103.94970789941,
    1.50000508001));
#4608 = ORIENTED_EDGE('',*,*,#4609,.F.);
#4609 = EDGE_CURVE('',#4610,#4603,#4612,.T.);
#4610 = VERTEX_POINT('',#4611);
#4611 = CARTESIAN_POINT('',(-8.572517145034,105.44970789941,1.5));
#4612 = B_SPLINE_CURVE_WITH_KNOTS('',1,(#4613,#4614),.UNSPECIFIED.,.F.,
  .F.,(2,2),(0.,1.),.PIECEWISE_BEZIER_KNOTS.);
#4613 = CARTESIAN_POINT('',(-8.572517145034,105.44970789941,1.5));
#4614 = CARTESIAN_POINT('',(-8.572517145034,97.12,1.5));
#4615 = ORIENTED_EDGE('',*,*,#4616,.F.);
#4616 = EDGE_CURVE('',#3538,#4610,#4617,.T.);
#4617 = B_SPLINE_CURVE_WITH_KNOTS('',1,(#4618,#4619),.UNSPECIFIED.,.F.,
  .F.,(2,2),(0.,118.1102),.PIECEWISE_BEZIER_KNOTS.);
#4618 = CARTESIAN_POINT('',(-8.572517145034,105.44970789941,-1.5));
#4619 = CARTESIAN_POINT('',(-8.572517145034,105.44970789941,
    1.50000508001));
#4620 = B_SPLINE_SURFACE_WITH_KNOTS('',1,1,(
    (#4621,#4622)
    ,(#4623,#4624
  )),.UNSPECIFIED.,.F.,.F.,.F.,(2,2),(2,2),(7.02755,335.),(-118.1102,0.)
  ,.PIECEWISE_BEZIER_KNOTS.);
#4621 = CARTESIAN_POINT('',(-8.572517145034,97.119191008382,
    1.50000508001));
#4622 = CARTESIAN_POINT('',(-8.572517145034,97.119191008382,-1.5));
#4623 = CARTESIAN_POINT('',(-8.572517145034,105.44970789941,
    1.50000508001));
#4624 = CARTESIAN_POINT('',(-8.572517145034,105.44970789941,-1.5));
#4625 = ADVANCED_FACE('',(#4626),#4955,.F.);
#4626 = FACE_BOUND('',#4627,.F.);
#4627 = EDGE_LOOP('',(#4628,#4635,#4640,#4641,#4653,#4665,#4804,#4943,
    #4953,#4954));
#4628 = ORIENTED_EDGE('',*,*,#4629,.T.);
#4629 = EDGE_CURVE('',#4603,#4630,#4632,.T.);
#4630 = VERTEX_POINT('',#4631);
#4631 = CARTESIAN_POINT('',(0.952501905004,103.94970789941,1.50000508001
    ));
#4632 = B_SPLINE_CURVE_WITH_KNOTS('',1,(#4633,#4634),.UNSPECIFIED.,.F.,
  .F.,(2,2),(0.,375.),.PIECEWISE_BEZIER_KNOTS.);
#4633 = CARTESIAN_POINT('',(-8.572517145034,103.94970789941,
    1.50000508001));
#4634 = CARTESIAN_POINT('',(0.952501905004,103.94970789941,1.50000508001
    ));
#4635 = ORIENTED_EDGE('',*,*,#4636,.T.);
#4636 = EDGE_CURVE('',#4630,#2697,#4637,.T.);
#4637 = B_SPLINE_CURVE_WITH_KNOTS('',1,(#4638,#4639),.UNSPECIFIED.,.F.,
  .F.,(2,2),(0.,327.97245),.PIECEWISE_BEZIER_KNOTS.);
#4638 = CARTESIAN_POINT('',(0.952501905004,103.94970789941,1.50000508001
    ));
#4639 = CARTESIAN_POINT('',(0.952501905004,95.619191008382,1.50000508001
    ));
#4640 = ORIENTED_EDGE('',*,*,#2703,.F.);
#4641 = ORIENTED_EDGE('',*,*,#4642,.T.);
#4642 = EDGE_CURVE('',#2704,#4643,#4645,.T.);
#4643 = VERTEX_POINT('',#4644);
#4644 = CARTESIAN_POINT('',(-1.283002286005,99.695199390399,
    1.50000508001));
#4645 = ( BOUNDED_CURVE() B_SPLINE_CURVE(2,(#4646,#4647,#4648,#4649,
#4650,#4651,#4652),.UNSPECIFIED.,.T.,.F.) B_SPLINE_CURVE_WITH_KNOTS((1,2
    ,2,2,2,1),(-2.094395102394,0.,2.094395102393,4.188790204786,
6.28318530718,8.377580409573),.UNSPECIFIED.) CURVE() 
GEOMETRIC_REPRESENTATION_ITEM() RATIONAL_B_SPLINE_CURVE((1.,0.5,1.,0.5,
1.,0.5,1.)) REPRESENTATION_ITEM('') );
#4646 = CARTESIAN_POINT('',(-1.283002286005,99.695199390399,
    1.50000508001));
#4647 = CARTESIAN_POINT('',(-1.283002286005,103.8521301274,1.50000508001
    ));
#4648 = CARTESIAN_POINT('',(-4.88300990602,101.77366475889,1.50000508001
    ));
#4649 = CARTESIAN_POINT('',(-8.483017526035,99.695199390399,
    1.50000508001));
#4650 = CARTESIAN_POINT('',(-4.88300990602,97.616734021898,1.50000508001
    ));
#4651 = CARTESIAN_POINT('',(-1.283002286005,95.538268653398,
    1.50000508001));
#4652 = CARTESIAN_POINT('',(-1.283002286005,99.695199390399,
    1.50000508001));
#4653 = ORIENTED_EDGE('',*,*,#4654,.T.);
#4654 = EDGE_CURVE('',#4643,#4655,#4657,.T.);
#4655 = VERTEX_POINT('',#4656);
#4656 = CARTESIAN_POINT('',(-1.403199377072,100.44519933548,
    1.500002539676));
#4657 = ( BOUNDED_CURVE() B_SPLINE_CURVE(2,(#4658,#4659,#4660,#4661,
#4662,#4663,#4664),.UNSPECIFIED.,.T.,.F.) B_SPLINE_CURVE_WITH_KNOTS((1,2
    ,2,2,2,1),(-2.094395102394,0.,2.094395102393,4.188790204786,
6.28318530718,8.377580409573),.UNSPECIFIED.) CURVE() 
GEOMETRIC_REPRESENTATION_ITEM() RATIONAL_B_SPLINE_CURVE((1.,0.5,1.,0.5,
1.,0.5,1.)) REPRESENTATION_ITEM('') );
#4658 = CARTESIAN_POINT('',(-1.283002286005,99.695199390399,
    1.50000508001));
#4659 = CARTESIAN_POINT('',(-1.283002286005,103.8521301274,1.50000508001
    ));
#4660 = CARTESIAN_POINT('',(-4.88300990602,101.77366475889,1.50000508001
    ));
#4661 = CARTESIAN_POINT('',(-8.483017526035,99.695199390399,
    1.50000508001));
#4662 = CARTESIAN_POINT('',(-4.88300990602,97.616734021898,1.50000508001
    ));
#4663 = CARTESIAN_POINT('',(-1.283002286005,95.538268653398,
    1.50000508001));
#4664 = CARTESIAN_POINT('',(-1.283002286005,99.695199390399,
    1.50000508001));
#4665 = ORIENTED_EDGE('',*,*,#4666,.F.);
#4666 = EDGE_CURVE('',#4667,#4655,#4669,.T.);
#4667 = VERTEX_POINT('',#4668);
#4668 = CARTESIAN_POINT('',(-1.283002286005,101.19519939039,1.5));
#4669 = B_SPLINE_CURVE_WITH_KNOTS('',5,(#4670,#4671,#4672,#4673,#4674,
    #4675,#4676,#4677,#4678,#4679,#4680,#4681,#4682,#4683,#4684,#4685,
    #4686,#4687,#4688,#4689,#4690,#4691,#4692,#4693,#4694,#4695,#4696,
    #4697,#4698,#4699,#4700,#4701,#4702,#4703,#4704,#4705,#4706,#4707,
    #4708,#4709,#4710,#4711,#4712,#4713,#4714,#4715,#4716,#4717,#4718,
    #4719,#4720,#4721,#4722,#4723,#4724,#4725,#4726,#4727,#4728,#4729,
    #4730,#4731,#4732,#4733,#4734,#4735,#4736,#4737,#4738,#4739,#4740,
    #4741,#4742,#4743,#4744,#4745,#4746,#4747,#4748,#4749,#4750,#4751,
    #4752,#4753,#4754,#4755,#4756,#4757,#4758,#4759,#4760,#4761,#4762,
    #4763,#4764,#4765,#4766,#4767,#4768,#4769,#4770,#4771,#4772,#4773,
    #4774,#4775,#4776,#4777,#4778,#4779,#4780,#4781,#4782,#4783,#4784,
    #4785,#4786,#4787,#4788,#4789,#4790,#4791,#4792,#4793,#4794,#4795,
    #4796,#4797,#4798,#4799,#4800,#4801,#4802,#4803),.UNSPECIFIED.,.T.,
  .F.,(1,5,4,4,4,4,4,4,4,4,4,4,4,4,4,4,4,4,4,4,4,4,4,4,4,4,4,4,4,4,4,4,4
    ,4,5,1),(-4.8028733054E-02,0.,4.71402722038E-02,8.077286134412E-02,
    0.105625788513,0.123657959426,0.166889550156,0.216503336071,
    0.2375345407,0.266044111382,0.305302637807,0.332770329998,
    0.339605183085,0.360688273859,0.399294675244,0.427326415019,
    0.446958044611,0.496767502926,0.546576961241,0.566208590833,
    0.594240330608,0.632846731993,0.647030548644,0.653994219387,
    0.66095789013,0.688943270659,0.728941709311,0.757988604794,
    0.779416188169,0.829965053674,0.87401143766,0.892383464012,
    0.91770479859,0.951971266946,1.,1.047140272204),.UNSPECIFIED.);
#4670 = CARTESIAN_POINT('',(-1.283002286005,101.19519939039,1.5));
#4671 = CARTESIAN_POINT('',(-1.283002188687,101.05747098395,1.5));
#4672 = CARTESIAN_POINT('',(-1.292882451968,100.91858250686,1.5));
#4673 = CARTESIAN_POINT('',(-1.312973148905,100.77969779826,1.5));
#4674 = CARTESIAN_POINT('',(-1.343359683661,100.64199334893,1.5));
#4675 = CARTESIAN_POINT('',(-1.412817035874,100.41007381803,1.5));
#4676 = CARTESIAN_POINT('',(-1.446905377842,100.31470011297,1.5));
#4677 = CARTESIAN_POINT('',(-1.48610788215,100.22094365036,1.5));
#4678 = CARTESIAN_POINT('',(-1.530316476244,100.12921169949,1.5));
#4679 = CARTESIAN_POINT('',(-1.615615418669,99.973894805988,1.5));
#4680 = CARTESIAN_POINT('',(-1.65450761803,99.909212550511,1.5));
#4681 = CARTESIAN_POINT('',(-1.695979465273,99.846005996684,1.5));
#4682 = CARTESIAN_POINT('',(-1.739951159551,99.784424556517,1.5));
#4683 = CARTESIAN_POINT('',(-1.819977925501,99.681210803518,1.5));
#4684 = CARTESIAN_POINT('',(-1.854893835744,99.63874173497,1.5));
#4685 = CARTESIAN_POINT('',(-1.891040393256,99.597256507994,1.5));
#4686 = CARTESIAN_POINT('',(-1.92837819652,99.556806344048,1.5));
#4687 = CARTESIAN_POINT('',(-2.059133300809,99.423059740232,1.5));
#4688 = CARTESIAN_POINT('',(-2.158005639871,99.334905484479,1.5));
#4689 = CARTESIAN_POINT('',(-2.262883457262,99.253650264087,1.5));
#4690 = CARTESIAN_POINT('',(-2.373077674831,99.179855009541,1.5));
#4691 = CARTESIAN_POINT('',(-2.619475337033,99.038354869114,1.5));
#4692 = CARTESIAN_POINT('',(-2.757127108085,98.973151901528,1.5));
#4693 = CARTESIAN_POINT('',(-2.899578341713,98.91903723536,1.5));
#4694 = CARTESIAN_POINT('',(-3.04556109496,98.87645148267,1.5));
#4695 = CARTESIAN_POINT('',(-3.256531089672,98.832519112347,1.5));
#4696 = CARTESIAN_POINT('',(-3.319730806369,98.8215479417,1.5));
#4697 = CARTESIAN_POINT('',(-3.3832219101,98.812699547891,1.5));
#4698 = CARTESIAN_POINT('',(-3.446902063252,98.805980712711,1.5));
#4699 = CARTESIAN_POINT('',(-3.597108784457,98.795166788385,1.5));
#4700 = CARTESIAN_POINT('',(-3.683708107082,98.792854122308,1.5));
#4701 = CARTESIAN_POINT('',(-3.770209189979,98.794448249559,1.5));
#4702 = CARTESIAN_POINT('',(-3.856358089165,98.799916892638,1.5));
#4703 = CARTESIAN_POINT('',(-4.059702883819,98.82198116616,1.5));
#4704 = CARTESIAN_POINT('',(-4.176361724226,98.841994814531,1.5));
#4705 = CARTESIAN_POINT('',(-4.291222101911,98.869080575085,1.5));
#4706 = CARTESIAN_POINT('',(-4.403664189141,98.902976909853,1.5));
#4707 = CARTESIAN_POINT('',(-4.589679777464,98.971547064364,1.5));
#4708 = CARTESIAN_POINT('',(-4.664786089442,99.00293014026,1.5));
#4709 = CARTESIAN_POINT('',(-4.738227775966,99.037345041204,1.5));
#4710 = CARTESIAN_POINT('',(-4.809823058582,99.074644331671,1.5));
#4711 = CARTESIAN_POINT('',(-4.896693743087,99.124598686702,1.5));
#4712 = CARTESIAN_POINT('',(-4.913969978412,99.134772008086,1.5));
#4713 = CARTESIAN_POINT('',(-4.931244629047,99.14518888047,1.5));
#4714 = CARTESIAN_POINT('',(-4.948514839299,99.155853387984,1.5));
#4715 = CARTESIAN_POINT('',(-5.01898082996,99.200415261656,1.5));
#4716 = CARTESIAN_POINT('',(-5.071280533784,99.235931975959,1.5));
#4717 = CARTESIAN_POINT('',(-5.122557008846,99.273279043373,1.5));
#4718 = CARTESIAN_POINT('',(-5.172707474618,99.312413660985,1.5));
#4719 = CARTESIAN_POINT('',(-5.311225051004,99.428122834757,1.5));
#4720 = CARTESIAN_POINT('',(-5.396713330247,99.508783405088,1.5));
#4721 = CARTESIAN_POINT('',(-5.477492881296,99.59494168318,1.5));
#4722 = CARTESIAN_POINT('',(-5.553027352088,99.686189475722,1.5));
#4723 = CARTESIAN_POINT('',(-5.673547283533,99.851626319476,1.5));
#4724 = CARTESIAN_POINT('',(-5.72123433361,99.923643476258,1.5));
#4725 = CARTESIAN_POINT('',(-5.765733028785,99.997898121865,1.5));
#4726 = CARTESIAN_POINT('',(-5.806888759664,100.07418575745,1.5));
#4727 = CARTESIAN_POINT('',(-5.870959826869,100.2069805634,1.5));
#4728 = CARTESIAN_POINT('',(-5.895645556081,100.26256499307,1.5));
#4729 = CARTESIAN_POINT('',(-5.918582354181,100.3189623251,1.5));
#4730 = CARTESIAN_POINT('',(-5.939731293316,100.37609375341,1.5));
#4731 = CARTESIAN_POINT('',(-6.008099044295,100.5804857011,1.5));
#4732 = CARTESIAN_POINT('',(-6.045419440271,100.7313013953,1.5));
#4733 = CARTESIAN_POINT('',(-6.070480921557,100.88497084867,1.5));
#4734 = CARTESIAN_POINT('',(-6.083012591903,101.04008897958,1.5));
#4735 = CARTESIAN_POINT('',(-6.083012591903,101.3503098012,1.5));
#4736 = CARTESIAN_POINT('',(-6.070480921557,101.50542793211,1.5));
#4737 = CARTESIAN_POINT('',(-6.045419440271,101.65909738548,1.5));
#4738 = CARTESIAN_POINT('',(-6.008099044295,101.80991307968,1.5));
#4739 = CARTESIAN_POINT('',(-5.939731293317,102.01430502737,1.5));
#4740 = CARTESIAN_POINT('',(-5.918582354182,102.07143645568,1.5));
#4741 = CARTESIAN_POINT('',(-5.895645556082,102.12783378771,1.5));
#4742 = CARTESIAN_POINT('',(-5.87095982687,102.18341821738,1.5));
#4743 = CARTESIAN_POINT('',(-5.806888759665,102.31621302333,1.5));
#4744 = CARTESIAN_POINT('',(-5.765733028786,102.39250065892,1.5));
#4745 = CARTESIAN_POINT('',(-5.721234333611,102.46675530453,1.5));
#4746 = CARTESIAN_POINT('',(-5.673547283534,102.53877246131,1.5));
#4747 = CARTESIAN_POINT('',(-5.553027352089,102.70420930506,1.5));
#4748 = CARTESIAN_POINT('',(-5.477492881297,102.7954570976,1.5));
#4749 = CARTESIAN_POINT('',(-5.396713330249,102.8816153757,1.5));
#4750 = CARTESIAN_POINT('',(-5.311225051006,102.96227594603,1.5));
#4751 = CARTESIAN_POINT('',(-5.188718194851,103.06461072243,1.5));
#4752 = CARTESIAN_POINT('',(-5.155248599804,103.09132090154,1.5));
#4753 = CARTESIAN_POINT('',(-5.121254810888,103.11722975902,1.5));
#4754 = CARTESIAN_POINT('',(-5.086767662726,103.14232334027,1.5));
#4755 = CARTESIAN_POINT('',(-5.034660603833,103.17850326467,1.5));
#4756 = CARTESIAN_POINT('',(-5.017470262816,103.19016249948,1.5));
#4757 = CARTESIAN_POINT('',(-5.000253853946,103.20156946398,1.5));
#4758 = CARTESIAN_POINT('',(-4.983017045852,103.2127265553,1.5));
#4759 = CARTESIAN_POINT('',(-4.948514839301,103.2345453928,1.5));
#4760 = CARTESIAN_POINT('',(-4.931244629048,103.24520990031,1.5));
#4761 = CARTESIAN_POINT('',(-4.913969978413,103.2556267727,1.5));
#4762 = CARTESIAN_POINT('',(-4.896693743089,103.26580009408,1.5));
#4763 = CARTESIAN_POINT('',(-4.809823058583,103.31575444911,1.5));
#4764 = CARTESIAN_POINT('',(-4.738227775968,103.35305373958,1.5));
#4765 = CARTESIAN_POINT('',(-4.664786089444,103.38746864052,1.5));
#4766 = CARTESIAN_POINT('',(-4.589679777466,103.41885171642,1.5));
#4767 = CARTESIAN_POINT('',(-4.403664189143,103.48742187093,1.5));
#4768 = CARTESIAN_POINT('',(-4.291222101912,103.5213182057,1.5));
#4769 = CARTESIAN_POINT('',(-4.176361724227,103.54840396625,1.5));
#4770 = CARTESIAN_POINT('',(-4.059702883821,103.56841761463,1.5));
#4771 = CARTESIAN_POINT('',(-3.856358089167,103.59048188815,1.5));
#4772 = CARTESIAN_POINT('',(-3.77020918998,103.59595053123,1.5));
#4773 = CARTESIAN_POINT('',(-3.683708107083,103.59754465848,1.5));
#4774 = CARTESIAN_POINT('',(-3.597108784458,103.5952319924,1.5));
#4775 = CARTESIAN_POINT('',(-3.446902063254,103.58441806808,1.5));
#4776 = CARTESIAN_POINT('',(-3.383221910102,103.5776992329,1.5));
#4777 = CARTESIAN_POINT('',(-3.31973080637,103.56885083909,1.5));
#4778 = CARTESIAN_POINT('',(-3.256531089673,103.55787966844,1.5));
#4779 = CARTESIAN_POINT('',(-3.045561094962,103.51394729812,1.5));
#4780 = CARTESIAN_POINT('',(-2.899578341714,103.47136154543,1.5));
#4781 = CARTESIAN_POINT('',(-2.757127108086,103.41724687926,1.5));
#4782 = CARTESIAN_POINT('',(-2.619475337034,103.35204391168,1.5));
#4783 = CARTESIAN_POINT('',(-2.373077674832,103.21054377125,1.5));
#4784 = CARTESIAN_POINT('',(-2.262883457263,103.1367485167,1.5));
#4785 = CARTESIAN_POINT('',(-2.158005639872,103.05549329631,1.5));
#4786 = CARTESIAN_POINT('',(-2.059133300809,102.96733904056,1.5));
#4787 = CARTESIAN_POINT('',(-1.92837819652,102.83359243674,1.5));
#4788 = CARTESIAN_POINT('',(-1.891040393256,102.7931422728,1.5));
#4789 = CARTESIAN_POINT('',(-1.854893835745,102.75165704582,1.5));
#4790 = CARTESIAN_POINT('',(-1.819977925501,102.70918797727,1.5));
#4791 = CARTESIAN_POINT('',(-1.739951159551,102.60597422428,1.5));
#4792 = CARTESIAN_POINT('',(-1.695979465274,102.54439278411,1.5));
#4793 = CARTESIAN_POINT('',(-1.65450761803,102.48118623028,1.5));
#4794 = CARTESIAN_POINT('',(-1.61561541867,102.4165039748,1.5));
#4795 = CARTESIAN_POINT('',(-1.530316476244,102.2611870813,1.5));
#4796 = CARTESIAN_POINT('',(-1.48610788215,102.16945513042,1.5));
#4797 = CARTESIAN_POINT('',(-1.446905377842,102.07569866782,1.5));
#4798 = CARTESIAN_POINT('',(-1.412817035874,101.98032496276,1.5));
#4799 = CARTESIAN_POINT('',(-1.343359683661,101.74840543186,1.5));
#4800 = CARTESIAN_POINT('',(-1.312973148905,101.61070098253,1.5));
#4801 = CARTESIAN_POINT('',(-1.292882451968,101.47181627393,1.5));
#4802 = CARTESIAN_POINT('',(-1.283002188687,101.33292779684,1.5));
#4803 = CARTESIAN_POINT('',(-1.283002286005,101.19519939039,1.5));
#4804 = ORIENTED_EDGE('',*,*,#4805,.F.);
#4805 = EDGE_CURVE('',#4806,#4667,#4808,.T.);
#4806 = VERTEX_POINT('',#4807);
#4807 = CARTESIAN_POINT('',(-5.962815372403,100.44519928258,
    1.500002538738));
#4808 = B_SPLINE_CURVE_WITH_KNOTS('',5,(#4809,#4810,#4811,#4812,#4813,
    #4814,#4815,#4816,#4817,#4818,#4819,#4820,#4821,#4822,#4823,#4824,
    #4825,#4826,#4827,#4828,#4829,#4830,#4831,#4832,#4833,#4834,#4835,
    #4836,#4837,#4838,#4839,#4840,#4841,#4842,#4843,#4844,#4845,#4846,
    #4847,#4848,#4849,#4850,#4851,#4852,#4853,#4854,#4855,#4856,#4857,
    #4858,#4859,#4860,#4861,#4862,#4863,#4864,#4865,#4866,#4867,#4868,
    #4869,#4870,#4871,#4872,#4873,#4874,#4875,#4876,#4877,#4878,#4879,
    #4880,#4881,#4882,#4883,#4884,#4885,#4886,#4887,#4888,#4889,#4890,
    #4891,#4892,#4893,#4894,#4895,#4896,#4897,#4898,#4899,#4900,#4901,
    #4902,#4903,#4904,#4905,#4906,#4907,#4908,#4909,#4910,#4911,#4912,
    #4913,#4914,#4915,#4916,#4917,#4918,#4919,#4920,#4921,#4922,#4923,
    #4924,#4925,#4926,#4927,#4928,#4929,#4930,#4931,#4932,#4933,#4934,
    #4935,#4936,#4937,#4938,#4939,#4940,#4941,#4942),.UNSPECIFIED.,.T.,
  .F.,(1,5,4,4,4,4,4,4,4,4,4,4,4,4,4,4,4,4,4,4,4,4,4,4,4,4,4,4,4,4,4,4,4
    ,4,5,1),(-4.8028733054E-02,0.,4.71402722038E-02,8.077286134412E-02,
    0.105625788513,0.123657959426,0.166889550156,0.216503336071,
    0.2375345407,0.266044111382,0.305302637807,0.332770329998,
    0.339605183085,0.360688273859,0.399294675244,0.427326415019,
    0.446958044611,0.496767502926,0.546576961241,0.566208590833,
    0.594240330608,0.632846731993,0.647030548644,0.653994219387,
    0.66095789013,0.688943270659,0.728941709311,0.757988604794,
    0.779416188169,0.829965053674,0.87401143766,0.892383464012,
    0.91770479859,0.951971266946,1.,1.047140272204),.UNSPECIFIED.);
#4809 = CARTESIAN_POINT('',(-1.283002286005,101.19519939039,1.5));
#4810 = CARTESIAN_POINT('',(-1.283002188687,101.05747098395,1.5));
#4811 = CARTESIAN_POINT('',(-1.292882451968,100.91858250686,1.5));
#4812 = CARTESIAN_POINT('',(-1.312973148905,100.77969779826,1.5));
#4813 = CARTESIAN_POINT('',(-1.343359683661,100.64199334893,1.5));
#4814 = CARTESIAN_POINT('',(-1.412817035874,100.41007381803,1.5));
#4815 = CARTESIAN_POINT('',(-1.446905377842,100.31470011297,1.5));
#4816 = CARTESIAN_POINT('',(-1.48610788215,100.22094365036,1.5));
#4817 = CARTESIAN_POINT('',(-1.530316476244,100.12921169949,1.5));
#4818 = CARTESIAN_POINT('',(-1.615615418669,99.973894805988,1.5));
#4819 = CARTESIAN_POINT('',(-1.65450761803,99.909212550511,1.5));
#4820 = CARTESIAN_POINT('',(-1.695979465273,99.846005996684,1.5));
#4821 = CARTESIAN_POINT('',(-1.739951159551,99.784424556517,1.5));
#4822 = CARTESIAN_POINT('',(-1.819977925501,99.681210803518,1.5));
#4823 = CARTESIAN_POINT('',(-1.854893835744,99.63874173497,1.5));
#4824 = CARTESIAN_POINT('',(-1.891040393256,99.597256507994,1.5));
#4825 = CARTESIAN_POINT('',(-1.92837819652,99.556806344048,1.5));
#4826 = CARTESIAN_POINT('',(-2.059133300809,99.423059740232,1.5));
#4827 = CARTESIAN_POINT('',(-2.158005639871,99.334905484479,1.5));
#4828 = CARTESIAN_POINT('',(-2.262883457262,99.253650264087,1.5));
#4829 = CARTESIAN_POINT('',(-2.373077674831,99.179855009541,1.5));
#4830 = CARTESIAN_POINT('',(-2.619475337033,99.038354869114,1.5));
#4831 = CARTESIAN_POINT('',(-2.757127108085,98.973151901528,1.5));
#4832 = CARTESIAN_POINT('',(-2.899578341713,98.91903723536,1.5));
#4833 = CARTESIAN_POINT('',(-3.04556109496,98.87645148267,1.5));
#4834 = CARTESIAN_POINT('',(-3.256531089672,98.832519112347,1.5));
#4835 = CARTESIAN_POINT('',(-3.319730806369,98.8215479417,1.5));
#4836 = CARTESIAN_POINT('',(-3.3832219101,98.812699547891,1.5));
#4837 = CARTESIAN_POINT('',(-3.446902063252,98.805980712711,1.5));
#4838 = CARTESIAN_POINT('',(-3.597108784457,98.795166788385,1.5));
#4839 = CARTESIAN_POINT('',(-3.683708107082,98.792854122308,1.5));
#4840 = CARTESIAN_POINT('',(-3.770209189979,98.794448249559,1.5));
#4841 = CARTESIAN_POINT('',(-3.856358089165,98.799916892638,1.5));
#4842 = CARTESIAN_POINT('',(-4.059702883819,98.82198116616,1.5));
#4843 = CARTESIAN_POINT('',(-4.176361724226,98.841994814531,1.5));
#4844 = CARTESIAN_POINT('',(-4.291222101911,98.869080575085,1.5));
#4845 = CARTESIAN_POINT('',(-4.403664189141,98.902976909853,1.5));
#4846 = CARTESIAN_POINT('',(-4.589679777464,98.971547064364,1.5));
#4847 = CARTESIAN_POINT('',(-4.664786089442,99.00293014026,1.5));
#4848 = CARTESIAN_POINT('',(-4.738227775966,99.037345041204,1.5));
#4849 = CARTESIAN_POINT('',(-4.809823058582,99.074644331671,1.5));
#4850 = CARTESIAN_POINT('',(-4.896693743087,99.124598686702,1.5));
#4851 = CARTESIAN_POINT('',(-4.913969978412,99.134772008086,1.5));
#4852 = CARTESIAN_POINT('',(-4.931244629047,99.14518888047,1.5));
#4853 = CARTESIAN_POINT('',(-4.948514839299,99.155853387984,1.5));
#4854 = CARTESIAN_POINT('',(-5.01898082996,99.200415261656,1.5));
#4855 = CARTESIAN_POINT('',(-5.071280533784,99.235931975959,1.5));
#4856 = CARTESIAN_POINT('',(-5.122557008846,99.273279043373,1.5));
#4857 = CARTESIAN_POINT('',(-5.172707474618,99.312413660985,1.5));
#4858 = CARTESIAN_POINT('',(-5.311225051004,99.428122834757,1.5));
#4859 = CARTESIAN_POINT('',(-5.396713330247,99.508783405088,1.5));
#4860 = CARTESIAN_POINT('',(-5.477492881296,99.59494168318,1.5));
#4861 = CARTESIAN_POINT('',(-5.553027352088,99.686189475722,1.5));
#4862 = CARTESIAN_POINT('',(-5.673547283533,99.851626319476,1.5));
#4863 = CARTESIAN_POINT('',(-5.72123433361,99.923643476258,1.5));
#4864 = CARTESIAN_POINT('',(-5.765733028785,99.997898121865,1.5));
#4865 = CARTESIAN_POINT('',(-5.806888759664,100.07418575745,1.5));
#4866 = CARTESIAN_POINT('',(-5.870959826869,100.2069805634,1.5));
#4867 = CARTESIAN_POINT('',(-5.895645556081,100.26256499307,1.5));
#4868 = CARTESIAN_POINT('',(-5.918582354181,100.3189623251,1.5));
#4869 = CARTESIAN_POINT('',(-5.939731293316,100.37609375341,1.5));
#4870 = CARTESIAN_POINT('',(-6.008099044295,100.5804857011,1.5));
#4871 = CARTESIAN_POINT('',(-6.045419440271,100.7313013953,1.5));
#4872 = CARTESIAN_POINT('',(-6.070480921557,100.88497084867,1.5));
#4873 = CARTESIAN_POINT('',(-6.083012591903,101.04008897958,1.5));
#4874 = CARTESIAN_POINT('',(-6.083012591903,101.3503098012,1.5));
#4875 = CARTESIAN_POINT('',(-6.070480921557,101.50542793211,1.5));
#4876 = CARTESIAN_POINT('',(-6.045419440271,101.65909738548,1.5));
#4877 = CARTESIAN_POINT('',(-6.008099044295,101.80991307968,1.5));
#4878 = CARTESIAN_POINT('',(-5.939731293317,102.01430502737,1.5));
#4879 = CARTESIAN_POINT('',(-5.918582354182,102.07143645568,1.5));
#4880 = CARTESIAN_POINT('',(-5.895645556082,102.12783378771,1.5));
#4881 = CARTESIAN_POINT('',(-5.87095982687,102.18341821738,1.5));
#4882 = CARTESIAN_POINT('',(-5.806888759665,102.31621302333,1.5));
#4883 = CARTESIAN_POINT('',(-5.765733028786,102.39250065892,1.5));
#4884 = CARTESIAN_POINT('',(-5.721234333611,102.46675530453,1.5));
#4885 = CARTESIAN_POINT('',(-5.673547283534,102.53877246131,1.5));
#4886 = CARTESIAN_POINT('',(-5.553027352089,102.70420930506,1.5));
#4887 = CARTESIAN_POINT('',(-5.477492881297,102.7954570976,1.5));
#4888 = CARTESIAN_POINT('',(-5.396713330249,102.8816153757,1.5));
#4889 = CARTESIAN_POINT('',(-5.311225051006,102.96227594603,1.5));
#4890 = CARTESIAN_POINT('',(-5.188718194851,103.06461072243,1.5));
#4891 = CARTESIAN_POINT('',(-5.155248599804,103.09132090154,1.5));
#4892 = CARTESIAN_POINT('',(-5.121254810888,103.11722975902,1.5));
#4893 = CARTESIAN_POINT('',(-5.086767662726,103.14232334027,1.5));
#4894 = CARTESIAN_POINT('',(-5.034660603833,103.17850326467,1.5));
#4895 = CARTESIAN_POINT('',(-5.017470262816,103.19016249948,1.5));
#4896 = CARTESIAN_POINT('',(-5.000253853946,103.20156946398,1.5));
#4897 = CARTESIAN_POINT('',(-4.983017045852,103.2127265553,1.5));
#4898 = CARTESIAN_POINT('',(-4.948514839301,103.2345453928,1.5));
#4899 = CARTESIAN_POINT('',(-4.931244629048,103.24520990031,1.5));
#4900 = CARTESIAN_POINT('',(-4.913969978413,103.2556267727,1.5));
#4901 = CARTESIAN_POINT('',(-4.896693743089,103.26580009408,1.5));
#4902 = CARTESIAN_POINT('',(-4.809823058583,103.31575444911,1.5));
#4903 = CARTESIAN_POINT('',(-4.738227775968,103.35305373958,1.5));
#4904 = CARTESIAN_POINT('',(-4.664786089444,103.38746864052,1.5));
#4905 = CARTESIAN_POINT('',(-4.589679777466,103.41885171642,1.5));
#4906 = CARTESIAN_POINT('',(-4.403664189143,103.48742187093,1.5));
#4907 = CARTESIAN_POINT('',(-4.291222101912,103.5213182057,1.5));
#4908 = CARTESIAN_POINT('',(-4.176361724227,103.54840396625,1.5));
#4909 = CARTESIAN_POINT('',(-4.059702883821,103.56841761463,1.5));
#4910 = CARTESIAN_POINT('',(-3.856358089167,103.59048188815,1.5));
#4911 = CARTESIAN_POINT('',(-3.77020918998,103.59595053123,1.5));
#4912 = CARTESIAN_POINT('',(-3.683708107083,103.59754465848,1.5));
#4913 = CARTESIAN_POINT('',(-3.597108784458,103.5952319924,1.5));
#4914 = CARTESIAN_POINT('',(-3.446902063254,103.58441806808,1.5));
#4915 = CARTESIAN_POINT('',(-3.383221910102,103.5776992329,1.5));
#4916 = CARTESIAN_POINT('',(-3.31973080637,103.56885083909,1.5));
#4917 = CARTESIAN_POINT('',(-3.256531089673,103.55787966844,1.5));
#4918 = CARTESIAN_POINT('',(-3.045561094962,103.51394729812,1.5));
#4919 = CARTESIAN_POINT('',(-2.899578341714,103.47136154543,1.5));
#4920 = CARTESIAN_POINT('',(-2.757127108086,103.41724687926,1.5));
#4921 = CARTESIAN_POINT('',(-2.619475337034,103.35204391168,1.5));
#4922 = CARTESIAN_POINT('',(-2.373077674832,103.21054377125,1.5));
#4923 = CARTESIAN_POINT('',(-2.262883457263,103.1367485167,1.5));
#4924 = CARTESIAN_POINT('',(-2.158005639872,103.05549329631,1.5));
#4925 = CARTESIAN_POINT('',(-2.059133300809,102.96733904056,1.5));
#4926 = CARTESIAN_POINT('',(-1.92837819652,102.83359243674,1.5));
#4927 = CARTESIAN_POINT('',(-1.891040393256,102.7931422728,1.5));
#4928 = CARTESIAN_POINT('',(-1.854893835745,102.75165704582,1.5));
#4929 = CARTESIAN_POINT('',(-1.819977925501,102.70918797727,1.5));
#4930 = CARTESIAN_POINT('',(-1.739951159551,102.60597422428,1.5));
#4931 = CARTESIAN_POINT('',(-1.695979465274,102.54439278411,1.5));
#4932 = CARTESIAN_POINT('',(-1.65450761803,102.48118623028,1.5));
#4933 = CARTESIAN_POINT('',(-1.61561541867,102.4165039748,1.5));
#4934 = CARTESIAN_POINT('',(-1.530316476244,102.2611870813,1.5));
#4935 = CARTESIAN_POINT('',(-1.48610788215,102.16945513042,1.5));
#4936 = CARTESIAN_POINT('',(-1.446905377842,102.07569866782,1.5));
#4937 = CARTESIAN_POINT('',(-1.412817035874,101.98032496276,1.5));
#4938 = CARTESIAN_POINT('',(-1.343359683661,101.74840543186,1.5));
#4939 = CARTESIAN_POINT('',(-1.312973148905,101.61070098253,1.5));
#4940 = CARTESIAN_POINT('',(-1.292882451968,101.47181627393,1.5));
#4941 = CARTESIAN_POINT('',(-1.283002188687,101.33292779684,1.5));
#4942 = CARTESIAN_POINT('',(-1.283002286005,101.19519939039,1.5));
#4943 = ORIENTED_EDGE('',*,*,#4944,.T.);
#4944 = EDGE_CURVE('',#4806,#2711,#4945,.T.);
#4945 = ( BOUNDED_CURVE() B_SPLINE_CURVE(2,(#4946,#4947,#4948,#4949,
#4950,#4951,#4952),.UNSPECIFIED.,.T.,.F.) B_SPLINE_CURVE_WITH_KNOTS((1,2
    ,2,2,2,1),(-2.094395102394,0.,2.094395102393,4.188790204786,
6.28318530718,8.377580409573),.UNSPECIFIED.) CURVE() 
GEOMETRIC_REPRESENTATION_ITEM() RATIONAL_B_SPLINE_CURVE((1.,0.5,1.,0.5,
1.,0.5,1.)) REPRESENTATION_ITEM('') );
#4946 = CARTESIAN_POINT('',(-1.283002286005,99.695199390399,
    1.50000508001));
#4947 = CARTESIAN_POINT('',(-1.283002286005,103.8521301274,1.50000508001
    ));
#4948 = CARTESIAN_POINT('',(-4.88300990602,101.77366475889,1.50000508001
    ));
#4949 = CARTESIAN_POINT('',(-8.483017526035,99.695199390399,
    1.50000508001));
#4950 = CARTESIAN_POINT('',(-4.88300990602,97.616734021898,1.50000508001
    ));
#4951 = CARTESIAN_POINT('',(-1.283002286005,95.538268653398,
    1.50000508001));
#4952 = CARTESIAN_POINT('',(-1.283002286005,99.695199390399,
    1.50000508001));
#4953 = ORIENTED_EDGE('',*,*,#2718,.F.);
#4954 = ORIENTED_EDGE('',*,*,#4602,.T.);
#4955 = B_SPLINE_SURFACE_WITH_KNOTS('',1,1,(
    (#4956,#4957)
    ,(#4958,#4959
  )),.UNSPECIFIED.,.F.,.F.,.F.,(2,2),(2,2),(-187.5,187.5),(-160.47245,
    167.5),.PIECEWISE_BEZIER_KNOTS.);
#4956 = CARTESIAN_POINT('',(0.952501905004,95.619191008382,1.50000508001
    ));
#4957 = CARTESIAN_POINT('',(0.952501905004,103.94970789941,1.50000508001
    ));
#4958 = CARTESIAN_POINT('',(-8.572517145034,95.619191008382,
    1.50000508001));
#4959 = CARTESIAN_POINT('',(-8.572517145034,103.94970789941,
    1.50000508001));
#4960 = ADVANCED_FACE('',(#4961),#5514,.T.);
#4961 = FACE_BOUND('',#4962,.T.);
#4962 = EDGE_LOOP('',(#4963,#5102,#5239,#5376,#5377));
#4963 = ORIENTED_EDGE('',*,*,#4964,.F.);
#4964 = EDGE_CURVE('',#4655,#4965,#4967,.T.);
#4965 = VERTEX_POINT('',#4966);
#4966 = CARTESIAN_POINT('',(-1.283002286005,99.695199390399,1.5));
#4967 = B_SPLINE_CURVE_WITH_KNOTS('',5,(#4968,#4969,#4970,#4971,#4972,
    #4973,#4974,#4975,#4976,#4977,#4978,#4979,#4980,#4981,#4982,#4983,
    #4984,#4985,#4986,#4987,#4988,#4989,#4990,#4991,#4992,#4993,#4994,
    #4995,#4996,#4997,#4998,#4999,#5000,#5001,#5002,#5003,#5004,#5005,
    #5006,#5007,#5008,#5009,#5010,#5011,#5012,#5013,#5014,#5015,#5016,
    #5017,#5018,#5019,#5020,#5021,#5022,#5023,#5024,#5025,#5026,#5027,
    #5028,#5029,#5030,#5031,#5032,#5033,#5034,#5035,#5036,#5037,#5038,
    #5039,#5040,#5041,#5042,#5043,#5044,#5045,#5046,#5047,#5048,#5049,
    #5050,#5051,#5052,#5053,#5054,#5055,#5056,#5057,#5058,#5059,#5060,
    #5061,#5062,#5063,#5064,#5065,#5066,#5067,#5068,#5069,#5070,#5071,
    #5072,#5073,#5074,#5075,#5076,#5077,#5078,#5079,#5080,#5081,#5082,
    #5083,#5084,#5085,#5086,#5087,#5088,#5089,#5090,#5091,#5092,#5093,
    #5094,#5095,#5096,#5097,#5098,#5099,#5100,#5101),.UNSPECIFIED.,.T.,
  .F.,(1,5,4,4,4,4,4,4,4,4,4,4,4,4,4,4,4,4,4,4,4,4,4,4,4,4,4,4,4,4,4,4,4
    ,4,5,1),(-4.8028733054E-02,0.,4.71402722038E-02,8.077286134412E-02,
    0.105625788513,0.123657959426,0.166889550156,0.216503336071,
    0.2375345407,0.266044111382,0.305302637807,0.332770329998,
    0.339605183085,0.360688273859,0.399294675244,0.427326415019,
    0.446958044611,0.496767502926,0.546576961241,0.566208590833,
    0.594240330608,0.632846731993,0.647030548644,0.653994219387,
    0.66095789013,0.688943270659,0.728941709311,0.757988604794,
    0.779416188169,0.829965053674,0.87401143766,0.892383464012,
    0.91770479859,0.951971266946,1.,1.047140272204),.UNSPECIFIED.);
#4968 = CARTESIAN_POINT('',(-1.283002286005,99.695199390399,1.5));
#4969 = CARTESIAN_POINT('',(-1.283002188687,99.557470983952,1.5));
#4970 = CARTESIAN_POINT('',(-1.292882451968,99.41858250686,1.5));
#4971 = CARTESIAN_POINT('',(-1.312973148905,99.279697798265,1.5));
#4972 = CARTESIAN_POINT('',(-1.343359683661,99.141993348936,1.5));
#4973 = CARTESIAN_POINT('',(-1.412817035874,98.910073818037,1.5));
#4974 = CARTESIAN_POINT('',(-1.446905377842,98.814700112978,1.5));
#4975 = CARTESIAN_POINT('',(-1.48610788215,98.720943650369,1.5));
#4976 = CARTESIAN_POINT('',(-1.530316476244,98.62921169949,1.5));
#4977 = CARTESIAN_POINT('',(-1.615615418669,98.473894805988,1.5));
#4978 = CARTESIAN_POINT('',(-1.65450761803,98.409212550511,1.5));
#4979 = CARTESIAN_POINT('',(-1.695979465273,98.346005996684,1.5));
#4980 = CARTESIAN_POINT('',(-1.739951159551,98.284424556517,1.5));
#4981 = CARTESIAN_POINT('',(-1.819977925501,98.181210803518,1.5));
#4982 = CARTESIAN_POINT('',(-1.854893835744,98.13874173497,1.5));
#4983 = CARTESIAN_POINT('',(-1.891040393256,98.097256507994,1.5));
#4984 = CARTESIAN_POINT('',(-1.92837819652,98.056806344048,1.5));
#4985 = CARTESIAN_POINT('',(-2.059133300809,97.923059740232,1.5));
#4986 = CARTESIAN_POINT('',(-2.158005639871,97.834905484479,1.5));
#4987 = CARTESIAN_POINT('',(-2.262883457262,97.753650264087,1.5));
#4988 = CARTESIAN_POINT('',(-2.373077674831,97.679855009541,1.5));
#4989 = CARTESIAN_POINT('',(-2.619475337033,97.538354869114,1.5));
#4990 = CARTESIAN_POINT('',(-2.757127108085,97.473151901528,1.5));
#4991 = CARTESIAN_POINT('',(-2.899578341713,97.41903723536,1.5));
#4992 = CARTESIAN_POINT('',(-3.04556109496,97.37645148267,1.5));
#4993 = CARTESIAN_POINT('',(-3.256531089672,97.332519112347,1.5));
#4994 = CARTESIAN_POINT('',(-3.319730806369,97.3215479417,1.5));
#4995 = CARTESIAN_POINT('',(-3.3832219101,97.312699547891,1.5));
#4996 = CARTESIAN_POINT('',(-3.446902063252,97.305980712711,1.5));
#4997 = CARTESIAN_POINT('',(-3.597108784457,97.295166788385,1.5));
#4998 = CARTESIAN_POINT('',(-3.683708107082,97.292854122308,1.5));
#4999 = CARTESIAN_POINT('',(-3.770209189979,97.294448249559,1.5));
#5000 = CARTESIAN_POINT('',(-3.856358089165,97.299916892638,1.5));
#5001 = CARTESIAN_POINT('',(-4.059702883819,97.32198116616,1.5));
#5002 = CARTESIAN_POINT('',(-4.176361724226,97.341994814531,1.5));
#5003 = CARTESIAN_POINT('',(-4.291222101911,97.369080575085,1.5));
#5004 = CARTESIAN_POINT('',(-4.403664189141,97.402976909853,1.5));
#5005 = CARTESIAN_POINT('',(-4.589679777464,97.471547064364,1.5));
#5006 = CARTESIAN_POINT('',(-4.664786089442,97.50293014026,1.5));
#5007 = CARTESIAN_POINT('',(-4.738227775966,97.537345041204,1.5));
#5008 = CARTESIAN_POINT('',(-4.809823058582,97.574644331671,1.5));
#5009 = CARTESIAN_POINT('',(-4.896693743087,97.624598686702,1.5));
#5010 = CARTESIAN_POINT('',(-4.913969978412,97.634772008086,1.5));
#5011 = CARTESIAN_POINT('',(-4.931244629047,97.64518888047,1.5));
#5012 = CARTESIAN_POINT('',(-4.948514839299,97.655853387984,1.5));
#5013 = CARTESIAN_POINT('',(-5.01898082996,97.700415261656,1.5));
#5014 = CARTESIAN_POINT('',(-5.071280533784,97.735931975959,1.5));
#5015 = CARTESIAN_POINT('',(-5.122557008846,97.773279043373,1.5));
#5016 = CARTESIAN_POINT('',(-5.172707474618,97.812413660985,1.5));
#5017 = CARTESIAN_POINT('',(-5.311225051004,97.928122834757,1.5));
#5018 = CARTESIAN_POINT('',(-5.396713330247,98.008783405088,1.5));
#5019 = CARTESIAN_POINT('',(-5.477492881296,98.09494168318,1.5));
#5020 = CARTESIAN_POINT('',(-5.553027352088,98.186189475722,1.5));
#5021 = CARTESIAN_POINT('',(-5.673547283533,98.351626319476,1.5));
#5022 = CARTESIAN_POINT('',(-5.72123433361,98.423643476258,1.5));
#5023 = CARTESIAN_POINT('',(-5.765733028785,98.497898121865,1.5));
#5024 = CARTESIAN_POINT('',(-5.806888759664,98.574185757456,1.5));
#5025 = CARTESIAN_POINT('',(-5.870959826869,98.706980563401,1.5));
#5026 = CARTESIAN_POINT('',(-5.895645556081,98.762564993074,1.5));
#5027 = CARTESIAN_POINT('',(-5.918582354181,98.818962325108,1.5));
#5028 = CARTESIAN_POINT('',(-5.939731293316,98.87609375341,1.5));
#5029 = CARTESIAN_POINT('',(-6.008099044295,99.080485701105,1.5));
#5030 = CARTESIAN_POINT('',(-6.045419440271,99.231301395309,1.5));
#5031 = CARTESIAN_POINT('',(-6.070480921557,99.384970848676,1.5));
#5032 = CARTESIAN_POINT('',(-6.083012591903,99.540088979584,1.5));
#5033 = CARTESIAN_POINT('',(-6.083012591903,99.850309801205,1.5));
#5034 = CARTESIAN_POINT('',(-6.070480921557,100.00542793211,1.5));
#5035 = CARTESIAN_POINT('',(-6.045419440271,100.15909738548,1.5));
#5036 = CARTESIAN_POINT('',(-6.008099044295,100.30991307968,1.5));
#5037 = CARTESIAN_POINT('',(-5.939731293317,100.51430502737,1.5));
#5038 = CARTESIAN_POINT('',(-5.918582354182,100.57143645568,1.5));
#5039 = CARTESIAN_POINT('',(-5.895645556082,100.62783378771,1.5));
#5040 = CARTESIAN_POINT('',(-5.87095982687,100.68341821738,1.5));
#5041 = CARTESIAN_POINT('',(-5.806888759665,100.81621302333,1.5));
#5042 = CARTESIAN_POINT('',(-5.765733028786,100.89250065892,1.5));
#5043 = CARTESIAN_POINT('',(-5.721234333611,100.96675530453,1.5));
#5044 = CARTESIAN_POINT('',(-5.673547283534,101.03877246131,1.5));
#5045 = CARTESIAN_POINT('',(-5.553027352089,101.20420930506,1.5));
#5046 = CARTESIAN_POINT('',(-5.477492881297,101.2954570976,1.5));
#5047 = CARTESIAN_POINT('',(-5.396713330249,101.3816153757,1.5));
#5048 = CARTESIAN_POINT('',(-5.311225051006,101.46227594603,1.5));
#5049 = CARTESIAN_POINT('',(-5.188718194851,101.56461072243,1.5));
#5050 = CARTESIAN_POINT('',(-5.155248599804,101.59132090154,1.5));
#5051 = CARTESIAN_POINT('',(-5.121254810888,101.61722975902,1.5));
#5052 = CARTESIAN_POINT('',(-5.086767662726,101.64232334027,1.5));
#5053 = CARTESIAN_POINT('',(-5.034660603833,101.67850326467,1.5));
#5054 = CARTESIAN_POINT('',(-5.017470262816,101.69016249948,1.5));
#5055 = CARTESIAN_POINT('',(-5.000253853946,101.70156946398,1.5));
#5056 = CARTESIAN_POINT('',(-4.983017045852,101.7127265553,1.5));
#5057 = CARTESIAN_POINT('',(-4.948514839301,101.7345453928,1.5));
#5058 = CARTESIAN_POINT('',(-4.931244629048,101.74520990031,1.5));
#5059 = CARTESIAN_POINT('',(-4.913969978413,101.7556267727,1.5));
#5060 = CARTESIAN_POINT('',(-4.896693743089,101.76580009408,1.5));
#5061 = CARTESIAN_POINT('',(-4.809823058583,101.81575444911,1.5));
#5062 = CARTESIAN_POINT('',(-4.738227775968,101.85305373958,1.5));
#5063 = CARTESIAN_POINT('',(-4.664786089444,101.88746864052,1.5));
#5064 = CARTESIAN_POINT('',(-4.589679777466,101.91885171642,1.5));
#5065 = CARTESIAN_POINT('',(-4.403664189143,101.98742187093,1.5));
#5066 = CARTESIAN_POINT('',(-4.291222101912,102.0213182057,1.5));
#5067 = CARTESIAN_POINT('',(-4.176361724227,102.04840396625,1.5));
#5068 = CARTESIAN_POINT('',(-4.059702883821,102.06841761463,1.5));
#5069 = CARTESIAN_POINT('',(-3.856358089167,102.09048188815,1.5));
#5070 = CARTESIAN_POINT('',(-3.77020918998,102.09595053123,1.5));
#5071 = CARTESIAN_POINT('',(-3.683708107083,102.09754465848,1.5));
#5072 = CARTESIAN_POINT('',(-3.597108784458,102.0952319924,1.5));
#5073 = CARTESIAN_POINT('',(-3.446902063254,102.08441806808,1.5));
#5074 = CARTESIAN_POINT('',(-3.383221910102,102.0776992329,1.5));
#5075 = CARTESIAN_POINT('',(-3.31973080637,102.06885083909,1.5));
#5076 = CARTESIAN_POINT('',(-3.256531089673,102.05787966844,1.5));
#5077 = CARTESIAN_POINT('',(-3.045561094962,102.01394729812,1.5));
#5078 = CARTESIAN_POINT('',(-2.899578341714,101.97136154543,1.5));
#5079 = CARTESIAN_POINT('',(-2.757127108086,101.91724687926,1.5));
#5080 = CARTESIAN_POINT('',(-2.619475337034,101.85204391168,1.5));
#5081 = CARTESIAN_POINT('',(-2.373077674832,101.71054377125,1.5));
#5082 = CARTESIAN_POINT('',(-2.262883457263,101.6367485167,1.5));
#5083 = CARTESIAN_POINT('',(-2.158005639872,101.55549329631,1.5));
#5084 = CARTESIAN_POINT('',(-2.059133300809,101.46733904056,1.5));
#5085 = CARTESIAN_POINT('',(-1.92837819652,101.33359243674,1.5));
#5086 = CARTESIAN_POINT('',(-1.891040393256,101.2931422728,1.5));
#5087 = CARTESIAN_POINT('',(-1.854893835745,101.25165704582,1.5));
#5088 = CARTESIAN_POINT('',(-1.819977925501,101.20918797727,1.5));
#5089 = CARTESIAN_POINT('',(-1.739951159551,101.10597422428,1.5));
#5090 = CARTESIAN_POINT('',(-1.695979465274,101.04439278411,1.5));
#5091 = CARTESIAN_POINT('',(-1.65450761803,100.98118623028,1.5));
#5092 = CARTESIAN_POINT('',(-1.61561541867,100.9165039748,1.5));
#5093 = CARTESIAN_POINT('',(-1.530316476244,100.7611870813,1.5));
#5094 = CARTESIAN_POINT('',(-1.48610788215,100.66945513042,1.5));
#5095 = CARTESIAN_POINT('',(-1.446905377842,100.57569866782,1.5));
#5096 = CARTESIAN_POINT('',(-1.412817035874,100.48032496276,1.5));
#5097 = CARTESIAN_POINT('',(-1.343359683661,100.24840543186,1.5));
#5098 = CARTESIAN_POINT('',(-1.312973148905,100.11070098253,1.5));
#5099 = CARTESIAN_POINT('',(-1.292882451968,99.971816273938,1.5));
#5100 = CARTESIAN_POINT('',(-1.283002188687,99.832927796846,1.5));
#5101 = CARTESIAN_POINT('',(-1.283002286005,99.695199390399,1.5));
#5102 = ORIENTED_EDGE('',*,*,#5103,.T.);
#5103 = EDGE_CURVE('',#4655,#4806,#5104,.T.);
#5104 = B_SPLINE_CURVE_WITH_KNOTS('',5,(#5105,#5106,#5107,#5108,#5109,
    #5110,#5111,#5112,#5113,#5114,#5115,#5116,#5117,#5118,#5119,#5120,
    #5121,#5122,#5123,#5124,#5125,#5126,#5127,#5128,#5129,#5130,#5131,
    #5132,#5133,#5134,#5135,#5136,#5137,#5138,#5139,#5140,#5141,#5142,
    #5143,#5144,#5145,#5146,#5147,#5148,#5149,#5150,#5151,#5152,#5153,
    #5154,#5155,#5156,#5157,#5158,#5159,#5160,#5161,#5162,#5163,#5164,
    #5165,#5166,#5167,#5168,#5169,#5170,#5171,#5172,#5173,#5174,#5175,
    #5176,#5177,#5178,#5179,#5180,#5181,#5182,#5183,#5184,#5185,#5186,
    #5187,#5188,#5189,#5190,#5191,#5192,#5193,#5194,#5195,#5196,#5197,
    #5198,#5199,#5200,#5201,#5202,#5203,#5204,#5205,#5206,#5207,#5208,
    #5209,#5210,#5211,#5212,#5213,#5214,#5215,#5216,#5217,#5218,#5219,
    #5220,#5221,#5222,#5223,#5224,#5225,#5226,#5227,#5228,#5229,#5230,
    #5231,#5232,#5233,#5234,#5235,#5236,#5237,#5238),.UNSPECIFIED.,.T.,
  .F.,(1,5,4,4,4,4,4,4,4,4,4,4,4,4,4,4,4,4,4,4,4,4,4,4,4,4,4,4,4,4,4,4,4
    ,4,5,1),(-4.8028733054E-02,0.,4.71402722038E-02,8.077286134412E-02,
    0.105625788513,0.123657959426,0.166889550156,0.216503336071,
    0.2375345407,0.266044111382,0.305302637807,0.332770329998,
    0.339605183085,0.360688273859,0.399294675244,0.427326415019,
    0.446958044611,0.496767502926,0.546576961241,0.566208590833,
    0.594240330608,0.632846731993,0.647030548644,0.653994219387,
    0.66095789013,0.688943270659,0.728941709311,0.757988604794,
    0.779416188169,0.829965053674,0.87401143766,0.892383464012,
    0.91770479859,0.951971266946,1.,1.047140272204),.UNSPECIFIED.);
#5105 = CARTESIAN_POINT('',(-1.283002286005,101.19519939039,1.5));
#5106 = CARTESIAN_POINT('',(-1.283002188687,101.05747098395,1.5));
#5107 = CARTESIAN_POINT('',(-1.292882451968,100.91858250686,1.5));
#5108 = CARTESIAN_POINT('',(-1.312973148905,100.77969779826,1.5));
#5109 = CARTESIAN_POINT('',(-1.343359683661,100.64199334893,1.5));
#5110 = CARTESIAN_POINT('',(-1.412817035874,100.41007381803,1.5));
#5111 = CARTESIAN_POINT('',(-1.446905377842,100.31470011297,1.5));
#5112 = CARTESIAN_POINT('',(-1.48610788215,100.22094365036,1.5));
#5113 = CARTESIAN_POINT('',(-1.530316476244,100.12921169949,1.5));
#5114 = CARTESIAN_POINT('',(-1.615615418669,99.973894805988,1.5));
#5115 = CARTESIAN_POINT('',(-1.65450761803,99.909212550511,1.5));
#5116 = CARTESIAN_POINT('',(-1.695979465273,99.846005996684,1.5));
#5117 = CARTESIAN_POINT('',(-1.739951159551,99.784424556517,1.5));
#5118 = CARTESIAN_POINT('',(-1.819977925501,99.681210803518,1.5));
#5119 = CARTESIAN_POINT('',(-1.854893835744,99.63874173497,1.5));
#5120 = CARTESIAN_POINT('',(-1.891040393256,99.597256507994,1.5));
#5121 = CARTESIAN_POINT('',(-1.92837819652,99.556806344048,1.5));
#5122 = CARTESIAN_POINT('',(-2.059133300809,99.423059740232,1.5));
#5123 = CARTESIAN_POINT('',(-2.158005639871,99.334905484479,1.5));
#5124 = CARTESIAN_POINT('',(-2.262883457262,99.253650264087,1.5));
#5125 = CARTESIAN_POINT('',(-2.373077674831,99.179855009541,1.5));
#5126 = CARTESIAN_POINT('',(-2.619475337033,99.038354869114,1.5));
#5127 = CARTESIAN_POINT('',(-2.757127108085,98.973151901528,1.5));
#5128 = CARTESIAN_POINT('',(-2.899578341713,98.91903723536,1.5));
#5129 = CARTESIAN_POINT('',(-3.04556109496,98.87645148267,1.5));
#5130 = CARTESIAN_POINT('',(-3.256531089672,98.832519112347,1.5));
#5131 = CARTESIAN_POINT('',(-3.319730806369,98.8215479417,1.5));
#5132 = CARTESIAN_POINT('',(-3.3832219101,98.812699547891,1.5));
#5133 = CARTESIAN_POINT('',(-3.446902063252,98.805980712711,1.5));
#5134 = CARTESIAN_POINT('',(-3.597108784457,98.795166788385,1.5));
#5135 = CARTESIAN_POINT('',(-3.683708107082,98.792854122308,1.5));
#5136 = CARTESIAN_POINT('',(-3.770209189979,98.794448249559,1.5));
#5137 = CARTESIAN_POINT('',(-3.856358089165,98.799916892638,1.5));
#5138 = CARTESIAN_POINT('',(-4.059702883819,98.82198116616,1.5));
#5139 = CARTESIAN_POINT('',(-4.176361724226,98.841994814531,1.5));
#5140 = CARTESIAN_POINT('',(-4.291222101911,98.869080575085,1.5));
#5141 = CARTESIAN_POINT('',(-4.403664189141,98.902976909853,1.5));
#5142 = CARTESIAN_POINT('',(-4.589679777464,98.971547064364,1.5));
#5143 = CARTESIAN_POINT('',(-4.664786089442,99.00293014026,1.5));
#5144 = CARTESIAN_POINT('',(-4.738227775966,99.037345041204,1.5));
#5145 = CARTESIAN_POINT('',(-4.809823058582,99.074644331671,1.5));
#5146 = CARTESIAN_POINT('',(-4.896693743087,99.124598686702,1.5));
#5147 = CARTESIAN_POINT('',(-4.913969978412,99.134772008086,1.5));
#5148 = CARTESIAN_POINT('',(-4.931244629047,99.14518888047,1.5));
#5149 = CARTESIAN_POINT('',(-4.948514839299,99.155853387984,1.5));
#5150 = CARTESIAN_POINT('',(-5.01898082996,99.200415261656,1.5));
#5151 = CARTESIAN_POINT('',(-5.071280533784,99.235931975959,1.5));
#5152 = CARTESIAN_POINT('',(-5.122557008846,99.273279043373,1.5));
#5153 = CARTESIAN_POINT('',(-5.172707474618,99.312413660985,1.5));
#5154 = CARTESIAN_POINT('',(-5.311225051004,99.428122834757,1.5));
#5155 = CARTESIAN_POINT('',(-5.396713330247,99.508783405088,1.5));
#5156 = CARTESIAN_POINT('',(-5.477492881296,99.59494168318,1.5));
#5157 = CARTESIAN_POINT('',(-5.553027352088,99.686189475722,1.5));
#5158 = CARTESIAN_POINT('',(-5.673547283533,99.851626319476,1.5));
#5159 = CARTESIAN_POINT('',(-5.72123433361,99.923643476258,1.5));
#5160 = CARTESIAN_POINT('',(-5.765733028785,99.997898121865,1.5));
#5161 = CARTESIAN_POINT('',(-5.806888759664,100.07418575745,1.5));
#5162 = CARTESIAN_POINT('',(-5.870959826869,100.2069805634,1.5));
#5163 = CARTESIAN_POINT('',(-5.895645556081,100.26256499307,1.5));
#5164 = CARTESIAN_POINT('',(-5.918582354181,100.3189623251,1.5));
#5165 = CARTESIAN_POINT('',(-5.939731293316,100.37609375341,1.5));
#5166 = CARTESIAN_POINT('',(-6.008099044295,100.5804857011,1.5));
#5167 = CARTESIAN_POINT('',(-6.045419440271,100.7313013953,1.5));
#5168 = CARTESIAN_POINT('',(-6.070480921557,100.88497084867,1.5));
#5169 = CARTESIAN_POINT('',(-6.083012591903,101.04008897958,1.5));
#5170 = CARTESIAN_POINT('',(-6.083012591903,101.3503098012,1.5));
#5171 = CARTESIAN_POINT('',(-6.070480921557,101.50542793211,1.5));
#5172 = CARTESIAN_POINT('',(-6.045419440271,101.65909738548,1.5));
#5173 = CARTESIAN_POINT('',(-6.008099044295,101.80991307968,1.5));
#5174 = CARTESIAN_POINT('',(-5.939731293317,102.01430502737,1.5));
#5175 = CARTESIAN_POINT('',(-5.918582354182,102.07143645568,1.5));
#5176 = CARTESIAN_POINT('',(-5.895645556082,102.12783378771,1.5));
#5177 = CARTESIAN_POINT('',(-5.87095982687,102.18341821738,1.5));
#5178 = CARTESIAN_POINT('',(-5.806888759665,102.31621302333,1.5));
#5179 = CARTESIAN_POINT('',(-5.765733028786,102.39250065892,1.5));
#5180 = CARTESIAN_POINT('',(-5.721234333611,102.46675530453,1.5));
#5181 = CARTESIAN_POINT('',(-5.673547283534,102.53877246131,1.5));
#5182 = CARTESIAN_POINT('',(-5.553027352089,102.70420930506,1.5));
#5183 = CARTESIAN_POINT('',(-5.477492881297,102.7954570976,1.5));
#5184 = CARTESIAN_POINT('',(-5.396713330249,102.8816153757,1.5));
#5185 = CARTESIAN_POINT('',(-5.311225051006,102.96227594603,1.5));
#5186 = CARTESIAN_POINT('',(-5.188718194851,103.06461072243,1.5));
#5187 = CARTESIAN_POINT('',(-5.155248599804,103.09132090154,1.5));
#5188 = CARTESIAN_POINT('',(-5.121254810888,103.11722975902,1.5));
#5189 = CARTESIAN_POINT('',(-5.086767662726,103.14232334027,1.5));
#5190 = CARTESIAN_POINT('',(-5.034660603833,103.17850326467,1.5));
#5191 = CARTESIAN_POINT('',(-5.017470262816,103.19016249948,1.5));
#5192 = CARTESIAN_POINT('',(-5.000253853946,103.20156946398,1.5));
#5193 = CARTESIAN_POINT('',(-4.983017045852,103.2127265553,1.5));
#5194 = CARTESIAN_POINT('',(-4.948514839301,103.2345453928,1.5));
#5195 = CARTESIAN_POINT('',(-4.931244629048,103.24520990031,1.5));
#5196 = CARTESIAN_POINT('',(-4.913969978413,103.2556267727,1.5));
#5197 = CARTESIAN_POINT('',(-4.896693743089,103.26580009408,1.5));
#5198 = CARTESIAN_POINT('',(-4.809823058583,103.31575444911,1.5));
#5199 = CARTESIAN_POINT('',(-4.738227775968,103.35305373958,1.5));
#5200 = CARTESIAN_POINT('',(-4.664786089444,103.38746864052,1.5));
#5201 = CARTESIAN_POINT('',(-4.589679777466,103.41885171642,1.5));
#5202 = CARTESIAN_POINT('',(-4.403664189143,103.48742187093,1.5));
#5203 = CARTESIAN_POINT('',(-4.291222101912,103.5213182057,1.5));
#5204 = CARTESIAN_POINT('',(-4.176361724227,103.54840396625,1.5));
#5205 = CARTESIAN_POINT('',(-4.059702883821,103.56841761463,1.5));
#5206 = CARTESIAN_POINT('',(-3.856358089167,103.59048188815,1.5));
#5207 = CARTESIAN_POINT('',(-3.77020918998,103.59595053123,1.5));
#5208 = CARTESIAN_POINT('',(-3.683708107083,103.59754465848,1.5));
#5209 = CARTESIAN_POINT('',(-3.597108784458,103.5952319924,1.5));
#5210 = CARTESIAN_POINT('',(-3.446902063254,103.58441806808,1.5));
#5211 = CARTESIAN_POINT('',(-3.383221910102,103.5776992329,1.5));
#5212 = CARTESIAN_POINT('',(-3.31973080637,103.56885083909,1.5));
#5213 = CARTESIAN_POINT('',(-3.256531089673,103.55787966844,1.5));
#5214 = CARTESIAN_POINT('',(-3.045561094962,103.51394729812,1.5));
#5215 = CARTESIAN_POINT('',(-2.899578341714,103.47136154543,1.5));
#5216 = CARTESIAN_POINT('',(-2.757127108086,103.41724687926,1.5));
#5217 = CARTESIAN_POINT('',(-2.619475337034,103.35204391168,1.5));
#5218 = CARTESIAN_POINT('',(-2.373077674832,103.21054377125,1.5));
#5219 = CARTESIAN_POINT('',(-2.262883457263,103.1367485167,1.5));
#5220 = CARTESIAN_POINT('',(-2.158005639872,103.05549329631,1.5));
#5221 = CARTESIAN_POINT('',(-2.059133300809,102.96733904056,1.5));
#5222 = CARTESIAN_POINT('',(-1.92837819652,102.83359243674,1.5));
#5223 = CARTESIAN_POINT('',(-1.891040393256,102.7931422728,1.5));
#5224 = CARTESIAN_POINT('',(-1.854893835745,102.75165704582,1.5));
#5225 = CARTESIAN_POINT('',(-1.819977925501,102.70918797727,1.5));
#5226 = CARTESIAN_POINT('',(-1.739951159551,102.60597422428,1.5));
#5227 = CARTESIAN_POINT('',(-1.695979465274,102.54439278411,1.5));
#5228 = CARTESIAN_POINT('',(-1.65450761803,102.48118623028,1.5));
#5229 = CARTESIAN_POINT('',(-1.61561541867,102.4165039748,1.5));
#5230 = CARTESIAN_POINT('',(-1.530316476244,102.2611870813,1.5));
#5231 = CARTESIAN_POINT('',(-1.48610788215,102.16945513042,1.5));
#5232 = CARTESIAN_POINT('',(-1.446905377842,102.07569866782,1.5));
#5233 = CARTESIAN_POINT('',(-1.412817035874,101.98032496276,1.5));
#5234 = CARTESIAN_POINT('',(-1.343359683661,101.74840543186,1.5));
#5235 = CARTESIAN_POINT('',(-1.312973148905,101.61070098253,1.5));
#5236 = CARTESIAN_POINT('',(-1.292882451968,101.47181627393,1.5));
#5237 = CARTESIAN_POINT('',(-1.283002188687,101.33292779684,1.5));
#5238 = CARTESIAN_POINT('',(-1.283002286005,101.19519939039,1.5));
#5239 = ORIENTED_EDGE('',*,*,#5240,.F.);
#5240 = EDGE_CURVE('',#2711,#4806,#5241,.T.);
#5241 = B_SPLINE_CURVE_WITH_KNOTS('',5,(#5242,#5243,#5244,#5245,#5246,
    #5247,#5248,#5249,#5250,#5251,#5252,#5253,#5254,#5255,#5256,#5257,
    #5258,#5259,#5260,#5261,#5262,#5263,#5264,#5265,#5266,#5267,#5268,
    #5269,#5270,#5271,#5272,#5273,#5274,#5275,#5276,#5277,#5278,#5279,
    #5280,#5281,#5282,#5283,#5284,#5285,#5286,#5287,#5288,#5289,#5290,
    #5291,#5292,#5293,#5294,#5295,#5296,#5297,#5298,#5299,#5300,#5301,
    #5302,#5303,#5304,#5305,#5306,#5307,#5308,#5309,#5310,#5311,#5312,
    #5313,#5314,#5315,#5316,#5317,#5318,#5319,#5320,#5321,#5322,#5323,
    #5324,#5325,#5326,#5327,#5328,#5329,#5330,#5331,#5332,#5333,#5334,
    #5335,#5336,#5337,#5338,#5339,#5340,#5341,#5342,#5343,#5344,#5345,
    #5346,#5347,#5348,#5349,#5350,#5351,#5352,#5353,#5354,#5355,#5356,
    #5357,#5358,#5359,#5360,#5361,#5362,#5363,#5364,#5365,#5366,#5367,
    #5368,#5369,#5370,#5371,#5372,#5373,#5374,#5375),.UNSPECIFIED.,.T.,
  .F.,(1,5,4,4,4,4,4,4,4,4,4,4,4,4,4,4,4,4,4,4,4,4,4,4,4,4,4,4,4,4,4,4,4
    ,4,5,1),(-4.8028733054E-02,0.,4.71402722038E-02,8.077286134412E-02,
    0.105625788513,0.123657959426,0.166889550156,0.216503336071,
    0.2375345407,0.266044111382,0.305302637807,0.332770329998,
    0.339605183085,0.360688273859,0.399294675244,0.427326415019,
    0.446958044611,0.496767502926,0.546576961241,0.566208590833,
    0.594240330608,0.632846731993,0.647030548644,0.653994219387,
    0.66095789013,0.688943270659,0.728941709311,0.757988604794,
    0.779416188169,0.829965053674,0.87401143766,0.892383464012,
    0.91770479859,0.951971266946,1.,1.047140272204),.UNSPECIFIED.);
#5242 = CARTESIAN_POINT('',(-1.283002286005,99.695199390399,1.5));
#5243 = CARTESIAN_POINT('',(-1.283002188687,99.557470983952,1.5));
#5244 = CARTESIAN_POINT('',(-1.292882451968,99.41858250686,1.5));
#5245 = CARTESIAN_POINT('',(-1.312973148905,99.279697798265,1.5));
#5246 = CARTESIAN_POINT('',(-1.343359683661,99.141993348936,1.5));
#5247 = CARTESIAN_POINT('',(-1.412817035874,98.910073818037,1.5));
#5248 = CARTESIAN_POINT('',(-1.446905377842,98.814700112978,1.5));
#5249 = CARTESIAN_POINT('',(-1.48610788215,98.720943650369,1.5));
#5250 = CARTESIAN_POINT('',(-1.530316476244,98.62921169949,1.5));
#5251 = CARTESIAN_POINT('',(-1.615615418669,98.473894805988,1.5));
#5252 = CARTESIAN_POINT('',(-1.65450761803,98.409212550511,1.5));
#5253 = CARTESIAN_POINT('',(-1.695979465273,98.346005996684,1.5));
#5254 = CARTESIAN_POINT('',(-1.739951159551,98.284424556517,1.5));
#5255 = CARTESIAN_POINT('',(-1.819977925501,98.181210803518,1.5));
#5256 = CARTESIAN_POINT('',(-1.854893835744,98.13874173497,1.5));
#5257 = CARTESIAN_POINT('',(-1.891040393256,98.097256507994,1.5));
#5258 = CARTESIAN_POINT('',(-1.92837819652,98.056806344048,1.5));
#5259 = CARTESIAN_POINT('',(-2.059133300809,97.923059740232,1.5));
#5260 = CARTESIAN_POINT('',(-2.158005639871,97.834905484479,1.5));
#5261 = CARTESIAN_POINT('',(-2.262883457262,97.753650264087,1.5));
#5262 = CARTESIAN_POINT('',(-2.373077674831,97.679855009541,1.5));
#5263 = CARTESIAN_POINT('',(-2.619475337033,97.538354869114,1.5));
#5264 = CARTESIAN_POINT('',(-2.757127108085,97.473151901528,1.5));
#5265 = CARTESIAN_POINT('',(-2.899578341713,97.41903723536,1.5));
#5266 = CARTESIAN_POINT('',(-3.04556109496,97.37645148267,1.5));
#5267 = CARTESIAN_POINT('',(-3.256531089672,97.332519112347,1.5));
#5268 = CARTESIAN_POINT('',(-3.319730806369,97.3215479417,1.5));
#5269 = CARTESIAN_POINT('',(-3.3832219101,97.312699547891,1.5));
#5270 = CARTESIAN_POINT('',(-3.446902063252,97.305980712711,1.5));
#5271 = CARTESIAN_POINT('',(-3.597108784457,97.295166788385,1.5));
#5272 = CARTESIAN_POINT('',(-3.683708107082,97.292854122308,1.5));
#5273 = CARTESIAN_POINT('',(-3.770209189979,97.294448249559,1.5));
#5274 = CARTESIAN_POINT('',(-3.856358089165,97.299916892638,1.5));
#5275 = CARTESIAN_POINT('',(-4.059702883819,97.32198116616,1.5));
#5276 = CARTESIAN_POINT('',(-4.176361724226,97.341994814531,1.5));
#5277 = CARTESIAN_POINT('',(-4.291222101911,97.369080575085,1.5));
#5278 = CARTESIAN_POINT('',(-4.403664189141,97.402976909853,1.5));
#5279 = CARTESIAN_POINT('',(-4.589679777464,97.471547064364,1.5));
#5280 = CARTESIAN_POINT('',(-4.664786089442,97.50293014026,1.5));
#5281 = CARTESIAN_POINT('',(-4.738227775966,97.537345041204,1.5));
#5282 = CARTESIAN_POINT('',(-4.809823058582,97.574644331671,1.5));
#5283 = CARTESIAN_POINT('',(-4.896693743087,97.624598686702,1.5));
#5284 = CARTESIAN_POINT('',(-4.913969978412,97.634772008086,1.5));
#5285 = CARTESIAN_POINT('',(-4.931244629047,97.64518888047,1.5));
#5286 = CARTESIAN_POINT('',(-4.948514839299,97.655853387984,1.5));
#5287 = CARTESIAN_POINT('',(-5.01898082996,97.700415261656,1.5));
#5288 = CARTESIAN_POINT('',(-5.071280533784,97.735931975959,1.5));
#5289 = CARTESIAN_POINT('',(-5.122557008846,97.773279043373,1.5));
#5290 = CARTESIAN_POINT('',(-5.172707474618,97.812413660985,1.5));
#5291 = CARTESIAN_POINT('',(-5.311225051004,97.928122834757,1.5));
#5292 = CARTESIAN_POINT('',(-5.396713330247,98.008783405088,1.5));
#5293 = CARTESIAN_POINT('',(-5.477492881296,98.09494168318,1.5));
#5294 = CARTESIAN_POINT('',(-5.553027352088,98.186189475722,1.5));
#5295 = CARTESIAN_POINT('',(-5.673547283533,98.351626319476,1.5));
#5296 = CARTESIAN_POINT('',(-5.72123433361,98.423643476258,1.5));
#5297 = CARTESIAN_POINT('',(-5.765733028785,98.497898121865,1.5));
#5298 = CARTESIAN_POINT('',(-5.806888759664,98.574185757456,1.5));
#5299 = CARTESIAN_POINT('',(-5.870959826869,98.706980563401,1.5));
#5300 = CARTESIAN_POINT('',(-5.895645556081,98.762564993074,1.5));
#5301 = CARTESIAN_POINT('',(-5.918582354181,98.818962325108,1.5));
#5302 = CARTESIAN_POINT('',(-5.939731293316,98.87609375341,1.5));
#5303 = CARTESIAN_POINT('',(-6.008099044295,99.080485701105,1.5));
#5304 = CARTESIAN_POINT('',(-6.045419440271,99.231301395309,1.5));
#5305 = CARTESIAN_POINT('',(-6.070480921557,99.384970848676,1.5));
#5306 = CARTESIAN_POINT('',(-6.083012591903,99.540088979584,1.5));
#5307 = CARTESIAN_POINT('',(-6.083012591903,99.850309801205,1.5));
#5308 = CARTESIAN_POINT('',(-6.070480921557,100.00542793211,1.5));
#5309 = CARTESIAN_POINT('',(-6.045419440271,100.15909738548,1.5));
#5310 = CARTESIAN_POINT('',(-6.008099044295,100.30991307968,1.5));
#5311 = CARTESIAN_POINT('',(-5.939731293317,100.51430502737,1.5));
#5312 = CARTESIAN_POINT('',(-5.918582354182,100.57143645568,1.5));
#5313 = CARTESIAN_POINT('',(-5.895645556082,100.62783378771,1.5));
#5314 = CARTESIAN_POINT('',(-5.87095982687,100.68341821738,1.5));
#5315 = CARTESIAN_POINT('',(-5.806888759665,100.81621302333,1.5));
#5316 = CARTESIAN_POINT('',(-5.765733028786,100.89250065892,1.5));
#5317 = CARTESIAN_POINT('',(-5.721234333611,100.96675530453,1.5));
#5318 = CARTESIAN_POINT('',(-5.673547283534,101.03877246131,1.5));
#5319 = CARTESIAN_POINT('',(-5.553027352089,101.20420930506,1.5));
#5320 = CARTESIAN_POINT('',(-5.477492881297,101.2954570976,1.5));
#5321 = CARTESIAN_POINT('',(-5.396713330249,101.3816153757,1.5));
#5322 = CARTESIAN_POINT('',(-5.311225051006,101.46227594603,1.5));
#5323 = CARTESIAN_POINT('',(-5.188718194851,101.56461072243,1.5));
#5324 = CARTESIAN_POINT('',(-5.155248599804,101.59132090154,1.5));
#5325 = CARTESIAN_POINT('',(-5.121254810888,101.61722975902,1.5));
#5326 = CARTESIAN_POINT('',(-5.086767662726,101.64232334027,1.5));
#5327 = CARTESIAN_POINT('',(-5.034660603833,101.67850326467,1.5));
#5328 = CARTESIAN_POINT('',(-5.017470262816,101.69016249948,1.5));
#5329 = CARTESIAN_POINT('',(-5.000253853946,101.70156946398,1.5));
#5330 = CARTESIAN_POINT('',(-4.983017045852,101.7127265553,1.5));
#5331 = CARTESIAN_POINT('',(-4.948514839301,101.7345453928,1.5));
#5332 = CARTESIAN_POINT('',(-4.931244629048,101.74520990031,1.5));
#5333 = CARTESIAN_POINT('',(-4.913969978413,101.7556267727,1.5));
#5334 = CARTESIAN_POINT('',(-4.896693743089,101.76580009408,1.5));
#5335 = CARTESIAN_POINT('',(-4.809823058583,101.81575444911,1.5));
#5336 = CARTESIAN_POINT('',(-4.738227775968,101.85305373958,1.5));
#5337 = CARTESIAN_POINT('',(-4.664786089444,101.88746864052,1.5));
#5338 = CARTESIAN_POINT('',(-4.589679777466,101.91885171642,1.5));
#5339 = CARTESIAN_POINT('',(-4.403664189143,101.98742187093,1.5));
#5340 = CARTESIAN_POINT('',(-4.291222101912,102.0213182057,1.5));
#5341 = CARTESIAN_POINT('',(-4.176361724227,102.04840396625,1.5));
#5342 = CARTESIAN_POINT('',(-4.059702883821,102.06841761463,1.5));
#5343 = CARTESIAN_POINT('',(-3.856358089167,102.09048188815,1.5));
#5344 = CARTESIAN_POINT('',(-3.77020918998,102.09595053123,1.5));
#5345 = CARTESIAN_POINT('',(-3.683708107083,102.09754465848,1.5));
#5346 = CARTESIAN_POINT('',(-3.597108784458,102.0952319924,1.5));
#5347 = CARTESIAN_POINT('',(-3.446902063254,102.08441806808,1.5));
#5348 = CARTESIAN_POINT('',(-3.383221910102,102.0776992329,1.5));
#5349 = CARTESIAN_POINT('',(-3.31973080637,102.06885083909,1.5));
#5350 = CARTESIAN_POINT('',(-3.256531089673,102.05787966844,1.5));
#5351 = CARTESIAN_POINT('',(-3.045561094962,102.01394729812,1.5));
#5352 = CARTESIAN_POINT('',(-2.899578341714,101.97136154543,1.5));
#5353 = CARTESIAN_POINT('',(-2.757127108086,101.91724687926,1.5));
#5354 = CARTESIAN_POINT('',(-2.619475337034,101.85204391168,1.5));
#5355 = CARTESIAN_POINT('',(-2.373077674832,101.71054377125,1.5));
#5356 = CARTESIAN_POINT('',(-2.262883457263,101.6367485167,1.5));
#5357 = CARTESIAN_POINT('',(-2.158005639872,101.55549329631,1.5));
#5358 = CARTESIAN_POINT('',(-2.059133300809,101.46733904056,1.5));
#5359 = CARTESIAN_POINT('',(-1.92837819652,101.33359243674,1.5));
#5360 = CARTESIAN_POINT('',(-1.891040393256,101.2931422728,1.5));
#5361 = CARTESIAN_POINT('',(-1.854893835745,101.25165704582,1.5));
#5362 = CARTESIAN_POINT('',(-1.819977925501,101.20918797727,1.5));
#5363 = CARTESIAN_POINT('',(-1.739951159551,101.10597422428,1.5));
#5364 = CARTESIAN_POINT('',(-1.695979465274,101.04439278411,1.5));
#5365 = CARTESIAN_POINT('',(-1.65450761803,100.98118623028,1.5));
#5366 = CARTESIAN_POINT('',(-1.61561541867,100.9165039748,1.5));
#5367 = CARTESIAN_POINT('',(-1.530316476244,100.7611870813,1.5));
#5368 = CARTESIAN_POINT('',(-1.48610788215,100.66945513042,1.5));
#5369 = CARTESIAN_POINT('',(-1.446905377842,100.57569866782,1.5));
#5370 = CARTESIAN_POINT('',(-1.412817035874,100.48032496276,1.5));
#5371 = CARTESIAN_POINT('',(-1.343359683661,100.24840543186,1.5));
#5372 = CARTESIAN_POINT('',(-1.312973148905,100.11070098253,1.5));
#5373 = CARTESIAN_POINT('',(-1.292882451968,99.971816273938,1.5));
#5374 = CARTESIAN_POINT('',(-1.283002188687,99.832927796846,1.5));
#5375 = CARTESIAN_POINT('',(-1.283002286005,99.695199390399,1.5));
#5376 = ORIENTED_EDGE('',*,*,#2710,.F.);
#5377 = ORIENTED_EDGE('',*,*,#5378,.F.);
#5378 = EDGE_CURVE('',#4965,#2704,#5379,.T.);
#5379 = B_SPLINE_CURVE_WITH_KNOTS('',5,(#5380,#5381,#5382,#5383,#5384,
    #5385,#5386,#5387,#5388,#5389,#5390,#5391,#5392,#5393,#5394,#5395,
    #5396,#5397,#5398,#5399,#5400,#5401,#5402,#5403,#5404,#5405,#5406,
    #5407,#5408,#5409,#5410,#5411,#5412,#5413,#5414,#5415,#5416,#5417,
    #5418,#5419,#5420,#5421,#5422,#5423,#5424,#5425,#5426,#5427,#5428,
    #5429,#5430,#5431,#5432,#5433,#5434,#5435,#5436,#5437,#5438,#5439,
    #5440,#5441,#5442,#5443,#5444,#5445,#5446,#5447,#5448,#5449,#5450,
    #5451,#5452,#5453,#5454,#5455,#5456,#5457,#5458,#5459,#5460,#5461,
    #5462,#5463,#5464,#5465,#5466,#5467,#5468,#5469,#5470,#5471,#5472,
    #5473,#5474,#5475,#5476,#5477,#5478,#5479,#5480,#5481,#5482,#5483,
    #5484,#5485,#5486,#5487,#5488,#5489,#5490,#5491,#5492,#5493,#5494,
    #5495,#5496,#5497,#5498,#5499,#5500,#5501,#5502,#5503,#5504,#5505,
    #5506,#5507,#5508,#5509,#5510,#5511,#5512,#5513),.UNSPECIFIED.,.T.,
  .F.,(1,5,4,4,4,4,4,4,4,4,4,4,4,4,4,4,4,4,4,4,4,4,4,4,4,4,4,4,4,4,4,4,4
    ,4,5,1),(-4.8028733054E-02,0.,4.71402722038E-02,8.077286134412E-02,
    0.105625788513,0.123657959426,0.166889550156,0.216503336071,
    0.2375345407,0.266044111382,0.305302637807,0.332770329998,
    0.339605183085,0.360688273859,0.399294675244,0.427326415019,
    0.446958044611,0.496767502926,0.546576961241,0.566208590833,
    0.594240330608,0.632846731993,0.647030548644,0.653994219387,
    0.66095789013,0.688943270659,0.728941709311,0.757988604794,
    0.779416188169,0.829965053674,0.87401143766,0.892383464012,
    0.91770479859,0.951971266946,1.,1.047140272204),.UNSPECIFIED.);
#5380 = CARTESIAN_POINT('',(-1.283002286005,99.695199390399,1.5));
#5381 = CARTESIAN_POINT('',(-1.283002188687,99.557470983952,1.5));
#5382 = CARTESIAN_POINT('',(-1.292882451968,99.41858250686,1.5));
#5383 = CARTESIAN_POINT('',(-1.312973148905,99.279697798265,1.5));
#5384 = CARTESIAN_POINT('',(-1.343359683661,99.141993348936,1.5));
#5385 = CARTESIAN_POINT('',(-1.412817035874,98.910073818037,1.5));
#5386 = CARTESIAN_POINT('',(-1.446905377842,98.814700112978,1.5));
#5387 = CARTESIAN_POINT('',(-1.48610788215,98.720943650369,1.5));
#5388 = CARTESIAN_POINT('',(-1.530316476244,98.62921169949,1.5));
#5389 = CARTESIAN_POINT('',(-1.615615418669,98.473894805988,1.5));
#5390 = CARTESIAN_POINT('',(-1.65450761803,98.409212550511,1.5));
#5391 = CARTESIAN_POINT('',(-1.695979465273,98.346005996684,1.5));
#5392 = CARTESIAN_POINT('',(-1.739951159551,98.284424556517,1.5));
#5393 = CARTESIAN_POINT('',(-1.819977925501,98.181210803518,1.5));
#5394 = CARTESIAN_POINT('',(-1.854893835744,98.13874173497,1.5));
#5395 = CARTESIAN_POINT('',(-1.891040393256,98.097256507994,1.5));
#5396 = CARTESIAN_POINT('',(-1.92837819652,98.056806344048,1.5));
#5397 = CARTESIAN_POINT('',(-2.059133300809,97.923059740232,1.5));
#5398 = CARTESIAN_POINT('',(-2.158005639871,97.834905484479,1.5));
#5399 = CARTESIAN_POINT('',(-2.262883457262,97.753650264087,1.5));
#5400 = CARTESIAN_POINT('',(-2.373077674831,97.679855009541,1.5));
#5401 = CARTESIAN_POINT('',(-2.619475337033,97.538354869114,1.5));
#5402 = CARTESIAN_POINT('',(-2.757127108085,97.473151901528,1.5));
#5403 = CARTESIAN_POINT('',(-2.899578341713,97.41903723536,1.5));
#5404 = CARTESIAN_POINT('',(-3.04556109496,97.37645148267,1.5));
#5405 = CARTESIAN_POINT('',(-3.256531089672,97.332519112347,1.5));
#5406 = CARTESIAN_POINT('',(-3.319730806369,97.3215479417,1.5));
#5407 = CARTESIAN_POINT('',(-3.3832219101,97.312699547891,1.5));
#5408 = CARTESIAN_POINT('',(-3.446902063252,97.305980712711,1.5));
#5409 = CARTESIAN_POINT('',(-3.597108784457,97.295166788385,1.5));
#5410 = CARTESIAN_POINT('',(-3.683708107082,97.292854122308,1.5));
#5411 = CARTESIAN_POINT('',(-3.770209189979,97.294448249559,1.5));
#5412 = CARTESIAN_POINT('',(-3.856358089165,97.299916892638,1.5));
#5413 = CARTESIAN_POINT('',(-4.059702883819,97.32198116616,1.5));
#5414 = CARTESIAN_POINT('',(-4.176361724226,97.341994814531,1.5));
#5415 = CARTESIAN_POINT('',(-4.291222101911,97.369080575085,1.5));
#5416 = CARTESIAN_POINT('',(-4.403664189141,97.402976909853,1.5));
#5417 = CARTESIAN_POINT('',(-4.589679777464,97.471547064364,1.5));
#5418 = CARTESIAN_POINT('',(-4.664786089442,97.50293014026,1.5));
#5419 = CARTESIAN_POINT('',(-4.738227775966,97.537345041204,1.5));
#5420 = CARTESIAN_POINT('',(-4.809823058582,97.574644331671,1.5));
#5421 = CARTESIAN_POINT('',(-4.896693743087,97.624598686702,1.5));
#5422 = CARTESIAN_POINT('',(-4.913969978412,97.634772008086,1.5));
#5423 = CARTESIAN_POINT('',(-4.931244629047,97.64518888047,1.5));
#5424 = CARTESIAN_POINT('',(-4.948514839299,97.655853387984,1.5));
#5425 = CARTESIAN_POINT('',(-5.01898082996,97.700415261656,1.5));
#5426 = CARTESIAN_POINT('',(-5.071280533784,97.735931975959,1.5));
#5427 = CARTESIAN_POINT('',(-5.122557008846,97.773279043373,1.5));
#5428 = CARTESIAN_POINT('',(-5.172707474618,97.812413660985,1.5));
#5429 = CARTESIAN_POINT('',(-5.311225051004,97.928122834757,1.5));
#5430 = CARTESIAN_POINT('',(-5.396713330247,98.008783405088,1.5));
#5431 = CARTESIAN_POINT('',(-5.477492881296,98.09494168318,1.5));
#5432 = CARTESIAN_POINT('',(-5.553027352088,98.186189475722,1.5));
#5433 = CARTESIAN_POINT('',(-5.673547283533,98.351626319476,1.5));
#5434 = CARTESIAN_POINT('',(-5.72123433361,98.423643476258,1.5));
#5435 = CARTESIAN_POINT('',(-5.765733028785,98.497898121865,1.5));
#5436 = CARTESIAN_POINT('',(-5.806888759664,98.574185757456,1.5));
#5437 = CARTESIAN_POINT('',(-5.870959826869,98.706980563401,1.5));
#5438 = CARTESIAN_POINT('',(-5.895645556081,98.762564993074,1.5));
#5439 = CARTESIAN_POINT('',(-5.918582354181,98.818962325108,1.5));
#5440 = CARTESIAN_POINT('',(-5.939731293316,98.87609375341,1.5));
#5441 = CARTESIAN_POINT('',(-6.008099044295,99.080485701105,1.5));
#5442 = CARTESIAN_POINT('',(-6.045419440271,99.231301395309,1.5));
#5443 = CARTESIAN_POINT('',(-6.070480921557,99.384970848676,1.5));
#5444 = CARTESIAN_POINT('',(-6.083012591903,99.540088979584,1.5));
#5445 = CARTESIAN_POINT('',(-6.083012591903,99.850309801205,1.5));
#5446 = CARTESIAN_POINT('',(-6.070480921557,100.00542793211,1.5));
#5447 = CARTESIAN_POINT('',(-6.045419440271,100.15909738548,1.5));
#5448 = CARTESIAN_POINT('',(-6.008099044295,100.30991307968,1.5));
#5449 = CARTESIAN_POINT('',(-5.939731293317,100.51430502737,1.5));
#5450 = CARTESIAN_POINT('',(-5.918582354182,100.57143645568,1.5));
#5451 = CARTESIAN_POINT('',(-5.895645556082,100.62783378771,1.5));
#5452 = CARTESIAN_POINT('',(-5.87095982687,100.68341821738,1.5));
#5453 = CARTESIAN_POINT('',(-5.806888759665,100.81621302333,1.5));
#5454 = CARTESIAN_POINT('',(-5.765733028786,100.89250065892,1.5));
#5455 = CARTESIAN_POINT('',(-5.721234333611,100.96675530453,1.5));
#5456 = CARTESIAN_POINT('',(-5.673547283534,101.03877246131,1.5));
#5457 = CARTESIAN_POINT('',(-5.553027352089,101.20420930506,1.5));
#5458 = CARTESIAN_POINT('',(-5.477492881297,101.2954570976,1.5));
#5459 = CARTESIAN_POINT('',(-5.396713330249,101.3816153757,1.5));
#5460 = CARTESIAN_POINT('',(-5.311225051006,101.46227594603,1.5));
#5461 = CARTESIAN_POINT('',(-5.188718194851,101.56461072243,1.5));
#5462 = CARTESIAN_POINT('',(-5.155248599804,101.59132090154,1.5));
#5463 = CARTESIAN_POINT('',(-5.121254810888,101.61722975902,1.5));
#5464 = CARTESIAN_POINT('',(-5.086767662726,101.64232334027,1.5));
#5465 = CARTESIAN_POINT('',(-5.034660603833,101.67850326467,1.5));
#5466 = CARTESIAN_POINT('',(-5.017470262816,101.69016249948,1.5));
#5467 = CARTESIAN_POINT('',(-5.000253853946,101.70156946398,1.5));
#5468 = CARTESIAN_POINT('',(-4.983017045852,101.7127265553,1.5));
#5469 = CARTESIAN_POINT('',(-4.948514839301,101.7345453928,1.5));
#5470 = CARTESIAN_POINT('',(-4.931244629048,101.74520990031,1.5));
#5471 = CARTESIAN_POINT('',(-4.913969978413,101.7556267727,1.5));
#5472 = CARTESIAN_POINT('',(-4.896693743089,101.76580009408,1.5));
#5473 = CARTESIAN_POINT('',(-4.809823058583,101.81575444911,1.5));
#5474 = CARTESIAN_POINT('',(-4.738227775968,101.85305373958,1.5));
#5475 = CARTESIAN_POINT('',(-4.664786089444,101.88746864052,1.5));
#5476 = CARTESIAN_POINT('',(-4.589679777466,101.91885171642,1.5));
#5477 = CARTESIAN_POINT('',(-4.403664189143,101.98742187093,1.5));
#5478 = CARTESIAN_POINT('',(-4.291222101912,102.0213182057,1.5));
#5479 = CARTESIAN_POINT('',(-4.176361724227,102.04840396625,1.5));
#5480 = CARTESIAN_POINT('',(-4.059702883821,102.06841761463,1.5));
#5481 = CARTESIAN_POINT('',(-3.856358089167,102.09048188815,1.5));
#5482 = CARTESIAN_POINT('',(-3.77020918998,102.09595053123,1.5));
#5483 = CARTESIAN_POINT('',(-3.683708107083,102.09754465848,1.5));
#5484 = CARTESIAN_POINT('',(-3.597108784458,102.0952319924,1.5));
#5485 = CARTESIAN_POINT('',(-3.446902063254,102.08441806808,1.5));
#5486 = CARTESIAN_POINT('',(-3.383221910102,102.0776992329,1.5));
#5487 = CARTESIAN_POINT('',(-3.31973080637,102.06885083909,1.5));
#5488 = CARTESIAN_POINT('',(-3.256531089673,102.05787966844,1.5));
#5489 = CARTESIAN_POINT('',(-3.045561094962,102.01394729812,1.5));
#5490 = CARTESIAN_POINT('',(-2.899578341714,101.97136154543,1.5));
#5491 = CARTESIAN_POINT('',(-2.757127108086,101.91724687926,1.5));
#5492 = CARTESIAN_POINT('',(-2.619475337034,101.85204391168,1.5));
#5493 = CARTESIAN_POINT('',(-2.373077674832,101.71054377125,1.5));
#5494 = CARTESIAN_POINT('',(-2.262883457263,101.6367485167,1.5));
#5495 = CARTESIAN_POINT('',(-2.158005639872,101.55549329631,1.5));
#5496 = CARTESIAN_POINT('',(-2.059133300809,101.46733904056,1.5));
#5497 = CARTESIAN_POINT('',(-1.92837819652,101.33359243674,1.5));
#5498 = CARTESIAN_POINT('',(-1.891040393256,101.2931422728,1.5));
#5499 = CARTESIAN_POINT('',(-1.854893835745,101.25165704582,1.5));
#5500 = CARTESIAN_POINT('',(-1.819977925501,101.20918797727,1.5));
#5501 = CARTESIAN_POINT('',(-1.739951159551,101.10597422428,1.5));
#5502 = CARTESIAN_POINT('',(-1.695979465274,101.04439278411,1.5));
#5503 = CARTESIAN_POINT('',(-1.65450761803,100.98118623028,1.5));
#5504 = CARTESIAN_POINT('',(-1.61561541867,100.9165039748,1.5));
#5505 = CARTESIAN_POINT('',(-1.530316476244,100.7611870813,1.5));
#5506 = CARTESIAN_POINT('',(-1.48610788215,100.66945513042,1.5));
#5507 = CARTESIAN_POINT('',(-1.446905377842,100.57569866782,1.5));
#5508 = CARTESIAN_POINT('',(-1.412817035874,100.48032496276,1.5));
#5509 = CARTESIAN_POINT('',(-1.343359683661,100.24840543186,1.5));
#5510 = CARTESIAN_POINT('',(-1.312973148905,100.11070098253,1.5));
#5511 = CARTESIAN_POINT('',(-1.292882451968,99.971816273938,1.5));
#5512 = CARTESIAN_POINT('',(-1.283002188687,99.832927796846,1.5));
#5513 = CARTESIAN_POINT('',(-1.283002286005,99.695199390399,1.5));
#5514 = PLANE('',#5515);
#5515 = AXIS2_PLACEMENT_3D('',#5516,#5517,#5518);
#5516 = CARTESIAN_POINT('',(-97.76219329438,97.12,1.5));
#5517 = DIRECTION('',(0.,0.,1.));
#5518 = DIRECTION('',(1.,0.,-0.));
#5519 = ADVANCED_FACE('',(#5520),#5537,.T.);
#5520 = FACE_BOUND('',#5521,.T.);
#5521 = EDGE_LOOP('',(#5522,#5523,#5530,#5535,#5536));
#5522 = ORIENTED_EDGE('',*,*,#3551,.F.);
#5523 = ORIENTED_EDGE('',*,*,#5524,.T.);
#5524 = EDGE_CURVE('',#3545,#5525,#5527,.T.);
#5525 = VERTEX_POINT('',#5526);
#5526 = CARTESIAN_POINT('',(0.952501905004,105.44970789941,1.5));
#5527 = B_SPLINE_CURVE_WITH_KNOTS('',1,(#5528,#5529),.UNSPECIFIED.,.F.,
  .F.,(2,2),(0.,118.1102),.PIECEWISE_BEZIER_KNOTS.);
#5528 = CARTESIAN_POINT('',(0.952501905004,105.44970789941,-1.5));
#5529 = CARTESIAN_POINT('',(0.952501905004,105.44970789941,1.50000508001
    ));
#5530 = ORIENTED_EDGE('',*,*,#5531,.F.);
#5531 = EDGE_CURVE('',#4630,#5525,#5532,.T.);
#5532 = B_SPLINE_CURVE_WITH_KNOTS('',1,(#5533,#5534),.UNSPECIFIED.,.F.,
  .F.,(2,2),(0.,1.),.PIECEWISE_BEZIER_KNOTS.);
#5533 = CARTESIAN_POINT('',(0.952501905004,97.12,1.5));
#5534 = CARTESIAN_POINT('',(0.952501905004,105.44970789941,1.5));
#5535 = ORIENTED_EDGE('',*,*,#4636,.T.);
#5536 = ORIENTED_EDGE('',*,*,#2696,.T.);
#5537 = B_SPLINE_SURFACE_WITH_KNOTS('',1,1,(
    (#5538,#5539)
    ,(#5540,#5541
  )),.UNSPECIFIED.,.F.,.F.,.F.,(2,2),(2,2),(0.,327.97245),(-118.1102,0.)
  ,.PIECEWISE_BEZIER_KNOTS.);
#5538 = CARTESIAN_POINT('',(0.952501905004,105.44970789941,1.50000508001
    ));
#5539 = CARTESIAN_POINT('',(0.952501905004,105.44970789941,-1.5));
#5540 = CARTESIAN_POINT('',(0.952501905004,97.119191008382,1.50000508001
    ));
#5541 = CARTESIAN_POINT('',(0.952501905004,97.119191008382,-1.5));
#5542 = ADVANCED_FACE('',(#5543),#5568,.F.);
#5543 = FACE_BOUND('',#5544,.F.);
#5544 = EDGE_LOOP('',(#5545,#5553,#5561,#5567));
#5545 = ORIENTED_EDGE('',*,*,#5546,.F.);
#5546 = EDGE_CURVE('',#5547,#2777,#5549,.T.);
#5547 = VERTEX_POINT('',#5548);
#5548 = CARTESIAN_POINT('',(-50.,97.12,13.));
#5549 = LINE('',#5550,#5551);
#5550 = CARTESIAN_POINT('',(-50.,96.62,13.));
#5551 = VECTOR('',#5552,1.);
#5552 = DIRECTION('',(-0.,1.,0.));
#5553 = ORIENTED_EDGE('',*,*,#5554,.T.);
#5554 = EDGE_CURVE('',#5547,#5555,#5557,.T.);
#5555 = VERTEX_POINT('',#5556);
#5556 = CARTESIAN_POINT('',(-35.,97.12,13.));
#5557 = LINE('',#5558,#5559);
#5558 = CARTESIAN_POINT('',(-74.131,97.12,13.));
#5559 = VECTOR('',#5560,1.);
#5560 = DIRECTION('',(1.,0.,-0.));
#5561 = ORIENTED_EDGE('',*,*,#5562,.T.);
#5562 = EDGE_CURVE('',#5555,#2779,#5563,.T.);
#5563 = LINE('',#5564,#5565);
#5564 = CARTESIAN_POINT('',(-35.,96.62,13.));
#5565 = VECTOR('',#5566,1.);
#5566 = DIRECTION('',(-0.,1.,0.));
#5567 = ORIENTED_EDGE('',*,*,#2776,.F.);
#5568 = PLANE('',#5569);
#5569 = AXIS2_PLACEMENT_3D('',#5570,#5571,#5572);
#5570 = CARTESIAN_POINT('',(-50.,96.62,13.));
#5571 = DIRECTION('',(0.,0.,1.));
#5572 = DIRECTION('',(1.,0.,-0.));
#5573 = ADVANCED_FACE('',(#5574),#5592,.T.);
#5574 = FACE_BOUND('',#5575,.T.);
#5575 = EDGE_LOOP('',(#5576,#5577,#5585,#5591));
#5576 = ORIENTED_EDGE('',*,*,#5546,.F.);
#5577 = ORIENTED_EDGE('',*,*,#5578,.T.);
#5578 = EDGE_CURVE('',#5547,#5579,#5581,.T.);
#5579 = VERTEX_POINT('',#5580);
#5580 = CARTESIAN_POINT('',(-50.,97.12,6.));
#5581 = LINE('',#5582,#5583);
#5582 = CARTESIAN_POINT('',(-50.,97.12,2.25));
#5583 = VECTOR('',#5584,1.);
#5584 = DIRECTION('',(-0.,0.,-1.));
#5585 = ORIENTED_EDGE('',*,*,#5586,.T.);
#5586 = EDGE_CURVE('',#5579,#2787,#5587,.T.);
#5587 = LINE('',#5588,#5589);
#5588 = CARTESIAN_POINT('',(-50.,96.62,6.));
#5589 = VECTOR('',#5590,1.);
#5590 = DIRECTION('',(-0.,1.,0.));
#5591 = ORIENTED_EDGE('',*,*,#2786,.F.);
#5592 = PLANE('',#5593);
#5593 = AXIS2_PLACEMENT_3D('',#5594,#5595,#5596);
#5594 = CARTESIAN_POINT('',(-50.,96.62,6.));
#5595 = DIRECTION('',(1.,0.,-0.));
#5596 = DIRECTION('',(0.,0.,1.));
#5597 = ADVANCED_FACE('',(#5598),#5616,.F.);
#5598 = FACE_BOUND('',#5599,.F.);
#5599 = EDGE_LOOP('',(#5600,#5601,#5609,#5615));
#5600 = ORIENTED_EDGE('',*,*,#5562,.F.);
#5601 = ORIENTED_EDGE('',*,*,#5602,.T.);
#5602 = EDGE_CURVE('',#5555,#5603,#5605,.T.);
#5603 = VERTEX_POINT('',#5604);
#5604 = CARTESIAN_POINT('',(-35.,97.12,6.));
#5605 = LINE('',#5606,#5607);
#5606 = CARTESIAN_POINT('',(-35.,97.12,10.875017780036));
#5607 = VECTOR('',#5608,1.);
#5608 = DIRECTION('',(-0.,2.831015775893E-16,-1.));
#5609 = ORIENTED_EDGE('',*,*,#5610,.T.);
#5610 = EDGE_CURVE('',#5603,#2795,#5611,.T.);
#5611 = LINE('',#5612,#5613);
#5612 = CARTESIAN_POINT('',(-35.,96.62,6.));
#5613 = VECTOR('',#5614,1.);
#5614 = DIRECTION('',(-0.,1.,0.));
#5615 = ORIENTED_EDGE('',*,*,#2802,.F.);
#5616 = PLANE('',#5617);
#5617 = AXIS2_PLACEMENT_3D('',#5618,#5619,#5620);
#5618 = CARTESIAN_POINT('',(-35.,96.62,6.));
#5619 = DIRECTION('',(1.,0.,-0.));
#5620 = DIRECTION('',(0.,0.,1.));
#5621 = ADVANCED_FACE('',(#5622),#5633,.T.);
#5622 = FACE_BOUND('',#5623,.T.);
#5623 = EDGE_LOOP('',(#5624,#5625,#5631,#5632));
#5624 = ORIENTED_EDGE('',*,*,#5586,.F.);
#5625 = ORIENTED_EDGE('',*,*,#5626,.T.);
#5626 = EDGE_CURVE('',#5579,#5603,#5627,.T.);
#5627 = LINE('',#5628,#5629);
#5628 = CARTESIAN_POINT('',(-74.131,97.12,6.));
#5629 = VECTOR('',#5630,1.);
#5630 = DIRECTION('',(1.,0.,-0.));
#5631 = ORIENTED_EDGE('',*,*,#5610,.T.);
#5632 = ORIENTED_EDGE('',*,*,#2794,.F.);
#5633 = PLANE('',#5634);
#5634 = AXIS2_PLACEMENT_3D('',#5635,#5636,#5637);
#5635 = CARTESIAN_POINT('',(-50.,96.62,6.));
#5636 = DIRECTION('',(0.,0.,1.));
#5637 = DIRECTION('',(1.,0.,-0.));
#5638 = ADVANCED_FACE('',(#5639),#5664,.F.);
#5639 = FACE_BOUND('',#5640,.F.);
#5640 = EDGE_LOOP('',(#5641,#5649,#5657,#5663));
#5641 = ORIENTED_EDGE('',*,*,#5642,.F.);
#5642 = EDGE_CURVE('',#5643,#2811,#5645,.T.);
#5643 = VERTEX_POINT('',#5644);
#5644 = CARTESIAN_POINT('',(-89.5,97.12,17.));
#5645 = LINE('',#5646,#5647);
#5646 = CARTESIAN_POINT('',(-89.5,96.62,17.));
#5647 = VECTOR('',#5648,1.);
#5648 = DIRECTION('',(-0.,1.,0.));
#5649 = ORIENTED_EDGE('',*,*,#5650,.T.);
#5650 = EDGE_CURVE('',#5643,#5651,#5653,.T.);
#5651 = VERTEX_POINT('',#5652);
#5652 = CARTESIAN_POINT('',(-3.5,97.12,17.));
#5653 = LINE('',#5654,#5655);
#5654 = CARTESIAN_POINT('',(-93.881,97.12,17.));
#5655 = VECTOR('',#5656,1.);
#5656 = DIRECTION('',(1.,0.,-0.));
#5657 = ORIENTED_EDGE('',*,*,#5658,.T.);
#5658 = EDGE_CURVE('',#5651,#2813,#5659,.T.);
#5659 = LINE('',#5660,#5661);
#5660 = CARTESIAN_POINT('',(-3.5,96.62,17.));
#5661 = VECTOR('',#5662,1.);
#5662 = DIRECTION('',(-0.,1.,0.));
#5663 = ORIENTED_EDGE('',*,*,#2810,.F.);
#5664 = PLANE('',#5665);
#5665 = AXIS2_PLACEMENT_3D('',#5666,#5667,#5668);
#5666 = CARTESIAN_POINT('',(-89.5,96.62,17.));
#5667 = DIRECTION('',(0.,0.,1.));
#5668 = DIRECTION('',(1.,0.,-0.));
#5669 = ADVANCED_FACE('',(#5670),#5688,.T.);
#5670 = FACE_BOUND('',#5671,.T.);
#5671 = EDGE_LOOP('',(#5672,#5673,#5681,#5687));
#5672 = ORIENTED_EDGE('',*,*,#5642,.F.);
#5673 = ORIENTED_EDGE('',*,*,#5674,.T.);
#5674 = EDGE_CURVE('',#5643,#5675,#5677,.T.);
#5675 = VERTEX_POINT('',#5676);
#5676 = CARTESIAN_POINT('',(-89.5,97.12,14.));
#5677 = LINE('',#5678,#5679);
#5678 = CARTESIAN_POINT('',(-89.5,97.12,6.25));
#5679 = VECTOR('',#5680,1.);
#5680 = DIRECTION('',(-0.,0.,-1.));
#5681 = ORIENTED_EDGE('',*,*,#5682,.T.);
#5682 = EDGE_CURVE('',#5675,#2821,#5683,.T.);
#5683 = LINE('',#5684,#5685);
#5684 = CARTESIAN_POINT('',(-89.5,96.62,14.));
#5685 = VECTOR('',#5686,1.);
#5686 = DIRECTION('',(-0.,1.,0.));
#5687 = ORIENTED_EDGE('',*,*,#2820,.F.);
#5688 = PLANE('',#5689);
#5689 = AXIS2_PLACEMENT_3D('',#5690,#5691,#5692);
#5690 = CARTESIAN_POINT('',(-89.5,96.62,14.));
#5691 = DIRECTION('',(1.,0.,-0.));
#5692 = DIRECTION('',(0.,0.,1.));
#5693 = ADVANCED_FACE('',(#5694),#5712,.F.);
#5694 = FACE_BOUND('',#5695,.F.);
#5695 = EDGE_LOOP('',(#5696,#5697,#5705,#5711));
#5696 = ORIENTED_EDGE('',*,*,#5658,.F.);
#5697 = ORIENTED_EDGE('',*,*,#5698,.T.);
#5698 = EDGE_CURVE('',#5651,#5699,#5701,.T.);
#5699 = VERTEX_POINT('',#5700);
#5700 = CARTESIAN_POINT('',(-3.5,97.12,14.));
#5701 = LINE('',#5702,#5703);
#5702 = CARTESIAN_POINT('',(-3.5,97.12,14.875017780036));
#5703 = VECTOR('',#5704,1.);
#5704 = DIRECTION('',(-0.,2.831015775893E-16,-1.));
#5705 = ORIENTED_EDGE('',*,*,#5706,.T.);
#5706 = EDGE_CURVE('',#5699,#2829,#5707,.T.);
#5707 = LINE('',#5708,#5709);
#5708 = CARTESIAN_POINT('',(-3.5,96.62,14.));
#5709 = VECTOR('',#5710,1.);
#5710 = DIRECTION('',(-0.,1.,0.));
#5711 = ORIENTED_EDGE('',*,*,#2836,.F.);
#5712 = PLANE('',#5713);
#5713 = AXIS2_PLACEMENT_3D('',#5714,#5715,#5716);
#5714 = CARTESIAN_POINT('',(-3.5,96.62,14.));
#5715 = DIRECTION('',(1.,0.,-0.));
#5716 = DIRECTION('',(0.,0.,1.));
#5717 = ADVANCED_FACE('',(#5718),#5729,.T.);
#5718 = FACE_BOUND('',#5719,.T.);
#5719 = EDGE_LOOP('',(#5720,#5721,#5727,#5728));
#5720 = ORIENTED_EDGE('',*,*,#5682,.F.);
#5721 = ORIENTED_EDGE('',*,*,#5722,.T.);
#5722 = EDGE_CURVE('',#5675,#5699,#5723,.T.);
#5723 = LINE('',#5724,#5725);
#5724 = CARTESIAN_POINT('',(-93.881,97.12,14.));
#5725 = VECTOR('',#5726,1.);
#5726 = DIRECTION('',(1.,0.,-0.));
#5727 = ORIENTED_EDGE('',*,*,#5706,.T.);
#5728 = ORIENTED_EDGE('',*,*,#2828,.F.);
#5729 = PLANE('',#5730);
#5730 = AXIS2_PLACEMENT_3D('',#5731,#5732,#5733);
#5731 = CARTESIAN_POINT('',(-89.5,96.62,14.));
#5732 = DIRECTION('',(0.,0.,1.));
#5733 = DIRECTION('',(1.,0.,-0.));
#5734 = ADVANCED_FACE('',(#5735),#5746,.F.);
#5735 = FACE_BOUND('',#5736,.F.);
#5736 = EDGE_LOOP('',(#5737,#5738,#5744,#5745));
#5737 = ORIENTED_EDGE('',*,*,#3145,.F.);
#5738 = ORIENTED_EDGE('',*,*,#5739,.T.);
#5739 = EDGE_CURVE('',#3146,#3233,#5740,.T.);
#5740 = LINE('',#5741,#5742);
#5741 = CARTESIAN_POINT('',(4.917,88.5,2.75));
#5742 = VECTOR('',#5743,1.);
#5743 = DIRECTION('',(0.,0.,1.));
#5744 = ORIENTED_EDGE('',*,*,#3232,.T.);
#5745 = ORIENTED_EDGE('',*,*,#3185,.F.);
#5746 = PLANE('',#5747);
#5747 = AXIS2_PLACEMENT_3D('',#5748,#5749,#5750);
#5748 = CARTESIAN_POINT('',(0.,88.5,6.));
#5749 = DIRECTION('',(-0.,1.,0.));
#5750 = DIRECTION('',(0.,0.,1.));
#5751 = ADVANCED_FACE('',(#5752),#5795,.F.);
#5752 = FACE_BOUND('',#5753,.F.);
#5753 = EDGE_LOOP('',(#5754,#5762,#5763,#5764,#5765,#5773,#5781,#5789));
#5754 = ORIENTED_EDGE('',*,*,#5755,.F.);
#5755 = EDGE_CURVE('',#3146,#5756,#5758,.T.);
#5756 = VERTEX_POINT('',#5757);
#5757 = CARTESIAN_POINT('',(4.917,88.5,6.));
#5758 = LINE('',#5759,#5760);
#5759 = CARTESIAN_POINT('',(4.917,88.5,2.25));
#5760 = VECTOR('',#5761,1.);
#5761 = DIRECTION('',(-0.,0.,-1.));
#5762 = ORIENTED_EDGE('',*,*,#3155,.T.);
#5763 = ORIENTED_EDGE('',*,*,#3209,.T.);
#5764 = ORIENTED_EDGE('',*,*,#3240,.F.);
#5765 = ORIENTED_EDGE('',*,*,#5766,.F.);
#5766 = EDGE_CURVE('',#5767,#3233,#5769,.T.);
#5767 = VERTEX_POINT('',#5768);
#5768 = CARTESIAN_POINT('',(4.917,88.5,24.5));
#5769 = LINE('',#5770,#5771);
#5770 = CARTESIAN_POINT('',(4.917,88.5,2.25));
#5771 = VECTOR('',#5772,1.);
#5772 = DIRECTION('',(-0.,0.,-1.));
#5773 = ORIENTED_EDGE('',*,*,#5774,.F.);
#5774 = EDGE_CURVE('',#5775,#5767,#5777,.T.);
#5775 = VERTEX_POINT('',#5776);
#5776 = CARTESIAN_POINT('',(4.917,46.5,24.5));
#5777 = LINE('',#5778,#5779);
#5778 = CARTESIAN_POINT('',(4.917,7.01,24.5));
#5779 = VECTOR('',#5780,1.);
#5780 = DIRECTION('',(-0.,1.,0.));
#5781 = ORIENTED_EDGE('',*,*,#5782,.T.);
#5782 = EDGE_CURVE('',#5775,#5783,#5785,.T.);
#5783 = VERTEX_POINT('',#5784);
#5784 = CARTESIAN_POINT('',(4.917,46.5,6.));
#5785 = LINE('',#5786,#5787);
#5786 = CARTESIAN_POINT('',(4.917,46.5,2.25));
#5787 = VECTOR('',#5788,1.);
#5788 = DIRECTION('',(-0.,0.,-1.));
#5789 = ORIENTED_EDGE('',*,*,#5790,.T.);
#5790 = EDGE_CURVE('',#5783,#5756,#5791,.T.);
#5791 = LINE('',#5792,#5793);
#5792 = CARTESIAN_POINT('',(4.917,7.01,6.));
#5793 = VECTOR('',#5794,1.);
#5794 = DIRECTION('',(-0.,1.,0.));
#5795 = PLANE('',#5796);
#5796 = AXIS2_PLACEMENT_3D('',#5797,#5798,#5799);
#5797 = CARTESIAN_POINT('',(4.917,-32.48,-1.5));
#5798 = DIRECTION('',(1.,0.,-0.));
#5799 = DIRECTION('',(0.,0.,1.));
#5800 = ADVANCED_FACE('',(#5801),#5807,.T.);
#5801 = FACE_BOUND('',#5802,.T.);
#5802 = EDGE_LOOP('',(#5803,#5804,#5805,#5806));
#5803 = ORIENTED_EDGE('',*,*,#3265,.F.);
#5804 = ORIENTED_EDGE('',*,*,#3289,.T.);
#5805 = ORIENTED_EDGE('',*,*,#3337,.T.);
#5806 = ORIENTED_EDGE('',*,*,#3313,.F.);
#5807 = PLANE('',#5808);
#5808 = AXIS2_PLACEMENT_3D('',#5809,#5810,#5811);
#5809 = CARTESIAN_POINT('',(4.917006604013,32.32,16.750035560071));
#5810 = DIRECTION('',(1.,0.,0.));
#5811 = DIRECTION('',(-0.,0.,1.));
#5812 = ADVANCED_FACE('',(#5813,#5819),#5869,.T.);
#5813 = FACE_BOUND('',#5814,.T.);
#5814 = EDGE_LOOP('',(#5815,#5816,#5817,#5818));
#5815 = ORIENTED_EDGE('',*,*,#3435,.F.);
#5816 = ORIENTED_EDGE('',*,*,#3362,.T.);
#5817 = ORIENTED_EDGE('',*,*,#3394,.T.);
#5818 = ORIENTED_EDGE('',*,*,#3417,.F.);
#5819 = FACE_BOUND('',#5820,.T.);
#5820 = EDGE_LOOP('',(#5821,#5831,#5839,#5847,#5855,#5863));
#5821 = ORIENTED_EDGE('',*,*,#5822,.T.);
#5822 = EDGE_CURVE('',#5823,#5825,#5827,.T.);
#5823 = VERTEX_POINT('',#5824);
#5824 = CARTESIAN_POINT('',(-98.26219329438,97.12,35.));
#5825 = VERTEX_POINT('',#5826);
#5826 = CARTESIAN_POINT('',(-98.26,97.12,35.));
#5827 = LINE('',#5828,#5829);
#5828 = CARTESIAN_POINT('',(-73.13669007811,97.12,35.));
#5829 = VECTOR('',#5830,1.);
#5830 = DIRECTION('',(1.,0.,0.));
#5831 = ORIENTED_EDGE('',*,*,#5832,.T.);
#5832 = EDGE_CURVE('',#5825,#5833,#5835,.T.);
#5833 = VERTEX_POINT('',#5834);
#5834 = CARTESIAN_POINT('',(4.917006604013,97.12,35.));
#5835 = LINE('',#5836,#5837);
#5836 = CARTESIAN_POINT('',(-98.26,97.12,35.));
#5837 = VECTOR('',#5838,1.);
#5838 = DIRECTION('',(1.,0.,-0.));
#5839 = ORIENTED_EDGE('',*,*,#5840,.T.);
#5840 = EDGE_CURVE('',#5833,#5841,#5843,.T.);
#5841 = VERTEX_POINT('',#5842);
#5842 = CARTESIAN_POINT('',(4.917006604013,-32.48,35.));
#5843 = LINE('',#5844,#5845);
#5844 = CARTESIAN_POINT('',(4.917006604013,-8.E-02,35.));
#5845 = VECTOR('',#5846,1.);
#5846 = DIRECTION('',(0.,-1.,0.));
#5847 = ORIENTED_EDGE('',*,*,#5848,.F.);
#5848 = EDGE_CURVE('',#5849,#5841,#5851,.T.);
#5849 = VERTEX_POINT('',#5850);
#5850 = CARTESIAN_POINT('',(-98.26,-32.48,35.));
#5851 = LINE('',#5852,#5853);
#5852 = CARTESIAN_POINT('',(-98.26,-32.48,35.));
#5853 = VECTOR('',#5854,1.);
#5854 = DIRECTION('',(1.,0.,-0.));
#5855 = ORIENTED_EDGE('',*,*,#5856,.T.);
#5856 = EDGE_CURVE('',#5849,#5857,#5859,.T.);
#5857 = VERTEX_POINT('',#5858);
#5858 = CARTESIAN_POINT('',(-98.26219329438,-32.48,35.));
#5859 = LINE('',#5860,#5861);
#5860 = CARTESIAN_POINT('',(-73.13167413225,-32.48,35.));
#5861 = VECTOR('',#5862,1.);
#5862 = DIRECTION('',(-1.,0.,0.));
#5863 = ORIENTED_EDGE('',*,*,#5864,.T.);
#5864 = EDGE_CURVE('',#5857,#5823,#5865,.T.);
#5865 = LINE('',#5866,#5867);
#5866 = CARTESIAN_POINT('',(-98.26219329438,-0.33,35.));
#5867 = VECTOR('',#5868,1.);
#5868 = DIRECTION('',(0.,1.,0.));
#5869 = PLANE('',#5870);
#5870 = AXIS2_PLACEMENT_3D('',#5871,#5872,#5873);
#5871 = CARTESIAN_POINT('',(-98.762,-32.98,35.));
#5872 = DIRECTION('',(0.,0.,1.));
#5873 = DIRECTION('',(1.,0.,-0.));
#5874 = ADVANCED_FACE('',(#5875),#5886,.T.);
#5875 = FACE_BOUND('',#5876,.T.);
#5876 = EDGE_LOOP('',(#5877,#5878,#5879,#5885));
#5877 = ORIENTED_EDGE('',*,*,#3459,.F.);
#5878 = ORIENTED_EDGE('',*,*,#3644,.T.);
#5879 = ORIENTED_EDGE('',*,*,#5880,.T.);
#5880 = EDGE_CURVE('',#3638,#4553,#5881,.T.);
#5881 = LINE('',#5882,#5883);
#5882 = CARTESIAN_POINT('',(-97.76219329438,105.58235712471,1.5));
#5883 = VECTOR('',#5884,1.);
#5884 = DIRECTION('',(1.,0.,-0.));
#5885 = ORIENTED_EDGE('',*,*,#4552,.F.);
#5886 = B_SPLINE_SURFACE_WITH_KNOTS('',1,1,(
    (#5887,#5888)
    ,(#5889,#5890
    )),.UNSPECIFIED.,.F.,.F.,.F.,(2,2),(2,2),(0.,375.),(-118.1102,0.),
  .PIECEWISE_BEZIER_KNOTS.);
#5887 = CARTESIAN_POINT('',(-95.12985521971,105.58235712471,
    1.50000508001));
#5888 = CARTESIAN_POINT('',(-95.12985521971,105.58235712471,-1.5));
#5889 = CARTESIAN_POINT('',(-85.60483616967,105.58235712471,
    1.50000508001));
#5890 = CARTESIAN_POINT('',(-85.60483616967,105.58235712471,-1.5));
#5891 = ADVANCED_FACE('',(#5892),#5904,.F.);
#5892 = FACE_BOUND('',#5893,.F.);
#5893 = EDGE_LOOP('',(#5894,#5899,#5900,#5901,#5902,#5903));
#5894 = ORIENTED_EDGE('',*,*,#5895,.T.);
#5895 = EDGE_CURVE('',#3474,#3695,#5896,.T.);
#5896 = B_SPLINE_CURVE_WITH_KNOTS('',1,(#5897,#5898),.UNSPECIFIED.,.F.,
  .F.,(2,2),(0.,118.1102),.PIECEWISE_BEZIER_KNOTS.);
#5897 = CARTESIAN_POINT('',(-87.84034036068,101.32784861569,-1.5));
#5898 = CARTESIAN_POINT('',(-87.84034036068,101.32784861569,
    1.50000508001));
#5899 = ORIENTED_EDGE('',*,*,#3694,.T.);
#5900 = ORIENTED_EDGE('',*,*,#4131,.T.);
#5901 = ORIENTED_EDGE('',*,*,#3833,.T.);
#5902 = ORIENTED_EDGE('',*,*,#5895,.F.);
#5903 = ORIENTED_EDGE('',*,*,#3473,.T.);
#5904 = ( BOUNDED_SURFACE() B_SPLINE_SURFACE(2,1,(
    (#5905,#5906)
    ,(#5907,#5908)
    ,(#5909,#5910)
    ,(#5911,#5912)
    ,(#5913,#5914)
    ,(#5915,#5916)
    ,(#5917,#5918
)),.UNSPECIFIED.,.T.,.F.,.F.) B_SPLINE_SURFACE_WITH_KNOTS((1,2,2,2,2,1),
  (2,2),(-2.094395102394,0.,2.094395102393,4.188790204786,6.28318530718,
    8.377580409573),(0.,118.1102),.UNSPECIFIED.) 
GEOMETRIC_REPRESENTATION_ITEM() RATIONAL_B_SPLINE_SURFACE((
    (1.,1.)
    ,(0.5,0.5)
    ,(1.,1.)
    ,(0.5,0.5)
    ,(1.,1.)
    ,(0.5,0.5)
,(1.,1.))) REPRESENTATION_ITEM('') SURFACE() );
#5905 = CARTESIAN_POINT('',(-87.84034036068,101.32784861569,-1.5));
#5906 = CARTESIAN_POINT('',(-87.84034036068,101.32784861569,
    1.50000508001));
#5907 = CARTESIAN_POINT('',(-87.84034036068,105.48477935269,-1.5));
#5908 = CARTESIAN_POINT('',(-87.84034036068,105.48477935269,
    1.50000508001));
#5909 = CARTESIAN_POINT('',(-91.44034798069,103.40631398419,-1.5));
#5910 = CARTESIAN_POINT('',(-91.44034798069,103.40631398419,
    1.50000508001));
#5911 = CARTESIAN_POINT('',(-95.04035560071,101.32784861569,-1.5));
#5912 = CARTESIAN_POINT('',(-95.04035560071,101.32784861569,
    1.50000508001));
#5913 = CARTESIAN_POINT('',(-91.44034798069,99.249383247197,-1.5));
#5914 = CARTESIAN_POINT('',(-91.44034798069,99.249383247197,
    1.50000508001));
#5915 = CARTESIAN_POINT('',(-87.84034036068,97.170917878696,-1.5));
#5916 = CARTESIAN_POINT('',(-87.84034036068,97.170917878696,
    1.50000508001));
#5917 = CARTESIAN_POINT('',(-87.84034036068,101.32784861569,-1.5));
#5918 = CARTESIAN_POINT('',(-87.84034036068,101.32784861569,
    1.50000508001));
#5919 = ADVANCED_FACE('',(#5920),#5930,.T.);
#5920 = FACE_BOUND('',#5921,.T.);
#5921 = EDGE_LOOP('',(#5922,#5923,#5924,#5929));
#5922 = ORIENTED_EDGE('',*,*,#3544,.F.);
#5923 = ORIENTED_EDGE('',*,*,#4616,.T.);
#5924 = ORIENTED_EDGE('',*,*,#5925,.F.);
#5925 = EDGE_CURVE('',#5525,#4610,#5926,.T.);
#5926 = B_SPLINE_CURVE_WITH_KNOTS('',1,(#5927,#5928),.UNSPECIFIED.,.F.,
  .F.,(2,2),(0.,1.),.PIECEWISE_BEZIER_KNOTS.);
#5927 = CARTESIAN_POINT('',(0.952501905004,105.44970789941,1.5));
#5928 = CARTESIAN_POINT('',(-8.572517145034,105.44970789941,1.5));
#5929 = ORIENTED_EDGE('',*,*,#5524,.F.);
#5930 = B_SPLINE_SURFACE_WITH_KNOTS('',1,1,(
    (#5931,#5932)
    ,(#5933,#5934
    )),.UNSPECIFIED.,.F.,.F.,.F.,(2,2),(2,2),(0.,375.),(-118.1102,0.),
  .PIECEWISE_BEZIER_KNOTS.);
#5931 = CARTESIAN_POINT('',(-8.572517145034,105.44970789941,
    1.50000508001));
#5932 = CARTESIAN_POINT('',(-8.572517145034,105.44970789941,-1.5));
#5933 = CARTESIAN_POINT('',(0.952501905004,105.44970789941,1.50000508001
    ));
#5934 = CARTESIAN_POINT('',(0.952501905004,105.44970789941,-1.5));
#5935 = ADVANCED_FACE('',(#5936),#5948,.F.);
#5936 = FACE_BOUND('',#5937,.F.);
#5937 = EDGE_LOOP('',(#5938,#5943,#5944,#5945,#5946,#5947));
#5938 = ORIENTED_EDGE('',*,*,#5939,.T.);
#5939 = EDGE_CURVE('',#3573,#4667,#5940,.T.);
#5940 = B_SPLINE_CURVE_WITH_KNOTS('',1,(#5941,#5942),.UNSPECIFIED.,.F.,
  .F.,(2,2),(0.,118.1102),.PIECEWISE_BEZIER_KNOTS.);
#5941 = CARTESIAN_POINT('',(-1.283002286005,101.19519939039,-1.5));
#5942 = CARTESIAN_POINT('',(-1.283002286005,101.19519939039,
    1.50000508001));
#5943 = ORIENTED_EDGE('',*,*,#4666,.T.);
#5944 = ORIENTED_EDGE('',*,*,#5103,.T.);
#5945 = ORIENTED_EDGE('',*,*,#4805,.T.);
#5946 = ORIENTED_EDGE('',*,*,#5939,.F.);
#5947 = ORIENTED_EDGE('',*,*,#3572,.T.);
#5948 = ( BOUNDED_SURFACE() B_SPLINE_SURFACE(2,1,(
    (#5949,#5950)
    ,(#5951,#5952)
    ,(#5953,#5954)
    ,(#5955,#5956)
    ,(#5957,#5958)
    ,(#5959,#5960)
    ,(#5961,#5962
)),.UNSPECIFIED.,.T.,.F.,.F.) B_SPLINE_SURFACE_WITH_KNOTS((1,2,2,2,2,1),
  (2,2),(-2.094395102394,0.,2.094395102393,4.188790204786,6.28318530718,
    8.377580409573),(0.,118.1102),.UNSPECIFIED.) 
GEOMETRIC_REPRESENTATION_ITEM() RATIONAL_B_SPLINE_SURFACE((
    (1.,1.)
    ,(0.5,0.5)
    ,(1.,1.)
    ,(0.5,0.5)
    ,(1.,1.)
    ,(0.5,0.5)
,(1.,1.))) REPRESENTATION_ITEM('') SURFACE() );
#5949 = CARTESIAN_POINT('',(-1.283002286005,101.19519939039,-1.5));
#5950 = CARTESIAN_POINT('',(-1.283002286005,101.19519939039,
    1.50000508001));
#5951 = CARTESIAN_POINT('',(-1.283002286005,105.3521301274,-1.5));
#5952 = CARTESIAN_POINT('',(-1.283002286005,105.3521301274,1.50000508001
    ));
#5953 = CARTESIAN_POINT('',(-4.88300990602,103.27366475889,-1.5));
#5954 = CARTESIAN_POINT('',(-4.88300990602,103.27366475889,1.50000508001
    ));
#5955 = CARTESIAN_POINT('',(-8.483017526035,101.19519939039,-1.5));
#5956 = CARTESIAN_POINT('',(-8.483017526035,101.19519939039,
    1.50000508001));
#5957 = CARTESIAN_POINT('',(-4.88300990602,99.116734021898,-1.5));
#5958 = CARTESIAN_POINT('',(-4.88300990602,99.116734021898,1.50000508001
    ));
#5959 = CARTESIAN_POINT('',(-1.283002286005,97.038268653398,-1.5));
#5960 = CARTESIAN_POINT('',(-1.283002286005,97.038268653398,
    1.50000508001));
#5961 = CARTESIAN_POINT('',(-1.283002286005,101.19519939039,-1.5));
#5962 = CARTESIAN_POINT('',(-1.283002286005,101.19519939039,
    1.50000508001));
#5963 = ADVANCED_FACE('',(#5964),#5970,.T.);
#5964 = FACE_BOUND('',#5965,.T.);
#5965 = EDGE_LOOP('',(#5966,#5967,#5968,#5969));
#5966 = ORIENTED_EDGE('',*,*,#5880,.F.);
#5967 = ORIENTED_EDGE('',*,*,#3637,.T.);
#5968 = ORIENTED_EDGE('',*,*,#3657,.T.);
#5969 = ORIENTED_EDGE('',*,*,#4559,.T.);
#5970 = PLANE('',#5971);
#5971 = AXIS2_PLACEMENT_3D('',#5972,#5973,#5974);
#5972 = CARTESIAN_POINT('',(-97.76219329438,97.12,1.5));
#5973 = DIRECTION('',(0.,0.,1.));
#5974 = DIRECTION('',(1.,0.,-0.));
#5975 = ADVANCED_FACE('',(#5976),#5980,.F.);
#5976 = FACE_BOUND('',#5977,.F.);
#5977 = EDGE_LOOP('',(#5978,#5979));
#5978 = ORIENTED_EDGE('',*,*,#4268,.F.);
#5979 = ORIENTED_EDGE('',*,*,#3972,.F.);
#5980 = ( BOUNDED_SURFACE() B_SPLINE_SURFACE(2,1,(
    (#5981,#5982)
    ,(#5983,#5984)
    ,(#5985,#5986)
    ,(#5987,#5988)
    ,(#5989,#5990)
    ,(#5991,#5992)
    ,(#5993,#5994
)),.UNSPECIFIED.,.T.,.F.,.F.) B_SPLINE_SURFACE_WITH_KNOTS((1,2,2,2,2,1),
  (2,2),(-2.094395102394,0.,2.094395102393,4.188790204786,6.28318530718,
    8.377580409573),(0.,118.1102),.UNSPECIFIED.) 
GEOMETRIC_REPRESENTATION_ITEM() RATIONAL_B_SPLINE_SURFACE((
    (1.,1.)
    ,(0.5,0.5)
    ,(1.,1.)
    ,(0.5,0.5)
    ,(1.,1.)
    ,(0.5,0.5)
,(1.,1.))) REPRESENTATION_ITEM('') SURFACE() );
#5981 = CARTESIAN_POINT('',(-87.84034036068,99.827848615697,-1.5));
#5982 = CARTESIAN_POINT('',(-87.84034036068,99.827848615697,
    1.50000508001));
#5983 = CARTESIAN_POINT('',(-87.84034036068,103.98477935269,-1.5));
#5984 = CARTESIAN_POINT('',(-87.84034036068,103.98477935269,
    1.50000508001));
#5985 = CARTESIAN_POINT('',(-91.44034798069,101.90631398419,-1.5));
#5986 = CARTESIAN_POINT('',(-91.44034798069,101.90631398419,
    1.50000508001));
#5987 = CARTESIAN_POINT('',(-95.04035560071,99.827848615697,-1.5));
#5988 = CARTESIAN_POINT('',(-95.04035560071,99.827848615697,
    1.50000508001));
#5989 = CARTESIAN_POINT('',(-91.44034798069,97.749383247197,-1.5));
#5990 = CARTESIAN_POINT('',(-91.44034798069,97.749383247197,
    1.50000508001));
#5991 = CARTESIAN_POINT('',(-87.84034036068,95.670917878696,-1.5));
#5992 = CARTESIAN_POINT('',(-87.84034036068,95.670917878696,
    1.50000508001));
#5993 = CARTESIAN_POINT('',(-87.84034036068,99.827848615697,-1.5));
#5994 = CARTESIAN_POINT('',(-87.84034036068,99.827848615697,
    1.50000508001));
#5995 = ADVANCED_FACE('',(#5996),#6002,.F.);
#5996 = FACE_BOUND('',#5997,.F.);
#5997 = EDGE_LOOP('',(#5998,#5999,#6000,#6001));
#5998 = ORIENTED_EDGE('',*,*,#3992,.F.);
#5999 = ORIENTED_EDGE('',*,*,#3682,.F.);
#6000 = ORIENTED_EDGE('',*,*,#3670,.F.);
#6001 = ORIENTED_EDGE('',*,*,#4406,.F.);
#6002 = ( BOUNDED_SURFACE() B_SPLINE_SURFACE(2,1,(
    (#6003,#6004)
    ,(#6005,#6006)
    ,(#6007,#6008)
    ,(#6009,#6010)
    ,(#6011,#6012)
    ,(#6013,#6014)
    ,(#6015,#6016
)),.UNSPECIFIED.,.T.,.F.,.F.) B_SPLINE_SURFACE_WITH_KNOTS((1,2,2,2,2,1),
  (2,2),(-2.094395102394,0.,2.094395102393,4.188790204786,6.28318530718,
    8.377580409573),(0.,118.1102),.UNSPECIFIED.) 
GEOMETRIC_REPRESENTATION_ITEM() RATIONAL_B_SPLINE_SURFACE((
    (1.,1.)
    ,(0.5,0.5)
    ,(1.,1.)
    ,(0.5,0.5)
    ,(1.,1.)
    ,(0.5,0.5)
,(1.,1.))) REPRESENTATION_ITEM('') SURFACE() );
#6003 = CARTESIAN_POINT('',(-87.84034036068,99.827848615697,-1.5));
#6004 = CARTESIAN_POINT('',(-87.84034036068,99.827848615697,
    1.50000508001));
#6005 = CARTESIAN_POINT('',(-87.84034036068,103.98477935269,-1.5));
#6006 = CARTESIAN_POINT('',(-87.84034036068,103.98477935269,
    1.50000508001));
#6007 = CARTESIAN_POINT('',(-91.44034798069,101.90631398419,-1.5));
#6008 = CARTESIAN_POINT('',(-91.44034798069,101.90631398419,
    1.50000508001));
#6009 = CARTESIAN_POINT('',(-95.04035560071,99.827848615697,-1.5));
#6010 = CARTESIAN_POINT('',(-95.04035560071,99.827848615697,
    1.50000508001));
#6011 = CARTESIAN_POINT('',(-91.44034798069,97.749383247197,-1.5));
#6012 = CARTESIAN_POINT('',(-91.44034798069,97.749383247197,
    1.50000508001));
#6013 = CARTESIAN_POINT('',(-87.84034036068,95.670917878696,-1.5));
#6014 = CARTESIAN_POINT('',(-87.84034036068,95.670917878696,
    1.50000508001));
#6015 = CARTESIAN_POINT('',(-87.84034036068,99.827848615697,-1.5));
#6016 = CARTESIAN_POINT('',(-87.84034036068,99.827848615697,
    1.50000508001));
#6017 = ADVANCED_FACE('',(#6018),#6024,.T.);
#6018 = FACE_BOUND('',#6019,.T.);
#6019 = EDGE_LOOP('',(#6020,#6021,#6022,#6023));
#6020 = ORIENTED_EDGE('',*,*,#5925,.T.);
#6021 = ORIENTED_EDGE('',*,*,#4609,.T.);
#6022 = ORIENTED_EDGE('',*,*,#4629,.T.);
#6023 = ORIENTED_EDGE('',*,*,#5531,.T.);
#6024 = PLANE('',#6025);
#6025 = AXIS2_PLACEMENT_3D('',#6026,#6027,#6028);
#6026 = CARTESIAN_POINT('',(-97.76219329438,97.12,1.5));
#6027 = DIRECTION('',(0.,0.,1.));
#6028 = DIRECTION('',(1.,0.,-0.));
#6029 = ADVANCED_FACE('',(#6030),#6034,.F.);
#6030 = FACE_BOUND('',#6031,.F.);
#6031 = EDGE_LOOP('',(#6032,#6033));
#6032 = ORIENTED_EDGE('',*,*,#5240,.F.);
#6033 = ORIENTED_EDGE('',*,*,#4944,.F.);
#6034 = ( BOUNDED_SURFACE() B_SPLINE_SURFACE(2,1,(
    (#6035,#6036)
    ,(#6037,#6038)
    ,(#6039,#6040)
    ,(#6041,#6042)
    ,(#6043,#6044)
    ,(#6045,#6046)
    ,(#6047,#6048
)),.UNSPECIFIED.,.T.,.F.,.F.) B_SPLINE_SURFACE_WITH_KNOTS((1,2,2,2,2,1),
  (2,2),(-2.094395102394,0.,2.094395102393,4.188790204786,6.28318530718,
    8.377580409573),(0.,118.1102),.UNSPECIFIED.) 
GEOMETRIC_REPRESENTATION_ITEM() RATIONAL_B_SPLINE_SURFACE((
    (1.,1.)
    ,(0.5,0.5)
    ,(1.,1.)
    ,(0.5,0.5)
    ,(1.,1.)
    ,(0.5,0.5)
,(1.,1.))) REPRESENTATION_ITEM('') SURFACE() );
#6035 = CARTESIAN_POINT('',(-1.283002286005,99.695199390399,-1.5));
#6036 = CARTESIAN_POINT('',(-1.283002286005,99.695199390399,
    1.50000508001));
#6037 = CARTESIAN_POINT('',(-1.283002286005,103.8521301274,-1.5));
#6038 = CARTESIAN_POINT('',(-1.283002286005,103.8521301274,1.50000508001
    ));
#6039 = CARTESIAN_POINT('',(-4.88300990602,101.77366475889,-1.5));
#6040 = CARTESIAN_POINT('',(-4.88300990602,101.77366475889,1.50000508001
    ));
#6041 = CARTESIAN_POINT('',(-8.483017526035,99.695199390399,-1.5));
#6042 = CARTESIAN_POINT('',(-8.483017526035,99.695199390399,
    1.50000508001));
#6043 = CARTESIAN_POINT('',(-4.88300990602,97.616734021898,-1.5));
#6044 = CARTESIAN_POINT('',(-4.88300990602,97.616734021898,1.50000508001
    ));
#6045 = CARTESIAN_POINT('',(-1.283002286005,95.538268653398,-1.5));
#6046 = CARTESIAN_POINT('',(-1.283002286005,95.538268653398,
    1.50000508001));
#6047 = CARTESIAN_POINT('',(-1.283002286005,99.695199390399,-1.5));
#6048 = CARTESIAN_POINT('',(-1.283002286005,99.695199390399,
    1.50000508001));
#6049 = ADVANCED_FACE('',(#6050),#6056,.F.);
#6050 = FACE_BOUND('',#6051,.F.);
#6051 = EDGE_LOOP('',(#6052,#6053,#6054,#6055));
#6052 = ORIENTED_EDGE('',*,*,#4964,.F.);
#6053 = ORIENTED_EDGE('',*,*,#4654,.F.);
#6054 = ORIENTED_EDGE('',*,*,#4642,.F.);
#6055 = ORIENTED_EDGE('',*,*,#5378,.F.);
#6056 = ( BOUNDED_SURFACE() B_SPLINE_SURFACE(2,1,(
    (#6057,#6058)
    ,(#6059,#6060)
    ,(#6061,#6062)
    ,(#6063,#6064)
    ,(#6065,#6066)
    ,(#6067,#6068)
    ,(#6069,#6070
)),.UNSPECIFIED.,.T.,.F.,.F.) B_SPLINE_SURFACE_WITH_KNOTS((1,2,2,2,2,1),
  (2,2),(-2.094395102394,0.,2.094395102393,4.188790204786,6.28318530718,
    8.377580409573),(0.,118.1102),.UNSPECIFIED.) 
GEOMETRIC_REPRESENTATION_ITEM() RATIONAL_B_SPLINE_SURFACE((
    (1.,1.)
    ,(0.5,0.5)
    ,(1.,1.)
    ,(0.5,0.5)
    ,(1.,1.)
    ,(0.5,0.5)
,(1.,1.))) REPRESENTATION_ITEM('') SURFACE() );
#6057 = CARTESIAN_POINT('',(-1.283002286005,99.695199390399,-1.5));
#6058 = CARTESIAN_POINT('',(-1.283002286005,99.695199390399,
    1.50000508001));
#6059 = CARTESIAN_POINT('',(-1.283002286005,103.8521301274,-1.5));
#6060 = CARTESIAN_POINT('',(-1.283002286005,103.8521301274,1.50000508001
    ));
#6061 = CARTESIAN_POINT('',(-4.88300990602,101.77366475889,-1.5));
#6062 = CARTESIAN_POINT('',(-4.88300990602,101.77366475889,1.50000508001
    ));
#6063 = CARTESIAN_POINT('',(-8.483017526035,99.695199390399,-1.5));
#6064 = CARTESIAN_POINT('',(-8.483017526035,99.695199390399,
    1.50000508001));
#6065 = CARTESIAN_POINT('',(-4.88300990602,97.616734021898,-1.5));
#6066 = CARTESIAN_POINT('',(-4.88300990602,97.616734021898,1.50000508001
    ));
#6067 = CARTESIAN_POINT('',(-1.283002286005,95.538268653398,-1.5));
#6068 = CARTESIAN_POINT('',(-1.283002286005,95.538268653398,
    1.50000508001));
#6069 = CARTESIAN_POINT('',(-1.283002286005,99.695199390399,-1.5));
#6070 = CARTESIAN_POINT('',(-1.283002286005,99.695199390399,
    1.50000508001));
#6071 = ADVANCED_FACE('',(#6072),#6148,.F.);
#6072 = FACE_BOUND('',#6073,.F.);
#6073 = EDGE_LOOP('',(#6074,#6075,#6076,#6077,#6085,#6093,#6101,#6109,
    #6117,#6125,#6131,#6132,#6133,#6134,#6142));
#6074 = ORIENTED_EDGE('',*,*,#5554,.F.);
#6075 = ORIENTED_EDGE('',*,*,#5578,.T.);
#6076 = ORIENTED_EDGE('',*,*,#5626,.T.);
#6077 = ORIENTED_EDGE('',*,*,#6078,.T.);
#6078 = EDGE_CURVE('',#5603,#6079,#6081,.T.);
#6079 = VERTEX_POINT('',#6080);
#6080 = CARTESIAN_POINT('',(-35.,97.12,5.));
#6081 = LINE('',#6082,#6083);
#6082 = CARTESIAN_POINT('',(-35.,97.12,10.875017780036));
#6083 = VECTOR('',#6084,1.);
#6084 = DIRECTION('',(-0.,2.831015775893E-16,-1.));
#6085 = ORIENTED_EDGE('',*,*,#6086,.F.);
#6086 = EDGE_CURVE('',#6087,#6079,#6089,.T.);
#6087 = VERTEX_POINT('',#6088);
#6088 = CARTESIAN_POINT('',(-50.5,97.12,5.));
#6089 = LINE('',#6090,#6091);
#6090 = CARTESIAN_POINT('',(-48.58629667259,97.12,5.));
#6091 = VECTOR('',#6092,1.);
#6092 = DIRECTION('',(1.,0.,0.));
#6093 = ORIENTED_EDGE('',*,*,#6094,.F.);
#6094 = EDGE_CURVE('',#6095,#6087,#6097,.T.);
#6095 = VERTEX_POINT('',#6096);
#6096 = CARTESIAN_POINT('',(-50.5,97.12,13.));
#6097 = LINE('',#6098,#6099);
#6098 = CARTESIAN_POINT('',(-50.5,97.12,10.875017780036));
#6099 = VECTOR('',#6100,1.);
#6100 = DIRECTION('',(-0.,2.831015775893E-16,-1.));
#6101 = ORIENTED_EDGE('',*,*,#6102,.F.);
#6102 = EDGE_CURVE('',#6103,#6095,#6105,.T.);
#6103 = VERTEX_POINT('',#6104);
#6104 = CARTESIAN_POINT('',(-90.,97.12,13.));
#6105 = LINE('',#6106,#6107);
#6106 = CARTESIAN_POINT('',(-68.33629667259,97.12,13.));
#6107 = VECTOR('',#6108,1.);
#6108 = DIRECTION('',(1.,0.,0.));
#6109 = ORIENTED_EDGE('',*,*,#6110,.F.);
#6110 = EDGE_CURVE('',#6111,#6103,#6113,.T.);
#6111 = VERTEX_POINT('',#6112);
#6112 = CARTESIAN_POINT('',(-90.,97.12,17.5));
#6113 = LINE('',#6114,#6115);
#6114 = CARTESIAN_POINT('',(-90.,97.12,14.875017780036));
#6115 = VECTOR('',#6116,1.);
#6116 = DIRECTION('',(-0.,2.831015775893E-16,-1.));
#6117 = ORIENTED_EDGE('',*,*,#6118,.T.);
#6118 = EDGE_CURVE('',#6111,#6119,#6121,.T.);
#6119 = VERTEX_POINT('',#6120);
#6120 = CARTESIAN_POINT('',(-3.5,97.12,17.5));
#6121 = LINE('',#6122,#6123);
#6122 = CARTESIAN_POINT('',(-68.33629667259,97.12,17.5));
#6123 = VECTOR('',#6124,1.);
#6124 = DIRECTION('',(1.,0.,0.));
#6125 = ORIENTED_EDGE('',*,*,#6126,.T.);
#6126 = EDGE_CURVE('',#6119,#5651,#6127,.T.);
#6127 = LINE('',#6128,#6129);
#6128 = CARTESIAN_POINT('',(-3.5,97.12,14.875017780036));
#6129 = VECTOR('',#6130,1.);
#6130 = DIRECTION('',(-0.,2.831015775893E-16,-1.));
#6131 = ORIENTED_EDGE('',*,*,#5650,.F.);
#6132 = ORIENTED_EDGE('',*,*,#5674,.T.);
#6133 = ORIENTED_EDGE('',*,*,#5722,.T.);
#6134 = ORIENTED_EDGE('',*,*,#6135,.T.);
#6135 = EDGE_CURVE('',#5699,#6136,#6138,.T.);
#6136 = VERTEX_POINT('',#6137);
#6137 = CARTESIAN_POINT('',(-3.5,97.12,13.));
#6138 = LINE('',#6139,#6140);
#6139 = CARTESIAN_POINT('',(-3.5,97.12,14.875017780036));
#6140 = VECTOR('',#6141,1.);
#6141 = DIRECTION('',(-0.,2.831015775893E-16,-1.));
#6142 = ORIENTED_EDGE('',*,*,#6143,.F.);
#6143 = EDGE_CURVE('',#5555,#6136,#6144,.T.);
#6144 = LINE('',#6145,#6146);
#6145 = CARTESIAN_POINT('',(-68.33629667259,97.12,13.));
#6146 = VECTOR('',#6147,1.);
#6147 = DIRECTION('',(1.,0.,0.));
#6148 = PLANE('',#6149);
#6149 = AXIS2_PLACEMENT_3D('',#6150,#6151,#6152);
#6150 = CARTESIAN_POINT('',(-98.262,97.12,-1.5));
#6151 = DIRECTION('',(-0.,1.,0.));
#6152 = DIRECTION('',(0.,0.,1.));
#6153 = ADVANCED_FACE('',(#6154),#6179,.F.);
#6154 = FACE_BOUND('',#6155,.F.);
#6155 = EDGE_LOOP('',(#6156,#6157,#6165,#6172,#6178));
#6156 = ORIENTED_EDGE('',*,*,#5602,.F.);
#6157 = ORIENTED_EDGE('',*,*,#6158,.T.);
#6158 = EDGE_CURVE('',#5555,#6159,#6161,.T.);
#6159 = VERTEX_POINT('',#6160);
#6160 = CARTESIAN_POINT('',(-35.,94.119188468377,13.));
#6161 = LINE('',#6162,#6163);
#6162 = CARTESIAN_POINT('',(-35.,93.,13.));
#6163 = VECTOR('',#6164,1.);
#6164 = DIRECTION('',(0.,-1.,0.));
#6165 = ORIENTED_EDGE('',*,*,#6166,.T.);
#6166 = EDGE_CURVE('',#6159,#6167,#6169,.T.);
#6167 = VERTEX_POINT('',#6168);
#6168 = CARTESIAN_POINT('',(-35.,94.119188468377,5.));
#6169 = B_SPLINE_CURVE_WITH_KNOTS('',1,(#6170,#6171),.UNSPECIFIED.,.F.,
  .F.,(2,2),(0.,1.),.PIECEWISE_BEZIER_KNOTS.);
#6170 = CARTESIAN_POINT('',(-35.,94.119188468377,14.));
#6171 = CARTESIAN_POINT('',(-35.,94.119188468377,5.));
#6172 = ORIENTED_EDGE('',*,*,#6173,.T.);
#6173 = EDGE_CURVE('',#6167,#6079,#6174,.T.);
#6174 = LINE('',#6175,#6176);
#6175 = CARTESIAN_POINT('',(-35.,93.,5.));
#6176 = VECTOR('',#6177,1.);
#6177 = DIRECTION('',(-0.,1.,0.));
#6178 = ORIENTED_EDGE('',*,*,#6078,.F.);
#6179 = PLANE('',#6180);
#6180 = AXIS2_PLACEMENT_3D('',#6181,#6182,#6183);
#6181 = CARTESIAN_POINT('',(-35.,93.,5.));
#6182 = DIRECTION('',(1.,0.,-0.));
#6183 = DIRECTION('',(0.,0.,1.));
#6184 = ADVANCED_FACE('',(#6185),#6211,.F.);
#6185 = FACE_BOUND('',#6186,.F.);
#6186 = EDGE_LOOP('',(#6187,#6195,#6202,#6208,#6209,#6210));
#6187 = ORIENTED_EDGE('',*,*,#6188,.F.);
#6188 = EDGE_CURVE('',#6189,#6119,#6191,.T.);
#6189 = VERTEX_POINT('',#6190);
#6190 = CARTESIAN_POINT('',(-3.5,94.119188468377,17.5));
#6191 = LINE('',#6192,#6193);
#6192 = CARTESIAN_POINT('',(-3.5,93.,17.5));
#6193 = VECTOR('',#6194,1.);
#6194 = DIRECTION('',(-0.,1.,0.));
#6195 = ORIENTED_EDGE('',*,*,#6196,.T.);
#6196 = EDGE_CURVE('',#6189,#6197,#6199,.T.);
#6197 = VERTEX_POINT('',#6198);
#6198 = CARTESIAN_POINT('',(-3.5,94.119188468377,13.));
#6199 = B_SPLINE_CURVE_WITH_KNOTS('',1,(#6200,#6201),.UNSPECIFIED.,.F.,
  .F.,(2,2),(0.,1.),.PIECEWISE_BEZIER_KNOTS.);
#6200 = CARTESIAN_POINT('',(-3.5,94.119188468377,17.5));
#6201 = CARTESIAN_POINT('',(-3.5,94.119188468377,13.));
#6202 = ORIENTED_EDGE('',*,*,#6203,.T.);
#6203 = EDGE_CURVE('',#6197,#6136,#6204,.T.);
#6204 = LINE('',#6205,#6206);
#6205 = CARTESIAN_POINT('',(-3.5,93.,13.));
#6206 = VECTOR('',#6207,1.);
#6207 = DIRECTION('',(-0.,1.,0.));
#6208 = ORIENTED_EDGE('',*,*,#6135,.F.);
#6209 = ORIENTED_EDGE('',*,*,#5698,.F.);
#6210 = ORIENTED_EDGE('',*,*,#6126,.F.);
#6211 = PLANE('',#6212);
#6212 = AXIS2_PLACEMENT_3D('',#6213,#6214,#6215);
#6213 = CARTESIAN_POINT('',(-3.5,93.,13.));
#6214 = DIRECTION('',(1.,0.,-0.));
#6215 = DIRECTION('',(0.,0.,1.));
#6216 = ADVANCED_FACE('',(#6217),#6243,.F.);
#6217 = FACE_BOUND('',#6218,.F.);
#6218 = EDGE_LOOP('',(#6219,#6227,#6234,#6240,#6241,#6242));
#6219 = ORIENTED_EDGE('',*,*,#6220,.F.);
#6220 = EDGE_CURVE('',#6221,#5756,#6223,.T.);
#6221 = VERTEX_POINT('',#6222);
#6222 = CARTESIAN_POINT('',(1.917004064008,88.5,6.));
#6223 = LINE('',#6224,#6225);
#6224 = CARTESIAN_POINT('',(0.,88.5,6.));
#6225 = VECTOR('',#6226,1.);
#6226 = DIRECTION('',(1.,0.,-0.));
#6227 = ORIENTED_EDGE('',*,*,#6228,.F.);
#6228 = EDGE_CURVE('',#6229,#6221,#6231,.T.);
#6229 = VERTEX_POINT('',#6230);
#6230 = CARTESIAN_POINT('',(1.917004064008,88.5,24.5));
#6231 = B_SPLINE_CURVE_WITH_KNOTS('',1,(#6232,#6233),.UNSPECIFIED.,.F.,
  .F.,(2,2),(0.,1.),.PIECEWISE_BEZIER_KNOTS.);
#6232 = CARTESIAN_POINT('',(1.917004064008,88.5,24.5));
#6233 = CARTESIAN_POINT('',(1.917004064008,88.5,6.));
#6234 = ORIENTED_EDGE('',*,*,#6235,.T.);
#6235 = EDGE_CURVE('',#6229,#5767,#6236,.T.);
#6236 = LINE('',#6237,#6238);
#6237 = CARTESIAN_POINT('',(0.,88.5,24.5));
#6238 = VECTOR('',#6239,1.);
#6239 = DIRECTION('',(1.,0.,-0.));
#6240 = ORIENTED_EDGE('',*,*,#5766,.T.);
#6241 = ORIENTED_EDGE('',*,*,#5739,.F.);
#6242 = ORIENTED_EDGE('',*,*,#5755,.T.);
#6243 = PLANE('',#6244);
#6244 = AXIS2_PLACEMENT_3D('',#6245,#6246,#6247);
#6245 = CARTESIAN_POINT('',(0.,88.5,6.));
#6246 = DIRECTION('',(-0.,1.,0.));
#6247 = DIRECTION('',(0.,0.,1.));
#6248 = ADVANCED_FACE('',(#6249),#6266,.T.);
#6249 = FACE_BOUND('',#6250,.T.);
#6250 = EDGE_LOOP('',(#6251,#6252,#6259,#6265));
#6251 = ORIENTED_EDGE('',*,*,#6220,.F.);
#6252 = ORIENTED_EDGE('',*,*,#6253,.F.);
#6253 = EDGE_CURVE('',#6254,#6221,#6256,.T.);
#6254 = VERTEX_POINT('',#6255);
#6255 = CARTESIAN_POINT('',(1.917004064008,46.5,6.));
#6256 = B_SPLINE_CURVE_WITH_KNOTS('',1,(#6257,#6258),.UNSPECIFIED.,.F.,
  .F.,(2,2),(0.,1.),.PIECEWISE_BEZIER_KNOTS.);
#6257 = CARTESIAN_POINT('',(1.917004064008,46.5,6.));
#6258 = CARTESIAN_POINT('',(1.917004064008,88.5,6.));
#6259 = ORIENTED_EDGE('',*,*,#6260,.T.);
#6260 = EDGE_CURVE('',#6254,#5783,#6261,.T.);
#6261 = LINE('',#6262,#6263);
#6262 = CARTESIAN_POINT('',(0.,46.5,6.));
#6263 = VECTOR('',#6264,1.);
#6264 = DIRECTION('',(1.,0.,-0.));
#6265 = ORIENTED_EDGE('',*,*,#5790,.T.);
#6266 = PLANE('',#6267);
#6267 = AXIS2_PLACEMENT_3D('',#6268,#6269,#6270);
#6268 = CARTESIAN_POINT('',(0.,46.5,6.));
#6269 = DIRECTION('',(0.,0.,1.));
#6270 = DIRECTION('',(1.,0.,-0.));
#6271 = ADVANCED_FACE('',(#6272),#6289,.T.);
#6272 = FACE_BOUND('',#6273,.T.);
#6273 = EDGE_LOOP('',(#6274,#6275,#6282,#6288));
#6274 = ORIENTED_EDGE('',*,*,#6260,.F.);
#6275 = ORIENTED_EDGE('',*,*,#6276,.F.);
#6276 = EDGE_CURVE('',#6277,#6254,#6279,.T.);
#6277 = VERTEX_POINT('',#6278);
#6278 = CARTESIAN_POINT('',(1.917004064008,46.5,24.5));
#6279 = B_SPLINE_CURVE_WITH_KNOTS('',1,(#6280,#6281),.UNSPECIFIED.,.F.,
  .F.,(2,2),(0.,1.),.PIECEWISE_BEZIER_KNOTS.);
#6280 = CARTESIAN_POINT('',(1.917004064008,46.5,24.5));
#6281 = CARTESIAN_POINT('',(1.917004064008,46.5,6.));
#6282 = ORIENTED_EDGE('',*,*,#6283,.T.);
#6283 = EDGE_CURVE('',#6277,#5775,#6284,.T.);
#6284 = LINE('',#6285,#6286);
#6285 = CARTESIAN_POINT('',(0.,46.5,24.5));
#6286 = VECTOR('',#6287,1.);
#6287 = DIRECTION('',(1.,0.,-0.));
#6288 = ORIENTED_EDGE('',*,*,#5782,.T.);
#6289 = PLANE('',#6290);
#6290 = AXIS2_PLACEMENT_3D('',#6291,#6292,#6293);
#6291 = CARTESIAN_POINT('',(0.,46.5,6.));
#6292 = DIRECTION('',(-0.,1.,0.));
#6293 = DIRECTION('',(0.,0.,1.));
#6294 = ADVANCED_FACE('',(#6295),#6305,.F.);
#6295 = FACE_BOUND('',#6296,.F.);
#6296 = EDGE_LOOP('',(#6297,#6298,#6303,#6304));
#6297 = ORIENTED_EDGE('',*,*,#6235,.F.);
#6298 = ORIENTED_EDGE('',*,*,#6299,.F.);
#6299 = EDGE_CURVE('',#6277,#6229,#6300,.T.);
#6300 = B_SPLINE_CURVE_WITH_KNOTS('',1,(#6301,#6302),.UNSPECIFIED.,.F.,
  .F.,(2,2),(0.,1.),.PIECEWISE_BEZIER_KNOTS.);
#6301 = CARTESIAN_POINT('',(1.917004064008,46.5,24.5));
#6302 = CARTESIAN_POINT('',(1.917004064008,88.5,24.5));
#6303 = ORIENTED_EDGE('',*,*,#6283,.T.);
#6304 = ORIENTED_EDGE('',*,*,#5774,.T.);
#6305 = PLANE('',#6306);
#6306 = AXIS2_PLACEMENT_3D('',#6307,#6308,#6309);
#6307 = CARTESIAN_POINT('',(0.,46.5,24.5));
#6308 = DIRECTION('',(0.,0.,1.));
#6309 = DIRECTION('',(1.,0.,-0.));
#6310 = ADVANCED_FACE('',(#6311),#6337,.T.);
#6311 = FACE_BOUND('',#6312,.T.);
#6312 = EDGE_LOOP('',(#6313,#6314,#6322,#6330,#6336));
#6313 = ORIENTED_EDGE('',*,*,#5822,.F.);
#6314 = ORIENTED_EDGE('',*,*,#6315,.T.);
#6315 = EDGE_CURVE('',#5823,#6316,#6318,.T.);
#6316 = VERTEX_POINT('',#6317);
#6317 = CARTESIAN_POINT('',(-98.26219329438,97.12,35.000071120142));
#6318 = LINE('',#6319,#6320);
#6319 = CARTESIAN_POINT('',(-98.26219329438,97.12,-1.5));
#6320 = VECTOR('',#6321,1.);
#6321 = DIRECTION('',(0.,0.,1.));
#6322 = ORIENTED_EDGE('',*,*,#6323,.T.);
#6323 = EDGE_CURVE('',#6316,#6324,#6326,.T.);
#6324 = VERTEX_POINT('',#6325);
#6325 = CARTESIAN_POINT('',(4.917006604013,97.12,35.000071120142));
#6326 = LINE('',#6327,#6328);
#6327 = CARTESIAN_POINT('',(2.417006604013,97.12,35.000071120142));
#6328 = VECTOR('',#6329,1.);
#6329 = DIRECTION('',(1.,0.,-0.));
#6330 = ORIENTED_EDGE('',*,*,#6331,.F.);
#6331 = EDGE_CURVE('',#5833,#6324,#6332,.T.);
#6332 = LINE('',#6333,#6334);
#6333 = CARTESIAN_POINT('',(4.917006604013,97.12,-1.5));
#6334 = VECTOR('',#6335,1.);
#6335 = DIRECTION('',(0.,0.,1.));
#6336 = ORIENTED_EDGE('',*,*,#5832,.F.);
#6337 = PLANE('',#6338);
#6338 = AXIS2_PLACEMENT_3D('',#6339,#6340,#6341);
#6339 = CARTESIAN_POINT('',(-47.51138015623,97.12,23.198325890029));
#6340 = DIRECTION('',(0.,1.,0.));
#6341 = DIRECTION('',(0.,-0.,1.));
#6342 = ADVANCED_FACE('',(#6343),#6361,.T.);
#6343 = FACE_BOUND('',#6344,.T.);
#6344 = EDGE_LOOP('',(#6345,#6346,#6354,#6360));
#6345 = ORIENTED_EDGE('',*,*,#5864,.F.);
#6346 = ORIENTED_EDGE('',*,*,#6347,.T.);
#6347 = EDGE_CURVE('',#5857,#6348,#6350,.T.);
#6348 = VERTEX_POINT('',#6349);
#6349 = CARTESIAN_POINT('',(-98.26219329438,-32.48,35.000071120142));
#6350 = LINE('',#6351,#6352);
#6351 = CARTESIAN_POINT('',(-98.26219329438,-32.48,-1.5));
#6352 = VECTOR('',#6353,1.);
#6353 = DIRECTION('',(0.,0.,1.));
#6354 = ORIENTED_EDGE('',*,*,#6355,.T.);
#6355 = EDGE_CURVE('',#6348,#6316,#6356,.T.);
#6356 = LINE('',#6357,#6358);
#6357 = CARTESIAN_POINT('',(-98.26219329438,-32.48,35.000071120142));
#6358 = VECTOR('',#6359,1.);
#6359 = DIRECTION('',(-0.,1.,0.));
#6360 = ORIENTED_EDGE('',*,*,#6315,.F.);
#6361 = PLANE('',#6362);
#6362 = AXIS2_PLACEMENT_3D('',#6363,#6364,#6365);
#6363 = CARTESIAN_POINT('',(-98.26219329438,32.32,16.750035560071));
#6364 = DIRECTION('',(-1.,-0.,-0.));
#6365 = DIRECTION('',(0.,0.,-1.));
#6366 = ADVANCED_FACE('',(#6367),#6386,.T.);
#6367 = FACE_BOUND('',#6368,.T.);
#6368 = EDGE_LOOP('',(#6369,#6377,#6378,#6379,#6380));
#6369 = ORIENTED_EDGE('',*,*,#6370,.F.);
#6370 = EDGE_CURVE('',#6348,#6371,#6373,.T.);
#6371 = VERTEX_POINT('',#6372);
#6372 = CARTESIAN_POINT('',(4.917006604013,-32.48,35.000071120142));
#6373 = LINE('',#6374,#6375);
#6374 = CARTESIAN_POINT('',(-98.26219329438,-32.48,35.000071120142));
#6375 = VECTOR('',#6376,1.);
#6376 = DIRECTION('',(1.,0.,-0.));
#6377 = ORIENTED_EDGE('',*,*,#6347,.F.);
#6378 = ORIENTED_EDGE('',*,*,#5856,.F.);
#6379 = ORIENTED_EDGE('',*,*,#5848,.T.);
#6380 = ORIENTED_EDGE('',*,*,#6381,.T.);
#6381 = EDGE_CURVE('',#5841,#6371,#6382,.T.);
#6382 = LINE('',#6383,#6384);
#6383 = CARTESIAN_POINT('',(4.917006604013,-32.48,-1.5));
#6384 = VECTOR('',#6385,1.);
#6385 = DIRECTION('',(0.,0.,1.));
#6386 = PLANE('',#6387);
#6387 = AXIS2_PLACEMENT_3D('',#6388,#6389,#6390);
#6388 = CARTESIAN_POINT('',(-47.5013482645,-32.48,23.198325888721));
#6389 = DIRECTION('',(-0.,-1.,-0.));
#6390 = DIRECTION('',(0.,0.,-1.));
#6391 = ADVANCED_FACE('',(#6392),#6403,.T.);
#6392 = FACE_BOUND('',#6393,.T.);
#6393 = EDGE_LOOP('',(#6394,#6395,#6396,#6397));
#6394 = ORIENTED_EDGE('',*,*,#6381,.F.);
#6395 = ORIENTED_EDGE('',*,*,#5840,.F.);
#6396 = ORIENTED_EDGE('',*,*,#6331,.T.);
#6397 = ORIENTED_EDGE('',*,*,#6398,.F.);
#6398 = EDGE_CURVE('',#6371,#6324,#6399,.T.);
#6399 = LINE('',#6400,#6401);
#6400 = CARTESIAN_POINT('',(4.917006604013,-32.48,35.000071120142));
#6401 = VECTOR('',#6402,1.);
#6402 = DIRECTION('',(-0.,1.,0.));
#6403 = PLANE('',#6404);
#6404 = AXIS2_PLACEMENT_3D('',#6405,#6406,#6407);
#6405 = CARTESIAN_POINT('',(4.917006604013,32.32,16.750035560071));
#6406 = DIRECTION('',(1.,0.,0.));
#6407 = DIRECTION('',(-0.,0.,1.));
#6408 = ADVANCED_FACE('',(#6409),#6419,.T.);
#6409 = FACE_BOUND('',#6410,.T.);
#6410 = EDGE_LOOP('',(#6411,#6416,#6417,#6418));
#6411 = ORIENTED_EDGE('',*,*,#6412,.F.);
#6412 = EDGE_CURVE('',#6197,#6159,#6413,.T.);
#6413 = B_SPLINE_CURVE_WITH_KNOTS('',1,(#6414,#6415),.UNSPECIFIED.,.F.,
  .F.,(2,2),(0.,1.),.PIECEWISE_BEZIER_KNOTS.);
#6414 = CARTESIAN_POINT('',(-3.5,94.119188468377,13.));
#6415 = CARTESIAN_POINT('',(-90.,94.119188468377,13.));
#6416 = ORIENTED_EDGE('',*,*,#6203,.T.);
#6417 = ORIENTED_EDGE('',*,*,#6143,.F.);
#6418 = ORIENTED_EDGE('',*,*,#6158,.T.);
#6419 = PLANE('',#6420);
#6420 = AXIS2_PLACEMENT_3D('',#6421,#6422,#6423);
#6421 = CARTESIAN_POINT('',(-90.,93.,13.));
#6422 = DIRECTION('',(0.,0.,1.));
#6423 = DIRECTION('',(1.,0.,-0.));
#6424 = ADVANCED_FACE('',(#6425),#6442,.F.);
#6425 = FACE_BOUND('',#6426,.F.);
#6426 = EDGE_LOOP('',(#6427,#6435,#6440,#6441));
#6427 = ORIENTED_EDGE('',*,*,#6428,.F.);
#6428 = EDGE_CURVE('',#6429,#6111,#6431,.T.);
#6429 = VERTEX_POINT('',#6430);
#6430 = CARTESIAN_POINT('',(-90.,94.119188468377,17.5));
#6431 = LINE('',#6432,#6433);
#6432 = CARTESIAN_POINT('',(-90.,93.,17.5));
#6433 = VECTOR('',#6434,1.);
#6434 = DIRECTION('',(-0.,1.,0.));
#6435 = ORIENTED_EDGE('',*,*,#6436,.F.);
#6436 = EDGE_CURVE('',#6189,#6429,#6437,.T.);
#6437 = B_SPLINE_CURVE_WITH_KNOTS('',1,(#6438,#6439),.UNSPECIFIED.,.F.,
  .F.,(2,2),(0.,1.),.PIECEWISE_BEZIER_KNOTS.);
#6438 = CARTESIAN_POINT('',(-3.5,94.119188468377,17.5));
#6439 = CARTESIAN_POINT('',(-90.,94.119188468377,17.5));
#6440 = ORIENTED_EDGE('',*,*,#6188,.T.);
#6441 = ORIENTED_EDGE('',*,*,#6118,.F.);
#6442 = PLANE('',#6443);
#6443 = AXIS2_PLACEMENT_3D('',#6444,#6445,#6446);
#6444 = CARTESIAN_POINT('',(-90.,93.,17.5));
#6445 = DIRECTION('',(0.,0.,1.));
#6446 = DIRECTION('',(1.,0.,-0.));
#6447 = ADVANCED_FACE('',(#6448),#6465,.T.);
#6448 = FACE_BOUND('',#6449,.T.);
#6449 = EDGE_LOOP('',(#6450,#6451,#6458,#6464));
#6450 = ORIENTED_EDGE('',*,*,#6428,.F.);
#6451 = ORIENTED_EDGE('',*,*,#6452,.T.);
#6452 = EDGE_CURVE('',#6429,#6453,#6455,.T.);
#6453 = VERTEX_POINT('',#6454);
#6454 = CARTESIAN_POINT('',(-90.,94.119188468377,13.));
#6455 = B_SPLINE_CURVE_WITH_KNOTS('',1,(#6456,#6457),.UNSPECIFIED.,.F.,
  .F.,(2,2),(0.,1.),.PIECEWISE_BEZIER_KNOTS.);
#6456 = CARTESIAN_POINT('',(-90.,94.119188468377,17.5));
#6457 = CARTESIAN_POINT('',(-90.,94.119188468377,13.));
#6458 = ORIENTED_EDGE('',*,*,#6459,.T.);
#6459 = EDGE_CURVE('',#6453,#6103,#6460,.T.);
#6460 = LINE('',#6461,#6462);
#6461 = CARTESIAN_POINT('',(-90.,93.,13.));
#6462 = VECTOR('',#6463,1.);
#6463 = DIRECTION('',(-0.,1.,0.));
#6464 = ORIENTED_EDGE('',*,*,#6110,.F.);
#6465 = PLANE('',#6466);
#6466 = AXIS2_PLACEMENT_3D('',#6467,#6468,#6469);
#6467 = CARTESIAN_POINT('',(-90.,93.,13.));
#6468 = DIRECTION('',(1.,0.,-0.));
#6469 = DIRECTION('',(0.,0.,1.));
#6470 = ADVANCED_FACE('',(#6471),#6488,.T.);
#6471 = FACE_BOUND('',#6472,.T.);
#6472 = EDGE_LOOP('',(#6473,#6474,#6481,#6487));
#6473 = ORIENTED_EDGE('',*,*,#6459,.F.);
#6474 = ORIENTED_EDGE('',*,*,#6475,.F.);
#6475 = EDGE_CURVE('',#6476,#6453,#6478,.T.);
#6476 = VERTEX_POINT('',#6477);
#6477 = CARTESIAN_POINT('',(-50.5,94.119188468377,13.));
#6478 = B_SPLINE_CURVE_WITH_KNOTS('',1,(#6479,#6480),.UNSPECIFIED.,.F.,
  .F.,(2,2),(0.,1.),.PIECEWISE_BEZIER_KNOTS.);
#6479 = CARTESIAN_POINT('',(-3.5,94.119188468377,13.));
#6480 = CARTESIAN_POINT('',(-90.,94.119188468377,13.));
#6481 = ORIENTED_EDGE('',*,*,#6482,.F.);
#6482 = EDGE_CURVE('',#6095,#6476,#6483,.T.);
#6483 = LINE('',#6484,#6485);
#6484 = CARTESIAN_POINT('',(-50.5,93.,13.));
#6485 = VECTOR('',#6486,1.);
#6486 = DIRECTION('',(0.,-1.,0.));
#6487 = ORIENTED_EDGE('',*,*,#6102,.F.);
#6488 = PLANE('',#6489);
#6489 = AXIS2_PLACEMENT_3D('',#6490,#6491,#6492);
#6490 = CARTESIAN_POINT('',(-90.,93.,13.));
#6491 = DIRECTION('',(0.,0.,1.));
#6492 = DIRECTION('',(1.,0.,-0.));
#6493 = ADVANCED_FACE('',(#6494),#6511,.T.);
#6494 = FACE_BOUND('',#6495,.T.);
#6495 = EDGE_LOOP('',(#6496,#6497,#6498,#6505));
#6496 = ORIENTED_EDGE('',*,*,#6094,.F.);
#6497 = ORIENTED_EDGE('',*,*,#6482,.T.);
#6498 = ORIENTED_EDGE('',*,*,#6499,.T.);
#6499 = EDGE_CURVE('',#6476,#6500,#6502,.T.);
#6500 = VERTEX_POINT('',#6501);
#6501 = CARTESIAN_POINT('',(-50.5,94.119188468377,5.));
#6502 = B_SPLINE_CURVE_WITH_KNOTS('',1,(#6503,#6504),.UNSPECIFIED.,.F.,
  .F.,(2,2),(0.,1.),.PIECEWISE_BEZIER_KNOTS.);
#6503 = CARTESIAN_POINT('',(-50.5,94.119188468377,14.));
#6504 = CARTESIAN_POINT('',(-50.5,94.119188468377,5.));
#6505 = ORIENTED_EDGE('',*,*,#6506,.T.);
#6506 = EDGE_CURVE('',#6500,#6087,#6507,.T.);
#6507 = LINE('',#6508,#6509);
#6508 = CARTESIAN_POINT('',(-50.5,93.,5.));
#6509 = VECTOR('',#6510,1.);
#6510 = DIRECTION('',(-0.,1.,0.));
#6511 = PLANE('',#6512);
#6512 = AXIS2_PLACEMENT_3D('',#6513,#6514,#6515);
#6513 = CARTESIAN_POINT('',(-50.5,93.,5.));
#6514 = DIRECTION('',(1.,0.,-0.));
#6515 = DIRECTION('',(0.,0.,1.));
#6516 = ADVANCED_FACE('',(#6517),#6527,.T.);
#6517 = FACE_BOUND('',#6518,.T.);
#6518 = EDGE_LOOP('',(#6519,#6520,#6525,#6526));
#6519 = ORIENTED_EDGE('',*,*,#6506,.F.);
#6520 = ORIENTED_EDGE('',*,*,#6521,.F.);
#6521 = EDGE_CURVE('',#6167,#6500,#6522,.T.);
#6522 = B_SPLINE_CURVE_WITH_KNOTS('',1,(#6523,#6524),.UNSPECIFIED.,.F.,
  .F.,(2,2),(0.,1.),.PIECEWISE_BEZIER_KNOTS.);
#6523 = CARTESIAN_POINT('',(-35.,94.119188468377,5.));
#6524 = CARTESIAN_POINT('',(-50.5,94.119188468377,5.));
#6525 = ORIENTED_EDGE('',*,*,#6173,.T.);
#6526 = ORIENTED_EDGE('',*,*,#6086,.F.);
#6527 = PLANE('',#6528);
#6528 = AXIS2_PLACEMENT_3D('',#6529,#6530,#6531);
#6529 = CARTESIAN_POINT('',(-50.5,93.,5.));
#6530 = DIRECTION('',(0.,0.,1.));
#6531 = DIRECTION('',(1.,0.,-0.));
#6532 = ADVANCED_FACE('',(#6533,#6605),#6615,.F.);
#6533 = FACE_BOUND('',#6534,.F.);
#6534 = EDGE_LOOP('',(#6535,#6544,#6551,#6558,#6565,#6572,#6579,#6586,
    #6593,#6600));
#6535 = ORIENTED_EDGE('',*,*,#6536,.F.);
#6536 = EDGE_CURVE('',#6537,#6539,#6541,.T.);
#6537 = VERTEX_POINT('',#6538);
#6538 = CARTESIAN_POINT('',(-95.26219075438,94.119188468377,
    1.500002540005));
#6539 = VERTEX_POINT('',#6540);
#6540 = CARTESIAN_POINT('',(1.917004064008,94.119188468377,
    1.500002540005));
#6541 = B_SPLINE_CURVE_WITH_KNOTS('',1,(#6542,#6543),.UNSPECIFIED.,.F.,
  .F.,(2,2),(0.,3.8259449E+03),.PIECEWISE_BEZIER_KNOTS.);
#6542 = CARTESIAN_POINT('',(-95.26219075438,94.119188468377,
    1.500002540005));
#6543 = CARTESIAN_POINT('',(1.917004064008,94.119188468377,
    1.500002540005));
#6544 = ORIENTED_EDGE('',*,*,#6545,.T.);
#6545 = EDGE_CURVE('',#6537,#6546,#6548,.T.);
#6546 = VERTEX_POINT('',#6547);
#6547 = CARTESIAN_POINT('',(-95.26219075438,94.119188468377,31.));
#6548 = B_SPLINE_CURVE_WITH_KNOTS('',1,(#6549,#6550),.UNSPECIFIED.,.F.,
  .F.,(2,2),(0.,1.3188977E+03),.PIECEWISE_BEZIER_KNOTS.);
#6549 = CARTESIAN_POINT('',(-95.26219075438,94.119188468377,
    1.500002540005));
#6550 = CARTESIAN_POINT('',(-95.26219075438,94.119188468377,
    35.000071120142));
#6551 = ORIENTED_EDGE('',*,*,#6552,.F.);
#6552 = EDGE_CURVE('',#6553,#6546,#6555,.T.);
#6553 = VERTEX_POINT('',#6554);
#6554 = CARTESIAN_POINT('',(-95.262,94.119188468377,31.));
#6555 = B_SPLINE_CURVE_WITH_KNOTS('',1,(#6556,#6557),.UNSPECIFIED.,.F.,
  .F.,(2,2),(0.,1.),.PIECEWISE_BEZIER_KNOTS.);
#6556 = CARTESIAN_POINT('',(1.917004064008,94.119188468377,31.));
#6557 = CARTESIAN_POINT('',(-95.26219075438,94.119188468377,31.));
#6558 = ORIENTED_EDGE('',*,*,#6559,.F.);
#6559 = EDGE_CURVE('',#6560,#6553,#6562,.T.);
#6560 = VERTEX_POINT('',#6561);
#6561 = CARTESIAN_POINT('',(-95.262,94.119188468377,35.));
#6562 = B_SPLINE_CURVE_WITH_KNOTS('',1,(#6563,#6564),.UNSPECIFIED.,.F.,
  .F.,(2,2),(0.,1.),.PIECEWISE_BEZIER_KNOTS.);
#6563 = CARTESIAN_POINT('',(-95.262,94.119188468377,35.));
#6564 = CARTESIAN_POINT('',(-95.262,94.119188468377,31.));
#6565 = ORIENTED_EDGE('',*,*,#6566,.T.);
#6566 = EDGE_CURVE('',#6560,#6567,#6569,.T.);
#6567 = VERTEX_POINT('',#6568);
#6568 = CARTESIAN_POINT('',(-95.26219075438,94.119188468377,35.));
#6569 = B_SPLINE_CURVE_WITH_KNOTS('',1,(#6570,#6571),.UNSPECIFIED.,.F.,
  .F.,(2,2),(0.,1.),.PIECEWISE_BEZIER_KNOTS.);
#6570 = CARTESIAN_POINT('',(1.917004064008,94.119188468377,35.));
#6571 = CARTESIAN_POINT('',(-95.26219075438,94.119188468377,35.));
#6572 = ORIENTED_EDGE('',*,*,#6573,.T.);
#6573 = EDGE_CURVE('',#6567,#6574,#6576,.T.);
#6574 = VERTEX_POINT('',#6575);
#6575 = CARTESIAN_POINT('',(-95.26219075438,94.119188468377,
    35.000071120142));
#6576 = B_SPLINE_CURVE_WITH_KNOTS('',1,(#6577,#6578),.UNSPECIFIED.,.F.,
  .F.,(2,2),(0.,1.3188977E+03),.PIECEWISE_BEZIER_KNOTS.);
#6577 = CARTESIAN_POINT('',(-95.26219075438,94.119188468377,
    1.500002540005));
#6578 = CARTESIAN_POINT('',(-95.26219075438,94.119188468377,
    35.000071120142));
#6579 = ORIENTED_EDGE('',*,*,#6580,.T.);
#6580 = EDGE_CURVE('',#6574,#6581,#6583,.T.);
#6581 = VERTEX_POINT('',#6582);
#6582 = CARTESIAN_POINT('',(1.917004064008,94.119188468377,
    35.000071120142));
#6583 = B_SPLINE_CURVE_WITH_KNOTS('',1,(#6584,#6585),.UNSPECIFIED.,.F.,
  .F.,(2,2),(-956.486225,2.869458675E+03),.PIECEWISE_BEZIER_KNOTS.);
#6584 = CARTESIAN_POINT('',(-95.26219075438,94.119188468377,
    35.000071120142));
#6585 = CARTESIAN_POINT('',(1.917004064008,94.119188468377,
    35.000071120142));
#6586 = ORIENTED_EDGE('',*,*,#6587,.F.);
#6587 = EDGE_CURVE('',#6588,#6581,#6590,.T.);
#6588 = VERTEX_POINT('',#6589);
#6589 = CARTESIAN_POINT('',(1.917002032004,94.119188468377,35.));
#6590 = B_SPLINE_CURVE_WITH_KNOTS('',1,(#6591,#6592),.UNSPECIFIED.,.F.,
  .F.,(2,2),(0.,1.3188977E+03),.PIECEWISE_BEZIER_KNOTS.);
#6591 = CARTESIAN_POINT('',(1.917004064008,94.119188468377,
    1.500002540005));
#6592 = CARTESIAN_POINT('',(1.917004064008,94.119188468377,
    35.000071120142));
#6593 = ORIENTED_EDGE('',*,*,#6594,.T.);
#6594 = EDGE_CURVE('',#6588,#6595,#6597,.T.);
#6595 = VERTEX_POINT('',#6596);
#6596 = CARTESIAN_POINT('',(1.917002032004,94.119188468377,31.));
#6597 = B_SPLINE_CURVE_WITH_KNOTS('',1,(#6598,#6599),.UNSPECIFIED.,.F.,
  .F.,(2,2),(0.,1.),.PIECEWISE_BEZIER_KNOTS.);
#6598 = CARTESIAN_POINT('',(1.917,94.119188468377,35.));
#6599 = CARTESIAN_POINT('',(1.917,94.119188468377,31.));
#6600 = ORIENTED_EDGE('',*,*,#6601,.F.);
#6601 = EDGE_CURVE('',#6539,#6595,#6602,.T.);
#6602 = B_SPLINE_CURVE_WITH_KNOTS('',1,(#6603,#6604),.UNSPECIFIED.,.F.,
  .F.,(2,2),(0.,1.3188977E+03),.PIECEWISE_BEZIER_KNOTS.);
#6603 = CARTESIAN_POINT('',(1.917004064008,94.119188468377,
    1.500002540005));
#6604 = CARTESIAN_POINT('',(1.917004064008,94.119188468377,
    35.000071120142));
#6605 = FACE_BOUND('',#6606,.F.);
#6606 = EDGE_LOOP('',(#6607,#6608,#6609,#6610,#6611,#6612,#6613,#6614));
#6607 = ORIENTED_EDGE('',*,*,#6166,.F.);
#6608 = ORIENTED_EDGE('',*,*,#6412,.F.);
#6609 = ORIENTED_EDGE('',*,*,#6196,.F.);
#6610 = ORIENTED_EDGE('',*,*,#6436,.T.);
#6611 = ORIENTED_EDGE('',*,*,#6452,.T.);
#6612 = ORIENTED_EDGE('',*,*,#6475,.F.);
#6613 = ORIENTED_EDGE('',*,*,#6499,.T.);
#6614 = ORIENTED_EDGE('',*,*,#6521,.F.);
#6615 = B_SPLINE_SURFACE_WITH_KNOTS('',1,1,(
    (#6616,#6617)
    ,(#6618,#6619
    )),.UNSPECIFIED.,.F.,.F.,.F.,(2,2),(2,2),(0.,3.8259449E+03),(
    -1.3188977E+03,0.),.PIECEWISE_BEZIER_KNOTS.);
#6616 = CARTESIAN_POINT('',(-95.26219075438,94.119188468377,
    35.000071120142));
#6617 = CARTESIAN_POINT('',(-95.26219075438,94.119188468377,
    1.500002540005));
#6618 = CARTESIAN_POINT('',(1.917004064008,94.119188468377,
    35.000071120142));
#6619 = CARTESIAN_POINT('',(1.917004064008,94.119188468377,
    1.500002540005));
#6620 = ADVANCED_FACE('',(#6621,#6699),#6705,.F.);
#6621 = FACE_BOUND('',#6622,.F.);
#6622 = EDGE_LOOP('',(#6623,#6630,#6631,#6638,#6645,#6652,#6659,#6666,
    #6673,#6680,#6687,#6694));
#6623 = ORIENTED_EDGE('',*,*,#6624,.F.);
#6624 = EDGE_CURVE('',#6539,#6625,#6627,.T.);
#6625 = VERTEX_POINT('',#6626);
#6626 = CARTESIAN_POINT('',(1.917004064008,66.767133553467,
    1.500002540005));
#6627 = B_SPLINE_CURVE_WITH_KNOTS('',1,(#6628,#6629),.UNSPECIFIED.,.F.,
  .F.,(2,2),(0.,1.076850402E+03),.PIECEWISE_BEZIER_KNOTS.);
#6628 = CARTESIAN_POINT('',(1.917004064008,94.119188468377,
    1.500002540005));
#6629 = CARTESIAN_POINT('',(1.917004064008,66.767133553467,
    1.500002540005));
#6630 = ORIENTED_EDGE('',*,*,#6601,.T.);
#6631 = ORIENTED_EDGE('',*,*,#6632,.F.);
#6632 = EDGE_CURVE('',#6633,#6595,#6635,.T.);
#6633 = VERTEX_POINT('',#6634);
#6634 = CARTESIAN_POINT('',(1.917002032004,-29.47605918211,31.));
#6635 = B_SPLINE_CURVE_WITH_KNOTS('',1,(#6636,#6637),.UNSPECIFIED.,.F.,
  .F.,(2,2),(0.,1.),.PIECEWISE_BEZIER_KNOTS.);
#6636 = CARTESIAN_POINT('',(1.917004064008,-29.47605918211,31.));
#6637 = CARTESIAN_POINT('',(1.917004064008,94.119188468377,31.));
#6638 = ORIENTED_EDGE('',*,*,#6639,.F.);
#6639 = EDGE_CURVE('',#6640,#6633,#6642,.T.);
#6640 = VERTEX_POINT('',#6641);
#6641 = CARTESIAN_POINT('',(1.917004064008,-29.47605918211,
    1.500002540005));
#6642 = B_SPLINE_CURVE_WITH_KNOTS('',1,(#6643,#6644),.UNSPECIFIED.,.F.,
  .F.,(2,2),(0.,1.3188977E+03),.PIECEWISE_BEZIER_KNOTS.);
#6643 = CARTESIAN_POINT('',(1.917004064008,-29.47605918211,
    1.500002540005));
#6644 = CARTESIAN_POINT('',(1.917004064008,-29.47605918211,
    35.000071120142));
#6645 = ORIENTED_EDGE('',*,*,#6646,.F.);
#6646 = EDGE_CURVE('',#6647,#6640,#6649,.T.);
#6647 = VERTEX_POINT('',#6648);
#6648 = CARTESIAN_POINT('',(1.917004064008,4.353008686817,1.500002540005
    ));
#6649 = B_SPLINE_CURVE_WITH_KNOTS('',1,(#6650,#6651),.UNSPECIFIED.,.F.,
  .F.,(2,2),(3.534094498E+03,4.8659449E+03),.PIECEWISE_BEZIER_KNOTS.);
#6650 = CARTESIAN_POINT('',(1.917004064008,4.353008686817,1.500002540005
    ));
#6651 = CARTESIAN_POINT('',(1.917004064008,-29.47605918211,
    1.500002540005));
#6652 = ORIENTED_EDGE('',*,*,#6653,.T.);
#6653 = EDGE_CURVE('',#6647,#6654,#6656,.T.);
#6654 = VERTEX_POINT('',#6655);
#6655 = CARTESIAN_POINT('',(1.917004064008,4.353008686817,2.441254624333
    ));
#6656 = B_SPLINE_CURVE_WITH_KNOTS('',1,(#6657,#6658),.UNSPECIFIED.,.F.,
  .F.,(2,2),(23.238908637963,60.29600319796),.PIECEWISE_BEZIER_KNOTS.);
#6657 = CARTESIAN_POINT('',(1.917004064008,4.353008686817,1.500002540005
    ));
#6658 = CARTESIAN_POINT('',(1.917004064008,4.353008686817,2.441254624333
    ));
#6659 = ORIENTED_EDGE('',*,*,#6660,.F.);
#6660 = EDGE_CURVE('',#6661,#6654,#6663,.T.);
#6661 = VERTEX_POINT('',#6662);
#6662 = CARTESIAN_POINT('',(1.917004064008,5.553011125222,2.441254624333
    ));
#6663 = B_SPLINE_CURVE_WITH_KNOTS('',1,(#6664,#6665),.UNSPECIFIED.,.F.,
  .F.,(2,2),(1.743425201E+03,1.790669297E+03),.PIECEWISE_BEZIER_KNOTS.);
#6664 = CARTESIAN_POINT('',(1.917004064008,5.553011125222,2.441254624333
    ));
#6665 = CARTESIAN_POINT('',(1.917004064008,4.353008686817,2.441254624333
    ));
#6666 = ORIENTED_EDGE('',*,*,#6667,.F.);
#6667 = EDGE_CURVE('',#6668,#6661,#6670,.T.);
#6668 = VERTEX_POINT('',#6669);
#6669 = CARTESIAN_POINT('',(1.917004064008,5.553011125222,1.500002540005
    ));
#6670 = B_SPLINE_CURVE_WITH_KNOTS('',1,(#6671,#6672),.UNSPECIFIED.,.F.,
  .F.,(2,2),(23.238908637963,60.29600319796),.PIECEWISE_BEZIER_KNOTS.);
#6671 = CARTESIAN_POINT('',(1.917004064008,5.553011125222,1.500002540005
    ));
#6672 = CARTESIAN_POINT('',(1.917004064008,5.553011125222,2.441254624333
    ));
#6673 = ORIENTED_EDGE('',*,*,#6674,.F.);
#6674 = EDGE_CURVE('',#6675,#6668,#6677,.T.);
#6675 = VERTEX_POINT('',#6676);
#6676 = CARTESIAN_POINT('',(1.917004064008,65.567131115062,
    1.500002540005));
#6677 = B_SPLINE_CURVE_WITH_KNOTS('',1,(#6678,#6679),.UNSPECIFIED.,.F.,
  .F.,(2,2),(1.124094498E+03,3.486850402E+03),.PIECEWISE_BEZIER_KNOTS.);
#6678 = CARTESIAN_POINT('',(1.917004064008,65.567131115062,
    1.500002540005));
#6679 = CARTESIAN_POINT('',(1.917004064008,5.553011125222,1.500002540005
    ));
#6680 = ORIENTED_EDGE('',*,*,#6681,.T.);
#6681 = EDGE_CURVE('',#6675,#6682,#6684,.T.);
#6682 = VERTEX_POINT('',#6683);
#6683 = CARTESIAN_POINT('',(1.917004064008,65.567131115062,
    2.817505729743));
#6684 = B_SPLINE_CURVE_WITH_KNOTS('',1,(#6685,#6686),.UNSPECIFIED.,.F.,
  .F.,(2,2),(23.238908637963,75.109009217963),.PIECEWISE_BEZIER_KNOTS.);
#6685 = CARTESIAN_POINT('',(1.917004064008,65.567131115062,
    1.500002540005));
#6686 = CARTESIAN_POINT('',(1.917004064008,65.567131115062,
    2.817505729743));
#6687 = ORIENTED_EDGE('',*,*,#6688,.F.);
#6688 = EDGE_CURVE('',#6689,#6682,#6691,.T.);
#6689 = VERTEX_POINT('',#6690);
#6690 = CARTESIAN_POINT('',(1.917004064008,66.767133553467,
    2.817505729743));
#6691 = B_SPLINE_CURVE_WITH_KNOTS('',1,(#6692,#6693),.UNSPECIFIED.,.F.,
  .F.,(2,2),(538.425201,585.669297),.PIECEWISE_BEZIER_KNOTS.);
#6692 = CARTESIAN_POINT('',(1.917004064008,66.767133553467,
    2.817505729743));
#6693 = CARTESIAN_POINT('',(1.917004064008,65.567131115062,
    2.817505729743));
#6694 = ORIENTED_EDGE('',*,*,#6695,.F.);
#6695 = EDGE_CURVE('',#6625,#6689,#6696,.T.);
#6696 = B_SPLINE_CURVE_WITH_KNOTS('',1,(#6697,#6698),.UNSPECIFIED.,.F.,
  .F.,(2,2),(23.238908637963,75.109009217963),.PIECEWISE_BEZIER_KNOTS.);
#6697 = CARTESIAN_POINT('',(1.917004064008,66.767133553467,
    1.500002540005));
#6698 = CARTESIAN_POINT('',(1.917004064008,66.767133553467,
    2.817505729743));
#6699 = FACE_BOUND('',#6700,.F.);
#6700 = EDGE_LOOP('',(#6701,#6702,#6703,#6704));
#6701 = ORIENTED_EDGE('',*,*,#6276,.F.);
#6702 = ORIENTED_EDGE('',*,*,#6299,.T.);
#6703 = ORIENTED_EDGE('',*,*,#6228,.T.);
#6704 = ORIENTED_EDGE('',*,*,#6253,.F.);
#6705 = B_SPLINE_SURFACE_WITH_KNOTS('',1,1,(
    (#6706,#6707)
    ,(#6708,#6709
    )),.UNSPECIFIED.,.F.,.F.,.F.,(2,2),(2,2),(0.,4.8659449E+03),(
    -1.3188977E+03,0.),.PIECEWISE_BEZIER_KNOTS.);
#6706 = CARTESIAN_POINT('',(1.917004064008,94.119188468377,
    35.000071120142));
#6707 = CARTESIAN_POINT('',(1.917004064008,94.119188468377,
    1.500002540005));
#6708 = CARTESIAN_POINT('',(1.917004064008,-29.47605918211,
    35.000071120142));
#6709 = CARTESIAN_POINT('',(1.917004064008,-29.47605918211,
    1.500002540005));
#6710 = ADVANCED_FACE('',(#6711,#6717),#7391,.T.);
#6711 = FACE_BOUND('',#6712,.T.);
#6712 = EDGE_LOOP('',(#6713,#6714,#6715,#6716));
#6713 = ORIENTED_EDGE('',*,*,#6370,.T.);
#6714 = ORIENTED_EDGE('',*,*,#6398,.T.);
#6715 = ORIENTED_EDGE('',*,*,#6323,.F.);
#6716 = ORIENTED_EDGE('',*,*,#6355,.F.);
#6717 = FACE_BOUND('',#6718,.T.);
#6718 = EDGE_LOOP('',(#6719,#6728,#6735,#6742,#6749,#6756,#6763,#6770,
    #6777,#6784,#6791,#6798,#6805,#6812,#6819,#6826,#6833,#6840,#6847,
    #6854,#6861,#6868,#6875,#6882,#6889,#6896,#6903,#6910,#6917,#6924,
    #6931,#6938,#6945,#6952,#6959,#6966,#6973,#6980,#6987,#6994,#7001,
    #7008,#7015,#7022,#7029,#7036,#7043,#7050,#7057,#7064,#7071,#7078,
    #7085,#7092,#7099,#7106,#7113,#7120,#7127,#7134,#7141,#7148,#7155,
    #7162,#7169,#7176,#7183,#7190,#7197,#7204,#7211,#7218,#7225,#7232,
    #7239,#7246,#7253,#7260,#7267,#7274,#7281,#7288,#7295,#7302,#7309,
    #7316,#7323,#7330,#7337,#7344,#7351,#7358,#7365,#7372,#7379,#7386));
#6719 = ORIENTED_EDGE('',*,*,#6720,.T.);
#6720 = EDGE_CURVE('',#6721,#6723,#6725,.T.);
#6721 = VERTEX_POINT('',#6722);
#6722 = CARTESIAN_POINT('',(-96.76219329438,-30.22606045212,
    35.000071120142));
#6723 = VERTEX_POINT('',#6724);
#6724 = CARTESIAN_POINT('',(-96.76219329438,94.869189738379,
    35.000071120142));
#6725 = B_SPLINE_CURVE_WITH_KNOTS('',1,(#6726,#6727),.UNSPECIFIED.,.F.,
  .F.,(2,2),(0.,4.925E+03),.PIECEWISE_BEZIER_KNOTS.);
#6726 = CARTESIAN_POINT('',(-96.76219329438,-30.22606045212,
    35.000071120142));
#6727 = CARTESIAN_POINT('',(-96.76219329438,94.869189738379,
    35.000071120142));
#6728 = ORIENTED_EDGE('',*,*,#6729,.T.);
#6729 = EDGE_CURVE('',#6723,#6730,#6732,.T.);
#6730 = VERTEX_POINT('',#6731);
#6731 = CARTESIAN_POINT('',(-96.76044486831,94.920371635071,
    35.000071120142));
#6732 = B_SPLINE_CURVE_WITH_KNOTS('',1,(#6733,#6734),.UNSPECIFIED.,.F.,
  .F.,(2,2),(0.,2.016206676143),.PIECEWISE_BEZIER_KNOTS.);
#6733 = CARTESIAN_POINT('',(-96.76219329438,94.869189738379,
    35.000071120142));
#6734 = CARTESIAN_POINT('',(-96.76044486831,94.920371635071,
    35.000071120142));
#6735 = ORIENTED_EDGE('',*,*,#6736,.T.);
#6736 = EDGE_CURVE('',#6730,#6737,#6739,.T.);
#6737 = VERTEX_POINT('',#6738);
#6738 = CARTESIAN_POINT('',(-96.75520774208,94.971314898134,
    35.000071120142));
#6739 = B_SPLINE_CURVE_WITH_KNOTS('',1,(#6740,#6741),.UNSPECIFIED.,.F.,
  .F.,(2,2),(0.,2.016206676144),.PIECEWISE_BEZIER_KNOTS.);
#6740 = CARTESIAN_POINT('',(-96.76044486831,94.920371635071,
    35.000071120142));
#6741 = CARTESIAN_POINT('',(-96.75520774208,94.971314898134,
    35.000071120142));
#6742 = ORIENTED_EDGE('',*,*,#6743,.T.);
#6743 = EDGE_CURVE('',#6737,#6744,#6746,.T.);
#6744 = VERTEX_POINT('',#6745);
#6745 = CARTESIAN_POINT('',(-96.74650633358,95.021782006559,
    35.000071120142));
#6746 = B_SPLINE_CURVE_WITH_KNOTS('',1,(#6747,#6748),.UNSPECIFIED.,.F.,
  .F.,(2,2),(0.,2.016206676143),.PIECEWISE_BEZIER_KNOTS.);
#6747 = CARTESIAN_POINT('',(-96.75520774208,94.971314898134,
    35.000071120142));
#6748 = CARTESIAN_POINT('',(-96.74650633358,95.021782006559,
    35.000071120142));
#6749 = ORIENTED_EDGE('',*,*,#6750,.T.);
#6750 = EDGE_CURVE('',#6744,#6751,#6753,.T.);
#6751 = VERTEX_POINT('',#6752);
#6752 = CARTESIAN_POINT('',(-96.7343812128,95.07153765939,
    35.000071120142));
#6753 = B_SPLINE_CURVE_WITH_KNOTS('',1,(#6754,#6755),.UNSPECIFIED.,.F.,
  .F.,(2,2),(0.,2.016206676144),.PIECEWISE_BEZIER_KNOTS.);
#6754 = CARTESIAN_POINT('',(-96.74650633358,95.021782006559,
    35.000071120142));
#6755 = CARTESIAN_POINT('',(-96.7343812128,95.07153765939,
    35.000071120142));
#6756 = ORIENTED_EDGE('',*,*,#6757,.T.);
#6757 = EDGE_CURVE('',#6751,#6758,#6760,.T.);
#6758 = VERTEX_POINT('',#6759);
#6759 = CARTESIAN_POINT('',(-96.71888891264,95.120349872806,
    35.000071120142));
#6760 = B_SPLINE_CURVE_WITH_KNOTS('',1,(#6761,#6762),.UNSPECIFIED.,.F.,
  .F.,(2,2),(0.,2.016206676143),.PIECEWISE_BEZIER_KNOTS.);
#6761 = CARTESIAN_POINT('',(-96.7343812128,95.07153765939,
    35.000071120142));
#6762 = CARTESIAN_POINT('',(-96.71888891264,95.120349872806,
    35.000071120142));
#6763 = ORIENTED_EDGE('',*,*,#6764,.T.);
#6764 = EDGE_CURVE('',#6758,#6765,#6767,.T.);
#6765 = VERTEX_POINT('',#6766);
#6766 = CARTESIAN_POINT('',(-96.70010166537,95.167991061735,
    35.000071120142));
#6767 = B_SPLINE_CURVE_WITH_KNOTS('',1,(#6768,#6769),.UNSPECIFIED.,.F.,
  .F.,(2,2),(0.,2.016206676143),.PIECEWISE_BEZIER_KNOTS.);
#6768 = CARTESIAN_POINT('',(-96.71888891264,95.120349872806,
    35.000071120142));
#6769 = CARTESIAN_POINT('',(-96.70010166537,95.167991061735,
    35.000071120142));
#6770 = ORIENTED_EDGE('',*,*,#6771,.T.);
#6771 = EDGE_CURVE('',#6765,#6772,#6774,.T.);
#6772 = VERTEX_POINT('',#6773);
#6773 = CARTESIAN_POINT('',(-96.6781070658,95.214239100962,
    35.000071120142));
#6774 = B_SPLINE_CURVE_WITH_KNOTS('',1,(#6775,#6776),.UNSPECIFIED.,.F.,
  .F.,(2,2),(0.,2.016206676143),.PIECEWISE_BEZIER_KNOTS.);
#6775 = CARTESIAN_POINT('',(-96.70010166537,95.167991061735,
    35.000071120142));
#6776 = CARTESIAN_POINT('',(-96.6781070658,95.214239100962,
    35.000071120142));
#6777 = ORIENTED_EDGE('',*,*,#6778,.T.);
#6778 = EDGE_CURVE('',#6772,#6779,#6781,.T.);
#6779 = VERTEX_POINT('',#6780);
#6780 = CARTESIAN_POINT('',(-96.6530076629,95.258878360779,
    35.000071120142));
#6781 = B_SPLINE_CURVE_WITH_KNOTS('',1,(#6782,#6783),.UNSPECIFIED.,.F.,
  .F.,(2,2),(0.,2.016206676143),.PIECEWISE_BEZIER_KNOTS.);
#6782 = CARTESIAN_POINT('',(-96.6781070658,95.214239100962,
    35.000071120142));
#6783 = CARTESIAN_POINT('',(-96.6530076629,95.258878360779,
    35.000071120142));
#6784 = ORIENTED_EDGE('',*,*,#6785,.T.);
#6785 = EDGE_CURVE('',#6779,#6786,#6788,.T.);
#6786 = VERTEX_POINT('',#6787);
#6787 = CARTESIAN_POINT('',(-96.62492048169,95.301700712351,
    35.000071120142));
#6788 = B_SPLINE_CURVE_WITH_KNOTS('',1,(#6789,#6790),.UNSPECIFIED.,.F.,
  .F.,(2,2),(0.,2.016206676144),.PIECEWISE_BEZIER_KNOTS.);
#6789 = CARTESIAN_POINT('',(-96.6530076629,95.258878360779,
    35.000071120142));
#6790 = CARTESIAN_POINT('',(-96.62492048169,95.301700712351,
    35.000071120142));
#6791 = ORIENTED_EDGE('',*,*,#6792,.T.);
#6792 = EDGE_CURVE('',#6786,#6793,#6795,.T.);
#6793 = VERTEX_POINT('',#6794);
#6794 = CARTESIAN_POINT('',(-96.59397647756,95.342506498107,
    35.000071120142));
#6795 = B_SPLINE_CURVE_WITH_KNOTS('',1,(#6796,#6797),.UNSPECIFIED.,.F.,
  .F.,(2,2),(0.,2.016206676143),.PIECEWISE_BEZIER_KNOTS.);
#6796 = CARTESIAN_POINT('',(-96.62492048169,95.301700712351,
    35.000071120142));
#6797 = CARTESIAN_POINT('',(-96.59397647756,95.342506498107,
    35.000071120142));
#6798 = ORIENTED_EDGE('',*,*,#6799,.T.);
#6799 = EDGE_CURVE('',#6793,#6800,#6802,.T.);
#6800 = VERTEX_POINT('',#6801);
#6801 = CARTESIAN_POINT('',(-96.56031992575,95.381105462638,
    35.000071120142));
#6802 = B_SPLINE_CURVE_WITH_KNOTS('',1,(#6803,#6804),.UNSPECIFIED.,.F.,
  .F.,(2,2),(0.,2.016206676143),.PIECEWISE_BEZIER_KNOTS.);
#6803 = CARTESIAN_POINT('',(-96.59397647756,95.342506498107,
    35.000071120142));
#6804 = CARTESIAN_POINT('',(-96.56031992575,95.381105462638,
    35.000071120142));
#6805 = ORIENTED_EDGE('',*,*,#6806,.T.);
#6806 = EDGE_CURVE('',#6800,#6807,#6809,.T.);
#6807 = VERTEX_POINT('',#6808);
#6808 = CARTESIAN_POINT('',(-96.52410774864,95.417317639752,
    35.000071120142));
#6809 = B_SPLINE_CURVE_WITH_KNOTS('',1,(#6810,#6811),.UNSPECIFIED.,.F.,
  .F.,(2,2),(0.,2.016206676143),.PIECEWISE_BEZIER_KNOTS.);
#6810 = CARTESIAN_POINT('',(-96.56031992575,95.381105462638,
    35.000071120142));
#6811 = CARTESIAN_POINT('',(-96.52410774864,95.417317639752,
    35.000071120142));
#6812 = ORIENTED_EDGE('',*,*,#6813,.T.);
#6813 = EDGE_CURVE('',#6807,#6814,#6816,.T.);
#6814 = VERTEX_POINT('',#6815);
#6815 = CARTESIAN_POINT('',(-96.48550878411,95.450974191563,
    35.000071120142));
#6816 = B_SPLINE_CURVE_WITH_KNOTS('',1,(#6817,#6818),.UNSPECIFIED.,.F.,
  .F.,(2,2),(0.,2.016206676143),.PIECEWISE_BEZIER_KNOTS.);
#6817 = CARTESIAN_POINT('',(-96.52410774864,95.417317639752,
    35.000071120142));
#6818 = CARTESIAN_POINT('',(-96.48550878411,95.450974191563,
    35.000071120142));
#6819 = ORIENTED_EDGE('',*,*,#6820,.T.);
#6820 = EDGE_CURVE('',#6814,#6821,#6823,.T.);
#6821 = VERTEX_POINT('',#6822);
#6822 = CARTESIAN_POINT('',(-96.44470299835,95.481918195691,
    35.000071120142));
#6823 = B_SPLINE_CURVE_WITH_KNOTS('',1,(#6824,#6825),.UNSPECIFIED.,.F.,
  .F.,(2,2),(0.,2.016206676143),.PIECEWISE_BEZIER_KNOTS.);
#6824 = CARTESIAN_POINT('',(-96.48550878411,95.450974191563,
    35.000071120142));
#6825 = CARTESIAN_POINT('',(-96.44470299835,95.481918195691,
    35.000071120142));
#6826 = ORIENTED_EDGE('',*,*,#6827,.T.);
#6827 = EDGE_CURVE('',#6821,#6828,#6830,.T.);
#6828 = VERTEX_POINT('',#6829);
#6829 = CARTESIAN_POINT('',(-96.40188064678,95.510005376904,
    35.000071120142));
#6830 = B_SPLINE_CURVE_WITH_KNOTS('',1,(#6831,#6832),.UNSPECIFIED.,.F.,
  .F.,(2,2),(0.,2.016206676144),.PIECEWISE_BEZIER_KNOTS.);
#6831 = CARTESIAN_POINT('',(-96.44470299835,95.481918195691,
    35.000071120142));
#6832 = CARTESIAN_POINT('',(-96.40188064678,95.510005376904,
    35.000071120142));
#6833 = ORIENTED_EDGE('',*,*,#6834,.T.);
#6834 = EDGE_CURVE('',#6828,#6835,#6837,.T.);
#6835 = VERTEX_POINT('',#6836);
#6836 = CARTESIAN_POINT('',(-96.35724138696,95.535104779798,
    35.000071120142));
#6837 = B_SPLINE_CURVE_WITH_KNOTS('',1,(#6838,#6839),.UNSPECIFIED.,.F.,
  .F.,(2,2),(0.,2.016206676143),.PIECEWISE_BEZIER_KNOTS.);
#6838 = CARTESIAN_POINT('',(-96.40188064678,95.510005376904,
    35.000071120142));
#6839 = CARTESIAN_POINT('',(-96.35724138696,95.535104779798,
    35.000071120142));
#6840 = ORIENTED_EDGE('',*,*,#6841,.T.);
#6841 = EDGE_CURVE('',#6835,#6842,#6844,.T.);
#6842 = VERTEX_POINT('',#6843);
#6843 = CARTESIAN_POINT('',(-96.31099334773,95.557099379369,
    35.000071120142));
#6844 = B_SPLINE_CURVE_WITH_KNOTS('',1,(#6845,#6846),.UNSPECIFIED.,.F.,
  .F.,(2,2),(0.,2.016206676143),.PIECEWISE_BEZIER_KNOTS.);
#6845 = CARTESIAN_POINT('',(-96.35724138696,95.535104779798,
    35.000071120142));
#6846 = CARTESIAN_POINT('',(-96.31099334773,95.557099379369,
    35.000071120142));
#6847 = ORIENTED_EDGE('',*,*,#6848,.T.);
#6848 = EDGE_CURVE('',#6842,#6849,#6851,.T.);
#6849 = VERTEX_POINT('',#6850);
#6850 = CARTESIAN_POINT('',(-96.26335215881,95.575886626642,
    35.000071120142));
#6851 = B_SPLINE_CURVE_WITH_KNOTS('',1,(#6852,#6853),.UNSPECIFIED.,.F.,
  .F.,(2,2),(0.,2.016206676143),.PIECEWISE_BEZIER_KNOTS.);
#6852 = CARTESIAN_POINT('',(-96.31099334773,95.557099379369,
    35.000071120142));
#6853 = CARTESIAN_POINT('',(-96.26335215881,95.575886626642,
    35.000071120142));
#6854 = ORIENTED_EDGE('',*,*,#6855,.T.);
#6855 = EDGE_CURVE('',#6849,#6856,#6858,.T.);
#6856 = VERTEX_POINT('',#6857);
#6857 = CARTESIAN_POINT('',(-96.21453994539,95.591378926798,
    35.000071120142));
#6858 = B_SPLINE_CURVE_WITH_KNOTS('',1,(#6859,#6860),.UNSPECIFIED.,.F.,
  .F.,(2,2),(0.,2.016206676143),.PIECEWISE_BEZIER_KNOTS.);
#6859 = CARTESIAN_POINT('',(-96.26335215881,95.575886626642,
    35.000071120142));
#6860 = CARTESIAN_POINT('',(-96.21453994539,95.591378926798,
    35.000071120142));
#6861 = ORIENTED_EDGE('',*,*,#6862,.T.);
#6862 = EDGE_CURVE('',#6856,#6863,#6865,.T.);
#6863 = VERTEX_POINT('',#6864);
#6864 = CARTESIAN_POINT('',(-96.16478429256,95.603504047581,
    35.000071120142));
#6865 = B_SPLINE_CURVE_WITH_KNOTS('',1,(#6866,#6867),.UNSPECIFIED.,.F.,
  .F.,(2,2),(0.,2.016206676144),.PIECEWISE_BEZIER_KNOTS.);
#6866 = CARTESIAN_POINT('',(-96.21453994539,95.591378926798,
    35.000071120142));
#6867 = CARTESIAN_POINT('',(-96.16478429256,95.603504047581,
    35.000071120142));
#6868 = ORIENTED_EDGE('',*,*,#6869,.T.);
#6869 = EDGE_CURVE('',#6863,#6870,#6872,.T.);
#6870 = VERTEX_POINT('',#6871);
#6871 = CARTESIAN_POINT('',(-96.11431718413,95.61220545608,
    35.000071120142));
#6872 = B_SPLINE_CURVE_WITH_KNOTS('',1,(#6873,#6874),.UNSPECIFIED.,.F.,
  .F.,(2,2),(0.,2.016206676143),.PIECEWISE_BEZIER_KNOTS.);
#6873 = CARTESIAN_POINT('',(-96.16478429256,95.603504047581,
    35.000071120142));
#6874 = CARTESIAN_POINT('',(-96.11431718413,95.61220545608,
    35.000071120142));
#6875 = ORIENTED_EDGE('',*,*,#6876,.T.);
#6876 = EDGE_CURVE('',#6870,#6877,#6879,.T.);
#6877 = VERTEX_POINT('',#6878);
#6878 = CARTESIAN_POINT('',(-96.06337392107,95.617442582314,
    35.000071120142));
#6879 = B_SPLINE_CURVE_WITH_KNOTS('',1,(#6880,#6881),.UNSPECIFIED.,.F.,
  .F.,(2,2),(0.,2.016206676144),.PIECEWISE_BEZIER_KNOTS.);
#6880 = CARTESIAN_POINT('',(-96.11431718413,95.61220545608,
    35.000071120142));
#6881 = CARTESIAN_POINT('',(-96.06337392107,95.617442582314,
    35.000071120142));
#6882 = ORIENTED_EDGE('',*,*,#6883,.T.);
#6883 = EDGE_CURVE('',#6877,#6884,#6886,.T.);
#6884 = VERTEX_POINT('',#6885);
#6885 = CARTESIAN_POINT('',(-96.01219202438,95.619191008382,
    35.000071120142));
#6886 = B_SPLINE_CURVE_WITH_KNOTS('',1,(#6887,#6888),.UNSPECIFIED.,.F.,
  .F.,(2,2),(0.,2.016206676143),.PIECEWISE_BEZIER_KNOTS.);
#6887 = CARTESIAN_POINT('',(-96.06337392107,95.617442582314,
    35.000071120142));
#6888 = CARTESIAN_POINT('',(-96.01219202438,95.619191008382,
    35.000071120142));
#6889 = ORIENTED_EDGE('',*,*,#6890,.T.);
#6890 = EDGE_CURVE('',#6884,#6891,#6893,.T.);
#6891 = VERTEX_POINT('',#6892);
#6892 = CARTESIAN_POINT('',(2.667005334011,95.619191008382,
    35.000071120142));
#6893 = B_SPLINE_CURVE_WITH_KNOTS('',1,(#6894,#6895),.UNSPECIFIED.,.F.,
  .F.,(2,2),(0.,3.885E+03),.PIECEWISE_BEZIER_KNOTS.);
#6894 = CARTESIAN_POINT('',(-96.01219202438,95.619191008382,
    35.000071120142));
#6895 = CARTESIAN_POINT('',(2.667005334011,95.619191008382,
    35.000071120142));
#6896 = ORIENTED_EDGE('',*,*,#6897,.T.);
#6897 = EDGE_CURVE('',#6891,#6898,#6900,.T.);
#6898 = VERTEX_POINT('',#6899);
#6899 = CARTESIAN_POINT('',(2.718187230702,95.617442582314,
    35.000071120142));
#6900 = B_SPLINE_CURVE_WITH_KNOTS('',1,(#6901,#6902),.UNSPECIFIED.,.F.,
  .F.,(2,2),(0.,2.016206676143),.PIECEWISE_BEZIER_KNOTS.);
#6901 = CARTESIAN_POINT('',(2.667005334011,95.619191008382,
    35.000071120142));
#6902 = CARTESIAN_POINT('',(2.718187230702,95.617442582314,
    35.000071120142));
#6903 = ORIENTED_EDGE('',*,*,#6904,.T.);
#6904 = EDGE_CURVE('',#6898,#6905,#6907,.T.);
#6905 = VERTEX_POINT('',#6906);
#6906 = CARTESIAN_POINT('',(2.769130493765,95.61220545608,
    35.000071120142));
#6907 = B_SPLINE_CURVE_WITH_KNOTS('',1,(#6908,#6909),.UNSPECIFIED.,.F.,
  .F.,(2,2),(0.,2.016206676143),.PIECEWISE_BEZIER_KNOTS.);
#6908 = CARTESIAN_POINT('',(2.718187230702,95.617442582314,
    35.000071120142));
#6909 = CARTESIAN_POINT('',(2.769130493765,95.61220545608,
    35.000071120142));
#6910 = ORIENTED_EDGE('',*,*,#6911,.T.);
#6911 = EDGE_CURVE('',#6905,#6912,#6914,.T.);
#6912 = VERTEX_POINT('',#6913);
#6913 = CARTESIAN_POINT('',(2.81959760219,95.603504047581,
    35.000071120142));
#6914 = B_SPLINE_CURVE_WITH_KNOTS('',1,(#6915,#6916),.UNSPECIFIED.,.F.,
  .F.,(2,2),(0.,2.016206676143),.PIECEWISE_BEZIER_KNOTS.);
#6915 = CARTESIAN_POINT('',(2.769130493765,95.61220545608,
    35.000071120142));
#6916 = CARTESIAN_POINT('',(2.81959760219,95.603504047581,
    35.000071120142));
#6917 = ORIENTED_EDGE('',*,*,#6918,.T.);
#6918 = EDGE_CURVE('',#6912,#6919,#6921,.T.);
#6919 = VERTEX_POINT('',#6920);
#6920 = CARTESIAN_POINT('',(2.869353255021,95.591378926798,
    35.000071120142));
#6921 = B_SPLINE_CURVE_WITH_KNOTS('',1,(#6922,#6923),.UNSPECIFIED.,.F.,
  .F.,(2,2),(0.,2.016206676143),.PIECEWISE_BEZIER_KNOTS.);
#6922 = CARTESIAN_POINT('',(2.81959760219,95.603504047581,
    35.000071120142));
#6923 = CARTESIAN_POINT('',(2.869353255021,95.591378926798,
    35.000071120142));
#6924 = ORIENTED_EDGE('',*,*,#6925,.T.);
#6925 = EDGE_CURVE('',#6919,#6926,#6928,.T.);
#6926 = VERTEX_POINT('',#6927);
#6927 = CARTESIAN_POINT('',(2.918165468437,95.575886626642,
    35.000071120142));
#6928 = B_SPLINE_CURVE_WITH_KNOTS('',1,(#6929,#6930),.UNSPECIFIED.,.F.,
  .F.,(2,2),(0.,2.016206676143),.PIECEWISE_BEZIER_KNOTS.);
#6929 = CARTESIAN_POINT('',(2.869353255021,95.591378926798,
    35.000071120142));
#6930 = CARTESIAN_POINT('',(2.918165468437,95.575886626642,
    35.000071120142));
#6931 = ORIENTED_EDGE('',*,*,#6932,.T.);
#6932 = EDGE_CURVE('',#6926,#6933,#6935,.T.);
#6933 = VERTEX_POINT('',#6934);
#6934 = CARTESIAN_POINT('',(2.965806657366,95.557099379369,
    35.000071120142));
#6935 = B_SPLINE_CURVE_WITH_KNOTS('',1,(#6936,#6937),.UNSPECIFIED.,.F.,
  .F.,(2,2),(0.,2.016206676143),.PIECEWISE_BEZIER_KNOTS.);
#6936 = CARTESIAN_POINT('',(2.918165468437,95.575886626642,
    35.000071120142));
#6937 = CARTESIAN_POINT('',(2.965806657366,95.557099379369,
    35.000071120142));
#6938 = ORIENTED_EDGE('',*,*,#6939,.T.);
#6939 = EDGE_CURVE('',#6933,#6940,#6942,.T.);
#6940 = VERTEX_POINT('',#6941);
#6941 = CARTESIAN_POINT('',(3.012054696593,95.535104779798,
    35.000071120142));
#6942 = B_SPLINE_CURVE_WITH_KNOTS('',1,(#6943,#6944),.UNSPECIFIED.,.F.,
  .F.,(2,2),(0.,2.016206676143),.PIECEWISE_BEZIER_KNOTS.);
#6943 = CARTESIAN_POINT('',(2.965806657366,95.557099379369,
    35.000071120142));
#6944 = CARTESIAN_POINT('',(3.012054696593,95.535104779798,
    35.000071120142));
#6945 = ORIENTED_EDGE('',*,*,#6946,.T.);
#6946 = EDGE_CURVE('',#6940,#6947,#6949,.T.);
#6947 = VERTEX_POINT('',#6948);
#6948 = CARTESIAN_POINT('',(3.05669395641,95.510005376904,
    35.000071120142));
#6949 = B_SPLINE_CURVE_WITH_KNOTS('',1,(#6950,#6951),.UNSPECIFIED.,.F.,
  .F.,(2,2),(0.,2.016206676143),.PIECEWISE_BEZIER_KNOTS.);
#6950 = CARTESIAN_POINT('',(3.012054696593,95.535104779798,
    35.000071120142));
#6951 = CARTESIAN_POINT('',(3.05669395641,95.510005376904,
    35.000071120142));
#6952 = ORIENTED_EDGE('',*,*,#6953,.T.);
#6953 = EDGE_CURVE('',#6947,#6954,#6956,.T.);
#6954 = VERTEX_POINT('',#6955);
#6955 = CARTESIAN_POINT('',(3.099516307982,95.481918195691,
    35.000071120142));
#6956 = B_SPLINE_CURVE_WITH_KNOTS('',1,(#6957,#6958),.UNSPECIFIED.,.F.,
  .F.,(2,2),(0.,2.016206676143),.PIECEWISE_BEZIER_KNOTS.);
#6957 = CARTESIAN_POINT('',(3.05669395641,95.510005376904,
    35.000071120142));
#6958 = CARTESIAN_POINT('',(3.099516307982,95.481918195691,
    35.000071120142));
#6959 = ORIENTED_EDGE('',*,*,#6960,.T.);
#6960 = EDGE_CURVE('',#6954,#6961,#6963,.T.);
#6961 = VERTEX_POINT('',#6962);
#6962 = CARTESIAN_POINT('',(3.140322093739,95.450974191563,
    35.000071120142));
#6963 = B_SPLINE_CURVE_WITH_KNOTS('',1,(#6964,#6965),.UNSPECIFIED.,.F.,
  .F.,(2,2),(0.,2.016206676144),.PIECEWISE_BEZIER_KNOTS.);
#6964 = CARTESIAN_POINT('',(3.099516307982,95.481918195691,
    35.000071120142));
#6965 = CARTESIAN_POINT('',(3.140322093739,95.450974191563,
    35.000071120142));
#6966 = ORIENTED_EDGE('',*,*,#6967,.T.);
#6967 = EDGE_CURVE('',#6961,#6968,#6970,.T.);
#6968 = VERTEX_POINT('',#6969);
#6969 = CARTESIAN_POINT('',(3.178921058269,95.417317639752,
    35.000071120142));
#6970 = B_SPLINE_CURVE_WITH_KNOTS('',1,(#6971,#6972),.UNSPECIFIED.,.F.,
  .F.,(2,2),(0.,2.016206676143),.PIECEWISE_BEZIER_KNOTS.);
#6971 = CARTESIAN_POINT('',(3.140322093739,95.450974191563,
    35.000071120142));
#6972 = CARTESIAN_POINT('',(3.178921058269,95.417317639752,
    35.000071120142));
#6973 = ORIENTED_EDGE('',*,*,#6974,.T.);
#6974 = EDGE_CURVE('',#6968,#6975,#6977,.T.);
#6975 = VERTEX_POINT('',#6976);
#6976 = CARTESIAN_POINT('',(3.215133235383,95.381105462638,
    35.000071120142));
#6977 = B_SPLINE_CURVE_WITH_KNOTS('',1,(#6978,#6979),.UNSPECIFIED.,.F.,
  .F.,(2,2),(0.,2.016206676143),.PIECEWISE_BEZIER_KNOTS.);
#6978 = CARTESIAN_POINT('',(3.178921058269,95.417317639752,
    35.000071120142));
#6979 = CARTESIAN_POINT('',(3.215133235383,95.381105462638,
    35.000071120142));
#6980 = ORIENTED_EDGE('',*,*,#6981,.T.);
#6981 = EDGE_CURVE('',#6975,#6982,#6984,.T.);
#6982 = VERTEX_POINT('',#6983);
#6983 = CARTESIAN_POINT('',(3.248789787194,95.342506498107,
    35.000071120142));
#6984 = B_SPLINE_CURVE_WITH_KNOTS('',1,(#6985,#6986),.UNSPECIFIED.,.F.,
  .F.,(2,2),(0.,2.016206676143),.PIECEWISE_BEZIER_KNOTS.);
#6985 = CARTESIAN_POINT('',(3.215133235383,95.381105462638,
    35.000071120142));
#6986 = CARTESIAN_POINT('',(3.248789787194,95.342506498107,
    35.000071120142));
#6987 = ORIENTED_EDGE('',*,*,#6988,.T.);
#6988 = EDGE_CURVE('',#6982,#6989,#6991,.T.);
#6989 = VERTEX_POINT('',#6990);
#6990 = CARTESIAN_POINT('',(3.279733791322,95.301700712351,
    35.000071120142));
#6991 = B_SPLINE_CURVE_WITH_KNOTS('',1,(#6992,#6993),.UNSPECIFIED.,.F.,
  .F.,(2,2),(0.,2.016206676143),.PIECEWISE_BEZIER_KNOTS.);
#6992 = CARTESIAN_POINT('',(3.248789787194,95.342506498107,
    35.000071120142));
#6993 = CARTESIAN_POINT('',(3.279733791322,95.301700712351,
    35.000071120142));
#6994 = ORIENTED_EDGE('',*,*,#6995,.T.);
#6995 = EDGE_CURVE('',#6989,#6996,#6998,.T.);
#6996 = VERTEX_POINT('',#6997);
#6997 = CARTESIAN_POINT('',(3.307820972535,95.258878360779,
    35.000071120142));
#6998 = B_SPLINE_CURVE_WITH_KNOTS('',1,(#6999,#7000),.UNSPECIFIED.,.F.,
  .F.,(2,2),(0.,2.016206676144),.PIECEWISE_BEZIER_KNOTS.);
#6999 = CARTESIAN_POINT('',(3.279733791322,95.301700712351,
    35.000071120142));
#7000 = CARTESIAN_POINT('',(3.307820972535,95.258878360779,
    35.000071120142));
#7001 = ORIENTED_EDGE('',*,*,#7002,.T.);
#7002 = EDGE_CURVE('',#6996,#7003,#7005,.T.);
#7003 = VERTEX_POINT('',#7004);
#7004 = CARTESIAN_POINT('',(3.332920375429,95.214239100962,
    35.000071120142));
#7005 = B_SPLINE_CURVE_WITH_KNOTS('',1,(#7006,#7007),.UNSPECIFIED.,.F.,
  .F.,(2,2),(0.,2.016206676143),.PIECEWISE_BEZIER_KNOTS.);
#7006 = CARTESIAN_POINT('',(3.307820972535,95.258878360779,
    35.000071120142));
#7007 = CARTESIAN_POINT('',(3.332920375429,95.214239100962,
    35.000071120142));
#7008 = ORIENTED_EDGE('',*,*,#7009,.T.);
#7009 = EDGE_CURVE('',#7003,#7010,#7012,.T.);
#7010 = VERTEX_POINT('',#7011);
#7011 = CARTESIAN_POINT('',(3.354914975,95.167991061735,35.000071120142)
  );
#7012 = B_SPLINE_CURVE_WITH_KNOTS('',1,(#7013,#7014),.UNSPECIFIED.,.F.,
  .F.,(2,2),(0.,2.016206676143),.PIECEWISE_BEZIER_KNOTS.);
#7013 = CARTESIAN_POINT('',(3.332920375429,95.214239100962,
    35.000071120142));
#7014 = CARTESIAN_POINT('',(3.354914975,95.167991061735,35.000071120142)
  );
#7015 = ORIENTED_EDGE('',*,*,#7016,.T.);
#7016 = EDGE_CURVE('',#7010,#7017,#7019,.T.);
#7017 = VERTEX_POINT('',#7018);
#7018 = CARTESIAN_POINT('',(3.373702222274,95.120349872806,
    35.000071120142));
#7019 = B_SPLINE_CURVE_WITH_KNOTS('',1,(#7020,#7021),.UNSPECIFIED.,.F.,
  .F.,(2,2),(0.,2.016206676143),.PIECEWISE_BEZIER_KNOTS.);
#7020 = CARTESIAN_POINT('',(3.354914975,95.167991061735,35.000071120142)
  );
#7021 = CARTESIAN_POINT('',(3.373702222274,95.120349872806,
    35.000071120142));
#7022 = ORIENTED_EDGE('',*,*,#7023,.T.);
#7023 = EDGE_CURVE('',#7017,#7024,#7026,.T.);
#7024 = VERTEX_POINT('',#7025);
#7025 = CARTESIAN_POINT('',(3.389194522429,95.07153765939,
    35.000071120142));
#7026 = B_SPLINE_CURVE_WITH_KNOTS('',1,(#7027,#7028),.UNSPECIFIED.,.F.,
  .F.,(2,2),(0.,2.016206676143),.PIECEWISE_BEZIER_KNOTS.);
#7027 = CARTESIAN_POINT('',(3.373702222274,95.120349872806,
    35.000071120142));
#7028 = CARTESIAN_POINT('',(3.389194522429,95.07153765939,
    35.000071120142));
#7029 = ORIENTED_EDGE('',*,*,#7030,.T.);
#7030 = EDGE_CURVE('',#7024,#7031,#7033,.T.);
#7031 = VERTEX_POINT('',#7032);
#7032 = CARTESIAN_POINT('',(3.401319643212,95.021782006559,
    35.000071120142));
#7033 = B_SPLINE_CURVE_WITH_KNOTS('',1,(#7034,#7035),.UNSPECIFIED.,.F.,
  .F.,(2,2),(0.,2.016206676144),.PIECEWISE_BEZIER_KNOTS.);
#7034 = CARTESIAN_POINT('',(3.389194522429,95.07153765939,
    35.000071120142));
#7035 = CARTESIAN_POINT('',(3.401319643212,95.021782006559,
    35.000071120142));
#7036 = ORIENTED_EDGE('',*,*,#7037,.T.);
#7037 = EDGE_CURVE('',#7031,#7038,#7040,.T.);
#7038 = VERTEX_POINT('',#7039);
#7039 = CARTESIAN_POINT('',(3.410021051712,94.971314898134,
    35.000071120142));
#7040 = B_SPLINE_CURVE_WITH_KNOTS('',1,(#7041,#7042),.UNSPECIFIED.,.F.,
  .F.,(2,2),(0.,2.016206676143),.PIECEWISE_BEZIER_KNOTS.);
#7041 = CARTESIAN_POINT('',(3.401319643212,95.021782006559,
    35.000071120142));
#7042 = CARTESIAN_POINT('',(3.410021051712,94.971314898134,
    35.000071120142));
#7043 = ORIENTED_EDGE('',*,*,#7044,.T.);
#7044 = EDGE_CURVE('',#7038,#7045,#7047,.T.);
#7045 = VERTEX_POINT('',#7046);
#7046 = CARTESIAN_POINT('',(3.415258177945,94.920371635071,
    35.000071120142));
#7047 = B_SPLINE_CURVE_WITH_KNOTS('',1,(#7048,#7049),.UNSPECIFIED.,.F.,
  .F.,(2,2),(0.,2.016206676144),.PIECEWISE_BEZIER_KNOTS.);
#7048 = CARTESIAN_POINT('',(3.410021051712,94.971314898134,
    35.000071120142));
#7049 = CARTESIAN_POINT('',(3.415258177945,94.920371635071,
    35.000071120142));
#7050 = ORIENTED_EDGE('',*,*,#7051,.T.);
#7051 = EDGE_CURVE('',#7045,#7052,#7054,.T.);
#7052 = VERTEX_POINT('',#7053);
#7053 = CARTESIAN_POINT('',(3.417006604013,94.869189738379,
    35.000071120142));
#7054 = B_SPLINE_CURVE_WITH_KNOTS('',1,(#7055,#7056),.UNSPECIFIED.,.F.,
  .F.,(2,2),(0.,2.016206676143),.PIECEWISE_BEZIER_KNOTS.);
#7055 = CARTESIAN_POINT('',(3.415258177945,94.920371635071,
    35.000071120142));
#7056 = CARTESIAN_POINT('',(3.417006604013,94.869189738379,
    35.000071120142));
#7057 = ORIENTED_EDGE('',*,*,#7058,.T.);
#7058 = EDGE_CURVE('',#7052,#7059,#7061,.T.);
#7059 = VERTEX_POINT('',#7060);
#7060 = CARTESIAN_POINT('',(3.417006604013,-30.22606045212,
    35.000071120142));
#7061 = B_SPLINE_CURVE_WITH_KNOTS('',1,(#7062,#7063),.UNSPECIFIED.,.F.,
  .F.,(2,2),(0.,4.925E+03),.PIECEWISE_BEZIER_KNOTS.);
#7062 = CARTESIAN_POINT('',(3.417006604013,94.869189738379,
    35.000071120142));
#7063 = CARTESIAN_POINT('',(3.417006604013,-30.22606045212,
    35.000071120142));
#7064 = ORIENTED_EDGE('',*,*,#7065,.T.);
#7065 = EDGE_CURVE('',#7059,#7066,#7068,.T.);
#7066 = VERTEX_POINT('',#7067);
#7067 = CARTESIAN_POINT('',(3.415258177945,-30.27724234881,
    35.000071120142));
#7068 = B_SPLINE_CURVE_WITH_KNOTS('',1,(#7069,#7070),.UNSPECIFIED.,.F.,
  .F.,(2,2),(0.,2.016206676143),.PIECEWISE_BEZIER_KNOTS.);
#7069 = CARTESIAN_POINT('',(3.417006604013,-30.22606045212,
    35.000071120142));
#7070 = CARTESIAN_POINT('',(3.415258177945,-30.27724234881,
    35.000071120142));
#7071 = ORIENTED_EDGE('',*,*,#7072,.T.);
#7072 = EDGE_CURVE('',#7066,#7073,#7075,.T.);
#7073 = VERTEX_POINT('',#7074);
#7074 = CARTESIAN_POINT('',(3.410021051712,-30.32818561187,
    35.000071120142));
#7075 = B_SPLINE_CURVE_WITH_KNOTS('',1,(#7076,#7077),.UNSPECIFIED.,.F.,
  .F.,(2,2),(0.,2.016206676143),.PIECEWISE_BEZIER_KNOTS.);
#7076 = CARTESIAN_POINT('',(3.415258177945,-30.27724234881,
    35.000071120142));
#7077 = CARTESIAN_POINT('',(3.410021051712,-30.32818561187,
    35.000071120142));
#7078 = ORIENTED_EDGE('',*,*,#7079,.T.);
#7079 = EDGE_CURVE('',#7073,#7080,#7082,.T.);
#7080 = VERTEX_POINT('',#7081);
#7081 = CARTESIAN_POINT('',(3.401319643212,-30.3786527203,
    35.000071120142));
#7082 = B_SPLINE_CURVE_WITH_KNOTS('',1,(#7083,#7084),.UNSPECIFIED.,.F.,
  .F.,(2,2),(0.,2.016206676143),.PIECEWISE_BEZIER_KNOTS.);
#7083 = CARTESIAN_POINT('',(3.410021051712,-30.32818561187,
    35.000071120142));
#7084 = CARTESIAN_POINT('',(3.401319643212,-30.3786527203,
    35.000071120142));
#7085 = ORIENTED_EDGE('',*,*,#7086,.T.);
#7086 = EDGE_CURVE('',#7080,#7087,#7089,.T.);
#7087 = VERTEX_POINT('',#7088);
#7088 = CARTESIAN_POINT('',(3.389194522429,-30.42840837313,
    35.000071120142));
#7089 = B_SPLINE_CURVE_WITH_KNOTS('',1,(#7090,#7091),.UNSPECIFIED.,.F.,
  .F.,(2,2),(0.,2.016206676143),.PIECEWISE_BEZIER_KNOTS.);
#7090 = CARTESIAN_POINT('',(3.401319643212,-30.3786527203,
    35.000071120142));
#7091 = CARTESIAN_POINT('',(3.389194522429,-30.42840837313,
    35.000071120142));
#7092 = ORIENTED_EDGE('',*,*,#7093,.T.);
#7093 = EDGE_CURVE('',#7087,#7094,#7096,.T.);
#7094 = VERTEX_POINT('',#7095);
#7095 = CARTESIAN_POINT('',(3.373702222274,-30.47722058654,
    35.000071120142));
#7096 = B_SPLINE_CURVE_WITH_KNOTS('',1,(#7097,#7098),.UNSPECIFIED.,.F.,
  .F.,(2,2),(0.,2.016206676143),.PIECEWISE_BEZIER_KNOTS.);
#7097 = CARTESIAN_POINT('',(3.389194522429,-30.42840837313,
    35.000071120142));
#7098 = CARTESIAN_POINT('',(3.373702222274,-30.47722058654,
    35.000071120142));
#7099 = ORIENTED_EDGE('',*,*,#7100,.T.);
#7100 = EDGE_CURVE('',#7094,#7101,#7103,.T.);
#7101 = VERTEX_POINT('',#7102);
#7102 = CARTESIAN_POINT('',(3.354914975,-30.52486177547,35.000071120142)
  );
#7103 = B_SPLINE_CURVE_WITH_KNOTS('',1,(#7104,#7105),.UNSPECIFIED.,.F.,
  .F.,(2,2),(0.,2.016206676143),.PIECEWISE_BEZIER_KNOTS.);
#7104 = CARTESIAN_POINT('',(3.373702222274,-30.47722058654,
    35.000071120142));
#7105 = CARTESIAN_POINT('',(3.354914975,-30.52486177547,35.000071120142)
  );
#7106 = ORIENTED_EDGE('',*,*,#7107,.T.);
#7107 = EDGE_CURVE('',#7101,#7108,#7110,.T.);
#7108 = VERTEX_POINT('',#7109);
#7109 = CARTESIAN_POINT('',(3.332920375429,-30.5711098147,
    35.000071120142));
#7110 = B_SPLINE_CURVE_WITH_KNOTS('',1,(#7111,#7112),.UNSPECIFIED.,.F.,
  .F.,(2,2),(0.,2.016206676143),.PIECEWISE_BEZIER_KNOTS.);
#7111 = CARTESIAN_POINT('',(3.354914975,-30.52486177547,35.000071120142)
  );
#7112 = CARTESIAN_POINT('',(3.332920375429,-30.5711098147,
    35.000071120142));
#7113 = ORIENTED_EDGE('',*,*,#7114,.T.);
#7114 = EDGE_CURVE('',#7108,#7115,#7117,.T.);
#7115 = VERTEX_POINT('',#7116);
#7116 = CARTESIAN_POINT('',(3.307820972535,-30.61574907452,
    35.000071120142));
#7117 = B_SPLINE_CURVE_WITH_KNOTS('',1,(#7118,#7119),.UNSPECIFIED.,.F.,
  .F.,(2,2),(0.,2.016206676143),.PIECEWISE_BEZIER_KNOTS.);
#7118 = CARTESIAN_POINT('',(3.332920375429,-30.5711098147,
    35.000071120142));
#7119 = CARTESIAN_POINT('',(3.307820972535,-30.61574907452,
    35.000071120142));
#7120 = ORIENTED_EDGE('',*,*,#7121,.T.);
#7121 = EDGE_CURVE('',#7115,#7122,#7124,.T.);
#7122 = VERTEX_POINT('',#7123);
#7123 = CARTESIAN_POINT('',(3.279733791322,-30.65857142609,
    35.000071120142));
#7124 = B_SPLINE_CURVE_WITH_KNOTS('',1,(#7125,#7126),.UNSPECIFIED.,.F.,
  .F.,(2,2),(0.,2.016206676143),.PIECEWISE_BEZIER_KNOTS.);
#7125 = CARTESIAN_POINT('',(3.307820972535,-30.61574907452,
    35.000071120142));
#7126 = CARTESIAN_POINT('',(3.279733791322,-30.65857142609,
    35.000071120142));
#7127 = ORIENTED_EDGE('',*,*,#7128,.T.);
#7128 = EDGE_CURVE('',#7122,#7129,#7131,.T.);
#7129 = VERTEX_POINT('',#7130);
#7130 = CARTESIAN_POINT('',(3.248789787194,-30.69937721184,
    35.000071120142));
#7131 = B_SPLINE_CURVE_WITH_KNOTS('',1,(#7132,#7133),.UNSPECIFIED.,.F.,
  .F.,(2,2),(0.,2.016206676143),.PIECEWISE_BEZIER_KNOTS.);
#7132 = CARTESIAN_POINT('',(3.279733791322,-30.65857142609,
    35.000071120142));
#7133 = CARTESIAN_POINT('',(3.248789787194,-30.69937721184,
    35.000071120142));
#7134 = ORIENTED_EDGE('',*,*,#7135,.T.);
#7135 = EDGE_CURVE('',#7129,#7136,#7138,.T.);
#7136 = VERTEX_POINT('',#7137);
#7137 = CARTESIAN_POINT('',(3.215133235383,-30.73797617637,
    35.000071120142));
#7138 = B_SPLINE_CURVE_WITH_KNOTS('',1,(#7139,#7140),.UNSPECIFIED.,.F.,
  .F.,(2,2),(0.,2.016206676143),.PIECEWISE_BEZIER_KNOTS.);
#7139 = CARTESIAN_POINT('',(3.248789787194,-30.69937721184,
    35.000071120142));
#7140 = CARTESIAN_POINT('',(3.215133235383,-30.73797617637,
    35.000071120142));
#7141 = ORIENTED_EDGE('',*,*,#7142,.T.);
#7142 = EDGE_CURVE('',#7136,#7143,#7145,.T.);
#7143 = VERTEX_POINT('',#7144);
#7144 = CARTESIAN_POINT('',(3.178921058269,-30.77418835349,
    35.000071120142));
#7145 = B_SPLINE_CURVE_WITH_KNOTS('',1,(#7146,#7147),.UNSPECIFIED.,.F.,
  .F.,(2,2),(0.,2.016206676143),.PIECEWISE_BEZIER_KNOTS.);
#7146 = CARTESIAN_POINT('',(3.215133235383,-30.73797617637,
    35.000071120142));
#7147 = CARTESIAN_POINT('',(3.178921058269,-30.77418835349,
    35.000071120142));
#7148 = ORIENTED_EDGE('',*,*,#7149,.T.);
#7149 = EDGE_CURVE('',#7143,#7150,#7152,.T.);
#7150 = VERTEX_POINT('',#7151);
#7151 = CARTESIAN_POINT('',(3.140322093739,-30.8078449053,
    35.000071120142));
#7152 = B_SPLINE_CURVE_WITH_KNOTS('',1,(#7153,#7154),.UNSPECIFIED.,.F.,
  .F.,(2,2),(0.,2.016206676143),.PIECEWISE_BEZIER_KNOTS.);
#7153 = CARTESIAN_POINT('',(3.178921058269,-30.77418835349,
    35.000071120142));
#7154 = CARTESIAN_POINT('',(3.140322093739,-30.8078449053,
    35.000071120142));
#7155 = ORIENTED_EDGE('',*,*,#7156,.T.);
#7156 = EDGE_CURVE('',#7150,#7157,#7159,.T.);
#7157 = VERTEX_POINT('',#7158);
#7158 = CARTESIAN_POINT('',(3.099516307982,-30.83878890943,
    35.000071120142));
#7159 = B_SPLINE_CURVE_WITH_KNOTS('',1,(#7160,#7161),.UNSPECIFIED.,.F.,
  .F.,(2,2),(0.,2.016206676143),.PIECEWISE_BEZIER_KNOTS.);
#7160 = CARTESIAN_POINT('',(3.140322093739,-30.8078449053,
    35.000071120142));
#7161 = CARTESIAN_POINT('',(3.099516307982,-30.83878890943,
    35.000071120142));
#7162 = ORIENTED_EDGE('',*,*,#7163,.T.);
#7163 = EDGE_CURVE('',#7157,#7164,#7166,.T.);
#7164 = VERTEX_POINT('',#7165);
#7165 = CARTESIAN_POINT('',(3.05669395641,-30.86687609064,
    35.000071120142));
#7166 = B_SPLINE_CURVE_WITH_KNOTS('',1,(#7167,#7168),.UNSPECIFIED.,.F.,
  .F.,(2,2),(0.,2.016206676143),.PIECEWISE_BEZIER_KNOTS.);
#7167 = CARTESIAN_POINT('',(3.099516307982,-30.83878890943,
    35.000071120142));
#7168 = CARTESIAN_POINT('',(3.05669395641,-30.86687609064,
    35.000071120142));
#7169 = ORIENTED_EDGE('',*,*,#7170,.T.);
#7170 = EDGE_CURVE('',#7164,#7171,#7173,.T.);
#7171 = VERTEX_POINT('',#7172);
#7172 = CARTESIAN_POINT('',(3.012054696593,-30.89197549353,
    35.000071120142));
#7173 = B_SPLINE_CURVE_WITH_KNOTS('',1,(#7174,#7175),.UNSPECIFIED.,.F.,
  .F.,(2,2),(0.,2.016206676143),.PIECEWISE_BEZIER_KNOTS.);
#7174 = CARTESIAN_POINT('',(3.05669395641,-30.86687609064,
    35.000071120142));
#7175 = CARTESIAN_POINT('',(3.012054696593,-30.89197549353,
    35.000071120142));
#7176 = ORIENTED_EDGE('',*,*,#7177,.T.);
#7177 = EDGE_CURVE('',#7171,#7178,#7180,.T.);
#7178 = VERTEX_POINT('',#7179);
#7179 = CARTESIAN_POINT('',(2.965806657366,-30.91397009311,
    35.000071120142));
#7180 = B_SPLINE_CURVE_WITH_KNOTS('',1,(#7181,#7182),.UNSPECIFIED.,.F.,
  .F.,(2,2),(0.,2.016206676143),.PIECEWISE_BEZIER_KNOTS.);
#7181 = CARTESIAN_POINT('',(3.012054696593,-30.89197549353,
    35.000071120142));
#7182 = CARTESIAN_POINT('',(2.965806657366,-30.91397009311,
    35.000071120142));
#7183 = ORIENTED_EDGE('',*,*,#7184,.T.);
#7184 = EDGE_CURVE('',#7178,#7185,#7187,.T.);
#7185 = VERTEX_POINT('',#7186);
#7186 = CARTESIAN_POINT('',(2.918165468437,-30.93275734038,
    35.000071120142));
#7187 = B_SPLINE_CURVE_WITH_KNOTS('',1,(#7188,#7189),.UNSPECIFIED.,.F.,
  .F.,(2,2),(0.,2.016206676143),.PIECEWISE_BEZIER_KNOTS.);
#7188 = CARTESIAN_POINT('',(2.965806657366,-30.91397009311,
    35.000071120142));
#7189 = CARTESIAN_POINT('',(2.918165468437,-30.93275734038,
    35.000071120142));
#7190 = ORIENTED_EDGE('',*,*,#7191,.T.);
#7191 = EDGE_CURVE('',#7185,#7192,#7194,.T.);
#7192 = VERTEX_POINT('',#7193);
#7193 = CARTESIAN_POINT('',(2.869353255021,-30.94824964053,
    35.000071120142));
#7194 = B_SPLINE_CURVE_WITH_KNOTS('',1,(#7195,#7196),.UNSPECIFIED.,.F.,
  .F.,(2,2),(0.,2.016206676143),.PIECEWISE_BEZIER_KNOTS.);
#7195 = CARTESIAN_POINT('',(2.918165468437,-30.93275734038,
    35.000071120142));
#7196 = CARTESIAN_POINT('',(2.869353255021,-30.94824964053,
    35.000071120142));
#7197 = ORIENTED_EDGE('',*,*,#7198,.T.);
#7198 = EDGE_CURVE('',#7192,#7199,#7201,.T.);
#7199 = VERTEX_POINT('',#7200);
#7200 = CARTESIAN_POINT('',(2.81959760219,-30.96037476132,
    35.000071120142));
#7201 = B_SPLINE_CURVE_WITH_KNOTS('',1,(#7202,#7203),.UNSPECIFIED.,.F.,
  .F.,(2,2),(0.,2.016206676143),.PIECEWISE_BEZIER_KNOTS.);
#7202 = CARTESIAN_POINT('',(2.869353255021,-30.94824964053,
    35.000071120142));
#7203 = CARTESIAN_POINT('',(2.81959760219,-30.96037476132,
    35.000071120142));
#7204 = ORIENTED_EDGE('',*,*,#7205,.T.);
#7205 = EDGE_CURVE('',#7199,#7206,#7208,.T.);
#7206 = VERTEX_POINT('',#7207);
#7207 = CARTESIAN_POINT('',(2.769130493765,-30.96907616982,
    35.000071120142));
#7208 = B_SPLINE_CURVE_WITH_KNOTS('',1,(#7209,#7210),.UNSPECIFIED.,.F.,
  .F.,(2,2),(0.,2.016206676143),.PIECEWISE_BEZIER_KNOTS.);
#7209 = CARTESIAN_POINT('',(2.81959760219,-30.96037476132,
    35.000071120142));
#7210 = CARTESIAN_POINT('',(2.769130493765,-30.96907616982,
    35.000071120142));
#7211 = ORIENTED_EDGE('',*,*,#7212,.T.);
#7212 = EDGE_CURVE('',#7206,#7213,#7215,.T.);
#7213 = VERTEX_POINT('',#7214);
#7214 = CARTESIAN_POINT('',(2.718187230702,-30.97431329605,
    35.000071120142));
#7215 = B_SPLINE_CURVE_WITH_KNOTS('',1,(#7216,#7217),.UNSPECIFIED.,.F.,
  .F.,(2,2),(0.,2.016206676143),.PIECEWISE_BEZIER_KNOTS.);
#7216 = CARTESIAN_POINT('',(2.769130493765,-30.96907616982,
    35.000071120142));
#7217 = CARTESIAN_POINT('',(2.718187230702,-30.97431329605,
    35.000071120142));
#7218 = ORIENTED_EDGE('',*,*,#7219,.T.);
#7219 = EDGE_CURVE('',#7213,#7220,#7222,.T.);
#7220 = VERTEX_POINT('',#7221);
#7221 = CARTESIAN_POINT('',(2.667005334011,-30.97606172212,
    35.000071120142));
#7222 = B_SPLINE_CURVE_WITH_KNOTS('',1,(#7223,#7224),.UNSPECIFIED.,.F.,
  .F.,(2,2),(0.,2.016206676143),.PIECEWISE_BEZIER_KNOTS.);
#7223 = CARTESIAN_POINT('',(2.718187230702,-30.97431329605,
    35.000071120142));
#7224 = CARTESIAN_POINT('',(2.667005334011,-30.97606172212,
    35.000071120142));
#7225 = ORIENTED_EDGE('',*,*,#7226,.T.);
#7226 = EDGE_CURVE('',#7220,#7227,#7229,.T.);
#7227 = VERTEX_POINT('',#7228);
#7228 = CARTESIAN_POINT('',(-96.01219202438,-30.97606172212,
    35.000071120142));
#7229 = B_SPLINE_CURVE_WITH_KNOTS('',1,(#7230,#7231),.UNSPECIFIED.,.F.,
  .F.,(2,2),(0.,3.885E+03),.PIECEWISE_BEZIER_KNOTS.);
#7230 = CARTESIAN_POINT('',(2.667005334011,-30.97606172212,
    35.000071120142));
#7231 = CARTESIAN_POINT('',(-96.01219202438,-30.97606172212,
    35.000071120142));
#7232 = ORIENTED_EDGE('',*,*,#7233,.T.);
#7233 = EDGE_CURVE('',#7227,#7234,#7236,.T.);
#7234 = VERTEX_POINT('',#7235);
#7235 = CARTESIAN_POINT('',(-96.06337392107,-30.97431329605,
    35.000071120142));
#7236 = B_SPLINE_CURVE_WITH_KNOTS('',1,(#7237,#7238),.UNSPECIFIED.,.F.,
  .F.,(2,2),(0.,2.016206676143),.PIECEWISE_BEZIER_KNOTS.);
#7237 = CARTESIAN_POINT('',(-96.01219202438,-30.97606172212,
    35.000071120142));
#7238 = CARTESIAN_POINT('',(-96.06337392107,-30.97431329605,
    35.000071120142));
#7239 = ORIENTED_EDGE('',*,*,#7240,.T.);
#7240 = EDGE_CURVE('',#7234,#7241,#7243,.T.);
#7241 = VERTEX_POINT('',#7242);
#7242 = CARTESIAN_POINT('',(-96.11431718413,-30.96907616982,
    35.000071120142));
#7243 = B_SPLINE_CURVE_WITH_KNOTS('',1,(#7244,#7245),.UNSPECIFIED.,.F.,
  .F.,(2,2),(0.,2.016206676144),.PIECEWISE_BEZIER_KNOTS.);
#7244 = CARTESIAN_POINT('',(-96.06337392107,-30.97431329605,
    35.000071120142));
#7245 = CARTESIAN_POINT('',(-96.11431718413,-30.96907616982,
    35.000071120142));
#7246 = ORIENTED_EDGE('',*,*,#7247,.T.);
#7247 = EDGE_CURVE('',#7241,#7248,#7250,.T.);
#7248 = VERTEX_POINT('',#7249);
#7249 = CARTESIAN_POINT('',(-96.16478429256,-30.96037476132,
    35.000071120142));
#7250 = B_SPLINE_CURVE_WITH_KNOTS('',1,(#7251,#7252),.UNSPECIFIED.,.F.,
  .F.,(2,2),(0.,2.016206676143),.PIECEWISE_BEZIER_KNOTS.);
#7251 = CARTESIAN_POINT('',(-96.11431718413,-30.96907616982,
    35.000071120142));
#7252 = CARTESIAN_POINT('',(-96.16478429256,-30.96037476132,
    35.000071120142));
#7253 = ORIENTED_EDGE('',*,*,#7254,.T.);
#7254 = EDGE_CURVE('',#7248,#7255,#7257,.T.);
#7255 = VERTEX_POINT('',#7256);
#7256 = CARTESIAN_POINT('',(-96.21453994539,-30.94824964053,
    35.000071120142));
#7257 = B_SPLINE_CURVE_WITH_KNOTS('',1,(#7258,#7259),.UNSPECIFIED.,.F.,
  .F.,(2,2),(0.,2.016206676144),.PIECEWISE_BEZIER_KNOTS.);
#7258 = CARTESIAN_POINT('',(-96.16478429256,-30.96037476132,
    35.000071120142));
#7259 = CARTESIAN_POINT('',(-96.21453994539,-30.94824964053,
    35.000071120142));
#7260 = ORIENTED_EDGE('',*,*,#7261,.T.);
#7261 = EDGE_CURVE('',#7255,#7262,#7264,.T.);
#7262 = VERTEX_POINT('',#7263);
#7263 = CARTESIAN_POINT('',(-96.26335215881,-30.93275734038,
    35.000071120142));
#7264 = B_SPLINE_CURVE_WITH_KNOTS('',1,(#7265,#7266),.UNSPECIFIED.,.F.,
  .F.,(2,2),(0.,2.016206676143),.PIECEWISE_BEZIER_KNOTS.);
#7265 = CARTESIAN_POINT('',(-96.21453994539,-30.94824964053,
    35.000071120142));
#7266 = CARTESIAN_POINT('',(-96.26335215881,-30.93275734038,
    35.000071120142));
#7267 = ORIENTED_EDGE('',*,*,#7268,.T.);
#7268 = EDGE_CURVE('',#7262,#7269,#7271,.T.);
#7269 = VERTEX_POINT('',#7270);
#7270 = CARTESIAN_POINT('',(-96.31099334773,-30.91397009311,
    35.000071120142));
#7271 = B_SPLINE_CURVE_WITH_KNOTS('',1,(#7272,#7273),.UNSPECIFIED.,.F.,
  .F.,(2,2),(0.,2.016206676143),.PIECEWISE_BEZIER_KNOTS.);
#7272 = CARTESIAN_POINT('',(-96.26335215881,-30.93275734038,
    35.000071120142));
#7273 = CARTESIAN_POINT('',(-96.31099334773,-30.91397009311,
    35.000071120142));
#7274 = ORIENTED_EDGE('',*,*,#7275,.T.);
#7275 = EDGE_CURVE('',#7269,#7276,#7278,.T.);
#7276 = VERTEX_POINT('',#7277);
#7277 = CARTESIAN_POINT('',(-96.35724138696,-30.89197549353,
    35.000071120142));
#7278 = B_SPLINE_CURVE_WITH_KNOTS('',1,(#7279,#7280),.UNSPECIFIED.,.F.,
  .F.,(2,2),(0.,2.016206676143),.PIECEWISE_BEZIER_KNOTS.);
#7279 = CARTESIAN_POINT('',(-96.31099334773,-30.91397009311,
    35.000071120142));
#7280 = CARTESIAN_POINT('',(-96.35724138696,-30.89197549353,
    35.000071120142));
#7281 = ORIENTED_EDGE('',*,*,#7282,.T.);
#7282 = EDGE_CURVE('',#7276,#7283,#7285,.T.);
#7283 = VERTEX_POINT('',#7284);
#7284 = CARTESIAN_POINT('',(-96.40188064678,-30.86687609064,
    35.000071120142));
#7285 = B_SPLINE_CURVE_WITH_KNOTS('',1,(#7286,#7287),.UNSPECIFIED.,.F.,
  .F.,(2,2),(0.,2.016206676143),.PIECEWISE_BEZIER_KNOTS.);
#7286 = CARTESIAN_POINT('',(-96.35724138696,-30.89197549353,
    35.000071120142));
#7287 = CARTESIAN_POINT('',(-96.40188064678,-30.86687609064,
    35.000071120142));
#7288 = ORIENTED_EDGE('',*,*,#7289,.T.);
#7289 = EDGE_CURVE('',#7283,#7290,#7292,.T.);
#7290 = VERTEX_POINT('',#7291);
#7291 = CARTESIAN_POINT('',(-96.44470299835,-30.83878890943,
    35.000071120142));
#7292 = B_SPLINE_CURVE_WITH_KNOTS('',1,(#7293,#7294),.UNSPECIFIED.,.F.,
  .F.,(2,2),(0.,2.016206676143),.PIECEWISE_BEZIER_KNOTS.);
#7293 = CARTESIAN_POINT('',(-96.40188064678,-30.86687609064,
    35.000071120142));
#7294 = CARTESIAN_POINT('',(-96.44470299835,-30.83878890943,
    35.000071120142));
#7295 = ORIENTED_EDGE('',*,*,#7296,.T.);
#7296 = EDGE_CURVE('',#7290,#7297,#7299,.T.);
#7297 = VERTEX_POINT('',#7298);
#7298 = CARTESIAN_POINT('',(-96.48550878411,-30.8078449053,
    35.000071120142));
#7299 = B_SPLINE_CURVE_WITH_KNOTS('',1,(#7300,#7301),.UNSPECIFIED.,.F.,
  .F.,(2,2),(0.,2.016206676144),.PIECEWISE_BEZIER_KNOTS.);
#7300 = CARTESIAN_POINT('',(-96.44470299835,-30.83878890943,
    35.000071120142));
#7301 = CARTESIAN_POINT('',(-96.48550878411,-30.8078449053,
    35.000071120142));
#7302 = ORIENTED_EDGE('',*,*,#7303,.T.);
#7303 = EDGE_CURVE('',#7297,#7304,#7306,.T.);
#7304 = VERTEX_POINT('',#7305);
#7305 = CARTESIAN_POINT('',(-96.52410774864,-30.77418835349,
    35.000071120142));
#7306 = B_SPLINE_CURVE_WITH_KNOTS('',1,(#7307,#7308),.UNSPECIFIED.,.F.,
  .F.,(2,2),(0.,2.016206676143),.PIECEWISE_BEZIER_KNOTS.);
#7307 = CARTESIAN_POINT('',(-96.48550878411,-30.8078449053,
    35.000071120142));
#7308 = CARTESIAN_POINT('',(-96.52410774864,-30.77418835349,
    35.000071120142));
#7309 = ORIENTED_EDGE('',*,*,#7310,.T.);
#7310 = EDGE_CURVE('',#7304,#7311,#7313,.T.);
#7311 = VERTEX_POINT('',#7312);
#7312 = CARTESIAN_POINT('',(-96.56031992575,-30.73797617637,
    35.000071120142));
#7313 = B_SPLINE_CURVE_WITH_KNOTS('',1,(#7314,#7315),.UNSPECIFIED.,.F.,
  .F.,(2,2),(0.,2.016206676143),.PIECEWISE_BEZIER_KNOTS.);
#7314 = CARTESIAN_POINT('',(-96.52410774864,-30.77418835349,
    35.000071120142));
#7315 = CARTESIAN_POINT('',(-96.56031992575,-30.73797617637,
    35.000071120142));
#7316 = ORIENTED_EDGE('',*,*,#7317,.T.);
#7317 = EDGE_CURVE('',#7311,#7318,#7320,.T.);
#7318 = VERTEX_POINT('',#7319);
#7319 = CARTESIAN_POINT('',(-96.59397647756,-30.69937721184,
    35.000071120142));
#7320 = B_SPLINE_CURVE_WITH_KNOTS('',1,(#7321,#7322),.UNSPECIFIED.,.F.,
  .F.,(2,2),(0.,2.016206676143),.PIECEWISE_BEZIER_KNOTS.);
#7321 = CARTESIAN_POINT('',(-96.56031992575,-30.73797617637,
    35.000071120142));
#7322 = CARTESIAN_POINT('',(-96.59397647756,-30.69937721184,
    35.000071120142));
#7323 = ORIENTED_EDGE('',*,*,#7324,.T.);
#7324 = EDGE_CURVE('',#7318,#7325,#7327,.T.);
#7325 = VERTEX_POINT('',#7326);
#7326 = CARTESIAN_POINT('',(-96.62492048169,-30.65857142609,
    35.000071120142));
#7327 = B_SPLINE_CURVE_WITH_KNOTS('',1,(#7328,#7329),.UNSPECIFIED.,.F.,
  .F.,(2,2),(0.,2.016206676143),.PIECEWISE_BEZIER_KNOTS.);
#7328 = CARTESIAN_POINT('',(-96.59397647756,-30.69937721184,
    35.000071120142));
#7329 = CARTESIAN_POINT('',(-96.62492048169,-30.65857142609,
    35.000071120142));
#7330 = ORIENTED_EDGE('',*,*,#7331,.T.);
#7331 = EDGE_CURVE('',#7325,#7332,#7334,.T.);
#7332 = VERTEX_POINT('',#7333);
#7333 = CARTESIAN_POINT('',(-96.6530076629,-30.61574907452,
    35.000071120142));
#7334 = B_SPLINE_CURVE_WITH_KNOTS('',1,(#7335,#7336),.UNSPECIFIED.,.F.,
  .F.,(2,2),(0.,2.016206676143),.PIECEWISE_BEZIER_KNOTS.);
#7335 = CARTESIAN_POINT('',(-96.62492048169,-30.65857142609,
    35.000071120142));
#7336 = CARTESIAN_POINT('',(-96.6530076629,-30.61574907452,
    35.000071120142));
#7337 = ORIENTED_EDGE('',*,*,#7338,.T.);
#7338 = EDGE_CURVE('',#7332,#7339,#7341,.T.);
#7339 = VERTEX_POINT('',#7340);
#7340 = CARTESIAN_POINT('',(-96.6781070658,-30.5711098147,
    35.000071120142));
#7341 = B_SPLINE_CURVE_WITH_KNOTS('',1,(#7342,#7343),.UNSPECIFIED.,.F.,
  .F.,(2,2),(0.,2.016206676143),.PIECEWISE_BEZIER_KNOTS.);
#7342 = CARTESIAN_POINT('',(-96.6530076629,-30.61574907452,
    35.000071120142));
#7343 = CARTESIAN_POINT('',(-96.6781070658,-30.5711098147,
    35.000071120142));
#7344 = ORIENTED_EDGE('',*,*,#7345,.T.);
#7345 = EDGE_CURVE('',#7339,#7346,#7348,.T.);
#7346 = VERTEX_POINT('',#7347);
#7347 = CARTESIAN_POINT('',(-96.70010166537,-30.52486177547,
    35.000071120142));
#7348 = B_SPLINE_CURVE_WITH_KNOTS('',1,(#7349,#7350),.UNSPECIFIED.,.F.,
  .F.,(2,2),(0.,2.016206676143),.PIECEWISE_BEZIER_KNOTS.);
#7349 = CARTESIAN_POINT('',(-96.6781070658,-30.5711098147,
    35.000071120142));
#7350 = CARTESIAN_POINT('',(-96.70010166537,-30.52486177547,
    35.000071120142));
#7351 = ORIENTED_EDGE('',*,*,#7352,.T.);
#7352 = EDGE_CURVE('',#7346,#7353,#7355,.T.);
#7353 = VERTEX_POINT('',#7354);
#7354 = CARTESIAN_POINT('',(-96.71888891264,-30.47722058654,
    35.000071120142));
#7355 = B_SPLINE_CURVE_WITH_KNOTS('',1,(#7356,#7357),.UNSPECIFIED.,.F.,
  .F.,(2,2),(0.,2.016206676143),.PIECEWISE_BEZIER_KNOTS.);
#7356 = CARTESIAN_POINT('',(-96.70010166537,-30.52486177547,
    35.000071120142));
#7357 = CARTESIAN_POINT('',(-96.71888891264,-30.47722058654,
    35.000071120142));
#7358 = ORIENTED_EDGE('',*,*,#7359,.T.);
#7359 = EDGE_CURVE('',#7353,#7360,#7362,.T.);
#7360 = VERTEX_POINT('',#7361);
#7361 = CARTESIAN_POINT('',(-96.7343812128,-30.42840837313,
    35.000071120142));
#7362 = B_SPLINE_CURVE_WITH_KNOTS('',1,(#7363,#7364),.UNSPECIFIED.,.F.,
  .F.,(2,2),(0.,2.016206676143),.PIECEWISE_BEZIER_KNOTS.);
#7363 = CARTESIAN_POINT('',(-96.71888891264,-30.47722058654,
    35.000071120142));
#7364 = CARTESIAN_POINT('',(-96.7343812128,-30.42840837313,
    35.000071120142));
#7365 = ORIENTED_EDGE('',*,*,#7366,.T.);
#7366 = EDGE_CURVE('',#7360,#7367,#7369,.T.);
#7367 = VERTEX_POINT('',#7368);
#7368 = CARTESIAN_POINT('',(-96.74650633358,-30.3786527203,
    35.000071120142));
#7369 = B_SPLINE_CURVE_WITH_KNOTS('',1,(#7370,#7371),.UNSPECIFIED.,.F.,
  .F.,(2,2),(0.,2.016206676143),.PIECEWISE_BEZIER_KNOTS.);
#7370 = CARTESIAN_POINT('',(-96.7343812128,-30.42840837313,
    35.000071120142));
#7371 = CARTESIAN_POINT('',(-96.74650633358,-30.3786527203,
    35.000071120142));
#7372 = ORIENTED_EDGE('',*,*,#7373,.T.);
#7373 = EDGE_CURVE('',#7367,#7374,#7376,.T.);
#7374 = VERTEX_POINT('',#7375);
#7375 = CARTESIAN_POINT('',(-96.75520774208,-30.32818561187,
    35.000071120142));
#7376 = B_SPLINE_CURVE_WITH_KNOTS('',1,(#7377,#7378),.UNSPECIFIED.,.F.,
  .F.,(2,2),(0.,2.016206676143),.PIECEWISE_BEZIER_KNOTS.);
#7377 = CARTESIAN_POINT('',(-96.74650633358,-30.3786527203,
    35.000071120142));
#7378 = CARTESIAN_POINT('',(-96.75520774208,-30.32818561187,
    35.000071120142));
#7379 = ORIENTED_EDGE('',*,*,#7380,.T.);
#7380 = EDGE_CURVE('',#7374,#7381,#7383,.T.);
#7381 = VERTEX_POINT('',#7382);
#7382 = CARTESIAN_POINT('',(-96.76044486831,-30.27724234881,
    35.000071120142));
#7383 = B_SPLINE_CURVE_WITH_KNOTS('',1,(#7384,#7385),.UNSPECIFIED.,.F.,
  .F.,(2,2),(0.,2.016206676143),.PIECEWISE_BEZIER_KNOTS.);
#7384 = CARTESIAN_POINT('',(-96.75520774208,-30.32818561187,
    35.000071120142));
#7385 = CARTESIAN_POINT('',(-96.76044486831,-30.27724234881,
    35.000071120142));
#7386 = ORIENTED_EDGE('',*,*,#7387,.T.);
#7387 = EDGE_CURVE('',#7381,#6721,#7388,.T.);
#7388 = B_SPLINE_CURVE_WITH_KNOTS('',1,(#7389,#7390),.UNSPECIFIED.,.F.,
  .F.,(2,2),(0.,2.016206676143),.PIECEWISE_BEZIER_KNOTS.);
#7389 = CARTESIAN_POINT('',(-96.76044486831,-30.27724234881,
    35.000071120142));
#7390 = CARTESIAN_POINT('',(-96.76219329438,-30.22606045212,
    35.000071120142));
#7391 = PLANE('',#7392);
#7392 = AXIS2_PLACEMENT_3D('',#7393,#7394,#7395);
#7393 = CARTESIAN_POINT('',(-46.67259334518,32.32,35.000071120142));
#7394 = DIRECTION('',(0.,0.,1.));
#7395 = DIRECTION('',(1.,0.,-0.));
#7396 = ADVANCED_FACE('',(#7397,#8237),#8355,.F.);
#7397 = FACE_BOUND('',#7398,.F.);
#7398 = EDGE_LOOP('',(#7399,#7400,#7401,#7408,#7416,#7423,#7430,#7437,
    #7445,#7452,#7459,#7466,#7474,#7481,#7488,#7495,#7503,#7508,#7509,
    #7516,#7524,#7531,#7538,#7545,#7553,#7560,#7567,#7574,#7582,#7589,
    #7596,#7603,#7611,#7618,#7625,#7632,#7640,#7647,#7654,#7661,#7669,
    #7676,#7683,#7690,#7698,#7705,#7712,#7719,#7726,#7733,#7740,#7747,
    #7754,#7761,#7768,#7775,#7782,#7789,#7796,#7803,#7811,#7816,#7817,
    #7824,#7831,#7839,#7846,#7853,#7860,#7868,#7875,#7883,#7890,#7897,
    #7904,#7912,#7919,#7926,#7933,#7941,#7948,#7955,#7962,#7970,#7977,
    #7985,#7992,#7999,#8006,#8014,#8021,#8028,#8035,#8043,#8050,#8057,
    #8064,#8072,#8079,#8087,#8094,#8101,#8108,#8116,#8123,#8130,#8137,
    #8145,#8152,#8159,#8166,#8174,#8181,#8189,#8196,#8203,#8210,#8218,
    #8225,#8232));
#7399 = ORIENTED_EDGE('',*,*,#6536,.T.);
#7400 = ORIENTED_EDGE('',*,*,#6624,.T.);
#7401 = ORIENTED_EDGE('',*,*,#7402,.F.);
#7402 = EDGE_CURVE('',#7403,#6625,#7405,.T.);
#7403 = VERTEX_POINT('',#7404);
#7404 = CARTESIAN_POINT('',(-2.097293135839,66.767133553467,
    1.500002540005));
#7405 = B_SPLINE_CURVE_WITH_KNOTS('',1,(#7406,#7407),.UNSPECIFIED.,.F.,
  .F.,(2,2),(844.80159142793,1.002844472186E+03),
  .PIECEWISE_BEZIER_KNOTS.);
#7406 = CARTESIAN_POINT('',(-2.097293135839,66.767133553467,
    1.500002540005));
#7407 = CARTESIAN_POINT('',(1.917004064008,66.767133553467,
    1.500002540005));
#7408 = ORIENTED_EDGE('',*,*,#7409,.T.);
#7409 = EDGE_CURVE('',#7403,#7410,#7412,.T.);
#7410 = VERTEX_POINT('',#7411);
#7411 = CARTESIAN_POINT('',(-4.099008178816,68.768848596445,
    1.500002540005));
#7412 = ( BOUNDED_CURVE() B_SPLINE_CURVE(2,(#7413,#7414,#7415),
.UNSPECIFIED.,.F.,.F.) B_SPLINE_CURVE_WITH_KNOTS((3,3),(0.226654754756,
1.344141572039),.PIECEWISE_BEZIER_KNOTS.) CURVE() 
GEOMETRIC_REPRESENTATION_ITEM() RATIONAL_B_SPLINE_CURVE((1.,
0.847921925907,1.)) REPRESENTATION_ITEM('') );
#7413 = CARTESIAN_POINT('',(-2.097293135839,66.767133553467,
    1.500002540005));
#7414 = CARTESIAN_POINT('',(-2.47241413676,68.393727595524,
    1.500002540005));
#7415 = CARTESIAN_POINT('',(-4.099008178816,68.768848596445,
    1.500002540005));
#7416 = ORIENTED_EDGE('',*,*,#7417,.T.);
#7417 = EDGE_CURVE('',#7410,#7418,#7420,.T.);
#7418 = VERTEX_POINT('',#7419);
#7419 = CARTESIAN_POINT('',(-4.099008178816,73.837147919736,
    1.500002540005));
#7420 = B_SPLINE_CURVE_WITH_KNOTS('',1,(#7421,#7422),.UNSPECIFIED.,.F.,
  .F.,(2,2),(684.80159142793,884.3405357859),.PIECEWISE_BEZIER_KNOTS.);
#7421 = CARTESIAN_POINT('',(-4.099008178816,68.768848596445,
    1.500002540005));
#7422 = CARTESIAN_POINT('',(-4.099008178816,73.837147919736,
    1.500002540005));
#7423 = ORIENTED_EDGE('',*,*,#7424,.F.);
#7424 = EDGE_CURVE('',#7425,#7418,#7427,.T.);
#7425 = VERTEX_POINT('',#7426);
#7426 = CARTESIAN_POINT('',(-5.299010617221,73.837147919736,
    1.500002540005));
#7427 = B_SPLINE_CURVE_WITH_KNOTS('',1,(#7428,#7429),.UNSPECIFIED.,.F.,
  .F.,(2,2),(0.,47.244096),.PIECEWISE_BEZIER_KNOTS.);
#7428 = CARTESIAN_POINT('',(-5.299010617221,73.837147919736,
    1.500002540005));
#7429 = CARTESIAN_POINT('',(-4.099008178816,73.837147919736,
    1.500002540005));
#7430 = ORIENTED_EDGE('',*,*,#7431,.F.);
#7431 = EDGE_CURVE('',#7432,#7425,#7434,.T.);
#7432 = VERTEX_POINT('',#7433);
#7433 = CARTESIAN_POINT('',(-5.299010617221,68.768848596445,
    1.500002540005));
#7434 = B_SPLINE_CURVE_WITH_KNOTS('',1,(#7435,#7436),.UNSPECIFIED.,.F.,
  .F.,(2,2),(684.80159142793,884.3405357859),.PIECEWISE_BEZIER_KNOTS.);
#7435 = CARTESIAN_POINT('',(-5.299010617221,68.768848596445,
    1.500002540005));
#7436 = CARTESIAN_POINT('',(-5.299010617221,73.837147919736,
    1.500002540005));
#7437 = ORIENTED_EDGE('',*,*,#7438,.T.);
#7438 = EDGE_CURVE('',#7432,#7439,#7441,.T.);
#7439 = VERTEX_POINT('',#7440);
#7440 = CARTESIAN_POINT('',(-7.300725660199,66.767133553467,
    1.500002540005));
#7441 = ( BOUNDED_CURVE() B_SPLINE_CURVE(2,(#7442,#7443,#7444),
.UNSPECIFIED.,.F.,.F.) B_SPLINE_CURVE_WITH_KNOTS((3,3),(1.79745108155,
2.914937898834),.PIECEWISE_BEZIER_KNOTS.) CURVE() 
GEOMETRIC_REPRESENTATION_ITEM() RATIONAL_B_SPLINE_CURVE((1.,
0.847921925907,1.)) REPRESENTATION_ITEM('') );
#7442 = CARTESIAN_POINT('',(-5.299010617221,68.768848596445,
    1.500002540005));
#7443 = CARTESIAN_POINT('',(-6.925604659278,68.393727595524,
    1.500002540005));
#7444 = CARTESIAN_POINT('',(-7.300725660199,66.767133553467,
    1.500002540005));
#7445 = ORIENTED_EDGE('',*,*,#7446,.T.);
#7446 = EDGE_CURVE('',#7439,#7447,#7449,.T.);
#7447 = VERTEX_POINT('',#7448);
#7448 = CARTESIAN_POINT('',(-12.36902498349,66.767133553467,
    1.500002540005));
#7449 = B_SPLINE_CURVE_WITH_KNOTS('',1,(#7450,#7451),.UNSPECIFIED.,.F.,
  .F.,(2,2),(-807.698408572,-608.159464214),.PIECEWISE_BEZIER_KNOTS.);
#7450 = CARTESIAN_POINT('',(-7.300725660199,66.767133553467,
    1.500002540005));
#7451 = CARTESIAN_POINT('',(-12.36902498349,66.767133553467,
    1.500002540005));
#7452 = ORIENTED_EDGE('',*,*,#7453,.F.);
#7453 = EDGE_CURVE('',#7454,#7447,#7456,.T.);
#7454 = VERTEX_POINT('',#7455);
#7455 = CARTESIAN_POINT('',(-12.36902498349,65.567131115062,
    1.500002540005));
#7456 = B_SPLINE_CURVE_WITH_KNOTS('',1,(#7457,#7458),.UNSPECIFIED.,.F.,
  .F.,(2,2),(0.,47.244096),.PIECEWISE_BEZIER_KNOTS.);
#7457 = CARTESIAN_POINT('',(-12.36902498349,65.567131115062,
    1.500002540005));
#7458 = CARTESIAN_POINT('',(-12.36902498349,66.767133553467,
    1.500002540005));
#7459 = ORIENTED_EDGE('',*,*,#7460,.F.);
#7460 = EDGE_CURVE('',#7461,#7454,#7463,.T.);
#7461 = VERTEX_POINT('',#7462);
#7462 = CARTESIAN_POINT('',(-7.300725660199,65.567131115062,
    1.500002540005));
#7463 = B_SPLINE_CURVE_WITH_KNOTS('',1,(#7464,#7465),.UNSPECIFIED.,.F.,
  .F.,(2,2),(-807.698408572,-608.159464214),.PIECEWISE_BEZIER_KNOTS.);
#7464 = CARTESIAN_POINT('',(-7.300725660199,65.567131115062,
    1.500002540005));
#7465 = CARTESIAN_POINT('',(-12.36902498349,65.567131115062,
    1.500002540005));
#7466 = ORIENTED_EDGE('',*,*,#7467,.T.);
#7467 = EDGE_CURVE('',#7461,#7468,#7470,.T.);
#7468 = VERTEX_POINT('',#7469);
#7469 = CARTESIAN_POINT('',(-5.299010617221,63.565416072085,
    1.500002540005));
#7470 = ( BOUNDED_CURVE() B_SPLINE_CURVE(2,(#7471,#7472,#7473),
.UNSPECIFIED.,.F.,.F.) B_SPLINE_CURVE_WITH_KNOTS((3,3),(3.368247408345,
4.485734225629),.PIECEWISE_BEZIER_KNOTS.) CURVE() 
GEOMETRIC_REPRESENTATION_ITEM() RATIONAL_B_SPLINE_CURVE((1.,
0.847921925907,1.)) REPRESENTATION_ITEM('') );
#7471 = CARTESIAN_POINT('',(-7.300725660199,65.567131115062,
    1.500002540005));
#7472 = CARTESIAN_POINT('',(-6.925604659278,63.940537073006,
    1.500002540005));
#7473 = CARTESIAN_POINT('',(-5.299010617221,63.565416072085,
    1.500002540005));
#7474 = ORIENTED_EDGE('',*,*,#7475,.T.);
#7475 = EDGE_CURVE('',#7468,#7476,#7478,.T.);
#7476 = VERTEX_POINT('',#7477);
#7477 = CARTESIAN_POINT('',(-5.299010617221,58.497116748793,
    1.500002540005));
#7478 = B_SPLINE_CURVE_WITH_KNOTS('',1,(#7479,#7480),.UNSPECIFIED.,.F.,
  .F.,(2,2),(-647.698408572,-448.159464214),.PIECEWISE_BEZIER_KNOTS.);
#7479 = CARTESIAN_POINT('',(-5.299010617221,63.565416072085,
    1.500002540005));
#7480 = CARTESIAN_POINT('',(-5.299010617221,58.497116748793,
    1.500002540005));
#7481 = ORIENTED_EDGE('',*,*,#7482,.F.);
#7482 = EDGE_CURVE('',#7483,#7476,#7485,.T.);
#7483 = VERTEX_POINT('',#7484);
#7484 = CARTESIAN_POINT('',(-4.099008178816,58.497116748793,
    1.500002540005));
#7485 = B_SPLINE_CURVE_WITH_KNOTS('',1,(#7486,#7487),.UNSPECIFIED.,.F.,
  .F.,(2,2),(0.,47.244096),.PIECEWISE_BEZIER_KNOTS.);
#7486 = CARTESIAN_POINT('',(-4.099008178816,58.497116748793,
    1.500002540005));
#7487 = CARTESIAN_POINT('',(-5.299010617221,58.497116748793,
    1.500002540005));
#7488 = ORIENTED_EDGE('',*,*,#7489,.F.);
#7489 = EDGE_CURVE('',#7490,#7483,#7492,.T.);
#7490 = VERTEX_POINT('',#7491);
#7491 = CARTESIAN_POINT('',(-4.099008178816,63.565416072085,
    1.500002540005));
#7492 = B_SPLINE_CURVE_WITH_KNOTS('',1,(#7493,#7494),.UNSPECIFIED.,.F.,
  .F.,(2,2),(-647.698408572,-448.159464214),.PIECEWISE_BEZIER_KNOTS.);
#7493 = CARTESIAN_POINT('',(-4.099008178816,63.565416072085,
    1.500002540005));
#7494 = CARTESIAN_POINT('',(-4.099008178816,58.497116748793,
    1.500002540005));
#7495 = ORIENTED_EDGE('',*,*,#7496,.T.);
#7496 = EDGE_CURVE('',#7490,#7497,#7499,.T.);
#7497 = VERTEX_POINT('',#7498);
#7498 = CARTESIAN_POINT('',(-2.097293135839,65.567131115062,
    1.500002540005));
#7499 = ( BOUNDED_CURVE() B_SPLINE_CURVE(2,(#7500,#7501,#7502),
.UNSPECIFIED.,.F.,.F.) B_SPLINE_CURVE_WITH_KNOTS((3,3),(4.93904373514,
6.056530552424),.PIECEWISE_BEZIER_KNOTS.) CURVE() 
GEOMETRIC_REPRESENTATION_ITEM() RATIONAL_B_SPLINE_CURVE((1.,
0.847921925907,1.)) REPRESENTATION_ITEM('') );
#7500 = CARTESIAN_POINT('',(-4.099008178816,63.565416072085,
    1.500002540005));
#7501 = CARTESIAN_POINT('',(-2.47241413676,63.940537073006,
    1.500002540005));
#7502 = CARTESIAN_POINT('',(-2.097293135839,65.567131115062,
    1.500002540005));
#7503 = ORIENTED_EDGE('',*,*,#7504,.T.);
#7504 = EDGE_CURVE('',#7497,#6675,#7505,.T.);
#7505 = B_SPLINE_CURVE_WITH_KNOTS('',1,(#7506,#7507),.UNSPECIFIED.,.F.,
  .F.,(2,2),(844.80159142793,1.002844472186E+03),
  .PIECEWISE_BEZIER_KNOTS.);
#7506 = CARTESIAN_POINT('',(-2.097293135839,65.567131115062,
    1.500002540005));
#7507 = CARTESIAN_POINT('',(1.917004064008,65.567131115062,
    1.500002540005));
#7508 = ORIENTED_EDGE('',*,*,#6674,.T.);
#7509 = ORIENTED_EDGE('',*,*,#7510,.F.);
#7510 = EDGE_CURVE('',#7511,#6668,#7513,.T.);
#7511 = VERTEX_POINT('',#7512);
#7512 = CARTESIAN_POINT('',(-2.39829389784,5.553011125222,1.500002540005
    ));
#7513 = B_SPLINE_CURVE_WITH_KNOTS('',1,(#7514,#7515),.UNSPECIFIED.,.F.,
  .F.,(2,2),(838.87639142793,1.008769672186E+03),
  .PIECEWISE_BEZIER_KNOTS.);
#7514 = CARTESIAN_POINT('',(-2.39829389784,5.553011125222,1.500002540005
    ));
#7515 = CARTESIAN_POINT('',(1.917004064008,5.553011125222,1.500002540005
    ));
#7516 = ORIENTED_EDGE('',*,*,#7517,.T.);
#7517 = EDGE_CURVE('',#7511,#7518,#7520,.T.);
#7518 = VERTEX_POINT('',#7519);
#7519 = CARTESIAN_POINT('',(-4.400008940818,7.5547261682,1.500002540005)
  );
#7520 = ( BOUNDED_CURVE() B_SPLINE_CURVE(2,(#7521,#7522,#7523),
.UNSPECIFIED.,.F.,.F.) B_SPLINE_CURVE_WITH_KNOTS((3,3),(0.226654754756,
1.344141572039),.PIECEWISE_BEZIER_KNOTS.) CURVE() 
GEOMETRIC_REPRESENTATION_ITEM() RATIONAL_B_SPLINE_CURVE((1.,
0.847921925907,1.)) REPRESENTATION_ITEM('') );
#7521 = CARTESIAN_POINT('',(-2.39829389784,5.553011125222,1.500002540005
    ));
#7522 = CARTESIAN_POINT('',(-2.773414898761,7.179605167279,
    1.500002540005));
#7523 = CARTESIAN_POINT('',(-4.400008940818,7.5547261682,1.500002540005)
  );
#7524 = ORIENTED_EDGE('',*,*,#7525,.T.);
#7525 = EDGE_CURVE('',#7518,#7526,#7528,.T.);
#7526 = VERTEX_POINT('',#7527);
#7527 = CARTESIAN_POINT('',(-4.400008940818,12.623025491491,
    1.500002540005));
#7528 = B_SPLINE_CURVE_WITH_KNOTS('',1,(#7529,#7530),.UNSPECIFIED.,.F.,
  .F.,(2,2),(-520.198408572,-320.659464214),.PIECEWISE_BEZIER_KNOTS.);
#7529 = CARTESIAN_POINT('',(-4.400008940818,7.5547261682,1.500002540005)
  );
#7530 = CARTESIAN_POINT('',(-4.400008940818,12.623025491491,
    1.500002540005));
#7531 = ORIENTED_EDGE('',*,*,#7532,.F.);
#7532 = EDGE_CURVE('',#7533,#7526,#7535,.T.);
#7533 = VERTEX_POINT('',#7534);
#7534 = CARTESIAN_POINT('',(-5.600011379223,12.623025491491,
    1.500002540005));
#7535 = B_SPLINE_CURVE_WITH_KNOTS('',1,(#7536,#7537),.UNSPECIFIED.,.F.,
  .F.,(2,2),(0.,47.244096),.PIECEWISE_BEZIER_KNOTS.);
#7536 = CARTESIAN_POINT('',(-5.600011379223,12.623025491491,
    1.500002540005));
#7537 = CARTESIAN_POINT('',(-4.400008940818,12.623025491491,
    1.500002540005));
#7538 = ORIENTED_EDGE('',*,*,#7539,.F.);
#7539 = EDGE_CURVE('',#7540,#7533,#7542,.T.);
#7540 = VERTEX_POINT('',#7541);
#7541 = CARTESIAN_POINT('',(-5.600011379223,7.5547261682,1.500002540005)
  );
#7542 = B_SPLINE_CURVE_WITH_KNOTS('',1,(#7543,#7544),.UNSPECIFIED.,.F.,
  .F.,(2,2),(-520.198408572,-320.659464214),.PIECEWISE_BEZIER_KNOTS.);
#7543 = CARTESIAN_POINT('',(-5.600011379223,7.5547261682,1.500002540005)
  );
#7544 = CARTESIAN_POINT('',(-5.600011379223,12.623025491491,
    1.500002540005));
#7545 = ORIENTED_EDGE('',*,*,#7546,.T.);
#7546 = EDGE_CURVE('',#7540,#7547,#7549,.T.);
#7547 = VERTEX_POINT('',#7548);
#7548 = CARTESIAN_POINT('',(-7.6017264222,5.553011125222,1.500002540005)
  );
#7549 = ( BOUNDED_CURVE() B_SPLINE_CURVE(2,(#7550,#7551,#7552),
.UNSPECIFIED.,.F.,.F.) B_SPLINE_CURVE_WITH_KNOTS((3,3),(1.79745108155,
2.914937898834),.PIECEWISE_BEZIER_KNOTS.) CURVE() 
GEOMETRIC_REPRESENTATION_ITEM() RATIONAL_B_SPLINE_CURVE((1.,
0.847921925907,1.)) REPRESENTATION_ITEM('') );
#7550 = CARTESIAN_POINT('',(-5.600011379223,7.5547261682,1.500002540005)
  );
#7551 = CARTESIAN_POINT('',(-7.226605421279,7.179605167279,
    1.500002540005));
#7552 = CARTESIAN_POINT('',(-7.6017264222,5.553011125222,1.500002540005)
  );
#7553 = ORIENTED_EDGE('',*,*,#7554,.T.);
#7554 = EDGE_CURVE('',#7547,#7555,#7557,.T.);
#7555 = VERTEX_POINT('',#7556);
#7556 = CARTESIAN_POINT('',(-12.67002574549,5.553011125222,
    1.500002540005));
#7557 = B_SPLINE_CURVE_WITH_KNOTS('',1,(#7558,#7559),.UNSPECIFIED.,.F.,
  .F.,(2,2),(-801.773208572,-602.234264214),.PIECEWISE_BEZIER_KNOTS.);
#7558 = CARTESIAN_POINT('',(-7.6017264222,5.553011125222,1.500002540005)
  );
#7559 = CARTESIAN_POINT('',(-12.67002574549,5.553011125222,
    1.500002540005));
#7560 = ORIENTED_EDGE('',*,*,#7561,.F.);
#7561 = EDGE_CURVE('',#7562,#7555,#7564,.T.);
#7562 = VERTEX_POINT('',#7563);
#7563 = CARTESIAN_POINT('',(-12.67002574549,4.353008686817,
    1.500002540005));
#7564 = B_SPLINE_CURVE_WITH_KNOTS('',1,(#7565,#7566),.UNSPECIFIED.,.F.,
  .F.,(2,2),(0.,47.244096),.PIECEWISE_BEZIER_KNOTS.);
#7565 = CARTESIAN_POINT('',(-12.67002574549,4.353008686817,
    1.500002540005));
#7566 = CARTESIAN_POINT('',(-12.67002574549,5.553011125222,
    1.500002540005));
#7567 = ORIENTED_EDGE('',*,*,#7568,.F.);
#7568 = EDGE_CURVE('',#7569,#7562,#7571,.T.);
#7569 = VERTEX_POINT('',#7570);
#7570 = CARTESIAN_POINT('',(-7.6017264222,4.353008686817,1.500002540005)
  );
#7571 = B_SPLINE_CURVE_WITH_KNOTS('',1,(#7572,#7573),.UNSPECIFIED.,.F.,
  .F.,(2,2),(-801.773208572,-602.234264214),.PIECEWISE_BEZIER_KNOTS.);
#7572 = CARTESIAN_POINT('',(-7.6017264222,4.353008686817,1.500002540005)
  );
#7573 = CARTESIAN_POINT('',(-12.67002574549,4.353008686817,
    1.500002540005));
#7574 = ORIENTED_EDGE('',*,*,#7575,.T.);
#7575 = EDGE_CURVE('',#7569,#7576,#7578,.T.);
#7576 = VERTEX_POINT('',#7577);
#7577 = CARTESIAN_POINT('',(-5.600011379223,2.35129364384,1.500002540005
    ));
#7578 = ( BOUNDED_CURVE() B_SPLINE_CURVE(2,(#7579,#7580,#7581),
.UNSPECIFIED.,.F.,.F.) B_SPLINE_CURVE_WITH_KNOTS((3,3),(3.368247408345,
4.485734225629),.PIECEWISE_BEZIER_KNOTS.) CURVE() 
GEOMETRIC_REPRESENTATION_ITEM() RATIONAL_B_SPLINE_CURVE((1.,
0.847921925907,1.)) REPRESENTATION_ITEM('') );
#7579 = CARTESIAN_POINT('',(-7.6017264222,4.353008686817,1.500002540005)
  );
#7580 = CARTESIAN_POINT('',(-7.226605421279,2.726414644761,
    1.500002540005));
#7581 = CARTESIAN_POINT('',(-5.600011379223,2.35129364384,1.500002540005
    ));
#7582 = ORIENTED_EDGE('',*,*,#7583,.T.);
#7583 = EDGE_CURVE('',#7576,#7584,#7586,.T.);
#7584 = VERTEX_POINT('',#7585);
#7585 = CARTESIAN_POINT('',(-5.600011379223,-0.254000508001,
    1.500002540005));
#7586 = B_SPLINE_CURVE_WITH_KNOTS('',1,(#7587,#7588),.UNSPECIFIED.,.F.,
  .F.,(2,2),(557.30159142793,659.8720221859),.PIECEWISE_BEZIER_KNOTS.);
#7587 = CARTESIAN_POINT('',(-5.600011379223,2.35129364384,1.500002540005
    ));
#7588 = CARTESIAN_POINT('',(-5.600011379223,-0.254000508001,
    1.500002540005));
#7589 = ORIENTED_EDGE('',*,*,#7590,.F.);
#7590 = EDGE_CURVE('',#7591,#7584,#7593,.T.);
#7591 = VERTEX_POINT('',#7592);
#7592 = CARTESIAN_POINT('',(-86.52217302514,-0.254000508001,
    1.500002540005));
#7593 = B_SPLINE_CURVE_WITH_KNOTS('',1,(#7594,#7595),.UNSPECIFIED.,.F.,
  .F.,(2,2),(-647.627952,2.538277552E+03),.PIECEWISE_BEZIER_KNOTS.);
#7594 = CARTESIAN_POINT('',(-86.52217302514,-0.254000508001,
    1.500002540005));
#7595 = CARTESIAN_POINT('',(-5.600011379223,-0.254000508001,
    1.500002540005));
#7596 = ORIENTED_EDGE('',*,*,#7597,.F.);
#7597 = EDGE_CURVE('',#7598,#7591,#7600,.T.);
#7598 = VERTEX_POINT('',#7599);
#7599 = CARTESIAN_POINT('',(-86.52217302514,2.732294405841,
    1.500002540005));
#7600 = B_SPLINE_CURVE_WITH_KNOTS('',1,(#7601,#7602),.UNSPECIFIED.,.F.,
  .F.,(2,2),(549.80159142793,667.3720221859),.PIECEWISE_BEZIER_KNOTS.);
#7601 = CARTESIAN_POINT('',(-86.52217302514,2.732294405841,
    1.500002540005));
#7602 = CARTESIAN_POINT('',(-86.52217302514,-0.254000508001,
    1.500002540005));
#7603 = ORIENTED_EDGE('',*,*,#7604,.T.);
#7604 = EDGE_CURVE('',#7598,#7605,#7607,.T.);
#7605 = VERTEX_POINT('',#7606);
#7606 = CARTESIAN_POINT('',(-84.52045798216,4.734009448819,
    1.500002540005));
#7607 = ( BOUNDED_CURVE() B_SPLINE_CURVE(2,(#7608,#7609,#7610),
.UNSPECIFIED.,.F.,.F.) B_SPLINE_CURVE_WITH_KNOTS((3,3),(4.93904373514,
6.056530552424),.PIECEWISE_BEZIER_KNOTS.) CURVE() 
GEOMETRIC_REPRESENTATION_ITEM() RATIONAL_B_SPLINE_CURVE((1.,
0.847921925907,1.)) REPRESENTATION_ITEM('') );
#7608 = CARTESIAN_POINT('',(-86.52217302514,2.732294405841,
    1.500002540005));
#7609 = CARTESIAN_POINT('',(-84.89557898308,3.107415406762,
    1.500002540005));
#7610 = CARTESIAN_POINT('',(-84.52045798216,4.734009448819,
    1.500002540005));
#7611 = ORIENTED_EDGE('',*,*,#7612,.T.);
#7612 = EDGE_CURVE('',#7605,#7613,#7615,.T.);
#7613 = VERTEX_POINT('',#7614);
#7614 = CARTESIAN_POINT('',(-79.45215865887,4.734009448819,
    1.500002540005));
#7615 = B_SPLINE_CURVE_WITH_KNOTS('',1,(#7616,#7617),.UNSPECIFIED.,.F.,
  .F.,(2,2),(-777.698408572,-578.159464214),.PIECEWISE_BEZIER_KNOTS.);
#7616 = CARTESIAN_POINT('',(-84.52045798216,4.734009448819,
    1.500002540005));
#7617 = CARTESIAN_POINT('',(-79.45215865887,4.734009448819,
    1.500002540005));
#7618 = ORIENTED_EDGE('',*,*,#7619,.F.);
#7619 = EDGE_CURVE('',#7620,#7613,#7622,.T.);
#7620 = VERTEX_POINT('',#7621);
#7621 = CARTESIAN_POINT('',(-79.45215865887,5.934011887224,
    1.500002540005));
#7622 = B_SPLINE_CURVE_WITH_KNOTS('',1,(#7623,#7624),.UNSPECIFIED.,.F.,
  .F.,(2,2),(0.,47.244096),.PIECEWISE_BEZIER_KNOTS.);
#7623 = CARTESIAN_POINT('',(-79.45215865887,5.934011887224,
    1.500002540005));
#7624 = CARTESIAN_POINT('',(-79.45215865887,4.734009448819,
    1.500002540005));
#7625 = ORIENTED_EDGE('',*,*,#7626,.F.);
#7626 = EDGE_CURVE('',#7627,#7620,#7629,.T.);
#7627 = VERTEX_POINT('',#7628);
#7628 = CARTESIAN_POINT('',(-84.52045798216,5.934011887224,
    1.500002540005));
#7629 = B_SPLINE_CURVE_WITH_KNOTS('',1,(#7630,#7631),.UNSPECIFIED.,.F.,
  .F.,(2,2),(-777.698408572,-578.159464214),.PIECEWISE_BEZIER_KNOTS.);
#7630 = CARTESIAN_POINT('',(-84.52045798216,5.934011887224,
    1.500002540005));
#7631 = CARTESIAN_POINT('',(-79.45215865887,5.934011887224,
    1.500002540005));
#7632 = ORIENTED_EDGE('',*,*,#7633,.T.);
#7633 = EDGE_CURVE('',#7627,#7634,#7636,.T.);
#7634 = VERTEX_POINT('',#7635);
#7635 = CARTESIAN_POINT('',(-86.52217302514,7.935726930201,
    1.500002540005));
#7636 = ( BOUNDED_CURVE() B_SPLINE_CURVE(2,(#7637,#7638,#7639),
.UNSPECIFIED.,.F.,.F.) B_SPLINE_CURVE_WITH_KNOTS((3,3),(0.226654754756,
1.344141572039),.PIECEWISE_BEZIER_KNOTS.) CURVE() 
GEOMETRIC_REPRESENTATION_ITEM() RATIONAL_B_SPLINE_CURVE((1.,
0.847921925907,1.)) REPRESENTATION_ITEM('') );
#7637 = CARTESIAN_POINT('',(-84.52045798216,5.934011887224,
    1.500002540005));
#7638 = CARTESIAN_POINT('',(-84.89557898308,7.56060592928,1.500002540005
    ));
#7639 = CARTESIAN_POINT('',(-86.52217302514,7.935726930201,
    1.500002540005));
#7640 = ORIENTED_EDGE('',*,*,#7641,.T.);
#7641 = EDGE_CURVE('',#7634,#7642,#7644,.T.);
#7642 = VERTEX_POINT('',#7643);
#7643 = CARTESIAN_POINT('',(-86.52217302514,13.004026253493,
    1.500002540005));
#7644 = B_SPLINE_CURVE_WITH_KNOTS('',1,(#7645,#7646),.UNSPECIFIED.,.F.,
  .F.,(2,2),(-512.698408572,-313.159464214),.PIECEWISE_BEZIER_KNOTS.);
#7645 = CARTESIAN_POINT('',(-86.52217302514,7.935726930201,
    1.500002540005));
#7646 = CARTESIAN_POINT('',(-86.52217302514,13.004026253493,
    1.500002540005));
#7647 = ORIENTED_EDGE('',*,*,#7648,.F.);
#7648 = EDGE_CURVE('',#7649,#7642,#7651,.T.);
#7649 = VERTEX_POINT('',#7650);
#7650 = CARTESIAN_POINT('',(-87.72217546355,13.004026253493,
    1.500002540005));
#7651 = B_SPLINE_CURVE_WITH_KNOTS('',1,(#7652,#7653),.UNSPECIFIED.,.F.,
  .F.,(2,2),(0.,47.244096),.PIECEWISE_BEZIER_KNOTS.);
#7652 = CARTESIAN_POINT('',(-87.72217546355,13.004026253493,
    1.500002540005));
#7653 = CARTESIAN_POINT('',(-86.52217302514,13.004026253493,
    1.500002540005));
#7654 = ORIENTED_EDGE('',*,*,#7655,.F.);
#7655 = EDGE_CURVE('',#7656,#7649,#7658,.T.);
#7656 = VERTEX_POINT('',#7657);
#7657 = CARTESIAN_POINT('',(-87.72217546355,7.935726930201,
    1.500002540005));
#7658 = B_SPLINE_CURVE_WITH_KNOTS('',1,(#7659,#7660),.UNSPECIFIED.,.F.,
  .F.,(2,2),(-512.698408572,-313.159464214),.PIECEWISE_BEZIER_KNOTS.);
#7659 = CARTESIAN_POINT('',(-87.72217546355,7.935726930201,
    1.500002540005));
#7660 = CARTESIAN_POINT('',(-87.72217546355,13.004026253493,
    1.500002540005));
#7661 = ORIENTED_EDGE('',*,*,#7662,.T.);
#7662 = EDGE_CURVE('',#7656,#7663,#7665,.T.);
#7663 = VERTEX_POINT('',#7664);
#7664 = CARTESIAN_POINT('',(-89.72389050652,5.934011887224,
    1.500002540005));
#7665 = ( BOUNDED_CURVE() B_SPLINE_CURVE(2,(#7666,#7667,#7668),
.UNSPECIFIED.,.F.,.F.) B_SPLINE_CURVE_WITH_KNOTS((3,3),(1.79745108155,
2.914937898834),.PIECEWISE_BEZIER_KNOTS.) CURVE() 
GEOMETRIC_REPRESENTATION_ITEM() RATIONAL_B_SPLINE_CURVE((1.,
0.847921925907,1.)) REPRESENTATION_ITEM('') );
#7666 = CARTESIAN_POINT('',(-87.72217546355,7.935726930201,
    1.500002540005));
#7667 = CARTESIAN_POINT('',(-89.3487695056,7.56060592928,1.500002540005)
  );
#7668 = CARTESIAN_POINT('',(-89.72389050652,5.934011887224,
    1.500002540005));
#7669 = ORIENTED_EDGE('',*,*,#7670,.T.);
#7670 = EDGE_CURVE('',#7663,#7671,#7673,.T.);
#7671 = VERTEX_POINT('',#7672);
#7672 = CARTESIAN_POINT('',(-94.79218982982,5.934011887224,
    1.500002540005));
#7673 = B_SPLINE_CURVE_WITH_KNOTS('',1,(#7674,#7675),.UNSPECIFIED.,.F.,
  .F.,(2,2),(814.80159142793,1.014340535786E+03),
  .PIECEWISE_BEZIER_KNOTS.);
#7674 = CARTESIAN_POINT('',(-89.72389050652,5.934011887224,
    1.500002540005));
#7675 = CARTESIAN_POINT('',(-94.79218982982,5.934011887224,
    1.500002540005));
#7676 = ORIENTED_EDGE('',*,*,#7677,.F.);
#7677 = EDGE_CURVE('',#7678,#7671,#7680,.T.);
#7678 = VERTEX_POINT('',#7679);
#7679 = CARTESIAN_POINT('',(-94.79218982982,4.734009448819,
    1.500002540005));
#7680 = B_SPLINE_CURVE_WITH_KNOTS('',1,(#7681,#7682),.UNSPECIFIED.,.F.,
  .F.,(2,2),(0.,47.244096),.PIECEWISE_BEZIER_KNOTS.);
#7681 = CARTESIAN_POINT('',(-94.79218982982,4.734009448819,
    1.500002540005));
#7682 = CARTESIAN_POINT('',(-94.79218982982,5.934011887224,
    1.500002540005));
#7683 = ORIENTED_EDGE('',*,*,#7684,.F.);
#7684 = EDGE_CURVE('',#7685,#7678,#7687,.T.);
#7685 = VERTEX_POINT('',#7686);
#7686 = CARTESIAN_POINT('',(-89.72389050652,4.734009448819,
    1.500002540005));
#7687 = B_SPLINE_CURVE_WITH_KNOTS('',1,(#7688,#7689),.UNSPECIFIED.,.F.,
  .F.,(2,2),(814.80159142793,1.014340535786E+03),
  .PIECEWISE_BEZIER_KNOTS.);
#7688 = CARTESIAN_POINT('',(-89.72389050652,4.734009448819,
    1.500002540005));
#7689 = CARTESIAN_POINT('',(-94.79218982982,4.734009448819,
    1.500002540005));
#7690 = ORIENTED_EDGE('',*,*,#7691,.T.);
#7691 = EDGE_CURVE('',#7685,#7692,#7694,.T.);
#7692 = VERTEX_POINT('',#7693);
#7693 = CARTESIAN_POINT('',(-87.72217546355,2.732294405841,
    1.500002540005));
#7694 = ( BOUNDED_CURVE() B_SPLINE_CURVE(2,(#7695,#7696,#7697),
.UNSPECIFIED.,.F.,.F.) B_SPLINE_CURVE_WITH_KNOTS((3,3),(3.368247408345,
4.485734225629),.PIECEWISE_BEZIER_KNOTS.) CURVE() 
GEOMETRIC_REPRESENTATION_ITEM() RATIONAL_B_SPLINE_CURVE((1.,
0.847921925907,1.)) REPRESENTATION_ITEM('') );
#7695 = CARTESIAN_POINT('',(-89.72389050652,4.734009448819,
    1.500002540005));
#7696 = CARTESIAN_POINT('',(-89.3487695056,3.107415406762,1.500002540005
    ));
#7697 = CARTESIAN_POINT('',(-87.72217546355,2.732294405841,
    1.500002540005));
#7698 = ORIENTED_EDGE('',*,*,#7699,.T.);
#7699 = EDGE_CURVE('',#7692,#7700,#7702,.T.);
#7700 = VERTEX_POINT('',#7701);
#7701 = CARTESIAN_POINT('',(-87.72217546355,-0.254000508001,
    1.500002540005));
#7702 = B_SPLINE_CURVE_WITH_KNOTS('',1,(#7703,#7704),.UNSPECIFIED.,.F.,
  .F.,(2,2),(549.80159142793,667.3720221859),.PIECEWISE_BEZIER_KNOTS.);
#7703 = CARTESIAN_POINT('',(-87.72217546355,2.732294405841,
    1.500002540005));
#7704 = CARTESIAN_POINT('',(-87.72217546355,-0.254000508001,
    1.500002540005));
#7705 = ORIENTED_EDGE('',*,*,#7706,.F.);
#7706 = EDGE_CURVE('',#7707,#7700,#7709,.T.);
#7707 = VERTEX_POINT('',#7708);
#7708 = CARTESIAN_POINT('',(-93.47218694437,-0.254000508001,
    1.500002540005));
#7709 = B_SPLINE_CURVE_WITH_KNOTS('',1,(#7710,#7711),.UNSPECIFIED.,.F.,
  .F.,(2,2),(-921.25,-694.872048),.PIECEWISE_BEZIER_KNOTS.);
#7710 = CARTESIAN_POINT('',(-93.47218694437,-0.254000508001,
    1.500002540005));
#7711 = CARTESIAN_POINT('',(-87.72217546355,-0.254000508001,
    1.500002540005));
#7712 = ORIENTED_EDGE('',*,*,#7713,.F.);
#7713 = EDGE_CURVE('',#7714,#7707,#7716,.T.);
#7714 = VERTEX_POINT('',#7715);
#7715 = CARTESIAN_POINT('',(-93.47218694437,-1.778003556007,
    1.500002540005));
#7716 = B_SPLINE_CURVE_WITH_KNOTS('',1,(#7717,#7718),.UNSPECIFIED.,.F.,
  .F.,(2,2),(-671.25,-611.25),.PIECEWISE_BEZIER_KNOTS.);
#7717 = CARTESIAN_POINT('',(-93.47218694437,-1.778003556007,
    1.500002540005));
#7718 = CARTESIAN_POINT('',(-93.47218694437,-0.254000508001,
    1.500002540005));
#7719 = ORIENTED_EDGE('',*,*,#7720,.F.);
#7720 = EDGE_CURVE('',#7721,#7714,#7723,.T.);
#7721 = VERTEX_POINT('',#7722);
#7722 = CARTESIAN_POINT('',(-87.72217546355,-1.778003556007,
    1.500002540005));
#7723 = B_SPLINE_CURVE_WITH_KNOTS('',1,(#7724,#7725),.UNSPECIFIED.,.F.,
  .F.,(2,2),(2.537372048E+03,2.76375E+03),.PIECEWISE_BEZIER_KNOTS.);
#7724 = CARTESIAN_POINT('',(-87.72217546355,-1.778003556007,
    1.500002540005));
#7725 = CARTESIAN_POINT('',(-93.47218694437,-1.778003556007,
    1.500002540005));
#7726 = ORIENTED_EDGE('',*,*,#7727,.T.);
#7727 = EDGE_CURVE('',#7721,#7728,#7730,.T.);
#7728 = VERTEX_POINT('',#7729);
#7729 = CARTESIAN_POINT('',(-87.72217546355,-2.33600491745,
    1.500002540005));
#7730 = B_SPLINE_CURVE_WITH_KNOTS('',1,(#7731,#7732),.UNSPECIFIED.,.F.,
  .F.,(2,2),(727.3720221859,749.3405357859),.PIECEWISE_BEZIER_KNOTS.);
#7731 = CARTESIAN_POINT('',(-87.72217546355,-1.778003556007,
    1.500002540005));
#7732 = CARTESIAN_POINT('',(-87.72217546355,-2.33600491745,
    1.500002540005));
#7733 = ORIENTED_EDGE('',*,*,#7734,.F.);
#7734 = EDGE_CURVE('',#7735,#7728,#7737,.T.);
#7735 = VERTEX_POINT('',#7736);
#7736 = CARTESIAN_POINT('',(-86.52217302514,-2.33600491745,
    1.500002540005));
#7737 = B_SPLINE_CURVE_WITH_KNOTS('',1,(#7738,#7739),.UNSPECIFIED.,.F.,
  .F.,(2,2),(0.,47.244096),.PIECEWISE_BEZIER_KNOTS.);
#7738 = CARTESIAN_POINT('',(-86.52217302514,-2.33600491745,
    1.500002540005));
#7739 = CARTESIAN_POINT('',(-87.72217546355,-2.33600491745,
    1.500002540005));
#7740 = ORIENTED_EDGE('',*,*,#7741,.F.);
#7741 = EDGE_CURVE('',#7742,#7735,#7744,.T.);
#7742 = VERTEX_POINT('',#7743);
#7743 = CARTESIAN_POINT('',(-86.52217302514,-1.778003556007,
    1.500002540005));
#7744 = B_SPLINE_CURVE_WITH_KNOTS('',1,(#7745,#7746),.UNSPECIFIED.,.F.,
  .F.,(2,2),(727.3720221859,749.3405357859),.PIECEWISE_BEZIER_KNOTS.);
#7745 = CARTESIAN_POINT('',(-86.52217302514,-1.778003556007,
    1.500002540005));
#7746 = CARTESIAN_POINT('',(-86.52217302514,-2.33600491745,
    1.500002540005));
#7747 = ORIENTED_EDGE('',*,*,#7748,.F.);
#7748 = EDGE_CURVE('',#7749,#7742,#7751,.T.);
#7749 = VERTEX_POINT('',#7750);
#7750 = CARTESIAN_POINT('',(-5.600011379223,-1.778003556007,
    1.500002540005));
#7751 = B_SPLINE_CURVE_WITH_KNOTS('',1,(#7752,#7753),.UNSPECIFIED.,.F.,
  .F.,(2,2),(-695.777552,2.490127952E+03),.PIECEWISE_BEZIER_KNOTS.);
#7752 = CARTESIAN_POINT('',(-5.600011379223,-1.778003556007,
    1.500002540005));
#7753 = CARTESIAN_POINT('',(-86.52217302514,-1.778003556007,
    1.500002540005));
#7754 = ORIENTED_EDGE('',*,*,#7755,.T.);
#7755 = EDGE_CURVE('',#7749,#7756,#7758,.T.);
#7756 = VERTEX_POINT('',#7757);
#7757 = CARTESIAN_POINT('',(-5.600011379223,-2.717005679451,
    1.500002540005));
#7758 = B_SPLINE_CURVE_WITH_KNOTS('',1,(#7759,#7760),.UNSPECIFIED.,.F.,
  .F.,(2,2),(719.8720221859,756.8405357859),.PIECEWISE_BEZIER_KNOTS.);
#7759 = CARTESIAN_POINT('',(-5.600011379223,-1.778003556007,
    1.500002540005));
#7760 = CARTESIAN_POINT('',(-5.600011379223,-2.717005679451,
    1.500002540005));
#7761 = ORIENTED_EDGE('',*,*,#7762,.F.);
#7762 = EDGE_CURVE('',#7763,#7756,#7765,.T.);
#7763 = VERTEX_POINT('',#7764);
#7764 = CARTESIAN_POINT('',(-4.400008940818,-2.717005679451,
    1.500002540005));
#7765 = B_SPLINE_CURVE_WITH_KNOTS('',1,(#7766,#7767),.UNSPECIFIED.,.F.,
  .F.,(2,2),(0.,47.244096),.PIECEWISE_BEZIER_KNOTS.);
#7766 = CARTESIAN_POINT('',(-4.400008940818,-2.717005679451,
    1.500002540005));
#7767 = CARTESIAN_POINT('',(-5.600011379223,-2.717005679451,
    1.500002540005));
#7768 = ORIENTED_EDGE('',*,*,#7769,.F.);
#7769 = EDGE_CURVE('',#7770,#7763,#7772,.T.);
#7770 = VERTEX_POINT('',#7771);
#7771 = CARTESIAN_POINT('',(-4.400008940818,-1.778003556007,
    1.500002540005));
#7772 = B_SPLINE_CURVE_WITH_KNOTS('',1,(#7773,#7774),.UNSPECIFIED.,.F.,
  .F.,(2,2),(719.8720221859,756.8405357859),.PIECEWISE_BEZIER_KNOTS.);
#7773 = CARTESIAN_POINT('',(-4.400008940818,-1.778003556007,
    1.500002540005));
#7774 = CARTESIAN_POINT('',(-4.400008940818,-2.717005679451,
    1.500002540005));
#7775 = ORIENTED_EDGE('',*,*,#7776,.F.);
#7776 = EDGE_CURVE('',#7777,#7770,#7779,.T.);
#7777 = VERTEX_POINT('',#7778);
#7778 = CARTESIAN_POINT('',(0.127000254001,-1.778003556007,
    1.500002540005));
#7779 = B_SPLINE_CURVE_WITH_KNOTS('',1,(#7780,#7781),.UNSPECIFIED.,.F.,
  .F.,(2,2),(-921.25,-743.021648),.PIECEWISE_BEZIER_KNOTS.);
#7780 = CARTESIAN_POINT('',(0.127000254001,-1.778003556007,
    1.500002540005));
#7781 = CARTESIAN_POINT('',(-4.400008940818,-1.778003556007,
    1.500002540005));
#7782 = ORIENTED_EDGE('',*,*,#7783,.F.);
#7783 = EDGE_CURVE('',#7784,#7777,#7786,.T.);
#7784 = VERTEX_POINT('',#7785);
#7785 = CARTESIAN_POINT('',(0.127000254001,-0.254000508001,
    1.500002540005));
#7786 = B_SPLINE_CURVE_WITH_KNOTS('',1,(#7787,#7788),.UNSPECIFIED.,.F.,
  .F.,(2,2),(641.25,701.25),.PIECEWISE_BEZIER_KNOTS.);
#7787 = CARTESIAN_POINT('',(0.127000254001,-0.254000508001,
    1.500002540005));
#7788 = CARTESIAN_POINT('',(0.127000254001,-1.778003556007,
    1.500002540005));
#7789 = ORIENTED_EDGE('',*,*,#7790,.F.);
#7790 = EDGE_CURVE('',#7791,#7784,#7793,.T.);
#7791 = VERTEX_POINT('',#7792);
#7792 = CARTESIAN_POINT('',(-4.400008940818,-0.254000508001,
    1.500002540005));
#7793 = B_SPLINE_CURVE_WITH_KNOTS('',1,(#7794,#7795),.UNSPECIFIED.,.F.,
  .F.,(2,2),(2.585521648E+03,2.76375E+03),.PIECEWISE_BEZIER_KNOTS.);
#7794 = CARTESIAN_POINT('',(-4.400008940818,-0.254000508001,
    1.500002540005));
#7795 = CARTESIAN_POINT('',(0.127000254001,-0.254000508001,
    1.500002540005));
#7796 = ORIENTED_EDGE('',*,*,#7797,.F.);
#7797 = EDGE_CURVE('',#7798,#7791,#7800,.T.);
#7798 = VERTEX_POINT('',#7799);
#7799 = CARTESIAN_POINT('',(-4.400008940818,2.35129364384,1.500002540005
    ));
#7800 = B_SPLINE_CURVE_WITH_KNOTS('',1,(#7801,#7802),.UNSPECIFIED.,.F.,
  .F.,(2,2),(557.30159142793,659.8720221859),.PIECEWISE_BEZIER_KNOTS.);
#7801 = CARTESIAN_POINT('',(-4.400008940818,2.35129364384,1.500002540005
    ));
#7802 = CARTESIAN_POINT('',(-4.400008940818,-0.254000508001,
    1.500002540005));
#7803 = ORIENTED_EDGE('',*,*,#7804,.T.);
#7804 = EDGE_CURVE('',#7798,#7805,#7807,.T.);
#7805 = VERTEX_POINT('',#7806);
#7806 = CARTESIAN_POINT('',(-2.39829389784,4.353008686817,1.500002540005
    ));
#7807 = ( BOUNDED_CURVE() B_SPLINE_CURVE(2,(#7808,#7809,#7810),
.UNSPECIFIED.,.F.,.F.) B_SPLINE_CURVE_WITH_KNOTS((3,3),(4.93904373514,
6.056530552424),.PIECEWISE_BEZIER_KNOTS.) CURVE() 
GEOMETRIC_REPRESENTATION_ITEM() RATIONAL_B_SPLINE_CURVE((1.,
0.847921925907,1.)) REPRESENTATION_ITEM('') );
#7808 = CARTESIAN_POINT('',(-4.400008940818,2.35129364384,1.500002540005
    ));
#7809 = CARTESIAN_POINT('',(-2.773414898761,2.726414644761,
    1.500002540005));
#7810 = CARTESIAN_POINT('',(-2.39829389784,4.353008686817,1.500002540005
    ));
#7811 = ORIENTED_EDGE('',*,*,#7812,.T.);
#7812 = EDGE_CURVE('',#7805,#6647,#7813,.T.);
#7813 = B_SPLINE_CURVE_WITH_KNOTS('',1,(#7814,#7815),.UNSPECIFIED.,.F.,
  .F.,(2,2),(838.87639142793,1.008769672186E+03),
  .PIECEWISE_BEZIER_KNOTS.);
#7814 = CARTESIAN_POINT('',(-2.39829389784,4.353008686817,1.500002540005
    ));
#7815 = CARTESIAN_POINT('',(1.917004064008,4.353008686817,1.500002540005
    ));
#7816 = ORIENTED_EDGE('',*,*,#6646,.T.);
#7817 = ORIENTED_EDGE('',*,*,#7818,.T.);
#7818 = EDGE_CURVE('',#6640,#7819,#7821,.T.);
#7819 = VERTEX_POINT('',#7820);
#7820 = CARTESIAN_POINT('',(-18.90003683007,-29.47605918211,
    1.500002540005));
#7821 = B_SPLINE_CURVE_WITH_KNOTS('',1,(#7822,#7823),.UNSPECIFIED.,.F.,
  .F.,(2,2),(0.,819.5669),.PIECEWISE_BEZIER_KNOTS.);
#7822 = CARTESIAN_POINT('',(1.917004064008,-29.47605918211,
    1.500002540005));
#7823 = CARTESIAN_POINT('',(-18.90003683007,-29.47605918211,
    1.500002540005));
#7824 = ORIENTED_EDGE('',*,*,#7825,.F.);
#7825 = EDGE_CURVE('',#7826,#7819,#7828,.T.);
#7826 = VERTEX_POINT('',#7827);
#7827 = CARTESIAN_POINT('',(-18.90003683007,-24.53994676822,
    1.500002540005));
#7828 = B_SPLINE_CURVE_WITH_KNOTS('',1,(#7829,#7830),.UNSPECIFIED.,.F.,
  .F.,(2,2),(1.087681795314E+03,1.282016541049E+03),
  .PIECEWISE_BEZIER_KNOTS.);
#7829 = CARTESIAN_POINT('',(-18.90003683007,-24.53994676822,
    1.500002540005));
#7830 = CARTESIAN_POINT('',(-18.90003683007,-29.47605918211,
    1.500002540005));
#7831 = ORIENTED_EDGE('',*,*,#7832,.T.);
#7832 = EDGE_CURVE('',#7826,#7833,#7835,.T.);
#7833 = VERTEX_POINT('',#7834);
#7834 = CARTESIAN_POINT('',(-17.41463286093,-23.05454279908,
    1.500002540005));
#7835 = ( BOUNDED_CURVE() B_SPLINE_CURVE(2,(#7836,#7837,#7838),
.UNSPECIFIED.,.F.,.F.) B_SPLINE_CURVE_WITH_KNOTS((3,3),(4.992536890792,
6.003037396772),.PIECEWISE_BEZIER_KNOTS.) CURVE() 
GEOMETRIC_REPRESENTATION_ITEM() RATIONAL_B_SPLINE_CURVE((1.,
0.875053372764,1.)) REPRESENTATION_ITEM('') );
#7836 = CARTESIAN_POINT('',(-18.90003683007,-24.53994676822,
    1.500002540005));
#7837 = CARTESIAN_POINT('',(-17.74651716408,-24.20806246508,
    1.500002540005));
#7838 = CARTESIAN_POINT('',(-17.41463286093,-23.05454279908,
    1.500002540005));
#7839 = ORIENTED_EDGE('',*,*,#7840,.T.);
#7840 = EDGE_CURVE('',#7833,#7841,#7843,.T.);
#7841 = VERTEX_POINT('',#7842);
#7842 = CARTESIAN_POINT('',(-12.33002413004,-23.05454279908,
    1.500002540005));
#7843 = B_SPLINE_CURVE_WITH_KNOTS('',1,(#7844,#7845),.UNSPECIFIED.,.F.,
  .F.,(2,2),(544.30589531383,744.48694104879),.PIECEWISE_BEZIER_KNOTS.);
#7844 = CARTESIAN_POINT('',(-17.41463286093,-23.05454279908,
    1.500002540005));
#7845 = CARTESIAN_POINT('',(-12.33002413004,-23.05454279908,
    1.500002540005));
#7846 = ORIENTED_EDGE('',*,*,#7847,.F.);
#7847 = EDGE_CURVE('',#7848,#7841,#7850,.T.);
#7848 = VERTEX_POINT('',#7849);
#7849 = CARTESIAN_POINT('',(-12.33002413004,-21.85454025908,
    1.500002540005));
#7850 = B_SPLINE_CURVE_WITH_KNOTS('',1,(#7851,#7852),.UNSPECIFIED.,.F.,
  .F.,(2,2),(0.,47.2441),.PIECEWISE_BEZIER_KNOTS.);
#7851 = CARTESIAN_POINT('',(-12.33002413004,-21.85454025908,
    1.500002540005));
#7852 = CARTESIAN_POINT('',(-12.33002413004,-23.05454279908,
    1.500002540005));
#7853 = ORIENTED_EDGE('',*,*,#7854,.F.);
#7854 = EDGE_CURVE('',#7855,#7848,#7857,.T.);
#7855 = VERTEX_POINT('',#7856);
#7856 = CARTESIAN_POINT('',(-17.41463286093,-21.85454025908,
    1.500002540005));
#7857 = B_SPLINE_CURVE_WITH_KNOTS('',1,(#7858,#7859),.UNSPECIFIED.,.F.,
  .F.,(2,2),(544.30589531383,744.48694104879),.PIECEWISE_BEZIER_KNOTS.);
#7858 = CARTESIAN_POINT('',(-17.41463286093,-21.85454025908,
    1.500002540005));
#7859 = CARTESIAN_POINT('',(-12.33002413004,-21.85454025908,
    1.500002540005));
#7860 = ORIENTED_EDGE('',*,*,#7861,.T.);
#7861 = EDGE_CURVE('',#7855,#7862,#7864,.T.);
#7862 = VERTEX_POINT('',#7863);
#7863 = CARTESIAN_POINT('',(-18.90003683007,-20.36913628994,
    1.500002540005));
#7864 = ( BOUNDED_CURVE() B_SPLINE_CURVE(2,(#7865,#7866,#7867),
.UNSPECIFIED.,.F.,.F.) B_SPLINE_CURVE_WITH_KNOTS((3,3),(0.280147910408,
1.290648416387),.PIECEWISE_BEZIER_KNOTS.) CURVE() 
GEOMETRIC_REPRESENTATION_ITEM() RATIONAL_B_SPLINE_CURVE((1.,
0.875053372764,1.)) REPRESENTATION_ITEM('') );
#7865 = CARTESIAN_POINT('',(-17.41463286093,-21.85454025908,
    1.500002540005));
#7866 = CARTESIAN_POINT('',(-17.74651716408,-20.70102059308,
    1.500002540005));
#7867 = CARTESIAN_POINT('',(-18.90003683007,-20.36913628994,
    1.500002540005));
#7868 = ORIENTED_EDGE('',*,*,#7869,.F.);
#7869 = EDGE_CURVE('',#7870,#7862,#7872,.T.);
#7870 = VERTEX_POINT('',#7871);
#7871 = CARTESIAN_POINT('',(-18.90003683007,-11.22942352717,
    1.500002540005));
#7872 = B_SPLINE_CURVE_WITH_KNOTS('',1,(#7873,#7874),.UNSPECIFIED.,.F.,
  .F.,(2,2),(825.66414531383,1.185494636784E+03),
  .PIECEWISE_BEZIER_KNOTS.);
#7873 = CARTESIAN_POINT('',(-18.90003683007,-11.22942352717,
    1.500002540005));
#7874 = CARTESIAN_POINT('',(-18.90003683007,-20.36913628994,
    1.500002540005));
#7875 = ORIENTED_EDGE('',*,*,#7876,.T.);
#7876 = EDGE_CURVE('',#7870,#7877,#7879,.T.);
#7877 = VERTEX_POINT('',#7878);
#7878 = CARTESIAN_POINT('',(-17.41463286093,-9.744019558039,
    1.500002540005));
#7879 = ( BOUNDED_CURVE() B_SPLINE_CURVE(2,(#7880,#7881,#7882),
.UNSPECIFIED.,.F.,.F.) B_SPLINE_CURVE_WITH_KNOTS((3,3),(4.992536890792,
6.003037396772),.PIECEWISE_BEZIER_KNOTS.) CURVE() 
GEOMETRIC_REPRESENTATION_ITEM() RATIONAL_B_SPLINE_CURVE((1.,
0.875053372764,1.)) REPRESENTATION_ITEM('') );
#7880 = CARTESIAN_POINT('',(-18.90003683007,-11.22942352717,
    1.500002540005));
#7881 = CARTESIAN_POINT('',(-17.74651716408,-10.89753922403,
    1.500002540005));
#7882 = CARTESIAN_POINT('',(-17.41463286093,-9.744019558039,
    1.500002540005));
#7883 = ORIENTED_EDGE('',*,*,#7884,.T.);
#7884 = EDGE_CURVE('',#7877,#7885,#7887,.T.);
#7885 = VERTEX_POINT('',#7886);
#7886 = CARTESIAN_POINT('',(-12.33002413004,-9.744019558039,
    1.500002540005));
#7887 = B_SPLINE_CURVE_WITH_KNOTS('',1,(#7888,#7889),.UNSPECIFIED.,.F.,
  .F.,(2,2),(544.30589531383,744.48694104879),.PIECEWISE_BEZIER_KNOTS.);
#7888 = CARTESIAN_POINT('',(-17.41463286093,-9.744019558039,
    1.500002540005));
#7889 = CARTESIAN_POINT('',(-12.33002413004,-9.744019558039,
    1.500002540005));
#7890 = ORIENTED_EDGE('',*,*,#7891,.F.);
#7891 = EDGE_CURVE('',#7892,#7885,#7894,.T.);
#7892 = VERTEX_POINT('',#7893);
#7893 = CARTESIAN_POINT('',(-12.33002413004,-8.544017018034,
    1.500002540005));
#7894 = B_SPLINE_CURVE_WITH_KNOTS('',1,(#7895,#7896),.UNSPECIFIED.,.F.,
  .F.,(2,2),(0.,47.2441),.PIECEWISE_BEZIER_KNOTS.);
#7895 = CARTESIAN_POINT('',(-12.33002413004,-8.544017018034,
    1.500002540005));
#7896 = CARTESIAN_POINT('',(-12.33002413004,-9.744019558039,
    1.500002540005));
#7897 = ORIENTED_EDGE('',*,*,#7898,.F.);
#7898 = EDGE_CURVE('',#7899,#7892,#7901,.T.);
#7899 = VERTEX_POINT('',#7900);
#7900 = CARTESIAN_POINT('',(-17.41463286093,-8.544017018034,
    1.500002540005));
#7901 = B_SPLINE_CURVE_WITH_KNOTS('',1,(#7902,#7903),.UNSPECIFIED.,.F.,
  .F.,(2,2),(544.30589531383,744.48694104879),.PIECEWISE_BEZIER_KNOTS.);
#7902 = CARTESIAN_POINT('',(-17.41463286093,-8.544017018034,
    1.500002540005));
#7903 = CARTESIAN_POINT('',(-12.33002413004,-8.544017018034,
    1.500002540005));
#7904 = ORIENTED_EDGE('',*,*,#7905,.T.);
#7905 = EDGE_CURVE('',#7899,#7906,#7908,.T.);
#7906 = VERTEX_POINT('',#7907);
#7907 = CARTESIAN_POINT('',(-18.90003683007,-7.058613048894,
    1.500002540005));
#7908 = ( BOUNDED_CURVE() B_SPLINE_CURVE(2,(#7909,#7910,#7911),
.UNSPECIFIED.,.F.,.F.) B_SPLINE_CURVE_WITH_KNOTS((3,3),(0.280147910408,
1.290648416387),.PIECEWISE_BEZIER_KNOTS.) CURVE() 
GEOMETRIC_REPRESENTATION_ITEM() RATIONAL_B_SPLINE_CURVE((1.,
0.875053372764,1.)) REPRESENTATION_ITEM('') );
#7909 = CARTESIAN_POINT('',(-17.41463286093,-8.544017018034,
    1.500002540005));
#7910 = CARTESIAN_POINT('',(-17.74651716408,-7.39049735204,
    1.500002540005));
#7911 = CARTESIAN_POINT('',(-18.90003683007,-7.058613048894,
    1.500002540005));
#7912 = ORIENTED_EDGE('',*,*,#7913,.T.);
#7913 = EDGE_CURVE('',#7906,#7914,#7916,.T.);
#7914 = VERTEX_POINT('',#7915);
#7915 = CARTESIAN_POINT('',(-18.90003683007,-1.974004318009,
    1.500002540005));
#7916 = B_SPLINE_CURVE_WITH_KNOTS('',1,(#7917,#7918),.UNSPECIFIED.,.F.,
  .F.,(2,2),(-806.8358546861,-606.6548089512),.PIECEWISE_BEZIER_KNOTS.);
#7917 = CARTESIAN_POINT('',(-18.90003683007,-7.058613048894,
    1.500002540005));
#7918 = CARTESIAN_POINT('',(-18.90003683007,-1.974004318009,
    1.500002540005));
#7919 = ORIENTED_EDGE('',*,*,#7920,.F.);
#7920 = EDGE_CURVE('',#7921,#7914,#7923,.T.);
#7921 = VERTEX_POINT('',#7922);
#7922 = CARTESIAN_POINT('',(-20.10003937007,-1.974004318009,
    1.500002540005));
#7923 = B_SPLINE_CURVE_WITH_KNOTS('',1,(#7924,#7925),.UNSPECIFIED.,.F.,
  .F.,(2,2),(0.,47.2441),.PIECEWISE_BEZIER_KNOTS.);
#7924 = CARTESIAN_POINT('',(-20.10003937007,-1.974004318009,
    1.500002540005));
#7925 = CARTESIAN_POINT('',(-18.90003683007,-1.974004318009,
    1.500002540005));
#7926 = ORIENTED_EDGE('',*,*,#7927,.F.);
#7927 = EDGE_CURVE('',#7928,#7921,#7930,.T.);
#7928 = VERTEX_POINT('',#7929);
#7929 = CARTESIAN_POINT('',(-20.10003937007,-7.058613048894,
    1.500002540005));
#7930 = B_SPLINE_CURVE_WITH_KNOTS('',1,(#7931,#7932),.UNSPECIFIED.,.F.,
  .F.,(2,2),(-806.8358546861,-606.6548089512),.PIECEWISE_BEZIER_KNOTS.);
#7931 = CARTESIAN_POINT('',(-20.10003937007,-7.058613048894,
    1.500002540005));
#7932 = CARTESIAN_POINT('',(-20.10003937007,-1.974004318009,
    1.500002540005));
#7933 = ORIENTED_EDGE('',*,*,#7934,.T.);
#7934 = EDGE_CURVE('',#7928,#7935,#7937,.T.);
#7935 = VERTEX_POINT('',#7936);
#7936 = CARTESIAN_POINT('',(-21.58544333921,-8.544017018034,
    1.500002540005));
#7937 = ( BOUNDED_CURVE() B_SPLINE_CURVE(2,(#7938,#7939,#7940),
.UNSPECIFIED.,.F.,.F.) B_SPLINE_CURVE_WITH_KNOTS((3,3),(1.850944237203,
2.861444743182),.PIECEWISE_BEZIER_KNOTS.) CURVE() 
GEOMETRIC_REPRESENTATION_ITEM() RATIONAL_B_SPLINE_CURVE((1.,
0.875053372764,1.)) REPRESENTATION_ITEM('') );
#7938 = CARTESIAN_POINT('',(-20.10003937007,-7.058613048894,
    1.500002540005));
#7939 = CARTESIAN_POINT('',(-21.25355903607,-7.39049735204,
    1.500002540005));
#7940 = CARTESIAN_POINT('',(-21.58544333921,-8.544017018034,
    1.500002540005));
#7941 = ORIENTED_EDGE('',*,*,#7942,.T.);
#7942 = EDGE_CURVE('',#7935,#7943,#7945,.T.);
#7943 = VERTEX_POINT('',#7944);
#7944 = CARTESIAN_POINT('',(-26.6700520701,-8.544017018034,
    1.500002540005));
#7945 = B_SPLINE_CURVE_WITH_KNOTS('',1,(#7946,#7947),.UNSPECIFIED.,.F.,
  .F.,(2,2),(-525.4776046861,-325.2965589512),.PIECEWISE_BEZIER_KNOTS.);
#7946 = CARTESIAN_POINT('',(-21.58544333921,-8.544017018034,
    1.500002540005));
#7947 = CARTESIAN_POINT('',(-26.6700520701,-8.544017018034,
    1.500002540005));
#7948 = ORIENTED_EDGE('',*,*,#7949,.F.);
#7949 = EDGE_CURVE('',#7950,#7943,#7952,.T.);
#7950 = VERTEX_POINT('',#7951);
#7951 = CARTESIAN_POINT('',(-26.6700520701,-9.744019558039,
    1.500002540005));
#7952 = B_SPLINE_CURVE_WITH_KNOTS('',1,(#7953,#7954),.UNSPECIFIED.,.F.,
  .F.,(2,2),(0.,47.2441),.PIECEWISE_BEZIER_KNOTS.);
#7953 = CARTESIAN_POINT('',(-26.6700520701,-9.744019558039,
    1.500002540005));
#7954 = CARTESIAN_POINT('',(-26.6700520701,-8.544017018034,
    1.500002540005));
#7955 = ORIENTED_EDGE('',*,*,#7956,.F.);
#7956 = EDGE_CURVE('',#7957,#7950,#7959,.T.);
#7957 = VERTEX_POINT('',#7958);
#7958 = CARTESIAN_POINT('',(-21.58544333921,-9.744019558039,
    1.500002540005));
#7959 = B_SPLINE_CURVE_WITH_KNOTS('',1,(#7960,#7961),.UNSPECIFIED.,.F.,
  .F.,(2,2),(-525.4776046861,-325.2965589512),.PIECEWISE_BEZIER_KNOTS.);
#7960 = CARTESIAN_POINT('',(-21.58544333921,-9.744019558039,
    1.500002540005));
#7961 = CARTESIAN_POINT('',(-26.6700520701,-9.744019558039,
    1.500002540005));
#7962 = ORIENTED_EDGE('',*,*,#7963,.T.);
#7963 = EDGE_CURVE('',#7957,#7964,#7966,.T.);
#7964 = VERTEX_POINT('',#7965);
#7965 = CARTESIAN_POINT('',(-20.10003937007,-11.22942352717,
    1.500002540005));
#7966 = ( BOUNDED_CURVE() B_SPLINE_CURVE(2,(#7967,#7968,#7969),
.UNSPECIFIED.,.F.,.F.) B_SPLINE_CURVE_WITH_KNOTS((3,3),(3.421740563997,
4.432241069977),.PIECEWISE_BEZIER_KNOTS.) CURVE() 
GEOMETRIC_REPRESENTATION_ITEM() RATIONAL_B_SPLINE_CURVE((1.,
0.875053372764,1.)) REPRESENTATION_ITEM('') );
#7967 = CARTESIAN_POINT('',(-21.58544333921,-9.744019558039,
    1.500002540005));
#7968 = CARTESIAN_POINT('',(-21.25355903607,-10.89753922403,
    1.500002540005));
#7969 = CARTESIAN_POINT('',(-20.10003937007,-11.22942352717,
    1.500002540005));
#7970 = ORIENTED_EDGE('',*,*,#7971,.T.);
#7971 = EDGE_CURVE('',#7964,#7972,#7974,.T.);
#7972 = VERTEX_POINT('',#7973);
#7973 = CARTESIAN_POINT('',(-20.10003937007,-20.36913628994,
    1.500002540005));
#7974 = B_SPLINE_CURVE_WITH_KNOTS('',1,(#7975,#7976),.UNSPECIFIED.,.F.,
  .F.,(2,2),(825.66414531383,1.185494636784E+03),
  .PIECEWISE_BEZIER_KNOTS.);
#7975 = CARTESIAN_POINT('',(-20.10003937007,-11.22942352717,
    1.500002540005));
#7976 = CARTESIAN_POINT('',(-20.10003937007,-20.36913628994,
    1.500002540005));
#7977 = ORIENTED_EDGE('',*,*,#7978,.T.);
#7978 = EDGE_CURVE('',#7972,#7979,#7981,.T.);
#7979 = VERTEX_POINT('',#7980);
#7980 = CARTESIAN_POINT('',(-21.58544333921,-21.85454025908,
    1.500002540005));
#7981 = ( BOUNDED_CURVE() B_SPLINE_CURVE(2,(#7982,#7983,#7984),
.UNSPECIFIED.,.F.,.F.) B_SPLINE_CURVE_WITH_KNOTS((3,3),(1.850944237203,
2.861444743182),.PIECEWISE_BEZIER_KNOTS.) CURVE() 
GEOMETRIC_REPRESENTATION_ITEM() RATIONAL_B_SPLINE_CURVE((1.,
0.875053372764,1.)) REPRESENTATION_ITEM('') );
#7982 = CARTESIAN_POINT('',(-20.10003937007,-20.36913628994,
    1.500002540005));
#7983 = CARTESIAN_POINT('',(-21.25355903607,-20.70102059308,
    1.500002540005));
#7984 = CARTESIAN_POINT('',(-21.58544333921,-21.85454025908,
    1.500002540005));
#7985 = ORIENTED_EDGE('',*,*,#7986,.T.);
#7986 = EDGE_CURVE('',#7979,#7987,#7989,.T.);
#7987 = VERTEX_POINT('',#7988);
#7988 = CARTESIAN_POINT('',(-26.6700520701,-21.85454025908,
    1.500002540005));
#7989 = B_SPLINE_CURVE_WITH_KNOTS('',1,(#7990,#7991),.UNSPECIFIED.,.F.,
  .F.,(2,2),(-525.4776046861,-325.2965589512),.PIECEWISE_BEZIER_KNOTS.);
#7990 = CARTESIAN_POINT('',(-21.58544333921,-21.85454025908,
    1.500002540005));
#7991 = CARTESIAN_POINT('',(-26.6700520701,-21.85454025908,
    1.500002540005));
#7992 = ORIENTED_EDGE('',*,*,#7993,.F.);
#7993 = EDGE_CURVE('',#7994,#7987,#7996,.T.);
#7994 = VERTEX_POINT('',#7995);
#7995 = CARTESIAN_POINT('',(-26.6700520701,-23.05454279908,
    1.500002540005));
#7996 = B_SPLINE_CURVE_WITH_KNOTS('',1,(#7997,#7998),.UNSPECIFIED.,.F.,
  .F.,(2,2),(0.,47.2441),.PIECEWISE_BEZIER_KNOTS.);
#7997 = CARTESIAN_POINT('',(-26.6700520701,-23.05454279908,
    1.500002540005));
#7998 = CARTESIAN_POINT('',(-26.6700520701,-21.85454025908,
    1.500002540005));
#7999 = ORIENTED_EDGE('',*,*,#8000,.F.);
#8000 = EDGE_CURVE('',#8001,#7994,#8003,.T.);
#8001 = VERTEX_POINT('',#8002);
#8002 = CARTESIAN_POINT('',(-21.58544333921,-23.05454279908,
    1.500002540005));
#8003 = B_SPLINE_CURVE_WITH_KNOTS('',1,(#8004,#8005),.UNSPECIFIED.,.F.,
  .F.,(2,2),(-525.4776046861,-325.2965589512),.PIECEWISE_BEZIER_KNOTS.);
#8004 = CARTESIAN_POINT('',(-21.58544333921,-23.05454279908,
    1.500002540005));
#8005 = CARTESIAN_POINT('',(-26.6700520701,-23.05454279908,
    1.500002540005));
#8006 = ORIENTED_EDGE('',*,*,#8007,.T.);
#8007 = EDGE_CURVE('',#8001,#8008,#8010,.T.);
#8008 = VERTEX_POINT('',#8009);
#8009 = CARTESIAN_POINT('',(-20.10003937007,-24.53994676822,
    1.500002540005));
#8010 = ( BOUNDED_CURVE() B_SPLINE_CURVE(2,(#8011,#8012,#8013),
.UNSPECIFIED.,.F.,.F.) B_SPLINE_CURVE_WITH_KNOTS((3,3),(3.421740563997,
4.432241069977),.PIECEWISE_BEZIER_KNOTS.) CURVE() 
GEOMETRIC_REPRESENTATION_ITEM() RATIONAL_B_SPLINE_CURVE((1.,
0.875053372764,1.)) REPRESENTATION_ITEM('') );
#8011 = CARTESIAN_POINT('',(-21.58544333921,-23.05454279908,
    1.500002540005));
#8012 = CARTESIAN_POINT('',(-21.25355903607,-24.20806246508,
    1.500002540005));
#8013 = CARTESIAN_POINT('',(-20.10003937007,-24.53994676822,
    1.500002540005));
#8014 = ORIENTED_EDGE('',*,*,#8015,.T.);
#8015 = EDGE_CURVE('',#8008,#8016,#8018,.T.);
#8016 = VERTEX_POINT('',#8017);
#8017 = CARTESIAN_POINT('',(-20.10003937007,-29.47605918211,
    1.500002540005));
#8018 = B_SPLINE_CURVE_WITH_KNOTS('',1,(#8019,#8020),.UNSPECIFIED.,.F.,
  .F.,(2,2),(1.087681795314E+03,1.282016541049E+03),
  .PIECEWISE_BEZIER_KNOTS.);
#8019 = CARTESIAN_POINT('',(-20.10003937007,-24.53994676822,
    1.500002540005));
#8020 = CARTESIAN_POINT('',(-20.10003937007,-29.47605918211,
    1.500002540005));
#8021 = ORIENTED_EDGE('',*,*,#8022,.T.);
#8022 = EDGE_CURVE('',#8016,#8023,#8025,.T.);
#8023 = VERTEX_POINT('',#8024);
#8024 = CARTESIAN_POINT('',(-84.61716916433,-29.47605918211,
    1.500002540005));
#8025 = B_SPLINE_CURVE_WITH_KNOTS('',1,(#8026,#8027),.UNSPECIFIED.,.F.,
  .F.,(2,2),(866.811,3.4068504E+03),.PIECEWISE_BEZIER_KNOTS.);
#8026 = CARTESIAN_POINT('',(-20.10003937007,-29.47605918211,
    1.500002540005));
#8027 = CARTESIAN_POINT('',(-84.61716916433,-29.47605918211,
    1.500002540005));
#8028 = ORIENTED_EDGE('',*,*,#8029,.F.);
#8029 = EDGE_CURVE('',#8030,#8023,#8032,.T.);
#8030 = VERTEX_POINT('',#8031);
#8031 = CARTESIAN_POINT('',(-84.61716916433,-24.53994676822,
    1.500002540005));
#8032 = B_SPLINE_CURVE_WITH_KNOTS('',1,(#8033,#8034),.UNSPECIFIED.,.F.,
  .F.,(2,2),(1.087681795314E+03,1.282016541049E+03),
  .PIECEWISE_BEZIER_KNOTS.);
#8033 = CARTESIAN_POINT('',(-84.61716916433,-24.53994676822,
    1.500002540005));
#8034 = CARTESIAN_POINT('',(-84.61716916433,-29.47605918211,
    1.500002540005));
#8035 = ORIENTED_EDGE('',*,*,#8036,.T.);
#8036 = EDGE_CURVE('',#8030,#8037,#8039,.T.);
#8037 = VERTEX_POINT('',#8038);
#8038 = CARTESIAN_POINT('',(-83.13176519519,-23.05454279908,
    1.500002540005));
#8039 = ( BOUNDED_CURVE() B_SPLINE_CURVE(2,(#8040,#8041,#8042),
.UNSPECIFIED.,.F.,.F.) B_SPLINE_CURVE_WITH_KNOTS((3,3),(4.992536890792,
6.003037396772),.PIECEWISE_BEZIER_KNOTS.) CURVE() 
GEOMETRIC_REPRESENTATION_ITEM() RATIONAL_B_SPLINE_CURVE((1.,
0.875053372764,1.)) REPRESENTATION_ITEM('') );
#8040 = CARTESIAN_POINT('',(-84.61716916433,-24.53994676822,
    1.500002540005));
#8041 = CARTESIAN_POINT('',(-83.46364949834,-24.20806246508,
    1.500002540005));
#8042 = CARTESIAN_POINT('',(-83.13176519519,-23.05454279908,
    1.500002540005));
#8043 = ORIENTED_EDGE('',*,*,#8044,.T.);
#8044 = EDGE_CURVE('',#8037,#8045,#8047,.T.);
#8045 = VERTEX_POINT('',#8046);
#8046 = CARTESIAN_POINT('',(-78.04715646431,-23.05454279908,
    1.500002540005));
#8047 = B_SPLINE_CURVE_WITH_KNOTS('',1,(#8048,#8049),.UNSPECIFIED.,.F.,
  .F.,(2,2),(-749.3358546861,-549.1548089512),.PIECEWISE_BEZIER_KNOTS.);
#8048 = CARTESIAN_POINT('',(-83.13176519519,-23.05454279908,
    1.500002540005));
#8049 = CARTESIAN_POINT('',(-78.04715646431,-23.05454279908,
    1.500002540005));
#8050 = ORIENTED_EDGE('',*,*,#8051,.F.);
#8051 = EDGE_CURVE('',#8052,#8045,#8054,.T.);
#8052 = VERTEX_POINT('',#8053);
#8053 = CARTESIAN_POINT('',(-78.04715646431,-21.85454025908,
    1.500002540005));
#8054 = B_SPLINE_CURVE_WITH_KNOTS('',1,(#8055,#8056),.UNSPECIFIED.,.F.,
  .F.,(2,2),(0.,47.2441),.PIECEWISE_BEZIER_KNOTS.);
#8055 = CARTESIAN_POINT('',(-78.04715646431,-21.85454025908,
    1.500002540005));
#8056 = CARTESIAN_POINT('',(-78.04715646431,-23.05454279908,
    1.500002540005));
#8057 = ORIENTED_EDGE('',*,*,#8058,.F.);
#8058 = EDGE_CURVE('',#8059,#8052,#8061,.T.);
#8059 = VERTEX_POINT('',#8060);
#8060 = CARTESIAN_POINT('',(-83.13176519519,-21.85454025908,
    1.500002540005));
#8061 = B_SPLINE_CURVE_WITH_KNOTS('',1,(#8062,#8063),.UNSPECIFIED.,.F.,
  .F.,(2,2),(-749.3358546861,-549.1548089512),.PIECEWISE_BEZIER_KNOTS.);
#8062 = CARTESIAN_POINT('',(-83.13176519519,-21.85454025908,
    1.500002540005));
#8063 = CARTESIAN_POINT('',(-78.04715646431,-21.85454025908,
    1.500002540005));
#8064 = ORIENTED_EDGE('',*,*,#8065,.T.);
#8065 = EDGE_CURVE('',#8059,#8066,#8068,.T.);
#8066 = VERTEX_POINT('',#8067);
#8067 = CARTESIAN_POINT('',(-84.61716916433,-20.36913628994,
    1.500002540005));
#8068 = ( BOUNDED_CURVE() B_SPLINE_CURVE(2,(#8069,#8070,#8071),
.UNSPECIFIED.,.F.,.F.) B_SPLINE_CURVE_WITH_KNOTS((3,3),(0.280147910408,
1.290648416387),.PIECEWISE_BEZIER_KNOTS.) CURVE() 
GEOMETRIC_REPRESENTATION_ITEM() RATIONAL_B_SPLINE_CURVE((1.,
0.875053372764,1.)) REPRESENTATION_ITEM('') );
#8069 = CARTESIAN_POINT('',(-83.13176519519,-21.85454025908,
    1.500002540005));
#8070 = CARTESIAN_POINT('',(-83.46364949834,-20.70102059308,
    1.500002540005));
#8071 = CARTESIAN_POINT('',(-84.61716916433,-20.36913628994,
    1.500002540005));
#8072 = ORIENTED_EDGE('',*,*,#8073,.F.);
#8073 = EDGE_CURVE('',#8074,#8066,#8076,.T.);
#8074 = VERTEX_POINT('',#8075);
#8075 = CARTESIAN_POINT('',(-84.61716916433,-11.22942352717,
    1.500002540005));
#8076 = B_SPLINE_CURVE_WITH_KNOTS('',1,(#8077,#8078),.UNSPECIFIED.,.F.,
  .F.,(2,2),(825.66414531381,1.185494636784E+03),
  .PIECEWISE_BEZIER_KNOTS.);
#8077 = CARTESIAN_POINT('',(-84.61716916433,-11.22942352717,
    1.500002540005));
#8078 = CARTESIAN_POINT('',(-84.61716916433,-20.36913628994,
    1.500002540005));
#8079 = ORIENTED_EDGE('',*,*,#8080,.T.);
#8080 = EDGE_CURVE('',#8074,#8081,#8083,.T.);
#8081 = VERTEX_POINT('',#8082);
#8082 = CARTESIAN_POINT('',(-83.13176519519,-9.744019558039,
    1.500002540005));
#8083 = ( BOUNDED_CURVE() B_SPLINE_CURVE(2,(#8084,#8085,#8086),
.UNSPECIFIED.,.F.,.F.) B_SPLINE_CURVE_WITH_KNOTS((3,3),(4.992536890792,
6.003037396772),.PIECEWISE_BEZIER_KNOTS.) CURVE() 
GEOMETRIC_REPRESENTATION_ITEM() RATIONAL_B_SPLINE_CURVE((1.,
0.875053372764,1.)) REPRESENTATION_ITEM('') );
#8084 = CARTESIAN_POINT('',(-84.61716916433,-11.22942352717,
    1.500002540005));
#8085 = CARTESIAN_POINT('',(-83.46364949834,-10.89753922403,
    1.500002540005));
#8086 = CARTESIAN_POINT('',(-83.13176519519,-9.744019558039,
    1.500002540005));
#8087 = ORIENTED_EDGE('',*,*,#8088,.T.);
#8088 = EDGE_CURVE('',#8081,#8089,#8091,.T.);
#8089 = VERTEX_POINT('',#8090);
#8090 = CARTESIAN_POINT('',(-78.04715646431,-9.744019558039,
    1.500002540005));
#8091 = B_SPLINE_CURVE_WITH_KNOTS('',1,(#8092,#8093),.UNSPECIFIED.,.F.,
  .F.,(2,2),(-749.3358546861,-549.1548089512),.PIECEWISE_BEZIER_KNOTS.);
#8092 = CARTESIAN_POINT('',(-83.13176519519,-9.744019558039,
    1.500002540005));
#8093 = CARTESIAN_POINT('',(-78.04715646431,-9.744019558039,
    1.500002540005));
#8094 = ORIENTED_EDGE('',*,*,#8095,.F.);
#8095 = EDGE_CURVE('',#8096,#8089,#8098,.T.);
#8096 = VERTEX_POINT('',#8097);
#8097 = CARTESIAN_POINT('',(-78.04715646431,-8.544017018034,
    1.500002540005));
#8098 = B_SPLINE_CURVE_WITH_KNOTS('',1,(#8099,#8100),.UNSPECIFIED.,.F.,
  .F.,(2,2),(0.,47.2441),.PIECEWISE_BEZIER_KNOTS.);
#8099 = CARTESIAN_POINT('',(-78.04715646431,-8.544017018034,
    1.500002540005));
#8100 = CARTESIAN_POINT('',(-78.04715646431,-9.744019558039,
    1.500002540005));
#8101 = ORIENTED_EDGE('',*,*,#8102,.F.);
#8102 = EDGE_CURVE('',#8103,#8096,#8105,.T.);
#8103 = VERTEX_POINT('',#8104);
#8104 = CARTESIAN_POINT('',(-83.13176519519,-8.544017018034,
    1.500002540005));
#8105 = B_SPLINE_CURVE_WITH_KNOTS('',1,(#8106,#8107),.UNSPECIFIED.,.F.,
  .F.,(2,2),(-749.3358546861,-549.1548089512),.PIECEWISE_BEZIER_KNOTS.);
#8106 = CARTESIAN_POINT('',(-83.13176519519,-8.544017018034,
    1.500002540005));
#8107 = CARTESIAN_POINT('',(-78.04715646431,-8.544017018034,
    1.500002540005));
#8108 = ORIENTED_EDGE('',*,*,#8109,.T.);
#8109 = EDGE_CURVE('',#8103,#8110,#8112,.T.);
#8110 = VERTEX_POINT('',#8111);
#8111 = CARTESIAN_POINT('',(-84.61716916433,-7.058613048894,
    1.500002540005));
#8112 = ( BOUNDED_CURVE() B_SPLINE_CURVE(2,(#8113,#8114,#8115),
.UNSPECIFIED.,.F.,.F.) B_SPLINE_CURVE_WITH_KNOTS((3,3),(0.280147910408,
1.290648416387),.PIECEWISE_BEZIER_KNOTS.) CURVE() 
GEOMETRIC_REPRESENTATION_ITEM() RATIONAL_B_SPLINE_CURVE((1.,
0.875053372764,1.)) REPRESENTATION_ITEM('') );
#8113 = CARTESIAN_POINT('',(-83.13176519519,-8.544017018034,
    1.500002540005));
#8114 = CARTESIAN_POINT('',(-83.46364949834,-7.39049735204,
    1.500002540005));
#8115 = CARTESIAN_POINT('',(-84.61716916433,-7.058613048894,
    1.500002540005));
#8116 = ORIENTED_EDGE('',*,*,#8117,.T.);
#8117 = EDGE_CURVE('',#8110,#8118,#8120,.T.);
#8118 = VERTEX_POINT('',#8119);
#8119 = CARTESIAN_POINT('',(-84.61716916433,-1.974004318009,
    1.500002540005));
#8120 = B_SPLINE_CURVE_WITH_KNOTS('',1,(#8121,#8122),.UNSPECIFIED.,.F.,
  .F.,(2,2),(-806.8358546861,-606.6548089512),.PIECEWISE_BEZIER_KNOTS.);
#8121 = CARTESIAN_POINT('',(-84.61716916433,-7.058613048894,
    1.500002540005));
#8122 = CARTESIAN_POINT('',(-84.61716916433,-1.974004318009,
    1.500002540005));
#8123 = ORIENTED_EDGE('',*,*,#8124,.F.);
#8124 = EDGE_CURVE('',#8125,#8118,#8127,.T.);
#8125 = VERTEX_POINT('',#8126);
#8126 = CARTESIAN_POINT('',(-85.81717170434,-1.974004318009,
    1.500002540005));
#8127 = B_SPLINE_CURVE_WITH_KNOTS('',1,(#8128,#8129),.UNSPECIFIED.,.F.,
  .F.,(2,2),(0.,47.2441),.PIECEWISE_BEZIER_KNOTS.);
#8128 = CARTESIAN_POINT('',(-85.81717170434,-1.974004318009,
    1.500002540005));
#8129 = CARTESIAN_POINT('',(-84.61716916433,-1.974004318009,
    1.500002540005));
#8130 = ORIENTED_EDGE('',*,*,#8131,.F.);
#8131 = EDGE_CURVE('',#8132,#8125,#8134,.T.);
#8132 = VERTEX_POINT('',#8133);
#8133 = CARTESIAN_POINT('',(-85.81717170434,-7.058613048894,
    1.500002540005));
#8134 = B_SPLINE_CURVE_WITH_KNOTS('',1,(#8135,#8136),.UNSPECIFIED.,.F.,
  .F.,(2,2),(-806.8358546861,-606.6548089512),.PIECEWISE_BEZIER_KNOTS.);
#8135 = CARTESIAN_POINT('',(-85.81717170434,-7.058613048894,
    1.500002540005));
#8136 = CARTESIAN_POINT('',(-85.81717170434,-1.974004318009,
    1.500002540005));
#8137 = ORIENTED_EDGE('',*,*,#8138,.T.);
#8138 = EDGE_CURVE('',#8132,#8139,#8141,.T.);
#8139 = VERTEX_POINT('',#8140);
#8140 = CARTESIAN_POINT('',(-87.30257567348,-8.544017018034,
    1.500002540005));
#8141 = ( BOUNDED_CURVE() B_SPLINE_CURVE(2,(#8142,#8143,#8144),
.UNSPECIFIED.,.F.,.F.) B_SPLINE_CURVE_WITH_KNOTS((3,3),(1.850944237203,
2.861444743182),.PIECEWISE_BEZIER_KNOTS.) CURVE() 
GEOMETRIC_REPRESENTATION_ITEM() RATIONAL_B_SPLINE_CURVE((1.,
0.875053372764,1.)) REPRESENTATION_ITEM('') );
#8142 = CARTESIAN_POINT('',(-85.81717170434,-7.058613048894,
    1.500002540005));
#8143 = CARTESIAN_POINT('',(-86.97069137033,-7.39049735204,
    1.500002540005));
#8144 = CARTESIAN_POINT('',(-87.30257567348,-8.544017018034,
    1.500002540005));
#8145 = ORIENTED_EDGE('',*,*,#8146,.T.);
#8146 = EDGE_CURVE('',#8139,#8147,#8149,.T.);
#8147 = VERTEX_POINT('',#8148);
#8148 = CARTESIAN_POINT('',(-92.38718440436,-8.544017018034,
    1.500002540005));
#8149 = B_SPLINE_CURVE_WITH_KNOTS('',1,(#8150,#8151),.UNSPECIFIED.,.F.,
  .F.,(2,2),(768.16414531383,968.34519104879),.PIECEWISE_BEZIER_KNOTS.);
#8150 = CARTESIAN_POINT('',(-87.30257567348,-8.544017018034,
    1.500002540005));
#8151 = CARTESIAN_POINT('',(-92.38718440436,-8.544017018034,
    1.500002540005));
#8152 = ORIENTED_EDGE('',*,*,#8153,.F.);
#8153 = EDGE_CURVE('',#8154,#8147,#8156,.T.);
#8154 = VERTEX_POINT('',#8155);
#8155 = CARTESIAN_POINT('',(-92.38718440436,-9.744019558039,
    1.500002540005));
#8156 = B_SPLINE_CURVE_WITH_KNOTS('',1,(#8157,#8158),.UNSPECIFIED.,.F.,
  .F.,(2,2),(0.,47.2441),.PIECEWISE_BEZIER_KNOTS.);
#8157 = CARTESIAN_POINT('',(-92.38718440436,-9.744019558039,
    1.500002540005));
#8158 = CARTESIAN_POINT('',(-92.38718440436,-8.544017018034,
    1.500002540005));
#8159 = ORIENTED_EDGE('',*,*,#8160,.F.);
#8160 = EDGE_CURVE('',#8161,#8154,#8163,.T.);
#8161 = VERTEX_POINT('',#8162);
#8162 = CARTESIAN_POINT('',(-87.30257567348,-9.744019558039,
    1.500002540005));
#8163 = B_SPLINE_CURVE_WITH_KNOTS('',1,(#8164,#8165),.UNSPECIFIED.,.F.,
  .F.,(2,2),(768.16414531383,968.34519104879),.PIECEWISE_BEZIER_KNOTS.);
#8164 = CARTESIAN_POINT('',(-87.30257567348,-9.744019558039,
    1.500002540005));
#8165 = CARTESIAN_POINT('',(-92.38718440436,-9.744019558039,
    1.500002540005));
#8166 = ORIENTED_EDGE('',*,*,#8167,.T.);
#8167 = EDGE_CURVE('',#8161,#8168,#8170,.T.);
#8168 = VERTEX_POINT('',#8169);
#8169 = CARTESIAN_POINT('',(-85.81717170434,-11.22942352717,
    1.500002540005));
#8170 = ( BOUNDED_CURVE() B_SPLINE_CURVE(2,(#8171,#8172,#8173),
.UNSPECIFIED.,.F.,.F.) B_SPLINE_CURVE_WITH_KNOTS((3,3),(3.421740563997,
4.432241069977),.PIECEWISE_BEZIER_KNOTS.) CURVE() 
GEOMETRIC_REPRESENTATION_ITEM() RATIONAL_B_SPLINE_CURVE((1.,
0.875053372764,1.)) REPRESENTATION_ITEM('') );
#8171 = CARTESIAN_POINT('',(-87.30257567348,-9.744019558039,
    1.500002540005));
#8172 = CARTESIAN_POINT('',(-86.97069137033,-10.89753922403,
    1.500002540005));
#8173 = CARTESIAN_POINT('',(-85.81717170434,-11.22942352717,
    1.500002540005));
#8174 = ORIENTED_EDGE('',*,*,#8175,.T.);
#8175 = EDGE_CURVE('',#8168,#8176,#8178,.T.);
#8176 = VERTEX_POINT('',#8177);
#8177 = CARTESIAN_POINT('',(-85.81717170434,-20.36913628994,
    1.500002540005));
#8178 = B_SPLINE_CURVE_WITH_KNOTS('',1,(#8179,#8180),.UNSPECIFIED.,.F.,
  .F.,(2,2),(825.66414531381,1.185494636784E+03),
  .PIECEWISE_BEZIER_KNOTS.);
#8179 = CARTESIAN_POINT('',(-85.81717170434,-11.22942352717,
    1.500002540005));
#8180 = CARTESIAN_POINT('',(-85.81717170434,-20.36913628994,
    1.500002540005));
#8181 = ORIENTED_EDGE('',*,*,#8182,.T.);
#8182 = EDGE_CURVE('',#8176,#8183,#8185,.T.);
#8183 = VERTEX_POINT('',#8184);
#8184 = CARTESIAN_POINT('',(-87.30257567348,-21.85454025908,
    1.500002540005));
#8185 = ( BOUNDED_CURVE() B_SPLINE_CURVE(2,(#8186,#8187,#8188),
.UNSPECIFIED.,.F.,.F.) B_SPLINE_CURVE_WITH_KNOTS((3,3),(1.850944237203,
2.861444743182),.PIECEWISE_BEZIER_KNOTS.) CURVE() 
GEOMETRIC_REPRESENTATION_ITEM() RATIONAL_B_SPLINE_CURVE((1.,
0.875053372764,1.)) REPRESENTATION_ITEM('') );
#8186 = CARTESIAN_POINT('',(-85.81717170434,-20.36913628994,
    1.500002540005));
#8187 = CARTESIAN_POINT('',(-86.97069137033,-20.70102059308,
    1.500002540005));
#8188 = CARTESIAN_POINT('',(-87.30257567348,-21.85454025908,
    1.500002540005));
#8189 = ORIENTED_EDGE('',*,*,#8190,.T.);
#8190 = EDGE_CURVE('',#8183,#8191,#8193,.T.);
#8191 = VERTEX_POINT('',#8192);
#8192 = CARTESIAN_POINT('',(-92.38718440436,-21.85454025908,
    1.500002540005));
#8193 = B_SPLINE_CURVE_WITH_KNOTS('',1,(#8194,#8195),.UNSPECIFIED.,.F.,
  .F.,(2,2),(768.16414531383,968.34519104879),.PIECEWISE_BEZIER_KNOTS.);
#8194 = CARTESIAN_POINT('',(-87.30257567348,-21.85454025908,
    1.500002540005));
#8195 = CARTESIAN_POINT('',(-92.38718440436,-21.85454025908,
    1.500002540005));
#8196 = ORIENTED_EDGE('',*,*,#8197,.F.);
#8197 = EDGE_CURVE('',#8198,#8191,#8200,.T.);
#8198 = VERTEX_POINT('',#8199);
#8199 = CARTESIAN_POINT('',(-92.38718440436,-23.05454279908,
    1.500002540005));
#8200 = B_SPLINE_CURVE_WITH_KNOTS('',1,(#8201,#8202),.UNSPECIFIED.,.F.,
  .F.,(2,2),(0.,47.2441),.PIECEWISE_BEZIER_KNOTS.);
#8201 = CARTESIAN_POINT('',(-92.38718440436,-23.05454279908,
    1.500002540005));
#8202 = CARTESIAN_POINT('',(-92.38718440436,-21.85454025908,
    1.500002540005));
#8203 = ORIENTED_EDGE('',*,*,#8204,.F.);
#8204 = EDGE_CURVE('',#8205,#8198,#8207,.T.);
#8205 = VERTEX_POINT('',#8206);
#8206 = CARTESIAN_POINT('',(-87.30257567348,-23.05454279908,
    1.500002540005));
#8207 = B_SPLINE_CURVE_WITH_KNOTS('',1,(#8208,#8209),.UNSPECIFIED.,.F.,
  .F.,(2,2),(768.16414531383,968.34519104879),.PIECEWISE_BEZIER_KNOTS.);
#8208 = CARTESIAN_POINT('',(-87.30257567348,-23.05454279908,
    1.500002540005));
#8209 = CARTESIAN_POINT('',(-92.38718440436,-23.05454279908,
    1.500002540005));
#8210 = ORIENTED_EDGE('',*,*,#8211,.T.);
#8211 = EDGE_CURVE('',#8205,#8212,#8214,.T.);
#8212 = VERTEX_POINT('',#8213);
#8213 = CARTESIAN_POINT('',(-85.81717170434,-24.53994676822,
    1.500002540005));
#8214 = ( BOUNDED_CURVE() B_SPLINE_CURVE(2,(#8215,#8216,#8217),
.UNSPECIFIED.,.F.,.F.) B_SPLINE_CURVE_WITH_KNOTS((3,3),(3.421740563997,
4.432241069977),.PIECEWISE_BEZIER_KNOTS.) CURVE() 
GEOMETRIC_REPRESENTATION_ITEM() RATIONAL_B_SPLINE_CURVE((1.,
0.875053372764,1.)) REPRESENTATION_ITEM('') );
#8215 = CARTESIAN_POINT('',(-87.30257567348,-23.05454279908,
    1.500002540005));
#8216 = CARTESIAN_POINT('',(-86.97069137033,-24.20806246508,
    1.500002540005));
#8217 = CARTESIAN_POINT('',(-85.81717170434,-24.53994676822,
    1.500002540005));
#8218 = ORIENTED_EDGE('',*,*,#8219,.T.);
#8219 = EDGE_CURVE('',#8212,#8220,#8222,.T.);
#8220 = VERTEX_POINT('',#8221);
#8221 = CARTESIAN_POINT('',(-85.81717170434,-29.47605918211,
    1.500002540005));
#8222 = B_SPLINE_CURVE_WITH_KNOTS('',1,(#8223,#8224),.UNSPECIFIED.,.F.,
  .F.,(2,2),(1.087681795314E+03,1.282016541049E+03),
  .PIECEWISE_BEZIER_KNOTS.);
#8223 = CARTESIAN_POINT('',(-85.81717170434,-24.53994676822,
    1.500002540005));
#8224 = CARTESIAN_POINT('',(-85.81717170434,-29.47605918211,
    1.500002540005));
#8225 = ORIENTED_EDGE('',*,*,#8226,.T.);
#8226 = EDGE_CURVE('',#8220,#8227,#8229,.T.);
#8227 = VERTEX_POINT('',#8228);
#8228 = CARTESIAN_POINT('',(-95.26219075438,-29.47605918211,
    1.500002540005));
#8229 = B_SPLINE_CURVE_WITH_KNOTS('',1,(#8230,#8231),.UNSPECIFIED.,.F.,
  .F.,(2,2),(3.4540945E+03,3.8259449E+03),.PIECEWISE_BEZIER_KNOTS.);
#8230 = CARTESIAN_POINT('',(-85.81717170434,-29.47605918211,
    1.500002540005));
#8231 = CARTESIAN_POINT('',(-95.26219075438,-29.47605918211,
    1.500002540005));
#8232 = ORIENTED_EDGE('',*,*,#8233,.T.);
#8233 = EDGE_CURVE('',#8227,#6537,#8234,.T.);
#8234 = B_SPLINE_CURVE_WITH_KNOTS('',1,(#8235,#8236),.UNSPECIFIED.,.F.,
  .F.,(2,2),(0.,4.8659449E+03),.PIECEWISE_BEZIER_KNOTS.);
#8235 = CARTESIAN_POINT('',(-95.26219075438,-29.47605918211,
    1.500002540005));
#8236 = CARTESIAN_POINT('',(-95.26219075438,94.119188468377,
    1.500002540005));
#8237 = FACE_BOUND('',#8238,.F.);
#8238 = EDGE_LOOP('',(#8239,#8248,#8255,#8263,#8270,#8277,#8284,#8292,
    #8299,#8306,#8313,#8321,#8328,#8335,#8342,#8350));
#8239 = ORIENTED_EDGE('',*,*,#8240,.F.);
#8240 = EDGE_CURVE('',#8241,#8243,#8245,.T.);
#8241 = VERTEX_POINT('',#8242);
#8242 = CARTESIAN_POINT('',(-79.45215865887,86.579173177546,
    1.500002540005));
#8243 = VERTEX_POINT('',#8244);
#8244 = CARTESIAN_POINT('',(-79.45215865887,85.379170739142,
    1.500002540005));
#8245 = B_SPLINE_CURVE_WITH_KNOTS('',1,(#8246,#8247),.UNSPECIFIED.,.F.,
  .F.,(2,2),(0.,47.244096),.PIECEWISE_BEZIER_KNOTS.);
#8246 = CARTESIAN_POINT('',(-79.45215865887,86.579173177546,
    1.500002540005));
#8247 = CARTESIAN_POINT('',(-79.45215865887,85.379170739142,
    1.500002540005));
#8248 = ORIENTED_EDGE('',*,*,#8249,.F.);
#8249 = EDGE_CURVE('',#8250,#8241,#8252,.T.);
#8250 = VERTEX_POINT('',#8251);
#8251 = CARTESIAN_POINT('',(-84.52045798216,86.579173177546,
    1.500002540005));
#8252 = B_SPLINE_CURVE_WITH_KNOTS('',1,(#8253,#8254),.UNSPECIFIED.,.F.,
  .F.,(2,2),(-777.698408572,-578.159464214),.PIECEWISE_BEZIER_KNOTS.);
#8253 = CARTESIAN_POINT('',(-84.52045798216,86.579173177546,
    1.500002540005));
#8254 = CARTESIAN_POINT('',(-79.45215865887,86.579173177546,
    1.500002540005));
#8255 = ORIENTED_EDGE('',*,*,#8256,.T.);
#8256 = EDGE_CURVE('',#8250,#8257,#8259,.T.);
#8257 = VERTEX_POINT('',#8258);
#8258 = CARTESIAN_POINT('',(-86.52217302514,88.580888220524,
    1.500002540005));
#8259 = ( BOUNDED_CURVE() B_SPLINE_CURVE(2,(#8260,#8261,#8262),
.UNSPECIFIED.,.F.,.F.) B_SPLINE_CURVE_WITH_KNOTS((3,3),(0.226654754756,
1.344141572039),.PIECEWISE_BEZIER_KNOTS.) CURVE() 
GEOMETRIC_REPRESENTATION_ITEM() RATIONAL_B_SPLINE_CURVE((1.,
0.847921925907,1.)) REPRESENTATION_ITEM('') );
#8260 = CARTESIAN_POINT('',(-84.52045798216,86.579173177546,
    1.500002540005));
#8261 = CARTESIAN_POINT('',(-84.89557898308,88.205767219603,
    1.500002540005));
#8262 = CARTESIAN_POINT('',(-86.52217302514,88.580888220524,
    1.500002540005));
#8263 = ORIENTED_EDGE('',*,*,#8264,.T.);
#8264 = EDGE_CURVE('',#8257,#8265,#8267,.T.);
#8265 = VERTEX_POINT('',#8266);
#8266 = CARTESIAN_POINT('',(-86.52217302514,93.649187543815,
    1.500002540005));
#8267 = B_SPLINE_CURVE_WITH_KNOTS('',1,(#8268,#8269),.UNSPECIFIED.,.F.,
  .F.,(2,2),(1.074801591428E+03,1.274340535786E+03),
  .PIECEWISE_BEZIER_KNOTS.);
#8268 = CARTESIAN_POINT('',(-86.52217302514,88.580888220524,
    1.500002540005));
#8269 = CARTESIAN_POINT('',(-86.52217302514,93.649187543815,
    1.500002540005));
#8270 = ORIENTED_EDGE('',*,*,#8271,.F.);
#8271 = EDGE_CURVE('',#8272,#8265,#8274,.T.);
#8272 = VERTEX_POINT('',#8273);
#8273 = CARTESIAN_POINT('',(-87.72217546355,93.649187543815,
    1.500002540005));
#8274 = B_SPLINE_CURVE_WITH_KNOTS('',1,(#8275,#8276),.UNSPECIFIED.,.F.,
  .F.,(2,2),(0.,47.244096),.PIECEWISE_BEZIER_KNOTS.);
#8275 = CARTESIAN_POINT('',(-87.72217546355,93.649187543815,
    1.500002540005));
#8276 = CARTESIAN_POINT('',(-86.52217302514,93.649187543815,
    1.500002540005));
#8277 = ORIENTED_EDGE('',*,*,#8278,.F.);
#8278 = EDGE_CURVE('',#8279,#8272,#8281,.T.);
#8279 = VERTEX_POINT('',#8280);
#8280 = CARTESIAN_POINT('',(-87.72217546355,88.580888220524,
    1.500002540005));
#8281 = B_SPLINE_CURVE_WITH_KNOTS('',1,(#8282,#8283),.UNSPECIFIED.,.F.,
  .F.,(2,2),(1.074801591428E+03,1.274340535786E+03),
  .PIECEWISE_BEZIER_KNOTS.);
#8282 = CARTESIAN_POINT('',(-87.72217546355,88.580888220524,
    1.500002540005));
#8283 = CARTESIAN_POINT('',(-87.72217546355,93.649187543815,
    1.500002540005));
#8284 = ORIENTED_EDGE('',*,*,#8285,.T.);
#8285 = EDGE_CURVE('',#8279,#8286,#8288,.T.);
#8286 = VERTEX_POINT('',#8287);
#8287 = CARTESIAN_POINT('',(-89.72389050652,86.579173177546,
    1.500002540005));
#8288 = ( BOUNDED_CURVE() B_SPLINE_CURVE(2,(#8289,#8290,#8291),
.UNSPECIFIED.,.F.,.F.) B_SPLINE_CURVE_WITH_KNOTS((3,3),(1.79745108155,
2.914937898834),.PIECEWISE_BEZIER_KNOTS.) CURVE() 
GEOMETRIC_REPRESENTATION_ITEM() RATIONAL_B_SPLINE_CURVE((1.,
0.847921925907,1.)) REPRESENTATION_ITEM('') );
#8289 = CARTESIAN_POINT('',(-87.72217546355,88.580888220524,
    1.500002540005));
#8290 = CARTESIAN_POINT('',(-89.3487695056,88.205767219603,
    1.500002540005));
#8291 = CARTESIAN_POINT('',(-89.72389050652,86.579173177546,
    1.500002540005));
#8292 = ORIENTED_EDGE('',*,*,#8293,.T.);
#8293 = EDGE_CURVE('',#8286,#8294,#8296,.T.);
#8294 = VERTEX_POINT('',#8295);
#8295 = CARTESIAN_POINT('',(-94.79218982982,86.579173177546,
    1.500002540005));
#8296 = B_SPLINE_CURVE_WITH_KNOTS('',1,(#8297,#8298),.UNSPECIFIED.,.F.,
  .F.,(2,2),(814.80159142792,1.014340535786E+03),
  .PIECEWISE_BEZIER_KNOTS.);
#8297 = CARTESIAN_POINT('',(-89.72389050652,86.579173177546,
    1.500002540005));
#8298 = CARTESIAN_POINT('',(-94.79218982982,86.579173177546,
    1.500002540005));
#8299 = ORIENTED_EDGE('',*,*,#8300,.F.);
#8300 = EDGE_CURVE('',#8301,#8294,#8303,.T.);
#8301 = VERTEX_POINT('',#8302);
#8302 = CARTESIAN_POINT('',(-94.79218982982,85.379170739141,
    1.500002540005));
#8303 = B_SPLINE_CURVE_WITH_KNOTS('',1,(#8304,#8305),.UNSPECIFIED.,.F.,
  .F.,(2,2),(0.,47.244096),.PIECEWISE_BEZIER_KNOTS.);
#8304 = CARTESIAN_POINT('',(-94.79218982982,85.379170739141,
    1.500002540005));
#8305 = CARTESIAN_POINT('',(-94.79218982982,86.579173177546,
    1.500002540005));
#8306 = ORIENTED_EDGE('',*,*,#8307,.F.);
#8307 = EDGE_CURVE('',#8308,#8301,#8310,.T.);
#8308 = VERTEX_POINT('',#8309);
#8309 = CARTESIAN_POINT('',(-89.72389050652,85.379170739141,
    1.500002540005));
#8310 = B_SPLINE_CURVE_WITH_KNOTS('',1,(#8311,#8312),.UNSPECIFIED.,.F.,
  .F.,(2,2),(814.80159142788,1.014340535786E+03),
  .PIECEWISE_BEZIER_KNOTS.);
#8311 = CARTESIAN_POINT('',(-89.72389050652,85.379170739141,
    1.500002540005));
#8312 = CARTESIAN_POINT('',(-94.79218982982,85.379170739141,
    1.500002540005));
#8313 = ORIENTED_EDGE('',*,*,#8314,.T.);
#8314 = EDGE_CURVE('',#8308,#8315,#8317,.T.);
#8315 = VERTEX_POINT('',#8316);
#8316 = CARTESIAN_POINT('',(-87.72217546355,83.377455696164,
    1.500002540005));
#8317 = ( BOUNDED_CURVE() B_SPLINE_CURVE(2,(#8318,#8319,#8320),
.UNSPECIFIED.,.F.,.F.) B_SPLINE_CURVE_WITH_KNOTS((3,3),(3.368247408345,
4.485734225629),.PIECEWISE_BEZIER_KNOTS.) CURVE() 
GEOMETRIC_REPRESENTATION_ITEM() RATIONAL_B_SPLINE_CURVE((1.,
0.847921925907,1.)) REPRESENTATION_ITEM('') );
#8318 = CARTESIAN_POINT('',(-89.72389050652,85.379170739141,
    1.500002540005));
#8319 = CARTESIAN_POINT('',(-89.3487695056,83.752576697085,
    1.500002540005));
#8320 = CARTESIAN_POINT('',(-87.72217546355,83.377455696164,
    1.500002540005));
#8321 = ORIENTED_EDGE('',*,*,#8322,.T.);
#8322 = EDGE_CURVE('',#8315,#8323,#8325,.T.);
#8323 = VERTEX_POINT('',#8324);
#8324 = CARTESIAN_POINT('',(-87.72217546355,78.309156372873,
    1.500002540005));
#8325 = B_SPLINE_CURVE_WITH_KNOTS('',1,(#8326,#8327),.UNSPECIFIED.,.F.,
  .F.,(2,2),(-1.037698408572E+03,-838.159464214),
  .PIECEWISE_BEZIER_KNOTS.);
#8326 = CARTESIAN_POINT('',(-87.72217546355,83.377455696164,
    1.500002540005));
#8327 = CARTESIAN_POINT('',(-87.72217546355,78.309156372873,
    1.500002540005));
#8328 = ORIENTED_EDGE('',*,*,#8329,.F.);
#8329 = EDGE_CURVE('',#8330,#8323,#8332,.T.);
#8330 = VERTEX_POINT('',#8331);
#8331 = CARTESIAN_POINT('',(-86.52217302514,78.309156372873,
    1.500002540005));
#8332 = B_SPLINE_CURVE_WITH_KNOTS('',1,(#8333,#8334),.UNSPECIFIED.,.F.,
  .F.,(2,2),(0.,47.244096),.PIECEWISE_BEZIER_KNOTS.);
#8333 = CARTESIAN_POINT('',(-86.52217302514,78.309156372873,
    1.500002540005));
#8334 = CARTESIAN_POINT('',(-87.72217546355,78.309156372873,
    1.500002540005));
#8335 = ORIENTED_EDGE('',*,*,#8336,.F.);
#8336 = EDGE_CURVE('',#8337,#8330,#8339,.T.);
#8337 = VERTEX_POINT('',#8338);
#8338 = CARTESIAN_POINT('',(-86.52217302514,83.377455696164,
    1.500002540005));
#8339 = B_SPLINE_CURVE_WITH_KNOTS('',1,(#8340,#8341),.UNSPECIFIED.,.F.,
  .F.,(2,2),(-1.037698408572E+03,-838.159464214),
  .PIECEWISE_BEZIER_KNOTS.);
#8340 = CARTESIAN_POINT('',(-86.52217302514,83.377455696164,
    1.500002540005));
#8341 = CARTESIAN_POINT('',(-86.52217302514,78.309156372873,
    1.500002540005));
#8342 = ORIENTED_EDGE('',*,*,#8343,.T.);
#8343 = EDGE_CURVE('',#8337,#8344,#8346,.T.);
#8344 = VERTEX_POINT('',#8345);
#8345 = CARTESIAN_POINT('',(-84.52045798216,85.379170739142,
    1.500002540005));
#8346 = ( BOUNDED_CURVE() B_SPLINE_CURVE(2,(#8347,#8348,#8349),
.UNSPECIFIED.,.F.,.F.) B_SPLINE_CURVE_WITH_KNOTS((3,3),(4.93904373514,
6.056530552424),.PIECEWISE_BEZIER_KNOTS.) CURVE() 
GEOMETRIC_REPRESENTATION_ITEM() RATIONAL_B_SPLINE_CURVE((1.,
0.847921925907,1.)) REPRESENTATION_ITEM('') );
#8347 = CARTESIAN_POINT('',(-86.52217302514,83.377455696164,
    1.500002540005));
#8348 = CARTESIAN_POINT('',(-84.89557898308,83.752576697085,
    1.500002540005));
#8349 = CARTESIAN_POINT('',(-84.52045798216,85.379170739142,
    1.500002540005));
#8350 = ORIENTED_EDGE('',*,*,#8351,.T.);
#8351 = EDGE_CURVE('',#8344,#8243,#8352,.T.);
#8352 = B_SPLINE_CURVE_WITH_KNOTS('',1,(#8353,#8354),.UNSPECIFIED.,.F.,
  .F.,(2,2),(-777.698408572,-578.159464214),.PIECEWISE_BEZIER_KNOTS.);
#8353 = CARTESIAN_POINT('',(-84.52045798216,85.379170739142,
    1.500002540005));
#8354 = CARTESIAN_POINT('',(-79.45215865887,85.379170739142,
    1.500002540005));
#8355 = B_SPLINE_SURFACE_WITH_KNOTS('',1,1,(
    (#8356,#8357)
    ,(#8358,#8359
    )),.UNSPECIFIED.,.F.,.F.,.F.,(2,2),(2,2),(-1.91297245E+03,
    1.91297245E+03),(-2.43297245E+03,2.43297245E+03),
  .PIECEWISE_BEZIER_KNOTS.);
#8356 = CARTESIAN_POINT('',(1.917004064008,-29.47605918211,
    1.500002540005));
#8357 = CARTESIAN_POINT('',(1.917004064008,94.119188468377,
    1.500002540005));
#8358 = CARTESIAN_POINT('',(-95.26219075438,-29.47605918211,
    1.500002540005));
#8359 = CARTESIAN_POINT('',(-95.26219075438,94.119188468377,
    1.500002540005));
#8360 = ADVANCED_FACE('',(#8361),#8386,.T.);
#8361 = FACE_BOUND('',#8362,.T.);
#8362 = EDGE_LOOP('',(#8363,#8364,#8372,#8380));
#8363 = ORIENTED_EDGE('',*,*,#6594,.T.);
#8364 = ORIENTED_EDGE('',*,*,#8365,.T.);
#8365 = EDGE_CURVE('',#6595,#8366,#8368,.T.);
#8366 = VERTEX_POINT('',#8367);
#8367 = CARTESIAN_POINT('',(1.917,94.12,31.));
#8368 = LINE('',#8369,#8370);
#8369 = CARTESIAN_POINT('',(1.917,-29.48,31.));
#8370 = VECTOR('',#8371,1.);
#8371 = DIRECTION('',(-0.,1.,0.));
#8372 = ORIENTED_EDGE('',*,*,#8373,.T.);
#8373 = EDGE_CURVE('',#8366,#8374,#8376,.T.);
#8374 = VERTEX_POINT('',#8375);
#8375 = CARTESIAN_POINT('',(1.917,94.12,35.));
#8376 = LINE('',#8377,#8378);
#8377 = CARTESIAN_POINT('',(1.917,94.12,31.));
#8378 = VECTOR('',#8379,1.);
#8379 = DIRECTION('',(0.,0.,1.));
#8380 = ORIENTED_EDGE('',*,*,#8381,.F.);
#8381 = EDGE_CURVE('',#6588,#8374,#8382,.T.);
#8382 = LINE('',#8383,#8384);
#8383 = CARTESIAN_POINT('',(1.917,-29.48,35.));
#8384 = VECTOR('',#8385,1.);
#8385 = DIRECTION('',(-0.,1.,0.));
#8386 = PLANE('',#8387);
#8387 = AXIS2_PLACEMENT_3D('',#8388,#8389,#8390);
#8388 = CARTESIAN_POINT('',(1.917,-29.48,31.));
#8389 = DIRECTION('',(1.,0.,-0.));
#8390 = DIRECTION('',(0.,0.,1.));
#8391 = ADVANCED_FACE('',(#8392),#8414,.F.);
#8392 = FACE_BOUND('',#8393,.F.);
#8393 = EDGE_LOOP('',(#8394,#8401,#8402,#8409));
#8394 = ORIENTED_EDGE('',*,*,#8395,.T.);
#8395 = EDGE_CURVE('',#8396,#6588,#8398,.T.);
#8396 = VERTEX_POINT('',#8397);
#8397 = CARTESIAN_POINT('',(1.917002032004,-29.47605918211,35.));
#8398 = B_SPLINE_CURVE_WITH_KNOTS('',1,(#8399,#8400),.UNSPECIFIED.,.F.,
  .F.,(2,2),(0.,1.),.PIECEWISE_BEZIER_KNOTS.);
#8399 = CARTESIAN_POINT('',(1.917004064008,-29.47605918211,35.));
#8400 = CARTESIAN_POINT('',(1.917004064008,94.119188468377,35.));
#8401 = ORIENTED_EDGE('',*,*,#6587,.T.);
#8402 = ORIENTED_EDGE('',*,*,#8403,.T.);
#8403 = EDGE_CURVE('',#6581,#8404,#8406,.T.);
#8404 = VERTEX_POINT('',#8405);
#8405 = CARTESIAN_POINT('',(1.917004064008,-29.47605918211,
    35.000071120142));
#8406 = B_SPLINE_CURVE_WITH_KNOTS('',1,(#8407,#8408),.UNSPECIFIED.,.F.,
  .F.,(2,2),(-1.216486225E+03,3.649458675E+03),
  .PIECEWISE_BEZIER_KNOTS.);
#8407 = CARTESIAN_POINT('',(1.917004064008,94.119188468377,
    35.000071120142));
#8408 = CARTESIAN_POINT('',(1.917004064008,-29.47605918211,
    35.000071120142));
#8409 = ORIENTED_EDGE('',*,*,#8410,.F.);
#8410 = EDGE_CURVE('',#8396,#8404,#8411,.T.);
#8411 = B_SPLINE_CURVE_WITH_KNOTS('',1,(#8412,#8413),.UNSPECIFIED.,.F.,
  .F.,(2,2),(0.,1.3188977E+03),.PIECEWISE_BEZIER_KNOTS.);
#8412 = CARTESIAN_POINT('',(1.917004064008,-29.47605918211,
    1.500002540005));
#8413 = CARTESIAN_POINT('',(1.917004064008,-29.47605918211,
    35.000071120142));
#8414 = B_SPLINE_SURFACE_WITH_KNOTS('',1,1,(
    (#8415,#8416)
    ,(#8417,#8418
    )),.UNSPECIFIED.,.F.,.F.,.F.,(2,2),(2,2),(0.,4.8659449E+03),(
    -1.3188977E+03,0.),.PIECEWISE_BEZIER_KNOTS.);
#8415 = CARTESIAN_POINT('',(1.917004064008,94.119188468377,
    35.000071120142));
#8416 = CARTESIAN_POINT('',(1.917004064008,94.119188468377,
    1.500002540005));
#8417 = CARTESIAN_POINT('',(1.917004064008,-29.47605918211,
    35.000071120142));
#8418 = CARTESIAN_POINT('',(1.917004064008,-29.47605918211,
    1.500002540005));
#8419 = ADVANCED_FACE('',(#8420,#8518),#8534,.F.);
#8420 = FACE_BOUND('',#8421,.F.);
#8421 = EDGE_LOOP('',(#8422,#8423,#8424,#8425,#8426,#8427,#8428,#8429,
    #8430,#8431,#8432,#8433,#8434,#8435,#8436,#8437,#8438,#8439,#8440,
    #8441,#8442,#8443,#8444,#8445,#8446,#8447,#8448,#8449,#8450,#8451,
    #8452,#8453,#8454,#8455,#8456,#8457,#8458,#8459,#8460,#8461,#8462,
    #8463,#8464,#8465,#8466,#8467,#8468,#8469,#8470,#8471,#8472,#8473,
    #8474,#8475,#8476,#8477,#8478,#8479,#8480,#8481,#8482,#8483,#8484,
    #8485,#8486,#8487,#8488,#8489,#8490,#8491,#8492,#8493,#8494,#8495,
    #8496,#8497,#8498,#8499,#8500,#8501,#8502,#8503,#8504,#8505,#8506,
    #8507,#8508,#8509,#8510,#8511,#8512,#8513,#8514,#8515,#8516,#8517));
#8422 = ORIENTED_EDGE('',*,*,#7387,.T.);
#8423 = ORIENTED_EDGE('',*,*,#6720,.T.);
#8424 = ORIENTED_EDGE('',*,*,#6729,.T.);
#8425 = ORIENTED_EDGE('',*,*,#6736,.T.);
#8426 = ORIENTED_EDGE('',*,*,#6743,.T.);
#8427 = ORIENTED_EDGE('',*,*,#6750,.T.);
#8428 = ORIENTED_EDGE('',*,*,#6757,.T.);
#8429 = ORIENTED_EDGE('',*,*,#6764,.T.);
#8430 = ORIENTED_EDGE('',*,*,#6771,.T.);
#8431 = ORIENTED_EDGE('',*,*,#6778,.T.);
#8432 = ORIENTED_EDGE('',*,*,#6785,.T.);
#8433 = ORIENTED_EDGE('',*,*,#6792,.T.);
#8434 = ORIENTED_EDGE('',*,*,#6799,.T.);
#8435 = ORIENTED_EDGE('',*,*,#6806,.T.);
#8436 = ORIENTED_EDGE('',*,*,#6813,.T.);
#8437 = ORIENTED_EDGE('',*,*,#6820,.T.);
#8438 = ORIENTED_EDGE('',*,*,#6827,.T.);
#8439 = ORIENTED_EDGE('',*,*,#6834,.T.);
#8440 = ORIENTED_EDGE('',*,*,#6841,.T.);
#8441 = ORIENTED_EDGE('',*,*,#6848,.T.);
#8442 = ORIENTED_EDGE('',*,*,#6855,.T.);
#8443 = ORIENTED_EDGE('',*,*,#6862,.T.);
#8444 = ORIENTED_EDGE('',*,*,#6869,.T.);
#8445 = ORIENTED_EDGE('',*,*,#6876,.T.);
#8446 = ORIENTED_EDGE('',*,*,#6883,.T.);
#8447 = ORIENTED_EDGE('',*,*,#6890,.T.);
#8448 = ORIENTED_EDGE('',*,*,#6897,.T.);
#8449 = ORIENTED_EDGE('',*,*,#6904,.T.);
#8450 = ORIENTED_EDGE('',*,*,#6911,.T.);
#8451 = ORIENTED_EDGE('',*,*,#6918,.T.);
#8452 = ORIENTED_EDGE('',*,*,#6925,.T.);
#8453 = ORIENTED_EDGE('',*,*,#6932,.T.);
#8454 = ORIENTED_EDGE('',*,*,#6939,.T.);
#8455 = ORIENTED_EDGE('',*,*,#6946,.T.);
#8456 = ORIENTED_EDGE('',*,*,#6953,.T.);
#8457 = ORIENTED_EDGE('',*,*,#6960,.T.);
#8458 = ORIENTED_EDGE('',*,*,#6967,.T.);
#8459 = ORIENTED_EDGE('',*,*,#6974,.T.);
#8460 = ORIENTED_EDGE('',*,*,#6981,.T.);
#8461 = ORIENTED_EDGE('',*,*,#6988,.T.);
#8462 = ORIENTED_EDGE('',*,*,#6995,.T.);
#8463 = ORIENTED_EDGE('',*,*,#7002,.T.);
#8464 = ORIENTED_EDGE('',*,*,#7009,.T.);
#8465 = ORIENTED_EDGE('',*,*,#7016,.T.);
#8466 = ORIENTED_EDGE('',*,*,#7023,.T.);
#8467 = ORIENTED_EDGE('',*,*,#7030,.T.);
#8468 = ORIENTED_EDGE('',*,*,#7037,.T.);
#8469 = ORIENTED_EDGE('',*,*,#7044,.T.);
#8470 = ORIENTED_EDGE('',*,*,#7051,.T.);
#8471 = ORIENTED_EDGE('',*,*,#7058,.T.);
#8472 = ORIENTED_EDGE('',*,*,#7065,.T.);
#8473 = ORIENTED_EDGE('',*,*,#7072,.T.);
#8474 = ORIENTED_EDGE('',*,*,#7079,.T.);
#8475 = ORIENTED_EDGE('',*,*,#7086,.T.);
#8476 = ORIENTED_EDGE('',*,*,#7093,.T.);
#8477 = ORIENTED_EDGE('',*,*,#7100,.T.);
#8478 = ORIENTED_EDGE('',*,*,#7107,.T.);
#8479 = ORIENTED_EDGE('',*,*,#7114,.T.);
#8480 = ORIENTED_EDGE('',*,*,#7121,.T.);
#8481 = ORIENTED_EDGE('',*,*,#7128,.T.);
#8482 = ORIENTED_EDGE('',*,*,#7135,.T.);
#8483 = ORIENTED_EDGE('',*,*,#7142,.T.);
#8484 = ORIENTED_EDGE('',*,*,#7149,.T.);
#8485 = ORIENTED_EDGE('',*,*,#7156,.T.);
#8486 = ORIENTED_EDGE('',*,*,#7163,.T.);
#8487 = ORIENTED_EDGE('',*,*,#7170,.T.);
#8488 = ORIENTED_EDGE('',*,*,#7177,.T.);
#8489 = ORIENTED_EDGE('',*,*,#7184,.T.);
#8490 = ORIENTED_EDGE('',*,*,#7191,.T.);
#8491 = ORIENTED_EDGE('',*,*,#7198,.T.);
#8492 = ORIENTED_EDGE('',*,*,#7205,.T.);
#8493 = ORIENTED_EDGE('',*,*,#7212,.T.);
#8494 = ORIENTED_EDGE('',*,*,#7219,.T.);
#8495 = ORIENTED_EDGE('',*,*,#7226,.T.);
#8496 = ORIENTED_EDGE('',*,*,#7233,.T.);
#8497 = ORIENTED_EDGE('',*,*,#7240,.T.);
#8498 = ORIENTED_EDGE('',*,*,#7247,.T.);
#8499 = ORIENTED_EDGE('',*,*,#7254,.T.);
#8500 = ORIENTED_EDGE('',*,*,#7261,.T.);
#8501 = ORIENTED_EDGE('',*,*,#7268,.T.);
#8502 = ORIENTED_EDGE('',*,*,#7275,.T.);
#8503 = ORIENTED_EDGE('',*,*,#7282,.T.);
#8504 = ORIENTED_EDGE('',*,*,#7289,.T.);
#8505 = ORIENTED_EDGE('',*,*,#7296,.T.);
#8506 = ORIENTED_EDGE('',*,*,#7303,.T.);
#8507 = ORIENTED_EDGE('',*,*,#7310,.T.);
#8508 = ORIENTED_EDGE('',*,*,#7317,.T.);
#8509 = ORIENTED_EDGE('',*,*,#7324,.T.);
#8510 = ORIENTED_EDGE('',*,*,#7331,.T.);
#8511 = ORIENTED_EDGE('',*,*,#7338,.T.);
#8512 = ORIENTED_EDGE('',*,*,#7345,.T.);
#8513 = ORIENTED_EDGE('',*,*,#7352,.T.);
#8514 = ORIENTED_EDGE('',*,*,#7359,.T.);
#8515 = ORIENTED_EDGE('',*,*,#7366,.T.);
#8516 = ORIENTED_EDGE('',*,*,#7373,.T.);
#8517 = ORIENTED_EDGE('',*,*,#7380,.T.);
#8518 = FACE_BOUND('',#8519,.F.);
#8519 = EDGE_LOOP('',(#8520,#8521,#8528,#8533));
#8520 = ORIENTED_EDGE('',*,*,#6580,.F.);
#8521 = ORIENTED_EDGE('',*,*,#8522,.F.);
#8522 = EDGE_CURVE('',#8523,#6574,#8525,.T.);
#8523 = VERTEX_POINT('',#8524);
#8524 = CARTESIAN_POINT('',(-95.26219075438,-29.47605918211,
    35.000071120142));
#8525 = B_SPLINE_CURVE_WITH_KNOTS('',1,(#8526,#8527),.UNSPECIFIED.,.F.,
  .F.,(2,2),(-1.216486225E+03,3.649458675E+03),
  .PIECEWISE_BEZIER_KNOTS.);
#8526 = CARTESIAN_POINT('',(-95.26219075438,-29.47605918211,
    35.000071120142));
#8527 = CARTESIAN_POINT('',(-95.26219075438,94.119188468377,
    35.000071120142));
#8528 = ORIENTED_EDGE('',*,*,#8529,.F.);
#8529 = EDGE_CURVE('',#8404,#8523,#8530,.T.);
#8530 = B_SPLINE_CURVE_WITH_KNOTS('',1,(#8531,#8532),.UNSPECIFIED.,.F.,
  .F.,(2,2),(-956.486225,2.869458675E+03),.PIECEWISE_BEZIER_KNOTS.);
#8531 = CARTESIAN_POINT('',(1.917004064008,-29.47605918211,
    35.000071120142));
#8532 = CARTESIAN_POINT('',(-95.26219075438,-29.47605918211,
    35.000071120142));
#8533 = ORIENTED_EDGE('',*,*,#8403,.F.);
#8534 = B_SPLINE_SURFACE_WITH_KNOTS('',1,1,(
    (#8535,#8536)
    ,(#8537,#8538
    )),.UNSPECIFIED.,.F.,.F.,.F.,(2,2),(2,2),(-1.97202755E+03,
    1.97202755E+03),(-2.49202755E+03,2.49202755E+03),
  .PIECEWISE_BEZIER_KNOTS.);
#8535 = CARTESIAN_POINT('',(3.417006604013,-30.97606172212,
    35.000071120142));
#8536 = CARTESIAN_POINT('',(3.417006604013,95.619191008382,
    35.000071120142));
#8537 = CARTESIAN_POINT('',(-96.76219329438,-30.97606172212,
    35.000071120142));
#8538 = CARTESIAN_POINT('',(-96.76219329438,95.619191008382,
    35.000071120142));
#8539 = ADVANCED_FACE('',(#8540),#8556,.F.);
#8540 = FACE_BOUND('',#8541,.F.);
#8541 = EDGE_LOOP('',(#8542,#8549,#8554,#8555));
#8542 = ORIENTED_EDGE('',*,*,#8543,.T.);
#8543 = EDGE_CURVE('',#6567,#8544,#8546,.T.);
#8544 = VERTEX_POINT('',#8545);
#8545 = CARTESIAN_POINT('',(-95.26219075438,-29.47605918211,35.));
#8546 = B_SPLINE_CURVE_WITH_KNOTS('',1,(#8547,#8548),.UNSPECIFIED.,.F.,
  .F.,(2,2),(0.,1.),.PIECEWISE_BEZIER_KNOTS.);
#8547 = CARTESIAN_POINT('',(-95.26219075438,94.119188468377,35.));
#8548 = CARTESIAN_POINT('',(-95.26219075438,-29.47605918211,35.));
#8549 = ORIENTED_EDGE('',*,*,#8550,.T.);
#8550 = EDGE_CURVE('',#8544,#8523,#8551,.T.);
#8551 = B_SPLINE_CURVE_WITH_KNOTS('',1,(#8552,#8553),.UNSPECIFIED.,.F.,
  .F.,(2,2),(0.,1.3188977E+03),.PIECEWISE_BEZIER_KNOTS.);
#8552 = CARTESIAN_POINT('',(-95.26219075438,-29.47605918211,
    1.500002540005));
#8553 = CARTESIAN_POINT('',(-95.26219075438,-29.47605918211,
    35.000071120142));
#8554 = ORIENTED_EDGE('',*,*,#8522,.T.);
#8555 = ORIENTED_EDGE('',*,*,#6573,.F.);
#8556 = B_SPLINE_SURFACE_WITH_KNOTS('',1,1,(
    (#8557,#8558)
    ,(#8559,#8560
    )),.UNSPECIFIED.,.F.,.F.,.F.,(2,2),(2,2),(0.,4.8659449E+03),(
    -1.3188977E+03,0.),.PIECEWISE_BEZIER_KNOTS.);
#8557 = CARTESIAN_POINT('',(-95.26219075438,-29.47605918211,
    35.000071120142));
#8558 = CARTESIAN_POINT('',(-95.26219075438,-29.47605918211,
    1.500002540005));
#8559 = CARTESIAN_POINT('',(-95.26219075438,94.119188468377,
    35.000071120142));
#8560 = CARTESIAN_POINT('',(-95.26219075438,94.119188468377,
    1.500002540005));
#8561 = ADVANCED_FACE('',(#8562,#8596,#8630),#8679,.F.);
#8562 = FACE_BOUND('',#8563,.F.);
#8563 = EDGE_LOOP('',(#8564,#8574,#8582,#8590));
#8564 = ORIENTED_EDGE('',*,*,#8565,.F.);
#8565 = EDGE_CURVE('',#8566,#8568,#8570,.T.);
#8566 = VERTEX_POINT('',#8567);
#8567 = CARTESIAN_POINT('',(-97.012,-31.23,35.));
#8568 = VERTEX_POINT('',#8569);
#8569 = CARTESIAN_POINT('',(-97.012,95.87,35.));
#8570 = LINE('',#8571,#8572);
#8571 = CARTESIAN_POINT('',(-97.012,-31.23,35.));
#8572 = VECTOR('',#8573,1.);
#8573 = DIRECTION('',(-0.,1.,0.));
#8574 = ORIENTED_EDGE('',*,*,#8575,.T.);
#8575 = EDGE_CURVE('',#8566,#8576,#8578,.T.);
#8576 = VERTEX_POINT('',#8577);
#8577 = CARTESIAN_POINT('',(3.667,-31.23,35.));
#8578 = LINE('',#8579,#8580);
#8579 = CARTESIAN_POINT('',(-97.012,-31.23,35.));
#8580 = VECTOR('',#8581,1.);
#8581 = DIRECTION('',(1.,0.,-0.));
#8582 = ORIENTED_EDGE('',*,*,#8583,.T.);
#8583 = EDGE_CURVE('',#8576,#8584,#8586,.T.);
#8584 = VERTEX_POINT('',#8585);
#8585 = CARTESIAN_POINT('',(3.667,95.87,35.));
#8586 = LINE('',#8587,#8588);
#8587 = CARTESIAN_POINT('',(3.667,-31.23,35.));
#8588 = VECTOR('',#8589,1.);
#8589 = DIRECTION('',(-0.,1.,0.));
#8590 = ORIENTED_EDGE('',*,*,#8591,.F.);
#8591 = EDGE_CURVE('',#8568,#8584,#8592,.T.);
#8592 = LINE('',#8593,#8594);
#8593 = CARTESIAN_POINT('',(-97.012,95.87,35.));
#8594 = VECTOR('',#8595,1.);
#8595 = DIRECTION('',(1.,0.,-0.));
#8596 = FACE_BOUND('',#8597,.F.);
#8597 = EDGE_LOOP('',(#8598,#8608,#8616,#8624));
#8598 = ORIENTED_EDGE('',*,*,#8599,.F.);
#8599 = EDGE_CURVE('',#8600,#8602,#8604,.T.);
#8600 = VERTEX_POINT('',#8601);
#8601 = CARTESIAN_POINT('',(-96.762,-30.98,35.));
#8602 = VERTEX_POINT('',#8603);
#8603 = CARTESIAN_POINT('',(-96.76,-30.98,35.));
#8604 = LINE('',#8605,#8606);
#8605 = CARTESIAN_POINT('',(-96.762,-30.98,35.));
#8606 = VECTOR('',#8607,1.);
#8607 = DIRECTION('',(1.,0.,-0.));
#8608 = ORIENTED_EDGE('',*,*,#8609,.T.);
#8609 = EDGE_CURVE('',#8600,#8610,#8612,.T.);
#8610 = VERTEX_POINT('',#8611);
#8611 = CARTESIAN_POINT('',(-96.762,95.62,35.));
#8612 = LINE('',#8613,#8614);
#8613 = CARTESIAN_POINT('',(-96.762,-30.98,35.));
#8614 = VECTOR('',#8615,1.);
#8615 = DIRECTION('',(-0.,1.,0.));
#8616 = ORIENTED_EDGE('',*,*,#8617,.T.);
#8617 = EDGE_CURVE('',#8610,#8618,#8620,.T.);
#8618 = VERTEX_POINT('',#8619);
#8619 = CARTESIAN_POINT('',(-96.76,95.62,35.));
#8620 = LINE('',#8621,#8622);
#8621 = CARTESIAN_POINT('',(-96.762,95.62,35.));
#8622 = VECTOR('',#8623,1.);
#8623 = DIRECTION('',(1.,0.,-0.));
#8624 = ORIENTED_EDGE('',*,*,#8625,.F.);
#8625 = EDGE_CURVE('',#8602,#8618,#8626,.T.);
#8626 = LINE('',#8627,#8628);
#8627 = CARTESIAN_POINT('',(-96.76,-30.98,35.));
#8628 = VECTOR('',#8629,1.);
#8629 = DIRECTION('',(-0.,1.,0.));
#8630 = FACE_BOUND('',#8631,.F.);
#8631 = EDGE_LOOP('',(#8632,#8642,#8650,#8655,#8656,#8657,#8665,#8671,
    #8672,#8673));
#8632 = ORIENTED_EDGE('',*,*,#8633,.F.);
#8633 = EDGE_CURVE('',#8634,#8636,#8638,.T.);
#8634 = VERTEX_POINT('',#8635);
#8635 = CARTESIAN_POINT('',(-95.262,-29.48,35.));
#8636 = VERTEX_POINT('',#8637);
#8637 = CARTESIAN_POINT('',(1.917,-29.48,35.));
#8638 = LINE('',#8639,#8640);
#8639 = CARTESIAN_POINT('',(-95.262,-29.48,35.));
#8640 = VECTOR('',#8641,1.);
#8641 = DIRECTION('',(1.,0.,-0.));
#8642 = ORIENTED_EDGE('',*,*,#8643,.T.);
#8643 = EDGE_CURVE('',#8634,#8644,#8646,.T.);
#8644 = VERTEX_POINT('',#8645);
#8645 = CARTESIAN_POINT('',(-95.262,-29.47605918211,35.));
#8646 = LINE('',#8647,#8648);
#8647 = CARTESIAN_POINT('',(-95.262,-29.48,35.));
#8648 = VECTOR('',#8649,1.);
#8649 = DIRECTION('',(-0.,1.,0.));
#8650 = ORIENTED_EDGE('',*,*,#8651,.F.);
#8651 = EDGE_CURVE('',#8544,#8644,#8652,.T.);
#8652 = B_SPLINE_CURVE_WITH_KNOTS('',1,(#8653,#8654),.UNSPECIFIED.,.F.,
  .F.,(2,2),(0.,1.),.PIECEWISE_BEZIER_KNOTS.);
#8653 = CARTESIAN_POINT('',(-95.26219075438,-29.47605918211,35.));
#8654 = CARTESIAN_POINT('',(1.917004064008,-29.47605918211,35.));
#8655 = ORIENTED_EDGE('',*,*,#8543,.F.);
#8656 = ORIENTED_EDGE('',*,*,#6566,.F.);
#8657 = ORIENTED_EDGE('',*,*,#8658,.T.);
#8658 = EDGE_CURVE('',#6560,#8659,#8661,.T.);
#8659 = VERTEX_POINT('',#8660);
#8660 = CARTESIAN_POINT('',(-95.262,94.12,35.));
#8661 = LINE('',#8662,#8663);
#8662 = CARTESIAN_POINT('',(-95.262,-29.48,35.));
#8663 = VECTOR('',#8664,1.);
#8664 = DIRECTION('',(-0.,1.,0.));
#8665 = ORIENTED_EDGE('',*,*,#8666,.T.);
#8666 = EDGE_CURVE('',#8659,#8374,#8667,.T.);
#8667 = LINE('',#8668,#8669);
#8668 = CARTESIAN_POINT('',(-95.262,94.12,35.));
#8669 = VECTOR('',#8670,1.);
#8670 = DIRECTION('',(1.,0.,-0.));
#8671 = ORIENTED_EDGE('',*,*,#8381,.F.);
#8672 = ORIENTED_EDGE('',*,*,#8395,.F.);
#8673 = ORIENTED_EDGE('',*,*,#8674,.F.);
#8674 = EDGE_CURVE('',#8636,#8396,#8675,.T.);
#8675 = LINE('',#8676,#8677);
#8676 = CARTESIAN_POINT('',(1.917,-29.48,35.));
#8677 = VECTOR('',#8678,1.);
#8678 = DIRECTION('',(-0.,1.,0.));
#8679 = PLANE('',#8680);
#8680 = AXIS2_PLACEMENT_3D('',#8681,#8682,#8683);
#8681 = CARTESIAN_POINT('',(-97.012,-31.23,35.));
#8682 = DIRECTION('',(0.,0.,1.));
#8683 = DIRECTION('',(1.,0.,-0.));
#8684 = ADVANCED_FACE('',(#8685),#8703,.F.);
#8685 = FACE_BOUND('',#8686,.F.);
#8686 = EDGE_LOOP('',(#8687,#8688,#8696,#8702));
#8687 = ORIENTED_EDGE('',*,*,#6559,.T.);
#8688 = ORIENTED_EDGE('',*,*,#8689,.T.);
#8689 = EDGE_CURVE('',#6553,#8690,#8692,.T.);
#8690 = VERTEX_POINT('',#8691);
#8691 = CARTESIAN_POINT('',(-95.262,94.12,31.));
#8692 = LINE('',#8693,#8694);
#8693 = CARTESIAN_POINT('',(-95.262,-29.48,31.));
#8694 = VECTOR('',#8695,1.);
#8695 = DIRECTION('',(-0.,1.,0.));
#8696 = ORIENTED_EDGE('',*,*,#8697,.T.);
#8697 = EDGE_CURVE('',#8690,#8659,#8698,.T.);
#8698 = LINE('',#8699,#8700);
#8699 = CARTESIAN_POINT('',(-95.262,94.12,31.));
#8700 = VECTOR('',#8701,1.);
#8701 = DIRECTION('',(0.,0.,1.));
#8702 = ORIENTED_EDGE('',*,*,#8658,.F.);
#8703 = PLANE('',#8704);
#8704 = AXIS2_PLACEMENT_3D('',#8705,#8706,#8707);
#8705 = CARTESIAN_POINT('',(-95.262,-29.48,31.));
#8706 = DIRECTION('',(1.,0.,-0.));
#8707 = DIRECTION('',(0.,0.,1.));
#8708 = ADVANCED_FACE('',(#8709,#8743,#8777),#8825,.T.);
#8709 = FACE_BOUND('',#8710,.T.);
#8710 = EDGE_LOOP('',(#8711,#8721,#8729,#8737));
#8711 = ORIENTED_EDGE('',*,*,#8712,.F.);
#8712 = EDGE_CURVE('',#8713,#8715,#8717,.T.);
#8713 = VERTEX_POINT('',#8714);
#8714 = CARTESIAN_POINT('',(-97.012,-31.23,31.));
#8715 = VERTEX_POINT('',#8716);
#8716 = CARTESIAN_POINT('',(-97.012,95.87,31.));
#8717 = LINE('',#8718,#8719);
#8718 = CARTESIAN_POINT('',(-97.012,-31.23,31.));
#8719 = VECTOR('',#8720,1.);
#8720 = DIRECTION('',(-0.,1.,0.));
#8721 = ORIENTED_EDGE('',*,*,#8722,.T.);
#8722 = EDGE_CURVE('',#8713,#8723,#8725,.T.);
#8723 = VERTEX_POINT('',#8724);
#8724 = CARTESIAN_POINT('',(3.667,-31.23,31.));
#8725 = LINE('',#8726,#8727);
#8726 = CARTESIAN_POINT('',(-97.012,-31.23,31.));
#8727 = VECTOR('',#8728,1.);
#8728 = DIRECTION('',(1.,0.,-0.));
#8729 = ORIENTED_EDGE('',*,*,#8730,.T.);
#8730 = EDGE_CURVE('',#8723,#8731,#8733,.T.);
#8731 = VERTEX_POINT('',#8732);
#8732 = CARTESIAN_POINT('',(3.667,95.87,31.));
#8733 = LINE('',#8734,#8735);
#8734 = CARTESIAN_POINT('',(3.667,-31.23,31.));
#8735 = VECTOR('',#8736,1.);
#8736 = DIRECTION('',(-0.,1.,0.));
#8737 = ORIENTED_EDGE('',*,*,#8738,.F.);
#8738 = EDGE_CURVE('',#8715,#8731,#8739,.T.);
#8739 = LINE('',#8740,#8741);
#8740 = CARTESIAN_POINT('',(-97.012,95.87,31.));
#8741 = VECTOR('',#8742,1.);
#8742 = DIRECTION('',(1.,0.,-0.));
#8743 = FACE_BOUND('',#8744,.T.);
#8744 = EDGE_LOOP('',(#8745,#8755,#8763,#8771));
#8745 = ORIENTED_EDGE('',*,*,#8746,.F.);
#8746 = EDGE_CURVE('',#8747,#8749,#8751,.T.);
#8747 = VERTEX_POINT('',#8748);
#8748 = CARTESIAN_POINT('',(-96.762,-30.98,31.));
#8749 = VERTEX_POINT('',#8750);
#8750 = CARTESIAN_POINT('',(-96.76,-30.98,31.));
#8751 = LINE('',#8752,#8753);
#8752 = CARTESIAN_POINT('',(-96.762,-30.98,31.));
#8753 = VECTOR('',#8754,1.);
#8754 = DIRECTION('',(1.,0.,-0.));
#8755 = ORIENTED_EDGE('',*,*,#8756,.T.);
#8756 = EDGE_CURVE('',#8747,#8757,#8759,.T.);
#8757 = VERTEX_POINT('',#8758);
#8758 = CARTESIAN_POINT('',(-96.762,95.62,31.));
#8759 = LINE('',#8760,#8761);
#8760 = CARTESIAN_POINT('',(-96.762,-30.98,31.));
#8761 = VECTOR('',#8762,1.);
#8762 = DIRECTION('',(-0.,1.,0.));
#8763 = ORIENTED_EDGE('',*,*,#8764,.T.);
#8764 = EDGE_CURVE('',#8757,#8765,#8767,.T.);
#8765 = VERTEX_POINT('',#8766);
#8766 = CARTESIAN_POINT('',(-96.76,95.62,31.));
#8767 = LINE('',#8768,#8769);
#8768 = CARTESIAN_POINT('',(-96.762,95.62,31.));
#8769 = VECTOR('',#8770,1.);
#8770 = DIRECTION('',(1.,0.,-0.));
#8771 = ORIENTED_EDGE('',*,*,#8772,.F.);
#8772 = EDGE_CURVE('',#8749,#8765,#8773,.T.);
#8773 = LINE('',#8774,#8775);
#8774 = CARTESIAN_POINT('',(-96.76,-30.98,31.));
#8775 = VECTOR('',#8776,1.);
#8776 = DIRECTION('',(-0.,1.,0.));
#8777 = FACE_BOUND('',#8778,.T.);
#8778 = EDGE_LOOP('',(#8779,#8789,#8797,#8804,#8809,#8810,#8811,#8817,
    #8818,#8819));
#8779 = ORIENTED_EDGE('',*,*,#8780,.F.);
#8780 = EDGE_CURVE('',#8781,#8783,#8785,.T.);
#8781 = VERTEX_POINT('',#8782);
#8782 = CARTESIAN_POINT('',(-95.262,-29.48,31.));
#8783 = VERTEX_POINT('',#8784);
#8784 = CARTESIAN_POINT('',(1.917,-29.48,31.));
#8785 = LINE('',#8786,#8787);
#8786 = CARTESIAN_POINT('',(-95.262,-29.48,31.));
#8787 = VECTOR('',#8788,1.);
#8788 = DIRECTION('',(1.,0.,-0.));
#8789 = ORIENTED_EDGE('',*,*,#8790,.T.);
#8790 = EDGE_CURVE('',#8781,#8791,#8793,.T.);
#8791 = VERTEX_POINT('',#8792);
#8792 = CARTESIAN_POINT('',(-95.262,-29.47605918211,31.));
#8793 = LINE('',#8794,#8795);
#8794 = CARTESIAN_POINT('',(-95.262,-29.48,31.));
#8795 = VECTOR('',#8796,1.);
#8796 = DIRECTION('',(-0.,1.,0.));
#8797 = ORIENTED_EDGE('',*,*,#8798,.F.);
#8798 = EDGE_CURVE('',#8799,#8791,#8801,.T.);
#8799 = VERTEX_POINT('',#8800);
#8800 = CARTESIAN_POINT('',(-95.26219075438,-29.47605918211,31.));
#8801 = B_SPLINE_CURVE_WITH_KNOTS('',1,(#8802,#8803),.UNSPECIFIED.,.F.,
  .F.,(2,2),(0.,1.),.PIECEWISE_BEZIER_KNOTS.);
#8802 = CARTESIAN_POINT('',(-95.26219075438,-29.47605918211,31.));
#8803 = CARTESIAN_POINT('',(1.917004064008,-29.47605918211,31.));
#8804 = ORIENTED_EDGE('',*,*,#8805,.F.);
#8805 = EDGE_CURVE('',#6546,#8799,#8806,.T.);
#8806 = B_SPLINE_CURVE_WITH_KNOTS('',1,(#8807,#8808),.UNSPECIFIED.,.F.,
  .F.,(2,2),(0.,1.),.PIECEWISE_BEZIER_KNOTS.);
#8807 = CARTESIAN_POINT('',(-95.26219075438,94.119188468377,31.));
#8808 = CARTESIAN_POINT('',(-95.26219075438,-29.47605918211,31.));
#8809 = ORIENTED_EDGE('',*,*,#6552,.F.);
#8810 = ORIENTED_EDGE('',*,*,#8689,.T.);
#8811 = ORIENTED_EDGE('',*,*,#8812,.T.);
#8812 = EDGE_CURVE('',#8690,#8366,#8813,.T.);
#8813 = LINE('',#8814,#8815);
#8814 = CARTESIAN_POINT('',(-95.262,94.12,31.));
#8815 = VECTOR('',#8816,1.);
#8816 = DIRECTION('',(1.,0.,-0.));
#8817 = ORIENTED_EDGE('',*,*,#8365,.F.);
#8818 = ORIENTED_EDGE('',*,*,#6632,.F.);
#8819 = ORIENTED_EDGE('',*,*,#8820,.F.);
#8820 = EDGE_CURVE('',#8783,#6633,#8821,.T.);
#8821 = LINE('',#8822,#8823);
#8822 = CARTESIAN_POINT('',(1.917,-29.48,31.));
#8823 = VECTOR('',#8824,1.);
#8824 = DIRECTION('',(-0.,1.,0.));
#8825 = PLANE('',#8826);
#8826 = AXIS2_PLACEMENT_3D('',#8827,#8828,#8829);
#8827 = CARTESIAN_POINT('',(-97.012,-31.23,31.));
#8828 = DIRECTION('',(0.,0.,1.));
#8829 = DIRECTION('',(1.,0.,-0.));
#8830 = ADVANCED_FACE('',(#8831),#8841,.F.);
#8831 = FACE_BOUND('',#8832,.F.);
#8832 = EDGE_LOOP('',(#8833,#8834,#8839,#8840));
#8833 = ORIENTED_EDGE('',*,*,#8233,.F.);
#8834 = ORIENTED_EDGE('',*,*,#8835,.T.);
#8835 = EDGE_CURVE('',#8227,#8799,#8836,.T.);
#8836 = B_SPLINE_CURVE_WITH_KNOTS('',1,(#8837,#8838),.UNSPECIFIED.,.F.,
  .F.,(2,2),(0.,1.3188977E+03),.PIECEWISE_BEZIER_KNOTS.);
#8837 = CARTESIAN_POINT('',(-95.26219075438,-29.47605918211,
    1.500002540005));
#8838 = CARTESIAN_POINT('',(-95.26219075438,-29.47605918211,
    35.000071120142));
#8839 = ORIENTED_EDGE('',*,*,#8805,.F.);
#8840 = ORIENTED_EDGE('',*,*,#6545,.F.);
#8841 = B_SPLINE_SURFACE_WITH_KNOTS('',1,1,(
    (#8842,#8843)
    ,(#8844,#8845
    )),.UNSPECIFIED.,.F.,.F.,.F.,(2,2),(2,2),(0.,4.8659449E+03),(
    -1.3188977E+03,0.),.PIECEWISE_BEZIER_KNOTS.);
#8842 = CARTESIAN_POINT('',(-95.26219075438,-29.47605918211,
    35.000071120142));
#8843 = CARTESIAN_POINT('',(-95.26219075438,-29.47605918211,
    1.500002540005));
#8844 = CARTESIAN_POINT('',(-95.26219075438,94.119188468377,
    35.000071120142));
#8845 = CARTESIAN_POINT('',(-95.26219075438,94.119188468377,
    1.500002540005));
#8846 = ADVANCED_FACE('',(#8847),#8870,.T.);
#8847 = FACE_BOUND('',#8848,.T.);
#8848 = EDGE_LOOP('',(#8849,#8850,#8851,#8858,#8865));
#8849 = ORIENTED_EDGE('',*,*,#6695,.F.);
#8850 = ORIENTED_EDGE('',*,*,#7402,.F.);
#8851 = ORIENTED_EDGE('',*,*,#8852,.T.);
#8852 = EDGE_CURVE('',#7403,#8853,#8855,.T.);
#8853 = VERTEX_POINT('',#8854);
#8854 = CARTESIAN_POINT('',(-2.097293135839,66.767133553467,
    4.000008636017));
#8855 = B_SPLINE_CURVE_WITH_KNOTS('',1,(#8856,#8857),.UNSPECIFIED.,.F.,
  .F.,(2,2),(59.0551,157.48034),.PIECEWISE_BEZIER_KNOTS.);
#8856 = CARTESIAN_POINT('',(-2.097293135839,66.767133553467,
    1.500002540005));
#8857 = CARTESIAN_POINT('',(-2.097293135839,66.767133553467,
    4.000008636017));
#8858 = ORIENTED_EDGE('',*,*,#8859,.T.);
#8859 = EDGE_CURVE('',#8853,#8860,#8862,.T.);
#8860 = VERTEX_POINT('',#8861);
#8861 = CARTESIAN_POINT('',(0.971002123444,66.767133553467,
    4.000008636017));
#8862 = B_SPLINE_CURVE_WITH_KNOTS('',1,(#8863,#8864),.UNSPECIFIED.,.F.,
  .F.,(2,2),(47.311457242028,168.1102416),.PIECEWISE_BEZIER_KNOTS.);
#8863 = CARTESIAN_POINT('',(-2.097293135839,66.767133553467,
    4.000008636017));
#8864 = CARTESIAN_POINT('',(0.971002123444,66.767133553467,
    4.000008636017));
#8865 = ORIENTED_EDGE('',*,*,#8866,.T.);
#8866 = EDGE_CURVE('',#8860,#6689,#8867,.T.);
#8867 = B_SPLINE_CURVE_WITH_KNOTS('',1,(#8868,#8869),.UNSPECIFIED.,.F.,
  .F.,(2,2),(0.,59.61965886407),.PIECEWISE_BEZIER_KNOTS.);
#8868 = CARTESIAN_POINT('',(0.971002123444,66.767133553467,
    4.000008636017));
#8869 = CARTESIAN_POINT('',(1.917004064008,66.767133553467,
    2.817505729743));
#8870 = B_SPLINE_SURFACE_WITH_KNOTS('',1,1,(
    (#8871,#8872)
    ,(#8873,#8874
    )),.UNSPECIFIED.,.F.,.F.,.F.,(2,2),(2,2),(-92.7164943718,
    65.326386386166),(-12.57728272407,85.847957275927),
  .PIECEWISE_BEZIER_KNOTS.);
#8871 = CARTESIAN_POINT('',(1.917004064008,66.767133553467,
    1.500002540005));
#8872 = CARTESIAN_POINT('',(1.917004064008,66.767133553467,
    4.000008636017));
#8873 = CARTESIAN_POINT('',(-2.097293135839,66.767133553467,
    1.500002540005));
#8874 = CARTESIAN_POINT('',(-2.097293135839,66.767133553467,
    4.000008636017));
#8875 = ADVANCED_FACE('',(#8876),#8892,.T.);
#8876 = FACE_BOUND('',#8877,.T.);
#8877 = EDGE_LOOP('',(#8878,#8879,#8886,#8891));
#8878 = ORIENTED_EDGE('',*,*,#8866,.F.);
#8879 = ORIENTED_EDGE('',*,*,#8880,.T.);
#8880 = EDGE_CURVE('',#8860,#8881,#8883,.T.);
#8881 = VERTEX_POINT('',#8882);
#8882 = CARTESIAN_POINT('',(0.971002123444,65.567131115062,
    4.000008636017));
#8883 = B_SPLINE_CURVE_WITH_KNOTS('',1,(#8884,#8885),.UNSPECIFIED.,.F.,
  .F.,(2,2),(0.,47.244096),.PIECEWISE_BEZIER_KNOTS.);
#8884 = CARTESIAN_POINT('',(0.971002123444,66.767133553467,
    4.000008636017));
#8885 = CARTESIAN_POINT('',(0.971002123444,65.567131115062,
    4.000008636017));
#8886 = ORIENTED_EDGE('',*,*,#8887,.T.);
#8887 = EDGE_CURVE('',#8881,#6682,#8888,.T.);
#8888 = B_SPLINE_CURVE_WITH_KNOTS('',1,(#8889,#8890),.UNSPECIFIED.,.F.,
  .F.,(2,2),(0.,59.61965886407),.PIECEWISE_BEZIER_KNOTS.);
#8889 = CARTESIAN_POINT('',(0.971002123444,65.567131115062,
    4.000008636017));
#8890 = CARTESIAN_POINT('',(1.917004064008,65.567131115062,
    2.817505729743));
#8891 = ORIENTED_EDGE('',*,*,#6688,.F.);
#8892 = B_SPLINE_SURFACE_WITH_KNOTS('',1,1,(
    (#8893,#8894)
    ,(#8895,#8896
    )),.UNSPECIFIED.,.F.,.F.,.F.,(2,2),(2,2),(0.,59.61965886407),(
    -47.244096,0.),.PIECEWISE_BEZIER_KNOTS.);
#8893 = CARTESIAN_POINT('',(0.971002123444,65.567131115062,
    4.000008636017));
#8894 = CARTESIAN_POINT('',(0.971002123444,66.767133553467,
    4.000008636017));
#8895 = CARTESIAN_POINT('',(1.917004064008,65.567131115062,
    2.817505729743));
#8896 = CARTESIAN_POINT('',(1.917004064008,66.767133553467,
    2.817505729743));
#8897 = ADVANCED_FACE('',(#8898),#8915,.F.);
#8898 = FACE_BOUND('',#8899,.F.);
#8899 = EDGE_LOOP('',(#8900,#8901,#8902,#8909,#8914));
#8900 = ORIENTED_EDGE('',*,*,#6681,.F.);
#8901 = ORIENTED_EDGE('',*,*,#7504,.F.);
#8902 = ORIENTED_EDGE('',*,*,#8903,.T.);
#8903 = EDGE_CURVE('',#7497,#8904,#8906,.T.);
#8904 = VERTEX_POINT('',#8905);
#8905 = CARTESIAN_POINT('',(-2.097293135839,65.567131115062,
    4.000008636017));
#8906 = B_SPLINE_CURVE_WITH_KNOTS('',1,(#8907,#8908),.UNSPECIFIED.,.F.,
  .F.,(2,2),(59.0551,157.48034),.PIECEWISE_BEZIER_KNOTS.);
#8907 = CARTESIAN_POINT('',(-2.097293135839,65.567131115062,
    1.500002540005));
#8908 = CARTESIAN_POINT('',(-2.097293135839,65.567131115062,
    4.000008636017));
#8909 = ORIENTED_EDGE('',*,*,#8910,.T.);
#8910 = EDGE_CURVE('',#8904,#8881,#8911,.T.);
#8911 = B_SPLINE_CURVE_WITH_KNOTS('',1,(#8912,#8913),.UNSPECIFIED.,.F.,
  .F.,(2,2),(47.311457242028,168.1102416),.PIECEWISE_BEZIER_KNOTS.);
#8912 = CARTESIAN_POINT('',(-2.097293135839,65.567131115062,
    4.000008636017));
#8913 = CARTESIAN_POINT('',(0.971002123444,65.567131115062,
    4.000008636017));
#8914 = ORIENTED_EDGE('',*,*,#8887,.T.);
#8915 = B_SPLINE_SURFACE_WITH_KNOTS('',1,1,(
    (#8916,#8917)
    ,(#8918,#8919
    )),.UNSPECIFIED.,.F.,.F.,.F.,(2,2),(2,2),(-92.7164943718,
    65.326386386166),(-12.57728272407,85.847957275927),
  .PIECEWISE_BEZIER_KNOTS.);
#8916 = CARTESIAN_POINT('',(1.917004064008,65.567131115062,
    1.500002540005));
#8917 = CARTESIAN_POINT('',(1.917004064008,65.567131115062,
    4.000008636017));
#8918 = CARTESIAN_POINT('',(-2.097293135839,65.567131115062,
    1.500002540005));
#8919 = CARTESIAN_POINT('',(-2.097293135839,65.567131115062,
    4.000008636017));
#8920 = ADVANCED_FACE('',(#8921),#8944,.T.);
#8921 = FACE_BOUND('',#8922,.T.);
#8922 = EDGE_LOOP('',(#8923,#8924,#8925,#8932,#8939));
#8923 = ORIENTED_EDGE('',*,*,#6667,.F.);
#8924 = ORIENTED_EDGE('',*,*,#7510,.F.);
#8925 = ORIENTED_EDGE('',*,*,#8926,.T.);
#8926 = EDGE_CURVE('',#7511,#8927,#8929,.T.);
#8927 = VERTEX_POINT('',#8928);
#8928 = CARTESIAN_POINT('',(-2.39829389784,5.553011125222,4.000008636017
    ));
#8929 = B_SPLINE_CURVE_WITH_KNOTS('',1,(#8930,#8931),.UNSPECIFIED.,.F.,
  .F.,(2,2),(59.0551,157.48034),.PIECEWISE_BEZIER_KNOTS.);
#8930 = CARTESIAN_POINT('',(-2.39829389784,5.553011125222,1.500002540005
    ));
#8931 = CARTESIAN_POINT('',(-2.39829389784,5.553011125222,4.000008636017
    ));
#8932 = ORIENTED_EDGE('',*,*,#8933,.T.);
#8933 = EDGE_CURVE('',#8927,#8934,#8936,.T.);
#8934 = VERTEX_POINT('',#8935);
#8935 = CARTESIAN_POINT('',(0.670001361443,5.553011125222,4.000008636017
    ));
#8936 = B_SPLINE_CURVE_WITH_KNOTS('',1,(#8937,#8938),.UNSPECIFIED.,.F.,
  .F.,(2,2),(47.311457242032,168.1102416),.PIECEWISE_BEZIER_KNOTS.);
#8937 = CARTESIAN_POINT('',(-2.39829389784,5.553011125222,4.000008636017
    ));
#8938 = CARTESIAN_POINT('',(0.670001361443,5.553011125222,4.000008636017
    ));
#8939 = ORIENTED_EDGE('',*,*,#8940,.T.);
#8940 = EDGE_CURVE('',#8934,#6661,#8941,.T.);
#8941 = B_SPLINE_CURVE_WITH_KNOTS('',1,(#8942,#8943),.UNSPECIFIED.,.F.,
  .F.,(2,2),(0.,78.589559430722),.PIECEWISE_BEZIER_KNOTS.);
#8942 = CARTESIAN_POINT('',(0.670001361443,5.553011125222,4.000008636017
    ));
#8943 = CARTESIAN_POINT('',(1.917004064008,5.553011125222,2.441254624333
    ));
#8944 = B_SPLINE_SURFACE_WITH_KNOTS('',1,1,(
    (#8945,#8946)
    ,(#8947,#8948
    )),.UNSPECIFIED.,.F.,.F.,.F.,(2,2),(2,2),(-104.5668943718,
    65.326386386162),(-12.57728272407,85.847957275927),
  .PIECEWISE_BEZIER_KNOTS.);
#8945 = CARTESIAN_POINT('',(1.917004064008,5.553011125222,1.500002540005
    ));
#8946 = CARTESIAN_POINT('',(1.917004064008,5.553011125222,4.000008636017
    ));
#8947 = CARTESIAN_POINT('',(-2.39829389784,5.553011125222,1.500002540005
    ));
#8948 = CARTESIAN_POINT('',(-2.39829389784,5.553011125222,4.000008636017
    ));
#8949 = ADVANCED_FACE('',(#8950),#8966,.T.);
#8950 = FACE_BOUND('',#8951,.T.);
#8951 = EDGE_LOOP('',(#8952,#8953,#8960,#8965));
#8952 = ORIENTED_EDGE('',*,*,#8940,.F.);
#8953 = ORIENTED_EDGE('',*,*,#8954,.T.);
#8954 = EDGE_CURVE('',#8934,#8955,#8957,.T.);
#8955 = VERTEX_POINT('',#8956);
#8956 = CARTESIAN_POINT('',(0.670001361443,4.353008686817,4.000008636017
    ));
#8957 = B_SPLINE_CURVE_WITH_KNOTS('',1,(#8958,#8959),.UNSPECIFIED.,.F.,
  .F.,(2,2),(0.,47.244096),.PIECEWISE_BEZIER_KNOTS.);
#8958 = CARTESIAN_POINT('',(0.670001361443,5.553011125222,4.000008636017
    ));
#8959 = CARTESIAN_POINT('',(0.670001361443,4.353008686817,4.000008636017
    ));
#8960 = ORIENTED_EDGE('',*,*,#8961,.T.);
#8961 = EDGE_CURVE('',#8955,#6654,#8962,.T.);
#8962 = B_SPLINE_CURVE_WITH_KNOTS('',1,(#8963,#8964),.UNSPECIFIED.,.F.,
  .F.,(2,2),(0.,78.589559430722),.PIECEWISE_BEZIER_KNOTS.);
#8963 = CARTESIAN_POINT('',(0.670001361443,4.353008686817,4.000008636017
    ));
#8964 = CARTESIAN_POINT('',(1.917004064008,4.353008686817,2.441254624333
    ));
#8965 = ORIENTED_EDGE('',*,*,#6660,.F.);
#8966 = B_SPLINE_SURFACE_WITH_KNOTS('',1,1,(
    (#8967,#8968)
    ,(#8969,#8970
    )),.UNSPECIFIED.,.F.,.F.,.F.,(2,2),(2,2),(0.,78.589559430722),(
    -47.244096,0.),.PIECEWISE_BEZIER_KNOTS.);
#8967 = CARTESIAN_POINT('',(0.670001361443,4.353008686817,4.000008636017
    ));
#8968 = CARTESIAN_POINT('',(0.670001361443,5.553011125222,4.000008636017
    ));
#8969 = CARTESIAN_POINT('',(1.917004064008,4.353008686817,2.441254624333
    ));
#8970 = CARTESIAN_POINT('',(1.917004064008,5.553011125222,2.441254624333
    ));
#8971 = ADVANCED_FACE('',(#8972),#8989,.F.);
#8972 = FACE_BOUND('',#8973,.F.);
#8973 = EDGE_LOOP('',(#8974,#8975,#8976,#8983,#8988));
#8974 = ORIENTED_EDGE('',*,*,#6653,.F.);
#8975 = ORIENTED_EDGE('',*,*,#7812,.F.);
#8976 = ORIENTED_EDGE('',*,*,#8977,.T.);
#8977 = EDGE_CURVE('',#7805,#8978,#8980,.T.);
#8978 = VERTEX_POINT('',#8979);
#8979 = CARTESIAN_POINT('',(-2.39829389784,4.353008686817,4.000008636017
    ));
#8980 = B_SPLINE_CURVE_WITH_KNOTS('',1,(#8981,#8982),.UNSPECIFIED.,.F.,
  .F.,(2,2),(59.0551,157.48034),.PIECEWISE_BEZIER_KNOTS.);
#8981 = CARTESIAN_POINT('',(-2.39829389784,4.353008686817,1.500002540005
    ));
#8982 = CARTESIAN_POINT('',(-2.39829389784,4.353008686817,4.000008636017
    ));
#8983 = ORIENTED_EDGE('',*,*,#8984,.T.);
#8984 = EDGE_CURVE('',#8978,#8955,#8985,.T.);
#8985 = B_SPLINE_CURVE_WITH_KNOTS('',1,(#8986,#8987),.UNSPECIFIED.,.F.,
  .F.,(2,2),(47.311457242032,168.1102416),.PIECEWISE_BEZIER_KNOTS.);
#8986 = CARTESIAN_POINT('',(-2.39829389784,4.353008686817,4.000008636017
    ));
#8987 = CARTESIAN_POINT('',(0.670001361443,4.353008686817,4.000008636017
    ));
#8988 = ORIENTED_EDGE('',*,*,#8961,.T.);
#8989 = B_SPLINE_SURFACE_WITH_KNOTS('',1,1,(
    (#8990,#8991)
    ,(#8992,#8993
    )),.UNSPECIFIED.,.F.,.F.,.F.,(2,2),(2,2),(-104.5668943718,
    65.326386386162),(-12.57728272407,85.847957275927),
  .PIECEWISE_BEZIER_KNOTS.);
#8990 = CARTESIAN_POINT('',(1.917004064008,4.353008686817,1.500002540005
    ));
#8991 = CARTESIAN_POINT('',(1.917004064008,4.353008686817,4.000008636017
    ));
#8992 = CARTESIAN_POINT('',(-2.39829389784,4.353008686817,1.500002540005
    ));
#8993 = CARTESIAN_POINT('',(-2.39829389784,4.353008686817,4.000008636017
    ));
#8994 = ADVANCED_FACE('',(#8995),#9055,.F.);
#8995 = FACE_BOUND('',#8996,.F.);
#8996 = EDGE_LOOP('',(#8997,#8998,#8999,#9004,#9005,#9006,#9007,#9008,
    #9013,#9014,#9015,#9016,#9023,#9030,#9035,#9036,#9043,#9050));
#8997 = ORIENTED_EDGE('',*,*,#7818,.F.);
#8998 = ORIENTED_EDGE('',*,*,#6639,.T.);
#8999 = ORIENTED_EDGE('',*,*,#9000,.F.);
#9000 = EDGE_CURVE('',#8396,#6633,#9001,.T.);
#9001 = B_SPLINE_CURVE_WITH_KNOTS('',1,(#9002,#9003),.UNSPECIFIED.,.F.,
  .F.,(2,2),(0.,1.),.PIECEWISE_BEZIER_KNOTS.);
#9002 = CARTESIAN_POINT('',(1.917,-29.47605918211,35.));
#9003 = CARTESIAN_POINT('',(1.917,-29.47605918211,31.));
#9004 = ORIENTED_EDGE('',*,*,#8410,.T.);
#9005 = ORIENTED_EDGE('',*,*,#8529,.T.);
#9006 = ORIENTED_EDGE('',*,*,#8550,.F.);
#9007 = ORIENTED_EDGE('',*,*,#8651,.T.);
#9008 = ORIENTED_EDGE('',*,*,#9009,.T.);
#9009 = EDGE_CURVE('',#8644,#8791,#9010,.T.);
#9010 = B_SPLINE_CURVE_WITH_KNOTS('',1,(#9011,#9012),.UNSPECIFIED.,.F.,
  .F.,(2,2),(0.,1.),.PIECEWISE_BEZIER_KNOTS.);
#9011 = CARTESIAN_POINT('',(-95.262,-29.47605918211,35.));
#9012 = CARTESIAN_POINT('',(-95.262,-29.47605918211,31.));
#9013 = ORIENTED_EDGE('',*,*,#8798,.F.);
#9014 = ORIENTED_EDGE('',*,*,#8835,.F.);
#9015 = ORIENTED_EDGE('',*,*,#8226,.F.);
#9016 = ORIENTED_EDGE('',*,*,#9017,.T.);
#9017 = EDGE_CURVE('',#8220,#9018,#9020,.T.);
#9018 = VERTEX_POINT('',#9019);
#9019 = CARTESIAN_POINT('',(-85.81717170434,-29.47605918211,
    1.834118970353));
#9020 = B_SPLINE_CURVE_WITH_KNOTS('',1,(#9021,#9022),.UNSPECIFIED.,.F.,
  .F.,(2,2),(4.870319316132,18.024483178936),.PIECEWISE_BEZIER_KNOTS.);
#9021 = CARTESIAN_POINT('',(-85.81717170434,-29.47605918211,
    1.500002540005));
#9022 = CARTESIAN_POINT('',(-85.81717170434,-29.47605918211,
    1.834118970353));
#9023 = ORIENTED_EDGE('',*,*,#9024,.F.);
#9024 = EDGE_CURVE('',#9025,#9018,#9027,.T.);
#9025 = VERTEX_POINT('',#9026);
#9026 = CARTESIAN_POINT('',(-84.61716916433,-29.47605918211,
    1.834118970353));
#9027 = B_SPLINE_CURVE_WITH_KNOTS('',1,(#9028,#9029),.UNSPECIFIED.,.F.,
  .F.,(2,2),(1.7034252E+03,1.7506693E+03),.PIECEWISE_BEZIER_KNOTS.);
#9028 = CARTESIAN_POINT('',(-84.61716916433,-29.47605918211,
    1.834118970353));
#9029 = CARTESIAN_POINT('',(-85.81717170434,-29.47605918211,
    1.834118970353));
#9030 = ORIENTED_EDGE('',*,*,#9031,.F.);
#9031 = EDGE_CURVE('',#8023,#9025,#9032,.T.);
#9032 = B_SPLINE_CURVE_WITH_KNOTS('',1,(#9033,#9034),.UNSPECIFIED.,.F.,
  .F.,(2,2),(4.870319316132,18.024483178936),.PIECEWISE_BEZIER_KNOTS.);
#9033 = CARTESIAN_POINT('',(-84.61716916433,-29.47605918211,
    1.500002540005));
#9034 = CARTESIAN_POINT('',(-84.61716916433,-29.47605918211,
    1.834118970353));
#9035 = ORIENTED_EDGE('',*,*,#8022,.F.);
#9036 = ORIENTED_EDGE('',*,*,#9037,.T.);
#9037 = EDGE_CURVE('',#8016,#9038,#9040,.T.);
#9038 = VERTEX_POINT('',#9039);
#9039 = CARTESIAN_POINT('',(-20.10003937007,-29.47605918211,
    1.834118970353));
#9040 = B_SPLINE_CURVE_WITH_KNOTS('',1,(#9041,#9042),.UNSPECIFIED.,.F.,
  .F.,(2,2),(4.870319316132,18.024483178936),.PIECEWISE_BEZIER_KNOTS.);
#9041 = CARTESIAN_POINT('',(-20.10003937007,-29.47605918211,
    1.500002540005));
#9042 = CARTESIAN_POINT('',(-20.10003937007,-29.47605918211,
    1.834118970353));
#9043 = ORIENTED_EDGE('',*,*,#9044,.F.);
#9044 = EDGE_CURVE('',#9045,#9038,#9047,.T.);
#9045 = VERTEX_POINT('',#9046);
#9046 = CARTESIAN_POINT('',(-18.90003683007,-29.47605918211,
    1.834118970353));
#9047 = B_SPLINE_CURVE_WITH_KNOTS('',1,(#9048,#9049),.UNSPECIFIED.,.F.,
  .F.,(2,2),(409.78345,457.02755),.PIECEWISE_BEZIER_KNOTS.);
#9048 = CARTESIAN_POINT('',(-18.90003683007,-29.47605918211,
    1.834118970353));
#9049 = CARTESIAN_POINT('',(-20.10003937007,-29.47605918211,
    1.834118970353));
#9050 = ORIENTED_EDGE('',*,*,#9051,.F.);
#9051 = EDGE_CURVE('',#7819,#9045,#9052,.T.);
#9052 = B_SPLINE_CURVE_WITH_KNOTS('',1,(#9053,#9054),.UNSPECIFIED.,.F.,
  .F.,(2,2),(4.870319316132,18.024483178936),.PIECEWISE_BEZIER_KNOTS.);
#9053 = CARTESIAN_POINT('',(-18.90003683007,-29.47605918211,
    1.500002540005));
#9054 = CARTESIAN_POINT('',(-18.90003683007,-29.47605918211,
    1.834118970353));
#9055 = B_SPLINE_SURFACE_WITH_KNOTS('',1,1,(
    (#9056,#9057)
    ,(#9058,#9059
    )),.UNSPECIFIED.,.F.,.F.,.F.,(2,2),(2,2),(0.,3.8259449E+03),(
    -1.3188977E+03,0.),.PIECEWISE_BEZIER_KNOTS.);
#9056 = CARTESIAN_POINT('',(1.917004064008,-29.47605918211,
    35.000071120142));
#9057 = CARTESIAN_POINT('',(1.917004064008,-29.47605918211,
    1.500002540005));
#9058 = CARTESIAN_POINT('',(-95.26219075438,-29.47605918211,
    35.000071120142));
#9059 = CARTESIAN_POINT('',(-95.26219075438,-29.47605918211,
    1.500002540005));
#9060 = ADVANCED_FACE('',(#9061),#9161,.T.);
#9061 = FACE_BOUND('',#9062,.T.);
#9062 = EDGE_LOOP('',(#9063,#9071,#9078,#9088,#9089,#9095,#9096,#9097,
    #9104,#9112,#9117,#9118,#9125,#9133,#9138,#9139,#9146,#9154,#9159,
    #9160));
#9063 = ORIENTED_EDGE('',*,*,#9064,.T.);
#9064 = EDGE_CURVE('',#8904,#9065,#9067,.T.);
#9065 = VERTEX_POINT('',#9066);
#9066 = CARTESIAN_POINT('',(-2.029003972568,66.167132334265,
    4.000008636017));
#9067 = ( BOUNDED_CURVE() B_SPLINE_CURVE(2,(#9068,#9069,#9070),
.UNSPECIFIED.,.F.,.F.) B_SPLINE_CURVE_WITH_KNOTS((3,3),(6.056530552424,
6.28318530718),.PIECEWISE_BEZIER_KNOTS.) CURVE() 
GEOMETRIC_REPRESENTATION_ITEM() RATIONAL_B_SPLINE_CURVE((1.,
0.993585322538,1.)) REPRESENTATION_ITEM('') );
#9068 = CARTESIAN_POINT('',(-2.097293135839,65.567131115062,
    4.000008636017));
#9069 = CARTESIAN_POINT('',(-2.029003972568,65.86324555771,
    4.000008636017));
#9070 = CARTESIAN_POINT('',(-2.029003972568,66.167132334265,
    4.000008636017));
#9071 = ORIENTED_EDGE('',*,*,#9072,.T.);
#9072 = EDGE_CURVE('',#9065,#9073,#9075,.T.);
#9073 = VERTEX_POINT('',#9074);
#9074 = CARTESIAN_POINT('',(-2.029003972568,66.167132334265,
    6.000012700025));
#9075 = B_SPLINE_CURVE_WITH_KNOTS('',1,(#9076,#9077),.UNSPECIFIED.,.F.,
  .F.,(2,2),(157.48034,236.2205),.PIECEWISE_BEZIER_KNOTS.);
#9076 = CARTESIAN_POINT('',(-2.029003972568,66.167132334265,
    4.000008636017));
#9077 = CARTESIAN_POINT('',(-2.029003972568,66.167132334265,
    6.000012700025));
#9078 = ORIENTED_EDGE('',*,*,#9079,.F.);
#9079 = EDGE_CURVE('',#9073,#9073,#9080,.T.);
#9080 = ( BOUNDED_CURVE() B_SPLINE_CURVE(2,(#9081,#9082,#9083,#9084,
#9085,#9086,#9087),.UNSPECIFIED.,.T.,.F.) B_SPLINE_CURVE_WITH_KNOTS((1,2
    ,2,2,2,1),(-2.094395102394,0.,2.094395102393,4.188790204786,
6.28318530718,8.377580409573),.UNSPECIFIED.) CURVE() 
GEOMETRIC_REPRESENTATION_ITEM() RATIONAL_B_SPLINE_CURVE((1.,0.5,1.,0.5,
1.,0.5,1.)) REPRESENTATION_ITEM('') );
#9081 = CARTESIAN_POINT('',(-2.029003972568,66.167132334265,
    6.000012700025));
#9082 = CARTESIAN_POINT('',(-2.029003972568,70.79171738763,
    6.000012700025));
#9083 = CARTESIAN_POINT('',(-6.034012110744,68.479424860947,
    6.000012700025));
#9084 = CARTESIAN_POINT('',(-10.03902024892,66.167132334265,
    6.000012700025));
#9085 = CARTESIAN_POINT('',(-6.034012110744,63.854839807582,
    6.000012700025));
#9086 = CARTESIAN_POINT('',(-2.029003972568,61.542547280899,
    6.000012700025));
#9087 = CARTESIAN_POINT('',(-2.029003972568,66.167132334265,
    6.000012700025));
#9088 = ORIENTED_EDGE('',*,*,#9072,.F.);
#9089 = ORIENTED_EDGE('',*,*,#9090,.T.);
#9090 = EDGE_CURVE('',#9065,#8853,#9091,.T.);
#9091 = ( BOUNDED_CURVE() B_SPLINE_CURVE(2,(#9092,#9093,#9094),
.UNSPECIFIED.,.F.,.F.) B_SPLINE_CURVE_WITH_KNOTS((3,3),(0.,
0.226654754756),.PIECEWISE_BEZIER_KNOTS.) CURVE() 
GEOMETRIC_REPRESENTATION_ITEM() RATIONAL_B_SPLINE_CURVE((1.,
0.993585322538,1.)) REPRESENTATION_ITEM('') );
#9092 = CARTESIAN_POINT('',(-2.029003972568,66.167132334265,
    4.000008636017));
#9093 = CARTESIAN_POINT('',(-2.029003972568,66.471019110819,
    4.000008636017));
#9094 = CARTESIAN_POINT('',(-2.097293135839,66.767133553467,
    4.000008636017));
#9095 = ORIENTED_EDGE('',*,*,#8852,.F.);
#9096 = ORIENTED_EDGE('',*,*,#7409,.T.);
#9097 = ORIENTED_EDGE('',*,*,#9098,.T.);
#9098 = EDGE_CURVE('',#7410,#9099,#9101,.T.);
#9099 = VERTEX_POINT('',#9100);
#9100 = CARTESIAN_POINT('',(-4.099008178816,68.768848596445,
    4.000008636017));
#9101 = B_SPLINE_CURVE_WITH_KNOTS('',1,(#9102,#9103),.UNSPECIFIED.,.F.,
  .F.,(2,2),(59.0551,157.48034),.PIECEWISE_BEZIER_KNOTS.);
#9102 = CARTESIAN_POINT('',(-4.099008178816,68.768848596445,
    1.500002540005));
#9103 = CARTESIAN_POINT('',(-4.099008178816,68.768848596445,
    4.000008636017));
#9104 = ORIENTED_EDGE('',*,*,#9105,.T.);
#9105 = EDGE_CURVE('',#9099,#9106,#9108,.T.);
#9106 = VERTEX_POINT('',#9107);
#9107 = CARTESIAN_POINT('',(-5.299010617221,68.768848596445,
    4.000008636017));
#9108 = ( BOUNDED_CURVE() B_SPLINE_CURVE(2,(#9109,#9110,#9111),
.UNSPECIFIED.,.F.,.F.) B_SPLINE_CURVE_WITH_KNOTS((3,3),(1.344141572039,
1.79745108155),.PIECEWISE_BEZIER_KNOTS.) CURVE() 
GEOMETRIC_REPRESENTATION_ITEM() RATIONAL_B_SPLINE_CURVE((1.,
0.974423586327,1.)) REPRESENTATION_ITEM('') );
#9109 = CARTESIAN_POINT('',(-4.099008178816,68.768848596445,
    4.000008636017));
#9110 = CARTESIAN_POINT('',(-4.699009398019,68.907219358959,
    4.000008636017));
#9111 = CARTESIAN_POINT('',(-5.299010617221,68.768848596445,
    4.000008636017));
#9112 = ORIENTED_EDGE('',*,*,#9113,.F.);
#9113 = EDGE_CURVE('',#7432,#9106,#9114,.T.);
#9114 = B_SPLINE_CURVE_WITH_KNOTS('',1,(#9115,#9116),.UNSPECIFIED.,.F.,
  .F.,(2,2),(59.0551,157.48034),.PIECEWISE_BEZIER_KNOTS.);
#9115 = CARTESIAN_POINT('',(-5.299010617221,68.768848596445,
    1.500002540005));
#9116 = CARTESIAN_POINT('',(-5.299010617221,68.768848596445,
    4.000008636017));
#9117 = ORIENTED_EDGE('',*,*,#7438,.T.);
#9118 = ORIENTED_EDGE('',*,*,#9119,.T.);
#9119 = EDGE_CURVE('',#7439,#9120,#9122,.T.);
#9120 = VERTEX_POINT('',#9121);
#9121 = CARTESIAN_POINT('',(-7.300725660199,66.767133553467,
    4.000008636017));
#9122 = B_SPLINE_CURVE_WITH_KNOTS('',1,(#9123,#9124),.UNSPECIFIED.,.F.,
  .F.,(2,2),(59.0551,157.48034),.PIECEWISE_BEZIER_KNOTS.);
#9123 = CARTESIAN_POINT('',(-7.300725660199,66.767133553467,
    1.500002540005));
#9124 = CARTESIAN_POINT('',(-7.300725660199,66.767133553467,
    4.000008636017));
#9125 = ORIENTED_EDGE('',*,*,#9126,.T.);
#9126 = EDGE_CURVE('',#9120,#9127,#9129,.T.);
#9127 = VERTEX_POINT('',#9128);
#9128 = CARTESIAN_POINT('',(-7.300725660199,65.567131115062,
    4.000008636017));
#9129 = ( BOUNDED_CURVE() B_SPLINE_CURVE(2,(#9130,#9131,#9132),
.UNSPECIFIED.,.F.,.F.) B_SPLINE_CURVE_WITH_KNOTS((3,3),(2.914937898834,
3.368247408345),.PIECEWISE_BEZIER_KNOTS.) CURVE() 
GEOMETRIC_REPRESENTATION_ITEM() RATIONAL_B_SPLINE_CURVE((1.,
0.974423586327,1.)) REPRESENTATION_ITEM('') );
#9130 = CARTESIAN_POINT('',(-7.300725660199,66.767133553467,
    4.000008636017));
#9131 = CARTESIAN_POINT('',(-7.439096422714,66.167132334265,
    4.000008636017));
#9132 = CARTESIAN_POINT('',(-7.300725660199,65.567131115062,
    4.000008636017));
#9133 = ORIENTED_EDGE('',*,*,#9134,.F.);
#9134 = EDGE_CURVE('',#7461,#9127,#9135,.T.);
#9135 = B_SPLINE_CURVE_WITH_KNOTS('',1,(#9136,#9137),.UNSPECIFIED.,.F.,
  .F.,(2,2),(59.0551,157.48034),.PIECEWISE_BEZIER_KNOTS.);
#9136 = CARTESIAN_POINT('',(-7.300725660199,65.567131115062,
    1.500002540005));
#9137 = CARTESIAN_POINT('',(-7.300725660199,65.567131115062,
    4.000008636017));
#9138 = ORIENTED_EDGE('',*,*,#7467,.T.);
#9139 = ORIENTED_EDGE('',*,*,#9140,.T.);
#9140 = EDGE_CURVE('',#7468,#9141,#9143,.T.);
#9141 = VERTEX_POINT('',#9142);
#9142 = CARTESIAN_POINT('',(-5.299010617221,63.565416072085,
    4.000008636017));
#9143 = B_SPLINE_CURVE_WITH_KNOTS('',1,(#9144,#9145),.UNSPECIFIED.,.F.,
  .F.,(2,2),(59.0551,157.48034),.PIECEWISE_BEZIER_KNOTS.);
#9144 = CARTESIAN_POINT('',(-5.299010617221,63.565416072085,
    1.500002540005));
#9145 = CARTESIAN_POINT('',(-5.299010617221,63.565416072085,
    4.000008636017));
#9146 = ORIENTED_EDGE('',*,*,#9147,.T.);
#9147 = EDGE_CURVE('',#9141,#9148,#9150,.T.);
#9148 = VERTEX_POINT('',#9149);
#9149 = CARTESIAN_POINT('',(-4.099008178816,63.565416072085,
    4.000008636017));
#9150 = ( BOUNDED_CURVE() B_SPLINE_CURVE(2,(#9151,#9152,#9153),
.UNSPECIFIED.,.F.,.F.) B_SPLINE_CURVE_WITH_KNOTS((3,3),(4.485734225629,
4.93904373514),.PIECEWISE_BEZIER_KNOTS.) CURVE() 
GEOMETRIC_REPRESENTATION_ITEM() RATIONAL_B_SPLINE_CURVE((1.,
0.974423586327,1.)) REPRESENTATION_ITEM('') );
#9151 = CARTESIAN_POINT('',(-5.299010617221,63.565416072085,
    4.000008636017));
#9152 = CARTESIAN_POINT('',(-4.699009398019,63.42704530957,
    4.000008636017));
#9153 = CARTESIAN_POINT('',(-4.099008178816,63.565416072085,
    4.000008636017));
#9154 = ORIENTED_EDGE('',*,*,#9155,.F.);
#9155 = EDGE_CURVE('',#7490,#9148,#9156,.T.);
#9156 = B_SPLINE_CURVE_WITH_KNOTS('',1,(#9157,#9158),.UNSPECIFIED.,.F.,
  .F.,(2,2),(59.0551,157.48034),.PIECEWISE_BEZIER_KNOTS.);
#9157 = CARTESIAN_POINT('',(-4.099008178816,63.565416072085,
    1.500002540005));
#9158 = CARTESIAN_POINT('',(-4.099008178816,63.565416072085,
    4.000008636017));
#9159 = ORIENTED_EDGE('',*,*,#7496,.T.);
#9160 = ORIENTED_EDGE('',*,*,#8903,.T.);
#9161 = ( BOUNDED_SURFACE() B_SPLINE_SURFACE(2,1,(
    (#9162,#9163)
    ,(#9164,#9165)
    ,(#9166,#9167)
    ,(#9168,#9169)
    ,(#9170,#9171)
    ,(#9172,#9173)
    ,(#9174,#9175
)),.UNSPECIFIED.,.T.,.F.,.F.) B_SPLINE_SURFACE_WITH_KNOTS((1,2,2,2,2,1),
  (2,2),(-2.094395102394,0.,2.094395102393,4.188790204786,6.28318530718,
    8.377580409573),(59.0551,236.2205),.UNSPECIFIED.) 
GEOMETRIC_REPRESENTATION_ITEM() RATIONAL_B_SPLINE_SURFACE((
    (1.,1.)
    ,(0.5,0.5)
    ,(1.,1.)
    ,(0.5,0.5)
    ,(1.,1.)
    ,(0.5,0.5)
,(1.,1.))) REPRESENTATION_ITEM('') SURFACE() );
#9162 = CARTESIAN_POINT('',(-2.029003972568,66.167132334265,
    1.500002540005));
#9163 = CARTESIAN_POINT('',(-2.029003972568,66.167132334265,
    6.000012700025));
#9164 = CARTESIAN_POINT('',(-2.029003972568,70.79171738763,
    1.500002540005));
#9165 = CARTESIAN_POINT('',(-2.029003972568,70.79171738763,
    6.000012700025));
#9166 = CARTESIAN_POINT('',(-6.034012110744,68.479424860947,
    1.500002540005));
#9167 = CARTESIAN_POINT('',(-6.034012110744,68.479424860947,
    6.000012700025));
#9168 = CARTESIAN_POINT('',(-10.03902024892,66.167132334265,
    1.500002540005));
#9169 = CARTESIAN_POINT('',(-10.03902024892,66.167132334265,
    6.000012700025));
#9170 = CARTESIAN_POINT('',(-6.034012110744,63.854839807582,
    1.500002540005));
#9171 = CARTESIAN_POINT('',(-6.034012110744,63.854839807582,
    6.000012700025));
#9172 = CARTESIAN_POINT('',(-2.029003972568,61.542547280899,
    1.500002540005));
#9173 = CARTESIAN_POINT('',(-2.029003972568,61.542547280899,
    6.000012700025));
#9174 = CARTESIAN_POINT('',(-2.029003972568,66.167132334265,
    1.500002540005));
#9175 = CARTESIAN_POINT('',(-2.029003972568,66.167132334265,
    6.000012700025));
#9176 = ADVANCED_FACE('',(#9177),#9193,.F.);
#9177 = FACE_BOUND('',#9178,.F.);
#9178 = EDGE_LOOP('',(#9179,#9186,#9187,#9188));
#9179 = ORIENTED_EDGE('',*,*,#9180,.T.);
#9180 = EDGE_CURVE('',#9181,#7418,#9183,.T.);
#9181 = VERTEX_POINT('',#9182);
#9182 = CARTESIAN_POINT('',(-4.099008178816,71.837143855728,
    4.000008636017));
#9183 = B_SPLINE_CURVE_WITH_KNOTS('',1,(#9184,#9185),.UNSPECIFIED.,.F.,
  .F.,(2,2),(0.,126.04578797359),.PIECEWISE_BEZIER_KNOTS.);
#9184 = CARTESIAN_POINT('',(-4.099008178816,71.837143855728,
    4.000008636017));
#9185 = CARTESIAN_POINT('',(-4.099008178816,73.837147919736,
    1.500002540005));
#9186 = ORIENTED_EDGE('',*,*,#7417,.F.);
#9187 = ORIENTED_EDGE('',*,*,#9098,.T.);
#9188 = ORIENTED_EDGE('',*,*,#9189,.T.);
#9189 = EDGE_CURVE('',#9099,#9181,#9190,.T.);
#9190 = B_SPLINE_CURVE_WITH_KNOTS('',1,(#9191,#9192),.UNSPECIFIED.,.F.,
  .F.,(2,2),(47.311457242028,168.1102416),.PIECEWISE_BEZIER_KNOTS.);
#9191 = CARTESIAN_POINT('',(-4.099008178816,68.768848596445,
    4.000008636017));
#9192 = CARTESIAN_POINT('',(-4.099008178816,71.837143855728,
    4.000008636017));
#9193 = B_SPLINE_SURFACE_WITH_KNOTS('',1,1,(
    (#9194,#9195)
    ,(#9196,#9197
    )),.UNSPECIFIED.,.F.,.F.,.F.,(2,2),(2,2),(-134.2125579718,
    65.326386386166),(-12.57728272407,85.847957275927),
  .PIECEWISE_BEZIER_KNOTS.);
#9194 = CARTESIAN_POINT('',(-4.099008178816,73.837147919736,
    1.500002540005));
#9195 = CARTESIAN_POINT('',(-4.099008178816,73.837147919736,
    4.000008636017));
#9196 = CARTESIAN_POINT('',(-4.099008178816,68.768848596445,
    1.500002540005));
#9197 = CARTESIAN_POINT('',(-4.099008178816,68.768848596445,
    4.000008636017));
#9198 = ADVANCED_FACE('',(#9199),#9215,.T.);
#9199 = FACE_BOUND('',#9200,.T.);
#9200 = EDGE_LOOP('',(#9201,#9208,#9209,#9210));
#9201 = ORIENTED_EDGE('',*,*,#9202,.T.);
#9202 = EDGE_CURVE('',#9203,#9181,#9205,.T.);
#9203 = VERTEX_POINT('',#9204);
#9204 = CARTESIAN_POINT('',(-5.299010617221,71.837143855728,
    4.000008636017));
#9205 = B_SPLINE_CURVE_WITH_KNOTS('',1,(#9206,#9207),.UNSPECIFIED.,.F.,
  .F.,(2,2),(0.,47.244096),.PIECEWISE_BEZIER_KNOTS.);
#9206 = CARTESIAN_POINT('',(-5.299010617221,71.837143855728,
    4.000008636017));
#9207 = CARTESIAN_POINT('',(-4.099008178816,71.837143855728,
    4.000008636017));
#9208 = ORIENTED_EDGE('',*,*,#9180,.T.);
#9209 = ORIENTED_EDGE('',*,*,#7424,.F.);
#9210 = ORIENTED_EDGE('',*,*,#9211,.F.);
#9211 = EDGE_CURVE('',#9203,#7425,#9212,.T.);
#9212 = B_SPLINE_CURVE_WITH_KNOTS('',1,(#9213,#9214),.UNSPECIFIED.,.F.,
  .F.,(2,2),(0.,126.04578797359),.PIECEWISE_BEZIER_KNOTS.);
#9213 = CARTESIAN_POINT('',(-5.299010617221,71.837143855728,
    4.000008636017));
#9214 = CARTESIAN_POINT('',(-5.299010617221,73.837147919736,
    1.500002540005));
#9215 = B_SPLINE_SURFACE_WITH_KNOTS('',1,1,(
    (#9216,#9217)
    ,(#9218,#9219
    )),.UNSPECIFIED.,.F.,.F.,.F.,(2,2),(2,2),(0.,126.04578797359),(
    -47.244096,0.),.PIECEWISE_BEZIER_KNOTS.);
#9216 = CARTESIAN_POINT('',(-4.099008178816,71.837143855728,
    4.000008636017));
#9217 = CARTESIAN_POINT('',(-5.299010617221,71.837143855728,
    4.000008636017));
#9218 = CARTESIAN_POINT('',(-4.099008178816,73.837147919736,
    1.500002540005));
#9219 = CARTESIAN_POINT('',(-5.299010617221,73.837147919736,
    1.500002540005));
#9220 = ADVANCED_FACE('',(#9221),#9231,.T.);
#9221 = FACE_BOUND('',#9222,.T.);
#9222 = EDGE_LOOP('',(#9223,#9224,#9225,#9226));
#9223 = ORIENTED_EDGE('',*,*,#9211,.T.);
#9224 = ORIENTED_EDGE('',*,*,#7431,.F.);
#9225 = ORIENTED_EDGE('',*,*,#9113,.T.);
#9226 = ORIENTED_EDGE('',*,*,#9227,.T.);
#9227 = EDGE_CURVE('',#9106,#9203,#9228,.T.);
#9228 = B_SPLINE_CURVE_WITH_KNOTS('',1,(#9229,#9230),.UNSPECIFIED.,.F.,
  .F.,(2,2),(47.311457242028,168.1102416),.PIECEWISE_BEZIER_KNOTS.);
#9229 = CARTESIAN_POINT('',(-5.299010617221,68.768848596445,
    4.000008636017));
#9230 = CARTESIAN_POINT('',(-5.299010617221,71.837143855728,
    4.000008636017));
#9231 = B_SPLINE_SURFACE_WITH_KNOTS('',1,1,(
    (#9232,#9233)
    ,(#9234,#9235
    )),.UNSPECIFIED.,.F.,.F.,.F.,(2,2),(2,2),(-134.2125579718,
    65.326386386166),(-12.57728272407,85.847957275927),
  .PIECEWISE_BEZIER_KNOTS.);
#9232 = CARTESIAN_POINT('',(-5.299010617221,73.837147919736,
    1.500002540005));
#9233 = CARTESIAN_POINT('',(-5.299010617221,73.837147919736,
    4.000008636017));
#9234 = CARTESIAN_POINT('',(-5.299010617221,68.768848596445,
    1.500002540005));
#9235 = CARTESIAN_POINT('',(-5.299010617221,68.768848596445,
    4.000008636017));
#9236 = ADVANCED_FACE('',(#9237),#9253,.F.);
#9237 = FACE_BOUND('',#9238,.F.);
#9238 = EDGE_LOOP('',(#9239,#9246,#9247,#9248));
#9239 = ORIENTED_EDGE('',*,*,#9240,.T.);
#9240 = EDGE_CURVE('',#9241,#7447,#9243,.T.);
#9241 = VERTEX_POINT('',#9242);
#9242 = CARTESIAN_POINT('',(-10.36902091948,66.767133553467,
    4.000008636017));
#9243 = B_SPLINE_CURVE_WITH_KNOTS('',1,(#9244,#9245),.UNSPECIFIED.,.F.,
  .F.,(2,2),(0.,126.04578797359),.PIECEWISE_BEZIER_KNOTS.);
#9244 = CARTESIAN_POINT('',(-10.36902091948,66.767133553467,
    4.000008636017));
#9245 = CARTESIAN_POINT('',(-12.36902498349,66.767133553467,
    1.500002540005));
#9246 = ORIENTED_EDGE('',*,*,#7446,.F.);
#9247 = ORIENTED_EDGE('',*,*,#9119,.T.);
#9248 = ORIENTED_EDGE('',*,*,#9249,.T.);
#9249 = EDGE_CURVE('',#9120,#9241,#9250,.T.);
#9250 = B_SPLINE_CURVE_WITH_KNOTS('',1,(#9251,#9252),.UNSPECIFIED.,.F.,
  .F.,(2,2),(47.311457242028,168.1102416),.PIECEWISE_BEZIER_KNOTS.);
#9251 = CARTESIAN_POINT('',(-7.300725660199,66.767133553467,
    4.000008636017));
#9252 = CARTESIAN_POINT('',(-10.36902091948,66.767133553467,
    4.000008636017));
#9253 = B_SPLINE_SURFACE_WITH_KNOTS('',1,1,(
    (#9254,#9255)
    ,(#9256,#9257
    )),.UNSPECIFIED.,.F.,.F.,.F.,(2,2),(2,2),(-134.2125579718,
    65.326386386166),(-12.57728272407,85.847957275927),
  .PIECEWISE_BEZIER_KNOTS.);
#9254 = CARTESIAN_POINT('',(-12.36902498349,66.767133553467,
    1.500002540005));
#9255 = CARTESIAN_POINT('',(-12.36902498349,66.767133553467,
    4.000008636017));
#9256 = CARTESIAN_POINT('',(-7.300725660199,66.767133553467,
    1.500002540005));
#9257 = CARTESIAN_POINT('',(-7.300725660199,66.767133553467,
    4.000008636017));
#9258 = ADVANCED_FACE('',(#9259),#9275,.T.);
#9259 = FACE_BOUND('',#9260,.T.);
#9260 = EDGE_LOOP('',(#9261,#9268,#9269,#9270));
#9261 = ORIENTED_EDGE('',*,*,#9262,.T.);
#9262 = EDGE_CURVE('',#9263,#9241,#9265,.T.);
#9263 = VERTEX_POINT('',#9264);
#9264 = CARTESIAN_POINT('',(-10.36902091948,65.567131115062,
    4.000008636017));
#9265 = B_SPLINE_CURVE_WITH_KNOTS('',1,(#9266,#9267),.UNSPECIFIED.,.F.,
  .F.,(2,2),(0.,47.244096),.PIECEWISE_BEZIER_KNOTS.);
#9266 = CARTESIAN_POINT('',(-10.36902091948,65.567131115062,
    4.000008636017));
#9267 = CARTESIAN_POINT('',(-10.36902091948,66.767133553467,
    4.000008636017));
#9268 = ORIENTED_EDGE('',*,*,#9240,.T.);
#9269 = ORIENTED_EDGE('',*,*,#7453,.F.);
#9270 = ORIENTED_EDGE('',*,*,#9271,.F.);
#9271 = EDGE_CURVE('',#9263,#7454,#9272,.T.);
#9272 = B_SPLINE_CURVE_WITH_KNOTS('',1,(#9273,#9274),.UNSPECIFIED.,.F.,
  .F.,(2,2),(0.,126.04578797359),.PIECEWISE_BEZIER_KNOTS.);
#9273 = CARTESIAN_POINT('',(-10.36902091948,65.567131115062,
    4.000008636017));
#9274 = CARTESIAN_POINT('',(-12.36902498349,65.567131115062,
    1.500002540005));
#9275 = B_SPLINE_SURFACE_WITH_KNOTS('',1,1,(
    (#9276,#9277)
    ,(#9278,#9279
    )),.UNSPECIFIED.,.F.,.F.,.F.,(2,2),(2,2),(0.,126.04578797359),(
    -47.244096,0.),.PIECEWISE_BEZIER_KNOTS.);
#9276 = CARTESIAN_POINT('',(-10.36902091948,66.767133553467,
    4.000008636017));
#9277 = CARTESIAN_POINT('',(-10.36902091948,65.567131115062,
    4.000008636017));
#9278 = CARTESIAN_POINT('',(-12.36902498349,66.767133553467,
    1.500002540005));
#9279 = CARTESIAN_POINT('',(-12.36902498349,65.567131115062,
    1.500002540005));
#9280 = ADVANCED_FACE('',(#9281),#9291,.T.);
#9281 = FACE_BOUND('',#9282,.T.);
#9282 = EDGE_LOOP('',(#9283,#9284,#9285,#9286));
#9283 = ORIENTED_EDGE('',*,*,#9271,.T.);
#9284 = ORIENTED_EDGE('',*,*,#7460,.F.);
#9285 = ORIENTED_EDGE('',*,*,#9134,.T.);
#9286 = ORIENTED_EDGE('',*,*,#9287,.T.);
#9287 = EDGE_CURVE('',#9127,#9263,#9288,.T.);
#9288 = B_SPLINE_CURVE_WITH_KNOTS('',1,(#9289,#9290),.UNSPECIFIED.,.F.,
  .F.,(2,2),(47.311457242028,168.1102416),.PIECEWISE_BEZIER_KNOTS.);
#9289 = CARTESIAN_POINT('',(-7.300725660199,65.567131115062,
    4.000008636017));
#9290 = CARTESIAN_POINT('',(-10.36902091948,65.567131115062,
    4.000008636017));
#9291 = B_SPLINE_SURFACE_WITH_KNOTS('',1,1,(
    (#9292,#9293)
    ,(#9294,#9295
    )),.UNSPECIFIED.,.F.,.F.,.F.,(2,2),(2,2),(-134.2125579718,
    65.326386386166),(-12.57728272407,85.847957275927),
  .PIECEWISE_BEZIER_KNOTS.);
#9292 = CARTESIAN_POINT('',(-12.36902498349,65.567131115062,
    1.500002540005));
#9293 = CARTESIAN_POINT('',(-12.36902498349,65.567131115062,
    4.000008636017));
#9294 = CARTESIAN_POINT('',(-7.300725660199,65.567131115062,
    1.500002540005));
#9295 = CARTESIAN_POINT('',(-7.300725660199,65.567131115062,
    4.000008636017));
#9296 = ADVANCED_FACE('',(#9297),#9313,.F.);
#9297 = FACE_BOUND('',#9298,.F.);
#9298 = EDGE_LOOP('',(#9299,#9306,#9307,#9308));
#9299 = ORIENTED_EDGE('',*,*,#9300,.T.);
#9300 = EDGE_CURVE('',#9301,#7476,#9303,.T.);
#9301 = VERTEX_POINT('',#9302);
#9302 = CARTESIAN_POINT('',(-5.299010617221,60.497120812802,
    4.000008636017));
#9303 = B_SPLINE_CURVE_WITH_KNOTS('',1,(#9304,#9305),.UNSPECIFIED.,.F.,
  .F.,(2,2),(0.,126.04578797359),.PIECEWISE_BEZIER_KNOTS.);
#9304 = CARTESIAN_POINT('',(-5.299010617221,60.497120812802,
    4.000008636017));
#9305 = CARTESIAN_POINT('',(-5.299010617221,58.497116748793,
    1.500002540005));
#9306 = ORIENTED_EDGE('',*,*,#7475,.F.);
#9307 = ORIENTED_EDGE('',*,*,#9140,.T.);
#9308 = ORIENTED_EDGE('',*,*,#9309,.T.);
#9309 = EDGE_CURVE('',#9141,#9301,#9310,.T.);
#9310 = B_SPLINE_CURVE_WITH_KNOTS('',1,(#9311,#9312),.UNSPECIFIED.,.F.,
  .F.,(2,2),(47.311457242028,168.1102416),.PIECEWISE_BEZIER_KNOTS.);
#9311 = CARTESIAN_POINT('',(-5.299010617221,63.565416072085,
    4.000008636017));
#9312 = CARTESIAN_POINT('',(-5.299010617221,60.497120812802,
    4.000008636017));
#9313 = B_SPLINE_SURFACE_WITH_KNOTS('',1,1,(
    (#9314,#9315)
    ,(#9316,#9317
    )),.UNSPECIFIED.,.F.,.F.,.F.,(2,2),(2,2),(-134.2125579718,
    65.326386386166),(-12.57728272407,85.847957275927),
  .PIECEWISE_BEZIER_KNOTS.);
#9314 = CARTESIAN_POINT('',(-5.299010617221,58.497116748793,
    1.500002540005));
#9315 = CARTESIAN_POINT('',(-5.299010617221,58.497116748793,
    4.000008636017));
#9316 = CARTESIAN_POINT('',(-5.299010617221,63.565416072085,
    1.500002540005));
#9317 = CARTESIAN_POINT('',(-5.299010617221,63.565416072085,
    4.000008636017));
#9318 = ADVANCED_FACE('',(#9319),#9335,.T.);
#9319 = FACE_BOUND('',#9320,.T.);
#9320 = EDGE_LOOP('',(#9321,#9328,#9329,#9330));
#9321 = ORIENTED_EDGE('',*,*,#9322,.T.);
#9322 = EDGE_CURVE('',#9323,#9301,#9325,.T.);
#9323 = VERTEX_POINT('',#9324);
#9324 = CARTESIAN_POINT('',(-4.099008178816,60.497120812802,
    4.000008636017));
#9325 = B_SPLINE_CURVE_WITH_KNOTS('',1,(#9326,#9327),.UNSPECIFIED.,.F.,
  .F.,(2,2),(0.,47.244096),.PIECEWISE_BEZIER_KNOTS.);
#9326 = CARTESIAN_POINT('',(-4.099008178816,60.497120812802,
    4.000008636017));
#9327 = CARTESIAN_POINT('',(-5.299010617221,60.497120812802,
    4.000008636017));
#9328 = ORIENTED_EDGE('',*,*,#9300,.T.);
#9329 = ORIENTED_EDGE('',*,*,#7482,.F.);
#9330 = ORIENTED_EDGE('',*,*,#9331,.F.);
#9331 = EDGE_CURVE('',#9323,#7483,#9332,.T.);
#9332 = B_SPLINE_CURVE_WITH_KNOTS('',1,(#9333,#9334),.UNSPECIFIED.,.F.,
  .F.,(2,2),(0.,126.04578797359),.PIECEWISE_BEZIER_KNOTS.);
#9333 = CARTESIAN_POINT('',(-4.099008178816,60.497120812802,
    4.000008636017));
#9334 = CARTESIAN_POINT('',(-4.099008178816,58.497116748793,
    1.500002540005));
#9335 = B_SPLINE_SURFACE_WITH_KNOTS('',1,1,(
    (#9336,#9337)
    ,(#9338,#9339
    )),.UNSPECIFIED.,.F.,.F.,.F.,(2,2),(2,2),(0.,126.04578797359),(
    -47.244096,0.),.PIECEWISE_BEZIER_KNOTS.);
#9336 = CARTESIAN_POINT('',(-5.299010617221,60.497120812802,
    4.000008636017));
#9337 = CARTESIAN_POINT('',(-4.099008178816,60.497120812802,
    4.000008636017));
#9338 = CARTESIAN_POINT('',(-5.299010617221,58.497116748793,
    1.500002540005));
#9339 = CARTESIAN_POINT('',(-4.099008178816,58.497116748793,
    1.500002540005));
#9340 = ADVANCED_FACE('',(#9341),#9351,.T.);
#9341 = FACE_BOUND('',#9342,.T.);
#9342 = EDGE_LOOP('',(#9343,#9344,#9345,#9346));
#9343 = ORIENTED_EDGE('',*,*,#9331,.T.);
#9344 = ORIENTED_EDGE('',*,*,#7489,.F.);
#9345 = ORIENTED_EDGE('',*,*,#9155,.T.);
#9346 = ORIENTED_EDGE('',*,*,#9347,.T.);
#9347 = EDGE_CURVE('',#9148,#9323,#9348,.T.);
#9348 = B_SPLINE_CURVE_WITH_KNOTS('',1,(#9349,#9350),.UNSPECIFIED.,.F.,
  .F.,(2,2),(47.311457242028,168.1102416),.PIECEWISE_BEZIER_KNOTS.);
#9349 = CARTESIAN_POINT('',(-4.099008178816,63.565416072085,
    4.000008636017));
#9350 = CARTESIAN_POINT('',(-4.099008178816,60.497120812802,
    4.000008636017));
#9351 = B_SPLINE_SURFACE_WITH_KNOTS('',1,1,(
    (#9352,#9353)
    ,(#9354,#9355
    )),.UNSPECIFIED.,.F.,.F.,.F.,(2,2),(2,2),(-134.2125579718,
    65.326386386166),(-12.57728272407,85.847957275927),
  .PIECEWISE_BEZIER_KNOTS.);
#9352 = CARTESIAN_POINT('',(-4.099008178816,58.497116748793,
    1.500002540005));
#9353 = CARTESIAN_POINT('',(-4.099008178816,58.497116748793,
    4.000008636017));
#9354 = CARTESIAN_POINT('',(-4.099008178816,63.565416072085,
    1.500002540005));
#9355 = CARTESIAN_POINT('',(-4.099008178816,63.565416072085,
    4.000008636017));
#9356 = ADVANCED_FACE('',(#9357),#9457,.T.);
#9357 = FACE_BOUND('',#9358,.T.);
#9358 = EDGE_LOOP('',(#9359,#9367,#9374,#9384,#9385,#9391,#9392,#9393,
    #9400,#9408,#9413,#9414,#9421,#9429,#9434,#9435,#9442,#9450,#9455,
    #9456));
#9359 = ORIENTED_EDGE('',*,*,#9360,.T.);
#9360 = EDGE_CURVE('',#8978,#9361,#9363,.T.);
#9361 = VERTEX_POINT('',#9362);
#9362 = CARTESIAN_POINT('',(-2.330004734569,4.95300990602,4.000008636017
    ));
#9363 = ( BOUNDED_CURVE() B_SPLINE_CURVE(2,(#9364,#9365,#9366),
.UNSPECIFIED.,.F.,.F.) B_SPLINE_CURVE_WITH_KNOTS((3,3),(6.056530552424,
6.28318530718),.PIECEWISE_BEZIER_KNOTS.) CURVE() 
GEOMETRIC_REPRESENTATION_ITEM() RATIONAL_B_SPLINE_CURVE((1.,
0.993585322538,1.)) REPRESENTATION_ITEM('') );
#9364 = CARTESIAN_POINT('',(-2.39829389784,4.353008686817,4.000008636017
    ));
#9365 = CARTESIAN_POINT('',(-2.330004734569,4.649123129465,
    4.000008636017));
#9366 = CARTESIAN_POINT('',(-2.330004734569,4.95300990602,4.000008636017
    ));
#9367 = ORIENTED_EDGE('',*,*,#9368,.T.);
#9368 = EDGE_CURVE('',#9361,#9369,#9371,.T.);
#9369 = VERTEX_POINT('',#9370);
#9370 = CARTESIAN_POINT('',(-2.330004734569,4.95300990602,6.000012700025
    ));
#9371 = B_SPLINE_CURVE_WITH_KNOTS('',1,(#9372,#9373),.UNSPECIFIED.,.F.,
  .F.,(2,2),(157.48034,236.2205),.PIECEWISE_BEZIER_KNOTS.);
#9372 = CARTESIAN_POINT('',(-2.330004734569,4.95300990602,4.000008636017
    ));
#9373 = CARTESIAN_POINT('',(-2.330004734569,4.95300990602,6.000012700025
    ));
#9374 = ORIENTED_EDGE('',*,*,#9375,.F.);
#9375 = EDGE_CURVE('',#9369,#9369,#9376,.T.);
#9376 = ( BOUNDED_CURVE() B_SPLINE_CURVE(2,(#9377,#9378,#9379,#9380,
#9381,#9382,#9383),.UNSPECIFIED.,.T.,.F.) B_SPLINE_CURVE_WITH_KNOTS((1,2
    ,2,2,2,1),(-2.094395102394,0.,2.094395102393,4.188790204786,
6.28318530718,8.377580409573),.UNSPECIFIED.) CURVE() 
GEOMETRIC_REPRESENTATION_ITEM() RATIONAL_B_SPLINE_CURVE((1.,0.5,1.,0.5,
1.,0.5,1.)) REPRESENTATION_ITEM('') );
#9377 = CARTESIAN_POINT('',(-2.330004734569,4.95300990602,6.000012700025
    ));
#9378 = CARTESIAN_POINT('',(-2.330004734569,9.577594959385,
    6.000012700025));
#9379 = CARTESIAN_POINT('',(-6.335012872746,7.265302432703,
    6.000012700025));
#9380 = CARTESIAN_POINT('',(-10.34002101092,4.95300990602,6.000012700025
    ));
#9381 = CARTESIAN_POINT('',(-6.335012872746,2.640717379337,
    6.000012700025));
#9382 = CARTESIAN_POINT('',(-2.330004734569,0.328424852654,
    6.000012700025));
#9383 = CARTESIAN_POINT('',(-2.330004734569,4.95300990602,6.000012700025
    ));
#9384 = ORIENTED_EDGE('',*,*,#9368,.F.);
#9385 = ORIENTED_EDGE('',*,*,#9386,.T.);
#9386 = EDGE_CURVE('',#9361,#8927,#9387,.T.);
#9387 = ( BOUNDED_CURVE() B_SPLINE_CURVE(2,(#9388,#9389,#9390),
.UNSPECIFIED.,.F.,.F.) B_SPLINE_CURVE_WITH_KNOTS((3,3),(0.,
0.226654754756),.PIECEWISE_BEZIER_KNOTS.) CURVE() 
GEOMETRIC_REPRESENTATION_ITEM() RATIONAL_B_SPLINE_CURVE((1.,
0.993585322538,1.)) REPRESENTATION_ITEM('') );
#9388 = CARTESIAN_POINT('',(-2.330004734569,4.95300990602,4.000008636017
    ));
#9389 = CARTESIAN_POINT('',(-2.330004734569,5.256896682575,
    4.000008636017));
#9390 = CARTESIAN_POINT('',(-2.39829389784,5.553011125222,4.000008636017
    ));
#9391 = ORIENTED_EDGE('',*,*,#8926,.F.);
#9392 = ORIENTED_EDGE('',*,*,#7517,.T.);
#9393 = ORIENTED_EDGE('',*,*,#9394,.T.);
#9394 = EDGE_CURVE('',#7518,#9395,#9397,.T.);
#9395 = VERTEX_POINT('',#9396);
#9396 = CARTESIAN_POINT('',(-4.400008940818,7.5547261682,4.000008636017)
  );
#9397 = B_SPLINE_CURVE_WITH_KNOTS('',1,(#9398,#9399),.UNSPECIFIED.,.F.,
  .F.,(2,2),(59.0551,157.48034),.PIECEWISE_BEZIER_KNOTS.);
#9398 = CARTESIAN_POINT('',(-4.400008940818,7.5547261682,1.500002540005)
  );
#9399 = CARTESIAN_POINT('',(-4.400008940818,7.5547261682,4.000008636017)
  );
#9400 = ORIENTED_EDGE('',*,*,#9401,.T.);
#9401 = EDGE_CURVE('',#9395,#9402,#9404,.T.);
#9402 = VERTEX_POINT('',#9403);
#9403 = CARTESIAN_POINT('',(-5.600011379223,7.5547261682,4.000008636017)
  );
#9404 = ( BOUNDED_CURVE() B_SPLINE_CURVE(2,(#9405,#9406,#9407),
.UNSPECIFIED.,.F.,.F.) B_SPLINE_CURVE_WITH_KNOTS((3,3),(1.344141572039,
1.79745108155),.PIECEWISE_BEZIER_KNOTS.) CURVE() 
GEOMETRIC_REPRESENTATION_ITEM() RATIONAL_B_SPLINE_CURVE((1.,
0.974423586327,1.)) REPRESENTATION_ITEM('') );
#9405 = CARTESIAN_POINT('',(-4.400008940818,7.5547261682,4.000008636017)
  );
#9406 = CARTESIAN_POINT('',(-5.00001016002,7.693096930715,4.000008636017
    ));
#9407 = CARTESIAN_POINT('',(-5.600011379223,7.5547261682,4.000008636017)
  );
#9408 = ORIENTED_EDGE('',*,*,#9409,.F.);
#9409 = EDGE_CURVE('',#7540,#9402,#9410,.T.);
#9410 = B_SPLINE_CURVE_WITH_KNOTS('',1,(#9411,#9412),.UNSPECIFIED.,.F.,
  .F.,(2,2),(59.0551,157.48034),.PIECEWISE_BEZIER_KNOTS.);
#9411 = CARTESIAN_POINT('',(-5.600011379223,7.5547261682,1.500002540005)
  );
#9412 = CARTESIAN_POINT('',(-5.600011379223,7.5547261682,4.000008636017)
  );
#9413 = ORIENTED_EDGE('',*,*,#7546,.T.);
#9414 = ORIENTED_EDGE('',*,*,#9415,.T.);
#9415 = EDGE_CURVE('',#7547,#9416,#9418,.T.);
#9416 = VERTEX_POINT('',#9417);
#9417 = CARTESIAN_POINT('',(-7.6017264222,5.553011125222,4.000008636017)
  );
#9418 = B_SPLINE_CURVE_WITH_KNOTS('',1,(#9419,#9420),.UNSPECIFIED.,.F.,
  .F.,(2,2),(59.0551,157.48034),.PIECEWISE_BEZIER_KNOTS.);
#9419 = CARTESIAN_POINT('',(-7.6017264222,5.553011125222,1.500002540005)
  );
#9420 = CARTESIAN_POINT('',(-7.6017264222,5.553011125222,4.000008636017)
  );
#9421 = ORIENTED_EDGE('',*,*,#9422,.T.);
#9422 = EDGE_CURVE('',#9416,#9423,#9425,.T.);
#9423 = VERTEX_POINT('',#9424);
#9424 = CARTESIAN_POINT('',(-7.6017264222,4.353008686817,4.000008636017)
  );
#9425 = ( BOUNDED_CURVE() B_SPLINE_CURVE(2,(#9426,#9427,#9428),
.UNSPECIFIED.,.F.,.F.) B_SPLINE_CURVE_WITH_KNOTS((3,3),(2.914937898834,
3.368247408345),.PIECEWISE_BEZIER_KNOTS.) CURVE() 
GEOMETRIC_REPRESENTATION_ITEM() RATIONAL_B_SPLINE_CURVE((1.,
0.974423586327,1.)) REPRESENTATION_ITEM('') );
#9426 = CARTESIAN_POINT('',(-7.6017264222,5.553011125222,4.000008636017)
  );
#9427 = CARTESIAN_POINT('',(-7.740097184715,4.95300990602,4.000008636017
    ));
#9428 = CARTESIAN_POINT('',(-7.6017264222,4.353008686817,4.000008636017)
  );
#9429 = ORIENTED_EDGE('',*,*,#9430,.F.);
#9430 = EDGE_CURVE('',#7569,#9423,#9431,.T.);
#9431 = B_SPLINE_CURVE_WITH_KNOTS('',1,(#9432,#9433),.UNSPECIFIED.,.F.,
  .F.,(2,2),(59.0551,157.48034),.PIECEWISE_BEZIER_KNOTS.);
#9432 = CARTESIAN_POINT('',(-7.6017264222,4.353008686817,1.500002540005)
  );
#9433 = CARTESIAN_POINT('',(-7.6017264222,4.353008686817,4.000008636017)
  );
#9434 = ORIENTED_EDGE('',*,*,#7575,.T.);
#9435 = ORIENTED_EDGE('',*,*,#9436,.T.);
#9436 = EDGE_CURVE('',#7576,#9437,#9439,.T.);
#9437 = VERTEX_POINT('',#9438);
#9438 = CARTESIAN_POINT('',(-5.600011379223,2.35129364384,4.000008636017
    ));
#9439 = B_SPLINE_CURVE_WITH_KNOTS('',1,(#9440,#9441),.UNSPECIFIED.,.F.,
  .F.,(2,2),(59.0551,157.48034),.PIECEWISE_BEZIER_KNOTS.);
#9440 = CARTESIAN_POINT('',(-5.600011379223,2.35129364384,1.500002540005
    ));
#9441 = CARTESIAN_POINT('',(-5.600011379223,2.35129364384,4.000008636017
    ));
#9442 = ORIENTED_EDGE('',*,*,#9443,.T.);
#9443 = EDGE_CURVE('',#9437,#9444,#9446,.T.);
#9444 = VERTEX_POINT('',#9445);
#9445 = CARTESIAN_POINT('',(-4.400008940818,2.35129364384,4.000008636017
    ));
#9446 = ( BOUNDED_CURVE() B_SPLINE_CURVE(2,(#9447,#9448,#9449),
.UNSPECIFIED.,.F.,.F.) B_SPLINE_CURVE_WITH_KNOTS((3,3),(4.485734225629,
4.93904373514),.PIECEWISE_BEZIER_KNOTS.) CURVE() 
GEOMETRIC_REPRESENTATION_ITEM() RATIONAL_B_SPLINE_CURVE((1.,
0.974423586327,1.)) REPRESENTATION_ITEM('') );
#9447 = CARTESIAN_POINT('',(-5.600011379223,2.35129364384,4.000008636017
    ));
#9448 = CARTESIAN_POINT('',(-5.00001016002,2.212922881325,4.000008636017
    ));
#9449 = CARTESIAN_POINT('',(-4.400008940818,2.35129364384,4.000008636017
    ));
#9450 = ORIENTED_EDGE('',*,*,#9451,.F.);
#9451 = EDGE_CURVE('',#7798,#9444,#9452,.T.);
#9452 = B_SPLINE_CURVE_WITH_KNOTS('',1,(#9453,#9454),.UNSPECIFIED.,.F.,
  .F.,(2,2),(59.0551,157.48034),.PIECEWISE_BEZIER_KNOTS.);
#9453 = CARTESIAN_POINT('',(-4.400008940818,2.35129364384,1.500002540005
    ));
#9454 = CARTESIAN_POINT('',(-4.400008940818,2.35129364384,4.000008636017
    ));
#9455 = ORIENTED_EDGE('',*,*,#7804,.T.);
#9456 = ORIENTED_EDGE('',*,*,#8977,.T.);
#9457 = ( BOUNDED_SURFACE() B_SPLINE_SURFACE(2,1,(
    (#9458,#9459)
    ,(#9460,#9461)
    ,(#9462,#9463)
    ,(#9464,#9465)
    ,(#9466,#9467)
    ,(#9468,#9469)
    ,(#9470,#9471
)),.UNSPECIFIED.,.T.,.F.,.F.) B_SPLINE_SURFACE_WITH_KNOTS((1,2,2,2,2,1),
  (2,2),(-2.094395102394,0.,2.094395102393,4.188790204786,6.28318530718,
    8.377580409573),(59.0551,236.2205),.UNSPECIFIED.) 
GEOMETRIC_REPRESENTATION_ITEM() RATIONAL_B_SPLINE_SURFACE((
    (1.,1.)
    ,(0.5,0.5)
    ,(1.,1.)
    ,(0.5,0.5)
    ,(1.,1.)
    ,(0.5,0.5)
,(1.,1.))) REPRESENTATION_ITEM('') SURFACE() );
#9458 = CARTESIAN_POINT('',(-2.330004734569,4.95300990602,1.500002540005
    ));
#9459 = CARTESIAN_POINT('',(-2.330004734569,4.95300990602,6.000012700025
    ));
#9460 = CARTESIAN_POINT('',(-2.330004734569,9.577594959385,
    1.500002540005));
#9461 = CARTESIAN_POINT('',(-2.330004734569,9.577594959385,
    6.000012700025));
#9462 = CARTESIAN_POINT('',(-6.335012872746,7.265302432703,
    1.500002540005));
#9463 = CARTESIAN_POINT('',(-6.335012872746,7.265302432703,
    6.000012700025));
#9464 = CARTESIAN_POINT('',(-10.34002101092,4.95300990602,1.500002540005
    ));
#9465 = CARTESIAN_POINT('',(-10.34002101092,4.95300990602,6.000012700025
    ));
#9466 = CARTESIAN_POINT('',(-6.335012872746,2.640717379337,
    1.500002540005));
#9467 = CARTESIAN_POINT('',(-6.335012872746,2.640717379337,
    6.000012700025));
#9468 = CARTESIAN_POINT('',(-2.330004734569,0.328424852654,
    1.500002540005));
#9469 = CARTESIAN_POINT('',(-2.330004734569,0.328424852654,
    6.000012700025));
#9470 = CARTESIAN_POINT('',(-2.330004734569,4.95300990602,1.500002540005
    ));
#9471 = CARTESIAN_POINT('',(-2.330004734569,4.95300990602,6.000012700025
    ));
#9472 = ADVANCED_FACE('',(#9473),#9489,.F.);
#9473 = FACE_BOUND('',#9474,.F.);
#9474 = EDGE_LOOP('',(#9475,#9482,#9483,#9484));
#9475 = ORIENTED_EDGE('',*,*,#9476,.T.);
#9476 = EDGE_CURVE('',#9477,#7526,#9479,.T.);
#9477 = VERTEX_POINT('',#9478);
#9478 = CARTESIAN_POINT('',(-4.400008940818,10.623021427483,
    4.000008636017));
#9479 = B_SPLINE_CURVE_WITH_KNOTS('',1,(#9480,#9481),.UNSPECIFIED.,.F.,
  .F.,(2,2),(0.,126.04578797359),.PIECEWISE_BEZIER_KNOTS.);
#9480 = CARTESIAN_POINT('',(-4.400008940818,10.623021427483,
    4.000008636017));
#9481 = CARTESIAN_POINT('',(-4.400008940818,12.623025491491,
    1.500002540005));
#9482 = ORIENTED_EDGE('',*,*,#7525,.F.);
#9483 = ORIENTED_EDGE('',*,*,#9394,.T.);
#9484 = ORIENTED_EDGE('',*,*,#9485,.T.);
#9485 = EDGE_CURVE('',#9395,#9477,#9486,.T.);
#9486 = B_SPLINE_CURVE_WITH_KNOTS('',1,(#9487,#9488),.UNSPECIFIED.,.F.,
  .F.,(2,2),(47.311457242032,168.1102416),.PIECEWISE_BEZIER_KNOTS.);
#9487 = CARTESIAN_POINT('',(-4.400008940818,7.5547261682,4.000008636017)
  );
#9488 = CARTESIAN_POINT('',(-4.400008940818,10.623021427483,
    4.000008636017));
#9489 = B_SPLINE_SURFACE_WITH_KNOTS('',1,1,(
    (#9490,#9491)
    ,(#9492,#9493
    )),.UNSPECIFIED.,.F.,.F.,.F.,(2,2),(2,2),(-134.2125579718,
    65.326386386162),(-12.57728272407,85.847957275927),
  .PIECEWISE_BEZIER_KNOTS.);
#9490 = CARTESIAN_POINT('',(-4.400008940818,12.623025491491,
    1.500002540005));
#9491 = CARTESIAN_POINT('',(-4.400008940818,12.623025491491,
    4.000008636017));
#9492 = CARTESIAN_POINT('',(-4.400008940818,7.5547261682,1.500002540005)
  );
#9493 = CARTESIAN_POINT('',(-4.400008940818,7.5547261682,4.000008636017)
  );
#9494 = ADVANCED_FACE('',(#9495),#9511,.T.);
#9495 = FACE_BOUND('',#9496,.T.);
#9496 = EDGE_LOOP('',(#9497,#9504,#9505,#9506));
#9497 = ORIENTED_EDGE('',*,*,#9498,.T.);
#9498 = EDGE_CURVE('',#9499,#9477,#9501,.T.);
#9499 = VERTEX_POINT('',#9500);
#9500 = CARTESIAN_POINT('',(-5.600011379223,10.623021427483,
    4.000008636017));
#9501 = B_SPLINE_CURVE_WITH_KNOTS('',1,(#9502,#9503),.UNSPECIFIED.,.F.,
  .F.,(2,2),(0.,47.244096),.PIECEWISE_BEZIER_KNOTS.);
#9502 = CARTESIAN_POINT('',(-5.600011379223,10.623021427483,
    4.000008636017));
#9503 = CARTESIAN_POINT('',(-4.400008940818,10.623021427483,
    4.000008636017));
#9504 = ORIENTED_EDGE('',*,*,#9476,.T.);
#9505 = ORIENTED_EDGE('',*,*,#7532,.F.);
#9506 = ORIENTED_EDGE('',*,*,#9507,.F.);
#9507 = EDGE_CURVE('',#9499,#7533,#9508,.T.);
#9508 = B_SPLINE_CURVE_WITH_KNOTS('',1,(#9509,#9510),.UNSPECIFIED.,.F.,
  .F.,(2,2),(0.,126.04578797359),.PIECEWISE_BEZIER_KNOTS.);
#9509 = CARTESIAN_POINT('',(-5.600011379223,10.623021427483,
    4.000008636017));
#9510 = CARTESIAN_POINT('',(-5.600011379223,12.623025491491,
    1.500002540005));
#9511 = B_SPLINE_SURFACE_WITH_KNOTS('',1,1,(
    (#9512,#9513)
    ,(#9514,#9515
    )),.UNSPECIFIED.,.F.,.F.,.F.,(2,2),(2,2),(0.,126.04578797359),(
    -47.244096,0.),.PIECEWISE_BEZIER_KNOTS.);
#9512 = CARTESIAN_POINT('',(-4.400008940818,10.623021427483,
    4.000008636017));
#9513 = CARTESIAN_POINT('',(-5.600011379223,10.623021427483,
    4.000008636017));
#9514 = CARTESIAN_POINT('',(-4.400008940818,12.623025491491,
    1.500002540005));
#9515 = CARTESIAN_POINT('',(-5.600011379223,12.623025491491,
    1.500002540005));
#9516 = ADVANCED_FACE('',(#9517),#9527,.T.);
#9517 = FACE_BOUND('',#9518,.T.);
#9518 = EDGE_LOOP('',(#9519,#9520,#9521,#9522));
#9519 = ORIENTED_EDGE('',*,*,#9507,.T.);
#9520 = ORIENTED_EDGE('',*,*,#7539,.F.);
#9521 = ORIENTED_EDGE('',*,*,#9409,.T.);
#9522 = ORIENTED_EDGE('',*,*,#9523,.T.);
#9523 = EDGE_CURVE('',#9402,#9499,#9524,.T.);
#9524 = B_SPLINE_CURVE_WITH_KNOTS('',1,(#9525,#9526),.UNSPECIFIED.,.F.,
  .F.,(2,2),(47.311457242032,168.1102416),.PIECEWISE_BEZIER_KNOTS.);
#9525 = CARTESIAN_POINT('',(-5.600011379223,7.5547261682,4.000008636017)
  );
#9526 = CARTESIAN_POINT('',(-5.600011379223,10.623021427483,
    4.000008636017));
#9527 = B_SPLINE_SURFACE_WITH_KNOTS('',1,1,(
    (#9528,#9529)
    ,(#9530,#9531
    )),.UNSPECIFIED.,.F.,.F.,.F.,(2,2),(2,2),(-134.2125579718,
    65.326386386162),(-12.57728272407,85.847957275927),
  .PIECEWISE_BEZIER_KNOTS.);
#9528 = CARTESIAN_POINT('',(-5.600011379223,12.623025491491,
    1.500002540005));
#9529 = CARTESIAN_POINT('',(-5.600011379223,12.623025491491,
    4.000008636017));
#9530 = CARTESIAN_POINT('',(-5.600011379223,7.5547261682,1.500002540005)
  );
#9531 = CARTESIAN_POINT('',(-5.600011379223,7.5547261682,4.000008636017)
  );
#9532 = ADVANCED_FACE('',(#9533),#9549,.F.);
#9533 = FACE_BOUND('',#9534,.F.);
#9534 = EDGE_LOOP('',(#9535,#9542,#9543,#9544));
#9535 = ORIENTED_EDGE('',*,*,#9536,.T.);
#9536 = EDGE_CURVE('',#9537,#7555,#9539,.T.);
#9537 = VERTEX_POINT('',#9538);
#9538 = CARTESIAN_POINT('',(-10.67002168148,5.553011125222,
    4.000008636017));
#9539 = B_SPLINE_CURVE_WITH_KNOTS('',1,(#9540,#9541),.UNSPECIFIED.,.F.,
  .F.,(2,2),(0.,126.04578797359),.PIECEWISE_BEZIER_KNOTS.);
#9540 = CARTESIAN_POINT('',(-10.67002168148,5.553011125222,
    4.000008636017));
#9541 = CARTESIAN_POINT('',(-12.67002574549,5.553011125222,
    1.500002540005));
#9542 = ORIENTED_EDGE('',*,*,#7554,.F.);
#9543 = ORIENTED_EDGE('',*,*,#9415,.T.);
#9544 = ORIENTED_EDGE('',*,*,#9545,.T.);
#9545 = EDGE_CURVE('',#9416,#9537,#9546,.T.);
#9546 = B_SPLINE_CURVE_WITH_KNOTS('',1,(#9547,#9548),.UNSPECIFIED.,.F.,
  .F.,(2,2),(47.311457242032,168.1102416),.PIECEWISE_BEZIER_KNOTS.);
#9547 = CARTESIAN_POINT('',(-7.6017264222,5.553011125222,4.000008636017)
  );
#9548 = CARTESIAN_POINT('',(-10.67002168148,5.553011125222,
    4.000008636017));
#9549 = B_SPLINE_SURFACE_WITH_KNOTS('',1,1,(
    (#9550,#9551)
    ,(#9552,#9553
    )),.UNSPECIFIED.,.F.,.F.,.F.,(2,2),(2,2),(-134.2125579718,
    65.326386386162),(-12.57728272407,85.847957275927),
  .PIECEWISE_BEZIER_KNOTS.);
#9550 = CARTESIAN_POINT('',(-12.67002574549,5.553011125222,
    1.500002540005));
#9551 = CARTESIAN_POINT('',(-12.67002574549,5.553011125222,
    4.000008636017));
#9552 = CARTESIAN_POINT('',(-7.6017264222,5.553011125222,1.500002540005)
  );
#9553 = CARTESIAN_POINT('',(-7.6017264222,5.553011125222,4.000008636017)
  );
#9554 = ADVANCED_FACE('',(#9555),#9571,.T.);
#9555 = FACE_BOUND('',#9556,.T.);
#9556 = EDGE_LOOP('',(#9557,#9564,#9565,#9566));
#9557 = ORIENTED_EDGE('',*,*,#9558,.T.);
#9558 = EDGE_CURVE('',#9559,#9537,#9561,.T.);
#9559 = VERTEX_POINT('',#9560);
#9560 = CARTESIAN_POINT('',(-10.67002168148,4.353008686817,
    4.000008636017));
#9561 = B_SPLINE_CURVE_WITH_KNOTS('',1,(#9562,#9563),.UNSPECIFIED.,.F.,
  .F.,(2,2),(0.,47.244096),.PIECEWISE_BEZIER_KNOTS.);
#9562 = CARTESIAN_POINT('',(-10.67002168148,4.353008686817,
    4.000008636017));
#9563 = CARTESIAN_POINT('',(-10.67002168148,5.553011125222,
    4.000008636017));
#9564 = ORIENTED_EDGE('',*,*,#9536,.T.);
#9565 = ORIENTED_EDGE('',*,*,#7561,.F.);
#9566 = ORIENTED_EDGE('',*,*,#9567,.F.);
#9567 = EDGE_CURVE('',#9559,#7562,#9568,.T.);
#9568 = B_SPLINE_CURVE_WITH_KNOTS('',1,(#9569,#9570),.UNSPECIFIED.,.F.,
  .F.,(2,2),(0.,126.04578797359),.PIECEWISE_BEZIER_KNOTS.);
#9569 = CARTESIAN_POINT('',(-10.67002168148,4.353008686817,
    4.000008636017));
#9570 = CARTESIAN_POINT('',(-12.67002574549,4.353008686817,
    1.500002540005));
#9571 = B_SPLINE_SURFACE_WITH_KNOTS('',1,1,(
    (#9572,#9573)
    ,(#9574,#9575
    )),.UNSPECIFIED.,.F.,.F.,.F.,(2,2),(2,2),(0.,126.04578797359),(
    -47.244096,0.),.PIECEWISE_BEZIER_KNOTS.);
#9572 = CARTESIAN_POINT('',(-10.67002168148,5.553011125222,
    4.000008636017));
#9573 = CARTESIAN_POINT('',(-10.67002168148,4.353008686817,
    4.000008636017));
#9574 = CARTESIAN_POINT('',(-12.67002574549,5.553011125222,
    1.500002540005));
#9575 = CARTESIAN_POINT('',(-12.67002574549,4.353008686817,
    1.500002540005));
#9576 = ADVANCED_FACE('',(#9577),#9587,.T.);
#9577 = FACE_BOUND('',#9578,.T.);
#9578 = EDGE_LOOP('',(#9579,#9580,#9581,#9582));
#9579 = ORIENTED_EDGE('',*,*,#9567,.T.);
#9580 = ORIENTED_EDGE('',*,*,#7568,.F.);
#9581 = ORIENTED_EDGE('',*,*,#9430,.T.);
#9582 = ORIENTED_EDGE('',*,*,#9583,.T.);
#9583 = EDGE_CURVE('',#9423,#9559,#9584,.T.);
#9584 = B_SPLINE_CURVE_WITH_KNOTS('',1,(#9585,#9586),.UNSPECIFIED.,.F.,
  .F.,(2,2),(47.311457242032,168.1102416),.PIECEWISE_BEZIER_KNOTS.);
#9585 = CARTESIAN_POINT('',(-7.6017264222,4.353008686817,4.000008636017)
  );
#9586 = CARTESIAN_POINT('',(-10.67002168148,4.353008686817,
    4.000008636017));
#9587 = B_SPLINE_SURFACE_WITH_KNOTS('',1,1,(
    (#9588,#9589)
    ,(#9590,#9591
    )),.UNSPECIFIED.,.F.,.F.,.F.,(2,2),(2,2),(-134.2125579718,
    65.326386386162),(-12.57728272407,85.847957275927),
  .PIECEWISE_BEZIER_KNOTS.);
#9588 = CARTESIAN_POINT('',(-12.67002574549,4.353008686817,
    1.500002540005));
#9589 = CARTESIAN_POINT('',(-12.67002574549,4.353008686817,
    4.000008636017));
#9590 = CARTESIAN_POINT('',(-7.6017264222,4.353008686817,1.500002540005)
  );
#9591 = CARTESIAN_POINT('',(-7.6017264222,4.353008686817,4.000008636017)
  );
#9592 = ADVANCED_FACE('',(#9593),#9609,.F.);
#9593 = FACE_BOUND('',#9594,.F.);
#9594 = EDGE_LOOP('',(#9595,#9602,#9603,#9604));
#9595 = ORIENTED_EDGE('',*,*,#9596,.F.);
#9596 = EDGE_CURVE('',#7584,#9597,#9599,.T.);
#9597 = VERTEX_POINT('',#9598);
#9598 = CARTESIAN_POINT('',(-5.600011379223,-0.254000508001,
    4.000008636017));
#9599 = B_SPLINE_CURVE_WITH_KNOTS('',1,(#9600,#9601),.UNSPECIFIED.,.F.,
  .F.,(2,2),(23.238908637964,121.66414863796),.PIECEWISE_BEZIER_KNOTS.);
#9600 = CARTESIAN_POINT('',(-5.600011379223,-0.254000508001,
    1.500002540005));
#9601 = CARTESIAN_POINT('',(-5.600011379223,-0.254000508001,
    4.000008636017));
#9602 = ORIENTED_EDGE('',*,*,#7583,.F.);
#9603 = ORIENTED_EDGE('',*,*,#9436,.T.);
#9604 = ORIENTED_EDGE('',*,*,#9605,.T.);
#9605 = EDGE_CURVE('',#9437,#9597,#9606,.T.);
#9606 = B_SPLINE_CURVE_WITH_KNOTS('',1,(#9607,#9608),.UNSPECIFIED.,.F.,
  .F.,(2,2),(47.311457242032,149.881888),.PIECEWISE_BEZIER_KNOTS.);
#9607 = CARTESIAN_POINT('',(-5.600011379223,2.35129364384,4.000008636017
    ));
#9608 = CARTESIAN_POINT('',(-5.600011379223,-0.254000508001,
    4.000008636017));
#9609 = B_SPLINE_SURFACE_WITH_KNOTS('',1,1,(
    (#9610,#9611)
    ,(#9612,#9613
    )),.UNSPECIFIED.,.F.,.F.,.F.,(2,2),(2,2),(-37.2440443718,
    65.326386386162),(-12.57728272407,85.847957275927),
  .PIECEWISE_BEZIER_KNOTS.);
#9610 = CARTESIAN_POINT('',(-5.600011379223,-0.254000508001,
    1.500002540005));
#9611 = CARTESIAN_POINT('',(-5.600011379223,-0.254000508001,
    4.000008636017));
#9612 = CARTESIAN_POINT('',(-5.600011379223,2.35129364384,1.500002540005
    ));
#9613 = CARTESIAN_POINT('',(-5.600011379223,2.35129364384,4.000008636017
    ));
#9614 = ADVANCED_FACE('',(#9615),#9671,.T.);
#9615 = FACE_BOUND('',#9616,.T.);
#9616 = EDGE_LOOP('',(#9617,#9618,#9625,#9632,#9637,#9638,#9645,#9650,
    #9651,#9652,#9659,#9666));
#9617 = ORIENTED_EDGE('',*,*,#7706,.F.);
#9618 = ORIENTED_EDGE('',*,*,#9619,.T.);
#9619 = EDGE_CURVE('',#7707,#9620,#9622,.T.);
#9620 = VERTEX_POINT('',#9621);
#9621 = CARTESIAN_POINT('',(-93.47218694437,-0.254000508001,15.));
#9622 = B_SPLINE_CURVE_WITH_KNOTS('',1,(#9623,#9624),.UNSPECIFIED.,.F.,
  .F.,(2,2),(59.0551,590.55),.PIECEWISE_BEZIER_KNOTS.);
#9623 = CARTESIAN_POINT('',(-93.47218694437,-0.254000508001,
    1.500002540005));
#9624 = CARTESIAN_POINT('',(-93.47218694437,-0.254000508001,15.));
#9625 = ORIENTED_EDGE('',*,*,#9626,.T.);
#9626 = EDGE_CURVE('',#9620,#9627,#9629,.T.);
#9627 = VERTEX_POINT('',#9628);
#9628 = CARTESIAN_POINT('',(0.127000254001,-0.254000508001,15.));
#9629 = B_SPLINE_CURVE_WITH_KNOTS('',1,(#9630,#9631),.UNSPECIFIED.,.F.,
  .F.,(2,2),(0.,3.685E+03),.PIECEWISE_BEZIER_KNOTS.);
#9630 = CARTESIAN_POINT('',(-93.47218694437,-0.254000508001,15.));
#9631 = CARTESIAN_POINT('',(0.127000254001,-0.254000508001,15.));
#9632 = ORIENTED_EDGE('',*,*,#9633,.F.);
#9633 = EDGE_CURVE('',#7784,#9627,#9634,.T.);
#9634 = B_SPLINE_CURVE_WITH_KNOTS('',1,(#9635,#9636),.UNSPECIFIED.,.F.,
  .F.,(2,2),(59.0551,590.55),.PIECEWISE_BEZIER_KNOTS.);
#9635 = CARTESIAN_POINT('',(0.127000254001,-0.254000508001,
    1.500002540005));
#9636 = CARTESIAN_POINT('',(0.127000254001,-0.254000508001,15.));
#9637 = ORIENTED_EDGE('',*,*,#7790,.F.);
#9638 = ORIENTED_EDGE('',*,*,#9639,.T.);
#9639 = EDGE_CURVE('',#7791,#9640,#9642,.T.);
#9640 = VERTEX_POINT('',#9641);
#9641 = CARTESIAN_POINT('',(-4.400008940818,-0.254000508001,
    4.000008636017));
#9642 = B_SPLINE_CURVE_WITH_KNOTS('',1,(#9643,#9644),.UNSPECIFIED.,.F.,
  .F.,(2,2),(23.238908637964,121.66414863796),.PIECEWISE_BEZIER_KNOTS.);
#9643 = CARTESIAN_POINT('',(-4.400008940818,-0.254000508001,
    1.500002540005));
#9644 = CARTESIAN_POINT('',(-4.400008940818,-0.254000508001,
    4.000008636017));
#9645 = ORIENTED_EDGE('',*,*,#9646,.T.);
#9646 = EDGE_CURVE('',#9640,#9597,#9647,.T.);
#9647 = B_SPLINE_CURVE_WITH_KNOTS('',1,(#9648,#9649),.UNSPECIFIED.,.F.,
  .F.,(2,2),(-1.753385824E+03,-1.706141728E+03),
  .PIECEWISE_BEZIER_KNOTS.);
#9648 = CARTESIAN_POINT('',(-4.400008940818,-0.254000508001,
    4.000008636017));
#9649 = CARTESIAN_POINT('',(-5.600011379223,-0.254000508001,
    4.000008636017));
#9650 = ORIENTED_EDGE('',*,*,#9596,.F.);
#9651 = ORIENTED_EDGE('',*,*,#7590,.F.);
#9652 = ORIENTED_EDGE('',*,*,#9653,.T.);
#9653 = EDGE_CURVE('',#7591,#9654,#9656,.T.);
#9654 = VERTEX_POINT('',#9655);
#9655 = CARTESIAN_POINT('',(-86.52217302514,-0.254000508001,
    4.000008636017));
#9656 = B_SPLINE_CURVE_WITH_KNOTS('',1,(#9657,#9658),.UNSPECIFIED.,.F.,
  .F.,(2,2),(23.238908637964,121.66414863796),.PIECEWISE_BEZIER_KNOTS.);
#9657 = CARTESIAN_POINT('',(-86.52217302514,-0.254000508001,
    1.500002540005));
#9658 = CARTESIAN_POINT('',(-86.52217302514,-0.254000508001,
    4.000008636017));
#9659 = ORIENTED_EDGE('',*,*,#9660,.T.);
#9660 = EDGE_CURVE('',#9654,#9661,#9663,.T.);
#9661 = VERTEX_POINT('',#9662);
#9662 = CARTESIAN_POINT('',(-87.72217546355,-0.254000508001,
    4.000008636017));
#9663 = B_SPLINE_CURVE_WITH_KNOTS('',1,(#9664,#9665),.UNSPECIFIED.,.F.,
  .F.,(2,2),(-136.811024,-89.566928),.PIECEWISE_BEZIER_KNOTS.);
#9664 = CARTESIAN_POINT('',(-86.52217302514,-0.254000508001,
    4.000008636017));
#9665 = CARTESIAN_POINT('',(-87.72217546355,-0.254000508001,
    4.000008636017));
#9666 = ORIENTED_EDGE('',*,*,#9667,.F.);
#9667 = EDGE_CURVE('',#7700,#9661,#9668,.T.);
#9668 = B_SPLINE_CURVE_WITH_KNOTS('',1,(#9669,#9670),.UNSPECIFIED.,.F.,
  .F.,(2,2),(23.238908637964,121.66414863796),.PIECEWISE_BEZIER_KNOTS.);
#9669 = CARTESIAN_POINT('',(-87.72217546355,-0.254000508001,
    1.500002540005));
#9670 = CARTESIAN_POINT('',(-87.72217546355,-0.254000508001,
    4.000008636017));
#9671 = B_SPLINE_SURFACE_WITH_KNOTS('',1,1,(
    (#9672,#9673)
    ,(#9674,#9675
  )),.UNSPECIFIED.,.F.,.F.,.F.,(2,2),(2,2),(0.,3.685E+03),(-590.55,
    -59.0551),.PIECEWISE_BEZIER_KNOTS.);
#9672 = CARTESIAN_POINT('',(-93.47218694437,-0.254000508001,15.));
#9673 = CARTESIAN_POINT('',(-93.47218694437,-0.254000508001,
    1.500002540005));
#9674 = CARTESIAN_POINT('',(0.127000254001,-0.254000508001,15.));
#9675 = CARTESIAN_POINT('',(0.127000254001,-0.254000508001,
    1.500002540005));
#9676 = ADVANCED_FACE('',(#9677),#9693,.T.);
#9677 = FACE_BOUND('',#9678,.T.);
#9678 = EDGE_LOOP('',(#9679,#9680,#9681,#9688));
#9679 = ORIENTED_EDGE('',*,*,#9653,.F.);
#9680 = ORIENTED_EDGE('',*,*,#7597,.F.);
#9681 = ORIENTED_EDGE('',*,*,#9682,.T.);
#9682 = EDGE_CURVE('',#7598,#9683,#9685,.T.);
#9683 = VERTEX_POINT('',#9684);
#9684 = CARTESIAN_POINT('',(-86.52217302514,2.732294405841,
    4.000008636017));
#9685 = B_SPLINE_CURVE_WITH_KNOTS('',1,(#9686,#9687),.UNSPECIFIED.,.F.,
  .F.,(2,2),(59.0551,157.48034),.PIECEWISE_BEZIER_KNOTS.);
#9686 = CARTESIAN_POINT('',(-86.52217302514,2.732294405841,
    1.500002540005));
#9687 = CARTESIAN_POINT('',(-86.52217302514,2.732294405841,
    4.000008636017));
#9688 = ORIENTED_EDGE('',*,*,#9689,.T.);
#9689 = EDGE_CURVE('',#9683,#9654,#9690,.T.);
#9690 = B_SPLINE_CURVE_WITH_KNOTS('',1,(#9691,#9692),.UNSPECIFIED.,.F.,
  .F.,(2,2),(47.311457242055,164.881888),.PIECEWISE_BEZIER_KNOTS.);
#9691 = CARTESIAN_POINT('',(-86.52217302514,2.732294405841,
    4.000008636017));
#9692 = CARTESIAN_POINT('',(-86.52217302514,-0.254000508001,
    4.000008636017));
#9693 = B_SPLINE_SURFACE_WITH_KNOTS('',1,1,(
    (#9694,#9695)
    ,(#9696,#9697
    )),.UNSPECIFIED.,.F.,.F.,.F.,(2,2),(2,2),(-52.2440443718,
    65.326386386161),(-12.57728272407,85.847957275927),
  .PIECEWISE_BEZIER_KNOTS.);
#9694 = CARTESIAN_POINT('',(-86.52217302514,-0.254000508001,
    1.500002540005));
#9695 = CARTESIAN_POINT('',(-86.52217302514,-0.254000508001,
    4.000008636017));
#9696 = CARTESIAN_POINT('',(-86.52217302514,2.732294405841,
    1.500002540005));
#9697 = CARTESIAN_POINT('',(-86.52217302514,2.732294405841,
    4.000008636017));
#9698 = ADVANCED_FACE('',(#9699),#9805,.T.);
#9699 = FACE_BOUND('',#9700,.T.);
#9700 = EDGE_LOOP('',(#9701,#9711,#9718,#9728,#9729,#9737,#9742,#9743,
    #9750,#9758,#9763,#9764,#9771,#9779,#9784,#9785,#9792,#9798,#9799,
    #9800));
#9701 = ORIENTED_EDGE('',*,*,#9702,.T.);
#9702 = EDGE_CURVE('',#9703,#9705,#9707,.T.);
#9703 = VERTEX_POINT('',#9704);
#9704 = CARTESIAN_POINT('',(-84.52045798216,4.734009448819,
    4.000008636017));
#9705 = VERTEX_POINT('',#9706);
#9706 = CARTESIAN_POINT('',(-84.45216881889,5.334010668021,
    4.000008636017));
#9707 = ( BOUNDED_CURVE() B_SPLINE_CURVE(2,(#9708,#9709,#9710),
.UNSPECIFIED.,.F.,.F.) B_SPLINE_CURVE_WITH_KNOTS((3,3),(6.056530552424,
6.28318530718),.PIECEWISE_BEZIER_KNOTS.) CURVE() 
GEOMETRIC_REPRESENTATION_ITEM() RATIONAL_B_SPLINE_CURVE((1.,
0.993585322538,1.)) REPRESENTATION_ITEM('') );
#9708 = CARTESIAN_POINT('',(-84.52045798216,4.734009448819,
    4.000008636017));
#9709 = CARTESIAN_POINT('',(-84.45216881889,5.030123891467,
    4.000008636017));
#9710 = CARTESIAN_POINT('',(-84.45216881889,5.334010668021,
    4.000008636017));
#9711 = ORIENTED_EDGE('',*,*,#9712,.T.);
#9712 = EDGE_CURVE('',#9705,#9713,#9715,.T.);
#9713 = VERTEX_POINT('',#9714);
#9714 = CARTESIAN_POINT('',(-84.45216881889,5.334010668021,
    6.000012700025));
#9715 = B_SPLINE_CURVE_WITH_KNOTS('',1,(#9716,#9717),.UNSPECIFIED.,.F.,
  .F.,(2,2),(157.48034,236.2205),.PIECEWISE_BEZIER_KNOTS.);
#9716 = CARTESIAN_POINT('',(-84.45216881889,5.334010668021,
    4.000008636017));
#9717 = CARTESIAN_POINT('',(-84.45216881889,5.334010668021,
    6.000012700025));
#9718 = ORIENTED_EDGE('',*,*,#9719,.F.);
#9719 = EDGE_CURVE('',#9713,#9713,#9720,.T.);
#9720 = ( BOUNDED_CURVE() B_SPLINE_CURVE(2,(#9721,#9722,#9723,#9724,
#9725,#9726,#9727),.UNSPECIFIED.,.T.,.F.) B_SPLINE_CURVE_WITH_KNOTS((1,2
    ,2,2,2,1),(-2.094395102394,0.,2.094395102393,4.188790204786,
6.28318530718,8.377580409573),.UNSPECIFIED.) CURVE() 
GEOMETRIC_REPRESENTATION_ITEM() RATIONAL_B_SPLINE_CURVE((1.,0.5,1.,0.5,
1.,0.5,1.)) REPRESENTATION_ITEM('') );
#9721 = CARTESIAN_POINT('',(-84.45216881889,5.334010668021,
    6.000012700025));
#9722 = CARTESIAN_POINT('',(-84.45216881889,9.958595721387,
    6.000012700025));
#9723 = CARTESIAN_POINT('',(-88.45717695707,7.646303194704,
    6.000012700025));
#9724 = CARTESIAN_POINT('',(-92.46218509525,5.334010668021,
    6.000012700025));
#9725 = CARTESIAN_POINT('',(-88.45717695707,3.021718141339,
    6.000012700025));
#9726 = CARTESIAN_POINT('',(-84.45216881889,0.709425614656,
    6.000012700025));
#9727 = CARTESIAN_POINT('',(-84.45216881889,5.334010668021,
    6.000012700025));
#9728 = ORIENTED_EDGE('',*,*,#9712,.F.);
#9729 = ORIENTED_EDGE('',*,*,#9730,.T.);
#9730 = EDGE_CURVE('',#9705,#9731,#9733,.T.);
#9731 = VERTEX_POINT('',#9732);
#9732 = CARTESIAN_POINT('',(-84.52045798216,5.934011887224,
    4.000008636017));
#9733 = ( BOUNDED_CURVE() B_SPLINE_CURVE(2,(#9734,#9735,#9736),
.UNSPECIFIED.,.F.,.F.) B_SPLINE_CURVE_WITH_KNOTS((3,3),(0.,
0.226654754756),.PIECEWISE_BEZIER_KNOTS.) CURVE() 
GEOMETRIC_REPRESENTATION_ITEM() RATIONAL_B_SPLINE_CURVE((1.,
0.993585322538,1.)) REPRESENTATION_ITEM('') );
#9734 = CARTESIAN_POINT('',(-84.45216881889,5.334010668021,
    4.000008636017));
#9735 = CARTESIAN_POINT('',(-84.45216881889,5.637897444576,
    4.000008636017));
#9736 = CARTESIAN_POINT('',(-84.52045798216,5.934011887224,
    4.000008636017));
#9737 = ORIENTED_EDGE('',*,*,#9738,.F.);
#9738 = EDGE_CURVE('',#7627,#9731,#9739,.T.);
#9739 = B_SPLINE_CURVE_WITH_KNOTS('',1,(#9740,#9741),.UNSPECIFIED.,.F.,
  .F.,(2,2),(59.0551,157.48034),.PIECEWISE_BEZIER_KNOTS.);
#9740 = CARTESIAN_POINT('',(-84.52045798216,5.934011887224,
    1.500002540005));
#9741 = CARTESIAN_POINT('',(-84.52045798216,5.934011887224,
    4.000008636017));
#9742 = ORIENTED_EDGE('',*,*,#7633,.T.);
#9743 = ORIENTED_EDGE('',*,*,#9744,.T.);
#9744 = EDGE_CURVE('',#7634,#9745,#9747,.T.);
#9745 = VERTEX_POINT('',#9746);
#9746 = CARTESIAN_POINT('',(-86.52217302514,7.935726930202,
    4.000008636017));
#9747 = B_SPLINE_CURVE_WITH_KNOTS('',1,(#9748,#9749),.UNSPECIFIED.,.F.,
  .F.,(2,2),(59.0551,157.48034),.PIECEWISE_BEZIER_KNOTS.);
#9748 = CARTESIAN_POINT('',(-86.52217302514,7.935726930201,
    1.500002540005));
#9749 = CARTESIAN_POINT('',(-86.52217302514,7.935726930201,
    4.000008636017));
#9750 = ORIENTED_EDGE('',*,*,#9751,.T.);
#9751 = EDGE_CURVE('',#9745,#9752,#9754,.T.);
#9752 = VERTEX_POINT('',#9753);
#9753 = CARTESIAN_POINT('',(-87.72217546355,7.935726930201,
    4.000008636017));
#9754 = ( BOUNDED_CURVE() B_SPLINE_CURVE(2,(#9755,#9756,#9757),
.UNSPECIFIED.,.F.,.F.) B_SPLINE_CURVE_WITH_KNOTS((3,3),(1.344141572039,
1.79745108155),.PIECEWISE_BEZIER_KNOTS.) CURVE() 
GEOMETRIC_REPRESENTATION_ITEM() RATIONAL_B_SPLINE_CURVE((1.,
0.974423586327,1.)) REPRESENTATION_ITEM('') );
#9755 = CARTESIAN_POINT('',(-86.52217302514,7.935726930201,
    4.000008636017));
#9756 = CARTESIAN_POINT('',(-87.12217424434,8.074097692716,
    4.000008636017));
#9757 = CARTESIAN_POINT('',(-87.72217546355,7.935726930201,
    4.000008636017));
#9758 = ORIENTED_EDGE('',*,*,#9759,.F.);
#9759 = EDGE_CURVE('',#7656,#9752,#9760,.T.);
#9760 = B_SPLINE_CURVE_WITH_KNOTS('',1,(#9761,#9762),.UNSPECIFIED.,.F.,
  .F.,(2,2),(59.0551,157.48034),.PIECEWISE_BEZIER_KNOTS.);
#9761 = CARTESIAN_POINT('',(-87.72217546355,7.935726930201,
    1.500002540005));
#9762 = CARTESIAN_POINT('',(-87.72217546355,7.935726930201,
    4.000008636017));
#9763 = ORIENTED_EDGE('',*,*,#7662,.T.);
#9764 = ORIENTED_EDGE('',*,*,#9765,.T.);
#9765 = EDGE_CURVE('',#7663,#9766,#9768,.T.);
#9766 = VERTEX_POINT('',#9767);
#9767 = CARTESIAN_POINT('',(-89.72389050652,5.934011887224,
    4.000008636017));
#9768 = B_SPLINE_CURVE_WITH_KNOTS('',1,(#9769,#9770),.UNSPECIFIED.,.F.,
  .F.,(2,2),(59.0551,157.48034),.PIECEWISE_BEZIER_KNOTS.);
#9769 = CARTESIAN_POINT('',(-89.72389050652,5.934011887224,
    1.500002540005));
#9770 = CARTESIAN_POINT('',(-89.72389050652,5.934011887224,
    4.000008636017));
#9771 = ORIENTED_EDGE('',*,*,#9772,.T.);
#9772 = EDGE_CURVE('',#9766,#9773,#9775,.T.);
#9773 = VERTEX_POINT('',#9774);
#9774 = CARTESIAN_POINT('',(-89.72389050652,4.734009448819,
    4.000008636017));
#9775 = ( BOUNDED_CURVE() B_SPLINE_CURVE(2,(#9776,#9777,#9778),
.UNSPECIFIED.,.F.,.F.) B_SPLINE_CURVE_WITH_KNOTS((3,3),(2.914937898834,
3.368247408345),.PIECEWISE_BEZIER_KNOTS.) CURVE() 
GEOMETRIC_REPRESENTATION_ITEM() RATIONAL_B_SPLINE_CURVE((1.,
0.974423586327,1.)) REPRESENTATION_ITEM('') );
#9776 = CARTESIAN_POINT('',(-89.72389050652,5.934011887224,
    4.000008636017));
#9777 = CARTESIAN_POINT('',(-89.86226126904,5.334010668021,
    4.000008636017));
#9778 = CARTESIAN_POINT('',(-89.72389050652,4.734009448819,
    4.000008636017));
#9779 = ORIENTED_EDGE('',*,*,#9780,.F.);
#9780 = EDGE_CURVE('',#7685,#9773,#9781,.T.);
#9781 = B_SPLINE_CURVE_WITH_KNOTS('',1,(#9782,#9783),.UNSPECIFIED.,.F.,
  .F.,(2,2),(59.0551,157.48034),.PIECEWISE_BEZIER_KNOTS.);
#9782 = CARTESIAN_POINT('',(-89.72389050652,4.734009448819,
    1.500002540005));
#9783 = CARTESIAN_POINT('',(-89.72389050652,4.734009448819,
    4.000008636017));
#9784 = ORIENTED_EDGE('',*,*,#7691,.T.);
#9785 = ORIENTED_EDGE('',*,*,#9786,.T.);
#9786 = EDGE_CURVE('',#7692,#9787,#9789,.T.);
#9787 = VERTEX_POINT('',#9788);
#9788 = CARTESIAN_POINT('',(-87.72217546355,2.732294405841,
    4.000008636017));
#9789 = B_SPLINE_CURVE_WITH_KNOTS('',1,(#9790,#9791),.UNSPECIFIED.,.F.,
  .F.,(2,2),(59.0551,157.48034),.PIECEWISE_BEZIER_KNOTS.);
#9790 = CARTESIAN_POINT('',(-87.72217546355,2.732294405841,
    1.500002540005));
#9791 = CARTESIAN_POINT('',(-87.72217546355,2.732294405841,
    4.000008636017));
#9792 = ORIENTED_EDGE('',*,*,#9793,.T.);
#9793 = EDGE_CURVE('',#9787,#9683,#9794,.T.);
#9794 = ( BOUNDED_CURVE() B_SPLINE_CURVE(2,(#9795,#9796,#9797),
.UNSPECIFIED.,.F.,.F.) B_SPLINE_CURVE_WITH_KNOTS((3,3),(4.485734225629,
4.93904373514),.PIECEWISE_BEZIER_KNOTS.) CURVE() 
GEOMETRIC_REPRESENTATION_ITEM() RATIONAL_B_SPLINE_CURVE((1.,
0.974423586327,1.)) REPRESENTATION_ITEM('') );
#9795 = CARTESIAN_POINT('',(-87.72217546355,2.732294405841,
    4.000008636017));
#9796 = CARTESIAN_POINT('',(-87.12217424434,2.593923643327,
    4.000008636017));
#9797 = CARTESIAN_POINT('',(-86.52217302514,2.732294405841,
    4.000008636017));
#9798 = ORIENTED_EDGE('',*,*,#9682,.F.);
#9799 = ORIENTED_EDGE('',*,*,#7604,.T.);
#9800 = ORIENTED_EDGE('',*,*,#9801,.T.);
#9801 = EDGE_CURVE('',#7605,#9703,#9802,.T.);
#9802 = B_SPLINE_CURVE_WITH_KNOTS('',1,(#9803,#9804),.UNSPECIFIED.,.F.,
  .F.,(2,2),(59.0551,157.48034),.PIECEWISE_BEZIER_KNOTS.);
#9803 = CARTESIAN_POINT('',(-84.52045798216,4.734009448819,
    1.500002540005));
#9804 = CARTESIAN_POINT('',(-84.52045798216,4.734009448819,
    4.000008636017));
#9805 = ( BOUNDED_SURFACE() B_SPLINE_SURFACE(2,1,(
    (#9806,#9807)
    ,(#9808,#9809)
    ,(#9810,#9811)
    ,(#9812,#9813)
    ,(#9814,#9815)
    ,(#9816,#9817)
    ,(#9818,#9819
)),.UNSPECIFIED.,.T.,.F.,.F.) B_SPLINE_SURFACE_WITH_KNOTS((1,2,2,2,2,1),
  (2,2),(-2.094395102394,0.,2.094395102393,4.188790204786,6.28318530718,
    8.377580409573),(59.0551,236.2205),.UNSPECIFIED.) 
GEOMETRIC_REPRESENTATION_ITEM() RATIONAL_B_SPLINE_SURFACE((
    (1.,1.)
    ,(0.5,0.5)
    ,(1.,1.)
    ,(0.5,0.5)
    ,(1.,1.)
    ,(0.5,0.5)
,(1.,1.))) REPRESENTATION_ITEM('') SURFACE() );
#9806 = CARTESIAN_POINT('',(-84.45216881889,5.334010668021,
    1.500002540005));
#9807 = CARTESIAN_POINT('',(-84.45216881889,5.334010668021,
    6.000012700025));
#9808 = CARTESIAN_POINT('',(-84.45216881889,9.958595721387,
    1.500002540005));
#9809 = CARTESIAN_POINT('',(-84.45216881889,9.958595721387,
    6.000012700025));
#9810 = CARTESIAN_POINT('',(-88.45717695707,7.646303194704,
    1.500002540005));
#9811 = CARTESIAN_POINT('',(-88.45717695707,7.646303194704,
    6.000012700025));
#9812 = CARTESIAN_POINT('',(-92.46218509525,5.334010668021,
    1.500002540005));
#9813 = CARTESIAN_POINT('',(-92.46218509525,5.334010668021,
    6.000012700025));
#9814 = CARTESIAN_POINT('',(-88.45717695707,3.021718141339,
    1.500002540005));
#9815 = CARTESIAN_POINT('',(-88.45717695707,3.021718141339,
    6.000012700025));
#9816 = CARTESIAN_POINT('',(-84.45216881889,0.709425614656,
    1.500002540005));
#9817 = CARTESIAN_POINT('',(-84.45216881889,0.709425614656,
    6.000012700025));
#9818 = CARTESIAN_POINT('',(-84.45216881889,5.334010668021,
    1.500002540005));
#9819 = CARTESIAN_POINT('',(-84.45216881889,5.334010668021,
    6.000012700025));
#9820 = ADVANCED_FACE('',(#9821),#9837,.F.);
#9821 = FACE_BOUND('',#9822,.F.);
#9822 = EDGE_LOOP('',(#9823,#9830,#9831,#9832));
#9823 = ORIENTED_EDGE('',*,*,#9824,.T.);
#9824 = EDGE_CURVE('',#9825,#7613,#9827,.T.);
#9825 = VERTEX_POINT('',#9826);
#9826 = CARTESIAN_POINT('',(-81.45216272288,4.734009448819,
    4.000008636017));
#9827 = B_SPLINE_CURVE_WITH_KNOTS('',1,(#9828,#9829),.UNSPECIFIED.,.F.,
  .F.,(2,2),(0.,126.04578797359),.PIECEWISE_BEZIER_KNOTS.);
#9828 = CARTESIAN_POINT('',(-81.45216272288,4.734009448819,
    4.000008636017));
#9829 = CARTESIAN_POINT('',(-79.45215865887,4.734009448819,
    1.500002540005));
#9830 = ORIENTED_EDGE('',*,*,#7612,.F.);
#9831 = ORIENTED_EDGE('',*,*,#9801,.T.);
#9832 = ORIENTED_EDGE('',*,*,#9833,.T.);
#9833 = EDGE_CURVE('',#9703,#9825,#9834,.T.);
#9834 = B_SPLINE_CURVE_WITH_KNOTS('',1,(#9835,#9836),.UNSPECIFIED.,.F.,
  .F.,(2,2),(47.311457242019,168.1102416),.PIECEWISE_BEZIER_KNOTS.);
#9835 = CARTESIAN_POINT('',(-84.52045798216,4.734009448819,
    4.000008636017));
#9836 = CARTESIAN_POINT('',(-81.45216272288,4.734009448819,
    4.000008636017));
#9837 = B_SPLINE_SURFACE_WITH_KNOTS('',1,1,(
    (#9838,#9839)
    ,(#9840,#9841
    )),.UNSPECIFIED.,.F.,.F.,.F.,(2,2),(2,2),(-134.2125579718,
    65.326386386175),(-12.57728272407,85.847957275927),
  .PIECEWISE_BEZIER_KNOTS.);
#9838 = CARTESIAN_POINT('',(-79.45215865887,4.734009448819,
    1.500002540005));
#9839 = CARTESIAN_POINT('',(-79.45215865887,4.734009448819,
    4.000008636017));
#9840 = CARTESIAN_POINT('',(-84.52045798216,4.734009448819,
    1.500002540005));
#9841 = CARTESIAN_POINT('',(-84.52045798216,4.734009448819,
    4.000008636017));
#9842 = ADVANCED_FACE('',(#9843),#9859,.T.);
#9843 = FACE_BOUND('',#9844,.T.);
#9844 = EDGE_LOOP('',(#9845,#9852,#9853,#9854));
#9845 = ORIENTED_EDGE('',*,*,#9846,.T.);
#9846 = EDGE_CURVE('',#9847,#9825,#9849,.T.);
#9847 = VERTEX_POINT('',#9848);
#9848 = CARTESIAN_POINT('',(-81.45216272288,5.934011887224,
    4.000008636017));
#9849 = B_SPLINE_CURVE_WITH_KNOTS('',1,(#9850,#9851),.UNSPECIFIED.,.F.,
  .F.,(2,2),(0.,47.244096),.PIECEWISE_BEZIER_KNOTS.);
#9850 = CARTESIAN_POINT('',(-81.45216272288,5.934011887224,
    4.000008636017));
#9851 = CARTESIAN_POINT('',(-81.45216272288,4.734009448819,
    4.000008636017));
#9852 = ORIENTED_EDGE('',*,*,#9824,.T.);
#9853 = ORIENTED_EDGE('',*,*,#7619,.F.);
#9854 = ORIENTED_EDGE('',*,*,#9855,.F.);
#9855 = EDGE_CURVE('',#9847,#7620,#9856,.T.);
#9856 = B_SPLINE_CURVE_WITH_KNOTS('',1,(#9857,#9858),.UNSPECIFIED.,.F.,
  .F.,(2,2),(0.,126.04578797359),.PIECEWISE_BEZIER_KNOTS.);
#9857 = CARTESIAN_POINT('',(-81.45216272288,5.934011887224,
    4.000008636017));
#9858 = CARTESIAN_POINT('',(-79.45215865887,5.934011887224,
    1.500002540005));
#9859 = B_SPLINE_SURFACE_WITH_KNOTS('',1,1,(
    (#9860,#9861)
    ,(#9862,#9863
    )),.UNSPECIFIED.,.F.,.F.,.F.,(2,2),(2,2),(0.,126.04578797359),(
    -47.244096,0.),.PIECEWISE_BEZIER_KNOTS.);
#9860 = CARTESIAN_POINT('',(-81.45216272288,4.734009448819,
    4.000008636017));
#9861 = CARTESIAN_POINT('',(-81.45216272288,5.934011887224,
    4.000008636017));
#9862 = CARTESIAN_POINT('',(-79.45215865887,4.734009448819,
    1.500002540005));
#9863 = CARTESIAN_POINT('',(-79.45215865887,5.934011887224,
    1.500002540005));
#9864 = ADVANCED_FACE('',(#9865),#9875,.T.);
#9865 = FACE_BOUND('',#9866,.T.);
#9866 = EDGE_LOOP('',(#9867,#9868,#9869,#9870));
#9867 = ORIENTED_EDGE('',*,*,#9855,.T.);
#9868 = ORIENTED_EDGE('',*,*,#7626,.F.);
#9869 = ORIENTED_EDGE('',*,*,#9738,.T.);
#9870 = ORIENTED_EDGE('',*,*,#9871,.T.);
#9871 = EDGE_CURVE('',#9731,#9847,#9872,.T.);
#9872 = B_SPLINE_CURVE_WITH_KNOTS('',1,(#9873,#9874),.UNSPECIFIED.,.F.,
  .F.,(2,2),(47.311457242019,168.1102416),.PIECEWISE_BEZIER_KNOTS.);
#9873 = CARTESIAN_POINT('',(-84.52045798216,5.934011887224,
    4.000008636017));
#9874 = CARTESIAN_POINT('',(-81.45216272288,5.934011887224,
    4.000008636017));
#9875 = B_SPLINE_SURFACE_WITH_KNOTS('',1,1,(
    (#9876,#9877)
    ,(#9878,#9879
    )),.UNSPECIFIED.,.F.,.F.,.F.,(2,2),(2,2),(-134.2125579718,
    65.326386386175),(-12.57728272407,85.847957275927),
  .PIECEWISE_BEZIER_KNOTS.);
#9876 = CARTESIAN_POINT('',(-79.45215865887,5.934011887224,
    1.500002540005));
#9877 = CARTESIAN_POINT('',(-79.45215865887,5.934011887224,
    4.000008636017));
#9878 = CARTESIAN_POINT('',(-84.52045798216,5.934011887224,
    1.500002540005));
#9879 = CARTESIAN_POINT('',(-84.52045798216,5.934011887224,
    4.000008636017));
#9880 = ADVANCED_FACE('',(#9881),#9897,.F.);
#9881 = FACE_BOUND('',#9882,.F.);
#9882 = EDGE_LOOP('',(#9883,#9890,#9891,#9892));
#9883 = ORIENTED_EDGE('',*,*,#9884,.T.);
#9884 = EDGE_CURVE('',#9885,#7642,#9887,.T.);
#9885 = VERTEX_POINT('',#9886);
#9886 = CARTESIAN_POINT('',(-86.52217302514,11.004022189484,
    4.000008636017));
#9887 = B_SPLINE_CURVE_WITH_KNOTS('',1,(#9888,#9889),.UNSPECIFIED.,.F.,
  .F.,(2,2),(0.,126.04578797359),.PIECEWISE_BEZIER_KNOTS.);
#9888 = CARTESIAN_POINT('',(-86.52217302514,11.004022189484,
    4.000008636017));
#9889 = CARTESIAN_POINT('',(-86.52217302514,13.004026253493,
    1.500002540005));
#9890 = ORIENTED_EDGE('',*,*,#7641,.F.);
#9891 = ORIENTED_EDGE('',*,*,#9744,.T.);
#9892 = ORIENTED_EDGE('',*,*,#9893,.T.);
#9893 = EDGE_CURVE('',#9745,#9885,#9894,.T.);
#9894 = B_SPLINE_CURVE_WITH_KNOTS('',1,(#9895,#9896),.UNSPECIFIED.,.F.,
  .F.,(2,2),(47.311457242037,168.1102416),.PIECEWISE_BEZIER_KNOTS.);
#9895 = CARTESIAN_POINT('',(-86.52217302514,7.935726930202,
    4.000008636017));
#9896 = CARTESIAN_POINT('',(-86.52217302514,11.004022189484,
    4.000008636017));
#9897 = B_SPLINE_SURFACE_WITH_KNOTS('',1,1,(
    (#9898,#9899)
    ,(#9900,#9901
    )),.UNSPECIFIED.,.F.,.F.,.F.,(2,2),(2,2),(-134.2125579718,
    65.326386386162),(-12.57728272407,85.847957275927),
  .PIECEWISE_BEZIER_KNOTS.);
#9898 = CARTESIAN_POINT('',(-86.52217302514,13.004026253493,
    1.500002540005));
#9899 = CARTESIAN_POINT('',(-86.52217302514,13.004026253493,
    4.000008636017));
#9900 = CARTESIAN_POINT('',(-86.52217302514,7.935726930201,
    1.500002540005));
#9901 = CARTESIAN_POINT('',(-86.52217302514,7.935726930201,
    4.000008636017));
#9902 = ADVANCED_FACE('',(#9903),#9919,.T.);
#9903 = FACE_BOUND('',#9904,.T.);
#9904 = EDGE_LOOP('',(#9905,#9912,#9913,#9914));
#9905 = ORIENTED_EDGE('',*,*,#9906,.T.);
#9906 = EDGE_CURVE('',#9907,#9885,#9909,.T.);
#9907 = VERTEX_POINT('',#9908);
#9908 = CARTESIAN_POINT('',(-87.72217546355,11.004022189484,
    4.000008636017));
#9909 = B_SPLINE_CURVE_WITH_KNOTS('',1,(#9910,#9911),.UNSPECIFIED.,.F.,
  .F.,(2,2),(0.,47.244096),.PIECEWISE_BEZIER_KNOTS.);
#9910 = CARTESIAN_POINT('',(-87.72217546355,11.004022189484,
    4.000008636017));
#9911 = CARTESIAN_POINT('',(-86.52217302514,11.004022189484,
    4.000008636017));
#9912 = ORIENTED_EDGE('',*,*,#9884,.T.);
#9913 = ORIENTED_EDGE('',*,*,#7648,.F.);
#9914 = ORIENTED_EDGE('',*,*,#9915,.F.);
#9915 = EDGE_CURVE('',#9907,#7649,#9916,.T.);
#9916 = B_SPLINE_CURVE_WITH_KNOTS('',1,(#9917,#9918),.UNSPECIFIED.,.F.,
  .F.,(2,2),(0.,126.04578797359),.PIECEWISE_BEZIER_KNOTS.);
#9917 = CARTESIAN_POINT('',(-87.72217546355,11.004022189484,
    4.000008636017));
#9918 = CARTESIAN_POINT('',(-87.72217546355,13.004026253493,
    1.500002540005));
#9919 = B_SPLINE_SURFACE_WITH_KNOTS('',1,1,(
    (#9920,#9921)
    ,(#9922,#9923
    )),.UNSPECIFIED.,.F.,.F.,.F.,(2,2),(2,2),(0.,126.04578797359),(
    -47.244096,0.),.PIECEWISE_BEZIER_KNOTS.);
#9920 = CARTESIAN_POINT('',(-86.52217302514,11.004022189484,
    4.000008636017));
#9921 = CARTESIAN_POINT('',(-87.72217546355,11.004022189484,
    4.000008636017));
#9922 = CARTESIAN_POINT('',(-86.52217302514,13.004026253493,
    1.500002540005));
#9923 = CARTESIAN_POINT('',(-87.72217546355,13.004026253493,
    1.500002540005));
#9924 = ADVANCED_FACE('',(#9925),#9935,.T.);
#9925 = FACE_BOUND('',#9926,.T.);
#9926 = EDGE_LOOP('',(#9927,#9928,#9929,#9930));
#9927 = ORIENTED_EDGE('',*,*,#9915,.T.);
#9928 = ORIENTED_EDGE('',*,*,#7655,.F.);
#9929 = ORIENTED_EDGE('',*,*,#9759,.T.);
#9930 = ORIENTED_EDGE('',*,*,#9931,.T.);
#9931 = EDGE_CURVE('',#9752,#9907,#9932,.T.);
#9932 = B_SPLINE_CURVE_WITH_KNOTS('',1,(#9933,#9934),.UNSPECIFIED.,.F.,
  .F.,(2,2),(47.311457242019,168.1102416),.PIECEWISE_BEZIER_KNOTS.);
#9933 = CARTESIAN_POINT('',(-87.72217546355,7.935726930201,
    4.000008636017));
#9934 = CARTESIAN_POINT('',(-87.72217546355,11.004022189484,
    4.000008636017));
#9935 = B_SPLINE_SURFACE_WITH_KNOTS('',1,1,(
    (#9936,#9937)
    ,(#9938,#9939
    )),.UNSPECIFIED.,.F.,.F.,.F.,(2,2),(2,2),(-134.2125579718,
    65.326386386175),(-12.57728272407,85.847957275927),
  .PIECEWISE_BEZIER_KNOTS.);
#9936 = CARTESIAN_POINT('',(-87.72217546355,13.004026253493,
    1.500002540005));
#9937 = CARTESIAN_POINT('',(-87.72217546355,13.004026253493,
    4.000008636017));
#9938 = CARTESIAN_POINT('',(-87.72217546355,7.935726930201,
    1.500002540005));
#9939 = CARTESIAN_POINT('',(-87.72217546355,7.935726930201,
    4.000008636017));
#9940 = ADVANCED_FACE('',(#9941),#9957,.F.);
#9941 = FACE_BOUND('',#9942,.F.);
#9942 = EDGE_LOOP('',(#9943,#9950,#9951,#9952));
#9943 = ORIENTED_EDGE('',*,*,#9944,.T.);
#9944 = EDGE_CURVE('',#9945,#7671,#9947,.T.);
#9945 = VERTEX_POINT('',#9946);
#9946 = CARTESIAN_POINT('',(-92.79218576581,5.934011887224,
    4.000008636017));
#9947 = B_SPLINE_CURVE_WITH_KNOTS('',1,(#9948,#9949),.UNSPECIFIED.,.F.,
  .F.,(2,2),(0.,126.04578797359),.PIECEWISE_BEZIER_KNOTS.);
#9948 = CARTESIAN_POINT('',(-92.79218576581,5.934011887224,
    4.000008636017));
#9949 = CARTESIAN_POINT('',(-94.79218982982,5.934011887224,
    1.500002540005));
#9950 = ORIENTED_EDGE('',*,*,#7670,.F.);
#9951 = ORIENTED_EDGE('',*,*,#9765,.T.);
#9952 = ORIENTED_EDGE('',*,*,#9953,.T.);
#9953 = EDGE_CURVE('',#9766,#9945,#9954,.T.);
#9954 = B_SPLINE_CURVE_WITH_KNOTS('',1,(#9955,#9956),.UNSPECIFIED.,.F.,
  .F.,(2,2),(47.311457242037,168.1102416),.PIECEWISE_BEZIER_KNOTS.);
#9955 = CARTESIAN_POINT('',(-89.72389050652,5.934011887224,
    4.000008636017));
#9956 = CARTESIAN_POINT('',(-92.79218576581,5.934011887224,
    4.000008636017));
#9957 = B_SPLINE_SURFACE_WITH_KNOTS('',1,1,(
    (#9958,#9959)
    ,(#9960,#9961
    )),.UNSPECIFIED.,.F.,.F.,.F.,(2,2),(2,2),(-134.2125579718,
    65.326386386163),(-12.57728272407,85.847957275927),
  .PIECEWISE_BEZIER_KNOTS.);
#9958 = CARTESIAN_POINT('',(-94.79218982982,5.934011887224,
    1.500002540005));
#9959 = CARTESIAN_POINT('',(-94.79218982982,5.934011887224,
    4.000008636017));
#9960 = CARTESIAN_POINT('',(-89.72389050652,5.934011887224,
    1.500002540005));
#9961 = CARTESIAN_POINT('',(-89.72389050652,5.934011887224,
    4.000008636017));
#9962 = ADVANCED_FACE('',(#9963),#9979,.T.);
#9963 = FACE_BOUND('',#9964,.T.);
#9964 = EDGE_LOOP('',(#9965,#9972,#9973,#9974));
#9965 = ORIENTED_EDGE('',*,*,#9966,.T.);
#9966 = EDGE_CURVE('',#9967,#9945,#9969,.T.);
#9967 = VERTEX_POINT('',#9968);
#9968 = CARTESIAN_POINT('',(-92.79218576581,4.734009448819,
    4.000008636017));
#9969 = B_SPLINE_CURVE_WITH_KNOTS('',1,(#9970,#9971),.UNSPECIFIED.,.F.,
  .F.,(2,2),(0.,47.244096),.PIECEWISE_BEZIER_KNOTS.);
#9970 = CARTESIAN_POINT('',(-92.79218576581,4.734009448819,
    4.000008636017));
#9971 = CARTESIAN_POINT('',(-92.79218576581,5.934011887224,
    4.000008636017));
#9972 = ORIENTED_EDGE('',*,*,#9944,.T.);
#9973 = ORIENTED_EDGE('',*,*,#7677,.F.);
#9974 = ORIENTED_EDGE('',*,*,#9975,.F.);
#9975 = EDGE_CURVE('',#9967,#7678,#9976,.T.);
#9976 = B_SPLINE_CURVE_WITH_KNOTS('',1,(#9977,#9978),.UNSPECIFIED.,.F.,
  .F.,(2,2),(0.,126.04578797359),.PIECEWISE_BEZIER_KNOTS.);
#9977 = CARTESIAN_POINT('',(-92.79218576581,4.734009448819,
    4.000008636017));
#9978 = CARTESIAN_POINT('',(-94.79218982982,4.734009448819,
    1.500002540005));
#9979 = B_SPLINE_SURFACE_WITH_KNOTS('',1,1,(
    (#9980,#9981)
    ,(#9982,#9983
    )),.UNSPECIFIED.,.F.,.F.,.F.,(2,2),(2,2),(0.,126.04578797359),(
    -47.244096,0.),.PIECEWISE_BEZIER_KNOTS.);
#9980 = CARTESIAN_POINT('',(-92.79218576581,5.934011887224,
    4.000008636017));
#9981 = CARTESIAN_POINT('',(-92.79218576581,4.734009448819,
    4.000008636017));
#9982 = CARTESIAN_POINT('',(-94.79218982982,5.934011887224,
    1.500002540005));
#9983 = CARTESIAN_POINT('',(-94.79218982982,4.734009448819,
    1.500002540005));
#9984 = ADVANCED_FACE('',(#9985),#9995,.T.);
#9985 = FACE_BOUND('',#9986,.T.);
#9986 = EDGE_LOOP('',(#9987,#9988,#9989,#9990));
#9987 = ORIENTED_EDGE('',*,*,#9975,.T.);
#9988 = ORIENTED_EDGE('',*,*,#7684,.F.);
#9989 = ORIENTED_EDGE('',*,*,#9780,.T.);
#9990 = ORIENTED_EDGE('',*,*,#9991,.T.);
#9991 = EDGE_CURVE('',#9773,#9967,#9992,.T.);
#9992 = B_SPLINE_CURVE_WITH_KNOTS('',1,(#9993,#9994),.UNSPECIFIED.,.F.,
  .F.,(2,2),(47.311457242037,168.1102416),.PIECEWISE_BEZIER_KNOTS.);
#9993 = CARTESIAN_POINT('',(-89.72389050652,4.734009448819,
    4.000008636017));
#9994 = CARTESIAN_POINT('',(-92.79218576581,4.734009448819,
    4.000008636017));
#9995 = B_SPLINE_SURFACE_WITH_KNOTS('',1,1,(
    (#9996,#9997)
    ,(#9998,#9999
    )),.UNSPECIFIED.,.F.,.F.,.F.,(2,2),(2,2),(-134.2125579718,
    65.326386386163),(-12.57728272407,85.847957275927),
  .PIECEWISE_BEZIER_KNOTS.);
#9996 = CARTESIAN_POINT('',(-94.79218982982,4.734009448819,
    1.500002540005));
#9997 = CARTESIAN_POINT('',(-94.79218982982,4.734009448819,
    4.000008636017));
#9998 = CARTESIAN_POINT('',(-89.72389050652,4.734009448819,
    1.500002540005));
#9999 = CARTESIAN_POINT('',(-89.72389050652,4.734009448819,
    4.000008636017));
#10000 = ADVANCED_FACE('',(#10001),#10011,.F.);
#10001 = FACE_BOUND('',#10002,.F.);
#10002 = EDGE_LOOP('',(#10003,#10004,#10005,#10006));
#10003 = ORIENTED_EDGE('',*,*,#9667,.F.);
#10004 = ORIENTED_EDGE('',*,*,#7699,.F.);
#10005 = ORIENTED_EDGE('',*,*,#9786,.T.);
#10006 = ORIENTED_EDGE('',*,*,#10007,.T.);
#10007 = EDGE_CURVE('',#9787,#9661,#10008,.T.);
#10008 = B_SPLINE_CURVE_WITH_KNOTS('',1,(#10009,#10010),.UNSPECIFIED.,
  .F.,.F.,(2,2),(47.311457242037,164.881888),.PIECEWISE_BEZIER_KNOTS.);
#10009 = CARTESIAN_POINT('',(-87.72217546355,2.732294405841,
    4.000008636017));
#10010 = CARTESIAN_POINT('',(-87.72217546355,-0.254000508001,
    4.000008636017));
#10011 = B_SPLINE_SURFACE_WITH_KNOTS('',1,1,(
    (#10012,#10013)
    ,(#10014,#10015
    )),.UNSPECIFIED.,.F.,.F.,.F.,(2,2),(2,2),(-52.2440443718,
    65.326386386161),(-12.57728272407,85.847957275927),
  .PIECEWISE_BEZIER_KNOTS.);
#10012 = CARTESIAN_POINT('',(-87.72217546355,-0.254000508001,
    1.500002540005));
#10013 = CARTESIAN_POINT('',(-87.72217546355,-0.254000508001,
    4.000008636017));
#10014 = CARTESIAN_POINT('',(-87.72217546355,2.732294405841,
    1.500002540005));
#10015 = CARTESIAN_POINT('',(-87.72217546355,2.732294405841,
    4.000008636017));
#10016 = ADVANCED_FACE('',(#10017),#10033,.T.);
#10017 = FACE_BOUND('',#10018,.T.);
#10018 = EDGE_LOOP('',(#10019,#10020,#10027,#10032));
#10019 = ORIENTED_EDGE('',*,*,#7713,.F.);
#10020 = ORIENTED_EDGE('',*,*,#10021,.T.);
#10021 = EDGE_CURVE('',#7714,#10022,#10024,.T.);
#10022 = VERTEX_POINT('',#10023);
#10023 = CARTESIAN_POINT('',(-93.47218694437,-1.778003556007,15.));
#10024 = B_SPLINE_CURVE_WITH_KNOTS('',1,(#10025,#10026),.UNSPECIFIED.,
  .F.,.F.,(2,2),(59.0551,590.55),.PIECEWISE_BEZIER_KNOTS.);
#10025 = CARTESIAN_POINT('',(-93.47218694437,-1.778003556007,
    1.500002540005));
#10026 = CARTESIAN_POINT('',(-93.47218694437,-1.778003556007,15.));
#10027 = ORIENTED_EDGE('',*,*,#10028,.T.);
#10028 = EDGE_CURVE('',#10022,#9620,#10029,.T.);
#10029 = B_SPLINE_CURVE_WITH_KNOTS('',1,(#10030,#10031),.UNSPECIFIED.,
  .F.,.F.,(2,2),(0.,60.),.PIECEWISE_BEZIER_KNOTS.);
#10030 = CARTESIAN_POINT('',(-93.47218694437,-1.778003556007,15.));
#10031 = CARTESIAN_POINT('',(-93.47218694437,-0.254000508001,15.));
#10032 = ORIENTED_EDGE('',*,*,#9619,.F.);
#10033 = B_SPLINE_SURFACE_WITH_KNOTS('',1,1,(
    (#10034,#10035)
    ,(#10036,#10037
    )),.UNSPECIFIED.,.F.,.F.,.F.,(2,2),(2,2),(0.,60.),(-590.55,-59.0551)
  ,.PIECEWISE_BEZIER_KNOTS.);
#10034 = CARTESIAN_POINT('',(-93.47218694437,-1.778003556007,15.));
#10035 = CARTESIAN_POINT('',(-93.47218694437,-1.778003556007,
    1.500002540005));
#10036 = CARTESIAN_POINT('',(-93.47218694437,-0.254000508001,15.));
#10037 = CARTESIAN_POINT('',(-93.47218694437,-0.254000508001,
    1.500002540005));
#10038 = ADVANCED_FACE('',(#10039),#10095,.T.);
#10039 = FACE_BOUND('',#10040,.T.);
#10040 = EDGE_LOOP('',(#10041,#10042,#10049,#10054,#10055,#10056,#10063,
    #10070,#10075,#10076,#10083,#10090));
#10041 = ORIENTED_EDGE('',*,*,#7776,.F.);
#10042 = ORIENTED_EDGE('',*,*,#10043,.T.);
#10043 = EDGE_CURVE('',#7777,#10044,#10046,.T.);
#10044 = VERTEX_POINT('',#10045);
#10045 = CARTESIAN_POINT('',(0.127000254001,-1.778003556007,15.));
#10046 = B_SPLINE_CURVE_WITH_KNOTS('',1,(#10047,#10048),.UNSPECIFIED.,
  .F.,.F.,(2,2),(59.0551,590.55),.PIECEWISE_BEZIER_KNOTS.);
#10047 = CARTESIAN_POINT('',(0.127000254001,-1.778003556007,
    1.500002540005));
#10048 = CARTESIAN_POINT('',(0.127000254001,-1.778003556007,15.));
#10049 = ORIENTED_EDGE('',*,*,#10050,.T.);
#10050 = EDGE_CURVE('',#10044,#10022,#10051,.T.);
#10051 = B_SPLINE_CURVE_WITH_KNOTS('',1,(#10052,#10053),.UNSPECIFIED.,
  .F.,.F.,(2,2),(0.,3.685E+03),.PIECEWISE_BEZIER_KNOTS.);
#10052 = CARTESIAN_POINT('',(0.127000254001,-1.778003556007,15.));
#10053 = CARTESIAN_POINT('',(-93.47218694437,-1.778003556007,15.));
#10054 = ORIENTED_EDGE('',*,*,#10021,.F.);
#10055 = ORIENTED_EDGE('',*,*,#7720,.F.);
#10056 = ORIENTED_EDGE('',*,*,#10057,.F.);
#10057 = EDGE_CURVE('',#10058,#7721,#10060,.T.);
#10058 = VERTEX_POINT('',#10059);
#10059 = CARTESIAN_POINT('',(-87.72217546355,-1.778003556007,
    2.197504525273));
#10060 = B_SPLINE_CURVE_WITH_KNOTS('',1,(#10061,#10062),.UNSPECIFIED.,
  .F.,.F.,(2,2),(-50.69956179796,-23.23890863796),
  .PIECEWISE_BEZIER_KNOTS.);
#10061 = CARTESIAN_POINT('',(-87.72217546355,-1.778003556007,
    2.197504525273));
#10062 = CARTESIAN_POINT('',(-87.72217546355,-1.778003556007,
    1.500002540005));
#10063 = ORIENTED_EDGE('',*,*,#10064,.T.);
#10064 = EDGE_CURVE('',#10058,#10065,#10067,.T.);
#10065 = VERTEX_POINT('',#10066);
#10066 = CARTESIAN_POINT('',(-86.52217302514,-1.778003556007,
    2.197504525273));
#10067 = B_SPLINE_CURVE_WITH_KNOTS('',1,(#10068,#10069),.UNSPECIFIED.,
  .F.,.F.,(2,2),(-1.752933072E+03,-1.705688976E+03),
  .PIECEWISE_BEZIER_KNOTS.);
#10068 = CARTESIAN_POINT('',(-87.72217546355,-1.778003556007,
    2.197504525273));
#10069 = CARTESIAN_POINT('',(-86.52217302514,-1.778003556007,
    2.197504525273));
#10070 = ORIENTED_EDGE('',*,*,#10071,.T.);
#10071 = EDGE_CURVE('',#10065,#7742,#10072,.T.);
#10072 = B_SPLINE_CURVE_WITH_KNOTS('',1,(#10073,#10074),.UNSPECIFIED.,
  .F.,.F.,(2,2),(-50.69956179796,-23.23890863796),
  .PIECEWISE_BEZIER_KNOTS.);
#10073 = CARTESIAN_POINT('',(-86.52217302514,-1.778003556007,
    2.197504525273));
#10074 = CARTESIAN_POINT('',(-86.52217302514,-1.778003556007,
    1.500002540005));
#10075 = ORIENTED_EDGE('',*,*,#7748,.F.);
#10076 = ORIENTED_EDGE('',*,*,#10077,.F.);
#10077 = EDGE_CURVE('',#10078,#7749,#10080,.T.);
#10078 = VERTEX_POINT('',#10079);
#10079 = CARTESIAN_POINT('',(-5.600011379223,-1.778003556007,
    2.673755671323));
#10080 = B_SPLINE_CURVE_WITH_KNOTS('',1,(#10081,#10082),.UNSPECIFIED.,
  .F.,.F.,(2,2),(-69.44956941796,-23.23890863796),
  .PIECEWISE_BEZIER_KNOTS.);
#10081 = CARTESIAN_POINT('',(-5.600011379223,-1.778003556007,
    2.673755671323));
#10082 = CARTESIAN_POINT('',(-5.600011379223,-1.778003556007,
    1.500002540005));
#10083 = ORIENTED_EDGE('',*,*,#10084,.T.);
#10084 = EDGE_CURVE('',#10078,#10085,#10087,.T.);
#10085 = VERTEX_POINT('',#10086);
#10086 = CARTESIAN_POINT('',(-4.400008940818,-1.778003556007,
    2.673755671323));
#10087 = B_SPLINE_CURVE_WITH_KNOTS('',1,(#10088,#10089),.UNSPECIFIED.,
  .F.,.F.,(2,2),(-136.358272,-89.114176),.PIECEWISE_BEZIER_KNOTS.);
#10088 = CARTESIAN_POINT('',(-5.600011379223,-1.778003556007,
    2.673755671323));
#10089 = CARTESIAN_POINT('',(-4.400008940818,-1.778003556007,
    2.673755671323));
#10090 = ORIENTED_EDGE('',*,*,#10091,.T.);
#10091 = EDGE_CURVE('',#10085,#7770,#10092,.T.);
#10092 = B_SPLINE_CURVE_WITH_KNOTS('',1,(#10093,#10094),.UNSPECIFIED.,
  .F.,.F.,(2,2),(-69.44956941796,-23.23890863796),
  .PIECEWISE_BEZIER_KNOTS.);
#10093 = CARTESIAN_POINT('',(-4.400008940818,-1.778003556007,
    2.673755671323));
#10094 = CARTESIAN_POINT('',(-4.400008940818,-1.778003556007,
    1.500002540005));
#10095 = B_SPLINE_SURFACE_WITH_KNOTS('',1,1,(
    (#10096,#10097)
    ,(#10098,#10099
    )),.UNSPECIFIED.,.F.,.F.,.F.,(2,2),(2,2),(0.,3.685E+03),(-590.55,
    -59.0551),.PIECEWISE_BEZIER_KNOTS.);
#10096 = CARTESIAN_POINT('',(0.127000254001,-1.778003556007,15.));
#10097 = CARTESIAN_POINT('',(0.127000254001,-1.778003556007,
    1.500002540005));
#10098 = CARTESIAN_POINT('',(-93.47218694437,-1.778003556007,15.));
#10099 = CARTESIAN_POINT('',(-93.47218694437,-1.778003556007,
    1.500002540005));
#10100 = ADVANCED_FACE('',(#10101),#10110,.F.);
#10101 = FACE_BOUND('',#10102,.F.);
#10102 = EDGE_LOOP('',(#10103,#10108,#10109));
#10103 = ORIENTED_EDGE('',*,*,#10104,.T.);
#10104 = EDGE_CURVE('',#10058,#7728,#10105,.T.);
#10105 = B_SPLINE_CURVE_WITH_KNOTS('',1,(#10106,#10107),.UNSPECIFIED.,
  .F.,.F.,(2,2),(90.878998785956,126.04578797359),
  .PIECEWISE_BEZIER_KNOTS.);
#10106 = CARTESIAN_POINT('',(-87.72217546355,-1.778003556007,
    2.197504525273));
#10107 = CARTESIAN_POINT('',(-87.72217546355,-2.33600491745,
    1.500002540005));
#10108 = ORIENTED_EDGE('',*,*,#7727,.F.);
#10109 = ORIENTED_EDGE('',*,*,#10057,.F.);
#10110 = B_SPLINE_SURFACE_WITH_KNOTS('',1,1,(
    (#10111,#10112)
    ,(#10113,#10114
    )),.UNSPECIFIED.,.F.,.F.,.F.,(2,2),(2,2),(-134.2125579718,
    -112.2440443718),(-12.57728272407,14.883370435932),
  .PIECEWISE_BEZIER_KNOTS.);
#10111 = CARTESIAN_POINT('',(-87.72217546355,-2.33600491745,
    1.500002540005));
#10112 = CARTESIAN_POINT('',(-87.72217546355,-2.33600491745,
    2.197504525273));
#10113 = CARTESIAN_POINT('',(-87.72217546355,-1.778003556007,
    1.500002540005));
#10114 = CARTESIAN_POINT('',(-87.72217546355,-1.778003556007,
    2.197504525273));
#10115 = ADVANCED_FACE('',(#10116),#10126,.T.);
#10116 = FACE_BOUND('',#10117,.T.);
#10117 = EDGE_LOOP('',(#10118,#10123,#10124,#10125));
#10118 = ORIENTED_EDGE('',*,*,#10119,.F.);
#10119 = EDGE_CURVE('',#10065,#7735,#10120,.T.);
#10120 = B_SPLINE_CURVE_WITH_KNOTS('',1,(#10121,#10122),.UNSPECIFIED.,
  .F.,.F.,(2,2),(90.878998785956,126.04578797359),
  .PIECEWISE_BEZIER_KNOTS.);
#10121 = CARTESIAN_POINT('',(-86.52217302514,-1.778003556007,
    2.197504525273));
#10122 = CARTESIAN_POINT('',(-86.52217302514,-2.33600491745,
    1.500002540005));
#10123 = ORIENTED_EDGE('',*,*,#10064,.F.);
#10124 = ORIENTED_EDGE('',*,*,#10104,.T.);
#10125 = ORIENTED_EDGE('',*,*,#7734,.F.);
#10126 = B_SPLINE_SURFACE_WITH_KNOTS('',1,1,(
    (#10127,#10128)
    ,(#10129,#10130
    )),.UNSPECIFIED.,.F.,.F.,.F.,(2,2),(2,2),(90.878998785956,
    126.04578797359),(-47.244096,0.),.PIECEWISE_BEZIER_KNOTS.);
#10127 = CARTESIAN_POINT('',(-87.72217546355,-1.778003556007,
    2.197504525273));
#10128 = CARTESIAN_POINT('',(-86.52217302514,-1.778003556007,
    2.197504525273));
#10129 = CARTESIAN_POINT('',(-87.72217546355,-2.33600491745,
    1.500002540005));
#10130 = CARTESIAN_POINT('',(-86.52217302514,-2.33600491745,
    1.500002540005));
#10131 = ADVANCED_FACE('',(#10132),#10137,.T.);
#10132 = FACE_BOUND('',#10133,.T.);
#10133 = EDGE_LOOP('',(#10134,#10135,#10136));
#10134 = ORIENTED_EDGE('',*,*,#10119,.T.);
#10135 = ORIENTED_EDGE('',*,*,#7741,.F.);
#10136 = ORIENTED_EDGE('',*,*,#10071,.F.);
#10137 = B_SPLINE_SURFACE_WITH_KNOTS('',1,1,(
    (#10138,#10139)
    ,(#10140,#10141
    )),.UNSPECIFIED.,.F.,.F.,.F.,(2,2),(2,2),(-134.2125579718,
    -112.2440443718),(-12.57728272407,14.883370435932),
  .PIECEWISE_BEZIER_KNOTS.);
#10138 = CARTESIAN_POINT('',(-86.52217302514,-2.33600491745,
    1.500002540005));
#10139 = CARTESIAN_POINT('',(-86.52217302514,-2.33600491745,
    2.197504525273));
#10140 = CARTESIAN_POINT('',(-86.52217302514,-1.778003556007,
    1.500002540005));
#10141 = CARTESIAN_POINT('',(-86.52217302514,-1.778003556007,
    2.197504525273));
#10142 = ADVANCED_FACE('',(#10143),#10152,.F.);
#10143 = FACE_BOUND('',#10144,.F.);
#10144 = EDGE_LOOP('',(#10145,#10150,#10151));
#10145 = ORIENTED_EDGE('',*,*,#10146,.T.);
#10146 = EDGE_CURVE('',#10078,#7756,#10147,.T.);
#10147 = B_SPLINE_CURVE_WITH_KNOTS('',1,(#10148,#10149),.UNSPECIFIED.,
  .F.,.F.,(2,2),(66.867276945363,126.04578797359),
  .PIECEWISE_BEZIER_KNOTS.);
#10148 = CARTESIAN_POINT('',(-5.600011379223,-1.778003556007,
    2.673755671323));
#10149 = CARTESIAN_POINT('',(-5.600011379223,-2.717005679451,
    1.500002540005));
#10150 = ORIENTED_EDGE('',*,*,#7755,.F.);
#10151 = ORIENTED_EDGE('',*,*,#10077,.F.);
#10152 = B_SPLINE_SURFACE_WITH_KNOTS('',1,1,(
    (#10153,#10154)
    ,(#10155,#10156
    )),.UNSPECIFIED.,.F.,.F.,.F.,(2,2),(2,2),(-134.2125579718,
    -97.2440443718),(-12.57728272407,33.633378055931),
  .PIECEWISE_BEZIER_KNOTS.);
#10153 = CARTESIAN_POINT('',(-5.600011379223,-2.717005679451,
    1.500002540005));
#10154 = CARTESIAN_POINT('',(-5.600011379223,-2.717005679451,
    2.673755671323));
#10155 = CARTESIAN_POINT('',(-5.600011379223,-1.778003556007,
    1.500002540005));
#10156 = CARTESIAN_POINT('',(-5.600011379223,-1.778003556007,
    2.673755671323));
#10157 = ADVANCED_FACE('',(#10158),#10168,.T.);
#10158 = FACE_BOUND('',#10159,.T.);
#10159 = EDGE_LOOP('',(#10160,#10165,#10166,#10167));
#10160 = ORIENTED_EDGE('',*,*,#10161,.F.);
#10161 = EDGE_CURVE('',#10085,#7763,#10162,.T.);
#10162 = B_SPLINE_CURVE_WITH_KNOTS('',1,(#10163,#10164),.UNSPECIFIED.,
  .F.,.F.,(2,2),(66.867276945363,126.04578797359),
  .PIECEWISE_BEZIER_KNOTS.);
#10163 = CARTESIAN_POINT('',(-4.400008940818,-1.778003556007,
    2.673755671323));
#10164 = CARTESIAN_POINT('',(-4.400008940818,-2.717005679451,
    1.500002540005));
#10165 = ORIENTED_EDGE('',*,*,#10084,.F.);
#10166 = ORIENTED_EDGE('',*,*,#10146,.T.);
#10167 = ORIENTED_EDGE('',*,*,#7762,.F.);
#10168 = B_SPLINE_SURFACE_WITH_KNOTS('',1,1,(
    (#10169,#10170)
    ,(#10171,#10172
    )),.UNSPECIFIED.,.F.,.F.,.F.,(2,2),(2,2),(66.867276945363,
    126.04578797359),(-47.244096,0.),.PIECEWISE_BEZIER_KNOTS.);
#10169 = CARTESIAN_POINT('',(-5.600011379223,-1.778003556007,
    2.673755671323));
#10170 = CARTESIAN_POINT('',(-4.400008940818,-1.778003556007,
    2.673755671323));
#10171 = CARTESIAN_POINT('',(-5.600011379223,-2.717005679451,
    1.500002540005));
#10172 = CARTESIAN_POINT('',(-4.400008940818,-2.717005679451,
    1.500002540005));
#10173 = ADVANCED_FACE('',(#10174),#10179,.T.);
#10174 = FACE_BOUND('',#10175,.T.);
#10175 = EDGE_LOOP('',(#10176,#10177,#10178));
#10176 = ORIENTED_EDGE('',*,*,#10161,.T.);
#10177 = ORIENTED_EDGE('',*,*,#7769,.F.);
#10178 = ORIENTED_EDGE('',*,*,#10091,.F.);
#10179 = B_SPLINE_SURFACE_WITH_KNOTS('',1,1,(
    (#10180,#10181)
    ,(#10182,#10183
    )),.UNSPECIFIED.,.F.,.F.,.F.,(2,2),(2,2),(-134.2125579718,
    -97.2440443718),(-12.57728272407,33.633378055931),
  .PIECEWISE_BEZIER_KNOTS.);
#10180 = CARTESIAN_POINT('',(-4.400008940818,-2.717005679451,
    1.500002540005));
#10181 = CARTESIAN_POINT('',(-4.400008940818,-2.717005679451,
    2.673755671323));
#10182 = CARTESIAN_POINT('',(-4.400008940818,-1.778003556007,
    1.500002540005));
#10183 = CARTESIAN_POINT('',(-4.400008940818,-1.778003556007,
    2.673755671323));
#10184 = ADVANCED_FACE('',(#10185),#10195,.T.);
#10185 = FACE_BOUND('',#10186,.T.);
#10186 = EDGE_LOOP('',(#10187,#10188,#10189,#10194));
#10187 = ORIENTED_EDGE('',*,*,#7783,.F.);
#10188 = ORIENTED_EDGE('',*,*,#9633,.T.);
#10189 = ORIENTED_EDGE('',*,*,#10190,.T.);
#10190 = EDGE_CURVE('',#9627,#10044,#10191,.T.);
#10191 = B_SPLINE_CURVE_WITH_KNOTS('',1,(#10192,#10193),.UNSPECIFIED.,
  .F.,.F.,(2,2),(0.,60.),.PIECEWISE_BEZIER_KNOTS.);
#10192 = CARTESIAN_POINT('',(0.127000254001,-0.254000508001,15.));
#10193 = CARTESIAN_POINT('',(0.127000254001,-1.778003556007,15.));
#10194 = ORIENTED_EDGE('',*,*,#10043,.F.);
#10195 = B_SPLINE_SURFACE_WITH_KNOTS('',1,1,(
    (#10196,#10197)
    ,(#10198,#10199
    )),.UNSPECIFIED.,.F.,.F.,.F.,(2,2),(2,2),(0.,60.),(-590.55,-59.0551)
  ,.PIECEWISE_BEZIER_KNOTS.);
#10196 = CARTESIAN_POINT('',(0.127000254001,-0.254000508001,15.));
#10197 = CARTESIAN_POINT('',(0.127000254001,-0.254000508001,
    1.500002540005));
#10198 = CARTESIAN_POINT('',(0.127000254001,-1.778003556007,15.));
#10199 = CARTESIAN_POINT('',(0.127000254001,-1.778003556007,
    1.500002540005));
#10200 = ADVANCED_FACE('',(#10201),#10211,.T.);
#10201 = FACE_BOUND('',#10202,.T.);
#10202 = EDGE_LOOP('',(#10203,#10204,#10205,#10206));
#10203 = ORIENTED_EDGE('',*,*,#9639,.F.);
#10204 = ORIENTED_EDGE('',*,*,#7797,.F.);
#10205 = ORIENTED_EDGE('',*,*,#9451,.T.);
#10206 = ORIENTED_EDGE('',*,*,#10207,.T.);
#10207 = EDGE_CURVE('',#9444,#9640,#10208,.T.);
#10208 = B_SPLINE_CURVE_WITH_KNOTS('',1,(#10209,#10210),.UNSPECIFIED.,
  .F.,.F.,(2,2),(47.311457242032,149.881888),.PIECEWISE_BEZIER_KNOTS.);
#10209 = CARTESIAN_POINT('',(-4.400008940818,2.35129364384,
    4.000008636017));
#10210 = CARTESIAN_POINT('',(-4.400008940818,-0.254000508001,
    4.000008636017));
#10211 = B_SPLINE_SURFACE_WITH_KNOTS('',1,1,(
    (#10212,#10213)
    ,(#10214,#10215
    )),.UNSPECIFIED.,.F.,.F.,.F.,(2,2),(2,2),(-37.2440443718,
    65.326386386163),(-12.57728272407,85.847957275927),
  .PIECEWISE_BEZIER_KNOTS.);
#10212 = CARTESIAN_POINT('',(-4.400008940818,-0.254000508001,
    1.500002540005));
#10213 = CARTESIAN_POINT('',(-4.400008940818,-0.254000508001,
    4.000008636017));
#10214 = CARTESIAN_POINT('',(-4.400008940818,2.35129364384,
    1.500002540005));
#10215 = CARTESIAN_POINT('',(-4.400008940818,2.35129364384,
    4.000008636017));
#10216 = ADVANCED_FACE('',(#10217),#10240,.T.);
#10217 = FACE_BOUND('',#10218,.T.);
#10218 = EDGE_LOOP('',(#10219,#10220,#10221,#10228,#10235));
#10219 = ORIENTED_EDGE('',*,*,#9051,.F.);
#10220 = ORIENTED_EDGE('',*,*,#7825,.F.);
#10221 = ORIENTED_EDGE('',*,*,#10222,.T.);
#10222 = EDGE_CURVE('',#7826,#10223,#10225,.T.);
#10223 = VERTEX_POINT('',#10224);
#10224 = CARTESIAN_POINT('',(-18.90003683007,-24.53994676822,
    6.00001016002));
#10225 = B_SPLINE_CURVE_WITH_KNOTS('',1,(#10226,#10227),.UNSPECIFIED.,
  .F.,.F.,(2,2),(59.0551,236.2204),.PIECEWISE_BEZIER_KNOTS.);
#10226 = CARTESIAN_POINT('',(-18.90003683007,-24.53994676822,
    1.500002540005));
#10227 = CARTESIAN_POINT('',(-18.90003683007,-24.53994676822,
    6.00001016002));
#10228 = ORIENTED_EDGE('',*,*,#10229,.T.);
#10229 = EDGE_CURVE('',#10223,#10230,#10232,.T.);
#10230 = VERTEX_POINT('',#10231);
#10231 = CARTESIAN_POINT('',(-18.90003683007,-27.6245504191,
    6.00001016002));
#10232 = B_SPLINE_CURVE_WITH_KNOTS('',1,(#10233,#10234),.UNSPECIFIED.,
  .F.,.F.,(2,2),(46.669354265042,168.1102),.PIECEWISE_BEZIER_KNOTS.);
#10233 = CARTESIAN_POINT('',(-18.90003683007,-24.53994676822,
    6.00001016002));
#10234 = CARTESIAN_POINT('',(-18.90003683007,-27.6245504191,
    6.00001016002));
#10235 = ORIENTED_EDGE('',*,*,#10236,.T.);
#10236 = EDGE_CURVE('',#10230,#9045,#10237,.T.);
#10237 = B_SPLINE_CURVE_WITH_KNOTS('',1,(#10238,#10239),.UNSPECIFIED.,
  .F.,.F.,(2,2),(0.,179.48028703516),.PIECEWISE_BEZIER_KNOTS.);
#10238 = CARTESIAN_POINT('',(-18.90003683007,-27.6245504191,
    6.00001016002));
#10239 = CARTESIAN_POINT('',(-18.90003683007,-29.47605918211,
    1.834118970353));
#10240 = B_SPLINE_SURFACE_WITH_KNOTS('',1,1,(
    (#10241,#10242)
    ,(#10243,#10244
    )),.UNSPECIFIED.,.F.,.F.,.F.,(2,2),(2,2),(-131.0606320975,
    63.274113637365),(-49.31446136773,127.85083863226),
  .PIECEWISE_BEZIER_KNOTS.);
#10241 = CARTESIAN_POINT('',(-18.90003683007,-29.47605918211,
    1.500002540005));
#10242 = CARTESIAN_POINT('',(-18.90003683007,-29.47605918211,
    6.00001016002));
#10243 = CARTESIAN_POINT('',(-18.90003683007,-24.53994676822,
    1.500002540005));
#10244 = CARTESIAN_POINT('',(-18.90003683007,-24.53994676822,
    6.00001016002));
#10245 = ADVANCED_FACE('',(#10246),#10352,.T.);
#10246 = FACE_BOUND('',#10247,.T.);
#10247 = EDGE_LOOP('',(#10248,#10258,#10265,#10275,#10276,#10284,#10289,
    #10290,#10297,#10305,#10310,#10311,#10318,#10326,#10331,#10332,
    #10339,#10345,#10346,#10347));
#10248 = ORIENTED_EDGE('',*,*,#10249,.T.);
#10249 = EDGE_CURVE('',#10250,#10252,#10254,.T.);
#10250 = VERTEX_POINT('',#10251);
#10251 = CARTESIAN_POINT('',(-17.41463286093,-23.05454279908,
    6.00001016002));
#10252 = VERTEX_POINT('',#10253);
#10253 = CARTESIAN_POINT('',(-17.33003429006,-22.45454152908,
    6.00001016002));
#10254 = ( BOUNDED_CURVE() B_SPLINE_CURVE(2,(#10255,#10256,#10257),
.UNSPECIFIED.,.F.,.F.) B_SPLINE_CURVE_WITH_KNOTS((3,3),(6.003037396772,
6.28318530718),.PIECEWISE_BEZIER_KNOTS.) CURVE() 
GEOMETRIC_REPRESENTATION_ITEM() RATIONAL_B_SPLINE_CURVE((1.,
0.990205673565,1.)) REPRESENTATION_ITEM('') );
#10255 = CARTESIAN_POINT('',(-17.41463286093,-23.05454279908,
    6.00001016002));
#10256 = CARTESIAN_POINT('',(-17.33003429006,-22.76050624995,
    6.00001016002));
#10257 = CARTESIAN_POINT('',(-17.33003429006,-22.45454152908,
    6.00001016002));
#10258 = ORIENTED_EDGE('',*,*,#10259,.T.);
#10259 = EDGE_CURVE('',#10252,#10260,#10262,.T.);
#10260 = VERTEX_POINT('',#10261);
#10261 = CARTESIAN_POINT('',(-17.33003429006,-22.45454152908,
    8.00001524003));
#10262 = B_SPLINE_CURVE_WITH_KNOTS('',1,(#10263,#10264),.UNSPECIFIED.,
  .F.,.F.,(2,2),(236.2204,314.9606),.PIECEWISE_BEZIER_KNOTS.);
#10263 = CARTESIAN_POINT('',(-17.33003429006,-22.45454152908,
    6.00001016002));
#10264 = CARTESIAN_POINT('',(-17.33003429006,-22.45454152908,
    8.00001524003));
#10265 = ORIENTED_EDGE('',*,*,#10266,.F.);
#10266 = EDGE_CURVE('',#10260,#10260,#10267,.T.);
#10267 = ( BOUNDED_CURVE() B_SPLINE_CURVE(2,(#10268,#10269,#10270,#10271
    ,#10272,#10273,#10274),.UNSPECIFIED.,.T.,.F.) 
B_SPLINE_CURVE_WITH_KNOTS((1,2,2,2,2,1),(-2.094395102394,0.,
    2.094395102393,4.188790204786,6.28318530718,8.377580409573),
.UNSPECIFIED.) CURVE() GEOMETRIC_REPRESENTATION_ITEM() 
RATIONAL_B_SPLINE_CURVE((1.,0.5,1.,0.5,1.,0.5,1.)) REPRESENTATION_ITEM(
  '') );
#10268 = CARTESIAN_POINT('',(-17.33003429006,-22.45454152908,
    8.00001524003));
#10269 = CARTESIAN_POINT('',(-17.33003429006,-18.69598467753,
    8.00001524003));
#10270 = CARTESIAN_POINT('',(-20.58504000508,-20.5752631033,
    8.00001524003));
#10271 = CARTESIAN_POINT('',(-23.84004572009,-22.45454152908,
    8.00001524003));
#10272 = CARTESIAN_POINT('',(-20.58504000508,-24.33381995485,
    8.00001524003));
#10273 = CARTESIAN_POINT('',(-17.33003429006,-26.21309838063,
    8.00001524003));
#10274 = CARTESIAN_POINT('',(-17.33003429006,-22.45454152908,
    8.00001524003));
#10275 = ORIENTED_EDGE('',*,*,#10259,.F.);
#10276 = ORIENTED_EDGE('',*,*,#10277,.T.);
#10277 = EDGE_CURVE('',#10252,#10278,#10280,.T.);
#10278 = VERTEX_POINT('',#10279);
#10279 = CARTESIAN_POINT('',(-17.41463286093,-21.85454025908,
    6.00001016002));
#10280 = ( BOUNDED_CURVE() B_SPLINE_CURVE(2,(#10281,#10282,#10283),
.UNSPECIFIED.,.F.,.F.) B_SPLINE_CURVE_WITH_KNOTS((3,3),(0.,
0.280147910408),.PIECEWISE_BEZIER_KNOTS.) CURVE() 
GEOMETRIC_REPRESENTATION_ITEM() RATIONAL_B_SPLINE_CURVE((1.,
0.990205673565,1.)) REPRESENTATION_ITEM('') );
#10281 = CARTESIAN_POINT('',(-17.33003429006,-22.45454152908,
    6.00001016002));
#10282 = CARTESIAN_POINT('',(-17.33003429006,-22.14857680821,
    6.00001016002));
#10283 = CARTESIAN_POINT('',(-17.41463286093,-21.85454025908,
    6.00001016002));
#10284 = ORIENTED_EDGE('',*,*,#10285,.F.);
#10285 = EDGE_CURVE('',#7855,#10278,#10286,.T.);
#10286 = B_SPLINE_CURVE_WITH_KNOTS('',1,(#10287,#10288),.UNSPECIFIED.,
  .F.,.F.,(2,2),(59.0551,236.2204),.PIECEWISE_BEZIER_KNOTS.);
#10287 = CARTESIAN_POINT('',(-17.41463286093,-21.85454025908,
    1.500002540005));
#10288 = CARTESIAN_POINT('',(-17.41463286093,-21.85454025908,
    6.00001016002));
#10289 = ORIENTED_EDGE('',*,*,#7861,.T.);
#10290 = ORIENTED_EDGE('',*,*,#10291,.T.);
#10291 = EDGE_CURVE('',#7862,#10292,#10294,.T.);
#10292 = VERTEX_POINT('',#10293);
#10293 = CARTESIAN_POINT('',(-18.90003683007,-20.36913628994,
    6.00001016002));
#10294 = B_SPLINE_CURVE_WITH_KNOTS('',1,(#10295,#10296),.UNSPECIFIED.,
  .F.,.F.,(2,2),(59.0551,236.2204),.PIECEWISE_BEZIER_KNOTS.);
#10295 = CARTESIAN_POINT('',(-18.90003683007,-20.36913628994,
    1.500002540005));
#10296 = CARTESIAN_POINT('',(-18.90003683007,-20.36913628994,
    6.00001016002));
#10297 = ORIENTED_EDGE('',*,*,#10298,.T.);
#10298 = EDGE_CURVE('',#10292,#10299,#10301,.T.);
#10299 = VERTEX_POINT('',#10300);
#10300 = CARTESIAN_POINT('',(-20.10003937007,-20.36913628994,
    6.00001016002));
#10301 = ( BOUNDED_CURVE() B_SPLINE_CURVE(2,(#10302,#10303,#10304),
.UNSPECIFIED.,.F.,.F.) B_SPLINE_CURVE_WITH_KNOTS((3,3),(1.290648416387,
1.850944237203),.PIECEWISE_BEZIER_KNOTS.) CURVE() 
GEOMETRIC_REPRESENTATION_ITEM() RATIONAL_B_SPLINE_CURVE((1.,
0.961014551922,1.)) REPRESENTATION_ITEM('') );
#10302 = CARTESIAN_POINT('',(-18.90003683007,-20.36913628994,
    6.00001016002));
#10303 = CARTESIAN_POINT('',(-19.50003810007,-20.19650724056,
    6.00001016002));
#10304 = CARTESIAN_POINT('',(-20.10003937007,-20.36913628994,
    6.00001016002));
#10305 = ORIENTED_EDGE('',*,*,#10306,.F.);
#10306 = EDGE_CURVE('',#7972,#10299,#10307,.T.);
#10307 = B_SPLINE_CURVE_WITH_KNOTS('',1,(#10308,#10309),.UNSPECIFIED.,
  .F.,.F.,(2,2),(59.0551,236.2204),.PIECEWISE_BEZIER_KNOTS.);
#10308 = CARTESIAN_POINT('',(-20.10003937007,-20.36913628994,
    1.500002540005));
#10309 = CARTESIAN_POINT('',(-20.10003937007,-20.36913628994,
    6.00001016002));
#10310 = ORIENTED_EDGE('',*,*,#7978,.T.);
#10311 = ORIENTED_EDGE('',*,*,#10312,.T.);
#10312 = EDGE_CURVE('',#7979,#10313,#10315,.T.);
#10313 = VERTEX_POINT('',#10314);
#10314 = CARTESIAN_POINT('',(-21.58544333921,-21.85454025908,
    6.00001016002));
#10315 = B_SPLINE_CURVE_WITH_KNOTS('',1,(#10316,#10317),.UNSPECIFIED.,
  .F.,.F.,(2,2),(59.0551,236.2204),.PIECEWISE_BEZIER_KNOTS.);
#10316 = CARTESIAN_POINT('',(-21.58544333921,-21.85454025908,
    1.500002540005));
#10317 = CARTESIAN_POINT('',(-21.58544333921,-21.85454025908,
    6.00001016002));
#10318 = ORIENTED_EDGE('',*,*,#10319,.T.);
#10319 = EDGE_CURVE('',#10313,#10320,#10322,.T.);
#10320 = VERTEX_POINT('',#10321);
#10321 = CARTESIAN_POINT('',(-21.58544333921,-23.05454279908,
    6.00001016002));
#10322 = ( BOUNDED_CURVE() B_SPLINE_CURVE(2,(#10323,#10324,#10325),
.UNSPECIFIED.,.F.,.F.) B_SPLINE_CURVE_WITH_KNOTS((3,3),(2.861444743182,
3.421740563997),.PIECEWISE_BEZIER_KNOTS.) CURVE() 
GEOMETRIC_REPRESENTATION_ITEM() RATIONAL_B_SPLINE_CURVE((1.,
0.961014551922,1.)) REPRESENTATION_ITEM('') );
#10323 = CARTESIAN_POINT('',(-21.58544333921,-21.85454025908,
    6.00001016002));
#10324 = CARTESIAN_POINT('',(-21.75807238859,-22.45454152908,
    6.00001016002));
#10325 = CARTESIAN_POINT('',(-21.58544333921,-23.05454279908,
    6.00001016002));
#10326 = ORIENTED_EDGE('',*,*,#10327,.F.);
#10327 = EDGE_CURVE('',#8001,#10320,#10328,.T.);
#10328 = B_SPLINE_CURVE_WITH_KNOTS('',1,(#10329,#10330),.UNSPECIFIED.,
  .F.,.F.,(2,2),(59.0551,236.2204),.PIECEWISE_BEZIER_KNOTS.);
#10329 = CARTESIAN_POINT('',(-21.58544333921,-23.05454279908,
    1.500002540005));
#10330 = CARTESIAN_POINT('',(-21.58544333921,-23.05454279908,
    6.00001016002));
#10331 = ORIENTED_EDGE('',*,*,#8007,.T.);
#10332 = ORIENTED_EDGE('',*,*,#10333,.T.);
#10333 = EDGE_CURVE('',#8008,#10334,#10336,.T.);
#10334 = VERTEX_POINT('',#10335);
#10335 = CARTESIAN_POINT('',(-20.10003937007,-24.53994676822,
    6.00001016002));
#10336 = B_SPLINE_CURVE_WITH_KNOTS('',1,(#10337,#10338),.UNSPECIFIED.,
  .F.,.F.,(2,2),(59.0551,236.2204),.PIECEWISE_BEZIER_KNOTS.);
#10337 = CARTESIAN_POINT('',(-20.10003937007,-24.53994676822,
    1.500002540005));
#10338 = CARTESIAN_POINT('',(-20.10003937007,-24.53994676822,
    6.00001016002));
#10339 = ORIENTED_EDGE('',*,*,#10340,.T.);
#10340 = EDGE_CURVE('',#10334,#10223,#10341,.T.);
#10341 = ( BOUNDED_CURVE() B_SPLINE_CURVE(2,(#10342,#10343,#10344),
.UNSPECIFIED.,.F.,.F.) B_SPLINE_CURVE_WITH_KNOTS((3,3),(4.432241069977,
4.992536890792),.PIECEWISE_BEZIER_KNOTS.) CURVE() 
GEOMETRIC_REPRESENTATION_ITEM() RATIONAL_B_SPLINE_CURVE((1.,
0.961014551922,1.)) REPRESENTATION_ITEM('') );
#10342 = CARTESIAN_POINT('',(-20.10003937007,-24.53994676822,
    6.00001016002));
#10343 = CARTESIAN_POINT('',(-19.50003810007,-24.7125758176,
    6.00001016002));
#10344 = CARTESIAN_POINT('',(-18.90003683007,-24.53994676822,
    6.00001016002));
#10345 = ORIENTED_EDGE('',*,*,#10222,.F.);
#10346 = ORIENTED_EDGE('',*,*,#7832,.T.);
#10347 = ORIENTED_EDGE('',*,*,#10348,.T.);
#10348 = EDGE_CURVE('',#7833,#10250,#10349,.T.);
#10349 = B_SPLINE_CURVE_WITH_KNOTS('',1,(#10350,#10351),.UNSPECIFIED.,
  .F.,.F.,(2,2),(59.0551,236.2204),.PIECEWISE_BEZIER_KNOTS.);
#10350 = CARTESIAN_POINT('',(-17.41463286093,-23.05454279908,
    1.500002540005));
#10351 = CARTESIAN_POINT('',(-17.41463286093,-23.05454279908,
    6.00001016002));
#10352 = ( BOUNDED_SURFACE() B_SPLINE_SURFACE(2,1,(
    (#10353,#10354)
    ,(#10355,#10356)
    ,(#10357,#10358)
    ,(#10359,#10360)
    ,(#10361,#10362)
    ,(#10363,#10364)
    ,(#10365,#10366
)),.UNSPECIFIED.,.T.,.F.,.F.) B_SPLINE_SURFACE_WITH_KNOTS((1,2,2,2,2,1),
  (2,2),(-2.094395102394,0.,2.094395102393,4.188790204786,6.28318530718,
    8.377580409573),(59.0551,314.9606),.UNSPECIFIED.) 
GEOMETRIC_REPRESENTATION_ITEM() RATIONAL_B_SPLINE_SURFACE((
    (1.,1.)
    ,(0.5,0.5)
    ,(1.,1.)
    ,(0.5,0.5)
    ,(1.,1.)
    ,(0.5,0.5)
,(1.,1.))) REPRESENTATION_ITEM('') SURFACE() );
#10353 = CARTESIAN_POINT('',(-17.33003429006,-22.45454152908,
    1.500002540005));
#10354 = CARTESIAN_POINT('',(-17.33003429006,-22.45454152908,
    8.00001524003));
#10355 = CARTESIAN_POINT('',(-17.33003429006,-18.69598467753,
    1.500002540005));
#10356 = CARTESIAN_POINT('',(-17.33003429006,-18.69598467753,
    8.00001524003));
#10357 = CARTESIAN_POINT('',(-20.58504000508,-20.5752631033,
    1.500002540005));
#10358 = CARTESIAN_POINT('',(-20.58504000508,-20.5752631033,
    8.00001524003));
#10359 = CARTESIAN_POINT('',(-23.84004572009,-22.45454152908,
    1.500002540005));
#10360 = CARTESIAN_POINT('',(-23.84004572009,-22.45454152908,
    8.00001524003));
#10361 = CARTESIAN_POINT('',(-20.58504000508,-24.33381995485,
    1.500002540005));
#10362 = CARTESIAN_POINT('',(-20.58504000508,-24.33381995485,
    8.00001524003));
#10363 = CARTESIAN_POINT('',(-17.33003429006,-26.21309838063,
    1.500002540005));
#10364 = CARTESIAN_POINT('',(-17.33003429006,-26.21309838063,
    8.00001524003));
#10365 = CARTESIAN_POINT('',(-17.33003429006,-22.45454152908,
    1.500002540005));
#10366 = CARTESIAN_POINT('',(-17.33003429006,-22.45454152908,
    8.00001524003));
#10367 = ADVANCED_FACE('',(#10368),#10384,.F.);
#10368 = FACE_BOUND('',#10369,.F.);
#10369 = EDGE_LOOP('',(#10370,#10377,#10378,#10379));
#10370 = ORIENTED_EDGE('',*,*,#10371,.T.);
#10371 = EDGE_CURVE('',#10372,#7841,#10374,.T.);
#10372 = VERTEX_POINT('',#10373);
#10373 = CARTESIAN_POINT('',(-14.33002921005,-23.05454279908,
    6.00001016002));
#10374 = B_SPLINE_CURVE_WITH_KNOTS('',1,(#10375,#10376),.UNSPECIFIED.,
  .F.,.F.,(2,2),(0.,193.87512119952),.PIECEWISE_BEZIER_KNOTS.);
#10375 = CARTESIAN_POINT('',(-14.33002921005,-23.05454279908,
    6.00001016002));
#10376 = CARTESIAN_POINT('',(-12.33002413004,-23.05454279908,
    1.500002540005));
#10377 = ORIENTED_EDGE('',*,*,#7840,.F.);
#10378 = ORIENTED_EDGE('',*,*,#10348,.T.);
#10379 = ORIENTED_EDGE('',*,*,#10380,.T.);
#10380 = EDGE_CURVE('',#10250,#10372,#10381,.T.);
#10381 = B_SPLINE_CURVE_WITH_KNOTS('',1,(#10382,#10383),.UNSPECIFIED.,
  .F.,.F.,(2,2),(46.669354265042,168.1102),.PIECEWISE_BEZIER_KNOTS.);
#10382 = CARTESIAN_POINT('',(-17.41463286093,-23.05454279908,
    6.00001016002));
#10383 = CARTESIAN_POINT('',(-14.33002921005,-23.05454279908,
    6.00001016002));
#10384 = B_SPLINE_SURFACE_WITH_KNOTS('',1,1,(
    (#10385,#10386)
    ,(#10387,#10388
    )),.UNSPECIFIED.,.F.,.F.,.F.,(2,2),(2,2),(-136.9069320975,
    63.274113637366),(-49.31446136773,127.85083863226),
  .PIECEWISE_BEZIER_KNOTS.);
#10385 = CARTESIAN_POINT('',(-12.33002413004,-23.05454279908,
    1.500002540005));
#10386 = CARTESIAN_POINT('',(-12.33002413004,-23.05454279908,
    6.00001016002));
#10387 = CARTESIAN_POINT('',(-17.41463286093,-23.05454279908,
    1.500002540005));
#10388 = CARTESIAN_POINT('',(-17.41463286093,-23.05454279908,
    6.00001016002));
#10389 = ADVANCED_FACE('',(#10390),#10406,.T.);
#10390 = FACE_BOUND('',#10391,.T.);
#10391 = EDGE_LOOP('',(#10392,#10399,#10400,#10401));
#10392 = ORIENTED_EDGE('',*,*,#10393,.T.);
#10393 = EDGE_CURVE('',#10394,#10372,#10396,.T.);
#10394 = VERTEX_POINT('',#10395);
#10395 = CARTESIAN_POINT('',(-14.33002921005,-21.85454025908,
    6.00001016002));
#10396 = B_SPLINE_CURVE_WITH_KNOTS('',1,(#10397,#10398),.UNSPECIFIED.,
  .F.,.F.,(2,2),(0.,47.2441),.PIECEWISE_BEZIER_KNOTS.);
#10397 = CARTESIAN_POINT('',(-14.33002921005,-21.85454025908,
    6.00001016002));
#10398 = CARTESIAN_POINT('',(-14.33002921005,-23.05454279908,
    6.00001016002));
#10399 = ORIENTED_EDGE('',*,*,#10371,.T.);
#10400 = ORIENTED_EDGE('',*,*,#7847,.F.);
#10401 = ORIENTED_EDGE('',*,*,#10402,.F.);
#10402 = EDGE_CURVE('',#10394,#7848,#10403,.T.);
#10403 = B_SPLINE_CURVE_WITH_KNOTS('',1,(#10404,#10405),.UNSPECIFIED.,
  .F.,.F.,(2,2),(0.,193.87512119952),.PIECEWISE_BEZIER_KNOTS.);
#10404 = CARTESIAN_POINT('',(-14.33002921005,-21.85454025908,
    6.00001016002));
#10405 = CARTESIAN_POINT('',(-12.33002413004,-21.85454025908,
    1.500002540005));
#10406 = B_SPLINE_SURFACE_WITH_KNOTS('',1,1,(
    (#10407,#10408)
    ,(#10409,#10410
    )),.UNSPECIFIED.,.F.,.F.,.F.,(2,2),(2,2),(0.,193.87512119952),(
    -47.2441,0.),.PIECEWISE_BEZIER_KNOTS.);
#10407 = CARTESIAN_POINT('',(-14.33002921005,-23.05454279908,
    6.00001016002));
#10408 = CARTESIAN_POINT('',(-14.33002921005,-21.85454025908,
    6.00001016002));
#10409 = CARTESIAN_POINT('',(-12.33002413004,-23.05454279908,
    1.500002540005));
#10410 = CARTESIAN_POINT('',(-12.33002413004,-21.85454025908,
    1.500002540005));
#10411 = ADVANCED_FACE('',(#10412),#10422,.T.);
#10412 = FACE_BOUND('',#10413,.T.);
#10413 = EDGE_LOOP('',(#10414,#10415,#10416,#10417));
#10414 = ORIENTED_EDGE('',*,*,#10402,.T.);
#10415 = ORIENTED_EDGE('',*,*,#7854,.F.);
#10416 = ORIENTED_EDGE('',*,*,#10285,.T.);
#10417 = ORIENTED_EDGE('',*,*,#10418,.T.);
#10418 = EDGE_CURVE('',#10278,#10394,#10419,.T.);
#10419 = B_SPLINE_CURVE_WITH_KNOTS('',1,(#10420,#10421),.UNSPECIFIED.,
  .F.,.F.,(2,2),(46.669354265039,168.1102),.PIECEWISE_BEZIER_KNOTS.);
#10420 = CARTESIAN_POINT('',(-17.41463286093,-21.85454025908,
    6.00001016002));
#10421 = CARTESIAN_POINT('',(-14.33002921005,-21.85454025908,
    6.00001016002));
#10422 = B_SPLINE_SURFACE_WITH_KNOTS('',1,1,(
    (#10423,#10424)
    ,(#10425,#10426
    )),.UNSPECIFIED.,.F.,.F.,.F.,(2,2),(2,2),(-136.9069320975,
    63.274113637366),(-49.31446136773,127.85083863226),
  .PIECEWISE_BEZIER_KNOTS.);
#10423 = CARTESIAN_POINT('',(-12.33002413004,-21.85454025908,
    1.500002540005));
#10424 = CARTESIAN_POINT('',(-12.33002413004,-21.85454025908,
    6.00001016002));
#10425 = CARTESIAN_POINT('',(-17.41463286093,-21.85454025908,
    1.500002540005));
#10426 = CARTESIAN_POINT('',(-17.41463286093,-21.85454025908,
    6.00001016002));
#10427 = ADVANCED_FACE('',(#10428),#10465,.T.);
#10428 = FACE_BOUND('',#10429,.T.);
#10429 = EDGE_LOOP('',(#10430,#10431,#10438,#10445,#10452,#10459,#10464)
  );
#10430 = ORIENTED_EDGE('',*,*,#7869,.F.);
#10431 = ORIENTED_EDGE('',*,*,#10432,.T.);
#10432 = EDGE_CURVE('',#7870,#10433,#10435,.T.);
#10433 = VERTEX_POINT('',#10434);
#10434 = CARTESIAN_POINT('',(-18.90003683007,-11.22942352717,
    6.00001016002));
#10435 = B_SPLINE_CURVE_WITH_KNOTS('',1,(#10436,#10437),.UNSPECIFIED.,
  .F.,.F.,(2,2),(59.0551,236.2204),.PIECEWISE_BEZIER_KNOTS.);
#10436 = CARTESIAN_POINT('',(-18.90003683007,-11.22942352717,
    1.500002540005));
#10437 = CARTESIAN_POINT('',(-18.90003683007,-11.22942352717,
    6.00001016002));
#10438 = ORIENTED_EDGE('',*,*,#10439,.T.);
#10439 = EDGE_CURVE('',#10433,#10440,#10442,.T.);
#10440 = VERTEX_POINT('',#10441);
#10441 = CARTESIAN_POINT('',(-18.90003683007,-14.31402717805,
    6.00001016002));
#10442 = B_SPLINE_CURVE_WITH_KNOTS('',1,(#10443,#10444),.UNSPECIFIED.,
  .F.,.F.,(2,2),(46.669354265039,168.1102),.PIECEWISE_BEZIER_KNOTS.);
#10443 = CARTESIAN_POINT('',(-18.90003683007,-11.22942352717,
    6.00001016002));
#10444 = CARTESIAN_POINT('',(-18.90003683007,-14.31402717805,
    6.00001016002));
#10445 = ORIENTED_EDGE('',*,*,#10446,.T.);
#10446 = EDGE_CURVE('',#10440,#10447,#10449,.T.);
#10447 = VERTEX_POINT('',#10448);
#10448 = CARTESIAN_POINT('',(-18.90003683007,-15.79927990856,
    2.658194345788));
#10449 = B_SPLINE_CURVE_WITH_KNOTS('',1,(#10450,#10451),.UNSPECIFIED.,
  .F.,.F.,(2,2),(0.,143.97641086852),.PIECEWISE_BEZIER_KNOTS.);
#10450 = CARTESIAN_POINT('',(-18.90003683007,-14.31402717805,
    6.00001016002));
#10451 = CARTESIAN_POINT('',(-18.90003683007,-15.79927990856,
    2.658194345788));
#10452 = ORIENTED_EDGE('',*,*,#10453,.F.);
#10453 = EDGE_CURVE('',#10454,#10447,#10456,.T.);
#10454 = VERTEX_POINT('',#10455);
#10455 = CARTESIAN_POINT('',(-18.90003683007,-17.28453263906,
    6.00001016002));
#10456 = B_SPLINE_CURVE_WITH_KNOTS('',1,(#10457,#10458),.UNSPECIFIED.,
  .F.,.F.,(2,2),(0.,143.97641086852),.PIECEWISE_BEZIER_KNOTS.);
#10457 = CARTESIAN_POINT('',(-18.90003683007,-17.28453263906,
    6.00001016002));
#10458 = CARTESIAN_POINT('',(-18.90003683007,-15.79927990856,
    2.658194345788));
#10459 = ORIENTED_EDGE('',*,*,#10460,.F.);
#10460 = EDGE_CURVE('',#10292,#10454,#10461,.T.);
#10461 = B_SPLINE_CURVE_WITH_KNOTS('',1,(#10462,#10463),.UNSPECIFIED.,
  .F.,.F.,(2,2),(46.669354265042,168.1102),.PIECEWISE_BEZIER_KNOTS.);
#10462 = CARTESIAN_POINT('',(-18.90003683007,-20.36913628994,
    6.00001016002));
#10463 = CARTESIAN_POINT('',(-18.90003683007,-17.28453263906,
    6.00001016002));
#10464 = ORIENTED_EDGE('',*,*,#10291,.F.);
#10465 = B_SPLINE_SURFACE_WITH_KNOTS('',1,1,(
    (#10466,#10467)
    ,(#10468,#10469
    )),.UNSPECIFIED.,.F.,.F.,.F.,(2,2),(2,2),(-296.5563778325,
    63.274113637366),(-49.31446136773,127.85083863226),
  .PIECEWISE_BEZIER_KNOTS.);
#10466 = CARTESIAN_POINT('',(-18.90003683007,-20.36913628994,
    1.500002540005));
#10467 = CARTESIAN_POINT('',(-18.90003683007,-20.36913628994,
    6.00001016002));
#10468 = CARTESIAN_POINT('',(-18.90003683007,-11.22942352717,
    1.500002540005));
#10469 = CARTESIAN_POINT('',(-18.90003683007,-11.22942352717,
    6.00001016002));
#10470 = ADVANCED_FACE('',(#10471),#10577,.T.);
#10471 = FACE_BOUND('',#10472,.T.);
#10472 = EDGE_LOOP('',(#10473,#10483,#10490,#10500,#10501,#10509,#10514,
    #10515,#10522,#10530,#10535,#10536,#10543,#10551,#10556,#10557,
    #10564,#10570,#10571,#10572));
#10473 = ORIENTED_EDGE('',*,*,#10474,.T.);
#10474 = EDGE_CURVE('',#10475,#10477,#10479,.T.);
#10475 = VERTEX_POINT('',#10476);
#10476 = CARTESIAN_POINT('',(-17.41463286093,-9.744019558039,
    6.00001016002));
#10477 = VERTEX_POINT('',#10478);
#10478 = CARTESIAN_POINT('',(-17.33003429006,-9.144018288037,
    6.00001016002));
#10479 = ( BOUNDED_CURVE() B_SPLINE_CURVE(2,(#10480,#10481,#10482),
.UNSPECIFIED.,.F.,.F.) B_SPLINE_CURVE_WITH_KNOTS((3,3),(6.003037396772,
6.28318530718),.PIECEWISE_BEZIER_KNOTS.) CURVE() 
GEOMETRIC_REPRESENTATION_ITEM() RATIONAL_B_SPLINE_CURVE((1.,
0.990205673565,1.)) REPRESENTATION_ITEM('') );
#10480 = CARTESIAN_POINT('',(-17.41463286093,-9.744019558039,
    6.00001016002));
#10481 = CARTESIAN_POINT('',(-17.33003429006,-9.449983008908,
    6.00001016002));
#10482 = CARTESIAN_POINT('',(-17.33003429006,-9.144018288037,
    6.00001016002));
#10483 = ORIENTED_EDGE('',*,*,#10484,.T.);
#10484 = EDGE_CURVE('',#10477,#10485,#10487,.T.);
#10485 = VERTEX_POINT('',#10486);
#10486 = CARTESIAN_POINT('',(-17.33003429006,-9.144018288037,
    8.00001524003));
#10487 = B_SPLINE_CURVE_WITH_KNOTS('',1,(#10488,#10489),.UNSPECIFIED.,
  .F.,.F.,(2,2),(236.2204,314.9606),.PIECEWISE_BEZIER_KNOTS.);
#10488 = CARTESIAN_POINT('',(-17.33003429006,-9.144018288037,
    6.00001016002));
#10489 = CARTESIAN_POINT('',(-17.33003429006,-9.144018288037,
    8.00001524003));
#10490 = ORIENTED_EDGE('',*,*,#10491,.F.);
#10491 = EDGE_CURVE('',#10485,#10485,#10492,.T.);
#10492 = ( BOUNDED_CURVE() B_SPLINE_CURVE(2,(#10493,#10494,#10495,#10496
    ,#10497,#10498,#10499),.UNSPECIFIED.,.T.,.F.) 
B_SPLINE_CURVE_WITH_KNOTS((1,2,2,2,2,1),(-2.094395102394,0.,
    2.094395102393,4.188790204786,6.28318530718,8.377580409573),
.UNSPECIFIED.) CURVE() GEOMETRIC_REPRESENTATION_ITEM() 
RATIONAL_B_SPLINE_CURVE((1.,0.5,1.,0.5,1.,0.5,1.)) REPRESENTATION_ITEM(
  '') );
#10493 = CARTESIAN_POINT('',(-17.33003429006,-9.144018288037,
    8.00001524003));
#10494 = CARTESIAN_POINT('',(-17.33003429006,-5.385461436485,
    8.00001524003));
#10495 = CARTESIAN_POINT('',(-20.58504000508,-7.264739862261,
    8.00001524003));
#10496 = CARTESIAN_POINT('',(-23.84004572009,-9.144018288037,
    8.00001524003));
#10497 = CARTESIAN_POINT('',(-20.58504000508,-11.02329671381,
    8.00001524003));
#10498 = CARTESIAN_POINT('',(-17.33003429006,-12.90257513958,
    8.00001524003));
#10499 = CARTESIAN_POINT('',(-17.33003429006,-9.144018288037,
    8.00001524003));
#10500 = ORIENTED_EDGE('',*,*,#10484,.F.);
#10501 = ORIENTED_EDGE('',*,*,#10502,.T.);
#10502 = EDGE_CURVE('',#10477,#10503,#10505,.T.);
#10503 = VERTEX_POINT('',#10504);
#10504 = CARTESIAN_POINT('',(-17.41463286093,-8.544017018034,
    6.00001016002));
#10505 = ( BOUNDED_CURVE() B_SPLINE_CURVE(2,(#10506,#10507,#10508),
.UNSPECIFIED.,.F.,.F.) B_SPLINE_CURVE_WITH_KNOTS((3,3),(0.,
0.280147910408),.PIECEWISE_BEZIER_KNOTS.) CURVE() 
GEOMETRIC_REPRESENTATION_ITEM() RATIONAL_B_SPLINE_CURVE((1.,
0.990205673565,1.)) REPRESENTATION_ITEM('') );
#10506 = CARTESIAN_POINT('',(-17.33003429006,-9.144018288037,
    6.00001016002));
#10507 = CARTESIAN_POINT('',(-17.33003429006,-8.838053567166,
    6.00001016002));
#10508 = CARTESIAN_POINT('',(-17.41463286093,-8.544017018034,
    6.00001016002));
#10509 = ORIENTED_EDGE('',*,*,#10510,.F.);
#10510 = EDGE_CURVE('',#7899,#10503,#10511,.T.);
#10511 = B_SPLINE_CURVE_WITH_KNOTS('',1,(#10512,#10513),.UNSPECIFIED.,
  .F.,.F.,(2,2),(59.0551,236.2204),.PIECEWISE_BEZIER_KNOTS.);
#10512 = CARTESIAN_POINT('',(-17.41463286093,-8.544017018034,
    1.500002540005));
#10513 = CARTESIAN_POINT('',(-17.41463286093,-8.544017018034,
    6.00001016002));
#10514 = ORIENTED_EDGE('',*,*,#7905,.T.);
#10515 = ORIENTED_EDGE('',*,*,#10516,.T.);
#10516 = EDGE_CURVE('',#7906,#10517,#10519,.T.);
#10517 = VERTEX_POINT('',#10518);
#10518 = CARTESIAN_POINT('',(-18.90003683007,-7.058613048894,
    6.00001016002));
#10519 = B_SPLINE_CURVE_WITH_KNOTS('',1,(#10520,#10521),.UNSPECIFIED.,
  .F.,.F.,(2,2),(59.0551,236.2204),.PIECEWISE_BEZIER_KNOTS.);
#10520 = CARTESIAN_POINT('',(-18.90003683007,-7.058613048894,
    1.500002540005));
#10521 = CARTESIAN_POINT('',(-18.90003683007,-7.058613048894,
    6.00001016002));
#10522 = ORIENTED_EDGE('',*,*,#10523,.T.);
#10523 = EDGE_CURVE('',#10517,#10524,#10526,.T.);
#10524 = VERTEX_POINT('',#10525);
#10525 = CARTESIAN_POINT('',(-20.10003937007,-7.058613048894,
    6.00001016002));
#10526 = ( BOUNDED_CURVE() B_SPLINE_CURVE(2,(#10527,#10528,#10529),
.UNSPECIFIED.,.F.,.F.) B_SPLINE_CURVE_WITH_KNOTS((3,3),(1.290648416387,
1.850944237203),.PIECEWISE_BEZIER_KNOTS.) CURVE() 
GEOMETRIC_REPRESENTATION_ITEM() RATIONAL_B_SPLINE_CURVE((1.,
0.961014551922,1.)) REPRESENTATION_ITEM('') );
#10527 = CARTESIAN_POINT('',(-18.90003683007,-7.058613048894,
    6.00001016002));
#10528 = CARTESIAN_POINT('',(-19.50003810007,-6.885983999514,
    6.00001016002));
#10529 = CARTESIAN_POINT('',(-20.10003937007,-7.058613048894,
    6.00001016002));
#10530 = ORIENTED_EDGE('',*,*,#10531,.F.);
#10531 = EDGE_CURVE('',#7928,#10524,#10532,.T.);
#10532 = B_SPLINE_CURVE_WITH_KNOTS('',1,(#10533,#10534),.UNSPECIFIED.,
  .F.,.F.,(2,2),(59.0551,236.2204),.PIECEWISE_BEZIER_KNOTS.);
#10533 = CARTESIAN_POINT('',(-20.10003937007,-7.058613048894,
    1.500002540005));
#10534 = CARTESIAN_POINT('',(-20.10003937007,-7.058613048894,
    6.00001016002));
#10535 = ORIENTED_EDGE('',*,*,#7934,.T.);
#10536 = ORIENTED_EDGE('',*,*,#10537,.T.);
#10537 = EDGE_CURVE('',#7935,#10538,#10540,.T.);
#10538 = VERTEX_POINT('',#10539);
#10539 = CARTESIAN_POINT('',(-21.58544333921,-8.544017018034,
    6.00001016002));
#10540 = B_SPLINE_CURVE_WITH_KNOTS('',1,(#10541,#10542),.UNSPECIFIED.,
  .F.,.F.,(2,2),(59.0551,236.2204),.PIECEWISE_BEZIER_KNOTS.);
#10541 = CARTESIAN_POINT('',(-21.58544333921,-8.544017018034,
    1.500002540005));
#10542 = CARTESIAN_POINT('',(-21.58544333921,-8.544017018034,
    6.00001016002));
#10543 = ORIENTED_EDGE('',*,*,#10544,.T.);
#10544 = EDGE_CURVE('',#10538,#10545,#10547,.T.);
#10545 = VERTEX_POINT('',#10546);
#10546 = CARTESIAN_POINT('',(-21.58544333921,-9.744019558039,
    6.00001016002));
#10547 = ( BOUNDED_CURVE() B_SPLINE_CURVE(2,(#10548,#10549,#10550),
.UNSPECIFIED.,.F.,.F.) B_SPLINE_CURVE_WITH_KNOTS((3,3),(2.861444743182,
3.421740563997),.PIECEWISE_BEZIER_KNOTS.) CURVE() 
GEOMETRIC_REPRESENTATION_ITEM() RATIONAL_B_SPLINE_CURVE((1.,
0.961014551922,1.)) REPRESENTATION_ITEM('') );
#10548 = CARTESIAN_POINT('',(-21.58544333921,-8.544017018034,
    6.00001016002));
#10549 = CARTESIAN_POINT('',(-21.75807238859,-9.144018288037,
    6.00001016002));
#10550 = CARTESIAN_POINT('',(-21.58544333921,-9.744019558039,
    6.00001016002));
#10551 = ORIENTED_EDGE('',*,*,#10552,.F.);
#10552 = EDGE_CURVE('',#7957,#10545,#10553,.T.);
#10553 = B_SPLINE_CURVE_WITH_KNOTS('',1,(#10554,#10555),.UNSPECIFIED.,
  .F.,.F.,(2,2),(59.0551,236.2204),.PIECEWISE_BEZIER_KNOTS.);
#10554 = CARTESIAN_POINT('',(-21.58544333921,-9.744019558039,
    1.500002540005));
#10555 = CARTESIAN_POINT('',(-21.58544333921,-9.744019558039,
    6.00001016002));
#10556 = ORIENTED_EDGE('',*,*,#7963,.T.);
#10557 = ORIENTED_EDGE('',*,*,#10558,.T.);
#10558 = EDGE_CURVE('',#7964,#10559,#10561,.T.);
#10559 = VERTEX_POINT('',#10560);
#10560 = CARTESIAN_POINT('',(-20.10003937007,-11.22942352717,
    6.00001016002));
#10561 = B_SPLINE_CURVE_WITH_KNOTS('',1,(#10562,#10563),.UNSPECIFIED.,
  .F.,.F.,(2,2),(59.0551,236.2204),.PIECEWISE_BEZIER_KNOTS.);
#10562 = CARTESIAN_POINT('',(-20.10003937007,-11.22942352717,
    1.500002540005));
#10563 = CARTESIAN_POINT('',(-20.10003937007,-11.22942352717,
    6.00001016002));
#10564 = ORIENTED_EDGE('',*,*,#10565,.T.);
#10565 = EDGE_CURVE('',#10559,#10433,#10566,.T.);
#10566 = ( BOUNDED_CURVE() B_SPLINE_CURVE(2,(#10567,#10568,#10569),
.UNSPECIFIED.,.F.,.F.) B_SPLINE_CURVE_WITH_KNOTS((3,3),(4.432241069977,
4.992536890792),.PIECEWISE_BEZIER_KNOTS.) CURVE() 
GEOMETRIC_REPRESENTATION_ITEM() RATIONAL_B_SPLINE_CURVE((1.,
0.961014551922,1.)) REPRESENTATION_ITEM('') );
#10567 = CARTESIAN_POINT('',(-20.10003937007,-11.22942352717,
    6.00001016002));
#10568 = CARTESIAN_POINT('',(-19.50003810007,-11.40205257655,
    6.00001016002));
#10569 = CARTESIAN_POINT('',(-18.90003683007,-11.22942352717,
    6.00001016002));
#10570 = ORIENTED_EDGE('',*,*,#10432,.F.);
#10571 = ORIENTED_EDGE('',*,*,#7876,.T.);
#10572 = ORIENTED_EDGE('',*,*,#10573,.T.);
#10573 = EDGE_CURVE('',#7877,#10475,#10574,.T.);
#10574 = B_SPLINE_CURVE_WITH_KNOTS('',1,(#10575,#10576),.UNSPECIFIED.,
  .F.,.F.,(2,2),(59.0551,236.2204),.PIECEWISE_BEZIER_KNOTS.);
#10575 = CARTESIAN_POINT('',(-17.41463286093,-9.744019558039,
    1.500002540005));
#10576 = CARTESIAN_POINT('',(-17.41463286093,-9.744019558039,
    6.00001016002));
#10577 = ( BOUNDED_SURFACE() B_SPLINE_SURFACE(2,1,(
    (#10578,#10579)
    ,(#10580,#10581)
    ,(#10582,#10583)
    ,(#10584,#10585)
    ,(#10586,#10587)
    ,(#10588,#10589)
    ,(#10590,#10591
)),.UNSPECIFIED.,.T.,.F.,.F.) B_SPLINE_SURFACE_WITH_KNOTS((1,2,2,2,2,1),
  (2,2),(-2.094395102394,0.,2.094395102393,4.188790204786,6.28318530718,
    8.377580409573),(59.0551,314.9606),.UNSPECIFIED.) 
GEOMETRIC_REPRESENTATION_ITEM() RATIONAL_B_SPLINE_SURFACE((
    (1.,1.)
    ,(0.5,0.5)
    ,(1.,1.)
    ,(0.5,0.5)
    ,(1.,1.)
    ,(0.5,0.5)
,(1.,1.))) REPRESENTATION_ITEM('') SURFACE() );
#10578 = CARTESIAN_POINT('',(-17.33003429006,-9.144018288037,
    1.500002540005));
#10579 = CARTESIAN_POINT('',(-17.33003429006,-9.144018288037,
    8.00001524003));
#10580 = CARTESIAN_POINT('',(-17.33003429006,-5.385461436485,
    1.500002540005));
#10581 = CARTESIAN_POINT('',(-17.33003429006,-5.385461436485,
    8.00001524003));
#10582 = CARTESIAN_POINT('',(-20.58504000508,-7.264739862261,
    1.500002540005));
#10583 = CARTESIAN_POINT('',(-20.58504000508,-7.264739862261,
    8.00001524003));
#10584 = CARTESIAN_POINT('',(-23.84004572009,-9.144018288037,
    1.500002540005));
#10585 = CARTESIAN_POINT('',(-23.84004572009,-9.144018288037,
    8.00001524003));
#10586 = CARTESIAN_POINT('',(-20.58504000508,-11.02329671381,
    1.500002540005));
#10587 = CARTESIAN_POINT('',(-20.58504000508,-11.02329671381,
    8.00001524003));
#10588 = CARTESIAN_POINT('',(-17.33003429006,-12.90257513958,
    1.500002540005));
#10589 = CARTESIAN_POINT('',(-17.33003429006,-12.90257513958,
    8.00001524003));
#10590 = CARTESIAN_POINT('',(-17.33003429006,-9.144018288037,
    1.500002540005));
#10591 = CARTESIAN_POINT('',(-17.33003429006,-9.144018288037,
    8.00001524003));
#10592 = ADVANCED_FACE('',(#10593),#10609,.F.);
#10593 = FACE_BOUND('',#10594,.F.);
#10594 = EDGE_LOOP('',(#10595,#10602,#10603,#10604));
#10595 = ORIENTED_EDGE('',*,*,#10596,.T.);
#10596 = EDGE_CURVE('',#10597,#7885,#10599,.T.);
#10597 = VERTEX_POINT('',#10598);
#10598 = CARTESIAN_POINT('',(-14.33002921005,-9.744019558039,
    6.00001016002));
#10599 = B_SPLINE_CURVE_WITH_KNOTS('',1,(#10600,#10601),.UNSPECIFIED.,
  .F.,.F.,(2,2),(0.,193.87512119952),.PIECEWISE_BEZIER_KNOTS.);
#10600 = CARTESIAN_POINT('',(-14.33002921005,-9.744019558039,
    6.00001016002));
#10601 = CARTESIAN_POINT('',(-12.33002413004,-9.744019558039,
    1.500002540005));
#10602 = ORIENTED_EDGE('',*,*,#7884,.F.);
#10603 = ORIENTED_EDGE('',*,*,#10573,.T.);
#10604 = ORIENTED_EDGE('',*,*,#10605,.T.);
#10605 = EDGE_CURVE('',#10475,#10597,#10606,.T.);
#10606 = B_SPLINE_CURVE_WITH_KNOTS('',1,(#10607,#10608),.UNSPECIFIED.,
  .F.,.F.,(2,2),(46.669354265041,168.1102),.PIECEWISE_BEZIER_KNOTS.);
#10607 = CARTESIAN_POINT('',(-17.41463286093,-9.744019558039,
    6.00001016002));
#10608 = CARTESIAN_POINT('',(-14.33002921005,-9.744019558039,
    6.00001016002));
#10609 = B_SPLINE_SURFACE_WITH_KNOTS('',1,1,(
    (#10610,#10611)
    ,(#10612,#10613
    )),.UNSPECIFIED.,.F.,.F.,.F.,(2,2),(2,2),(-136.9069320975,
    63.274113637366),(-49.31446136773,127.85083863226),
  .PIECEWISE_BEZIER_KNOTS.);
#10610 = CARTESIAN_POINT('',(-12.33002413004,-9.744019558039,
    1.500002540005));
#10611 = CARTESIAN_POINT('',(-12.33002413004,-9.744019558039,
    6.00001016002));
#10612 = CARTESIAN_POINT('',(-17.41463286093,-9.744019558039,
    1.500002540005));
#10613 = CARTESIAN_POINT('',(-17.41463286093,-9.744019558039,
    6.00001016002));
#10614 = ADVANCED_FACE('',(#10615),#10631,.T.);
#10615 = FACE_BOUND('',#10616,.T.);
#10616 = EDGE_LOOP('',(#10617,#10624,#10625,#10626));
#10617 = ORIENTED_EDGE('',*,*,#10618,.T.);
#10618 = EDGE_CURVE('',#10619,#10597,#10621,.T.);
#10619 = VERTEX_POINT('',#10620);
#10620 = CARTESIAN_POINT('',(-14.33002921005,-8.544017018034,
    6.00001016002));
#10621 = B_SPLINE_CURVE_WITH_KNOTS('',1,(#10622,#10623),.UNSPECIFIED.,
  .F.,.F.,(2,2),(0.,47.2441),.PIECEWISE_BEZIER_KNOTS.);
#10622 = CARTESIAN_POINT('',(-14.33002921005,-8.544017018034,
    6.00001016002));
#10623 = CARTESIAN_POINT('',(-14.33002921005,-9.744019558039,
    6.00001016002));
#10624 = ORIENTED_EDGE('',*,*,#10596,.T.);
#10625 = ORIENTED_EDGE('',*,*,#7891,.F.);
#10626 = ORIENTED_EDGE('',*,*,#10627,.F.);
#10627 = EDGE_CURVE('',#10619,#7892,#10628,.T.);
#10628 = B_SPLINE_CURVE_WITH_KNOTS('',1,(#10629,#10630),.UNSPECIFIED.,
  .F.,.F.,(2,2),(0.,193.87512119952),.PIECEWISE_BEZIER_KNOTS.);
#10629 = CARTESIAN_POINT('',(-14.33002921005,-8.544017018034,
    6.00001016002));
#10630 = CARTESIAN_POINT('',(-12.33002413004,-8.544017018034,
    1.500002540005));
#10631 = B_SPLINE_SURFACE_WITH_KNOTS('',1,1,(
    (#10632,#10633)
    ,(#10634,#10635
    )),.UNSPECIFIED.,.F.,.F.,.F.,(2,2),(2,2),(0.,193.87512119952),(
    -47.2441,0.),.PIECEWISE_BEZIER_KNOTS.);
#10632 = CARTESIAN_POINT('',(-14.33002921005,-9.744019558039,
    6.00001016002));
#10633 = CARTESIAN_POINT('',(-14.33002921005,-8.544017018034,
    6.00001016002));
#10634 = CARTESIAN_POINT('',(-12.33002413004,-9.744019558039,
    1.500002540005));
#10635 = CARTESIAN_POINT('',(-12.33002413004,-8.544017018034,
    1.500002540005));
#10636 = ADVANCED_FACE('',(#10637),#10647,.T.);
#10637 = FACE_BOUND('',#10638,.T.);
#10638 = EDGE_LOOP('',(#10639,#10640,#10641,#10642));
#10639 = ORIENTED_EDGE('',*,*,#10627,.T.);
#10640 = ORIENTED_EDGE('',*,*,#7898,.F.);
#10641 = ORIENTED_EDGE('',*,*,#10510,.T.);
#10642 = ORIENTED_EDGE('',*,*,#10643,.T.);
#10643 = EDGE_CURVE('',#10503,#10619,#10644,.T.);
#10644 = B_SPLINE_CURVE_WITH_KNOTS('',1,(#10645,#10646),.UNSPECIFIED.,
  .F.,.F.,(2,2),(46.669354265039,168.1102),.PIECEWISE_BEZIER_KNOTS.);
#10645 = CARTESIAN_POINT('',(-17.41463286093,-8.544017018034,
    6.00001016002));
#10646 = CARTESIAN_POINT('',(-14.33002921005,-8.544017018034,
    6.00001016002));
#10647 = B_SPLINE_SURFACE_WITH_KNOTS('',1,1,(
    (#10648,#10649)
    ,(#10650,#10651
    )),.UNSPECIFIED.,.F.,.F.,.F.,(2,2),(2,2),(-136.9069320975,
    63.274113637366),(-49.31446136773,127.85083863226),
  .PIECEWISE_BEZIER_KNOTS.);
#10648 = CARTESIAN_POINT('',(-12.33002413004,-8.544017018034,
    1.500002540005));
#10649 = CARTESIAN_POINT('',(-12.33002413004,-8.544017018034,
    6.00001016002));
#10650 = CARTESIAN_POINT('',(-17.41463286093,-8.544017018034,
    1.500002540005));
#10651 = CARTESIAN_POINT('',(-17.41463286093,-8.544017018034,
    6.00001016002));
#10652 = ADVANCED_FACE('',(#10653),#10669,.F.);
#10653 = FACE_BOUND('',#10654,.F.);
#10654 = EDGE_LOOP('',(#10655,#10662,#10663,#10664));
#10655 = ORIENTED_EDGE('',*,*,#10656,.T.);
#10656 = EDGE_CURVE('',#10657,#7914,#10659,.T.);
#10657 = VERTEX_POINT('',#10658);
#10658 = CARTESIAN_POINT('',(-18.90003683007,-3.974009398019,
    6.00001016002));
#10659 = B_SPLINE_CURVE_WITH_KNOTS('',1,(#10660,#10661),.UNSPECIFIED.,
  .F.,.F.,(2,2),(0.,193.87512119952),.PIECEWISE_BEZIER_KNOTS.);
#10660 = CARTESIAN_POINT('',(-18.90003683007,-3.974009398019,
    6.00001016002));
#10661 = CARTESIAN_POINT('',(-18.90003683007,-1.974004318009,
    1.500002540005));
#10662 = ORIENTED_EDGE('',*,*,#7913,.F.);
#10663 = ORIENTED_EDGE('',*,*,#10516,.T.);
#10664 = ORIENTED_EDGE('',*,*,#10665,.T.);
#10665 = EDGE_CURVE('',#10517,#10657,#10666,.T.);
#10666 = B_SPLINE_CURVE_WITH_KNOTS('',1,(#10667,#10668),.UNSPECIFIED.,
  .F.,.F.,(2,2),(46.669354265041,168.1102),.PIECEWISE_BEZIER_KNOTS.);
#10667 = CARTESIAN_POINT('',(-18.90003683007,-7.058613048894,
    6.00001016002));
#10668 = CARTESIAN_POINT('',(-18.90003683007,-3.974009398019,
    6.00001016002));
#10669 = B_SPLINE_SURFACE_WITH_KNOTS('',1,1,(
    (#10670,#10671)
    ,(#10672,#10673
    )),.UNSPECIFIED.,.F.,.F.,.F.,(2,2),(2,2),(-136.9069320975,
    63.274113637365),(-49.31446136773,127.85083863226),
  .PIECEWISE_BEZIER_KNOTS.);
#10670 = CARTESIAN_POINT('',(-18.90003683007,-1.974004318009,
    1.500002540005));
#10671 = CARTESIAN_POINT('',(-18.90003683007,-1.974004318009,
    6.00001016002));
#10672 = CARTESIAN_POINT('',(-18.90003683007,-7.058613048894,
    1.500002540005));
#10673 = CARTESIAN_POINT('',(-18.90003683007,-7.058613048894,
    6.00001016002));
#10674 = ADVANCED_FACE('',(#10675),#10691,.T.);
#10675 = FACE_BOUND('',#10676,.T.);
#10676 = EDGE_LOOP('',(#10677,#10684,#10685,#10686));
#10677 = ORIENTED_EDGE('',*,*,#10678,.T.);
#10678 = EDGE_CURVE('',#10679,#10657,#10681,.T.);
#10679 = VERTEX_POINT('',#10680);
#10680 = CARTESIAN_POINT('',(-20.10003937007,-3.974009398019,
    6.00001016002));
#10681 = B_SPLINE_CURVE_WITH_KNOTS('',1,(#10682,#10683),.UNSPECIFIED.,
  .F.,.F.,(2,2),(0.,47.2441),.PIECEWISE_BEZIER_KNOTS.);
#10682 = CARTESIAN_POINT('',(-20.10003937007,-3.974009398019,
    6.00001016002));
#10683 = CARTESIAN_POINT('',(-18.90003683007,-3.974009398019,
    6.00001016002));
#10684 = ORIENTED_EDGE('',*,*,#10656,.T.);
#10685 = ORIENTED_EDGE('',*,*,#7920,.F.);
#10686 = ORIENTED_EDGE('',*,*,#10687,.F.);
#10687 = EDGE_CURVE('',#10679,#7921,#10688,.T.);
#10688 = B_SPLINE_CURVE_WITH_KNOTS('',1,(#10689,#10690),.UNSPECIFIED.,
  .F.,.F.,(2,2),(0.,193.87512119952),.PIECEWISE_BEZIER_KNOTS.);
#10689 = CARTESIAN_POINT('',(-20.10003937007,-3.974009398019,
    6.00001016002));
#10690 = CARTESIAN_POINT('',(-20.10003937007,-1.974004318009,
    1.500002540005));
#10691 = B_SPLINE_SURFACE_WITH_KNOTS('',1,1,(
    (#10692,#10693)
    ,(#10694,#10695
    )),.UNSPECIFIED.,.F.,.F.,.F.,(2,2),(2,2),(0.,193.87512119952),(
    -47.2441,0.),.PIECEWISE_BEZIER_KNOTS.);
#10692 = CARTESIAN_POINT('',(-18.90003683007,-3.974009398019,
    6.00001016002));
#10693 = CARTESIAN_POINT('',(-20.10003937007,-3.974009398019,
    6.00001016002));
#10694 = CARTESIAN_POINT('',(-18.90003683007,-1.974004318009,
    1.500002540005));
#10695 = CARTESIAN_POINT('',(-20.10003937007,-1.974004318009,
    1.500002540005));
#10696 = ADVANCED_FACE('',(#10697),#10707,.T.);
#10697 = FACE_BOUND('',#10698,.T.);
#10698 = EDGE_LOOP('',(#10699,#10700,#10701,#10702));
#10699 = ORIENTED_EDGE('',*,*,#10687,.T.);
#10700 = ORIENTED_EDGE('',*,*,#7927,.F.);
#10701 = ORIENTED_EDGE('',*,*,#10531,.T.);
#10702 = ORIENTED_EDGE('',*,*,#10703,.T.);
#10703 = EDGE_CURVE('',#10524,#10679,#10704,.T.);
#10704 = B_SPLINE_CURVE_WITH_KNOTS('',1,(#10705,#10706),.UNSPECIFIED.,
  .F.,.F.,(2,2),(46.669354265041,168.1102),.PIECEWISE_BEZIER_KNOTS.);
#10705 = CARTESIAN_POINT('',(-20.10003937007,-7.058613048894,
    6.00001016002));
#10706 = CARTESIAN_POINT('',(-20.10003937007,-3.974009398019,
    6.00001016002));
#10707 = B_SPLINE_SURFACE_WITH_KNOTS('',1,1,(
    (#10708,#10709)
    ,(#10710,#10711
    )),.UNSPECIFIED.,.F.,.F.,.F.,(2,2),(2,2),(-136.9069320975,
    63.274113637365),(-49.31446136773,127.85083863226),
  .PIECEWISE_BEZIER_KNOTS.);
#10708 = CARTESIAN_POINT('',(-20.10003937007,-1.974004318009,
    1.500002540005));
#10709 = CARTESIAN_POINT('',(-20.10003937007,-1.974004318009,
    6.00001016002));
#10710 = CARTESIAN_POINT('',(-20.10003937007,-7.058613048894,
    1.500002540005));
#10711 = CARTESIAN_POINT('',(-20.10003937007,-7.058613048894,
    6.00001016002));
#10712 = ADVANCED_FACE('',(#10713),#10729,.F.);
#10713 = FACE_BOUND('',#10714,.F.);
#10714 = EDGE_LOOP('',(#10715,#10722,#10723,#10724));
#10715 = ORIENTED_EDGE('',*,*,#10716,.T.);
#10716 = EDGE_CURVE('',#10717,#7943,#10719,.T.);
#10717 = VERTEX_POINT('',#10718);
#10718 = CARTESIAN_POINT('',(-24.67004699009,-8.544017018034,
    6.00001016002));
#10719 = B_SPLINE_CURVE_WITH_KNOTS('',1,(#10720,#10721),.UNSPECIFIED.,
  .F.,.F.,(2,2),(0.,193.87512119952),.PIECEWISE_BEZIER_KNOTS.);
#10720 = CARTESIAN_POINT('',(-24.67004699009,-8.544017018034,
    6.00001016002));
#10721 = CARTESIAN_POINT('',(-26.6700520701,-8.544017018034,
    1.500002540005));
#10722 = ORIENTED_EDGE('',*,*,#7942,.F.);
#10723 = ORIENTED_EDGE('',*,*,#10537,.T.);
#10724 = ORIENTED_EDGE('',*,*,#10725,.T.);
#10725 = EDGE_CURVE('',#10538,#10717,#10726,.T.);
#10726 = B_SPLINE_CURVE_WITH_KNOTS('',1,(#10727,#10728),.UNSPECIFIED.,
  .F.,.F.,(2,2),(46.669354265041,168.1102),.PIECEWISE_BEZIER_KNOTS.);
#10727 = CARTESIAN_POINT('',(-21.58544333921,-8.544017018034,
    6.00001016002));
#10728 = CARTESIAN_POINT('',(-24.67004699009,-8.544017018034,
    6.00001016002));
#10729 = B_SPLINE_SURFACE_WITH_KNOTS('',1,1,(
    (#10730,#10731)
    ,(#10732,#10733
    )),.UNSPECIFIED.,.F.,.F.,.F.,(2,2),(2,2),(-136.9069320975,
    63.274113637365),(-49.31446136773,127.85083863226),
  .PIECEWISE_BEZIER_KNOTS.);
#10730 = CARTESIAN_POINT('',(-26.6700520701,-8.544017018034,
    1.500002540005));
#10731 = CARTESIAN_POINT('',(-26.6700520701,-8.544017018034,
    6.00001016002));
#10732 = CARTESIAN_POINT('',(-21.58544333921,-8.544017018034,
    1.500002540005));
#10733 = CARTESIAN_POINT('',(-21.58544333921,-8.544017018034,
    6.00001016002));
#10734 = ADVANCED_FACE('',(#10735),#10751,.T.);
#10735 = FACE_BOUND('',#10736,.T.);
#10736 = EDGE_LOOP('',(#10737,#10744,#10745,#10746));
#10737 = ORIENTED_EDGE('',*,*,#10738,.T.);
#10738 = EDGE_CURVE('',#10739,#10717,#10741,.T.);
#10739 = VERTEX_POINT('',#10740);
#10740 = CARTESIAN_POINT('',(-24.67004699009,-9.744019558039,
    6.00001016002));
#10741 = B_SPLINE_CURVE_WITH_KNOTS('',1,(#10742,#10743),.UNSPECIFIED.,
  .F.,.F.,(2,2),(0.,47.2441),.PIECEWISE_BEZIER_KNOTS.);
#10742 = CARTESIAN_POINT('',(-24.67004699009,-9.744019558039,
    6.00001016002));
#10743 = CARTESIAN_POINT('',(-24.67004699009,-8.544017018034,
    6.00001016002));
#10744 = ORIENTED_EDGE('',*,*,#10716,.T.);
#10745 = ORIENTED_EDGE('',*,*,#7949,.F.);
#10746 = ORIENTED_EDGE('',*,*,#10747,.F.);
#10747 = EDGE_CURVE('',#10739,#7950,#10748,.T.);
#10748 = B_SPLINE_CURVE_WITH_KNOTS('',1,(#10749,#10750),.UNSPECIFIED.,
  .F.,.F.,(2,2),(0.,193.87512119952),.PIECEWISE_BEZIER_KNOTS.);
#10749 = CARTESIAN_POINT('',(-24.67004699009,-9.744019558039,
    6.00001016002));
#10750 = CARTESIAN_POINT('',(-26.6700520701,-9.744019558039,
    1.500002540005));
#10751 = B_SPLINE_SURFACE_WITH_KNOTS('',1,1,(
    (#10752,#10753)
    ,(#10754,#10755
    )),.UNSPECIFIED.,.F.,.F.,.F.,(2,2),(2,2),(0.,193.87512119952),(
    -47.2441,0.),.PIECEWISE_BEZIER_KNOTS.);
#10752 = CARTESIAN_POINT('',(-24.67004699009,-8.544017018034,
    6.00001016002));
#10753 = CARTESIAN_POINT('',(-24.67004699009,-9.744019558039,
    6.00001016002));
#10754 = CARTESIAN_POINT('',(-26.6700520701,-8.544017018034,
    1.500002540005));
#10755 = CARTESIAN_POINT('',(-26.6700520701,-9.744019558039,
    1.500002540005));
#10756 = ADVANCED_FACE('',(#10757),#10767,.T.);
#10757 = FACE_BOUND('',#10758,.T.);
#10758 = EDGE_LOOP('',(#10759,#10760,#10761,#10762));
#10759 = ORIENTED_EDGE('',*,*,#10747,.T.);
#10760 = ORIENTED_EDGE('',*,*,#7956,.F.);
#10761 = ORIENTED_EDGE('',*,*,#10552,.T.);
#10762 = ORIENTED_EDGE('',*,*,#10763,.T.);
#10763 = EDGE_CURVE('',#10545,#10739,#10764,.T.);
#10764 = B_SPLINE_CURVE_WITH_KNOTS('',1,(#10765,#10766),.UNSPECIFIED.,
  .F.,.F.,(2,2),(46.669354265042,168.1102),.PIECEWISE_BEZIER_KNOTS.);
#10765 = CARTESIAN_POINT('',(-21.58544333921,-9.744019558039,
    6.00001016002));
#10766 = CARTESIAN_POINT('',(-24.67004699009,-9.744019558039,
    6.00001016002));
#10767 = B_SPLINE_SURFACE_WITH_KNOTS('',1,1,(
    (#10768,#10769)
    ,(#10770,#10771
    )),.UNSPECIFIED.,.F.,.F.,.F.,(2,2),(2,2),(-136.9069320975,
    63.274113637365),(-49.31446136773,127.85083863226),
  .PIECEWISE_BEZIER_KNOTS.);
#10768 = CARTESIAN_POINT('',(-26.6700520701,-9.744019558039,
    1.500002540005));
#10769 = CARTESIAN_POINT('',(-26.6700520701,-9.744019558039,
    6.00001016002));
#10770 = CARTESIAN_POINT('',(-21.58544333921,-9.744019558039,
    1.500002540005));
#10771 = CARTESIAN_POINT('',(-21.58544333921,-9.744019558039,
    6.00001016002));
#10772 = ADVANCED_FACE('',(#10773),#10804,.F.);
#10773 = FACE_BOUND('',#10774,.F.);
#10774 = EDGE_LOOP('',(#10775,#10776,#10777,#10778,#10785,#10792,#10799)
  );
#10775 = ORIENTED_EDGE('',*,*,#10306,.F.);
#10776 = ORIENTED_EDGE('',*,*,#7971,.F.);
#10777 = ORIENTED_EDGE('',*,*,#10558,.T.);
#10778 = ORIENTED_EDGE('',*,*,#10779,.T.);
#10779 = EDGE_CURVE('',#10559,#10780,#10782,.T.);
#10780 = VERTEX_POINT('',#10781);
#10781 = CARTESIAN_POINT('',(-20.10003937007,-14.31402717805,
    6.00001016002));
#10782 = B_SPLINE_CURVE_WITH_KNOTS('',1,(#10783,#10784),.UNSPECIFIED.,
  .F.,.F.,(2,2),(46.669354265041,168.1102),.PIECEWISE_BEZIER_KNOTS.);
#10783 = CARTESIAN_POINT('',(-20.10003937007,-11.22942352717,
    6.00001016002));
#10784 = CARTESIAN_POINT('',(-20.10003937007,-14.31402717805,
    6.00001016002));
#10785 = ORIENTED_EDGE('',*,*,#10786,.T.);
#10786 = EDGE_CURVE('',#10780,#10787,#10789,.T.);
#10787 = VERTEX_POINT('',#10788);
#10788 = CARTESIAN_POINT('',(-20.10003937007,-15.79927990856,
    2.658194345788));
#10789 = B_SPLINE_CURVE_WITH_KNOTS('',1,(#10790,#10791),.UNSPECIFIED.,
  .F.,.F.,(2,2),(0.,143.97641086852),.PIECEWISE_BEZIER_KNOTS.);
#10790 = CARTESIAN_POINT('',(-20.10003937007,-14.31402717805,
    6.00001016002));
#10791 = CARTESIAN_POINT('',(-20.10003937007,-15.79927990856,
    2.658194345788));
#10792 = ORIENTED_EDGE('',*,*,#10793,.F.);
#10793 = EDGE_CURVE('',#10794,#10787,#10796,.T.);
#10794 = VERTEX_POINT('',#10795);
#10795 = CARTESIAN_POINT('',(-20.10003937007,-17.28453263906,
    6.00001016002));
#10796 = B_SPLINE_CURVE_WITH_KNOTS('',1,(#10797,#10798),.UNSPECIFIED.,
  .F.,.F.,(2,2),(0.,143.97641086852),.PIECEWISE_BEZIER_KNOTS.);
#10797 = CARTESIAN_POINT('',(-20.10003937007,-17.28453263906,
    6.00001016002));
#10798 = CARTESIAN_POINT('',(-20.10003937007,-15.79927990856,
    2.658194345788));
#10799 = ORIENTED_EDGE('',*,*,#10800,.F.);
#10800 = EDGE_CURVE('',#10299,#10794,#10801,.T.);
#10801 = B_SPLINE_CURVE_WITH_KNOTS('',1,(#10802,#10803),.UNSPECIFIED.,
  .F.,.F.,(2,2),(46.669354265039,168.1102),.PIECEWISE_BEZIER_KNOTS.);
#10802 = CARTESIAN_POINT('',(-20.10003937007,-20.36913628994,
    6.00001016002));
#10803 = CARTESIAN_POINT('',(-20.10003937007,-17.28453263906,
    6.00001016002));
#10804 = B_SPLINE_SURFACE_WITH_KNOTS('',1,1,(
    (#10805,#10806)
    ,(#10807,#10808
    )),.UNSPECIFIED.,.F.,.F.,.F.,(2,2),(2,2),(-296.5563778325,
    63.274113637365),(-49.31446136773,127.85083863226),
  .PIECEWISE_BEZIER_KNOTS.);
#10805 = CARTESIAN_POINT('',(-20.10003937007,-20.36913628994,
    1.500002540005));
#10806 = CARTESIAN_POINT('',(-20.10003937007,-20.36913628994,
    6.00001016002));
#10807 = CARTESIAN_POINT('',(-20.10003937007,-11.22942352717,
    1.500002540005));
#10808 = CARTESIAN_POINT('',(-20.10003937007,-11.22942352717,
    6.00001016002));
#10809 = ADVANCED_FACE('',(#10810),#10826,.F.);
#10810 = FACE_BOUND('',#10811,.F.);
#10811 = EDGE_LOOP('',(#10812,#10819,#10820,#10821));
#10812 = ORIENTED_EDGE('',*,*,#10813,.T.);
#10813 = EDGE_CURVE('',#10814,#7987,#10816,.T.);
#10814 = VERTEX_POINT('',#10815);
#10815 = CARTESIAN_POINT('',(-24.67004699009,-21.85454025908,
    6.00001016002));
#10816 = B_SPLINE_CURVE_WITH_KNOTS('',1,(#10817,#10818),.UNSPECIFIED.,
  .F.,.F.,(2,2),(0.,193.87512119952),.PIECEWISE_BEZIER_KNOTS.);
#10817 = CARTESIAN_POINT('',(-24.67004699009,-21.85454025908,
    6.00001016002));
#10818 = CARTESIAN_POINT('',(-26.6700520701,-21.85454025908,
    1.500002540005));
#10819 = ORIENTED_EDGE('',*,*,#7986,.F.);
#10820 = ORIENTED_EDGE('',*,*,#10312,.T.);
#10821 = ORIENTED_EDGE('',*,*,#10822,.T.);
#10822 = EDGE_CURVE('',#10313,#10814,#10823,.T.);
#10823 = B_SPLINE_CURVE_WITH_KNOTS('',1,(#10824,#10825),.UNSPECIFIED.,
  .F.,.F.,(2,2),(46.669354265039,168.1102),.PIECEWISE_BEZIER_KNOTS.);
#10824 = CARTESIAN_POINT('',(-21.58544333921,-21.85454025908,
    6.00001016002));
#10825 = CARTESIAN_POINT('',(-24.67004699009,-21.85454025908,
    6.00001016002));
#10826 = B_SPLINE_SURFACE_WITH_KNOTS('',1,1,(
    (#10827,#10828)
    ,(#10829,#10830
    )),.UNSPECIFIED.,.F.,.F.,.F.,(2,2),(2,2),(-136.9069320975,
    63.274113637365),(-49.31446136773,127.85083863226),
  .PIECEWISE_BEZIER_KNOTS.);
#10827 = CARTESIAN_POINT('',(-26.6700520701,-21.85454025908,
    1.500002540005));
#10828 = CARTESIAN_POINT('',(-26.6700520701,-21.85454025908,
    6.00001016002));
#10829 = CARTESIAN_POINT('',(-21.58544333921,-21.85454025908,
    1.500002540005));
#10830 = CARTESIAN_POINT('',(-21.58544333921,-21.85454025908,
    6.00001016002));
#10831 = ADVANCED_FACE('',(#10832),#10848,.T.);
#10832 = FACE_BOUND('',#10833,.T.);
#10833 = EDGE_LOOP('',(#10834,#10841,#10842,#10843));
#10834 = ORIENTED_EDGE('',*,*,#10835,.T.);
#10835 = EDGE_CURVE('',#10836,#10814,#10838,.T.);
#10836 = VERTEX_POINT('',#10837);
#10837 = CARTESIAN_POINT('',(-24.67004699009,-23.05454279908,
    6.00001016002));
#10838 = B_SPLINE_CURVE_WITH_KNOTS('',1,(#10839,#10840),.UNSPECIFIED.,
  .F.,.F.,(2,2),(0.,47.2441),.PIECEWISE_BEZIER_KNOTS.);
#10839 = CARTESIAN_POINT('',(-24.67004699009,-23.05454279908,
    6.00001016002));
#10840 = CARTESIAN_POINT('',(-24.67004699009,-21.85454025908,
    6.00001016002));
#10841 = ORIENTED_EDGE('',*,*,#10813,.T.);
#10842 = ORIENTED_EDGE('',*,*,#7993,.F.);
#10843 = ORIENTED_EDGE('',*,*,#10844,.F.);
#10844 = EDGE_CURVE('',#10836,#7994,#10845,.T.);
#10845 = B_SPLINE_CURVE_WITH_KNOTS('',1,(#10846,#10847),.UNSPECIFIED.,
  .F.,.F.,(2,2),(0.,193.87512119952),.PIECEWISE_BEZIER_KNOTS.);
#10846 = CARTESIAN_POINT('',(-24.67004699009,-23.05454279908,
    6.00001016002));
#10847 = CARTESIAN_POINT('',(-26.6700520701,-23.05454279908,
    1.500002540005));
#10848 = B_SPLINE_SURFACE_WITH_KNOTS('',1,1,(
    (#10849,#10850)
    ,(#10851,#10852
    )),.UNSPECIFIED.,.F.,.F.,.F.,(2,2),(2,2),(0.,193.87512119952),(
    -47.2441,0.),.PIECEWISE_BEZIER_KNOTS.);
#10849 = CARTESIAN_POINT('',(-24.67004699009,-21.85454025908,
    6.00001016002));
#10850 = CARTESIAN_POINT('',(-24.67004699009,-23.05454279908,
    6.00001016002));
#10851 = CARTESIAN_POINT('',(-26.6700520701,-21.85454025908,
    1.500002540005));
#10852 = CARTESIAN_POINT('',(-26.6700520701,-23.05454279908,
    1.500002540005));
#10853 = ADVANCED_FACE('',(#10854),#10864,.T.);
#10854 = FACE_BOUND('',#10855,.T.);
#10855 = EDGE_LOOP('',(#10856,#10857,#10858,#10859));
#10856 = ORIENTED_EDGE('',*,*,#10844,.T.);
#10857 = ORIENTED_EDGE('',*,*,#8000,.F.);
#10858 = ORIENTED_EDGE('',*,*,#10327,.T.);
#10859 = ORIENTED_EDGE('',*,*,#10860,.T.);
#10860 = EDGE_CURVE('',#10320,#10836,#10861,.T.);
#10861 = B_SPLINE_CURVE_WITH_KNOTS('',1,(#10862,#10863),.UNSPECIFIED.,
  .F.,.F.,(2,2),(46.669354265042,168.1102),.PIECEWISE_BEZIER_KNOTS.);
#10862 = CARTESIAN_POINT('',(-21.58544333921,-23.05454279908,
    6.00001016002));
#10863 = CARTESIAN_POINT('',(-24.67004699009,-23.05454279908,
    6.00001016002));
#10864 = B_SPLINE_SURFACE_WITH_KNOTS('',1,1,(
    (#10865,#10866)
    ,(#10867,#10868
    )),.UNSPECIFIED.,.F.,.F.,.F.,(2,2),(2,2),(-136.9069320975,
    63.274113637365),(-49.31446136773,127.85083863226),
  .PIECEWISE_BEZIER_KNOTS.);
#10865 = CARTESIAN_POINT('',(-26.6700520701,-23.05454279908,
    1.500002540005));
#10866 = CARTESIAN_POINT('',(-26.6700520701,-23.05454279908,
    6.00001016002));
#10867 = CARTESIAN_POINT('',(-21.58544333921,-23.05454279908,
    1.500002540005));
#10868 = CARTESIAN_POINT('',(-21.58544333921,-23.05454279908,
    6.00001016002));
#10869 = ADVANCED_FACE('',(#10870),#10887,.F.);
#10870 = FACE_BOUND('',#10871,.F.);
#10871 = EDGE_LOOP('',(#10872,#10873,#10874,#10875,#10882));
#10872 = ORIENTED_EDGE('',*,*,#9037,.F.);
#10873 = ORIENTED_EDGE('',*,*,#8015,.F.);
#10874 = ORIENTED_EDGE('',*,*,#10333,.T.);
#10875 = ORIENTED_EDGE('',*,*,#10876,.T.);
#10876 = EDGE_CURVE('',#10334,#10877,#10879,.T.);
#10877 = VERTEX_POINT('',#10878);
#10878 = CARTESIAN_POINT('',(-20.10003937007,-27.6245504191,
    6.00001016002));
#10879 = B_SPLINE_CURVE_WITH_KNOTS('',1,(#10880,#10881),.UNSPECIFIED.,
  .F.,.F.,(2,2),(46.669354265039,168.1102),.PIECEWISE_BEZIER_KNOTS.);
#10880 = CARTESIAN_POINT('',(-20.10003937007,-24.53994676822,
    6.00001016002));
#10881 = CARTESIAN_POINT('',(-20.10003937007,-27.6245504191,
    6.00001016002));
#10882 = ORIENTED_EDGE('',*,*,#10883,.T.);
#10883 = EDGE_CURVE('',#10877,#9038,#10884,.T.);
#10884 = B_SPLINE_CURVE_WITH_KNOTS('',1,(#10885,#10886),.UNSPECIFIED.,
  .F.,.F.,(2,2),(0.,179.48028703516),.PIECEWISE_BEZIER_KNOTS.);
#10885 = CARTESIAN_POINT('',(-20.10003937007,-27.6245504191,
    6.00001016002));
#10886 = CARTESIAN_POINT('',(-20.10003937007,-29.47605918211,
    1.834118970353));
#10887 = B_SPLINE_SURFACE_WITH_KNOTS('',1,1,(
    (#10888,#10889)
    ,(#10890,#10891
    )),.UNSPECIFIED.,.F.,.F.,.F.,(2,2),(2,2),(-131.0606320975,
    63.274113637365),(-49.31446136773,127.85083863226),
  .PIECEWISE_BEZIER_KNOTS.);
#10888 = CARTESIAN_POINT('',(-20.10003937007,-29.47605918211,
    1.500002540005));
#10889 = CARTESIAN_POINT('',(-20.10003937007,-29.47605918211,
    6.00001016002));
#10890 = CARTESIAN_POINT('',(-20.10003937007,-24.53994676822,
    1.500002540005));
#10891 = CARTESIAN_POINT('',(-20.10003937007,-24.53994676822,
    6.00001016002));
#10892 = ADVANCED_FACE('',(#10893),#10916,.T.);
#10893 = FACE_BOUND('',#10894,.T.);
#10894 = EDGE_LOOP('',(#10895,#10896,#10897,#10904,#10911));
#10895 = ORIENTED_EDGE('',*,*,#9031,.F.);
#10896 = ORIENTED_EDGE('',*,*,#8029,.F.);
#10897 = ORIENTED_EDGE('',*,*,#10898,.T.);
#10898 = EDGE_CURVE('',#8030,#10899,#10901,.T.);
#10899 = VERTEX_POINT('',#10900);
#10900 = CARTESIAN_POINT('',(-84.61716916433,-24.53994676822,
    6.00001016002));
#10901 = B_SPLINE_CURVE_WITH_KNOTS('',1,(#10902,#10903),.UNSPECIFIED.,
  .F.,.F.,(2,2),(59.0551,236.2204),.PIECEWISE_BEZIER_KNOTS.);
#10902 = CARTESIAN_POINT('',(-84.61716916433,-24.53994676822,
    1.500002540005));
#10903 = CARTESIAN_POINT('',(-84.61716916433,-24.53994676822,
    6.00001016002));
#10904 = ORIENTED_EDGE('',*,*,#10905,.T.);
#10905 = EDGE_CURVE('',#10899,#10906,#10908,.T.);
#10906 = VERTEX_POINT('',#10907);
#10907 = CARTESIAN_POINT('',(-84.61716916433,-27.6245504191,
    6.00001016002));
#10908 = B_SPLINE_CURVE_WITH_KNOTS('',1,(#10909,#10910),.UNSPECIFIED.,
  .F.,.F.,(2,2),(46.669354265059,168.1102),.PIECEWISE_BEZIER_KNOTS.);
#10909 = CARTESIAN_POINT('',(-84.61716916433,-24.53994676822,
    6.00001016002));
#10910 = CARTESIAN_POINT('',(-84.61716916433,-27.6245504191,
    6.00001016002));
#10911 = ORIENTED_EDGE('',*,*,#10912,.T.);
#10912 = EDGE_CURVE('',#10906,#9025,#10913,.T.);
#10913 = B_SPLINE_CURVE_WITH_KNOTS('',1,(#10914,#10915),.UNSPECIFIED.,
  .F.,.F.,(2,2),(0.,179.48028703516),.PIECEWISE_BEZIER_KNOTS.);
#10914 = CARTESIAN_POINT('',(-84.61716916433,-27.6245504191,
    6.00001016002));
#10915 = CARTESIAN_POINT('',(-84.61716916433,-29.47605918211,
    1.834118970353));
#10916 = B_SPLINE_SURFACE_WITH_KNOTS('',1,1,(
    (#10917,#10918)
    ,(#10919,#10920
    )),.UNSPECIFIED.,.F.,.F.,.F.,(2,2),(2,2),(-131.0606320975,
    63.274113637366),(-49.31446136773,127.85083863226),
  .PIECEWISE_BEZIER_KNOTS.);
#10917 = CARTESIAN_POINT('',(-84.61716916433,-29.47605918211,
    1.500002540005));
#10918 = CARTESIAN_POINT('',(-84.61716916433,-29.47605918211,
    6.00001016002));
#10919 = CARTESIAN_POINT('',(-84.61716916433,-24.53994676822,
    1.500002540005));
#10920 = CARTESIAN_POINT('',(-84.61716916433,-24.53994676822,
    6.00001016002));
#10921 = ADVANCED_FACE('',(#10922),#11028,.T.);
#10922 = FACE_BOUND('',#10923,.T.);
#10923 = EDGE_LOOP('',(#10924,#10934,#10941,#10951,#10952,#10960,#10965,
    #10966,#10973,#10981,#10986,#10987,#10994,#11002,#11007,#11008,
    #11015,#11021,#11022,#11023));
#10924 = ORIENTED_EDGE('',*,*,#10925,.T.);
#10925 = EDGE_CURVE('',#10926,#10928,#10930,.T.);
#10926 = VERTEX_POINT('',#10927);
#10927 = CARTESIAN_POINT('',(-83.13176519519,-23.05454279908,
    6.00001016002));
#10928 = VERTEX_POINT('',#10929);
#10929 = CARTESIAN_POINT('',(-83.04716662433,-22.45454152908,
    6.00001016002));
#10930 = ( BOUNDED_CURVE() B_SPLINE_CURVE(2,(#10931,#10932,#10933),
.UNSPECIFIED.,.F.,.F.) B_SPLINE_CURVE_WITH_KNOTS((3,3),(6.003037396772,
6.28318530718),.PIECEWISE_BEZIER_KNOTS.) CURVE() 
GEOMETRIC_REPRESENTATION_ITEM() RATIONAL_B_SPLINE_CURVE((1.,
0.990205673565,1.)) REPRESENTATION_ITEM('') );
#10931 = CARTESIAN_POINT('',(-83.13176519519,-23.05454279908,
    6.00001016002));
#10932 = CARTESIAN_POINT('',(-83.04716662433,-22.76050624995,
    6.00001016002));
#10933 = CARTESIAN_POINT('',(-83.04716662433,-22.45454152908,
    6.00001016002));
#10934 = ORIENTED_EDGE('',*,*,#10935,.T.);
#10935 = EDGE_CURVE('',#10928,#10936,#10938,.T.);
#10936 = VERTEX_POINT('',#10937);
#10937 = CARTESIAN_POINT('',(-83.04716662433,-22.45454152908,
    8.00001524003));
#10938 = B_SPLINE_CURVE_WITH_KNOTS('',1,(#10939,#10940),.UNSPECIFIED.,
  .F.,.F.,(2,2),(236.2204,314.9606),.PIECEWISE_BEZIER_KNOTS.);
#10939 = CARTESIAN_POINT('',(-83.04716662433,-22.45454152908,
    6.00001016002));
#10940 = CARTESIAN_POINT('',(-83.04716662433,-22.45454152908,
    8.00001524003));
#10941 = ORIENTED_EDGE('',*,*,#10942,.F.);
#10942 = EDGE_CURVE('',#10936,#10936,#10943,.T.);
#10943 = ( BOUNDED_CURVE() B_SPLINE_CURVE(2,(#10944,#10945,#10946,#10947
    ,#10948,#10949,#10950),.UNSPECIFIED.,.T.,.F.) 
B_SPLINE_CURVE_WITH_KNOTS((1,2,2,2,2,1),(-2.094395102394,0.,
    2.094395102393,4.188790204786,6.28318530718,8.377580409573),
.UNSPECIFIED.) CURVE() GEOMETRIC_REPRESENTATION_ITEM() 
RATIONAL_B_SPLINE_CURVE((1.,0.5,1.,0.5,1.,0.5,1.)) REPRESENTATION_ITEM(
  '') );
#10944 = CARTESIAN_POINT('',(-83.04716662433,-22.45454152908,
    8.00001524003));
#10945 = CARTESIAN_POINT('',(-83.04716662433,-18.69598467753,
    8.00001524003));
#10946 = CARTESIAN_POINT('',(-86.30217233934,-20.5752631033,
    8.00001524003));
#10947 = CARTESIAN_POINT('',(-89.55717805435,-22.45454152908,
    8.00001524003));
#10948 = CARTESIAN_POINT('',(-86.30217233934,-24.33381995485,
    8.00001524003));
#10949 = CARTESIAN_POINT('',(-83.04716662433,-26.21309838063,
    8.00001524003));
#10950 = CARTESIAN_POINT('',(-83.04716662433,-22.45454152908,
    8.00001524003));
#10951 = ORIENTED_EDGE('',*,*,#10935,.F.);
#10952 = ORIENTED_EDGE('',*,*,#10953,.T.);
#10953 = EDGE_CURVE('',#10928,#10954,#10956,.T.);
#10954 = VERTEX_POINT('',#10955);
#10955 = CARTESIAN_POINT('',(-83.13176519519,-21.85454025908,
    6.00001016002));
#10956 = ( BOUNDED_CURVE() B_SPLINE_CURVE(2,(#10957,#10958,#10959),
.UNSPECIFIED.,.F.,.F.) B_SPLINE_CURVE_WITH_KNOTS((3,3),(0.,
0.280147910408),.PIECEWISE_BEZIER_KNOTS.) CURVE() 
GEOMETRIC_REPRESENTATION_ITEM() RATIONAL_B_SPLINE_CURVE((1.,
0.990205673565,1.)) REPRESENTATION_ITEM('') );
#10957 = CARTESIAN_POINT('',(-83.04716662433,-22.45454152908,
    6.00001016002));
#10958 = CARTESIAN_POINT('',(-83.04716662433,-22.14857680821,
    6.00001016002));
#10959 = CARTESIAN_POINT('',(-83.13176519519,-21.85454025908,
    6.00001016002));
#10960 = ORIENTED_EDGE('',*,*,#10961,.F.);
#10961 = EDGE_CURVE('',#8059,#10954,#10962,.T.);
#10962 = B_SPLINE_CURVE_WITH_KNOTS('',1,(#10963,#10964),.UNSPECIFIED.,
  .F.,.F.,(2,2),(59.0551,236.2204),.PIECEWISE_BEZIER_KNOTS.);
#10963 = CARTESIAN_POINT('',(-83.13176519519,-21.85454025908,
    1.500002540005));
#10964 = CARTESIAN_POINT('',(-83.13176519519,-21.85454025908,
    6.00001016002));
#10965 = ORIENTED_EDGE('',*,*,#8065,.T.);
#10966 = ORIENTED_EDGE('',*,*,#10967,.T.);
#10967 = EDGE_CURVE('',#8066,#10968,#10970,.T.);
#10968 = VERTEX_POINT('',#10969);
#10969 = CARTESIAN_POINT('',(-84.61716916433,-20.36913628994,
    6.00001016002));
#10970 = B_SPLINE_CURVE_WITH_KNOTS('',1,(#10971,#10972),.UNSPECIFIED.,
  .F.,.F.,(2,2),(59.0551,236.2204),.PIECEWISE_BEZIER_KNOTS.);
#10971 = CARTESIAN_POINT('',(-84.61716916433,-20.36913628994,
    1.500002540005));
#10972 = CARTESIAN_POINT('',(-84.61716916433,-20.36913628994,
    6.00001016002));
#10973 = ORIENTED_EDGE('',*,*,#10974,.T.);
#10974 = EDGE_CURVE('',#10968,#10975,#10977,.T.);
#10975 = VERTEX_POINT('',#10976);
#10976 = CARTESIAN_POINT('',(-85.81717170434,-20.36913628994,
    6.00001016002));
#10977 = ( BOUNDED_CURVE() B_SPLINE_CURVE(2,(#10978,#10979,#10980),
.UNSPECIFIED.,.F.,.F.) B_SPLINE_CURVE_WITH_KNOTS((3,3),(1.290648416387,
1.850944237203),.PIECEWISE_BEZIER_KNOTS.) CURVE() 
GEOMETRIC_REPRESENTATION_ITEM() RATIONAL_B_SPLINE_CURVE((1.,
0.961014551922,1.)) REPRESENTATION_ITEM('') );
#10978 = CARTESIAN_POINT('',(-84.61716916433,-20.36913628994,
    6.00001016002));
#10979 = CARTESIAN_POINT('',(-85.21717043434,-20.19650724056,
    6.00001016002));
#10980 = CARTESIAN_POINT('',(-85.81717170434,-20.36913628994,
    6.00001016002));
#10981 = ORIENTED_EDGE('',*,*,#10982,.F.);
#10982 = EDGE_CURVE('',#8176,#10975,#10983,.T.);
#10983 = B_SPLINE_CURVE_WITH_KNOTS('',1,(#10984,#10985),.UNSPECIFIED.,
  .F.,.F.,(2,2),(59.0551,236.2204),.PIECEWISE_BEZIER_KNOTS.);
#10984 = CARTESIAN_POINT('',(-85.81717170434,-20.36913628994,
    1.500002540005));
#10985 = CARTESIAN_POINT('',(-85.81717170434,-20.36913628994,
    6.00001016002));
#10986 = ORIENTED_EDGE('',*,*,#8182,.T.);
#10987 = ORIENTED_EDGE('',*,*,#10988,.T.);
#10988 = EDGE_CURVE('',#8183,#10989,#10991,.T.);
#10989 = VERTEX_POINT('',#10990);
#10990 = CARTESIAN_POINT('',(-87.30257567348,-21.85454025908,
    6.00001016002));
#10991 = B_SPLINE_CURVE_WITH_KNOTS('',1,(#10992,#10993),.UNSPECIFIED.,
  .F.,.F.,(2,2),(59.0551,236.2204),.PIECEWISE_BEZIER_KNOTS.);
#10992 = CARTESIAN_POINT('',(-87.30257567348,-21.85454025908,
    1.500002540005));
#10993 = CARTESIAN_POINT('',(-87.30257567348,-21.85454025908,
    6.00001016002));
#10994 = ORIENTED_EDGE('',*,*,#10995,.T.);
#10995 = EDGE_CURVE('',#10989,#10996,#10998,.T.);
#10996 = VERTEX_POINT('',#10997);
#10997 = CARTESIAN_POINT('',(-87.30257567348,-23.05454279908,
    6.00001016002));
#10998 = ( BOUNDED_CURVE() B_SPLINE_CURVE(2,(#10999,#11000,#11001),
.UNSPECIFIED.,.F.,.F.) B_SPLINE_CURVE_WITH_KNOTS((3,3),(2.861444743182,
3.421740563998),.PIECEWISE_BEZIER_KNOTS.) CURVE() 
GEOMETRIC_REPRESENTATION_ITEM() RATIONAL_B_SPLINE_CURVE((1.,
0.961014551922,1.)) REPRESENTATION_ITEM('') );
#10999 = CARTESIAN_POINT('',(-87.30257567348,-21.85454025908,
    6.00001016002));
#11000 = CARTESIAN_POINT('',(-87.47520472286,-22.45454152908,
    6.00001016002));
#11001 = CARTESIAN_POINT('',(-87.30257567348,-23.05454279908,
    6.00001016002));
#11002 = ORIENTED_EDGE('',*,*,#11003,.F.);
#11003 = EDGE_CURVE('',#8205,#10996,#11004,.T.);
#11004 = B_SPLINE_CURVE_WITH_KNOTS('',1,(#11005,#11006),.UNSPECIFIED.,
  .F.,.F.,(2,2),(59.0551,236.2204),.PIECEWISE_BEZIER_KNOTS.);
#11005 = CARTESIAN_POINT('',(-87.30257567348,-23.05454279908,
    1.500002540005));
#11006 = CARTESIAN_POINT('',(-87.30257567348,-23.05454279908,
    6.00001016002));
#11007 = ORIENTED_EDGE('',*,*,#8211,.T.);
#11008 = ORIENTED_EDGE('',*,*,#11009,.T.);
#11009 = EDGE_CURVE('',#8212,#11010,#11012,.T.);
#11010 = VERTEX_POINT('',#11011);
#11011 = CARTESIAN_POINT('',(-85.81717170434,-24.53994676822,
    6.00001016002));
#11012 = B_SPLINE_CURVE_WITH_KNOTS('',1,(#11013,#11014),.UNSPECIFIED.,
  .F.,.F.,(2,2),(59.0551,236.2204),.PIECEWISE_BEZIER_KNOTS.);
#11013 = CARTESIAN_POINT('',(-85.81717170434,-24.53994676822,
    1.500002540005));
#11014 = CARTESIAN_POINT('',(-85.81717170434,-24.53994676822,
    6.00001016002));
#11015 = ORIENTED_EDGE('',*,*,#11016,.T.);
#11016 = EDGE_CURVE('',#11010,#10899,#11017,.T.);
#11017 = ( BOUNDED_CURVE() B_SPLINE_CURVE(2,(#11018,#11019,#11020),
.UNSPECIFIED.,.F.,.F.) B_SPLINE_CURVE_WITH_KNOTS((3,3),(4.432241069977,
4.992536890792),.PIECEWISE_BEZIER_KNOTS.) CURVE() 
GEOMETRIC_REPRESENTATION_ITEM() RATIONAL_B_SPLINE_CURVE((1.,
0.961014551922,1.)) REPRESENTATION_ITEM('') );
#11018 = CARTESIAN_POINT('',(-85.81717170434,-24.53994676822,
    6.00001016002));
#11019 = CARTESIAN_POINT('',(-85.21717043434,-24.7125758176,
    6.00001016002));
#11020 = CARTESIAN_POINT('',(-84.61716916433,-24.53994676822,
    6.00001016002));
#11021 = ORIENTED_EDGE('',*,*,#10898,.F.);
#11022 = ORIENTED_EDGE('',*,*,#8036,.T.);
#11023 = ORIENTED_EDGE('',*,*,#11024,.T.);
#11024 = EDGE_CURVE('',#8037,#10926,#11025,.T.);
#11025 = B_SPLINE_CURVE_WITH_KNOTS('',1,(#11026,#11027),.UNSPECIFIED.,
  .F.,.F.,(2,2),(59.0551,236.2204),.PIECEWISE_BEZIER_KNOTS.);
#11026 = CARTESIAN_POINT('',(-83.13176519519,-23.05454279908,
    1.500002540005));
#11027 = CARTESIAN_POINT('',(-83.13176519519,-23.05454279908,
    6.00001016002));
#11028 = ( BOUNDED_SURFACE() B_SPLINE_SURFACE(2,1,(
    (#11029,#11030)
    ,(#11031,#11032)
    ,(#11033,#11034)
    ,(#11035,#11036)
    ,(#11037,#11038)
    ,(#11039,#11040)
    ,(#11041,#11042
)),.UNSPECIFIED.,.T.,.F.,.F.) B_SPLINE_SURFACE_WITH_KNOTS((1,2,2,2,2,1),
  (2,2),(-2.094395102394,0.,2.094395102393,4.188790204786,6.28318530718,
    8.377580409573),(59.0551,314.9606),.UNSPECIFIED.) 
GEOMETRIC_REPRESENTATION_ITEM() RATIONAL_B_SPLINE_SURFACE((
    (1.,1.)
    ,(0.5,0.5)
    ,(1.,1.)
    ,(0.5,0.5)
    ,(1.,1.)
    ,(0.5,0.5)
,(1.,1.))) REPRESENTATION_ITEM('') SURFACE() );
#11029 = CARTESIAN_POINT('',(-83.04716662433,-22.45454152908,
    1.500002540005));
#11030 = CARTESIAN_POINT('',(-83.04716662433,-22.45454152908,
    8.00001524003));
#11031 = CARTESIAN_POINT('',(-83.04716662433,-18.69598467753,
    1.500002540005));
#11032 = CARTESIAN_POINT('',(-83.04716662433,-18.69598467753,
    8.00001524003));
#11033 = CARTESIAN_POINT('',(-86.30217233934,-20.5752631033,
    1.500002540005));
#11034 = CARTESIAN_POINT('',(-86.30217233934,-20.5752631033,
    8.00001524003));
#11035 = CARTESIAN_POINT('',(-89.55717805435,-22.45454152908,
    1.500002540005));
#11036 = CARTESIAN_POINT('',(-89.55717805435,-22.45454152908,
    8.00001524003));
#11037 = CARTESIAN_POINT('',(-86.30217233934,-24.33381995485,
    1.500002540005));
#11038 = CARTESIAN_POINT('',(-86.30217233934,-24.33381995485,
    8.00001524003));
#11039 = CARTESIAN_POINT('',(-83.04716662433,-26.21309838063,
    1.500002540005));
#11040 = CARTESIAN_POINT('',(-83.04716662433,-26.21309838063,
    8.00001524003));
#11041 = CARTESIAN_POINT('',(-83.04716662433,-22.45454152908,
    1.500002540005));
#11042 = CARTESIAN_POINT('',(-83.04716662433,-22.45454152908,
    8.00001524003));
#11043 = ADVANCED_FACE('',(#11044),#11060,.F.);
#11044 = FACE_BOUND('',#11045,.F.);
#11045 = EDGE_LOOP('',(#11046,#11053,#11054,#11055));
#11046 = ORIENTED_EDGE('',*,*,#11047,.T.);
#11047 = EDGE_CURVE('',#11048,#8045,#11050,.T.);
#11048 = VERTEX_POINT('',#11049);
#11049 = CARTESIAN_POINT('',(-80.04716154432,-23.05454279908,
    6.00001016002));
#11050 = B_SPLINE_CURVE_WITH_KNOTS('',1,(#11051,#11052),.UNSPECIFIED.,
  .F.,.F.,(2,2),(0.,193.87512119952),.PIECEWISE_BEZIER_KNOTS.);
#11051 = CARTESIAN_POINT('',(-80.04716154432,-23.05454279908,
    6.00001016002));
#11052 = CARTESIAN_POINT('',(-78.04715646431,-23.05454279908,
    1.500002540005));
#11053 = ORIENTED_EDGE('',*,*,#8044,.F.);
#11054 = ORIENTED_EDGE('',*,*,#11024,.T.);
#11055 = ORIENTED_EDGE('',*,*,#11056,.T.);
#11056 = EDGE_CURVE('',#10926,#11048,#11057,.T.);
#11057 = B_SPLINE_CURVE_WITH_KNOTS('',1,(#11058,#11059),.UNSPECIFIED.,
  .F.,.F.,(2,2),(46.669354265036,168.1102),.PIECEWISE_BEZIER_KNOTS.);
#11058 = CARTESIAN_POINT('',(-83.13176519519,-23.05454279908,
    6.00001016002));
#11059 = CARTESIAN_POINT('',(-80.04716154432,-23.05454279908,
    6.00001016002));
#11060 = B_SPLINE_SURFACE_WITH_KNOTS('',1,1,(
    (#11061,#11062)
    ,(#11063,#11064
    )),.UNSPECIFIED.,.F.,.F.,.F.,(2,2),(2,2),(-136.9069320975,
    63.274113637369),(-49.31446136773,127.85083863226),
  .PIECEWISE_BEZIER_KNOTS.);
#11061 = CARTESIAN_POINT('',(-78.04715646431,-23.05454279908,
    1.500002540005));
#11062 = CARTESIAN_POINT('',(-78.04715646431,-23.05454279908,
    6.00001016002));
#11063 = CARTESIAN_POINT('',(-83.13176519519,-23.05454279908,
    1.500002540005));
#11064 = CARTESIAN_POINT('',(-83.13176519519,-23.05454279908,
    6.00001016002));
#11065 = ADVANCED_FACE('',(#11066),#11082,.T.);
#11066 = FACE_BOUND('',#11067,.T.);
#11067 = EDGE_LOOP('',(#11068,#11075,#11076,#11077));
#11068 = ORIENTED_EDGE('',*,*,#11069,.T.);
#11069 = EDGE_CURVE('',#11070,#11048,#11072,.T.);
#11070 = VERTEX_POINT('',#11071);
#11071 = CARTESIAN_POINT('',(-80.04716154432,-21.85454025908,
    6.00001016002));
#11072 = B_SPLINE_CURVE_WITH_KNOTS('',1,(#11073,#11074),.UNSPECIFIED.,
  .F.,.F.,(2,2),(0.,47.2441),.PIECEWISE_BEZIER_KNOTS.);
#11073 = CARTESIAN_POINT('',(-80.04716154432,-21.85454025908,
    6.00001016002));
#11074 = CARTESIAN_POINT('',(-80.04716154432,-23.05454279908,
    6.00001016002));
#11075 = ORIENTED_EDGE('',*,*,#11047,.T.);
#11076 = ORIENTED_EDGE('',*,*,#8051,.F.);
#11077 = ORIENTED_EDGE('',*,*,#11078,.F.);
#11078 = EDGE_CURVE('',#11070,#8052,#11079,.T.);
#11079 = B_SPLINE_CURVE_WITH_KNOTS('',1,(#11080,#11081),.UNSPECIFIED.,
  .F.,.F.,(2,2),(0.,193.87512119952),.PIECEWISE_BEZIER_KNOTS.);
#11080 = CARTESIAN_POINT('',(-80.04716154432,-21.85454025908,
    6.00001016002));
#11081 = CARTESIAN_POINT('',(-78.04715646431,-21.85454025908,
    1.500002540005));
#11082 = B_SPLINE_SURFACE_WITH_KNOTS('',1,1,(
    (#11083,#11084)
    ,(#11085,#11086
    )),.UNSPECIFIED.,.F.,.F.,.F.,(2,2),(2,2),(0.,193.87512119952),(
    -47.2441,0.),.PIECEWISE_BEZIER_KNOTS.);
#11083 = CARTESIAN_POINT('',(-80.04716154432,-23.05454279908,
    6.00001016002));
#11084 = CARTESIAN_POINT('',(-80.04716154432,-21.85454025908,
    6.00001016002));
#11085 = CARTESIAN_POINT('',(-78.04715646431,-23.05454279908,
    1.500002540005));
#11086 = CARTESIAN_POINT('',(-78.04715646431,-21.85454025908,
    1.500002540005));
#11087 = ADVANCED_FACE('',(#11088),#11098,.T.);
#11088 = FACE_BOUND('',#11089,.T.);
#11089 = EDGE_LOOP('',(#11090,#11091,#11092,#11093));
#11090 = ORIENTED_EDGE('',*,*,#11078,.T.);
#11091 = ORIENTED_EDGE('',*,*,#8058,.F.);
#11092 = ORIENTED_EDGE('',*,*,#10961,.T.);
#11093 = ORIENTED_EDGE('',*,*,#11094,.T.);
#11094 = EDGE_CURVE('',#10954,#11070,#11095,.T.);
#11095 = B_SPLINE_CURVE_WITH_KNOTS('',1,(#11096,#11097),.UNSPECIFIED.,
  .F.,.F.,(2,2),(46.669354265036,168.1102),.PIECEWISE_BEZIER_KNOTS.);
#11096 = CARTESIAN_POINT('',(-83.13176519519,-21.85454025908,
    6.00001016002));
#11097 = CARTESIAN_POINT('',(-80.04716154432,-21.85454025908,
    6.00001016002));
#11098 = B_SPLINE_SURFACE_WITH_KNOTS('',1,1,(
    (#11099,#11100)
    ,(#11101,#11102
    )),.UNSPECIFIED.,.F.,.F.,.F.,(2,2),(2,2),(-136.9069320975,
    63.274113637369),(-49.31446136773,127.85083863226),
  .PIECEWISE_BEZIER_KNOTS.);
#11099 = CARTESIAN_POINT('',(-78.04715646431,-21.85454025908,
    1.500002540005));
#11100 = CARTESIAN_POINT('',(-78.04715646431,-21.85454025908,
    6.00001016002));
#11101 = CARTESIAN_POINT('',(-83.13176519519,-21.85454025908,
    1.500002540005));
#11102 = CARTESIAN_POINT('',(-83.13176519519,-21.85454025908,
    6.00001016002));
#11103 = ADVANCED_FACE('',(#11104),#11141,.T.);
#11104 = FACE_BOUND('',#11105,.T.);
#11105 = EDGE_LOOP('',(#11106,#11107,#11114,#11121,#11128,#11135,#11140)
  );
#11106 = ORIENTED_EDGE('',*,*,#8073,.F.);
#11107 = ORIENTED_EDGE('',*,*,#11108,.T.);
#11108 = EDGE_CURVE('',#8074,#11109,#11111,.T.);
#11109 = VERTEX_POINT('',#11110);
#11110 = CARTESIAN_POINT('',(-84.61716916433,-11.22942352717,
    6.00001016002));
#11111 = B_SPLINE_CURVE_WITH_KNOTS('',1,(#11112,#11113),.UNSPECIFIED.,
  .F.,.F.,(2,2),(59.0551,236.2204),.PIECEWISE_BEZIER_KNOTS.);
#11112 = CARTESIAN_POINT('',(-84.61716916433,-11.22942352717,
    1.500002540005));
#11113 = CARTESIAN_POINT('',(-84.61716916433,-11.22942352717,
    6.00001016002));
#11114 = ORIENTED_EDGE('',*,*,#11115,.T.);
#11115 = EDGE_CURVE('',#11109,#11116,#11118,.T.);
#11116 = VERTEX_POINT('',#11117);
#11117 = CARTESIAN_POINT('',(-84.61716916433,-14.31402717805,
    6.00001016002));
#11118 = B_SPLINE_CURVE_WITH_KNOTS('',1,(#11119,#11120),.UNSPECIFIED.,
  .F.,.F.,(2,2),(46.669354265014,168.1102),.PIECEWISE_BEZIER_KNOTS.);
#11119 = CARTESIAN_POINT('',(-84.61716916433,-11.22942352717,
    6.00001016002));
#11120 = CARTESIAN_POINT('',(-84.61716916433,-14.31402717805,
    6.00001016002));
#11121 = ORIENTED_EDGE('',*,*,#11122,.T.);
#11122 = EDGE_CURVE('',#11116,#11123,#11125,.T.);
#11123 = VERTEX_POINT('',#11124);
#11124 = CARTESIAN_POINT('',(-84.61716916433,-15.79927990856,
    2.658194345788));
#11125 = B_SPLINE_CURVE_WITH_KNOTS('',1,(#11126,#11127),.UNSPECIFIED.,
  .F.,.F.,(2,2),(0.,143.97641086852),.PIECEWISE_BEZIER_KNOTS.);
#11126 = CARTESIAN_POINT('',(-84.61716916433,-14.31402717805,
    6.00001016002));
#11127 = CARTESIAN_POINT('',(-84.61716916433,-15.79927990856,
    2.658194345788));
#11128 = ORIENTED_EDGE('',*,*,#11129,.F.);
#11129 = EDGE_CURVE('',#11130,#11123,#11132,.T.);
#11130 = VERTEX_POINT('',#11131);
#11131 = CARTESIAN_POINT('',(-84.61716916433,-17.28453263906,
    6.00001016002));
#11132 = B_SPLINE_CURVE_WITH_KNOTS('',1,(#11133,#11134),.UNSPECIFIED.,
  .F.,.F.,(2,2),(0.,143.97641086852),.PIECEWISE_BEZIER_KNOTS.);
#11133 = CARTESIAN_POINT('',(-84.61716916433,-17.28453263906,
    6.00001016002));
#11134 = CARTESIAN_POINT('',(-84.61716916433,-15.79927990856,
    2.658194345788));
#11135 = ORIENTED_EDGE('',*,*,#11136,.F.);
#11136 = EDGE_CURVE('',#10968,#11130,#11137,.T.);
#11137 = B_SPLINE_CURVE_WITH_KNOTS('',1,(#11138,#11139),.UNSPECIFIED.,
  .F.,.F.,(2,2),(46.669354265036,168.1102),.PIECEWISE_BEZIER_KNOTS.);
#11138 = CARTESIAN_POINT('',(-84.61716916433,-20.36913628994,
    6.00001016002));
#11139 = CARTESIAN_POINT('',(-84.61716916433,-17.28453263906,
    6.00001016002));
#11140 = ORIENTED_EDGE('',*,*,#10967,.F.);
#11141 = B_SPLINE_SURFACE_WITH_KNOTS('',1,1,(
    (#11142,#11143)
    ,(#11144,#11145
    )),.UNSPECIFIED.,.F.,.F.,.F.,(2,2),(2,2),(-296.5563778325,
    63.274113637391),(-49.31446136773,127.85083863226),
  .PIECEWISE_BEZIER_KNOTS.);
#11142 = CARTESIAN_POINT('',(-84.61716916433,-20.36913628994,
    1.500002540005));
#11143 = CARTESIAN_POINT('',(-84.61716916433,-20.36913628994,
    6.00001016002));
#11144 = CARTESIAN_POINT('',(-84.61716916433,-11.22942352717,
    1.500002540005));
#11145 = CARTESIAN_POINT('',(-84.61716916433,-11.22942352717,
    6.00001016002));
#11146 = ADVANCED_FACE('',(#11147),#11253,.T.);
#11147 = FACE_BOUND('',#11148,.T.);
#11148 = EDGE_LOOP('',(#11149,#11159,#11166,#11176,#11177,#11185,#11190,
    #11191,#11198,#11206,#11211,#11212,#11219,#11227,#11232,#11233,
    #11240,#11246,#11247,#11248));
#11149 = ORIENTED_EDGE('',*,*,#11150,.T.);
#11150 = EDGE_CURVE('',#11151,#11153,#11155,.T.);
#11151 = VERTEX_POINT('',#11152);
#11152 = CARTESIAN_POINT('',(-83.13176519519,-9.744019558039,
    6.00001016002));
#11153 = VERTEX_POINT('',#11154);
#11154 = CARTESIAN_POINT('',(-83.04716662433,-9.144018288037,
    6.00001016002));
#11155 = ( BOUNDED_CURVE() B_SPLINE_CURVE(2,(#11156,#11157,#11158),
.UNSPECIFIED.,.F.,.F.) B_SPLINE_CURVE_WITH_KNOTS((3,3),(6.003037396772,
6.28318530718),.PIECEWISE_BEZIER_KNOTS.) CURVE() 
GEOMETRIC_REPRESENTATION_ITEM() RATIONAL_B_SPLINE_CURVE((1.,
0.990205673565,1.)) REPRESENTATION_ITEM('') );
#11156 = CARTESIAN_POINT('',(-83.13176519519,-9.744019558039,
    6.00001016002));
#11157 = CARTESIAN_POINT('',(-83.04716662433,-9.449983008908,
    6.00001016002));
#11158 = CARTESIAN_POINT('',(-83.04716662433,-9.144018288037,
    6.00001016002));
#11159 = ORIENTED_EDGE('',*,*,#11160,.T.);
#11160 = EDGE_CURVE('',#11153,#11161,#11163,.T.);
#11161 = VERTEX_POINT('',#11162);
#11162 = CARTESIAN_POINT('',(-83.04716662433,-9.144018288037,
    8.00001524003));
#11163 = B_SPLINE_CURVE_WITH_KNOTS('',1,(#11164,#11165),.UNSPECIFIED.,
  .F.,.F.,(2,2),(236.2204,314.9606),.PIECEWISE_BEZIER_KNOTS.);
#11164 = CARTESIAN_POINT('',(-83.04716662433,-9.144018288037,
    6.00001016002));
#11165 = CARTESIAN_POINT('',(-83.04716662433,-9.144018288037,
    8.00001524003));
#11166 = ORIENTED_EDGE('',*,*,#11167,.F.);
#11167 = EDGE_CURVE('',#11161,#11161,#11168,.T.);
#11168 = ( BOUNDED_CURVE() B_SPLINE_CURVE(2,(#11169,#11170,#11171,#11172
    ,#11173,#11174,#11175),.UNSPECIFIED.,.T.,.F.) 
B_SPLINE_CURVE_WITH_KNOTS((1,2,2,2,2,1),(-2.094395102394,0.,
    2.094395102393,4.188790204786,6.28318530718,8.377580409573),
.UNSPECIFIED.) CURVE() GEOMETRIC_REPRESENTATION_ITEM() 
RATIONAL_B_SPLINE_CURVE((1.,0.5,1.,0.5,1.,0.5,1.)) REPRESENTATION_ITEM(
  '') );
#11169 = CARTESIAN_POINT('',(-83.04716662433,-9.144018288037,
    8.00001524003));
#11170 = CARTESIAN_POINT('',(-83.04716662433,-5.385461436485,
    8.00001524003));
#11171 = CARTESIAN_POINT('',(-86.30217233934,-7.264739862261,
    8.00001524003));
#11172 = CARTESIAN_POINT('',(-89.55717805435,-9.144018288037,
    8.00001524003));
#11173 = CARTESIAN_POINT('',(-86.30217233934,-11.02329671381,
    8.00001524003));
#11174 = CARTESIAN_POINT('',(-83.04716662433,-12.90257513958,
    8.00001524003));
#11175 = CARTESIAN_POINT('',(-83.04716662433,-9.144018288037,
    8.00001524003));
#11176 = ORIENTED_EDGE('',*,*,#11160,.F.);
#11177 = ORIENTED_EDGE('',*,*,#11178,.T.);
#11178 = EDGE_CURVE('',#11153,#11179,#11181,.T.);
#11179 = VERTEX_POINT('',#11180);
#11180 = CARTESIAN_POINT('',(-83.13176519519,-8.544017018034,
    6.00001016002));
#11181 = ( BOUNDED_CURVE() B_SPLINE_CURVE(2,(#11182,#11183,#11184),
.UNSPECIFIED.,.F.,.F.) B_SPLINE_CURVE_WITH_KNOTS((3,3),(0.,
0.280147910408),.PIECEWISE_BEZIER_KNOTS.) CURVE() 
GEOMETRIC_REPRESENTATION_ITEM() RATIONAL_B_SPLINE_CURVE((1.,
0.990205673565,1.)) REPRESENTATION_ITEM('') );
#11182 = CARTESIAN_POINT('',(-83.04716662433,-9.144018288037,
    6.00001016002));
#11183 = CARTESIAN_POINT('',(-83.04716662433,-8.838053567166,
    6.00001016002));
#11184 = CARTESIAN_POINT('',(-83.13176519519,-8.544017018034,
    6.00001016002));
#11185 = ORIENTED_EDGE('',*,*,#11186,.F.);
#11186 = EDGE_CURVE('',#8103,#11179,#11187,.T.);
#11187 = B_SPLINE_CURVE_WITH_KNOTS('',1,(#11188,#11189),.UNSPECIFIED.,
  .F.,.F.,(2,2),(59.0551,236.2204),.PIECEWISE_BEZIER_KNOTS.);
#11188 = CARTESIAN_POINT('',(-83.13176519519,-8.544017018034,
    1.500002540005));
#11189 = CARTESIAN_POINT('',(-83.13176519519,-8.544017018034,
    6.00001016002));
#11190 = ORIENTED_EDGE('',*,*,#8109,.T.);
#11191 = ORIENTED_EDGE('',*,*,#11192,.T.);
#11192 = EDGE_CURVE('',#8110,#11193,#11195,.T.);
#11193 = VERTEX_POINT('',#11194);
#11194 = CARTESIAN_POINT('',(-84.61716916433,-7.058613048894,
    6.00001016002));
#11195 = B_SPLINE_CURVE_WITH_KNOTS('',1,(#11196,#11197),.UNSPECIFIED.,
  .F.,.F.,(2,2),(59.0551,236.2204),.PIECEWISE_BEZIER_KNOTS.);
#11196 = CARTESIAN_POINT('',(-84.61716916433,-7.058613048894,
    1.500002540005));
#11197 = CARTESIAN_POINT('',(-84.61716916433,-7.058613048894,
    6.00001016002));
#11198 = ORIENTED_EDGE('',*,*,#11199,.T.);
#11199 = EDGE_CURVE('',#11193,#11200,#11202,.T.);
#11200 = VERTEX_POINT('',#11201);
#11201 = CARTESIAN_POINT('',(-85.81717170434,-7.058613048894,
    6.00001016002));
#11202 = ( BOUNDED_CURVE() B_SPLINE_CURVE(2,(#11203,#11204,#11205),
.UNSPECIFIED.,.F.,.F.) B_SPLINE_CURVE_WITH_KNOTS((3,3),(1.290648416387,
1.850944237203),.PIECEWISE_BEZIER_KNOTS.) CURVE() 
GEOMETRIC_REPRESENTATION_ITEM() RATIONAL_B_SPLINE_CURVE((1.,
0.961014551922,1.)) REPRESENTATION_ITEM('') );
#11203 = CARTESIAN_POINT('',(-84.61716916433,-7.058613048894,
    6.00001016002));
#11204 = CARTESIAN_POINT('',(-85.21717043434,-6.885983999514,
    6.00001016002));
#11205 = CARTESIAN_POINT('',(-85.81717170434,-7.058613048894,
    6.00001016002));
#11206 = ORIENTED_EDGE('',*,*,#11207,.F.);
#11207 = EDGE_CURVE('',#8132,#11200,#11208,.T.);
#11208 = B_SPLINE_CURVE_WITH_KNOTS('',1,(#11209,#11210),.UNSPECIFIED.,
  .F.,.F.,(2,2),(59.0551,236.2204),.PIECEWISE_BEZIER_KNOTS.);
#11209 = CARTESIAN_POINT('',(-85.81717170434,-7.058613048894,
    1.500002540005));
#11210 = CARTESIAN_POINT('',(-85.81717170434,-7.058613048894,
    6.00001016002));
#11211 = ORIENTED_EDGE('',*,*,#8138,.T.);
#11212 = ORIENTED_EDGE('',*,*,#11213,.T.);
#11213 = EDGE_CURVE('',#8139,#11214,#11216,.T.);
#11214 = VERTEX_POINT('',#11215);
#11215 = CARTESIAN_POINT('',(-87.30257567348,-8.544017018034,
    6.00001016002));
#11216 = B_SPLINE_CURVE_WITH_KNOTS('',1,(#11217,#11218),.UNSPECIFIED.,
  .F.,.F.,(2,2),(59.0551,236.2204),.PIECEWISE_BEZIER_KNOTS.);
#11217 = CARTESIAN_POINT('',(-87.30257567348,-8.544017018034,
    1.500002540005));
#11218 = CARTESIAN_POINT('',(-87.30257567348,-8.544017018034,
    6.00001016002));
#11219 = ORIENTED_EDGE('',*,*,#11220,.T.);
#11220 = EDGE_CURVE('',#11214,#11221,#11223,.T.);
#11221 = VERTEX_POINT('',#11222);
#11222 = CARTESIAN_POINT('',(-87.30257567348,-9.744019558039,
    6.00001016002));
#11223 = ( BOUNDED_CURVE() B_SPLINE_CURVE(2,(#11224,#11225,#11226),
.UNSPECIFIED.,.F.,.F.) B_SPLINE_CURVE_WITH_KNOTS((3,3),(2.861444743182,
3.421740563998),.PIECEWISE_BEZIER_KNOTS.) CURVE() 
GEOMETRIC_REPRESENTATION_ITEM() RATIONAL_B_SPLINE_CURVE((1.,
0.961014551922,1.)) REPRESENTATION_ITEM('') );
#11224 = CARTESIAN_POINT('',(-87.30257567348,-8.544017018034,
    6.00001016002));
#11225 = CARTESIAN_POINT('',(-87.47520472286,-9.144018288037,
    6.00001016002));
#11226 = CARTESIAN_POINT('',(-87.30257567348,-9.744019558039,
    6.00001016002));
#11227 = ORIENTED_EDGE('',*,*,#11228,.F.);
#11228 = EDGE_CURVE('',#8161,#11221,#11229,.T.);
#11229 = B_SPLINE_CURVE_WITH_KNOTS('',1,(#11230,#11231),.UNSPECIFIED.,
  .F.,.F.,(2,2),(59.0551,236.2204),.PIECEWISE_BEZIER_KNOTS.);
#11230 = CARTESIAN_POINT('',(-87.30257567348,-9.744019558039,
    1.500002540005));
#11231 = CARTESIAN_POINT('',(-87.30257567348,-9.744019558039,
    6.00001016002));
#11232 = ORIENTED_EDGE('',*,*,#8167,.T.);
#11233 = ORIENTED_EDGE('',*,*,#11234,.T.);
#11234 = EDGE_CURVE('',#8168,#11235,#11237,.T.);
#11235 = VERTEX_POINT('',#11236);
#11236 = CARTESIAN_POINT('',(-85.81717170434,-11.22942352717,
    6.00001016002));
#11237 = B_SPLINE_CURVE_WITH_KNOTS('',1,(#11238,#11239),.UNSPECIFIED.,
  .F.,.F.,(2,2),(59.0551,236.2204),.PIECEWISE_BEZIER_KNOTS.);
#11238 = CARTESIAN_POINT('',(-85.81717170434,-11.22942352717,
    1.500002540005));
#11239 = CARTESIAN_POINT('',(-85.81717170434,-11.22942352717,
    6.00001016002));
#11240 = ORIENTED_EDGE('',*,*,#11241,.T.);
#11241 = EDGE_CURVE('',#11235,#11109,#11242,.T.);
#11242 = ( BOUNDED_CURVE() B_SPLINE_CURVE(2,(#11243,#11244,#11245),
.UNSPECIFIED.,.F.,.F.) B_SPLINE_CURVE_WITH_KNOTS((3,3),(4.432241069977,
4.992536890792),.PIECEWISE_BEZIER_KNOTS.) CURVE() 
GEOMETRIC_REPRESENTATION_ITEM() RATIONAL_B_SPLINE_CURVE((1.,
0.961014551922,1.)) REPRESENTATION_ITEM('') );
#11243 = CARTESIAN_POINT('',(-85.81717170434,-11.22942352717,
    6.00001016002));
#11244 = CARTESIAN_POINT('',(-85.21717043434,-11.40205257655,
    6.00001016002));
#11245 = CARTESIAN_POINT('',(-84.61716916433,-11.22942352717,
    6.00001016002));
#11246 = ORIENTED_EDGE('',*,*,#11108,.F.);
#11247 = ORIENTED_EDGE('',*,*,#8080,.T.);
#11248 = ORIENTED_EDGE('',*,*,#11249,.T.);
#11249 = EDGE_CURVE('',#8081,#11151,#11250,.T.);
#11250 = B_SPLINE_CURVE_WITH_KNOTS('',1,(#11251,#11252),.UNSPECIFIED.,
  .F.,.F.,(2,2),(59.0551,236.2204),.PIECEWISE_BEZIER_KNOTS.);
#11251 = CARTESIAN_POINT('',(-83.13176519519,-9.744019558039,
    1.500002540005));
#11252 = CARTESIAN_POINT('',(-83.13176519519,-9.744019558039,
    6.00001016002));
#11253 = ( BOUNDED_SURFACE() B_SPLINE_SURFACE(2,1,(
    (#11254,#11255)
    ,(#11256,#11257)
    ,(#11258,#11259)
    ,(#11260,#11261)
    ,(#11262,#11263)
    ,(#11264,#11265)
    ,(#11266,#11267
)),.UNSPECIFIED.,.T.,.F.,.F.) B_SPLINE_SURFACE_WITH_KNOTS((1,2,2,2,2,1),
  (2,2),(-2.094395102394,0.,2.094395102393,4.188790204786,6.28318530718,
    8.377580409573),(59.0551,314.9606),.UNSPECIFIED.) 
GEOMETRIC_REPRESENTATION_ITEM() RATIONAL_B_SPLINE_SURFACE((
    (1.,1.)
    ,(0.5,0.5)
    ,(1.,1.)
    ,(0.5,0.5)
    ,(1.,1.)
    ,(0.5,0.5)
,(1.,1.))) REPRESENTATION_ITEM('') SURFACE() );
#11254 = CARTESIAN_POINT('',(-83.04716662433,-9.144018288037,
    1.500002540005));
#11255 = CARTESIAN_POINT('',(-83.04716662433,-9.144018288037,
    8.00001524003));
#11256 = CARTESIAN_POINT('',(-83.04716662433,-5.385461436485,
    1.500002540005));
#11257 = CARTESIAN_POINT('',(-83.04716662433,-5.385461436485,
    8.00001524003));
#11258 = CARTESIAN_POINT('',(-86.30217233934,-7.264739862261,
    1.500002540005));
#11259 = CARTESIAN_POINT('',(-86.30217233934,-7.264739862261,
    8.00001524003));
#11260 = CARTESIAN_POINT('',(-89.55717805435,-9.144018288037,
    1.500002540005));
#11261 = CARTESIAN_POINT('',(-89.55717805435,-9.144018288037,
    8.00001524003));
#11262 = CARTESIAN_POINT('',(-86.30217233934,-11.02329671381,
    1.500002540005));
#11263 = CARTESIAN_POINT('',(-86.30217233934,-11.02329671381,
    8.00001524003));
#11264 = CARTESIAN_POINT('',(-83.04716662433,-12.90257513958,
    1.500002540005));
#11265 = CARTESIAN_POINT('',(-83.04716662433,-12.90257513958,
    8.00001524003));
#11266 = CARTESIAN_POINT('',(-83.04716662433,-9.144018288037,
    1.500002540005));
#11267 = CARTESIAN_POINT('',(-83.04716662433,-9.144018288037,
    8.00001524003));
#11268 = ADVANCED_FACE('',(#11269),#11285,.F.);
#11269 = FACE_BOUND('',#11270,.F.);
#11270 = EDGE_LOOP('',(#11271,#11278,#11279,#11280));
#11271 = ORIENTED_EDGE('',*,*,#11272,.T.);
#11272 = EDGE_CURVE('',#11273,#8089,#11275,.T.);
#11273 = VERTEX_POINT('',#11274);
#11274 = CARTESIAN_POINT('',(-80.04716154432,-9.744019558039,
    6.00001016002));
#11275 = B_SPLINE_CURVE_WITH_KNOTS('',1,(#11276,#11277),.UNSPECIFIED.,
  .F.,.F.,(2,2),(0.,193.87512119952),.PIECEWISE_BEZIER_KNOTS.);
#11276 = CARTESIAN_POINT('',(-80.04716154432,-9.744019558039,
    6.00001016002));
#11277 = CARTESIAN_POINT('',(-78.04715646431,-9.744019558039,
    1.500002540005));
#11278 = ORIENTED_EDGE('',*,*,#8088,.F.);
#11279 = ORIENTED_EDGE('',*,*,#11249,.T.);
#11280 = ORIENTED_EDGE('',*,*,#11281,.T.);
#11281 = EDGE_CURVE('',#11151,#11273,#11282,.T.);
#11282 = B_SPLINE_CURVE_WITH_KNOTS('',1,(#11283,#11284),.UNSPECIFIED.,
  .F.,.F.,(2,2),(46.669354265036,168.1102),.PIECEWISE_BEZIER_KNOTS.);
#11283 = CARTESIAN_POINT('',(-83.13176519519,-9.744019558039,
    6.00001016002));
#11284 = CARTESIAN_POINT('',(-80.04716154432,-9.744019558039,
    6.00001016002));
#11285 = B_SPLINE_SURFACE_WITH_KNOTS('',1,1,(
    (#11286,#11287)
    ,(#11288,#11289
    )),.UNSPECIFIED.,.F.,.F.,.F.,(2,2),(2,2),(-136.9069320975,
    63.274113637369),(-49.31446136773,127.85083863226),
  .PIECEWISE_BEZIER_KNOTS.);
#11286 = CARTESIAN_POINT('',(-78.04715646431,-9.744019558039,
    1.500002540005));
#11287 = CARTESIAN_POINT('',(-78.04715646431,-9.744019558039,
    6.00001016002));
#11288 = CARTESIAN_POINT('',(-83.13176519519,-9.744019558039,
    1.500002540005));
#11289 = CARTESIAN_POINT('',(-83.13176519519,-9.744019558039,
    6.00001016002));
#11290 = ADVANCED_FACE('',(#11291),#11307,.T.);
#11291 = FACE_BOUND('',#11292,.T.);
#11292 = EDGE_LOOP('',(#11293,#11300,#11301,#11302));
#11293 = ORIENTED_EDGE('',*,*,#11294,.T.);
#11294 = EDGE_CURVE('',#11295,#11273,#11297,.T.);
#11295 = VERTEX_POINT('',#11296);
#11296 = CARTESIAN_POINT('',(-80.04716154432,-8.544017018034,
    6.00001016002));
#11297 = B_SPLINE_CURVE_WITH_KNOTS('',1,(#11298,#11299),.UNSPECIFIED.,
  .F.,.F.,(2,2),(0.,47.2441),.PIECEWISE_BEZIER_KNOTS.);
#11298 = CARTESIAN_POINT('',(-80.04716154432,-8.544017018034,
    6.00001016002));
#11299 = CARTESIAN_POINT('',(-80.04716154432,-9.744019558039,
    6.00001016002));
#11300 = ORIENTED_EDGE('',*,*,#11272,.T.);
#11301 = ORIENTED_EDGE('',*,*,#8095,.F.);
#11302 = ORIENTED_EDGE('',*,*,#11303,.F.);
#11303 = EDGE_CURVE('',#11295,#8096,#11304,.T.);
#11304 = B_SPLINE_CURVE_WITH_KNOTS('',1,(#11305,#11306),.UNSPECIFIED.,
  .F.,.F.,(2,2),(0.,193.87512119952),.PIECEWISE_BEZIER_KNOTS.);
#11305 = CARTESIAN_POINT('',(-80.04716154432,-8.544017018034,
    6.00001016002));
#11306 = CARTESIAN_POINT('',(-78.04715646431,-8.544017018034,
    1.500002540005));
#11307 = B_SPLINE_SURFACE_WITH_KNOTS('',1,1,(
    (#11308,#11309)
    ,(#11310,#11311
    )),.UNSPECIFIED.,.F.,.F.,.F.,(2,2),(2,2),(0.,193.87512119952),(
    -47.2441,0.),.PIECEWISE_BEZIER_KNOTS.);
#11308 = CARTESIAN_POINT('',(-80.04716154432,-9.744019558039,
    6.00001016002));
#11309 = CARTESIAN_POINT('',(-80.04716154432,-8.544017018034,
    6.00001016002));
#11310 = CARTESIAN_POINT('',(-78.04715646431,-9.744019558039,
    1.500002540005));
#11311 = CARTESIAN_POINT('',(-78.04715646431,-8.544017018034,
    1.500002540005));
#11312 = ADVANCED_FACE('',(#11313),#11323,.T.);
#11313 = FACE_BOUND('',#11314,.T.);
#11314 = EDGE_LOOP('',(#11315,#11316,#11317,#11318));
#11315 = ORIENTED_EDGE('',*,*,#11303,.T.);
#11316 = ORIENTED_EDGE('',*,*,#8102,.F.);
#11317 = ORIENTED_EDGE('',*,*,#11186,.T.);
#11318 = ORIENTED_EDGE('',*,*,#11319,.T.);
#11319 = EDGE_CURVE('',#11179,#11295,#11320,.T.);
#11320 = B_SPLINE_CURVE_WITH_KNOTS('',1,(#11321,#11322),.UNSPECIFIED.,
  .F.,.F.,(2,2),(46.669354265059,168.1102),.PIECEWISE_BEZIER_KNOTS.);
#11321 = CARTESIAN_POINT('',(-83.13176519519,-8.544017018034,
    6.00001016002));
#11322 = CARTESIAN_POINT('',(-80.04716154432,-8.544017018034,
    6.00001016002));
#11323 = B_SPLINE_SURFACE_WITH_KNOTS('',1,1,(
    (#11324,#11325)
    ,(#11326,#11327
    )),.UNSPECIFIED.,.F.,.F.,.F.,(2,2),(2,2),(-136.9069320975,
    63.274113637367),(-49.31446136773,127.85083863226),
  .PIECEWISE_BEZIER_KNOTS.);
#11324 = CARTESIAN_POINT('',(-78.04715646431,-8.544017018034,
    1.500002540005));
#11325 = CARTESIAN_POINT('',(-78.04715646431,-8.544017018034,
    6.00001016002));
#11326 = CARTESIAN_POINT('',(-83.13176519519,-8.544017018034,
    1.500002540005));
#11327 = CARTESIAN_POINT('',(-83.13176519519,-8.544017018034,
    6.00001016002));
#11328 = ADVANCED_FACE('',(#11329),#11345,.F.);
#11329 = FACE_BOUND('',#11330,.F.);
#11330 = EDGE_LOOP('',(#11331,#11338,#11339,#11340));
#11331 = ORIENTED_EDGE('',*,*,#11332,.T.);
#11332 = EDGE_CURVE('',#11333,#8118,#11335,.T.);
#11333 = VERTEX_POINT('',#11334);
#11334 = CARTESIAN_POINT('',(-84.61716916433,-3.974009398019,
    6.00001016002));
#11335 = B_SPLINE_CURVE_WITH_KNOTS('',1,(#11336,#11337),.UNSPECIFIED.,
  .F.,.F.,(2,2),(0.,193.87512119952),.PIECEWISE_BEZIER_KNOTS.);
#11336 = CARTESIAN_POINT('',(-84.61716916433,-3.974009398019,
    6.00001016002));
#11337 = CARTESIAN_POINT('',(-84.61716916433,-1.974004318009,
    1.500002540005));
#11338 = ORIENTED_EDGE('',*,*,#8117,.F.);
#11339 = ORIENTED_EDGE('',*,*,#11192,.T.);
#11340 = ORIENTED_EDGE('',*,*,#11341,.T.);
#11341 = EDGE_CURVE('',#11193,#11333,#11342,.T.);
#11342 = B_SPLINE_CURVE_WITH_KNOTS('',1,(#11343,#11344),.UNSPECIFIED.,
  .F.,.F.,(2,2),(46.669354265036,168.1102),.PIECEWISE_BEZIER_KNOTS.);
#11343 = CARTESIAN_POINT('',(-84.61716916433,-7.058613048894,
    6.00001016002));
#11344 = CARTESIAN_POINT('',(-84.61716916433,-3.974009398019,
    6.00001016002));
#11345 = B_SPLINE_SURFACE_WITH_KNOTS('',1,1,(
    (#11346,#11347)
    ,(#11348,#11349
    )),.UNSPECIFIED.,.F.,.F.,.F.,(2,2),(2,2),(-136.9069320975,
    63.274113637368),(-49.31446136773,127.85083863226),
  .PIECEWISE_BEZIER_KNOTS.);
#11346 = CARTESIAN_POINT('',(-84.61716916433,-1.974004318009,
    1.500002540005));
#11347 = CARTESIAN_POINT('',(-84.61716916433,-1.974004318009,
    6.00001016002));
#11348 = CARTESIAN_POINT('',(-84.61716916433,-7.058613048894,
    1.500002540005));
#11349 = CARTESIAN_POINT('',(-84.61716916433,-7.058613048894,
    6.00001016002));
#11350 = ADVANCED_FACE('',(#11351),#11367,.T.);
#11351 = FACE_BOUND('',#11352,.T.);
#11352 = EDGE_LOOP('',(#11353,#11360,#11361,#11362));
#11353 = ORIENTED_EDGE('',*,*,#11354,.T.);
#11354 = EDGE_CURVE('',#11355,#11333,#11357,.T.);
#11355 = VERTEX_POINT('',#11356);
#11356 = CARTESIAN_POINT('',(-85.81717170434,-3.974009398019,
    6.00001016002));
#11357 = B_SPLINE_CURVE_WITH_KNOTS('',1,(#11358,#11359),.UNSPECIFIED.,
  .F.,.F.,(2,2),(0.,47.2441),.PIECEWISE_BEZIER_KNOTS.);
#11358 = CARTESIAN_POINT('',(-85.81717170434,-3.974009398019,
    6.00001016002));
#11359 = CARTESIAN_POINT('',(-84.61716916433,-3.974009398019,
    6.00001016002));
#11360 = ORIENTED_EDGE('',*,*,#11332,.T.);
#11361 = ORIENTED_EDGE('',*,*,#8124,.F.);
#11362 = ORIENTED_EDGE('',*,*,#11363,.F.);
#11363 = EDGE_CURVE('',#11355,#8125,#11364,.T.);
#11364 = B_SPLINE_CURVE_WITH_KNOTS('',1,(#11365,#11366),.UNSPECIFIED.,
  .F.,.F.,(2,2),(0.,193.87512119952),.PIECEWISE_BEZIER_KNOTS.);
#11365 = CARTESIAN_POINT('',(-85.81717170434,-3.974009398019,
    6.00001016002));
#11366 = CARTESIAN_POINT('',(-85.81717170434,-1.974004318009,
    1.500002540005));
#11367 = B_SPLINE_SURFACE_WITH_KNOTS('',1,1,(
    (#11368,#11369)
    ,(#11370,#11371
    )),.UNSPECIFIED.,.F.,.F.,.F.,(2,2),(2,2),(0.,193.87512119952),(
    -47.2441,0.),.PIECEWISE_BEZIER_KNOTS.);
#11368 = CARTESIAN_POINT('',(-84.61716916433,-3.974009398019,
    6.00001016002));
#11369 = CARTESIAN_POINT('',(-85.81717170434,-3.974009398019,
    6.00001016002));
#11370 = CARTESIAN_POINT('',(-84.61716916433,-1.974004318009,
    1.500002540005));
#11371 = CARTESIAN_POINT('',(-85.81717170434,-1.974004318009,
    1.500002540005));
#11372 = ADVANCED_FACE('',(#11373),#11383,.T.);
#11373 = FACE_BOUND('',#11374,.T.);
#11374 = EDGE_LOOP('',(#11375,#11376,#11377,#11378));
#11375 = ORIENTED_EDGE('',*,*,#11363,.T.);
#11376 = ORIENTED_EDGE('',*,*,#8131,.F.);
#11377 = ORIENTED_EDGE('',*,*,#11207,.T.);
#11378 = ORIENTED_EDGE('',*,*,#11379,.T.);
#11379 = EDGE_CURVE('',#11200,#11355,#11380,.T.);
#11380 = B_SPLINE_CURVE_WITH_KNOTS('',1,(#11381,#11382),.UNSPECIFIED.,
  .F.,.F.,(2,2),(46.669354265036,168.1102),.PIECEWISE_BEZIER_KNOTS.);
#11381 = CARTESIAN_POINT('',(-85.81717170434,-7.058613048894,
    6.00001016002));
#11382 = CARTESIAN_POINT('',(-85.81717170434,-3.974009398019,
    6.00001016002));
#11383 = B_SPLINE_SURFACE_WITH_KNOTS('',1,1,(
    (#11384,#11385)
    ,(#11386,#11387
    )),.UNSPECIFIED.,.F.,.F.,.F.,(2,2),(2,2),(-136.9069320975,
    63.274113637368),(-49.31446136773,127.85083863226),
  .PIECEWISE_BEZIER_KNOTS.);
#11384 = CARTESIAN_POINT('',(-85.81717170434,-1.974004318009,
    1.500002540005));
#11385 = CARTESIAN_POINT('',(-85.81717170434,-1.974004318009,
    6.00001016002));
#11386 = CARTESIAN_POINT('',(-85.81717170434,-7.058613048894,
    1.500002540005));
#11387 = CARTESIAN_POINT('',(-85.81717170434,-7.058613048894,
    6.00001016002));
#11388 = ADVANCED_FACE('',(#11389),#11405,.F.);
#11389 = FACE_BOUND('',#11390,.F.);
#11390 = EDGE_LOOP('',(#11391,#11398,#11399,#11400));
#11391 = ORIENTED_EDGE('',*,*,#11392,.T.);
#11392 = EDGE_CURVE('',#11393,#8147,#11395,.T.);
#11393 = VERTEX_POINT('',#11394);
#11394 = CARTESIAN_POINT('',(-90.38717932435,-8.544017018034,
    6.00001016002));
#11395 = B_SPLINE_CURVE_WITH_KNOTS('',1,(#11396,#11397),.UNSPECIFIED.,
  .F.,.F.,(2,2),(0.,193.87512119952),.PIECEWISE_BEZIER_KNOTS.);
#11396 = CARTESIAN_POINT('',(-90.38717932435,-8.544017018034,
    6.00001016002));
#11397 = CARTESIAN_POINT('',(-92.38718440436,-8.544017018034,
    1.500002540005));
#11398 = ORIENTED_EDGE('',*,*,#8146,.F.);
#11399 = ORIENTED_EDGE('',*,*,#11213,.T.);
#11400 = ORIENTED_EDGE('',*,*,#11401,.T.);
#11401 = EDGE_CURVE('',#11214,#11393,#11402,.T.);
#11402 = B_SPLINE_CURVE_WITH_KNOTS('',1,(#11403,#11404),.UNSPECIFIED.,
  .F.,.F.,(2,2),(46.669354265059,168.1102),.PIECEWISE_BEZIER_KNOTS.);
#11403 = CARTESIAN_POINT('',(-87.30257567348,-8.544017018034,
    6.00001016002));
#11404 = CARTESIAN_POINT('',(-90.38717932435,-8.544017018034,
    6.00001016002));
#11405 = B_SPLINE_SURFACE_WITH_KNOTS('',1,1,(
    (#11406,#11407)
    ,(#11408,#11409
    )),.UNSPECIFIED.,.F.,.F.,.F.,(2,2),(2,2),(-136.9069320975,
    63.274113637366),(-49.31446136773,127.85083863226),
  .PIECEWISE_BEZIER_KNOTS.);
#11406 = CARTESIAN_POINT('',(-92.38718440436,-8.544017018034,
    1.500002540005));
#11407 = CARTESIAN_POINT('',(-92.38718440436,-8.544017018034,
    6.00001016002));
#11408 = CARTESIAN_POINT('',(-87.30257567348,-8.544017018034,
    1.500002540005));
#11409 = CARTESIAN_POINT('',(-87.30257567348,-8.544017018034,
    6.00001016002));
#11410 = ADVANCED_FACE('',(#11411),#11427,.T.);
#11411 = FACE_BOUND('',#11412,.T.);
#11412 = EDGE_LOOP('',(#11413,#11420,#11421,#11422));
#11413 = ORIENTED_EDGE('',*,*,#11414,.T.);
#11414 = EDGE_CURVE('',#11415,#11393,#11417,.T.);
#11415 = VERTEX_POINT('',#11416);
#11416 = CARTESIAN_POINT('',(-90.38717932435,-9.744019558039,
    6.00001016002));
#11417 = B_SPLINE_CURVE_WITH_KNOTS('',1,(#11418,#11419),.UNSPECIFIED.,
  .F.,.F.,(2,2),(0.,47.2441),.PIECEWISE_BEZIER_KNOTS.);
#11418 = CARTESIAN_POINT('',(-90.38717932435,-9.744019558039,
    6.00001016002));
#11419 = CARTESIAN_POINT('',(-90.38717932435,-8.544017018034,
    6.00001016002));
#11420 = ORIENTED_EDGE('',*,*,#11392,.T.);
#11421 = ORIENTED_EDGE('',*,*,#8153,.F.);
#11422 = ORIENTED_EDGE('',*,*,#11423,.F.);
#11423 = EDGE_CURVE('',#11415,#8154,#11424,.T.);
#11424 = B_SPLINE_CURVE_WITH_KNOTS('',1,(#11425,#11426),.UNSPECIFIED.,
  .F.,.F.,(2,2),(0.,193.87512119952),.PIECEWISE_BEZIER_KNOTS.);
#11425 = CARTESIAN_POINT('',(-90.38717932435,-9.744019558039,
    6.00001016002));
#11426 = CARTESIAN_POINT('',(-92.38718440436,-9.744019558039,
    1.500002540005));
#11427 = B_SPLINE_SURFACE_WITH_KNOTS('',1,1,(
    (#11428,#11429)
    ,(#11430,#11431
    )),.UNSPECIFIED.,.F.,.F.,.F.,(2,2),(2,2),(0.,193.87512119952),(
    -47.2441,0.),.PIECEWISE_BEZIER_KNOTS.);
#11428 = CARTESIAN_POINT('',(-90.38717932435,-8.544017018034,
    6.00001016002));
#11429 = CARTESIAN_POINT('',(-90.38717932435,-9.744019558039,
    6.00001016002));
#11430 = CARTESIAN_POINT('',(-92.38718440436,-8.544017018034,
    1.500002540005));
#11431 = CARTESIAN_POINT('',(-92.38718440436,-9.744019558039,
    1.500002540005));
#11432 = ADVANCED_FACE('',(#11433),#11443,.T.);
#11433 = FACE_BOUND('',#11434,.T.);
#11434 = EDGE_LOOP('',(#11435,#11436,#11437,#11438));
#11435 = ORIENTED_EDGE('',*,*,#11423,.T.);
#11436 = ORIENTED_EDGE('',*,*,#8160,.F.);
#11437 = ORIENTED_EDGE('',*,*,#11228,.T.);
#11438 = ORIENTED_EDGE('',*,*,#11439,.T.);
#11439 = EDGE_CURVE('',#11221,#11415,#11440,.T.);
#11440 = B_SPLINE_CURVE_WITH_KNOTS('',1,(#11441,#11442),.UNSPECIFIED.,
  .F.,.F.,(2,2),(46.669354265036,168.1102),.PIECEWISE_BEZIER_KNOTS.);
#11441 = CARTESIAN_POINT('',(-87.30257567348,-9.744019558039,
    6.00001016002));
#11442 = CARTESIAN_POINT('',(-90.38717932435,-9.744019558039,
    6.00001016002));
#11443 = B_SPLINE_SURFACE_WITH_KNOTS('',1,1,(
    (#11444,#11445)
    ,(#11446,#11447
    )),.UNSPECIFIED.,.F.,.F.,.F.,(2,2),(2,2),(-136.9069320975,
    63.274113637368),(-49.31446136773,127.85083863226),
  .PIECEWISE_BEZIER_KNOTS.);
#11444 = CARTESIAN_POINT('',(-92.38718440436,-9.744019558039,
    1.500002540005));
#11445 = CARTESIAN_POINT('',(-92.38718440436,-9.744019558039,
    6.00001016002));
#11446 = CARTESIAN_POINT('',(-87.30257567348,-9.744019558039,
    1.500002540005));
#11447 = CARTESIAN_POINT('',(-87.30257567348,-9.744019558039,
    6.00001016002));
#11448 = ADVANCED_FACE('',(#11449),#11480,.F.);
#11449 = FACE_BOUND('',#11450,.F.);
#11450 = EDGE_LOOP('',(#11451,#11452,#11453,#11454,#11461,#11468,#11475)
  );
#11451 = ORIENTED_EDGE('',*,*,#10982,.F.);
#11452 = ORIENTED_EDGE('',*,*,#8175,.F.);
#11453 = ORIENTED_EDGE('',*,*,#11234,.T.);
#11454 = ORIENTED_EDGE('',*,*,#11455,.T.);
#11455 = EDGE_CURVE('',#11235,#11456,#11458,.T.);
#11456 = VERTEX_POINT('',#11457);
#11457 = CARTESIAN_POINT('',(-85.81717170434,-14.31402717805,
    6.00001016002));
#11458 = B_SPLINE_CURVE_WITH_KNOTS('',1,(#11459,#11460),.UNSPECIFIED.,
  .F.,.F.,(2,2),(46.669354265014,168.1102),.PIECEWISE_BEZIER_KNOTS.);
#11459 = CARTESIAN_POINT('',(-85.81717170434,-11.22942352717,
    6.00001016002));
#11460 = CARTESIAN_POINT('',(-85.81717170434,-14.31402717805,
    6.00001016002));
#11461 = ORIENTED_EDGE('',*,*,#11462,.T.);
#11462 = EDGE_CURVE('',#11456,#11463,#11465,.T.);
#11463 = VERTEX_POINT('',#11464);
#11464 = CARTESIAN_POINT('',(-85.81717170434,-15.79927990856,
    2.658194345788));
#11465 = B_SPLINE_CURVE_WITH_KNOTS('',1,(#11466,#11467),.UNSPECIFIED.,
  .F.,.F.,(2,2),(0.,143.97641086852),.PIECEWISE_BEZIER_KNOTS.);
#11466 = CARTESIAN_POINT('',(-85.81717170434,-14.31402717805,
    6.00001016002));
#11467 = CARTESIAN_POINT('',(-85.81717170434,-15.79927990856,
    2.658194345788));
#11468 = ORIENTED_EDGE('',*,*,#11469,.F.);
#11469 = EDGE_CURVE('',#11470,#11463,#11472,.T.);
#11470 = VERTEX_POINT('',#11471);
#11471 = CARTESIAN_POINT('',(-85.81717170434,-17.28453263906,
    6.00001016002));
#11472 = B_SPLINE_CURVE_WITH_KNOTS('',1,(#11473,#11474),.UNSPECIFIED.,
  .F.,.F.,(2,2),(0.,143.97641086852),.PIECEWISE_BEZIER_KNOTS.);
#11473 = CARTESIAN_POINT('',(-85.81717170434,-17.28453263906,
    6.00001016002));
#11474 = CARTESIAN_POINT('',(-85.81717170434,-15.79927990856,
    2.658194345788));
#11475 = ORIENTED_EDGE('',*,*,#11476,.F.);
#11476 = EDGE_CURVE('',#10975,#11470,#11477,.T.);
#11477 = B_SPLINE_CURVE_WITH_KNOTS('',1,(#11478,#11479),.UNSPECIFIED.,
  .F.,.F.,(2,2),(46.669354265036,168.1102),.PIECEWISE_BEZIER_KNOTS.);
#11478 = CARTESIAN_POINT('',(-85.81717170434,-20.36913628994,
    6.00001016002));
#11479 = CARTESIAN_POINT('',(-85.81717170434,-17.28453263906,
    6.00001016002));
#11480 = B_SPLINE_SURFACE_WITH_KNOTS('',1,1,(
    (#11481,#11482)
    ,(#11483,#11484
    )),.UNSPECIFIED.,.F.,.F.,.F.,(2,2),(2,2),(-296.5563778325,
    63.274113637391),(-49.31446136773,127.85083863226),
  .PIECEWISE_BEZIER_KNOTS.);
#11481 = CARTESIAN_POINT('',(-85.81717170434,-20.36913628994,
    1.500002540005));
#11482 = CARTESIAN_POINT('',(-85.81717170434,-20.36913628994,
    6.00001016002));
#11483 = CARTESIAN_POINT('',(-85.81717170434,-11.22942352717,
    1.500002540005));
#11484 = CARTESIAN_POINT('',(-85.81717170434,-11.22942352717,
    6.00001016002));
#11485 = ADVANCED_FACE('',(#11486),#11502,.F.);
#11486 = FACE_BOUND('',#11487,.F.);
#11487 = EDGE_LOOP('',(#11488,#11495,#11496,#11497));
#11488 = ORIENTED_EDGE('',*,*,#11489,.T.);
#11489 = EDGE_CURVE('',#11490,#8191,#11492,.T.);
#11490 = VERTEX_POINT('',#11491);
#11491 = CARTESIAN_POINT('',(-90.38717932435,-21.85454025908,
    6.00001016002));
#11492 = B_SPLINE_CURVE_WITH_KNOTS('',1,(#11493,#11494),.UNSPECIFIED.,
  .F.,.F.,(2,2),(0.,193.87512119952),.PIECEWISE_BEZIER_KNOTS.);
#11493 = CARTESIAN_POINT('',(-90.38717932435,-21.85454025908,
    6.00001016002));
#11494 = CARTESIAN_POINT('',(-92.38718440436,-21.85454025908,
    1.500002540005));
#11495 = ORIENTED_EDGE('',*,*,#8190,.F.);
#11496 = ORIENTED_EDGE('',*,*,#10988,.T.);
#11497 = ORIENTED_EDGE('',*,*,#11498,.T.);
#11498 = EDGE_CURVE('',#10989,#11490,#11499,.T.);
#11499 = B_SPLINE_CURVE_WITH_KNOTS('',1,(#11500,#11501),.UNSPECIFIED.,
  .F.,.F.,(2,2),(46.669354265036,168.1102),.PIECEWISE_BEZIER_KNOTS.);
#11500 = CARTESIAN_POINT('',(-87.30257567348,-21.85454025908,
    6.00001016002));
#11501 = CARTESIAN_POINT('',(-90.38717932435,-21.85454025908,
    6.00001016002));
#11502 = B_SPLINE_SURFACE_WITH_KNOTS('',1,1,(
    (#11503,#11504)
    ,(#11505,#11506
    )),.UNSPECIFIED.,.F.,.F.,.F.,(2,2),(2,2),(-136.9069320975,
    63.274113637368),(-49.31446136773,127.85083863226),
  .PIECEWISE_BEZIER_KNOTS.);
#11503 = CARTESIAN_POINT('',(-92.38718440436,-21.85454025908,
    1.500002540005));
#11504 = CARTESIAN_POINT('',(-92.38718440436,-21.85454025908,
    6.00001016002));
#11505 = CARTESIAN_POINT('',(-87.30257567348,-21.85454025908,
    1.500002540005));
#11506 = CARTESIAN_POINT('',(-87.30257567348,-21.85454025908,
    6.00001016002));
#11507 = ADVANCED_FACE('',(#11508),#11524,.T.);
#11508 = FACE_BOUND('',#11509,.T.);
#11509 = EDGE_LOOP('',(#11510,#11517,#11518,#11519));
#11510 = ORIENTED_EDGE('',*,*,#11511,.T.);
#11511 = EDGE_CURVE('',#11512,#11490,#11514,.T.);
#11512 = VERTEX_POINT('',#11513);
#11513 = CARTESIAN_POINT('',(-90.38717932435,-23.05454279908,
    6.00001016002));
#11514 = B_SPLINE_CURVE_WITH_KNOTS('',1,(#11515,#11516),.UNSPECIFIED.,
  .F.,.F.,(2,2),(0.,47.2441),.PIECEWISE_BEZIER_KNOTS.);
#11515 = CARTESIAN_POINT('',(-90.38717932435,-23.05454279908,
    6.00001016002));
#11516 = CARTESIAN_POINT('',(-90.38717932435,-21.85454025908,
    6.00001016002));
#11517 = ORIENTED_EDGE('',*,*,#11489,.T.);
#11518 = ORIENTED_EDGE('',*,*,#8197,.F.);
#11519 = ORIENTED_EDGE('',*,*,#11520,.F.);
#11520 = EDGE_CURVE('',#11512,#8198,#11521,.T.);
#11521 = B_SPLINE_CURVE_WITH_KNOTS('',1,(#11522,#11523),.UNSPECIFIED.,
  .F.,.F.,(2,2),(0.,193.87512119952),.PIECEWISE_BEZIER_KNOTS.);
#11522 = CARTESIAN_POINT('',(-90.38717932435,-23.05454279908,
    6.00001016002));
#11523 = CARTESIAN_POINT('',(-92.38718440436,-23.05454279908,
    1.500002540005));
#11524 = B_SPLINE_SURFACE_WITH_KNOTS('',1,1,(
    (#11525,#11526)
    ,(#11527,#11528
    )),.UNSPECIFIED.,.F.,.F.,.F.,(2,2),(2,2),(0.,193.87512119952),(
    -47.2441,0.),.PIECEWISE_BEZIER_KNOTS.);
#11525 = CARTESIAN_POINT('',(-90.38717932435,-21.85454025908,
    6.00001016002));
#11526 = CARTESIAN_POINT('',(-90.38717932435,-23.05454279908,
    6.00001016002));
#11527 = CARTESIAN_POINT('',(-92.38718440436,-21.85454025908,
    1.500002540005));
#11528 = CARTESIAN_POINT('',(-92.38718440436,-23.05454279908,
    1.500002540005));
#11529 = ADVANCED_FACE('',(#11530),#11540,.T.);
#11530 = FACE_BOUND('',#11531,.T.);
#11531 = EDGE_LOOP('',(#11532,#11533,#11534,#11535));
#11532 = ORIENTED_EDGE('',*,*,#11520,.T.);
#11533 = ORIENTED_EDGE('',*,*,#8204,.F.);
#11534 = ORIENTED_EDGE('',*,*,#11003,.T.);
#11535 = ORIENTED_EDGE('',*,*,#11536,.T.);
#11536 = EDGE_CURVE('',#10996,#11512,#11537,.T.);
#11537 = B_SPLINE_CURVE_WITH_KNOTS('',1,(#11538,#11539),.UNSPECIFIED.,
  .F.,.F.,(2,2),(46.669354265036,168.1102),.PIECEWISE_BEZIER_KNOTS.);
#11538 = CARTESIAN_POINT('',(-87.30257567348,-23.05454279908,
    6.00001016002));
#11539 = CARTESIAN_POINT('',(-90.38717932435,-23.05454279908,
    6.00001016002));
#11540 = B_SPLINE_SURFACE_WITH_KNOTS('',1,1,(
    (#11541,#11542)
    ,(#11543,#11544
    )),.UNSPECIFIED.,.F.,.F.,.F.,(2,2),(2,2),(-136.9069320975,
    63.274113637368),(-49.31446136773,127.85083863226),
  .PIECEWISE_BEZIER_KNOTS.);
#11541 = CARTESIAN_POINT('',(-92.38718440436,-23.05454279908,
    1.500002540005));
#11542 = CARTESIAN_POINT('',(-92.38718440436,-23.05454279908,
    6.00001016002));
#11543 = CARTESIAN_POINT('',(-87.30257567348,-23.05454279908,
    1.500002540005));
#11544 = CARTESIAN_POINT('',(-87.30257567348,-23.05454279908,
    6.00001016002));
#11545 = ADVANCED_FACE('',(#11546),#11563,.F.);
#11546 = FACE_BOUND('',#11547,.F.);
#11547 = EDGE_LOOP('',(#11548,#11549,#11550,#11551,#11558));
#11548 = ORIENTED_EDGE('',*,*,#9017,.F.);
#11549 = ORIENTED_EDGE('',*,*,#8219,.F.);
#11550 = ORIENTED_EDGE('',*,*,#11009,.T.);
#11551 = ORIENTED_EDGE('',*,*,#11552,.T.);
#11552 = EDGE_CURVE('',#11010,#11553,#11555,.T.);
#11553 = VERTEX_POINT('',#11554);
#11554 = CARTESIAN_POINT('',(-85.81717170434,-27.6245504191,
    6.00001016002));
#11555 = B_SPLINE_CURVE_WITH_KNOTS('',1,(#11556,#11557),.UNSPECIFIED.,
  .F.,.F.,(2,2),(46.669354265059,168.1102),.PIECEWISE_BEZIER_KNOTS.);
#11556 = CARTESIAN_POINT('',(-85.81717170434,-24.53994676822,
    6.00001016002));
#11557 = CARTESIAN_POINT('',(-85.81717170434,-27.6245504191,
    6.00001016002));
#11558 = ORIENTED_EDGE('',*,*,#11559,.T.);
#11559 = EDGE_CURVE('',#11553,#9018,#11560,.T.);
#11560 = B_SPLINE_CURVE_WITH_KNOTS('',1,(#11561,#11562),.UNSPECIFIED.,
  .F.,.F.,(2,2),(0.,179.48028703516),.PIECEWISE_BEZIER_KNOTS.);
#11561 = CARTESIAN_POINT('',(-85.81717170434,-27.6245504191,
    6.00001016002));
#11562 = CARTESIAN_POINT('',(-85.81717170434,-29.47605918211,
    1.834118970353));
#11563 = B_SPLINE_SURFACE_WITH_KNOTS('',1,1,(
    (#11564,#11565)
    ,(#11566,#11567
    )),.UNSPECIFIED.,.F.,.F.,.F.,(2,2),(2,2),(-131.0606320975,
    63.274113637365),(-49.31446136773,127.85083863226),
  .PIECEWISE_BEZIER_KNOTS.);
#11564 = CARTESIAN_POINT('',(-85.81717170434,-29.47605918211,
    1.500002540005));
#11565 = CARTESIAN_POINT('',(-85.81717170434,-29.47605918211,
    6.00001016002));
#11566 = CARTESIAN_POINT('',(-85.81717170434,-24.53994676822,
    1.500002540005));
#11567 = CARTESIAN_POINT('',(-85.81717170434,-24.53994676822,
    6.00001016002));
#11568 = ADVANCED_FACE('',(#11569),#11591,.T.);
#11569 = FACE_BOUND('',#11570,.T.);
#11570 = EDGE_LOOP('',(#11571,#11580,#11585,#11586));
#11571 = ORIENTED_EDGE('',*,*,#11572,.T.);
#11572 = EDGE_CURVE('',#11573,#11575,#11577,.T.);
#11573 = VERTEX_POINT('',#11574);
#11574 = CARTESIAN_POINT('',(-81.45216272288,86.579173177546,
    4.000008636017));
#11575 = VERTEX_POINT('',#11576);
#11576 = CARTESIAN_POINT('',(-81.45216272288,85.379170739142,
    4.000008636017));
#11577 = B_SPLINE_CURVE_WITH_KNOTS('',1,(#11578,#11579),.UNSPECIFIED.,
  .F.,.F.,(2,2),(0.,47.244096),.PIECEWISE_BEZIER_KNOTS.);
#11578 = CARTESIAN_POINT('',(-81.45216272288,86.579173177546,
    4.000008636017));
#11579 = CARTESIAN_POINT('',(-81.45216272288,85.379170739142,
    4.000008636017));
#11580 = ORIENTED_EDGE('',*,*,#11581,.T.);
#11581 = EDGE_CURVE('',#11575,#8243,#11582,.T.);
#11582 = B_SPLINE_CURVE_WITH_KNOTS('',1,(#11583,#11584),.UNSPECIFIED.,
  .F.,.F.,(2,2),(0.,126.04578797359),.PIECEWISE_BEZIER_KNOTS.);
#11583 = CARTESIAN_POINT('',(-81.45216272288,85.379170739142,
    4.000008636017));
#11584 = CARTESIAN_POINT('',(-79.45215865887,85.379170739142,
    1.500002540005));
#11585 = ORIENTED_EDGE('',*,*,#8240,.F.);
#11586 = ORIENTED_EDGE('',*,*,#11587,.F.);
#11587 = EDGE_CURVE('',#11573,#8241,#11588,.T.);
#11588 = B_SPLINE_CURVE_WITH_KNOTS('',1,(#11589,#11590),.UNSPECIFIED.,
  .F.,.F.,(2,2),(0.,126.04578797359),.PIECEWISE_BEZIER_KNOTS.);
#11589 = CARTESIAN_POINT('',(-81.45216272288,86.579173177546,
    4.000008636017));
#11590 = CARTESIAN_POINT('',(-79.45215865887,86.579173177546,
    1.500002540005));
#11591 = B_SPLINE_SURFACE_WITH_KNOTS('',1,1,(
    (#11592,#11593)
    ,(#11594,#11595
    )),.UNSPECIFIED.,.F.,.F.,.F.,(2,2),(2,2),(0.,126.04578797359),(
    -47.244096,0.),.PIECEWISE_BEZIER_KNOTS.);
#11592 = CARTESIAN_POINT('',(-81.45216272288,85.379170739142,
    4.000008636017));
#11593 = CARTESIAN_POINT('',(-81.45216272288,86.579173177546,
    4.000008636017));
#11594 = CARTESIAN_POINT('',(-79.45215865887,85.379170739142,
    1.500002540005));
#11595 = CARTESIAN_POINT('',(-79.45215865887,86.579173177546,
    1.500002540005));
#11596 = ADVANCED_FACE('',(#11597),#11613,.T.);
#11597 = FACE_BOUND('',#11598,.T.);
#11598 = EDGE_LOOP('',(#11599,#11600,#11601,#11608));
#11599 = ORIENTED_EDGE('',*,*,#11587,.T.);
#11600 = ORIENTED_EDGE('',*,*,#8249,.F.);
#11601 = ORIENTED_EDGE('',*,*,#11602,.T.);
#11602 = EDGE_CURVE('',#8250,#11603,#11605,.T.);
#11603 = VERTEX_POINT('',#11604);
#11604 = CARTESIAN_POINT('',(-84.52045798216,86.579173177546,
    4.000008636017));
#11605 = B_SPLINE_CURVE_WITH_KNOTS('',1,(#11606,#11607),.UNSPECIFIED.,
  .F.,.F.,(2,2),(59.0551,157.48034),.PIECEWISE_BEZIER_KNOTS.);
#11606 = CARTESIAN_POINT('',(-84.52045798216,86.579173177546,
    1.500002540005));
#11607 = CARTESIAN_POINT('',(-84.52045798216,86.579173177546,
    4.000008636017));
#11608 = ORIENTED_EDGE('',*,*,#11609,.T.);
#11609 = EDGE_CURVE('',#11603,#11573,#11610,.T.);
#11610 = B_SPLINE_CURVE_WITH_KNOTS('',1,(#11611,#11612),.UNSPECIFIED.,
  .F.,.F.,(2,2),(47.311457242019,168.1102416),.PIECEWISE_BEZIER_KNOTS.);
#11611 = CARTESIAN_POINT('',(-84.52045798216,86.579173177546,
    4.000008636017));
#11612 = CARTESIAN_POINT('',(-81.45216272288,86.579173177546,
    4.000008636017));
#11613 = B_SPLINE_SURFACE_WITH_KNOTS('',1,1,(
    (#11614,#11615)
    ,(#11616,#11617
    )),.UNSPECIFIED.,.F.,.F.,.F.,(2,2),(2,2),(-134.2125579718,
    65.326386386175),(-12.57728272407,85.847957275928),
  .PIECEWISE_BEZIER_KNOTS.);
#11614 = CARTESIAN_POINT('',(-79.45215865887,86.579173177546,
    1.500002540005));
#11615 = CARTESIAN_POINT('',(-79.45215865887,86.579173177546,
    4.000008636017));
#11616 = CARTESIAN_POINT('',(-84.52045798216,86.579173177546,
    1.500002540005));
#11617 = CARTESIAN_POINT('',(-84.52045798216,86.579173177546,
    4.000008636017));
#11618 = ADVANCED_FACE('',(#11619),#11725,.T.);
#11619 = FACE_BOUND('',#11620,.T.);
#11620 = EDGE_LOOP('',(#11621,#11631,#11638,#11648,#11649,#11655,#11656,
    #11657,#11664,#11672,#11677,#11678,#11685,#11693,#11698,#11699,
    #11706,#11714,#11719,#11720));
#11621 = ORIENTED_EDGE('',*,*,#11622,.T.);
#11622 = EDGE_CURVE('',#11623,#11625,#11627,.T.);
#11623 = VERTEX_POINT('',#11624);
#11624 = CARTESIAN_POINT('',(-84.52045798216,85.379170739142,
    4.000008636017));
#11625 = VERTEX_POINT('',#11626);
#11626 = CARTESIAN_POINT('',(-84.45216881889,85.979171958344,
    4.000008636017));
#11627 = ( BOUNDED_CURVE() B_SPLINE_CURVE(2,(#11628,#11629,#11630),
.UNSPECIFIED.,.F.,.F.) B_SPLINE_CURVE_WITH_KNOTS((3,3),(6.056530552424,
6.28318530718),.PIECEWISE_BEZIER_KNOTS.) CURVE() 
GEOMETRIC_REPRESENTATION_ITEM() RATIONAL_B_SPLINE_CURVE((1.,
0.993585322538,1.)) REPRESENTATION_ITEM('') );
#11628 = CARTESIAN_POINT('',(-84.52045798216,85.379170739141,
    4.000008636017));
#11629 = CARTESIAN_POINT('',(-84.45216881889,85.675285181789,
    4.000008636017));
#11630 = CARTESIAN_POINT('',(-84.45216881889,85.979171958344,
    4.000008636017));
#11631 = ORIENTED_EDGE('',*,*,#11632,.T.);
#11632 = EDGE_CURVE('',#11625,#11633,#11635,.T.);
#11633 = VERTEX_POINT('',#11634);
#11634 = CARTESIAN_POINT('',(-84.45216881889,85.979171958344,
    6.000012700025));
#11635 = B_SPLINE_CURVE_WITH_KNOTS('',1,(#11636,#11637),.UNSPECIFIED.,
  .F.,.F.,(2,2),(157.48034,236.2205),.PIECEWISE_BEZIER_KNOTS.);
#11636 = CARTESIAN_POINT('',(-84.45216881889,85.979171958344,
    4.000008636017));
#11637 = CARTESIAN_POINT('',(-84.45216881889,85.979171958344,
    6.000012700025));
#11638 = ORIENTED_EDGE('',*,*,#11639,.F.);
#11639 = EDGE_CURVE('',#11633,#11633,#11640,.T.);
#11640 = ( BOUNDED_CURVE() B_SPLINE_CURVE(2,(#11641,#11642,#11643,#11644
    ,#11645,#11646,#11647),.UNSPECIFIED.,.T.,.F.) 
B_SPLINE_CURVE_WITH_KNOTS((1,2,2,2,2,1),(-2.094395102394,0.,
    2.094395102393,4.188790204786,6.28318530718,8.377580409573),
.UNSPECIFIED.) CURVE() GEOMETRIC_REPRESENTATION_ITEM() 
RATIONAL_B_SPLINE_CURVE((1.,0.5,1.,0.5,1.,0.5,1.)) REPRESENTATION_ITEM(
  '') );
#11641 = CARTESIAN_POINT('',(-84.45216881889,85.979171958344,
    6.000012700025));
#11642 = CARTESIAN_POINT('',(-84.45216881889,90.603757011709,
    6.000012700025));
#11643 = CARTESIAN_POINT('',(-88.45717695707,88.291464485027,
    6.000012700025));
#11644 = CARTESIAN_POINT('',(-92.46218509525,85.979171958344,
    6.000012700025));
#11645 = CARTESIAN_POINT('',(-88.45717695707,83.666879431661,
    6.000012700025));
#11646 = CARTESIAN_POINT('',(-84.45216881889,81.354586904978,
    6.000012700025));
#11647 = CARTESIAN_POINT('',(-84.45216881889,85.979171958344,
    6.000012700025));
#11648 = ORIENTED_EDGE('',*,*,#11632,.F.);
#11649 = ORIENTED_EDGE('',*,*,#11650,.T.);
#11650 = EDGE_CURVE('',#11625,#11603,#11651,.T.);
#11651 = ( BOUNDED_CURVE() B_SPLINE_CURVE(2,(#11652,#11653,#11654),
.UNSPECIFIED.,.F.,.F.) B_SPLINE_CURVE_WITH_KNOTS((3,3),(0.,
0.226654754756),.PIECEWISE_BEZIER_KNOTS.) CURVE() 
GEOMETRIC_REPRESENTATION_ITEM() RATIONAL_B_SPLINE_CURVE((1.,
0.993585322538,1.)) REPRESENTATION_ITEM('') );
#11652 = CARTESIAN_POINT('',(-84.45216881889,85.979171958344,
    4.000008636017));
#11653 = CARTESIAN_POINT('',(-84.45216881889,86.283058734899,
    4.000008636017));
#11654 = CARTESIAN_POINT('',(-84.52045798216,86.579173177546,
    4.000008636017));
#11655 = ORIENTED_EDGE('',*,*,#11602,.F.);
#11656 = ORIENTED_EDGE('',*,*,#8256,.T.);
#11657 = ORIENTED_EDGE('',*,*,#11658,.T.);
#11658 = EDGE_CURVE('',#8257,#11659,#11661,.T.);
#11659 = VERTEX_POINT('',#11660);
#11660 = CARTESIAN_POINT('',(-86.52217302514,88.580888220525,
    4.000008636017));
#11661 = B_SPLINE_CURVE_WITH_KNOTS('',1,(#11662,#11663),.UNSPECIFIED.,
  .F.,.F.,(2,2),(59.0551,157.48034),.PIECEWISE_BEZIER_KNOTS.);
#11662 = CARTESIAN_POINT('',(-86.52217302514,88.580888220524,
    1.500002540005));
#11663 = CARTESIAN_POINT('',(-86.52217302514,88.580888220524,
    4.000008636017));
#11664 = ORIENTED_EDGE('',*,*,#11665,.T.);
#11665 = EDGE_CURVE('',#11659,#11666,#11668,.T.);
#11666 = VERTEX_POINT('',#11667);
#11667 = CARTESIAN_POINT('',(-87.72217546355,88.580888220525,
    4.000008636017));
#11668 = ( BOUNDED_CURVE() B_SPLINE_CURVE(2,(#11669,#11670,#11671),
.UNSPECIFIED.,.F.,.F.) B_SPLINE_CURVE_WITH_KNOTS((3,3),(1.344141572039,
1.79745108155),.PIECEWISE_BEZIER_KNOTS.) CURVE() 
GEOMETRIC_REPRESENTATION_ITEM() RATIONAL_B_SPLINE_CURVE((1.,
0.974423586327,1.)) REPRESENTATION_ITEM('') );
#11669 = CARTESIAN_POINT('',(-86.52217302514,88.580888220524,
    4.000008636017));
#11670 = CARTESIAN_POINT('',(-87.12217424434,88.719258983039,
    4.000008636017));
#11671 = CARTESIAN_POINT('',(-87.72217546355,88.580888220524,
    4.000008636017));
#11672 = ORIENTED_EDGE('',*,*,#11673,.F.);
#11673 = EDGE_CURVE('',#8279,#11666,#11674,.T.);
#11674 = B_SPLINE_CURVE_WITH_KNOTS('',1,(#11675,#11676),.UNSPECIFIED.,
  .F.,.F.,(2,2),(59.0551,157.48034),.PIECEWISE_BEZIER_KNOTS.);
#11675 = CARTESIAN_POINT('',(-87.72217546355,88.580888220524,
    1.500002540005));
#11676 = CARTESIAN_POINT('',(-87.72217546355,88.580888220524,
    4.000008636017));
#11677 = ORIENTED_EDGE('',*,*,#8285,.T.);
#11678 = ORIENTED_EDGE('',*,*,#11679,.T.);
#11679 = EDGE_CURVE('',#8286,#11680,#11682,.T.);
#11680 = VERTEX_POINT('',#11681);
#11681 = CARTESIAN_POINT('',(-89.72389050652,86.579173177546,
    4.000008636017));
#11682 = B_SPLINE_CURVE_WITH_KNOTS('',1,(#11683,#11684),.UNSPECIFIED.,
  .F.,.F.,(2,2),(59.0551,157.48034),.PIECEWISE_BEZIER_KNOTS.);
#11683 = CARTESIAN_POINT('',(-89.72389050652,86.579173177546,
    1.500002540005));
#11684 = CARTESIAN_POINT('',(-89.72389050652,86.579173177546,
    4.000008636017));
#11685 = ORIENTED_EDGE('',*,*,#11686,.T.);
#11686 = EDGE_CURVE('',#11680,#11687,#11689,.T.);
#11687 = VERTEX_POINT('',#11688);
#11688 = CARTESIAN_POINT('',(-89.72389050652,85.379170739141,
    4.000008636017));
#11689 = ( BOUNDED_CURVE() B_SPLINE_CURVE(2,(#11690,#11691,#11692),
.UNSPECIFIED.,.F.,.F.) B_SPLINE_CURVE_WITH_KNOTS((3,3),(2.914937898834,
3.368247408345),.PIECEWISE_BEZIER_KNOTS.) CURVE() 
GEOMETRIC_REPRESENTATION_ITEM() RATIONAL_B_SPLINE_CURVE((1.,
0.974423586327,1.)) REPRESENTATION_ITEM('') );
#11690 = CARTESIAN_POINT('',(-89.72389050652,86.579173177546,
    4.000008636017));
#11691 = CARTESIAN_POINT('',(-89.86226126904,85.979171958344,
    4.000008636017));
#11692 = CARTESIAN_POINT('',(-89.72389050652,85.379170739141,
    4.000008636017));
#11693 = ORIENTED_EDGE('',*,*,#11694,.F.);
#11694 = EDGE_CURVE('',#8308,#11687,#11695,.T.);
#11695 = B_SPLINE_CURVE_WITH_KNOTS('',1,(#11696,#11697),.UNSPECIFIED.,
  .F.,.F.,(2,2),(59.0551,157.48034),.PIECEWISE_BEZIER_KNOTS.);
#11696 = CARTESIAN_POINT('',(-89.72389050652,85.379170739141,
    1.500002540005));
#11697 = CARTESIAN_POINT('',(-89.72389050652,85.379170739141,
    4.000008636017));
#11698 = ORIENTED_EDGE('',*,*,#8314,.T.);
#11699 = ORIENTED_EDGE('',*,*,#11700,.T.);
#11700 = EDGE_CURVE('',#8315,#11701,#11703,.T.);
#11701 = VERTEX_POINT('',#11702);
#11702 = CARTESIAN_POINT('',(-87.72217546355,83.377455696163,
    4.000008636017));
#11703 = B_SPLINE_CURVE_WITH_KNOTS('',1,(#11704,#11705),.UNSPECIFIED.,
  .F.,.F.,(2,2),(59.0551,157.48034),.PIECEWISE_BEZIER_KNOTS.);
#11704 = CARTESIAN_POINT('',(-87.72217546355,83.377455696164,
    1.500002540005));
#11705 = CARTESIAN_POINT('',(-87.72217546355,83.377455696164,
    4.000008636017));
#11706 = ORIENTED_EDGE('',*,*,#11707,.T.);
#11707 = EDGE_CURVE('',#11701,#11708,#11710,.T.);
#11708 = VERTEX_POINT('',#11709);
#11709 = CARTESIAN_POINT('',(-86.52217302514,83.377455696164,
    4.000008636017));
#11710 = ( BOUNDED_CURVE() B_SPLINE_CURVE(2,(#11711,#11712,#11713),
.UNSPECIFIED.,.F.,.F.) B_SPLINE_CURVE_WITH_KNOTS((3,3),(4.485734225629,
4.93904373514),.PIECEWISE_BEZIER_KNOTS.) CURVE() 
GEOMETRIC_REPRESENTATION_ITEM() RATIONAL_B_SPLINE_CURVE((1.,
0.974423586327,1.)) REPRESENTATION_ITEM('') );
#11711 = CARTESIAN_POINT('',(-87.72217546355,83.377455696164,
    4.000008636017));
#11712 = CARTESIAN_POINT('',(-87.12217424434,83.239084933649,
    4.000008636017));
#11713 = CARTESIAN_POINT('',(-86.52217302514,83.377455696164,
    4.000008636017));
#11714 = ORIENTED_EDGE('',*,*,#11715,.F.);
#11715 = EDGE_CURVE('',#8337,#11708,#11716,.T.);
#11716 = B_SPLINE_CURVE_WITH_KNOTS('',1,(#11717,#11718),.UNSPECIFIED.,
  .F.,.F.,(2,2),(59.0551,157.48034),.PIECEWISE_BEZIER_KNOTS.);
#11717 = CARTESIAN_POINT('',(-86.52217302514,83.377455696164,
    1.500002540005));
#11718 = CARTESIAN_POINT('',(-86.52217302514,83.377455696164,
    4.000008636017));
#11719 = ORIENTED_EDGE('',*,*,#8343,.T.);
#11720 = ORIENTED_EDGE('',*,*,#11721,.T.);
#11721 = EDGE_CURVE('',#8344,#11623,#11722,.T.);
#11722 = B_SPLINE_CURVE_WITH_KNOTS('',1,(#11723,#11724),.UNSPECIFIED.,
  .F.,.F.,(2,2),(59.0551,157.48034),.PIECEWISE_BEZIER_KNOTS.);
#11723 = CARTESIAN_POINT('',(-84.52045798216,85.379170739142,
    1.500002540005));
#11724 = CARTESIAN_POINT('',(-84.52045798216,85.379170739142,
    4.000008636017));
#11725 = ( BOUNDED_SURFACE() B_SPLINE_SURFACE(2,1,(
    (#11726,#11727)
    ,(#11728,#11729)
    ,(#11730,#11731)
    ,(#11732,#11733)
    ,(#11734,#11735)
    ,(#11736,#11737)
    ,(#11738,#11739
)),.UNSPECIFIED.,.T.,.F.,.F.) B_SPLINE_SURFACE_WITH_KNOTS((1,2,2,2,2,1),
  (2,2),(-2.094395102394,0.,2.094395102393,4.188790204786,6.28318530718,
    8.377580409573),(59.0551,236.2205),.UNSPECIFIED.) 
GEOMETRIC_REPRESENTATION_ITEM() RATIONAL_B_SPLINE_SURFACE((
    (1.,1.)
    ,(0.5,0.5)
    ,(1.,1.)
    ,(0.5,0.5)
    ,(1.,1.)
    ,(0.5,0.5)
,(1.,1.))) REPRESENTATION_ITEM('') SURFACE() );
#11726 = CARTESIAN_POINT('',(-84.45216881889,85.979171958344,
    1.500002540005));
#11727 = CARTESIAN_POINT('',(-84.45216881889,85.979171958344,
    6.000012700025));
#11728 = CARTESIAN_POINT('',(-84.45216881889,90.603757011709,
    1.500002540005));
#11729 = CARTESIAN_POINT('',(-84.45216881889,90.603757011709,
    6.000012700025));
#11730 = CARTESIAN_POINT('',(-88.45717695707,88.291464485027,
    1.500002540005));
#11731 = CARTESIAN_POINT('',(-88.45717695707,88.291464485027,
    6.000012700025));
#11732 = CARTESIAN_POINT('',(-92.46218509525,85.979171958344,
    1.500002540005));
#11733 = CARTESIAN_POINT('',(-92.46218509525,85.979171958344,
    6.000012700025));
#11734 = CARTESIAN_POINT('',(-88.45717695707,83.666879431661,
    1.500002540005));
#11735 = CARTESIAN_POINT('',(-88.45717695707,83.666879431661,
    6.000012700025));
#11736 = CARTESIAN_POINT('',(-84.45216881889,81.354586904978,
    1.500002540005));
#11737 = CARTESIAN_POINT('',(-84.45216881889,81.354586904978,
    6.000012700025));
#11738 = CARTESIAN_POINT('',(-84.45216881889,85.979171958344,
    1.500002540005));
#11739 = CARTESIAN_POINT('',(-84.45216881889,85.979171958344,
    6.000012700025));
#11740 = ADVANCED_FACE('',(#11741),#11757,.F.);
#11741 = FACE_BOUND('',#11742,.F.);
#11742 = EDGE_LOOP('',(#11743,#11750,#11751,#11752));
#11743 = ORIENTED_EDGE('',*,*,#11744,.T.);
#11744 = EDGE_CURVE('',#11745,#8265,#11747,.T.);
#11745 = VERTEX_POINT('',#11746);
#11746 = CARTESIAN_POINT('',(-86.52217302514,91.649183479807,
    4.000008636017));
#11747 = B_SPLINE_CURVE_WITH_KNOTS('',1,(#11748,#11749),.UNSPECIFIED.,
  .F.,.F.,(2,2),(0.,126.04578797359),.PIECEWISE_BEZIER_KNOTS.);
#11748 = CARTESIAN_POINT('',(-86.52217302514,91.649183479807,
    4.000008636017));
#11749 = CARTESIAN_POINT('',(-86.52217302514,93.649187543815,
    1.500002540005));
#11750 = ORIENTED_EDGE('',*,*,#8264,.F.);
#11751 = ORIENTED_EDGE('',*,*,#11658,.T.);
#11752 = ORIENTED_EDGE('',*,*,#11753,.T.);
#11753 = EDGE_CURVE('',#11659,#11745,#11754,.T.);
#11754 = B_SPLINE_CURVE_WITH_KNOTS('',1,(#11755,#11756),.UNSPECIFIED.,
  .F.,.F.,(2,2),(47.311457242055,168.1102416),.PIECEWISE_BEZIER_KNOTS.);
#11755 = CARTESIAN_POINT('',(-86.52217302514,88.580888220525,
    4.000008636017));
#11756 = CARTESIAN_POINT('',(-86.52217302514,91.649183479807,
    4.000008636017));
#11757 = B_SPLINE_SURFACE_WITH_KNOTS('',1,1,(
    (#11758,#11759)
    ,(#11760,#11761
    )),.UNSPECIFIED.,.F.,.F.,.F.,(2,2),(2,2),(-134.2125579718,
    65.326386386162),(-12.57728272407,85.847957275927),
  .PIECEWISE_BEZIER_KNOTS.);
#11758 = CARTESIAN_POINT('',(-86.52217302514,93.649187543815,
    1.500002540005));
#11759 = CARTESIAN_POINT('',(-86.52217302514,93.649187543815,
    4.000008636017));
#11760 = CARTESIAN_POINT('',(-86.52217302514,88.580888220524,
    1.500002540005));
#11761 = CARTESIAN_POINT('',(-86.52217302514,88.580888220524,
    4.000008636017));
#11762 = ADVANCED_FACE('',(#11763),#11779,.T.);
#11763 = FACE_BOUND('',#11764,.T.);
#11764 = EDGE_LOOP('',(#11765,#11772,#11773,#11774));
#11765 = ORIENTED_EDGE('',*,*,#11766,.T.);
#11766 = EDGE_CURVE('',#11767,#11745,#11769,.T.);
#11767 = VERTEX_POINT('',#11768);
#11768 = CARTESIAN_POINT('',(-87.72217546355,91.649183479807,
    4.000008636017));
#11769 = B_SPLINE_CURVE_WITH_KNOTS('',1,(#11770,#11771),.UNSPECIFIED.,
  .F.,.F.,(2,2),(0.,47.244096),.PIECEWISE_BEZIER_KNOTS.);
#11770 = CARTESIAN_POINT('',(-87.72217546355,91.649183479807,
    4.000008636017));
#11771 = CARTESIAN_POINT('',(-86.52217302514,91.649183479807,
    4.000008636017));
#11772 = ORIENTED_EDGE('',*,*,#11744,.T.);
#11773 = ORIENTED_EDGE('',*,*,#8271,.F.);
#11774 = ORIENTED_EDGE('',*,*,#11775,.F.);
#11775 = EDGE_CURVE('',#11767,#8272,#11776,.T.);
#11776 = B_SPLINE_CURVE_WITH_KNOTS('',1,(#11777,#11778),.UNSPECIFIED.,
  .F.,.F.,(2,2),(0.,126.04578797359),.PIECEWISE_BEZIER_KNOTS.);
#11777 = CARTESIAN_POINT('',(-87.72217546355,91.649183479807,
    4.000008636017));
#11778 = CARTESIAN_POINT('',(-87.72217546355,93.649187543815,
    1.500002540005));
#11779 = B_SPLINE_SURFACE_WITH_KNOTS('',1,1,(
    (#11780,#11781)
    ,(#11782,#11783
    )),.UNSPECIFIED.,.F.,.F.,.F.,(2,2),(2,2),(0.,126.04578797359),(
    -47.244096,0.),.PIECEWISE_BEZIER_KNOTS.);
#11780 = CARTESIAN_POINT('',(-86.52217302514,91.649183479807,
    4.000008636017));
#11781 = CARTESIAN_POINT('',(-87.72217546355,91.649183479807,
    4.000008636017));
#11782 = CARTESIAN_POINT('',(-86.52217302514,93.649187543815,
    1.500002540005));
#11783 = CARTESIAN_POINT('',(-87.72217546355,93.649187543815,
    1.500002540005));
#11784 = ADVANCED_FACE('',(#11785),#11795,.T.);
#11785 = FACE_BOUND('',#11786,.T.);
#11786 = EDGE_LOOP('',(#11787,#11788,#11789,#11790));
#11787 = ORIENTED_EDGE('',*,*,#11775,.T.);
#11788 = ORIENTED_EDGE('',*,*,#8278,.F.);
#11789 = ORIENTED_EDGE('',*,*,#11673,.T.);
#11790 = ORIENTED_EDGE('',*,*,#11791,.T.);
#11791 = EDGE_CURVE('',#11666,#11767,#11792,.T.);
#11792 = B_SPLINE_CURVE_WITH_KNOTS('',1,(#11793,#11794),.UNSPECIFIED.,
  .F.,.F.,(2,2),(47.311457242055,168.1102416),.PIECEWISE_BEZIER_KNOTS.);
#11793 = CARTESIAN_POINT('',(-87.72217546355,88.580888220525,
    4.000008636017));
#11794 = CARTESIAN_POINT('',(-87.72217546355,91.649183479807,
    4.000008636017));
#11795 = B_SPLINE_SURFACE_WITH_KNOTS('',1,1,(
    (#11796,#11797)
    ,(#11798,#11799
    )),.UNSPECIFIED.,.F.,.F.,.F.,(2,2),(2,2),(-134.2125579718,
    65.326386386162),(-12.57728272407,85.847957275927),
  .PIECEWISE_BEZIER_KNOTS.);
#11796 = CARTESIAN_POINT('',(-87.72217546355,93.649187543815,
    1.500002540005));
#11797 = CARTESIAN_POINT('',(-87.72217546355,93.649187543815,
    4.000008636017));
#11798 = CARTESIAN_POINT('',(-87.72217546355,88.580888220524,
    1.500002540005));
#11799 = CARTESIAN_POINT('',(-87.72217546355,88.580888220524,
    4.000008636017));
#11800 = ADVANCED_FACE('',(#11801),#11817,.F.);
#11801 = FACE_BOUND('',#11802,.F.);
#11802 = EDGE_LOOP('',(#11803,#11810,#11811,#11812));
#11803 = ORIENTED_EDGE('',*,*,#11804,.T.);
#11804 = EDGE_CURVE('',#11805,#8294,#11807,.T.);
#11805 = VERTEX_POINT('',#11806);
#11806 = CARTESIAN_POINT('',(-92.79218576581,86.579173177546,
    4.000008636017));
#11807 = B_SPLINE_CURVE_WITH_KNOTS('',1,(#11808,#11809),.UNSPECIFIED.,
  .F.,.F.,(2,2),(0.,126.04578797359),.PIECEWISE_BEZIER_KNOTS.);
#11808 = CARTESIAN_POINT('',(-92.79218576581,86.579173177546,
    4.000008636017));
#11809 = CARTESIAN_POINT('',(-94.79218982982,86.579173177546,
    1.500002540005));
#11810 = ORIENTED_EDGE('',*,*,#8293,.F.);
#11811 = ORIENTED_EDGE('',*,*,#11679,.T.);
#11812 = ORIENTED_EDGE('',*,*,#11813,.T.);
#11813 = EDGE_CURVE('',#11680,#11805,#11814,.T.);
#11814 = B_SPLINE_CURVE_WITH_KNOTS('',1,(#11815,#11816),.UNSPECIFIED.,
  .F.,.F.,(2,2),(47.311457242019,168.1102416),.PIECEWISE_BEZIER_KNOTS.);
#11815 = CARTESIAN_POINT('',(-89.72389050652,86.579173177546,
    4.000008636017));
#11816 = CARTESIAN_POINT('',(-92.79218576581,86.579173177546,
    4.000008636017));
#11817 = B_SPLINE_SURFACE_WITH_KNOTS('',1,1,(
    (#11818,#11819)
    ,(#11820,#11821
    )),.UNSPECIFIED.,.F.,.F.,.F.,(2,2),(2,2),(-134.2125579718,
    65.326386386175),(-12.57728272407,85.847957275928),
  .PIECEWISE_BEZIER_KNOTS.);
#11818 = CARTESIAN_POINT('',(-94.79218982982,86.579173177546,
    1.500002540005));
#11819 = CARTESIAN_POINT('',(-94.79218982982,86.579173177546,
    4.000008636017));
#11820 = CARTESIAN_POINT('',(-89.72389050652,86.579173177546,
    1.500002540005));
#11821 = CARTESIAN_POINT('',(-89.72389050652,86.579173177546,
    4.000008636017));
#11822 = ADVANCED_FACE('',(#11823),#11839,.T.);
#11823 = FACE_BOUND('',#11824,.T.);
#11824 = EDGE_LOOP('',(#11825,#11832,#11833,#11834));
#11825 = ORIENTED_EDGE('',*,*,#11826,.T.);
#11826 = EDGE_CURVE('',#11827,#11805,#11829,.T.);
#11827 = VERTEX_POINT('',#11828);
#11828 = CARTESIAN_POINT('',(-92.79218576581,85.379170739141,
    4.000008636017));
#11829 = B_SPLINE_CURVE_WITH_KNOTS('',1,(#11830,#11831),.UNSPECIFIED.,
  .F.,.F.,(2,2),(0.,47.244096),.PIECEWISE_BEZIER_KNOTS.);
#11830 = CARTESIAN_POINT('',(-92.79218576581,85.379170739141,
    4.000008636017));
#11831 = CARTESIAN_POINT('',(-92.79218576581,86.579173177546,
    4.000008636017));
#11832 = ORIENTED_EDGE('',*,*,#11804,.T.);
#11833 = ORIENTED_EDGE('',*,*,#8300,.F.);
#11834 = ORIENTED_EDGE('',*,*,#11835,.F.);
#11835 = EDGE_CURVE('',#11827,#8301,#11836,.T.);
#11836 = B_SPLINE_CURVE_WITH_KNOTS('',1,(#11837,#11838),.UNSPECIFIED.,
  .F.,.F.,(2,2),(0.,126.04578797359),.PIECEWISE_BEZIER_KNOTS.);
#11837 = CARTESIAN_POINT('',(-92.79218576581,85.379170739141,
    4.000008636017));
#11838 = CARTESIAN_POINT('',(-94.79218982982,85.379170739141,
    1.500002540005));
#11839 = B_SPLINE_SURFACE_WITH_KNOTS('',1,1,(
    (#11840,#11841)
    ,(#11842,#11843
    )),.UNSPECIFIED.,.F.,.F.,.F.,(2,2),(2,2),(0.,126.04578797359),(
    -47.244096,0.),.PIECEWISE_BEZIER_KNOTS.);
#11840 = CARTESIAN_POINT('',(-92.79218576581,86.579173177546,
    4.000008636017));
#11841 = CARTESIAN_POINT('',(-92.79218576581,85.379170739141,
    4.000008636017));
#11842 = CARTESIAN_POINT('',(-94.79218982982,86.579173177546,
    1.500002540005));
#11843 = CARTESIAN_POINT('',(-94.79218982982,85.379170739141,
    1.500002540005));
#11844 = ADVANCED_FACE('',(#11845),#11855,.T.);
#11845 = FACE_BOUND('',#11846,.T.);
#11846 = EDGE_LOOP('',(#11847,#11848,#11849,#11850));
#11847 = ORIENTED_EDGE('',*,*,#11835,.T.);
#11848 = ORIENTED_EDGE('',*,*,#8307,.F.);
#11849 = ORIENTED_EDGE('',*,*,#11694,.T.);
#11850 = ORIENTED_EDGE('',*,*,#11851,.T.);
#11851 = EDGE_CURVE('',#11687,#11827,#11852,.T.);
#11852 = B_SPLINE_CURVE_WITH_KNOTS('',1,(#11853,#11854),.UNSPECIFIED.,
  .F.,.F.,(2,2),(47.311457241982,168.1102416),.PIECEWISE_BEZIER_KNOTS.);
#11853 = CARTESIAN_POINT('',(-89.72389050652,85.379170739141,
    4.000008636017));
#11854 = CARTESIAN_POINT('',(-92.79218576581,85.379170739141,
    4.000008636017));
#11855 = B_SPLINE_SURFACE_WITH_KNOTS('',1,1,(
    (#11856,#11857)
    ,(#11858,#11859
    )),.UNSPECIFIED.,.F.,.F.,.F.,(2,2),(2,2),(-134.2125579718,
    65.326386386212),(-12.57728272407,85.847957275928),
  .PIECEWISE_BEZIER_KNOTS.);
#11856 = CARTESIAN_POINT('',(-94.79218982982,85.379170739141,
    1.500002540005));
#11857 = CARTESIAN_POINT('',(-94.79218982982,85.379170739141,
    4.000008636017));
#11858 = CARTESIAN_POINT('',(-89.72389050652,85.379170739141,
    1.500002540005));
#11859 = CARTESIAN_POINT('',(-89.72389050652,85.379170739141,
    4.000008636017));
#11860 = ADVANCED_FACE('',(#11861),#11877,.F.);
#11861 = FACE_BOUND('',#11862,.F.);
#11862 = EDGE_LOOP('',(#11863,#11870,#11871,#11872));
#11863 = ORIENTED_EDGE('',*,*,#11864,.T.);
#11864 = EDGE_CURVE('',#11865,#8323,#11867,.T.);
#11865 = VERTEX_POINT('',#11866);
#11866 = CARTESIAN_POINT('',(-87.72217546355,80.309160436881,
    4.000008636017));
#11867 = B_SPLINE_CURVE_WITH_KNOTS('',1,(#11868,#11869),.UNSPECIFIED.,
  .F.,.F.,(2,2),(0.,126.04578797359),.PIECEWISE_BEZIER_KNOTS.);
#11868 = CARTESIAN_POINT('',(-87.72217546355,80.309160436881,
    4.000008636017));
#11869 = CARTESIAN_POINT('',(-87.72217546355,78.309156372873,
    1.500002540005));
#11870 = ORIENTED_EDGE('',*,*,#8322,.F.);
#11871 = ORIENTED_EDGE('',*,*,#11700,.T.);
#11872 = ORIENTED_EDGE('',*,*,#11873,.T.);
#11873 = EDGE_CURVE('',#11701,#11865,#11874,.T.);
#11874 = B_SPLINE_CURVE_WITH_KNOTS('',1,(#11875,#11876),.UNSPECIFIED.,
  .F.,.F.,(2,2),(47.311457242055,168.1102416),.PIECEWISE_BEZIER_KNOTS.);
#11875 = CARTESIAN_POINT('',(-87.72217546355,83.377455696163,
    4.000008636017));
#11876 = CARTESIAN_POINT('',(-87.72217546355,80.309160436881,
    4.000008636017));
#11877 = B_SPLINE_SURFACE_WITH_KNOTS('',1,1,(
    (#11878,#11879)
    ,(#11880,#11881
    )),.UNSPECIFIED.,.F.,.F.,.F.,(2,2),(2,2),(-134.2125579718,
    65.326386386162),(-12.57728272407,85.847957275927),
  .PIECEWISE_BEZIER_KNOTS.);
#11878 = CARTESIAN_POINT('',(-87.72217546355,78.309156372873,
    1.500002540005));
#11879 = CARTESIAN_POINT('',(-87.72217546355,78.309156372873,
    4.000008636017));
#11880 = CARTESIAN_POINT('',(-87.72217546355,83.377455696164,
    1.500002540005));
#11881 = CARTESIAN_POINT('',(-87.72217546355,83.377455696164,
    4.000008636017));
#11882 = ADVANCED_FACE('',(#11883),#11899,.T.);
#11883 = FACE_BOUND('',#11884,.T.);
#11884 = EDGE_LOOP('',(#11885,#11892,#11893,#11894));
#11885 = ORIENTED_EDGE('',*,*,#11886,.T.);
#11886 = EDGE_CURVE('',#11887,#11865,#11889,.T.);
#11887 = VERTEX_POINT('',#11888);
#11888 = CARTESIAN_POINT('',(-86.52217302514,80.309160436881,
    4.000008636017));
#11889 = B_SPLINE_CURVE_WITH_KNOTS('',1,(#11890,#11891),.UNSPECIFIED.,
  .F.,.F.,(2,2),(0.,47.244096),.PIECEWISE_BEZIER_KNOTS.);
#11890 = CARTESIAN_POINT('',(-86.52217302514,80.309160436881,
    4.000008636017));
#11891 = CARTESIAN_POINT('',(-87.72217546355,80.309160436881,
    4.000008636017));
#11892 = ORIENTED_EDGE('',*,*,#11864,.T.);
#11893 = ORIENTED_EDGE('',*,*,#8329,.F.);
#11894 = ORIENTED_EDGE('',*,*,#11895,.F.);
#11895 = EDGE_CURVE('',#11887,#8330,#11896,.T.);
#11896 = B_SPLINE_CURVE_WITH_KNOTS('',1,(#11897,#11898),.UNSPECIFIED.,
  .F.,.F.,(2,2),(0.,126.04578797359),.PIECEWISE_BEZIER_KNOTS.);
#11897 = CARTESIAN_POINT('',(-86.52217302514,80.309160436881,
    4.000008636017));
#11898 = CARTESIAN_POINT('',(-86.52217302514,78.309156372873,
    1.500002540005));
#11899 = B_SPLINE_SURFACE_WITH_KNOTS('',1,1,(
    (#11900,#11901)
    ,(#11902,#11903
    )),.UNSPECIFIED.,.F.,.F.,.F.,(2,2),(2,2),(0.,126.04578797359),(
    -47.244096,0.),.PIECEWISE_BEZIER_KNOTS.);
#11900 = CARTESIAN_POINT('',(-87.72217546355,80.309160436881,
    4.000008636017));
#11901 = CARTESIAN_POINT('',(-86.52217302514,80.309160436881,
    4.000008636017));
#11902 = CARTESIAN_POINT('',(-87.72217546355,78.309156372873,
    1.500002540005));
#11903 = CARTESIAN_POINT('',(-86.52217302514,78.309156372873,
    1.500002540005));
#11904 = ADVANCED_FACE('',(#11905),#11915,.T.);
#11905 = FACE_BOUND('',#11906,.T.);
#11906 = EDGE_LOOP('',(#11907,#11908,#11909,#11910));
#11907 = ORIENTED_EDGE('',*,*,#11895,.T.);
#11908 = ORIENTED_EDGE('',*,*,#8336,.F.);
#11909 = ORIENTED_EDGE('',*,*,#11715,.T.);
#11910 = ORIENTED_EDGE('',*,*,#11911,.T.);
#11911 = EDGE_CURVE('',#11708,#11887,#11912,.T.);
#11912 = B_SPLINE_CURVE_WITH_KNOTS('',1,(#11913,#11914),.UNSPECIFIED.,
  .F.,.F.,(2,2),(47.311457242019,168.1102416),.PIECEWISE_BEZIER_KNOTS.);
#11913 = CARTESIAN_POINT('',(-86.52217302514,83.377455696164,
    4.000008636017));
#11914 = CARTESIAN_POINT('',(-86.52217302514,80.309160436881,
    4.000008636017));
#11915 = B_SPLINE_SURFACE_WITH_KNOTS('',1,1,(
    (#11916,#11917)
    ,(#11918,#11919
    )),.UNSPECIFIED.,.F.,.F.,.F.,(2,2),(2,2),(-134.2125579718,
    65.326386386175),(-12.57728272407,85.847957275927),
  .PIECEWISE_BEZIER_KNOTS.);
#11916 = CARTESIAN_POINT('',(-86.52217302514,78.309156372873,
    1.500002540005));
#11917 = CARTESIAN_POINT('',(-86.52217302514,78.309156372873,
    4.000008636017));
#11918 = CARTESIAN_POINT('',(-86.52217302514,83.377455696164,
    1.500002540005));
#11919 = CARTESIAN_POINT('',(-86.52217302514,83.377455696164,
    4.000008636017));
#11920 = ADVANCED_FACE('',(#11921),#11931,.F.);
#11921 = FACE_BOUND('',#11922,.F.);
#11922 = EDGE_LOOP('',(#11923,#11924,#11925,#11926));
#11923 = ORIENTED_EDGE('',*,*,#11581,.T.);
#11924 = ORIENTED_EDGE('',*,*,#8351,.F.);
#11925 = ORIENTED_EDGE('',*,*,#11721,.T.);
#11926 = ORIENTED_EDGE('',*,*,#11927,.T.);
#11927 = EDGE_CURVE('',#11623,#11575,#11928,.T.);
#11928 = B_SPLINE_CURVE_WITH_KNOTS('',1,(#11929,#11930),.UNSPECIFIED.,
  .F.,.F.,(2,2),(47.311457242019,168.1102416),.PIECEWISE_BEZIER_KNOTS.);
#11929 = CARTESIAN_POINT('',(-84.52045798216,85.379170739142,
    4.000008636017));
#11930 = CARTESIAN_POINT('',(-81.45216272288,85.379170739142,
    4.000008636017));
#11931 = B_SPLINE_SURFACE_WITH_KNOTS('',1,1,(
    (#11932,#11933)
    ,(#11934,#11935
    )),.UNSPECIFIED.,.F.,.F.,.F.,(2,2),(2,2),(-134.2125579718,
    65.326386386175),(-12.57728272407,85.847957275928),
  .PIECEWISE_BEZIER_KNOTS.);
#11932 = CARTESIAN_POINT('',(-79.45215865887,85.379170739142,
    1.500002540005));
#11933 = CARTESIAN_POINT('',(-79.45215865887,85.379170739142,
    4.000008636017));
#11934 = CARTESIAN_POINT('',(-84.52045798216,85.379170739142,
    1.500002540005));
#11935 = CARTESIAN_POINT('',(-84.52045798216,85.379170739142,
    4.000008636017));
#11936 = ADVANCED_FACE('',(#11937),#11943,.T.);
#11937 = FACE_BOUND('',#11938,.T.);
#11938 = EDGE_LOOP('',(#11939,#11940,#11941,#11942));
#11939 = ORIENTED_EDGE('',*,*,#8812,.F.);
#11940 = ORIENTED_EDGE('',*,*,#8697,.T.);
#11941 = ORIENTED_EDGE('',*,*,#8666,.T.);
#11942 = ORIENTED_EDGE('',*,*,#8373,.F.);
#11943 = PLANE('',#11944);
#11944 = AXIS2_PLACEMENT_3D('',#11945,#11946,#11947);
#11945 = CARTESIAN_POINT('',(-95.262,94.12,31.));
#11946 = DIRECTION('',(-0.,1.,0.));
#11947 = DIRECTION('',(0.,0.,1.));
#11948 = ADVANCED_FACE('',(#11949,#11983),#11989,.F.);
#11949 = FACE_BOUND('',#11950,.F.);
#11950 = EDGE_LOOP('',(#11951,#11961,#11969,#11977));
#11951 = ORIENTED_EDGE('',*,*,#11952,.F.);
#11952 = EDGE_CURVE('',#11953,#11955,#11957,.T.);
#11953 = VERTEX_POINT('',#11954);
#11954 = CARTESIAN_POINT('',(-97.112,-31.33,35.));
#11955 = VERTEX_POINT('',#11956);
#11956 = CARTESIAN_POINT('',(-97.112,95.97,35.));
#11957 = LINE('',#11958,#11959);
#11958 = CARTESIAN_POINT('',(-97.112,-31.33,35.));
#11959 = VECTOR('',#11960,1.);
#11960 = DIRECTION('',(-0.,1.,0.));
#11961 = ORIENTED_EDGE('',*,*,#11962,.T.);
#11962 = EDGE_CURVE('',#11953,#11963,#11965,.T.);
#11963 = VERTEX_POINT('',#11964);
#11964 = CARTESIAN_POINT('',(3.767,-31.33,35.));
#11965 = LINE('',#11966,#11967);
#11966 = CARTESIAN_POINT('',(-97.112,-31.33,35.));
#11967 = VECTOR('',#11968,1.);
#11968 = DIRECTION('',(1.,0.,-0.));
#11969 = ORIENTED_EDGE('',*,*,#11970,.T.);
#11970 = EDGE_CURVE('',#11963,#11971,#11973,.T.);
#11971 = VERTEX_POINT('',#11972);
#11972 = CARTESIAN_POINT('',(3.767,95.97,35.));
#11973 = LINE('',#11974,#11975);
#11974 = CARTESIAN_POINT('',(3.767,-31.33,35.));
#11975 = VECTOR('',#11976,1.);
#11976 = DIRECTION('',(-0.,1.,0.));
#11977 = ORIENTED_EDGE('',*,*,#11978,.F.);
#11978 = EDGE_CURVE('',#11955,#11971,#11979,.T.);
#11979 = LINE('',#11980,#11981);
#11980 = CARTESIAN_POINT('',(-97.112,95.97,35.));
#11981 = VECTOR('',#11982,1.);
#11982 = DIRECTION('',(1.,0.,-0.));
#11983 = FACE_BOUND('',#11984,.F.);
#11984 = EDGE_LOOP('',(#11985,#11986,#11987,#11988));
#11985 = ORIENTED_EDGE('',*,*,#8575,.F.);
#11986 = ORIENTED_EDGE('',*,*,#8565,.T.);
#11987 = ORIENTED_EDGE('',*,*,#8591,.T.);
#11988 = ORIENTED_EDGE('',*,*,#8583,.F.);
#11989 = PLANE('',#11990);
#11990 = AXIS2_PLACEMENT_3D('',#11991,#11992,#11993);
#11991 = CARTESIAN_POINT('',(-97.112,-31.33,35.));
#11992 = DIRECTION('',(0.,0.,1.));
#11993 = DIRECTION('',(1.,0.,-0.));
#11994 = ADVANCED_FACE('',(#11995),#12001,.F.);
#11995 = FACE_BOUND('',#11996,.F.);
#11996 = EDGE_LOOP('',(#11997,#11998,#11999,#12000));
#11997 = ORIENTED_EDGE('',*,*,#8599,.T.);
#11998 = ORIENTED_EDGE('',*,*,#8625,.T.);
#11999 = ORIENTED_EDGE('',*,*,#8617,.F.);
#12000 = ORIENTED_EDGE('',*,*,#8609,.F.);
#12001 = PLANE('',#12002);
#12002 = AXIS2_PLACEMENT_3D('',#12003,#12004,#12005);
#12003 = CARTESIAN_POINT('',(-98.26,-32.48,35.));
#12004 = DIRECTION('',(0.,0.,1.));
#12005 = DIRECTION('',(1.,0.,-0.));
#12006 = ADVANCED_FACE('',(#12007),#12023,.F.);
#12007 = FACE_BOUND('',#12008,.F.);
#12008 = EDGE_LOOP('',(#12009,#12010,#12016,#12017));
#12009 = ORIENTED_EDGE('',*,*,#8780,.F.);
#12010 = ORIENTED_EDGE('',*,*,#12011,.T.);
#12011 = EDGE_CURVE('',#8781,#8634,#12012,.T.);
#12012 = LINE('',#12013,#12014);
#12013 = CARTESIAN_POINT('',(-95.262,-29.48,31.));
#12014 = VECTOR('',#12015,1.);
#12015 = DIRECTION('',(0.,0.,1.));
#12016 = ORIENTED_EDGE('',*,*,#8633,.T.);
#12017 = ORIENTED_EDGE('',*,*,#12018,.F.);
#12018 = EDGE_CURVE('',#8783,#8636,#12019,.T.);
#12019 = LINE('',#12020,#12021);
#12020 = CARTESIAN_POINT('',(1.917,-29.48,31.));
#12021 = VECTOR('',#12022,1.);
#12022 = DIRECTION('',(0.,0.,1.));
#12023 = PLANE('',#12024);
#12024 = AXIS2_PLACEMENT_3D('',#12025,#12026,#12027);
#12025 = CARTESIAN_POINT('',(-95.262,-29.48,31.));
#12026 = DIRECTION('',(-0.,1.,0.));
#12027 = DIRECTION('',(0.,0.,1.));
#12028 = ADVANCED_FACE('',(#12029),#12035,.T.);
#12029 = FACE_BOUND('',#12030,.T.);
#12030 = EDGE_LOOP('',(#12031,#12032,#12033,#12034));
#12031 = ORIENTED_EDGE('',*,*,#12018,.F.);
#12032 = ORIENTED_EDGE('',*,*,#8820,.T.);
#12033 = ORIENTED_EDGE('',*,*,#9000,.F.);
#12034 = ORIENTED_EDGE('',*,*,#8674,.F.);
#12035 = PLANE('',#12036);
#12036 = AXIS2_PLACEMENT_3D('',#12037,#12038,#12039);
#12037 = CARTESIAN_POINT('',(1.917,-29.48,31.));
#12038 = DIRECTION('',(1.,0.,-0.));
#12039 = DIRECTION('',(0.,0.,1.));
#12040 = ADVANCED_FACE('',(#12041),#12047,.F.);
#12041 = FACE_BOUND('',#12042,.F.);
#12042 = EDGE_LOOP('',(#12043,#12044,#12045,#12046));
#12043 = ORIENTED_EDGE('',*,*,#12011,.F.);
#12044 = ORIENTED_EDGE('',*,*,#8790,.T.);
#12045 = ORIENTED_EDGE('',*,*,#9009,.F.);
#12046 = ORIENTED_EDGE('',*,*,#8643,.F.);
#12047 = PLANE('',#12048);
#12048 = AXIS2_PLACEMENT_3D('',#12049,#12050,#12051);
#12049 = CARTESIAN_POINT('',(-95.262,-29.48,31.));
#12050 = DIRECTION('',(1.,0.,-0.));
#12051 = DIRECTION('',(0.,0.,1.));
#12052 = ADVANCED_FACE('',(#12053,#12087),#12093,.T.);
#12053 = FACE_BOUND('',#12054,.T.);
#12054 = EDGE_LOOP('',(#12055,#12065,#12073,#12081));
#12055 = ORIENTED_EDGE('',*,*,#12056,.F.);
#12056 = EDGE_CURVE('',#12057,#12059,#12061,.T.);
#12057 = VERTEX_POINT('',#12058);
#12058 = CARTESIAN_POINT('',(-97.112,-31.33,31.));
#12059 = VERTEX_POINT('',#12060);
#12060 = CARTESIAN_POINT('',(-97.112,95.97,31.));
#12061 = LINE('',#12062,#12063);
#12062 = CARTESIAN_POINT('',(-97.112,-31.33,31.));
#12063 = VECTOR('',#12064,1.);
#12064 = DIRECTION('',(-0.,1.,0.));
#12065 = ORIENTED_EDGE('',*,*,#12066,.T.);
#12066 = EDGE_CURVE('',#12057,#12067,#12069,.T.);
#12067 = VERTEX_POINT('',#12068);
#12068 = CARTESIAN_POINT('',(3.767,-31.33,31.));
#12069 = LINE('',#12070,#12071);
#12070 = CARTESIAN_POINT('',(-97.112,-31.33,31.));
#12071 = VECTOR('',#12072,1.);
#12072 = DIRECTION('',(1.,0.,-0.));
#12073 = ORIENTED_EDGE('',*,*,#12074,.T.);
#12074 = EDGE_CURVE('',#12067,#12075,#12077,.T.);
#12075 = VERTEX_POINT('',#12076);
#12076 = CARTESIAN_POINT('',(3.767,95.97,31.));
#12077 = LINE('',#12078,#12079);
#12078 = CARTESIAN_POINT('',(3.767,-31.33,31.));
#12079 = VECTOR('',#12080,1.);
#12080 = DIRECTION('',(-0.,1.,0.));
#12081 = ORIENTED_EDGE('',*,*,#12082,.F.);
#12082 = EDGE_CURVE('',#12059,#12075,#12083,.T.);
#12083 = LINE('',#12084,#12085);
#12084 = CARTESIAN_POINT('',(-97.112,95.97,31.));
#12085 = VECTOR('',#12086,1.);
#12086 = DIRECTION('',(1.,0.,-0.));
#12087 = FACE_BOUND('',#12088,.T.);
#12088 = EDGE_LOOP('',(#12089,#12090,#12091,#12092));
#12089 = ORIENTED_EDGE('',*,*,#8722,.F.);
#12090 = ORIENTED_EDGE('',*,*,#8712,.T.);
#12091 = ORIENTED_EDGE('',*,*,#8738,.T.);
#12092 = ORIENTED_EDGE('',*,*,#8730,.F.);
#12093 = PLANE('',#12094);
#12094 = AXIS2_PLACEMENT_3D('',#12095,#12096,#12097);
#12095 = CARTESIAN_POINT('',(-97.112,-31.33,31.));
#12096 = DIRECTION('',(0.,0.,1.));
#12097 = DIRECTION('',(1.,0.,-0.));
#12098 = ADVANCED_FACE('',(#12099),#12105,.T.);
#12099 = FACE_BOUND('',#12100,.T.);
#12100 = EDGE_LOOP('',(#12101,#12102,#12103,#12104));
#12101 = ORIENTED_EDGE('',*,*,#8746,.T.);
#12102 = ORIENTED_EDGE('',*,*,#8772,.T.);
#12103 = ORIENTED_EDGE('',*,*,#8764,.F.);
#12104 = ORIENTED_EDGE('',*,*,#8756,.F.);
#12105 = PLANE('',#12106);
#12106 = AXIS2_PLACEMENT_3D('',#12107,#12108,#12109);
#12107 = CARTESIAN_POINT('',(-98.26,-32.48,31.));
#12108 = DIRECTION('',(0.,0.,1.));
#12109 = DIRECTION('',(1.,0.,-0.));
#12110 = ADVANCED_FACE('',(#12111),#12118,.T.);
#12111 = FACE_BOUND('',#12112,.T.);
#12112 = EDGE_LOOP('',(#12113,#12114,#12115,#12116,#12117));
#12113 = ORIENTED_EDGE('',*,*,#8859,.F.);
#12114 = ORIENTED_EDGE('',*,*,#9090,.F.);
#12115 = ORIENTED_EDGE('',*,*,#9064,.F.);
#12116 = ORIENTED_EDGE('',*,*,#8910,.T.);
#12117 = ORIENTED_EDGE('',*,*,#8880,.F.);
#12118 = B_SPLINE_SURFACE_WITH_KNOTS('',1,1,(
    (#12119,#12120)
    ,(#12121,#12122
    )),.UNSPECIFIED.,.F.,.F.,.F.,(2,2),(2,2),(47.311457242028,
    168.1102416),(-47.244096,8.810729923425E-13),
  .PIECEWISE_BEZIER_KNOTS.);
#12119 = CARTESIAN_POINT('',(-2.097293135839,65.567131115062,
    4.000008636017));
#12120 = CARTESIAN_POINT('',(-2.097293135839,66.767133553467,
    4.000008636017));
#12121 = CARTESIAN_POINT('',(0.971002123444,65.567131115062,
    4.000008636017));
#12122 = CARTESIAN_POINT('',(0.971002123444,66.767133553467,
    4.000008636017));
#12123 = ADVANCED_FACE('',(#12124),#12131,.T.);
#12124 = FACE_BOUND('',#12125,.T.);
#12125 = EDGE_LOOP('',(#12126,#12127,#12128,#12129,#12130));
#12126 = ORIENTED_EDGE('',*,*,#8933,.F.);
#12127 = ORIENTED_EDGE('',*,*,#9386,.F.);
#12128 = ORIENTED_EDGE('',*,*,#9360,.F.);
#12129 = ORIENTED_EDGE('',*,*,#8984,.T.);
#12130 = ORIENTED_EDGE('',*,*,#8954,.F.);
#12131 = B_SPLINE_SURFACE_WITH_KNOTS('',1,1,(
    (#12132,#12133)
    ,(#12134,#12135
    )),.UNSPECIFIED.,.F.,.F.,.F.,(2,2),(2,2),(47.311457242032,
    168.1102416),(-47.244096,0.),.PIECEWISE_BEZIER_KNOTS.);
#12132 = CARTESIAN_POINT('',(-2.39829389784,4.353008686817,
    4.000008636017));
#12133 = CARTESIAN_POINT('',(-2.39829389784,5.553011125222,
    4.000008636017));
#12134 = CARTESIAN_POINT('',(0.670001361443,4.353008686817,
    4.000008636017));
#12135 = CARTESIAN_POINT('',(0.670001361443,5.553011125222,
    4.000008636017));
#12136 = ADVANCED_FACE('',(#12137),#12147,.T.);
#12137 = FACE_BOUND('',#12138,.T.);
#12138 = EDGE_LOOP('',(#12139,#12140,#12145,#12146));
#12139 = ORIENTED_EDGE('',*,*,#10236,.F.);
#12140 = ORIENTED_EDGE('',*,*,#12141,.T.);
#12141 = EDGE_CURVE('',#10230,#10877,#12142,.T.);
#12142 = B_SPLINE_CURVE_WITH_KNOTS('',1,(#12143,#12144),.UNSPECIFIED.,
  .F.,.F.,(2,2),(0.,47.2441),.PIECEWISE_BEZIER_KNOTS.);
#12143 = CARTESIAN_POINT('',(-18.90003683007,-27.6245504191,
    6.00001016002));
#12144 = CARTESIAN_POINT('',(-20.10003937007,-27.6245504191,
    6.00001016002));
#12145 = ORIENTED_EDGE('',*,*,#10883,.T.);
#12146 = ORIENTED_EDGE('',*,*,#9044,.F.);
#12147 = B_SPLINE_SURFACE_WITH_KNOTS('',1,1,(
    (#12148,#12149)
    ,(#12150,#12151
    )),.UNSPECIFIED.,.F.,.F.,.F.,(2,2),(2,2),(0.,179.48028703516),(
    -47.2441,0.),.PIECEWISE_BEZIER_KNOTS.);
#12148 = CARTESIAN_POINT('',(-20.10003937007,-27.6245504191,
    6.00001016002));
#12149 = CARTESIAN_POINT('',(-18.90003683007,-27.6245504191,
    6.00001016002));
#12150 = CARTESIAN_POINT('',(-20.10003937007,-29.47605918211,
    1.834118970353));
#12151 = CARTESIAN_POINT('',(-18.90003683007,-29.47605918211,
    1.834118970353));
#12152 = ADVANCED_FACE('',(#12153),#12163,.T.);
#12153 = FACE_BOUND('',#12154,.T.);
#12154 = EDGE_LOOP('',(#12155,#12156,#12161,#12162));
#12155 = ORIENTED_EDGE('',*,*,#10912,.F.);
#12156 = ORIENTED_EDGE('',*,*,#12157,.T.);
#12157 = EDGE_CURVE('',#10906,#11553,#12158,.T.);
#12158 = B_SPLINE_CURVE_WITH_KNOTS('',1,(#12159,#12160),.UNSPECIFIED.,
  .F.,.F.,(2,2),(0.,47.2441),.PIECEWISE_BEZIER_KNOTS.);
#12159 = CARTESIAN_POINT('',(-84.61716916433,-27.6245504191,
    6.00001016002));
#12160 = CARTESIAN_POINT('',(-85.81717170434,-27.6245504191,
    6.00001016002));
#12161 = ORIENTED_EDGE('',*,*,#11559,.T.);
#12162 = ORIENTED_EDGE('',*,*,#9024,.F.);
#12163 = B_SPLINE_SURFACE_WITH_KNOTS('',1,1,(
    (#12164,#12165)
    ,(#12166,#12167
    )),.UNSPECIFIED.,.F.,.F.,.F.,(2,2),(2,2),(0.,179.48028703516),(
    -47.2441,0.),.PIECEWISE_BEZIER_KNOTS.);
#12164 = CARTESIAN_POINT('',(-85.81717170434,-27.6245504191,
    6.00001016002));
#12165 = CARTESIAN_POINT('',(-84.61716916433,-27.6245504191,
    6.00001016002));
#12166 = CARTESIAN_POINT('',(-85.81717170434,-29.47605918211,
    1.834118970353));
#12167 = CARTESIAN_POINT('',(-84.61716916433,-29.47605918211,
    1.834118970353));
#12168 = ADVANCED_FACE('',(#12169,#12172),#12186,.T.);
#12169 = FACE_BOUND('',#12170,.T.);
#12170 = EDGE_LOOP('',(#12171));
#12171 = ORIENTED_EDGE('',*,*,#9079,.T.);
#12172 = FACE_BOUND('',#12173,.T.);
#12173 = EDGE_LOOP('',(#12174));
#12174 = ORIENTED_EDGE('',*,*,#12175,.F.);
#12175 = EDGE_CURVE('',#12176,#12176,#12178,.T.);
#12176 = VERTEX_POINT('',#12177);
#12177 = CARTESIAN_POINT('',(-3.299006553213,66.167132334265,
    6.000012700025));
#12178 = ( BOUNDED_CURVE() B_SPLINE_CURVE(2,(#12179,#12180,#12181,#12182
    ,#12183,#12184,#12185),.UNSPECIFIED.,.T.,.F.) 
B_SPLINE_CURVE_WITH_KNOTS((1,2,2,2,2,1),(-2.094395102394,0.,
    2.094395102393,4.188790204786,6.28318530718,8.377580409573),
.UNSPECIFIED.) CURVE() GEOMETRIC_REPRESENTATION_ITEM() 
RATIONAL_B_SPLINE_CURVE((1.,0.5,1.,0.5,1.,0.5,1.)) REPRESENTATION_ITEM(
  '') );
#12179 = CARTESIAN_POINT('',(-3.299006553213,66.167132334265,
    6.000012700025));
#12180 = CARTESIAN_POINT('',(-3.299006553213,68.592008392209,
    6.000012700025));
#12181 = CARTESIAN_POINT('',(-5.399010820422,67.379570363237,
    6.000012700025));
#12182 = CARTESIAN_POINT('',(-7.49901508763,66.167132334265,
    6.000012700025));
#12183 = CARTESIAN_POINT('',(-5.399010820422,64.954694305292,
    6.000012700025));
#12184 = CARTESIAN_POINT('',(-3.299006553213,63.74225627632,
    6.000012700025));
#12185 = CARTESIAN_POINT('',(-3.299006553213,66.167132334265,
    6.000012700025));
#12186 = B_SPLINE_SURFACE_WITH_KNOTS('',1,1,(
    (#12187,#12188)
    ,(#12189,#12190
    )),.UNSPECIFIED.,.F.,.F.,.F.,(2,2),(2,2),(-105.1181136,105.1181136),
  (-105.1181136,105.1181136),.PIECEWISE_BEZIER_KNOTS.);
#12187 = CARTESIAN_POINT('',(-7.36901482347,63.497126908814,
    6.000012700025));
#12188 = CARTESIAN_POINT('',(-7.36901482347,68.837137759716,
    6.000012700025));
#12189 = CARTESIAN_POINT('',(-2.029003972568,63.497126908814,
    6.000012700025));
#12190 = CARTESIAN_POINT('',(-2.029003972568,68.837137759716,
    6.000012700025));
#12191 = ADVANCED_FACE('',(#12192),#12198,.T.);
#12192 = FACE_BOUND('',#12193,.T.);
#12193 = EDGE_LOOP('',(#12194,#12195,#12196,#12197));
#12194 = ORIENTED_EDGE('',*,*,#9227,.F.);
#12195 = ORIENTED_EDGE('',*,*,#9105,.F.);
#12196 = ORIENTED_EDGE('',*,*,#9189,.T.);
#12197 = ORIENTED_EDGE('',*,*,#9202,.F.);
#12198 = B_SPLINE_SURFACE_WITH_KNOTS('',1,1,(
    (#12199,#12200)
    ,(#12201,#12202
    )),.UNSPECIFIED.,.F.,.F.,.F.,(2,2),(2,2),(47.311457242028,
    168.1102416),(-47.244096,8.810729923425E-13),
  .PIECEWISE_BEZIER_KNOTS.);
#12199 = CARTESIAN_POINT('',(-4.099008178816,68.768848596445,
    4.000008636017));
#12200 = CARTESIAN_POINT('',(-5.299010617221,68.768848596445,
    4.000008636017));
#12201 = CARTESIAN_POINT('',(-4.099008178816,71.837143855728,
    4.000008636017));
#12202 = CARTESIAN_POINT('',(-5.299010617221,71.837143855728,
    4.000008636017));
#12203 = ADVANCED_FACE('',(#12204),#12210,.T.);
#12204 = FACE_BOUND('',#12205,.T.);
#12205 = EDGE_LOOP('',(#12206,#12207,#12208,#12209));
#12206 = ORIENTED_EDGE('',*,*,#9287,.F.);
#12207 = ORIENTED_EDGE('',*,*,#9126,.F.);
#12208 = ORIENTED_EDGE('',*,*,#9249,.T.);
#12209 = ORIENTED_EDGE('',*,*,#9262,.F.);
#12210 = B_SPLINE_SURFACE_WITH_KNOTS('',1,1,(
    (#12211,#12212)
    ,(#12213,#12214
    )),.UNSPECIFIED.,.F.,.F.,.F.,(2,2),(2,2),(47.311457242028,
    168.1102416),(-47.244096,8.597567102697E-13),
  .PIECEWISE_BEZIER_KNOTS.);
#12211 = CARTESIAN_POINT('',(-7.300725660199,66.767133553467,
    4.000008636017));
#12212 = CARTESIAN_POINT('',(-7.300725660199,65.567131115062,
    4.000008636017));
#12213 = CARTESIAN_POINT('',(-10.36902091948,66.767133553467,
    4.000008636017));
#12214 = CARTESIAN_POINT('',(-10.36902091948,65.567131115062,
    4.000008636017));
#12215 = ADVANCED_FACE('',(#12216),#12222,.T.);
#12216 = FACE_BOUND('',#12217,.T.);
#12217 = EDGE_LOOP('',(#12218,#12219,#12220,#12221));
#12218 = ORIENTED_EDGE('',*,*,#9347,.F.);
#12219 = ORIENTED_EDGE('',*,*,#9147,.F.);
#12220 = ORIENTED_EDGE('',*,*,#9309,.T.);
#12221 = ORIENTED_EDGE('',*,*,#9322,.F.);
#12222 = B_SPLINE_SURFACE_WITH_KNOTS('',1,1,(
    (#12223,#12224)
    ,(#12225,#12226
    )),.UNSPECIFIED.,.F.,.F.,.F.,(2,2),(2,2),(47.311457242028,
    168.1102416),(-47.244096,9.663381206337E-13),
  .PIECEWISE_BEZIER_KNOTS.);
#12223 = CARTESIAN_POINT('',(-5.299010617221,63.565416072085,
    4.000008636017));
#12224 = CARTESIAN_POINT('',(-4.099008178816,63.565416072085,
    4.000008636017));
#12225 = CARTESIAN_POINT('',(-5.299010617221,60.497120812802,
    4.000008636017));
#12226 = CARTESIAN_POINT('',(-4.099008178816,60.497120812802,
    4.000008636017));
#12227 = ADVANCED_FACE('',(#12228,#12231),#12245,.T.);
#12228 = FACE_BOUND('',#12229,.T.);
#12229 = EDGE_LOOP('',(#12230));
#12230 = ORIENTED_EDGE('',*,*,#9375,.T.);
#12231 = FACE_BOUND('',#12232,.T.);
#12232 = EDGE_LOOP('',(#12233));
#12233 = ORIENTED_EDGE('',*,*,#12234,.F.);
#12234 = EDGE_CURVE('',#12235,#12235,#12237,.T.);
#12235 = VERTEX_POINT('',#12236);
#12236 = CARTESIAN_POINT('',(-3.600007315215,4.95300990602,
    6.000012700025));
#12237 = ( BOUNDED_CURVE() B_SPLINE_CURVE(2,(#12238,#12239,#12240,#12241
    ,#12242,#12243,#12244),.UNSPECIFIED.,.T.,.F.) 
B_SPLINE_CURVE_WITH_KNOTS((1,2,2,2,2,1),(-2.094395102394,0.,
    2.094395102393,4.188790204786,6.28318530718,8.377580409573),
.UNSPECIFIED.) CURVE() GEOMETRIC_REPRESENTATION_ITEM() 
RATIONAL_B_SPLINE_CURVE((1.,0.5,1.,0.5,1.,0.5,1.)) REPRESENTATION_ITEM(
  '') );
#12238 = CARTESIAN_POINT('',(-3.600007315215,4.95300990602,
    6.000012700025));
#12239 = CARTESIAN_POINT('',(-3.600007315215,7.377885963964,
    6.000012700025));
#12240 = CARTESIAN_POINT('',(-5.700011582423,6.165447934992,
    6.000012700025));
#12241 = CARTESIAN_POINT('',(-7.800015849632,4.95300990602,
    6.000012700025));
#12242 = CARTESIAN_POINT('',(-5.700011582423,3.740571877048,
    6.000012700025));
#12243 = CARTESIAN_POINT('',(-3.600007315215,2.528133848075,
    6.000012700025));
#12244 = CARTESIAN_POINT('',(-3.600007315215,4.95300990602,
    6.000012700025));
#12245 = B_SPLINE_SURFACE_WITH_KNOTS('',1,1,(
    (#12246,#12247)
    ,(#12248,#12249
    )),.UNSPECIFIED.,.F.,.F.,.F.,(2,2),(2,2),(-105.1181136,105.1181136),
  (-105.1181136,105.1181136),.PIECEWISE_BEZIER_KNOTS.);
#12246 = CARTESIAN_POINT('',(-7.670015585471,2.283004480569,
    6.000012700025));
#12247 = CARTESIAN_POINT('',(-7.670015585471,7.623015331471,
    6.000012700025));
#12248 = CARTESIAN_POINT('',(-2.330004734569,2.283004480569,
    6.000012700025));
#12249 = CARTESIAN_POINT('',(-2.330004734569,7.623015331471,
    6.000012700025));
#12250 = ADVANCED_FACE('',(#12251),#12257,.T.);
#12251 = FACE_BOUND('',#12252,.T.);
#12252 = EDGE_LOOP('',(#12253,#12254,#12255,#12256));
#12253 = ORIENTED_EDGE('',*,*,#9523,.F.);
#12254 = ORIENTED_EDGE('',*,*,#9401,.F.);
#12255 = ORIENTED_EDGE('',*,*,#9485,.T.);
#12256 = ORIENTED_EDGE('',*,*,#9498,.F.);
#12257 = B_SPLINE_SURFACE_WITH_KNOTS('',1,1,(
    (#12258,#12259)
    ,(#12260,#12261
    )),.UNSPECIFIED.,.F.,.F.,.F.,(2,2),(2,2),(47.311457242032,
    168.1102416),(-47.244096,0.),.PIECEWISE_BEZIER_KNOTS.);
#12258 = CARTESIAN_POINT('',(-4.400008940818,7.5547261682,4.000008636017
    ));
#12259 = CARTESIAN_POINT('',(-5.600011379223,7.5547261682,4.000008636017
    ));
#12260 = CARTESIAN_POINT('',(-4.400008940818,10.623021427483,
    4.000008636017));
#12261 = CARTESIAN_POINT('',(-5.600011379223,10.623021427483,
    4.000008636017));
#12262 = ADVANCED_FACE('',(#12263),#12269,.T.);
#12263 = FACE_BOUND('',#12264,.T.);
#12264 = EDGE_LOOP('',(#12265,#12266,#12267,#12268));
#12265 = ORIENTED_EDGE('',*,*,#9583,.F.);
#12266 = ORIENTED_EDGE('',*,*,#9422,.F.);
#12267 = ORIENTED_EDGE('',*,*,#9545,.T.);
#12268 = ORIENTED_EDGE('',*,*,#9558,.F.);
#12269 = B_SPLINE_SURFACE_WITH_KNOTS('',1,1,(
    (#12270,#12271)
    ,(#12272,#12273
    )),.UNSPECIFIED.,.F.,.F.,.F.,(2,2),(2,2),(47.311457242032,
    168.1102416),(-47.244096,0.),.PIECEWISE_BEZIER_KNOTS.);
#12270 = CARTESIAN_POINT('',(-7.6017264222,5.553011125222,4.000008636017
    ));
#12271 = CARTESIAN_POINT('',(-7.6017264222,4.353008686817,4.000008636017
    ));
#12272 = CARTESIAN_POINT('',(-10.67002168148,5.553011125222,
    4.000008636017));
#12273 = CARTESIAN_POINT('',(-10.67002168148,4.353008686817,
    4.000008636017));
#12274 = ADVANCED_FACE('',(#12275),#12281,.T.);
#12275 = FACE_BOUND('',#12276,.T.);
#12276 = EDGE_LOOP('',(#12277,#12278,#12279,#12280));
#12277 = ORIENTED_EDGE('',*,*,#10207,.F.);
#12278 = ORIENTED_EDGE('',*,*,#9443,.F.);
#12279 = ORIENTED_EDGE('',*,*,#9605,.T.);
#12280 = ORIENTED_EDGE('',*,*,#9646,.F.);
#12281 = B_SPLINE_SURFACE_WITH_KNOTS('',1,1,(
    (#12282,#12283)
    ,(#12284,#12285
    )),.UNSPECIFIED.,.F.,.F.,.F.,(2,2),(2,2),(47.311457242032,149.881888
    ),(-47.244096,0.),.PIECEWISE_BEZIER_KNOTS.);
#12282 = CARTESIAN_POINT('',(-5.600011379223,2.35129364384,
    4.000008636017));
#12283 = CARTESIAN_POINT('',(-4.400008940818,2.35129364384,
    4.000008636017));
#12284 = CARTESIAN_POINT('',(-5.600011379223,-0.254000508001,
    4.000008636017));
#12285 = CARTESIAN_POINT('',(-4.400008940818,-0.254000508001,
    4.000008636017));
#12286 = ADVANCED_FACE('',(#12287),#12293,.F.);
#12287 = FACE_BOUND('',#12288,.F.);
#12288 = EDGE_LOOP('',(#12289,#12290,#12291,#12292));
#12289 = ORIENTED_EDGE('',*,*,#10028,.T.);
#12290 = ORIENTED_EDGE('',*,*,#9626,.T.);
#12291 = ORIENTED_EDGE('',*,*,#10190,.T.);
#12292 = ORIENTED_EDGE('',*,*,#10050,.T.);
#12293 = B_SPLINE_SURFACE_WITH_KNOTS('',1,1,(
    (#12294,#12295)
    ,(#12296,#12297
    )),.UNSPECIFIED.,.F.,.F.,.F.,(2,2),(2,2),(-1.8425E+03,1.8425E+03),(
    -30.,30.),.PIECEWISE_BEZIER_KNOTS.);
#12294 = CARTESIAN_POINT('',(0.127000254001,-1.778003556007,15.));
#12295 = CARTESIAN_POINT('',(0.127000254001,-0.254000508001,15.));
#12296 = CARTESIAN_POINT('',(-93.47218694437,-1.778003556007,15.));
#12297 = CARTESIAN_POINT('',(-93.47218694437,-0.254000508001,15.));
#12298 = ADVANCED_FACE('',(#12299),#12305,.T.);
#12299 = FACE_BOUND('',#12300,.T.);
#12300 = EDGE_LOOP('',(#12301,#12302,#12303,#12304));
#12301 = ORIENTED_EDGE('',*,*,#9689,.F.);
#12302 = ORIENTED_EDGE('',*,*,#9793,.F.);
#12303 = ORIENTED_EDGE('',*,*,#10007,.T.);
#12304 = ORIENTED_EDGE('',*,*,#9660,.F.);
#12305 = B_SPLINE_SURFACE_WITH_KNOTS('',1,1,(
    (#12306,#12307)
    ,(#12308,#12309
    )),.UNSPECIFIED.,.F.,.F.,.F.,(2,2),(2,2),(47.311457242032,164.881888
    ),(-47.244096,0.),.PIECEWISE_BEZIER_KNOTS.);
#12306 = CARTESIAN_POINT('',(-87.72217546355,2.732294405841,
    4.000008636017));
#12307 = CARTESIAN_POINT('',(-86.52217302514,2.732294405841,
    4.000008636017));
#12308 = CARTESIAN_POINT('',(-87.72217546355,-0.254000508001,
    4.000008636017));
#12309 = CARTESIAN_POINT('',(-86.52217302514,-0.254000508001,
    4.000008636017));
#12310 = ADVANCED_FACE('',(#12311),#12318,.T.);
#12311 = FACE_BOUND('',#12312,.T.);
#12312 = EDGE_LOOP('',(#12313,#12314,#12315,#12316,#12317));
#12313 = ORIENTED_EDGE('',*,*,#9871,.F.);
#12314 = ORIENTED_EDGE('',*,*,#9730,.F.);
#12315 = ORIENTED_EDGE('',*,*,#9702,.F.);
#12316 = ORIENTED_EDGE('',*,*,#9833,.T.);
#12317 = ORIENTED_EDGE('',*,*,#9846,.F.);
#12318 = B_SPLINE_SURFACE_WITH_KNOTS('',1,1,(
    (#12319,#12320)
    ,(#12321,#12322
    )),.UNSPECIFIED.,.F.,.F.,.F.,(2,2),(2,2),(47.311457242019,
    168.1102416),(-47.244096,2.877698079828E-12),
  .PIECEWISE_BEZIER_KNOTS.);
#12319 = CARTESIAN_POINT('',(-84.52045798216,4.734009448819,
    4.000008636017));
#12320 = CARTESIAN_POINT('',(-84.52045798216,5.934011887224,
    4.000008636017));
#12321 = CARTESIAN_POINT('',(-81.45216272288,4.734009448819,
    4.000008636017));
#12322 = CARTESIAN_POINT('',(-81.45216272288,5.934011887224,
    4.000008636017));
#12323 = ADVANCED_FACE('',(#12324,#12327),#12341,.T.);
#12324 = FACE_BOUND('',#12325,.T.);
#12325 = EDGE_LOOP('',(#12326));
#12326 = ORIENTED_EDGE('',*,*,#9719,.T.);
#12327 = FACE_BOUND('',#12328,.T.);
#12328 = EDGE_LOOP('',(#12329));
#12329 = ORIENTED_EDGE('',*,*,#12330,.F.);
#12330 = EDGE_CURVE('',#12331,#12331,#12333,.T.);
#12331 = VERTEX_POINT('',#12332);
#12332 = CARTESIAN_POINT('',(-85.72217139954,5.334010668021,
    6.000012700025));
#12333 = ( BOUNDED_CURVE() B_SPLINE_CURVE(2,(#12334,#12335,#12336,#12337
    ,#12338,#12339,#12340),.UNSPECIFIED.,.T.,.F.) 
B_SPLINE_CURVE_WITH_KNOTS((1,2,2,2,2,1),(-2.094395102394,0.,
    2.094395102393,4.188790204786,6.28318530718,8.377580409573),
.UNSPECIFIED.) CURVE() GEOMETRIC_REPRESENTATION_ITEM() 
RATIONAL_B_SPLINE_CURVE((1.,0.5,1.,0.5,1.,0.5,1.)) REPRESENTATION_ITEM(
  '') );
#12334 = CARTESIAN_POINT('',(-85.72217139954,5.334010668021,
    6.000012700025));
#12335 = CARTESIAN_POINT('',(-85.72217139954,7.758886725966,
    6.000012700025));
#12336 = CARTESIAN_POINT('',(-87.82217566675,6.546448696994,
    6.000012700025));
#12337 = CARTESIAN_POINT('',(-89.92217993396,5.334010668021,
    6.000012700025));
#12338 = CARTESIAN_POINT('',(-87.82217566675,4.121572639049,
    6.000012700025));
#12339 = CARTESIAN_POINT('',(-85.72217139954,2.909134610077,
    6.000012700025));
#12340 = CARTESIAN_POINT('',(-85.72217139954,5.334010668021,
    6.000012700025));
#12341 = B_SPLINE_SURFACE_WITH_KNOTS('',1,1,(
    (#12342,#12343)
    ,(#12344,#12345
    )),.UNSPECIFIED.,.F.,.F.,.F.,(2,2),(2,2),(-105.1181136,105.1181136),
  (-105.1181136,105.1181136),.PIECEWISE_BEZIER_KNOTS.);
#12342 = CARTESIAN_POINT('',(-89.79217966979,2.66400524257,
    6.000012700025));
#12343 = CARTESIAN_POINT('',(-89.79217966979,8.004016093472,
    6.000012700025));
#12344 = CARTESIAN_POINT('',(-84.45216881889,2.66400524257,
    6.000012700025));
#12345 = CARTESIAN_POINT('',(-84.45216881889,8.004016093472,
    6.000012700025));
#12346 = ADVANCED_FACE('',(#12347),#12353,.T.);
#12347 = FACE_BOUND('',#12348,.T.);
#12348 = EDGE_LOOP('',(#12349,#12350,#12351,#12352));
#12349 = ORIENTED_EDGE('',*,*,#9931,.F.);
#12350 = ORIENTED_EDGE('',*,*,#9751,.F.);
#12351 = ORIENTED_EDGE('',*,*,#9893,.T.);
#12352 = ORIENTED_EDGE('',*,*,#9906,.F.);
#12353 = B_SPLINE_SURFACE_WITH_KNOTS('',1,1,(
    (#12354,#12355)
    ,(#12356,#12357
    )),.UNSPECIFIED.,.F.,.F.,.F.,(2,2),(2,2),(47.311457242019,
    168.1102416),(-47.244096,2.884803507186E-12),
  .PIECEWISE_BEZIER_KNOTS.);
#12354 = CARTESIAN_POINT('',(-86.52217302514,7.935726930201,
    4.000008636017));
#12355 = CARTESIAN_POINT('',(-87.72217546355,7.935726930201,
    4.000008636017));
#12356 = CARTESIAN_POINT('',(-86.52217302514,11.004022189484,
    4.000008636017));
#12357 = CARTESIAN_POINT('',(-87.72217546355,11.004022189484,
    4.000008636017));
#12358 = ADVANCED_FACE('',(#12359),#12365,.T.);
#12359 = FACE_BOUND('',#12360,.T.);
#12360 = EDGE_LOOP('',(#12361,#12362,#12363,#12364));
#12361 = ORIENTED_EDGE('',*,*,#9991,.F.);
#12362 = ORIENTED_EDGE('',*,*,#9772,.F.);
#12363 = ORIENTED_EDGE('',*,*,#9953,.T.);
#12364 = ORIENTED_EDGE('',*,*,#9966,.F.);
#12365 = B_SPLINE_SURFACE_WITH_KNOTS('',1,1,(
    (#12366,#12367)
    ,(#12368,#12369
    )),.UNSPECIFIED.,.F.,.F.,.F.,(2,2),(2,2),(47.311457242032,
    168.1102416),(-47.244096,0.),.PIECEWISE_BEZIER_KNOTS.);
#12366 = CARTESIAN_POINT('',(-89.72389050652,5.934011887224,
    4.000008636017));
#12367 = CARTESIAN_POINT('',(-89.72389050652,4.734009448819,
    4.000008636017));
#12368 = CARTESIAN_POINT('',(-92.79218576581,5.934011887224,
    4.000008636017));
#12369 = CARTESIAN_POINT('',(-92.79218576581,4.734009448819,
    4.000008636017));
#12370 = ADVANCED_FACE('',(#12371),#12377,.T.);
#12371 = FACE_BOUND('',#12372,.T.);
#12372 = EDGE_LOOP('',(#12373,#12374,#12375,#12376));
#12373 = ORIENTED_EDGE('',*,*,#10229,.F.);
#12374 = ORIENTED_EDGE('',*,*,#10340,.F.);
#12375 = ORIENTED_EDGE('',*,*,#10876,.T.);
#12376 = ORIENTED_EDGE('',*,*,#12141,.F.);
#12377 = B_SPLINE_SURFACE_WITH_KNOTS('',1,1,(
    (#12378,#12379)
    ,(#12380,#12381
    )),.UNSPECIFIED.,.F.,.F.,.F.,(2,2),(2,2),(46.669354265039,168.1102),
  (-47.2441,0.),.PIECEWISE_BEZIER_KNOTS.);
#12378 = CARTESIAN_POINT('',(-20.10003937007,-24.53994676822,
    6.00001016002));
#12379 = CARTESIAN_POINT('',(-18.90003683007,-24.53994676822,
    6.00001016002));
#12380 = CARTESIAN_POINT('',(-20.10003937007,-27.6245504191,
    6.00001016002));
#12381 = CARTESIAN_POINT('',(-18.90003683007,-27.6245504191,
    6.00001016002));
#12382 = ADVANCED_FACE('',(#12383),#12390,.T.);
#12383 = FACE_BOUND('',#12384,.T.);
#12384 = EDGE_LOOP('',(#12385,#12386,#12387,#12388,#12389));
#12385 = ORIENTED_EDGE('',*,*,#10418,.F.);
#12386 = ORIENTED_EDGE('',*,*,#10277,.F.);
#12387 = ORIENTED_EDGE('',*,*,#10249,.F.);
#12388 = ORIENTED_EDGE('',*,*,#10380,.T.);
#12389 = ORIENTED_EDGE('',*,*,#10393,.F.);
#12390 = B_SPLINE_SURFACE_WITH_KNOTS('',1,1,(
    (#12391,#12392)
    ,(#12393,#12394
    )),.UNSPECIFIED.,.F.,.F.,.F.,(2,2),(2,2),(46.669354265039,168.1102),
  (-47.2441,1.136868377216E-13),.PIECEWISE_BEZIER_KNOTS.);
#12391 = CARTESIAN_POINT('',(-17.41463286093,-23.05454279908,
    6.00001016002));
#12392 = CARTESIAN_POINT('',(-17.41463286093,-21.85454025908,
    6.00001016002));
#12393 = CARTESIAN_POINT('',(-14.33002921005,-23.05454279908,
    6.00001016002));
#12394 = CARTESIAN_POINT('',(-14.33002921005,-21.85454025908,
    6.00001016002));
#12395 = ADVANCED_FACE('',(#12396,#12399),#12413,.T.);
#12396 = FACE_BOUND('',#12397,.T.);
#12397 = EDGE_LOOP('',(#12398));
#12398 = ORIENTED_EDGE('',*,*,#10266,.T.);
#12399 = FACE_BOUND('',#12400,.T.);
#12400 = EDGE_LOOP('',(#12401));
#12401 = ORIENTED_EDGE('',*,*,#12402,.F.);
#12402 = EDGE_CURVE('',#12403,#12403,#12405,.T.);
#12403 = VERTEX_POINT('',#12404);
#12404 = CARTESIAN_POINT('',(-18.60003683007,-22.45454152908,
    8.00001524003));
#12405 = ( BOUNDED_CURVE() B_SPLINE_CURVE(2,(#12406,#12407,#12408,#12409
    ,#12410,#12411,#12412),.UNSPECIFIED.,.T.,.F.) 
B_SPLINE_CURVE_WITH_KNOTS((1,2,2,2,2,1),(-2.094395102394,0.,
    2.094395102393,4.188790204786,6.28318530718,8.377580409573),
.UNSPECIFIED.) CURVE() GEOMETRIC_REPRESENTATION_ITEM() 
RATIONAL_B_SPLINE_CURVE((1.,0.5,1.,0.5,1.,0.5,1.)) REPRESENTATION_ITEM(
  '') );
#12406 = CARTESIAN_POINT('',(-18.60003683007,-22.45454152908,
    8.00001524003));
#12407 = CARTESIAN_POINT('',(-18.60003683007,-20.89569360256,
    8.00001524003));
#12408 = CARTESIAN_POINT('',(-19.95003873507,-21.67511756582,
    8.00001524003));
#12409 = CARTESIAN_POINT('',(-21.30004064008,-22.45454152908,
    8.00001524003));
#12410 = CARTESIAN_POINT('',(-19.95003873507,-23.23396549234,
    8.00001524003));
#12411 = CARTESIAN_POINT('',(-18.60003683007,-24.0133894556,
    8.00001524003));
#12412 = CARTESIAN_POINT('',(-18.60003683007,-22.45454152908,
    8.00001524003));
#12413 = B_SPLINE_SURFACE_WITH_KNOTS('',1,1,(
    (#12414,#12415)
    ,(#12416,#12417
    )),.UNSPECIFIED.,.F.,.F.,.F.,(2,2),(2,2),(-85.43305,85.43305),(
    -85.43305,85.43305),.PIECEWISE_BEZIER_KNOTS.);
#12414 = CARTESIAN_POINT('',(-21.67004191008,-24.62454533909,
    8.00001524003));
#12415 = CARTESIAN_POINT('',(-21.67004191008,-20.28453771907,
    8.00001524003));
#12416 = CARTESIAN_POINT('',(-17.33003429006,-24.62454533909,
    8.00001524003));
#12417 = CARTESIAN_POINT('',(-17.33003429006,-20.28453771907,
    8.00001524003));
#12418 = ADVANCED_FACE('',(#12419),#12429,.T.);
#12419 = FACE_BOUND('',#12420,.T.);
#12420 = EDGE_LOOP('',(#12421,#12422,#12423,#12424));
#12421 = ORIENTED_EDGE('',*,*,#10800,.F.);
#12422 = ORIENTED_EDGE('',*,*,#10298,.F.);
#12423 = ORIENTED_EDGE('',*,*,#10460,.T.);
#12424 = ORIENTED_EDGE('',*,*,#12425,.F.);
#12425 = EDGE_CURVE('',#10794,#10454,#12426,.T.);
#12426 = B_SPLINE_CURVE_WITH_KNOTS('',1,(#12427,#12428),.UNSPECIFIED.,
  .F.,.F.,(2,2),(0.,47.2441),.PIECEWISE_BEZIER_KNOTS.);
#12427 = CARTESIAN_POINT('',(-20.10003937007,-17.28453263906,
    6.00001016002));
#12428 = CARTESIAN_POINT('',(-18.90003683007,-17.28453263906,
    6.00001016002));
#12429 = B_SPLINE_SURFACE_WITH_KNOTS('',1,1,(
    (#12430,#12431)
    ,(#12432,#12433
    )),.UNSPECIFIED.,.F.,.F.,.F.,(2,2),(2,2),(46.669354265039,168.1102),
  (-47.2441,1.101341240428E-13),.PIECEWISE_BEZIER_KNOTS.);
#12430 = CARTESIAN_POINT('',(-18.90003683007,-20.36913628994,
    6.00001016002));
#12431 = CARTESIAN_POINT('',(-20.10003937007,-20.36913628994,
    6.00001016002));
#12432 = CARTESIAN_POINT('',(-18.90003683007,-17.28453263906,
    6.00001016002));
#12433 = CARTESIAN_POINT('',(-20.10003937007,-17.28453263906,
    6.00001016002));
#12434 = ADVANCED_FACE('',(#12435),#12441,.T.);
#12435 = FACE_BOUND('',#12436,.T.);
#12436 = EDGE_LOOP('',(#12437,#12438,#12439,#12440));
#12437 = ORIENTED_EDGE('',*,*,#10860,.F.);
#12438 = ORIENTED_EDGE('',*,*,#10319,.F.);
#12439 = ORIENTED_EDGE('',*,*,#10822,.T.);
#12440 = ORIENTED_EDGE('',*,*,#10835,.F.);
#12441 = B_SPLINE_SURFACE_WITH_KNOTS('',1,1,(
    (#12442,#12443)
    ,(#12444,#12445
    )),.UNSPECIFIED.,.F.,.F.,.F.,(2,2),(2,2),(46.669354265039,168.1102),
  (-47.2441,0.),.PIECEWISE_BEZIER_KNOTS.);
#12442 = CARTESIAN_POINT('',(-21.58544333921,-21.85454025908,
    6.00001016002));
#12443 = CARTESIAN_POINT('',(-21.58544333921,-23.05454279908,
    6.00001016002));
#12444 = CARTESIAN_POINT('',(-24.67004699009,-21.85454025908,
    6.00001016002));
#12445 = CARTESIAN_POINT('',(-24.67004699009,-23.05454279908,
    6.00001016002));
#12446 = ADVANCED_FACE('',(#12447),#12457,.T.);
#12447 = FACE_BOUND('',#12448,.T.);
#12448 = EDGE_LOOP('',(#12449,#12450,#12451,#12452));
#12449 = ORIENTED_EDGE('',*,*,#10439,.F.);
#12450 = ORIENTED_EDGE('',*,*,#10565,.F.);
#12451 = ORIENTED_EDGE('',*,*,#10779,.T.);
#12452 = ORIENTED_EDGE('',*,*,#12453,.F.);
#12453 = EDGE_CURVE('',#10440,#10780,#12454,.T.);
#12454 = B_SPLINE_CURVE_WITH_KNOTS('',1,(#12455,#12456),.UNSPECIFIED.,
  .F.,.F.,(2,2),(0.,47.2441),.PIECEWISE_BEZIER_KNOTS.);
#12455 = CARTESIAN_POINT('',(-18.90003683007,-14.31402717805,
    6.00001016002));
#12456 = CARTESIAN_POINT('',(-20.10003937007,-14.31402717805,
    6.00001016002));
#12457 = B_SPLINE_SURFACE_WITH_KNOTS('',1,1,(
    (#12458,#12459)
    ,(#12460,#12461
    )),.UNSPECIFIED.,.F.,.F.,.F.,(2,2),(2,2),(46.669354265039,168.1102),
  (-47.2441,0.),.PIECEWISE_BEZIER_KNOTS.);
#12458 = CARTESIAN_POINT('',(-20.10003937007,-11.22942352717,
    6.00001016002));
#12459 = CARTESIAN_POINT('',(-18.90003683007,-11.22942352717,
    6.00001016002));
#12460 = CARTESIAN_POINT('',(-20.10003937007,-14.31402717805,
    6.00001016002));
#12461 = CARTESIAN_POINT('',(-18.90003683007,-14.31402717805,
    6.00001016002));
#12462 = ADVANCED_FACE('',(#12463),#12473,.T.);
#12463 = FACE_BOUND('',#12464,.T.);
#12464 = EDGE_LOOP('',(#12465,#12466,#12467,#12468));
#12465 = ORIENTED_EDGE('',*,*,#10446,.F.);
#12466 = ORIENTED_EDGE('',*,*,#12453,.T.);
#12467 = ORIENTED_EDGE('',*,*,#10786,.T.);
#12468 = ORIENTED_EDGE('',*,*,#12469,.F.);
#12469 = EDGE_CURVE('',#10447,#10787,#12470,.T.);
#12470 = B_SPLINE_CURVE_WITH_KNOTS('',1,(#12471,#12472),.UNSPECIFIED.,
  .F.,.F.,(2,2),(-23.62205,23.62205),.PIECEWISE_BEZIER_KNOTS.);
#12471 = CARTESIAN_POINT('',(-18.90003683007,-15.79927990856,
    2.658194345788));
#12472 = CARTESIAN_POINT('',(-20.10003937007,-15.79927990856,
    2.658194345788));
#12473 = B_SPLINE_SURFACE_WITH_KNOTS('',1,1,(
    (#12474,#12475)
    ,(#12476,#12477
    )),.UNSPECIFIED.,.F.,.F.,.F.,(2,2),(2,2),(0.,143.97641086852),(
    -47.2441,0.),.PIECEWISE_BEZIER_KNOTS.);
#12474 = CARTESIAN_POINT('',(-20.10003937007,-14.31402717805,
    6.00001016002));
#12475 = CARTESIAN_POINT('',(-18.90003683007,-14.31402717805,
    6.00001016002));
#12476 = CARTESIAN_POINT('',(-20.10003937007,-15.79927990856,
    2.658194345788));
#12477 = CARTESIAN_POINT('',(-18.90003683007,-15.79927990856,
    2.658194345788));
#12478 = ADVANCED_FACE('',(#12479),#12485,.T.);
#12479 = FACE_BOUND('',#12480,.T.);
#12480 = EDGE_LOOP('',(#12481,#12482,#12483,#12484));
#12481 = ORIENTED_EDGE('',*,*,#10793,.F.);
#12482 = ORIENTED_EDGE('',*,*,#12425,.T.);
#12483 = ORIENTED_EDGE('',*,*,#10453,.T.);
#12484 = ORIENTED_EDGE('',*,*,#12469,.T.);
#12485 = B_SPLINE_SURFACE_WITH_KNOTS('',1,1,(
    (#12486,#12487)
    ,(#12488,#12489
    )),.UNSPECIFIED.,.F.,.F.,.F.,(2,2),(2,2),(0.,143.97641086852),(
    -47.2441,0.),.PIECEWISE_BEZIER_KNOTS.);
#12486 = CARTESIAN_POINT('',(-18.90003683007,-17.28453263906,
    6.00001016002));
#12487 = CARTESIAN_POINT('',(-20.10003937007,-17.28453263906,
    6.00001016002));
#12488 = CARTESIAN_POINT('',(-18.90003683007,-15.79927990856,
    2.658194345788));
#12489 = CARTESIAN_POINT('',(-20.10003937007,-15.79927990856,
    2.658194345788));
#12490 = ADVANCED_FACE('',(#12491),#12498,.T.);
#12491 = FACE_BOUND('',#12492,.T.);
#12492 = EDGE_LOOP('',(#12493,#12494,#12495,#12496,#12497));
#12493 = ORIENTED_EDGE('',*,*,#10643,.F.);
#12494 = ORIENTED_EDGE('',*,*,#10502,.F.);
#12495 = ORIENTED_EDGE('',*,*,#10474,.F.);
#12496 = ORIENTED_EDGE('',*,*,#10605,.T.);
#12497 = ORIENTED_EDGE('',*,*,#10618,.F.);
#12498 = B_SPLINE_SURFACE_WITH_KNOTS('',1,1,(
    (#12499,#12500)
    ,(#12501,#12502
    )),.UNSPECIFIED.,.F.,.F.,.F.,(2,2),(2,2),(46.669354265039,168.1102),
  (-47.2441,1.030286966852E-13),.PIECEWISE_BEZIER_KNOTS.);
#12499 = CARTESIAN_POINT('',(-17.41463286093,-9.744019558039,
    6.00001016002));
#12500 = CARTESIAN_POINT('',(-17.41463286093,-8.544017018034,
    6.00001016002));
#12501 = CARTESIAN_POINT('',(-14.33002921005,-9.744019558039,
    6.00001016002));
#12502 = CARTESIAN_POINT('',(-14.33002921005,-8.544017018034,
    6.00001016002));
#12503 = ADVANCED_FACE('',(#12504,#12507),#12521,.T.);
#12504 = FACE_BOUND('',#12505,.T.);
#12505 = EDGE_LOOP('',(#12506));
#12506 = ORIENTED_EDGE('',*,*,#10491,.T.);
#12507 = FACE_BOUND('',#12508,.T.);
#12508 = EDGE_LOOP('',(#12509));
#12509 = ORIENTED_EDGE('',*,*,#12510,.F.);
#12510 = EDGE_CURVE('',#12511,#12511,#12513,.T.);
#12511 = VERTEX_POINT('',#12512);
#12512 = CARTESIAN_POINT('',(-18.60003683007,-9.144018288037,
    8.00001524003));
#12513 = ( BOUNDED_CURVE() B_SPLINE_CURVE(2,(#12514,#12515,#12516,#12517
    ,#12518,#12519,#12520),.UNSPECIFIED.,.T.,.F.) 
B_SPLINE_CURVE_WITH_KNOTS((1,2,2,2,2,1),(-2.094395102394,0.,
    2.094395102393,4.188790204786,6.28318530718,8.377580409573),
.UNSPECIFIED.) CURVE() GEOMETRIC_REPRESENTATION_ITEM() 
RATIONAL_B_SPLINE_CURVE((1.,0.5,1.,0.5,1.,0.5,1.)) REPRESENTATION_ITEM(
  '') );
#12514 = CARTESIAN_POINT('',(-18.60003683007,-9.144018288037,
    8.00001524003));
#12515 = CARTESIAN_POINT('',(-18.60003683007,-7.585170361516,
    8.00001524003));
#12516 = CARTESIAN_POINT('',(-19.95003873507,-8.364594324776,
    8.00001524003));
#12517 = CARTESIAN_POINT('',(-21.30004064008,-9.144018288037,
    8.00001524003));
#12518 = CARTESIAN_POINT('',(-19.95003873507,-9.923442251297,
    8.00001524003));
#12519 = CARTESIAN_POINT('',(-18.60003683007,-10.70286621455,
    8.00001524003));
#12520 = CARTESIAN_POINT('',(-18.60003683007,-9.144018288037,
    8.00001524003));
#12521 = B_SPLINE_SURFACE_WITH_KNOTS('',1,1,(
    (#12522,#12523)
    ,(#12524,#12525
    )),.UNSPECIFIED.,.F.,.F.,.F.,(2,2),(2,2),(-85.43305,85.43305),(
    -85.43305,85.43305),.PIECEWISE_BEZIER_KNOTS.);
#12522 = CARTESIAN_POINT('',(-21.67004191008,-11.31402209804,
    8.00001524003));
#12523 = CARTESIAN_POINT('',(-21.67004191008,-6.974014478029,
    8.00001524003));
#12524 = CARTESIAN_POINT('',(-17.33003429006,-11.31402209804,
    8.00001524003));
#12525 = CARTESIAN_POINT('',(-17.33003429006,-6.974014478029,
    8.00001524003));
#12526 = ADVANCED_FACE('',(#12527),#12533,.T.);
#12527 = FACE_BOUND('',#12528,.T.);
#12528 = EDGE_LOOP('',(#12529,#12530,#12531,#12532));
#12529 = ORIENTED_EDGE('',*,*,#10703,.F.);
#12530 = ORIENTED_EDGE('',*,*,#10523,.F.);
#12531 = ORIENTED_EDGE('',*,*,#10665,.T.);
#12532 = ORIENTED_EDGE('',*,*,#10678,.F.);
#12533 = B_SPLINE_SURFACE_WITH_KNOTS('',1,1,(
    (#12534,#12535)
    ,(#12536,#12537
    )),.UNSPECIFIED.,.F.,.F.,.F.,(2,2),(2,2),(46.66935426504,168.1102),(
    -47.2441,0.),.PIECEWISE_BEZIER_KNOTS.);
#12534 = CARTESIAN_POINT('',(-18.90003683007,-7.058613048894,
    6.00001016002));
#12535 = CARTESIAN_POINT('',(-20.10003937007,-7.058613048894,
    6.00001016002));
#12536 = CARTESIAN_POINT('',(-18.90003683007,-3.974009398019,
    6.00001016002));
#12537 = CARTESIAN_POINT('',(-20.10003937007,-3.974009398019,
    6.00001016002));
#12538 = ADVANCED_FACE('',(#12539),#12545,.T.);
#12539 = FACE_BOUND('',#12540,.T.);
#12540 = EDGE_LOOP('',(#12541,#12542,#12543,#12544));
#12541 = ORIENTED_EDGE('',*,*,#10763,.F.);
#12542 = ORIENTED_EDGE('',*,*,#10544,.F.);
#12543 = ORIENTED_EDGE('',*,*,#10725,.T.);
#12544 = ORIENTED_EDGE('',*,*,#10738,.F.);
#12545 = B_SPLINE_SURFACE_WITH_KNOTS('',1,1,(
    (#12546,#12547)
    ,(#12548,#12549
    )),.UNSPECIFIED.,.F.,.F.,.F.,(2,2),(2,2),(46.66935426504,168.1102),(
    -47.2441,0.),.PIECEWISE_BEZIER_KNOTS.);
#12546 = CARTESIAN_POINT('',(-21.58544333921,-8.544017018034,
    6.00001016002));
#12547 = CARTESIAN_POINT('',(-21.58544333921,-9.744019558039,
    6.00001016002));
#12548 = CARTESIAN_POINT('',(-24.67004699009,-8.544017018034,
    6.00001016002));
#12549 = CARTESIAN_POINT('',(-24.67004699009,-9.744019558039,
    6.00001016002));
#12550 = ADVANCED_FACE('',(#12551),#12557,.T.);
#12551 = FACE_BOUND('',#12552,.T.);
#12552 = EDGE_LOOP('',(#12553,#12554,#12555,#12556));
#12553 = ORIENTED_EDGE('',*,*,#10905,.F.);
#12554 = ORIENTED_EDGE('',*,*,#11016,.F.);
#12555 = ORIENTED_EDGE('',*,*,#11552,.T.);
#12556 = ORIENTED_EDGE('',*,*,#12157,.F.);
#12557 = B_SPLINE_SURFACE_WITH_KNOTS('',1,1,(
    (#12558,#12559)
    ,(#12560,#12561
    )),.UNSPECIFIED.,.F.,.F.,.F.,(2,2),(2,2),(46.669354265041,168.1102),
  (-47.2441,0.),.PIECEWISE_BEZIER_KNOTS.);
#12558 = CARTESIAN_POINT('',(-85.81717170434,-24.53994676822,
    6.00001016002));
#12559 = CARTESIAN_POINT('',(-84.61716916433,-24.53994676822,
    6.00001016002));
#12560 = CARTESIAN_POINT('',(-85.81717170434,-27.6245504191,
    6.00001016002));
#12561 = CARTESIAN_POINT('',(-84.61716916433,-27.6245504191,
    6.00001016002));
#12562 = ADVANCED_FACE('',(#12563),#12570,.T.);
#12563 = FACE_BOUND('',#12564,.T.);
#12564 = EDGE_LOOP('',(#12565,#12566,#12567,#12568,#12569));
#12565 = ORIENTED_EDGE('',*,*,#11094,.F.);
#12566 = ORIENTED_EDGE('',*,*,#10953,.F.);
#12567 = ORIENTED_EDGE('',*,*,#10925,.F.);
#12568 = ORIENTED_EDGE('',*,*,#11056,.T.);
#12569 = ORIENTED_EDGE('',*,*,#11069,.F.);
#12570 = B_SPLINE_SURFACE_WITH_KNOTS('',1,1,(
    (#12571,#12572)
    ,(#12573,#12574
    )),.UNSPECIFIED.,.F.,.F.,.F.,(2,2),(2,2),(46.669354265036,168.1102),
  (-47.2441,8.348877145181E-13),.PIECEWISE_BEZIER_KNOTS.);
#12571 = CARTESIAN_POINT('',(-83.13176519519,-23.05454279908,
    6.00001016002));
#12572 = CARTESIAN_POINT('',(-83.13176519519,-21.85454025908,
    6.00001016002));
#12573 = CARTESIAN_POINT('',(-80.04716154432,-23.05454279908,
    6.00001016002));
#12574 = CARTESIAN_POINT('',(-80.04716154432,-21.85454025908,
    6.00001016002));
#12575 = ADVANCED_FACE('',(#12576,#12579),#12593,.T.);
#12576 = FACE_BOUND('',#12577,.T.);
#12577 = EDGE_LOOP('',(#12578));
#12578 = ORIENTED_EDGE('',*,*,#10942,.T.);
#12579 = FACE_BOUND('',#12580,.T.);
#12580 = EDGE_LOOP('',(#12581));
#12581 = ORIENTED_EDGE('',*,*,#12582,.F.);
#12582 = EDGE_CURVE('',#12583,#12583,#12585,.T.);
#12583 = VERTEX_POINT('',#12584);
#12584 = CARTESIAN_POINT('',(-84.31716916433,-22.45454152908,
    8.00001524003));
#12585 = ( BOUNDED_CURVE() B_SPLINE_CURVE(2,(#12586,#12587,#12588,#12589
    ,#12590,#12591,#12592),.UNSPECIFIED.,.T.,.F.) 
B_SPLINE_CURVE_WITH_KNOTS((1,2,2,2,2,1),(-2.094395102394,0.,
    2.094395102393,4.188790204786,6.28318530718,8.377580409573),
.UNSPECIFIED.) CURVE() GEOMETRIC_REPRESENTATION_ITEM() 
RATIONAL_B_SPLINE_CURVE((1.,0.5,1.,0.5,1.,0.5,1.)) REPRESENTATION_ITEM(
  '') );
#12586 = CARTESIAN_POINT('',(-84.31716916433,-22.45454152908,
    8.00001524003));
#12587 = CARTESIAN_POINT('',(-84.31716916433,-20.89569360256,
    8.00001524003));
#12588 = CARTESIAN_POINT('',(-85.66717106934,-21.67511756582,
    8.00001524003));
#12589 = CARTESIAN_POINT('',(-87.01717297434,-22.45454152908,
    8.00001524003));
#12590 = CARTESIAN_POINT('',(-85.66717106934,-23.23396549234,
    8.00001524003));
#12591 = CARTESIAN_POINT('',(-84.31716916433,-24.0133894556,
    8.00001524003));
#12592 = CARTESIAN_POINT('',(-84.31716916433,-22.45454152908,
    8.00001524003));
#12593 = B_SPLINE_SURFACE_WITH_KNOTS('',1,1,(
    (#12594,#12595)
    ,(#12596,#12597
    )),.UNSPECIFIED.,.F.,.F.,.F.,(2,2),(2,2),(-85.43305,85.43305),(
    -85.43305,85.43305),.PIECEWISE_BEZIER_KNOTS.);
#12594 = CARTESIAN_POINT('',(-87.38717424434,-24.62454533909,
    8.00001524003));
#12595 = CARTESIAN_POINT('',(-87.38717424434,-20.28453771907,
    8.00001524003));
#12596 = CARTESIAN_POINT('',(-83.04716662433,-24.62454533909,
    8.00001524003));
#12597 = CARTESIAN_POINT('',(-83.04716662433,-20.28453771907,
    8.00001524003));
#12598 = ADVANCED_FACE('',(#12599),#12609,.T.);
#12599 = FACE_BOUND('',#12600,.T.);
#12600 = EDGE_LOOP('',(#12601,#12602,#12603,#12604));
#12601 = ORIENTED_EDGE('',*,*,#11476,.F.);
#12602 = ORIENTED_EDGE('',*,*,#10974,.F.);
#12603 = ORIENTED_EDGE('',*,*,#11136,.T.);
#12604 = ORIENTED_EDGE('',*,*,#12605,.F.);
#12605 = EDGE_CURVE('',#11470,#11130,#12606,.T.);
#12606 = B_SPLINE_CURVE_WITH_KNOTS('',1,(#12607,#12608),.UNSPECIFIED.,
  .F.,.F.,(2,2),(0.,47.2441),.PIECEWISE_BEZIER_KNOTS.);
#12607 = CARTESIAN_POINT('',(-85.81717170434,-17.28453263906,
    6.00001016002));
#12608 = CARTESIAN_POINT('',(-84.61716916433,-17.28453263906,
    6.00001016002));
#12609 = B_SPLINE_SURFACE_WITH_KNOTS('',1,1,(
    (#12610,#12611)
    ,(#12612,#12613
    )),.UNSPECIFIED.,.F.,.F.,.F.,(2,2),(2,2),(46.669354265036,168.1102),
  (-47.2441,8.455458555545E-13),.PIECEWISE_BEZIER_KNOTS.);
#12610 = CARTESIAN_POINT('',(-84.61716916433,-20.36913628994,
    6.00001016002));
#12611 = CARTESIAN_POINT('',(-85.81717170434,-20.36913628994,
    6.00001016002));
#12612 = CARTESIAN_POINT('',(-84.61716916433,-17.28453263906,
    6.00001016002));
#12613 = CARTESIAN_POINT('',(-85.81717170434,-17.28453263906,
    6.00001016002));
#12614 = ADVANCED_FACE('',(#12615),#12621,.T.);
#12615 = FACE_BOUND('',#12616,.T.);
#12616 = EDGE_LOOP('',(#12617,#12618,#12619,#12620));
#12617 = ORIENTED_EDGE('',*,*,#11536,.F.);
#12618 = ORIENTED_EDGE('',*,*,#10995,.F.);
#12619 = ORIENTED_EDGE('',*,*,#11498,.T.);
#12620 = ORIENTED_EDGE('',*,*,#11511,.F.);
#12621 = B_SPLINE_SURFACE_WITH_KNOTS('',1,1,(
    (#12622,#12623)
    ,(#12624,#12625
    )),.UNSPECIFIED.,.F.,.F.,.F.,(2,2),(2,2),(46.669354265036,168.1102),
  (-47.2441,8.419931418757E-13),.PIECEWISE_BEZIER_KNOTS.);
#12622 = CARTESIAN_POINT('',(-87.30257567348,-21.85454025908,
    6.00001016002));
#12623 = CARTESIAN_POINT('',(-87.30257567348,-23.05454279908,
    6.00001016002));
#12624 = CARTESIAN_POINT('',(-90.38717932435,-21.85454025908,
    6.00001016002));
#12625 = CARTESIAN_POINT('',(-90.38717932435,-23.05454279908,
    6.00001016002));
#12626 = ADVANCED_FACE('',(#12627),#12637,.T.);
#12627 = FACE_BOUND('',#12628,.T.);
#12628 = EDGE_LOOP('',(#12629,#12630,#12631,#12632));
#12629 = ORIENTED_EDGE('',*,*,#11115,.F.);
#12630 = ORIENTED_EDGE('',*,*,#11241,.F.);
#12631 = ORIENTED_EDGE('',*,*,#11455,.T.);
#12632 = ORIENTED_EDGE('',*,*,#12633,.F.);
#12633 = EDGE_CURVE('',#11116,#11456,#12634,.T.);
#12634 = B_SPLINE_CURVE_WITH_KNOTS('',1,(#12635,#12636),.UNSPECIFIED.,
  .F.,.F.,(2,2),(0.,47.2441),.PIECEWISE_BEZIER_KNOTS.);
#12635 = CARTESIAN_POINT('',(-84.61716916433,-14.31402717805,
    6.00001016002));
#12636 = CARTESIAN_POINT('',(-85.81717170434,-14.31402717805,
    6.00001016002));
#12637 = B_SPLINE_SURFACE_WITH_KNOTS('',1,1,(
    (#12638,#12639)
    ,(#12640,#12641
    )),.UNSPECIFIED.,.F.,.F.,.F.,(2,2),(2,2),(46.669354265014,168.1102),
  (-47.2441,6.856737400085E-12),.PIECEWISE_BEZIER_KNOTS.);
#12638 = CARTESIAN_POINT('',(-85.81717170434,-11.22942352717,
    6.00001016002));
#12639 = CARTESIAN_POINT('',(-84.61716916433,-11.22942352717,
    6.00001016002));
#12640 = CARTESIAN_POINT('',(-85.81717170434,-14.31402717805,
    6.00001016002));
#12641 = CARTESIAN_POINT('',(-84.61716916433,-14.31402717805,
    6.00001016002));
#12642 = ADVANCED_FACE('',(#12643),#12653,.T.);
#12643 = FACE_BOUND('',#12644,.T.);
#12644 = EDGE_LOOP('',(#12645,#12646,#12647,#12648));
#12645 = ORIENTED_EDGE('',*,*,#11122,.F.);
#12646 = ORIENTED_EDGE('',*,*,#12633,.T.);
#12647 = ORIENTED_EDGE('',*,*,#11462,.T.);
#12648 = ORIENTED_EDGE('',*,*,#12649,.F.);
#12649 = EDGE_CURVE('',#11123,#11463,#12650,.T.);
#12650 = B_SPLINE_CURVE_WITH_KNOTS('',1,(#12651,#12652),.UNSPECIFIED.,
  .F.,.F.,(2,2),(-23.62205,23.62205),.PIECEWISE_BEZIER_KNOTS.);
#12651 = CARTESIAN_POINT('',(-84.61716916433,-15.79927990856,
    2.658194345788));
#12652 = CARTESIAN_POINT('',(-85.81717170434,-15.79927990856,
    2.658194345788));
#12653 = B_SPLINE_SURFACE_WITH_KNOTS('',1,1,(
    (#12654,#12655)
    ,(#12656,#12657
    )),.UNSPECIFIED.,.F.,.F.,.F.,(2,2),(2,2),(0.,143.97641086852),(
    -47.2441,0.),.PIECEWISE_BEZIER_KNOTS.);
#12654 = CARTESIAN_POINT('',(-85.81717170434,-14.31402717805,
    6.00001016002));
#12655 = CARTESIAN_POINT('',(-84.61716916433,-14.31402717805,
    6.00001016002));
#12656 = CARTESIAN_POINT('',(-85.81717170434,-15.79927990856,
    2.658194345788));
#12657 = CARTESIAN_POINT('',(-84.61716916433,-15.79927990856,
    2.658194345788));
#12658 = ADVANCED_FACE('',(#12659),#12665,.T.);
#12659 = FACE_BOUND('',#12660,.T.);
#12660 = EDGE_LOOP('',(#12661,#12662,#12663,#12664));
#12661 = ORIENTED_EDGE('',*,*,#11469,.F.);
#12662 = ORIENTED_EDGE('',*,*,#12605,.T.);
#12663 = ORIENTED_EDGE('',*,*,#11129,.T.);
#12664 = ORIENTED_EDGE('',*,*,#12649,.T.);
#12665 = B_SPLINE_SURFACE_WITH_KNOTS('',1,1,(
    (#12666,#12667)
    ,(#12668,#12669
    )),.UNSPECIFIED.,.F.,.F.,.F.,(2,2),(2,2),(0.,143.97641086852),(
    -47.2441,0.),.PIECEWISE_BEZIER_KNOTS.);
#12666 = CARTESIAN_POINT('',(-84.61716916433,-17.28453263906,
    6.00001016002));
#12667 = CARTESIAN_POINT('',(-85.81717170434,-17.28453263906,
    6.00001016002));
#12668 = CARTESIAN_POINT('',(-84.61716916433,-15.79927990856,
    2.658194345788));
#12669 = CARTESIAN_POINT('',(-85.81717170434,-15.79927990856,
    2.658194345788));
#12670 = ADVANCED_FACE('',(#12671),#12678,.T.);
#12671 = FACE_BOUND('',#12672,.T.);
#12672 = EDGE_LOOP('',(#12673,#12674,#12675,#12676,#12677));
#12673 = ORIENTED_EDGE('',*,*,#11319,.F.);
#12674 = ORIENTED_EDGE('',*,*,#11178,.F.);
#12675 = ORIENTED_EDGE('',*,*,#11150,.F.);
#12676 = ORIENTED_EDGE('',*,*,#11281,.T.);
#12677 = ORIENTED_EDGE('',*,*,#11294,.F.);
#12678 = B_SPLINE_SURFACE_WITH_KNOTS('',1,1,(
    (#12679,#12680)
    ,(#12681,#12682
    )),.UNSPECIFIED.,.F.,.F.,.F.,(2,2),(2,2),(46.669354265036,168.1102),
  (-47.2441,0.),.PIECEWISE_BEZIER_KNOTS.);
#12679 = CARTESIAN_POINT('',(-83.13176519519,-9.744019558039,
    6.00001016002));
#12680 = CARTESIAN_POINT('',(-83.13176519519,-8.544017018034,
    6.00001016002));
#12681 = CARTESIAN_POINT('',(-80.04716154432,-9.744019558039,
    6.00001016002));
#12682 = CARTESIAN_POINT('',(-80.04716154432,-8.544017018034,
    6.00001016002));
#12683 = ADVANCED_FACE('',(#12684,#12687),#12701,.T.);
#12684 = FACE_BOUND('',#12685,.T.);
#12685 = EDGE_LOOP('',(#12686));
#12686 = ORIENTED_EDGE('',*,*,#11167,.T.);
#12687 = FACE_BOUND('',#12688,.T.);
#12688 = EDGE_LOOP('',(#12689));
#12689 = ORIENTED_EDGE('',*,*,#12690,.F.);
#12690 = EDGE_CURVE('',#12691,#12691,#12693,.T.);
#12691 = VERTEX_POINT('',#12692);
#12692 = CARTESIAN_POINT('',(-84.31716916433,-9.144018288037,
    8.00001524003));
#12693 = ( BOUNDED_CURVE() B_SPLINE_CURVE(2,(#12694,#12695,#12696,#12697
    ,#12698,#12699,#12700),.UNSPECIFIED.,.T.,.F.) 
B_SPLINE_CURVE_WITH_KNOTS((1,2,2,2,2,1),(-2.094395102394,0.,
    2.094395102393,4.188790204786,6.28318530718,8.377580409573),
.UNSPECIFIED.) CURVE() GEOMETRIC_REPRESENTATION_ITEM() 
RATIONAL_B_SPLINE_CURVE((1.,0.5,1.,0.5,1.,0.5,1.)) REPRESENTATION_ITEM(
  '') );
#12694 = CARTESIAN_POINT('',(-84.31716916433,-9.144018288037,
    8.00001524003));
#12695 = CARTESIAN_POINT('',(-84.31716916433,-7.585170361516,
    8.00001524003));
#12696 = CARTESIAN_POINT('',(-85.66717106934,-8.364594324776,
    8.00001524003));
#12697 = CARTESIAN_POINT('',(-87.01717297434,-9.144018288037,
    8.00001524003));
#12698 = CARTESIAN_POINT('',(-85.66717106934,-9.923442251297,
    8.00001524003));
#12699 = CARTESIAN_POINT('',(-84.31716916433,-10.70286621455,
    8.00001524003));
#12700 = CARTESIAN_POINT('',(-84.31716916433,-9.144018288037,
    8.00001524003));
#12701 = B_SPLINE_SURFACE_WITH_KNOTS('',1,1,(
    (#12702,#12703)
    ,(#12704,#12705
    )),.UNSPECIFIED.,.F.,.F.,.F.,(2,2),(2,2),(-85.43305,85.43305),(
    -85.43305,85.43305),.PIECEWISE_BEZIER_KNOTS.);
#12702 = CARTESIAN_POINT('',(-87.38717424434,-11.31402209804,
    8.00001524003));
#12703 = CARTESIAN_POINT('',(-87.38717424434,-6.974014478029,
    8.00001524003));
#12704 = CARTESIAN_POINT('',(-83.04716662433,-11.31402209804,
    8.00001524003));
#12705 = CARTESIAN_POINT('',(-83.04716662433,-6.974014478029,
    8.00001524003));
#12706 = ADVANCED_FACE('',(#12707),#12713,.T.);
#12707 = FACE_BOUND('',#12708,.T.);
#12708 = EDGE_LOOP('',(#12709,#12710,#12711,#12712));
#12709 = ORIENTED_EDGE('',*,*,#11379,.F.);
#12710 = ORIENTED_EDGE('',*,*,#11199,.F.);
#12711 = ORIENTED_EDGE('',*,*,#11341,.T.);
#12712 = ORIENTED_EDGE('',*,*,#11354,.F.);
#12713 = B_SPLINE_SURFACE_WITH_KNOTS('',1,1,(
    (#12714,#12715)
    ,(#12716,#12717
    )),.UNSPECIFIED.,.F.,.F.,.F.,(2,2),(2,2),(46.669354265036,168.1102),
  (-47.2441,8.846257060213E-13),.PIECEWISE_BEZIER_KNOTS.);
#12714 = CARTESIAN_POINT('',(-84.61716916433,-7.058613048894,
    6.00001016002));
#12715 = CARTESIAN_POINT('',(-85.81717170434,-7.058613048894,
    6.00001016002));
#12716 = CARTESIAN_POINT('',(-84.61716916433,-3.974009398019,
    6.00001016002));
#12717 = CARTESIAN_POINT('',(-85.81717170434,-3.974009398019,
    6.00001016002));
#12718 = ADVANCED_FACE('',(#12719),#12725,.T.);
#12719 = FACE_BOUND('',#12720,.T.);
#12720 = EDGE_LOOP('',(#12721,#12722,#12723,#12724));
#12721 = ORIENTED_EDGE('',*,*,#11439,.F.);
#12722 = ORIENTED_EDGE('',*,*,#11220,.F.);
#12723 = ORIENTED_EDGE('',*,*,#11401,.T.);
#12724 = ORIENTED_EDGE('',*,*,#11414,.F.);
#12725 = B_SPLINE_SURFACE_WITH_KNOTS('',1,1,(
    (#12726,#12727)
    ,(#12728,#12729
    )),.UNSPECIFIED.,.F.,.F.,.F.,(2,2),(2,2),(46.669354265036,168.1102),
  (-47.2441,8.242295734817E-13),.PIECEWISE_BEZIER_KNOTS.);
#12726 = CARTESIAN_POINT('',(-87.30257567348,-8.544017018034,
    6.00001016002));
#12727 = CARTESIAN_POINT('',(-87.30257567348,-9.744019558039,
    6.00001016002));
#12728 = CARTESIAN_POINT('',(-90.38717932435,-8.544017018034,
    6.00001016002));
#12729 = CARTESIAN_POINT('',(-90.38717932435,-9.744019558039,
    6.00001016002));
#12730 = ADVANCED_FACE('',(#12731),#12738,.T.);
#12731 = FACE_BOUND('',#12732,.T.);
#12732 = EDGE_LOOP('',(#12733,#12734,#12735,#12736,#12737));
#12733 = ORIENTED_EDGE('',*,*,#11609,.F.);
#12734 = ORIENTED_EDGE('',*,*,#11650,.F.);
#12735 = ORIENTED_EDGE('',*,*,#11622,.F.);
#12736 = ORIENTED_EDGE('',*,*,#11927,.T.);
#12737 = ORIENTED_EDGE('',*,*,#11572,.F.);
#12738 = B_SPLINE_SURFACE_WITH_KNOTS('',1,1,(
    (#12739,#12740)
    ,(#12741,#12742
    )),.UNSPECIFIED.,.F.,.F.,.F.,(2,2),(2,2),(47.311457242019,
    168.1102416),(-47.244096,2.870592652471E-12),
  .PIECEWISE_BEZIER_KNOTS.);
#12739 = CARTESIAN_POINT('',(-84.52045798216,85.379170739141,
    4.000008636017));
#12740 = CARTESIAN_POINT('',(-84.52045798216,86.579173177546,
    4.000008636017));
#12741 = CARTESIAN_POINT('',(-81.45216272288,85.379170739141,
    4.000008636017));
#12742 = CARTESIAN_POINT('',(-81.45216272288,86.579173177546,
    4.000008636017));
#12743 = ADVANCED_FACE('',(#12744,#12747),#12761,.T.);
#12744 = FACE_BOUND('',#12745,.T.);
#12745 = EDGE_LOOP('',(#12746));
#12746 = ORIENTED_EDGE('',*,*,#11639,.T.);
#12747 = FACE_BOUND('',#12748,.T.);
#12748 = EDGE_LOOP('',(#12749));
#12749 = ORIENTED_EDGE('',*,*,#12750,.F.);
#12750 = EDGE_CURVE('',#12751,#12751,#12753,.T.);
#12751 = VERTEX_POINT('',#12752);
#12752 = CARTESIAN_POINT('',(-85.72217139954,85.979171958344,
    6.000012700025));
#12753 = ( BOUNDED_CURVE() B_SPLINE_CURVE(2,(#12754,#12755,#12756,#12757
    ,#12758,#12759,#12760),.UNSPECIFIED.,.T.,.F.) 
B_SPLINE_CURVE_WITH_KNOTS((1,2,2,2,2,1),(-2.094395102394,0.,
    2.094395102393,4.188790204786,6.28318530718,8.377580409573),
.UNSPECIFIED.) CURVE() GEOMETRIC_REPRESENTATION_ITEM() 
RATIONAL_B_SPLINE_CURVE((1.,0.5,1.,0.5,1.,0.5,1.)) REPRESENTATION_ITEM(
  '') );
#12754 = CARTESIAN_POINT('',(-85.72217139954,85.979171958344,
    6.000012700025));
#12755 = CARTESIAN_POINT('',(-85.72217139954,88.404048016288,
    6.000012700025));
#12756 = CARTESIAN_POINT('',(-87.82217566675,87.191609987316,
    6.000012700025));
#12757 = CARTESIAN_POINT('',(-89.92217993396,85.979171958344,
    6.000012700025));
#12758 = CARTESIAN_POINT('',(-87.82217566675,84.766733929372,
    6.000012700025));
#12759 = CARTESIAN_POINT('',(-85.72217139954,83.5542959004,
    6.000012700025));
#12760 = CARTESIAN_POINT('',(-85.72217139954,85.979171958344,
    6.000012700025));
#12761 = B_SPLINE_SURFACE_WITH_KNOTS('',1,1,(
    (#12762,#12763)
    ,(#12764,#12765
    )),.UNSPECIFIED.,.F.,.F.,.F.,(2,2),(2,2),(-105.1181136,105.1181136),
  (-105.1181136,105.1181136),.PIECEWISE_BEZIER_KNOTS.);
#12762 = CARTESIAN_POINT('',(-89.79217966979,83.309166532893,
    6.000012700025));
#12763 = CARTESIAN_POINT('',(-89.79217966979,88.649177383795,
    6.000012700025));
#12764 = CARTESIAN_POINT('',(-84.45216881889,83.309166532893,
    6.000012700025));
#12765 = CARTESIAN_POINT('',(-84.45216881889,88.649177383795,
    6.000012700025));
#12766 = ADVANCED_FACE('',(#12767),#12773,.T.);
#12767 = FACE_BOUND('',#12768,.T.);
#12768 = EDGE_LOOP('',(#12769,#12770,#12771,#12772));
#12769 = ORIENTED_EDGE('',*,*,#11791,.F.);
#12770 = ORIENTED_EDGE('',*,*,#11665,.F.);
#12771 = ORIENTED_EDGE('',*,*,#11753,.T.);
#12772 = ORIENTED_EDGE('',*,*,#11766,.F.);
#12773 = B_SPLINE_SURFACE_WITH_KNOTS('',1,1,(
    (#12774,#12775)
    ,(#12776,#12777
    )),.UNSPECIFIED.,.F.,.F.,.F.,(2,2),(2,2),(47.311457242033,
    168.1102416),(-47.244096,0.),.PIECEWISE_BEZIER_KNOTS.);
#12774 = CARTESIAN_POINT('',(-86.52217302514,88.580888220524,
    4.000008636017));
#12775 = CARTESIAN_POINT('',(-87.72217546355,88.580888220524,
    4.000008636017));
#12776 = CARTESIAN_POINT('',(-86.52217302514,91.649183479807,
    4.000008636017));
#12777 = CARTESIAN_POINT('',(-87.72217546355,91.649183479807,
    4.000008636017));
#12778 = ADVANCED_FACE('',(#12779),#12785,.T.);
#12779 = FACE_BOUND('',#12780,.T.);
#12780 = EDGE_LOOP('',(#12781,#12782,#12783,#12784));
#12781 = ORIENTED_EDGE('',*,*,#11851,.F.);
#12782 = ORIENTED_EDGE('',*,*,#11686,.F.);
#12783 = ORIENTED_EDGE('',*,*,#11813,.T.);
#12784 = ORIENTED_EDGE('',*,*,#11826,.F.);
#12785 = B_SPLINE_SURFACE_WITH_KNOTS('',1,1,(
    (#12786,#12787)
    ,(#12788,#12789
    )),.UNSPECIFIED.,.F.,.F.,.F.,(2,2),(2,2),(47.311457241982,
    168.1102416),(-47.244096,1.082156586563E-11),
  .PIECEWISE_BEZIER_KNOTS.);
#12786 = CARTESIAN_POINT('',(-89.72389050652,86.579173177546,
    4.000008636017));
#12787 = CARTESIAN_POINT('',(-89.72389050652,85.379170739141,
    4.000008636017));
#12788 = CARTESIAN_POINT('',(-92.79218576581,86.579173177546,
    4.000008636017));
#12789 = CARTESIAN_POINT('',(-92.79218576581,85.379170739141,
    4.000008636017));
#12790 = ADVANCED_FACE('',(#12791),#12797,.T.);
#12791 = FACE_BOUND('',#12792,.T.);
#12792 = EDGE_LOOP('',(#12793,#12794,#12795,#12796));
#12793 = ORIENTED_EDGE('',*,*,#11911,.F.);
#12794 = ORIENTED_EDGE('',*,*,#11707,.F.);
#12795 = ORIENTED_EDGE('',*,*,#11873,.T.);
#12796 = ORIENTED_EDGE('',*,*,#11886,.F.);
#12797 = B_SPLINE_SURFACE_WITH_KNOTS('',1,1,(
    (#12798,#12799)
    ,(#12800,#12801
    )),.UNSPECIFIED.,.F.,.F.,.F.,(2,2),(2,2),(47.311457242019,
    168.1102416),(-47.244096,2.888356220865E-12),
  .PIECEWISE_BEZIER_KNOTS.);
#12798 = CARTESIAN_POINT('',(-87.72217546355,83.377455696164,
    4.000008636017));
#12799 = CARTESIAN_POINT('',(-86.52217302514,83.377455696164,
    4.000008636017));
#12800 = CARTESIAN_POINT('',(-87.72217546355,80.309160436881,
    4.000008636017));
#12801 = CARTESIAN_POINT('',(-86.52217302514,80.309160436881,
    4.000008636017));
#12802 = ADVANCED_FACE('',(#12803),#12819,.T.);
#12803 = FACE_BOUND('',#12804,.T.);
#12804 = EDGE_LOOP('',(#12805,#12811,#12812,#12818));
#12805 = ORIENTED_EDGE('',*,*,#12806,.F.);
#12806 = EDGE_CURVE('',#12057,#11953,#12807,.T.);
#12807 = LINE('',#12808,#12809);
#12808 = CARTESIAN_POINT('',(-97.112,-31.33,31.));
#12809 = VECTOR('',#12810,1.);
#12810 = DIRECTION('',(0.,0.,1.));
#12811 = ORIENTED_EDGE('',*,*,#12056,.T.);
#12812 = ORIENTED_EDGE('',*,*,#12813,.T.);
#12813 = EDGE_CURVE('',#12059,#11955,#12814,.T.);
#12814 = LINE('',#12815,#12816);
#12815 = CARTESIAN_POINT('',(-97.112,95.97,31.));
#12816 = VECTOR('',#12817,1.);
#12817 = DIRECTION('',(0.,0.,1.));
#12818 = ORIENTED_EDGE('',*,*,#11952,.F.);
#12819 = PLANE('',#12820);
#12820 = AXIS2_PLACEMENT_3D('',#12821,#12822,#12823);
#12821 = CARTESIAN_POINT('',(-97.112,-31.33,31.));
#12822 = DIRECTION('',(1.,0.,-0.));
#12823 = DIRECTION('',(0.,0.,1.));
#12824 = ADVANCED_FACE('',(#12825),#12836,.F.);
#12825 = FACE_BOUND('',#12826,.F.);
#12826 = EDGE_LOOP('',(#12827,#12828,#12829,#12830));
#12827 = ORIENTED_EDGE('',*,*,#12082,.F.);
#12828 = ORIENTED_EDGE('',*,*,#12813,.T.);
#12829 = ORIENTED_EDGE('',*,*,#11978,.T.);
#12830 = ORIENTED_EDGE('',*,*,#12831,.F.);
#12831 = EDGE_CURVE('',#12075,#11971,#12832,.T.);
#12832 = LINE('',#12833,#12834);
#12833 = CARTESIAN_POINT('',(3.767,95.97,31.));
#12834 = VECTOR('',#12835,1.);
#12835 = DIRECTION('',(0.,0.,1.));
#12836 = PLANE('',#12837);
#12837 = AXIS2_PLACEMENT_3D('',#12838,#12839,#12840);
#12838 = CARTESIAN_POINT('',(-97.112,95.97,31.));
#12839 = DIRECTION('',(-0.,1.,0.));
#12840 = DIRECTION('',(0.,0.,1.));
#12841 = ADVANCED_FACE('',(#12842),#12853,.T.);
#12842 = FACE_BOUND('',#12843,.T.);
#12843 = EDGE_LOOP('',(#12844,#12845,#12846,#12847));
#12844 = ORIENTED_EDGE('',*,*,#12066,.F.);
#12845 = ORIENTED_EDGE('',*,*,#12806,.T.);
#12846 = ORIENTED_EDGE('',*,*,#11962,.T.);
#12847 = ORIENTED_EDGE('',*,*,#12848,.F.);
#12848 = EDGE_CURVE('',#12067,#11963,#12849,.T.);
#12849 = LINE('',#12850,#12851);
#12850 = CARTESIAN_POINT('',(3.767,-31.33,31.));
#12851 = VECTOR('',#12852,1.);
#12852 = DIRECTION('',(0.,0.,1.));
#12853 = PLANE('',#12854);
#12854 = AXIS2_PLACEMENT_3D('',#12855,#12856,#12857);
#12855 = CARTESIAN_POINT('',(-97.112,-31.33,31.));
#12856 = DIRECTION('',(-0.,1.,0.));
#12857 = DIRECTION('',(0.,0.,1.));
#12858 = ADVANCED_FACE('',(#12859),#12865,.F.);
#12859 = FACE_BOUND('',#12860,.F.);
#12860 = EDGE_LOOP('',(#12861,#12862,#12863,#12864));
#12861 = ORIENTED_EDGE('',*,*,#12848,.F.);
#12862 = ORIENTED_EDGE('',*,*,#12074,.T.);
#12863 = ORIENTED_EDGE('',*,*,#12831,.T.);
#12864 = ORIENTED_EDGE('',*,*,#11970,.F.);
#12865 = PLANE('',#12866);
#12866 = AXIS2_PLACEMENT_3D('',#12867,#12868,#12869);
#12867 = CARTESIAN_POINT('',(3.767,-31.33,31.));
#12868 = DIRECTION('',(1.,0.,-0.));
#12869 = DIRECTION('',(0.,0.,1.));
#12870 = ADVANCED_FACE('',(#12871),#12892,.F.);
#12871 = FACE_BOUND('',#12872,.F.);
#12872 = EDGE_LOOP('',(#12873,#12874,#12881,#12891));
#12873 = ORIENTED_EDGE('',*,*,#12175,.F.);
#12874 = ORIENTED_EDGE('',*,*,#12875,.F.);
#12875 = EDGE_CURVE('',#12876,#12176,#12878,.T.);
#12876 = VERTEX_POINT('',#12877);
#12877 = CARTESIAN_POINT('',(-3.299006553213,66.167132334265,
    1.500002540005));
#12878 = B_SPLINE_CURVE_WITH_KNOTS('',1,(#12879,#12880),.UNSPECIFIED.,
  .F.,.F.,(2,2),(0.,177.1654),.PIECEWISE_BEZIER_KNOTS.);
#12879 = CARTESIAN_POINT('',(-3.299006553213,66.167132334265,
    1.500002540005));
#12880 = CARTESIAN_POINT('',(-3.299006553213,66.167132334265,
    6.000012700025));
#12881 = ORIENTED_EDGE('',*,*,#12882,.T.);
#12882 = EDGE_CURVE('',#12876,#12876,#12883,.T.);
#12883 = ( BOUNDED_CURVE() B_SPLINE_CURVE(2,(#12884,#12885,#12886,#12887
    ,#12888,#12889,#12890),.UNSPECIFIED.,.T.,.F.) 
B_SPLINE_CURVE_WITH_KNOTS((1,2,2,2,2,1),(-2.094395102394,0.,
    2.094395102393,4.188790204786,6.28318530718,8.377580409573),
.UNSPECIFIED.) CURVE() GEOMETRIC_REPRESENTATION_ITEM() 
RATIONAL_B_SPLINE_CURVE((1.,0.5,1.,0.5,1.,0.5,1.)) REPRESENTATION_ITEM(
  '') );
#12884 = CARTESIAN_POINT('',(-3.299006553213,66.167132334265,
    1.500002540005));
#12885 = CARTESIAN_POINT('',(-3.299006553213,68.592008392209,
    1.500002540005));
#12886 = CARTESIAN_POINT('',(-5.399010820422,67.379570363237,
    1.500002540005));
#12887 = CARTESIAN_POINT('',(-7.49901508763,66.167132334265,
    1.500002540005));
#12888 = CARTESIAN_POINT('',(-5.399010820422,64.954694305292,
    1.500002540005));
#12889 = CARTESIAN_POINT('',(-3.299006553213,63.74225627632,
    1.500002540005));
#12890 = CARTESIAN_POINT('',(-3.299006553213,66.167132334265,
    1.500002540005));
#12891 = ORIENTED_EDGE('',*,*,#12875,.T.);
#12892 = ( BOUNDED_SURFACE() B_SPLINE_SURFACE(2,1,(
    (#12893,#12894)
    ,(#12895,#12896)
    ,(#12897,#12898)
    ,(#12899,#12900)
    ,(#12901,#12902)
    ,(#12903,#12904)
    ,(#12905,#12906
)),.UNSPECIFIED.,.T.,.F.,.F.) B_SPLINE_SURFACE_WITH_KNOTS((1,2,2,2,2,1),
  (2,2),(-2.094395102394,0.,2.094395102393,4.188790204786,6.28318530718,
    8.377580409573),(0.,177.1654),.UNSPECIFIED.) 
GEOMETRIC_REPRESENTATION_ITEM() RATIONAL_B_SPLINE_SURFACE((
    (1.,1.)
    ,(0.5,0.5)
    ,(1.,1.)
    ,(0.5,0.5)
    ,(1.,1.)
    ,(0.5,0.5)
,(1.,1.))) REPRESENTATION_ITEM('') SURFACE() );
#12893 = CARTESIAN_POINT('',(-3.299006553213,66.167132334265,
    1.500002540005));
#12894 = CARTESIAN_POINT('',(-3.299006553213,66.167132334265,
    6.000012700025));
#12895 = CARTESIAN_POINT('',(-3.299006553213,68.592008392209,
    1.500002540005));
#12896 = CARTESIAN_POINT('',(-3.299006553213,68.592008392209,
    6.000012700025));
#12897 = CARTESIAN_POINT('',(-5.399010820422,67.379570363237,
    1.500002540005));
#12898 = CARTESIAN_POINT('',(-5.399010820422,67.379570363237,
    6.000012700025));
#12899 = CARTESIAN_POINT('',(-7.49901508763,66.167132334265,
    1.500002540005));
#12900 = CARTESIAN_POINT('',(-7.49901508763,66.167132334265,
    6.000012700025));
#12901 = CARTESIAN_POINT('',(-5.399010820422,64.954694305292,
    1.500002540005));
#12902 = CARTESIAN_POINT('',(-5.399010820422,64.954694305292,
    6.000012700025));
#12903 = CARTESIAN_POINT('',(-3.299006553213,63.74225627632,
    1.500002540005));
#12904 = CARTESIAN_POINT('',(-3.299006553213,63.74225627632,
    6.000012700025));
#12905 = CARTESIAN_POINT('',(-3.299006553213,66.167132334265,
    1.500002540005));
#12906 = CARTESIAN_POINT('',(-3.299006553213,66.167132334265,
    6.000012700025));
#12907 = ADVANCED_FACE('',(#12908),#12929,.F.);
#12908 = FACE_BOUND('',#12909,.F.);
#12909 = EDGE_LOOP('',(#12910,#12911,#12918,#12928));
#12910 = ORIENTED_EDGE('',*,*,#12234,.F.);
#12911 = ORIENTED_EDGE('',*,*,#12912,.F.);
#12912 = EDGE_CURVE('',#12913,#12235,#12915,.T.);
#12913 = VERTEX_POINT('',#12914);
#12914 = CARTESIAN_POINT('',(-3.600007315215,4.95300990602,
    1.500002540005));
#12915 = B_SPLINE_CURVE_WITH_KNOTS('',1,(#12916,#12917),.UNSPECIFIED.,
  .F.,.F.,(2,2),(0.,177.1654),.PIECEWISE_BEZIER_KNOTS.);
#12916 = CARTESIAN_POINT('',(-3.600007315215,4.95300990602,
    1.500002540005));
#12917 = CARTESIAN_POINT('',(-3.600007315215,4.95300990602,
    6.000012700025));
#12918 = ORIENTED_EDGE('',*,*,#12919,.T.);
#12919 = EDGE_CURVE('',#12913,#12913,#12920,.T.);
#12920 = ( BOUNDED_CURVE() B_SPLINE_CURVE(2,(#12921,#12922,#12923,#12924
    ,#12925,#12926,#12927),.UNSPECIFIED.,.T.,.F.) 
B_SPLINE_CURVE_WITH_KNOTS((1,2,2,2,2,1),(-2.094395102394,0.,
    2.094395102393,4.188790204786,6.28318530718,8.377580409573),
.UNSPECIFIED.) CURVE() GEOMETRIC_REPRESENTATION_ITEM() 
RATIONAL_B_SPLINE_CURVE((1.,0.5,1.,0.5,1.,0.5,1.)) REPRESENTATION_ITEM(
  '') );
#12921 = CARTESIAN_POINT('',(-3.600007315215,4.95300990602,
    1.500002540005));
#12922 = CARTESIAN_POINT('',(-3.600007315215,7.377885963964,
    1.500002540005));
#12923 = CARTESIAN_POINT('',(-5.700011582423,6.165447934992,
    1.500002540005));
#12924 = CARTESIAN_POINT('',(-7.800015849632,4.95300990602,
    1.500002540005));
#12925 = CARTESIAN_POINT('',(-5.700011582423,3.740571877048,
    1.500002540005));
#12926 = CARTESIAN_POINT('',(-3.600007315215,2.528133848075,
    1.500002540005));
#12927 = CARTESIAN_POINT('',(-3.600007315215,4.95300990602,
    1.500002540005));
#12928 = ORIENTED_EDGE('',*,*,#12912,.T.);
#12929 = ( BOUNDED_SURFACE() B_SPLINE_SURFACE(2,1,(
    (#12930,#12931)
    ,(#12932,#12933)
    ,(#12934,#12935)
    ,(#12936,#12937)
    ,(#12938,#12939)
    ,(#12940,#12941)
    ,(#12942,#12943
)),.UNSPECIFIED.,.T.,.F.,.F.) B_SPLINE_SURFACE_WITH_KNOTS((1,2,2,2,2,1),
  (2,2),(-2.094395102394,0.,2.094395102393,4.188790204786,6.28318530718,
    8.377580409573),(0.,177.1654),.UNSPECIFIED.) 
GEOMETRIC_REPRESENTATION_ITEM() RATIONAL_B_SPLINE_SURFACE((
    (1.,1.)
    ,(0.5,0.5)
    ,(1.,1.)
    ,(0.5,0.5)
    ,(1.,1.)
    ,(0.5,0.5)
,(1.,1.))) REPRESENTATION_ITEM('') SURFACE() );
#12930 = CARTESIAN_POINT('',(-3.600007315215,4.95300990602,
    1.500002540005));
#12931 = CARTESIAN_POINT('',(-3.600007315215,4.95300990602,
    6.000012700025));
#12932 = CARTESIAN_POINT('',(-3.600007315215,7.377885963964,
    1.500002540005));
#12933 = CARTESIAN_POINT('',(-3.600007315215,7.377885963964,
    6.000012700025));
#12934 = CARTESIAN_POINT('',(-5.700011582423,6.165447934992,
    1.500002540005));
#12935 = CARTESIAN_POINT('',(-5.700011582423,6.165447934992,
    6.000012700025));
#12936 = CARTESIAN_POINT('',(-7.800015849632,4.95300990602,
    1.500002540005));
#12937 = CARTESIAN_POINT('',(-7.800015849632,4.95300990602,
    6.000012700025));
#12938 = CARTESIAN_POINT('',(-5.700011582423,3.740571877048,
    1.500002540005));
#12939 = CARTESIAN_POINT('',(-5.700011582423,3.740571877048,
    6.000012700025));
#12940 = CARTESIAN_POINT('',(-3.600007315215,2.528133848075,
    1.500002540005));
#12941 = CARTESIAN_POINT('',(-3.600007315215,2.528133848075,
    6.000012700025));
#12942 = CARTESIAN_POINT('',(-3.600007315215,4.95300990602,
    1.500002540005));
#12943 = CARTESIAN_POINT('',(-3.600007315215,4.95300990602,
    6.000012700025));
#12944 = ADVANCED_FACE('',(#12945),#12966,.F.);
#12945 = FACE_BOUND('',#12946,.F.);
#12946 = EDGE_LOOP('',(#12947,#12948,#12955,#12965));
#12947 = ORIENTED_EDGE('',*,*,#12330,.F.);
#12948 = ORIENTED_EDGE('',*,*,#12949,.F.);
#12949 = EDGE_CURVE('',#12950,#12331,#12952,.T.);
#12950 = VERTEX_POINT('',#12951);
#12951 = CARTESIAN_POINT('',(-85.72217139954,5.334010668021,
    1.500002540005));
#12952 = B_SPLINE_CURVE_WITH_KNOTS('',1,(#12953,#12954),.UNSPECIFIED.,
  .F.,.F.,(2,2),(0.,177.1654),.PIECEWISE_BEZIER_KNOTS.);
#12953 = CARTESIAN_POINT('',(-85.72217139954,5.334010668021,
    1.500002540005));
#12954 = CARTESIAN_POINT('',(-85.72217139954,5.334010668021,
    6.000012700025));
#12955 = ORIENTED_EDGE('',*,*,#12956,.T.);
#12956 = EDGE_CURVE('',#12950,#12950,#12957,.T.);
#12957 = ( BOUNDED_CURVE() B_SPLINE_CURVE(2,(#12958,#12959,#12960,#12961
    ,#12962,#12963,#12964),.UNSPECIFIED.,.T.,.F.) 
B_SPLINE_CURVE_WITH_KNOTS((1,2,2,2,2,1),(-2.094395102394,0.,
    2.094395102393,4.188790204786,6.28318530718,8.377580409573),
.UNSPECIFIED.) CURVE() GEOMETRIC_REPRESENTATION_ITEM() 
RATIONAL_B_SPLINE_CURVE((1.,0.5,1.,0.5,1.,0.5,1.)) REPRESENTATION_ITEM(
  '') );
#12958 = CARTESIAN_POINT('',(-85.72217139954,5.334010668021,
    1.500002540005));
#12959 = CARTESIAN_POINT('',(-85.72217139954,7.758886725966,
    1.500002540005));
#12960 = CARTESIAN_POINT('',(-87.82217566675,6.546448696994,
    1.500002540005));
#12961 = CARTESIAN_POINT('',(-89.92217993396,5.334010668021,
    1.500002540005));
#12962 = CARTESIAN_POINT('',(-87.82217566675,4.121572639049,
    1.500002540005));
#12963 = CARTESIAN_POINT('',(-85.72217139954,2.909134610077,
    1.500002540005));
#12964 = CARTESIAN_POINT('',(-85.72217139954,5.334010668021,
    1.500002540005));
#12965 = ORIENTED_EDGE('',*,*,#12949,.T.);
#12966 = ( BOUNDED_SURFACE() B_SPLINE_SURFACE(2,1,(
    (#12967,#12968)
    ,(#12969,#12970)
    ,(#12971,#12972)
    ,(#12973,#12974)
    ,(#12975,#12976)
    ,(#12977,#12978)
    ,(#12979,#12980
)),.UNSPECIFIED.,.T.,.F.,.F.) B_SPLINE_SURFACE_WITH_KNOTS((1,2,2,2,2,1),
  (2,2),(-2.094395102394,0.,2.094395102393,4.188790204786,6.28318530718,
    8.377580409573),(0.,177.1654),.UNSPECIFIED.) 
GEOMETRIC_REPRESENTATION_ITEM() RATIONAL_B_SPLINE_SURFACE((
    (1.,1.)
    ,(0.5,0.5)
    ,(1.,1.)
    ,(0.5,0.5)
    ,(1.,1.)
    ,(0.5,0.5)
,(1.,1.))) REPRESENTATION_ITEM('') SURFACE() );
#12967 = CARTESIAN_POINT('',(-85.72217139954,5.334010668021,
    1.500002540005));
#12968 = CARTESIAN_POINT('',(-85.72217139954,5.334010668021,
    6.000012700025));
#12969 = CARTESIAN_POINT('',(-85.72217139954,7.758886725966,
    1.500002540005));
#12970 = CARTESIAN_POINT('',(-85.72217139954,7.758886725966,
    6.000012700025));
#12971 = CARTESIAN_POINT('',(-87.82217566675,6.546448696994,
    1.500002540005));
#12972 = CARTESIAN_POINT('',(-87.82217566675,6.546448696994,
    6.000012700025));
#12973 = CARTESIAN_POINT('',(-89.92217993396,5.334010668021,
    1.500002540005));
#12974 = CARTESIAN_POINT('',(-89.92217993396,5.334010668021,
    6.000012700025));
#12975 = CARTESIAN_POINT('',(-87.82217566675,4.121572639049,
    1.500002540005));
#12976 = CARTESIAN_POINT('',(-87.82217566675,4.121572639049,
    6.000012700025));
#12977 = CARTESIAN_POINT('',(-85.72217139954,2.909134610077,
    1.500002540005));
#12978 = CARTESIAN_POINT('',(-85.72217139954,2.909134610077,
    6.000012700025));
#12979 = CARTESIAN_POINT('',(-85.72217139954,5.334010668021,
    1.500002540005));
#12980 = CARTESIAN_POINT('',(-85.72217139954,5.334010668021,
    6.000012700025));
#12981 = ADVANCED_FACE('',(#12982),#13003,.F.);
#12982 = FACE_BOUND('',#12983,.F.);
#12983 = EDGE_LOOP('',(#12984,#12985,#12992,#13002));
#12984 = ORIENTED_EDGE('',*,*,#12402,.F.);
#12985 = ORIENTED_EDGE('',*,*,#12986,.F.);
#12986 = EDGE_CURVE('',#12987,#12403,#12989,.T.);
#12987 = VERTEX_POINT('',#12988);
#12988 = CARTESIAN_POINT('',(-18.60003683007,-22.45454152908,
    1.500002540005));
#12989 = B_SPLINE_CURVE_WITH_KNOTS('',1,(#12990,#12991),.UNSPECIFIED.,
  .F.,.F.,(2,2),(0.,255.9055),.PIECEWISE_BEZIER_KNOTS.);
#12990 = CARTESIAN_POINT('',(-18.60003683007,-22.45454152908,
    1.500002540005));
#12991 = CARTESIAN_POINT('',(-18.60003683007,-22.45454152908,
    8.00001524003));
#12992 = ORIENTED_EDGE('',*,*,#12993,.T.);
#12993 = EDGE_CURVE('',#12987,#12987,#12994,.T.);
#12994 = ( BOUNDED_CURVE() B_SPLINE_CURVE(2,(#12995,#12996,#12997,#12998
    ,#12999,#13000,#13001),.UNSPECIFIED.,.T.,.F.) 
B_SPLINE_CURVE_WITH_KNOTS((1,2,2,2,2,1),(-2.094395102394,0.,
    2.094395102393,4.188790204786,6.28318530718,8.377580409573),
.UNSPECIFIED.) CURVE() GEOMETRIC_REPRESENTATION_ITEM() 
RATIONAL_B_SPLINE_CURVE((1.,0.5,1.,0.5,1.,0.5,1.)) REPRESENTATION_ITEM(
  '') );
#12995 = CARTESIAN_POINT('',(-18.60003683007,-22.45454152908,
    1.500002540005));
#12996 = CARTESIAN_POINT('',(-18.60003683007,-20.89569360256,
    1.500002540005));
#12997 = CARTESIAN_POINT('',(-19.95003873507,-21.67511756582,
    1.500002540005));
#12998 = CARTESIAN_POINT('',(-21.30004064008,-22.45454152908,
    1.500002540005));
#12999 = CARTESIAN_POINT('',(-19.95003873507,-23.23396549234,
    1.500002540005));
#13000 = CARTESIAN_POINT('',(-18.60003683007,-24.0133894556,
    1.500002540005));
#13001 = CARTESIAN_POINT('',(-18.60003683007,-22.45454152908,
    1.500002540005));
#13002 = ORIENTED_EDGE('',*,*,#12986,.T.);
#13003 = ( BOUNDED_SURFACE() B_SPLINE_SURFACE(2,1,(
    (#13004,#13005)
    ,(#13006,#13007)
    ,(#13008,#13009)
    ,(#13010,#13011)
    ,(#13012,#13013)
    ,(#13014,#13015)
    ,(#13016,#13017
)),.UNSPECIFIED.,.T.,.F.,.F.) B_SPLINE_SURFACE_WITH_KNOTS((1,2,2,2,2,1),
  (2,2),(-2.094395102394,0.,2.094395102393,4.188790204786,6.28318530718,
    8.377580409573),(0.,255.9055),.UNSPECIFIED.) 
GEOMETRIC_REPRESENTATION_ITEM() RATIONAL_B_SPLINE_SURFACE((
    (1.,1.)
    ,(0.5,0.5)
    ,(1.,1.)
    ,(0.5,0.5)
    ,(1.,1.)
    ,(0.5,0.5)
,(1.,1.))) REPRESENTATION_ITEM('') SURFACE() );
#13004 = CARTESIAN_POINT('',(-18.60003683007,-22.45454152908,
    1.500002540005));
#13005 = CARTESIAN_POINT('',(-18.60003683007,-22.45454152908,
    8.00001524003));
#13006 = CARTESIAN_POINT('',(-18.60003683007,-20.89569360256,
    1.500002540005));
#13007 = CARTESIAN_POINT('',(-18.60003683007,-20.89569360256,
    8.00001524003));
#13008 = CARTESIAN_POINT('',(-19.95003873507,-21.67511756582,
    1.500002540005));
#13009 = CARTESIAN_POINT('',(-19.95003873507,-21.67511756582,
    8.00001524003));
#13010 = CARTESIAN_POINT('',(-21.30004064008,-22.45454152908,
    1.500002540005));
#13011 = CARTESIAN_POINT('',(-21.30004064008,-22.45454152908,
    8.00001524003));
#13012 = CARTESIAN_POINT('',(-19.95003873507,-23.23396549234,
    1.500002540005));
#13013 = CARTESIAN_POINT('',(-19.95003873507,-23.23396549234,
    8.00001524003));
#13014 = CARTESIAN_POINT('',(-18.60003683007,-24.0133894556,
    1.500002540005));
#13015 = CARTESIAN_POINT('',(-18.60003683007,-24.0133894556,
    8.00001524003));
#13016 = CARTESIAN_POINT('',(-18.60003683007,-22.45454152908,
    1.500002540005));
#13017 = CARTESIAN_POINT('',(-18.60003683007,-22.45454152908,
    8.00001524003));
#13018 = ADVANCED_FACE('',(#13019),#13040,.F.);
#13019 = FACE_BOUND('',#13020,.F.);
#13020 = EDGE_LOOP('',(#13021,#13022,#13029,#13039));
#13021 = ORIENTED_EDGE('',*,*,#12510,.F.);
#13022 = ORIENTED_EDGE('',*,*,#13023,.F.);
#13023 = EDGE_CURVE('',#13024,#12511,#13026,.T.);
#13024 = VERTEX_POINT('',#13025);
#13025 = CARTESIAN_POINT('',(-18.60003683007,-9.144018288037,
    1.500002540005));
#13026 = B_SPLINE_CURVE_WITH_KNOTS('',1,(#13027,#13028),.UNSPECIFIED.,
  .F.,.F.,(2,2),(0.,255.9055),.PIECEWISE_BEZIER_KNOTS.);
#13027 = CARTESIAN_POINT('',(-18.60003683007,-9.144018288037,
    1.500002540005));
#13028 = CARTESIAN_POINT('',(-18.60003683007,-9.144018288037,
    8.00001524003));
#13029 = ORIENTED_EDGE('',*,*,#13030,.T.);
#13030 = EDGE_CURVE('',#13024,#13024,#13031,.T.);
#13031 = ( BOUNDED_CURVE() B_SPLINE_CURVE(2,(#13032,#13033,#13034,#13035
    ,#13036,#13037,#13038),.UNSPECIFIED.,.T.,.F.) 
B_SPLINE_CURVE_WITH_KNOTS((1,2,2,2,2,1),(-2.094395102394,0.,
    2.094395102393,4.188790204786,6.28318530718,8.377580409573),
.UNSPECIFIED.) CURVE() GEOMETRIC_REPRESENTATION_ITEM() 
RATIONAL_B_SPLINE_CURVE((1.,0.5,1.,0.5,1.,0.5,1.)) REPRESENTATION_ITEM(
  '') );
#13032 = CARTESIAN_POINT('',(-18.60003683007,-9.144018288037,
    1.500002540005));
#13033 = CARTESIAN_POINT('',(-18.60003683007,-7.585170361516,
    1.500002540005));
#13034 = CARTESIAN_POINT('',(-19.95003873507,-8.364594324776,
    1.500002540005));
#13035 = CARTESIAN_POINT('',(-21.30004064008,-9.144018288037,
    1.500002540005));
#13036 = CARTESIAN_POINT('',(-19.95003873507,-9.923442251297,
    1.500002540005));
#13037 = CARTESIAN_POINT('',(-18.60003683007,-10.70286621455,
    1.500002540005));
#13038 = CARTESIAN_POINT('',(-18.60003683007,-9.144018288037,
    1.500002540005));
#13039 = ORIENTED_EDGE('',*,*,#13023,.T.);
#13040 = ( BOUNDED_SURFACE() B_SPLINE_SURFACE(2,1,(
    (#13041,#13042)
    ,(#13043,#13044)
    ,(#13045,#13046)
    ,(#13047,#13048)
    ,(#13049,#13050)
    ,(#13051,#13052)
    ,(#13053,#13054
)),.UNSPECIFIED.,.T.,.F.,.F.) B_SPLINE_SURFACE_WITH_KNOTS((1,2,2,2,2,1),
  (2,2),(-2.094395102394,0.,2.094395102393,4.188790204786,6.28318530718,
    8.377580409573),(0.,255.9055),.UNSPECIFIED.) 
GEOMETRIC_REPRESENTATION_ITEM() RATIONAL_B_SPLINE_SURFACE((
    (1.,1.)
    ,(0.5,0.5)
    ,(1.,1.)
    ,(0.5,0.5)
    ,(1.,1.)
    ,(0.5,0.5)
,(1.,1.))) REPRESENTATION_ITEM('') SURFACE() );
#13041 = CARTESIAN_POINT('',(-18.60003683007,-9.144018288037,
    1.500002540005));
#13042 = CARTESIAN_POINT('',(-18.60003683007,-9.144018288037,
    8.00001524003));
#13043 = CARTESIAN_POINT('',(-18.60003683007,-7.585170361516,
    1.500002540005));
#13044 = CARTESIAN_POINT('',(-18.60003683007,-7.585170361516,
    8.00001524003));
#13045 = CARTESIAN_POINT('',(-19.95003873507,-8.364594324776,
    1.500002540005));
#13046 = CARTESIAN_POINT('',(-19.95003873507,-8.364594324776,
    8.00001524003));
#13047 = CARTESIAN_POINT('',(-21.30004064008,-9.144018288037,
    1.500002540005));
#13048 = CARTESIAN_POINT('',(-21.30004064008,-9.144018288037,
    8.00001524003));
#13049 = CARTESIAN_POINT('',(-19.95003873507,-9.923442251297,
    1.500002540005));
#13050 = CARTESIAN_POINT('',(-19.95003873507,-9.923442251297,
    8.00001524003));
#13051 = CARTESIAN_POINT('',(-18.60003683007,-10.70286621455,
    1.500002540005));
#13052 = CARTESIAN_POINT('',(-18.60003683007,-10.70286621455,
    8.00001524003));
#13053 = CARTESIAN_POINT('',(-18.60003683007,-9.144018288037,
    1.500002540005));
#13054 = CARTESIAN_POINT('',(-18.60003683007,-9.144018288037,
    8.00001524003));
#13055 = ADVANCED_FACE('',(#13056),#13077,.F.);
#13056 = FACE_BOUND('',#13057,.F.);
#13057 = EDGE_LOOP('',(#13058,#13059,#13066,#13076));
#13058 = ORIENTED_EDGE('',*,*,#12582,.F.);
#13059 = ORIENTED_EDGE('',*,*,#13060,.F.);
#13060 = EDGE_CURVE('',#13061,#12583,#13063,.T.);
#13061 = VERTEX_POINT('',#13062);
#13062 = CARTESIAN_POINT('',(-84.31716916433,-22.45454152908,
    1.500002540005));
#13063 = B_SPLINE_CURVE_WITH_KNOTS('',1,(#13064,#13065),.UNSPECIFIED.,
  .F.,.F.,(2,2),(0.,255.9055),.PIECEWISE_BEZIER_KNOTS.);
#13064 = CARTESIAN_POINT('',(-84.31716916433,-22.45454152908,
    1.500002540005));
#13065 = CARTESIAN_POINT('',(-84.31716916433,-22.45454152908,
    8.00001524003));
#13066 = ORIENTED_EDGE('',*,*,#13067,.T.);
#13067 = EDGE_CURVE('',#13061,#13061,#13068,.T.);
#13068 = ( BOUNDED_CURVE() B_SPLINE_CURVE(2,(#13069,#13070,#13071,#13072
    ,#13073,#13074,#13075),.UNSPECIFIED.,.T.,.F.) 
B_SPLINE_CURVE_WITH_KNOTS((1,2,2,2,2,1),(-2.094395102394,0.,
    2.094395102393,4.188790204786,6.28318530718,8.377580409573),
.UNSPECIFIED.) CURVE() GEOMETRIC_REPRESENTATION_ITEM() 
RATIONAL_B_SPLINE_CURVE((1.,0.5,1.,0.5,1.,0.5,1.)) REPRESENTATION_ITEM(
  '') );
#13069 = CARTESIAN_POINT('',(-84.31716916433,-22.45454152908,
    1.500002540005));
#13070 = CARTESIAN_POINT('',(-84.31716916433,-20.89569360256,
    1.500002540005));
#13071 = CARTESIAN_POINT('',(-85.66717106934,-21.67511756582,
    1.500002540005));
#13072 = CARTESIAN_POINT('',(-87.01717297434,-22.45454152908,
    1.500002540005));
#13073 = CARTESIAN_POINT('',(-85.66717106934,-23.23396549234,
    1.500002540005));
#13074 = CARTESIAN_POINT('',(-84.31716916433,-24.0133894556,
    1.500002540005));
#13075 = CARTESIAN_POINT('',(-84.31716916433,-22.45454152908,
    1.500002540005));
#13076 = ORIENTED_EDGE('',*,*,#13060,.T.);
#13077 = ( BOUNDED_SURFACE() B_SPLINE_SURFACE(2,1,(
    (#13078,#13079)
    ,(#13080,#13081)
    ,(#13082,#13083)
    ,(#13084,#13085)
    ,(#13086,#13087)
    ,(#13088,#13089)
    ,(#13090,#13091
)),.UNSPECIFIED.,.T.,.F.,.F.) B_SPLINE_SURFACE_WITH_KNOTS((1,2,2,2,2,1),
  (2,2),(-2.094395102394,0.,2.094395102393,4.188790204786,6.28318530718,
    8.377580409573),(0.,255.9055),.UNSPECIFIED.) 
GEOMETRIC_REPRESENTATION_ITEM() RATIONAL_B_SPLINE_SURFACE((
    (1.,1.)
    ,(0.5,0.5)
    ,(1.,1.)
    ,(0.5,0.5)
    ,(1.,1.)
    ,(0.5,0.5)
,(1.,1.))) REPRESENTATION_ITEM('') SURFACE() );
#13078 = CARTESIAN_POINT('',(-84.31716916433,-22.45454152908,
    1.500002540005));
#13079 = CARTESIAN_POINT('',(-84.31716916433,-22.45454152908,
    8.00001524003));
#13080 = CARTESIAN_POINT('',(-84.31716916433,-20.89569360256,
    1.500002540005));
#13081 = CARTESIAN_POINT('',(-84.31716916433,-20.89569360256,
    8.00001524003));
#13082 = CARTESIAN_POINT('',(-85.66717106934,-21.67511756582,
    1.500002540005));
#13083 = CARTESIAN_POINT('',(-85.66717106934,-21.67511756582,
    8.00001524003));
#13084 = CARTESIAN_POINT('',(-87.01717297434,-22.45454152908,
    1.500002540005));
#13085 = CARTESIAN_POINT('',(-87.01717297434,-22.45454152908,
    8.00001524003));
#13086 = CARTESIAN_POINT('',(-85.66717106934,-23.23396549234,
    1.500002540005));
#13087 = CARTESIAN_POINT('',(-85.66717106934,-23.23396549234,
    8.00001524003));
#13088 = CARTESIAN_POINT('',(-84.31716916433,-24.0133894556,
    1.500002540005));
#13089 = CARTESIAN_POINT('',(-84.31716916433,-24.0133894556,
    8.00001524003));
#13090 = CARTESIAN_POINT('',(-84.31716916433,-22.45454152908,
    1.500002540005));
#13091 = CARTESIAN_POINT('',(-84.31716916433,-22.45454152908,
    8.00001524003));
#13092 = ADVANCED_FACE('',(#13093),#13114,.F.);
#13093 = FACE_BOUND('',#13094,.F.);
#13094 = EDGE_LOOP('',(#13095,#13096,#13103,#13113));
#13095 = ORIENTED_EDGE('',*,*,#12690,.F.);
#13096 = ORIENTED_EDGE('',*,*,#13097,.F.);
#13097 = EDGE_CURVE('',#13098,#12691,#13100,.T.);
#13098 = VERTEX_POINT('',#13099);
#13099 = CARTESIAN_POINT('',(-84.31716916433,-9.144018288037,
    1.500002540005));
#13100 = B_SPLINE_CURVE_WITH_KNOTS('',1,(#13101,#13102),.UNSPECIFIED.,
  .F.,.F.,(2,2),(0.,255.9055),.PIECEWISE_BEZIER_KNOTS.);
#13101 = CARTESIAN_POINT('',(-84.31716916433,-9.144018288037,
    1.500002540005));
#13102 = CARTESIAN_POINT('',(-84.31716916433,-9.144018288037,
    8.00001524003));
#13103 = ORIENTED_EDGE('',*,*,#13104,.T.);
#13104 = EDGE_CURVE('',#13098,#13098,#13105,.T.);
#13105 = ( BOUNDED_CURVE() B_SPLINE_CURVE(2,(#13106,#13107,#13108,#13109
    ,#13110,#13111,#13112),.UNSPECIFIED.,.T.,.F.) 
B_SPLINE_CURVE_WITH_KNOTS((1,2,2,2,2,1),(-2.094395102394,0.,
    2.094395102393,4.188790204786,6.28318530718,8.377580409573),
.UNSPECIFIED.) CURVE() GEOMETRIC_REPRESENTATION_ITEM() 
RATIONAL_B_SPLINE_CURVE((1.,0.5,1.,0.5,1.,0.5,1.)) REPRESENTATION_ITEM(
  '') );
#13106 = CARTESIAN_POINT('',(-84.31716916433,-9.144018288037,
    1.500002540005));
#13107 = CARTESIAN_POINT('',(-84.31716916433,-7.585170361516,
    1.500002540005));
#13108 = CARTESIAN_POINT('',(-85.66717106934,-8.364594324776,
    1.500002540005));
#13109 = CARTESIAN_POINT('',(-87.01717297434,-9.144018288037,
    1.500002540005));
#13110 = CARTESIAN_POINT('',(-85.66717106934,-9.923442251297,
    1.500002540005));
#13111 = CARTESIAN_POINT('',(-84.31716916433,-10.70286621455,
    1.500002540005));
#13112 = CARTESIAN_POINT('',(-84.31716916433,-9.144018288037,
    1.500002540005));
#13113 = ORIENTED_EDGE('',*,*,#13097,.T.);
#13114 = ( BOUNDED_SURFACE() B_SPLINE_SURFACE(2,1,(
    (#13115,#13116)
    ,(#13117,#13118)
    ,(#13119,#13120)
    ,(#13121,#13122)
    ,(#13123,#13124)
    ,(#13125,#13126)
    ,(#13127,#13128
)),.UNSPECIFIED.,.T.,.F.,.F.) B_SPLINE_SURFACE_WITH_KNOTS((1,2,2,2,2,1),
  (2,2),(-2.094395102394,0.,2.094395102393,4.188790204786,6.28318530718,
    8.377580409573),(0.,255.9055),.UNSPECIFIED.) 
GEOMETRIC_REPRESENTATION_ITEM() RATIONAL_B_SPLINE_SURFACE((
    (1.,1.)
    ,(0.5,0.5)
    ,(1.,1.)
    ,(0.5,0.5)
    ,(1.,1.)
    ,(0.5,0.5)
,(1.,1.))) REPRESENTATION_ITEM('') SURFACE() );
#13115 = CARTESIAN_POINT('',(-84.31716916433,-9.144018288037,
    1.500002540005));
#13116 = CARTESIAN_POINT('',(-84.31716916433,-9.144018288037,
    8.00001524003));
#13117 = CARTESIAN_POINT('',(-84.31716916433,-7.585170361516,
    1.500002540005));
#13118 = CARTESIAN_POINT('',(-84.31716916433,-7.585170361516,
    8.00001524003));
#13119 = CARTESIAN_POINT('',(-85.66717106934,-8.364594324776,
    1.500002540005));
#13120 = CARTESIAN_POINT('',(-85.66717106934,-8.364594324776,
    8.00001524003));
#13121 = CARTESIAN_POINT('',(-87.01717297434,-9.144018288037,
    1.500002540005));
#13122 = CARTESIAN_POINT('',(-87.01717297434,-9.144018288037,
    8.00001524003));
#13123 = CARTESIAN_POINT('',(-85.66717106934,-9.923442251297,
    1.500002540005));
#13124 = CARTESIAN_POINT('',(-85.66717106934,-9.923442251297,
    8.00001524003));
#13125 = CARTESIAN_POINT('',(-84.31716916433,-10.70286621455,
    1.500002540005));
#13126 = CARTESIAN_POINT('',(-84.31716916433,-10.70286621455,
    8.00001524003));
#13127 = CARTESIAN_POINT('',(-84.31716916433,-9.144018288037,
    1.500002540005));
#13128 = CARTESIAN_POINT('',(-84.31716916433,-9.144018288037,
    8.00001524003));
#13129 = ADVANCED_FACE('',(#13130),#13151,.F.);
#13130 = FACE_BOUND('',#13131,.F.);
#13131 = EDGE_LOOP('',(#13132,#13133,#13140,#13150));
#13132 = ORIENTED_EDGE('',*,*,#12750,.F.);
#13133 = ORIENTED_EDGE('',*,*,#13134,.F.);
#13134 = EDGE_CURVE('',#13135,#12751,#13137,.T.);
#13135 = VERTEX_POINT('',#13136);
#13136 = CARTESIAN_POINT('',(-85.72217139954,85.979171958344,
    1.500002540005));
#13137 = B_SPLINE_CURVE_WITH_KNOTS('',1,(#13138,#13139),.UNSPECIFIED.,
  .F.,.F.,(2,2),(0.,177.1654),.PIECEWISE_BEZIER_KNOTS.);
#13138 = CARTESIAN_POINT('',(-85.72217139954,85.979171958344,
    1.500002540005));
#13139 = CARTESIAN_POINT('',(-85.72217139954,85.979171958344,
    6.000012700025));
#13140 = ORIENTED_EDGE('',*,*,#13141,.T.);
#13141 = EDGE_CURVE('',#13135,#13135,#13142,.T.);
#13142 = ( BOUNDED_CURVE() B_SPLINE_CURVE(2,(#13143,#13144,#13145,#13146
    ,#13147,#13148,#13149),.UNSPECIFIED.,.T.,.F.) 
B_SPLINE_CURVE_WITH_KNOTS((1,2,2,2,2,1),(-2.094395102394,0.,
    2.094395102393,4.188790204786,6.28318530718,8.377580409573),
.UNSPECIFIED.) CURVE() GEOMETRIC_REPRESENTATION_ITEM() 
RATIONAL_B_SPLINE_CURVE((1.,0.5,1.,0.5,1.,0.5,1.)) REPRESENTATION_ITEM(
  '') );
#13143 = CARTESIAN_POINT('',(-85.72217139954,85.979171958344,
    1.500002540005));
#13144 = CARTESIAN_POINT('',(-85.72217139954,88.404048016288,
    1.500002540005));
#13145 = CARTESIAN_POINT('',(-87.82217566675,87.191609987316,
    1.500002540005));
#13146 = CARTESIAN_POINT('',(-89.92217993396,85.979171958344,
    1.500002540005));
#13147 = CARTESIAN_POINT('',(-87.82217566675,84.766733929372,
    1.500002540005));
#13148 = CARTESIAN_POINT('',(-85.72217139954,83.5542959004,
    1.500002540005));
#13149 = CARTESIAN_POINT('',(-85.72217139954,85.979171958344,
    1.500002540005));
#13150 = ORIENTED_EDGE('',*,*,#13134,.T.);
#13151 = ( BOUNDED_SURFACE() B_SPLINE_SURFACE(2,1,(
    (#13152,#13153)
    ,(#13154,#13155)
    ,(#13156,#13157)
    ,(#13158,#13159)
    ,(#13160,#13161)
    ,(#13162,#13163)
    ,(#13164,#13165
)),.UNSPECIFIED.,.T.,.F.,.F.) B_SPLINE_SURFACE_WITH_KNOTS((1,2,2,2,2,1),
  (2,2),(-2.094395102394,0.,2.094395102393,4.188790204786,6.28318530718,
    8.377580409573),(0.,177.1654),.UNSPECIFIED.) 
GEOMETRIC_REPRESENTATION_ITEM() RATIONAL_B_SPLINE_SURFACE((
    (1.,1.)
    ,(0.5,0.5)
    ,(1.,1.)
    ,(0.5,0.5)
    ,(1.,1.)
    ,(0.5,0.5)
,(1.,1.))) REPRESENTATION_ITEM('') SURFACE() );
#13152 = CARTESIAN_POINT('',(-85.72217139954,85.979171958344,
    1.500002540005));
#13153 = CARTESIAN_POINT('',(-85.72217139954,85.979171958344,
    6.000012700025));
#13154 = CARTESIAN_POINT('',(-85.72217139954,88.404048016288,
    1.500002540005));
#13155 = CARTESIAN_POINT('',(-85.72217139954,88.404048016288,
    6.000012700025));
#13156 = CARTESIAN_POINT('',(-87.82217566675,87.191609987316,
    1.500002540005));
#13157 = CARTESIAN_POINT('',(-87.82217566675,87.191609987316,
    6.000012700025));
#13158 = CARTESIAN_POINT('',(-89.92217993396,85.979171958344,
    1.500002540005));
#13159 = CARTESIAN_POINT('',(-89.92217993396,85.979171958344,
    6.000012700025));
#13160 = CARTESIAN_POINT('',(-87.82217566675,84.766733929372,
    1.500002540005));
#13161 = CARTESIAN_POINT('',(-87.82217566675,84.766733929372,
    6.000012700025));
#13162 = CARTESIAN_POINT('',(-85.72217139954,83.5542959004,
    1.500002540005));
#13163 = CARTESIAN_POINT('',(-85.72217139954,83.5542959004,
    6.000012700025));
#13164 = CARTESIAN_POINT('',(-85.72217139954,85.979171958344,
    1.500002540005));
#13165 = CARTESIAN_POINT('',(-85.72217139954,85.979171958344,
    6.000012700025));
#13166 = ADVANCED_FACE('',(#13167),#13170,.T.);
#13167 = FACE_BOUND('',#13168,.T.);
#13168 = EDGE_LOOP('',(#13169));
#13169 = ORIENTED_EDGE('',*,*,#12882,.T.);
#13170 = B_SPLINE_SURFACE_WITH_KNOTS('',1,1,(
    (#13171,#13172)
    ,(#13173,#13174
    )),.UNSPECIFIED.,.F.,.F.,.F.,(2,2),(2,2),(-55.118112,55.118112),(
    -55.118112,55.118112),.PIECEWISE_BEZIER_KNOTS.);
#13171 = CARTESIAN_POINT('',(-6.099012242824,64.767129489459,
    1.500002540005));
#13172 = CARTESIAN_POINT('',(-6.099012242824,67.56713517907,
    1.500002540005));
#13173 = CARTESIAN_POINT('',(-3.299006553213,64.767129489459,
    1.500002540005));
#13174 = CARTESIAN_POINT('',(-3.299006553213,67.56713517907,
    1.500002540005));
#13175 = ADVANCED_FACE('',(#13176),#13179,.T.);
#13176 = FACE_BOUND('',#13177,.T.);
#13177 = EDGE_LOOP('',(#13178));
#13178 = ORIENTED_EDGE('',*,*,#12919,.T.);
#13179 = B_SPLINE_SURFACE_WITH_KNOTS('',1,1,(
    (#13180,#13181)
    ,(#13182,#13183
    )),.UNSPECIFIED.,.F.,.F.,.F.,(2,2),(2,2),(-55.118112,55.118112),(
    -55.118112,55.118112),.PIECEWISE_BEZIER_KNOTS.);
#13180 = CARTESIAN_POINT('',(-6.400013004826,3.553007061214,
    1.500002540005));
#13181 = CARTESIAN_POINT('',(-6.400013004826,6.353012750826,
    1.500002540005));
#13182 = CARTESIAN_POINT('',(-3.600007315215,3.553007061214,
    1.500002540005));
#13183 = CARTESIAN_POINT('',(-3.600007315215,6.353012750826,
    1.500002540005));
#13184 = ADVANCED_FACE('',(#13185),#13188,.T.);
#13185 = FACE_BOUND('',#13186,.T.);
#13186 = EDGE_LOOP('',(#13187));
#13187 = ORIENTED_EDGE('',*,*,#12956,.T.);
#13188 = B_SPLINE_SURFACE_WITH_KNOTS('',1,1,(
    (#13189,#13190)
    ,(#13191,#13192
    )),.UNSPECIFIED.,.F.,.F.,.F.,(2,2),(2,2),(-55.118112,55.118112),(
    -55.118112,55.118112),.PIECEWISE_BEZIER_KNOTS.);
#13189 = CARTESIAN_POINT('',(-88.52217708915,3.934007823216,
    1.500002540005));
#13190 = CARTESIAN_POINT('',(-88.52217708915,6.734013512827,
    1.500002540005));
#13191 = CARTESIAN_POINT('',(-85.72217139954,3.934007823216,
    1.500002540005));
#13192 = CARTESIAN_POINT('',(-85.72217139954,6.734013512827,
    1.500002540005));
#13193 = ADVANCED_FACE('',(#13194),#13197,.T.);
#13194 = FACE_BOUND('',#13195,.T.);
#13195 = EDGE_LOOP('',(#13196));
#13196 = ORIENTED_EDGE('',*,*,#12993,.T.);
#13197 = B_SPLINE_SURFACE_WITH_KNOTS('',1,1,(
    (#13198,#13199)
    ,(#13200,#13201
    )),.UNSPECIFIED.,.F.,.F.,.F.,(2,2),(2,2),(-35.43305,35.43305),(
    -35.43305,35.43305),.PIECEWISE_BEZIER_KNOTS.);
#13198 = CARTESIAN_POINT('',(-20.40003937007,-23.35454279908,
    1.500002540005));
#13199 = CARTESIAN_POINT('',(-20.40003937007,-21.55454025908,
    1.500002540005));
#13200 = CARTESIAN_POINT('',(-18.60003683007,-23.35454279908,
    1.500002540005));
#13201 = CARTESIAN_POINT('',(-18.60003683007,-21.55454025908,
    1.500002540005));
#13202 = ADVANCED_FACE('',(#13203),#13206,.T.);
#13203 = FACE_BOUND('',#13204,.T.);
#13204 = EDGE_LOOP('',(#13205));
#13205 = ORIENTED_EDGE('',*,*,#13030,.T.);
#13206 = B_SPLINE_SURFACE_WITH_KNOTS('',1,1,(
    (#13207,#13208)
    ,(#13209,#13210
    )),.UNSPECIFIED.,.F.,.F.,.F.,(2,2),(2,2),(-35.43305,35.43305),(
    -35.43305,35.43305),.PIECEWISE_BEZIER_KNOTS.);
#13207 = CARTESIAN_POINT('',(-20.40003937007,-10.04401955803,
    1.500002540005));
#13208 = CARTESIAN_POINT('',(-20.40003937007,-8.244017018034,
    1.500002540005));
#13209 = CARTESIAN_POINT('',(-18.60003683007,-10.04401955803,
    1.500002540005));
#13210 = CARTESIAN_POINT('',(-18.60003683007,-8.244017018034,
    1.500002540005));
#13211 = ADVANCED_FACE('',(#13212),#13215,.T.);
#13212 = FACE_BOUND('',#13213,.T.);
#13213 = EDGE_LOOP('',(#13214));
#13214 = ORIENTED_EDGE('',*,*,#13067,.T.);
#13215 = B_SPLINE_SURFACE_WITH_KNOTS('',1,1,(
    (#13216,#13217)
    ,(#13218,#13219
    )),.UNSPECIFIED.,.F.,.F.,.F.,(2,2),(2,2),(-35.43305,35.43305),(
    -35.43305,35.43305),.PIECEWISE_BEZIER_KNOTS.);
#13216 = CARTESIAN_POINT('',(-86.11717170434,-23.35454279908,
    1.500002540005));
#13217 = CARTESIAN_POINT('',(-86.11717170434,-21.55454025908,
    1.500002540005));
#13218 = CARTESIAN_POINT('',(-84.31716916433,-23.35454279908,
    1.500002540005));
#13219 = CARTESIAN_POINT('',(-84.31716916433,-21.55454025908,
    1.500002540005));
#13220 = ADVANCED_FACE('',(#13221),#13224,.T.);
#13221 = FACE_BOUND('',#13222,.T.);
#13222 = EDGE_LOOP('',(#13223));
#13223 = ORIENTED_EDGE('',*,*,#13104,.T.);
#13224 = B_SPLINE_SURFACE_WITH_KNOTS('',1,1,(
    (#13225,#13226)
    ,(#13227,#13228
    )),.UNSPECIFIED.,.F.,.F.,.F.,(2,2),(2,2),(-35.43305,35.43305),(
    -35.43305,35.43305),.PIECEWISE_BEZIER_KNOTS.);
#13225 = CARTESIAN_POINT('',(-86.11717170434,-10.04401955803,
    1.500002540005));
#13226 = CARTESIAN_POINT('',(-86.11717170434,-8.244017018034,
    1.500002540005));
#13227 = CARTESIAN_POINT('',(-84.31716916433,-10.04401955803,
    1.500002540005));
#13228 = CARTESIAN_POINT('',(-84.31716916433,-8.244017018034,
    1.500002540005));
#13229 = ADVANCED_FACE('',(#13230),#13233,.T.);
#13230 = FACE_BOUND('',#13231,.T.);
#13231 = EDGE_LOOP('',(#13232));
#13232 = ORIENTED_EDGE('',*,*,#13141,.T.);
#13233 = B_SPLINE_SURFACE_WITH_KNOTS('',1,1,(
    (#13234,#13235)
    ,(#13236,#13237
    )),.UNSPECIFIED.,.F.,.F.,.F.,(2,2),(2,2),(-55.118112,55.118112),(
    -55.118112,55.118112),.PIECEWISE_BEZIER_KNOTS.);
#13234 = CARTESIAN_POINT('',(-88.52217708915,84.579169113538,
    1.500002540005));
#13235 = CARTESIAN_POINT('',(-88.52217708915,87.37917480315,
    1.500002540005));
#13236 = CARTESIAN_POINT('',(-85.72217139954,84.579169113538,
    1.500002540005));
#13237 = CARTESIAN_POINT('',(-85.72217139954,87.37917480315,
    1.500002540005));
#13238 = MANIFOLD_SOLID_BREP('',#13239);
#13239 = CLOSED_SHELL('',(#13240,#13282,#13306,#13316));
#13240 = ADVANCED_FACE('',(#13241),#13277,.T.);
#13241 = FACE_BOUND('',#13242,.T.);
#13242 = EDGE_LOOP('',(#13243,#13253,#13262,#13270));
#13243 = ORIENTED_EDGE('',*,*,#13244,.F.);
#13244 = EDGE_CURVE('',#13245,#13247,#13249,.T.);
#13245 = VERTEX_POINT('',#13246);
#13246 = CARTESIAN_POINT('',(5.417,31.774564394268,33.25));
#13247 = VERTEX_POINT('',#13248);
#13248 = CARTESIAN_POINT('',(5.42,31.774564394268,33.25));
#13249 = LINE('',#13250,#13251);
#13250 = CARTESIAN_POINT('',(-2.58,31.774564394268,33.25));
#13251 = VECTOR('',#13252,1.);
#13252 = DIRECTION('',(1.,0.,0.));
#13253 = ORIENTED_EDGE('',*,*,#13254,.T.);
#13254 = EDGE_CURVE('',#13245,#13255,#13257,.T.);
#13255 = VERTEX_POINT('',#13256);
#13256 = CARTESIAN_POINT('',(5.417,32.865435605732,33.25));
#13257 = CIRCLE('',#13258,0.6);
#13258 = AXIS2_PLACEMENT_3D('',#13259,#13260,#13261);
#13259 = CARTESIAN_POINT('',(5.417,32.32,33.));
#13260 = DIRECTION('',(1.,0.,0.));
#13261 = DIRECTION('',(-0.,0.,1.));
#13262 = ORIENTED_EDGE('',*,*,#13263,.T.);
#13263 = EDGE_CURVE('',#13255,#13264,#13266,.T.);
#13264 = VERTEX_POINT('',#13265);
#13265 = CARTESIAN_POINT('',(5.42,32.865435605732,33.25));
#13266 = LINE('',#13267,#13268);
#13267 = CARTESIAN_POINT('',(-2.58,32.865435605732,33.25));
#13268 = VECTOR('',#13269,1.);
#13269 = DIRECTION('',(1.,0.,0.));
#13270 = ORIENTED_EDGE('',*,*,#13271,.F.);
#13271 = EDGE_CURVE('',#13247,#13264,#13272,.T.);
#13272 = CIRCLE('',#13273,0.6);
#13273 = AXIS2_PLACEMENT_3D('',#13274,#13275,#13276);
#13274 = CARTESIAN_POINT('',(5.42,32.32,33.));
#13275 = DIRECTION('',(1.,0.,0.));
#13276 = DIRECTION('',(-0.,0.,1.));
#13277 = CYLINDRICAL_SURFACE('',#13278,0.6);
#13278 = AXIS2_PLACEMENT_3D('',#13279,#13280,#13281);
#13279 = CARTESIAN_POINT('',(-2.58,32.32,33.));
#13280 = DIRECTION('',(1.,0.,0.));
#13281 = DIRECTION('',(-0.,0.,1.));
#13282 = ADVANCED_FACE('',(#13283),#13301,.F.);
#13283 = FACE_BOUND('',#13284,.F.);
#13284 = EDGE_LOOP('',(#13285,#13292,#13293,#13300));
#13285 = ORIENTED_EDGE('',*,*,#13286,.T.);
#13286 = EDGE_CURVE('',#13245,#13255,#13287,.T.);
#13287 = CIRCLE('',#13288,0.6);
#13288 = AXIS2_PLACEMENT_3D('',#13289,#13290,#13291);
#13289 = CARTESIAN_POINT('',(5.417,32.32,33.5));
#13290 = DIRECTION('',(1.,0.,0.));
#13291 = DIRECTION('',(-0.,0.,1.));
#13292 = ORIENTED_EDGE('',*,*,#13263,.T.);
#13293 = ORIENTED_EDGE('',*,*,#13294,.F.);
#13294 = EDGE_CURVE('',#13247,#13264,#13295,.T.);
#13295 = CIRCLE('',#13296,0.6);
#13296 = AXIS2_PLACEMENT_3D('',#13297,#13298,#13299);
#13297 = CARTESIAN_POINT('',(5.42,32.32,33.5));
#13298 = DIRECTION('',(1.,0.,0.));
#13299 = DIRECTION('',(-0.,0.,1.));
#13300 = ORIENTED_EDGE('',*,*,#13244,.F.);
#13301 = CYLINDRICAL_SURFACE('',#13302,0.6);
#13302 = AXIS2_PLACEMENT_3D('',#13303,#13304,#13305);
#13303 = CARTESIAN_POINT('',(-2.58,32.32,33.5));
#13304 = DIRECTION('',(1.,0.,0.));
#13305 = DIRECTION('',(-0.,0.,1.));
#13306 = ADVANCED_FACE('',(#13307),#13311,.T.);
#13307 = FACE_BOUND('',#13308,.T.);
#13308 = EDGE_LOOP('',(#13309,#13310));
#13309 = ORIENTED_EDGE('',*,*,#13294,.F.);
#13310 = ORIENTED_EDGE('',*,*,#13271,.T.);
#13311 = PLANE('',#13312);
#13312 = AXIS2_PLACEMENT_3D('',#13313,#13314,#13315);
#13313 = CARTESIAN_POINT('',(5.42,32.32,33.));
#13314 = DIRECTION('',(1.,0.,0.));
#13315 = DIRECTION('',(-0.,0.,1.));
#13316 = ADVANCED_FACE('',(#13317),#13321,.F.);
#13317 = FACE_BOUND('',#13318,.F.);
#13318 = EDGE_LOOP('',(#13319,#13320));
#13319 = ORIENTED_EDGE('',*,*,#13286,.F.);
#13320 = ORIENTED_EDGE('',*,*,#13254,.T.);
#13321 = PLANE('',#13322);
#13322 = AXIS2_PLACEMENT_3D('',#13323,#13324,#13325);
#13323 = CARTESIAN_POINT('',(5.417,-32.98,31.));
#13324 = DIRECTION('',(1.,0.,-0.));
#13325 = DIRECTION('',(0.,0.,1.));
#13326 = MANIFOLD_SOLID_BREP('',#13327);
#13327 = CLOSED_SHELL('',(#13328,#13419,#13436,#13454));
#13328 = ADVANCED_FACE('',(#13329),#13414,.T.);
#13329 = FACE_BOUND('',#13330,.T.);
#13330 = EDGE_LOOP('',(#13331,#13342,#13391,#13399,#13408));
#13331 = ORIENTED_EDGE('',*,*,#13332,.F.);
#13332 = EDGE_CURVE('',#13333,#13335,#13337,.T.);
#13333 = VERTEX_POINT('',#13334);
#13334 = CARTESIAN_POINT('',(1.917004064008,32.918849343694,
    32.962858869733));
#13335 = VERTEX_POINT('',#13336);
#13336 = CARTESIAN_POINT('',(1.917,32.865435605732,33.25));
#13337 = CIRCLE('',#13338,0.6);
#13338 = AXIS2_PLACEMENT_3D('',#13339,#13340,#13341);
#13339 = CARTESIAN_POINT('',(1.917,32.32,33.));
#13340 = DIRECTION('',(1.,0.,0.));
#13341 = DIRECTION('',(-0.,0.,1.));
#13342 = ORIENTED_EDGE('',*,*,#13343,.T.);
#13343 = EDGE_CURVE('',#13333,#13344,#13346,.T.);
#13344 = VERTEX_POINT('',#13345);
#13345 = CARTESIAN_POINT('',(1.917004064008,31.774564366884,
    33.250000059746));
#13346 = B_SPLINE_CURVE_WITH_KNOTS('',8,(#13347,#13348,#13349,#13350,
    #13351,#13352,#13353,#13354,#13355,#13356,#13357,#13358,#13359,
    #13360,#13361,#13362,#13363,#13364,#13365,#13366,#13367,#13368,
    #13369,#13370,#13371,#13372,#13373,#13374,#13375,#13376,#13377,
    #13378,#13379,#13380,#13381,#13382,#13383,#13384,#13385,#13386,
    #13387,#13388,#13389,#13390),.UNSPECIFIED.,.F.,.F.,(9,7,7,7,7,7,9),(
    0.,0.177178889617,0.391063904463,0.539292443659,0.710500424463,
    0.817855472507,1.),.UNSPECIFIED.);
#13347 = CARTESIAN_POINT('',(1.917004064008,32.918849343694,
    32.962858869733));
#13348 = CARTESIAN_POINT('',(1.917004064008,32.915024340407,
    32.901185983333));
#13349 = CARTESIAN_POINT('',(1.917004064008,32.903937670392,
    32.839916680157));
#13350 = CARTESIAN_POINT('',(1.917004064008,32.885636591977,
    32.780122292348));
#13351 = CARTESIAN_POINT('',(1.917004064008,32.860375523752,
    32.722783066807));
#13352 = CARTESIAN_POINT('',(1.917004064008,32.82853645361,
    32.66881656018));
#13353 = CARTESIAN_POINT('',(1.917004064008,32.790641261037,
    32.61906920665));
#13354 = CARTESIAN_POINT('',(1.917004064008,32.747336001592,
    32.574320453692));
#13355 = CARTESIAN_POINT('',(1.917004064008,32.641678713632,
    32.488054423382));
#13356 = CARTESIAN_POINT('',(1.917004064008,32.577074193588,
    32.449001021822));
#13357 = CARTESIAN_POINT('',(1.917004064008,32.507136084918,
    32.419305163154));
#13358 = CARTESIAN_POINT('',(1.917004064008,32.433443639536,
    32.399834406477));
#13359 = CARTESIAN_POINT('',(1.917004064008,32.357671687493,
    32.39109450114));
#13360 = CARTESIAN_POINT('',(1.917004064008,32.281590636986,
    32.393229386744));
#13361 = CARTESIAN_POINT('',(1.917004064008,32.207066474351,
    32.406021193138));
#13362 = CARTESIAN_POINT('',(1.917004064008,32.086851740621,
    32.444739155665));
#13363 = CARTESIAN_POINT('',(1.917004064008,32.039201743272,
    32.465438356249));
#13364 = CARTESIAN_POINT('',(1.917004064008,31.993688399351,
    32.490790635265));
#13365 = CARTESIAN_POINT('',(1.917004064008,31.950840273389,
    32.520536317553));
#13366 = CARTESIAN_POINT('',(1.917004064008,31.911136867111,
    32.554353259701));
#13367 = CARTESIAN_POINT('',(1.917004064008,31.875008619442,
    32.591856850046));
#13368 = CARTESIAN_POINT('',(1.917004064008,31.842836906504,
    32.632600008671));
#13369 = CARTESIAN_POINT('',(1.917004064008,31.782748576842,
    32.726285887276));
#13370 = CARTESIAN_POINT('',(1.917004064008,31.756225849584,
    32.780193337502));
#13371 = CARTESIAN_POINT('',(1.917004064008,31.735920077823,
    32.836993385294));
#13372 = CARTESIAN_POINT('',(1.917004064008,31.722174838288,
    32.895840923497));
#13373 = CARTESIAN_POINT('',(1.917004064008,31.715209607177,
    32.955867158946));
#13374 = CARTESIAN_POINT('',(1.917004064008,31.715109318203,
    33.016181277474));
#13375 = CARTESIAN_POINT('',(1.917004064008,31.721835185555,
    33.075874880429));
#13376 = CARTESIAN_POINT('',(1.917004064008,31.743513376961,
    33.170476337855));
#13377 = CARTESIAN_POINT('',(1.917004064008,31.7544668002,
    33.206343422908));
#13378 = CARTESIAN_POINT('',(1.917004064008,31.767967751691,
    33.241397822928));
#13379 = CARTESIAN_POINT('',(1.917004064008,31.783945139274,
    33.275428205758));
#13380 = CARTESIAN_POINT('',(1.917004064008,31.802308143266,
    33.308233342952));
#13381 = CARTESIAN_POINT('',(1.917004064008,31.822946216461,
    33.339622109777));
#13382 = CARTESIAN_POINT('',(1.917004064008,31.845729084128,
    33.369413485212));
#13383 = CARTESIAN_POINT('',(1.917004064008,31.91254589573,
    33.444982040884));
#13384 = CARTESIAN_POINT('',(1.917004064008,31.960350427557,
    33.487467038205));
#13385 = CARTESIAN_POINT('',(1.917004064008,32.013169851961,
    33.524044215128));
#13386 = CARTESIAN_POINT('',(1.917004064008,32.070164777135,
    33.554028295923));
#13387 = CARTESIAN_POINT('',(1.917004064008,32.130406907006,
    33.57689605791));
#13388 = CARTESIAN_POINT('',(1.917004064008,32.192879041229,
    33.592286331462));
#13389 = CARTESIAN_POINT('',(1.917004064008,32.256475075189,33.6));
#13390 = CARTESIAN_POINT('',(1.917004064008,32.32,33.6));
#13391 = ORIENTED_EDGE('',*,*,#13392,.F.);
#13392 = EDGE_CURVE('',#13393,#13344,#13395,.T.);
#13393 = VERTEX_POINT('',#13394);
#13394 = CARTESIAN_POINT('',(-2.58,31.774564394268,33.25));
#13395 = LINE('',#13396,#13397);
#13396 = CARTESIAN_POINT('',(-2.58,31.774564394268,33.25));
#13397 = VECTOR('',#13398,1.);
#13398 = DIRECTION('',(1.,0.,0.));
#13399 = ORIENTED_EDGE('',*,*,#13400,.T.);
#13400 = EDGE_CURVE('',#13393,#13401,#13403,.T.);
#13401 = VERTEX_POINT('',#13402);
#13402 = CARTESIAN_POINT('',(-2.58,32.865435605732,33.25));
#13403 = CIRCLE('',#13404,0.6);
#13404 = AXIS2_PLACEMENT_3D('',#13405,#13406,#13407);
#13405 = CARTESIAN_POINT('',(-2.58,32.32,33.));
#13406 = DIRECTION('',(1.,0.,0.));
#13407 = DIRECTION('',(-0.,0.,1.));
#13408 = ORIENTED_EDGE('',*,*,#13409,.T.);
#13409 = EDGE_CURVE('',#13401,#13335,#13410,.T.);
#13410 = LINE('',#13411,#13412);
#13411 = CARTESIAN_POINT('',(-2.58,32.865435605732,33.25));
#13412 = VECTOR('',#13413,1.);
#13413 = DIRECTION('',(1.,0.,0.));
#13414 = CYLINDRICAL_SURFACE('',#13415,0.6);
#13415 = AXIS2_PLACEMENT_3D('',#13416,#13417,#13418);
#13416 = CARTESIAN_POINT('',(-2.58,32.32,33.));
#13417 = DIRECTION('',(1.,0.,0.));
#13418 = DIRECTION('',(-0.,0.,1.));
#13419 = ADVANCED_FACE('',(#13420),#13431,.T.);
#13420 = FACE_BOUND('',#13421,.T.);
#13421 = EDGE_LOOP('',(#13422,#13423,#13424));
#13422 = ORIENTED_EDGE('',*,*,#13343,.F.);
#13423 = ORIENTED_EDGE('',*,*,#13332,.T.);
#13424 = ORIENTED_EDGE('',*,*,#13425,.F.);
#13425 = EDGE_CURVE('',#13344,#13335,#13426,.T.);
#13426 = CIRCLE('',#13427,0.6);
#13427 = AXIS2_PLACEMENT_3D('',#13428,#13429,#13430);
#13428 = CARTESIAN_POINT('',(1.917,32.32,33.5));
#13429 = DIRECTION('',(1.,0.,0.));
#13430 = DIRECTION('',(-0.,0.,1.));
#13431 = PLANE('',#13432);
#13432 = AXIS2_PLACEMENT_3D('',#13433,#13434,#13435);
#13433 = CARTESIAN_POINT('',(1.917,-29.48,31.));
#13434 = DIRECTION('',(1.,0.,-0.));
#13435 = DIRECTION('',(0.,0.,1.));
#13436 = ADVANCED_FACE('',(#13437),#13449,.F.);
#13437 = FACE_BOUND('',#13438,.F.);
#13438 = EDGE_LOOP('',(#13439,#13440,#13447,#13448));
#13439 = ORIENTED_EDGE('',*,*,#13392,.F.);
#13440 = ORIENTED_EDGE('',*,*,#13441,.T.);
#13441 = EDGE_CURVE('',#13393,#13401,#13442,.T.);
#13442 = CIRCLE('',#13443,0.6);
#13443 = AXIS2_PLACEMENT_3D('',#13444,#13445,#13446);
#13444 = CARTESIAN_POINT('',(-2.58,32.32,33.5));
#13445 = DIRECTION('',(1.,0.,0.));
#13446 = DIRECTION('',(-0.,0.,1.));
#13447 = ORIENTED_EDGE('',*,*,#13409,.T.);
#13448 = ORIENTED_EDGE('',*,*,#13425,.F.);
#13449 = CYLINDRICAL_SURFACE('',#13450,0.6);
#13450 = AXIS2_PLACEMENT_3D('',#13451,#13452,#13453);
#13451 = CARTESIAN_POINT('',(-2.58,32.32,33.5));
#13452 = DIRECTION('',(1.,0.,0.));
#13453 = DIRECTION('',(-0.,0.,1.));
#13454 = ADVANCED_FACE('',(#13455),#13459,.F.);
#13455 = FACE_BOUND('',#13456,.F.);
#13456 = EDGE_LOOP('',(#13457,#13458));
#13457 = ORIENTED_EDGE('',*,*,#13441,.F.);
#13458 = ORIENTED_EDGE('',*,*,#13400,.T.);
#13459 = PLANE('',#13460);
#13460 = AXIS2_PLACEMENT_3D('',#13461,#13462,#13463);
#13461 = CARTESIAN_POINT('',(-2.58,32.32,33.));
#13462 = DIRECTION('',(1.,0.,0.));
#13463 = DIRECTION('',(-0.,0.,1.));
#13464 = MANIFOLD_SOLID_BREP('',#13465);
#13465 = CLOSED_SHELL('',(#13466,#13508,#13524,#13542));
#13466 = ADVANCED_FACE('',(#13467),#13503,.F.);
#13467 = FACE_BOUND('',#13468,.F.);
#13468 = EDGE_LOOP('',(#13469,#13480,#13488,#13497));
#13469 = ORIENTED_EDGE('',*,*,#13470,.T.);
#13470 = EDGE_CURVE('',#13471,#13473,#13475,.T.);
#13471 = VERTEX_POINT('',#13472);
#13472 = CARTESIAN_POINT('',(-95.262,31.774564394268,33.25));
#13473 = VERTEX_POINT('',#13474);
#13474 = CARTESIAN_POINT('',(-95.262,32.865435605732,33.25));
#13475 = CIRCLE('',#13476,0.6);
#13476 = AXIS2_PLACEMENT_3D('',#13477,#13478,#13479);
#13477 = CARTESIAN_POINT('',(-95.262,32.32,33.5));
#13478 = DIRECTION('',(1.,0.,0.));
#13479 = DIRECTION('',(-0.,0.,1.));
#13480 = ORIENTED_EDGE('',*,*,#13481,.T.);
#13481 = EDGE_CURVE('',#13473,#13482,#13484,.T.);
#13482 = VERTEX_POINT('',#13483);
#13483 = CARTESIAN_POINT('',(-90.76,32.865435605732,33.25));
#13484 = LINE('',#13485,#13486);
#13485 = CARTESIAN_POINT('',(-98.76,32.865435605732,33.25));
#13486 = VECTOR('',#13487,1.);
#13487 = DIRECTION('',(1.,0.,0.));
#13488 = ORIENTED_EDGE('',*,*,#13489,.F.);
#13489 = EDGE_CURVE('',#13490,#13482,#13492,.T.);
#13490 = VERTEX_POINT('',#13491);
#13491 = CARTESIAN_POINT('',(-90.76,31.774564394268,33.25));
#13492 = CIRCLE('',#13493,0.6);
#13493 = AXIS2_PLACEMENT_3D('',#13494,#13495,#13496);
#13494 = CARTESIAN_POINT('',(-90.76,32.32,33.5));
#13495 = DIRECTION('',(1.,0.,0.));
#13496 = DIRECTION('',(-0.,0.,1.));
#13497 = ORIENTED_EDGE('',*,*,#13498,.F.);
#13498 = EDGE_CURVE('',#13471,#13490,#13499,.T.);
#13499 = LINE('',#13500,#13501);
#13500 = CARTESIAN_POINT('',(-98.76,31.774564394268,33.25));
#13501 = VECTOR('',#13502,1.);
#13502 = DIRECTION('',(1.,0.,0.));
#13503 = CYLINDRICAL_SURFACE('',#13504,0.6);
#13504 = AXIS2_PLACEMENT_3D('',#13505,#13506,#13507);
#13505 = CARTESIAN_POINT('',(-98.76,32.32,33.5));
#13506 = DIRECTION('',(1.,0.,0.));
#13507 = DIRECTION('',(-0.,0.,1.));
#13508 = ADVANCED_FACE('',(#13509),#13519,.F.);
#13509 = FACE_BOUND('',#13510,.F.);
#13510 = EDGE_LOOP('',(#13511,#13512));
#13511 = ORIENTED_EDGE('',*,*,#13470,.F.);
#13512 = ORIENTED_EDGE('',*,*,#13513,.T.);
#13513 = EDGE_CURVE('',#13471,#13473,#13514,.T.);
#13514 = CIRCLE('',#13515,0.6);
#13515 = AXIS2_PLACEMENT_3D('',#13516,#13517,#13518);
#13516 = CARTESIAN_POINT('',(-95.262,32.32,33.));
#13517 = DIRECTION('',(1.,0.,0.));
#13518 = DIRECTION('',(-0.,0.,1.));
#13519 = PLANE('',#13520);
#13520 = AXIS2_PLACEMENT_3D('',#13521,#13522,#13523);
#13521 = CARTESIAN_POINT('',(-95.262,-29.48,31.));
#13522 = DIRECTION('',(1.,0.,-0.));
#13523 = DIRECTION('',(0.,0.,1.));
#13524 = ADVANCED_FACE('',(#13525),#13537,.T.);
#13525 = FACE_BOUND('',#13526,.T.);
#13526 = EDGE_LOOP('',(#13527,#13528,#13529,#13536));
#13527 = ORIENTED_EDGE('',*,*,#13513,.T.);
#13528 = ORIENTED_EDGE('',*,*,#13481,.T.);
#13529 = ORIENTED_EDGE('',*,*,#13530,.F.);
#13530 = EDGE_CURVE('',#13490,#13482,#13531,.T.);
#13531 = CIRCLE('',#13532,0.6);
#13532 = AXIS2_PLACEMENT_3D('',#13533,#13534,#13535);
#13533 = CARTESIAN_POINT('',(-90.76,32.32,33.));
#13534 = DIRECTION('',(1.,0.,0.));
#13535 = DIRECTION('',(-0.,0.,1.));
#13536 = ORIENTED_EDGE('',*,*,#13498,.F.);
#13537 = CYLINDRICAL_SURFACE('',#13538,0.6);
#13538 = AXIS2_PLACEMENT_3D('',#13539,#13540,#13541);
#13539 = CARTESIAN_POINT('',(-98.76,32.32,33.));
#13540 = DIRECTION('',(1.,0.,0.));
#13541 = DIRECTION('',(-0.,0.,1.));
#13542 = ADVANCED_FACE('',(#13543),#13547,.T.);
#13543 = FACE_BOUND('',#13544,.T.);
#13544 = EDGE_LOOP('',(#13545,#13546));
#13545 = ORIENTED_EDGE('',*,*,#13489,.F.);
#13546 = ORIENTED_EDGE('',*,*,#13530,.T.);
#13547 = PLANE('',#13548);
#13548 = AXIS2_PLACEMENT_3D('',#13549,#13550,#13551);
#13549 = CARTESIAN_POINT('',(-90.76,32.32,33.));
#13550 = DIRECTION('',(1.,0.,0.));
#13551 = DIRECTION('',(-0.,0.,1.));
#13552 = ( GEOMETRIC_REPRESENTATION_CONTEXT(3) 
GLOBAL_UNCERTAINTY_ASSIGNED_CONTEXT((#13556)) 
GLOBAL_UNIT_ASSIGNED_CONTEXT((#13553,#13554,#13555)) 
REPRESENTATION_CONTEXT('Context #1',
  '3D Context with UNIT and UNCERTAINTY') );
#13553 = ( LENGTH_UNIT() NAMED_UNIT(*) SI_UNIT(.MILLI.,.METRE.) );
#13554 = ( NAMED_UNIT(*) PLANE_ANGLE_UNIT() SI_UNIT($,.RADIAN.) );
#13555 = ( NAMED_UNIT(*) SI_UNIT($,.STERADIAN.) SOLID_ANGLE_UNIT() );
#13556 = UNCERTAINTY_MEASURE_WITH_UNIT(LENGTH_MEASURE(5.E-06),#13553,
  'distance_accuracy_value','confusion accuracy');
#13557 = PRODUCT_RELATED_PRODUCT_CATEGORY('part',$,(#7));
ENDSEC;
END-ISO-10303-21;
