ISO-10303-21;
HEADER;
FILE_DESCRIPTION(('FreeCAD Model'),'2;1');
FILE_NAME('Open CASCADE Shape Model','2026-02-21T09:49:47',('FreeCAD'),(
    'FreeCAD'),'Open CASCADE STEP processor 7.8','FreeCAD','Unknown');
FILE_SCHEMA(('AUTOMOTIVE_DESIGN { 1 0 10303 214 1 1 1 1 }'));
ENDSEC;
DATA;
#1 = APPLICATION_PROTOCOL_DEFINITION('international standard',
  'automotive_design',2000,#2);
#2 = APPLICATION_CONTEXT(
  'core data for automotive mechanical design processes');
#3 = SHAPE_DEFINITION_REPRESENTATION(#4,#10);
#4 = PRODUCT_DEFINITION_SHAPE('','',#5);
#5 = PRODUCT_DEFINITION('design','',#6,#9);
#6 = PRODUCT_DEFINITION_FORMATION('','',#7);
#7 = PRODUCT('Open CASCADE STEP translator 7.8 1',
  'Open CASCADE STEP translator 7.8 1','',(#8));
#8 = PRODUCT_CONTEXT('',#2,'mechanical');
#9 = PRODUCT_DEFINITION_CONTEXT('part definition',#2,'design');
#10 = ADVANCED_BREP_SHAPE_REPRESENTATION('',(#11,#15),#5794);
#11 = AXIS2_PLACEMENT_3D('',#12,#13,#14);
#12 = CARTESIAN_POINT('',(0.,0.,0.));
#13 = DIRECTION('',(0.,0.,1.));
#14 = DIRECTION('',(1.,0.,-0.));
#15 = MANIFOLD_SOLID_BREP('',#16);
#16 = CLOSED_SHELL('',(#17,#73,#181,#364,#395,#419,#443,#480,#511,#551,
    #565,#596,#636,#653,#677,#701,#718,#763,#786,#824,#840,#870,#893,
    #931,#962,#994,#1044,#1062,#1107,#1130,#1168,#1184,#1207,#1239,#1257
    ,#1308,#1320,#1366,#1434,#1456,#1486,#1502,#1570,#1592,#1622,#1638,
    #1650,#1670,#1844,#1866,#1896,#1912,#1922,#1953,#1977,#2001,#2018,
    #2048,#2071,#2094,#2110,#2138,#2160,#2182,#2198,#2214,#2226,#2254,
    #2276,#2298,#2314,#2330,#2342,#2449,#2477,#2499,#2521,#2543,#2595,
    #2617,#2667,#2689,#2739,#2761,#2813,#2829,#2866,#2903,#2919,#2931,
    #2962,#2986,#3010,#3027,#3101,#3124,#3140,#3156,#3172,#3204,#3227,
    #3250,#3273,#3319,#3573,#3595,#3830,#3867,#3909,#3946,#3983,#4020,
    #4051,#4095,#4119,#4136,#4423,#4442,#4739,#4758,#4781,#4903,#4925,
    #5041,#5057,#5066,#5075,#5084,#5194,#5206,#5216,#5226,#5244,#5254,
    #5391,#5433,#5449,#5492,#5526,#5550,#5591,#5626,#5636,#5653,#5662,
    #5693,#5717,#5741,#5758,#5767,#5785));
#17 = ADVANCED_FACE('',(#18),#68,.T.);
#18 = FACE_BOUND('',#19,.T.);
#19 = EDGE_LOOP('',(#20,#30,#38,#46,#54,#62));
#20 = ORIENTED_EDGE('',*,*,#21,.F.);
#21 = EDGE_CURVE('',#22,#24,#26,.T.);
#22 = VERTEX_POINT('',#23);
#23 = CARTESIAN_POINT('',(-98.26219329438,-32.47606172212,
    51.500099060198));
#24 = VERTEX_POINT('',#25);
#25 = CARTESIAN_POINT('',(-98.26219329438,97.141652449756,
    51.500099060198));
#26 = LINE('',#27,#28);
#27 = CARTESIAN_POINT('',(-98.26219329438,-32.47606172212,
    51.500099060198));
#28 = VECTOR('',#29,1.);
#29 = DIRECTION('',(-0.,1.,0.));
#30 = ORIENTED_EDGE('',*,*,#31,.T.);
#31 = EDGE_CURVE('',#22,#32,#34,.T.);
#32 = VERTEX_POINT('',#33);
#33 = CARTESIAN_POINT('',(-98.262,-32.47606172212,51.500099060198));
#34 = LINE('',#35,#36);
#35 = CARTESIAN_POINT('',(-98.26219329438,-32.47606172212,
    51.500099060198));
#36 = VECTOR('',#37,1.);
#37 = DIRECTION('',(1.,0.,-0.));
#38 = ORIENTED_EDGE('',*,*,#39,.T.);
#39 = EDGE_CURVE('',#32,#40,#42,.T.);
#40 = VERTEX_POINT('',#41);
#41 = CARTESIAN_POINT('',(-98.262,97.12,51.500099060198));
#42 = LINE('',#43,#44);
#43 = CARTESIAN_POINT('',(-98.262,-32.48,51.500099060198));
#44 = VECTOR('',#45,1.);
#45 = DIRECTION('',(-0.,1.,0.));
#46 = ORIENTED_EDGE('',*,*,#47,.T.);
#47 = EDGE_CURVE('',#40,#48,#50,.T.);
#48 = VERTEX_POINT('',#49);
#49 = CARTESIAN_POINT('',(-72.26219329438,97.12,51.500099060198));
#50 = LINE('',#51,#52);
#51 = CARTESIAN_POINT('',(-98.262,97.12,51.500099060198));
#52 = VECTOR('',#53,1.);
#53 = DIRECTION('',(1.,0.,-0.));
#54 = ORIENTED_EDGE('',*,*,#55,.T.);
#55 = EDGE_CURVE('',#48,#56,#58,.T.);
#56 = VERTEX_POINT('',#57);
#57 = CARTESIAN_POINT('',(-72.26219329438,97.141652449756,
    51.500099060198));
#58 = LINE('',#59,#60);
#59 = CARTESIAN_POINT('',(-72.26219329438,70.141652449756,
    51.500099060198));
#60 = VECTOR('',#61,1.);
#61 = DIRECTION('',(-0.,1.,0.));
#62 = ORIENTED_EDGE('',*,*,#63,.F.);
#63 = EDGE_CURVE('',#24,#56,#64,.T.);
#64 = LINE('',#65,#66);
#65 = CARTESIAN_POINT('',(-98.26219329438,97.141652449756,
    51.500099060198));
#66 = VECTOR('',#67,1.);
#67 = DIRECTION('',(1.,0.,-0.));
#68 = PLANE('',#69);
#69 = AXIS2_PLACEMENT_3D('',#70,#71,#72);
#70 = CARTESIAN_POINT('',(-98.26219329438,-32.47606172212,
    51.500099060198));
#71 = DIRECTION('',(0.,0.,1.));
#72 = DIRECTION('',(1.,0.,-0.));
#73 = ADVANCED_FACE('',(#74,#108),#176,.T.);
#74 = FACE_BOUND('',#75,.T.);
#75 = EDGE_LOOP('',(#76,#86,#94,#102));
#76 = ORIENTED_EDGE('',*,*,#77,.F.);
#77 = EDGE_CURVE('',#78,#80,#82,.T.);
#78 = VERTEX_POINT('',#79);
#79 = CARTESIAN_POINT('',(-98.762,-32.98,51.500099060198));
#80 = VERTEX_POINT('',#81);
#81 = CARTESIAN_POINT('',(-98.762,97.62,51.500099060198));
#82 = LINE('',#83,#84);
#83 = CARTESIAN_POINT('',(-98.762,-32.98,51.500099060198));
#84 = VECTOR('',#85,1.);
#85 = DIRECTION('',(-0.,1.,0.));
#86 = ORIENTED_EDGE('',*,*,#87,.T.);
#87 = EDGE_CURVE('',#78,#88,#90,.T.);
#88 = VERTEX_POINT('',#89);
#89 = CARTESIAN_POINT('',(5.417,-32.98,51.500099060198));
#90 = LINE('',#91,#92);
#91 = CARTESIAN_POINT('',(-98.762,-32.98,51.500099060198));
#92 = VECTOR('',#93,1.);
#93 = DIRECTION('',(1.,0.,-0.));
#94 = ORIENTED_EDGE('',*,*,#95,.T.);
#95 = EDGE_CURVE('',#88,#96,#98,.T.);
#96 = VERTEX_POINT('',#97);
#97 = CARTESIAN_POINT('',(5.417,97.62,51.500099060198));
#98 = LINE('',#99,#100);
#99 = CARTESIAN_POINT('',(5.417,-32.98,51.500099060198));
#100 = VECTOR('',#101,1.);
#101 = DIRECTION('',(-0.,1.,0.));
#102 = ORIENTED_EDGE('',*,*,#103,.F.);
#103 = EDGE_CURVE('',#80,#96,#104,.T.);
#104 = LINE('',#105,#106);
#105 = CARTESIAN_POINT('',(-98.762,97.62,51.500099060198));
#106 = VECTOR('',#107,1.);
#107 = DIRECTION('',(1.,0.,-0.));
#108 = FACE_BOUND('',#109,.T.);
#109 = EDGE_LOOP('',(#110,#120,#126,#127,#128,#129,#130,#138,#146,#154,
    #162,#170));
#110 = ORIENTED_EDGE('',*,*,#111,.F.);
#111 = EDGE_CURVE('',#112,#114,#116,.T.);
#112 = VERTEX_POINT('',#113);
#113 = CARTESIAN_POINT('',(-98.262,-32.48,51.500099060198));
#114 = VERTEX_POINT('',#115);
#115 = CARTESIAN_POINT('',(4.917,-32.48,51.500099060198));
#116 = LINE('',#117,#118);
#117 = CARTESIAN_POINT('',(-98.262,-32.48,51.500099060198));
#118 = VECTOR('',#119,1.);
#119 = DIRECTION('',(1.,0.,-0.));
#120 = ORIENTED_EDGE('',*,*,#121,.T.);
#121 = EDGE_CURVE('',#112,#32,#122,.T.);
#122 = LINE('',#123,#124);
#123 = CARTESIAN_POINT('',(-98.262,-32.48,51.500099060198));
#124 = VECTOR('',#125,1.);
#125 = DIRECTION('',(-0.,1.,0.));
#126 = ORIENTED_EDGE('',*,*,#31,.F.);
#127 = ORIENTED_EDGE('',*,*,#21,.T.);
#128 = ORIENTED_EDGE('',*,*,#63,.T.);
#129 = ORIENTED_EDGE('',*,*,#55,.F.);
#130 = ORIENTED_EDGE('',*,*,#131,.T.);
#131 = EDGE_CURVE('',#48,#132,#134,.T.);
#132 = VERTEX_POINT('',#133);
#133 = CARTESIAN_POINT('',(-54.26219329438,97.12,51.500099060198));
#134 = LINE('',#135,#136);
#135 = CARTESIAN_POINT('',(-98.262,97.12,51.500099060198));
#136 = VECTOR('',#137,1.);
#137 = DIRECTION('',(1.,0.,-0.));
#138 = ORIENTED_EDGE('',*,*,#139,.T.);
#139 = EDGE_CURVE('',#132,#140,#142,.T.);
#140 = VERTEX_POINT('',#141);
#141 = CARTESIAN_POINT('',(-54.26219329438,97.141652449756,
    51.500099060198));
#142 = LINE('',#143,#144);
#143 = CARTESIAN_POINT('',(-54.26219329438,70.141652449756,
    51.500099060198));
#144 = VECTOR('',#145,1.);
#145 = DIRECTION('',(-0.,1.,0.));
#146 = ORIENTED_EDGE('',*,*,#147,.T.);
#147 = EDGE_CURVE('',#140,#148,#150,.T.);
#148 = VERTEX_POINT('',#149);
#149 = CARTESIAN_POINT('',(4.917006604013,97.141652449756,
    51.500099060198));
#150 = LINE('',#151,#152);
#151 = CARTESIAN_POINT('',(-98.26219329438,97.141652449756,
    51.500099060198));
#152 = VECTOR('',#153,1.);
#153 = DIRECTION('',(1.,0.,-0.));
#154 = ORIENTED_EDGE('',*,*,#155,.F.);
#155 = EDGE_CURVE('',#156,#148,#158,.T.);
#156 = VERTEX_POINT('',#157);
#157 = CARTESIAN_POINT('',(4.917006604013,-32.47606172212,
    51.500099060198));
#158 = LINE('',#159,#160);
#159 = CARTESIAN_POINT('',(4.917006604013,-32.47606172212,
    51.500099060198));
#160 = VECTOR('',#161,1.);
#161 = DIRECTION('',(-0.,1.,0.));
#162 = ORIENTED_EDGE('',*,*,#163,.F.);
#163 = EDGE_CURVE('',#164,#156,#166,.T.);
#164 = VERTEX_POINT('',#165);
#165 = CARTESIAN_POINT('',(4.917,-32.47606172212,51.500099060198));
#166 = LINE('',#167,#168);
#167 = CARTESIAN_POINT('',(-98.26219329438,-32.47606172212,
    51.500099060198));
#168 = VECTOR('',#169,1.);
#169 = DIRECTION('',(1.,0.,-0.));
#170 = ORIENTED_EDGE('',*,*,#171,.F.);
#171 = EDGE_CURVE('',#114,#164,#172,.T.);
#172 = LINE('',#173,#174);
#173 = CARTESIAN_POINT('',(4.917,-32.48,51.500099060198));
#174 = VECTOR('',#175,1.);
#175 = DIRECTION('',(-0.,1.,0.));
#176 = PLANE('',#177);
#177 = AXIS2_PLACEMENT_3D('',#178,#179,#180);
#178 = CARTESIAN_POINT('',(-98.762,-32.98,51.500099060198));
#179 = DIRECTION('',(0.,0.,1.));
#180 = DIRECTION('',(1.,0.,-0.));
#181 = ADVANCED_FACE('',(#182,#228,#262,#296,#325),#359,.T.);
#182 = FACE_BOUND('',#183,.T.);
#183 = EDGE_LOOP('',(#184,#185,#191,#199,#205,#213,#221,#227));
#184 = ORIENTED_EDGE('',*,*,#39,.F.);
#185 = ORIENTED_EDGE('',*,*,#186,.T.);
#186 = EDGE_CURVE('',#32,#164,#187,.T.);
#187 = LINE('',#188,#189);
#188 = CARTESIAN_POINT('',(-98.26219329438,-32.47606172212,
    51.500099060198));
#189 = VECTOR('',#190,1.);
#190 = DIRECTION('',(1.,0.,-0.));
#191 = ORIENTED_EDGE('',*,*,#192,.T.);
#192 = EDGE_CURVE('',#164,#193,#195,.T.);
#193 = VERTEX_POINT('',#194);
#194 = CARTESIAN_POINT('',(4.917,97.12,51.500099060198));
#195 = LINE('',#196,#197);
#196 = CARTESIAN_POINT('',(4.917,-32.48,51.500099060198));
#197 = VECTOR('',#198,1.);
#198 = DIRECTION('',(-0.,1.,0.));
#199 = ORIENTED_EDGE('',*,*,#200,.F.);
#200 = EDGE_CURVE('',#132,#193,#201,.T.);
#201 = LINE('',#202,#203);
#202 = CARTESIAN_POINT('',(-98.262,97.12,51.500099060198));
#203 = VECTOR('',#204,1.);
#204 = DIRECTION('',(1.,0.,-0.));
#205 = ORIENTED_EDGE('',*,*,#206,.F.);
#206 = EDGE_CURVE('',#207,#132,#209,.T.);
#207 = VERTEX_POINT('',#208);
#208 = CARTESIAN_POINT('',(-54.26219329438,70.141652449756,
    51.500099060198));
#209 = LINE('',#210,#211);
#210 = CARTESIAN_POINT('',(-54.26219329438,70.141652449756,
    51.500099060198));
#211 = VECTOR('',#212,1.);
#212 = DIRECTION('',(-0.,1.,0.));
#213 = ORIENTED_EDGE('',*,*,#214,.F.);
#214 = EDGE_CURVE('',#215,#207,#217,.T.);
#215 = VERTEX_POINT('',#216);
#216 = CARTESIAN_POINT('',(-72.26219329438,70.141652449756,
    51.500099060198));
#217 = LINE('',#218,#219);
#218 = CARTESIAN_POINT('',(-72.26219329438,70.141652449756,
    51.500099060198));
#219 = VECTOR('',#220,1.);
#220 = DIRECTION('',(1.,0.,-0.));
#221 = ORIENTED_EDGE('',*,*,#222,.T.);
#222 = EDGE_CURVE('',#215,#48,#223,.T.);
#223 = LINE('',#224,#225);
#224 = CARTESIAN_POINT('',(-72.26219329438,70.141652449756,
    51.500099060198));
#225 = VECTOR('',#226,1.);
#226 = DIRECTION('',(-0.,1.,0.));
#227 = ORIENTED_EDGE('',*,*,#47,.F.);
#228 = FACE_BOUND('',#229,.T.);
#229 = EDGE_LOOP('',(#230,#240,#248,#256));
#230 = ORIENTED_EDGE('',*,*,#231,.T.);
#231 = EDGE_CURVE('',#232,#234,#236,.T.);
#232 = VERTEX_POINT('',#233);
#233 = CARTESIAN_POINT('',(-4.63,0.13,51.500099060198));
#234 = VERTEX_POINT('',#235);
#235 = CARTESIAN_POINT('',(-88.9,0.13,51.500099060198));
#236 = LINE('',#237,#238);
#237 = CARTESIAN_POINT('',(-93.58109664719,0.13,51.500099060198));
#238 = VECTOR('',#239,1.);
#239 = DIRECTION('',(-1.,-0.,0.));
#240 = ORIENTED_EDGE('',*,*,#241,.T.);
#241 = EDGE_CURVE('',#234,#242,#244,.T.);
#242 = VERTEX_POINT('',#243);
#243 = CARTESIAN_POINT('',(-88.9,35.31,51.500099060198));
#244 = LINE('',#245,#246);
#245 = CARTESIAN_POINT('',(-88.9,-16.17303086106,51.500099060198));
#246 = VECTOR('',#247,1.);
#247 = DIRECTION('',(-0.,1.,0.));
#248 = ORIENTED_EDGE('',*,*,#249,.F.);
#249 = EDGE_CURVE('',#250,#242,#252,.T.);
#250 = VERTEX_POINT('',#251);
#251 = CARTESIAN_POINT('',(-4.63,35.31,51.500099060198));
#252 = LINE('',#253,#254);
#253 = CARTESIAN_POINT('',(-93.58109664719,35.31,51.500099060198));
#254 = VECTOR('',#255,1.);
#255 = DIRECTION('',(-1.,-0.,0.));
#256 = ORIENTED_EDGE('',*,*,#257,.F.);
#257 = EDGE_CURVE('',#232,#250,#258,.T.);
#258 = LINE('',#259,#260);
#259 = CARTESIAN_POINT('',(-4.63,-16.17303086106,51.500099060198));
#260 = VECTOR('',#261,1.);
#261 = DIRECTION('',(-0.,1.,0.));
#262 = FACE_BOUND('',#263,.T.);
#263 = EDGE_LOOP('',(#264,#274,#282,#290));
#264 = ORIENTED_EDGE('',*,*,#265,.T.);
#265 = EDGE_CURVE('',#266,#268,#270,.T.);
#266 = VERTEX_POINT('',#267);
#267 = CARTESIAN_POINT('',(-80.39,49.4,51.500099060198));
#268 = VERTEX_POINT('',#269);
#269 = CARTESIAN_POINT('',(-90.55,49.4,51.500099060198));
#270 = LINE('',#271,#272);
#271 = CARTESIAN_POINT('',(-94.40609664719,49.4,51.500099060198));
#272 = VECTOR('',#273,1.);
#273 = DIRECTION('',(-1.,-0.,0.));
#274 = ORIENTED_EDGE('',*,*,#275,.T.);
#275 = EDGE_CURVE('',#268,#276,#278,.T.);
#276 = VERTEX_POINT('',#277);
#277 = CARTESIAN_POINT('',(-90.55,69.34,51.500099060198));
#278 = LINE('',#279,#280);
#279 = CARTESIAN_POINT('',(-90.55,8.46196913894,51.500099060198));
#280 = VECTOR('',#281,1.);
#281 = DIRECTION('',(-0.,1.,0.));
#282 = ORIENTED_EDGE('',*,*,#283,.F.);
#283 = EDGE_CURVE('',#284,#276,#286,.T.);
#284 = VERTEX_POINT('',#285);
#285 = CARTESIAN_POINT('',(-80.39,69.34,51.500099060198));
#286 = LINE('',#287,#288);
#287 = CARTESIAN_POINT('',(-94.40609664719,69.34,51.500099060198));
#288 = VECTOR('',#289,1.);
#289 = DIRECTION('',(-1.,-0.,0.));
#290 = ORIENTED_EDGE('',*,*,#291,.F.);
#291 = EDGE_CURVE('',#266,#284,#292,.T.);
#292 = LINE('',#293,#294);
#293 = CARTESIAN_POINT('',(-80.39,8.46196913894,51.500099060198));
#294 = VECTOR('',#295,1.);
#295 = DIRECTION('',(-0.,1.,0.));
#296 = FACE_BOUND('',#297,.T.);
#297 = EDGE_LOOP('',(#298,#309,#318));
#298 = ORIENTED_EDGE('',*,*,#299,.F.);
#299 = EDGE_CURVE('',#300,#302,#304,.T.);
#300 = VERTEX_POINT('',#301);
#301 = CARTESIAN_POINT('',(-62.01219329438,67.141652449756,
    51.500099060198));
#302 = VERTEX_POINT('',#303);
#303 = CARTESIAN_POINT('',(-63.51109664719,68.36662066198,
    51.500099060198));
#304 = CIRCLE('',#305,1.25);
#305 = AXIS2_PLACEMENT_3D('',#306,#307,#308);
#306 = CARTESIAN_POINT('',(-63.26219329438,67.141652449756,
    51.500099060198));
#307 = DIRECTION('',(0.,0.,1.));
#308 = DIRECTION('',(1.,0.,-0.));
#309 = ORIENTED_EDGE('',*,*,#310,.F.);
#310 = EDGE_CURVE('',#311,#300,#313,.T.);
#311 = VERTEX_POINT('',#312);
#312 = CARTESIAN_POINT('',(-63.51109664719,65.916684237532,
    51.500099060198));
#313 = CIRCLE('',#314,1.25);
#314 = AXIS2_PLACEMENT_3D('',#315,#316,#317);
#315 = CARTESIAN_POINT('',(-63.26219329438,67.141652449756,
    51.500099060198));
#316 = DIRECTION('',(0.,0.,1.));
#317 = DIRECTION('',(1.,0.,-0.));
#318 = ORIENTED_EDGE('',*,*,#319,.F.);
#319 = EDGE_CURVE('',#302,#311,#320,.T.);
#320 = CIRCLE('',#321,1.25);
#321 = AXIS2_PLACEMENT_3D('',#322,#323,#324);
#322 = CARTESIAN_POINT('',(-63.76,67.141652449756,51.500099060198));
#323 = DIRECTION('',(0.,0.,1.));
#324 = DIRECTION('',(1.,0.,-0.));
#325 = FACE_BOUND('',#326,.T.);
#326 = EDGE_LOOP('',(#327,#337,#345,#353));
#327 = ORIENTED_EDGE('',*,*,#328,.T.);
#328 = EDGE_CURVE('',#329,#331,#333,.T.);
#329 = VERTEX_POINT('',#330);
#330 = CARTESIAN_POINT('',(-11.43,59.59,51.500099060198));
#331 = VERTEX_POINT('',#332);
#332 = CARTESIAN_POINT('',(-38.48,59.59,51.500099060198));
#333 = LINE('',#334,#335);
#334 = CARTESIAN_POINT('',(-68.37109664719,59.59,51.500099060198));
#335 = VECTOR('',#336,1.);
#336 = DIRECTION('',(-1.,-0.,0.));
#337 = ORIENTED_EDGE('',*,*,#338,.T.);
#338 = EDGE_CURVE('',#331,#339,#341,.T.);
#339 = VERTEX_POINT('',#340);
#340 = CARTESIAN_POINT('',(-38.48,76.59,51.500099060198));
#341 = LINE('',#342,#343);
#342 = CARTESIAN_POINT('',(-38.48,13.55696913894,51.500099060198));
#343 = VECTOR('',#344,1.);
#344 = DIRECTION('',(-0.,1.,0.));
#345 = ORIENTED_EDGE('',*,*,#346,.F.);
#346 = EDGE_CURVE('',#347,#339,#349,.T.);
#347 = VERTEX_POINT('',#348);
#348 = CARTESIAN_POINT('',(-11.43,76.59,51.500099060198));
#349 = LINE('',#350,#351);
#350 = CARTESIAN_POINT('',(-68.37109664719,76.59,51.500099060198));
#351 = VECTOR('',#352,1.);
#352 = DIRECTION('',(-1.,-0.,0.));
#353 = ORIENTED_EDGE('',*,*,#354,.F.);
#354 = EDGE_CURVE('',#329,#347,#355,.T.);
#355 = LINE('',#356,#357);
#356 = CARTESIAN_POINT('',(-11.43,13.55696913894,51.500099060198));
#357 = VECTOR('',#358,1.);
#358 = DIRECTION('',(-0.,1.,0.));
#359 = PLANE('',#360);
#360 = AXIS2_PLACEMENT_3D('',#361,#362,#363);
#361 = CARTESIAN_POINT('',(-98.26219329438,-32.47606172212,
    51.500099060198));
#362 = DIRECTION('',(0.,0.,1.));
#363 = DIRECTION('',(1.,0.,-0.));
#364 = ADVANCED_FACE('',(#365),#390,.F.);
#365 = FACE_BOUND('',#366,.F.);
#366 = EDGE_LOOP('',(#367,#375,#383,#389));
#367 = ORIENTED_EDGE('',*,*,#368,.F.);
#368 = EDGE_CURVE('',#369,#78,#371,.T.);
#369 = VERTEX_POINT('',#370);
#370 = CARTESIAN_POINT('',(-98.762,-32.98,32.));
#371 = LINE('',#372,#373);
#372 = CARTESIAN_POINT('',(-98.762,-32.98,32.));
#373 = VECTOR('',#374,1.);
#374 = DIRECTION('',(0.,0.,1.));
#375 = ORIENTED_EDGE('',*,*,#376,.T.);
#376 = EDGE_CURVE('',#369,#377,#379,.T.);
#377 = VERTEX_POINT('',#378);
#378 = CARTESIAN_POINT('',(-98.762,97.62,32.));
#379 = LINE('',#380,#381);
#380 = CARTESIAN_POINT('',(-98.762,-32.98,32.));
#381 = VECTOR('',#382,1.);
#382 = DIRECTION('',(-0.,1.,0.));
#383 = ORIENTED_EDGE('',*,*,#384,.T.);
#384 = EDGE_CURVE('',#377,#80,#385,.T.);
#385 = LINE('',#386,#387);
#386 = CARTESIAN_POINT('',(-98.762,97.62,32.));
#387 = VECTOR('',#388,1.);
#388 = DIRECTION('',(0.,0.,1.));
#389 = ORIENTED_EDGE('',*,*,#77,.F.);
#390 = PLANE('',#391);
#391 = AXIS2_PLACEMENT_3D('',#392,#393,#394);
#392 = CARTESIAN_POINT('',(-98.762,-32.98,32.));
#393 = DIRECTION('',(1.,0.,-0.));
#394 = DIRECTION('',(0.,0.,1.));
#395 = ADVANCED_FACE('',(#396),#414,.T.);
#396 = FACE_BOUND('',#397,.T.);
#397 = EDGE_LOOP('',(#398,#406,#407,#408));
#398 = ORIENTED_EDGE('',*,*,#399,.F.);
#399 = EDGE_CURVE('',#377,#400,#402,.T.);
#400 = VERTEX_POINT('',#401);
#401 = CARTESIAN_POINT('',(5.417,97.62,32.));
#402 = LINE('',#403,#404);
#403 = CARTESIAN_POINT('',(-98.762,97.62,32.));
#404 = VECTOR('',#405,1.);
#405 = DIRECTION('',(1.,0.,-0.));
#406 = ORIENTED_EDGE('',*,*,#384,.T.);
#407 = ORIENTED_EDGE('',*,*,#103,.T.);
#408 = ORIENTED_EDGE('',*,*,#409,.F.);
#409 = EDGE_CURVE('',#400,#96,#410,.T.);
#410 = LINE('',#411,#412);
#411 = CARTESIAN_POINT('',(5.417,97.62,32.));
#412 = VECTOR('',#413,1.);
#413 = DIRECTION('',(0.,0.,1.));
#414 = PLANE('',#415);
#415 = AXIS2_PLACEMENT_3D('',#416,#417,#418);
#416 = CARTESIAN_POINT('',(-98.762,97.62,32.));
#417 = DIRECTION('',(-0.,1.,0.));
#418 = DIRECTION('',(0.,0.,1.));
#419 = ADVANCED_FACE('',(#420),#438,.F.);
#420 = FACE_BOUND('',#421,.F.);
#421 = EDGE_LOOP('',(#422,#430,#431,#432));
#422 = ORIENTED_EDGE('',*,*,#423,.F.);
#423 = EDGE_CURVE('',#369,#424,#426,.T.);
#424 = VERTEX_POINT('',#425);
#425 = CARTESIAN_POINT('',(5.417,-32.98,32.));
#426 = LINE('',#427,#428);
#427 = CARTESIAN_POINT('',(-98.762,-32.98,32.));
#428 = VECTOR('',#429,1.);
#429 = DIRECTION('',(1.,0.,-0.));
#430 = ORIENTED_EDGE('',*,*,#368,.T.);
#431 = ORIENTED_EDGE('',*,*,#87,.T.);
#432 = ORIENTED_EDGE('',*,*,#433,.F.);
#433 = EDGE_CURVE('',#424,#88,#434,.T.);
#434 = LINE('',#435,#436);
#435 = CARTESIAN_POINT('',(5.417,-32.98,32.));
#436 = VECTOR('',#437,1.);
#437 = DIRECTION('',(0.,0.,1.));
#438 = PLANE('',#439);
#439 = AXIS2_PLACEMENT_3D('',#440,#441,#442);
#440 = CARTESIAN_POINT('',(-98.762,-32.98,32.));
#441 = DIRECTION('',(-0.,1.,0.));
#442 = DIRECTION('',(0.,0.,1.));
#443 = ADVANCED_FACE('',(#444,#455),#475,.T.);
#444 = FACE_BOUND('',#445,.T.);
#445 = EDGE_LOOP('',(#446,#447,#453,#454));
#446 = ORIENTED_EDGE('',*,*,#433,.F.);
#447 = ORIENTED_EDGE('',*,*,#448,.T.);
#448 = EDGE_CURVE('',#424,#400,#449,.T.);
#449 = LINE('',#450,#451);
#450 = CARTESIAN_POINT('',(5.417,-32.98,32.));
#451 = VECTOR('',#452,1.);
#452 = DIRECTION('',(-0.,1.,0.));
#453 = ORIENTED_EDGE('',*,*,#409,.T.);
#454 = ORIENTED_EDGE('',*,*,#95,.F.);
#455 = FACE_BOUND('',#456,.T.);
#456 = EDGE_LOOP('',(#457,#468));
#457 = ORIENTED_EDGE('',*,*,#458,.F.);
#458 = EDGE_CURVE('',#459,#461,#463,.T.);
#459 = VERTEX_POINT('',#460);
#460 = CARTESIAN_POINT('',(5.417,31.774564394268,33.25));
#461 = VERTEX_POINT('',#462);
#462 = CARTESIAN_POINT('',(5.417,32.865435605732,33.25));
#463 = CIRCLE('',#464,0.6);
#464 = AXIS2_PLACEMENT_3D('',#465,#466,#467);
#465 = CARTESIAN_POINT('',(5.417,32.32,33.));
#466 = DIRECTION('',(1.,0.,0.));
#467 = DIRECTION('',(-0.,0.,1.));
#468 = ORIENTED_EDGE('',*,*,#469,.T.);
#469 = EDGE_CURVE('',#459,#461,#470,.T.);
#470 = CIRCLE('',#471,0.6);
#471 = AXIS2_PLACEMENT_3D('',#472,#473,#474);
#472 = CARTESIAN_POINT('',(5.417,32.32,33.5));
#473 = DIRECTION('',(1.,0.,0.));
#474 = DIRECTION('',(-0.,0.,1.));
#475 = PLANE('',#476);
#476 = AXIS2_PLACEMENT_3D('',#477,#478,#479);
#477 = CARTESIAN_POINT('',(5.417,-32.98,32.));
#478 = DIRECTION('',(1.,0.,-0.));
#479 = DIRECTION('',(0.,0.,1.));
#480 = ADVANCED_FACE('',(#481),#506,.T.);
#481 = FACE_BOUND('',#482,.T.);
#482 = EDGE_LOOP('',(#483,#493,#499,#500));
#483 = ORIENTED_EDGE('',*,*,#484,.F.);
#484 = EDGE_CURVE('',#485,#487,#489,.T.);
#485 = VERTEX_POINT('',#486);
#486 = CARTESIAN_POINT('',(-98.262,-32.48,32.));
#487 = VERTEX_POINT('',#488);
#488 = CARTESIAN_POINT('',(4.917,-32.48,32.));
#489 = LINE('',#490,#491);
#490 = CARTESIAN_POINT('',(-98.262,-32.48,32.));
#491 = VECTOR('',#492,1.);
#492 = DIRECTION('',(1.,0.,-0.));
#493 = ORIENTED_EDGE('',*,*,#494,.T.);
#494 = EDGE_CURVE('',#485,#112,#495,.T.);
#495 = LINE('',#496,#497);
#496 = CARTESIAN_POINT('',(-98.262,-32.48,32.));
#497 = VECTOR('',#498,1.);
#498 = DIRECTION('',(0.,0.,1.));
#499 = ORIENTED_EDGE('',*,*,#111,.T.);
#500 = ORIENTED_EDGE('',*,*,#501,.F.);
#501 = EDGE_CURVE('',#487,#114,#502,.T.);
#502 = LINE('',#503,#504);
#503 = CARTESIAN_POINT('',(4.917,-32.48,32.));
#504 = VECTOR('',#505,1.);
#505 = DIRECTION('',(0.,0.,1.));
#506 = PLANE('',#507);
#507 = AXIS2_PLACEMENT_3D('',#508,#509,#510);
#508 = CARTESIAN_POINT('',(-98.262,-32.48,32.));
#509 = DIRECTION('',(-0.,1.,0.));
#510 = DIRECTION('',(0.,0.,1.));
#511 = ADVANCED_FACE('',(#512),#546,.F.);
#512 = FACE_BOUND('',#513,.F.);
#513 = EDGE_LOOP('',(#514,#515,#523,#531,#539,#545));
#514 = ORIENTED_EDGE('',*,*,#501,.F.);
#515 = ORIENTED_EDGE('',*,*,#516,.T.);
#516 = EDGE_CURVE('',#487,#517,#519,.T.);
#517 = VERTEX_POINT('',#518);
#518 = CARTESIAN_POINT('',(4.917,97.12,32.));
#519 = LINE('',#520,#521);
#520 = CARTESIAN_POINT('',(4.917,-32.48,32.));
#521 = VECTOR('',#522,1.);
#522 = DIRECTION('',(-0.,1.,0.));
#523 = ORIENTED_EDGE('',*,*,#524,.T.);
#524 = EDGE_CURVE('',#517,#525,#527,.T.);
#525 = VERTEX_POINT('',#526);
#526 = CARTESIAN_POINT('',(4.917,97.12,32.01));
#527 = LINE('',#528,#529);
#528 = CARTESIAN_POINT('',(4.917,97.12,32.));
#529 = VECTOR('',#530,1.);
#530 = DIRECTION('',(0.,0.,1.));
#531 = ORIENTED_EDGE('',*,*,#532,.F.);
#532 = EDGE_CURVE('',#533,#525,#535,.T.);
#533 = VERTEX_POINT('',#534);
#534 = CARTESIAN_POINT('',(4.917,-32.47606172212,32.01));
#535 = LINE('',#536,#537);
#536 = CARTESIAN_POINT('',(4.917,-33.48,32.01));
#537 = VECTOR('',#538,1.);
#538 = DIRECTION('',(-0.,1.,0.));
#539 = ORIENTED_EDGE('',*,*,#540,.T.);
#540 = EDGE_CURVE('',#533,#164,#541,.T.);
#541 = LINE('',#542,#543);
#542 = CARTESIAN_POINT('',(4.917,-32.47606172212,36.875041275082));
#543 = VECTOR('',#544,1.);
#544 = DIRECTION('',(0.,-0.,1.));
#545 = ORIENTED_EDGE('',*,*,#171,.F.);
#546 = PLANE('',#547);
#547 = AXIS2_PLACEMENT_3D('',#548,#549,#550);
#548 = CARTESIAN_POINT('',(4.917,-32.48,32.));
#549 = DIRECTION('',(1.,0.,-0.));
#550 = DIRECTION('',(0.,0.,1.));
#551 = ADVANCED_FACE('',(#552),#560,.T.);
#552 = FACE_BOUND('',#553,.T.);
#553 = EDGE_LOOP('',(#554,#555,#556,#557,#558,#559));
#554 = ORIENTED_EDGE('',*,*,#192,.F.);
#555 = ORIENTED_EDGE('',*,*,#163,.T.);
#556 = ORIENTED_EDGE('',*,*,#155,.T.);
#557 = ORIENTED_EDGE('',*,*,#147,.F.);
#558 = ORIENTED_EDGE('',*,*,#139,.F.);
#559 = ORIENTED_EDGE('',*,*,#200,.T.);
#560 = PLANE('',#561);
#561 = AXIS2_PLACEMENT_3D('',#562,#563,#564);
#562 = CARTESIAN_POINT('',(-98.26219329438,-32.47606172212,
    51.500099060198));
#563 = DIRECTION('',(0.,0.,1.));
#564 = DIRECTION('',(1.,0.,-0.));
#565 = ADVANCED_FACE('',(#566),#591,.F.);
#566 = FACE_BOUND('',#567,.F.);
#567 = EDGE_LOOP('',(#568,#576,#577,#585));
#568 = ORIENTED_EDGE('',*,*,#569,.T.);
#569 = EDGE_CURVE('',#570,#48,#572,.T.);
#570 = VERTEX_POINT('',#571);
#571 = CARTESIAN_POINT('',(-72.26219329438,97.12,50.000099060198));
#572 = LINE('',#573,#574);
#573 = CARTESIAN_POINT('',(-72.26219329438,97.12,41.000049530099));
#574 = VECTOR('',#575,1.);
#575 = DIRECTION('',(0.,0.,1.));
#576 = ORIENTED_EDGE('',*,*,#131,.T.);
#577 = ORIENTED_EDGE('',*,*,#578,.F.);
#578 = EDGE_CURVE('',#579,#132,#581,.T.);
#579 = VERTEX_POINT('',#580);
#580 = CARTESIAN_POINT('',(-54.26219329438,97.12,50.000099060198));
#581 = LINE('',#582,#583);
#582 = CARTESIAN_POINT('',(-54.26219329438,97.12,41.000049530099));
#583 = VECTOR('',#584,1.);
#584 = DIRECTION('',(0.,0.,1.));
#585 = ORIENTED_EDGE('',*,*,#586,.T.);
#586 = EDGE_CURVE('',#579,#570,#587,.T.);
#587 = LINE('',#588,#589);
#588 = CARTESIAN_POINT('',(-85.26209664719,97.12,50.000099060198));
#589 = VECTOR('',#590,1.);
#590 = DIRECTION('',(-1.,-0.,0.));
#591 = PLANE('',#592);
#592 = AXIS2_PLACEMENT_3D('',#593,#594,#595);
#593 = CARTESIAN_POINT('',(-98.262,97.12,32.));
#594 = DIRECTION('',(-0.,1.,0.));
#595 = DIRECTION('',(0.,0.,1.));
#596 = ADVANCED_FACE('',(#597),#631,.T.);
#597 = FACE_BOUND('',#598,.T.);
#598 = EDGE_LOOP('',(#599,#600,#608,#616,#624,#630));
#599 = ORIENTED_EDGE('',*,*,#494,.F.);
#600 = ORIENTED_EDGE('',*,*,#601,.T.);
#601 = EDGE_CURVE('',#485,#602,#604,.T.);
#602 = VERTEX_POINT('',#603);
#603 = CARTESIAN_POINT('',(-98.262,97.12,32.));
#604 = LINE('',#605,#606);
#605 = CARTESIAN_POINT('',(-98.262,-32.48,32.));
#606 = VECTOR('',#607,1.);
#607 = DIRECTION('',(-0.,1.,0.));
#608 = ORIENTED_EDGE('',*,*,#609,.T.);
#609 = EDGE_CURVE('',#602,#610,#612,.T.);
#610 = VERTEX_POINT('',#611);
#611 = CARTESIAN_POINT('',(-98.262,97.12,32.01));
#612 = LINE('',#613,#614);
#613 = CARTESIAN_POINT('',(-98.262,97.12,32.));
#614 = VECTOR('',#615,1.);
#615 = DIRECTION('',(0.,0.,1.));
#616 = ORIENTED_EDGE('',*,*,#617,.F.);
#617 = EDGE_CURVE('',#618,#610,#620,.T.);
#618 = VERTEX_POINT('',#619);
#619 = CARTESIAN_POINT('',(-98.262,-32.47606172212,32.01));
#620 = LINE('',#621,#622);
#621 = CARTESIAN_POINT('',(-98.262,-33.48,32.01));
#622 = VECTOR('',#623,1.);
#623 = DIRECTION('',(-0.,1.,0.));
#624 = ORIENTED_EDGE('',*,*,#625,.T.);
#625 = EDGE_CURVE('',#618,#32,#626,.T.);
#626 = LINE('',#627,#628);
#627 = CARTESIAN_POINT('',(-98.262,-32.47606172212,36.875041275082));
#628 = VECTOR('',#629,1.);
#629 = DIRECTION('',(0.,-0.,1.));
#630 = ORIENTED_EDGE('',*,*,#121,.F.);
#631 = PLANE('',#632);
#632 = AXIS2_PLACEMENT_3D('',#633,#634,#635);
#633 = CARTESIAN_POINT('',(-98.262,-32.48,32.));
#634 = DIRECTION('',(1.,0.,-0.));
#635 = DIRECTION('',(0.,0.,1.));
#636 = ADVANCED_FACE('',(#637),#648,.T.);
#637 = FACE_BOUND('',#638,.T.);
#638 = EDGE_LOOP('',(#639,#640,#646,#647));
#639 = ORIENTED_EDGE('',*,*,#625,.F.);
#640 = ORIENTED_EDGE('',*,*,#641,.F.);
#641 = EDGE_CURVE('',#533,#618,#642,.T.);
#642 = LINE('',#643,#644);
#643 = CARTESIAN_POINT('',(-73.46729667259,-32.47606172212,32.01));
#644 = VECTOR('',#645,1.);
#645 = DIRECTION('',(-1.,0.,0.));
#646 = ORIENTED_EDGE('',*,*,#540,.T.);
#647 = ORIENTED_EDGE('',*,*,#186,.F.);
#648 = PLANE('',#649);
#649 = AXIS2_PLACEMENT_3D('',#650,#651,#652);
#650 = CARTESIAN_POINT('',(-46.67259334518,-32.47606172212,
    41.750082550165));
#651 = DIRECTION('',(-0.,-1.,-0.));
#652 = DIRECTION('',(0.,0.,-1.));
#653 = ADVANCED_FACE('',(#654),#672,.T.);
#654 = FACE_BOUND('',#655,.T.);
#655 = EDGE_LOOP('',(#656,#664,#670,#671));
#656 = ORIENTED_EDGE('',*,*,#657,.F.);
#657 = EDGE_CURVE('',#658,#215,#660,.T.);
#658 = VERTEX_POINT('',#659);
#659 = CARTESIAN_POINT('',(-72.26219329438,70.141652449756,
    50.000099060198));
#660 = LINE('',#661,#662);
#661 = CARTESIAN_POINT('',(-72.26219329438,70.141652449756,
    50.000099060198));
#662 = VECTOR('',#663,1.);
#663 = DIRECTION('',(0.,0.,1.));
#664 = ORIENTED_EDGE('',*,*,#665,.T.);
#665 = EDGE_CURVE('',#658,#570,#666,.T.);
#666 = LINE('',#667,#668);
#667 = CARTESIAN_POINT('',(-72.26219329438,70.141652449756,
    50.000099060198));
#668 = VECTOR('',#669,1.);
#669 = DIRECTION('',(-0.,1.,0.));
#670 = ORIENTED_EDGE('',*,*,#569,.T.);
#671 = ORIENTED_EDGE('',*,*,#222,.F.);
#672 = PLANE('',#673);
#673 = AXIS2_PLACEMENT_3D('',#674,#675,#676);
#674 = CARTESIAN_POINT('',(-72.26219329438,70.141652449756,
    50.000099060198));
#675 = DIRECTION('',(1.,0.,-0.));
#676 = DIRECTION('',(0.,0.,1.));
#677 = ADVANCED_FACE('',(#678),#696,.T.);
#678 = FACE_BOUND('',#679,.T.);
#679 = EDGE_LOOP('',(#680,#688,#689,#690));
#680 = ORIENTED_EDGE('',*,*,#681,.F.);
#681 = EDGE_CURVE('',#658,#682,#684,.T.);
#682 = VERTEX_POINT('',#683);
#683 = CARTESIAN_POINT('',(-54.26219329438,70.141652449756,
    50.000099060198));
#684 = LINE('',#685,#686);
#685 = CARTESIAN_POINT('',(-72.26219329438,70.141652449756,
    50.000099060198));
#686 = VECTOR('',#687,1.);
#687 = DIRECTION('',(1.,0.,-0.));
#688 = ORIENTED_EDGE('',*,*,#657,.T.);
#689 = ORIENTED_EDGE('',*,*,#214,.T.);
#690 = ORIENTED_EDGE('',*,*,#691,.F.);
#691 = EDGE_CURVE('',#682,#207,#692,.T.);
#692 = LINE('',#693,#694);
#693 = CARTESIAN_POINT('',(-54.26219329438,70.141652449756,
    50.000099060198));
#694 = VECTOR('',#695,1.);
#695 = DIRECTION('',(0.,0.,1.));
#696 = PLANE('',#697);
#697 = AXIS2_PLACEMENT_3D('',#698,#699,#700);
#698 = CARTESIAN_POINT('',(-72.26219329438,70.141652449756,
    50.000099060198));
#699 = DIRECTION('',(-0.,1.,0.));
#700 = DIRECTION('',(0.,0.,1.));
#701 = ADVANCED_FACE('',(#702),#713,.F.);
#702 = FACE_BOUND('',#703,.F.);
#703 = EDGE_LOOP('',(#704,#705,#711,#712));
#704 = ORIENTED_EDGE('',*,*,#691,.F.);
#705 = ORIENTED_EDGE('',*,*,#706,.T.);
#706 = EDGE_CURVE('',#682,#579,#707,.T.);
#707 = LINE('',#708,#709);
#708 = CARTESIAN_POINT('',(-54.26219329438,70.141652449756,
    50.000099060198));
#709 = VECTOR('',#710,1.);
#710 = DIRECTION('',(-0.,1.,0.));
#711 = ORIENTED_EDGE('',*,*,#578,.T.);
#712 = ORIENTED_EDGE('',*,*,#206,.F.);
#713 = PLANE('',#714);
#714 = AXIS2_PLACEMENT_3D('',#715,#716,#717);
#715 = CARTESIAN_POINT('',(-54.26219329438,70.141652449756,
    50.000099060198));
#716 = DIRECTION('',(1.,0.,-0.));
#717 = DIRECTION('',(0.,0.,1.));
#718 = ADVANCED_FACE('',(#719),#758,.T.);
#719 = FACE_BOUND('',#720,.T.);
#720 = EDGE_LOOP('',(#721,#729,#736,#743,#751,#757));
#721 = ORIENTED_EDGE('',*,*,#722,.F.);
#722 = EDGE_CURVE('',#723,#232,#725,.T.);
#723 = VERTEX_POINT('',#724);
#724 = CARTESIAN_POINT('',(-4.63,0.13,45.000088900178));
#725 = LINE('',#726,#727);
#726 = CARTESIAN_POINT('',(-4.63,0.13,27.000066040132));
#727 = VECTOR('',#728,1.);
#728 = DIRECTION('',(0.,0.,1.));
#729 = ORIENTED_EDGE('',*,*,#730,.F.);
#730 = EDGE_CURVE('',#731,#723,#733,.T.);
#731 = VERTEX_POINT('',#732);
#732 = CARTESIAN_POINT('',(-4.634805689611,0.13,45.000088900178));
#733 = B_SPLINE_CURVE_WITH_KNOTS('',1,(#734,#735),.UNSPECIFIED.,.F.,.F.,
  (2,2),(0.,1.),.PIECEWISE_BEZIER_KNOTS.);
#734 = CARTESIAN_POINT('',(-88.9,0.13,45.000088900178));
#735 = CARTESIAN_POINT('',(-4.63,0.13,45.000088900178));
#736 = ORIENTED_EDGE('',*,*,#737,.F.);
#737 = EDGE_CURVE('',#738,#731,#740,.T.);
#738 = VERTEX_POINT('',#739);
#739 = CARTESIAN_POINT('',(-4.634805689611,0.13,49.000099060198));
#740 = B_SPLINE_CURVE_WITH_KNOTS('',1,(#741,#742),.UNSPECIFIED.,.F.,.F.,
  (2,2),(0.,1.),.PIECEWISE_BEZIER_KNOTS.);
#741 = CARTESIAN_POINT('',(-4.634805689611,0.13,49.000099075438));
#742 = CARTESIAN_POINT('',(-4.634805689611,0.13,45.000088900178));
#743 = ORIENTED_EDGE('',*,*,#744,.T.);
#744 = EDGE_CURVE('',#738,#745,#747,.T.);
#745 = VERTEX_POINT('',#746);
#746 = CARTESIAN_POINT('',(-88.9,0.13,49.000099060198));
#747 = LINE('',#748,#749);
#748 = CARTESIAN_POINT('',(-93.58109664719,0.13,49.000099060198));
#749 = VECTOR('',#750,1.);
#750 = DIRECTION('',(-1.,-0.,0.));
#751 = ORIENTED_EDGE('',*,*,#752,.T.);
#752 = EDGE_CURVE('',#745,#234,#753,.T.);
#753 = LINE('',#754,#755);
#754 = CARTESIAN_POINT('',(-88.9,0.13,27.000066040132));
#755 = VECTOR('',#756,1.);
#756 = DIRECTION('',(0.,0.,1.));
#757 = ORIENTED_EDGE('',*,*,#231,.F.);
#758 = PLANE('',#759);
#759 = AXIS2_PLACEMENT_3D('',#760,#761,#762);
#760 = CARTESIAN_POINT('',(-88.9,0.13,27.000066040132));
#761 = DIRECTION('',(-0.,1.,0.));
#762 = DIRECTION('',(0.,0.,1.));
#763 = ADVANCED_FACE('',(#764),#781,.F.);
#764 = FACE_BOUND('',#765,.F.);
#765 = EDGE_LOOP('',(#766,#767,#774,#780));
#766 = ORIENTED_EDGE('',*,*,#722,.F.);
#767 = ORIENTED_EDGE('',*,*,#768,.T.);
#768 = EDGE_CURVE('',#723,#769,#771,.T.);
#769 = VERTEX_POINT('',#770);
#770 = CARTESIAN_POINT('',(-4.63,35.31,45.000088900178));
#771 = B_SPLINE_CURVE_WITH_KNOTS('',1,(#772,#773),.UNSPECIFIED.,.F.,.F.,
  (2,2),(0.,1.),.PIECEWISE_BEZIER_KNOTS.);
#772 = CARTESIAN_POINT('',(-4.63,0.13,45.000088900178));
#773 = CARTESIAN_POINT('',(-4.63,35.31,45.000088900178));
#774 = ORIENTED_EDGE('',*,*,#775,.T.);
#775 = EDGE_CURVE('',#769,#250,#776,.T.);
#776 = LINE('',#777,#778);
#777 = CARTESIAN_POINT('',(-4.63,35.31,27.000066040132));
#778 = VECTOR('',#779,1.);
#779 = DIRECTION('',(0.,0.,1.));
#780 = ORIENTED_EDGE('',*,*,#257,.F.);
#781 = PLANE('',#782);
#782 = AXIS2_PLACEMENT_3D('',#783,#784,#785);
#783 = CARTESIAN_POINT('',(-4.63,0.13,27.000066040132));
#784 = DIRECTION('',(1.,0.,-0.));
#785 = DIRECTION('',(0.,0.,1.));
#786 = ADVANCED_FACE('',(#787),#819,.T.);
#787 = FACE_BOUND('',#788,.T.);
#788 = EDGE_LOOP('',(#789,#790,#798,#805,#812,#818));
#789 = ORIENTED_EDGE('',*,*,#752,.F.);
#790 = ORIENTED_EDGE('',*,*,#791,.T.);
#791 = EDGE_CURVE('',#745,#792,#794,.T.);
#792 = VERTEX_POINT('',#793);
#793 = CARTESIAN_POINT('',(-88.9,35.306070612141,49.000099060198));
#794 = LINE('',#795,#796);
#795 = CARTESIAN_POINT('',(-88.9,-16.17303086106,49.000099060198));
#796 = VECTOR('',#797,1.);
#797 = DIRECTION('',(-0.,1.,0.));
#798 = ORIENTED_EDGE('',*,*,#799,.T.);
#799 = EDGE_CURVE('',#792,#800,#802,.T.);
#800 = VERTEX_POINT('',#801);
#801 = CARTESIAN_POINT('',(-88.9,35.306070612141,45.000088900178));
#802 = B_SPLINE_CURVE_WITH_KNOTS('',1,(#803,#804),.UNSPECIFIED.,.F.,.F.,
  (2,2),(0.,1.),.PIECEWISE_BEZIER_KNOTS.);
#803 = CARTESIAN_POINT('',(-88.9,35.306070612141,49.000099075438));
#804 = CARTESIAN_POINT('',(-88.9,35.306070612141,45.000088900178));
#805 = ORIENTED_EDGE('',*,*,#806,.T.);
#806 = EDGE_CURVE('',#800,#807,#809,.T.);
#807 = VERTEX_POINT('',#808);
#808 = CARTESIAN_POINT('',(-88.9,35.31,45.000088900178));
#809 = B_SPLINE_CURVE_WITH_KNOTS('',1,(#810,#811),.UNSPECIFIED.,.F.,.F.,
  (2,2),(0.,1.),.PIECEWISE_BEZIER_KNOTS.);
#810 = CARTESIAN_POINT('',(-88.9,0.13,45.000088900178));
#811 = CARTESIAN_POINT('',(-88.9,35.31,45.000088900178));
#812 = ORIENTED_EDGE('',*,*,#813,.T.);
#813 = EDGE_CURVE('',#807,#242,#814,.T.);
#814 = LINE('',#815,#816);
#815 = CARTESIAN_POINT('',(-88.9,35.31,27.000066040132));
#816 = VECTOR('',#817,1.);
#817 = DIRECTION('',(0.,0.,1.));
#818 = ORIENTED_EDGE('',*,*,#241,.F.);
#819 = PLANE('',#820);
#820 = AXIS2_PLACEMENT_3D('',#821,#822,#823);
#821 = CARTESIAN_POINT('',(-88.9,0.13,27.000066040132));
#822 = DIRECTION('',(1.,0.,-0.));
#823 = DIRECTION('',(0.,0.,1.));
#824 = ADVANCED_FACE('',(#825),#835,.F.);
#825 = FACE_BOUND('',#826,.F.);
#826 = EDGE_LOOP('',(#827,#828,#833,#834));
#827 = ORIENTED_EDGE('',*,*,#775,.F.);
#828 = ORIENTED_EDGE('',*,*,#829,.F.);
#829 = EDGE_CURVE('',#807,#769,#830,.T.);
#830 = B_SPLINE_CURVE_WITH_KNOTS('',1,(#831,#832),.UNSPECIFIED.,.F.,.F.,
  (2,2),(0.,1.),.PIECEWISE_BEZIER_KNOTS.);
#831 = CARTESIAN_POINT('',(-88.9,35.31,45.000088900178));
#832 = CARTESIAN_POINT('',(-4.63,35.31,45.000088900178));
#833 = ORIENTED_EDGE('',*,*,#813,.T.);
#834 = ORIENTED_EDGE('',*,*,#249,.F.);
#835 = PLANE('',#836);
#836 = AXIS2_PLACEMENT_3D('',#837,#838,#839);
#837 = CARTESIAN_POINT('',(-88.9,35.31,27.000066040132));
#838 = DIRECTION('',(-0.,1.,0.));
#839 = DIRECTION('',(0.,0.,1.));
#840 = ADVANCED_FACE('',(#841),#865,.T.);
#841 = FACE_BOUND('',#842,.T.);
#842 = EDGE_LOOP('',(#843,#851,#858,#864));
#843 = ORIENTED_EDGE('',*,*,#844,.F.);
#844 = EDGE_CURVE('',#845,#266,#847,.T.);
#845 = VERTEX_POINT('',#846);
#846 = CARTESIAN_POINT('',(-80.39,49.4,45.000088900178));
#847 = LINE('',#848,#849);
#848 = CARTESIAN_POINT('',(-80.39,49.4,27.000066040132));
#849 = VECTOR('',#850,1.);
#850 = DIRECTION('',(0.,0.,1.));
#851 = ORIENTED_EDGE('',*,*,#852,.F.);
#852 = EDGE_CURVE('',#853,#845,#855,.T.);
#853 = VERTEX_POINT('',#854);
#854 = CARTESIAN_POINT('',(-90.55,49.4,45.000088900178));
#855 = B_SPLINE_CURVE_WITH_KNOTS('',1,(#856,#857),.UNSPECIFIED.,.F.,.F.,
  (2,2),(0.,1.),.PIECEWISE_BEZIER_KNOTS.);
#856 = CARTESIAN_POINT('',(-90.55,49.4,45.000088900178));
#857 = CARTESIAN_POINT('',(-80.39,49.4,45.000088900178));
#858 = ORIENTED_EDGE('',*,*,#859,.T.);
#859 = EDGE_CURVE('',#853,#268,#860,.T.);
#860 = LINE('',#861,#862);
#861 = CARTESIAN_POINT('',(-90.55,49.4,27.000066040132));
#862 = VECTOR('',#863,1.);
#863 = DIRECTION('',(0.,0.,1.));
#864 = ORIENTED_EDGE('',*,*,#265,.F.);
#865 = PLANE('',#866);
#866 = AXIS2_PLACEMENT_3D('',#867,#868,#869);
#867 = CARTESIAN_POINT('',(-90.55,49.4,27.000066040132));
#868 = DIRECTION('',(-0.,1.,0.));
#869 = DIRECTION('',(0.,0.,1.));
#870 = ADVANCED_FACE('',(#871),#888,.F.);
#871 = FACE_BOUND('',#872,.F.);
#872 = EDGE_LOOP('',(#873,#874,#881,#887));
#873 = ORIENTED_EDGE('',*,*,#844,.F.);
#874 = ORIENTED_EDGE('',*,*,#875,.T.);
#875 = EDGE_CURVE('',#845,#876,#878,.T.);
#876 = VERTEX_POINT('',#877);
#877 = CARTESIAN_POINT('',(-80.39,69.34,45.000088900178));
#878 = B_SPLINE_CURVE_WITH_KNOTS('',1,(#879,#880),.UNSPECIFIED.,.F.,.F.,
  (2,2),(0.,1.),.PIECEWISE_BEZIER_KNOTS.);
#879 = CARTESIAN_POINT('',(-80.39,49.4,45.000088900178));
#880 = CARTESIAN_POINT('',(-80.39,69.34,45.000088900178));
#881 = ORIENTED_EDGE('',*,*,#882,.T.);
#882 = EDGE_CURVE('',#876,#284,#883,.T.);
#883 = LINE('',#884,#885);
#884 = CARTESIAN_POINT('',(-80.39,69.34,27.000066040132));
#885 = VECTOR('',#886,1.);
#886 = DIRECTION('',(0.,0.,1.));
#887 = ORIENTED_EDGE('',*,*,#291,.F.);
#888 = PLANE('',#889);
#889 = AXIS2_PLACEMENT_3D('',#890,#891,#892);
#890 = CARTESIAN_POINT('',(-80.39,49.4,27.000066040132));
#891 = DIRECTION('',(1.,0.,-0.));
#892 = DIRECTION('',(0.,0.,1.));
#893 = ADVANCED_FACE('',(#894),#926,.T.);
#894 = FACE_BOUND('',#895,.T.);
#895 = EDGE_LOOP('',(#896,#897,#904,#911,#919,#925));
#896 = ORIENTED_EDGE('',*,*,#859,.F.);
#897 = ORIENTED_EDGE('',*,*,#898,.T.);
#898 = EDGE_CURVE('',#853,#899,#901,.T.);
#899 = VERTEX_POINT('',#900);
#900 = CARTESIAN_POINT('',(-90.55,49.403098806198,45.000088900178));
#901 = B_SPLINE_CURVE_WITH_KNOTS('',1,(#902,#903),.UNSPECIFIED.,.F.,.F.,
  (2,2),(0.,1.),.PIECEWISE_BEZIER_KNOTS.);
#902 = CARTESIAN_POINT('',(-90.55,49.4,45.000088900178));
#903 = CARTESIAN_POINT('',(-90.55,69.34,45.000088900178));
#904 = ORIENTED_EDGE('',*,*,#905,.F.);
#905 = EDGE_CURVE('',#906,#899,#908,.T.);
#906 = VERTEX_POINT('',#907);
#907 = CARTESIAN_POINT('',(-90.55,49.403098806198,49.000099060198));
#908 = B_SPLINE_CURVE_WITH_KNOTS('',1,(#909,#910),.UNSPECIFIED.,.F.,.F.,
  (2,2),(0.,1.),.PIECEWISE_BEZIER_KNOTS.);
#909 = CARTESIAN_POINT('',(-90.55,49.403098806198,49.000099075438));
#910 = CARTESIAN_POINT('',(-90.55,49.403098806198,45.000088900178));
#911 = ORIENTED_EDGE('',*,*,#912,.T.);
#912 = EDGE_CURVE('',#906,#913,#915,.T.);
#913 = VERTEX_POINT('',#914);
#914 = CARTESIAN_POINT('',(-90.55,69.34,49.000099060198));
#915 = LINE('',#916,#917);
#916 = CARTESIAN_POINT('',(-90.55,8.46196913894,49.000099060198));
#917 = VECTOR('',#918,1.);
#918 = DIRECTION('',(-0.,1.,0.));
#919 = ORIENTED_EDGE('',*,*,#920,.T.);
#920 = EDGE_CURVE('',#913,#276,#921,.T.);
#921 = LINE('',#922,#923);
#922 = CARTESIAN_POINT('',(-90.55,69.34,27.000066040132));
#923 = VECTOR('',#924,1.);
#924 = DIRECTION('',(0.,0.,1.));
#925 = ORIENTED_EDGE('',*,*,#275,.F.);
#926 = PLANE('',#927);
#927 = AXIS2_PLACEMENT_3D('',#928,#929,#930);
#928 = CARTESIAN_POINT('',(-90.55,49.4,27.000066040132));
#929 = DIRECTION('',(1.,0.,-0.));
#930 = DIRECTION('',(0.,0.,1.));
#931 = ADVANCED_FACE('',(#932),#957,.F.);
#932 = FACE_BOUND('',#933,.F.);
#933 = EDGE_LOOP('',(#934,#935,#942,#949,#955,#956));
#934 = ORIENTED_EDGE('',*,*,#882,.F.);
#935 = ORIENTED_EDGE('',*,*,#936,.F.);
#936 = EDGE_CURVE('',#937,#876,#939,.T.);
#937 = VERTEX_POINT('',#938);
#938 = CARTESIAN_POINT('',(-80.39116078232,69.34,45.000088900178));
#939 = B_SPLINE_CURVE_WITH_KNOTS('',1,(#940,#941),.UNSPECIFIED.,.F.,.F.,
  (2,2),(0.,1.),.PIECEWISE_BEZIER_KNOTS.);
#940 = CARTESIAN_POINT('',(-90.55,69.34,45.000088900178));
#941 = CARTESIAN_POINT('',(-80.39,69.34,45.000088900178));
#942 = ORIENTED_EDGE('',*,*,#943,.F.);
#943 = EDGE_CURVE('',#944,#937,#946,.T.);
#944 = VERTEX_POINT('',#945);
#945 = CARTESIAN_POINT('',(-80.39116078232,69.34,49.000099060198));
#946 = B_SPLINE_CURVE_WITH_KNOTS('',1,(#947,#948),.UNSPECIFIED.,.F.,.F.,
  (2,2),(0.,1.),.PIECEWISE_BEZIER_KNOTS.);
#947 = CARTESIAN_POINT('',(-80.39116078232,69.34,49.000099075438));
#948 = CARTESIAN_POINT('',(-80.39116078232,69.34,45.000088900178));
#949 = ORIENTED_EDGE('',*,*,#950,.T.);
#950 = EDGE_CURVE('',#944,#913,#951,.T.);
#951 = LINE('',#952,#953);
#952 = CARTESIAN_POINT('',(-94.40609664719,69.34,49.000099060198));
#953 = VECTOR('',#954,1.);
#954 = DIRECTION('',(-1.,-0.,0.));
#955 = ORIENTED_EDGE('',*,*,#920,.T.);
#956 = ORIENTED_EDGE('',*,*,#283,.F.);
#957 = PLANE('',#958);
#958 = AXIS2_PLACEMENT_3D('',#959,#960,#961);
#959 = CARTESIAN_POINT('',(-90.55,69.34,27.000066040132));
#960 = DIRECTION('',(-0.,1.,0.));
#961 = DIRECTION('',(0.,0.,1.));
#962 = ADVANCED_FACE('',(#963),#989,.F.);
#963 = FACE_BOUND('',#964,.F.);
#964 = EDGE_LOOP('',(#965,#973,#982,#988));
#965 = ORIENTED_EDGE('',*,*,#966,.F.);
#966 = EDGE_CURVE('',#967,#300,#969,.T.);
#967 = VERTEX_POINT('',#968);
#968 = CARTESIAN_POINT('',(-62.01219329438,67.141652449756,50.5));
#969 = LINE('',#970,#971);
#970 = CARTESIAN_POINT('',(-62.01219329438,67.141652449756,
    42.000099060198));
#971 = VECTOR('',#972,1.);
#972 = DIRECTION('',(0.,0.,1.));
#973 = ORIENTED_EDGE('',*,*,#974,.T.);
#974 = EDGE_CURVE('',#967,#975,#977,.T.);
#975 = VERTEX_POINT('',#976);
#976 = CARTESIAN_POINT('',(-63.51109664719,68.36662066198,50.5));
#977 = CIRCLE('',#978,1.25);
#978 = AXIS2_PLACEMENT_3D('',#979,#980,#981);
#979 = CARTESIAN_POINT('',(-63.26219329438,67.141652449756,50.5));
#980 = DIRECTION('',(0.,0.,1.));
#981 = DIRECTION('',(1.,0.,-0.));
#982 = ORIENTED_EDGE('',*,*,#983,.T.);
#983 = EDGE_CURVE('',#975,#302,#984,.T.);
#984 = LINE('',#985,#986);
#985 = CARTESIAN_POINT('',(-63.51109664719,68.36662066198,
    42.000099060198));
#986 = VECTOR('',#987,1.);
#987 = DIRECTION('',(0.,0.,1.));
#988 = ORIENTED_EDGE('',*,*,#299,.F.);
#989 = CYLINDRICAL_SURFACE('',#990,1.25);
#990 = AXIS2_PLACEMENT_3D('',#991,#992,#993);
#991 = CARTESIAN_POINT('',(-63.26219329438,67.141652449756,
    42.000099060198));
#992 = DIRECTION('',(0.,0.,1.));
#993 = DIRECTION('',(1.,0.,-0.));
#994 = ADVANCED_FACE('',(#995),#1039,.F.);
#995 = FACE_BOUND('',#996,.F.);
#996 = EDGE_LOOP('',(#997,#998,#999,#1008,#1016,#1023,#1024,#1033));
#997 = ORIENTED_EDGE('',*,*,#319,.F.);
#998 = ORIENTED_EDGE('',*,*,#983,.F.);
#999 = ORIENTED_EDGE('',*,*,#1000,.F.);
#1000 = EDGE_CURVE('',#1001,#975,#1003,.T.);
#1001 = VERTEX_POINT('',#1002);
#1002 = CARTESIAN_POINT('',(-62.51,67.141652449756,50.5));
#1003 = CIRCLE('',#1004,1.25);
#1004 = AXIS2_PLACEMENT_3D('',#1005,#1006,#1007);
#1005 = CARTESIAN_POINT('',(-63.76,67.141652449756,50.5));
#1006 = DIRECTION('',(0.,0.,1.));
#1007 = DIRECTION('',(1.,0.,-0.));
#1008 = ORIENTED_EDGE('',*,*,#1009,.F.);
#1009 = EDGE_CURVE('',#1010,#1001,#1012,.T.);
#1010 = VERTEX_POINT('',#1011);
#1011 = CARTESIAN_POINT('',(-62.51,67.141652449756,45.5));
#1012 = LINE('',#1013,#1014);
#1013 = CARTESIAN_POINT('',(-62.51,67.141652449756,45.5));
#1014 = VECTOR('',#1015,1.);
#1015 = DIRECTION('',(0.,0.,1.));
#1016 = ORIENTED_EDGE('',*,*,#1017,.T.);
#1017 = EDGE_CURVE('',#1010,#1010,#1018,.T.);
#1018 = CIRCLE('',#1019,1.25);
#1019 = AXIS2_PLACEMENT_3D('',#1020,#1021,#1022);
#1020 = CARTESIAN_POINT('',(-63.76,67.141652449756,45.5));
#1021 = DIRECTION('',(0.,0.,1.));
#1022 = DIRECTION('',(1.,0.,-0.));
#1023 = ORIENTED_EDGE('',*,*,#1009,.T.);
#1024 = ORIENTED_EDGE('',*,*,#1025,.F.);
#1025 = EDGE_CURVE('',#1026,#1001,#1028,.T.);
#1026 = VERTEX_POINT('',#1027);
#1027 = CARTESIAN_POINT('',(-63.51109664719,65.916684237532,50.5));
#1028 = CIRCLE('',#1029,1.25);
#1029 = AXIS2_PLACEMENT_3D('',#1030,#1031,#1032);
#1030 = CARTESIAN_POINT('',(-63.76,67.141652449756,50.5));
#1031 = DIRECTION('',(0.,0.,1.));
#1032 = DIRECTION('',(1.,0.,-0.));
#1033 = ORIENTED_EDGE('',*,*,#1034,.T.);
#1034 = EDGE_CURVE('',#1026,#311,#1035,.T.);
#1035 = LINE('',#1036,#1037);
#1036 = CARTESIAN_POINT('',(-63.51109664719,65.916684237532,
    42.000099060198));
#1037 = VECTOR('',#1038,1.);
#1038 = DIRECTION('',(0.,0.,1.));
#1039 = CYLINDRICAL_SURFACE('',#1040,1.25);
#1040 = AXIS2_PLACEMENT_3D('',#1041,#1042,#1043);
#1041 = CARTESIAN_POINT('',(-63.76,67.141652449756,45.5));
#1042 = DIRECTION('',(0.,0.,1.));
#1043 = DIRECTION('',(1.,0.,-0.));
#1044 = ADVANCED_FACE('',(#1045),#1057,.F.);
#1045 = FACE_BOUND('',#1046,.F.);
#1046 = EDGE_LOOP('',(#1047,#1054,#1055,#1056));
#1047 = ORIENTED_EDGE('',*,*,#1048,.T.);
#1048 = EDGE_CURVE('',#1026,#967,#1049,.T.);
#1049 = CIRCLE('',#1050,1.25);
#1050 = AXIS2_PLACEMENT_3D('',#1051,#1052,#1053);
#1051 = CARTESIAN_POINT('',(-63.26219329438,67.141652449756,50.5));
#1052 = DIRECTION('',(0.,0.,1.));
#1053 = DIRECTION('',(1.,0.,-0.));
#1054 = ORIENTED_EDGE('',*,*,#966,.T.);
#1055 = ORIENTED_EDGE('',*,*,#310,.F.);
#1056 = ORIENTED_EDGE('',*,*,#1034,.F.);
#1057 = CYLINDRICAL_SURFACE('',#1058,1.25);
#1058 = AXIS2_PLACEMENT_3D('',#1059,#1060,#1061);
#1059 = CARTESIAN_POINT('',(-63.26219329438,67.141652449756,
    42.000099060198));
#1060 = DIRECTION('',(0.,0.,1.));
#1061 = DIRECTION('',(1.,0.,-0.));
#1062 = ADVANCED_FACE('',(#1063),#1102,.T.);
#1063 = FACE_BOUND('',#1064,.T.);
#1064 = EDGE_LOOP('',(#1065,#1073,#1080,#1087,#1095,#1101));
#1065 = ORIENTED_EDGE('',*,*,#1066,.F.);
#1066 = EDGE_CURVE('',#1067,#329,#1069,.T.);
#1067 = VERTEX_POINT('',#1068);
#1068 = CARTESIAN_POINT('',(-11.43,59.59,47.700093980188));
#1069 = LINE('',#1070,#1071);
#1070 = CARTESIAN_POINT('',(-11.43,59.59,27.000066040132));
#1071 = VECTOR('',#1072,1.);
#1072 = DIRECTION('',(0.,0.,1.));
#1073 = ORIENTED_EDGE('',*,*,#1074,.F.);
#1074 = EDGE_CURVE('',#1075,#1067,#1077,.T.);
#1075 = VERTEX_POINT('',#1076);
#1076 = CARTESIAN_POINT('',(-11.43002286004,59.59,47.700093980188));
#1077 = B_SPLINE_CURVE_WITH_KNOTS('',1,(#1078,#1079),.UNSPECIFIED.,.F.,
  .F.,(2,2),(0.,1.),.PIECEWISE_BEZIER_KNOTS.);
#1078 = CARTESIAN_POINT('',(-38.48,59.59,47.700093980188));
#1079 = CARTESIAN_POINT('',(-11.43,59.59,47.700093980188));
#1080 = ORIENTED_EDGE('',*,*,#1081,.F.);
#1081 = EDGE_CURVE('',#1082,#1075,#1084,.T.);
#1082 = VERTEX_POINT('',#1083);
#1083 = CARTESIAN_POINT('',(-11.43002286004,59.59,49.000099060198));
#1084 = B_SPLINE_CURVE_WITH_KNOTS('',1,(#1085,#1086),.UNSPECIFIED.,.F.,
  .F.,(2,2),(0.,1.),.PIECEWISE_BEZIER_KNOTS.);
#1085 = CARTESIAN_POINT('',(-11.43002286004,59.59,49.000099075438));
#1086 = CARTESIAN_POINT('',(-11.43002286004,59.59,47.700093980188));
#1087 = ORIENTED_EDGE('',*,*,#1088,.T.);
#1088 = EDGE_CURVE('',#1082,#1089,#1091,.T.);
#1089 = VERTEX_POINT('',#1090);
#1090 = CARTESIAN_POINT('',(-38.48,59.59,49.000099060198));
#1091 = LINE('',#1092,#1093);
#1092 = CARTESIAN_POINT('',(-68.37109664719,59.59,49.000099060198));
#1093 = VECTOR('',#1094,1.);
#1094 = DIRECTION('',(-1.,-0.,0.));
#1095 = ORIENTED_EDGE('',*,*,#1096,.T.);
#1096 = EDGE_CURVE('',#1089,#331,#1097,.T.);
#1097 = LINE('',#1098,#1099);
#1098 = CARTESIAN_POINT('',(-38.48,59.59,27.000066040132));
#1099 = VECTOR('',#1100,1.);
#1100 = DIRECTION('',(0.,0.,1.));
#1101 = ORIENTED_EDGE('',*,*,#328,.F.);
#1102 = PLANE('',#1103);
#1103 = AXIS2_PLACEMENT_3D('',#1104,#1105,#1106);
#1104 = CARTESIAN_POINT('',(-38.48,59.59,27.000066040132));
#1105 = DIRECTION('',(-0.,1.,0.));
#1106 = DIRECTION('',(0.,0.,1.));
#1107 = ADVANCED_FACE('',(#1108),#1125,.F.);
#1108 = FACE_BOUND('',#1109,.F.);
#1109 = EDGE_LOOP('',(#1110,#1111,#1118,#1124));
#1110 = ORIENTED_EDGE('',*,*,#1066,.F.);
#1111 = ORIENTED_EDGE('',*,*,#1112,.T.);
#1112 = EDGE_CURVE('',#1067,#1113,#1115,.T.);
#1113 = VERTEX_POINT('',#1114);
#1114 = CARTESIAN_POINT('',(-11.43,76.59,47.700093980188));
#1115 = B_SPLINE_CURVE_WITH_KNOTS('',1,(#1116,#1117),.UNSPECIFIED.,.F.,
  .F.,(2,2),(0.,1.),.PIECEWISE_BEZIER_KNOTS.);
#1116 = CARTESIAN_POINT('',(-11.43,59.59,47.700093980188));
#1117 = CARTESIAN_POINT('',(-11.43,76.59,47.700093980188));
#1118 = ORIENTED_EDGE('',*,*,#1119,.T.);
#1119 = EDGE_CURVE('',#1113,#347,#1120,.T.);
#1120 = LINE('',#1121,#1122);
#1121 = CARTESIAN_POINT('',(-11.43,76.59,27.000066040132));
#1122 = VECTOR('',#1123,1.);
#1123 = DIRECTION('',(0.,0.,1.));
#1124 = ORIENTED_EDGE('',*,*,#354,.F.);
#1125 = PLANE('',#1126);
#1126 = AXIS2_PLACEMENT_3D('',#1127,#1128,#1129);
#1127 = CARTESIAN_POINT('',(-11.43,59.59,27.000066040132));
#1128 = DIRECTION('',(1.,0.,-0.));
#1129 = DIRECTION('',(0.,0.,1.));
#1130 = ADVANCED_FACE('',(#1131),#1163,.T.);
#1131 = FACE_BOUND('',#1132,.T.);
#1132 = EDGE_LOOP('',(#1133,#1134,#1142,#1149,#1156,#1162));
#1133 = ORIENTED_EDGE('',*,*,#1096,.F.);
#1134 = ORIENTED_EDGE('',*,*,#1135,.T.);
#1135 = EDGE_CURVE('',#1089,#1136,#1138,.T.);
#1136 = VERTEX_POINT('',#1137);
#1137 = CARTESIAN_POINT('',(-38.48,76.587005334011,49.000099060198));
#1138 = LINE('',#1139,#1140);
#1139 = CARTESIAN_POINT('',(-38.48,13.55696913894,49.000099060198));
#1140 = VECTOR('',#1141,1.);
#1141 = DIRECTION('',(-0.,1.,0.));
#1142 = ORIENTED_EDGE('',*,*,#1143,.T.);
#1143 = EDGE_CURVE('',#1136,#1144,#1146,.T.);
#1144 = VERTEX_POINT('',#1145);
#1145 = CARTESIAN_POINT('',(-38.48,76.587005334011,47.700093980188));
#1146 = B_SPLINE_CURVE_WITH_KNOTS('',1,(#1147,#1148),.UNSPECIFIED.,.F.,
  .F.,(2,2),(0.,1.),.PIECEWISE_BEZIER_KNOTS.);
#1147 = CARTESIAN_POINT('',(-38.48,76.587005334011,49.000099075438));
#1148 = CARTESIAN_POINT('',(-38.48,76.587005334011,47.700093980188));
#1149 = ORIENTED_EDGE('',*,*,#1150,.T.);
#1150 = EDGE_CURVE('',#1144,#1151,#1153,.T.);
#1151 = VERTEX_POINT('',#1152);
#1152 = CARTESIAN_POINT('',(-38.48,76.59,47.700093980188));
#1153 = B_SPLINE_CURVE_WITH_KNOTS('',1,(#1154,#1155),.UNSPECIFIED.,.F.,
  .F.,(2,2),(0.,1.),.PIECEWISE_BEZIER_KNOTS.);
#1154 = CARTESIAN_POINT('',(-38.48,59.59,47.700093980188));
#1155 = CARTESIAN_POINT('',(-38.48,76.59,47.700093980188));
#1156 = ORIENTED_EDGE('',*,*,#1157,.T.);
#1157 = EDGE_CURVE('',#1151,#339,#1158,.T.);
#1158 = LINE('',#1159,#1160);
#1159 = CARTESIAN_POINT('',(-38.48,76.59,27.000066040132));
#1160 = VECTOR('',#1161,1.);
#1161 = DIRECTION('',(0.,0.,1.));
#1162 = ORIENTED_EDGE('',*,*,#338,.F.);
#1163 = PLANE('',#1164);
#1164 = AXIS2_PLACEMENT_3D('',#1165,#1166,#1167);
#1165 = CARTESIAN_POINT('',(-38.48,59.59,27.000066040132));
#1166 = DIRECTION('',(1.,0.,-0.));
#1167 = DIRECTION('',(0.,0.,1.));
#1168 = ADVANCED_FACE('',(#1169),#1179,.F.);
#1169 = FACE_BOUND('',#1170,.F.);
#1170 = EDGE_LOOP('',(#1171,#1172,#1177,#1178));
#1171 = ORIENTED_EDGE('',*,*,#1119,.F.);
#1172 = ORIENTED_EDGE('',*,*,#1173,.F.);
#1173 = EDGE_CURVE('',#1151,#1113,#1174,.T.);
#1174 = B_SPLINE_CURVE_WITH_KNOTS('',1,(#1175,#1176),.UNSPECIFIED.,.F.,
  .F.,(2,2),(0.,1.),.PIECEWISE_BEZIER_KNOTS.);
#1175 = CARTESIAN_POINT('',(-38.48,76.59,47.700093980188));
#1176 = CARTESIAN_POINT('',(-11.43,76.59,47.700093980188));
#1177 = ORIENTED_EDGE('',*,*,#1157,.T.);
#1178 = ORIENTED_EDGE('',*,*,#346,.F.);
#1179 = PLANE('',#1180);
#1180 = AXIS2_PLACEMENT_3D('',#1181,#1182,#1183);
#1181 = CARTESIAN_POINT('',(-38.48,76.59,27.000066040132));
#1182 = DIRECTION('',(-0.,1.,0.));
#1183 = DIRECTION('',(0.,0.,1.));
#1184 = ADVANCED_FACE('',(#1185,#1191),#1202,.F.);
#1185 = FACE_BOUND('',#1186,.F.);
#1186 = EDGE_LOOP('',(#1187,#1188,#1189,#1190));
#1187 = ORIENTED_EDGE('',*,*,#376,.F.);
#1188 = ORIENTED_EDGE('',*,*,#423,.T.);
#1189 = ORIENTED_EDGE('',*,*,#448,.T.);
#1190 = ORIENTED_EDGE('',*,*,#399,.F.);
#1191 = FACE_BOUND('',#1192,.F.);
#1192 = EDGE_LOOP('',(#1193,#1194,#1195,#1201));
#1193 = ORIENTED_EDGE('',*,*,#484,.F.);
#1194 = ORIENTED_EDGE('',*,*,#601,.T.);
#1195 = ORIENTED_EDGE('',*,*,#1196,.T.);
#1196 = EDGE_CURVE('',#602,#517,#1197,.T.);
#1197 = LINE('',#1198,#1199);
#1198 = CARTESIAN_POINT('',(-98.262,97.12,32.));
#1199 = VECTOR('',#1200,1.);
#1200 = DIRECTION('',(1.,0.,-0.));
#1201 = ORIENTED_EDGE('',*,*,#516,.F.);
#1202 = PLANE('',#1203);
#1203 = AXIS2_PLACEMENT_3D('',#1204,#1205,#1206);
#1204 = CARTESIAN_POINT('',(-98.762,-32.98,32.));
#1205 = DIRECTION('',(0.,0.,1.));
#1206 = DIRECTION('',(1.,0.,-0.));
#1207 = ADVANCED_FACE('',(#1208),#1234,.T.);
#1208 = FACE_BOUND('',#1209,.T.);
#1209 = EDGE_LOOP('',(#1210,#1218,#1219,#1227));
#1210 = ORIENTED_EDGE('',*,*,#1211,.F.);
#1211 = EDGE_CURVE('',#459,#1212,#1214,.T.);
#1212 = VERTEX_POINT('',#1213);
#1213 = CARTESIAN_POINT('',(5.42,31.774564394268,33.25));
#1214 = LINE('',#1215,#1216);
#1215 = CARTESIAN_POINT('',(-2.58,31.774564394268,33.25));
#1216 = VECTOR('',#1217,1.);
#1217 = DIRECTION('',(1.,0.,0.));
#1218 = ORIENTED_EDGE('',*,*,#458,.T.);
#1219 = ORIENTED_EDGE('',*,*,#1220,.T.);
#1220 = EDGE_CURVE('',#461,#1221,#1223,.T.);
#1221 = VERTEX_POINT('',#1222);
#1222 = CARTESIAN_POINT('',(5.42,32.865435605732,33.25));
#1223 = LINE('',#1224,#1225);
#1224 = CARTESIAN_POINT('',(-2.58,32.865435605732,33.25));
#1225 = VECTOR('',#1226,1.);
#1226 = DIRECTION('',(1.,0.,0.));
#1227 = ORIENTED_EDGE('',*,*,#1228,.F.);
#1228 = EDGE_CURVE('',#1212,#1221,#1229,.T.);
#1229 = CIRCLE('',#1230,0.6);
#1230 = AXIS2_PLACEMENT_3D('',#1231,#1232,#1233);
#1231 = CARTESIAN_POINT('',(5.42,32.32,33.));
#1232 = DIRECTION('',(1.,0.,0.));
#1233 = DIRECTION('',(-0.,0.,1.));
#1234 = CYLINDRICAL_SURFACE('',#1235,0.6);
#1235 = AXIS2_PLACEMENT_3D('',#1236,#1237,#1238);
#1236 = CARTESIAN_POINT('',(-2.58,32.32,33.));
#1237 = DIRECTION('',(1.,0.,0.));
#1238 = DIRECTION('',(-0.,0.,1.));
#1239 = ADVANCED_FACE('',(#1240),#1252,.F.);
#1240 = FACE_BOUND('',#1241,.F.);
#1241 = EDGE_LOOP('',(#1242,#1249,#1250,#1251));
#1242 = ORIENTED_EDGE('',*,*,#1243,.F.);
#1243 = EDGE_CURVE('',#1212,#1221,#1244,.T.);
#1244 = CIRCLE('',#1245,0.6);
#1245 = AXIS2_PLACEMENT_3D('',#1246,#1247,#1248);
#1246 = CARTESIAN_POINT('',(5.42,32.32,33.5));
#1247 = DIRECTION('',(1.,0.,0.));
#1248 = DIRECTION('',(-0.,0.,1.));
#1249 = ORIENTED_EDGE('',*,*,#1211,.F.);
#1250 = ORIENTED_EDGE('',*,*,#469,.T.);
#1251 = ORIENTED_EDGE('',*,*,#1220,.T.);
#1252 = CYLINDRICAL_SURFACE('',#1253,0.6);
#1253 = AXIS2_PLACEMENT_3D('',#1254,#1255,#1256);
#1254 = CARTESIAN_POINT('',(-2.58,32.32,33.5));
#1255 = DIRECTION('',(1.,0.,0.));
#1256 = DIRECTION('',(-0.,0.,1.));
#1257 = ADVANCED_FACE('',(#1258,#1269),#1303,.F.);
#1258 = FACE_BOUND('',#1259,.F.);
#1259 = EDGE_LOOP('',(#1260,#1261,#1262,#1263));
#1260 = ORIENTED_EDGE('',*,*,#617,.F.);
#1261 = ORIENTED_EDGE('',*,*,#641,.F.);
#1262 = ORIENTED_EDGE('',*,*,#532,.T.);
#1263 = ORIENTED_EDGE('',*,*,#1264,.T.);
#1264 = EDGE_CURVE('',#525,#610,#1265,.T.);
#1265 = LINE('',#1266,#1267);
#1266 = CARTESIAN_POINT('',(-99.262,97.12,32.01));
#1267 = VECTOR('',#1268,1.);
#1268 = DIRECTION('',(-1.,-0.,0.));
#1269 = FACE_BOUND('',#1270,.F.);
#1270 = EDGE_LOOP('',(#1271,#1281,#1289,#1297));
#1271 = ORIENTED_EDGE('',*,*,#1272,.T.);
#1272 = EDGE_CURVE('',#1273,#1275,#1277,.T.);
#1273 = VERTEX_POINT('',#1274);
#1274 = CARTESIAN_POINT('',(3.667,-31.23,32.01));
#1275 = VERTEX_POINT('',#1276);
#1276 = CARTESIAN_POINT('',(-97.012,-31.23,32.01));
#1277 = LINE('',#1278,#1279);
#1278 = CARTESIAN_POINT('',(-98.637,-31.23,32.01));
#1279 = VECTOR('',#1280,1.);
#1280 = DIRECTION('',(-1.,-0.,0.));
#1281 = ORIENTED_EDGE('',*,*,#1282,.T.);
#1282 = EDGE_CURVE('',#1275,#1283,#1285,.T.);
#1283 = VERTEX_POINT('',#1284);
#1284 = CARTESIAN_POINT('',(-97.012,95.87,32.01));
#1285 = LINE('',#1286,#1287);
#1286 = CARTESIAN_POINT('',(-97.012,-32.855,32.01));
#1287 = VECTOR('',#1288,1.);
#1288 = DIRECTION('',(-0.,1.,0.));
#1289 = ORIENTED_EDGE('',*,*,#1290,.F.);
#1290 = EDGE_CURVE('',#1291,#1283,#1293,.T.);
#1291 = VERTEX_POINT('',#1292);
#1292 = CARTESIAN_POINT('',(3.667,95.87,32.01));
#1293 = LINE('',#1294,#1295);
#1294 = CARTESIAN_POINT('',(-98.637,95.87,32.01));
#1295 = VECTOR('',#1296,1.);
#1296 = DIRECTION('',(-1.,-0.,0.));
#1297 = ORIENTED_EDGE('',*,*,#1298,.F.);
#1298 = EDGE_CURVE('',#1273,#1291,#1299,.T.);
#1299 = LINE('',#1300,#1301);
#1300 = CARTESIAN_POINT('',(3.667,-32.855,32.01));
#1301 = VECTOR('',#1302,1.);
#1302 = DIRECTION('',(-0.,1.,0.));
#1303 = PLANE('',#1304);
#1304 = AXIS2_PLACEMENT_3D('',#1305,#1306,#1307);
#1305 = CARTESIAN_POINT('',(-100.262,-34.48,32.01));
#1306 = DIRECTION('',(0.,0.,1.));
#1307 = DIRECTION('',(1.,0.,-0.));
#1308 = ADVANCED_FACE('',(#1309),#1315,.F.);
#1309 = FACE_BOUND('',#1310,.F.);
#1310 = EDGE_LOOP('',(#1311,#1312,#1313,#1314));
#1311 = ORIENTED_EDGE('',*,*,#1196,.F.);
#1312 = ORIENTED_EDGE('',*,*,#609,.T.);
#1313 = ORIENTED_EDGE('',*,*,#1264,.F.);
#1314 = ORIENTED_EDGE('',*,*,#524,.F.);
#1315 = PLANE('',#1316);
#1316 = AXIS2_PLACEMENT_3D('',#1317,#1318,#1319);
#1317 = CARTESIAN_POINT('',(-98.262,97.12,32.));
#1318 = DIRECTION('',(-0.,1.,0.));
#1319 = DIRECTION('',(0.,0.,1.));
#1320 = ADVANCED_FACE('',(#1321,#1327),#1361,.T.);
#1321 = FACE_BOUND('',#1322,.T.);
#1322 = EDGE_LOOP('',(#1323,#1324,#1325,#1326));
#1323 = ORIENTED_EDGE('',*,*,#665,.F.);
#1324 = ORIENTED_EDGE('',*,*,#681,.T.);
#1325 = ORIENTED_EDGE('',*,*,#706,.T.);
#1326 = ORIENTED_EDGE('',*,*,#586,.T.);
#1327 = FACE_BOUND('',#1328,.T.);
#1328 = EDGE_LOOP('',(#1329,#1339,#1347,#1355));
#1329 = ORIENTED_EDGE('',*,*,#1330,.F.);
#1330 = EDGE_CURVE('',#1331,#1333,#1335,.T.);
#1331 = VERTEX_POINT('',#1332);
#1332 = CARTESIAN_POINT('',(-71.26219329438,71.141652449756,
    50.000099060198));
#1333 = VERTEX_POINT('',#1334);
#1334 = CARTESIAN_POINT('',(-55.26219329438,71.141652449756,
    50.000099060198));
#1335 = LINE('',#1336,#1337);
#1336 = CARTESIAN_POINT('',(-71.76219329438,71.141652449756,
    50.000099060198));
#1337 = VECTOR('',#1338,1.);
#1338 = DIRECTION('',(1.,0.,-0.));
#1339 = ORIENTED_EDGE('',*,*,#1340,.F.);
#1340 = EDGE_CURVE('',#1341,#1331,#1343,.T.);
#1341 = VERTEX_POINT('',#1342);
#1342 = CARTESIAN_POINT('',(-71.26219329438,85.141652449756,
    50.000099060198));
#1343 = LINE('',#1344,#1345);
#1344 = CARTESIAN_POINT('',(-71.26219329438,70.641652449756,
    50.000099060198));
#1345 = VECTOR('',#1346,1.);
#1346 = DIRECTION('',(0.,-1.,0.));
#1347 = ORIENTED_EDGE('',*,*,#1348,.T.);
#1348 = EDGE_CURVE('',#1341,#1349,#1351,.T.);
#1349 = VERTEX_POINT('',#1350);
#1350 = CARTESIAN_POINT('',(-55.26219329438,85.141652449756,
    50.000099060198));
#1351 = LINE('',#1352,#1353);
#1352 = CARTESIAN_POINT('',(-71.76219329438,85.141652449756,
    50.000099060198));
#1353 = VECTOR('',#1354,1.);
#1354 = DIRECTION('',(1.,0.,-0.));
#1355 = ORIENTED_EDGE('',*,*,#1356,.T.);
#1356 = EDGE_CURVE('',#1349,#1333,#1357,.T.);
#1357 = LINE('',#1358,#1359);
#1358 = CARTESIAN_POINT('',(-55.26219329438,70.641652449756,
    50.000099060198));
#1359 = VECTOR('',#1360,1.);
#1360 = DIRECTION('',(0.,-1.,0.));
#1361 = PLANE('',#1362);
#1362 = AXIS2_PLACEMENT_3D('',#1363,#1364,#1365);
#1363 = CARTESIAN_POINT('',(-72.26219329438,70.141652449756,
    50.000099060198));
#1364 = DIRECTION('',(0.,0.,1.));
#1365 = DIRECTION('',(1.,0.,-0.));
#1366 = ADVANCED_FACE('',(#1367,#1397),#1429,.T.);
#1367 = FACE_BOUND('',#1368,.T.);
#1368 = EDGE_LOOP('',(#1369,#1378,#1385,#1392));
#1369 = ORIENTED_EDGE('',*,*,#1370,.T.);
#1370 = EDGE_CURVE('',#1371,#1373,#1375,.T.);
#1371 = VERTEX_POINT('',#1372);
#1372 = CARTESIAN_POINT('',(-91.82118364236,-3.556007112014,
    45.000088900178));
#1373 = VERTEX_POINT('',#1374);
#1374 = CARTESIAN_POINT('',(-91.82118364236,39.116078232156,
    45.000088900178));
#1375 = B_SPLINE_CURVE_WITH_KNOTS('',1,(#1376,#1377),.UNSPECIFIED.,.F.,
  .F.,(2,2),(0.,1.68E+03),.PIECEWISE_BEZIER_KNOTS.);
#1376 = CARTESIAN_POINT('',(-91.82118364236,-3.556007112014,
    45.000088900178));
#1377 = CARTESIAN_POINT('',(-91.82118364236,39.116078232156,
    45.000088900178));
#1378 = ORIENTED_EDGE('',*,*,#1379,.T.);
#1379 = EDGE_CURVE('',#1373,#1380,#1382,.T.);
#1380 = VERTEX_POINT('',#1381);
#1381 = CARTESIAN_POINT('',(-1.651003302007,39.116078232156,
    45.000088900178));
#1382 = B_SPLINE_CURVE_WITH_KNOTS('',1,(#1383,#1384),.UNSPECIFIED.,.F.,
  .F.,(2,2),(0.,3.55E+03),.PIECEWISE_BEZIER_KNOTS.);
#1383 = CARTESIAN_POINT('',(-91.82118364236,39.116078232156,
    45.000088900178));
#1384 = CARTESIAN_POINT('',(-1.651003302007,39.116078232156,
    45.000088900178));
#1385 = ORIENTED_EDGE('',*,*,#1386,.T.);
#1386 = EDGE_CURVE('',#1380,#1387,#1389,.T.);
#1387 = VERTEX_POINT('',#1388);
#1388 = CARTESIAN_POINT('',(-1.651003302007,-3.556007112014,
    45.000088900178));
#1389 = B_SPLINE_CURVE_WITH_KNOTS('',1,(#1390,#1391),.UNSPECIFIED.,.F.,
  .F.,(2,2),(0.,1.68E+03),.PIECEWISE_BEZIER_KNOTS.);
#1390 = CARTESIAN_POINT('',(-1.651003302007,39.116078232156,
    45.000088900178));
#1391 = CARTESIAN_POINT('',(-1.651003302007,-3.556007112014,
    45.000088900178));
#1392 = ORIENTED_EDGE('',*,*,#1393,.T.);
#1393 = EDGE_CURVE('',#1387,#1371,#1394,.T.);
#1394 = B_SPLINE_CURVE_WITH_KNOTS('',1,(#1395,#1396),.UNSPECIFIED.,.F.,
  .F.,(2,2),(0.,3.55E+03),.PIECEWISE_BEZIER_KNOTS.);
#1395 = CARTESIAN_POINT('',(-1.651003302007,-3.556007112014,
    45.000088900178));
#1396 = CARTESIAN_POINT('',(-91.82118364236,-3.556007112014,
    45.000088900178));
#1397 = FACE_BOUND('',#1398,.T.);
#1398 = EDGE_LOOP('',(#1399,#1408,#1415,#1420,#1421,#1422,#1423,#1424));
#1399 = ORIENTED_EDGE('',*,*,#1400,.F.);
#1400 = EDGE_CURVE('',#1401,#1403,#1405,.T.);
#1401 = VERTEX_POINT('',#1402);
#1402 = CARTESIAN_POINT('',(-88.90017780035,0.127000254001,
    45.000088900178));
#1403 = VERTEX_POINT('',#1404);
#1404 = CARTESIAN_POINT('',(-88.90017780035,35.306070612141,
    45.000088900178));
#1405 = B_SPLINE_CURVE_WITH_KNOTS('',1,(#1406,#1407),.UNSPECIFIED.,.F.,
  .F.,(2,2),(-347.5,1.0375E+03),.PIECEWISE_BEZIER_KNOTS.);
#1406 = CARTESIAN_POINT('',(-88.90017780035,0.127000254001,
    45.000088900178));
#1407 = CARTESIAN_POINT('',(-88.90017780035,35.306070612141,
    45.000088900178));
#1408 = ORIENTED_EDGE('',*,*,#1409,.F.);
#1409 = EDGE_CURVE('',#1410,#1401,#1412,.T.);
#1410 = VERTEX_POINT('',#1411);
#1411 = CARTESIAN_POINT('',(-4.634805689611,0.127000254001,
    45.000088900178));
#1412 = B_SPLINE_CURVE_WITH_KNOTS('',1,(#1413,#1414),.UNSPECIFIED.,.F.,
  .F.,(2,2),(-828.76385,2.48876385E+03),.PIECEWISE_BEZIER_KNOTS.);
#1413 = CARTESIAN_POINT('',(-4.634805689611,0.127000254001,
    45.000088900178));
#1414 = CARTESIAN_POINT('',(-88.90017780035,0.127000254001,
    45.000088900178));
#1415 = ORIENTED_EDGE('',*,*,#1416,.F.);
#1416 = EDGE_CURVE('',#731,#1410,#1417,.T.);
#1417 = B_SPLINE_CURVE_WITH_KNOTS('',1,(#1418,#1419),.UNSPECIFIED.,.F.,
  .F.,(2,2),(-345.,1.04E+03),.PIECEWISE_BEZIER_KNOTS.);
#1418 = CARTESIAN_POINT('',(-4.634805689611,35.306070612141,
    45.000088900178));
#1419 = CARTESIAN_POINT('',(-4.634805689611,0.127000254001,
    45.000088900178));
#1420 = ORIENTED_EDGE('',*,*,#730,.T.);
#1421 = ORIENTED_EDGE('',*,*,#768,.T.);
#1422 = ORIENTED_EDGE('',*,*,#829,.F.);
#1423 = ORIENTED_EDGE('',*,*,#806,.F.);
#1424 = ORIENTED_EDGE('',*,*,#1425,.F.);
#1425 = EDGE_CURVE('',#1403,#800,#1426,.T.);
#1426 = B_SPLINE_CURVE_WITH_KNOTS('',1,(#1427,#1428),.UNSPECIFIED.,.F.,
  .F.,(2,2),(-830.,2.4875277E+03),.PIECEWISE_BEZIER_KNOTS.);
#1427 = CARTESIAN_POINT('',(-88.90017780035,35.306070612141,
    45.000088900178));
#1428 = CARTESIAN_POINT('',(-4.634805689611,35.306070612141,
    45.000088900178));
#1429 = B_SPLINE_SURFACE_WITH_KNOTS('',1,1,(
    (#1430,#1431)
    ,(#1432,#1433
    )),.UNSPECIFIED.,.F.,.F.,.F.,(2,2),(2,2),(-1.775E+03,1.775E+03),(
    -840.,840.),.PIECEWISE_BEZIER_KNOTS.);
#1430 = CARTESIAN_POINT('',(-1.651003302007,-3.556007112014,
    45.000088900178));
#1431 = CARTESIAN_POINT('',(-1.651003302007,39.116078232156,
    45.000088900178));
#1432 = CARTESIAN_POINT('',(-91.82118364236,-3.556007112014,
    45.000088900178));
#1433 = CARTESIAN_POINT('',(-91.82118364236,39.116078232156,
    45.000088900178));
#1434 = ADVANCED_FACE('',(#1435),#1451,.F.);
#1435 = FACE_BOUND('',#1436,.F.);
#1436 = EDGE_LOOP('',(#1437,#1444,#1445,#1446));
#1437 = ORIENTED_EDGE('',*,*,#1438,.F.);
#1438 = EDGE_CURVE('',#1410,#1439,#1441,.T.);
#1439 = VERTEX_POINT('',#1440);
#1440 = CARTESIAN_POINT('',(-4.634805689611,0.127000254001,
    49.000099060198));
#1441 = B_SPLINE_CURVE_WITH_KNOTS('',1,(#1442,#1443),.UNSPECIFIED.,.F.,
  .F.,(2,2),(0.,196.8504),.PIECEWISE_BEZIER_KNOTS.);
#1442 = CARTESIAN_POINT('',(-4.634805689611,0.127000254001,
    45.000088900178));
#1443 = CARTESIAN_POINT('',(-4.634805689611,0.127000254001,
    50.000099060198));
#1444 = ORIENTED_EDGE('',*,*,#1416,.F.);
#1445 = ORIENTED_EDGE('',*,*,#737,.F.);
#1446 = ORIENTED_EDGE('',*,*,#1447,.F.);
#1447 = EDGE_CURVE('',#1439,#738,#1448,.T.);
#1448 = B_SPLINE_CURVE_WITH_KNOTS('',1,(#1449,#1450),.UNSPECIFIED.,.F.,
  .F.,(2,2),(0.,1.),.PIECEWISE_BEZIER_KNOTS.);
#1449 = CARTESIAN_POINT('',(-4.634805689611,0.127000254001,
    49.000099060198));
#1450 = CARTESIAN_POINT('',(-4.634805689611,35.306070612141,
    49.000099060198));
#1451 = B_SPLINE_SURFACE_WITH_KNOTS('',1,1,(
    (#1452,#1453)
    ,(#1454,#1455
  )),.UNSPECIFIED.,.F.,.F.,.F.,(2,2),(2,2),(0.,1.385E+03),(-590.55,
    -393.6996),.PIECEWISE_BEZIER_KNOTS.);
#1452 = CARTESIAN_POINT('',(-4.634805689611,35.306070612141,
    50.000099060198));
#1453 = CARTESIAN_POINT('',(-4.634805689611,35.306070612141,
    45.000088900178));
#1454 = CARTESIAN_POINT('',(-4.634805689611,0.127000254001,
    50.000099060198));
#1455 = CARTESIAN_POINT('',(-4.634805689611,0.127000254001,
    45.000088900178));
#1456 = ADVANCED_FACE('',(#1457),#1481,.F.);
#1457 = FACE_BOUND('',#1458,.F.);
#1458 = EDGE_LOOP('',(#1459,#1460,#1467,#1474,#1479,#1480));
#1459 = ORIENTED_EDGE('',*,*,#791,.T.);
#1460 = ORIENTED_EDGE('',*,*,#1461,.T.);
#1461 = EDGE_CURVE('',#792,#1462,#1464,.T.);
#1462 = VERTEX_POINT('',#1463);
#1463 = CARTESIAN_POINT('',(-88.90017780035,35.306070612141,
    49.000099060198));
#1464 = B_SPLINE_CURVE_WITH_KNOTS('',1,(#1465,#1466),.UNSPECIFIED.,.F.,
  .F.,(2,2),(0.,1.),.PIECEWISE_BEZIER_KNOTS.);
#1465 = CARTESIAN_POINT('',(-4.634805689611,35.306070612141,
    49.000099060198));
#1466 = CARTESIAN_POINT('',(-88.90017780035,35.306070612141,
    49.000099060198));
#1467 = ORIENTED_EDGE('',*,*,#1468,.T.);
#1468 = EDGE_CURVE('',#1462,#1469,#1471,.T.);
#1469 = VERTEX_POINT('',#1470);
#1470 = CARTESIAN_POINT('',(-88.90017780035,0.127000254001,
    49.000099060198));
#1471 = B_SPLINE_CURVE_WITH_KNOTS('',1,(#1472,#1473),.UNSPECIFIED.,.F.,
  .F.,(2,2),(0.,1.),.PIECEWISE_BEZIER_KNOTS.);
#1472 = CARTESIAN_POINT('',(-88.90017780035,35.306070612141,
    49.000099060198));
#1473 = CARTESIAN_POINT('',(-88.90017780035,0.127000254001,
    49.000099060198));
#1474 = ORIENTED_EDGE('',*,*,#1475,.T.);
#1475 = EDGE_CURVE('',#1469,#1439,#1476,.T.);
#1476 = B_SPLINE_CURVE_WITH_KNOTS('',1,(#1477,#1478),.UNSPECIFIED.,.F.,
  .F.,(2,2),(0.,1.),.PIECEWISE_BEZIER_KNOTS.);
#1477 = CARTESIAN_POINT('',(-88.90017780035,0.127000254001,
    49.000099060198));
#1478 = CARTESIAN_POINT('',(-4.634805689611,0.127000254001,
    49.000099060198));
#1479 = ORIENTED_EDGE('',*,*,#1447,.T.);
#1480 = ORIENTED_EDGE('',*,*,#744,.T.);
#1481 = PLANE('',#1482);
#1482 = AXIS2_PLACEMENT_3D('',#1483,#1484,#1485);
#1483 = CARTESIAN_POINT('',(-98.26219329438,-32.47606172212,
    49.000099060198));
#1484 = DIRECTION('',(0.,0.,1.));
#1485 = DIRECTION('',(1.,0.,-0.));
#1486 = ADVANCED_FACE('',(#1487),#1497,.F.);
#1487 = FACE_BOUND('',#1488,.F.);
#1488 = EDGE_LOOP('',(#1489,#1490,#1491,#1496));
#1489 = ORIENTED_EDGE('',*,*,#799,.T.);
#1490 = ORIENTED_EDGE('',*,*,#1425,.F.);
#1491 = ORIENTED_EDGE('',*,*,#1492,.T.);
#1492 = EDGE_CURVE('',#1403,#1462,#1493,.T.);
#1493 = B_SPLINE_CURVE_WITH_KNOTS('',1,(#1494,#1495),.UNSPECIFIED.,.F.,
  .F.,(2,2),(0.,196.8504),.PIECEWISE_BEZIER_KNOTS.);
#1494 = CARTESIAN_POINT('',(-88.90017780035,35.306070612141,
    45.000088900178));
#1495 = CARTESIAN_POINT('',(-88.90017780035,35.306070612141,
    50.000099060198));
#1496 = ORIENTED_EDGE('',*,*,#1461,.F.);
#1497 = B_SPLINE_SURFACE_WITH_KNOTS('',1,1,(
    (#1498,#1499)
    ,(#1500,#1501
    )),.UNSPECIFIED.,.F.,.F.,.F.,(2,2),(2,2),(0.,3.3175277E+03),(-590.55
    ,-393.6996),.PIECEWISE_BEZIER_KNOTS.);
#1498 = CARTESIAN_POINT('',(-88.90017780035,35.306070612141,
    50.000099060198));
#1499 = CARTESIAN_POINT('',(-88.90017780035,35.306070612141,
    45.000088900178));
#1500 = CARTESIAN_POINT('',(-4.634805689611,35.306070612141,
    50.000099060198));
#1501 = CARTESIAN_POINT('',(-4.634805689611,35.306070612141,
    45.000088900178));
#1502 = ADVANCED_FACE('',(#1503,#1533),#1565,.T.);
#1503 = FACE_BOUND('',#1504,.T.);
#1504 = EDGE_LOOP('',(#1505,#1514,#1521,#1528));
#1505 = ORIENTED_EDGE('',*,*,#1506,.T.);
#1506 = EDGE_CURVE('',#1507,#1509,#1511,.T.);
#1507 = VERTEX_POINT('',#1508);
#1508 = CARTESIAN_POINT('',(-92.58318516637,48.006096012192,
    45.000088900178));
#1509 = VERTEX_POINT('',#1510);
#1510 = CARTESIAN_POINT('',(-92.58318516637,71.247142494285,
    45.000088900178));
#1511 = B_SPLINE_CURVE_WITH_KNOTS('',1,(#1512,#1513),.UNSPECIFIED.,.F.,
  .F.,(2,2),(0.,915.),.PIECEWISE_BEZIER_KNOTS.);
#1512 = CARTESIAN_POINT('',(-92.58318516637,48.006096012192,
    45.000088900178));
#1513 = CARTESIAN_POINT('',(-92.58318516637,71.247142494285,
    45.000088900178));
#1514 = ORIENTED_EDGE('',*,*,#1515,.T.);
#1515 = EDGE_CURVE('',#1509,#1516,#1518,.T.);
#1516 = VERTEX_POINT('',#1517);
#1517 = CARTESIAN_POINT('',(-78.23215646431,71.247142494285,
    45.000088900178));
#1518 = B_SPLINE_CURVE_WITH_KNOTS('',1,(#1519,#1520),.UNSPECIFIED.,.F.,
  .F.,(2,2),(0.,565.),.PIECEWISE_BEZIER_KNOTS.);
#1519 = CARTESIAN_POINT('',(-92.58318516637,71.247142494285,
    45.000088900178));
#1520 = CARTESIAN_POINT('',(-78.23215646431,71.247142494285,
    45.000088900178));
#1521 = ORIENTED_EDGE('',*,*,#1522,.T.);
#1522 = EDGE_CURVE('',#1516,#1523,#1525,.T.);
#1523 = VERTEX_POINT('',#1524);
#1524 = CARTESIAN_POINT('',(-78.23215646431,48.006096012192,
    45.000088900178));
#1525 = B_SPLINE_CURVE_WITH_KNOTS('',1,(#1526,#1527),.UNSPECIFIED.,.F.,
  .F.,(2,2),(0.,915.),.PIECEWISE_BEZIER_KNOTS.);
#1526 = CARTESIAN_POINT('',(-78.23215646431,71.247142494285,
    45.000088900178));
#1527 = CARTESIAN_POINT('',(-78.23215646431,48.006096012192,
    45.000088900178));
#1528 = ORIENTED_EDGE('',*,*,#1529,.T.);
#1529 = EDGE_CURVE('',#1523,#1507,#1530,.T.);
#1530 = B_SPLINE_CURVE_WITH_KNOTS('',1,(#1531,#1532),.UNSPECIFIED.,.F.,
  .F.,(2,2),(0.,565.),.PIECEWISE_BEZIER_KNOTS.);
#1531 = CARTESIAN_POINT('',(-78.23215646431,48.006096012192,
    45.000088900178));
#1532 = CARTESIAN_POINT('',(-92.58318516637,48.006096012192,
    45.000088900178));
#1533 = FACE_BOUND('',#1534,.T.);
#1534 = EDGE_LOOP('',(#1535,#1544,#1549,#1550,#1551,#1552,#1553,#1560));
#1535 = ORIENTED_EDGE('',*,*,#1536,.F.);
#1536 = EDGE_CURVE('',#1537,#1539,#1541,.T.);
#1537 = VERTEX_POINT('',#1538);
#1538 = CARTESIAN_POINT('',(-90.55118110236,49.403098806198,
    45.000088900178));
#1539 = VERTEX_POINT('',#1540);
#1540 = CARTESIAN_POINT('',(-90.55118110236,69.342138684277,
    45.000088900178));
#1541 = B_SPLINE_CURVE_WITH_KNOTS('',1,(#1542,#1543),.UNSPECIFIED.,.F.,
  .F.,(2,2),(-201.25,583.75),.PIECEWISE_BEZIER_KNOTS.);
#1542 = CARTESIAN_POINT('',(-90.55118110236,49.403098806198,
    45.000088900178));
#1543 = CARTESIAN_POINT('',(-90.55118110236,69.342138684277,
    45.000088900178));
#1544 = ORIENTED_EDGE('',*,*,#1545,.F.);
#1545 = EDGE_CURVE('',#899,#1537,#1546,.T.);
#1546 = B_SPLINE_CURVE_WITH_KNOTS('',1,(#1547,#1548),.UNSPECIFIED.,.F.,
  .F.,(2,2),(-98.75,301.25),.PIECEWISE_BEZIER_KNOTS.);
#1547 = CARTESIAN_POINT('',(-80.39116078232,49.403098806198,
    45.000088900178));
#1548 = CARTESIAN_POINT('',(-90.55118110236,49.403098806198,
    45.000088900178));
#1549 = ORIENTED_EDGE('',*,*,#898,.F.);
#1550 = ORIENTED_EDGE('',*,*,#852,.T.);
#1551 = ORIENTED_EDGE('',*,*,#875,.T.);
#1552 = ORIENTED_EDGE('',*,*,#936,.F.);
#1553 = ORIENTED_EDGE('',*,*,#1554,.F.);
#1554 = EDGE_CURVE('',#1555,#937,#1557,.T.);
#1555 = VERTEX_POINT('',#1556);
#1556 = CARTESIAN_POINT('',(-80.39116078232,69.342138684277,
    45.000088900178));
#1557 = B_SPLINE_CURVE_WITH_KNOTS('',1,(#1558,#1559),.UNSPECIFIED.,.F.,
  .F.,(2,2),(-191.25,593.75),.PIECEWISE_BEZIER_KNOTS.);
#1558 = CARTESIAN_POINT('',(-80.39116078232,69.342138684277,
    45.000088900178));
#1559 = CARTESIAN_POINT('',(-80.39116078232,49.403098806198,
    45.000088900178));
#1560 = ORIENTED_EDGE('',*,*,#1561,.F.);
#1561 = EDGE_CURVE('',#1539,#1555,#1562,.T.);
#1562 = B_SPLINE_CURVE_WITH_KNOTS('',1,(#1563,#1564),.UNSPECIFIED.,.F.,
  .F.,(2,2),(-101.25,298.75),.PIECEWISE_BEZIER_KNOTS.);
#1563 = CARTESIAN_POINT('',(-90.55118110236,69.342138684277,
    45.000088900178));
#1564 = CARTESIAN_POINT('',(-80.39116078232,69.342138684277,
    45.000088900178));
#1565 = B_SPLINE_SURFACE_WITH_KNOTS('',1,1,(
    (#1566,#1567)
    ,(#1568,#1569
  )),.UNSPECIFIED.,.F.,.F.,.F.,(2,2),(2,2),(-282.5,282.5),(-457.5,457.5)
  ,.PIECEWISE_BEZIER_KNOTS.);
#1566 = CARTESIAN_POINT('',(-78.23215646431,48.006096012192,
    45.000088900178));
#1567 = CARTESIAN_POINT('',(-78.23215646431,71.247142494285,
    45.000088900178));
#1568 = CARTESIAN_POINT('',(-92.58318516637,48.006096012192,
    45.000088900178));
#1569 = CARTESIAN_POINT('',(-92.58318516637,71.247142494285,
    45.000088900178));
#1570 = ADVANCED_FACE('',(#1571),#1587,.F.);
#1571 = FACE_BOUND('',#1572,.F.);
#1572 = EDGE_LOOP('',(#1573,#1580,#1585,#1586));
#1573 = ORIENTED_EDGE('',*,*,#1574,.F.);
#1574 = EDGE_CURVE('',#1575,#906,#1577,.T.);
#1575 = VERTEX_POINT('',#1576);
#1576 = CARTESIAN_POINT('',(-90.55118110236,49.403098806198,
    49.000099060198));
#1577 = B_SPLINE_CURVE_WITH_KNOTS('',1,(#1578,#1579),.UNSPECIFIED.,.F.,
  .F.,(2,2),(0.,1.),.PIECEWISE_BEZIER_KNOTS.);
#1578 = CARTESIAN_POINT('',(-90.55118110236,49.403098806198,
    49.000099060198));
#1579 = CARTESIAN_POINT('',(-80.39116078232,49.403098806198,
    49.000099060198));
#1580 = ORIENTED_EDGE('',*,*,#1581,.T.);
#1581 = EDGE_CURVE('',#1575,#1537,#1582,.T.);
#1582 = B_SPLINE_CURVE_WITH_KNOTS('',1,(#1583,#1584),.UNSPECIFIED.,.F.,
  .F.,(2,2),(0.,196.8504),.PIECEWISE_BEZIER_KNOTS.);
#1583 = CARTESIAN_POINT('',(-90.55118110236,49.403098806198,
    50.000099060198));
#1584 = CARTESIAN_POINT('',(-90.55118110236,49.403098806198,
    45.000088900178));
#1585 = ORIENTED_EDGE('',*,*,#1545,.F.);
#1586 = ORIENTED_EDGE('',*,*,#905,.F.);
#1587 = B_SPLINE_SURFACE_WITH_KNOTS('',1,1,(
    (#1588,#1589)
    ,(#1590,#1591
    )),.UNSPECIFIED.,.F.,.F.,.F.,(2,2),(2,2),(0.,400.),(-590.55,
    -393.6996),.PIECEWISE_BEZIER_KNOTS.);
#1588 = CARTESIAN_POINT('',(-80.39116078232,49.403098806198,
    50.000099060198));
#1589 = CARTESIAN_POINT('',(-80.39116078232,49.403098806198,
    45.000088900178));
#1590 = CARTESIAN_POINT('',(-90.55118110236,49.403098806198,
    50.000099060198));
#1591 = CARTESIAN_POINT('',(-90.55118110236,49.403098806198,
    45.000088900178));
#1592 = ADVANCED_FACE('',(#1593),#1617,.F.);
#1593 = FACE_BOUND('',#1594,.F.);
#1594 = EDGE_LOOP('',(#1595,#1602,#1609,#1614,#1615,#1616));
#1595 = ORIENTED_EDGE('',*,*,#1596,.T.);
#1596 = EDGE_CURVE('',#944,#1597,#1599,.T.);
#1597 = VERTEX_POINT('',#1598);
#1598 = CARTESIAN_POINT('',(-80.39116078232,69.342138684277,
    49.000099060198));
#1599 = B_SPLINE_CURVE_WITH_KNOTS('',1,(#1600,#1601),.UNSPECIFIED.,.F.,
  .F.,(2,2),(0.,1.),.PIECEWISE_BEZIER_KNOTS.);
#1600 = CARTESIAN_POINT('',(-80.39116078232,49.403098806198,
    49.000099060198));
#1601 = CARTESIAN_POINT('',(-80.39116078232,69.342138684277,
    49.000099060198));
#1602 = ORIENTED_EDGE('',*,*,#1603,.T.);
#1603 = EDGE_CURVE('',#1597,#1604,#1606,.T.);
#1604 = VERTEX_POINT('',#1605);
#1605 = CARTESIAN_POINT('',(-90.55118110236,69.342138684277,
    49.000099060198));
#1606 = B_SPLINE_CURVE_WITH_KNOTS('',1,(#1607,#1608),.UNSPECIFIED.,.F.,
  .F.,(2,2),(0.,1.),.PIECEWISE_BEZIER_KNOTS.);
#1607 = CARTESIAN_POINT('',(-80.39116078232,69.342138684277,
    49.000099060198));
#1608 = CARTESIAN_POINT('',(-90.55118110236,69.342138684277,
    49.000099060198));
#1609 = ORIENTED_EDGE('',*,*,#1610,.T.);
#1610 = EDGE_CURVE('',#1604,#1575,#1611,.T.);
#1611 = B_SPLINE_CURVE_WITH_KNOTS('',1,(#1612,#1613),.UNSPECIFIED.,.F.,
  .F.,(2,2),(0.,1.),.PIECEWISE_BEZIER_KNOTS.);
#1612 = CARTESIAN_POINT('',(-90.55118110236,69.342138684277,
    49.000099060198));
#1613 = CARTESIAN_POINT('',(-90.55118110236,49.403098806198,
    49.000099060198));
#1614 = ORIENTED_EDGE('',*,*,#1574,.T.);
#1615 = ORIENTED_EDGE('',*,*,#912,.T.);
#1616 = ORIENTED_EDGE('',*,*,#950,.F.);
#1617 = PLANE('',#1618);
#1618 = AXIS2_PLACEMENT_3D('',#1619,#1620,#1621);
#1619 = CARTESIAN_POINT('',(-98.26219329438,-32.47606172212,
    49.000099060198));
#1620 = DIRECTION('',(0.,0.,1.));
#1621 = DIRECTION('',(1.,0.,-0.));
#1622 = ADVANCED_FACE('',(#1623),#1633,.F.);
#1623 = FACE_BOUND('',#1624,.F.);
#1624 = EDGE_LOOP('',(#1625,#1626,#1627,#1632));
#1625 = ORIENTED_EDGE('',*,*,#943,.T.);
#1626 = ORIENTED_EDGE('',*,*,#1554,.F.);
#1627 = ORIENTED_EDGE('',*,*,#1628,.T.);
#1628 = EDGE_CURVE('',#1555,#1597,#1629,.T.);
#1629 = B_SPLINE_CURVE_WITH_KNOTS('',1,(#1630,#1631),.UNSPECIFIED.,.F.,
  .F.,(2,2),(0.,196.8504),.PIECEWISE_BEZIER_KNOTS.);
#1630 = CARTESIAN_POINT('',(-80.39116078232,69.342138684277,
    45.000088900178));
#1631 = CARTESIAN_POINT('',(-80.39116078232,69.342138684277,
    50.000099060198));
#1632 = ORIENTED_EDGE('',*,*,#1596,.F.);
#1633 = B_SPLINE_SURFACE_WITH_KNOTS('',1,1,(
    (#1634,#1635)
    ,(#1636,#1637
    )),.UNSPECIFIED.,.F.,.F.,.F.,(2,2),(2,2),(0.,785.),(-590.55,
    -393.6996),.PIECEWISE_BEZIER_KNOTS.);
#1634 = CARTESIAN_POINT('',(-80.39116078232,69.342138684277,
    50.000099060198));
#1635 = CARTESIAN_POINT('',(-80.39116078232,69.342138684277,
    45.000088900178));
#1636 = CARTESIAN_POINT('',(-80.39116078232,49.403098806198,
    50.000099060198));
#1637 = CARTESIAN_POINT('',(-80.39116078232,49.403098806198,
    45.000088900178));
#1638 = ADVANCED_FACE('',(#1639),#1645,.T.);
#1639 = FACE_BOUND('',#1640,.T.);
#1640 = EDGE_LOOP('',(#1641,#1642,#1643,#1644));
#1641 = ORIENTED_EDGE('',*,*,#1048,.T.);
#1642 = ORIENTED_EDGE('',*,*,#974,.T.);
#1643 = ORIENTED_EDGE('',*,*,#1000,.F.);
#1644 = ORIENTED_EDGE('',*,*,#1025,.F.);
#1645 = PLANE('',#1646);
#1646 = AXIS2_PLACEMENT_3D('',#1647,#1648,#1649);
#1647 = CARTESIAN_POINT('',(-63.76,67.141652449756,50.5));
#1648 = DIRECTION('',(0.,0.,1.));
#1649 = DIRECTION('',(1.,0.,-0.));
#1650 = ADVANCED_FACE('',(#1651,#1662),#1665,.F.);
#1651 = FACE_BOUND('',#1652,.F.);
#1652 = EDGE_LOOP('',(#1653));
#1653 = ORIENTED_EDGE('',*,*,#1654,.T.);
#1654 = EDGE_CURVE('',#1655,#1655,#1657,.T.);
#1655 = VERTEX_POINT('',#1656);
#1656 = CARTESIAN_POINT('',(-61.26,67.141652449756,45.5));
#1657 = CIRCLE('',#1658,2.5);
#1658 = AXIS2_PLACEMENT_3D('',#1659,#1660,#1661);
#1659 = CARTESIAN_POINT('',(-63.76,67.141652449756,45.5));
#1660 = DIRECTION('',(0.,0.,1.));
#1661 = DIRECTION('',(1.,0.,-0.));
#1662 = FACE_BOUND('',#1663,.F.);
#1663 = EDGE_LOOP('',(#1664));
#1664 = ORIENTED_EDGE('',*,*,#1017,.F.);
#1665 = PLANE('',#1666);
#1666 = AXIS2_PLACEMENT_3D('',#1667,#1668,#1669);
#1667 = CARTESIAN_POINT('',(-63.76,67.141652449756,45.5));
#1668 = DIRECTION('',(0.,0.,1.));
#1669 = DIRECTION('',(1.,0.,-0.));
#1670 = ADVANCED_FACE('',(#1671,#1779,#1793,#1807),#1839,.T.);
#1671 = FACE_BOUND('',#1672,.T.);
#1672 = EDGE_LOOP('',(#1673,#1682,#1689,#1696,#1703,#1713,#1721,#1728,
    #1735,#1742,#1749,#1756,#1766,#1774));
#1673 = ORIENTED_EDGE('',*,*,#1674,.T.);
#1674 = EDGE_CURVE('',#1675,#1677,#1679,.T.);
#1675 = VERTEX_POINT('',#1676);
#1676 = CARTESIAN_POINT('',(-8.763017526035,80.518161036322,
    47.700093980188));
#1677 = VERTEX_POINT('',#1678);
#1678 = CARTESIAN_POINT('',(-8.763017526035,52.070104140208,
    47.700093980188));
#1679 = B_SPLINE_CURVE_WITH_KNOTS('',1,(#1680,#1681),.UNSPECIFIED.,.F.,
  .F.,(2,2),(0.,1.12E+03),.PIECEWISE_BEZIER_KNOTS.);
#1680 = CARTESIAN_POINT('',(-8.763017526035,80.518161036322,
    47.700093980188));
#1681 = CARTESIAN_POINT('',(-8.763017526035,52.070104140208,
    47.700093980188));
#1682 = ORIENTED_EDGE('',*,*,#1683,.T.);
#1683 = EDGE_CURVE('',#1677,#1684,#1686,.T.);
#1684 = VERTEX_POINT('',#1685);
#1685 = CARTESIAN_POINT('',(-41.78308356616,52.070104140208,
    47.700093980188));
#1686 = B_SPLINE_CURVE_WITH_KNOTS('',1,(#1687,#1688),.UNSPECIFIED.,.F.,
  .F.,(2,2),(0.,1.3E+03),.PIECEWISE_BEZIER_KNOTS.);
#1687 = CARTESIAN_POINT('',(-8.763017526035,52.070104140208,
    47.700093980188));
#1688 = CARTESIAN_POINT('',(-41.78308356616,52.070104140208,
    47.700093980188));
#1689 = ORIENTED_EDGE('',*,*,#1690,.T.);
#1690 = EDGE_CURVE('',#1684,#1691,#1693,.T.);
#1691 = VERTEX_POINT('',#1692);
#1692 = CARTESIAN_POINT('',(-41.78308356616,80.518161036322,
    47.700093980188));
#1693 = B_SPLINE_CURVE_WITH_KNOTS('',1,(#1694,#1695),.UNSPECIFIED.,.F.,
  .F.,(2,2),(0.,1.12E+03),.PIECEWISE_BEZIER_KNOTS.);
#1694 = CARTESIAN_POINT('',(-41.78308356616,52.070104140208,
    47.700093980188));
#1695 = CARTESIAN_POINT('',(-41.78308356616,80.518161036322,
    47.700093980188));
#1696 = ORIENTED_EDGE('',*,*,#1697,.T.);
#1697 = EDGE_CURVE('',#1691,#1698,#1700,.T.);
#1698 = VERTEX_POINT('',#1699);
#1699 = CARTESIAN_POINT('',(-37.86694775039,80.518161036322,
    47.700093980188));
#1700 = B_SPLINE_CURVE_WITH_KNOTS('',1,(#1701,#1702),.UNSPECIFIED.,.F.,
  .F.,(2,2),(0.,154.1782670668),.PIECEWISE_BEZIER_KNOTS.);
#1701 = CARTESIAN_POINT('',(-41.78308356616,80.518161036322,
    47.700093980188));
#1702 = CARTESIAN_POINT('',(-37.86694775039,80.518161036322,
    47.700093980188));
#1703 = ORIENTED_EDGE('',*,*,#1704,.T.);
#1704 = EDGE_CURVE('',#1698,#1705,#1707,.T.);
#1705 = VERTEX_POINT('',#1706);
#1706 = CARTESIAN_POINT('',(-34.68306959613,78.867157734315,
    47.700093980188));
#1707 = ( BOUNDED_CURVE() B_SPLINE_CURVE(2,(#1708,#1709,#1710,#1711,
#1712),.UNSPECIFIED.,.F.,.F.) B_SPLINE_CURVE_WITH_KNOTS((3,2,3),(
2.184836543557,4.234010925368,6.28318530718),.UNSPECIFIED.) CURVE() 
GEOMETRIC_REPRESENTATION_ITEM() RATIONAL_B_SPLINE_CURVE((1.,
0.519451676384,1.,0.519451676384,1.)) REPRESENTATION_ITEM('') );
#1708 = CARTESIAN_POINT('',(-37.86694775039,80.518161036322,
    47.700093980188));
#1709 = CARTESIAN_POINT('',(-40.58285396764,78.603583661582,
    47.700093980188));
#1710 = CARTESIAN_POINT('',(-37.63296178189,77.073914024971,
    47.700093980188));
#1711 = CARTESIAN_POINT('',(-34.68306959613,75.544244388361,
    47.700093980188));
#1712 = CARTESIAN_POINT('',(-34.68306959613,78.867157734315,
    47.700093980188));
#1713 = ORIENTED_EDGE('',*,*,#1714,.T.);
#1714 = EDGE_CURVE('',#1705,#1715,#1717,.T.);
#1715 = VERTEX_POINT('',#1716);
#1716 = CARTESIAN_POINT('',(-35.53919906189,80.518161036322,
    47.700093980188));
#1717 = ( BOUNDED_CURVE() B_SPLINE_CURVE(2,(#1718,#1719,#1720),
.UNSPECIFIED.,.F.,.F.) B_SPLINE_CURVE_WITH_KNOTS((3,3),(0.,
0.956756110033),.PIECEWISE_BEZIER_KNOTS.) CURVE() 
GEOMETRIC_REPRESENTATION_ITEM() RATIONAL_B_SPLINE_CURVE((1.,
0.887742736157,1.)) REPRESENTATION_ITEM('') );
#1718 = CARTESIAN_POINT('',(-34.68306959613,78.867157734315,
    47.700093980188));
#1719 = CARTESIAN_POINT('',(-34.68306959613,79.914632794229,
    47.700093980188));
#1720 = CARTESIAN_POINT('',(-35.53919906189,80.518161036322,
    47.700093980188));
#1721 = ORIENTED_EDGE('',*,*,#1722,.T.);
#1722 = EDGE_CURVE('',#1715,#1723,#1725,.T.);
#1723 = VERTEX_POINT('',#1724);
#1724 = CARTESIAN_POINT('',(-33.05785630172,80.518161036322,
    47.700093980188));
#1725 = B_SPLINE_CURVE_WITH_KNOTS('',1,(#1726,#1727),.UNSPECIFIED.,.F.,
  .F.,(2,2),(245.82173293319,343.51219740097),.PIECEWISE_BEZIER_KNOTS.);
#1726 = CARTESIAN_POINT('',(-35.53919906189,80.518161036322,
    47.700093980188));
#1727 = CARTESIAN_POINT('',(-33.05785630172,80.518161036322,
    47.700093980188));
#1728 = ORIENTED_EDGE('',*,*,#1729,.F.);
#1729 = EDGE_CURVE('',#1730,#1723,#1732,.T.);
#1730 = VERTEX_POINT('',#1731);
#1731 = CARTESIAN_POINT('',(-33.05438002347,77.903999790809,
    47.700093980188));
#1732 = B_SPLINE_CURVE_WITH_KNOTS('',1,(#1733,#1734),.UNSPECIFIED.,.F.,
  .F.,(2,2),(-204.3271255799,-101.407506346),.PIECEWISE_BEZIER_KNOTS.);
#1733 = CARTESIAN_POINT('',(-33.05438002347,77.903999790809,
    47.700093980188));
#1734 = CARTESIAN_POINT('',(-33.05785630172,80.518161036322,
    47.700093980188));
#1735 = ORIENTED_EDGE('',*,*,#1736,.T.);
#1736 = EDGE_CURVE('',#1730,#1737,#1739,.T.);
#1737 = VERTEX_POINT('',#1738);
#1738 = CARTESIAN_POINT('',(-16.1633462414,77.926461271902,
    47.700093980188));
#1739 = B_SPLINE_CURVE_WITH_KNOTS('',1,(#1740,#1741),.UNSPECIFIED.,.F.,
  .F.,(2,2),(-319.1121880038,345.88839996695),.PIECEWISE_BEZIER_KNOTS.);
#1740 = CARTESIAN_POINT('',(-33.05438002347,77.903999790809,
    47.700093980188));
#1741 = CARTESIAN_POINT('',(-16.1633462414,77.926461271902,
    47.700093980188));
#1742 = ORIENTED_EDGE('',*,*,#1743,.F.);
#1743 = EDGE_CURVE('',#1744,#1737,#1746,.T.);
#1744 = VERTEX_POINT('',#1745);
#1745 = CARTESIAN_POINT('',(-16.16679265067,80.518161036322,
    47.700093980188));
#1746 = B_SPLINE_CURVE_WITH_KNOTS('',1,(#1747,#1748),.UNSPECIFIED.,.F.,
  .F.,(2,2),(102.29181563856,204.3271255799),.PIECEWISE_BEZIER_KNOTS.);
#1747 = CARTESIAN_POINT('',(-16.16679265067,80.518161036322,
    47.700093980188));
#1748 = CARTESIAN_POINT('',(-16.1633462414,77.926461271902,
    47.700093980188));
#1749 = ORIENTED_EDGE('',*,*,#1750,.T.);
#1750 = EDGE_CURVE('',#1744,#1751,#1753,.T.);
#1751 = VERTEX_POINT('',#1752);
#1752 = CARTESIAN_POINT('',(-14.7529015223,80.518161036322,
    47.700093980188));
#1753 = B_SPLINE_CURVE_WITH_KNOTS('',1,(#1754,#1755),.UNSPECIFIED.,.F.,
  .F.,(2,2),(1.008513373343E+03,1.064178267067E+03),
  .PIECEWISE_BEZIER_KNOTS.);
#1754 = CARTESIAN_POINT('',(-16.16679265067,80.518161036322,
    47.700093980188));
#1755 = CARTESIAN_POINT('',(-14.7529015223,80.518161036322,
    47.700093980188));
#1756 = ORIENTED_EDGE('',*,*,#1757,.T.);
#1757 = EDGE_CURVE('',#1751,#1758,#1760,.T.);
#1758 = VERTEX_POINT('',#1759);
#1759 = CARTESIAN_POINT('',(-11.56902336804,78.867157734315,
    47.700093980188));
#1760 = ( BOUNDED_CURVE() B_SPLINE_CURVE(2,(#1761,#1762,#1763,#1764,
#1765),.UNSPECIFIED.,.F.,.F.) B_SPLINE_CURVE_WITH_KNOTS((3,2,3),(
2.184836543557,4.234010925368,6.28318530718),.UNSPECIFIED.) CURVE() 
GEOMETRIC_REPRESENTATION_ITEM() RATIONAL_B_SPLINE_CURVE((1.,
0.519451676384,1.,0.519451676384,1.)) REPRESENTATION_ITEM('') );
#1761 = CARTESIAN_POINT('',(-14.7529015223,80.518161036322,
    47.700093980188));
#1762 = CARTESIAN_POINT('',(-17.46880773954,78.603583661582,
    47.700093980188));
#1763 = CARTESIAN_POINT('',(-14.51891555379,77.073914024971,
    47.700093980188));
#1764 = CARTESIAN_POINT('',(-11.56902336804,75.544244388361,
    47.700093980188));
#1765 = CARTESIAN_POINT('',(-11.56902336804,78.867157734315,
    47.700093980188));
#1766 = ORIENTED_EDGE('',*,*,#1767,.T.);
#1767 = EDGE_CURVE('',#1758,#1768,#1770,.T.);
#1768 = VERTEX_POINT('',#1769);
#1769 = CARTESIAN_POINT('',(-12.4251528338,80.518161036322,
    47.700093980188));
#1770 = ( BOUNDED_CURVE() B_SPLINE_CURVE(2,(#1771,#1772,#1773),
.UNSPECIFIED.,.F.,.F.) B_SPLINE_CURVE_WITH_KNOTS((3,3),(0.,
0.956756110033),.PIECEWISE_BEZIER_KNOTS.) CURVE() 
GEOMETRIC_REPRESENTATION_ITEM() RATIONAL_B_SPLINE_CURVE((1.,
0.887742736157,1.)) REPRESENTATION_ITEM('') );
#1771 = CARTESIAN_POINT('',(-11.56902336804,78.867157734315,
    47.700093980188));
#1772 = CARTESIAN_POINT('',(-11.56902336804,79.914632794229,
    47.700093980188));
#1773 = CARTESIAN_POINT('',(-12.4251528338,80.518161036322,
    47.700093980188));
#1774 = ORIENTED_EDGE('',*,*,#1775,.T.);
#1775 = EDGE_CURVE('',#1768,#1675,#1776,.T.);
#1776 = B_SPLINE_CURVE_WITH_KNOTS('',1,(#1777,#1778),.UNSPECIFIED.,.F.,
  .F.,(2,2),(1.155821732933E+03,1.3E+03),.PIECEWISE_BEZIER_KNOTS.);
#1777 = CARTESIAN_POINT('',(-12.4251528338,80.518161036322,
    47.700093980188));
#1778 = CARTESIAN_POINT('',(-8.763017526035,80.518161036322,
    47.700093980188));
#1779 = FACE_BOUND('',#1780,.T.);
#1780 = EDGE_LOOP('',(#1781));
#1781 = ORIENTED_EDGE('',*,*,#1782,.T.);
#1782 = EDGE_CURVE('',#1783,#1783,#1785,.T.);
#1783 = VERTEX_POINT('',#1784);
#1784 = CARTESIAN_POINT('',(-11.56902336804,54.737109474219,
    47.700093980188));
#1785 = ( BOUNDED_CURVE() B_SPLINE_CURVE(2,(#1786,#1787,#1788,#1789,
#1790,#1791,#1792),.UNSPECIFIED.,.T.,.F.) B_SPLINE_CURVE_WITH_KNOTS((1,2
    ,2,2,2,1),(-2.094395102394,0.,2.094395102393,4.188790204786,
6.28318530718,8.377580409573),.UNSPECIFIED.) CURVE() 
GEOMETRIC_REPRESENTATION_ITEM() RATIONAL_B_SPLINE_CURVE((1.,0.5,1.,0.5,
1.,0.5,1.)) REPRESENTATION_ITEM('') );
#1786 = CARTESIAN_POINT('',(-11.56902336804,54.737109474219,
    47.700093980188));
#1787 = CARTESIAN_POINT('',(-11.56902336804,58.235858704635,
    47.700093980188));
#1788 = CARTESIAN_POINT('',(-14.59902908305,56.486484089427,
    47.700093980188));
#1789 = CARTESIAN_POINT('',(-17.62903479807,54.737109474219,
    47.700093980188));
#1790 = CARTESIAN_POINT('',(-14.59902908305,52.987734859011,
    47.700093980188));
#1791 = CARTESIAN_POINT('',(-11.56902336804,51.238360243803,
    47.700093980188));
#1792 = CARTESIAN_POINT('',(-11.56902336804,54.737109474219,
    47.700093980188));
#1793 = FACE_BOUND('',#1794,.T.);
#1794 = EDGE_LOOP('',(#1795));
#1795 = ORIENTED_EDGE('',*,*,#1796,.T.);
#1796 = EDGE_CURVE('',#1797,#1797,#1799,.T.);
#1797 = VERTEX_POINT('',#1798);
#1798 = CARTESIAN_POINT('',(-34.68306959613,54.737109474219,
    47.700093980188));
#1799 = ( BOUNDED_CURVE() B_SPLINE_CURVE(2,(#1800,#1801,#1802,#1803,
#1804,#1805,#1806),.UNSPECIFIED.,.T.,.F.) B_SPLINE_CURVE_WITH_KNOTS((1,2
    ,2,2,2,1),(-2.094395102394,0.,2.094395102393,4.188790204786,
6.28318530718,8.377580409573),.UNSPECIFIED.) CURVE() 
GEOMETRIC_REPRESENTATION_ITEM() RATIONAL_B_SPLINE_CURVE((1.,0.5,1.,0.5,
1.,0.5,1.)) REPRESENTATION_ITEM('') );
#1800 = CARTESIAN_POINT('',(-34.68306959613,54.737109474219,
    47.700093980188));
#1801 = CARTESIAN_POINT('',(-34.68306959613,58.235858704635,
    47.700093980188));
#1802 = CARTESIAN_POINT('',(-37.71307531115,56.486484089427,
    47.700093980188));
#1803 = CARTESIAN_POINT('',(-40.74308102616,54.737109474219,
    47.700093980188));
#1804 = CARTESIAN_POINT('',(-37.71307531115,52.987734859011,
    47.700093980188));
#1805 = CARTESIAN_POINT('',(-34.68306959613,51.238360243803,
    47.700093980188));
#1806 = CARTESIAN_POINT('',(-34.68306959613,54.737109474219,
    47.700093980188));
#1807 = FACE_BOUND('',#1808,.T.);
#1808 = EDGE_LOOP('',(#1809,#1818,#1825,#1830,#1831,#1832,#1833,#1834));
#1809 = ORIENTED_EDGE('',*,*,#1810,.F.);
#1810 = EDGE_CURVE('',#1811,#1813,#1815,.T.);
#1811 = VERTEX_POINT('',#1812);
#1812 = CARTESIAN_POINT('',(-38.48107696215,59.586972313945,
    47.700093980188));
#1813 = VERTEX_POINT('',#1814);
#1814 = CARTESIAN_POINT('',(-38.48107696215,76.587005334011,
    47.700093980188));
#1815 = B_SPLINE_CURVE_WITH_KNOTS('',1,(#1816,#1817),.UNSPECIFIED.,.F.,
  .F.,(2,2),(-132.03045,537.26085),.PIECEWISE_BEZIER_KNOTS.);
#1816 = CARTESIAN_POINT('',(-38.48107696215,59.586972313945,
    47.700093980188));
#1817 = CARTESIAN_POINT('',(-38.48107696215,76.587005334011,
    47.700093980188));
#1818 = ORIENTED_EDGE('',*,*,#1819,.F.);
#1819 = EDGE_CURVE('',#1820,#1811,#1822,.T.);
#1820 = VERTEX_POINT('',#1821);
#1821 = CARTESIAN_POINT('',(-11.43002286004,59.586972313945,
    47.700093980188));
#1822 = B_SPLINE_CURVE_WITH_KNOTS('',1,(#1823,#1824),.UNSPECIFIED.,.F.,
  .F.,(2,2),(-272.5,792.5),.PIECEWISE_BEZIER_KNOTS.);
#1823 = CARTESIAN_POINT('',(-11.43002286004,59.586972313945,
    47.700093980188));
#1824 = CARTESIAN_POINT('',(-38.48107696215,59.586972313945,
    47.700093980188));
#1825 = ORIENTED_EDGE('',*,*,#1826,.F.);
#1826 = EDGE_CURVE('',#1075,#1820,#1827,.T.);
#1827 = B_SPLINE_CURVE_WITH_KNOTS('',1,(#1828,#1829),.UNSPECIFIED.,.F.,
  .F.,(2,2),(-202.6152,466.6761),.PIECEWISE_BEZIER_KNOTS.);
#1828 = CARTESIAN_POINT('',(-11.43002286004,76.587005334011,
    47.700093980188));
#1829 = CARTESIAN_POINT('',(-11.43002286004,59.586972313945,
    47.700093980188));
#1830 = ORIENTED_EDGE('',*,*,#1074,.T.);
#1831 = ORIENTED_EDGE('',*,*,#1112,.T.);
#1832 = ORIENTED_EDGE('',*,*,#1173,.F.);
#1833 = ORIENTED_EDGE('',*,*,#1150,.F.);
#1834 = ORIENTED_EDGE('',*,*,#1835,.F.);
#1835 = EDGE_CURVE('',#1813,#1144,#1836,.T.);
#1836 = B_SPLINE_CURVE_WITH_KNOTS('',1,(#1837,#1838),.UNSPECIFIED.,.F.,
  .F.,(2,2),(-260.,805.),.PIECEWISE_BEZIER_KNOTS.);
#1837 = CARTESIAN_POINT('',(-38.48107696215,76.587005334011,
    47.700093980188));
#1838 = CARTESIAN_POINT('',(-11.43002286004,76.587005334011,
    47.700093980188));
#1839 = B_SPLINE_SURFACE_WITH_KNOTS('',1,1,(
    (#1840,#1841)
    ,(#1842,#1843
    )),.UNSPECIFIED.,.F.,.F.,.F.,(2,2),(2,2),(-650.,650.),(-560.,560.),
  .PIECEWISE_BEZIER_KNOTS.);
#1840 = CARTESIAN_POINT('',(-8.763017526035,52.070104140208,
    47.700093980188));
#1841 = CARTESIAN_POINT('',(-8.763017526035,80.518161036322,
    47.700093980188));
#1842 = CARTESIAN_POINT('',(-41.78308356616,52.070104140208,
    47.700093980188));
#1843 = CARTESIAN_POINT('',(-41.78308356616,80.518161036322,
    47.700093980188));
#1844 = ADVANCED_FACE('',(#1845),#1861,.F.);
#1845 = FACE_BOUND('',#1846,.F.);
#1846 = EDGE_LOOP('',(#1847,#1854,#1855,#1856));
#1847 = ORIENTED_EDGE('',*,*,#1848,.F.);
#1848 = EDGE_CURVE('',#1820,#1849,#1851,.T.);
#1849 = VERTEX_POINT('',#1850);
#1850 = CARTESIAN_POINT('',(-11.43002286004,59.586972313945,
    49.000099060198));
#1851 = B_SPLINE_CURVE_WITH_KNOTS('',1,(#1852,#1853),.UNSPECIFIED.,.F.,
  .F.,(2,2),(0.,90.5512),.PIECEWISE_BEZIER_KNOTS.);
#1852 = CARTESIAN_POINT('',(-11.43002286004,59.586972313945,
    47.700093980188));
#1853 = CARTESIAN_POINT('',(-11.43002286004,59.586972313945,
    50.000099060198));
#1854 = ORIENTED_EDGE('',*,*,#1826,.F.);
#1855 = ORIENTED_EDGE('',*,*,#1081,.F.);
#1856 = ORIENTED_EDGE('',*,*,#1857,.F.);
#1857 = EDGE_CURVE('',#1849,#1082,#1858,.T.);
#1858 = B_SPLINE_CURVE_WITH_KNOTS('',1,(#1859,#1860),.UNSPECIFIED.,.F.,
  .F.,(2,2),(0.,1.),.PIECEWISE_BEZIER_KNOTS.);
#1859 = CARTESIAN_POINT('',(-11.43002286004,59.586972313945,
    49.000099060198));
#1860 = CARTESIAN_POINT('',(-11.43002286004,76.587005334011,
    49.000099060198));
#1861 = B_SPLINE_SURFACE_WITH_KNOTS('',1,1,(
    (#1862,#1863)
    ,(#1864,#1865
  )),.UNSPECIFIED.,.F.,.F.,.F.,(2,2),(2,2),(0.,669.2913),(-590.55,
    -499.9988),.PIECEWISE_BEZIER_KNOTS.);
#1862 = CARTESIAN_POINT('',(-11.43002286004,76.587005334011,
    50.000099060198));
#1863 = CARTESIAN_POINT('',(-11.43002286004,76.587005334011,
    47.700093980188));
#1864 = CARTESIAN_POINT('',(-11.43002286004,59.586972313945,
    50.000099060198));
#1865 = CARTESIAN_POINT('',(-11.43002286004,59.586972313945,
    47.700093980188));
#1866 = ADVANCED_FACE('',(#1867),#1891,.F.);
#1867 = FACE_BOUND('',#1868,.F.);
#1868 = EDGE_LOOP('',(#1869,#1878,#1883,#1884,#1885,#1886));
#1869 = ORIENTED_EDGE('',*,*,#1870,.T.);
#1870 = EDGE_CURVE('',#1871,#1873,#1875,.T.);
#1871 = VERTEX_POINT('',#1872);
#1872 = CARTESIAN_POINT('',(-38.48107696215,76.587005334011,
    49.000099060198));
#1873 = VERTEX_POINT('',#1874);
#1874 = CARTESIAN_POINT('',(-38.48107696215,59.586972313945,
    49.000099060198));
#1875 = B_SPLINE_CURVE_WITH_KNOTS('',1,(#1876,#1877),.UNSPECIFIED.,.F.,
  .F.,(2,2),(0.,1.),.PIECEWISE_BEZIER_KNOTS.);
#1876 = CARTESIAN_POINT('',(-38.48107696215,76.587005334011,
    49.000099060198));
#1877 = CARTESIAN_POINT('',(-38.48107696215,59.586972313945,
    49.000099060198));
#1878 = ORIENTED_EDGE('',*,*,#1879,.T.);
#1879 = EDGE_CURVE('',#1873,#1849,#1880,.T.);
#1880 = B_SPLINE_CURVE_WITH_KNOTS('',1,(#1881,#1882),.UNSPECIFIED.,.F.,
  .F.,(2,2),(0.,1.),.PIECEWISE_BEZIER_KNOTS.);
#1881 = CARTESIAN_POINT('',(-38.48107696215,59.586972313945,
    49.000099060198));
#1882 = CARTESIAN_POINT('',(-11.43002286004,59.586972313945,
    49.000099060198));
#1883 = ORIENTED_EDGE('',*,*,#1857,.T.);
#1884 = ORIENTED_EDGE('',*,*,#1088,.T.);
#1885 = ORIENTED_EDGE('',*,*,#1135,.T.);
#1886 = ORIENTED_EDGE('',*,*,#1887,.T.);
#1887 = EDGE_CURVE('',#1136,#1871,#1888,.T.);
#1888 = B_SPLINE_CURVE_WITH_KNOTS('',1,(#1889,#1890),.UNSPECIFIED.,.F.,
  .F.,(2,2),(0.,1.),.PIECEWISE_BEZIER_KNOTS.);
#1889 = CARTESIAN_POINT('',(-11.43002286004,76.587005334011,
    49.000099060198));
#1890 = CARTESIAN_POINT('',(-38.48107696215,76.587005334011,
    49.000099060198));
#1891 = PLANE('',#1892);
#1892 = AXIS2_PLACEMENT_3D('',#1893,#1894,#1895);
#1893 = CARTESIAN_POINT('',(-98.26219329438,-32.47606172212,
    49.000099060198));
#1894 = DIRECTION('',(0.,0.,1.));
#1895 = DIRECTION('',(1.,0.,-0.));
#1896 = ADVANCED_FACE('',(#1897),#1907,.F.);
#1897 = FACE_BOUND('',#1898,.F.);
#1898 = EDGE_LOOP('',(#1899,#1900,#1901,#1902));
#1899 = ORIENTED_EDGE('',*,*,#1887,.F.);
#1900 = ORIENTED_EDGE('',*,*,#1143,.T.);
#1901 = ORIENTED_EDGE('',*,*,#1835,.F.);
#1902 = ORIENTED_EDGE('',*,*,#1903,.T.);
#1903 = EDGE_CURVE('',#1813,#1871,#1904,.T.);
#1904 = B_SPLINE_CURVE_WITH_KNOTS('',1,(#1905,#1906),.UNSPECIFIED.,.F.,
  .F.,(2,2),(0.,90.5512),.PIECEWISE_BEZIER_KNOTS.);
#1905 = CARTESIAN_POINT('',(-38.48107696215,76.587005334011,
    47.700093980188));
#1906 = CARTESIAN_POINT('',(-38.48107696215,76.587005334011,
    50.000099060198));
#1907 = B_SPLINE_SURFACE_WITH_KNOTS('',1,1,(
    (#1908,#1909)
    ,(#1910,#1911
  )),.UNSPECIFIED.,.F.,.F.,.F.,(2,2),(2,2),(0.,1.065E+03),(-590.55,
    -499.9988),.PIECEWISE_BEZIER_KNOTS.);
#1908 = CARTESIAN_POINT('',(-38.48107696215,76.587005334011,
    50.000099060198));
#1909 = CARTESIAN_POINT('',(-38.48107696215,76.587005334011,
    47.700093980188));
#1910 = CARTESIAN_POINT('',(-11.43002286004,76.587005334011,
    50.000099060198));
#1911 = CARTESIAN_POINT('',(-11.43002286004,76.587005334011,
    47.700093980188));
#1912 = ADVANCED_FACE('',(#1913),#1917,.T.);
#1913 = FACE_BOUND('',#1914,.T.);
#1914 = EDGE_LOOP('',(#1915,#1916));
#1915 = ORIENTED_EDGE('',*,*,#1243,.F.);
#1916 = ORIENTED_EDGE('',*,*,#1228,.T.);
#1917 = PLANE('',#1918);
#1918 = AXIS2_PLACEMENT_3D('',#1919,#1920,#1921);
#1919 = CARTESIAN_POINT('',(5.42,32.32,33.));
#1920 = DIRECTION('',(1.,0.,0.));
#1921 = DIRECTION('',(-0.,0.,1.));
#1922 = ADVANCED_FACE('',(#1923),#1948,.F.);
#1923 = FACE_BOUND('',#1924,.F.);
#1924 = EDGE_LOOP('',(#1925,#1933,#1941,#1947));
#1925 = ORIENTED_EDGE('',*,*,#1926,.F.);
#1926 = EDGE_CURVE('',#1927,#1273,#1929,.T.);
#1927 = VERTEX_POINT('',#1928);
#1928 = CARTESIAN_POINT('',(3.667,-31.23,32.));
#1929 = LINE('',#1930,#1931);
#1930 = CARTESIAN_POINT('',(3.667,-31.23,28.));
#1931 = VECTOR('',#1932,1.);
#1932 = DIRECTION('',(0.,0.,1.));
#1933 = ORIENTED_EDGE('',*,*,#1934,.F.);
#1934 = EDGE_CURVE('',#1935,#1927,#1937,.T.);
#1935 = VERTEX_POINT('',#1936);
#1936 = CARTESIAN_POINT('',(-97.012,-31.23,32.));
#1937 = LINE('',#1938,#1939);
#1938 = CARTESIAN_POINT('',(-97.012,-31.23,32.));
#1939 = VECTOR('',#1940,1.);
#1940 = DIRECTION('',(1.,0.,-0.));
#1941 = ORIENTED_EDGE('',*,*,#1942,.T.);
#1942 = EDGE_CURVE('',#1935,#1275,#1943,.T.);
#1943 = LINE('',#1944,#1945);
#1944 = CARTESIAN_POINT('',(-97.012,-31.23,28.));
#1945 = VECTOR('',#1946,1.);
#1946 = DIRECTION('',(0.,0.,1.));
#1947 = ORIENTED_EDGE('',*,*,#1272,.F.);
#1948 = PLANE('',#1949);
#1949 = AXIS2_PLACEMENT_3D('',#1950,#1951,#1952);
#1950 = CARTESIAN_POINT('',(-97.012,-31.23,28.));
#1951 = DIRECTION('',(-0.,1.,0.));
#1952 = DIRECTION('',(0.,0.,1.));
#1953 = ADVANCED_FACE('',(#1954),#1972,.T.);
#1954 = FACE_BOUND('',#1955,.T.);
#1955 = EDGE_LOOP('',(#1956,#1957,#1965,#1971));
#1956 = ORIENTED_EDGE('',*,*,#1926,.F.);
#1957 = ORIENTED_EDGE('',*,*,#1958,.T.);
#1958 = EDGE_CURVE('',#1927,#1959,#1961,.T.);
#1959 = VERTEX_POINT('',#1960);
#1960 = CARTESIAN_POINT('',(3.667,95.87,32.));
#1961 = LINE('',#1962,#1963);
#1962 = CARTESIAN_POINT('',(3.667,-31.23,32.));
#1963 = VECTOR('',#1964,1.);
#1964 = DIRECTION('',(-0.,1.,0.));
#1965 = ORIENTED_EDGE('',*,*,#1966,.T.);
#1966 = EDGE_CURVE('',#1959,#1291,#1967,.T.);
#1967 = LINE('',#1968,#1969);
#1968 = CARTESIAN_POINT('',(3.667,95.87,28.));
#1969 = VECTOR('',#1970,1.);
#1970 = DIRECTION('',(0.,0.,1.));
#1971 = ORIENTED_EDGE('',*,*,#1298,.F.);
#1972 = PLANE('',#1973);
#1973 = AXIS2_PLACEMENT_3D('',#1974,#1975,#1976);
#1974 = CARTESIAN_POINT('',(3.667,-31.23,28.));
#1975 = DIRECTION('',(1.,0.,-0.));
#1976 = DIRECTION('',(0.,0.,1.));
#1977 = ADVANCED_FACE('',(#1978),#1996,.F.);
#1978 = FACE_BOUND('',#1979,.F.);
#1979 = EDGE_LOOP('',(#1980,#1981,#1989,#1995));
#1980 = ORIENTED_EDGE('',*,*,#1942,.F.);
#1981 = ORIENTED_EDGE('',*,*,#1982,.T.);
#1982 = EDGE_CURVE('',#1935,#1983,#1985,.T.);
#1983 = VERTEX_POINT('',#1984);
#1984 = CARTESIAN_POINT('',(-97.012,95.87,32.));
#1985 = LINE('',#1986,#1987);
#1986 = CARTESIAN_POINT('',(-97.012,-31.23,32.));
#1987 = VECTOR('',#1988,1.);
#1988 = DIRECTION('',(-0.,1.,0.));
#1989 = ORIENTED_EDGE('',*,*,#1990,.T.);
#1990 = EDGE_CURVE('',#1983,#1283,#1991,.T.);
#1991 = LINE('',#1992,#1993);
#1992 = CARTESIAN_POINT('',(-97.012,95.87,28.));
#1993 = VECTOR('',#1994,1.);
#1994 = DIRECTION('',(0.,0.,1.));
#1995 = ORIENTED_EDGE('',*,*,#1282,.F.);
#1996 = PLANE('',#1997);
#1997 = AXIS2_PLACEMENT_3D('',#1998,#1999,#2000);
#1998 = CARTESIAN_POINT('',(-97.012,-31.23,28.));
#1999 = DIRECTION('',(1.,0.,-0.));
#2000 = DIRECTION('',(0.,0.,1.));
#2001 = ADVANCED_FACE('',(#2002),#2013,.T.);
#2002 = FACE_BOUND('',#2003,.T.);
#2003 = EDGE_LOOP('',(#2004,#2005,#2011,#2012));
#2004 = ORIENTED_EDGE('',*,*,#1966,.F.);
#2005 = ORIENTED_EDGE('',*,*,#2006,.F.);
#2006 = EDGE_CURVE('',#1983,#1959,#2007,.T.);
#2007 = LINE('',#2008,#2009);
#2008 = CARTESIAN_POINT('',(-97.012,95.87,32.));
#2009 = VECTOR('',#2010,1.);
#2010 = DIRECTION('',(1.,0.,-0.));
#2011 = ORIENTED_EDGE('',*,*,#1990,.T.);
#2012 = ORIENTED_EDGE('',*,*,#1290,.F.);
#2013 = PLANE('',#2014);
#2014 = AXIS2_PLACEMENT_3D('',#2015,#2016,#2017);
#2015 = CARTESIAN_POINT('',(-97.012,95.87,28.));
#2016 = DIRECTION('',(-0.,1.,0.));
#2017 = DIRECTION('',(0.,0.,1.));
#2018 = ADVANCED_FACE('',(#2019),#2043,.T.);
#2019 = FACE_BOUND('',#2020,.T.);
#2020 = EDGE_LOOP('',(#2021,#2029,#2036,#2042));
#2021 = ORIENTED_EDGE('',*,*,#2022,.F.);
#2022 = EDGE_CURVE('',#2023,#1333,#2025,.T.);
#2023 = VERTEX_POINT('',#2024);
#2024 = CARTESIAN_POINT('',(-55.26219329438,71.141652449756,
    48.500096520193));
#2025 = LINE('',#2026,#2027);
#2026 = CARTESIAN_POINT('',(-55.26219329438,71.141652449756,
    45.500099060198));
#2027 = VECTOR('',#2028,1.);
#2028 = DIRECTION('',(0.,0.,1.));
#2029 = ORIENTED_EDGE('',*,*,#2030,.F.);
#2030 = EDGE_CURVE('',#2031,#2023,#2033,.T.);
#2031 = VERTEX_POINT('',#2032);
#2032 = CARTESIAN_POINT('',(-71.26219329438,71.141652449756,
    48.500096520193));
#2033 = B_SPLINE_CURVE_WITH_KNOTS('',1,(#2034,#2035),.UNSPECIFIED.,.F.,
  .F.,(2,2),(0.,1.),.PIECEWISE_BEZIER_KNOTS.);
#2034 = CARTESIAN_POINT('',(-71.26219329438,71.141652449756,
    48.500096520193));
#2035 = CARTESIAN_POINT('',(-55.26219329438,71.141652449756,
    48.500096520193));
#2036 = ORIENTED_EDGE('',*,*,#2037,.T.);
#2037 = EDGE_CURVE('',#2031,#1331,#2038,.T.);
#2038 = LINE('',#2039,#2040);
#2039 = CARTESIAN_POINT('',(-71.26219329438,71.141652449756,
    45.500099060198));
#2040 = VECTOR('',#2041,1.);
#2041 = DIRECTION('',(0.,0.,1.));
#2042 = ORIENTED_EDGE('',*,*,#1330,.T.);
#2043 = PLANE('',#2044);
#2044 = AXIS2_PLACEMENT_3D('',#2045,#2046,#2047);
#2045 = CARTESIAN_POINT('',(-71.26219329438,71.141652449756,
    45.500099060198));
#2046 = DIRECTION('',(-0.,1.,0.));
#2047 = DIRECTION('',(0.,0.,1.));
#2048 = ADVANCED_FACE('',(#2049),#2066,.T.);
#2049 = FACE_BOUND('',#2050,.T.);
#2050 = EDGE_LOOP('',(#2051,#2052,#2059,#2065));
#2051 = ORIENTED_EDGE('',*,*,#2037,.F.);
#2052 = ORIENTED_EDGE('',*,*,#2053,.T.);
#2053 = EDGE_CURVE('',#2031,#2054,#2056,.T.);
#2054 = VERTEX_POINT('',#2055);
#2055 = CARTESIAN_POINT('',(-71.26219329438,85.141652449756,
    48.500096520193));
#2056 = B_SPLINE_CURVE_WITH_KNOTS('',1,(#2057,#2058),.UNSPECIFIED.,.F.,
  .F.,(2,2),(0.,1.),.PIECEWISE_BEZIER_KNOTS.);
#2057 = CARTESIAN_POINT('',(-71.26219329438,71.141652449756,
    48.500096520193));
#2058 = CARTESIAN_POINT('',(-71.26219329438,85.141652449756,
    48.500096520193));
#2059 = ORIENTED_EDGE('',*,*,#2060,.T.);
#2060 = EDGE_CURVE('',#2054,#1341,#2061,.T.);
#2061 = LINE('',#2062,#2063);
#2062 = CARTESIAN_POINT('',(-71.26219329438,85.141652449756,
    45.500099060198));
#2063 = VECTOR('',#2064,1.);
#2064 = DIRECTION('',(0.,0.,1.));
#2065 = ORIENTED_EDGE('',*,*,#1340,.T.);
#2066 = PLANE('',#2067);
#2067 = AXIS2_PLACEMENT_3D('',#2068,#2069,#2070);
#2068 = CARTESIAN_POINT('',(-71.26219329438,71.141652449756,
    45.500099060198));
#2069 = DIRECTION('',(1.,0.,-0.));
#2070 = DIRECTION('',(0.,0.,1.));
#2071 = ADVANCED_FACE('',(#2072),#2089,.F.);
#2072 = FACE_BOUND('',#2073,.F.);
#2073 = EDGE_LOOP('',(#2074,#2075,#2082,#2088));
#2074 = ORIENTED_EDGE('',*,*,#2022,.F.);
#2075 = ORIENTED_EDGE('',*,*,#2076,.T.);
#2076 = EDGE_CURVE('',#2023,#2077,#2079,.T.);
#2077 = VERTEX_POINT('',#2078);
#2078 = CARTESIAN_POINT('',(-55.26219329438,85.141652449756,
    48.500096520193));
#2079 = B_SPLINE_CURVE_WITH_KNOTS('',1,(#2080,#2081),.UNSPECIFIED.,.F.,
  .F.,(2,2),(0.,1.),.PIECEWISE_BEZIER_KNOTS.);
#2080 = CARTESIAN_POINT('',(-55.26219329438,71.141652449756,
    48.500096520193));
#2081 = CARTESIAN_POINT('',(-55.26219329438,85.141652449756,
    48.500096520193));
#2082 = ORIENTED_EDGE('',*,*,#2083,.T.);
#2083 = EDGE_CURVE('',#2077,#1349,#2084,.T.);
#2084 = LINE('',#2085,#2086);
#2085 = CARTESIAN_POINT('',(-55.26219329438,85.141652449756,
    45.500099060198));
#2086 = VECTOR('',#2087,1.);
#2087 = DIRECTION('',(0.,0.,1.));
#2088 = ORIENTED_EDGE('',*,*,#1356,.T.);
#2089 = PLANE('',#2090);
#2090 = AXIS2_PLACEMENT_3D('',#2091,#2092,#2093);
#2091 = CARTESIAN_POINT('',(-55.26219329438,71.141652449756,
    45.500099060198));
#2092 = DIRECTION('',(1.,0.,-0.));
#2093 = DIRECTION('',(0.,0.,1.));
#2094 = ADVANCED_FACE('',(#2095),#2105,.F.);
#2095 = FACE_BOUND('',#2096,.F.);
#2096 = EDGE_LOOP('',(#2097,#2098,#2103,#2104));
#2097 = ORIENTED_EDGE('',*,*,#2083,.F.);
#2098 = ORIENTED_EDGE('',*,*,#2099,.F.);
#2099 = EDGE_CURVE('',#2054,#2077,#2100,.T.);
#2100 = B_SPLINE_CURVE_WITH_KNOTS('',1,(#2101,#2102),.UNSPECIFIED.,.F.,
  .F.,(2,2),(0.,1.),.PIECEWISE_BEZIER_KNOTS.);
#2101 = CARTESIAN_POINT('',(-71.26219329438,85.141652449756,
    48.500096520193));
#2102 = CARTESIAN_POINT('',(-55.26219329438,85.141652449756,
    48.500096520193));
#2103 = ORIENTED_EDGE('',*,*,#2060,.T.);
#2104 = ORIENTED_EDGE('',*,*,#1348,.T.);
#2105 = PLANE('',#2106);
#2106 = AXIS2_PLACEMENT_3D('',#2107,#2108,#2109);
#2107 = CARTESIAN_POINT('',(-71.26219329438,85.141652449756,
    45.500099060198));
#2108 = DIRECTION('',(-0.,1.,0.));
#2109 = DIRECTION('',(0.,0.,1.));
#2110 = ADVANCED_FACE('',(#2111),#2133,.T.);
#2111 = FACE_BOUND('',#2112,.T.);
#2112 = EDGE_LOOP('',(#2113,#2114,#2121,#2128));
#2113 = ORIENTED_EDGE('',*,*,#1370,.F.);
#2114 = ORIENTED_EDGE('',*,*,#2115,.T.);
#2115 = EDGE_CURVE('',#1371,#2116,#2118,.T.);
#2116 = VERTEX_POINT('',#2117);
#2117 = CARTESIAN_POINT('',(-91.82118364236,-3.556007112014,
    48.500096520193));
#2118 = B_SPLINE_CURVE_WITH_KNOTS('',1,(#2119,#2120),.UNSPECIFIED.,.F.,
  .F.,(2,2),(0.,137.7953),.PIECEWISE_BEZIER_KNOTS.);
#2119 = CARTESIAN_POINT('',(-91.82118364236,-3.556007112014,
    45.000088900178));
#2120 = CARTESIAN_POINT('',(-91.82118364236,-3.556007112014,
    48.500096520193));
#2121 = ORIENTED_EDGE('',*,*,#2122,.T.);
#2122 = EDGE_CURVE('',#2116,#2123,#2125,.T.);
#2123 = VERTEX_POINT('',#2124);
#2124 = CARTESIAN_POINT('',(-91.82118364236,39.116078232156,
    48.500096520193));
#2125 = B_SPLINE_CURVE_WITH_KNOTS('',1,(#2126,#2127),.UNSPECIFIED.,.F.,
  .F.,(2,2),(-706.25,973.75),.PIECEWISE_BEZIER_KNOTS.);
#2126 = CARTESIAN_POINT('',(-91.82118364236,-3.556007112014,
    48.500096520193));
#2127 = CARTESIAN_POINT('',(-91.82118364236,39.116078232156,
    48.500096520193));
#2128 = ORIENTED_EDGE('',*,*,#2129,.F.);
#2129 = EDGE_CURVE('',#1373,#2123,#2130,.T.);
#2130 = B_SPLINE_CURVE_WITH_KNOTS('',1,(#2131,#2132),.UNSPECIFIED.,.F.,
  .F.,(2,2),(0.,137.7953),.PIECEWISE_BEZIER_KNOTS.);
#2131 = CARTESIAN_POINT('',(-91.82118364236,39.116078232156,
    45.000088900178));
#2132 = CARTESIAN_POINT('',(-91.82118364236,39.116078232156,
    48.500096520193));
#2133 = B_SPLINE_SURFACE_WITH_KNOTS('',1,1,(
    (#2134,#2135)
    ,(#2136,#2137
  )),.UNSPECIFIED.,.F.,.F.,.F.,(2,2),(2,2),(0.,1.68E+03),(-137.7953,0.),
  .PIECEWISE_BEZIER_KNOTS.);
#2134 = CARTESIAN_POINT('',(-91.82118364236,-3.556007112014,
    48.500096520193));
#2135 = CARTESIAN_POINT('',(-91.82118364236,-3.556007112014,
    45.000088900178));
#2136 = CARTESIAN_POINT('',(-91.82118364236,39.116078232156,
    48.500096520193));
#2137 = CARTESIAN_POINT('',(-91.82118364236,39.116078232156,
    45.000088900178));
#2138 = ADVANCED_FACE('',(#2139),#2155,.T.);
#2139 = FACE_BOUND('',#2140,.T.);
#2140 = EDGE_LOOP('',(#2141,#2142,#2143,#2150));
#2141 = ORIENTED_EDGE('',*,*,#1379,.F.);
#2142 = ORIENTED_EDGE('',*,*,#2129,.T.);
#2143 = ORIENTED_EDGE('',*,*,#2144,.T.);
#2144 = EDGE_CURVE('',#2123,#2145,#2147,.T.);
#2145 = VERTEX_POINT('',#2146);
#2146 = CARTESIAN_POINT('',(-1.651003302007,39.116078232156,
    48.500096520193));
#2147 = B_SPLINE_CURVE_WITH_KNOTS('',1,(#2148,#2149),.UNSPECIFIED.,.F.,
  .F.,(2,2),(-888.75,2.66125E+03),.PIECEWISE_BEZIER_KNOTS.);
#2148 = CARTESIAN_POINT('',(-91.82118364236,39.116078232156,
    48.500096520193));
#2149 = CARTESIAN_POINT('',(-1.651003302007,39.116078232156,
    48.500096520193));
#2150 = ORIENTED_EDGE('',*,*,#2151,.F.);
#2151 = EDGE_CURVE('',#1380,#2145,#2152,.T.);
#2152 = B_SPLINE_CURVE_WITH_KNOTS('',1,(#2153,#2154),.UNSPECIFIED.,.F.,
  .F.,(2,2),(0.,137.7953),.PIECEWISE_BEZIER_KNOTS.);
#2153 = CARTESIAN_POINT('',(-1.651003302007,39.116078232156,
    45.000088900178));
#2154 = CARTESIAN_POINT('',(-1.651003302007,39.116078232156,
    48.500096520193));
#2155 = B_SPLINE_SURFACE_WITH_KNOTS('',1,1,(
    (#2156,#2157)
    ,(#2158,#2159
  )),.UNSPECIFIED.,.F.,.F.,.F.,(2,2),(2,2),(0.,3.55E+03),(-137.7953,0.),
  .PIECEWISE_BEZIER_KNOTS.);
#2156 = CARTESIAN_POINT('',(-91.82118364236,39.116078232156,
    48.500096520193));
#2157 = CARTESIAN_POINT('',(-91.82118364236,39.116078232156,
    45.000088900178));
#2158 = CARTESIAN_POINT('',(-1.651003302007,39.116078232156,
    48.500096520193));
#2159 = CARTESIAN_POINT('',(-1.651003302007,39.116078232156,
    45.000088900178));
#2160 = ADVANCED_FACE('',(#2161),#2177,.T.);
#2161 = FACE_BOUND('',#2162,.T.);
#2162 = EDGE_LOOP('',(#2163,#2164,#2165,#2172));
#2163 = ORIENTED_EDGE('',*,*,#1386,.F.);
#2164 = ORIENTED_EDGE('',*,*,#2151,.T.);
#2165 = ORIENTED_EDGE('',*,*,#2166,.T.);
#2166 = EDGE_CURVE('',#2145,#2167,#2169,.T.);
#2167 = VERTEX_POINT('',#2168);
#2168 = CARTESIAN_POINT('',(-1.651003302007,-3.556007112014,
    48.500096520193));
#2169 = B_SPLINE_CURVE_WITH_KNOTS('',1,(#2170,#2171),.UNSPECIFIED.,.F.,
  .F.,(2,2),(-133.75,1.54625E+03),.PIECEWISE_BEZIER_KNOTS.);
#2170 = CARTESIAN_POINT('',(-1.651003302007,39.116078232156,
    48.500096520193));
#2171 = CARTESIAN_POINT('',(-1.651003302007,-3.556007112014,
    48.500096520193));
#2172 = ORIENTED_EDGE('',*,*,#2173,.F.);
#2173 = EDGE_CURVE('',#1387,#2167,#2174,.T.);
#2174 = B_SPLINE_CURVE_WITH_KNOTS('',1,(#2175,#2176),.UNSPECIFIED.,.F.,
  .F.,(2,2),(0.,137.7953),.PIECEWISE_BEZIER_KNOTS.);
#2175 = CARTESIAN_POINT('',(-1.651003302007,-3.556007112014,
    45.000088900178));
#2176 = CARTESIAN_POINT('',(-1.651003302007,-3.556007112014,
    48.500096520193));
#2177 = B_SPLINE_SURFACE_WITH_KNOTS('',1,1,(
    (#2178,#2179)
    ,(#2180,#2181
  )),.UNSPECIFIED.,.F.,.F.,.F.,(2,2),(2,2),(0.,1.68E+03),(-137.7953,0.),
  .PIECEWISE_BEZIER_KNOTS.);
#2178 = CARTESIAN_POINT('',(-1.651003302007,39.116078232156,
    48.500096520193));
#2179 = CARTESIAN_POINT('',(-1.651003302007,39.116078232156,
    45.000088900178));
#2180 = CARTESIAN_POINT('',(-1.651003302007,-3.556007112014,
    48.500096520193));
#2181 = CARTESIAN_POINT('',(-1.651003302007,-3.556007112014,
    45.000088900178));
#2182 = ADVANCED_FACE('',(#2183),#2193,.T.);
#2183 = FACE_BOUND('',#2184,.T.);
#2184 = EDGE_LOOP('',(#2185,#2186,#2187,#2192));
#2185 = ORIENTED_EDGE('',*,*,#1393,.F.);
#2186 = ORIENTED_EDGE('',*,*,#2173,.T.);
#2187 = ORIENTED_EDGE('',*,*,#2188,.T.);
#2188 = EDGE_CURVE('',#2167,#2116,#2189,.T.);
#2189 = B_SPLINE_CURVE_WITH_KNOTS('',1,(#2190,#2191),.UNSPECIFIED.,.F.,
  .F.,(2,2),(-886.25,2.66375E+03),.PIECEWISE_BEZIER_KNOTS.);
#2190 = CARTESIAN_POINT('',(-1.651003302007,-3.556007112014,
    48.500096520193));
#2191 = CARTESIAN_POINT('',(-91.82118364236,-3.556007112014,
    48.500096520193));
#2192 = ORIENTED_EDGE('',*,*,#2115,.F.);
#2193 = B_SPLINE_SURFACE_WITH_KNOTS('',1,1,(
    (#2194,#2195)
    ,(#2196,#2197
  )),.UNSPECIFIED.,.F.,.F.,.F.,(2,2),(2,2),(0.,3.55E+03),(-137.7953,0.),
  .PIECEWISE_BEZIER_KNOTS.);
#2194 = CARTESIAN_POINT('',(-1.651003302007,-3.556007112014,
    48.500096520193));
#2195 = CARTESIAN_POINT('',(-1.651003302007,-3.556007112014,
    45.000088900178));
#2196 = CARTESIAN_POINT('',(-91.82118364236,-3.556007112014,
    48.500096520193));
#2197 = CARTESIAN_POINT('',(-91.82118364236,-3.556007112014,
    45.000088900178));
#2198 = ADVANCED_FACE('',(#2199),#2209,.F.);
#2199 = FACE_BOUND('',#2200,.F.);
#2200 = EDGE_LOOP('',(#2201,#2202,#2203,#2208));
#2201 = ORIENTED_EDGE('',*,*,#1492,.F.);
#2202 = ORIENTED_EDGE('',*,*,#1400,.F.);
#2203 = ORIENTED_EDGE('',*,*,#2204,.F.);
#2204 = EDGE_CURVE('',#1469,#1401,#2205,.T.);
#2205 = B_SPLINE_CURVE_WITH_KNOTS('',1,(#2206,#2207),.UNSPECIFIED.,.F.,
  .F.,(2,2),(0.,196.8504),.PIECEWISE_BEZIER_KNOTS.);
#2206 = CARTESIAN_POINT('',(-88.90017780035,0.127000254001,
    50.000099060198));
#2207 = CARTESIAN_POINT('',(-88.90017780035,0.127000254001,
    45.000088900178));
#2208 = ORIENTED_EDGE('',*,*,#1468,.F.);
#2209 = B_SPLINE_SURFACE_WITH_KNOTS('',1,1,(
    (#2210,#2211)
    ,(#2212,#2213
  )),.UNSPECIFIED.,.F.,.F.,.F.,(2,2),(2,2),(0.,1.385E+03),(-590.55,
    -393.6996),.PIECEWISE_BEZIER_KNOTS.);
#2210 = CARTESIAN_POINT('',(-88.90017780035,0.127000254001,
    50.000099060198));
#2211 = CARTESIAN_POINT('',(-88.90017780035,0.127000254001,
    45.000088900178));
#2212 = CARTESIAN_POINT('',(-88.90017780035,35.306070612141,
    50.000099060198));
#2213 = CARTESIAN_POINT('',(-88.90017780035,35.306070612141,
    45.000088900178));
#2214 = ADVANCED_FACE('',(#2215),#2221,.F.);
#2215 = FACE_BOUND('',#2216,.F.);
#2216 = EDGE_LOOP('',(#2217,#2218,#2219,#2220));
#2217 = ORIENTED_EDGE('',*,*,#1475,.F.);
#2218 = ORIENTED_EDGE('',*,*,#2204,.T.);
#2219 = ORIENTED_EDGE('',*,*,#1409,.F.);
#2220 = ORIENTED_EDGE('',*,*,#1438,.T.);
#2221 = B_SPLINE_SURFACE_WITH_KNOTS('',1,1,(
    (#2222,#2223)
    ,(#2224,#2225
    )),.UNSPECIFIED.,.F.,.F.,.F.,(2,2),(2,2),(0.,3.3175277E+03),(-590.55
    ,-393.6996),.PIECEWISE_BEZIER_KNOTS.);
#2222 = CARTESIAN_POINT('',(-4.634805689611,0.127000254001,
    50.000099060198));
#2223 = CARTESIAN_POINT('',(-4.634805689611,0.127000254001,
    45.000088900178));
#2224 = CARTESIAN_POINT('',(-88.90017780035,0.127000254001,
    50.000099060198));
#2225 = CARTESIAN_POINT('',(-88.90017780035,0.127000254001,
    45.000088900178));
#2226 = ADVANCED_FACE('',(#2227),#2249,.T.);
#2227 = FACE_BOUND('',#2228,.T.);
#2228 = EDGE_LOOP('',(#2229,#2230,#2237,#2244));
#2229 = ORIENTED_EDGE('',*,*,#1506,.F.);
#2230 = ORIENTED_EDGE('',*,*,#2231,.T.);
#2231 = EDGE_CURVE('',#1507,#2232,#2234,.T.);
#2232 = VERTEX_POINT('',#2233);
#2233 = CARTESIAN_POINT('',(-92.58318516637,48.006096012192,
    48.500096520193));
#2234 = B_SPLINE_CURVE_WITH_KNOTS('',1,(#2235,#2236),.UNSPECIFIED.,.F.,
  .F.,(2,2),(0.,137.7953),.PIECEWISE_BEZIER_KNOTS.);
#2235 = CARTESIAN_POINT('',(-92.58318516637,48.006096012192,
    45.000088900178));
#2236 = CARTESIAN_POINT('',(-92.58318516637,48.006096012192,
    48.500096520193));
#2237 = ORIENTED_EDGE('',*,*,#2238,.T.);
#2238 = EDGE_CURVE('',#2232,#2239,#2241,.T.);
#2239 = VERTEX_POINT('',#2240);
#2240 = CARTESIAN_POINT('',(-92.58318516637,71.247142494285,
    48.500096520193));
#2241 = B_SPLINE_CURVE_WITH_KNOTS('',1,(#2242,#2243),.UNSPECIFIED.,.F.,
  .F.,(2,2),(308.75,1.22375E+03),.PIECEWISE_BEZIER_KNOTS.);
#2242 = CARTESIAN_POINT('',(-92.58318516637,48.006096012192,
    48.500096520193));
#2243 = CARTESIAN_POINT('',(-92.58318516637,71.247142494285,
    48.500096520193));
#2244 = ORIENTED_EDGE('',*,*,#2245,.F.);
#2245 = EDGE_CURVE('',#1509,#2239,#2246,.T.);
#2246 = B_SPLINE_CURVE_WITH_KNOTS('',1,(#2247,#2248),.UNSPECIFIED.,.F.,
  .F.,(2,2),(0.,137.7953),.PIECEWISE_BEZIER_KNOTS.);
#2247 = CARTESIAN_POINT('',(-92.58318516637,71.247142494285,
    45.000088900178));
#2248 = CARTESIAN_POINT('',(-92.58318516637,71.247142494285,
    48.500096520193));
#2249 = B_SPLINE_SURFACE_WITH_KNOTS('',1,1,(
    (#2250,#2251)
    ,(#2252,#2253
    )),.UNSPECIFIED.,.F.,.F.,.F.,(2,2),(2,2),(0.,915.),(-137.7953,0.),
  .PIECEWISE_BEZIER_KNOTS.);
#2250 = CARTESIAN_POINT('',(-92.58318516637,48.006096012192,
    48.500096520193));
#2251 = CARTESIAN_POINT('',(-92.58318516637,48.006096012192,
    45.000088900178));
#2252 = CARTESIAN_POINT('',(-92.58318516637,71.247142494285,
    48.500096520193));
#2253 = CARTESIAN_POINT('',(-92.58318516637,71.247142494285,
    45.000088900178));
#2254 = ADVANCED_FACE('',(#2255),#2271,.T.);
#2255 = FACE_BOUND('',#2256,.T.);
#2256 = EDGE_LOOP('',(#2257,#2258,#2259,#2266));
#2257 = ORIENTED_EDGE('',*,*,#1515,.F.);
#2258 = ORIENTED_EDGE('',*,*,#2245,.T.);
#2259 = ORIENTED_EDGE('',*,*,#2260,.T.);
#2260 = EDGE_CURVE('',#2239,#2261,#2263,.T.);
#2261 = VERTEX_POINT('',#2262);
#2262 = CARTESIAN_POINT('',(-78.23215646431,71.247142494285,
    48.500096520193));
#2263 = B_SPLINE_CURVE_WITH_KNOTS('',1,(#2264,#2265),.UNSPECIFIED.,.F.,
  .F.,(2,2),(-903.75,-338.75),.PIECEWISE_BEZIER_KNOTS.);
#2264 = CARTESIAN_POINT('',(-92.58318516637,71.247142494285,
    48.500096520193));
#2265 = CARTESIAN_POINT('',(-78.23215646431,71.247142494285,
    48.500096520193));
#2266 = ORIENTED_EDGE('',*,*,#2267,.F.);
#2267 = EDGE_CURVE('',#1516,#2261,#2268,.T.);
#2268 = B_SPLINE_CURVE_WITH_KNOTS('',1,(#2269,#2270),.UNSPECIFIED.,.F.,
  .F.,(2,2),(0.,137.7953),.PIECEWISE_BEZIER_KNOTS.);
#2269 = CARTESIAN_POINT('',(-78.23215646431,71.247142494285,
    45.000088900178));
#2270 = CARTESIAN_POINT('',(-78.23215646431,71.247142494285,
    48.500096520193));
#2271 = B_SPLINE_SURFACE_WITH_KNOTS('',1,1,(
    (#2272,#2273)
    ,(#2274,#2275
    )),.UNSPECIFIED.,.F.,.F.,.F.,(2,2),(2,2),(0.,565.),(-137.7953,0.),
  .PIECEWISE_BEZIER_KNOTS.);
#2272 = CARTESIAN_POINT('',(-92.58318516637,71.247142494285,
    48.500096520193));
#2273 = CARTESIAN_POINT('',(-92.58318516637,71.247142494285,
    45.000088900178));
#2274 = CARTESIAN_POINT('',(-78.23215646431,71.247142494285,
    48.500096520193));
#2275 = CARTESIAN_POINT('',(-78.23215646431,71.247142494285,
    45.000088900178));
#2276 = ADVANCED_FACE('',(#2277),#2293,.T.);
#2277 = FACE_BOUND('',#2278,.T.);
#2278 = EDGE_LOOP('',(#2279,#2280,#2281,#2288));
#2279 = ORIENTED_EDGE('',*,*,#1522,.F.);
#2280 = ORIENTED_EDGE('',*,*,#2267,.T.);
#2281 = ORIENTED_EDGE('',*,*,#2282,.T.);
#2282 = EDGE_CURVE('',#2261,#2283,#2285,.T.);
#2283 = VERTEX_POINT('',#2284);
#2284 = CARTESIAN_POINT('',(-78.23215646431,48.006096012192,
    48.500096520193));
#2285 = B_SPLINE_CURVE_WITH_KNOTS('',1,(#2286,#2287),.UNSPECIFIED.,.F.,
  .F.,(2,2),(-766.25,148.75),.PIECEWISE_BEZIER_KNOTS.);
#2286 = CARTESIAN_POINT('',(-78.23215646431,71.247142494285,
    48.500096520193));
#2287 = CARTESIAN_POINT('',(-78.23215646431,48.006096012192,
    48.500096520193));
#2288 = ORIENTED_EDGE('',*,*,#2289,.F.);
#2289 = EDGE_CURVE('',#1523,#2283,#2290,.T.);
#2290 = B_SPLINE_CURVE_WITH_KNOTS('',1,(#2291,#2292),.UNSPECIFIED.,.F.,
  .F.,(2,2),(0.,137.7953),.PIECEWISE_BEZIER_KNOTS.);
#2291 = CARTESIAN_POINT('',(-78.23215646431,48.006096012192,
    45.000088900178));
#2292 = CARTESIAN_POINT('',(-78.23215646431,48.006096012192,
    48.500096520193));
#2293 = B_SPLINE_SURFACE_WITH_KNOTS('',1,1,(
    (#2294,#2295)
    ,(#2296,#2297
    )),.UNSPECIFIED.,.F.,.F.,.F.,(2,2),(2,2),(0.,915.),(-137.7953,0.),
  .PIECEWISE_BEZIER_KNOTS.);
#2294 = CARTESIAN_POINT('',(-78.23215646431,71.247142494285,
    48.500096520193));
#2295 = CARTESIAN_POINT('',(-78.23215646431,71.247142494285,
    45.000088900178));
#2296 = CARTESIAN_POINT('',(-78.23215646431,48.006096012192,
    48.500096520193));
#2297 = CARTESIAN_POINT('',(-78.23215646431,48.006096012192,
    45.000088900178));
#2298 = ADVANCED_FACE('',(#2299),#2309,.T.);
#2299 = FACE_BOUND('',#2300,.T.);
#2300 = EDGE_LOOP('',(#2301,#2302,#2303,#2308));
#2301 = ORIENTED_EDGE('',*,*,#1529,.F.);
#2302 = ORIENTED_EDGE('',*,*,#2289,.T.);
#2303 = ORIENTED_EDGE('',*,*,#2304,.T.);
#2304 = EDGE_CURVE('',#2283,#2232,#2305,.T.);
#2305 = B_SPLINE_CURVE_WITH_KNOTS('',1,(#2306,#2307),.UNSPECIFIED.,.F.,
  .F.,(2,2),(621.25,1.18625E+03),.PIECEWISE_BEZIER_KNOTS.);
#2306 = CARTESIAN_POINT('',(-78.23215646431,48.006096012192,
    48.500096520193));
#2307 = CARTESIAN_POINT('',(-92.58318516637,48.006096012192,
    48.500096520193));
#2308 = ORIENTED_EDGE('',*,*,#2231,.F.);
#2309 = B_SPLINE_SURFACE_WITH_KNOTS('',1,1,(
    (#2310,#2311)
    ,(#2312,#2313
    )),.UNSPECIFIED.,.F.,.F.,.F.,(2,2),(2,2),(0.,565.),(-137.7953,0.),
  .PIECEWISE_BEZIER_KNOTS.);
#2310 = CARTESIAN_POINT('',(-78.23215646431,48.006096012192,
    48.500096520193));
#2311 = CARTESIAN_POINT('',(-78.23215646431,48.006096012192,
    45.000088900178));
#2312 = CARTESIAN_POINT('',(-92.58318516637,48.006096012192,
    48.500096520193));
#2313 = CARTESIAN_POINT('',(-92.58318516637,48.006096012192,
    45.000088900178));
#2314 = ADVANCED_FACE('',(#2315),#2325,.F.);
#2315 = FACE_BOUND('',#2316,.F.);
#2316 = EDGE_LOOP('',(#2317,#2322,#2323,#2324));
#2317 = ORIENTED_EDGE('',*,*,#2318,.F.);
#2318 = EDGE_CURVE('',#1539,#1604,#2319,.T.);
#2319 = B_SPLINE_CURVE_WITH_KNOTS('',1,(#2320,#2321),.UNSPECIFIED.,.F.,
  .F.,(2,2),(0.,196.8504),.PIECEWISE_BEZIER_KNOTS.);
#2320 = CARTESIAN_POINT('',(-90.55118110236,69.342138684277,
    45.000088900178));
#2321 = CARTESIAN_POINT('',(-90.55118110236,69.342138684277,
    50.000099060198));
#2322 = ORIENTED_EDGE('',*,*,#1536,.F.);
#2323 = ORIENTED_EDGE('',*,*,#1581,.F.);
#2324 = ORIENTED_EDGE('',*,*,#1610,.F.);
#2325 = B_SPLINE_SURFACE_WITH_KNOTS('',1,1,(
    (#2326,#2327)
    ,(#2328,#2329
    )),.UNSPECIFIED.,.F.,.F.,.F.,(2,2),(2,2),(0.,785.),(-590.55,
    -393.6996),.PIECEWISE_BEZIER_KNOTS.);
#2326 = CARTESIAN_POINT('',(-90.55118110236,49.403098806198,
    50.000099060198));
#2327 = CARTESIAN_POINT('',(-90.55118110236,49.403098806198,
    45.000088900178));
#2328 = CARTESIAN_POINT('',(-90.55118110236,69.342138684277,
    50.000099060198));
#2329 = CARTESIAN_POINT('',(-90.55118110236,69.342138684277,
    45.000088900178));
#2330 = ADVANCED_FACE('',(#2331),#2337,.F.);
#2331 = FACE_BOUND('',#2332,.F.);
#2332 = EDGE_LOOP('',(#2333,#2334,#2335,#2336));
#2333 = ORIENTED_EDGE('',*,*,#1628,.F.);
#2334 = ORIENTED_EDGE('',*,*,#1561,.F.);
#2335 = ORIENTED_EDGE('',*,*,#2318,.T.);
#2336 = ORIENTED_EDGE('',*,*,#1603,.F.);
#2337 = B_SPLINE_SURFACE_WITH_KNOTS('',1,1,(
    (#2338,#2339)
    ,(#2340,#2341
    )),.UNSPECIFIED.,.F.,.F.,.F.,(2,2),(2,2),(0.,400.),(-590.55,
    -393.6996),.PIECEWISE_BEZIER_KNOTS.);
#2338 = CARTESIAN_POINT('',(-90.55118110236,69.342138684277,
    50.000099060198));
#2339 = CARTESIAN_POINT('',(-90.55118110236,69.342138684277,
    45.000088900178));
#2340 = CARTESIAN_POINT('',(-80.39116078232,69.342138684277,
    50.000099060198));
#2341 = CARTESIAN_POINT('',(-80.39116078232,69.342138684277,
    45.000088900178));
#2342 = ADVANCED_FACE('',(#2343),#2444,.T.);
#2343 = FACE_BOUND('',#2344,.T.);
#2344 = EDGE_LOOP('',(#2345,#2382,#2388,#2389,#2390));
#2345 = ORIENTED_EDGE('',*,*,#2346,.F.);
#2346 = EDGE_CURVE('',#2347,#2349,#2351,.T.);
#2347 = VERTEX_POINT('',#2348);
#2348 = CARTESIAN_POINT('',(-61.26,67.141652449756,48.500096520193));
#2349 = VERTEX_POINT('',#2350);
#2350 = CARTESIAN_POINT('',(-65.18870140213,69.193191458289,
    48.500096520193));
#2351 = B_SPLINE_CURVE_WITH_KNOTS('',8,(#2352,#2353,#2354,#2355,#2356,
    #2357,#2358,#2359,#2360,#2361,#2362,#2363,#2364,#2365,#2366,#2367,
    #2368,#2369,#2370,#2371,#2372,#2373,#2374,#2375,#2376,#2377,#2378,
    #2379,#2380,#2381),.UNSPECIFIED.,.F.,.F.,(9,7,7,7,9),(0.,
    0.236901074228,0.498656898803,0.747387856279,1.),.UNSPECIFIED.);
#2352 = CARTESIAN_POINT('',(-61.26,67.141652449756,48.500096520193));
#2353 = CARTESIAN_POINT('',(-61.26,67.302960480667,48.500096520193));
#2354 = CARTESIAN_POINT('',(-61.27189502094,67.46429115975,
    48.500096520193));
#2355 = CARTESIAN_POINT('',(-61.29569068264,67.624591107271,
    48.500096520193));
#2356 = CARTESIAN_POINT('',(-61.33127541469,67.782835429583,
    48.500096520193));
#2357 = CARTESIAN_POINT('',(-61.37843681132,67.938025032034,
    48.500096520193));
#2358 = CARTESIAN_POINT('',(-61.43686716706,68.089185939027,
    48.500096520193));
#2359 = CARTESIAN_POINT('',(-61.50615829908,68.235371357112,
    48.500096520193));
#2360 = CARTESIAN_POINT('',(-61.67376743152,68.530682379242,
    48.500096520193));
#2361 = CARTESIAN_POINT('',(-61.77440003773,68.678563520195,
    48.500096520193));
#2362 = CARTESIAN_POINT('',(-61.88698375051,68.818055468569,
    48.500096520193));
#2363 = CARTESIAN_POINT('',(-62.01068652744,68.948037192266,
    48.500096520193));
#2364 = CARTESIAN_POINT('',(-62.14456862008,69.067500230684,
    48.500096520193));
#2365 = CARTESIAN_POINT('',(-62.28759119783,69.175541530983,
    48.500096520193));
#2366 = CARTESIAN_POINT('',(-62.43861114413,69.271370758026,
    48.500096520193));
#2367 = CARTESIAN_POINT('',(-62.7462672918,69.433165411241,
    48.500096520193));
#2368 = CARTESIAN_POINT('',(-62.90229480093,69.500403160605,
    48.500096520193));
#2369 = CARTESIAN_POINT('',(-63.06336863455,69.555471390417,
    48.500096520193));
#2370 = CARTESIAN_POINT('',(-63.22837663027,69.597941078813,
    48.500096520193));
#2371 = CARTESIAN_POINT('',(-63.39617881543,69.627502824888,
    48.500096520193));
#2372 = CARTESIAN_POINT('',(-63.56560855666,69.643966287119,
    48.500096520193));
#2373 = CARTESIAN_POINT('',(-63.73547302784,69.647262411325,
    48.500096520193));
#2374 = CARTESIAN_POINT('',(-64.07626487451,69.627524831151,
    48.500096520193));
#2375 = CARTESIAN_POINT('',(-64.24722780758,69.604075979801,
    48.500096520193));
#2376 = CARTESIAN_POINT('',(-64.41615775883,69.56718941571,
    48.500096520193));
#2377 = CARTESIAN_POINT('',(-64.58182326646,69.517083415597,
    48.500096520193));
#2378 = CARTESIAN_POINT('',(-64.74303462186,69.454100671868,
    48.500096520193));
#2379 = CARTESIAN_POINT('',(-64.89864456412,69.378706577578,
    48.500096520193));
#2380 = CARTESIAN_POINT('',(-65.04754963453,69.291490212275,
    48.500096520193));
#2381 = CARTESIAN_POINT('',(-65.18870140213,69.193191458289,
    48.500096520193));
#2382 = ORIENTED_EDGE('',*,*,#2383,.F.);
#2383 = EDGE_CURVE('',#1655,#2347,#2384,.T.);
#2384 = LINE('',#2385,#2386);
#2385 = CARTESIAN_POINT('',(-61.26,67.141652449756,45.5));
#2386 = VECTOR('',#2387,1.);
#2387 = DIRECTION('',(0.,0.,1.));
#2388 = ORIENTED_EDGE('',*,*,#1654,.T.);
#2389 = ORIENTED_EDGE('',*,*,#2383,.T.);
#2390 = ORIENTED_EDGE('',*,*,#2391,.F.);
#2391 = EDGE_CURVE('',#2349,#2347,#2392,.T.);
#2392 = B_SPLINE_CURVE_WITH_KNOTS('',8,(#2393,#2394,#2395,#2396,#2397,
    #2398,#2399,#2400,#2401,#2402,#2403,#2404,#2405,#2406,#2407,#2408,
    #2409,#2410,#2411,#2412,#2413,#2414,#2415,#2416,#2417,#2418,#2419,
    #2420,#2421,#2422,#2423,#2424,#2425,#2426,#2427,#2428,#2429,#2430,
    #2431,#2432,#2433,#2434,#2435,#2436,#2437,#2438,#2439,#2440,#2441,
    #2442,#2443),.UNSPECIFIED.,.F.,.F.,(9,7,7,7,7,7,7,9),(0.,
    0.180180592537,0.314311805581,0.492845027429,0.634285955306,
    0.79397517775,0.90187285617,1.),.UNSPECIFIED.);
#2393 = CARTESIAN_POINT('',(-65.18870140213,69.193191458289,
    48.500096520193));
#2394 = CARTESIAN_POINT('',(-65.37830583315,69.061150041906,
    48.500096520193));
#2395 = CARTESIAN_POINT('',(-65.55406962947,68.909008063833,
    48.500096520193));
#2396 = CARTESIAN_POINT('',(-65.71334238667,68.738553293848,
    48.500096520193));
#2397 = CARTESIAN_POINT('',(-65.8539479316,68.551920080196,
    48.500096520193));
#2398 = CARTESIAN_POINT('',(-65.9740403266,68.351471897645,
    48.500096520193));
#2399 = CARTESIAN_POINT('',(-66.07212404815,68.139807636267,
    48.500096520193));
#2400 = CARTESIAN_POINT('',(-66.14704003428,67.919744277556,
    48.500096520193));
#2401 = CARTESIAN_POINT('',(-66.23615740914,67.526658962024,
    48.500096520193));
#2402 = CARTESIAN_POINT('',(-66.26100322634,67.355897110791,
    48.500096520193));
#2403 = CARTESIAN_POINT('',(-66.27237415302,67.183370532348,
    48.500096520193));
#2404 = CARTESIAN_POINT('',(-66.27014041676,67.01032244218,
    48.500096520193));
#2405 = CARTESIAN_POINT('',(-66.25430315405,66.837988750672,
    48.500096520193));
#2406 = CARTESIAN_POINT('',(-66.22499192485,66.667596941011,
    48.500096520193));
#2407 = CARTESIAN_POINT('',(-66.18246514376,66.50036472569,
    48.500096520193));
#2408 = CARTESIAN_POINT('',(-66.05349130359,66.120713633546,
    48.500096520193));
#2409 = CARTESIAN_POINT('',(-65.95711743729,65.911521298045,
    48.500096520193));
#2410 = CARTESIAN_POINT('',(-65.83897169077,65.712877548894,
    48.500096520193));
#2411 = CARTESIAN_POINT('',(-65.70045812345,65.527394228451,
    48.500096520193));
#2412 = CARTESIAN_POINT('',(-65.54328275859,65.357438751679,
    48.500096520193));
#2413 = CARTESIAN_POINT('',(-65.369463657,65.205117548248,
    48.500096520193));
#2414 = CARTESIAN_POINT('',(-65.18131275904,65.072283778592,
    48.500096520193));
#2415 = CARTESIAN_POINT('',(-64.82330418095,64.871788330009,
    48.500096520193));
#2416 = CARTESIAN_POINT('',(-64.65767215411,64.796266820446,
    48.500096520193));
#2417 = CARTESIAN_POINT('',(-64.48597259825,64.73459598451,
    48.500096520193));
#2418 = CARTESIAN_POINT('',(-64.3095643962,64.687326486698,
    48.500096520193));
#2419 = CARTESIAN_POINT('',(-64.12984339344,64.654852786121,
    48.500096520193));
#2420 = CARTESIAN_POINT('',(-63.94824061238,64.637413404384,
    48.500096520193));
#2421 = CARTESIAN_POINT('',(-63.76622110389,64.635089425533,
    48.500096520193));
#2422 = CARTESIAN_POINT('',(-63.38101469249,64.662075240223,
    48.500096520193));
#2423 = CARTESIAN_POINT('',(-63.17801521042,64.695512822011,
    48.500096520193));
#2424 = CARTESIAN_POINT('',(-62.97847861663,64.747945283876,
    48.500096520193));
#2425 = CARTESIAN_POINT('',(-62.78447088907,64.818922866075,
    48.500096520193));
#2426 = CARTESIAN_POINT('',(-62.59796206212,64.907758954225,
    48.500096520193));
#2427 = CARTESIAN_POINT('',(-62.42082219387,65.013528224066,
    48.500096520193));
#2428 = CARTESIAN_POINT('',(-62.25481951255,65.135071321895,
    48.500096520193));
#2429 = CARTESIAN_POINT('',(-61.99804283733,65.362705509412,
    48.500096520193));
#2430 = CARTESIAN_POINT('',(-61.90030049231,65.461052321861,
    48.500096520193));
#2431 = CARTESIAN_POINT('',(-61.80884893613,65.565519257217,
    48.500096520193));
#2432 = CARTESIAN_POINT('',(-61.72413561008,65.675633590567,
    48.500096520193));
#2433 = CARTESIAN_POINT('',(-61.64656099007,65.790888808638,
    48.500096520193));
#2434 = CARTESIAN_POINT('',(-61.57647858662,65.910744609786,
    48.500096520193));
#2435 = CARTESIAN_POINT('',(-61.51419494486,66.034626904005,
    48.500096520193));
#2436 = CARTESIAN_POINT('',(-61.41065464611,66.277701152829,
    48.500096520193));
#2437 = CARTESIAN_POINT('',(-61.36799853349,66.396315501203,
    48.500096520193));
#2438 = CARTESIAN_POINT('',(-61.33219366549,66.517316877426,
    48.500096520193));
#2439 = CARTESIAN_POINT('',(-61.30339441709,66.640242746609,
    48.500096520193));
#2440 = CARTESIAN_POINT('',(-61.28171697078,66.764622223061,
    48.500096520193));
#2441 = CARTESIAN_POINT('',(-61.26723910792,66.889976273748,
    48.500096520193));
#2442 = CARTESIAN_POINT('',(-61.26,67.015817921755,48.500096520193));
#2443 = CARTESIAN_POINT('',(-61.26,67.141652449756,48.500096520193));
#2444 = CYLINDRICAL_SURFACE('',#2445,2.5);
#2445 = AXIS2_PLACEMENT_3D('',#2446,#2447,#2448);
#2446 = CARTESIAN_POINT('',(-63.76,67.141652449756,45.5));
#2447 = DIRECTION('',(0.,0.,1.));
#2448 = DIRECTION('',(1.,0.,-0.));
#2449 = ADVANCED_FACE('',(#2450),#2472,.T.);
#2450 = FACE_BOUND('',#2451,.T.);
#2451 = EDGE_LOOP('',(#2452,#2453,#2460,#2467));
#2452 = ORIENTED_EDGE('',*,*,#1674,.F.);
#2453 = ORIENTED_EDGE('',*,*,#2454,.T.);
#2454 = EDGE_CURVE('',#1675,#2455,#2457,.T.);
#2455 = VERTEX_POINT('',#2456);
#2456 = CARTESIAN_POINT('',(-8.763017526035,80.518161036322,
    48.500096520193));
#2457 = B_SPLINE_CURVE_WITH_KNOTS('',1,(#2458,#2459),.UNSPECIFIED.,.F.,
  .F.,(2,2),(0.,31.4961),.PIECEWISE_BEZIER_KNOTS.);
#2458 = CARTESIAN_POINT('',(-8.763017526035,80.518161036322,
    47.700093980188));
#2459 = CARTESIAN_POINT('',(-8.763017526035,80.518161036322,
    48.500096520193));
#2460 = ORIENTED_EDGE('',*,*,#2461,.T.);
#2461 = EDGE_CURVE('',#2455,#2462,#2464,.T.);
#2462 = VERTEX_POINT('',#2463);
#2463 = CARTESIAN_POINT('',(-8.763017526035,52.070104140208,
    48.500096520193));
#2464 = B_SPLINE_CURVE_WITH_KNOTS('',1,(#2465,#2466),.UNSPECIFIED.,.F.,
  .F.,(2,2),(-948.75,171.25),.PIECEWISE_BEZIER_KNOTS.);
#2465 = CARTESIAN_POINT('',(-8.763017526035,80.518161036322,
    48.500096520193));
#2466 = CARTESIAN_POINT('',(-8.763017526035,52.070104140208,
    48.500096520193));
#2467 = ORIENTED_EDGE('',*,*,#2468,.F.);
#2468 = EDGE_CURVE('',#1677,#2462,#2469,.T.);
#2469 = B_SPLINE_CURVE_WITH_KNOTS('',1,(#2470,#2471),.UNSPECIFIED.,.F.,
  .F.,(2,2),(0.,31.4961),.PIECEWISE_BEZIER_KNOTS.);
#2470 = CARTESIAN_POINT('',(-8.763017526035,52.070104140208,
    47.700093980188));
#2471 = CARTESIAN_POINT('',(-8.763017526035,52.070104140208,
    48.500096520193));
#2472 = B_SPLINE_SURFACE_WITH_KNOTS('',1,1,(
    (#2473,#2474)
    ,(#2475,#2476
  )),.UNSPECIFIED.,.F.,.F.,.F.,(2,2),(2,2),(0.,1.12E+03),(-31.4961,0.),
  .PIECEWISE_BEZIER_KNOTS.);
#2473 = CARTESIAN_POINT('',(-8.763017526035,80.518161036322,
    48.500096520193));
#2474 = CARTESIAN_POINT('',(-8.763017526035,80.518161036322,
    47.700093980188));
#2475 = CARTESIAN_POINT('',(-8.763017526035,52.070104140208,
    48.500096520193));
#2476 = CARTESIAN_POINT('',(-8.763017526035,52.070104140208,
    47.700093980188));
#2477 = ADVANCED_FACE('',(#2478),#2494,.T.);
#2478 = FACE_BOUND('',#2479,.T.);
#2479 = EDGE_LOOP('',(#2480,#2481,#2482,#2489));
#2480 = ORIENTED_EDGE('',*,*,#1683,.F.);
#2481 = ORIENTED_EDGE('',*,*,#2468,.T.);
#2482 = ORIENTED_EDGE('',*,*,#2483,.T.);
#2483 = EDGE_CURVE('',#2462,#2484,#2486,.T.);
#2484 = VERTEX_POINT('',#2485);
#2485 = CARTESIAN_POINT('',(-41.78308356616,52.070104140208,
    48.500096520193));
#2486 = B_SPLINE_CURVE_WITH_KNOTS('',1,(#2487,#2488),.UNSPECIFIED.,.F.,
  .F.,(2,2),(-746.25,553.75),.PIECEWISE_BEZIER_KNOTS.);
#2487 = CARTESIAN_POINT('',(-8.763017526035,52.070104140208,
    48.500096520193));
#2488 = CARTESIAN_POINT('',(-41.78308356616,52.070104140208,
    48.500096520193));
#2489 = ORIENTED_EDGE('',*,*,#2490,.F.);
#2490 = EDGE_CURVE('',#1684,#2484,#2491,.T.);
#2491 = B_SPLINE_CURVE_WITH_KNOTS('',1,(#2492,#2493),.UNSPECIFIED.,.F.,
  .F.,(2,2),(0.,31.4961),.PIECEWISE_BEZIER_KNOTS.);
#2492 = CARTESIAN_POINT('',(-41.78308356616,52.070104140208,
    47.700093980188));
#2493 = CARTESIAN_POINT('',(-41.78308356616,52.070104140208,
    48.500096520193));
#2494 = B_SPLINE_SURFACE_WITH_KNOTS('',1,1,(
    (#2495,#2496)
    ,(#2497,#2498
    )),.UNSPECIFIED.,.F.,.F.,.F.,(2,2),(2,2),(0.,1.3E+03),(-31.4961,0.),
  .PIECEWISE_BEZIER_KNOTS.);
#2495 = CARTESIAN_POINT('',(-8.763017526035,52.070104140208,
    48.500096520193));
#2496 = CARTESIAN_POINT('',(-8.763017526035,52.070104140208,
    47.700093980188));
#2497 = CARTESIAN_POINT('',(-41.78308356616,52.070104140208,
    48.500096520193));
#2498 = CARTESIAN_POINT('',(-41.78308356616,52.070104140208,
    47.700093980188));
#2499 = ADVANCED_FACE('',(#2500),#2516,.T.);
#2500 = FACE_BOUND('',#2501,.T.);
#2501 = EDGE_LOOP('',(#2502,#2503,#2504,#2511));
#2502 = ORIENTED_EDGE('',*,*,#1690,.F.);
#2503 = ORIENTED_EDGE('',*,*,#2490,.T.);
#2504 = ORIENTED_EDGE('',*,*,#2505,.T.);
#2505 = EDGE_CURVE('',#2484,#2506,#2508,.T.);
#2506 = VERTEX_POINT('',#2507);
#2507 = CARTESIAN_POINT('',(-41.78308356616,80.518161036322,
    48.500096520193));
#2508 = B_SPLINE_CURVE_WITH_KNOTS('',1,(#2509,#2510),.UNSPECIFIED.,.F.,
  .F.,(2,2),(388.75,1.50875E+03),.PIECEWISE_BEZIER_KNOTS.);
#2509 = CARTESIAN_POINT('',(-41.78308356616,52.070104140208,
    48.500096520193));
#2510 = CARTESIAN_POINT('',(-41.78308356616,80.518161036322,
    48.500096520193));
#2511 = ORIENTED_EDGE('',*,*,#2512,.F.);
#2512 = EDGE_CURVE('',#1691,#2506,#2513,.T.);
#2513 = B_SPLINE_CURVE_WITH_KNOTS('',1,(#2514,#2515),.UNSPECIFIED.,.F.,
  .F.,(2,2),(0.,31.4961),.PIECEWISE_BEZIER_KNOTS.);
#2514 = CARTESIAN_POINT('',(-41.78308356616,80.518161036322,
    47.700093980188));
#2515 = CARTESIAN_POINT('',(-41.78308356616,80.518161036322,
    48.500096520193));
#2516 = B_SPLINE_SURFACE_WITH_KNOTS('',1,1,(
    (#2517,#2518)
    ,(#2519,#2520
  )),.UNSPECIFIED.,.F.,.F.,.F.,(2,2),(2,2),(0.,1.12E+03),(-31.4961,0.),
  .PIECEWISE_BEZIER_KNOTS.);
#2517 = CARTESIAN_POINT('',(-41.78308356616,52.070104140208,
    48.500096520193));
#2518 = CARTESIAN_POINT('',(-41.78308356616,52.070104140208,
    47.700093980188));
#2519 = CARTESIAN_POINT('',(-41.78308356616,80.518161036322,
    48.500096520193));
#2520 = CARTESIAN_POINT('',(-41.78308356616,80.518161036322,
    47.700093980188));
#2521 = ADVANCED_FACE('',(#2522),#2538,.T.);
#2522 = FACE_BOUND('',#2523,.T.);
#2523 = EDGE_LOOP('',(#2524,#2525,#2526,#2533));
#2524 = ORIENTED_EDGE('',*,*,#1697,.F.);
#2525 = ORIENTED_EDGE('',*,*,#2512,.T.);
#2526 = ORIENTED_EDGE('',*,*,#2527,.T.);
#2527 = EDGE_CURVE('',#2506,#2528,#2530,.T.);
#2528 = VERTEX_POINT('',#2529);
#2529 = CARTESIAN_POINT('',(-37.86694775039,80.518161036322,
    48.500096520193));
#2530 = B_SPLINE_CURVE_WITH_KNOTS('',1,(#2531,#2532),.UNSPECIFIED.,.F.,
  .F.,(2,2),(96.25,250.4282670668),.PIECEWISE_BEZIER_KNOTS.);
#2531 = CARTESIAN_POINT('',(-41.78308356616,80.518161036322,
    48.500096520193));
#2532 = CARTESIAN_POINT('',(-37.86694775039,80.518161036322,
    48.500096520193));
#2533 = ORIENTED_EDGE('',*,*,#2534,.F.);
#2534 = EDGE_CURVE('',#1698,#2528,#2535,.T.);
#2535 = B_SPLINE_CURVE_WITH_KNOTS('',1,(#2536,#2537),.UNSPECIFIED.,.F.,
  .F.,(2,2),(27.559,59.0551),.PIECEWISE_BEZIER_KNOTS.);
#2536 = CARTESIAN_POINT('',(-37.86694775039,80.518161036322,
    47.700093980188));
#2537 = CARTESIAN_POINT('',(-37.86694775039,80.518161036322,
    48.500096520193));
#2538 = B_SPLINE_SURFACE_WITH_KNOTS('',1,1,(
    (#2539,#2540)
    ,(#2541,#2542
    )),.UNSPECIFIED.,.F.,.F.,.F.,(2,2),(2,2),(0.,154.1782670668),(
    -31.4961,0.),.PIECEWISE_BEZIER_KNOTS.);
#2539 = CARTESIAN_POINT('',(-41.78308356616,80.518161036322,
    48.500096520193));
#2540 = CARTESIAN_POINT('',(-41.78308356616,80.518161036322,
    47.700093980188));
#2541 = CARTESIAN_POINT('',(-37.86694775039,80.518161036322,
    48.500096520193));
#2542 = CARTESIAN_POINT('',(-37.86694775039,80.518161036322,
    47.700093980188));
#2543 = ADVANCED_FACE('',(#2544),#2580,.T.);
#2544 = FACE_BOUND('',#2545,.T.);
#2545 = EDGE_LOOP('',(#2546,#2554,#2559,#2560,#2567,#2577,#2578,#2579));
#2546 = ORIENTED_EDGE('',*,*,#2547,.F.);
#2547 = EDGE_CURVE('',#2548,#2528,#2550,.T.);
#2548 = VERTEX_POINT('',#2549);
#2549 = CARTESIAN_POINT('',(-35.53919906189,80.518161036322,
    48.500096520193));
#2550 = ( BOUNDED_CURVE() B_SPLINE_CURVE(2,(#2551,#2552,#2553),
.UNSPECIFIED.,.F.,.F.) B_SPLINE_CURVE_WITH_KNOTS((3,3),(0.956756110033,
2.184836543557),.PIECEWISE_BEZIER_KNOTS.) CURVE() 
GEOMETRIC_REPRESENTATION_ITEM() RATIONAL_B_SPLINE_CURVE((1.,
0.817326825735,1.)) REPRESENTATION_ITEM('') );
#2551 = CARTESIAN_POINT('',(-35.53919906189,80.518161036322,
    48.500096520193));
#2552 = CARTESIAN_POINT('',(-36.70307340614,81.338633949709,
    48.500096520193));
#2553 = CARTESIAN_POINT('',(-37.86694775039,80.518161036322,
    48.500096520193));
#2554 = ORIENTED_EDGE('',*,*,#2555,.F.);
#2555 = EDGE_CURVE('',#1715,#2548,#2556,.T.);
#2556 = B_SPLINE_CURVE_WITH_KNOTS('',1,(#2557,#2558),.UNSPECIFIED.,.F.,
  .F.,(2,2),(27.559,59.0551),.PIECEWISE_BEZIER_KNOTS.);
#2557 = CARTESIAN_POINT('',(-35.53919906189,80.518161036322,
    47.700093980188));
#2558 = CARTESIAN_POINT('',(-35.53919906189,80.518161036322,
    48.500096520193));
#2559 = ORIENTED_EDGE('',*,*,#1714,.F.);
#2560 = ORIENTED_EDGE('',*,*,#2561,.F.);
#2561 = EDGE_CURVE('',#2562,#1705,#2564,.T.);
#2562 = VERTEX_POINT('',#2563);
#2563 = CARTESIAN_POINT('',(-34.68306959613,78.867157734315,
    47.000093980188));
#2564 = B_SPLINE_CURVE_WITH_KNOTS('',1,(#2565,#2566),.UNSPECIFIED.,.F.,
  .F.,(2,2),(0.,27.559),.PIECEWISE_BEZIER_KNOTS.);
#2565 = CARTESIAN_POINT('',(-34.68306959613,78.867157734315,
    47.000093980188));
#2566 = CARTESIAN_POINT('',(-34.68306959613,78.867157734315,
    47.700093980188));
#2567 = ORIENTED_EDGE('',*,*,#2568,.T.);
#2568 = EDGE_CURVE('',#2562,#2562,#2569,.T.);
#2569 = ( BOUNDED_CURVE() B_SPLINE_CURVE(2,(#2570,#2571,#2572,#2573,
#2574,#2575,#2576),.UNSPECIFIED.,.T.,.F.) B_SPLINE_CURVE_WITH_KNOTS((1,2
    ,2,2,2,1),(-2.094395102394,0.,2.094395102393,4.188790204786,
6.28318530718,8.377580409573),.UNSPECIFIED.) CURVE() 
GEOMETRIC_REPRESENTATION_ITEM() RATIONAL_B_SPLINE_CURVE((1.,0.5,1.,0.5,
1.,0.5,1.)) REPRESENTATION_ITEM('') );
#2570 = CARTESIAN_POINT('',(-34.68306959613,78.867157734315,
    47.000093980188));
#2571 = CARTESIAN_POINT('',(-34.68306959613,82.365906964731,
    47.000093980188));
#2572 = CARTESIAN_POINT('',(-37.71307531115,80.616532349523,
    47.000093980188));
#2573 = CARTESIAN_POINT('',(-40.74308102616,78.867157734315,
    47.000093980188));
#2574 = CARTESIAN_POINT('',(-37.71307531115,77.117783119108,
    47.000093980188));
#2575 = CARTESIAN_POINT('',(-34.68306959613,75.3684085039,
    47.000093980188));
#2576 = CARTESIAN_POINT('',(-34.68306959613,78.867157734315,
    47.000093980188));
#2577 = ORIENTED_EDGE('',*,*,#2561,.T.);
#2578 = ORIENTED_EDGE('',*,*,#1704,.F.);
#2579 = ORIENTED_EDGE('',*,*,#2534,.T.);
#2580 = ( BOUNDED_SURFACE() B_SPLINE_SURFACE(2,1,(
    (#2581,#2582)
    ,(#2583,#2584)
    ,(#2585,#2586)
    ,(#2587,#2588)
    ,(#2589,#2590)
    ,(#2591,#2592)
    ,(#2593,#2594
)),.UNSPECIFIED.,.T.,.F.,.F.) B_SPLINE_SURFACE_WITH_KNOTS((1,2,2,2,2,1),
  (2,2),(-2.094395102394,0.,2.094395102393,4.188790204786,6.28318530718,
    8.377580409573),(0.,59.0551),.UNSPECIFIED.) 
GEOMETRIC_REPRESENTATION_ITEM() RATIONAL_B_SPLINE_SURFACE((
    (1.,1.)
    ,(0.5,0.5)
    ,(1.,1.)
    ,(0.5,0.5)
    ,(1.,1.)
    ,(0.5,0.5)
,(1.,1.))) REPRESENTATION_ITEM('') SURFACE() );
#2581 = CARTESIAN_POINT('',(-34.68306959613,78.867157734315,
    47.000093980188));
#2582 = CARTESIAN_POINT('',(-34.68306959613,78.867157734315,
    48.500096520193));
#2583 = CARTESIAN_POINT('',(-34.68306959613,82.365906964731,
    47.000093980188));
#2584 = CARTESIAN_POINT('',(-34.68306959613,82.365906964731,
    48.500096520193));
#2585 = CARTESIAN_POINT('',(-37.71307531115,80.616532349523,
    47.000093980188));
#2586 = CARTESIAN_POINT('',(-37.71307531115,80.616532349523,
    48.500096520193));
#2587 = CARTESIAN_POINT('',(-40.74308102616,78.867157734315,
    47.000093980188));
#2588 = CARTESIAN_POINT('',(-40.74308102616,78.867157734315,
    48.500096520193));
#2589 = CARTESIAN_POINT('',(-37.71307531115,77.117783119108,
    47.000093980188));
#2590 = CARTESIAN_POINT('',(-37.71307531115,77.117783119108,
    48.500096520193));
#2591 = CARTESIAN_POINT('',(-34.68306959613,75.3684085039,
    47.000093980188));
#2592 = CARTESIAN_POINT('',(-34.68306959613,75.3684085039,
    48.500096520193));
#2593 = CARTESIAN_POINT('',(-34.68306959613,78.867157734315,
    47.000093980188));
#2594 = CARTESIAN_POINT('',(-34.68306959613,78.867157734315,
    48.500096520193));
#2595 = ADVANCED_FACE('',(#2596),#2612,.T.);
#2596 = FACE_BOUND('',#2597,.T.);
#2597 = EDGE_LOOP('',(#2598,#2599,#2600,#2607));
#2598 = ORIENTED_EDGE('',*,*,#1722,.F.);
#2599 = ORIENTED_EDGE('',*,*,#2555,.T.);
#2600 = ORIENTED_EDGE('',*,*,#2601,.T.);
#2601 = EDGE_CURVE('',#2548,#2602,#2604,.T.);
#2602 = VERTEX_POINT('',#2603);
#2603 = CARTESIAN_POINT('',(-33.05679246762,80.518161036322,
    48.500096520193));
#2604 = B_SPLINE_CURVE_WITH_KNOTS('',1,(#2605,#2606),.UNSPECIFIED.,.F.,
  .F.,(2,2),(342.07173293319,439.8040805497),.PIECEWISE_BEZIER_KNOTS.);
#2605 = CARTESIAN_POINT('',(-35.53919906189,80.518161036322,
    48.500096520193));
#2606 = CARTESIAN_POINT('',(-33.05679246762,80.518161036322,
    48.500096520193));
#2607 = ORIENTED_EDGE('',*,*,#2608,.F.);
#2608 = EDGE_CURVE('',#1723,#2602,#2609,.T.);
#2609 = B_SPLINE_CURVE_WITH_KNOTS('',1,(#2610,#2611),.UNSPECIFIED.,.F.,
  .F.,(2,2),(33.315296647352,64.811424495202),.PIECEWISE_BEZIER_KNOTS.);
#2610 = CARTESIAN_POINT('',(-33.05785630172,80.518161036322,
    47.700093980188));
#2611 = CARTESIAN_POINT('',(-33.05679246762,80.518161036322,
    48.500096520193));
#2612 = B_SPLINE_SURFACE_WITH_KNOTS('',1,1,(
    (#2613,#2614)
    ,(#2615,#2616
    )),.UNSPECIFIED.,.F.,.F.,.F.,(2,2),(2,2),(245.82173293319,
    343.5540805497),(-31.4961,0.),.PIECEWISE_BEZIER_KNOTS.);
#2613 = CARTESIAN_POINT('',(-35.53919906189,80.518161036322,
    48.500096520193));
#2614 = CARTESIAN_POINT('',(-35.53919906189,80.518161036322,
    47.700093980188));
#2615 = CARTESIAN_POINT('',(-33.05679246762,80.518161036322,
    48.500096520193));
#2616 = CARTESIAN_POINT('',(-33.05679246762,80.518161036322,
    47.700093980188));
#2617 = ADVANCED_FACE('',(#2618),#2662,.F.);
#2618 = FACE_BOUND('',#2619,.F.);
#2619 = EDGE_LOOP('',(#2620,#2629,#2636,#2643,#2650,#2655,#2656,#2657));
#2620 = ORIENTED_EDGE('',*,*,#2621,.T.);
#2621 = EDGE_CURVE('',#2622,#2624,#2626,.T.);
#2622 = VERTEX_POINT('',#2623);
#2623 = CARTESIAN_POINT('',(-33.05306856056,77.904001534776,
    48.686314964198));
#2624 = VERTEX_POINT('',#2625);
#2625 = CARTESIAN_POINT('',(-33.07532607507,94.641652449756,
    48.686314964198));
#2626 = B_SPLINE_CURVE_WITH_KNOTS('',1,(#2627,#2628),.UNSPECIFIED.,.F.,
  .F.,(2,2),(0.,697.44762623526),.PIECEWISE_BEZIER_KNOTS.);
#2627 = CARTESIAN_POINT('',(-33.05306856056,77.904001534776,
    48.686314964198));
#2628 = CARTESIAN_POINT('',(-33.07662599337,95.619191008382,
    48.686314964198));
#2629 = ORIENTED_EDGE('',*,*,#2630,.T.);
#2630 = EDGE_CURVE('',#2624,#2631,#2633,.T.);
#2631 = VERTEX_POINT('',#2632);
#2632 = CARTESIAN_POINT('',(-33.07887262471,94.641652449756,
    46.019311988262));
#2633 = B_SPLINE_CURVE_WITH_KNOTS('',1,(#2634,#2635),.UNSPECIFIED.,.F.,
  .F.,(2,2),(0.,1.),.PIECEWISE_BEZIER_KNOTS.);
#2634 = CARTESIAN_POINT('',(-33.07532607507,94.641652449756,
    48.686314964198));
#2635 = CARTESIAN_POINT('',(-33.07887262471,94.641652449756,
    46.019311988262));
#2636 = ORIENTED_EDGE('',*,*,#2637,.T.);
#2637 = EDGE_CURVE('',#2631,#2638,#2640,.T.);
#2638 = VERTEX_POINT('',#2639);
#2639 = CARTESIAN_POINT('',(-33.07605019921,92.519188468377,
    46.019311988262));
#2640 = B_SPLINE_CURVE_WITH_KNOTS('',1,(#2641,#2642),.UNSPECIFIED.,.F.,
  .F.,(2,2),(168.69388808981,290.74109599979),.PIECEWISE_BEZIER_KNOTS.);
#2641 = CARTESIAN_POINT('',(-33.08017254301,95.619191008382,
    46.019311988262));
#2642 = CARTESIAN_POINT('',(-33.07605019921,92.519188468377,
    46.019311988262));
#2643 = ORIENTED_EDGE('',*,*,#2644,.T.);
#2644 = EDGE_CURVE('',#2638,#2645,#2647,.T.);
#2645 = VERTEX_POINT('',#2646);
#2646 = CARTESIAN_POINT('',(-33.07275128069,92.519188468377,
    48.500096520193));
#2647 = B_SPLINE_CURVE_WITH_KNOTS('',1,(#2648,#2649),.UNSPECIFIED.,.F.,
  .F.,(2,2),(307.58234802272,405.25092140021),.PIECEWISE_BEZIER_KNOTS.);
#2648 = CARTESIAN_POINT('',(-33.07605019921,92.519188468377,
    46.019311988262));
#2649 = CARTESIAN_POINT('',(-33.07275128069,92.519188468377,
    48.500096520193));
#2650 = ORIENTED_EDGE('',*,*,#2651,.F.);
#2651 = EDGE_CURVE('',#2602,#2645,#2652,.T.);
#2652 = B_SPLINE_CURVE_WITH_KNOTS('',1,(#2653,#2654),.UNSPECIFIED.,.F.,
  .F.,(2,2),(566.78167429534,1.039262542047E+03),
  .PIECEWISE_BEZIER_KNOTS.);
#2653 = CARTESIAN_POINT('',(-33.05679246762,80.518161036322,
    48.500096520193));
#2654 = CARTESIAN_POINT('',(-33.07275128069,92.519188468377,
    48.500096520193));
#2655 = ORIENTED_EDGE('',*,*,#2608,.F.);
#2656 = ORIENTED_EDGE('',*,*,#1729,.F.);
#2657 = ORIENTED_EDGE('',*,*,#2658,.F.);
#2658 = EDGE_CURVE('',#2622,#1730,#2659,.T.);
#2659 = B_SPLINE_CURVE_WITH_KNOTS('',1,(#2660,#2661),.UNSPECIFIED.,.F.,
  .F.,(2,2),(0.,38.827554470463),.PIECEWISE_BEZIER_KNOTS.);
#2660 = CARTESIAN_POINT('',(-33.05306856056,77.904001534776,
    48.686314964198));
#2661 = CARTESIAN_POINT('',(-33.05438002347,77.903999790809,
    47.700093980188));
#2662 = B_SPLINE_SURFACE_WITH_KNOTS('',1,1,(
    (#2663,#2664)
    ,(#2665,#2666
    )),.UNSPECIFIED.,.F.,.F.,.F.,(2,2),(2,2),(0.,105.),(-866.1417,
    -168.6938880898),.PIECEWISE_BEZIER_KNOTS.);
#2663 = CARTESIAN_POINT('',(-33.05661510393,77.903996818628,
    46.019311988262));
#2664 = CARTESIAN_POINT('',(-33.08017254301,95.619191008382,
    46.019311988262));
#2665 = CARTESIAN_POINT('',(-33.05306856056,77.904001534776,
    48.686314964198));
#2666 = CARTESIAN_POINT('',(-33.07662599964,95.61919572453,
    48.686314964198));
#2667 = ADVANCED_FACE('',(#2668),#2684,.T.);
#2668 = FACE_BOUND('',#2669,.T.);
#2669 = EDGE_LOOP('',(#2670,#2677,#2678,#2679));
#2670 = ORIENTED_EDGE('',*,*,#2671,.F.);
#2671 = EDGE_CURVE('',#1737,#2672,#2674,.T.);
#2672 = VERTEX_POINT('',#2673);
#2673 = CARTESIAN_POINT('',(-16.16206464743,77.92646297615,
    48.663853502964));
#2674 = B_SPLINE_CURVE_WITH_KNOTS('',1,(#2675,#2676),.UNSPECIFIED.,.F.,
  .F.,(2,2),(0.,37.943245959825),.PIECEWISE_BEZIER_KNOTS.);
#2675 = CARTESIAN_POINT('',(-16.1633462414,77.926461271902,
    47.700093980188));
#2676 = CARTESIAN_POINT('',(-16.16206464743,77.92646297615,
    48.663853502964));
#2677 = ORIENTED_EDGE('',*,*,#1736,.F.);
#2678 = ORIENTED_EDGE('',*,*,#2658,.F.);
#2679 = ORIENTED_EDGE('',*,*,#2680,.T.);
#2680 = EDGE_CURVE('',#2622,#2672,#2681,.T.);
#2681 = B_SPLINE_CURVE_WITH_KNOTS('',1,(#2682,#2683),.UNSPECIFIED.,.F.,
  .F.,(2,2),(0.,665.),.PIECEWISE_BEZIER_KNOTS.);
#2682 = CARTESIAN_POINT('',(-33.05306856056,77.904001534776,
    48.686314964198));
#2683 = CARTESIAN_POINT('',(-16.16206464743,77.92646297615,
    48.663853502964));
#2684 = B_SPLINE_SURFACE_WITH_KNOTS('',1,1,(
    (#2685,#2686)
    ,(#2687,#2688
  )),.UNSPECIFIED.,.F.,.F.,.F.,(2,2),(2,2),(-332.5,332.5),(
    13.672445529537,52.5),.PIECEWISE_BEZIER_KNOTS.);
#2685 = CARTESIAN_POINT('',(-16.16337611034,77.926461232183,
    47.677632518954));
#2686 = CARTESIAN_POINT('',(-16.16206464743,77.92646297615,
    48.663853502964));
#2687 = CARTESIAN_POINT('',(-33.05438002347,77.903999790809,
    47.700093980188));
#2688 = CARTESIAN_POINT('',(-33.05306856056,77.904001534776,
    48.686314964198));
#2689 = ADVANCED_FACE('',(#2690),#2734,.F.);
#2690 = FACE_BOUND('',#2691,.F.);
#2691 = EDGE_LOOP('',(#2692,#2701,#2706,#2707,#2708,#2715,#2722,#2729));
#2692 = ORIENTED_EDGE('',*,*,#2693,.T.);
#2693 = EDGE_CURVE('',#2694,#2696,#2698,.T.);
#2694 = VERTEX_POINT('',#2695);
#2695 = CARTESIAN_POINT('',(-16.18783884265,94.641652449756,
    45.996850527029));
#2696 = VERTEX_POINT('',#2697);
#2697 = CARTESIAN_POINT('',(-16.184292293,94.641652449756,
    48.663853502964));
#2698 = B_SPLINE_CURVE_WITH_KNOTS('',1,(#2699,#2700),.UNSPECIFIED.,.F.,
  .F.,(2,2),(0.,1.),.PIECEWISE_BEZIER_KNOTS.);
#2699 = CARTESIAN_POINT('',(-16.18783884265,94.641652449756,
    45.996850527029));
#2700 = CARTESIAN_POINT('',(-16.184292293,94.641652449756,
    48.663853502964));
#2701 = ORIENTED_EDGE('',*,*,#2702,.T.);
#2702 = EDGE_CURVE('',#2696,#2672,#2703,.T.);
#2703 = B_SPLINE_CURVE_WITH_KNOTS('',1,(#2704,#2705),.UNSPECIFIED.,.F.,
  .F.,(2,2),(0.,696.5633185065),.PIECEWISE_BEZIER_KNOTS.);
#2704 = CARTESIAN_POINT('',(-16.1855922113,95.619191008382,
    48.663853502964));
#2705 = CARTESIAN_POINT('',(-16.16206464743,77.92646297615,
    48.663853502964));
#2706 = ORIENTED_EDGE('',*,*,#2671,.F.);
#2707 = ORIENTED_EDGE('',*,*,#1743,.F.);
#2708 = ORIENTED_EDGE('',*,*,#2709,.F.);
#2709 = EDGE_CURVE('',#2710,#1744,#2712,.T.);
#2710 = VERTEX_POINT('',#2711);
#2711 = CARTESIAN_POINT('',(-16.16572881656,80.518161036322,
    48.500096520193));
#2712 = B_SPLINE_CURVE_WITH_KNOTS('',1,(#2713,#2714),.UNSPECIFIED.,.F.,
  .F.,(2,2),(-13.19573456967,18.300393278177),.PIECEWISE_BEZIER_KNOTS.);
#2713 = CARTESIAN_POINT('',(-16.16572881656,80.518161036322,
    48.500096520193));
#2714 = CARTESIAN_POINT('',(-16.16679265067,80.518161036322,
    47.700093980188));
#2715 = ORIENTED_EDGE('',*,*,#2716,.F.);
#2716 = EDGE_CURVE('',#2717,#2710,#2719,.T.);
#2717 = VERTEX_POINT('',#2718);
#2718 = CARTESIAN_POINT('',(-16.18168762963,92.519188468377,
    48.500096520193));
#2719 = B_SPLINE_CURVE_WITH_KNOTS('',1,(#2720,#2721),.UNSPECIFIED.,.F.,
  .F.,(2,2),(-1.038378232754E+03,-565.8973650028),
  .PIECEWISE_BEZIER_KNOTS.);
#2720 = CARTESIAN_POINT('',(-16.18168762963,92.519188468377,
    48.500096520193));
#2721 = CARTESIAN_POINT('',(-16.16572881656,80.518161036322,
    48.500096520193));
#2722 = ORIENTED_EDGE('',*,*,#2723,.T.);
#2723 = EDGE_CURVE('',#2717,#2724,#2726,.T.);
#2724 = VERTEX_POINT('',#2725);
#2725 = CARTESIAN_POINT('',(-16.18501641714,92.519188468377,
    45.996850527029));
#2726 = B_SPLINE_CURVE_WITH_KNOTS('',1,(#2727,#2728),.UNSPECIFIED.,.F.,
  .F.,(2,2),(-353.6352314746,-255.0823495865),.PIECEWISE_BEZIER_KNOTS.);
#2727 = CARTESIAN_POINT('',(-16.18168762963,92.519188468377,
    48.500096520193));
#2728 = CARTESIAN_POINT('',(-16.18501641714,92.519188468377,
    45.996850527029));
#2729 = ORIENTED_EDGE('',*,*,#2730,.F.);
#2730 = EDGE_CURVE('',#2694,#2724,#2731,.T.);
#2731 = B_SPLINE_CURVE_WITH_KNOTS('',1,(#2732,#2733),.UNSPECIFIED.,.F.,
  .F.,(2,2),(169.57819581857,291.62540372855),.PIECEWISE_BEZIER_KNOTS.);
#2732 = CARTESIAN_POINT('',(-16.18913876095,95.619191008382,
    45.996850527029));
#2733 = CARTESIAN_POINT('',(-16.18501641714,92.519188468377,
    45.996850527029));
#2734 = B_SPLINE_SURFACE_WITH_KNOTS('',1,1,(
    (#2735,#2736)
    ,(#2737,#2738
    )),.UNSPECIFIED.,.F.,.F.,.F.,(2,2),(2,2),(-4.39548591911E-14,105.),(
    -866.1417,-169.5781958185),.PIECEWISE_BEZIER_KNOTS.);
#2735 = CARTESIAN_POINT('',(-16.16206464743,77.92646297615,
    48.663853502964));
#2736 = CARTESIAN_POINT('',(-16.18559221757,95.61919572453,
    48.663853502964));
#2737 = CARTESIAN_POINT('',(-16.1656111908,77.926458260001,
    45.996850527029));
#2738 = CARTESIAN_POINT('',(-16.18913876095,95.619191008382,
    45.996850527029));
#2739 = ADVANCED_FACE('',(#2740),#2756,.T.);
#2740 = FACE_BOUND('',#2741,.T.);
#2741 = EDGE_LOOP('',(#2742,#2749,#2754,#2755));
#2742 = ORIENTED_EDGE('',*,*,#2743,.T.);
#2743 = EDGE_CURVE('',#2710,#2744,#2746,.T.);
#2744 = VERTEX_POINT('',#2745);
#2745 = CARTESIAN_POINT('',(-14.7529015223,80.518161036322,
    48.500096520193));
#2746 = B_SPLINE_CURVE_WITH_KNOTS('',1,(#2747,#2748),.UNSPECIFIED.,.F.,
  .F.,(2,2),(1.104805256492E+03,1.160428267067E+03),
  .PIECEWISE_BEZIER_KNOTS.);
#2747 = CARTESIAN_POINT('',(-16.16572881656,80.518161036322,
    48.500096520193));
#2748 = CARTESIAN_POINT('',(-14.7529015223,80.518161036322,
    48.500096520193));
#2749 = ORIENTED_EDGE('',*,*,#2750,.F.);
#2750 = EDGE_CURVE('',#1751,#2744,#2751,.T.);
#2751 = B_SPLINE_CURVE_WITH_KNOTS('',1,(#2752,#2753),.UNSPECIFIED.,.F.,
  .F.,(2,2),(35.4331,66.9292),.PIECEWISE_BEZIER_KNOTS.);
#2752 = CARTESIAN_POINT('',(-14.7529015223,80.518161036322,
    47.700093980188));
#2753 = CARTESIAN_POINT('',(-14.7529015223,80.518161036322,
    48.500096520193));
#2754 = ORIENTED_EDGE('',*,*,#1750,.F.);
#2755 = ORIENTED_EDGE('',*,*,#2709,.F.);
#2756 = B_SPLINE_SURFACE_WITH_KNOTS('',1,1,(
    (#2757,#2758)
    ,(#2759,#2760
    )),.UNSPECIFIED.,.F.,.F.,.F.,(2,2),(2,2),(1.008513373343E+03,
    1.064178267067E+03),(-31.4961,0.),.PIECEWISE_BEZIER_KNOTS.);
#2757 = CARTESIAN_POINT('',(-16.16679265067,80.518161036322,
    48.500096520193));
#2758 = CARTESIAN_POINT('',(-16.16679265067,80.518161036322,
    47.700093980188));
#2759 = CARTESIAN_POINT('',(-14.7529015223,80.518161036322,
    48.500096520193));
#2760 = CARTESIAN_POINT('',(-14.7529015223,80.518161036322,
    47.700093980188));
#2761 = ADVANCED_FACE('',(#2762),#2798,.T.);
#2762 = FACE_BOUND('',#2763,.T.);
#2763 = EDGE_LOOP('',(#2764,#2772,#2777,#2778,#2785,#2795,#2796,#2797));
#2764 = ORIENTED_EDGE('',*,*,#2765,.F.);
#2765 = EDGE_CURVE('',#2766,#2744,#2768,.T.);
#2766 = VERTEX_POINT('',#2767);
#2767 = CARTESIAN_POINT('',(-12.4251528338,80.518161036322,
    48.500096520193));
#2768 = ( BOUNDED_CURVE() B_SPLINE_CURVE(2,(#2769,#2770,#2771),
.UNSPECIFIED.,.F.,.F.) B_SPLINE_CURVE_WITH_KNOTS((3,3),(0.956756110033,
2.184836543557),.PIECEWISE_BEZIER_KNOTS.) CURVE() 
GEOMETRIC_REPRESENTATION_ITEM() RATIONAL_B_SPLINE_CURVE((1.,
0.817326825735,1.)) REPRESENTATION_ITEM('') );
#2769 = CARTESIAN_POINT('',(-12.4251528338,80.518161036322,
    48.500096520193));
#2770 = CARTESIAN_POINT('',(-13.58902717805,81.338633949709,
    48.500096520193));
#2771 = CARTESIAN_POINT('',(-14.7529015223,80.518161036322,
    48.500096520193));
#2772 = ORIENTED_EDGE('',*,*,#2773,.F.);
#2773 = EDGE_CURVE('',#1768,#2766,#2774,.T.);
#2774 = B_SPLINE_CURVE_WITH_KNOTS('',1,(#2775,#2776),.UNSPECIFIED.,.F.,
  .F.,(2,2),(35.4331,66.9292),.PIECEWISE_BEZIER_KNOTS.);
#2775 = CARTESIAN_POINT('',(-12.4251528338,80.518161036322,
    47.700093980188));
#2776 = CARTESIAN_POINT('',(-12.4251528338,80.518161036322,
    48.500096520193));
#2777 = ORIENTED_EDGE('',*,*,#1767,.F.);
#2778 = ORIENTED_EDGE('',*,*,#2779,.F.);
#2779 = EDGE_CURVE('',#2780,#1758,#2782,.T.);
#2780 = VERTEX_POINT('',#2781);
#2781 = CARTESIAN_POINT('',(-11.56902336804,78.867157734315,
    46.800091440183));
#2782 = B_SPLINE_CURVE_WITH_KNOTS('',1,(#2783,#2784),.UNSPECIFIED.,.F.,
  .F.,(2,2),(0.,35.4331),.PIECEWISE_BEZIER_KNOTS.);
#2783 = CARTESIAN_POINT('',(-11.56902336804,78.867157734315,
    46.800091440183));
#2784 = CARTESIAN_POINT('',(-11.56902336804,78.867157734315,
    47.700093980188));
#2785 = ORIENTED_EDGE('',*,*,#2786,.T.);
#2786 = EDGE_CURVE('',#2780,#2780,#2787,.T.);
#2787 = ( BOUNDED_CURVE() B_SPLINE_CURVE(2,(#2788,#2789,#2790,#2791,
#2792,#2793,#2794),.UNSPECIFIED.,.T.,.F.) B_SPLINE_CURVE_WITH_KNOTS((1,2
    ,2,2,2,1),(-2.094395102394,0.,2.094395102393,4.188790204786,
6.28318530718,8.377580409573),.UNSPECIFIED.) CURVE() 
GEOMETRIC_REPRESENTATION_ITEM() RATIONAL_B_SPLINE_CURVE((1.,0.5,1.,0.5,
1.,0.5,1.)) REPRESENTATION_ITEM('') );
#2788 = CARTESIAN_POINT('',(-11.56902336804,78.867157734315,
    46.800091440183));
#2789 = CARTESIAN_POINT('',(-11.56902336804,82.365906964731,
    46.800091440183));
#2790 = CARTESIAN_POINT('',(-14.59902908305,80.616532349523,
    46.800091440183));
#2791 = CARTESIAN_POINT('',(-17.62903479807,78.867157734315,
    46.800091440183));
#2792 = CARTESIAN_POINT('',(-14.59902908305,77.117783119108,
    46.800091440183));
#2793 = CARTESIAN_POINT('',(-11.56902336804,75.3684085039,
    46.800091440183));
#2794 = CARTESIAN_POINT('',(-11.56902336804,78.867157734315,
    46.800091440183));
#2795 = ORIENTED_EDGE('',*,*,#2779,.T.);
#2796 = ORIENTED_EDGE('',*,*,#1757,.F.);
#2797 = ORIENTED_EDGE('',*,*,#2750,.T.);
#2798 = ( BOUNDED_SURFACE() B_SPLINE_SURFACE(2,1,(
    (#2799,#2800)
    ,(#2801,#2802)
    ,(#2803,#2804)
    ,(#2805,#2806)
    ,(#2807,#2808)
    ,(#2809,#2810)
    ,(#2811,#2812
)),.UNSPECIFIED.,.T.,.F.,.F.) B_SPLINE_SURFACE_WITH_KNOTS((1,2,2,2,2,1),
  (2,2),(-2.094395102394,0.,2.094395102393,4.188790204786,6.28318530718,
    8.377580409573),(0.,66.9292),.UNSPECIFIED.) 
GEOMETRIC_REPRESENTATION_ITEM() RATIONAL_B_SPLINE_SURFACE((
    (1.,1.)
    ,(0.5,0.5)
    ,(1.,1.)
    ,(0.5,0.5)
    ,(1.,1.)
    ,(0.5,0.5)
,(1.,1.))) REPRESENTATION_ITEM('') SURFACE() );
#2799 = CARTESIAN_POINT('',(-11.56902336804,78.867157734315,
    46.800091440183));
#2800 = CARTESIAN_POINT('',(-11.56902336804,78.867157734315,
    48.500096520193));
#2801 = CARTESIAN_POINT('',(-11.56902336804,82.365906964731,
    46.800091440183));
#2802 = CARTESIAN_POINT('',(-11.56902336804,82.365906964731,
    48.500096520193));
#2803 = CARTESIAN_POINT('',(-14.59902908305,80.616532349523,
    46.800091440183));
#2804 = CARTESIAN_POINT('',(-14.59902908305,80.616532349523,
    48.500096520193));
#2805 = CARTESIAN_POINT('',(-17.62903479807,78.867157734315,
    46.800091440183));
#2806 = CARTESIAN_POINT('',(-17.62903479807,78.867157734315,
    48.500096520193));
#2807 = CARTESIAN_POINT('',(-14.59902908305,77.117783119108,
    46.800091440183));
#2808 = CARTESIAN_POINT('',(-14.59902908305,77.117783119108,
    48.500096520193));
#2809 = CARTESIAN_POINT('',(-11.56902336804,75.3684085039,
    46.800091440183));
#2810 = CARTESIAN_POINT('',(-11.56902336804,75.3684085039,
    48.500096520193));
#2811 = CARTESIAN_POINT('',(-11.56902336804,78.867157734315,
    46.800091440183));
#2812 = CARTESIAN_POINT('',(-11.56902336804,78.867157734315,
    48.500096520193));
#2813 = ADVANCED_FACE('',(#2814),#2824,.T.);
#2814 = FACE_BOUND('',#2815,.T.);
#2815 = EDGE_LOOP('',(#2816,#2817,#2818,#2823));
#2816 = ORIENTED_EDGE('',*,*,#1775,.F.);
#2817 = ORIENTED_EDGE('',*,*,#2773,.T.);
#2818 = ORIENTED_EDGE('',*,*,#2819,.T.);
#2819 = EDGE_CURVE('',#2766,#2455,#2820,.T.);
#2820 = B_SPLINE_CURVE_WITH_KNOTS('',1,(#2821,#2822),.UNSPECIFIED.,.F.,
  .F.,(2,2),(1.252071732933E+03,1.39625E+03),.PIECEWISE_BEZIER_KNOTS.);
#2821 = CARTESIAN_POINT('',(-12.4251528338,80.518161036322,
    48.500096520193));
#2822 = CARTESIAN_POINT('',(-8.763017526035,80.518161036322,
    48.500096520193));
#2823 = ORIENTED_EDGE('',*,*,#2454,.F.);
#2824 = B_SPLINE_SURFACE_WITH_KNOTS('',1,1,(
    (#2825,#2826)
    ,(#2827,#2828
    )),.UNSPECIFIED.,.F.,.F.,.F.,(2,2),(2,2),(1.155821732933E+03,1.3E+03
    ),(-31.4961,0.),.PIECEWISE_BEZIER_KNOTS.);
#2825 = CARTESIAN_POINT('',(-12.4251528338,80.518161036322,
    48.500096520193));
#2826 = CARTESIAN_POINT('',(-12.4251528338,80.518161036322,
    47.700093980188));
#2827 = CARTESIAN_POINT('',(-8.763017526035,80.518161036322,
    48.500096520193));
#2828 = CARTESIAN_POINT('',(-8.763017526035,80.518161036322,
    47.700093980188));
#2829 = ADVANCED_FACE('',(#2830),#2851,.T.);
#2830 = FACE_BOUND('',#2831,.T.);
#2831 = EDGE_LOOP('',(#2832,#2833,#2840,#2850));
#2832 = ORIENTED_EDGE('',*,*,#1782,.F.);
#2833 = ORIENTED_EDGE('',*,*,#2834,.F.);
#2834 = EDGE_CURVE('',#2835,#1783,#2837,.T.);
#2835 = VERTEX_POINT('',#2836);
#2836 = CARTESIAN_POINT('',(-11.56902336804,54.737109474219,
    47.000093980188));
#2837 = B_SPLINE_CURVE_WITH_KNOTS('',1,(#2838,#2839),.UNSPECIFIED.,.F.,
  .F.,(2,2),(0.,27.559),.PIECEWISE_BEZIER_KNOTS.);
#2838 = CARTESIAN_POINT('',(-11.56902336804,54.737109474219,
    47.000093980188));
#2839 = CARTESIAN_POINT('',(-11.56902336804,54.737109474219,
    47.700093980188));
#2840 = ORIENTED_EDGE('',*,*,#2841,.T.);
#2841 = EDGE_CURVE('',#2835,#2835,#2842,.T.);
#2842 = ( BOUNDED_CURVE() B_SPLINE_CURVE(2,(#2843,#2844,#2845,#2846,
#2847,#2848,#2849),.UNSPECIFIED.,.T.,.F.) B_SPLINE_CURVE_WITH_KNOTS((1,2
    ,2,2,2,1),(-2.094395102394,0.,2.094395102393,4.188790204786,
6.28318530718,8.377580409573),.UNSPECIFIED.) CURVE() 
GEOMETRIC_REPRESENTATION_ITEM() RATIONAL_B_SPLINE_CURVE((1.,0.5,1.,0.5,
1.,0.5,1.)) REPRESENTATION_ITEM('') );
#2843 = CARTESIAN_POINT('',(-11.56902336804,54.737109474219,
    47.000093980188));
#2844 = CARTESIAN_POINT('',(-11.56902336804,58.235858704635,
    47.000093980188));
#2845 = CARTESIAN_POINT('',(-14.59902908305,56.486484089427,
    47.000093980188));
#2846 = CARTESIAN_POINT('',(-17.62903479807,54.737109474219,
    47.000093980188));
#2847 = CARTESIAN_POINT('',(-14.59902908305,52.987734859011,
    47.000093980188));
#2848 = CARTESIAN_POINT('',(-11.56902336804,51.238360243803,
    47.000093980188));
#2849 = CARTESIAN_POINT('',(-11.56902336804,54.737109474219,
    47.000093980188));
#2850 = ORIENTED_EDGE('',*,*,#2834,.T.);
#2851 = ( BOUNDED_SURFACE() B_SPLINE_SURFACE(2,1,(
    (#2852,#2853)
    ,(#2854,#2855)
    ,(#2856,#2857)
    ,(#2858,#2859)
    ,(#2860,#2861)
    ,(#2862,#2863)
    ,(#2864,#2865
)),.UNSPECIFIED.,.T.,.F.,.F.) B_SPLINE_SURFACE_WITH_KNOTS((1,2,2,2,2,1),
  (2,2),(-2.094395102394,0.,2.094395102393,4.188790204786,6.28318530718,
    8.377580409573),(0.,27.559),.UNSPECIFIED.) 
GEOMETRIC_REPRESENTATION_ITEM() RATIONAL_B_SPLINE_SURFACE((
    (1.,1.)
    ,(0.5,0.5)
    ,(1.,1.)
    ,(0.5,0.5)
    ,(1.,1.)
    ,(0.5,0.5)
,(1.,1.))) REPRESENTATION_ITEM('') SURFACE() );
#2852 = CARTESIAN_POINT('',(-11.56902336804,54.737109474219,
    47.000093980188));
#2853 = CARTESIAN_POINT('',(-11.56902336804,54.737109474219,
    47.700093980188));
#2854 = CARTESIAN_POINT('',(-11.56902336804,58.235858704635,
    47.000093980188));
#2855 = CARTESIAN_POINT('',(-11.56902336804,58.235858704635,
    47.700093980188));
#2856 = CARTESIAN_POINT('',(-14.59902908305,56.486484089427,
    47.000093980188));
#2857 = CARTESIAN_POINT('',(-14.59902908305,56.486484089427,
    47.700093980188));
#2858 = CARTESIAN_POINT('',(-17.62903479807,54.737109474219,
    47.000093980188));
#2859 = CARTESIAN_POINT('',(-17.62903479807,54.737109474219,
    47.700093980188));
#2860 = CARTESIAN_POINT('',(-14.59902908305,52.987734859011,
    47.000093980188));
#2861 = CARTESIAN_POINT('',(-14.59902908305,52.987734859011,
    47.700093980188));
#2862 = CARTESIAN_POINT('',(-11.56902336804,51.238360243803,
    47.000093980188));
#2863 = CARTESIAN_POINT('',(-11.56902336804,51.238360243803,
    47.700093980188));
#2864 = CARTESIAN_POINT('',(-11.56902336804,54.737109474219,
    47.000093980188));
#2865 = CARTESIAN_POINT('',(-11.56902336804,54.737109474219,
    47.700093980188));
#2866 = ADVANCED_FACE('',(#2867),#2888,.T.);
#2867 = FACE_BOUND('',#2868,.T.);
#2868 = EDGE_LOOP('',(#2869,#2870,#2877,#2887));
#2869 = ORIENTED_EDGE('',*,*,#1796,.F.);
#2870 = ORIENTED_EDGE('',*,*,#2871,.F.);
#2871 = EDGE_CURVE('',#2872,#1797,#2874,.T.);
#2872 = VERTEX_POINT('',#2873);
#2873 = CARTESIAN_POINT('',(-34.68306959613,54.737109474219,
    47.000093980188));
#2874 = B_SPLINE_CURVE_WITH_KNOTS('',1,(#2875,#2876),.UNSPECIFIED.,.F.,
  .F.,(2,2),(0.,27.559),.PIECEWISE_BEZIER_KNOTS.);
#2875 = CARTESIAN_POINT('',(-34.68306959613,54.737109474219,
    47.000093980188));
#2876 = CARTESIAN_POINT('',(-34.68306959613,54.737109474219,
    47.700093980188));
#2877 = ORIENTED_EDGE('',*,*,#2878,.T.);
#2878 = EDGE_CURVE('',#2872,#2872,#2879,.T.);
#2879 = ( BOUNDED_CURVE() B_SPLINE_CURVE(2,(#2880,#2881,#2882,#2883,
#2884,#2885,#2886),.UNSPECIFIED.,.T.,.F.) B_SPLINE_CURVE_WITH_KNOTS((1,2
    ,2,2,2,1),(-2.094395102394,0.,2.094395102393,4.188790204786,
6.28318530718,8.377580409573),.UNSPECIFIED.) CURVE() 
GEOMETRIC_REPRESENTATION_ITEM() RATIONAL_B_SPLINE_CURVE((1.,0.5,1.,0.5,
1.,0.5,1.)) REPRESENTATION_ITEM('') );
#2880 = CARTESIAN_POINT('',(-34.68306959613,54.737109474219,
    47.000093980188));
#2881 = CARTESIAN_POINT('',(-34.68306959613,58.235858704635,
    47.000093980188));
#2882 = CARTESIAN_POINT('',(-37.71307531115,56.486484089427,
    47.000093980188));
#2883 = CARTESIAN_POINT('',(-40.74308102616,54.737109474219,
    47.000093980188));
#2884 = CARTESIAN_POINT('',(-37.71307531115,52.987734859011,
    47.000093980188));
#2885 = CARTESIAN_POINT('',(-34.68306959613,51.238360243803,
    47.000093980188));
#2886 = CARTESIAN_POINT('',(-34.68306959613,54.737109474219,
    47.000093980188));
#2887 = ORIENTED_EDGE('',*,*,#2871,.T.);
#2888 = ( BOUNDED_SURFACE() B_SPLINE_SURFACE(2,1,(
    (#2889,#2890)
    ,(#2891,#2892)
    ,(#2893,#2894)
    ,(#2895,#2896)
    ,(#2897,#2898)
    ,(#2899,#2900)
    ,(#2901,#2902
)),.UNSPECIFIED.,.T.,.F.,.F.) B_SPLINE_SURFACE_WITH_KNOTS((1,2,2,2,2,1),
  (2,2),(-2.094395102394,0.,2.094395102393,4.188790204786,6.28318530718,
    8.377580409573),(0.,27.559),.UNSPECIFIED.) 
GEOMETRIC_REPRESENTATION_ITEM() RATIONAL_B_SPLINE_SURFACE((
    (1.,1.)
    ,(0.5,0.5)
    ,(1.,1.)
    ,(0.5,0.5)
    ,(1.,1.)
    ,(0.5,0.5)
,(1.,1.))) REPRESENTATION_ITEM('') SURFACE() );
#2889 = CARTESIAN_POINT('',(-34.68306959613,54.737109474219,
    47.000093980188));
#2890 = CARTESIAN_POINT('',(-34.68306959613,54.737109474219,
    47.700093980188));
#2891 = CARTESIAN_POINT('',(-34.68306959613,58.235858704635,
    47.000093980188));
#2892 = CARTESIAN_POINT('',(-34.68306959613,58.235858704635,
    47.700093980188));
#2893 = CARTESIAN_POINT('',(-37.71307531115,56.486484089427,
    47.000093980188));
#2894 = CARTESIAN_POINT('',(-37.71307531115,56.486484089427,
    47.700093980188));
#2895 = CARTESIAN_POINT('',(-40.74308102616,54.737109474219,
    47.000093980188));
#2896 = CARTESIAN_POINT('',(-40.74308102616,54.737109474219,
    47.700093980188));
#2897 = CARTESIAN_POINT('',(-37.71307531115,52.987734859011,
    47.000093980188));
#2898 = CARTESIAN_POINT('',(-37.71307531115,52.987734859011,
    47.700093980188));
#2899 = CARTESIAN_POINT('',(-34.68306959613,51.238360243803,
    47.000093980188));
#2900 = CARTESIAN_POINT('',(-34.68306959613,51.238360243803,
    47.700093980188));
#2901 = CARTESIAN_POINT('',(-34.68306959613,54.737109474219,
    47.000093980188));
#2902 = CARTESIAN_POINT('',(-34.68306959613,54.737109474219,
    47.700093980188));
#2903 = ADVANCED_FACE('',(#2904),#2914,.F.);
#2904 = FACE_BOUND('',#2905,.F.);
#2905 = EDGE_LOOP('',(#2906,#2907,#2908,#2913));
#2906 = ORIENTED_EDGE('',*,*,#1903,.F.);
#2907 = ORIENTED_EDGE('',*,*,#1810,.F.);
#2908 = ORIENTED_EDGE('',*,*,#2909,.T.);
#2909 = EDGE_CURVE('',#1811,#1873,#2910,.T.);
#2910 = B_SPLINE_CURVE_WITH_KNOTS('',1,(#2911,#2912),.UNSPECIFIED.,.F.,
  .F.,(2,2),(0.,90.5512),.PIECEWISE_BEZIER_KNOTS.);
#2911 = CARTESIAN_POINT('',(-38.48107696215,59.586972313945,
    47.700093980188));
#2912 = CARTESIAN_POINT('',(-38.48107696215,59.586972313945,
    50.000099060198));
#2913 = ORIENTED_EDGE('',*,*,#1870,.F.);
#2914 = B_SPLINE_SURFACE_WITH_KNOTS('',1,1,(
    (#2915,#2916)
    ,(#2917,#2918
  )),.UNSPECIFIED.,.F.,.F.,.F.,(2,2),(2,2),(0.,669.2913),(-590.55,
    -499.9988),.PIECEWISE_BEZIER_KNOTS.);
#2915 = CARTESIAN_POINT('',(-38.48107696215,59.586972313945,
    50.000099060198));
#2916 = CARTESIAN_POINT('',(-38.48107696215,59.586972313945,
    47.700093980188));
#2917 = CARTESIAN_POINT('',(-38.48107696215,76.587005334011,
    50.000099060198));
#2918 = CARTESIAN_POINT('',(-38.48107696215,76.587005334011,
    47.700093980188));
#2919 = ADVANCED_FACE('',(#2920),#2926,.F.);
#2920 = FACE_BOUND('',#2921,.F.);
#2921 = EDGE_LOOP('',(#2922,#2923,#2924,#2925));
#2922 = ORIENTED_EDGE('',*,*,#2909,.F.);
#2923 = ORIENTED_EDGE('',*,*,#1819,.F.);
#2924 = ORIENTED_EDGE('',*,*,#1848,.T.);
#2925 = ORIENTED_EDGE('',*,*,#1879,.F.);
#2926 = B_SPLINE_SURFACE_WITH_KNOTS('',1,1,(
    (#2927,#2928)
    ,(#2929,#2930
  )),.UNSPECIFIED.,.F.,.F.,.F.,(2,2),(2,2),(0.,1.065E+03),(-590.55,
    -499.9988),.PIECEWISE_BEZIER_KNOTS.);
#2927 = CARTESIAN_POINT('',(-11.43002286004,59.586972313945,
    50.000099060198));
#2928 = CARTESIAN_POINT('',(-11.43002286004,59.586972313945,
    47.700093980188));
#2929 = CARTESIAN_POINT('',(-38.48107696215,59.586972313945,
    50.000099060198));
#2930 = CARTESIAN_POINT('',(-38.48107696215,59.586972313945,
    47.700093980188));
#2931 = ADVANCED_FACE('',(#2932),#2957,.F.);
#2932 = FACE_BOUND('',#2933,.F.);
#2933 = EDGE_LOOP('',(#2934,#2942,#2950,#2956));
#2934 = ORIENTED_EDGE('',*,*,#2935,.F.);
#2935 = EDGE_CURVE('',#2936,#1927,#2938,.T.);
#2936 = VERTEX_POINT('',#2937);
#2937 = CARTESIAN_POINT('',(3.667,-31.23,28.));
#2938 = LINE('',#2939,#2940);
#2939 = CARTESIAN_POINT('',(3.667,-31.23,28.));
#2940 = VECTOR('',#2941,1.);
#2941 = DIRECTION('',(0.,0.,1.));
#2942 = ORIENTED_EDGE('',*,*,#2943,.F.);
#2943 = EDGE_CURVE('',#2944,#2936,#2946,.T.);
#2944 = VERTEX_POINT('',#2945);
#2945 = CARTESIAN_POINT('',(-97.012,-31.23,28.));
#2946 = LINE('',#2947,#2948);
#2947 = CARTESIAN_POINT('',(-97.012,-31.23,28.));
#2948 = VECTOR('',#2949,1.);
#2949 = DIRECTION('',(1.,0.,-0.));
#2950 = ORIENTED_EDGE('',*,*,#2951,.T.);
#2951 = EDGE_CURVE('',#2944,#1935,#2952,.T.);
#2952 = LINE('',#2953,#2954);
#2953 = CARTESIAN_POINT('',(-97.012,-31.23,28.));
#2954 = VECTOR('',#2955,1.);
#2955 = DIRECTION('',(0.,0.,1.));
#2956 = ORIENTED_EDGE('',*,*,#1934,.T.);
#2957 = PLANE('',#2958);
#2958 = AXIS2_PLACEMENT_3D('',#2959,#2960,#2961);
#2959 = CARTESIAN_POINT('',(-97.012,-31.23,28.));
#2960 = DIRECTION('',(-0.,1.,0.));
#2961 = DIRECTION('',(0.,0.,1.));
#2962 = ADVANCED_FACE('',(#2963),#2981,.T.);
#2963 = FACE_BOUND('',#2964,.T.);
#2964 = EDGE_LOOP('',(#2965,#2966,#2974,#2980));
#2965 = ORIENTED_EDGE('',*,*,#2935,.F.);
#2966 = ORIENTED_EDGE('',*,*,#2967,.T.);
#2967 = EDGE_CURVE('',#2936,#2968,#2970,.T.);
#2968 = VERTEX_POINT('',#2969);
#2969 = CARTESIAN_POINT('',(3.667,95.87,28.));
#2970 = LINE('',#2971,#2972);
#2971 = CARTESIAN_POINT('',(3.667,-31.23,28.));
#2972 = VECTOR('',#2973,1.);
#2973 = DIRECTION('',(-0.,1.,0.));
#2974 = ORIENTED_EDGE('',*,*,#2975,.T.);
#2975 = EDGE_CURVE('',#2968,#1959,#2976,.T.);
#2976 = LINE('',#2977,#2978);
#2977 = CARTESIAN_POINT('',(3.667,95.87,28.));
#2978 = VECTOR('',#2979,1.);
#2979 = DIRECTION('',(0.,0.,1.));
#2980 = ORIENTED_EDGE('',*,*,#1958,.F.);
#2981 = PLANE('',#2982);
#2982 = AXIS2_PLACEMENT_3D('',#2983,#2984,#2985);
#2983 = CARTESIAN_POINT('',(3.667,-31.23,28.));
#2984 = DIRECTION('',(1.,0.,-0.));
#2985 = DIRECTION('',(0.,0.,1.));
#2986 = ADVANCED_FACE('',(#2987),#3005,.F.);
#2987 = FACE_BOUND('',#2988,.F.);
#2988 = EDGE_LOOP('',(#2989,#2990,#2998,#3004));
#2989 = ORIENTED_EDGE('',*,*,#2951,.F.);
#2990 = ORIENTED_EDGE('',*,*,#2991,.T.);
#2991 = EDGE_CURVE('',#2944,#2992,#2994,.T.);
#2992 = VERTEX_POINT('',#2993);
#2993 = CARTESIAN_POINT('',(-97.012,95.87,28.));
#2994 = LINE('',#2995,#2996);
#2995 = CARTESIAN_POINT('',(-97.012,-31.23,28.));
#2996 = VECTOR('',#2997,1.);
#2997 = DIRECTION('',(-0.,1.,0.));
#2998 = ORIENTED_EDGE('',*,*,#2999,.T.);
#2999 = EDGE_CURVE('',#2992,#1983,#3000,.T.);
#3000 = LINE('',#3001,#3002);
#3001 = CARTESIAN_POINT('',(-97.012,95.87,28.));
#3002 = VECTOR('',#3003,1.);
#3003 = DIRECTION('',(0.,0.,1.));
#3004 = ORIENTED_EDGE('',*,*,#1982,.F.);
#3005 = PLANE('',#3006);
#3006 = AXIS2_PLACEMENT_3D('',#3007,#3008,#3009);
#3007 = CARTESIAN_POINT('',(-97.012,-31.23,28.));
#3008 = DIRECTION('',(1.,0.,-0.));
#3009 = DIRECTION('',(0.,0.,1.));
#3010 = ADVANCED_FACE('',(#3011),#3022,.T.);
#3011 = FACE_BOUND('',#3012,.T.);
#3012 = EDGE_LOOP('',(#3013,#3014,#3020,#3021));
#3013 = ORIENTED_EDGE('',*,*,#2975,.F.);
#3014 = ORIENTED_EDGE('',*,*,#3015,.F.);
#3015 = EDGE_CURVE('',#2992,#2968,#3016,.T.);
#3016 = LINE('',#3017,#3018);
#3017 = CARTESIAN_POINT('',(-97.012,95.87,28.));
#3018 = VECTOR('',#3019,1.);
#3019 = DIRECTION('',(1.,0.,-0.));
#3020 = ORIENTED_EDGE('',*,*,#2999,.T.);
#3021 = ORIENTED_EDGE('',*,*,#2006,.T.);
#3022 = PLANE('',#3023);
#3023 = AXIS2_PLACEMENT_3D('',#3024,#3025,#3026);
#3024 = CARTESIAN_POINT('',(-97.012,95.87,28.));
#3025 = DIRECTION('',(-0.,1.,0.));
#3026 = DIRECTION('',(0.,0.,1.));
#3027 = ADVANCED_FACE('',(#3028,#3074,#3080,#3086,#3090),#3096,.T.);
#3028 = FACE_BOUND('',#3029,.T.);
#3029 = EDGE_LOOP('',(#3030,#3039,#3046,#3053,#3058,#3059,#3060,#3061,
    #3062,#3063,#3064,#3065,#3066,#3067,#3068,#3069));
#3030 = ORIENTED_EDGE('',*,*,#3031,.T.);
#3031 = EDGE_CURVE('',#3032,#3034,#3036,.T.);
#3032 = VERTEX_POINT('',#3033);
#3033 = CARTESIAN_POINT('',(0.317004064008,92.519188468377,
    48.500096520193));
#3034 = VERTEX_POINT('',#3035);
#3035 = CARTESIAN_POINT('',(0.317004064008,-27.87605918211,
    48.500096520193));
#3036 = B_SPLINE_CURVE_WITH_KNOTS('',1,(#3037,#3038),.UNSPECIFIED.,.F.,
  .F.,(2,2),(0.,4.7399609E+03),.PIECEWISE_BEZIER_KNOTS.);
#3037 = CARTESIAN_POINT('',(0.317004064008,92.519188468377,
    48.500096520193));
#3038 = CARTESIAN_POINT('',(0.317004064008,-27.87605918211,
    48.500096520193));
#3039 = ORIENTED_EDGE('',*,*,#3040,.T.);
#3040 = EDGE_CURVE('',#3034,#3041,#3043,.T.);
#3041 = VERTEX_POINT('',#3042);
#3042 = CARTESIAN_POINT('',(-93.66219075438,-27.87605918211,
    48.500096520193));
#3043 = B_SPLINE_CURVE_WITH_KNOTS('',1,(#3044,#3045),.UNSPECIFIED.,.F.,
  .F.,(2,2),(0.,3.6999609E+03),.PIECEWISE_BEZIER_KNOTS.);
#3044 = CARTESIAN_POINT('',(0.317004064008,-27.87605918211,
    48.500096520193));
#3045 = CARTESIAN_POINT('',(-93.66219075438,-27.87605918211,
    48.500096520193));
#3046 = ORIENTED_EDGE('',*,*,#3047,.T.);
#3047 = EDGE_CURVE('',#3041,#3048,#3050,.T.);
#3048 = VERTEX_POINT('',#3049);
#3049 = CARTESIAN_POINT('',(-93.66219075438,92.519188468377,
    48.500096520193));
#3050 = B_SPLINE_CURVE_WITH_KNOTS('',1,(#3051,#3052),.UNSPECIFIED.,.F.,
  .F.,(2,2),(0.,4.7399609E+03),.PIECEWISE_BEZIER_KNOTS.);
#3051 = CARTESIAN_POINT('',(-93.66219075438,-27.87605918211,
    48.500096520193));
#3052 = CARTESIAN_POINT('',(-93.66219075438,92.519188468377,
    48.500096520193));
#3053 = ORIENTED_EDGE('',*,*,#3054,.T.);
#3054 = EDGE_CURVE('',#3048,#2645,#3055,.T.);
#3055 = B_SPLINE_CURVE_WITH_KNOTS('',1,(#3056,#3057),.UNSPECIFIED.,.F.,
  .F.,(2,2),(0.,2.385406232079E+03),.PIECEWISE_BEZIER_KNOTS.);
#3056 = CARTESIAN_POINT('',(-93.66219075438,92.519188468377,
    48.500096520193));
#3057 = CARTESIAN_POINT('',(-33.07275128069,92.519188468377,
    48.500096520193));
#3058 = ORIENTED_EDGE('',*,*,#2651,.F.);
#3059 = ORIENTED_EDGE('',*,*,#2601,.F.);
#3060 = ORIENTED_EDGE('',*,*,#2547,.T.);
#3061 = ORIENTED_EDGE('',*,*,#2527,.F.);
#3062 = ORIENTED_EDGE('',*,*,#2505,.F.);
#3063 = ORIENTED_EDGE('',*,*,#2483,.F.);
#3064 = ORIENTED_EDGE('',*,*,#2461,.F.);
#3065 = ORIENTED_EDGE('',*,*,#2819,.F.);
#3066 = ORIENTED_EDGE('',*,*,#2765,.T.);
#3067 = ORIENTED_EDGE('',*,*,#2743,.F.);
#3068 = ORIENTED_EDGE('',*,*,#2716,.F.);
#3069 = ORIENTED_EDGE('',*,*,#3070,.T.);
#3070 = EDGE_CURVE('',#2717,#3032,#3071,.T.);
#3071 = B_SPLINE_CURVE_WITH_KNOTS('',1,(#3072,#3073),.UNSPECIFIED.,.F.,
  .F.,(2,2),(3.050407408021E+03,3.6999609E+03),
  .PIECEWISE_BEZIER_KNOTS.);
#3072 = CARTESIAN_POINT('',(-16.18168762963,92.519188468377,
    48.500096520193));
#3073 = CARTESIAN_POINT('',(0.317004064008,92.519188468377,
    48.500096520193));
#3074 = FACE_BOUND('',#3075,.T.);
#3075 = EDGE_LOOP('',(#3076,#3077,#3078,#3079));
#3076 = ORIENTED_EDGE('',*,*,#2122,.F.);
#3077 = ORIENTED_EDGE('',*,*,#2188,.F.);
#3078 = ORIENTED_EDGE('',*,*,#2166,.F.);
#3079 = ORIENTED_EDGE('',*,*,#2144,.F.);
#3080 = FACE_BOUND('',#3081,.T.);
#3081 = EDGE_LOOP('',(#3082,#3083,#3084,#3085));
#3082 = ORIENTED_EDGE('',*,*,#2238,.F.);
#3083 = ORIENTED_EDGE('',*,*,#2304,.F.);
#3084 = ORIENTED_EDGE('',*,*,#2282,.F.);
#3085 = ORIENTED_EDGE('',*,*,#2260,.F.);
#3086 = FACE_BOUND('',#3087,.T.);
#3087 = EDGE_LOOP('',(#3088,#3089));
#3088 = ORIENTED_EDGE('',*,*,#2346,.T.);
#3089 = ORIENTED_EDGE('',*,*,#2391,.T.);
#3090 = FACE_BOUND('',#3091,.T.);
#3091 = EDGE_LOOP('',(#3092,#3093,#3094,#3095));
#3092 = ORIENTED_EDGE('',*,*,#2053,.F.);
#3093 = ORIENTED_EDGE('',*,*,#2030,.T.);
#3094 = ORIENTED_EDGE('',*,*,#2076,.T.);
#3095 = ORIENTED_EDGE('',*,*,#2099,.F.);
#3096 = B_SPLINE_SURFACE_WITH_KNOTS('',1,1,(
    (#3097,#3098)
    ,(#3099,#3100
    )),.UNSPECIFIED.,.F.,.F.,.F.,(2,2),(2,2),(-1.84998045E+03,
    1.84998045E+03),(-2.36998045E+03,2.36998045E+03),
  .PIECEWISE_BEZIER_KNOTS.);
#3097 = CARTESIAN_POINT('',(0.317004064008,-27.87605918211,
    48.500096520193));
#3098 = CARTESIAN_POINT('',(0.317004064008,92.519188468377,
    48.500096520193));
#3099 = CARTESIAN_POINT('',(-93.66219075438,-27.87605918211,
    48.500096520193));
#3100 = CARTESIAN_POINT('',(-93.66219075438,92.519188468377,
    48.500096520193));
#3101 = ADVANCED_FACE('',(#3102,#3105),#3119,.F.);
#3102 = FACE_BOUND('',#3103,.F.);
#3103 = EDGE_LOOP('',(#3104));
#3104 = ORIENTED_EDGE('',*,*,#2568,.T.);
#3105 = FACE_BOUND('',#3106,.F.);
#3106 = EDGE_LOOP('',(#3107));
#3107 = ORIENTED_EDGE('',*,*,#3108,.F.);
#3108 = EDGE_CURVE('',#3109,#3109,#3111,.T.);
#3109 = VERTEX_POINT('',#3110);
#3110 = CARTESIAN_POINT('',(-35.95307213614,78.867157734315,
    47.000093980188));
#3111 = ( BOUNDED_CURVE() B_SPLINE_CURVE(2,(#3112,#3113,#3114,#3115,
#3116,#3117,#3118),.UNSPECIFIED.,.T.,.F.) B_SPLINE_CURVE_WITH_KNOTS((1,2
    ,2,2,2,1),(-2.094395102394,0.,2.094395102393,4.188790204786,
6.28318530718,8.377580409573),.UNSPECIFIED.) CURVE() 
GEOMETRIC_REPRESENTATION_ITEM() RATIONAL_B_SPLINE_CURVE((1.,0.5,1.,0.5,
1.,0.5,1.)) REPRESENTATION_ITEM('') );
#3112 = CARTESIAN_POINT('',(-35.95307213614,78.867157734315,
    47.000093980188));
#3113 = CARTESIAN_POINT('',(-35.95307213614,80.166198039701,
    47.000093980188));
#3114 = CARTESIAN_POINT('',(-37.07807404114,79.516677887008,
    47.000093980188));
#3115 = CARTESIAN_POINT('',(-38.20307594615,78.867157734315,
    47.000093980188));
#3116 = CARTESIAN_POINT('',(-37.07807404114,78.217637581623,
    47.000093980188));
#3117 = CARTESIAN_POINT('',(-35.95307213614,77.56811742893,
    47.000093980188));
#3118 = CARTESIAN_POINT('',(-35.95307213614,78.867157734315,
    47.000093980188));
#3119 = B_SPLINE_SURFACE_WITH_KNOTS('',1,1,(
    (#3120,#3121)
    ,(#3122,#3123
    )),.UNSPECIFIED.,.F.,.F.,.F.,(2,2),(2,2),(-79.52755,79.52755),(
    -79.52755,79.52755),.PIECEWISE_BEZIER_KNOTS.);
#3120 = CARTESIAN_POINT('',(-38.72307721615,76.847153924308,
    47.000093980188));
#3121 = CARTESIAN_POINT('',(-38.72307721615,80.887161544323,
    47.000093980188));
#3122 = CARTESIAN_POINT('',(-34.68306959613,76.847153924308,
    47.000093980188));
#3123 = CARTESIAN_POINT('',(-34.68306959613,80.887161544323,
    47.000093980188));
#3124 = ADVANCED_FACE('',(#3125),#3135,.F.);
#3125 = FACE_BOUND('',#3126,.F.);
#3126 = EDGE_LOOP('',(#3127,#3128,#3133,#3134));
#3127 = ORIENTED_EDGE('',*,*,#2702,.F.);
#3128 = ORIENTED_EDGE('',*,*,#3129,.T.);
#3129 = EDGE_CURVE('',#2696,#2624,#3130,.T.);
#3130 = B_SPLINE_CURVE_WITH_KNOTS('',1,(#3131,#3132),.UNSPECIFIED.,.F.,
  .F.,(2,2),(0.,1.),.PIECEWISE_BEZIER_KNOTS.);
#3131 = CARTESIAN_POINT('',(-16.184292293,94.641652449756,
    48.663853502964));
#3132 = CARTESIAN_POINT('',(-33.07532607507,94.641652449756,
    48.686314964198));
#3133 = ORIENTED_EDGE('',*,*,#2621,.F.);
#3134 = ORIENTED_EDGE('',*,*,#2680,.T.);
#3135 = B_SPLINE_SURFACE_WITH_KNOTS('',1,1,(
    (#3136,#3137)
    ,(#3138,#3139
    )),.UNSPECIFIED.,.F.,.F.,.F.,(2,2),(2,2),(-6.009001918917E-14,665.),
  (-866.1417,-168.6940737647),.PIECEWISE_BEZIER_KNOTS.);
#3136 = CARTESIAN_POINT('',(-33.05306856056,77.904001534776,
    48.686314964198));
#3137 = CARTESIAN_POINT('',(-33.07662599337,95.619191008382,
    48.686314964198));
#3138 = CARTESIAN_POINT('',(-16.16206464743,77.92646297615,
    48.663853502964));
#3139 = CARTESIAN_POINT('',(-16.18562208024,95.641652449756,
    48.663853502964));
#3140 = ADVANCED_FACE('',(#3141),#3151,.F.);
#3141 = FACE_BOUND('',#3142,.F.);
#3142 = EDGE_LOOP('',(#3143,#3144,#3145,#3150));
#3143 = ORIENTED_EDGE('',*,*,#3129,.F.);
#3144 = ORIENTED_EDGE('',*,*,#2693,.F.);
#3145 = ORIENTED_EDGE('',*,*,#3146,.F.);
#3146 = EDGE_CURVE('',#2631,#2694,#3147,.T.);
#3147 = B_SPLINE_CURVE_WITH_KNOTS('',1,(#3148,#3149),.UNSPECIFIED.,.F.,
  .F.,(2,2),(0.,1.),.PIECEWISE_BEZIER_KNOTS.);
#3148 = CARTESIAN_POINT('',(-33.07887262471,94.641652449756,
    46.019311988262));
#3149 = CARTESIAN_POINT('',(-16.18783884264,94.641652449756,
    45.996850527029));
#3150 = ORIENTED_EDGE('',*,*,#2630,.F.);
#3151 = PLANE('',#3152);
#3152 = AXIS2_PLACEMENT_3D('',#3153,#3154,#3155);
#3153 = CARTESIAN_POINT('',(-98.26219329438,94.641652449756,
    32.000066040132));
#3154 = DIRECTION('',(-0.,1.,0.));
#3155 = DIRECTION('',(0.,0.,1.));
#3156 = ADVANCED_FACE('',(#3157),#3167,.F.);
#3157 = FACE_BOUND('',#3158,.F.);
#3158 = EDGE_LOOP('',(#3159,#3160,#3161,#3166));
#3159 = ORIENTED_EDGE('',*,*,#3146,.T.);
#3160 = ORIENTED_EDGE('',*,*,#2730,.T.);
#3161 = ORIENTED_EDGE('',*,*,#3162,.T.);
#3162 = EDGE_CURVE('',#2724,#2638,#3163,.T.);
#3163 = B_SPLINE_CURVE_WITH_KNOTS('',1,(#3164,#3165),.UNSPECIFIED.,.F.,
  .F.,(2,2),(-1.524924406456E+03,-859.9238184866),
  .PIECEWISE_BEZIER_KNOTS.);
#3164 = CARTESIAN_POINT('',(-16.18501641714,92.519188468377,
    45.996850527029));
#3165 = CARTESIAN_POINT('',(-33.07605019921,92.519188468377,
    46.019311988262));
#3166 = ORIENTED_EDGE('',*,*,#2637,.F.);
#3167 = B_SPLINE_SURFACE_WITH_KNOTS('',1,1,(
    (#3168,#3169)
    ,(#3170,#3171
    )),.UNSPECIFIED.,.F.,.F.,.F.,(2,2),(2,2),(-2.273736754432E-13,665.),
  (-291.6254037285,-168.6938880898),.PIECEWISE_BEZIER_KNOTS.);
#3168 = CARTESIAN_POINT('',(-16.18501641714,92.519188468377,
    45.996850527029));
#3169 = CARTESIAN_POINT('',(-16.18916862988,95.641652449756,
    45.996850527029));
#3170 = CARTESIAN_POINT('',(-33.07602033027,92.496727027003,
    46.019311988262));
#3171 = CARTESIAN_POINT('',(-33.08017254301,95.619191008382,
    46.019311988262));
#3172 = ADVANCED_FACE('',(#3173),#3199,.F.);
#3173 = FACE_BOUND('',#3174,.F.);
#3174 = EDGE_LOOP('',(#3175,#3184,#3189,#3190,#3191,#3192,#3193,#3194));
#3175 = ORIENTED_EDGE('',*,*,#3176,.F.);
#3176 = EDGE_CURVE('',#3177,#3179,#3181,.T.);
#3177 = VERTEX_POINT('',#3178);
#3178 = CARTESIAN_POINT('',(-93.66219075438,92.519188468377,
    32.000066040132));
#3179 = VERTEX_POINT('',#3180);
#3180 = CARTESIAN_POINT('',(0.317004064008,92.519188468377,
    32.000066040132));
#3181 = B_SPLINE_CURVE_WITH_KNOTS('',1,(#3182,#3183),.UNSPECIFIED.,.F.,
  .F.,(2,2),(-924.990225,2.774970675E+03),.PIECEWISE_BEZIER_KNOTS.);
#3182 = CARTESIAN_POINT('',(-93.66219075438,92.519188468377,
    32.000066040132));
#3183 = CARTESIAN_POINT('',(0.317004064008,92.519188468377,
    32.000066040132));
#3184 = ORIENTED_EDGE('',*,*,#3185,.T.);
#3185 = EDGE_CURVE('',#3177,#3048,#3186,.T.);
#3186 = B_SPLINE_CURVE_WITH_KNOTS('',1,(#3187,#3188),.UNSPECIFIED.,.F.,
  .F.,(2,2),(60.0551,709.6613),.PIECEWISE_BEZIER_KNOTS.);
#3187 = CARTESIAN_POINT('',(-93.66219075438,92.519188468377,
    32.000066040132));
#3188 = CARTESIAN_POINT('',(-93.66219075438,92.519188468377,
    48.500096520193));
#3189 = ORIENTED_EDGE('',*,*,#3054,.T.);
#3190 = ORIENTED_EDGE('',*,*,#2644,.F.);
#3191 = ORIENTED_EDGE('',*,*,#3162,.F.);
#3192 = ORIENTED_EDGE('',*,*,#2723,.F.);
#3193 = ORIENTED_EDGE('',*,*,#3070,.T.);
#3194 = ORIENTED_EDGE('',*,*,#3195,.F.);
#3195 = EDGE_CURVE('',#3179,#3032,#3196,.T.);
#3196 = B_SPLINE_CURVE_WITH_KNOTS('',1,(#3197,#3198),.UNSPECIFIED.,.F.,
  .F.,(2,2),(60.0551,709.6613),.PIECEWISE_BEZIER_KNOTS.);
#3197 = CARTESIAN_POINT('',(0.317004064008,92.519188468377,
    32.000066040132));
#3198 = CARTESIAN_POINT('',(0.317004064008,92.519188468377,
    48.500096520193));
#3199 = B_SPLINE_SURFACE_WITH_KNOTS('',1,1,(
    (#3200,#3201)
    ,(#3202,#3203
    )),.UNSPECIFIED.,.F.,.F.,.F.,(2,2),(2,2),(0.,3.6999609E+03),(
    -709.6613,-60.0551),.PIECEWISE_BEZIER_KNOTS.);
#3200 = CARTESIAN_POINT('',(-93.66219075438,92.519188468377,
    48.500096520193));
#3201 = CARTESIAN_POINT('',(-93.66219075438,92.519188468377,
    32.000066040132));
#3202 = CARTESIAN_POINT('',(0.317004064008,92.519188468377,
    48.500096520193));
#3203 = CARTESIAN_POINT('',(0.317004064008,92.519188468377,
    32.000066040132));
#3204 = ADVANCED_FACE('',(#3205,#3208),#3222,.F.);
#3205 = FACE_BOUND('',#3206,.F.);
#3206 = EDGE_LOOP('',(#3207));
#3207 = ORIENTED_EDGE('',*,*,#2786,.T.);
#3208 = FACE_BOUND('',#3209,.F.);
#3209 = EDGE_LOOP('',(#3210));
#3210 = ORIENTED_EDGE('',*,*,#3211,.F.);
#3211 = EDGE_CURVE('',#3212,#3212,#3214,.T.);
#3212 = VERTEX_POINT('',#3213);
#3213 = CARTESIAN_POINT('',(-12.83902590805,78.867157734315,
    46.800091440183));
#3214 = ( BOUNDED_CURVE() B_SPLINE_CURVE(2,(#3215,#3216,#3217,#3218,
#3219,#3220,#3221),.UNSPECIFIED.,.T.,.F.) B_SPLINE_CURVE_WITH_KNOTS((1,2
    ,2,2,2,1),(-2.094395102394,0.,2.094395102393,4.188790204786,
6.28318530718,8.377580409573),.UNSPECIFIED.) CURVE() 
GEOMETRIC_REPRESENTATION_ITEM() RATIONAL_B_SPLINE_CURVE((1.,0.5,1.,0.5,
1.,0.5,1.)) REPRESENTATION_ITEM('') );
#3215 = CARTESIAN_POINT('',(-12.83902590805,78.867157734315,
    46.800091440183));
#3216 = CARTESIAN_POINT('',(-12.83902590805,80.166198039701,
    46.800091440183));
#3217 = CARTESIAN_POINT('',(-13.96402781305,79.516677887008,
    46.800091440183));
#3218 = CARTESIAN_POINT('',(-15.08902971805,78.867157734315,
    46.800091440183));
#3219 = CARTESIAN_POINT('',(-13.96402781305,78.217637581623,
    46.800091440183));
#3220 = CARTESIAN_POINT('',(-12.83902590805,77.56811742893,
    46.800091440183));
#3221 = CARTESIAN_POINT('',(-12.83902590805,78.867157734315,
    46.800091440183));
#3222 = B_SPLINE_SURFACE_WITH_KNOTS('',1,1,(
    (#3223,#3224)
    ,(#3225,#3226
    )),.UNSPECIFIED.,.F.,.F.,.F.,(2,2),(2,2),(-79.52755,79.52755),(
    -79.52755,79.52755),.PIECEWISE_BEZIER_KNOTS.);
#3223 = CARTESIAN_POINT('',(-15.60903098806,76.847153924308,
    46.800091440183));
#3224 = CARTESIAN_POINT('',(-15.60903098806,80.887161544323,
    46.800091440183));
#3225 = CARTESIAN_POINT('',(-11.56902336804,76.847153924308,
    46.800091440183));
#3226 = CARTESIAN_POINT('',(-11.56902336804,80.887161544323,
    46.800091440183));
#3227 = ADVANCED_FACE('',(#3228,#3231),#3245,.F.);
#3228 = FACE_BOUND('',#3229,.F.);
#3229 = EDGE_LOOP('',(#3230));
#3230 = ORIENTED_EDGE('',*,*,#2841,.T.);
#3231 = FACE_BOUND('',#3232,.F.);
#3232 = EDGE_LOOP('',(#3233));
#3233 = ORIENTED_EDGE('',*,*,#3234,.F.);
#3234 = EDGE_CURVE('',#3235,#3235,#3237,.T.);
#3235 = VERTEX_POINT('',#3236);
#3236 = CARTESIAN_POINT('',(-12.83902590805,54.737109474219,
    47.000093980188));
#3237 = ( BOUNDED_CURVE() B_SPLINE_CURVE(2,(#3238,#3239,#3240,#3241,
#3242,#3243,#3244),.UNSPECIFIED.,.T.,.F.) B_SPLINE_CURVE_WITH_KNOTS((1,2
    ,2,2,2,1),(-2.094395102394,0.,2.094395102393,4.188790204786,
6.28318530718,8.377580409573),.UNSPECIFIED.) CURVE() 
GEOMETRIC_REPRESENTATION_ITEM() RATIONAL_B_SPLINE_CURVE((1.,0.5,1.,0.5,
1.,0.5,1.)) REPRESENTATION_ITEM('') );
#3238 = CARTESIAN_POINT('',(-12.83902590805,54.737109474219,
    47.000093980188));
#3239 = CARTESIAN_POINT('',(-12.83902590805,56.036149779605,
    47.000093980188));
#3240 = CARTESIAN_POINT('',(-13.96402781305,55.386629626912,
    47.000093980188));
#3241 = CARTESIAN_POINT('',(-15.08902971805,54.737109474219,
    47.000093980188));
#3242 = CARTESIAN_POINT('',(-13.96402781305,54.087589321526,
    47.000093980188));
#3243 = CARTESIAN_POINT('',(-12.83902590805,53.438069168833,
    47.000093980188));
#3244 = CARTESIAN_POINT('',(-12.83902590805,54.737109474219,
    47.000093980188));
#3245 = B_SPLINE_SURFACE_WITH_KNOTS('',1,1,(
    (#3246,#3247)
    ,(#3248,#3249
    )),.UNSPECIFIED.,.F.,.F.,.F.,(2,2),(2,2),(-79.52755,79.52755),(
    -79.52755,79.52755),.PIECEWISE_BEZIER_KNOTS.);
#3246 = CARTESIAN_POINT('',(-15.60903098806,52.717105664211,
    47.000093980188));
#3247 = CARTESIAN_POINT('',(-15.60903098806,56.757113284227,
    47.000093980188));
#3248 = CARTESIAN_POINT('',(-11.56902336804,52.717105664211,
    47.000093980188));
#3249 = CARTESIAN_POINT('',(-11.56902336804,56.757113284227,
    47.000093980188));
#3250 = ADVANCED_FACE('',(#3251,#3254),#3268,.F.);
#3251 = FACE_BOUND('',#3252,.F.);
#3252 = EDGE_LOOP('',(#3253));
#3253 = ORIENTED_EDGE('',*,*,#2878,.T.);
#3254 = FACE_BOUND('',#3255,.F.);
#3255 = EDGE_LOOP('',(#3256));
#3256 = ORIENTED_EDGE('',*,*,#3257,.F.);
#3257 = EDGE_CURVE('',#3258,#3258,#3260,.T.);
#3258 = VERTEX_POINT('',#3259);
#3259 = CARTESIAN_POINT('',(-35.95307213614,54.737109474219,
    47.000093980188));
#3260 = ( BOUNDED_CURVE() B_SPLINE_CURVE(2,(#3261,#3262,#3263,#3264,
#3265,#3266,#3267),.UNSPECIFIED.,.T.,.F.) B_SPLINE_CURVE_WITH_KNOTS((1,2
    ,2,2,2,1),(-2.094395102394,0.,2.094395102393,4.188790204786,
6.28318530718,8.377580409573),.UNSPECIFIED.) CURVE() 
GEOMETRIC_REPRESENTATION_ITEM() RATIONAL_B_SPLINE_CURVE((1.,0.5,1.,0.5,
1.,0.5,1.)) REPRESENTATION_ITEM('') );
#3261 = CARTESIAN_POINT('',(-35.95307213614,54.737109474219,
    47.000093980188));
#3262 = CARTESIAN_POINT('',(-35.95307213614,56.036149779605,
    47.000093980188));
#3263 = CARTESIAN_POINT('',(-37.07807404114,55.386629626912,
    47.000093980188));
#3264 = CARTESIAN_POINT('',(-38.20307594615,54.737109474219,
    47.000093980188));
#3265 = CARTESIAN_POINT('',(-37.07807404114,54.087589321526,
    47.000093980188));
#3266 = CARTESIAN_POINT('',(-35.95307213614,53.438069168833,
    47.000093980188));
#3267 = CARTESIAN_POINT('',(-35.95307213614,54.737109474219,
    47.000093980188));
#3268 = B_SPLINE_SURFACE_WITH_KNOTS('',1,1,(
    (#3269,#3270)
    ,(#3271,#3272
    )),.UNSPECIFIED.,.F.,.F.,.F.,(2,2),(2,2),(-79.52755,79.52755),(
    -79.52755,79.52755),.PIECEWISE_BEZIER_KNOTS.);
#3269 = CARTESIAN_POINT('',(-38.72307721615,52.717105664211,
    47.000093980188));
#3270 = CARTESIAN_POINT('',(-38.72307721615,56.757113284227,
    47.000093980188));
#3271 = CARTESIAN_POINT('',(-34.68306959613,52.717105664211,
    47.000093980188));
#3272 = CARTESIAN_POINT('',(-34.68306959613,56.757113284227,
    47.000093980188));
#3273 = ADVANCED_FACE('',(#3274,#3280),#3314,.F.);
#3274 = FACE_BOUND('',#3275,.F.);
#3275 = EDGE_LOOP('',(#3276,#3277,#3278,#3279));
#3276 = ORIENTED_EDGE('',*,*,#2991,.F.);
#3277 = ORIENTED_EDGE('',*,*,#2943,.T.);
#3278 = ORIENTED_EDGE('',*,*,#2967,.T.);
#3279 = ORIENTED_EDGE('',*,*,#3015,.F.);
#3280 = FACE_BOUND('',#3281,.F.);
#3281 = EDGE_LOOP('',(#3282,#3292,#3300,#3308));
#3282 = ORIENTED_EDGE('',*,*,#3283,.F.);
#3283 = EDGE_CURVE('',#3284,#3286,#3288,.T.);
#3284 = VERTEX_POINT('',#3285);
#3285 = CARTESIAN_POINT('',(-95.262,-29.48,28.));
#3286 = VERTEX_POINT('',#3287);
#3287 = CARTESIAN_POINT('',(1.917,-29.48,28.));
#3288 = LINE('',#3289,#3290);
#3289 = CARTESIAN_POINT('',(-95.262,-29.48,28.));
#3290 = VECTOR('',#3291,1.);
#3291 = DIRECTION('',(1.,0.,-0.));
#3292 = ORIENTED_EDGE('',*,*,#3293,.T.);
#3293 = EDGE_CURVE('',#3284,#3294,#3296,.T.);
#3294 = VERTEX_POINT('',#3295);
#3295 = CARTESIAN_POINT('',(-95.262,94.12,28.));
#3296 = LINE('',#3297,#3298);
#3297 = CARTESIAN_POINT('',(-95.262,-29.48,28.));
#3298 = VECTOR('',#3299,1.);
#3299 = DIRECTION('',(-0.,1.,0.));
#3300 = ORIENTED_EDGE('',*,*,#3301,.T.);
#3301 = EDGE_CURVE('',#3294,#3302,#3304,.T.);
#3302 = VERTEX_POINT('',#3303);
#3303 = CARTESIAN_POINT('',(1.917,94.12,28.));
#3304 = LINE('',#3305,#3306);
#3305 = CARTESIAN_POINT('',(-95.262,94.12,28.));
#3306 = VECTOR('',#3307,1.);
#3307 = DIRECTION('',(1.,0.,-0.));
#3308 = ORIENTED_EDGE('',*,*,#3309,.F.);
#3309 = EDGE_CURVE('',#3286,#3302,#3310,.T.);
#3310 = LINE('',#3311,#3312);
#3311 = CARTESIAN_POINT('',(1.917,-29.48,28.));
#3312 = VECTOR('',#3313,1.);
#3313 = DIRECTION('',(-0.,1.,0.));
#3314 = PLANE('',#3315);
#3315 = AXIS2_PLACEMENT_3D('',#3316,#3317,#3318);
#3316 = CARTESIAN_POINT('',(-97.012,-31.23,28.));
#3317 = DIRECTION('',(0.,0.,1.));
#3318 = DIRECTION('',(1.,0.,-0.));
#3319 = ADVANCED_FACE('',(#3320,#3336),#3568,.F.);
#3320 = FACE_BOUND('',#3321,.F.);
#3321 = EDGE_LOOP('',(#3322,#3329,#3330,#3331));
#3322 = ORIENTED_EDGE('',*,*,#3323,.F.);
#3323 = EDGE_CURVE('',#3179,#3324,#3326,.T.);
#3324 = VERTEX_POINT('',#3325);
#3325 = CARTESIAN_POINT('',(0.317004064008,-27.87605918211,
    32.000066040132));
#3326 = B_SPLINE_CURVE_WITH_KNOTS('',1,(#3327,#3328),.UNSPECIFIED.,.F.,
  .F.,(2,2),(-1.184990225E+03,3.554970675E+03),
  .PIECEWISE_BEZIER_KNOTS.);
#3327 = CARTESIAN_POINT('',(0.317004064008,92.519188468377,
    32.000066040132));
#3328 = CARTESIAN_POINT('',(0.317004064008,-27.87605918211,
    32.000066040132));
#3329 = ORIENTED_EDGE('',*,*,#3195,.T.);
#3330 = ORIENTED_EDGE('',*,*,#3031,.T.);
#3331 = ORIENTED_EDGE('',*,*,#3332,.F.);
#3332 = EDGE_CURVE('',#3324,#3034,#3333,.T.);
#3333 = B_SPLINE_CURVE_WITH_KNOTS('',1,(#3334,#3335),.UNSPECIFIED.,.F.,
  .F.,(2,2),(60.0551,709.6613),.PIECEWISE_BEZIER_KNOTS.);
#3334 = CARTESIAN_POINT('',(0.317004064008,-27.87605918211,
    32.000066040132));
#3335 = CARTESIAN_POINT('',(0.317004064008,-27.87605918211,
    48.500096520193));
#3336 = FACE_BOUND('',#3337,.F.);
#3337 = EDGE_LOOP('',(#3338,#3396,#3417,#3487,#3543));
#3338 = ORIENTED_EDGE('',*,*,#3339,.T.);
#3339 = EDGE_CURVE('',#3340,#3342,#3344,.T.);
#3340 = VERTEX_POINT('',#3341);
#3341 = CARTESIAN_POINT('',(0.317004064008,32.32,34.1));
#3342 = VERTEX_POINT('',#3343);
#3343 = CARTESIAN_POINT('',(0.317004064008,32.865435605747,
    33.250000000032));
#3344 = B_SPLINE_CURVE_WITH_KNOTS('',8,(#3345,#3346,#3347,#3348,#3349,
    #3350,#3351,#3352,#3353,#3354,#3355,#3356,#3357,#3358,#3359,#3360,
    #3361,#3362,#3363,#3364,#3365,#3366,#3367,#3368,#3369,#3370,#3371,
    #3372,#3373,#3374,#3375,#3376,#3377,#3378,#3379,#3380,#3381,#3382,
    #3383,#3384,#3385,#3386,#3387,#3388,#3389,#3390,#3391,#3392,#3393,
    #3394,#3395),.UNSPECIFIED.,.F.,.F.,(9,7,7,7,7,7,7,9),(0.,
    0.156091975441,0.235955011889,0.351312270193,0.474086934259,
    0.578882006863,0.82654006253,1.),.UNSPECIFIED.);
#3345 = CARTESIAN_POINT('',(0.317004064008,32.32,34.1));
#3346 = CARTESIAN_POINT('',(0.317004064008,32.373019215423,34.1));
#3347 = CARTESIAN_POINT('',(0.317004064008,32.426085102436,
    34.094645345471));
#3348 = CARTESIAN_POINT('',(0.317004064008,32.478511451502,
    34.083921072626));
#3349 = CARTESIAN_POINT('',(0.317004064008,32.529656714236,
    34.067927830062));
#3350 = CARTESIAN_POINT('',(0.317004064008,32.578914923073,
    34.046852035956));
#3351 = CARTESIAN_POINT('',(0.317004064008,32.625712610108,
    34.020952545609));
#3352 = CARTESIAN_POINT('',(0.317004064008,32.66951172508,
    33.990563829365));
#3353 = CARTESIAN_POINT('',(0.317004064008,32.730441173383,
    33.938490569488));
#3354 = CARTESIAN_POINT('',(0.317004064008,32.750153498999,
    33.919799475272));
#3355 = CARTESIAN_POINT('',(0.317004064008,32.768890340633,
    33.900097959632));
#3356 = CARTESIAN_POINT('',(0.317004064008,32.786591556885,
    33.879445753057));
#3357 = CARTESIAN_POINT('',(0.317004064008,32.803201689676,
    33.857906419981));
#3358 = CARTESIAN_POINT('',(0.317004064008,32.818669851785,
    33.835547242804));
#3359 = CARTESIAN_POINT('',(0.317004064008,32.832949865934,
    33.812439305094));
#3360 = CARTESIAN_POINT('',(0.317004064008,32.864851720502,
    33.754306810752));
#3361 = CARTESIAN_POINT('',(0.317004064008,32.881141358931,
    33.718544549859));
#3362 = CARTESIAN_POINT('',(0.317004064008,32.894742359949,
    33.681600259636));
#3363 = CARTESIAN_POINT('',(0.317004064008,32.905556928667,
    33.643710919699));
#3364 = CARTESIAN_POINT('',(0.317004064008,32.913512599069,
    33.605119980621));
#3365 = CARTESIAN_POINT('',(0.317004064008,32.918560913565,
    33.566076796534));
#3366 = CARTESIAN_POINT('',(0.317004064008,32.92067886913,
    33.526836730652));
#3367 = CARTESIAN_POINT('',(0.317004064008,32.919015582347,
    33.445968219719));
#3368 = CARTESIAN_POINT('',(0.317004064008,32.914845991483,
    33.404335093187));
#3369 = CARTESIAN_POINT('',(0.317004064008,32.907368895451,
    33.363080211681));
#3370 = CARTESIAN_POINT('',(0.317004064008,32.896627122454,
    33.322510178004));
#3371 = CARTESIAN_POINT('',(0.317004064008,32.882695641941,
    33.282921955054));
#3372 = CARTESIAN_POINT('',(0.317004064008,32.865679417727,
    33.244603138798));
#3373 = CARTESIAN_POINT('',(0.317004064008,32.845715263169,
    33.20783108934));
#3374 = CARTESIAN_POINT('',(0.317004064008,32.803569909591,
    33.143030451784));
#3375 = CARTESIAN_POINT('',(0.317004064008,32.782137130742,
    33.114503256936));
#3376 = CARTESIAN_POINT('',(0.317004064008,32.758785314732,
    33.087453562559));
#3377 = CARTESIAN_POINT('',(0.317004064008,32.733634527535,
    33.062031103887));
#3378 = CARTESIAN_POINT('',(0.317004064008,32.706817175453,
    33.038372755039));
#3379 = CARTESIAN_POINT('',(0.317004064008,32.678477354067,
    33.016603011303));
#3380 = CARTESIAN_POINT('',(0.317004064008,32.6487713189,32.996833323067
    ));
#3381 = CARTESIAN_POINT('',(0.317004064008,32.544839032041,
    32.937394280049));
#3382 = CARTESIAN_POINT('',(0.317004064008,32.464858095619,32.9071838304
    ));
#3383 = CARTESIAN_POINT('',(0.317004064008,32.380393446736,
    32.890129061166));
#3384 = CARTESIAN_POINT('',(0.317004064008,32.293980325867,
    32.886806702327));
#3385 = CARTESIAN_POINT('',(0.317004064008,32.208146959138,
    32.897433408572));
#3386 = CARTESIAN_POINT('',(0.317004064008,32.125403860291,
    32.921589147458));
#3387 = CARTESIAN_POINT('',(0.317004064008,32.048247994559,
    32.95849675438));
#3388 = CARTESIAN_POINT('',(0.317004064008,31.930561177365,
    33.039773875698));
#3389 = CARTESIAN_POINT('',(0.317004064008,31.885810726988,
    33.078713687477));
#3390 = CARTESIAN_POINT('',(0.317004064008,31.845556166921,
    33.12260089955));
#3391 = CARTESIAN_POINT('',(0.317004064008,31.810417136301,
    33.170814843124));
#3392 = CARTESIAN_POINT('',(0.317004064008,31.780914031512,
    33.222668356289));
#3393 = CARTESIAN_POINT('',(0.317004064008,31.757458522181,
    33.277404499027));
#3394 = CARTESIAN_POINT('',(0.317004064008,31.740360514868,
    33.334203459466));
#3395 = CARTESIAN_POINT('',(0.317004064008,31.729771811637,
    33.392154343336));
#3396 = ORIENTED_EDGE('',*,*,#3397,.T.);
#3397 = EDGE_CURVE('',#3342,#3398,#3400,.T.);
#3398 = VERTEX_POINT('',#3399);
#3399 = CARTESIAN_POINT('',(0.317004064008,32.885661287871,
    33.200068256864));
#3400 = B_SPLINE_CURVE_WITH_KNOTS('',8,(#3401,#3402,#3403,#3404,#3405,
    #3406,#3407,#3408,#3409,#3410,#3411,#3412,#3413,#3414,#3415,#3416),
  .UNSPECIFIED.,.F.,.F.,(9,7,9),(0.,0.666664243821,1.),.UNSPECIFIED.);
#3401 = CARTESIAN_POINT('',(0.317004064008,32.32,33.6));
#3402 = CARTESIAN_POINT('',(0.317004064008,32.381611801415,33.6));
#3403 = CARTESIAN_POINT('',(0.317004064008,32.443241930228,
    33.592769469477));
#3404 = CARTESIAN_POINT('',(0.317004064008,32.503826414972,
    33.578301113521));
#3405 = CARTESIAN_POINT('',(0.317004064008,32.562386671385,
    33.556797638598));
#3406 = CARTESIAN_POINT('',(0.317004064008,32.618001350196,
    33.528588358769));
#3407 = CARTESIAN_POINT('',(0.317004064008,32.669817093653,
    33.494138347537));
#3408 = CARTESIAN_POINT('',(0.317004064008,32.717042064931,
    33.454028729405));
#3409 = CARTESIAN_POINT('',(0.317004064008,32.779947735168,
    33.386515489544));
#3410 = CARTESIAN_POINT('',(0.317004064008,32.799598741422,
    33.362781478893));
#3411 = CARTESIAN_POINT('',(0.317004064008,32.817846469087,
    33.337909528328));
#3412 = CARTESIAN_POINT('',(0.317004064008,32.834614634739,
    33.311996929661));
#3413 = CARTESIAN_POINT('',(0.317004064008,32.849835418858,
    33.285146233714));
#3414 = CARTESIAN_POINT('',(0.317004064008,32.863449224544,
    33.257465054918));
#3415 = CARTESIAN_POINT('',(0.317004064008,32.8754050233,33.229066219442
    ));
#3416 = CARTESIAN_POINT('',(0.317004064008,32.885661287871,
    33.200068256864));
#3417 = ORIENTED_EDGE('',*,*,#3418,.T.);
#3418 = EDGE_CURVE('',#3398,#3419,#3421,.T.);
#3419 = VERTEX_POINT('',#3420);
#3420 = CARTESIAN_POINT('',(0.317004064008,31.774564394072,
    33.250000000429));
#3421 = B_SPLINE_CURVE_WITH_KNOTS('',8,(#3422,#3423,#3424,#3425,#3426,
    #3427,#3428,#3429,#3430,#3431,#3432,#3433,#3434,#3435,#3436,#3437,
    #3438,#3439,#3440,#3441,#3442,#3443,#3444,#3445,#3446,#3447,#3448,
    #3449,#3450,#3451,#3452,#3453,#3454,#3455,#3456,#3457,#3458,#3459,
    #3460,#3461,#3462,#3463,#3464,#3465,#3466,#3467,#3468,#3469,#3470,
    #3471,#3472,#3473,#3474,#3475,#3476,#3477,#3478,#3479,#3480,#3481,
    #3482,#3483,#3484,#3485,#3486),.UNSPECIFIED.,.F.,.F.,(9,7,7,7,7,7,7,
    7,7,9),(0.,0.161758636714,0.244108940466,0.389988865287,
    0.536896148024,0.61180797218,0.717329848679,0.81136662826,
    0.874329750594,1.),.UNSPECIFIED.);
#3422 = CARTESIAN_POINT('',(0.317004064008,32.885661287871,
    33.200068256864));
#3423 = CARTESIAN_POINT('',(0.317004064008,32.902796957748,
    33.151619866084));
#3424 = CARTESIAN_POINT('',(0.317004064008,32.915196740493,
    33.101475856517));
#3425 = CARTESIAN_POINT('',(0.317004064008,32.922652871477,
    33.050203782127));
#3426 = CARTESIAN_POINT('',(0.317004064008,32.925057264655,
    32.99837414864));
#3427 = CARTESIAN_POINT('',(0.317004064008,32.922374338907,
    32.946558275495));
#3428 = CARTESIAN_POINT('',(0.317004064008,32.914642803797,
    32.895327240286));
#3429 = CARTESIAN_POINT('',(0.317004064008,32.901973870862,
    32.845250825881));
#3430 = CARTESIAN_POINT('',(0.317004064008,32.875721964581,
    32.772277459852));
#3431 = CARTESIAN_POINT('',(0.317004064008,32.865486978612,
    32.74767833228));
#3432 = CARTESIAN_POINT('',(0.317004064008,32.853795471105,
    32.72311313652));
#3433 = CARTESIAN_POINT('',(0.317004064008,32.84054175938,
    32.698582820463));
#3434 = CARTESIAN_POINT('',(0.317004064008,32.825580206722,
    32.674080385543));
#3435 = CARTESIAN_POINT('',(0.317004064008,32.808706176069,
    32.649603680785));
#3436 = CARTESIAN_POINT('',(0.317004064008,32.789639131987,
    32.625165108492));
#3437 = CARTESIAN_POINT('',(0.317004064008,32.729550050372,
    32.557731170911));
#3438 = CARTESIAN_POINT('',(0.317004064008,32.686382392816,
    32.51882963801));
#3439 = CARTESIAN_POINT('',(0.317004064008,32.639019909873,
    32.48478076061));
#3440 = CARTESIAN_POINT('',(0.317004064008,32.588110129218,
    32.456095798508));
#3441 = CARTESIAN_POINT('',(0.317004064008,32.534350465506,
    32.433184118974));
#3442 = CARTESIAN_POINT('',(0.317004064008,32.478488680825,
    32.416350224685));
#3443 = CARTESIAN_POINT('',(0.317004064008,32.421316067786,
    32.405800130252));
#3444 = CARTESIAN_POINT('',(0.317004064008,32.305658699927,
    32.397355871829));
#3445 = CARTESIAN_POINT('',(0.317004064008,32.247211471093,
    32.399554771114));
#3446 = CARTESIAN_POINT('',(0.317004064008,32.189183269179,
    32.408228117244));
#3447 = CARTESIAN_POINT('',(0.317004064008,32.132380257637,
    32.423286433201));
#3448 = CARTESIAN_POINT('',(0.317004064008,32.077589165861,
    32.444532427339));
#3449 = CARTESIAN_POINT('',(0.317004064008,32.025574799061,
    32.47166292053));
#3450 = CARTESIAN_POINT('',(0.317004064008,31.977065998155,
    32.504252434724));
#3451 = CARTESIAN_POINT('',(0.317004064008,31.910122002501,
    32.56082332978));
#3452 = CARTESIAN_POINT('',(0.317004064008,31.888590333638,
    32.581203486128));
#3453 = CARTESIAN_POINT('',(0.317004064008,31.868220387818,
    32.602787033875));
#3454 = CARTESIAN_POINT('',(0.317004064008,31.84909021048,
    32.625496211526));
#3455 = CARTESIAN_POINT('',(0.317004064008,31.831271163827,
    32.64924789957));
#3456 = CARTESIAN_POINT('',(0.317004064008,31.814828117177,
    32.673953815544));
#3457 = CARTESIAN_POINT('',(0.317004064008,31.799819211567,
    32.699520378743));
#3458 = CARTESIAN_POINT('',(0.317004064008,31.767245078856,
    32.762934056332));
#3459 = CARTESIAN_POINT('',(0.317004064008,31.751136898801,
    32.801539000712));
#3460 = CARTESIAN_POINT('',(0.317004064008,31.738117297272,
    32.841381626934));
#3461 = CARTESIAN_POINT('',(0.317004064008,31.728294063834,
    32.88217215908));
#3462 = CARTESIAN_POINT('',(0.317004064008,31.721742215162,
    32.923613982299));
#3463 = CARTESIAN_POINT('',(0.317004064008,31.718505988961,
    32.965404354532));
#3464 = CARTESIAN_POINT('',(0.317004064008,31.718596755438,
    33.007234343768));
#3465 = CARTESIAN_POINT('',(0.317004064008,31.725007956666,
    33.085818901168));
#3466 = CARTESIAN_POINT('',(0.317004064008,31.73065004666,
    33.122639892209));
#3467 = CARTESIAN_POINT('',(0.317004064008,31.738895912839,
    33.159028767345));
#3468 = CARTESIAN_POINT('',(0.317004064008,31.749705258609,
    33.194770846207));
#3469 = CARTESIAN_POINT('',(0.317004064008,31.763017700901,
    33.229658125687));
#3470 = CARTESIAN_POINT('',(0.317004064008,31.778753806277,
    33.263489106454));
#3471 = CARTESIAN_POINT('',(0.317004064008,31.796814156485,
    33.296069284924));
#3472 = CARTESIAN_POINT('',(0.317004064008,31.830643229362,
    33.348064387454));
#3473 = CARTESIAN_POINT('',(0.317004064008,31.845198431268,
    33.368274056349));
#3474 = CARTESIAN_POINT('',(0.317004064008,31.860706082532,
    33.38778611183));
#3475 = CARTESIAN_POINT('',(0.317004064008,31.877127006605,
    33.406548251951));
#3476 = CARTESIAN_POINT('',(0.317004064008,31.894418828051,
    33.424511088819));
#3477 = CARTESIAN_POINT('',(0.317004064008,31.912535983547,
    33.441628158997));
#3478 = CARTESIAN_POINT('',(0.317004064008,31.931429732888,
    33.457855933919));
#3479 = CARTESIAN_POINT('',(0.317004064008,31.990205279603,
    33.50368742493));
#3480 = CARTESIAN_POINT('',(0.317004064008,32.032259474683,
    33.530522213824));
#3481 = CARTESIAN_POINT('',(0.317004064008,32.076788008844,
    33.553332560106));
#3482 = CARTESIAN_POINT('',(0.317004064008,32.123341829555,
    33.571854638789));
#3483 = CARTESIAN_POINT('',(0.317004064008,32.171447217205,
    33.585887379743));
#3484 = CARTESIAN_POINT('',(0.317004064008,32.220607424176,
    33.595293410656));
#3485 = CARTESIAN_POINT('',(0.317004064008,32.270304313914,33.6));
#3486 = CARTESIAN_POINT('',(0.317004064008,32.32,33.6));
#3487 = ORIENTED_EDGE('',*,*,#3488,.T.);
#3488 = EDGE_CURVE('',#3419,#3489,#3491,.T.);
#3489 = VERTEX_POINT('',#3490);
#3490 = CARTESIAN_POINT('',(0.317004064008,31.729771811637,
    33.392154343336));
#3491 = B_SPLINE_CURVE_WITH_KNOTS('',8,(#3492,#3493,#3494,#3495,#3496,
    #3497,#3498,#3499,#3500,#3501,#3502,#3503,#3504,#3505,#3506,#3507,
    #3508,#3509,#3510,#3511,#3512,#3513,#3514,#3515,#3516,#3517,#3518,
    #3519,#3520,#3521,#3522,#3523,#3524,#3525,#3526,#3527,#3528,#3529,
    #3530,#3531,#3532,#3533,#3534,#3535,#3536,#3537,#3538,#3539,#3540,
    #3541,#3542),.UNSPECIFIED.,.F.,.F.,(9,7,7,7,7,7,7,9),(0.,
    0.156091975441,0.235955011889,0.351312270193,0.474086934259,
    0.578882006863,0.82654006253,1.),.UNSPECIFIED.);
#3492 = CARTESIAN_POINT('',(0.317004064008,32.32,34.1));
#3493 = CARTESIAN_POINT('',(0.317004064008,32.373019215423,34.1));
#3494 = CARTESIAN_POINT('',(0.317004064008,32.426085102436,
    34.094645345471));
#3495 = CARTESIAN_POINT('',(0.317004064008,32.478511451502,
    34.083921072626));
#3496 = CARTESIAN_POINT('',(0.317004064008,32.529656714236,
    34.067927830062));
#3497 = CARTESIAN_POINT('',(0.317004064008,32.578914923073,
    34.046852035956));
#3498 = CARTESIAN_POINT('',(0.317004064008,32.625712610108,
    34.020952545609));
#3499 = CARTESIAN_POINT('',(0.317004064008,32.66951172508,
    33.990563829365));
#3500 = CARTESIAN_POINT('',(0.317004064008,32.730441173383,
    33.938490569488));
#3501 = CARTESIAN_POINT('',(0.317004064008,32.750153498999,
    33.919799475272));
#3502 = CARTESIAN_POINT('',(0.317004064008,32.768890340633,
    33.900097959632));
#3503 = CARTESIAN_POINT('',(0.317004064008,32.786591556885,
    33.879445753057));
#3504 = CARTESIAN_POINT('',(0.317004064008,32.803201689676,
    33.857906419981));
#3505 = CARTESIAN_POINT('',(0.317004064008,32.818669851785,
    33.835547242804));
#3506 = CARTESIAN_POINT('',(0.317004064008,32.832949865934,
    33.812439305094));
#3507 = CARTESIAN_POINT('',(0.317004064008,32.864851720502,
    33.754306810752));
#3508 = CARTESIAN_POINT('',(0.317004064008,32.881141358931,
    33.718544549859));
#3509 = CARTESIAN_POINT('',(0.317004064008,32.894742359949,
    33.681600259636));
#3510 = CARTESIAN_POINT('',(0.317004064008,32.905556928667,
    33.643710919699));
#3511 = CARTESIAN_POINT('',(0.317004064008,32.913512599069,
    33.605119980621));
#3512 = CARTESIAN_POINT('',(0.317004064008,32.918560913565,
    33.566076796534));
#3513 = CARTESIAN_POINT('',(0.317004064008,32.92067886913,
    33.526836730652));
#3514 = CARTESIAN_POINT('',(0.317004064008,32.919015582347,
    33.445968219719));
#3515 = CARTESIAN_POINT('',(0.317004064008,32.914845991483,
    33.404335093187));
#3516 = CARTESIAN_POINT('',(0.317004064008,32.907368895451,
    33.363080211681));
#3517 = CARTESIAN_POINT('',(0.317004064008,32.896627122454,
    33.322510178004));
#3518 = CARTESIAN_POINT('',(0.317004064008,32.882695641941,
    33.282921955054));
#3519 = CARTESIAN_POINT('',(0.317004064008,32.865679417727,
    33.244603138798));
#3520 = CARTESIAN_POINT('',(0.317004064008,32.845715263169,
    33.20783108934));
#3521 = CARTESIAN_POINT('',(0.317004064008,32.803569909591,
    33.143030451784));
#3522 = CARTESIAN_POINT('',(0.317004064008,32.782137130742,
    33.114503256936));
#3523 = CARTESIAN_POINT('',(0.317004064008,32.758785314732,
    33.087453562559));
#3524 = CARTESIAN_POINT('',(0.317004064008,32.733634527535,
    33.062031103887));
#3525 = CARTESIAN_POINT('',(0.317004064008,32.706817175453,
    33.038372755039));
#3526 = CARTESIAN_POINT('',(0.317004064008,32.678477354067,
    33.016603011303));
#3527 = CARTESIAN_POINT('',(0.317004064008,32.6487713189,32.996833323067
    ));
#3528 = CARTESIAN_POINT('',(0.317004064008,32.544839032041,
    32.937394280049));
#3529 = CARTESIAN_POINT('',(0.317004064008,32.464858095619,32.9071838304
    ));
#3530 = CARTESIAN_POINT('',(0.317004064008,32.380393446736,
    32.890129061166));
#3531 = CARTESIAN_POINT('',(0.317004064008,32.293980325867,
    32.886806702327));
#3532 = CARTESIAN_POINT('',(0.317004064008,32.208146959138,
    32.897433408572));
#3533 = CARTESIAN_POINT('',(0.317004064008,32.125403860291,
    32.921589147458));
#3534 = CARTESIAN_POINT('',(0.317004064008,32.048247994559,
    32.95849675438));
#3535 = CARTESIAN_POINT('',(0.317004064008,31.930561177365,
    33.039773875698));
#3536 = CARTESIAN_POINT('',(0.317004064008,31.885810726988,
    33.078713687477));
#3537 = CARTESIAN_POINT('',(0.317004064008,31.845556166921,
    33.12260089955));
#3538 = CARTESIAN_POINT('',(0.317004064008,31.810417136301,
    33.170814843124));
#3539 = CARTESIAN_POINT('',(0.317004064008,31.780914031512,
    33.222668356289));
#3540 = CARTESIAN_POINT('',(0.317004064008,31.757458522181,
    33.277404499027));
#3541 = CARTESIAN_POINT('',(0.317004064008,31.740360514868,
    33.334203459466));
#3542 = CARTESIAN_POINT('',(0.317004064008,31.729771811637,
    33.392154343336));
#3543 = ORIENTED_EDGE('',*,*,#3544,.T.);
#3544 = EDGE_CURVE('',#3489,#3340,#3545,.T.);
#3545 = B_SPLINE_CURVE_WITH_KNOTS('',6,(#3546,#3547,#3548,#3549,#3550,
    #3551,#3552,#3553,#3554,#3555,#3556,#3557,#3558,#3559,#3560,#3561,
    #3562,#3563,#3564,#3565,#3566,#3567),.UNSPECIFIED.,.F.,.F.,(7,5,5,5,
    7),(0.,0.167703164452,0.454694736999,0.626445752453,1.),
  .UNSPECIFIED.);
#3546 = CARTESIAN_POINT('',(0.317004064008,31.729771811637,
    33.392154343336));
#3547 = CARTESIAN_POINT('',(0.317004064008,31.724492874539,
    33.421045423197));
#3548 = CARTESIAN_POINT('',(0.317004064008,31.72091066893,
    33.450248206082));
#3549 = CARTESIAN_POINT('',(0.317004064008,31.719048796824,
    33.479635505895));
#3550 = CARTESIAN_POINT('',(0.317004064008,31.718917141337,
    33.509080554534));
#3551 = CARTESIAN_POINT('',(0.317004064008,31.72051386355,
    33.538457143119));
#3552 = CARTESIAN_POINT('',(0.317004064008,31.729490801715,
    33.617579813676));
#3553 = CARTESIAN_POINT('',(0.317004064008,31.740177743442,
    33.666958115346));
#3554 = CARTESIAN_POINT('',(0.317004064008,31.755814859428,
    33.71512629266));
#3555 = CARTESIAN_POINT('',(0.317004064008,31.776218258635,
    33.761477262763));
#3556 = CARTESIAN_POINT('',(0.317004064008,31.801121094398,
    33.805435539165));
#3557 = CARTESIAN_POINT('',(0.317004064008,31.847513529895,
    33.871027330421));
#3558 = CARTESIAN_POINT('',(0.317004064008,31.866360397451,
    33.894540244803));
#3559 = CARTESIAN_POINT('',(0.317004064008,31.886605659999,
    33.916896722074));
#3560 = CARTESIAN_POINT('',(0.317004064008,31.908160112572,
    33.937994120124));
#3561 = CARTESIAN_POINT('',(0.317004064008,31.930924713398,
    33.957739255502));
#3562 = CARTESIAN_POINT('',(0.317004064008,32.006698267075,
    34.015870351197));
#3563 = CARTESIAN_POINT('',(0.317004064008,32.063826147407,
    34.048903171018));
#3564 = CARTESIAN_POINT('',(0.317004064008,32.12503591006,
    34.074290240205));
#3565 = CARTESIAN_POINT('',(0.317004064008,32.189069925142,
    34.091428729507));
#3566 = CARTESIAN_POINT('',(0.317004064008,32.254553978079,34.1));
#3567 = CARTESIAN_POINT('',(0.317004064008,32.32,34.1));
#3568 = B_SPLINE_SURFACE_WITH_KNOTS('',1,1,(
    (#3569,#3570)
    ,(#3571,#3572
    )),.UNSPECIFIED.,.F.,.F.,.F.,(2,2),(2,2),(0.,4.7399609E+03),(
    -709.6613,-60.0551),.PIECEWISE_BEZIER_KNOTS.);
#3569 = CARTESIAN_POINT('',(0.317004064008,92.519188468377,
    48.500096520193));
#3570 = CARTESIAN_POINT('',(0.317004064008,92.519188468377,
    32.000066040132));
#3571 = CARTESIAN_POINT('',(0.317004064008,-27.87605918211,
    48.500096520193));
#3572 = CARTESIAN_POINT('',(0.317004064008,-27.87605918211,
    32.000066040132));
#3573 = ADVANCED_FACE('',(#3574),#3590,.F.);
#3574 = FACE_BOUND('',#3575,.F.);
#3575 = EDGE_LOOP('',(#3576,#3583,#3584,#3585));
#3576 = ORIENTED_EDGE('',*,*,#3577,.F.);
#3577 = EDGE_CURVE('',#3324,#3578,#3580,.T.);
#3578 = VERTEX_POINT('',#3579);
#3579 = CARTESIAN_POINT('',(-93.66219075438,-27.87605918211,
    32.000066040132));
#3580 = B_SPLINE_CURVE_WITH_KNOTS('',1,(#3581,#3582),.UNSPECIFIED.,.F.,
  .F.,(2,2),(-924.990225,2.774970675E+03),.PIECEWISE_BEZIER_KNOTS.);
#3581 = CARTESIAN_POINT('',(0.317004064008,-27.87605918211,
    32.000066040132));
#3582 = CARTESIAN_POINT('',(-93.66219075438,-27.87605918211,
    32.000066040132));
#3583 = ORIENTED_EDGE('',*,*,#3332,.T.);
#3584 = ORIENTED_EDGE('',*,*,#3040,.T.);
#3585 = ORIENTED_EDGE('',*,*,#3586,.F.);
#3586 = EDGE_CURVE('',#3578,#3041,#3587,.T.);
#3587 = B_SPLINE_CURVE_WITH_KNOTS('',1,(#3588,#3589),.UNSPECIFIED.,.F.,
  .F.,(2,2),(60.0551,709.6613),.PIECEWISE_BEZIER_KNOTS.);
#3588 = CARTESIAN_POINT('',(-93.66219075438,-27.87605918211,
    32.000066040132));
#3589 = CARTESIAN_POINT('',(-93.66219075438,-27.87605918211,
    48.500096520193));
#3590 = B_SPLINE_SURFACE_WITH_KNOTS('',1,1,(
    (#3591,#3592)
    ,(#3593,#3594
    )),.UNSPECIFIED.,.F.,.F.,.F.,(2,2),(2,2),(0.,3.6999609E+03),(
    -709.6613,-60.0551),.PIECEWISE_BEZIER_KNOTS.);
#3591 = CARTESIAN_POINT('',(0.317004064008,-27.87605918211,
    48.500096520193));
#3592 = CARTESIAN_POINT('',(0.317004064008,-27.87605918211,
    32.000066040132));
#3593 = CARTESIAN_POINT('',(-93.66219075438,-27.87605918211,
    48.500096520193));
#3594 = CARTESIAN_POINT('',(-93.66219075438,-27.87605918211,
    32.000066040132));
#3595 = ADVANCED_FACE('',(#3596,#3606),#3825,.F.);
#3596 = FACE_BOUND('',#3597,.F.);
#3597 = EDGE_LOOP('',(#3598,#3603,#3604,#3605));
#3598 = ORIENTED_EDGE('',*,*,#3599,.F.);
#3599 = EDGE_CURVE('',#3578,#3177,#3600,.T.);
#3600 = B_SPLINE_CURVE_WITH_KNOTS('',1,(#3601,#3602),.UNSPECIFIED.,.F.,
  .F.,(2,2),(-1.184990225E+03,3.554970675E+03),
  .PIECEWISE_BEZIER_KNOTS.);
#3601 = CARTESIAN_POINT('',(-93.66219075438,-27.87605918211,
    32.000066040132));
#3602 = CARTESIAN_POINT('',(-93.66219075438,92.519188468377,
    32.000066040132));
#3603 = ORIENTED_EDGE('',*,*,#3586,.T.);
#3604 = ORIENTED_EDGE('',*,*,#3047,.T.);
#3605 = ORIENTED_EDGE('',*,*,#3185,.F.);
#3606 = FACE_BOUND('',#3607,.F.);
#3607 = EDGE_LOOP('',(#3608,#3659,#3680,#3750,#3799));
#3608 = ORIENTED_EDGE('',*,*,#3609,.T.);
#3609 = EDGE_CURVE('',#3610,#3612,#3614,.T.);
#3610 = VERTEX_POINT('',#3611);
#3611 = CARTESIAN_POINT('',(-93.66219075438,32.32,34.1));
#3612 = VERTEX_POINT('',#3613);
#3613 = CARTESIAN_POINT('',(-93.66219075438,31.774564394254,
    33.250000000032));
#3614 = B_SPLINE_CURVE_WITH_KNOTS('',8,(#3615,#3616,#3617,#3618,#3619,
    #3620,#3621,#3622,#3623,#3624,#3625,#3626,#3627,#3628,#3629,#3630,
    #3631,#3632,#3633,#3634,#3635,#3636,#3637,#3638,#3639,#3640,#3641,
    #3642,#3643,#3644,#3645,#3646,#3647,#3648,#3649,#3650,#3651,#3652,
    #3653,#3654,#3655,#3656,#3657,#3658),.UNSPECIFIED.,.F.,.F.,(9,7,7,7,
    7,7,9),(0.,0.172674209091,0.351947005686,0.487870412806,
    0.58966842462,0.825549102333,1.),.UNSPECIFIED.);
#3615 = CARTESIAN_POINT('',(-93.66219075438,32.32,34.1));
#3616 = CARTESIAN_POINT('',(-93.66219075438,32.261327935295,34.1));
#3617 = CARTESIAN_POINT('',(-93.66219075438,32.202632837877,
    34.093443013271));
#3618 = CARTESIAN_POINT('',(-93.66219075438,32.144815735764,
    34.080320150738));
#3619 = CARTESIAN_POINT('',(-93.66219075438,32.088721815854,
    34.060784438905));
#3620 = CARTESIAN_POINT('',(-93.66219075438,32.03515937069,
    34.035097773334));
#3621 = CARTESIAN_POINT('',(-93.66219075438,31.98489207803,
    34.00364085853));
#3622 = CARTESIAN_POINT('',(-93.66219075438,31.938639260339,
    33.966908694266));
#3623 = CARTESIAN_POINT('',(-93.66219075438,31.853852639137,
    33.88264121166));
#3624 = CARTESIAN_POINT('',(-93.66219075438,31.815610515585,
    33.834676279449));
#3625 = CARTESIAN_POINT('',(-93.66219075438,31.783056111951,
    33.782381351644));
#3626 = CARTESIAN_POINT('',(-93.66219075438,31.756735748901,
    33.726556826156));
#3627 = CARTESIAN_POINT('',(-93.66219075438,31.737072066585,
    33.668055533192));
#3628 = CARTESIAN_POINT('',(-93.66219075438,31.724350136681,
    33.607785309656));
#3629 = CARTESIAN_POINT('',(-93.66219075438,31.718729251673,
    33.546701629998));
#3630 = CARTESIAN_POINT('',(-93.66219075438,31.721257746639,
    33.439675647663));
#3631 = CARTESIAN_POINT('',(-93.66219075438,31.726406911057,
    33.393606492837));
#3632 = CARTESIAN_POINT('',(-93.66219075438,31.735608232544,
    33.348055341586));
#3633 = CARTESIAN_POINT('',(-93.66219075438,31.748795684341,
    33.303437400729));
#3634 = CARTESIAN_POINT('',(-93.66219075438,31.765857286162,
    33.260152548121));
#3635 = CARTESIAN_POINT('',(-93.66219075438,31.786635261684,
    33.218584842887));
#3636 = CARTESIAN_POINT('',(-93.66219075438,31.810926388729,
    33.179102075861));
#3637 = CARTESIAN_POINT('',(-93.66219075438,31.859096661999,
    33.114301103242));
#3638 = CARTESIAN_POINT('',(-93.66219075438,31.881553534574,
    33.087908102218));
#3639 = CARTESIAN_POINT('',(-93.66219075438,31.905733404328,
    33.063015336716));
#3640 = CARTESIAN_POINT('',(-93.66219075438,31.931518317893,
    33.039753204278));
#3641 = CARTESIAN_POINT('',(-93.66219075438,31.958779999422,
    33.01824004217));
#3642 = CARTESIAN_POINT('',(-93.66219075438,31.987380380044,
    32.998582564929));
#3643 = CARTESIAN_POINT('',(-93.66219075438,32.017171235192,
    32.980875291033));
#3644 = CARTESIAN_POINT('',(-93.66219075438,32.119411242323,
    32.928874635375));
#3645 = CARTESIAN_POINT('',(-93.66219075438,32.196608452597,
    32.903333502812));
#3646 = CARTESIAN_POINT('',(-93.66219075438,32.277397605328,
    32.889826457107));
#3647 = CARTESIAN_POINT('',(-93.66219075438,32.359565011357,
    32.88884197897));
#3648 = CARTESIAN_POINT('',(-93.66219075438,32.4409209628,
    32.900412644027));
#3649 = CARTESIAN_POINT('',(-93.66219075438,32.519297769299,
    32.92422326348));
#3650 = CARTESIAN_POINT('',(-93.66219075438,32.592560234781,
    32.95950950536));
#3651 = CARTESIAN_POINT('',(-93.66219075438,32.707604191715,
    33.038184011657));
#3652 = CARTESIAN_POINT('',(-93.66219075438,32.752772197552,
    33.077174752555));
#3653 = CARTESIAN_POINT('',(-93.66219075438,32.79341033023,
    33.121188383488));
#3654 = CARTESIAN_POINT('',(-93.66219075438,32.828886030044,
    33.169595359276));
#3655 = CARTESIAN_POINT('',(-93.66219075438,32.858667852033,
    33.221697994392));
#3656 = CARTESIAN_POINT('',(-93.66219075438,32.882335530868,
    33.276726896359));
#3657 = CARTESIAN_POINT('',(-93.66219075438,32.899572550199,
    33.333848244138));
#3658 = CARTESIAN_POINT('',(-93.66219075438,32.910224553075,
    33.39213444967));
#3659 = ORIENTED_EDGE('',*,*,#3660,.T.);
#3660 = EDGE_CURVE('',#3612,#3661,#3663,.T.);
#3661 = VERTEX_POINT('',#3662);
#3662 = CARTESIAN_POINT('',(-93.66219075438,31.754338712129,
    33.200068256864));
#3663 = B_SPLINE_CURVE_WITH_KNOTS('',8,(#3664,#3665,#3666,#3667,#3668,
    #3669,#3670,#3671,#3672,#3673,#3674,#3675,#3676,#3677,#3678,#3679),
  .UNSPECIFIED.,.F.,.F.,(9,7,9),(0.,0.666664243889,1.),.UNSPECIFIED.);
#3664 = CARTESIAN_POINT('',(-93.66219075438,32.32,33.6));
#3665 = CARTESIAN_POINT('',(-93.66219075438,32.25838819858,33.6));
#3666 = CARTESIAN_POINT('',(-93.66219075438,32.196758069759,
    33.592769469475));
#3667 = CARTESIAN_POINT('',(-93.66219075438,32.13617358501,
    33.578301113516));
#3668 = CARTESIAN_POINT('',(-93.66219075438,32.077613328591,
    33.556797638589));
#3669 = CARTESIAN_POINT('',(-93.66219075438,32.021998649776,
    33.528588358755));
#3670 = CARTESIAN_POINT('',(-93.66219075438,31.970182906315,
    33.494138347516));
#3671 = CARTESIAN_POINT('',(-93.66219075438,31.922957935035,
    33.454028729376));
#3672 = CARTESIAN_POINT('',(-93.66219075438,31.860052264804,
    33.38651548951));
#3673 = CARTESIAN_POINT('',(-93.66219075438,31.840401258556,
    33.362781478863));
#3674 = CARTESIAN_POINT('',(-93.66219075438,31.822153530896,
    33.337909528302));
#3675 = CARTESIAN_POINT('',(-93.66219075438,31.805385365248,
    33.311996929639));
#3676 = CARTESIAN_POINT('',(-93.66219075438,31.790164581134,
    33.285146233697));
#3677 = CARTESIAN_POINT('',(-93.66219075438,31.776550775451,
    33.257465054906));
#3678 = CARTESIAN_POINT('',(-93.66219075438,31.764594976698,
    33.229066219436));
#3679 = CARTESIAN_POINT('',(-93.66219075438,31.754338712129,
    33.200068256864));
#3680 = ORIENTED_EDGE('',*,*,#3681,.T.);
#3681 = EDGE_CURVE('',#3661,#3682,#3684,.T.);
#3682 = VERTEX_POINT('',#3683);
#3683 = CARTESIAN_POINT('',(-93.66219075438,32.865435605929,
    33.250000000429));
#3684 = B_SPLINE_CURVE_WITH_KNOTS('',8,(#3685,#3686,#3687,#3688,#3689,
    #3690,#3691,#3692,#3693,#3694,#3695,#3696,#3697,#3698,#3699,#3700,
    #3701,#3702,#3703,#3704,#3705,#3706,#3707,#3708,#3709,#3710,#3711,
    #3712,#3713,#3714,#3715,#3716,#3717,#3718,#3719,#3720,#3721,#3722,
    #3723,#3724,#3725,#3726,#3727,#3728,#3729,#3730,#3731,#3732,#3733,
    #3734,#3735,#3736,#3737,#3738,#3739,#3740,#3741,#3742,#3743,#3744,
    #3745,#3746,#3747,#3748,#3749),.UNSPECIFIED.,.F.,.F.,(9,7,7,7,7,7,7,
    7,7,9),(0.,0.161758636716,0.244108940468,0.389988865288,
    0.536896148025,0.611807972181,0.717329848689,0.811366628274,
    0.874329750612,1.),.UNSPECIFIED.);
#3685 = CARTESIAN_POINT('',(-93.66219075438,31.754338712129,
    33.200068256864));
#3686 = CARTESIAN_POINT('',(-93.66219075438,31.737203042252,
    33.151619866084));
#3687 = CARTESIAN_POINT('',(-93.66219075438,31.724803259507,
    33.101475856516));
#3688 = CARTESIAN_POINT('',(-93.66219075438,31.717347128523,
    33.050203782128));
#3689 = CARTESIAN_POINT('',(-93.66219075438,31.714942735345,
    32.998374148639));
#3690 = CARTESIAN_POINT('',(-93.66219075438,31.717625661093,
    32.946558275496));
#3691 = CARTESIAN_POINT('',(-93.66219075438,31.725357196203,
    32.895327240285));
#3692 = CARTESIAN_POINT('',(-93.66219075438,31.738026129138,
    32.845250825881));
#3693 = CARTESIAN_POINT('',(-93.66219075438,31.764278035419,
    32.772277459852));
#3694 = CARTESIAN_POINT('',(-93.66219075438,31.774513021388,
    32.74767833228));
#3695 = CARTESIAN_POINT('',(-93.66219075438,31.786204528895,
    32.723113136521));
#3696 = CARTESIAN_POINT('',(-93.66219075438,31.79945824062,
    32.698582820462));
#3697 = CARTESIAN_POINT('',(-93.66219075438,31.814419793278,
    32.674080385543));
#3698 = CARTESIAN_POINT('',(-93.66219075438,31.831293823931,
    32.649603680785));
#3699 = CARTESIAN_POINT('',(-93.66219075438,31.850360868013,
    32.625165108492));
#3700 = CARTESIAN_POINT('',(-93.66219075438,31.910449949628,
    32.557731170911));
#3701 = CARTESIAN_POINT('',(-93.66219075438,31.953617607184,
    32.51882963801));
#3702 = CARTESIAN_POINT('',(-93.66219075438,32.000980090126,
    32.48478076061));
#3703 = CARTESIAN_POINT('',(-93.66219075438,32.051889870782,
    32.456095798508));
#3704 = CARTESIAN_POINT('',(-93.66219075438,32.105649534494,
    32.433184118975));
#3705 = CARTESIAN_POINT('',(-93.66219075438,32.161511319175,
    32.416350224685));
#3706 = CARTESIAN_POINT('',(-93.66219075438,32.218683932213,
    32.405800130252));
#3707 = CARTESIAN_POINT('',(-93.66219075438,32.334341300072,
    32.397355871829));
#3708 = CARTESIAN_POINT('',(-93.66219075438,32.392788528907,
    32.399554771114));
#3709 = CARTESIAN_POINT('',(-93.66219075438,32.45081673082,
    32.408228117243));
#3710 = CARTESIAN_POINT('',(-93.66219075438,32.507619742362,
    32.423286433201));
#3711 = CARTESIAN_POINT('',(-93.66219075438,32.562410834139,
    32.444532427339));
#3712 = CARTESIAN_POINT('',(-93.66219075438,32.614425200938,
    32.471662920529));
#3713 = CARTESIAN_POINT('',(-93.66219075438,32.662934001844,
    32.504252434724));
#3714 = CARTESIAN_POINT('',(-93.66219075438,32.729877997498,
    32.56082332978));
#3715 = CARTESIAN_POINT('',(-93.66219075438,32.751409666362,
    32.581203486127));
#3716 = CARTESIAN_POINT('',(-93.66219075438,32.771779612181,
    32.602787033875));
#3717 = CARTESIAN_POINT('',(-93.66219075438,32.79090978952,
    32.625496211525));
#3718 = CARTESIAN_POINT('',(-93.66219075438,32.808728836173,
    32.64924789957));
#3719 = CARTESIAN_POINT('',(-93.66219075438,32.825171882823,
    32.673953815544));
#3720 = CARTESIAN_POINT('',(-93.66219075438,32.840180788433,
    32.699520378742));
#3721 = CARTESIAN_POINT('',(-93.66219075438,32.872754921146,
    32.762934056335));
#3722 = CARTESIAN_POINT('',(-93.66219075438,32.888863101202,
    32.801539000717));
#3723 = CARTESIAN_POINT('',(-93.66219075438,32.901882702731,
    32.841381626943));
#3724 = CARTESIAN_POINT('',(-93.66219075438,32.911705936169,
    32.882172159093));
#3725 = CARTESIAN_POINT('',(-93.66219075438,32.91825778484,
    32.923613982315));
#3726 = CARTESIAN_POINT('',(-93.66219075438,32.92149401104,
    32.965404354552));
#3727 = CARTESIAN_POINT('',(-93.66219075438,32.921403244562,
    33.007234343791));
#3728 = CARTESIAN_POINT('',(-93.66219075438,32.91499204333,
    33.085818901196));
#3729 = CARTESIAN_POINT('',(-93.66219075438,32.909349953334,
    33.122639892239));
#3730 = CARTESIAN_POINT('',(-93.66219075438,32.901104087152,
    33.159028767377));
#3731 = CARTESIAN_POINT('',(-93.66219075438,32.89029474138,
    33.194770846239));
#3732 = CARTESIAN_POINT('',(-93.66219075438,32.876982299086,
    33.229658125721));
#3733 = CARTESIAN_POINT('',(-93.66219075438,32.861246193707,
    33.263489106488));
#3734 = CARTESIAN_POINT('',(-93.66219075438,32.843185843495,
    33.296069284959));
#3735 = CARTESIAN_POINT('',(-93.66219075438,32.809356770613,
    33.34806438749));
#3736 = CARTESIAN_POINT('',(-93.66219075438,32.794801568704,
    33.368274056386));
#3737 = CARTESIAN_POINT('',(-93.66219075438,32.779293917438,
    33.387786111866));
#3738 = CARTESIAN_POINT('',(-93.66219075438,32.762872993362,
    33.406548251988));
#3739 = CARTESIAN_POINT('',(-93.66219075438,32.745581171913,
    33.424511088855));
#3740 = CARTESIAN_POINT('',(-93.66219075438,32.727464016414,
    33.441628159033));
#3741 = CARTESIAN_POINT('',(-93.66219075438,32.70857026707,
    33.457855933954));
#3742 = CARTESIAN_POINT('',(-93.66219075438,32.649794720355,
    33.503687424957));
#3743 = CARTESIAN_POINT('',(-93.66219075438,32.607740525279,
    33.530522213843));
#3744 = CARTESIAN_POINT('',(-93.66219075438,32.563211991122,
    33.553332560119));
#3745 = CARTESIAN_POINT('',(-93.66219075438,32.516658170417,
    33.571854638797));
#3746 = CARTESIAN_POINT('',(-93.66219075438,32.468552782774,
    33.585887379747));
#3747 = CARTESIAN_POINT('',(-93.66219075438,32.419392575809,
    33.595293410657));
#3748 = CARTESIAN_POINT('',(-93.66219075438,32.369695686079,33.6));
#3749 = CARTESIAN_POINT('',(-93.66219075438,32.32,33.6));
#3750 = ORIENTED_EDGE('',*,*,#3751,.T.);
#3751 = EDGE_CURVE('',#3682,#3752,#3754,.T.);
#3752 = VERTEX_POINT('',#3753);
#3753 = CARTESIAN_POINT('',(-93.66219075438,32.910224553075,
    33.39213444967));
#3754 = B_SPLINE_CURVE_WITH_KNOTS('',8,(#3755,#3756,#3757,#3758,#3759,
    #3760,#3761,#3762,#3763,#3764,#3765,#3766,#3767,#3768,#3769,#3770,
    #3771,#3772,#3773,#3774,#3775,#3776,#3777,#3778,#3779,#3780,#3781,
    #3782,#3783,#3784,#3785,#3786,#3787,#3788,#3789,#3790,#3791,#3792,
    #3793,#3794,#3795,#3796,#3797,#3798),.UNSPECIFIED.,.F.,.F.,(9,7,7,7,
    7,7,9),(0.,0.172674209091,0.351947005686,0.487870412806,
    0.58966842462,0.825549102333,1.),.UNSPECIFIED.);
#3755 = CARTESIAN_POINT('',(-93.66219075438,32.32,34.1));
#3756 = CARTESIAN_POINT('',(-93.66219075438,32.261327935295,34.1));
#3757 = CARTESIAN_POINT('',(-93.66219075438,32.202632837877,
    34.093443013271));
#3758 = CARTESIAN_POINT('',(-93.66219075438,32.144815735764,
    34.080320150738));
#3759 = CARTESIAN_POINT('',(-93.66219075438,32.088721815854,
    34.060784438905));
#3760 = CARTESIAN_POINT('',(-93.66219075438,32.03515937069,
    34.035097773334));
#3761 = CARTESIAN_POINT('',(-93.66219075438,31.98489207803,
    34.00364085853));
#3762 = CARTESIAN_POINT('',(-93.66219075438,31.938639260339,
    33.966908694266));
#3763 = CARTESIAN_POINT('',(-93.66219075438,31.853852639137,
    33.88264121166));
#3764 = CARTESIAN_POINT('',(-93.66219075438,31.815610515585,
    33.834676279449));
#3765 = CARTESIAN_POINT('',(-93.66219075438,31.783056111951,
    33.782381351644));
#3766 = CARTESIAN_POINT('',(-93.66219075438,31.756735748901,
    33.726556826156));
#3767 = CARTESIAN_POINT('',(-93.66219075438,31.737072066585,
    33.668055533192));
#3768 = CARTESIAN_POINT('',(-93.66219075438,31.724350136681,
    33.607785309656));
#3769 = CARTESIAN_POINT('',(-93.66219075438,31.718729251673,
    33.546701629998));
#3770 = CARTESIAN_POINT('',(-93.66219075438,31.721257746639,
    33.439675647663));
#3771 = CARTESIAN_POINT('',(-93.66219075438,31.726406911057,
    33.393606492837));
#3772 = CARTESIAN_POINT('',(-93.66219075438,31.735608232544,
    33.348055341586));
#3773 = CARTESIAN_POINT('',(-93.66219075438,31.748795684341,
    33.303437400729));
#3774 = CARTESIAN_POINT('',(-93.66219075438,31.765857286162,
    33.260152548121));
#3775 = CARTESIAN_POINT('',(-93.66219075438,31.786635261684,
    33.218584842887));
#3776 = CARTESIAN_POINT('',(-93.66219075438,31.810926388729,
    33.179102075861));
#3777 = CARTESIAN_POINT('',(-93.66219075438,31.859096661999,
    33.114301103242));
#3778 = CARTESIAN_POINT('',(-93.66219075438,31.881553534574,
    33.087908102218));
#3779 = CARTESIAN_POINT('',(-93.66219075438,31.905733404328,
    33.063015336716));
#3780 = CARTESIAN_POINT('',(-93.66219075438,31.931518317893,
    33.039753204278));
#3781 = CARTESIAN_POINT('',(-93.66219075438,31.958779999422,
    33.01824004217));
#3782 = CARTESIAN_POINT('',(-93.66219075438,31.987380380044,
    32.998582564929));
#3783 = CARTESIAN_POINT('',(-93.66219075438,32.017171235192,
    32.980875291033));
#3784 = CARTESIAN_POINT('',(-93.66219075438,32.119411242323,
    32.928874635375));
#3785 = CARTESIAN_POINT('',(-93.66219075438,32.196608452597,
    32.903333502812));
#3786 = CARTESIAN_POINT('',(-93.66219075438,32.277397605328,
    32.889826457107));
#3787 = CARTESIAN_POINT('',(-93.66219075438,32.359565011357,
    32.88884197897));
#3788 = CARTESIAN_POINT('',(-93.66219075438,32.4409209628,
    32.900412644027));
#3789 = CARTESIAN_POINT('',(-93.66219075438,32.519297769299,
    32.92422326348));
#3790 = CARTESIAN_POINT('',(-93.66219075438,32.592560234781,
    32.95950950536));
#3791 = CARTESIAN_POINT('',(-93.66219075438,32.707604191715,
    33.038184011657));
#3792 = CARTESIAN_POINT('',(-93.66219075438,32.752772197552,
    33.077174752555));
#3793 = CARTESIAN_POINT('',(-93.66219075438,32.79341033023,
    33.121188383488));
#3794 = CARTESIAN_POINT('',(-93.66219075438,32.828886030044,
    33.169595359276));
#3795 = CARTESIAN_POINT('',(-93.66219075438,32.858667852033,
    33.221697994392));
#3796 = CARTESIAN_POINT('',(-93.66219075438,32.882335530868,
    33.276726896359));
#3797 = CARTESIAN_POINT('',(-93.66219075438,32.899572550199,
    33.333848244138));
#3798 = CARTESIAN_POINT('',(-93.66219075438,32.910224553075,
    33.39213444967));
#3799 = ORIENTED_EDGE('',*,*,#3800,.T.);
#3800 = EDGE_CURVE('',#3752,#3610,#3801,.T.);
#3801 = B_SPLINE_CURVE_WITH_KNOTS('',8,(#3802,#3803,#3804,#3805,#3806,
    #3807,#3808,#3809,#3810,#3811,#3812,#3813,#3814,#3815,#3816,#3817,
    #3818,#3819,#3820,#3821,#3822,#3823,#3824),.UNSPECIFIED.,.F.,.F.,(9,
    7,7,9),(0.,0.379380120688,0.611844659367,1.),.UNSPECIFIED.);
#3802 = CARTESIAN_POINT('',(-93.66219075438,32.910224553075,
    33.39213444967));
#3803 = CARTESIAN_POINT('',(-93.66219075438,32.918059033038,
    33.435003580926));
#3804 = CARTESIAN_POINT('',(-93.66219075438,32.922336401364,
    33.478530621637));
#3805 = CARTESIAN_POINT('',(-93.66219075438,32.922989410431,
    33.522359315335));
#3806 = CARTESIAN_POINT('',(-93.66219075438,32.91999817843,
    33.566137326881));
#3807 = CARTESIAN_POINT('',(-93.66219075438,32.913382294326,
    33.609516224581));
#3808 = CARTESIAN_POINT('',(-93.66219075438,32.903198257721,
    33.652151397097));
#3809 = CARTESIAN_POINT('',(-93.66219075438,32.889542289405,
    33.693702561672));
#3810 = CARTESIAN_POINT('',(-93.66219075438,32.862151789415,
    33.758426923914));
#3811 = CARTESIAN_POINT('',(-93.66219075438,32.850277087961,
    33.783002113477));
#3812 = CARTESIAN_POINT('',(-93.66219075438,32.836838454681,
    33.807533914058));
#3813 = CARTESIAN_POINT('',(-93.66219075438,32.821702390943,
    33.83202079275));
#3814 = CARTESIAN_POINT('',(-93.66219075438,32.80468032309,
    33.856476242466));
#3815 = CARTESIAN_POINT('',(-93.66219075438,32.785499424474,
    33.880905987055));
#3816 = CARTESIAN_POINT('',(-93.66219075438,32.763780534916,
    33.905294147602));
#3817 = CARTESIAN_POINT('',(-93.66219075438,32.697450069822,
    33.969988994294));
#3818 = CARTESIAN_POINT('',(-93.66219075438,32.651482913776,
    34.005887360131));
#3819 = CARTESIAN_POINT('',(-93.66219075438,32.60164506937,
    34.036613787637));
#3820 = CARTESIAN_POINT('',(-93.66219075438,32.548619763444,
    34.061701053511));
#3821 = CARTESIAN_POINT('',(-93.66219075438,32.493137060296,
    34.080782377346));
#3822 = CARTESIAN_POINT('',(-93.66219075438,32.435977171875,
    34.093599787122));
#3823 = CARTESIAN_POINT('',(-93.66219075438,32.377966379538,34.1));
#3824 = CARTESIAN_POINT('',(-93.66219075438,32.32,34.1));
#3825 = B_SPLINE_SURFACE_WITH_KNOTS('',1,1,(
    (#3826,#3827)
    ,(#3828,#3829
    )),.UNSPECIFIED.,.F.,.F.,.F.,(2,2),(2,2),(0.,4.7399609E+03),(
    -709.6613,-60.0551),.PIECEWISE_BEZIER_KNOTS.);
#3826 = CARTESIAN_POINT('',(-93.66219075438,-27.87605918211,
    48.500096520193));
#3827 = CARTESIAN_POINT('',(-93.66219075438,-27.87605918211,
    32.000066040132));
#3828 = CARTESIAN_POINT('',(-93.66219075438,92.519188468377,
    48.500096520193));
#3829 = CARTESIAN_POINT('',(-93.66219075438,92.519188468377,
    32.000066040132));
#3830 = ADVANCED_FACE('',(#3831),#3852,.F.);
#3831 = FACE_BOUND('',#3832,.F.);
#3832 = EDGE_LOOP('',(#3833,#3834,#3841,#3851));
#3833 = ORIENTED_EDGE('',*,*,#3108,.T.);
#3834 = ORIENTED_EDGE('',*,*,#3835,.T.);
#3835 = EDGE_CURVE('',#3109,#3836,#3838,.T.);
#3836 = VERTEX_POINT('',#3837);
#3837 = CARTESIAN_POINT('',(-35.95307213614,78.867157734315,
    47.700093980188));
#3838 = B_SPLINE_CURVE_WITH_KNOTS('',1,(#3839,#3840),.UNSPECIFIED.,.F.,
  .F.,(2,2),(1.,28.559),.PIECEWISE_BEZIER_KNOTS.);
#3839 = CARTESIAN_POINT('',(-35.95307213614,78.867157734315,
    47.000093980188));
#3840 = CARTESIAN_POINT('',(-35.95307213614,78.867157734315,
    47.700093980188));
#3841 = ORIENTED_EDGE('',*,*,#3842,.F.);
#3842 = EDGE_CURVE('',#3836,#3836,#3843,.T.);
#3843 = ( BOUNDED_CURVE() B_SPLINE_CURVE(2,(#3844,#3845,#3846,#3847,
#3848,#3849,#3850),.UNSPECIFIED.,.T.,.F.) B_SPLINE_CURVE_WITH_KNOTS((1,2
    ,2,2,2,1),(-2.094395102394,0.,2.094395102393,4.188790204786,
6.28318530718,8.377580409573),.UNSPECIFIED.) CURVE() 
GEOMETRIC_REPRESENTATION_ITEM() RATIONAL_B_SPLINE_CURVE((1.,0.5,1.,0.5,
1.,0.5,1.)) REPRESENTATION_ITEM('') );
#3844 = CARTESIAN_POINT('',(-35.95307213614,78.867157734315,
    47.700093980188));
#3845 = CARTESIAN_POINT('',(-35.95307213614,80.166198039701,
    47.700093980188));
#3846 = CARTESIAN_POINT('',(-37.07807404114,79.516677887008,
    47.700093980188));
#3847 = CARTESIAN_POINT('',(-38.20307594615,78.867157734315,
    47.700093980188));
#3848 = CARTESIAN_POINT('',(-37.07807404114,78.217637581623,
    47.700093980188));
#3849 = CARTESIAN_POINT('',(-35.95307213614,77.56811742893,
    47.700093980188));
#3850 = CARTESIAN_POINT('',(-35.95307213614,78.867157734315,
    47.700093980188));
#3851 = ORIENTED_EDGE('',*,*,#3835,.F.);
#3852 = ( BOUNDED_SURFACE() B_SPLINE_SURFACE(2,1,(
    (#3853,#3854)
    ,(#3855,#3856)
    ,(#3857,#3858)
    ,(#3859,#3860)
    ,(#3861,#3862)
    ,(#3863,#3864)
    ,(#3865,#3866
)),.UNSPECIFIED.,.T.,.F.,.F.) B_SPLINE_SURFACE_WITH_KNOTS((1,2,2,2,2,1),
  (2,2),(-2.094395102394,0.,2.094395102393,4.188790204786,6.28318530718,
    8.377580409573),(1.,28.559),.UNSPECIFIED.) 
GEOMETRIC_REPRESENTATION_ITEM() RATIONAL_B_SPLINE_SURFACE((
    (1.,1.)
    ,(0.5,0.5)
    ,(1.,1.)
    ,(0.5,0.5)
    ,(1.,1.)
    ,(0.5,0.5)
,(1.,1.))) REPRESENTATION_ITEM('') SURFACE() );
#3853 = CARTESIAN_POINT('',(-35.95307213614,78.867157734315,
    47.000093980188));
#3854 = CARTESIAN_POINT('',(-35.95307213614,78.867157734315,
    47.700093980188));
#3855 = CARTESIAN_POINT('',(-35.95307213614,80.166198039701,
    47.000093980188));
#3856 = CARTESIAN_POINT('',(-35.95307213614,80.166198039701,
    47.700093980188));
#3857 = CARTESIAN_POINT('',(-37.07807404114,79.516677887008,
    47.000093980188));
#3858 = CARTESIAN_POINT('',(-37.07807404114,79.516677887008,
    47.700093980188));
#3859 = CARTESIAN_POINT('',(-38.20307594615,78.867157734315,
    47.000093980188));
#3860 = CARTESIAN_POINT('',(-38.20307594615,78.867157734315,
    47.700093980188));
#3861 = CARTESIAN_POINT('',(-37.07807404114,78.217637581623,
    47.000093980188));
#3862 = CARTESIAN_POINT('',(-37.07807404114,78.217637581623,
    47.700093980188));
#3863 = CARTESIAN_POINT('',(-35.95307213614,77.56811742893,
    47.000093980188));
#3864 = CARTESIAN_POINT('',(-35.95307213614,77.56811742893,
    47.700093980188));
#3865 = CARTESIAN_POINT('',(-35.95307213614,78.867157734315,
    47.000093980188));
#3866 = CARTESIAN_POINT('',(-35.95307213614,78.867157734315,
    47.700093980188));
#3867 = ADVANCED_FACE('',(#3868,#3898),#3904,.T.);
#3868 = FACE_BOUND('',#3869,.T.);
#3869 = EDGE_LOOP('',(#3870,#3879,#3886,#3893));
#3870 = ORIENTED_EDGE('',*,*,#3871,.T.);
#3871 = EDGE_CURVE('',#3872,#3874,#3876,.T.);
#3872 = VERTEX_POINT('',#3873);
#3873 = CARTESIAN_POINT('',(-95.16219075438,-29.37605918211,
    32.000066040132));
#3874 = VERTEX_POINT('',#3875);
#3875 = CARTESIAN_POINT('',(-95.16219075438,94.019188468377,
    32.000066040132));
#3876 = B_SPLINE_CURVE_WITH_KNOTS('',1,(#3877,#3878),.UNSPECIFIED.,.F.,
  .F.,(2,2),(0.,4.8580709E+03),.PIECEWISE_BEZIER_KNOTS.);
#3877 = CARTESIAN_POINT('',(-95.16219075438,-29.37605918211,
    32.000066040132));
#3878 = CARTESIAN_POINT('',(-95.16219075438,94.019188468377,
    32.000066040132));
#3879 = ORIENTED_EDGE('',*,*,#3880,.T.);
#3880 = EDGE_CURVE('',#3874,#3881,#3883,.T.);
#3881 = VERTEX_POINT('',#3882);
#3882 = CARTESIAN_POINT('',(1.817004064008,94.019188468377,
    32.000066040132));
#3883 = B_SPLINE_CURVE_WITH_KNOTS('',1,(#3884,#3885),.UNSPECIFIED.,.F.,
  .F.,(2,2),(0.,3.8180709E+03),.PIECEWISE_BEZIER_KNOTS.);
#3884 = CARTESIAN_POINT('',(-95.16219075438,94.019188468377,
    32.000066040132));
#3885 = CARTESIAN_POINT('',(1.817004064008,94.019188468377,
    32.000066040132));
#3886 = ORIENTED_EDGE('',*,*,#3887,.T.);
#3887 = EDGE_CURVE('',#3881,#3888,#3890,.T.);
#3888 = VERTEX_POINT('',#3889);
#3889 = CARTESIAN_POINT('',(1.817004064008,-29.37605918211,
    32.000066040132));
#3890 = B_SPLINE_CURVE_WITH_KNOTS('',1,(#3891,#3892),.UNSPECIFIED.,.F.,
  .F.,(2,2),(0.,4.8580709E+03),.PIECEWISE_BEZIER_KNOTS.);
#3891 = CARTESIAN_POINT('',(1.817004064008,94.019188468377,
    32.000066040132));
#3892 = CARTESIAN_POINT('',(1.817004064008,-29.37605918211,
    32.000066040132));
#3893 = ORIENTED_EDGE('',*,*,#3894,.T.);
#3894 = EDGE_CURVE('',#3888,#3872,#3895,.T.);
#3895 = B_SPLINE_CURVE_WITH_KNOTS('',1,(#3896,#3897),.UNSPECIFIED.,.F.,
  .F.,(2,2),(0.,3.8180709E+03),.PIECEWISE_BEZIER_KNOTS.);
#3896 = CARTESIAN_POINT('',(1.817004064008,-29.37605918211,
    32.000066040132));
#3897 = CARTESIAN_POINT('',(-95.16219075438,-29.37605918211,
    32.000066040132));
#3898 = FACE_BOUND('',#3899,.T.);
#3899 = EDGE_LOOP('',(#3900,#3901,#3902,#3903));
#3900 = ORIENTED_EDGE('',*,*,#3599,.F.);
#3901 = ORIENTED_EDGE('',*,*,#3577,.F.);
#3902 = ORIENTED_EDGE('',*,*,#3323,.F.);
#3903 = ORIENTED_EDGE('',*,*,#3176,.F.);
#3904 = B_SPLINE_SURFACE_WITH_KNOTS('',1,1,(
    (#3905,#3906)
    ,(#3907,#3908
    )),.UNSPECIFIED.,.F.,.F.,.F.,(2,2),(2,2),(-1.90903545E+03,
    1.90903545E+03),(-2.42903545E+03,2.42903545E+03),
  .PIECEWISE_BEZIER_KNOTS.);
#3905 = CARTESIAN_POINT('',(1.817004064008,-29.37605918211,
    32.000066040132));
#3906 = CARTESIAN_POINT('',(1.817004064008,94.019188468377,
    32.000066040132));
#3907 = CARTESIAN_POINT('',(-95.16219075438,-29.37605918211,
    32.000066040132));
#3908 = CARTESIAN_POINT('',(-95.16219075438,94.019188468377,
    32.000066040132));
#3909 = ADVANCED_FACE('',(#3910),#3931,.F.);
#3910 = FACE_BOUND('',#3911,.F.);
#3911 = EDGE_LOOP('',(#3912,#3913,#3920,#3930));
#3912 = ORIENTED_EDGE('',*,*,#3211,.T.);
#3913 = ORIENTED_EDGE('',*,*,#3914,.T.);
#3914 = EDGE_CURVE('',#3212,#3915,#3917,.T.);
#3915 = VERTEX_POINT('',#3916);
#3916 = CARTESIAN_POINT('',(-12.83902590805,78.867157734315,
    47.700093980188));
#3917 = B_SPLINE_CURVE_WITH_KNOTS('',1,(#3918,#3919),.UNSPECIFIED.,.F.,
  .F.,(2,2),(1.,36.4331),.PIECEWISE_BEZIER_KNOTS.);
#3918 = CARTESIAN_POINT('',(-12.83902590805,78.867157734315,
    46.800091440183));
#3919 = CARTESIAN_POINT('',(-12.83902590805,78.867157734315,
    47.700093980188));
#3920 = ORIENTED_EDGE('',*,*,#3921,.F.);
#3921 = EDGE_CURVE('',#3915,#3915,#3922,.T.);
#3922 = ( BOUNDED_CURVE() B_SPLINE_CURVE(2,(#3923,#3924,#3925,#3926,
#3927,#3928,#3929),.UNSPECIFIED.,.T.,.F.) B_SPLINE_CURVE_WITH_KNOTS((1,2
    ,2,2,2,1),(-2.094395102394,0.,2.094395102393,4.188790204786,
6.28318530718,8.377580409573),.UNSPECIFIED.) CURVE() 
GEOMETRIC_REPRESENTATION_ITEM() RATIONAL_B_SPLINE_CURVE((1.,0.5,1.,0.5,
1.,0.5,1.)) REPRESENTATION_ITEM('') );
#3923 = CARTESIAN_POINT('',(-12.83902590805,78.867157734315,
    47.700093980188));
#3924 = CARTESIAN_POINT('',(-12.83902590805,80.166198039701,
    47.700093980188));
#3925 = CARTESIAN_POINT('',(-13.96402781305,79.516677887008,
    47.700093980188));
#3926 = CARTESIAN_POINT('',(-15.08902971805,78.867157734315,
    47.700093980188));
#3927 = CARTESIAN_POINT('',(-13.96402781305,78.217637581623,
    47.700093980188));
#3928 = CARTESIAN_POINT('',(-12.83902590805,77.56811742893,
    47.700093980188));
#3929 = CARTESIAN_POINT('',(-12.83902590805,78.867157734315,
    47.700093980188));
#3930 = ORIENTED_EDGE('',*,*,#3914,.F.);
#3931 = ( BOUNDED_SURFACE() B_SPLINE_SURFACE(2,1,(
    (#3932,#3933)
    ,(#3934,#3935)
    ,(#3936,#3937)
    ,(#3938,#3939)
    ,(#3940,#3941)
    ,(#3942,#3943)
    ,(#3944,#3945
)),.UNSPECIFIED.,.T.,.F.,.F.) B_SPLINE_SURFACE_WITH_KNOTS((1,2,2,2,2,1),
  (2,2),(-2.094395102394,0.,2.094395102393,4.188790204786,6.28318530718,
    8.377580409573),(1.,36.4331),.UNSPECIFIED.) 
GEOMETRIC_REPRESENTATION_ITEM() RATIONAL_B_SPLINE_SURFACE((
    (1.,1.)
    ,(0.5,0.5)
    ,(1.,1.)
    ,(0.5,0.5)
    ,(1.,1.)
    ,(0.5,0.5)
,(1.,1.))) REPRESENTATION_ITEM('') SURFACE() );
#3932 = CARTESIAN_POINT('',(-12.83902590805,78.867157734315,
    46.800091440183));
#3933 = CARTESIAN_POINT('',(-12.83902590805,78.867157734315,
    47.700093980188));
#3934 = CARTESIAN_POINT('',(-12.83902590805,80.166198039701,
    46.800091440183));
#3935 = CARTESIAN_POINT('',(-12.83902590805,80.166198039701,
    47.700093980188));
#3936 = CARTESIAN_POINT('',(-13.96402781305,79.516677887008,
    46.800091440183));
#3937 = CARTESIAN_POINT('',(-13.96402781305,79.516677887008,
    47.700093980188));
#3938 = CARTESIAN_POINT('',(-15.08902971805,78.867157734315,
    46.800091440183));
#3939 = CARTESIAN_POINT('',(-15.08902971805,78.867157734315,
    47.700093980188));
#3940 = CARTESIAN_POINT('',(-13.96402781305,78.217637581623,
    46.800091440183));
#3941 = CARTESIAN_POINT('',(-13.96402781305,78.217637581623,
    47.700093980188));
#3942 = CARTESIAN_POINT('',(-12.83902590805,77.56811742893,
    46.800091440183));
#3943 = CARTESIAN_POINT('',(-12.83902590805,77.56811742893,
    47.700093980188));
#3944 = CARTESIAN_POINT('',(-12.83902590805,78.867157734315,
    46.800091440183));
#3945 = CARTESIAN_POINT('',(-12.83902590805,78.867157734315,
    47.700093980188));
#3946 = ADVANCED_FACE('',(#3947),#3968,.F.);
#3947 = FACE_BOUND('',#3948,.F.);
#3948 = EDGE_LOOP('',(#3949,#3950,#3957,#3967));
#3949 = ORIENTED_EDGE('',*,*,#3234,.T.);
#3950 = ORIENTED_EDGE('',*,*,#3951,.T.);
#3951 = EDGE_CURVE('',#3235,#3952,#3954,.T.);
#3952 = VERTEX_POINT('',#3953);
#3953 = CARTESIAN_POINT('',(-12.83902590805,54.737109474219,
    47.700093980188));
#3954 = B_SPLINE_CURVE_WITH_KNOTS('',1,(#3955,#3956),.UNSPECIFIED.,.F.,
  .F.,(2,2),(1.,28.559),.PIECEWISE_BEZIER_KNOTS.);
#3955 = CARTESIAN_POINT('',(-12.83902590805,54.737109474219,
    47.000093980188));
#3956 = CARTESIAN_POINT('',(-12.83902590805,54.737109474219,
    47.700093980188));
#3957 = ORIENTED_EDGE('',*,*,#3958,.F.);
#3958 = EDGE_CURVE('',#3952,#3952,#3959,.T.);
#3959 = ( BOUNDED_CURVE() B_SPLINE_CURVE(2,(#3960,#3961,#3962,#3963,
#3964,#3965,#3966),.UNSPECIFIED.,.T.,.F.) B_SPLINE_CURVE_WITH_KNOTS((1,2
    ,2,2,2,1),(-2.094395102394,0.,2.094395102393,4.188790204786,
6.28318530718,8.377580409573),.UNSPECIFIED.) CURVE() 
GEOMETRIC_REPRESENTATION_ITEM() RATIONAL_B_SPLINE_CURVE((1.,0.5,1.,0.5,
1.,0.5,1.)) REPRESENTATION_ITEM('') );
#3960 = CARTESIAN_POINT('',(-12.83902590805,54.737109474219,
    47.700093980188));
#3961 = CARTESIAN_POINT('',(-12.83902590805,56.036149779605,
    47.700093980188));
#3962 = CARTESIAN_POINT('',(-13.96402781305,55.386629626912,
    47.700093980188));
#3963 = CARTESIAN_POINT('',(-15.08902971805,54.737109474219,
    47.700093980188));
#3964 = CARTESIAN_POINT('',(-13.96402781305,54.087589321526,
    47.700093980188));
#3965 = CARTESIAN_POINT('',(-12.83902590805,53.438069168833,
    47.700093980188));
#3966 = CARTESIAN_POINT('',(-12.83902590805,54.737109474219,
    47.700093980188));
#3967 = ORIENTED_EDGE('',*,*,#3951,.F.);
#3968 = ( BOUNDED_SURFACE() B_SPLINE_SURFACE(2,1,(
    (#3969,#3970)
    ,(#3971,#3972)
    ,(#3973,#3974)
    ,(#3975,#3976)
    ,(#3977,#3978)
    ,(#3979,#3980)
    ,(#3981,#3982
)),.UNSPECIFIED.,.T.,.F.,.F.) B_SPLINE_SURFACE_WITH_KNOTS((1,2,2,2,2,1),
  (2,2),(-2.094395102394,0.,2.094395102393,4.188790204786,6.28318530718,
    8.377580409573),(1.,28.559),.UNSPECIFIED.) 
GEOMETRIC_REPRESENTATION_ITEM() RATIONAL_B_SPLINE_SURFACE((
    (1.,1.)
    ,(0.5,0.5)
    ,(1.,1.)
    ,(0.5,0.5)
    ,(1.,1.)
    ,(0.5,0.5)
,(1.,1.))) REPRESENTATION_ITEM('') SURFACE() );
#3969 = CARTESIAN_POINT('',(-12.83902590805,54.737109474219,
    47.000093980188));
#3970 = CARTESIAN_POINT('',(-12.83902590805,54.737109474219,
    47.700093980188));
#3971 = CARTESIAN_POINT('',(-12.83902590805,56.036149779605,
    47.000093980188));
#3972 = CARTESIAN_POINT('',(-12.83902590805,56.036149779605,
    47.700093980188));
#3973 = CARTESIAN_POINT('',(-13.96402781305,55.386629626912,
    47.000093980188));
#3974 = CARTESIAN_POINT('',(-13.96402781305,55.386629626912,
    47.700093980188));
#3975 = CARTESIAN_POINT('',(-15.08902971805,54.737109474219,
    47.000093980188));
#3976 = CARTESIAN_POINT('',(-15.08902971805,54.737109474219,
    47.700093980188));
#3977 = CARTESIAN_POINT('',(-13.96402781305,54.087589321526,
    47.000093980188));
#3978 = CARTESIAN_POINT('',(-13.96402781305,54.087589321526,
    47.700093980188));
#3979 = CARTESIAN_POINT('',(-12.83902590805,53.438069168833,
    47.000093980188));
#3980 = CARTESIAN_POINT('',(-12.83902590805,53.438069168833,
    47.700093980188));
#3981 = CARTESIAN_POINT('',(-12.83902590805,54.737109474219,
    47.000093980188));
#3982 = CARTESIAN_POINT('',(-12.83902590805,54.737109474219,
    47.700093980188));
#3983 = ADVANCED_FACE('',(#3984),#4005,.F.);
#3984 = FACE_BOUND('',#3985,.F.);
#3985 = EDGE_LOOP('',(#3986,#3987,#3994,#4004));
#3986 = ORIENTED_EDGE('',*,*,#3257,.T.);
#3987 = ORIENTED_EDGE('',*,*,#3988,.T.);
#3988 = EDGE_CURVE('',#3258,#3989,#3991,.T.);
#3989 = VERTEX_POINT('',#3990);
#3990 = CARTESIAN_POINT('',(-35.95307213614,54.737109474219,
    47.700093980188));
#3991 = B_SPLINE_CURVE_WITH_KNOTS('',1,(#3992,#3993),.UNSPECIFIED.,.F.,
  .F.,(2,2),(1.,28.559),.PIECEWISE_BEZIER_KNOTS.);
#3992 = CARTESIAN_POINT('',(-35.95307213614,54.737109474219,
    47.000093980188));
#3993 = CARTESIAN_POINT('',(-35.95307213614,54.737109474219,
    47.700093980188));
#3994 = ORIENTED_EDGE('',*,*,#3995,.F.);
#3995 = EDGE_CURVE('',#3989,#3989,#3996,.T.);
#3996 = ( BOUNDED_CURVE() B_SPLINE_CURVE(2,(#3997,#3998,#3999,#4000,
#4001,#4002,#4003),.UNSPECIFIED.,.T.,.F.) B_SPLINE_CURVE_WITH_KNOTS((1,2
    ,2,2,2,1),(-2.094395102394,0.,2.094395102393,4.188790204786,
6.28318530718,8.377580409573),.UNSPECIFIED.) CURVE() 
GEOMETRIC_REPRESENTATION_ITEM() RATIONAL_B_SPLINE_CURVE((1.,0.5,1.,0.5,
1.,0.5,1.)) REPRESENTATION_ITEM('') );
#3997 = CARTESIAN_POINT('',(-35.95307213614,54.737109474219,
    47.700093980188));
#3998 = CARTESIAN_POINT('',(-35.95307213614,56.036149779605,
    47.700093980188));
#3999 = CARTESIAN_POINT('',(-37.07807404114,55.386629626912,
    47.700093980188));
#4000 = CARTESIAN_POINT('',(-38.20307594615,54.737109474219,
    47.700093980188));
#4001 = CARTESIAN_POINT('',(-37.07807404114,54.087589321526,
    47.700093980188));
#4002 = CARTESIAN_POINT('',(-35.95307213614,53.438069168833,
    47.700093980188));
#4003 = CARTESIAN_POINT('',(-35.95307213614,54.737109474219,
    47.700093980188));
#4004 = ORIENTED_EDGE('',*,*,#3988,.F.);
#4005 = ( BOUNDED_SURFACE() B_SPLINE_SURFACE(2,1,(
    (#4006,#4007)
    ,(#4008,#4009)
    ,(#4010,#4011)
    ,(#4012,#4013)
    ,(#4014,#4015)
    ,(#4016,#4017)
    ,(#4018,#4019
)),.UNSPECIFIED.,.T.,.F.,.F.) B_SPLINE_SURFACE_WITH_KNOTS((1,2,2,2,2,1),
  (2,2),(-2.094395102394,0.,2.094395102393,4.188790204786,6.28318530718,
    8.377580409573),(1.,28.559),.UNSPECIFIED.) 
GEOMETRIC_REPRESENTATION_ITEM() RATIONAL_B_SPLINE_SURFACE((
    (1.,1.)
    ,(0.5,0.5)
    ,(1.,1.)
    ,(0.5,0.5)
    ,(1.,1.)
    ,(0.5,0.5)
,(1.,1.))) REPRESENTATION_ITEM('') SURFACE() );
#4006 = CARTESIAN_POINT('',(-35.95307213614,54.737109474219,
    47.000093980188));
#4007 = CARTESIAN_POINT('',(-35.95307213614,54.737109474219,
    47.700093980188));
#4008 = CARTESIAN_POINT('',(-35.95307213614,56.036149779605,
    47.000093980188));
#4009 = CARTESIAN_POINT('',(-35.95307213614,56.036149779605,
    47.700093980188));
#4010 = CARTESIAN_POINT('',(-37.07807404114,55.386629626912,
    47.000093980188));
#4011 = CARTESIAN_POINT('',(-37.07807404114,55.386629626912,
    47.700093980188));
#4012 = CARTESIAN_POINT('',(-38.20307594615,54.737109474219,
    47.000093980188));
#4013 = CARTESIAN_POINT('',(-38.20307594615,54.737109474219,
    47.700093980188));
#4014 = CARTESIAN_POINT('',(-37.07807404114,54.087589321526,
    47.000093980188));
#4015 = CARTESIAN_POINT('',(-37.07807404114,54.087589321526,
    47.700093980188));
#4016 = CARTESIAN_POINT('',(-35.95307213614,53.438069168833,
    47.000093980188));
#4017 = CARTESIAN_POINT('',(-35.95307213614,53.438069168833,
    47.700093980188));
#4018 = CARTESIAN_POINT('',(-35.95307213614,54.737109474219,
    47.000093980188));
#4019 = CARTESIAN_POINT('',(-35.95307213614,54.737109474219,
    47.700093980188));
#4020 = ADVANCED_FACE('',(#4021),#4046,.T.);
#4021 = FACE_BOUND('',#4022,.T.);
#4022 = EDGE_LOOP('',(#4023,#4024,#4032,#4040));
#4023 = ORIENTED_EDGE('',*,*,#3283,.F.);
#4024 = ORIENTED_EDGE('',*,*,#4025,.T.);
#4025 = EDGE_CURVE('',#3284,#4026,#4028,.T.);
#4026 = VERTEX_POINT('',#4027);
#4027 = CARTESIAN_POINT('',(-95.262,-29.48,34.));
#4028 = LINE('',#4029,#4030);
#4029 = CARTESIAN_POINT('',(-95.262,-29.48,28.));
#4030 = VECTOR('',#4031,1.);
#4031 = DIRECTION('',(0.,0.,1.));
#4032 = ORIENTED_EDGE('',*,*,#4033,.T.);
#4033 = EDGE_CURVE('',#4026,#4034,#4036,.T.);
#4034 = VERTEX_POINT('',#4035);
#4035 = CARTESIAN_POINT('',(1.917,-29.48,34.));
#4036 = LINE('',#4037,#4038);
#4037 = CARTESIAN_POINT('',(-95.262,-29.48,34.));
#4038 = VECTOR('',#4039,1.);
#4039 = DIRECTION('',(1.,0.,-0.));
#4040 = ORIENTED_EDGE('',*,*,#4041,.F.);
#4041 = EDGE_CURVE('',#3286,#4034,#4042,.T.);
#4042 = LINE('',#4043,#4044);
#4043 = CARTESIAN_POINT('',(1.917,-29.48,28.));
#4044 = VECTOR('',#4045,1.);
#4045 = DIRECTION('',(0.,0.,1.));
#4046 = PLANE('',#4047);
#4047 = AXIS2_PLACEMENT_3D('',#4048,#4049,#4050);
#4048 = CARTESIAN_POINT('',(-95.262,-29.48,28.));
#4049 = DIRECTION('',(-0.,1.,0.));
#4050 = DIRECTION('',(0.,0.,1.));
#4051 = ADVANCED_FACE('',(#4052,#4070),#4090,.F.);
#4052 = FACE_BOUND('',#4053,.F.);
#4053 = EDGE_LOOP('',(#4054,#4055,#4056,#4064));
#4054 = ORIENTED_EDGE('',*,*,#4041,.F.);
#4055 = ORIENTED_EDGE('',*,*,#3309,.T.);
#4056 = ORIENTED_EDGE('',*,*,#4057,.T.);
#4057 = EDGE_CURVE('',#3302,#4058,#4060,.T.);
#4058 = VERTEX_POINT('',#4059);
#4059 = CARTESIAN_POINT('',(1.917,94.12,34.));
#4060 = LINE('',#4061,#4062);
#4061 = CARTESIAN_POINT('',(1.917,94.12,28.));
#4062 = VECTOR('',#4063,1.);
#4063 = DIRECTION('',(0.,0.,1.));
#4064 = ORIENTED_EDGE('',*,*,#4065,.F.);
#4065 = EDGE_CURVE('',#4034,#4058,#4066,.T.);
#4066 = LINE('',#4067,#4068);
#4067 = CARTESIAN_POINT('',(1.917,-29.48,34.));
#4068 = VECTOR('',#4069,1.);
#4069 = DIRECTION('',(-0.,1.,0.));
#4070 = FACE_BOUND('',#4071,.F.);
#4071 = EDGE_LOOP('',(#4072,#4083));
#4072 = ORIENTED_EDGE('',*,*,#4073,.F.);
#4073 = EDGE_CURVE('',#4074,#4076,#4078,.T.);
#4074 = VERTEX_POINT('',#4075);
#4075 = CARTESIAN_POINT('',(1.917,31.774564394268,33.25));
#4076 = VERTEX_POINT('',#4077);
#4077 = CARTESIAN_POINT('',(1.917,32.865435605732,33.25));
#4078 = CIRCLE('',#4079,0.6);
#4079 = AXIS2_PLACEMENT_3D('',#4080,#4081,#4082);
#4080 = CARTESIAN_POINT('',(1.917,32.32,33.));
#4081 = DIRECTION('',(1.,0.,0.));
#4082 = DIRECTION('',(-0.,0.,1.));
#4083 = ORIENTED_EDGE('',*,*,#4084,.T.);
#4084 = EDGE_CURVE('',#4074,#4076,#4085,.T.);
#4085 = CIRCLE('',#4086,0.6);
#4086 = AXIS2_PLACEMENT_3D('',#4087,#4088,#4089);
#4087 = CARTESIAN_POINT('',(1.917,32.32,33.5));
#4088 = DIRECTION('',(1.,0.,0.));
#4089 = DIRECTION('',(-0.,0.,1.));
#4090 = PLANE('',#4091);
#4091 = AXIS2_PLACEMENT_3D('',#4092,#4093,#4094);
#4092 = CARTESIAN_POINT('',(1.917,-29.48,28.));
#4093 = DIRECTION('',(1.,0.,-0.));
#4094 = DIRECTION('',(0.,0.,1.));
#4095 = ADVANCED_FACE('',(#4096),#4114,.F.);
#4096 = FACE_BOUND('',#4097,.F.);
#4097 = EDGE_LOOP('',(#4098,#4099,#4107,#4113));
#4098 = ORIENTED_EDGE('',*,*,#3301,.F.);
#4099 = ORIENTED_EDGE('',*,*,#4100,.T.);
#4100 = EDGE_CURVE('',#3294,#4101,#4103,.T.);
#4101 = VERTEX_POINT('',#4102);
#4102 = CARTESIAN_POINT('',(-95.262,94.12,34.));
#4103 = LINE('',#4104,#4105);
#4104 = CARTESIAN_POINT('',(-95.262,94.12,28.));
#4105 = VECTOR('',#4106,1.);
#4106 = DIRECTION('',(0.,0.,1.));
#4107 = ORIENTED_EDGE('',*,*,#4108,.T.);
#4108 = EDGE_CURVE('',#4101,#4058,#4109,.T.);
#4109 = LINE('',#4110,#4111);
#4110 = CARTESIAN_POINT('',(-95.262,94.12,34.));
#4111 = VECTOR('',#4112,1.);
#4112 = DIRECTION('',(1.,0.,-0.));
#4113 = ORIENTED_EDGE('',*,*,#4057,.F.);
#4114 = PLANE('',#4115);
#4115 = AXIS2_PLACEMENT_3D('',#4116,#4117,#4118);
#4116 = CARTESIAN_POINT('',(-95.262,94.12,28.));
#4117 = DIRECTION('',(-0.,1.,0.));
#4118 = DIRECTION('',(0.,0.,1.));
#4119 = ADVANCED_FACE('',(#4120),#4131,.T.);
#4120 = FACE_BOUND('',#4121,.T.);
#4121 = EDGE_LOOP('',(#4122,#4123,#4124,#4125));
#4122 = ORIENTED_EDGE('',*,*,#4025,.F.);
#4123 = ORIENTED_EDGE('',*,*,#3293,.T.);
#4124 = ORIENTED_EDGE('',*,*,#4100,.T.);
#4125 = ORIENTED_EDGE('',*,*,#4126,.F.);
#4126 = EDGE_CURVE('',#4026,#4101,#4127,.T.);
#4127 = LINE('',#4128,#4129);
#4128 = CARTESIAN_POINT('',(-95.262,-29.48,34.));
#4129 = VECTOR('',#4130,1.);
#4130 = DIRECTION('',(-0.,1.,0.));
#4131 = PLANE('',#4132);
#4132 = AXIS2_PLACEMENT_3D('',#4133,#4134,#4135);
#4133 = CARTESIAN_POINT('',(-95.262,-29.48,28.));
#4134 = DIRECTION('',(1.,0.,-0.));
#4135 = DIRECTION('',(0.,0.,1.));
#4136 = ADVANCED_FACE('',(#4137),#4418,.F.);
#4137 = FACE_BOUND('',#4138,.F.);
#4138 = EDGE_LOOP('',(#4139,#4147,#4252,#4258,#4259,#4260,#4268,#4277,
    #4283,#4284,#4285,#4306,#4411,#4417));
#4139 = ORIENTED_EDGE('',*,*,#4140,.F.);
#4140 = EDGE_CURVE('',#4141,#4074,#4143,.T.);
#4141 = VERTEX_POINT('',#4142);
#4142 = CARTESIAN_POINT('',(1.817004064008,31.77456439425,33.25000000004
    ));
#4143 = LINE('',#4144,#4145);
#4144 = CARTESIAN_POINT('',(-2.58,31.774564394268,33.25));
#4145 = VECTOR('',#4146,1.);
#4146 = DIRECTION('',(1.,0.,0.));
#4147 = ORIENTED_EDGE('',*,*,#4148,.T.);
#4148 = EDGE_CURVE('',#4141,#4149,#4151,.T.);
#4149 = VERTEX_POINT('',#4150);
#4150 = CARTESIAN_POINT('',(1.817004064008,32.32,34.1));
#4151 = B_SPLINE_CURVE_WITH_KNOTS('',8,(#4152,#4153,#4154,#4155,#4156,
    #4157,#4158,#4159,#4160,#4161,#4162,#4163,#4164,#4165,#4166,#4167,
    #4168,#4169,#4170,#4171,#4172,#4173,#4174,#4175,#4176,#4177,#4178,
    #4179,#4180,#4181,#4182,#4183,#4184,#4185,#4186,#4187,#4188,#4189,
    #4190,#4191,#4192,#4193,#4194,#4195,#4196,#4197,#4198,#4199,#4200,
    #4201,#4202,#4203,#4204,#4205,#4206,#4207,#4208,#4209,#4210,#4211,
    #4212,#4213,#4214,#4215,#4216,#4217,#4218,#4219,#4220,#4221,#4222,
    #4223,#4224,#4225,#4226,#4227,#4228,#4229,#4230,#4231,#4232,#4233,
    #4234,#4235,#4236,#4237,#4238,#4239,#4240,#4241,#4242,#4243,#4244,
    #4245,#4246,#4247,#4248,#4249,#4250,#4251),.UNSPECIFIED.,.F.,.F.,(9,
    7,7,7,7,7,7,7,7,7,7,7,7,7,9),(0.,8.718112493693E-02,0.119758556647,
    0.217612625854,0.278546074491,0.4057875846,0.4903977533,
    0.523523811601,0.575571168422,0.605503489046,0.705779410683,
    0.733405030791,0.844678441991,0.89408952152,1.),.UNSPECIFIED.);
#4152 = CARTESIAN_POINT('',(1.817004064008,32.803992211312,
    33.854614635047));
#4153 = CARTESIAN_POINT('',(1.817004064008,32.824649584455,
    33.82642062747));
#4154 = CARTESIAN_POINT('',(1.817004064008,32.843431666809,
    33.796848999563));
#4155 = CARTESIAN_POINT('',(1.817004064008,32.860228566201,
    33.766048635063));
#4156 = CARTESIAN_POINT('',(1.817004064008,32.874947637885,
    33.734175916244));
#4157 = CARTESIAN_POINT('',(1.817004064008,32.887511513614,
    33.701393776306));
#4158 = CARTESIAN_POINT('',(1.817004064008,32.897857467936,
    33.667871313247));
#4159 = CARTESIAN_POINT('',(1.817004064008,32.905938121724,
    33.633783965242));
#4160 = CARTESIAN_POINT('',(1.817004064008,32.913885329417,
    33.586433765909));
#4161 = CARTESIAN_POINT('',(1.817004064008,32.915726745393,
    33.573499482616));
#4162 = CARTESIAN_POINT('',(1.817004064008,32.917246165972,
    33.560520727833));
#4163 = CARTESIAN_POINT('',(1.817004064008,32.918442353879,
    33.547506858094));
#4164 = CARTESIAN_POINT('',(1.817004064008,32.919314399446,
    33.534467256266));
#4165 = CARTESIAN_POINT('',(1.817004064008,32.919861720607,
    33.521411331542));
#4166 = CARTESIAN_POINT('',(1.817004064008,32.920084062902,
    33.508348519449));
#4167 = CARTESIAN_POINT('',(1.817004064008,32.919673425813,
    33.456058749994));
#4168 = CARTESIAN_POINT('',(1.817004064008,32.916433866036,
    33.416847193633));
#4169 = CARTESIAN_POINT('',(1.817004064008,32.910263635658,
    33.377916760161));
#4170 = CARTESIAN_POINT('',(1.817004064008,32.90119313901,33.33952294887
    ));
#4171 = CARTESIAN_POINT('',(1.817004064008,32.889278165848,
    33.301914516642));
#4172 = CARTESIAN_POINT('',(1.817004064008,32.874598455588,
    33.265333623591));
#4173 = CARTESIAN_POINT('',(1.817004064008,32.857259029194,
    33.230015218665));
#4174 = CARTESIAN_POINT('',(1.817004064008,32.825024571675,
    33.17512009915));
#4175 = CARTESIAN_POINT('',(1.817004064008,32.811674409466,
    33.154629699984));
#4176 = CARTESIAN_POINT('',(1.817004064008,32.797375336847,
    33.134768321109));
#4177 = CARTESIAN_POINT('',(1.817004064008,32.782162170054,
    33.115587117167));
#4178 = CARTESIAN_POINT('',(1.817004064008,32.766072801788,
    33.09713470109));
#4179 = CARTESIAN_POINT('',(1.817004064008,32.749148129397,
    33.079457190804));
#4180 = CARTESIAN_POINT('',(1.817004064008,32.73143211623,33.06259814558
    ));
#4181 = CARTESIAN_POINT('',(1.817004064008,32.674423456901,
    33.013187632491));
#4182 = CARTESIAN_POINT('',(1.817004064008,32.632615974052,
    32.983511626997));
#4183 = CARTESIAN_POINT('',(1.817004064008,32.587990501617,
    32.957960026664));
#4184 = CARTESIAN_POINT('',(1.817004064008,32.541026644298,
    32.93683581771));
#4185 = CARTESIAN_POINT('',(1.817004064008,32.492230884098,
    32.920376691019));
#4186 = CARTESIAN_POINT('',(1.817004064008,32.442136150438,
    32.908753443138));
#4187 = CARTESIAN_POINT('',(1.817004064008,32.391300131955,
    32.90207117699));
#4188 = CARTESIAN_POINT('',(1.817004064008,32.306410117423,
    32.899195459477));
#4189 = CARTESIAN_POINT('',(1.817004064008,32.272438144205,
    32.900237852334));
#4190 = CARTESIAN_POINT('',(1.817004064008,32.238562194788,
    32.903475366123));
#4191 = CARTESIAN_POINT('',(1.817004064008,32.204944989414,
    32.908897568858));
#4192 = CARTESIAN_POINT('',(1.817004064008,32.1717478955,32.916480322596
    ));
#4193 = CARTESIAN_POINT('',(1.817004064008,32.139130804807,
    32.92618569296));
#4194 = CARTESIAN_POINT('',(1.817004064008,32.107251676505,
    32.937960829631));
#4195 = CARTESIAN_POINT('',(1.817004064008,32.06413432327,
    32.957128917316));
#4196 = CARTESIAN_POINT('',(1.817004064008,32.052139268382,
    32.962828802477));
#4197 = CARTESIAN_POINT('',(1.817004064008,32.04028966101,
    32.968831434665));
#4198 = CARTESIAN_POINT('',(1.817004064008,32.028594410468,
    32.975132468612));
#4199 = CARTESIAN_POINT('',(1.817004064008,32.017062255851,
    32.981727252383));
#4200 = CARTESIAN_POINT('',(1.817004064008,32.005701766038,
    32.988610827381));
#4201 = CARTESIAN_POINT('',(1.817004064008,31.994521339684,
    32.995777928346));
#4202 = CARTESIAN_POINT('',(1.817004064008,31.966258465111,
    33.014920585014));
#4203 = CARTESIAN_POINT('',(1.817004064008,31.94945231433,
    33.027304511824));
#4204 = CARTESIAN_POINT('',(1.817004064008,31.933142847187,
    33.040353062165));
#4205 = CARTESIAN_POINT('',(1.817004064008,31.917360668324,
    33.054042877189));
#4206 = CARTESIAN_POINT('',(1.817004064008,31.90213495856,33.0683490185)
  );
#4207 = CARTESIAN_POINT('',(1.817004064008,31.887493495421,
    33.083244995845));
#4208 = CARTESIAN_POINT('',(1.817004064008,31.873462628364,
    33.098702744817));
#4209 = CARTESIAN_POINT('',(1.817004064008,31.85236353226,
    33.123888259088));
#4210 = CARTESIAN_POINT('',(1.817004064008,31.844869967794,
    33.13326000171));
#4211 = CARTESIAN_POINT('',(1.817004064008,31.837591220304,
    33.142802165015));
#4212 = CARTESIAN_POINT('',(1.817004064008,31.830531804075,
    33.152508996203));
#4213 = CARTESIAN_POINT('',(1.817004064008,31.823696042663,
    33.162374607125));
#4214 = CARTESIAN_POINT('',(1.817004064008,31.817088068903,
    33.172392974276));
#4215 = CARTESIAN_POINT('',(1.817004064008,31.810711824903,
    33.182557938803));
#4216 = CARTESIAN_POINT('',(1.817004064008,31.783998963331,
    33.227386764788));
#4217 = CARTESIAN_POINT('',(1.817004064008,31.766066635992,
    33.263490101707));
#4218 = CARTESIAN_POINT('',(1.817004064008,31.750920426413,
    33.300930497897));
#4219 = CARTESIAN_POINT('',(1.817004064008,31.738674139874,
    33.339455691976));
#4220 = CARTESIAN_POINT('',(1.817004064008,31.729413766305,
    33.37880547032));
#4221 = CARTESIAN_POINT('',(1.817004064008,31.723199015226,
    33.418712380622));
#4222 = CARTESIAN_POINT('',(1.817004064008,31.720061659868,
    33.458901569235));
#4223 = CARTESIAN_POINT('',(1.817004064008,31.719983893648,
    33.510161425154));
#4224 = CARTESIAN_POINT('',(1.817004064008,31.720200587385,
    33.52123347553));
#4225 = CARTESIAN_POINT('',(1.817004064008,31.720650780017,
    33.532300132871));
#4226 = CARTESIAN_POINT('',(1.817004064008,31.721334310635,
    33.543355649602));
#4227 = CARTESIAN_POINT('',(1.817004064008,31.722250849086,
    33.554394291129));
#4228 = CARTESIAN_POINT('',(1.817004064008,31.723399895975,
    33.565410335843));
#4229 = CARTESIAN_POINT('',(1.817004064008,31.724780782666,
    33.57639807512));
#4230 = CARTESIAN_POINT('',(1.817004064008,31.732885207694,
    33.631472445172));
#4231 = CARTESIAN_POINT('',(1.817004064008,31.743126913177,
    33.675050888509));
#4232 = CARTESIAN_POINT('',(1.817004064008,31.757063808965,
    33.717701133817));
#4233 = CARTESIAN_POINT('',(1.817004064008,31.774593120565,
    33.759058853475));
#4234 = CARTESIAN_POINT('',(1.817004064008,31.795573618708,
    33.798777424504));
#4235 = CARTESIAN_POINT('',(1.817004064008,31.819825906207,
    33.836528290865));
#4236 = CARTESIAN_POINT('',(1.817004064008,31.847132468833,
    33.872001425882));
#4237 = CARTESIAN_POINT('',(1.817004064008,31.890591721009,
    33.919524346047));
#4238 = CARTESIAN_POINT('',(1.817004064008,31.904506928603,
    33.933633867244));
#4239 = CARTESIAN_POINT('',(1.817004064008,31.918951130941,
    33.947214983172));
#4240 = CARTESIAN_POINT('',(1.817004064008,31.933900834857,
    33.960244618231));
#4241 = CARTESIAN_POINT('',(1.817004064008,31.949331434283,
    33.972701017772));
#4242 = CARTESIAN_POINT('',(1.817004064008,31.965217227737,
    33.984563731031));
#4243 = CARTESIAN_POINT('',(1.817004064008,31.981531403957,
    33.995813631891));
#4244 = CARTESIAN_POINT('',(1.817004064008,32.03407298874,
    34.029195078302));
#4245 = CARTESIAN_POINT('',(1.817004064008,32.07174579163,
    34.049064037754));
#4246 = CARTESIAN_POINT('',(1.817004064008,32.110983366929,
    34.065859232942));
#4247 = CARTESIAN_POINT('',(1.817004064008,32.151491643383,
    34.079440305953));
#4248 = CARTESIAN_POINT('',(1.817004064008,32.192966254332,
    34.089701081425));
#4249 = CARTESIAN_POINT('',(1.817004064008,32.235093441178,
    34.096567527844));
#4250 = CARTESIAN_POINT('',(1.817004064008,32.277549606314,34.1));
#4251 = CARTESIAN_POINT('',(1.817004064008,32.32,34.1));
#4252 = ORIENTED_EDGE('',*,*,#4253,.F.);
#4253 = EDGE_CURVE('',#3340,#4149,#4254,.T.);
#4254 = LINE('',#4255,#4256);
#4255 = CARTESIAN_POINT('',(-2.58,32.32,34.1));
#4256 = VECTOR('',#4257,1.);
#4257 = DIRECTION('',(1.,0.,0.));
#4258 = ORIENTED_EDGE('',*,*,#3544,.F.);
#4259 = ORIENTED_EDGE('',*,*,#3488,.F.);
#4260 = ORIENTED_EDGE('',*,*,#4261,.F.);
#4261 = EDGE_CURVE('',#4262,#3419,#4264,.T.);
#4262 = VERTEX_POINT('',#4263);
#4263 = CARTESIAN_POINT('',(-2.58,31.774564394268,33.25));
#4264 = LINE('',#4265,#4266);
#4265 = CARTESIAN_POINT('',(-2.58,31.774564394268,33.25));
#4266 = VECTOR('',#4267,1.);
#4267 = DIRECTION('',(1.,0.,0.));
#4268 = ORIENTED_EDGE('',*,*,#4269,.T.);
#4269 = EDGE_CURVE('',#4262,#4270,#4272,.T.);
#4270 = VERTEX_POINT('',#4271);
#4271 = CARTESIAN_POINT('',(-2.58,32.865435605732,33.25));
#4272 = CIRCLE('',#4273,0.6);
#4273 = AXIS2_PLACEMENT_3D('',#4274,#4275,#4276);
#4274 = CARTESIAN_POINT('',(-2.58,32.32,33.5));
#4275 = DIRECTION('',(1.,0.,0.));
#4276 = DIRECTION('',(-0.,0.,1.));
#4277 = ORIENTED_EDGE('',*,*,#4278,.T.);
#4278 = EDGE_CURVE('',#4270,#3342,#4279,.T.);
#4279 = LINE('',#4280,#4281);
#4280 = CARTESIAN_POINT('',(-2.58,32.865435605732,33.25));
#4281 = VECTOR('',#4282,1.);
#4282 = DIRECTION('',(1.,0.,0.));
#4283 = ORIENTED_EDGE('',*,*,#3339,.F.);
#4284 = ORIENTED_EDGE('',*,*,#4253,.T.);
#4285 = ORIENTED_EDGE('',*,*,#4286,.T.);
#4286 = EDGE_CURVE('',#4149,#4287,#4289,.T.);
#4287 = VERTEX_POINT('',#4288);
#4288 = CARTESIAN_POINT('',(1.817004064008,32.803992211312,
    33.854614635047));
#4289 = B_SPLINE_CURVE_WITH_KNOTS('',8,(#4290,#4291,#4292,#4293,#4294,
    #4295,#4296,#4297,#4298,#4299,#4300,#4301,#4302,#4303,#4304,#4305),
  .UNSPECIFIED.,.F.,.F.,(9,7,9),(0.,0.688797169567,1.),.UNSPECIFIED.);
#4290 = CARTESIAN_POINT('',(1.817004064008,32.32,34.1));
#4291 = CARTESIAN_POINT('',(1.817004064008,32.36847920223,34.1));
#4292 = CARTESIAN_POINT('',(1.817004064008,32.41697357159,
    34.095523363674));
#4293 = CARTESIAN_POINT('',(1.817004064008,32.464976892149,
    34.086565206972));
#4294 = CARTESIAN_POINT('',(1.817004064008,32.512006611265,
    34.073195266982));
#4295 = CARTESIAN_POINT('',(1.817004064008,32.557598707147,
    34.055538621876));
#4296 = CARTESIAN_POINT('',(1.817004064008,32.601308383005,
    34.033775800517));
#4297 = CARTESIAN_POINT('',(1.817004064008,32.642710537147,
    34.008141674798));
#4298 = CARTESIAN_POINT('',(1.817004064008,32.698890149026,
    33.965748825499));
#4299 = CARTESIAN_POINT('',(1.817004064008,32.715823240465,
    33.95182650168));
#4300 = CARTESIAN_POINT('',(1.817004064008,32.732170313814,
    33.937201634581));
#4301 = CARTESIAN_POINT('',(1.817004064008,32.747897444927,
    33.921903144804));
#4302 = CARTESIAN_POINT('',(1.817004064008,32.762972547138,
    33.905961769077));
#4303 = CARTESIAN_POINT('',(1.817004064008,32.777365341962,
    33.889410024872));
#4304 = CARTESIAN_POINT('',(1.817004064008,32.791047394181,
    33.872282238267));
#4305 = CARTESIAN_POINT('',(1.817004064008,32.803992211312,
    33.854614635047));
#4306 = ORIENTED_EDGE('',*,*,#4307,.T.);
#4307 = EDGE_CURVE('',#4287,#4308,#4310,.T.);
#4308 = VERTEX_POINT('',#4309);
#4309 = CARTESIAN_POINT('',(1.817004064008,32.865435606102,
    33.250000000808));
#4310 = B_SPLINE_CURVE_WITH_KNOTS('',8,(#4311,#4312,#4313,#4314,#4315,
    #4316,#4317,#4318,#4319,#4320,#4321,#4322,#4323,#4324,#4325,#4326,
    #4327,#4328,#4329,#4330,#4331,#4332,#4333,#4334,#4335,#4336,#4337,
    #4338,#4339,#4340,#4341,#4342,#4343,#4344,#4345,#4346,#4347,#4348,
    #4349,#4350,#4351,#4352,#4353,#4354,#4355,#4356,#4357,#4358,#4359,
    #4360,#4361,#4362,#4363,#4364,#4365,#4366,#4367,#4368,#4369,#4370,
    #4371,#4372,#4373,#4374,#4375,#4376,#4377,#4378,#4379,#4380,#4381,
    #4382,#4383,#4384,#4385,#4386,#4387,#4388,#4389,#4390,#4391,#4392,
    #4393,#4394,#4395,#4396,#4397,#4398,#4399,#4400,#4401,#4402,#4403,
    #4404,#4405,#4406,#4407,#4408,#4409,#4410),.UNSPECIFIED.,.F.,.F.,(9,
    7,7,7,7,7,7,7,7,7,7,7,7,7,9),(0.,8.718112493693E-02,0.119758556647,
    0.217612625854,0.278546074491,0.4057875846,0.4903977533,
    0.523523811601,0.575571168422,0.605503489046,0.705779410683,
    0.733405030791,0.844678441991,0.89408952152,1.),.UNSPECIFIED.);
#4311 = CARTESIAN_POINT('',(1.817004064008,32.803992211312,
    33.854614635047));
#4312 = CARTESIAN_POINT('',(1.817004064008,32.824649584455,
    33.82642062747));
#4313 = CARTESIAN_POINT('',(1.817004064008,32.843431666809,
    33.796848999563));
#4314 = CARTESIAN_POINT('',(1.817004064008,32.860228566201,
    33.766048635063));
#4315 = CARTESIAN_POINT('',(1.817004064008,32.874947637885,
    33.734175916244));
#4316 = CARTESIAN_POINT('',(1.817004064008,32.887511513614,
    33.701393776306));
#4317 = CARTESIAN_POINT('',(1.817004064008,32.897857467936,
    33.667871313247));
#4318 = CARTESIAN_POINT('',(1.817004064008,32.905938121724,
    33.633783965242));
#4319 = CARTESIAN_POINT('',(1.817004064008,32.913885329417,
    33.586433765909));
#4320 = CARTESIAN_POINT('',(1.817004064008,32.915726745393,
    33.573499482616));
#4321 = CARTESIAN_POINT('',(1.817004064008,32.917246165972,
    33.560520727833));
#4322 = CARTESIAN_POINT('',(1.817004064008,32.918442353879,
    33.547506858094));
#4323 = CARTESIAN_POINT('',(1.817004064008,32.919314399446,
    33.534467256266));
#4324 = CARTESIAN_POINT('',(1.817004064008,32.919861720607,
    33.521411331542));
#4325 = CARTESIAN_POINT('',(1.817004064008,32.920084062902,
    33.508348519449));
#4326 = CARTESIAN_POINT('',(1.817004064008,32.919673425813,
    33.456058749994));
#4327 = CARTESIAN_POINT('',(1.817004064008,32.916433866036,
    33.416847193633));
#4328 = CARTESIAN_POINT('',(1.817004064008,32.910263635658,
    33.377916760161));
#4329 = CARTESIAN_POINT('',(1.817004064008,32.90119313901,33.33952294887
    ));
#4330 = CARTESIAN_POINT('',(1.817004064008,32.889278165848,
    33.301914516642));
#4331 = CARTESIAN_POINT('',(1.817004064008,32.874598455588,
    33.265333623591));
#4332 = CARTESIAN_POINT('',(1.817004064008,32.857259029194,
    33.230015218665));
#4333 = CARTESIAN_POINT('',(1.817004064008,32.825024571675,
    33.17512009915));
#4334 = CARTESIAN_POINT('',(1.817004064008,32.811674409466,
    33.154629699984));
#4335 = CARTESIAN_POINT('',(1.817004064008,32.797375336847,
    33.134768321109));
#4336 = CARTESIAN_POINT('',(1.817004064008,32.782162170054,
    33.115587117167));
#4337 = CARTESIAN_POINT('',(1.817004064008,32.766072801788,
    33.09713470109));
#4338 = CARTESIAN_POINT('',(1.817004064008,32.749148129397,
    33.079457190804));
#4339 = CARTESIAN_POINT('',(1.817004064008,32.73143211623,33.06259814558
    ));
#4340 = CARTESIAN_POINT('',(1.817004064008,32.674423456901,
    33.013187632491));
#4341 = CARTESIAN_POINT('',(1.817004064008,32.632615974052,
    32.983511626997));
#4342 = CARTESIAN_POINT('',(1.817004064008,32.587990501617,
    32.957960026664));
#4343 = CARTESIAN_POINT('',(1.817004064008,32.541026644298,
    32.93683581771));
#4344 = CARTESIAN_POINT('',(1.817004064008,32.492230884098,
    32.920376691019));
#4345 = CARTESIAN_POINT('',(1.817004064008,32.442136150438,
    32.908753443138));
#4346 = CARTESIAN_POINT('',(1.817004064008,32.391300131955,
    32.90207117699));
#4347 = CARTESIAN_POINT('',(1.817004064008,32.306410117423,
    32.899195459477));
#4348 = CARTESIAN_POINT('',(1.817004064008,32.272438144205,
    32.900237852334));
#4349 = CARTESIAN_POINT('',(1.817004064008,32.238562194788,
    32.903475366123));
#4350 = CARTESIAN_POINT('',(1.817004064008,32.204944989414,
    32.908897568858));
#4351 = CARTESIAN_POINT('',(1.817004064008,32.1717478955,32.916480322596
    ));
#4352 = CARTESIAN_POINT('',(1.817004064008,32.139130804807,
    32.92618569296));
#4353 = CARTESIAN_POINT('',(1.817004064008,32.107251676505,
    32.937960829631));
#4354 = CARTESIAN_POINT('',(1.817004064008,32.06413432327,
    32.957128917316));
#4355 = CARTESIAN_POINT('',(1.817004064008,32.052139268382,
    32.962828802477));
#4356 = CARTESIAN_POINT('',(1.817004064008,32.04028966101,
    32.968831434665));
#4357 = CARTESIAN_POINT('',(1.817004064008,32.028594410468,
    32.975132468612));
#4358 = CARTESIAN_POINT('',(1.817004064008,32.017062255851,
    32.981727252383));
#4359 = CARTESIAN_POINT('',(1.817004064008,32.005701766038,
    32.988610827381));
#4360 = CARTESIAN_POINT('',(1.817004064008,31.994521339684,
    32.995777928346));
#4361 = CARTESIAN_POINT('',(1.817004064008,31.966258465111,
    33.014920585014));
#4362 = CARTESIAN_POINT('',(1.817004064008,31.94945231433,
    33.027304511824));
#4363 = CARTESIAN_POINT('',(1.817004064008,31.933142847187,
    33.040353062165));
#4364 = CARTESIAN_POINT('',(1.817004064008,31.917360668324,
    33.054042877189));
#4365 = CARTESIAN_POINT('',(1.817004064008,31.90213495856,33.0683490185)
  );
#4366 = CARTESIAN_POINT('',(1.817004064008,31.887493495421,
    33.083244995845));
#4367 = CARTESIAN_POINT('',(1.817004064008,31.873462628364,
    33.098702744817));
#4368 = CARTESIAN_POINT('',(1.817004064008,31.85236353226,
    33.123888259088));
#4369 = CARTESIAN_POINT('',(1.817004064008,31.844869967794,
    33.13326000171));
#4370 = CARTESIAN_POINT('',(1.817004064008,31.837591220304,
    33.142802165015));
#4371 = CARTESIAN_POINT('',(1.817004064008,31.830531804075,
    33.152508996203));
#4372 = CARTESIAN_POINT('',(1.817004064008,31.823696042663,
    33.162374607125));
#4373 = CARTESIAN_POINT('',(1.817004064008,31.817088068903,
    33.172392974276));
#4374 = CARTESIAN_POINT('',(1.817004064008,31.810711824903,
    33.182557938803));
#4375 = CARTESIAN_POINT('',(1.817004064008,31.783998963331,
    33.227386764788));
#4376 = CARTESIAN_POINT('',(1.817004064008,31.766066635992,
    33.263490101707));
#4377 = CARTESIAN_POINT('',(1.817004064008,31.750920426413,
    33.300930497897));
#4378 = CARTESIAN_POINT('',(1.817004064008,31.738674139874,
    33.339455691976));
#4379 = CARTESIAN_POINT('',(1.817004064008,31.729413766305,
    33.37880547032));
#4380 = CARTESIAN_POINT('',(1.817004064008,31.723199015226,
    33.418712380622));
#4381 = CARTESIAN_POINT('',(1.817004064008,31.720061659868,
    33.458901569235));
#4382 = CARTESIAN_POINT('',(1.817004064008,31.719983893648,
    33.510161425154));
#4383 = CARTESIAN_POINT('',(1.817004064008,31.720200587385,
    33.52123347553));
#4384 = CARTESIAN_POINT('',(1.817004064008,31.720650780017,
    33.532300132871));
#4385 = CARTESIAN_POINT('',(1.817004064008,31.721334310635,
    33.543355649602));
#4386 = CARTESIAN_POINT('',(1.817004064008,31.722250849086,
    33.554394291129));
#4387 = CARTESIAN_POINT('',(1.817004064008,31.723399895975,
    33.565410335843));
#4388 = CARTESIAN_POINT('',(1.817004064008,31.724780782666,
    33.57639807512));
#4389 = CARTESIAN_POINT('',(1.817004064008,31.732885207694,
    33.631472445172));
#4390 = CARTESIAN_POINT('',(1.817004064008,31.743126913177,
    33.675050888509));
#4391 = CARTESIAN_POINT('',(1.817004064008,31.757063808965,
    33.717701133817));
#4392 = CARTESIAN_POINT('',(1.817004064008,31.774593120565,
    33.759058853475));
#4393 = CARTESIAN_POINT('',(1.817004064008,31.795573618708,
    33.798777424504));
#4394 = CARTESIAN_POINT('',(1.817004064008,31.819825906207,
    33.836528290865));
#4395 = CARTESIAN_POINT('',(1.817004064008,31.847132468833,
    33.872001425882));
#4396 = CARTESIAN_POINT('',(1.817004064008,31.890591721009,
    33.919524346047));
#4397 = CARTESIAN_POINT('',(1.817004064008,31.904506928603,
    33.933633867244));
#4398 = CARTESIAN_POINT('',(1.817004064008,31.918951130941,
    33.947214983172));
#4399 = CARTESIAN_POINT('',(1.817004064008,31.933900834857,
    33.960244618231));
#4400 = CARTESIAN_POINT('',(1.817004064008,31.949331434283,
    33.972701017772));
#4401 = CARTESIAN_POINT('',(1.817004064008,31.965217227737,
    33.984563731031));
#4402 = CARTESIAN_POINT('',(1.817004064008,31.981531403957,
    33.995813631891));
#4403 = CARTESIAN_POINT('',(1.817004064008,32.03407298874,
    34.029195078302));
#4404 = CARTESIAN_POINT('',(1.817004064008,32.07174579163,
    34.049064037754));
#4405 = CARTESIAN_POINT('',(1.817004064008,32.110983366929,
    34.065859232942));
#4406 = CARTESIAN_POINT('',(1.817004064008,32.151491643383,
    34.079440305953));
#4407 = CARTESIAN_POINT('',(1.817004064008,32.192966254332,
    34.089701081425));
#4408 = CARTESIAN_POINT('',(1.817004064008,32.235093441178,
    34.096567527844));
#4409 = CARTESIAN_POINT('',(1.817004064008,32.277549606314,34.1));
#4410 = CARTESIAN_POINT('',(1.817004064008,32.32,34.1));
#4411 = ORIENTED_EDGE('',*,*,#4412,.T.);
#4412 = EDGE_CURVE('',#4308,#4076,#4413,.T.);
#4413 = LINE('',#4414,#4415);
#4414 = CARTESIAN_POINT('',(-2.58,32.865435605732,33.25));
#4415 = VECTOR('',#4416,1.);
#4416 = DIRECTION('',(1.,0.,0.));
#4417 = ORIENTED_EDGE('',*,*,#4084,.F.);
#4418 = CYLINDRICAL_SURFACE('',#4419,0.6);
#4419 = AXIS2_PLACEMENT_3D('',#4420,#4421,#4422);
#4420 = CARTESIAN_POINT('',(-2.58,32.32,33.5));
#4421 = DIRECTION('',(1.,0.,0.));
#4422 = DIRECTION('',(-0.,0.,1.));
#4423 = ADVANCED_FACE('',(#4424),#4437,.T.);
#4424 = FACE_BOUND('',#4425,.T.);
#4425 = EDGE_LOOP('',(#4426,#4427,#4428,#4429,#4436));
#4426 = ORIENTED_EDGE('',*,*,#3397,.T.);
#4427 = ORIENTED_EDGE('',*,*,#3418,.T.);
#4428 = ORIENTED_EDGE('',*,*,#4261,.F.);
#4429 = ORIENTED_EDGE('',*,*,#4430,.T.);
#4430 = EDGE_CURVE('',#4262,#4270,#4431,.T.);
#4431 = CIRCLE('',#4432,0.6);
#4432 = AXIS2_PLACEMENT_3D('',#4433,#4434,#4435);
#4433 = CARTESIAN_POINT('',(-2.58,32.32,33.));
#4434 = DIRECTION('',(1.,0.,0.));
#4435 = DIRECTION('',(-0.,0.,1.));
#4436 = ORIENTED_EDGE('',*,*,#4278,.T.);
#4437 = CYLINDRICAL_SURFACE('',#4438,0.6);
#4438 = AXIS2_PLACEMENT_3D('',#4439,#4440,#4441);
#4439 = CARTESIAN_POINT('',(-2.58,32.32,33.));
#4440 = DIRECTION('',(1.,0.,0.));
#4441 = DIRECTION('',(-0.,0.,1.));
#4442 = ADVANCED_FACE('',(#4443),#4734,.F.);
#4443 = FACE_BOUND('',#4444,.F.);
#4444 = EDGE_LOOP('',(#4445,#4456,#4462,#4463,#4471,#4492,#4597,#4605,
    #4614,#4622,#4725,#4726,#4727,#4728));
#4445 = ORIENTED_EDGE('',*,*,#4446,.F.);
#4446 = EDGE_CURVE('',#4447,#4449,#4451,.T.);
#4447 = VERTEX_POINT('',#4448);
#4448 = CARTESIAN_POINT('',(-90.76,31.774564394268,33.25));
#4449 = VERTEX_POINT('',#4450);
#4450 = CARTESIAN_POINT('',(-90.76,32.865435605732,33.25));
#4451 = CIRCLE('',#4452,0.6);
#4452 = AXIS2_PLACEMENT_3D('',#4453,#4454,#4455);
#4453 = CARTESIAN_POINT('',(-90.76,32.32,33.5));
#4454 = DIRECTION('',(1.,0.,0.));
#4455 = DIRECTION('',(-0.,0.,1.));
#4456 = ORIENTED_EDGE('',*,*,#4457,.F.);
#4457 = EDGE_CURVE('',#3612,#4447,#4458,.T.);
#4458 = LINE('',#4459,#4460);
#4459 = CARTESIAN_POINT('',(-98.76,31.774564394268,33.25));
#4460 = VECTOR('',#4461,1.);
#4461 = DIRECTION('',(1.,0.,0.));
#4462 = ORIENTED_EDGE('',*,*,#3609,.F.);
#4463 = ORIENTED_EDGE('',*,*,#4464,.F.);
#4464 = EDGE_CURVE('',#4465,#3610,#4467,.T.);
#4465 = VERTEX_POINT('',#4466);
#4466 = CARTESIAN_POINT('',(-95.16219075438,32.32,34.1));
#4467 = LINE('',#4468,#4469);
#4468 = CARTESIAN_POINT('',(-98.76,32.32,34.1));
#4469 = VECTOR('',#4470,1.);
#4470 = DIRECTION('',(1.,0.,0.));
#4471 = ORIENTED_EDGE('',*,*,#4472,.T.);
#4472 = EDGE_CURVE('',#4465,#4473,#4475,.T.);
#4473 = VERTEX_POINT('',#4474);
#4474 = CARTESIAN_POINT('',(-95.16219075438,31.836007788688,
    33.854614635047));
#4475 = B_SPLINE_CURVE_WITH_KNOTS('',8,(#4476,#4477,#4478,#4479,#4480,
    #4481,#4482,#4483,#4484,#4485,#4486,#4487,#4488,#4489,#4490,#4491),
  .UNSPECIFIED.,.F.,.F.,(9,7,9),(0.,0.688797179822,1.),.UNSPECIFIED.);
#4476 = CARTESIAN_POINT('',(-95.16219075438,32.32,34.1));
#4477 = CARTESIAN_POINT('',(-95.16219075438,32.271520797043,34.1));
#4478 = CARTESIAN_POINT('',(-95.16219075438,32.223026426959,
    34.09552336354));
#4479 = CARTESIAN_POINT('',(-95.16219075438,32.1750231057,34.08656520657
    ));
#4480 = CARTESIAN_POINT('',(-95.16219075438,32.127993385929,
    34.073195266183));
#4481 = CARTESIAN_POINT('',(-95.16219075438,32.082401289454,
    34.05553862056));
#4482 = CARTESIAN_POINT('',(-95.16219075438,32.038691613087,
    34.033775798571));
#4483 = CARTESIAN_POINT('',(-95.16219075438,31.997289458535,
    34.008141672125));
#4484 = CARTESIAN_POINT('',(-95.16219075438,31.941109847066,
    33.965748822285));
#4485 = CARTESIAN_POINT('',(-95.16219075438,31.924176756301,
    33.951826498787));
#4486 = CARTESIAN_POINT('',(-95.16219075438,31.907829683593,
    33.937201632059));
#4487 = CARTESIAN_POINT('',(-95.16219075438,31.892102553084,
    33.921903142701));
#4488 = CARTESIAN_POINT('',(-95.16219075438,31.877027451438,
    33.905961767439));
#4489 = CARTESIAN_POINT('',(-95.16219075438,31.862634657136,
    33.889410023743));
#4490 = CARTESIAN_POINT('',(-95.16219075438,31.848952605392,
    33.872282237685));
#4491 = CARTESIAN_POINT('',(-95.16219075438,31.836007788688,
    33.854614635047));
#4492 = ORIENTED_EDGE('',*,*,#4493,.T.);
#4493 = EDGE_CURVE('',#4473,#4494,#4496,.T.);
#4494 = VERTEX_POINT('',#4495);
#4495 = CARTESIAN_POINT('',(-95.16219075438,31.774564393898,
    33.250000000808));
#4496 = B_SPLINE_CURVE_WITH_KNOTS('',8,(#4497,#4498,#4499,#4500,#4501,
    #4502,#4503,#4504,#4505,#4506,#4507,#4508,#4509,#4510,#4511,#4512,
    #4513,#4514,#4515,#4516,#4517,#4518,#4519,#4520,#4521,#4522,#4523,
    #4524,#4525,#4526,#4527,#4528,#4529,#4530,#4531,#4532,#4533,#4534,
    #4535,#4536,#4537,#4538,#4539,#4540,#4541,#4542,#4543,#4544,#4545,
    #4546,#4547,#4548,#4549,#4550,#4551,#4552,#4553,#4554,#4555,#4556,
    #4557,#4558,#4559,#4560,#4561,#4562,#4563,#4564,#4565,#4566,#4567,
    #4568,#4569,#4570,#4571,#4572,#4573,#4574,#4575,#4576,#4577,#4578,
    #4579,#4580,#4581,#4582,#4583,#4584,#4585,#4586,#4587,#4588,#4589,
    #4590,#4591,#4592,#4593,#4594,#4595,#4596),.UNSPECIFIED.,.F.,.F.,(9,
    7,7,7,7,7,7,7,7,7,7,7,7,7,9),(0.,8.718112493719E-02,0.119758556647,
    0.217612625854,0.27854607449,0.405787584594,0.490397753281,
    0.523523811588,0.575571168413,0.605503489038,0.705779410677,
    0.733405030722,0.844678441897,0.894089521389,1.),.UNSPECIFIED.);
#4497 = CARTESIAN_POINT('',(-95.16219075438,31.836007788688,
    33.854614635047));
#4498 = CARTESIAN_POINT('',(-95.16219075438,31.815350415545,
    33.82642062747));
#4499 = CARTESIAN_POINT('',(-95.16219075438,31.796568333191,
    33.796848999563));
#4500 = CARTESIAN_POINT('',(-95.16219075438,31.779771433799,
    33.766048635063));
#4501 = CARTESIAN_POINT('',(-95.16219075438,31.765052362114,
    33.734175916244));
#4502 = CARTESIAN_POINT('',(-95.16219075438,31.752488486386,
    33.701393776306));
#4503 = CARTESIAN_POINT('',(-95.16219075438,31.742142532064,
    33.667871313247));
#4504 = CARTESIAN_POINT('',(-95.16219075438,31.734061878276,
    33.633783965242));
#4505 = CARTESIAN_POINT('',(-95.16219075438,31.726114670583,
    33.586433765909));
#4506 = CARTESIAN_POINT('',(-95.16219075438,31.724273254607,
    33.573499482616));
#4507 = CARTESIAN_POINT('',(-95.16219075438,31.722753834028,
    33.560520727833));
#4508 = CARTESIAN_POINT('',(-95.16219075438,31.721557646121,
    33.547506858094));
#4509 = CARTESIAN_POINT('',(-95.16219075438,31.720685600554,
    33.534467256266));
#4510 = CARTESIAN_POINT('',(-95.16219075438,31.720138279393,
    33.521411331542));
#4511 = CARTESIAN_POINT('',(-95.16219075438,31.719915937098,
    33.508348519449));
#4512 = CARTESIAN_POINT('',(-95.16219075438,31.720326574187,
    33.456058749995));
#4513 = CARTESIAN_POINT('',(-95.16219075438,31.723566133964,
    33.416847193634));
#4514 = CARTESIAN_POINT('',(-95.16219075438,31.729736364342,
    33.377916760161));
#4515 = CARTESIAN_POINT('',(-95.16219075438,31.73880686099,
    33.339522948871));
#4516 = CARTESIAN_POINT('',(-95.16219075438,31.750721834152,
    33.301914516643));
#4517 = CARTESIAN_POINT('',(-95.16219075438,31.765401544411,
    33.265333623592));
#4518 = CARTESIAN_POINT('',(-95.16219075438,31.782740970806,
    33.230015218666));
#4519 = CARTESIAN_POINT('',(-95.16219075438,31.814975428324,
    33.175120099152));
#4520 = CARTESIAN_POINT('',(-95.16219075438,31.828325590533,
    33.154629699985));
#4521 = CARTESIAN_POINT('',(-95.16219075438,31.842624663152,
    33.13476832111));
#4522 = CARTESIAN_POINT('',(-95.16219075438,31.857837829945,
    33.115587117169));
#4523 = CARTESIAN_POINT('',(-95.16219075438,31.873927198211,
    33.097134701092));
#4524 = CARTESIAN_POINT('',(-95.16219075438,31.890851870602,
    33.079457190805));
#4525 = CARTESIAN_POINT('',(-95.16219075438,31.908567883768,
    33.062598145581));
#4526 = CARTESIAN_POINT('',(-95.16219075438,31.965576543096,
    33.013187632493));
#4527 = CARTESIAN_POINT('',(-95.16219075438,32.007384025942,
    32.983511627001));
#4528 = CARTESIAN_POINT('',(-95.16219075438,32.052009498376,
    32.957960026669));
#4529 = CARTESIAN_POINT('',(-95.16219075438,32.098973355691,
    32.936835817716));
#4530 = CARTESIAN_POINT('',(-95.16219075438,32.147769115889,
    32.920376691024));
#4531 = CARTESIAN_POINT('',(-95.16219075438,32.197863849546,
    32.908753443142));
#4532 = CARTESIAN_POINT('',(-95.16219075438,32.248699868026,
    32.902071176993));
#4533 = CARTESIAN_POINT('',(-95.16219075438,32.33358988255,
    32.899195459476));
#4534 = CARTESIAN_POINT('',(-95.16219075438,32.367561855763,
    32.900237852332));
#4535 = CARTESIAN_POINT('',(-95.16219075438,32.401437805175,
    32.903475366119));
#4536 = CARTESIAN_POINT('',(-95.16219075438,32.435055010544,
    32.908897568851));
#4537 = CARTESIAN_POINT('',(-95.16219075438,32.468252104453,
    32.916480322585));
#4538 = CARTESIAN_POINT('',(-95.16219075438,32.500869195142,
    32.926185692945));
#4539 = CARTESIAN_POINT('',(-95.16219075438,32.53274832344,
    32.93796082961));
#4540 = CARTESIAN_POINT('',(-95.16219075438,32.575865676674,
    32.957128917289));
#4541 = CARTESIAN_POINT('',(-95.16219075438,32.587860731565,
    32.96282880245));
#4542 = CARTESIAN_POINT('',(-95.16219075438,32.59971033894,
    32.968831434639));
#4543 = CARTESIAN_POINT('',(-95.16219075438,32.611405589484,
    32.975132468585));
#4544 = CARTESIAN_POINT('',(-95.16219075438,32.622937744103,
    32.981727252356));
#4545 = CARTESIAN_POINT('',(-95.16219075438,32.63429823392,
    32.988610827354));
#4546 = CARTESIAN_POINT('',(-95.16219075438,32.645478660275,
    32.99577792832));
#4547 = CARTESIAN_POINT('',(-95.16219075438,32.673741534854,
    33.014920584988));
#4548 = CARTESIAN_POINT('',(-95.16219075438,32.690547685636,
    33.027304511798));
#4549 = CARTESIAN_POINT('',(-95.16219075438,32.706857152781,
    33.040353062138));
#4550 = CARTESIAN_POINT('',(-95.16219075438,32.722639331647,
    33.054042877162));
#4551 = CARTESIAN_POINT('',(-95.16219075438,32.737865041413,
    33.068349018474));
#4552 = CARTESIAN_POINT('',(-95.16219075438,32.752506504554,
    33.083244995818));
#4553 = CARTESIAN_POINT('',(-95.16219075438,32.766537371613,
    33.098702744791));
#4554 = CARTESIAN_POINT('',(-95.16219075438,32.787636467719,
    33.123888259063));
#4555 = CARTESIAN_POINT('',(-95.16219075438,32.795130032186,
    33.133260001685));
#4556 = CARTESIAN_POINT('',(-95.16219075438,32.802408779677,
    33.142802164989));
#4557 = CARTESIAN_POINT('',(-95.16219075438,32.809468195907,
    33.152508996178));
#4558 = CARTESIAN_POINT('',(-95.16219075438,32.81630395732,
    33.162374607099));
#4559 = CARTESIAN_POINT('',(-95.16219075438,32.822911931081,
    33.17239297425));
#4560 = CARTESIAN_POINT('',(-95.16219075438,32.829288175081,
    33.182557938777));
#4561 = CARTESIAN_POINT('',(-95.16219075438,32.856001036656,
    33.227386764762));
#4562 = CARTESIAN_POINT('',(-95.16219075438,32.873933363997,
    33.263490101681));
#4563 = CARTESIAN_POINT('',(-95.16219075438,32.889079573578,
    33.30093049787));
#4564 = CARTESIAN_POINT('',(-95.16219075438,32.901325860118,
    33.339455691949));
#4565 = CARTESIAN_POINT('',(-95.16219075438,32.910586233689,
    33.378805470294));
#4566 = CARTESIAN_POINT('',(-95.16219075438,32.91680098477,
    33.418712380595));
#4567 = CARTESIAN_POINT('',(-95.16219075438,32.91993834013,
    33.458901569209));
#4568 = CARTESIAN_POINT('',(-95.16219075438,32.920016106353,
    33.510161425103));
#4569 = CARTESIAN_POINT('',(-95.16219075438,32.919799412617,
    33.521233475453));
#4570 = CARTESIAN_POINT('',(-95.16219075438,32.919349219987,
    33.532300132769));
#4571 = CARTESIAN_POINT('',(-95.16219075438,32.918665689373,
    33.543355649474));
#4572 = CARTESIAN_POINT('',(-95.16219075438,32.917749150927,
    33.554394290976));
#4573 = CARTESIAN_POINT('',(-95.16219075438,32.916600104043,
    33.565410335665));
#4574 = CARTESIAN_POINT('',(-95.16219075438,32.915219217359,
    33.576398074917));
#4575 = CARTESIAN_POINT('',(-95.16219075438,32.907114792358,
    33.631472444937));
#4576 = CARTESIAN_POINT('',(-95.16219075438,32.896873086894,
    33.67505088827));
#4577 = CARTESIAN_POINT('',(-95.16219075438,32.88293619113,
    33.71770113357));
#4578 = CARTESIAN_POINT('',(-95.16219075438,32.865406879547,
    33.759058853232));
#4579 = CARTESIAN_POINT('',(-95.16219075438,32.844426381433,
    33.798777424257));
#4580 = CARTESIAN_POINT('',(-95.16219075438,32.820174093953,
    33.836528290625));
#4581 = CARTESIAN_POINT('',(-95.16219075438,32.792867531352,
    33.872001425646));
#4582 = CARTESIAN_POINT('',(-95.16219075438,32.749408279216,
    33.919524345816));
#4583 = CARTESIAN_POINT('',(-95.16219075438,32.735493071639,
    33.93363386701));
#4584 = CARTESIAN_POINT('',(-95.16219075438,32.72104886932,
    33.947214982937));
#4585 = CARTESIAN_POINT('',(-95.16219075438,32.706099165423,
    33.960244617995));
#4586 = CARTESIAN_POINT('',(-95.16219075438,32.690668566015,
    33.972701017537));
#4587 = CARTESIAN_POINT('',(-95.16219075438,32.67478277258,
    33.984563730798));
#4588 = CARTESIAN_POINT('',(-95.16219075438,32.65846859638,
    33.995813631661));
#4589 = CARTESIAN_POINT('',(-95.16219075438,32.605927011588,
    34.029195078129));
#4590 = CARTESIAN_POINT('',(-95.16219075438,32.568254208663,
    34.049064037629));
#4591 = CARTESIAN_POINT('',(-95.16219075438,32.529016633322,
    34.065859232858));
#4592 = CARTESIAN_POINT('',(-95.16219075438,32.488508356823,
    34.079440305902));
#4593 = CARTESIAN_POINT('',(-95.16219075438,32.447033745825,
    34.089701081399));
#4594 = CARTESIAN_POINT('',(-95.16219075438,32.404906558928,
    34.096567527836));
#4595 = CARTESIAN_POINT('',(-95.16219075438,32.362450393739,34.1));
#4596 = CARTESIAN_POINT('',(-95.16219075438,32.32,34.1));
#4597 = ORIENTED_EDGE('',*,*,#4598,.F.);
#4598 = EDGE_CURVE('',#4599,#4494,#4601,.T.);
#4599 = VERTEX_POINT('',#4600);
#4600 = CARTESIAN_POINT('',(-95.26,31.774564394268,33.249999999999));
#4601 = LINE('',#4602,#4603);
#4602 = CARTESIAN_POINT('',(-98.76,31.774564394268,33.25));
#4603 = VECTOR('',#4604,1.);
#4604 = DIRECTION('',(1.,0.,0.));
#4605 = ORIENTED_EDGE('',*,*,#4606,.T.);
#4606 = EDGE_CURVE('',#4599,#4607,#4609,.T.);
#4607 = VERTEX_POINT('',#4608);
#4608 = CARTESIAN_POINT('',(-95.26,32.865435605732,33.249999999999));
#4609 = CIRCLE('',#4610,0.6);
#4610 = AXIS2_PLACEMENT_3D('',#4611,#4612,#4613);
#4611 = CARTESIAN_POINT('',(-95.26,32.32,33.5));
#4612 = DIRECTION('',(1.,0.,0.));
#4613 = DIRECTION('',(-0.,0.,1.));
#4614 = ORIENTED_EDGE('',*,*,#4615,.T.);
#4615 = EDGE_CURVE('',#4607,#4616,#4618,.T.);
#4616 = VERTEX_POINT('',#4617);
#4617 = CARTESIAN_POINT('',(-95.16219075438,32.86543560575,
    33.25000000004));
#4618 = LINE('',#4619,#4620);
#4619 = CARTESIAN_POINT('',(-98.76,32.865435605732,33.25));
#4620 = VECTOR('',#4621,1.);
#4621 = DIRECTION('',(1.,0.,0.));
#4622 = ORIENTED_EDGE('',*,*,#4623,.T.);
#4623 = EDGE_CURVE('',#4616,#4465,#4624,.T.);
#4624 = B_SPLINE_CURVE_WITH_KNOTS('',8,(#4625,#4626,#4627,#4628,#4629,
    #4630,#4631,#4632,#4633,#4634,#4635,#4636,#4637,#4638,#4639,#4640,
    #4641,#4642,#4643,#4644,#4645,#4646,#4647,#4648,#4649,#4650,#4651,
    #4652,#4653,#4654,#4655,#4656,#4657,#4658,#4659,#4660,#4661,#4662,
    #4663,#4664,#4665,#4666,#4667,#4668,#4669,#4670,#4671,#4672,#4673,
    #4674,#4675,#4676,#4677,#4678,#4679,#4680,#4681,#4682,#4683,#4684,
    #4685,#4686,#4687,#4688,#4689,#4690,#4691,#4692,#4693,#4694,#4695,
    #4696,#4697,#4698,#4699,#4700,#4701,#4702,#4703,#4704,#4705,#4706,
    #4707,#4708,#4709,#4710,#4711,#4712,#4713,#4714,#4715,#4716,#4717,
    #4718,#4719,#4720,#4721,#4722,#4723,#4724),.UNSPECIFIED.,.F.,.F.,(9,
    7,7,7,7,7,7,7,7,7,7,7,7,7,9),(0.,8.718112493719E-02,0.119758556647,
    0.217612625854,0.27854607449,0.405787584594,0.490397753281,
    0.523523811588,0.575571168413,0.605503489038,0.705779410677,
    0.733405030722,0.844678441897,0.894089521389,1.),.UNSPECIFIED.);
#4625 = CARTESIAN_POINT('',(-95.16219075438,31.836007788688,
    33.854614635047));
#4626 = CARTESIAN_POINT('',(-95.16219075438,31.815350415545,
    33.82642062747));
#4627 = CARTESIAN_POINT('',(-95.16219075438,31.796568333191,
    33.796848999563));
#4628 = CARTESIAN_POINT('',(-95.16219075438,31.779771433799,
    33.766048635063));
#4629 = CARTESIAN_POINT('',(-95.16219075438,31.765052362114,
    33.734175916244));
#4630 = CARTESIAN_POINT('',(-95.16219075438,31.752488486386,
    33.701393776306));
#4631 = CARTESIAN_POINT('',(-95.16219075438,31.742142532064,
    33.667871313247));
#4632 = CARTESIAN_POINT('',(-95.16219075438,31.734061878276,
    33.633783965242));
#4633 = CARTESIAN_POINT('',(-95.16219075438,31.726114670583,
    33.586433765909));
#4634 = CARTESIAN_POINT('',(-95.16219075438,31.724273254607,
    33.573499482616));
#4635 = CARTESIAN_POINT('',(-95.16219075438,31.722753834028,
    33.560520727833));
#4636 = CARTESIAN_POINT('',(-95.16219075438,31.721557646121,
    33.547506858094));
#4637 = CARTESIAN_POINT('',(-95.16219075438,31.720685600554,
    33.534467256266));
#4638 = CARTESIAN_POINT('',(-95.16219075438,31.720138279393,
    33.521411331542));
#4639 = CARTESIAN_POINT('',(-95.16219075438,31.719915937098,
    33.508348519449));
#4640 = CARTESIAN_POINT('',(-95.16219075438,31.720326574187,
    33.456058749995));
#4641 = CARTESIAN_POINT('',(-95.16219075438,31.723566133964,
    33.416847193634));
#4642 = CARTESIAN_POINT('',(-95.16219075438,31.729736364342,
    33.377916760161));
#4643 = CARTESIAN_POINT('',(-95.16219075438,31.73880686099,
    33.339522948871));
#4644 = CARTESIAN_POINT('',(-95.16219075438,31.750721834152,
    33.301914516643));
#4645 = CARTESIAN_POINT('',(-95.16219075438,31.765401544411,
    33.265333623592));
#4646 = CARTESIAN_POINT('',(-95.16219075438,31.782740970806,
    33.230015218666));
#4647 = CARTESIAN_POINT('',(-95.16219075438,31.814975428324,
    33.175120099152));
#4648 = CARTESIAN_POINT('',(-95.16219075438,31.828325590533,
    33.154629699985));
#4649 = CARTESIAN_POINT('',(-95.16219075438,31.842624663152,
    33.13476832111));
#4650 = CARTESIAN_POINT('',(-95.16219075438,31.857837829945,
    33.115587117169));
#4651 = CARTESIAN_POINT('',(-95.16219075438,31.873927198211,
    33.097134701092));
#4652 = CARTESIAN_POINT('',(-95.16219075438,31.890851870602,
    33.079457190805));
#4653 = CARTESIAN_POINT('',(-95.16219075438,31.908567883768,
    33.062598145581));
#4654 = CARTESIAN_POINT('',(-95.16219075438,31.965576543096,
    33.013187632493));
#4655 = CARTESIAN_POINT('',(-95.16219075438,32.007384025942,
    32.983511627001));
#4656 = CARTESIAN_POINT('',(-95.16219075438,32.052009498376,
    32.957960026669));
#4657 = CARTESIAN_POINT('',(-95.16219075438,32.098973355691,
    32.936835817716));
#4658 = CARTESIAN_POINT('',(-95.16219075438,32.147769115889,
    32.920376691024));
#4659 = CARTESIAN_POINT('',(-95.16219075438,32.197863849546,
    32.908753443142));
#4660 = CARTESIAN_POINT('',(-95.16219075438,32.248699868026,
    32.902071176993));
#4661 = CARTESIAN_POINT('',(-95.16219075438,32.33358988255,
    32.899195459476));
#4662 = CARTESIAN_POINT('',(-95.16219075438,32.367561855763,
    32.900237852332));
#4663 = CARTESIAN_POINT('',(-95.16219075438,32.401437805175,
    32.903475366119));
#4664 = CARTESIAN_POINT('',(-95.16219075438,32.435055010544,
    32.908897568851));
#4665 = CARTESIAN_POINT('',(-95.16219075438,32.468252104453,
    32.916480322585));
#4666 = CARTESIAN_POINT('',(-95.16219075438,32.500869195142,
    32.926185692945));
#4667 = CARTESIAN_POINT('',(-95.16219075438,32.53274832344,
    32.93796082961));
#4668 = CARTESIAN_POINT('',(-95.16219075438,32.575865676674,
    32.957128917289));
#4669 = CARTESIAN_POINT('',(-95.16219075438,32.587860731565,
    32.96282880245));
#4670 = CARTESIAN_POINT('',(-95.16219075438,32.59971033894,
    32.968831434639));
#4671 = CARTESIAN_POINT('',(-95.16219075438,32.611405589484,
    32.975132468585));
#4672 = CARTESIAN_POINT('',(-95.16219075438,32.622937744103,
    32.981727252356));
#4673 = CARTESIAN_POINT('',(-95.16219075438,32.63429823392,
    32.988610827354));
#4674 = CARTESIAN_POINT('',(-95.16219075438,32.645478660275,
    32.99577792832));
#4675 = CARTESIAN_POINT('',(-95.16219075438,32.673741534854,
    33.014920584988));
#4676 = CARTESIAN_POINT('',(-95.16219075438,32.690547685636,
    33.027304511798));
#4677 = CARTESIAN_POINT('',(-95.16219075438,32.706857152781,
    33.040353062138));
#4678 = CARTESIAN_POINT('',(-95.16219075438,32.722639331647,
    33.054042877162));
#4679 = CARTESIAN_POINT('',(-95.16219075438,32.737865041413,
    33.068349018474));
#4680 = CARTESIAN_POINT('',(-95.16219075438,32.752506504554,
    33.083244995818));
#4681 = CARTESIAN_POINT('',(-95.16219075438,32.766537371613,
    33.098702744791));
#4682 = CARTESIAN_POINT('',(-95.16219075438,32.787636467719,
    33.123888259063));
#4683 = CARTESIAN_POINT('',(-95.16219075438,32.795130032186,
    33.133260001685));
#4684 = CARTESIAN_POINT('',(-95.16219075438,32.802408779677,
    33.142802164989));
#4685 = CARTESIAN_POINT('',(-95.16219075438,32.809468195907,
    33.152508996178));
#4686 = CARTESIAN_POINT('',(-95.16219075438,32.81630395732,
    33.162374607099));
#4687 = CARTESIAN_POINT('',(-95.16219075438,32.822911931081,
    33.17239297425));
#4688 = CARTESIAN_POINT('',(-95.16219075438,32.829288175081,
    33.182557938777));
#4689 = CARTESIAN_POINT('',(-95.16219075438,32.856001036656,
    33.227386764762));
#4690 = CARTESIAN_POINT('',(-95.16219075438,32.873933363997,
    33.263490101681));
#4691 = CARTESIAN_POINT('',(-95.16219075438,32.889079573578,
    33.30093049787));
#4692 = CARTESIAN_POINT('',(-95.16219075438,32.901325860118,
    33.339455691949));
#4693 = CARTESIAN_POINT('',(-95.16219075438,32.910586233689,
    33.378805470294));
#4694 = CARTESIAN_POINT('',(-95.16219075438,32.91680098477,
    33.418712380595));
#4695 = CARTESIAN_POINT('',(-95.16219075438,32.91993834013,
    33.458901569209));
#4696 = CARTESIAN_POINT('',(-95.16219075438,32.920016106353,
    33.510161425103));
#4697 = CARTESIAN_POINT('',(-95.16219075438,32.919799412617,
    33.521233475453));
#4698 = CARTESIAN_POINT('',(-95.16219075438,32.919349219987,
    33.532300132769));
#4699 = CARTESIAN_POINT('',(-95.16219075438,32.918665689373,
    33.543355649474));
#4700 = CARTESIAN_POINT('',(-95.16219075438,32.917749150927,
    33.554394290976));
#4701 = CARTESIAN_POINT('',(-95.16219075438,32.916600104043,
    33.565410335665));
#4702 = CARTESIAN_POINT('',(-95.16219075438,32.915219217359,
    33.576398074917));
#4703 = CARTESIAN_POINT('',(-95.16219075438,32.907114792358,
    33.631472444937));
#4704 = CARTESIAN_POINT('',(-95.16219075438,32.896873086894,
    33.67505088827));
#4705 = CARTESIAN_POINT('',(-95.16219075438,32.88293619113,
    33.71770113357));
#4706 = CARTESIAN_POINT('',(-95.16219075438,32.865406879547,
    33.759058853232));
#4707 = CARTESIAN_POINT('',(-95.16219075438,32.844426381433,
    33.798777424257));
#4708 = CARTESIAN_POINT('',(-95.16219075438,32.820174093953,
    33.836528290625));
#4709 = CARTESIAN_POINT('',(-95.16219075438,32.792867531352,
    33.872001425646));
#4710 = CARTESIAN_POINT('',(-95.16219075438,32.749408279216,
    33.919524345816));
#4711 = CARTESIAN_POINT('',(-95.16219075438,32.735493071639,
    33.93363386701));
#4712 = CARTESIAN_POINT('',(-95.16219075438,32.72104886932,
    33.947214982937));
#4713 = CARTESIAN_POINT('',(-95.16219075438,32.706099165423,
    33.960244617995));
#4714 = CARTESIAN_POINT('',(-95.16219075438,32.690668566015,
    33.972701017537));
#4715 = CARTESIAN_POINT('',(-95.16219075438,32.67478277258,
    33.984563730798));
#4716 = CARTESIAN_POINT('',(-95.16219075438,32.65846859638,
    33.995813631661));
#4717 = CARTESIAN_POINT('',(-95.16219075438,32.605927011588,
    34.029195078129));
#4718 = CARTESIAN_POINT('',(-95.16219075438,32.568254208663,
    34.049064037629));
#4719 = CARTESIAN_POINT('',(-95.16219075438,32.529016633322,
    34.065859232858));
#4720 = CARTESIAN_POINT('',(-95.16219075438,32.488508356823,
    34.079440305902));
#4721 = CARTESIAN_POINT('',(-95.16219075438,32.447033745825,
    34.089701081399));
#4722 = CARTESIAN_POINT('',(-95.16219075438,32.404906558928,
    34.096567527836));
#4723 = CARTESIAN_POINT('',(-95.16219075438,32.362450393739,34.1));
#4724 = CARTESIAN_POINT('',(-95.16219075438,32.32,34.1));
#4725 = ORIENTED_EDGE('',*,*,#4464,.T.);
#4726 = ORIENTED_EDGE('',*,*,#3800,.F.);
#4727 = ORIENTED_EDGE('',*,*,#3751,.F.);
#4728 = ORIENTED_EDGE('',*,*,#4729,.T.);
#4729 = EDGE_CURVE('',#3682,#4449,#4730,.T.);
#4730 = LINE('',#4731,#4732);
#4731 = CARTESIAN_POINT('',(-98.76,32.865435605732,33.25));
#4732 = VECTOR('',#4733,1.);
#4733 = DIRECTION('',(1.,0.,0.));
#4734 = CYLINDRICAL_SURFACE('',#4735,0.6);
#4735 = AXIS2_PLACEMENT_3D('',#4736,#4737,#4738);
#4736 = CARTESIAN_POINT('',(-98.76,32.32,33.5));
#4737 = DIRECTION('',(1.,0.,0.));
#4738 = DIRECTION('',(-0.,0.,1.));
#4739 = ADVANCED_FACE('',(#4740),#4753,.T.);
#4740 = FACE_BOUND('',#4741,.T.);
#4741 = EDGE_LOOP('',(#4742,#4743,#4744,#4751,#4752));
#4742 = ORIENTED_EDGE('',*,*,#3681,.T.);
#4743 = ORIENTED_EDGE('',*,*,#4729,.T.);
#4744 = ORIENTED_EDGE('',*,*,#4745,.F.);
#4745 = EDGE_CURVE('',#4447,#4449,#4746,.T.);
#4746 = CIRCLE('',#4747,0.6);
#4747 = AXIS2_PLACEMENT_3D('',#4748,#4749,#4750);
#4748 = CARTESIAN_POINT('',(-90.76,32.32,33.));
#4749 = DIRECTION('',(1.,0.,0.));
#4750 = DIRECTION('',(-0.,0.,1.));
#4751 = ORIENTED_EDGE('',*,*,#4457,.F.);
#4752 = ORIENTED_EDGE('',*,*,#3660,.T.);
#4753 = CYLINDRICAL_SURFACE('',#4754,0.6);
#4754 = AXIS2_PLACEMENT_3D('',#4755,#4756,#4757);
#4755 = CARTESIAN_POINT('',(-98.76,32.32,33.));
#4756 = DIRECTION('',(1.,0.,0.));
#4757 = DIRECTION('',(-0.,0.,1.));
#4758 = ADVANCED_FACE('',(#4759,#4762),#4776,.T.);
#4759 = FACE_BOUND('',#4760,.T.);
#4760 = EDGE_LOOP('',(#4761));
#4761 = ORIENTED_EDGE('',*,*,#3842,.F.);
#4762 = FACE_BOUND('',#4763,.T.);
#4763 = EDGE_LOOP('',(#4764));
#4764 = ORIENTED_EDGE('',*,*,#4765,.T.);
#4765 = EDGE_CURVE('',#4766,#4766,#4768,.T.);
#4766 = VERTEX_POINT('',#4767);
#4767 = CARTESIAN_POINT('',(-36.06937007874,78.867157734315,
    47.700093980188));
#4768 = ( BOUNDED_CURVE() B_SPLINE_CURVE(2,(#4769,#4770,#4771,#4772,
#4773,#4774,#4775),.UNSPECIFIED.,.T.,.F.) B_SPLINE_CURVE_WITH_KNOTS((1,2
    ,2,2,2,1),(-2.094395102394,0.,2.094395102393,4.188790204786,
6.28318530718,8.377580409573),.UNSPECIFIED.) CURVE() 
GEOMETRIC_REPRESENTATION_ITEM() RATIONAL_B_SPLINE_CURVE((1.,0.5,1.,0.5,
1.,0.5,1.)) REPRESENTATION_ITEM('') );
#4769 = CARTESIAN_POINT('',(-36.06937007874,78.867157734315,
    47.700093980188));
#4770 = CARTESIAN_POINT('',(-36.06937007874,79.967012196831,
    47.700093980188));
#4771 = CARTESIAN_POINT('',(-37.02187198374,79.417084965573,
    47.700093980188));
#4772 = CARTESIAN_POINT('',(-37.97437388874,78.867157734315,
    47.700093980188));
#4773 = CARTESIAN_POINT('',(-37.02187198374,78.317230503058,
    47.700093980188));
#4774 = CARTESIAN_POINT('',(-36.06937007874,77.7673032718,
    47.700093980188));
#4775 = CARTESIAN_POINT('',(-36.06937007874,78.867157734315,
    47.700093980188));
#4776 = B_SPLINE_SURFACE_WITH_KNOTS('',1,1,(
    (#4777,#4778)
    ,(#4779,#4780
    )),.UNSPECIFIED.,.F.,.F.,.F.,(2,2),(2,2),(420.47245,479.52755),(
    465.47245,524.52755),.PIECEWISE_BEZIER_KNOTS.);
#4777 = CARTESIAN_POINT('',(-35.95307213614,78.117156464313,
    47.700093980188));
#4778 = CARTESIAN_POINT('',(-35.95307213614,79.617159004318,
    47.700093980188));
#4779 = CARTESIAN_POINT('',(-37.45307467614,78.117156464313,
    47.700093980188));
#4780 = CARTESIAN_POINT('',(-37.45307467614,79.617159004318,
    47.700093980188));
#4781 = ADVANCED_FACE('',(#4782,#4804),#4898,.T.);
#4782 = FACE_BOUND('',#4783,.T.);
#4783 = EDGE_LOOP('',(#4784,#4785,#4792,#4799));
#4784 = ORIENTED_EDGE('',*,*,#3871,.F.);
#4785 = ORIENTED_EDGE('',*,*,#4786,.T.);
#4786 = EDGE_CURVE('',#3872,#4787,#4789,.T.);
#4787 = VERTEX_POINT('',#4788);
#4788 = CARTESIAN_POINT('',(-95.16219075438,-29.37605918211,
    35.000071120142));
#4789 = B_SPLINE_CURVE_WITH_KNOTS('',1,(#4790,#4791),.UNSPECIFIED.,.F.,
  .F.,(2,2),(0.,118.1102),.PIECEWISE_BEZIER_KNOTS.);
#4790 = CARTESIAN_POINT('',(-95.16219075438,-29.37605918211,
    32.000066040132));
#4791 = CARTESIAN_POINT('',(-95.16219075438,-29.37605918211,
    35.000071120142));
#4792 = ORIENTED_EDGE('',*,*,#4793,.T.);
#4793 = EDGE_CURVE('',#4787,#4794,#4796,.T.);
#4794 = VERTEX_POINT('',#4795);
#4795 = CARTESIAN_POINT('',(-95.16219075438,94.019188468377,
    35.000071120142));
#4796 = B_SPLINE_CURVE_WITH_KNOTS('',1,(#4797,#4798),.UNSPECIFIED.,.F.,
  .F.,(2,2),(0.,1.),.PIECEWISE_BEZIER_KNOTS.);
#4797 = CARTESIAN_POINT('',(-95.16219075438,-29.37605918211,
    35.000071120142));
#4798 = CARTESIAN_POINT('',(-95.16219075438,94.019188468377,
    35.000071120142));
#4799 = ORIENTED_EDGE('',*,*,#4800,.F.);
#4800 = EDGE_CURVE('',#3874,#4794,#4801,.T.);
#4801 = B_SPLINE_CURVE_WITH_KNOTS('',1,(#4802,#4803),.UNSPECIFIED.,.F.,
  .F.,(2,2),(0.,118.1102),.PIECEWISE_BEZIER_KNOTS.);
#4802 = CARTESIAN_POINT('',(-95.16219075438,94.019188468377,
    32.000066040132));
#4803 = CARTESIAN_POINT('',(-95.16219075438,94.019188468377,
    35.000071120142));
#4804 = FACE_BOUND('',#4805,.T.);
#4805 = EDGE_LOOP('',(#4806,#4807,#4896,#4897));
#4806 = ORIENTED_EDGE('',*,*,#4493,.T.);
#4807 = ORIENTED_EDGE('',*,*,#4808,.T.);
#4808 = EDGE_CURVE('',#4494,#4616,#4809,.T.);
#4809 = B_SPLINE_CURVE_WITH_KNOTS('',8,(#4810,#4811,#4812,#4813,#4814,
    #4815,#4816,#4817,#4818,#4819,#4820,#4821,#4822,#4823,#4824,#4825,
    #4826,#4827,#4828,#4829,#4830,#4831,#4832,#4833,#4834,#4835,#4836,
    #4837,#4838,#4839,#4840,#4841,#4842,#4843,#4844,#4845,#4846,#4847,
    #4848,#4849,#4850,#4851,#4852,#4853,#4854,#4855,#4856,#4857,#4858,
    #4859,#4860,#4861,#4862,#4863,#4864,#4865,#4866,#4867,#4868,#4869,
    #4870,#4871,#4872,#4873,#4874,#4875,#4876,#4877,#4878,#4879,#4880,
    #4881,#4882,#4883,#4884,#4885,#4886,#4887,#4888,#4889,#4890,#4891,
    #4892,#4893,#4894,#4895),.UNSPECIFIED.,.F.,.F.,(9,7,7,7,7,7,7,7,7,7,
    7,7,9),(0.,7.003292763728E-02,0.126893957254,0.165670238179,
    0.261711971113,0.348546048049,0.402632506651,0.520063237629,
    0.64005072975,0.726752800888,0.835439189292,0.897720026457,1.),
  .UNSPECIFIED.);
#4810 = CARTESIAN_POINT('',(-95.16219075438,32.32,33.6));
#4811 = CARTESIAN_POINT('',(-95.16219075438,32.288277322969,33.6));
#4812 = CARTESIAN_POINT('',(-95.16219075438,32.256559943985,
    33.59808318305));
#4813 = CARTESIAN_POINT('',(-95.16219075438,32.224982555903,
    33.594250678683));
#4814 = CARTESIAN_POINT('',(-95.16219075438,32.193678083566,
    33.588514863214));
#4815 = CARTESIAN_POINT('',(-95.16219075438,32.162777882345,
    33.5808986071));
#4816 = CARTESIAN_POINT('',(-95.16219075438,32.132411703742,
    33.571435222781));
#4817 = CARTESIAN_POINT('',(-95.16219075438,32.102707428026,
    33.560169113006));
#4818 = CARTESIAN_POINT('',(-95.16219075438,32.050312426963,
    33.536592441513));
#4819 = CARTESIAN_POINT('',(-95.16219075438,32.027351804108,
    33.524876157189));
#4820 = CARTESIAN_POINT('',(-95.16219075438,32.004975464492,
    33.512038196872));
#4821 = CARTESIAN_POINT('',(-95.16219075438,31.983247235892,
    33.498112876559));
#4822 = CARTESIAN_POINT('',(-95.16219075438,31.962228194423,
    33.4831385948));
#4823 = CARTESIAN_POINT('',(-95.16219075438,31.94197672114,
    33.467157724628));
#4824 = CARTESIAN_POINT('',(-95.16219075438,31.922548425546,
    33.450216700691));
#4825 = CARTESIAN_POINT('',(-95.16219075438,31.891344097807,
    33.420193252734));
#4826 = CARTESIAN_POINT('',(-95.16219075438,31.879099288987,
    33.407597030997));
#4827 = CARTESIAN_POINT('',(-95.16219075438,31.867278110978,
    33.394593619532));
#4828 = CARTESIAN_POINT('',(-95.16219075438,31.855896335223,
    33.381199682623));
#4829 = CARTESIAN_POINT('',(-95.16219075438,31.844968903169,
    33.367432565675));
#4830 = CARTESIAN_POINT('',(-95.16219075438,31.834509926272,
    33.353310295213));
#4831 = CARTESIAN_POINT('',(-95.16219075438,31.824532685992,
    33.33885157888));
#4832 = CARTESIAN_POINT('',(-95.16219075438,31.791561853518,
    33.287478925777));
#4833 = CARTESIAN_POINT('',(-95.16219075438,31.771100768741,
    33.24892931281));
#4834 = CARTESIAN_POINT('',(-95.16219075438,31.753863292299,
    33.208729422081));
#4835 = CARTESIAN_POINT('',(-95.16219075438,31.740001048982,
    33.167195948861));
#4836 = CARTESIAN_POINT('',(-95.16219075438,31.729627737086,
    33.124656776391));
#4837 = CARTESIAN_POINT('',(-95.16219075438,31.722821593815,
    33.081449979412));
#4838 = CARTESIAN_POINT('',(-95.16219075438,31.719622812433,
    33.03792427406));
#4839 = CARTESIAN_POINT('',(-95.16219075438,31.720390074623,
    32.955125205594));
#4840 = CARTESIAN_POINT('',(-95.16219075438,31.723698721829,
    32.91583229016));
#4841 = CARTESIAN_POINT('',(-95.16219075438,31.729950512667,
    32.876826473181));
#4842 = CARTESIAN_POINT('',(-95.16219075438,31.739114409363,
    32.838364893151));
#4843 = CARTESIAN_POINT('',(-95.16219075438,31.751133780518,
    32.80069783826));
#4844 = CARTESIAN_POINT('',(-95.16219075438,31.765927855148,
    32.76406889636));
#4845 = CARTESIAN_POINT('',(-95.16219075438,31.783390374611,
    32.728714329427));
#4846 = CARTESIAN_POINT('',(-95.16219075438,31.815839797291,
    32.673775822428));
#4847 = CARTESIAN_POINT('',(-95.16219075438,31.829277972209,
    32.653270506689));
#4848 = CARTESIAN_POINT('',(-95.16219075438,31.843668057699,
    32.633399901009));
#4849 = CARTESIAN_POINT('',(-95.16219075438,31.858974837371,
    32.614215445174));
#4850 = CARTESIAN_POINT('',(-95.16219075438,31.875159995489,
    32.595766002998));
#4851 = CARTESIAN_POINT('',(-95.16219075438,31.89218218972,
    32.578097909914));
#4852 = CARTESIAN_POINT('',(-95.16219075438,31.909996989063,
    32.561254908173));
#4853 = CARTESIAN_POINT('',(-95.16219075438,31.968852857854,
    32.51058936896));
#4854 = CARTESIAN_POINT('',(-95.16219075438,32.012677472575,
    32.47996867886));
#4855 = CARTESIAN_POINT('',(-95.16219075438,32.059528343192,
    32.453857611672));
#4856 = CARTESIAN_POINT('',(-95.16219075438,32.108858222908,
    32.432593449322));
#4857 = CARTESIAN_POINT('',(-95.16219075438,32.160089843392,
    32.416436580666));
#4858 = CARTESIAN_POINT('',(-95.16219075438,32.212616220652,
    32.405567917555));
#4859 = CARTESIAN_POINT('',(-95.16219075438,32.265803223096,
    32.400091361108));
#4860 = CARTESIAN_POINT('',(-95.16219075438,32.373312436599,
    32.399908406236));
#4861 = CARTESIAN_POINT('',(-95.16219075438,32.427668000535,
    32.405439043917));
#4862 = CARTESIAN_POINT('',(-95.16219075438,32.481333243658,
    32.416598428093));
#4863 = CARTESIAN_POINT('',(-95.16219075438,32.533635773272,
    32.433274867421));
#4864 = CARTESIAN_POINT('',(-95.16219075438,32.58393079289,
    32.455274384321));
#4865 = CARTESIAN_POINT('',(-95.16219075438,32.63160490117,
    32.482316803239));
#4866 = CARTESIAN_POINT('',(-95.16219075438,32.676076705494,
    32.514037741618));
#4867 = CARTESIAN_POINT('',(-95.16219075438,32.746252991821,
    32.57591431639));
#4868 = CARTESIAN_POINT('',(-95.16219075438,32.773754110058,
    32.604074369301));
#4869 = CARTESIAN_POINT('',(-95.16219075438,32.799120201081,
    32.6342651123));
#4870 = CARTESIAN_POINT('',(-95.16219075438,32.822177975732,
    32.666295807896));
#4871 = CARTESIAN_POINT('',(-95.16219075438,32.842775981286,
    32.699960971487));
#4872 = CARTESIAN_POINT('',(-95.16219075438,32.86078350859,
    32.735041380678));
#4873 = CARTESIAN_POINT('',(-95.16219075438,32.876091900327,
    32.771303500777));
#4874 = CARTESIAN_POINT('',(-95.16219075438,32.904320824522,
    32.855122078724));
#4875 = CARTESIAN_POINT('',(-95.16219075438,32.915659169215,
    32.903233185936));
#4876 = CARTESIAN_POINT('',(-95.16219075438,32.92245992602,
    32.952331941936));
#4877 = CARTESIAN_POINT('',(-95.16219075438,32.924631901433,
    33.001917439467));
#4878 = CARTESIAN_POINT('',(-95.16219075438,32.922145476794,
    33.051488164108));
#4879 = CARTESIAN_POINT('',(-95.16219075438,32.915033450863,
    33.100542799289));
#4880 = CARTESIAN_POINT('',(-95.16219075438,32.90339019257,
    33.148581025855));
#4881 = CARTESIAN_POINT('',(-95.16219075438,32.878224876417,
    33.221765140654));
#4882 = CARTESIAN_POINT('',(-95.16219075438,32.867625594218,
    33.247933673919));
#4883 = CARTESIAN_POINT('',(-95.16219075438,32.855625523378,
    33.273519740762));
#4884 = CARTESIAN_POINT('',(-95.16219075438,32.842262490922,
    33.298435988196));
#4885 = CARTESIAN_POINT('',(-95.16219075438,32.827580471423,
    33.322598539903));
#4886 = CARTESIAN_POINT('',(-95.16219075438,32.811629400206,
    33.345926919803));
#4887 = CARTESIAN_POINT('',(-95.16219075438,32.794465338955,
    33.368344176238));
#4888 = CARTESIAN_POINT('',(-95.16219075438,32.746074475336,
    33.424975349493));
#4889 = CARTESIAN_POINT('',(-95.16219075438,32.712887012503,
    33.45752926025));
#4890 = CARTESIAN_POINT('',(-95.16219075438,32.676869805986,
    33.487104790626));
#4891 = CARTESIAN_POINT('',(-95.16219075438,32.638338655026,
    33.513419724399));
#4892 = CARTESIAN_POINT('',(-95.16219075438,32.597635768347,
    33.536232881833));
#4893 = CARTESIAN_POINT('',(-95.16219075438,32.555129364548,
    33.555344603233));
#4894 = CARTESIAN_POINT('',(-95.16219075438,32.511213206351,
    33.570597017533));
#4895 = CARTESIAN_POINT('',(-95.16219075438,32.466313482036,
    33.581886900501));
#4896 = ORIENTED_EDGE('',*,*,#4623,.T.);
#4897 = ORIENTED_EDGE('',*,*,#4472,.T.);
#4898 = B_SPLINE_SURFACE_WITH_KNOTS('',1,1,(
    (#4899,#4900)
    ,(#4901,#4902
    )),.UNSPECIFIED.,.F.,.F.,.F.,(2,2),(2,2),(0.,4.8580709E+03),(
    -118.1102,0.),.PIECEWISE_BEZIER_KNOTS.);
#4899 = CARTESIAN_POINT('',(-95.16219075438,-29.37605918211,
    35.000071120142));
#4900 = CARTESIAN_POINT('',(-95.16219075438,-29.37605918211,
    32.000066040132));
#4901 = CARTESIAN_POINT('',(-95.16219075438,94.019188468377,
    35.000071120142));
#4902 = CARTESIAN_POINT('',(-95.16219075438,94.019188468377,
    32.000066040132));
#4903 = ADVANCED_FACE('',(#4904),#4920,.T.);
#4904 = FACE_BOUND('',#4905,.T.);
#4905 = EDGE_LOOP('',(#4906,#4907,#4908,#4915));
#4906 = ORIENTED_EDGE('',*,*,#3880,.F.);
#4907 = ORIENTED_EDGE('',*,*,#4800,.T.);
#4908 = ORIENTED_EDGE('',*,*,#4909,.T.);
#4909 = EDGE_CURVE('',#4794,#4910,#4912,.T.);
#4910 = VERTEX_POINT('',#4911);
#4911 = CARTESIAN_POINT('',(1.817004064008,94.019188468377,
    35.000071120142));
#4912 = B_SPLINE_CURVE_WITH_KNOTS('',1,(#4913,#4914),.UNSPECIFIED.,.F.,
  .F.,(2,2),(0.,1.),.PIECEWISE_BEZIER_KNOTS.);
#4913 = CARTESIAN_POINT('',(-95.16219075438,94.019188468377,
    35.000071120142));
#4914 = CARTESIAN_POINT('',(1.817004064008,94.019188468377,
    35.000071120142));
#4915 = ORIENTED_EDGE('',*,*,#4916,.F.);
#4916 = EDGE_CURVE('',#3881,#4910,#4917,.T.);
#4917 = B_SPLINE_CURVE_WITH_KNOTS('',1,(#4918,#4919),.UNSPECIFIED.,.F.,
  .F.,(2,2),(0.,118.1102),.PIECEWISE_BEZIER_KNOTS.);
#4918 = CARTESIAN_POINT('',(1.817004064008,94.019188468377,
    32.000066040132));
#4919 = CARTESIAN_POINT('',(1.817004064008,94.019188468377,
    35.000071120142));
#4920 = B_SPLINE_SURFACE_WITH_KNOTS('',1,1,(
    (#4921,#4922)
    ,(#4923,#4924
    )),.UNSPECIFIED.,.F.,.F.,.F.,(2,2),(2,2),(0.,3.8180709E+03),(
    -118.1102,0.),.PIECEWISE_BEZIER_KNOTS.);
#4921 = CARTESIAN_POINT('',(-95.16219075438,94.019188468377,
    35.000071120142));
#4922 = CARTESIAN_POINT('',(-95.16219075438,94.019188468377,
    32.000066040132));
#4923 = CARTESIAN_POINT('',(1.817004064008,94.019188468377,
    35.000071120142));
#4924 = CARTESIAN_POINT('',(1.817004064008,94.019188468377,
    32.000066040132));
#4925 = ADVANCED_FACE('',(#4926,#4942),#5036,.T.);
#4926 = FACE_BOUND('',#4927,.T.);
#4927 = EDGE_LOOP('',(#4928,#4929,#4930,#4937));
#4928 = ORIENTED_EDGE('',*,*,#3887,.F.);
#4929 = ORIENTED_EDGE('',*,*,#4916,.T.);
#4930 = ORIENTED_EDGE('',*,*,#4931,.F.);
#4931 = EDGE_CURVE('',#4932,#4910,#4934,.T.);
#4932 = VERTEX_POINT('',#4933);
#4933 = CARTESIAN_POINT('',(1.817004064008,-29.37605918211,
    35.000071120142));
#4934 = B_SPLINE_CURVE_WITH_KNOTS('',1,(#4935,#4936),.UNSPECIFIED.,.F.,
  .F.,(2,2),(0.,1.),.PIECEWISE_BEZIER_KNOTS.);
#4935 = CARTESIAN_POINT('',(1.817004064008,-29.37605918211,
    35.000071120142));
#4936 = CARTESIAN_POINT('',(1.817004064008,94.019188468377,
    35.000071120142));
#4937 = ORIENTED_EDGE('',*,*,#4938,.F.);
#4938 = EDGE_CURVE('',#3888,#4932,#4939,.T.);
#4939 = B_SPLINE_CURVE_WITH_KNOTS('',1,(#4940,#4941),.UNSPECIFIED.,.F.,
  .F.,(2,2),(0.,118.1102),.PIECEWISE_BEZIER_KNOTS.);
#4940 = CARTESIAN_POINT('',(1.817004064008,-29.37605918211,
    32.000066040132));
#4941 = CARTESIAN_POINT('',(1.817004064008,-29.37605918211,
    35.000071120142));
#4942 = FACE_BOUND('',#4943,.T.);
#4943 = EDGE_LOOP('',(#4944,#4945,#5034,#5035));
#4944 = ORIENTED_EDGE('',*,*,#4307,.T.);
#4945 = ORIENTED_EDGE('',*,*,#4946,.T.);
#4946 = EDGE_CURVE('',#4308,#4141,#4947,.T.);
#4947 = B_SPLINE_CURVE_WITH_KNOTS('',8,(#4948,#4949,#4950,#4951,#4952,
    #4953,#4954,#4955,#4956,#4957,#4958,#4959,#4960,#4961,#4962,#4963,
    #4964,#4965,#4966,#4967,#4968,#4969,#4970,#4971,#4972,#4973,#4974,
    #4975,#4976,#4977,#4978,#4979,#4980,#4981,#4982,#4983,#4984,#4985,
    #4986,#4987,#4988,#4989,#4990,#4991,#4992,#4993,#4994,#4995,#4996,
    #4997,#4998,#4999,#5000,#5001,#5002,#5003,#5004,#5005,#5006,#5007,
    #5008,#5009,#5010,#5011,#5012,#5013,#5014,#5015,#5016,#5017,#5018,
    #5019,#5020,#5021,#5022,#5023,#5024,#5025,#5026,#5027,#5028,#5029,
    #5030,#5031,#5032,#5033),.UNSPECIFIED.,.F.,.F.,(9,7,7,7,7,7,7,7,7,7,
    7,7,9),(0.,7.003292763888E-02,0.126893957257,0.165670238183,
    0.261711971119,0.348546048057,0.402632506661,0.520063237641,
    0.64005072976,0.726752800896,0.835439189297,0.89772002646,1.),
  .UNSPECIFIED.);
#4948 = CARTESIAN_POINT('',(1.817004064008,32.32,33.6));
#4949 = CARTESIAN_POINT('',(1.817004064008,32.351722677031,33.6));
#4950 = CARTESIAN_POINT('',(1.817004064008,32.383440056015,
    33.59808318305));
#4951 = CARTESIAN_POINT('',(1.817004064008,32.415017444097,
    33.594250678683));
#4952 = CARTESIAN_POINT('',(1.817004064008,32.446321916434,
    33.588514863214));
#4953 = CARTESIAN_POINT('',(1.817004064008,32.477222117655,33.5808986071
    ));
#4954 = CARTESIAN_POINT('',(1.817004064008,32.507588296258,
    33.571435222781));
#4955 = CARTESIAN_POINT('',(1.817004064008,32.537292571974,
    33.560169113006));
#4956 = CARTESIAN_POINT('',(1.817004064008,32.589687573037,
    33.536592441513));
#4957 = CARTESIAN_POINT('',(1.817004064008,32.612648195892,
    33.524876157189));
#4958 = CARTESIAN_POINT('',(1.817004064008,32.635024535508,
    33.512038196872));
#4959 = CARTESIAN_POINT('',(1.817004064008,32.656752764108,
    33.498112876559));
#4960 = CARTESIAN_POINT('',(1.817004064008,32.677771805577,33.4831385948
    ));
#4961 = CARTESIAN_POINT('',(1.817004064008,32.69802327886,
    33.467157724628));
#4962 = CARTESIAN_POINT('',(1.817004064008,32.717451574454,
    33.450216700691));
#4963 = CARTESIAN_POINT('',(1.817004064008,32.748655902193,
    33.420193252734));
#4964 = CARTESIAN_POINT('',(1.817004064008,32.760900711013,
    33.407597030997));
#4965 = CARTESIAN_POINT('',(1.817004064008,32.772721889022,
    33.394593619532));
#4966 = CARTESIAN_POINT('',(1.817004064008,32.784103664777,
    33.381199682623));
#4967 = CARTESIAN_POINT('',(1.817004064008,32.795031096831,
    33.367432565675));
#4968 = CARTESIAN_POINT('',(1.817004064008,32.805490073728,
    33.353310295213));
#4969 = CARTESIAN_POINT('',(1.817004064008,32.815467314008,
    33.33885157888));
#4970 = CARTESIAN_POINT('',(1.817004064008,32.848438146482,
    33.287478925777));
#4971 = CARTESIAN_POINT('',(1.817004064008,32.868899231259,
    33.24892931281));
#4972 = CARTESIAN_POINT('',(1.817004064008,32.886136707701,
    33.208729422081));
#4973 = CARTESIAN_POINT('',(1.817004064008,32.899998951018,
    33.167195948861));
#4974 = CARTESIAN_POINT('',(1.817004064008,32.910372262914,
    33.124656776391));
#4975 = CARTESIAN_POINT('',(1.817004064008,32.917178406185,
    33.081449979412));
#4976 = CARTESIAN_POINT('',(1.817004064008,32.920377187567,
    33.03792427406));
#4977 = CARTESIAN_POINT('',(1.817004064008,32.919609925377,
    32.955125205594));
#4978 = CARTESIAN_POINT('',(1.817004064008,32.916301278171,
    32.91583229016));
#4979 = CARTESIAN_POINT('',(1.817004064008,32.910049487333,
    32.876826473181));
#4980 = CARTESIAN_POINT('',(1.817004064008,32.900885590637,
    32.838364893151));
#4981 = CARTESIAN_POINT('',(1.817004064008,32.888866219482,
    32.80069783826));
#4982 = CARTESIAN_POINT('',(1.817004064008,32.874072144852,
    32.76406889636));
#4983 = CARTESIAN_POINT('',(1.817004064008,32.856609625389,
    32.728714329427));
#4984 = CARTESIAN_POINT('',(1.817004064008,32.824160202709,
    32.673775822428));
#4985 = CARTESIAN_POINT('',(1.817004064008,32.810722027791,
    32.653270506689));
#4986 = CARTESIAN_POINT('',(1.817004064008,32.796331942301,
    32.633399901009));
#4987 = CARTESIAN_POINT('',(1.817004064008,32.781025162629,
    32.614215445174));
#4988 = CARTESIAN_POINT('',(1.817004064008,32.764840004511,
    32.595766002998));
#4989 = CARTESIAN_POINT('',(1.817004064008,32.74781781028,
    32.578097909914));
#4990 = CARTESIAN_POINT('',(1.817004064008,32.730003010937,
    32.561254908173));
#4991 = CARTESIAN_POINT('',(1.817004064008,32.671147142146,
    32.51058936896));
#4992 = CARTESIAN_POINT('',(1.817004064008,32.627322527425,
    32.47996867886));
#4993 = CARTESIAN_POINT('',(1.817004064008,32.580471656807,
    32.453857611672));
#4994 = CARTESIAN_POINT('',(1.817004064008,32.531141777093,
    32.432593449322));
#4995 = CARTESIAN_POINT('',(1.817004064008,32.479910156606,
    32.416436580666));
#4996 = CARTESIAN_POINT('',(1.817004064008,32.427383779349,
    32.405567917555));
#4997 = CARTESIAN_POINT('',(1.817004064008,32.374196776903,
    32.400091361108));
#4998 = CARTESIAN_POINT('',(1.817004064008,32.266687563404,
    32.399908406236));
#4999 = CARTESIAN_POINT('',(1.817004064008,32.212331999458,
    32.405439043918));
#5000 = CARTESIAN_POINT('',(1.817004064008,32.158666756351,
    32.416598428092));
#5001 = CARTESIAN_POINT('',(1.817004064008,32.10636422672,
    32.433274867423));
#5002 = CARTESIAN_POINT('',(1.817004064008,32.056069207115,
    32.45527438432));
#5003 = CARTESIAN_POINT('',(1.817004064008,32.008395098829,
    32.48231680324));
#5004 = CARTESIAN_POINT('',(1.817004064008,31.963923294506,
    32.514037741618));
#5005 = CARTESIAN_POINT('',(1.817004064008,31.893747008179,
    32.57591431639));
#5006 = CARTESIAN_POINT('',(1.817004064008,31.866245889942,
    32.604074369301));
#5007 = CARTESIAN_POINT('',(1.817004064008,31.840879798919,32.6342651123
    ));
#5008 = CARTESIAN_POINT('',(1.817004064008,31.817822024268,
    32.666295807896));
#5009 = CARTESIAN_POINT('',(1.817004064008,31.797224018714,
    32.699960971487));
#5010 = CARTESIAN_POINT('',(1.817004064008,31.77921649141,
    32.735041380678));
#5011 = CARTESIAN_POINT('',(1.817004064008,31.763908099673,
    32.771303500777));
#5012 = CARTESIAN_POINT('',(1.817004064008,31.735679175478,
    32.855122078724));
#5013 = CARTESIAN_POINT('',(1.817004064008,31.724340830785,
    32.903233185937));
#5014 = CARTESIAN_POINT('',(1.817004064008,31.71754007398,
    32.952331941935));
#5015 = CARTESIAN_POINT('',(1.817004064008,31.715368098567,
    33.001917439468));
#5016 = CARTESIAN_POINT('',(1.817004064008,31.717854523206,
    33.051488164106));
#5017 = CARTESIAN_POINT('',(1.817004064008,31.724966549137,
    33.100542799289));
#5018 = CARTESIAN_POINT('',(1.817004064008,31.73660980743,
    33.148581025856));
#5019 = CARTESIAN_POINT('',(1.817004064008,31.761775123583,
    33.221765140654));
#5020 = CARTESIAN_POINT('',(1.817004064008,31.772374405782,
    33.247933673919));
#5021 = CARTESIAN_POINT('',(1.817004064008,31.784374476622,
    33.273519740762));
#5022 = CARTESIAN_POINT('',(1.817004064008,31.797737509078,
    33.298435988196));
#5023 = CARTESIAN_POINT('',(1.817004064008,31.812419528577,
    33.322598539903));
#5024 = CARTESIAN_POINT('',(1.817004064008,31.828370599794,
    33.345926919803));
#5025 = CARTESIAN_POINT('',(1.817004064008,31.845534661045,
    33.368344176238));
#5026 = CARTESIAN_POINT('',(1.817004064008,31.893925524664,
    33.424975349493));
#5027 = CARTESIAN_POINT('',(1.817004064008,31.927112987497,
    33.457529260249));
#5028 = CARTESIAN_POINT('',(1.817004064008,31.963130194014,
    33.487104790627));
#5029 = CARTESIAN_POINT('',(1.817004064008,32.001661344973,
    33.513419724398));
#5030 = CARTESIAN_POINT('',(1.817004064008,32.042364231654,
    33.536232881834));
#5031 = CARTESIAN_POINT('',(1.817004064008,32.084870635451,
    33.555344603233));
#5032 = CARTESIAN_POINT('',(1.817004064008,32.12878679365,
    33.570597017534));
#5033 = CARTESIAN_POINT('',(1.817004064008,32.173686517964,
    33.581886900501));
#5034 = ORIENTED_EDGE('',*,*,#4148,.T.);
#5035 = ORIENTED_EDGE('',*,*,#4286,.T.);
#5036 = B_SPLINE_SURFACE_WITH_KNOTS('',1,1,(
    (#5037,#5038)
    ,(#5039,#5040
    )),.UNSPECIFIED.,.F.,.F.,.F.,(2,2),(2,2),(0.,4.8580709E+03),(
    -118.1102,0.),.PIECEWISE_BEZIER_KNOTS.);
#5037 = CARTESIAN_POINT('',(1.817004064008,94.019188468377,
    35.000071120142));
#5038 = CARTESIAN_POINT('',(1.817004064008,94.019188468377,
    32.000066040132));
#5039 = CARTESIAN_POINT('',(1.817004064008,-29.37605918211,
    35.000071120142));
#5040 = CARTESIAN_POINT('',(1.817004064008,-29.37605918211,
    32.000066040132));
#5041 = ADVANCED_FACE('',(#5042),#5052,.T.);
#5042 = FACE_BOUND('',#5043,.T.);
#5043 = EDGE_LOOP('',(#5044,#5045,#5046,#5051));
#5044 = ORIENTED_EDGE('',*,*,#3894,.F.);
#5045 = ORIENTED_EDGE('',*,*,#4938,.T.);
#5046 = ORIENTED_EDGE('',*,*,#5047,.F.);
#5047 = EDGE_CURVE('',#4787,#4932,#5048,.T.);
#5048 = B_SPLINE_CURVE_WITH_KNOTS('',1,(#5049,#5050),.UNSPECIFIED.,.F.,
  .F.,(2,2),(0.,1.),.PIECEWISE_BEZIER_KNOTS.);
#5049 = CARTESIAN_POINT('',(-95.16219075438,-29.37605918211,
    35.000071120142));
#5050 = CARTESIAN_POINT('',(1.817004064008,-29.37605918211,
    35.000071120142));
#5051 = ORIENTED_EDGE('',*,*,#4786,.F.);
#5052 = B_SPLINE_SURFACE_WITH_KNOTS('',1,1,(
    (#5053,#5054)
    ,(#5055,#5056
    )),.UNSPECIFIED.,.F.,.F.,.F.,(2,2),(2,2),(0.,3.8180709E+03),(
    -118.1102,0.),.PIECEWISE_BEZIER_KNOTS.);
#5053 = CARTESIAN_POINT('',(1.817004064008,-29.37605918211,
    35.000071120142));
#5054 = CARTESIAN_POINT('',(1.817004064008,-29.37605918211,
    32.000066040132));
#5055 = CARTESIAN_POINT('',(-95.16219075438,-29.37605918211,
    35.000071120142));
#5056 = CARTESIAN_POINT('',(-95.16219075438,-29.37605918211,
    32.000066040132));
#5057 = ADVANCED_FACE('',(#5058),#5061,.T.);
#5058 = FACE_BOUND('',#5059,.T.);
#5059 = EDGE_LOOP('',(#5060));
#5060 = ORIENTED_EDGE('',*,*,#3921,.F.);
#5061 = B_SPLINE_SURFACE_WITH_KNOTS('',1,1,(
    (#5062,#5063)
    ,(#5064,#5065
    )),.UNSPECIFIED.,.F.,.F.,.F.,(2,2),(2,2),(-489.52755,-430.47245),(
    465.47245,524.52755),.PIECEWISE_BEZIER_KNOTS.);
#5062 = CARTESIAN_POINT('',(-12.83902590805,78.117156464313,
    47.700093980188));
#5063 = CARTESIAN_POINT('',(-12.83902590805,79.617159004318,
    47.700093980188));
#5064 = CARTESIAN_POINT('',(-14.33902844805,78.117156464313,
    47.700093980188));
#5065 = CARTESIAN_POINT('',(-14.33902844805,79.617159004318,
    47.700093980188));
#5066 = ADVANCED_FACE('',(#5067),#5070,.T.);
#5067 = FACE_BOUND('',#5068,.T.);
#5068 = EDGE_LOOP('',(#5069));
#5069 = ORIENTED_EDGE('',*,*,#3958,.F.);
#5070 = B_SPLINE_SURFACE_WITH_KNOTS('',1,1,(
    (#5071,#5072)
    ,(#5073,#5074
    )),.UNSPECIFIED.,.F.,.F.,.F.,(2,2),(2,2),(-489.52755,-430.47245),(
    -484.52755,-425.47245),.PIECEWISE_BEZIER_KNOTS.);
#5071 = CARTESIAN_POINT('',(-12.83902590805,53.987108204216,
    47.700093980188));
#5072 = CARTESIAN_POINT('',(-12.83902590805,55.487110744221,
    47.700093980188));
#5073 = CARTESIAN_POINT('',(-14.33902844805,53.987108204216,
    47.700093980188));
#5074 = CARTESIAN_POINT('',(-14.33902844805,55.487110744221,
    47.700093980188));
#5075 = ADVANCED_FACE('',(#5076),#5079,.T.);
#5076 = FACE_BOUND('',#5077,.T.);
#5077 = EDGE_LOOP('',(#5078));
#5078 = ORIENTED_EDGE('',*,*,#3995,.F.);
#5079 = B_SPLINE_SURFACE_WITH_KNOTS('',1,1,(
    (#5080,#5081)
    ,(#5082,#5083
    )),.UNSPECIFIED.,.F.,.F.,.F.,(2,2),(2,2),(420.47245,479.52755),(
    -484.52755,-425.47245),.PIECEWISE_BEZIER_KNOTS.);
#5080 = CARTESIAN_POINT('',(-35.95307213614,53.987108204216,
    47.700093980188));
#5081 = CARTESIAN_POINT('',(-35.95307213614,55.487110744221,
    47.700093980188));
#5082 = CARTESIAN_POINT('',(-37.45307467614,53.987108204216,
    47.700093980188));
#5083 = CARTESIAN_POINT('',(-37.45307467614,55.487110744221,
    47.700093980188));
#5084 = ADVANCED_FACE('',(#5085,#5183),#5189,.T.);
#5085 = FACE_BOUND('',#5086,.T.);
#5086 = EDGE_LOOP('',(#5087,#5097,#5105,#5113,#5121,#5129,#5137,#5145,
    #5153,#5161,#5169,#5177));
#5087 = ORIENTED_EDGE('',*,*,#5088,.F.);
#5088 = EDGE_CURVE('',#5089,#5091,#5093,.T.);
#5089 = VERTEX_POINT('',#5090);
#5090 = CARTESIAN_POINT('',(-97.012,31.988337520964,34.));
#5091 = VERTEX_POINT('',#5092);
#5092 = CARTESIAN_POINT('',(-97.012,32.651662479036,34.));
#5093 = LINE('',#5094,#5095);
#5094 = CARTESIAN_POINT('',(-97.012,-31.23,34.));
#5095 = VECTOR('',#5096,1.);
#5096 = DIRECTION('',(-0.,1.,0.));
#5097 = ORIENTED_EDGE('',*,*,#5098,.T.);
#5098 = EDGE_CURVE('',#5089,#5099,#5101,.T.);
#5099 = VERTEX_POINT('',#5100);
#5100 = CARTESIAN_POINT('',(-96.76,31.988337520964,34.));
#5101 = LINE('',#5102,#5103);
#5102 = CARTESIAN_POINT('',(-98.76,31.988337520964,34.));
#5103 = VECTOR('',#5104,1.);
#5104 = DIRECTION('',(1.,0.,0.));
#5105 = ORIENTED_EDGE('',*,*,#5106,.T.);
#5106 = EDGE_CURVE('',#5099,#5107,#5109,.T.);
#5107 = VERTEX_POINT('',#5108);
#5108 = CARTESIAN_POINT('',(-96.76,-30.98,34.));
#5109 = LINE('',#5110,#5111);
#5110 = CARTESIAN_POINT('',(-96.76,-31.105,34.));
#5111 = VECTOR('',#5112,1.);
#5112 = DIRECTION('',(0.,-1.,0.));
#5113 = ORIENTED_EDGE('',*,*,#5114,.T.);
#5114 = EDGE_CURVE('',#5107,#5115,#5117,.T.);
#5115 = VERTEX_POINT('',#5116);
#5116 = CARTESIAN_POINT('',(3.42,-30.98,34.));
#5117 = LINE('',#5118,#5119);
#5118 = CARTESIAN_POINT('',(-96.886,-30.98,34.));
#5119 = VECTOR('',#5120,1.);
#5120 = DIRECTION('',(1.,0.,-0.));
#5121 = ORIENTED_EDGE('',*,*,#5122,.F.);
#5122 = EDGE_CURVE('',#5123,#5115,#5125,.T.);
#5123 = VERTEX_POINT('',#5124);
#5124 = CARTESIAN_POINT('',(3.42,31.988337520964,34.));
#5125 = LINE('',#5126,#5127);
#5126 = CARTESIAN_POINT('',(3.42,-31.105,34.));
#5127 = VECTOR('',#5128,1.);
#5128 = DIRECTION('',(0.,-1.,0.));
#5129 = ORIENTED_EDGE('',*,*,#5130,.T.);
#5130 = EDGE_CURVE('',#5123,#5131,#5133,.T.);
#5131 = VERTEX_POINT('',#5132);
#5132 = CARTESIAN_POINT('',(3.667,31.988337520964,34.));
#5133 = LINE('',#5134,#5135);
#5134 = CARTESIAN_POINT('',(-2.58,31.988337520964,34.));
#5135 = VECTOR('',#5136,1.);
#5136 = DIRECTION('',(1.,0.,0.));
#5137 = ORIENTED_EDGE('',*,*,#5138,.T.);
#5138 = EDGE_CURVE('',#5131,#5139,#5141,.T.);
#5139 = VERTEX_POINT('',#5140);
#5140 = CARTESIAN_POINT('',(3.667,32.651662479036,34.));
#5141 = LINE('',#5142,#5143);
#5142 = CARTESIAN_POINT('',(3.667,-31.23,34.));
#5143 = VECTOR('',#5144,1.);
#5144 = DIRECTION('',(-0.,1.,0.));
#5145 = ORIENTED_EDGE('',*,*,#5146,.F.);
#5146 = EDGE_CURVE('',#5147,#5139,#5149,.T.);
#5147 = VERTEX_POINT('',#5148);
#5148 = CARTESIAN_POINT('',(3.42,32.651662479036,34.));
#5149 = LINE('',#5150,#5151);
#5150 = CARTESIAN_POINT('',(-2.58,32.651662479036,34.));
#5151 = VECTOR('',#5152,1.);
#5152 = DIRECTION('',(1.,0.,0.));
#5153 = ORIENTED_EDGE('',*,*,#5154,.F.);
#5154 = EDGE_CURVE('',#5155,#5147,#5157,.T.);
#5155 = VERTEX_POINT('',#5156);
#5156 = CARTESIAN_POINT('',(3.42,95.62,34.));
#5157 = LINE('',#5158,#5159);
#5158 = CARTESIAN_POINT('',(3.42,-31.105,34.));
#5159 = VECTOR('',#5160,1.);
#5160 = DIRECTION('',(0.,-1.,0.));
#5161 = ORIENTED_EDGE('',*,*,#5162,.F.);
#5162 = EDGE_CURVE('',#5163,#5155,#5165,.T.);
#5163 = VERTEX_POINT('',#5164);
#5164 = CARTESIAN_POINT('',(-96.76,95.62,34.));
#5165 = LINE('',#5166,#5167);
#5166 = CARTESIAN_POINT('',(-96.886,95.62,34.));
#5167 = VECTOR('',#5168,1.);
#5168 = DIRECTION('',(1.,0.,-0.));
#5169 = ORIENTED_EDGE('',*,*,#5170,.T.);
#5170 = EDGE_CURVE('',#5163,#5171,#5173,.T.);
#5171 = VERTEX_POINT('',#5172);
#5172 = CARTESIAN_POINT('',(-96.76,32.651662479036,34.));
#5173 = LINE('',#5174,#5175);
#5174 = CARTESIAN_POINT('',(-96.76,-31.105,34.));
#5175 = VECTOR('',#5176,1.);
#5176 = DIRECTION('',(0.,-1.,0.));
#5177 = ORIENTED_EDGE('',*,*,#5178,.F.);
#5178 = EDGE_CURVE('',#5091,#5171,#5179,.T.);
#5179 = LINE('',#5180,#5181);
#5180 = CARTESIAN_POINT('',(-98.76,32.651662479036,34.));
#5181 = VECTOR('',#5182,1.);
#5182 = DIRECTION('',(1.,0.,0.));
#5183 = FACE_BOUND('',#5184,.T.);
#5184 = EDGE_LOOP('',(#5185,#5186,#5187,#5188));
#5185 = ORIENTED_EDGE('',*,*,#4033,.F.);
#5186 = ORIENTED_EDGE('',*,*,#4126,.T.);
#5187 = ORIENTED_EDGE('',*,*,#4108,.T.);
#5188 = ORIENTED_EDGE('',*,*,#4065,.F.);
#5189 = PLANE('',#5190);
#5190 = AXIS2_PLACEMENT_3D('',#5191,#5192,#5193);
#5191 = CARTESIAN_POINT('',(-97.012,-31.23,34.));
#5192 = DIRECTION('',(0.,0.,1.));
#5193 = DIRECTION('',(1.,0.,-0.));
#5194 = ADVANCED_FACE('',(#5195),#5201,.T.);
#5195 = FACE_BOUND('',#5196,.T.);
#5196 = EDGE_LOOP('',(#5197,#5198,#5199,#5200));
#5197 = ORIENTED_EDGE('',*,*,#4073,.F.);
#5198 = ORIENTED_EDGE('',*,*,#4140,.F.);
#5199 = ORIENTED_EDGE('',*,*,#4946,.F.);
#5200 = ORIENTED_EDGE('',*,*,#4412,.T.);
#5201 = CYLINDRICAL_SURFACE('',#5202,0.6);
#5202 = AXIS2_PLACEMENT_3D('',#5203,#5204,#5205);
#5203 = CARTESIAN_POINT('',(-2.58,32.32,33.));
#5204 = DIRECTION('',(1.,0.,0.));
#5205 = DIRECTION('',(-0.,0.,1.));
#5206 = ADVANCED_FACE('',(#5207),#5211,.F.);
#5207 = FACE_BOUND('',#5208,.F.);
#5208 = EDGE_LOOP('',(#5209,#5210));
#5209 = ORIENTED_EDGE('',*,*,#4269,.F.);
#5210 = ORIENTED_EDGE('',*,*,#4430,.T.);
#5211 = PLANE('',#5212);
#5212 = AXIS2_PLACEMENT_3D('',#5213,#5214,#5215);
#5213 = CARTESIAN_POINT('',(-2.58,32.32,33.));
#5214 = DIRECTION('',(1.,0.,0.));
#5215 = DIRECTION('',(-0.,0.,1.));
#5216 = ADVANCED_FACE('',(#5217),#5221,.T.);
#5217 = FACE_BOUND('',#5218,.T.);
#5218 = EDGE_LOOP('',(#5219,#5220));
#5219 = ORIENTED_EDGE('',*,*,#4446,.F.);
#5220 = ORIENTED_EDGE('',*,*,#4745,.T.);
#5221 = PLANE('',#5222);
#5222 = AXIS2_PLACEMENT_3D('',#5223,#5224,#5225);
#5223 = CARTESIAN_POINT('',(-90.76,32.32,33.));
#5224 = DIRECTION('',(1.,0.,0.));
#5225 = DIRECTION('',(-0.,0.,1.));
#5226 = ADVANCED_FACE('',(#5227),#5239,.T.);
#5227 = FACE_BOUND('',#5228,.T.);
#5228 = EDGE_LOOP('',(#5229,#5230,#5237,#5238));
#5229 = ORIENTED_EDGE('',*,*,#4598,.F.);
#5230 = ORIENTED_EDGE('',*,*,#5231,.T.);
#5231 = EDGE_CURVE('',#4599,#4607,#5232,.T.);
#5232 = CIRCLE('',#5233,0.6);
#5233 = AXIS2_PLACEMENT_3D('',#5234,#5235,#5236);
#5234 = CARTESIAN_POINT('',(-95.26,32.32,33.));
#5235 = DIRECTION('',(1.,0.,0.));
#5236 = DIRECTION('',(-0.,0.,1.));
#5237 = ORIENTED_EDGE('',*,*,#4615,.T.);
#5238 = ORIENTED_EDGE('',*,*,#4808,.F.);
#5239 = CYLINDRICAL_SURFACE('',#5240,0.6);
#5240 = AXIS2_PLACEMENT_3D('',#5241,#5242,#5243);
#5241 = CARTESIAN_POINT('',(-98.76,32.32,33.));
#5242 = DIRECTION('',(1.,0.,0.));
#5243 = DIRECTION('',(-0.,0.,1.));
#5244 = ADVANCED_FACE('',(#5245),#5249,.F.);
#5245 = FACE_BOUND('',#5246,.F.);
#5246 = EDGE_LOOP('',(#5247,#5248));
#5247 = ORIENTED_EDGE('',*,*,#5231,.T.);
#5248 = ORIENTED_EDGE('',*,*,#4606,.F.);
#5249 = PLANE('',#5250);
#5250 = AXIS2_PLACEMENT_3D('',#5251,#5252,#5253);
#5251 = CARTESIAN_POINT('',(-95.26,-29.48,32.));
#5252 = DIRECTION('',(1.,0.,-0.));
#5253 = DIRECTION('',(0.,0.,1.));
#5254 = ADVANCED_FACE('',(#5255),#5376,.F.);
#5255 = FACE_BOUND('',#5256,.F.);
#5256 = EDGE_LOOP('',(#5257,#5369,#5374,#5375));
#5257 = ORIENTED_EDGE('',*,*,#5258,.T.);
#5258 = EDGE_CURVE('',#5259,#5259,#5261,.T.);
#5259 = VERTEX_POINT('',#5260);
#5260 = CARTESIAN_POINT('',(-36.06937007874,78.867157734315,
    49.000099060198));
#5261 = B_SPLINE_CURVE_WITH_KNOTS('',6,(#5262,#5263,#5264,#5265,#5266,
    #5267,#5268,#5269,#5270,#5271,#5272,#5273,#5274,#5275,#5276,#5277,
    #5278,#5279,#5280,#5281,#5282,#5283,#5284,#5285,#5286,#5287,#5288,
    #5289,#5290,#5291,#5292,#5293,#5294,#5295,#5296,#5297,#5298,#5299,
    #5300,#5301,#5302,#5303,#5304,#5305,#5306,#5307,#5308,#5309,#5310,
    #5311,#5312,#5313,#5314,#5315,#5316,#5317,#5318,#5319,#5320,#5321,
    #5322,#5323,#5324,#5325,#5326,#5327,#5328,#5329,#5330,#5331,#5332,
    #5333,#5334,#5335,#5336,#5337,#5338,#5339,#5340,#5341,#5342,#5343,
    #5344,#5345,#5346,#5347,#5348,#5349,#5350,#5351,#5352,#5353,#5354,
    #5355,#5356,#5357,#5358,#5359,#5360,#5361,#5362,#5363,#5364,#5365,
    #5366,#5367,#5368),.UNSPECIFIED.,.T.,.F.,(1,6,5,5,5,5,5,5,5,5,5,5,5,
    5,5,5,5,5,5,5,5,5,6,1),(-5.5723745786E-02,0.,5.532045227152E-02,
    8.92758442729E-02,0.166953177643,0.251655506446,0.290369222648,
    0.332899827162,0.343378887993,0.375161029639,0.413596511043,
    0.498729218406,0.58386192577,0.622297407173,0.6435623687,
    0.654117833873,0.664673288462,0.707513946785,0.746509891169,
    0.831829711306,0.910073322852,0.944276254214,1.,1.055320452272),
  .UNSPECIFIED.);
#5262 = CARTESIAN_POINT('',(-36.06937007874,78.867157734315,
    49.000099060198));
#5263 = CARTESIAN_POINT('',(-36.06937007717,78.835218049379,
    49.000099060198));
#5264 = CARTESIAN_POINT('',(-36.07129790447,78.802405795746,
    49.000099060198));
#5265 = CARTESIAN_POINT('',(-36.0753510942,78.768898919081,
    49.000099060198));
#5266 = CARTESIAN_POINT('',(-36.081708172,78.7349298369,49.000099060198)
  );
#5267 = CARTESIAN_POINT('',(-36.09050691777,78.700776593045,
    49.000099060198));
#5268 = CARTESIAN_POINT('',(-36.10876823841,78.645871255123,
    49.000099060198));
#5269 = CARTESIAN_POINT('',(-36.11666188707,78.625036654581,
    49.000099060198));
#5270 = CARTESIAN_POINT('',(-36.1255218824,78.604323656472,
    49.000099060198));
#5271 = CARTESIAN_POINT('',(-36.13535680225,78.583807960944,
    49.000099060198));
#5272 = CARTESIAN_POINT('',(-36.14616549371,78.563567522341,
    49.000099060198));
#5273 = CARTESIAN_POINT('',(-36.18486630043,78.4981926832,
    49.000099060198));
#5274 = CARTESIAN_POINT('',(-36.21683705478,78.454549729211,
    49.000099060198));
#5275 = CARTESIAN_POINT('',(-36.25371095833,78.413719205027,
    49.000099060198));
#5276 = CARTESIAN_POINT('',(-36.29505113999,78.376628031911,
    49.000099060198));
#5277 = CARTESIAN_POINT('',(-36.3401640978,78.344051250081,
    49.000099060198));
#5278 = CARTESIAN_POINT('',(-36.44045845334,78.286454426219,
    49.000099060198));
#5279 = CARTESIAN_POINT('',(-36.49621213198,78.262368260499,
    49.000099060198));
#5280 = CARTESIAN_POINT('',(-36.55423368263,78.244917569773,
    49.000099060198));
#5281 = CARTESIAN_POINT('',(-36.61318012547,78.234341341237,
    49.000099060198));
#5282 = CARTESIAN_POINT('',(-36.6717406512,78.230430325046,
    49.000099060198));
#5283 = CARTESIAN_POINT('',(-36.75487127383,78.233630010918,
    49.000099060198));
#5284 = CARTESIAN_POINT('',(-36.78063698879,78.235909623553,
    49.000099060198));
#5285 = CARTESIAN_POINT('',(-36.80598710192,78.239412687652,
    49.000099060198));
#5286 = CARTESIAN_POINT('',(-36.83082843499,78.244072542923,
    49.000099060198));
#5287 = CARTESIAN_POINT('',(-36.85508057652,78.249812193021,
    49.000099060198));
#5288 = CARTESIAN_POINT('',(-36.90460047501,78.263948244673,
    49.000099060198));
#5289 = CARTESIAN_POINT('',(-36.92973303114,78.272550951874,
    49.000099060198));
#5290 = CARTESIAN_POINT('',(-36.95398680534,78.282245554929,
    49.000099060198));
#5291 = CARTESIAN_POINT('',(-36.97729583543,78.292912741809,
    49.000099060198));
#5292 = CARTESIAN_POINT('',(-36.99961498007,78.304430688568,
    49.000099060198));
#5293 = CARTESIAN_POINT('',(-37.02616003771,78.319695223885,
    49.000099060198));
#5294 = CARTESIAN_POINT('',(-37.03139497917,78.322785166346,
    49.000099060198));
#5295 = CARTESIAN_POINT('',(-37.03663648138,78.325960448137,
    49.000099060198));
#5296 = CARTESIAN_POINT('',(-37.04186776349,78.329213409505,
    49.000099060198));
#5297 = CARTESIAN_POINT('',(-37.04709817072,78.332551407933,
    49.000099060198));
#5298 = CARTESIAN_POINT('',(-37.06815756426,78.346346335273,
    49.000099060198));
#5299 = CARTESIAN_POINT('',(-37.0838611833,78.357442281321,
    49.000099060198));
#5300 = CARTESIAN_POINT('',(-37.09937735232,78.369271243116,
    49.000099060198));
#5301 = CARTESIAN_POINT('',(-37.11465043683,78.381838340961,
    49.000099060198));
#5302 = CARTESIAN_POINT('',(-37.12962250804,78.395142241813,
    49.000099060198));
#5303 = CARTESIAN_POINT('',(-37.16190297762,78.426145679213,
    49.000099060198));
#5304 = CARTESIAN_POINT('',(-37.1790450005,78.444182117752,
    49.000099060198));
#5305 = CARTESIAN_POINT('',(-37.19555423791,78.463269668882,
    49.000099060198));
#5306 = CARTESIAN_POINT('',(-37.21132388528,78.483378066478,
    49.000099060198));
#5307 = CARTESIAN_POINT('',(-37.22624954909,78.50446085276,
    49.000099060198));
#5308 = CARTESIAN_POINT('',(-37.27120657039,78.575169827082,
    49.000099060198));
#5309 = CARTESIAN_POINT('',(-37.29756879607,78.628370003383,
    49.000099060198));
#5310 = CARTESIAN_POINT('',(-37.31823365795,78.685347126707,
    49.000099060198));
#5311 = CARTESIAN_POINT('',(-37.33232900559,78.745036260322,
    49.000099060198));
#5312 = CARTESIAN_POINT('',(-37.33937263391,78.806106797481,
    49.000099060198));
#5313 = CARTESIAN_POINT('',(-37.33937263391,78.928208671149,
    49.000099060198));
#5314 = CARTESIAN_POINT('',(-37.33232900559,78.989279208309,
    49.000099060198));
#5315 = CARTESIAN_POINT('',(-37.31823365795,79.048968341923,
    49.000099060198));
#5316 = CARTESIAN_POINT('',(-37.29756879607,79.105945465247,
    49.000099060198));
#5317 = CARTESIAN_POINT('',(-37.27120657039,79.159145641548,
    49.000099060198));
#5318 = CARTESIAN_POINT('',(-37.22624954909,79.22985461587,
    49.000099060198));
#5319 = CARTESIAN_POINT('',(-37.21132388528,79.250937402153,
    49.000099060198));
#5320 = CARTESIAN_POINT('',(-37.19555423791,79.271045799749,
    49.000099060198));
#5321 = CARTESIAN_POINT('',(-37.1790450005,79.290133350878,
    49.000099060198));
#5322 = CARTESIAN_POINT('',(-37.16190297762,79.308169789417,
    49.000099060198));
#5323 = CARTESIAN_POINT('',(-37.13445739202,79.334529487601,
    49.000099060198));
#5324 = CARTESIAN_POINT('',(-37.12451984718,79.343592384818,
    49.000099060198));
#5325 = CARTESIAN_POINT('',(-37.11443860666,79.352326576036,
    49.000099060198));
#5326 = CARTESIAN_POINT('',(-37.10423119587,79.360730986541,
    49.000099060198));
#5327 = CARTESIAN_POINT('',(-37.09391476728,79.368805891866,
    49.000099060198));
#5328 = CARTESIAN_POINT('',(-37.07833945701,79.380398369323,
    49.000099060198));
#5329 = CARTESIAN_POINT('',(-37.07315759551,79.384157424617,
    49.000099060198));
#5330 = CARTESIAN_POINT('',(-37.06796266351,79.387830731941,
    49.000099060198));
#5331 = CARTESIAN_POINT('',(-37.06275673625,79.391419005467,
    49.000099060198));
#5332 = CARTESIAN_POINT('',(-37.05754181667,79.394923025266,
    49.000099060198));
#5333 = CARTESIAN_POINT('',(-37.04709817072,79.401764060697,
    49.000099060198));
#5334 = CARTESIAN_POINT('',(-37.04186776349,79.405102059126,
    49.000099060198));
#5335 = CARTESIAN_POINT('',(-37.03663648138,79.408355020494,
    49.000099060198));
#5336 = CARTESIAN_POINT('',(-37.03139497917,79.411530302285,
    49.000099060198));
#5337 = CARTESIAN_POINT('',(-37.02616003771,79.414620244746,
    49.000099060198));
#5338 = CARTESIAN_POINT('',(-36.99961498007,79.429884780063,
    49.000099060198));
#5339 = CARTESIAN_POINT('',(-36.97729583544,79.441402726822,
    49.000099060198));
#5340 = CARTESIAN_POINT('',(-36.95398680534,79.452069913702,
    49.000099060198));
#5341 = CARTESIAN_POINT('',(-36.92973303114,79.461764516756,
    49.000099060198));
#5342 = CARTESIAN_POINT('',(-36.90460047501,79.470367223958,
    49.000099060198));
#5343 = CARTESIAN_POINT('',(-36.85508057652,79.48450327561,
    49.000099060198));
#5344 = CARTESIAN_POINT('',(-36.83082843499,79.490242925708,
    49.000099060198));
#5345 = CARTESIAN_POINT('',(-36.80598710192,79.494902780979,
    49.000099060198));
#5346 = CARTESIAN_POINT('',(-36.78063698879,79.498405845078,
    49.000099060198));
#5347 = CARTESIAN_POINT('',(-36.75487127383,79.500685457713,
    49.000099060198));
#5348 = CARTESIAN_POINT('',(-36.6717406512,79.503885143585,
    49.000099060198));
#5349 = CARTESIAN_POINT('',(-36.61318012547,79.499974127394,
    49.000099060198));
#5350 = CARTESIAN_POINT('',(-36.55423368263,79.489397898858,
    49.000099060198));
#5351 = CARTESIAN_POINT('',(-36.49621213198,79.471947208132,
    49.000099060198));
#5352 = CARTESIAN_POINT('',(-36.44045845334,79.447861042412,
    49.000099060198));
#5353 = CARTESIAN_POINT('',(-36.3401640978,79.390264218549,
    49.000099060198));
#5354 = CARTESIAN_POINT('',(-36.29505113999,79.35768743672,
    49.000099060198));
#5355 = CARTESIAN_POINT('',(-36.25371095833,79.320596263603,
    49.000099060198));
#5356 = CARTESIAN_POINT('',(-36.21683705478,79.279765739419,
    49.000099060198));
#5357 = CARTESIAN_POINT('',(-36.18486630043,79.23612278543,
    49.000099060198));
#5358 = CARTESIAN_POINT('',(-36.14616549371,79.170747946289,
    49.000099060198));
#5359 = CARTESIAN_POINT('',(-36.13535680225,79.150507507687,
    49.000099060198));
#5360 = CARTESIAN_POINT('',(-36.1255218824,79.129991812159,
    49.000099060198));
#5361 = CARTESIAN_POINT('',(-36.11666188707,79.109278814049,
    49.000099060198));
#5362 = CARTESIAN_POINT('',(-36.10876823841,79.088444213507,
    49.000099060198));
#5363 = CARTESIAN_POINT('',(-36.09050691777,79.033538875585,
    49.000099060198));
#5364 = CARTESIAN_POINT('',(-36.081708172,78.99938563173,49.000099060198
    ));
#5365 = CARTESIAN_POINT('',(-36.0753510942,78.96541654955,
    49.000099060198));
#5366 = CARTESIAN_POINT('',(-36.07129790447,78.931909672884,
    49.000099060198));
#5367 = CARTESIAN_POINT('',(-36.06937007717,78.899097419251,
    49.000099060198));
#5368 = CARTESIAN_POINT('',(-36.06937007874,78.867157734315,
    49.000099060198));
#5369 = ORIENTED_EDGE('',*,*,#5370,.F.);
#5370 = EDGE_CURVE('',#4766,#5259,#5371,.T.);
#5371 = B_SPLINE_CURVE_WITH_KNOTS('',1,(#5372,#5373),.UNSPECIFIED.,.F.,
  .F.,(2,2),(0.,90.5512),.PIECEWISE_BEZIER_KNOTS.);
#5372 = CARTESIAN_POINT('',(-36.06937007874,78.867157734315,
    47.700093980188));
#5373 = CARTESIAN_POINT('',(-36.06937007874,78.867157734315,
    50.000099060198));
#5374 = ORIENTED_EDGE('',*,*,#4765,.T.);
#5375 = ORIENTED_EDGE('',*,*,#5370,.T.);
#5376 = ( BOUNDED_SURFACE() B_SPLINE_SURFACE(2,1,(
    (#5377,#5378)
    ,(#5379,#5380)
    ,(#5381,#5382)
    ,(#5383,#5384)
    ,(#5385,#5386)
    ,(#5387,#5388)
    ,(#5389,#5390
)),.UNSPECIFIED.,.T.,.F.,.F.) B_SPLINE_SURFACE_WITH_KNOTS((1,2,2,2,2,1),
  (2,2),(-2.094395102394,0.,2.094395102393,4.188790204786,6.28318530718,
    8.377580409573),(7.874,98.4252),.UNSPECIFIED.) 
GEOMETRIC_REPRESENTATION_ITEM() RATIONAL_B_SPLINE_SURFACE((
    (1.,1.)
    ,(0.5,0.5)
    ,(1.,1.)
    ,(0.5,0.5)
    ,(1.,1.)
    ,(0.5,0.5)
,(1.,1.))) REPRESENTATION_ITEM('') SURFACE() );
#5377 = CARTESIAN_POINT('',(-36.06937007874,78.867157734315,
    47.700093980188));
#5378 = CARTESIAN_POINT('',(-36.06937007874,78.867157734315,
    50.000099060198));
#5379 = CARTESIAN_POINT('',(-36.06937007874,79.967012196831,
    47.700093980188));
#5380 = CARTESIAN_POINT('',(-36.06937007874,79.967012196831,
    50.000099060198));
#5381 = CARTESIAN_POINT('',(-37.02187198374,79.417084965573,
    47.700093980188));
#5382 = CARTESIAN_POINT('',(-37.02187198374,79.417084965573,
    50.000099060198));
#5383 = CARTESIAN_POINT('',(-37.97437388874,78.867157734315,
    47.700093980188));
#5384 = CARTESIAN_POINT('',(-37.97437388874,78.867157734315,
    50.000099060198));
#5385 = CARTESIAN_POINT('',(-37.02187198374,78.317230503058,
    47.700093980188));
#5386 = CARTESIAN_POINT('',(-37.02187198374,78.317230503058,
    50.000099060198));
#5387 = CARTESIAN_POINT('',(-36.06937007874,77.7673032718,
    47.700093980188));
#5388 = CARTESIAN_POINT('',(-36.06937007874,77.7673032718,
    50.000099060198));
#5389 = CARTESIAN_POINT('',(-36.06937007874,78.867157734315,
    47.700093980188));
#5390 = CARTESIAN_POINT('',(-36.06937007874,78.867157734315,
    50.000099060198));
#5391 = ADVANCED_FACE('',(#5392,#5422),#5428,.T.);
#5392 = FACE_BOUND('',#5393,.T.);
#5393 = EDGE_LOOP('',(#5394,#5403,#5410,#5417));
#5394 = ORIENTED_EDGE('',*,*,#5395,.F.);
#5395 = EDGE_CURVE('',#5396,#5398,#5400,.T.);
#5396 = VERTEX_POINT('',#5397);
#5397 = CARTESIAN_POINT('',(2.417006604013,-29.97606172212,
    35.000071120142));
#5398 = VERTEX_POINT('',#5399);
#5399 = CARTESIAN_POINT('',(2.417006604013,94.641652449756,
    35.000071120142));
#5400 = B_SPLINE_CURVE_WITH_KNOTS('',1,(#5401,#5402),.UNSPECIFIED.,.F.,
  .F.,(2,2),(0.,1.),.PIECEWISE_BEZIER_KNOTS.);
#5401 = CARTESIAN_POINT('',(2.417006604013,-30.97606172212,
    35.000071120142));
#5402 = CARTESIAN_POINT('',(2.417006604013,95.619191008382,
    35.000071120142));
#5403 = ORIENTED_EDGE('',*,*,#5404,.F.);
#5404 = EDGE_CURVE('',#5405,#5396,#5407,.T.);
#5405 = VERTEX_POINT('',#5406);
#5406 = CARTESIAN_POINT('',(-95.76219329438,-29.97606172212,
    35.000071120142));
#5407 = B_SPLINE_CURVE_WITH_KNOTS('',1,(#5408,#5409),.UNSPECIFIED.,.F.,
  .F.,(2,2),(0.,1.),.PIECEWISE_BEZIER_KNOTS.);
#5408 = CARTESIAN_POINT('',(-95.76219330962,-29.97606172212,
    35.000071120142));
#5409 = CARTESIAN_POINT('',(2.417006619255,-29.97606172212,
    35.000071120142));
#5410 = ORIENTED_EDGE('',*,*,#5411,.T.);
#5411 = EDGE_CURVE('',#5405,#5412,#5414,.T.);
#5412 = VERTEX_POINT('',#5413);
#5413 = CARTESIAN_POINT('',(-95.76219329438,94.641652449756,
    35.000071120142));
#5414 = B_SPLINE_CURVE_WITH_KNOTS('',1,(#5415,#5416),.UNSPECIFIED.,.F.,
  .F.,(2,2),(0.,1.),.PIECEWISE_BEZIER_KNOTS.);
#5415 = CARTESIAN_POINT('',(-95.76219329438,-30.97606172212,
    35.000071120142));
#5416 = CARTESIAN_POINT('',(-95.76219329438,95.619191008382,
    35.000071120142));
#5417 = ORIENTED_EDGE('',*,*,#5418,.T.);
#5418 = EDGE_CURVE('',#5412,#5398,#5419,.T.);
#5419 = B_SPLINE_CURVE_WITH_KNOTS('',1,(#5420,#5421),.UNSPECIFIED.,.F.,
  .F.,(2,2),(0.,1.),.PIECEWISE_BEZIER_KNOTS.);
#5420 = CARTESIAN_POINT('',(-95.76219332486,94.641652449756,
    35.000071120142));
#5421 = CARTESIAN_POINT('',(2.417006634496,94.641652449756,
    35.000071120142));
#5422 = FACE_BOUND('',#5423,.T.);
#5423 = EDGE_LOOP('',(#5424,#5425,#5426,#5427));
#5424 = ORIENTED_EDGE('',*,*,#4793,.F.);
#5425 = ORIENTED_EDGE('',*,*,#5047,.T.);
#5426 = ORIENTED_EDGE('',*,*,#4931,.T.);
#5427 = ORIENTED_EDGE('',*,*,#4909,.F.);
#5428 = B_SPLINE_SURFACE_WITH_KNOTS('',1,1,(
    (#5429,#5430)
    ,(#5431,#5432
    )),.UNSPECIFIED.,.F.,.F.,.F.,(2,2),(2,2),(-1.97202755E+03,
    1.97202755E+03),(-2.49202755E+03,2.49202755E+03),
  .PIECEWISE_BEZIER_KNOTS.);
#5429 = CARTESIAN_POINT('',(3.417006604013,-30.97606172212,
    35.000071120142));
#5430 = CARTESIAN_POINT('',(3.417006604013,95.619191008382,
    35.000071120142));
#5431 = CARTESIAN_POINT('',(-96.76219329438,-30.97606172212,
    35.000071120142));
#5432 = CARTESIAN_POINT('',(-96.76219329438,95.619191008382,
    35.000071120142));
#5433 = ADVANCED_FACE('',(#5434),#5444,.F.);
#5434 = FACE_BOUND('',#5435,.F.);
#5435 = EDGE_LOOP('',(#5436,#5437));
#5436 = ORIENTED_EDGE('',*,*,#5088,.F.);
#5437 = ORIENTED_EDGE('',*,*,#5438,.T.);
#5438 = EDGE_CURVE('',#5089,#5091,#5439,.T.);
#5439 = CIRCLE('',#5440,0.6);
#5440 = AXIS2_PLACEMENT_3D('',#5441,#5442,#5443);
#5441 = CARTESIAN_POINT('',(-97.012,32.32,33.5));
#5442 = DIRECTION('',(1.,0.,0.));
#5443 = DIRECTION('',(-0.,0.,1.));
#5444 = PLANE('',#5445);
#5445 = AXIS2_PLACEMENT_3D('',#5446,#5447,#5448);
#5446 = CARTESIAN_POINT('',(-97.012,-31.23,28.));
#5447 = DIRECTION('',(1.,0.,-0.));
#5448 = DIRECTION('',(0.,0.,1.));
#5449 = ADVANCED_FACE('',(#5450),#5487,.F.);
#5450 = FACE_BOUND('',#5451,.F.);
#5451 = EDGE_LOOP('',(#5452,#5461,#5469,#5476,#5477,#5478,#5479,#5486));
#5452 = ORIENTED_EDGE('',*,*,#5453,.T.);
#5453 = EDGE_CURVE('',#5454,#5454,#5456,.T.);
#5454 = VERTEX_POINT('',#5455);
#5455 = CARTESIAN_POINT('',(-98.262,32.32,34.1));
#5456 = CIRCLE('',#5457,0.6);
#5457 = AXIS2_PLACEMENT_3D('',#5458,#5459,#5460);
#5458 = CARTESIAN_POINT('',(-98.262,32.32,33.5));
#5459 = DIRECTION('',(1.,0.,0.));
#5460 = DIRECTION('',(-0.,0.,1.));
#5461 = ORIENTED_EDGE('',*,*,#5462,.T.);
#5462 = EDGE_CURVE('',#5454,#5463,#5465,.T.);
#5463 = VERTEX_POINT('',#5464);
#5464 = CARTESIAN_POINT('',(-96.76,32.32,34.1));
#5465 = LINE('',#5466,#5467);
#5466 = CARTESIAN_POINT('',(-98.76,32.32,34.1));
#5467 = VECTOR('',#5468,1.);
#5468 = DIRECTION('',(1.,0.,0.));
#5469 = ORIENTED_EDGE('',*,*,#5470,.F.);
#5470 = EDGE_CURVE('',#5171,#5463,#5471,.T.);
#5471 = CIRCLE('',#5472,0.6);
#5472 = AXIS2_PLACEMENT_3D('',#5473,#5474,#5475);
#5473 = CARTESIAN_POINT('',(-96.76,32.32,33.5));
#5474 = DIRECTION('',(1.,0.,0.));
#5475 = DIRECTION('',(-0.,0.,1.));
#5476 = ORIENTED_EDGE('',*,*,#5178,.F.);
#5477 = ORIENTED_EDGE('',*,*,#5438,.F.);
#5478 = ORIENTED_EDGE('',*,*,#5098,.T.);
#5479 = ORIENTED_EDGE('',*,*,#5480,.F.);
#5480 = EDGE_CURVE('',#5463,#5099,#5481,.T.);
#5481 = CIRCLE('',#5482,0.6);
#5482 = AXIS2_PLACEMENT_3D('',#5483,#5484,#5485);
#5483 = CARTESIAN_POINT('',(-96.76,32.32,33.5));
#5484 = DIRECTION('',(1.,0.,0.));
#5485 = DIRECTION('',(-0.,0.,1.));
#5486 = ORIENTED_EDGE('',*,*,#5462,.F.);
#5487 = CYLINDRICAL_SURFACE('',#5488,0.6);
#5488 = AXIS2_PLACEMENT_3D('',#5489,#5490,#5491);
#5489 = CARTESIAN_POINT('',(-98.76,32.32,33.5));
#5490 = DIRECTION('',(1.,0.,0.));
#5491 = DIRECTION('',(-0.,0.,1.));
#5492 = ADVANCED_FACE('',(#5493),#5521,.T.);
#5493 = FACE_BOUND('',#5494,.T.);
#5494 = EDGE_LOOP('',(#5495,#5503,#5504,#5505,#5506,#5507,#5515));
#5495 = ORIENTED_EDGE('',*,*,#5496,.F.);
#5496 = EDGE_CURVE('',#5107,#5497,#5499,.T.);
#5497 = VERTEX_POINT('',#5498);
#5498 = CARTESIAN_POINT('',(-96.76,-30.98,35.));
#5499 = LINE('',#5500,#5501);
#5500 = CARTESIAN_POINT('',(-96.76,-30.98,32.));
#5501 = VECTOR('',#5502,1.);
#5502 = DIRECTION('',(0.,0.,1.));
#5503 = ORIENTED_EDGE('',*,*,#5106,.F.);
#5504 = ORIENTED_EDGE('',*,*,#5480,.F.);
#5505 = ORIENTED_EDGE('',*,*,#5470,.F.);
#5506 = ORIENTED_EDGE('',*,*,#5170,.F.);
#5507 = ORIENTED_EDGE('',*,*,#5508,.T.);
#5508 = EDGE_CURVE('',#5163,#5509,#5511,.T.);
#5509 = VERTEX_POINT('',#5510);
#5510 = CARTESIAN_POINT('',(-96.76,95.62,35.));
#5511 = LINE('',#5512,#5513);
#5512 = CARTESIAN_POINT('',(-96.76,95.62,32.));
#5513 = VECTOR('',#5514,1.);
#5514 = DIRECTION('',(0.,0.,1.));
#5515 = ORIENTED_EDGE('',*,*,#5516,.F.);
#5516 = EDGE_CURVE('',#5497,#5509,#5517,.T.);
#5517 = LINE('',#5518,#5519);
#5518 = CARTESIAN_POINT('',(-96.76,-30.98,35.));
#5519 = VECTOR('',#5520,1.);
#5520 = DIRECTION('',(-0.,1.,0.));
#5521 = PLANE('',#5522);
#5522 = AXIS2_PLACEMENT_3D('',#5523,#5524,#5525);
#5523 = CARTESIAN_POINT('',(-96.76,-30.98,32.));
#5524 = DIRECTION('',(1.,0.,-0.));
#5525 = DIRECTION('',(0.,0.,1.));
#5526 = ADVANCED_FACE('',(#5527),#5545,.F.);
#5527 = FACE_BOUND('',#5528,.F.);
#5528 = EDGE_LOOP('',(#5529,#5530,#5531,#5539));
#5529 = ORIENTED_EDGE('',*,*,#5162,.F.);
#5530 = ORIENTED_EDGE('',*,*,#5508,.T.);
#5531 = ORIENTED_EDGE('',*,*,#5532,.T.);
#5532 = EDGE_CURVE('',#5509,#5533,#5535,.T.);
#5533 = VERTEX_POINT('',#5534);
#5534 = CARTESIAN_POINT('',(3.42,95.62,35.));
#5535 = LINE('',#5536,#5537);
#5536 = CARTESIAN_POINT('',(-96.76,95.62,35.));
#5537 = VECTOR('',#5538,1.);
#5538 = DIRECTION('',(1.,0.,-0.));
#5539 = ORIENTED_EDGE('',*,*,#5540,.F.);
#5540 = EDGE_CURVE('',#5155,#5533,#5541,.T.);
#5541 = LINE('',#5542,#5543);
#5542 = CARTESIAN_POINT('',(3.42,95.62,32.));
#5543 = VECTOR('',#5544,1.);
#5544 = DIRECTION('',(0.,0.,1.));
#5545 = PLANE('',#5546);
#5546 = AXIS2_PLACEMENT_3D('',#5547,#5548,#5549);
#5547 = CARTESIAN_POINT('',(-96.76,95.62,32.));
#5548 = DIRECTION('',(-0.,1.,0.));
#5549 = DIRECTION('',(0.,0.,1.));
#5550 = ADVANCED_FACE('',(#5551),#5586,.F.);
#5551 = FACE_BOUND('',#5552,.F.);
#5552 = EDGE_LOOP('',(#5553,#5561,#5562,#5571,#5578,#5579,#5580));
#5553 = ORIENTED_EDGE('',*,*,#5554,.F.);
#5554 = EDGE_CURVE('',#5115,#5555,#5557,.T.);
#5555 = VERTEX_POINT('',#5556);
#5556 = CARTESIAN_POINT('',(3.42,-30.98,35.));
#5557 = LINE('',#5558,#5559);
#5558 = CARTESIAN_POINT('',(3.42,-30.98,32.));
#5559 = VECTOR('',#5560,1.);
#5560 = DIRECTION('',(0.,0.,1.));
#5561 = ORIENTED_EDGE('',*,*,#5122,.F.);
#5562 = ORIENTED_EDGE('',*,*,#5563,.F.);
#5563 = EDGE_CURVE('',#5564,#5123,#5566,.T.);
#5564 = VERTEX_POINT('',#5565);
#5565 = CARTESIAN_POINT('',(3.42,32.32,34.1));
#5566 = CIRCLE('',#5567,0.6);
#5567 = AXIS2_PLACEMENT_3D('',#5568,#5569,#5570);
#5568 = CARTESIAN_POINT('',(3.42,32.32,33.5));
#5569 = DIRECTION('',(1.,0.,0.));
#5570 = DIRECTION('',(-0.,0.,1.));
#5571 = ORIENTED_EDGE('',*,*,#5572,.F.);
#5572 = EDGE_CURVE('',#5147,#5564,#5573,.T.);
#5573 = CIRCLE('',#5574,0.6);
#5574 = AXIS2_PLACEMENT_3D('',#5575,#5576,#5577);
#5575 = CARTESIAN_POINT('',(3.42,32.32,33.5));
#5576 = DIRECTION('',(1.,0.,0.));
#5577 = DIRECTION('',(-0.,0.,1.));
#5578 = ORIENTED_EDGE('',*,*,#5154,.F.);
#5579 = ORIENTED_EDGE('',*,*,#5540,.T.);
#5580 = ORIENTED_EDGE('',*,*,#5581,.F.);
#5581 = EDGE_CURVE('',#5555,#5533,#5582,.T.);
#5582 = LINE('',#5583,#5584);
#5583 = CARTESIAN_POINT('',(3.42,-30.98,35.));
#5584 = VECTOR('',#5585,1.);
#5585 = DIRECTION('',(-0.,1.,0.));
#5586 = PLANE('',#5587);
#5587 = AXIS2_PLACEMENT_3D('',#5588,#5589,#5590);
#5588 = CARTESIAN_POINT('',(3.42,-30.98,32.));
#5589 = DIRECTION('',(1.,0.,-0.));
#5590 = DIRECTION('',(0.,0.,1.));
#5591 = ADVANCED_FACE('',(#5592),#5621,.F.);
#5592 = FACE_BOUND('',#5593,.F.);
#5593 = EDGE_LOOP('',(#5594,#5603,#5609,#5610,#5611,#5618,#5619,#5620));
#5594 = ORIENTED_EDGE('',*,*,#5595,.F.);
#5595 = EDGE_CURVE('',#5596,#5596,#5598,.T.);
#5596 = VERTEX_POINT('',#5597);
#5597 = CARTESIAN_POINT('',(4.917,32.32,34.1));
#5598 = CIRCLE('',#5599,0.6);
#5599 = AXIS2_PLACEMENT_3D('',#5600,#5601,#5602);
#5600 = CARTESIAN_POINT('',(4.917,32.32,33.5));
#5601 = DIRECTION('',(1.,0.,0.));
#5602 = DIRECTION('',(-0.,0.,1.));
#5603 = ORIENTED_EDGE('',*,*,#5604,.F.);
#5604 = EDGE_CURVE('',#5564,#5596,#5605,.T.);
#5605 = LINE('',#5606,#5607);
#5606 = CARTESIAN_POINT('',(-2.58,32.32,34.1));
#5607 = VECTOR('',#5608,1.);
#5608 = DIRECTION('',(1.,0.,0.));
#5609 = ORIENTED_EDGE('',*,*,#5563,.T.);
#5610 = ORIENTED_EDGE('',*,*,#5130,.T.);
#5611 = ORIENTED_EDGE('',*,*,#5612,.T.);
#5612 = EDGE_CURVE('',#5131,#5139,#5613,.T.);
#5613 = CIRCLE('',#5614,0.6);
#5614 = AXIS2_PLACEMENT_3D('',#5615,#5616,#5617);
#5615 = CARTESIAN_POINT('',(3.667,32.32,33.5));
#5616 = DIRECTION('',(1.,0.,0.));
#5617 = DIRECTION('',(-0.,0.,1.));
#5618 = ORIENTED_EDGE('',*,*,#5146,.F.);
#5619 = ORIENTED_EDGE('',*,*,#5572,.T.);
#5620 = ORIENTED_EDGE('',*,*,#5604,.T.);
#5621 = CYLINDRICAL_SURFACE('',#5622,0.6);
#5622 = AXIS2_PLACEMENT_3D('',#5623,#5624,#5625);
#5623 = CARTESIAN_POINT('',(-2.58,32.32,33.5));
#5624 = DIRECTION('',(1.,0.,0.));
#5625 = DIRECTION('',(-0.,0.,1.));
#5626 = ADVANCED_FACE('',(#5627),#5631,.T.);
#5627 = FACE_BOUND('',#5628,.T.);
#5628 = EDGE_LOOP('',(#5629,#5630));
#5629 = ORIENTED_EDGE('',*,*,#5138,.F.);
#5630 = ORIENTED_EDGE('',*,*,#5612,.T.);
#5631 = PLANE('',#5632);
#5632 = AXIS2_PLACEMENT_3D('',#5633,#5634,#5635);
#5633 = CARTESIAN_POINT('',(3.667,-31.23,28.));
#5634 = DIRECTION('',(1.,0.,-0.));
#5635 = DIRECTION('',(0.,0.,1.));
#5636 = ADVANCED_FACE('',(#5637),#5648,.T.);
#5637 = FACE_BOUND('',#5638,.T.);
#5638 = EDGE_LOOP('',(#5639,#5640,#5641,#5647));
#5639 = ORIENTED_EDGE('',*,*,#5114,.F.);
#5640 = ORIENTED_EDGE('',*,*,#5496,.T.);
#5641 = ORIENTED_EDGE('',*,*,#5642,.T.);
#5642 = EDGE_CURVE('',#5497,#5555,#5643,.T.);
#5643 = LINE('',#5644,#5645);
#5644 = CARTESIAN_POINT('',(-96.76,-30.98,35.));
#5645 = VECTOR('',#5646,1.);
#5646 = DIRECTION('',(1.,0.,-0.));
#5647 = ORIENTED_EDGE('',*,*,#5554,.F.);
#5648 = PLANE('',#5649);
#5649 = AXIS2_PLACEMENT_3D('',#5650,#5651,#5652);
#5650 = CARTESIAN_POINT('',(-96.76,-30.98,32.));
#5651 = DIRECTION('',(-0.,1.,0.));
#5652 = DIRECTION('',(0.,0.,1.));
#5653 = ADVANCED_FACE('',(#5654),#5657,.F.);
#5654 = FACE_BOUND('',#5655,.F.);
#5655 = EDGE_LOOP('',(#5656));
#5656 = ORIENTED_EDGE('',*,*,#5258,.F.);
#5657 = PLANE('',#5658);
#5658 = AXIS2_PLACEMENT_3D('',#5659,#5660,#5661);
#5659 = CARTESIAN_POINT('',(-98.26219329438,-32.47606172212,
    49.000099060198));
#5660 = DIRECTION('',(0.,0.,1.));
#5661 = DIRECTION('',(1.,0.,-0.));
#5662 = ADVANCED_FACE('',(#5663),#5688,.F.);
#5663 = FACE_BOUND('',#5664,.F.);
#5664 = EDGE_LOOP('',(#5665,#5673,#5681,#5687));
#5665 = ORIENTED_EDGE('',*,*,#5666,.F.);
#5666 = EDGE_CURVE('',#5667,#5396,#5669,.T.);
#5667 = VERTEX_POINT('',#5668);
#5668 = CARTESIAN_POINT('',(2.417006604013,-29.97606172212,35.));
#5669 = LINE('',#5670,#5671);
#5670 = CARTESIAN_POINT('',(2.417006604013,-29.97606172212,
    32.000066040132));
#5671 = VECTOR('',#5672,1.);
#5672 = DIRECTION('',(0.,0.,1.));
#5673 = ORIENTED_EDGE('',*,*,#5674,.F.);
#5674 = EDGE_CURVE('',#5675,#5667,#5677,.T.);
#5675 = VERTEX_POINT('',#5676);
#5676 = CARTESIAN_POINT('',(2.417006604013,94.641652449756,35.));
#5677 = LINE('',#5678,#5679);
#5678 = CARTESIAN_POINT('',(2.417006604013,-31.72803086106,35.));
#5679 = VECTOR('',#5680,1.);
#5680 = DIRECTION('',(0.,-1.,0.));
#5681 = ORIENTED_EDGE('',*,*,#5682,.T.);
#5682 = EDGE_CURVE('',#5675,#5398,#5683,.T.);
#5683 = LINE('',#5684,#5685);
#5684 = CARTESIAN_POINT('',(2.417006604013,94.641652449756,
    32.000066040132));
#5685 = VECTOR('',#5686,1.);
#5686 = DIRECTION('',(0.,0.,1.));
#5687 = ORIENTED_EDGE('',*,*,#5395,.F.);
#5688 = PLANE('',#5689);
#5689 = AXIS2_PLACEMENT_3D('',#5690,#5691,#5692);
#5690 = CARTESIAN_POINT('',(2.417006604013,-32.47606172212,
    32.000066040132));
#5691 = DIRECTION('',(1.,0.,-0.));
#5692 = DIRECTION('',(0.,0.,1.));
#5693 = ADVANCED_FACE('',(#5694),#5712,.T.);
#5694 = FACE_BOUND('',#5695,.T.);
#5695 = EDGE_LOOP('',(#5696,#5704,#5710,#5711));
#5696 = ORIENTED_EDGE('',*,*,#5697,.F.);
#5697 = EDGE_CURVE('',#5698,#5667,#5700,.T.);
#5698 = VERTEX_POINT('',#5699);
#5699 = CARTESIAN_POINT('',(-95.76219329438,-29.97606172212,35.));
#5700 = LINE('',#5701,#5702);
#5701 = CARTESIAN_POINT('',(-97.51109664719,-29.97606172212,35.));
#5702 = VECTOR('',#5703,1.);
#5703 = DIRECTION('',(1.,0.,-0.));
#5704 = ORIENTED_EDGE('',*,*,#5705,.T.);
#5705 = EDGE_CURVE('',#5698,#5405,#5706,.T.);
#5706 = LINE('',#5707,#5708);
#5707 = CARTESIAN_POINT('',(-95.76219329438,-29.97606172212,
    32.000066040132));
#5708 = VECTOR('',#5709,1.);
#5709 = DIRECTION('',(0.,0.,1.));
#5710 = ORIENTED_EDGE('',*,*,#5404,.T.);
#5711 = ORIENTED_EDGE('',*,*,#5666,.F.);
#5712 = PLANE('',#5713);
#5713 = AXIS2_PLACEMENT_3D('',#5714,#5715,#5716);
#5714 = CARTESIAN_POINT('',(-98.26219329438,-29.97606172212,
    32.000066040132));
#5715 = DIRECTION('',(-0.,1.,0.));
#5716 = DIRECTION('',(0.,0.,1.));
#5717 = ADVANCED_FACE('',(#5718),#5736,.T.);
#5718 = FACE_BOUND('',#5719,.T.);
#5719 = EDGE_LOOP('',(#5720,#5721,#5729,#5735));
#5720 = ORIENTED_EDGE('',*,*,#5705,.F.);
#5721 = ORIENTED_EDGE('',*,*,#5722,.F.);
#5722 = EDGE_CURVE('',#5723,#5698,#5725,.T.);
#5723 = VERTEX_POINT('',#5724);
#5724 = CARTESIAN_POINT('',(-95.76219329438,94.641652449756,35.));
#5725 = LINE('',#5726,#5727);
#5726 = CARTESIAN_POINT('',(-95.76219329438,-31.72803086106,35.));
#5727 = VECTOR('',#5728,1.);
#5728 = DIRECTION('',(0.,-1.,0.));
#5729 = ORIENTED_EDGE('',*,*,#5730,.T.);
#5730 = EDGE_CURVE('',#5723,#5412,#5731,.T.);
#5731 = LINE('',#5732,#5733);
#5732 = CARTESIAN_POINT('',(-95.76219329438,94.641652449756,
    32.000066040132));
#5733 = VECTOR('',#5734,1.);
#5734 = DIRECTION('',(0.,0.,1.));
#5735 = ORIENTED_EDGE('',*,*,#5411,.F.);
#5736 = PLANE('',#5737);
#5737 = AXIS2_PLACEMENT_3D('',#5738,#5739,#5740);
#5738 = CARTESIAN_POINT('',(-95.76219329438,-32.47606172212,
    32.000066040132));
#5739 = DIRECTION('',(1.,0.,-0.));
#5740 = DIRECTION('',(0.,0.,1.));
#5741 = ADVANCED_FACE('',(#5742),#5753,.F.);
#5742 = FACE_BOUND('',#5743,.F.);
#5743 = EDGE_LOOP('',(#5744,#5750,#5751,#5752));
#5744 = ORIENTED_EDGE('',*,*,#5745,.F.);
#5745 = EDGE_CURVE('',#5723,#5675,#5746,.T.);
#5746 = LINE('',#5747,#5748);
#5747 = CARTESIAN_POINT('',(-97.51109664719,94.641652449756,35.));
#5748 = VECTOR('',#5749,1.);
#5749 = DIRECTION('',(1.,0.,-0.));
#5750 = ORIENTED_EDGE('',*,*,#5730,.T.);
#5751 = ORIENTED_EDGE('',*,*,#5418,.T.);
#5752 = ORIENTED_EDGE('',*,*,#5682,.F.);
#5753 = PLANE('',#5754);
#5754 = AXIS2_PLACEMENT_3D('',#5755,#5756,#5757);
#5755 = CARTESIAN_POINT('',(-98.26219329438,94.641652449756,
    32.000066040132));
#5756 = DIRECTION('',(-0.,1.,0.));
#5757 = DIRECTION('',(0.,0.,1.));
#5758 = ADVANCED_FACE('',(#5759),#5762,.T.);
#5759 = FACE_BOUND('',#5760,.T.);
#5760 = EDGE_LOOP('',(#5761));
#5761 = ORIENTED_EDGE('',*,*,#5453,.T.);
#5762 = PLANE('',#5763);
#5763 = AXIS2_PLACEMENT_3D('',#5764,#5765,#5766);
#5764 = CARTESIAN_POINT('',(-98.262,-32.48,32.));
#5765 = DIRECTION('',(1.,0.,-0.));
#5766 = DIRECTION('',(0.,0.,1.));
#5767 = ADVANCED_FACE('',(#5768,#5774),#5780,.F.);
#5768 = FACE_BOUND('',#5769,.F.);
#5769 = EDGE_LOOP('',(#5770,#5771,#5772,#5773));
#5770 = ORIENTED_EDGE('',*,*,#5516,.F.);
#5771 = ORIENTED_EDGE('',*,*,#5642,.T.);
#5772 = ORIENTED_EDGE('',*,*,#5581,.T.);
#5773 = ORIENTED_EDGE('',*,*,#5532,.F.);
#5774 = FACE_BOUND('',#5775,.F.);
#5775 = EDGE_LOOP('',(#5776,#5777,#5778,#5779));
#5776 = ORIENTED_EDGE('',*,*,#5745,.T.);
#5777 = ORIENTED_EDGE('',*,*,#5674,.T.);
#5778 = ORIENTED_EDGE('',*,*,#5697,.F.);
#5779 = ORIENTED_EDGE('',*,*,#5722,.F.);
#5780 = PLANE('',#5781);
#5781 = AXIS2_PLACEMENT_3D('',#5782,#5783,#5784);
#5782 = CARTESIAN_POINT('',(-96.76,-30.98,35.));
#5783 = DIRECTION('',(0.,0.,1.));
#5784 = DIRECTION('',(1.,0.,-0.));
#5785 = ADVANCED_FACE('',(#5786),#5789,.F.);
#5786 = FACE_BOUND('',#5787,.F.);
#5787 = EDGE_LOOP('',(#5788));
#5788 = ORIENTED_EDGE('',*,*,#5595,.T.);
#5789 = PLANE('',#5790);
#5790 = AXIS2_PLACEMENT_3D('',#5791,#5792,#5793);
#5791 = CARTESIAN_POINT('',(4.917,-32.48,32.));
#5792 = DIRECTION('',(1.,0.,-0.));
#5793 = DIRECTION('',(0.,0.,1.));
#5794 = ( GEOMETRIC_REPRESENTATION_CONTEXT(3) 
GLOBAL_UNCERTAINTY_ASSIGNED_CONTEXT((#5798)) 
GLOBAL_UNIT_ASSIGNED_CONTEXT((#5795,#5796,#5797)) REPRESENTATION_CONTEXT
('Context #1','3D Context with UNIT and UNCERTAINTY') );
#5795 = ( LENGTH_UNIT() NAMED_UNIT(*) SI_UNIT(.MILLI.,.METRE.) );
#5796 = ( NAMED_UNIT(*) PLANE_ANGLE_UNIT() SI_UNIT($,.RADIAN.) );
#5797 = ( NAMED_UNIT(*) SI_UNIT($,.STERADIAN.) SOLID_ANGLE_UNIT() );
#5798 = UNCERTAINTY_MEASURE_WITH_UNIT(LENGTH_MEASURE(1.E-07),#5795,
  'distance_accuracy_value','confusion accuracy');
#5799 = PRODUCT_RELATED_PRODUCT_CATEGORY('part',$,(#7));
ENDSEC;
END-ISO-10303-21;
