ISO-10303-21;
HEADER;
FILE_DESCRIPTION(('FreeCAD Model'),'2;1');
FILE_NAME('Open CASCADE Shape Model','2026-02-21T04:22:46',('FreeCAD'),(
    'FreeCAD'),'Open CASCADE STEP processor 7.8','FreeCAD','Unknown');
FILE_SCHEMA(('AUTOMOTIVE_DESIGN { 1 0 10303 214 1 1 1 1 }'));
ENDSEC;
DATA;
#1 = APPLICATION_PROTOCOL_DEFINITION('international standard',
  'automotive_design',2000,#2);
#2 = APPLICATION_CONTEXT(
  'core data for automotive mechanical design processes');
#3 = SHAPE_DEFINITION_REPRESENTATION(#4,#10);
#4 = PRODUCT_DEFINITION_SHAPE('','',#5);
#5 = PRODUCT_DEFINITION('design','',#6,#9);
#6 = PRODUCT_DEFINITION_FORMATION('','',#7);
#7 = PRODUCT('Open CASCADE STEP translator 7.8 2',
  'Open CASCADE STEP translator 7.8 2','',(#8));
#8 = PRODUCT_CONTEXT('',#2,'mechanical');
#9 = PRODUCT_DEFINITION_CONTEXT('part definition',#2,'design');
#10 = ADVANCED_BREP_SHAPE_REPRESENTATION('',(#11,#15),#5079);
#11 = AXIS2_PLACEMENT_3D('',#12,#13,#14);
#12 = CARTESIAN_POINT('',(0.,0.,0.));
#13 = DIRECTION('',(0.,0.,1.));
#14 = DIRECTION('',(1.,0.,-0.));
#15 = MANIFOLD_SOLID_BREP('',#16);
#16 = CLOSED_SHELL('',(#17,#86,#262,#309,#367,#384,#433,#451,#492,#516,
    #540,#557,#602,#640,#663,#679,#709,#747,#785,#801,#835,#880,#918,
    #941,#957,#1003,#1034,#1058,#1082,#1099,#1142,#1152,#1184,#1219,
    #1287,#1309,#1339,#1355,#1423,#1445,#1475,#1491,#1707,#1881,#1903,
    #1933,#1949,#1971,#1988,#2005,#2017,#2063,#2094,#2152,#2210,#2227,
    #2237,#2252,#2272,#2288,#2304,#2316,#2332,#2344,#2364,#2380,#2396,
    #2408,#2424,#2436,#2696,#2718,#2959,#2995,#3037,#3053,#3098,#3114,
    #3130,#3146,#3162,#3178,#3223,#3239,#3277,#3293,#3330,#3367,#3383,
    #3395,#3417,#3434,#3451,#3463,#3493,#3516,#3539,#3555,#3597,#3894,
    #3913,#4210,#4229,#4245,#4261,#4273,#4296,#4319,#4342,#4365,#4407,
    #4521,#4537,#4647,#4659,#4677,#4687,#4697,#4707,#4725,#4735,#4772,
    #4809,#4846,#4883,#4906,#4915,#4924,#4933,#5070));
#17 = ADVANCED_FACE('',(#18,#52),#81,.T.);
#18 = FACE_BOUND('',#19,.T.);
#19 = EDGE_LOOP('',(#20,#30,#38,#46));
#20 = ORIENTED_EDGE('',*,*,#21,.T.);
#21 = EDGE_CURVE('',#22,#24,#26,.T.);
#22 = VERTEX_POINT('',#23);
#23 = CARTESIAN_POINT('',(-98.26219329438,-32.47606172212,
    51.500099060198));
#24 = VERTEX_POINT('',#25);
#25 = CARTESIAN_POINT('',(-98.26219329438,97.141652449756,
    51.500099060198));
#26 = LINE('',#27,#28);
#27 = CARTESIAN_POINT('',(-98.26219329438,-32.47606172212,
    51.500099060198));
#28 = VECTOR('',#29,1.);
#29 = DIRECTION('',(-0.,1.,0.));
#30 = ORIENTED_EDGE('',*,*,#31,.F.);
#31 = EDGE_CURVE('',#32,#24,#34,.T.);
#32 = VERTEX_POINT('',#33);
#33 = CARTESIAN_POINT('',(-98.26219329438,97.141652449756,
    32.000066040132));
#34 = LINE('',#35,#36);
#35 = CARTESIAN_POINT('',(-98.26219329438,97.141652449756,
    49.000099060198));
#36 = VECTOR('',#37,1.);
#37 = DIRECTION('',(0.,0.,1.));
#38 = ORIENTED_EDGE('',*,*,#39,.F.);
#39 = EDGE_CURVE('',#40,#32,#42,.T.);
#40 = VERTEX_POINT('',#41);
#41 = CARTESIAN_POINT('',(-98.26219329438,-32.47606172212,
    32.000066040132));
#42 = LINE('',#43,#44);
#43 = CARTESIAN_POINT('',(-98.26219329438,-32.47606172212,
    32.000066040132));
#44 = VECTOR('',#45,1.);
#45 = DIRECTION('',(-0.,1.,0.));
#46 = ORIENTED_EDGE('',*,*,#47,.T.);
#47 = EDGE_CURVE('',#40,#22,#48,.T.);
#48 = LINE('',#49,#50);
#49 = CARTESIAN_POINT('',(-98.26219329438,-32.47606172212,
    32.000066040132));
#50 = VECTOR('',#51,1.);
#51 = DIRECTION('',(0.,0.,1.));
#52 = FACE_BOUND('',#53,.T.);
#53 = EDGE_LOOP('',(#54,#65,#74));
#54 = ORIENTED_EDGE('',*,*,#55,.T.);
#55 = EDGE_CURVE('',#56,#58,#60,.T.);
#56 = VERTEX_POINT('',#57);
#57 = CARTESIAN_POINT('',(-98.26219329438,32.32,34.1));
#58 = VERTEX_POINT('',#59);
#59 = CARTESIAN_POINT('',(-98.26219329438,31.774564394268,
    33.249999999999));
#60 = CIRCLE('',#61,0.6);
#61 = AXIS2_PLACEMENT_3D('',#62,#63,#64);
#62 = CARTESIAN_POINT('',(-98.26219329438,32.32,33.5));
#63 = DIRECTION('',(1.,0.,0.));
#64 = DIRECTION('',(-0.,0.,1.));
#65 = ORIENTED_EDGE('',*,*,#66,.T.);
#66 = EDGE_CURVE('',#58,#67,#69,.T.);
#67 = VERTEX_POINT('',#68);
#68 = CARTESIAN_POINT('',(-98.26219329438,32.865435605732,
    33.249999999999));
#69 = CIRCLE('',#70,0.6);
#70 = AXIS2_PLACEMENT_3D('',#71,#72,#73);
#71 = CARTESIAN_POINT('',(-98.26219329438,32.32,33.));
#72 = DIRECTION('',(1.,0.,0.));
#73 = DIRECTION('',(-0.,0.,1.));
#74 = ORIENTED_EDGE('',*,*,#75,.T.);
#75 = EDGE_CURVE('',#67,#56,#76,.T.);
#76 = CIRCLE('',#77,0.6);
#77 = AXIS2_PLACEMENT_3D('',#78,#79,#80);
#78 = CARTESIAN_POINT('',(-98.26219329438,32.32,33.5));
#79 = DIRECTION('',(1.,0.,0.));
#80 = DIRECTION('',(-0.,0.,1.));
#81 = PLANE('',#82);
#82 = AXIS2_PLACEMENT_3D('',#83,#84,#85);
#83 = CARTESIAN_POINT('',(-98.26219329438,32.332795363818,
    41.750082550165));
#84 = DIRECTION('',(-1.,-0.,-0.));
#85 = DIRECTION('',(0.,0.,-1.));
#86 = ADVANCED_FACE('',(#87,#144,#178,#212,#223),#257,.T.);
#87 = FACE_BOUND('',#88,.T.);
#88 = EDGE_LOOP('',(#89,#90,#98,#106,#114,#122,#130,#138));
#89 = ORIENTED_EDGE('',*,*,#21,.F.);
#90 = ORIENTED_EDGE('',*,*,#91,.T.);
#91 = EDGE_CURVE('',#22,#92,#94,.T.);
#92 = VERTEX_POINT('',#93);
#93 = CARTESIAN_POINT('',(4.917006604013,-32.47606172212,51.500099060198
    ));
#94 = LINE('',#95,#96);
#95 = CARTESIAN_POINT('',(-98.26219329438,-32.47606172212,
    51.500099060198));
#96 = VECTOR('',#97,1.);
#97 = DIRECTION('',(1.,0.,-0.));
#98 = ORIENTED_EDGE('',*,*,#99,.T.);
#99 = EDGE_CURVE('',#92,#100,#102,.T.);
#100 = VERTEX_POINT('',#101);
#101 = CARTESIAN_POINT('',(4.917006604013,97.141652449756,
    51.500099060198));
#102 = LINE('',#103,#104);
#103 = CARTESIAN_POINT('',(4.917006604013,-32.47606172212,
    51.500099060198));
#104 = VECTOR('',#105,1.);
#105 = DIRECTION('',(-0.,1.,0.));
#106 = ORIENTED_EDGE('',*,*,#107,.F.);
#107 = EDGE_CURVE('',#108,#100,#110,.T.);
#108 = VERTEX_POINT('',#109);
#109 = CARTESIAN_POINT('',(-54.26219329438,97.141652449756,
    51.500099060198));
#110 = LINE('',#111,#112);
#111 = CARTESIAN_POINT('',(-98.26219329438,97.141652449756,
    51.500099060198));
#112 = VECTOR('',#113,1.);
#113 = DIRECTION('',(1.,0.,-0.));
#114 = ORIENTED_EDGE('',*,*,#115,.F.);
#115 = EDGE_CURVE('',#116,#108,#118,.T.);
#116 = VERTEX_POINT('',#117);
#117 = CARTESIAN_POINT('',(-54.26219329438,70.141652449756,
    51.500099060198));
#118 = LINE('',#119,#120);
#119 = CARTESIAN_POINT('',(-54.26219329438,70.141652449756,
    51.500099060198));
#120 = VECTOR('',#121,1.);
#121 = DIRECTION('',(-0.,1.,0.));
#122 = ORIENTED_EDGE('',*,*,#123,.F.);
#123 = EDGE_CURVE('',#124,#116,#126,.T.);
#124 = VERTEX_POINT('',#125);
#125 = CARTESIAN_POINT('',(-72.26219329438,70.141652449756,
    51.500099060198));
#126 = LINE('',#127,#128);
#127 = CARTESIAN_POINT('',(-72.26219329438,70.141652449756,
    51.500099060198));
#128 = VECTOR('',#129,1.);
#129 = DIRECTION('',(1.,0.,-0.));
#130 = ORIENTED_EDGE('',*,*,#131,.T.);
#131 = EDGE_CURVE('',#124,#132,#134,.T.);
#132 = VERTEX_POINT('',#133);
#133 = CARTESIAN_POINT('',(-72.26219329438,97.141652449756,
    51.500099060198));
#134 = LINE('',#135,#136);
#135 = CARTESIAN_POINT('',(-72.26219329438,70.141652449756,
    51.500099060198));
#136 = VECTOR('',#137,1.);
#137 = DIRECTION('',(-0.,1.,0.));
#138 = ORIENTED_EDGE('',*,*,#139,.F.);
#139 = EDGE_CURVE('',#24,#132,#140,.T.);
#140 = LINE('',#141,#142);
#141 = CARTESIAN_POINT('',(-98.26219329438,97.141652449756,
    51.500099060198));
#142 = VECTOR('',#143,1.);
#143 = DIRECTION('',(1.,0.,-0.));
#144 = FACE_BOUND('',#145,.T.);
#145 = EDGE_LOOP('',(#146,#156,#164,#172));
#146 = ORIENTED_EDGE('',*,*,#147,.T.);
#147 = EDGE_CURVE('',#148,#150,#152,.T.);
#148 = VERTEX_POINT('',#149);
#149 = CARTESIAN_POINT('',(-4.63,0.13,51.500099060198));
#150 = VERTEX_POINT('',#151);
#151 = CARTESIAN_POINT('',(-88.9,0.13,51.500099060198));
#152 = LINE('',#153,#154);
#153 = CARTESIAN_POINT('',(-93.58109664719,0.13,51.500099060198));
#154 = VECTOR('',#155,1.);
#155 = DIRECTION('',(-1.,-0.,0.));
#156 = ORIENTED_EDGE('',*,*,#157,.T.);
#157 = EDGE_CURVE('',#150,#158,#160,.T.);
#158 = VERTEX_POINT('',#159);
#159 = CARTESIAN_POINT('',(-88.9,35.31,51.500099060198));
#160 = LINE('',#161,#162);
#161 = CARTESIAN_POINT('',(-88.9,-16.17303086106,51.500099060198));
#162 = VECTOR('',#163,1.);
#163 = DIRECTION('',(-0.,1.,0.));
#164 = ORIENTED_EDGE('',*,*,#165,.F.);
#165 = EDGE_CURVE('',#166,#158,#168,.T.);
#166 = VERTEX_POINT('',#167);
#167 = CARTESIAN_POINT('',(-4.63,35.31,51.500099060198));
#168 = LINE('',#169,#170);
#169 = CARTESIAN_POINT('',(-93.58109664719,35.31,51.500099060198));
#170 = VECTOR('',#171,1.);
#171 = DIRECTION('',(-1.,-0.,0.));
#172 = ORIENTED_EDGE('',*,*,#173,.F.);
#173 = EDGE_CURVE('',#148,#166,#174,.T.);
#174 = LINE('',#175,#176);
#175 = CARTESIAN_POINT('',(-4.63,-16.17303086106,51.500099060198));
#176 = VECTOR('',#177,1.);
#177 = DIRECTION('',(-0.,1.,0.));
#178 = FACE_BOUND('',#179,.T.);
#179 = EDGE_LOOP('',(#180,#190,#198,#206));
#180 = ORIENTED_EDGE('',*,*,#181,.T.);
#181 = EDGE_CURVE('',#182,#184,#186,.T.);
#182 = VERTEX_POINT('',#183);
#183 = CARTESIAN_POINT('',(-80.39,49.4,51.500099060198));
#184 = VERTEX_POINT('',#185);
#185 = CARTESIAN_POINT('',(-90.55,49.4,51.500099060198));
#186 = LINE('',#187,#188);
#187 = CARTESIAN_POINT('',(-94.40609664719,49.4,51.500099060198));
#188 = VECTOR('',#189,1.);
#189 = DIRECTION('',(-1.,-0.,0.));
#190 = ORIENTED_EDGE('',*,*,#191,.T.);
#191 = EDGE_CURVE('',#184,#192,#194,.T.);
#192 = VERTEX_POINT('',#193);
#193 = CARTESIAN_POINT('',(-90.55,69.34,51.500099060198));
#194 = LINE('',#195,#196);
#195 = CARTESIAN_POINT('',(-90.55,8.46196913894,51.500099060198));
#196 = VECTOR('',#197,1.);
#197 = DIRECTION('',(-0.,1.,0.));
#198 = ORIENTED_EDGE('',*,*,#199,.F.);
#199 = EDGE_CURVE('',#200,#192,#202,.T.);
#200 = VERTEX_POINT('',#201);
#201 = CARTESIAN_POINT('',(-80.39,69.34,51.500099060198));
#202 = LINE('',#203,#204);
#203 = CARTESIAN_POINT('',(-94.40609664719,69.34,51.500099060198));
#204 = VECTOR('',#205,1.);
#205 = DIRECTION('',(-1.,-0.,0.));
#206 = ORIENTED_EDGE('',*,*,#207,.F.);
#207 = EDGE_CURVE('',#182,#200,#208,.T.);
#208 = LINE('',#209,#210);
#209 = CARTESIAN_POINT('',(-80.39,8.46196913894,51.500099060198));
#210 = VECTOR('',#211,1.);
#211 = DIRECTION('',(-0.,1.,0.));
#212 = FACE_BOUND('',#213,.T.);
#213 = EDGE_LOOP('',(#214));
#214 = ORIENTED_EDGE('',*,*,#215,.F.);
#215 = EDGE_CURVE('',#216,#216,#218,.T.);
#216 = VERTEX_POINT('',#217);
#217 = CARTESIAN_POINT('',(-62.01219329438,67.141652449756,
    51.500099060198));
#218 = CIRCLE('',#219,1.25);
#219 = AXIS2_PLACEMENT_3D('',#220,#221,#222);
#220 = CARTESIAN_POINT('',(-63.26219329438,67.141652449756,
    51.500099060198));
#221 = DIRECTION('',(0.,0.,1.));
#222 = DIRECTION('',(1.,0.,-0.));
#223 = FACE_BOUND('',#224,.T.);
#224 = EDGE_LOOP('',(#225,#235,#243,#251));
#225 = ORIENTED_EDGE('',*,*,#226,.T.);
#226 = EDGE_CURVE('',#227,#229,#231,.T.);
#227 = VERTEX_POINT('',#228);
#228 = CARTESIAN_POINT('',(-11.43,59.59,51.500099060198));
#229 = VERTEX_POINT('',#230);
#230 = CARTESIAN_POINT('',(-38.48,59.59,51.500099060198));
#231 = LINE('',#232,#233);
#232 = CARTESIAN_POINT('',(-68.37109664719,59.59,51.500099060198));
#233 = VECTOR('',#234,1.);
#234 = DIRECTION('',(-1.,-0.,0.));
#235 = ORIENTED_EDGE('',*,*,#236,.T.);
#236 = EDGE_CURVE('',#229,#237,#239,.T.);
#237 = VERTEX_POINT('',#238);
#238 = CARTESIAN_POINT('',(-38.48,76.59,51.500099060198));
#239 = LINE('',#240,#241);
#240 = CARTESIAN_POINT('',(-38.48,13.55696913894,51.500099060198));
#241 = VECTOR('',#242,1.);
#242 = DIRECTION('',(-0.,1.,0.));
#243 = ORIENTED_EDGE('',*,*,#244,.F.);
#244 = EDGE_CURVE('',#245,#237,#247,.T.);
#245 = VERTEX_POINT('',#246);
#246 = CARTESIAN_POINT('',(-11.43,76.59,51.500099060198));
#247 = LINE('',#248,#249);
#248 = CARTESIAN_POINT('',(-68.37109664719,76.59,51.500099060198));
#249 = VECTOR('',#250,1.);
#250 = DIRECTION('',(-1.,-0.,0.));
#251 = ORIENTED_EDGE('',*,*,#252,.F.);
#252 = EDGE_CURVE('',#227,#245,#253,.T.);
#253 = LINE('',#254,#255);
#254 = CARTESIAN_POINT('',(-11.43,13.55696913894,51.500099060198));
#255 = VECTOR('',#256,1.);
#256 = DIRECTION('',(-0.,1.,0.));
#257 = PLANE('',#258);
#258 = AXIS2_PLACEMENT_3D('',#259,#260,#261);
#259 = CARTESIAN_POINT('',(-98.26219329438,-32.47606172212,
    51.500099060198));
#260 = DIRECTION('',(0.,0.,1.));
#261 = DIRECTION('',(1.,0.,-0.));
#262 = ADVANCED_FACE('',(#263),#304,.T.);
#263 = FACE_BOUND('',#264,.T.);
#264 = EDGE_LOOP('',(#265,#266,#267,#275,#283,#289,#290,#298));
#265 = ORIENTED_EDGE('',*,*,#31,.T.);
#266 = ORIENTED_EDGE('',*,*,#139,.T.);
#267 = ORIENTED_EDGE('',*,*,#268,.T.);
#268 = EDGE_CURVE('',#132,#269,#271,.T.);
#269 = VERTEX_POINT('',#270);
#270 = CARTESIAN_POINT('',(-72.26219329438,97.141652449756,
    50.000099060198));
#271 = LINE('',#272,#273);
#272 = CARTESIAN_POINT('',(-72.26219329438,97.141652449756,
    45.875090805181));
#273 = VECTOR('',#274,1.);
#274 = DIRECTION('',(0.,-6.047073330792E-16,-1.));
#275 = ORIENTED_EDGE('',*,*,#276,.T.);
#276 = EDGE_CURVE('',#269,#277,#279,.T.);
#277 = VERTEX_POINT('',#278);
#278 = CARTESIAN_POINT('',(-54.26219329438,97.141652449756,
    50.000099060198));
#279 = LINE('',#280,#281);
#280 = CARTESIAN_POINT('',(-59.46739331978,97.141652449756,
    50.000099060198));
#281 = VECTOR('',#282,1.);
#282 = DIRECTION('',(1.,-0.,0.));
#283 = ORIENTED_EDGE('',*,*,#284,.F.);
#284 = EDGE_CURVE('',#108,#277,#285,.T.);
#285 = LINE('',#286,#287);
#286 = CARTESIAN_POINT('',(-54.26219329438,97.141652449756,
    45.875090805181));
#287 = VECTOR('',#288,1.);
#288 = DIRECTION('',(0.,-6.047073330792E-16,-1.));
#289 = ORIENTED_EDGE('',*,*,#107,.T.);
#290 = ORIENTED_EDGE('',*,*,#291,.F.);
#291 = EDGE_CURVE('',#292,#100,#294,.T.);
#292 = VERTEX_POINT('',#293);
#293 = CARTESIAN_POINT('',(4.917006604013,97.141652449756,
    32.000066040132));
#294 = LINE('',#295,#296);
#295 = CARTESIAN_POINT('',(4.917006604013,97.141652449756,
    49.000099060198));
#296 = VECTOR('',#297,1.);
#297 = DIRECTION('',(0.,0.,1.));
#298 = ORIENTED_EDGE('',*,*,#299,.F.);
#299 = EDGE_CURVE('',#32,#292,#300,.T.);
#300 = LINE('',#301,#302);
#301 = CARTESIAN_POINT('',(-98.26219329438,97.141652449756,
    32.000066040132));
#302 = VECTOR('',#303,1.);
#303 = DIRECTION('',(1.,0.,-0.));
#304 = PLANE('',#305);
#305 = AXIS2_PLACEMENT_3D('',#306,#307,#308);
#306 = CARTESIAN_POINT('',(-46.67259334518,97.141652449756,
    41.750082550165));
#307 = DIRECTION('',(0.,1.,-6.047073330792E-16));
#308 = DIRECTION('',(0.,6.047073330792E-16,1.));
#309 = ADVANCED_FACE('',(#310,#328),#362,.T.);
#310 = FACE_BOUND('',#311,.T.);
#311 = EDGE_LOOP('',(#312,#313,#314,#322));
#312 = ORIENTED_EDGE('',*,*,#39,.T.);
#313 = ORIENTED_EDGE('',*,*,#299,.T.);
#314 = ORIENTED_EDGE('',*,*,#315,.F.);
#315 = EDGE_CURVE('',#316,#292,#318,.T.);
#316 = VERTEX_POINT('',#317);
#317 = CARTESIAN_POINT('',(4.917006604013,-32.47606172212,
    32.000066040132));
#318 = LINE('',#319,#320);
#319 = CARTESIAN_POINT('',(4.917006604013,-32.47606172212,
    32.000066040132));
#320 = VECTOR('',#321,1.);
#321 = DIRECTION('',(-0.,1.,0.));
#322 = ORIENTED_EDGE('',*,*,#323,.F.);
#323 = EDGE_CURVE('',#40,#316,#324,.T.);
#324 = LINE('',#325,#326);
#325 = CARTESIAN_POINT('',(-98.26219329438,-32.47606172212,
    32.000066040132));
#326 = VECTOR('',#327,1.);
#327 = DIRECTION('',(1.,0.,-0.));
#328 = FACE_BOUND('',#329,.T.);
#329 = EDGE_LOOP('',(#330,#340,#348,#356));
#330 = ORIENTED_EDGE('',*,*,#331,.F.);
#331 = EDGE_CURVE('',#332,#334,#336,.T.);
#332 = VERTEX_POINT('',#333);
#333 = CARTESIAN_POINT('',(-98.16,97.02,32.000066040132));
#334 = VERTEX_POINT('',#335);
#335 = CARTESIAN_POINT('',(4.82,97.02,32.000066040132));
#336 = LINE('',#337,#338);
#337 = CARTESIAN_POINT('',(-72.41629667259,97.02,32.000066040132));
#338 = VECTOR('',#339,1.);
#339 = DIRECTION('',(1.,0.,-0.));
#340 = ORIENTED_EDGE('',*,*,#341,.T.);
#341 = EDGE_CURVE('',#332,#342,#344,.T.);
#342 = VERTEX_POINT('',#343);
#343 = CARTESIAN_POINT('',(-98.16,-32.38,32.000066040132));
#344 = LINE('',#345,#346);
#345 = CARTESIAN_POINT('',(-98.16,-2.3602318091E-02,32.000066040132));
#346 = VECTOR('',#347,1.);
#347 = DIRECTION('',(0.,-1.,0.));
#348 = ORIENTED_EDGE('',*,*,#349,.T.);
#349 = EDGE_CURVE('',#342,#350,#352,.T.);
#350 = VERTEX_POINT('',#351);
#351 = CARTESIAN_POINT('',(4.82,-32.38,32.000066040132));
#352 = LINE('',#353,#354);
#353 = CARTESIAN_POINT('',(-72.41629667259,-32.38,32.000066040132));
#354 = VECTOR('',#355,1.);
#355 = DIRECTION('',(1.,0.,-0.));
#356 = ORIENTED_EDGE('',*,*,#357,.F.);
#357 = EDGE_CURVE('',#334,#350,#358,.T.);
#358 = LINE('',#359,#360);
#359 = CARTESIAN_POINT('',(4.82,-2.3602318091E-02,32.000066040132));
#360 = VECTOR('',#361,1.);
#361 = DIRECTION('',(0.,-1.,0.));
#362 = PLANE('',#363);
#363 = AXIS2_PLACEMENT_3D('',#364,#365,#366);
#364 = CARTESIAN_POINT('',(-46.67259334518,32.332795363818,
    32.000066040132));
#365 = DIRECTION('',(-0.,-0.,-1.));
#366 = DIRECTION('',(-1.,0.,0.));
#367 = ADVANCED_FACE('',(#368),#379,.T.);
#368 = FACE_BOUND('',#369,.T.);
#369 = EDGE_LOOP('',(#370,#371,#372,#378));
#370 = ORIENTED_EDGE('',*,*,#47,.F.);
#371 = ORIENTED_EDGE('',*,*,#323,.T.);
#372 = ORIENTED_EDGE('',*,*,#373,.T.);
#373 = EDGE_CURVE('',#316,#92,#374,.T.);
#374 = LINE('',#375,#376);
#375 = CARTESIAN_POINT('',(4.917006604013,-32.47606172212,
    32.000066040132));
#376 = VECTOR('',#377,1.);
#377 = DIRECTION('',(0.,0.,1.));
#378 = ORIENTED_EDGE('',*,*,#91,.F.);
#379 = PLANE('',#380);
#380 = AXIS2_PLACEMENT_3D('',#381,#382,#383);
#381 = CARTESIAN_POINT('',(-46.67259334518,-32.47606172212,
    41.750082550165));
#382 = DIRECTION('',(-0.,-1.,-0.));
#383 = DIRECTION('',(0.,0.,-1.));
#384 = ADVANCED_FACE('',(#385),#428,.F.);
#385 = FACE_BOUND('',#386,.F.);
#386 = EDGE_LOOP('',(#387,#396,#402,#403,#411,#420,#426,#427));
#387 = ORIENTED_EDGE('',*,*,#388,.F.);
#388 = EDGE_CURVE('',#389,#389,#391,.T.);
#389 = VERTEX_POINT('',#390);
#390 = CARTESIAN_POINT('',(-96.76,32.32,34.1));
#391 = CIRCLE('',#392,0.6);
#392 = AXIS2_PLACEMENT_3D('',#393,#394,#395);
#393 = CARTESIAN_POINT('',(-96.76,32.32,33.5));
#394 = DIRECTION('',(1.,0.,0.));
#395 = DIRECTION('',(-0.,0.,1.));
#396 = ORIENTED_EDGE('',*,*,#397,.F.);
#397 = EDGE_CURVE('',#56,#389,#398,.T.);
#398 = LINE('',#399,#400);
#399 = CARTESIAN_POINT('',(-98.76,32.32,34.1));
#400 = VECTOR('',#401,1.);
#401 = DIRECTION('',(1.,0.,0.));
#402 = ORIENTED_EDGE('',*,*,#55,.T.);
#403 = ORIENTED_EDGE('',*,*,#404,.F.);
#404 = EDGE_CURVE('',#405,#58,#407,.T.);
#405 = VERTEX_POINT('',#406);
#406 = CARTESIAN_POINT('',(-98.76,31.774564394268,33.25));
#407 = LINE('',#408,#409);
#408 = CARTESIAN_POINT('',(-98.76,31.774564394268,33.25));
#409 = VECTOR('',#410,1.);
#410 = DIRECTION('',(1.,0.,0.));
#411 = ORIENTED_EDGE('',*,*,#412,.T.);
#412 = EDGE_CURVE('',#405,#413,#415,.T.);
#413 = VERTEX_POINT('',#414);
#414 = CARTESIAN_POINT('',(-98.76,32.865435605732,33.25));
#415 = CIRCLE('',#416,0.6);
#416 = AXIS2_PLACEMENT_3D('',#417,#418,#419);
#417 = CARTESIAN_POINT('',(-98.76,32.32,33.5));
#418 = DIRECTION('',(1.,0.,0.));
#419 = DIRECTION('',(-0.,0.,1.));
#420 = ORIENTED_EDGE('',*,*,#421,.T.);
#421 = EDGE_CURVE('',#413,#67,#422,.T.);
#422 = LINE('',#423,#424);
#423 = CARTESIAN_POINT('',(-98.76,32.865435605732,33.25));
#424 = VECTOR('',#425,1.);
#425 = DIRECTION('',(1.,0.,0.));
#426 = ORIENTED_EDGE('',*,*,#75,.T.);
#427 = ORIENTED_EDGE('',*,*,#397,.T.);
#428 = CYLINDRICAL_SURFACE('',#429,0.6);
#429 = AXIS2_PLACEMENT_3D('',#430,#431,#432);
#430 = CARTESIAN_POINT('',(-98.76,32.32,33.5));
#431 = DIRECTION('',(1.,0.,0.));
#432 = DIRECTION('',(-0.,0.,1.));
#433 = ADVANCED_FACE('',(#434),#446,.T.);
#434 = FACE_BOUND('',#435,.T.);
#435 = EDGE_LOOP('',(#436,#437,#438,#445));
#436 = ORIENTED_EDGE('',*,*,#66,.F.);
#437 = ORIENTED_EDGE('',*,*,#404,.F.);
#438 = ORIENTED_EDGE('',*,*,#439,.T.);
#439 = EDGE_CURVE('',#405,#413,#440,.T.);
#440 = CIRCLE('',#441,0.6);
#441 = AXIS2_PLACEMENT_3D('',#442,#443,#444);
#442 = CARTESIAN_POINT('',(-98.76,32.32,33.));
#443 = DIRECTION('',(1.,0.,0.));
#444 = DIRECTION('',(-0.,0.,1.));
#445 = ORIENTED_EDGE('',*,*,#421,.T.);
#446 = CYLINDRICAL_SURFACE('',#447,0.6);
#447 = AXIS2_PLACEMENT_3D('',#448,#449,#450);
#448 = CARTESIAN_POINT('',(-98.76,32.32,33.));
#449 = DIRECTION('',(1.,0.,0.));
#450 = DIRECTION('',(-0.,0.,1.));
#451 = ADVANCED_FACE('',(#452,#458),#487,.T.);
#452 = FACE_BOUND('',#453,.T.);
#453 = EDGE_LOOP('',(#454,#455,#456,#457));
#454 = ORIENTED_EDGE('',*,*,#373,.F.);
#455 = ORIENTED_EDGE('',*,*,#315,.T.);
#456 = ORIENTED_EDGE('',*,*,#291,.T.);
#457 = ORIENTED_EDGE('',*,*,#99,.F.);
#458 = FACE_BOUND('',#459,.T.);
#459 = EDGE_LOOP('',(#460,#471,#480));
#460 = ORIENTED_EDGE('',*,*,#461,.F.);
#461 = EDGE_CURVE('',#462,#464,#466,.T.);
#462 = VERTEX_POINT('',#463);
#463 = CARTESIAN_POINT('',(4.917006604013,31.774564394268,
    33.249999999999));
#464 = VERTEX_POINT('',#465);
#465 = CARTESIAN_POINT('',(4.917006604013,32.865435605732,
    33.249999999999));
#466 = CIRCLE('',#467,0.6);
#467 = AXIS2_PLACEMENT_3D('',#468,#469,#470);
#468 = CARTESIAN_POINT('',(4.917006604013,32.32,33.));
#469 = DIRECTION('',(1.,0.,0.));
#470 = DIRECTION('',(-0.,0.,1.));
#471 = ORIENTED_EDGE('',*,*,#472,.F.);
#472 = EDGE_CURVE('',#473,#462,#475,.T.);
#473 = VERTEX_POINT('',#474);
#474 = CARTESIAN_POINT('',(4.917006604013,32.32,34.1));
#475 = CIRCLE('',#476,0.6);
#476 = AXIS2_PLACEMENT_3D('',#477,#478,#479);
#477 = CARTESIAN_POINT('',(4.917006604013,32.32,33.5));
#478 = DIRECTION('',(1.,0.,0.));
#479 = DIRECTION('',(-0.,0.,1.));
#480 = ORIENTED_EDGE('',*,*,#481,.F.);
#481 = EDGE_CURVE('',#464,#473,#482,.T.);
#482 = CIRCLE('',#483,0.6);
#483 = AXIS2_PLACEMENT_3D('',#484,#485,#486);
#484 = CARTESIAN_POINT('',(4.917006604013,32.32,33.5));
#485 = DIRECTION('',(1.,0.,0.));
#486 = DIRECTION('',(-0.,0.,1.));
#487 = PLANE('',#488);
#488 = AXIS2_PLACEMENT_3D('',#489,#490,#491);
#489 = CARTESIAN_POINT('',(4.917006604013,32.332795363818,
    41.750082550165));
#490 = DIRECTION('',(1.,0.,0.));
#491 = DIRECTION('',(-0.,0.,1.));
#492 = ADVANCED_FACE('',(#493),#511,.F.);
#493 = FACE_BOUND('',#494,.F.);
#494 = EDGE_LOOP('',(#495,#503,#509,#510));
#495 = ORIENTED_EDGE('',*,*,#496,.F.);
#496 = EDGE_CURVE('',#497,#116,#499,.T.);
#497 = VERTEX_POINT('',#498);
#498 = CARTESIAN_POINT('',(-54.26219329438,70.141652449756,
    50.000099060198));
#499 = LINE('',#500,#501);
#500 = CARTESIAN_POINT('',(-54.26219329438,70.141652449756,
    50.000099060198));
#501 = VECTOR('',#502,1.);
#502 = DIRECTION('',(0.,0.,1.));
#503 = ORIENTED_EDGE('',*,*,#504,.T.);
#504 = EDGE_CURVE('',#497,#277,#505,.T.);
#505 = LINE('',#506,#507);
#506 = CARTESIAN_POINT('',(-54.26219329438,70.141652449756,
    50.000099060198));
#507 = VECTOR('',#508,1.);
#508 = DIRECTION('',(-0.,1.,0.));
#509 = ORIENTED_EDGE('',*,*,#284,.F.);
#510 = ORIENTED_EDGE('',*,*,#115,.F.);
#511 = PLANE('',#512);
#512 = AXIS2_PLACEMENT_3D('',#513,#514,#515);
#513 = CARTESIAN_POINT('',(-54.26219329438,70.141652449756,
    50.000099060198));
#514 = DIRECTION('',(1.,0.,-0.));
#515 = DIRECTION('',(0.,0.,1.));
#516 = ADVANCED_FACE('',(#517),#535,.T.);
#517 = FACE_BOUND('',#518,.T.);
#518 = EDGE_LOOP('',(#519,#527,#533,#534));
#519 = ORIENTED_EDGE('',*,*,#520,.F.);
#520 = EDGE_CURVE('',#521,#497,#523,.T.);
#521 = VERTEX_POINT('',#522);
#522 = CARTESIAN_POINT('',(-72.26219329438,70.141652449756,
    50.000099060198));
#523 = LINE('',#524,#525);
#524 = CARTESIAN_POINT('',(-72.26219329438,70.141652449756,
    50.000099060198));
#525 = VECTOR('',#526,1.);
#526 = DIRECTION('',(1.,0.,-0.));
#527 = ORIENTED_EDGE('',*,*,#528,.T.);
#528 = EDGE_CURVE('',#521,#124,#529,.T.);
#529 = LINE('',#530,#531);
#530 = CARTESIAN_POINT('',(-72.26219329438,70.141652449756,
    50.000099060198));
#531 = VECTOR('',#532,1.);
#532 = DIRECTION('',(0.,0.,1.));
#533 = ORIENTED_EDGE('',*,*,#123,.T.);
#534 = ORIENTED_EDGE('',*,*,#496,.F.);
#535 = PLANE('',#536);
#536 = AXIS2_PLACEMENT_3D('',#537,#538,#539);
#537 = CARTESIAN_POINT('',(-72.26219329438,70.141652449756,
    50.000099060198));
#538 = DIRECTION('',(-0.,1.,0.));
#539 = DIRECTION('',(0.,0.,1.));
#540 = ADVANCED_FACE('',(#541),#552,.T.);
#541 = FACE_BOUND('',#542,.T.);
#542 = EDGE_LOOP('',(#543,#544,#550,#551));
#543 = ORIENTED_EDGE('',*,*,#528,.F.);
#544 = ORIENTED_EDGE('',*,*,#545,.T.);
#545 = EDGE_CURVE('',#521,#269,#546,.T.);
#546 = LINE('',#547,#548);
#547 = CARTESIAN_POINT('',(-72.26219329438,70.141652449756,
    50.000099060198));
#548 = VECTOR('',#549,1.);
#549 = DIRECTION('',(-0.,1.,0.));
#550 = ORIENTED_EDGE('',*,*,#268,.F.);
#551 = ORIENTED_EDGE('',*,*,#131,.F.);
#552 = PLANE('',#553);
#553 = AXIS2_PLACEMENT_3D('',#554,#555,#556);
#554 = CARTESIAN_POINT('',(-72.26219329438,70.141652449756,
    50.000099060198));
#555 = DIRECTION('',(1.,0.,-0.));
#556 = DIRECTION('',(0.,0.,1.));
#557 = ADVANCED_FACE('',(#558),#597,.T.);
#558 = FACE_BOUND('',#559,.T.);
#559 = EDGE_LOOP('',(#560,#568,#575,#582,#590,#596));
#560 = ORIENTED_EDGE('',*,*,#561,.F.);
#561 = EDGE_CURVE('',#562,#148,#564,.T.);
#562 = VERTEX_POINT('',#563);
#563 = CARTESIAN_POINT('',(-4.63,0.13,45.000088900178));
#564 = LINE('',#565,#566);
#565 = CARTESIAN_POINT('',(-4.63,0.13,27.000066040132));
#566 = VECTOR('',#567,1.);
#567 = DIRECTION('',(0.,0.,1.));
#568 = ORIENTED_EDGE('',*,*,#569,.F.);
#569 = EDGE_CURVE('',#570,#562,#572,.T.);
#570 = VERTEX_POINT('',#571);
#571 = CARTESIAN_POINT('',(-4.634805689611,0.13,45.000088900178));
#572 = B_SPLINE_CURVE_WITH_KNOTS('',1,(#573,#574),.UNSPECIFIED.,.F.,.F.,
  (2,2),(0.,1.),.PIECEWISE_BEZIER_KNOTS.);
#573 = CARTESIAN_POINT('',(-88.9,0.13,45.000088900178));
#574 = CARTESIAN_POINT('',(-4.63,0.13,45.000088900178));
#575 = ORIENTED_EDGE('',*,*,#576,.F.);
#576 = EDGE_CURVE('',#577,#570,#579,.T.);
#577 = VERTEX_POINT('',#578);
#578 = CARTESIAN_POINT('',(-4.634805689611,0.13,49.000099060198));
#579 = B_SPLINE_CURVE_WITH_KNOTS('',1,(#580,#581),.UNSPECIFIED.,.F.,.F.,
  (2,2),(0.,1.),.PIECEWISE_BEZIER_KNOTS.);
#580 = CARTESIAN_POINT('',(-4.634805689611,0.13,49.000099075438));
#581 = CARTESIAN_POINT('',(-4.634805689611,0.13,45.000088900178));
#582 = ORIENTED_EDGE('',*,*,#583,.T.);
#583 = EDGE_CURVE('',#577,#584,#586,.T.);
#584 = VERTEX_POINT('',#585);
#585 = CARTESIAN_POINT('',(-88.9,0.13,49.000099060198));
#586 = LINE('',#587,#588);
#587 = CARTESIAN_POINT('',(-93.58109664719,0.13,49.000099060198));
#588 = VECTOR('',#589,1.);
#589 = DIRECTION('',(-1.,-0.,0.));
#590 = ORIENTED_EDGE('',*,*,#591,.T.);
#591 = EDGE_CURVE('',#584,#150,#592,.T.);
#592 = LINE('',#593,#594);
#593 = CARTESIAN_POINT('',(-88.9,0.13,27.000066040132));
#594 = VECTOR('',#595,1.);
#595 = DIRECTION('',(0.,0.,1.));
#596 = ORIENTED_EDGE('',*,*,#147,.F.);
#597 = PLANE('',#598);
#598 = AXIS2_PLACEMENT_3D('',#599,#600,#601);
#599 = CARTESIAN_POINT('',(-88.9,0.13,27.000066040132));
#600 = DIRECTION('',(-0.,1.,0.));
#601 = DIRECTION('',(0.,0.,1.));
#602 = ADVANCED_FACE('',(#603),#635,.T.);
#603 = FACE_BOUND('',#604,.T.);
#604 = EDGE_LOOP('',(#605,#606,#614,#621,#628,#634));
#605 = ORIENTED_EDGE('',*,*,#591,.F.);
#606 = ORIENTED_EDGE('',*,*,#607,.T.);
#607 = EDGE_CURVE('',#584,#608,#610,.T.);
#608 = VERTEX_POINT('',#609);
#609 = CARTESIAN_POINT('',(-88.9,35.306070612141,49.000099060198));
#610 = LINE('',#611,#612);
#611 = CARTESIAN_POINT('',(-88.9,-16.17303086106,49.000099060198));
#612 = VECTOR('',#613,1.);
#613 = DIRECTION('',(-0.,1.,0.));
#614 = ORIENTED_EDGE('',*,*,#615,.T.);
#615 = EDGE_CURVE('',#608,#616,#618,.T.);
#616 = VERTEX_POINT('',#617);
#617 = CARTESIAN_POINT('',(-88.9,35.306070612141,45.000088900178));
#618 = B_SPLINE_CURVE_WITH_KNOTS('',1,(#619,#620),.UNSPECIFIED.,.F.,.F.,
  (2,2),(0.,1.),.PIECEWISE_BEZIER_KNOTS.);
#619 = CARTESIAN_POINT('',(-88.9,35.306070612141,49.000099075438));
#620 = CARTESIAN_POINT('',(-88.9,35.306070612141,45.000088900178));
#621 = ORIENTED_EDGE('',*,*,#622,.T.);
#622 = EDGE_CURVE('',#616,#623,#625,.T.);
#623 = VERTEX_POINT('',#624);
#624 = CARTESIAN_POINT('',(-88.9,35.31,45.000088900178));
#625 = B_SPLINE_CURVE_WITH_KNOTS('',1,(#626,#627),.UNSPECIFIED.,.F.,.F.,
  (2,2),(0.,1.),.PIECEWISE_BEZIER_KNOTS.);
#626 = CARTESIAN_POINT('',(-88.9,0.13,45.000088900178));
#627 = CARTESIAN_POINT('',(-88.9,35.31,45.000088900178));
#628 = ORIENTED_EDGE('',*,*,#629,.T.);
#629 = EDGE_CURVE('',#623,#158,#630,.T.);
#630 = LINE('',#631,#632);
#631 = CARTESIAN_POINT('',(-88.9,35.31,27.000066040132));
#632 = VECTOR('',#633,1.);
#633 = DIRECTION('',(0.,0.,1.));
#634 = ORIENTED_EDGE('',*,*,#157,.F.);
#635 = PLANE('',#636);
#636 = AXIS2_PLACEMENT_3D('',#637,#638,#639);
#637 = CARTESIAN_POINT('',(-88.9,0.13,27.000066040132));
#638 = DIRECTION('',(1.,0.,-0.));
#639 = DIRECTION('',(0.,0.,1.));
#640 = ADVANCED_FACE('',(#641),#658,.F.);
#641 = FACE_BOUND('',#642,.F.);
#642 = EDGE_LOOP('',(#643,#651,#656,#657));
#643 = ORIENTED_EDGE('',*,*,#644,.F.);
#644 = EDGE_CURVE('',#645,#166,#647,.T.);
#645 = VERTEX_POINT('',#646);
#646 = CARTESIAN_POINT('',(-4.63,35.31,45.000088900178));
#647 = LINE('',#648,#649);
#648 = CARTESIAN_POINT('',(-4.63,35.31,27.000066040132));
#649 = VECTOR('',#650,1.);
#650 = DIRECTION('',(0.,0.,1.));
#651 = ORIENTED_EDGE('',*,*,#652,.F.);
#652 = EDGE_CURVE('',#623,#645,#653,.T.);
#653 = B_SPLINE_CURVE_WITH_KNOTS('',1,(#654,#655),.UNSPECIFIED.,.F.,.F.,
  (2,2),(0.,1.),.PIECEWISE_BEZIER_KNOTS.);
#654 = CARTESIAN_POINT('',(-88.9,35.31,45.000088900178));
#655 = CARTESIAN_POINT('',(-4.63,35.31,45.000088900178));
#656 = ORIENTED_EDGE('',*,*,#629,.T.);
#657 = ORIENTED_EDGE('',*,*,#165,.F.);
#658 = PLANE('',#659);
#659 = AXIS2_PLACEMENT_3D('',#660,#661,#662);
#660 = CARTESIAN_POINT('',(-88.9,35.31,27.000066040132));
#661 = DIRECTION('',(-0.,1.,0.));
#662 = DIRECTION('',(0.,0.,1.));
#663 = ADVANCED_FACE('',(#664),#674,.F.);
#664 = FACE_BOUND('',#665,.F.);
#665 = EDGE_LOOP('',(#666,#667,#672,#673));
#666 = ORIENTED_EDGE('',*,*,#561,.F.);
#667 = ORIENTED_EDGE('',*,*,#668,.T.);
#668 = EDGE_CURVE('',#562,#645,#669,.T.);
#669 = B_SPLINE_CURVE_WITH_KNOTS('',1,(#670,#671),.UNSPECIFIED.,.F.,.F.,
  (2,2),(0.,1.),.PIECEWISE_BEZIER_KNOTS.);
#670 = CARTESIAN_POINT('',(-4.63,0.13,45.000088900178));
#671 = CARTESIAN_POINT('',(-4.63,35.31,45.000088900178));
#672 = ORIENTED_EDGE('',*,*,#644,.T.);
#673 = ORIENTED_EDGE('',*,*,#173,.F.);
#674 = PLANE('',#675);
#675 = AXIS2_PLACEMENT_3D('',#676,#677,#678);
#676 = CARTESIAN_POINT('',(-4.63,0.13,27.000066040132));
#677 = DIRECTION('',(1.,0.,-0.));
#678 = DIRECTION('',(0.,0.,1.));
#679 = ADVANCED_FACE('',(#680),#704,.T.);
#680 = FACE_BOUND('',#681,.T.);
#681 = EDGE_LOOP('',(#682,#690,#697,#703));
#682 = ORIENTED_EDGE('',*,*,#683,.F.);
#683 = EDGE_CURVE('',#684,#182,#686,.T.);
#684 = VERTEX_POINT('',#685);
#685 = CARTESIAN_POINT('',(-80.39,49.4,45.000088900178));
#686 = LINE('',#687,#688);
#687 = CARTESIAN_POINT('',(-80.39,49.4,27.000066040132));
#688 = VECTOR('',#689,1.);
#689 = DIRECTION('',(0.,0.,1.));
#690 = ORIENTED_EDGE('',*,*,#691,.F.);
#691 = EDGE_CURVE('',#692,#684,#694,.T.);
#692 = VERTEX_POINT('',#693);
#693 = CARTESIAN_POINT('',(-90.55,49.4,45.000088900178));
#694 = B_SPLINE_CURVE_WITH_KNOTS('',1,(#695,#696),.UNSPECIFIED.,.F.,.F.,
  (2,2),(0.,1.),.PIECEWISE_BEZIER_KNOTS.);
#695 = CARTESIAN_POINT('',(-90.55,49.4,45.000088900178));
#696 = CARTESIAN_POINT('',(-80.39,49.4,45.000088900178));
#697 = ORIENTED_EDGE('',*,*,#698,.T.);
#698 = EDGE_CURVE('',#692,#184,#699,.T.);
#699 = LINE('',#700,#701);
#700 = CARTESIAN_POINT('',(-90.55,49.4,27.000066040132));
#701 = VECTOR('',#702,1.);
#702 = DIRECTION('',(0.,0.,1.));
#703 = ORIENTED_EDGE('',*,*,#181,.F.);
#704 = PLANE('',#705);
#705 = AXIS2_PLACEMENT_3D('',#706,#707,#708);
#706 = CARTESIAN_POINT('',(-90.55,49.4,27.000066040132));
#707 = DIRECTION('',(-0.,1.,0.));
#708 = DIRECTION('',(0.,0.,1.));
#709 = ADVANCED_FACE('',(#710),#742,.T.);
#710 = FACE_BOUND('',#711,.T.);
#711 = EDGE_LOOP('',(#712,#713,#720,#727,#735,#741));
#712 = ORIENTED_EDGE('',*,*,#698,.F.);
#713 = ORIENTED_EDGE('',*,*,#714,.T.);
#714 = EDGE_CURVE('',#692,#715,#717,.T.);
#715 = VERTEX_POINT('',#716);
#716 = CARTESIAN_POINT('',(-90.55,49.403098806198,45.000088900178));
#717 = B_SPLINE_CURVE_WITH_KNOTS('',1,(#718,#719),.UNSPECIFIED.,.F.,.F.,
  (2,2),(0.,1.),.PIECEWISE_BEZIER_KNOTS.);
#718 = CARTESIAN_POINT('',(-90.55,49.4,45.000088900178));
#719 = CARTESIAN_POINT('',(-90.55,69.34,45.000088900178));
#720 = ORIENTED_EDGE('',*,*,#721,.F.);
#721 = EDGE_CURVE('',#722,#715,#724,.T.);
#722 = VERTEX_POINT('',#723);
#723 = CARTESIAN_POINT('',(-90.55,49.403098806198,49.000099060198));
#724 = B_SPLINE_CURVE_WITH_KNOTS('',1,(#725,#726),.UNSPECIFIED.,.F.,.F.,
  (2,2),(0.,1.),.PIECEWISE_BEZIER_KNOTS.);
#725 = CARTESIAN_POINT('',(-90.55,49.403098806198,49.000099075438));
#726 = CARTESIAN_POINT('',(-90.55,49.403098806198,45.000088900178));
#727 = ORIENTED_EDGE('',*,*,#728,.T.);
#728 = EDGE_CURVE('',#722,#729,#731,.T.);
#729 = VERTEX_POINT('',#730);
#730 = CARTESIAN_POINT('',(-90.55,69.34,49.000099060198));
#731 = LINE('',#732,#733);
#732 = CARTESIAN_POINT('',(-90.55,8.46196913894,49.000099060198));
#733 = VECTOR('',#734,1.);
#734 = DIRECTION('',(-0.,1.,0.));
#735 = ORIENTED_EDGE('',*,*,#736,.T.);
#736 = EDGE_CURVE('',#729,#192,#737,.T.);
#737 = LINE('',#738,#739);
#738 = CARTESIAN_POINT('',(-90.55,69.34,27.000066040132));
#739 = VECTOR('',#740,1.);
#740 = DIRECTION('',(0.,0.,1.));
#741 = ORIENTED_EDGE('',*,*,#191,.F.);
#742 = PLANE('',#743);
#743 = AXIS2_PLACEMENT_3D('',#744,#745,#746);
#744 = CARTESIAN_POINT('',(-90.55,49.4,27.000066040132));
#745 = DIRECTION('',(1.,0.,-0.));
#746 = DIRECTION('',(0.,0.,1.));
#747 = ADVANCED_FACE('',(#748),#780,.F.);
#748 = FACE_BOUND('',#749,.F.);
#749 = EDGE_LOOP('',(#750,#758,#765,#772,#778,#779));
#750 = ORIENTED_EDGE('',*,*,#751,.F.);
#751 = EDGE_CURVE('',#752,#200,#754,.T.);
#752 = VERTEX_POINT('',#753);
#753 = CARTESIAN_POINT('',(-80.39,69.34,45.000088900178));
#754 = LINE('',#755,#756);
#755 = CARTESIAN_POINT('',(-80.39,69.34,27.000066040132));
#756 = VECTOR('',#757,1.);
#757 = DIRECTION('',(0.,0.,1.));
#758 = ORIENTED_EDGE('',*,*,#759,.F.);
#759 = EDGE_CURVE('',#760,#752,#762,.T.);
#760 = VERTEX_POINT('',#761);
#761 = CARTESIAN_POINT('',(-80.39116078232,69.34,45.000088900178));
#762 = B_SPLINE_CURVE_WITH_KNOTS('',1,(#763,#764),.UNSPECIFIED.,.F.,.F.,
  (2,2),(0.,1.),.PIECEWISE_BEZIER_KNOTS.);
#763 = CARTESIAN_POINT('',(-90.55,69.34,45.000088900178));
#764 = CARTESIAN_POINT('',(-80.39,69.34,45.000088900178));
#765 = ORIENTED_EDGE('',*,*,#766,.F.);
#766 = EDGE_CURVE('',#767,#760,#769,.T.);
#767 = VERTEX_POINT('',#768);
#768 = CARTESIAN_POINT('',(-80.39116078232,69.34,49.000099060198));
#769 = B_SPLINE_CURVE_WITH_KNOTS('',1,(#770,#771),.UNSPECIFIED.,.F.,.F.,
  (2,2),(0.,1.),.PIECEWISE_BEZIER_KNOTS.);
#770 = CARTESIAN_POINT('',(-80.39116078232,69.34,49.000099075438));
#771 = CARTESIAN_POINT('',(-80.39116078232,69.34,45.000088900178));
#772 = ORIENTED_EDGE('',*,*,#773,.T.);
#773 = EDGE_CURVE('',#767,#729,#774,.T.);
#774 = LINE('',#775,#776);
#775 = CARTESIAN_POINT('',(-94.40609664719,69.34,49.000099060198));
#776 = VECTOR('',#777,1.);
#777 = DIRECTION('',(-1.,-0.,0.));
#778 = ORIENTED_EDGE('',*,*,#736,.T.);
#779 = ORIENTED_EDGE('',*,*,#199,.F.);
#780 = PLANE('',#781);
#781 = AXIS2_PLACEMENT_3D('',#782,#783,#784);
#782 = CARTESIAN_POINT('',(-90.55,69.34,27.000066040132));
#783 = DIRECTION('',(-0.,1.,0.));
#784 = DIRECTION('',(0.,0.,1.));
#785 = ADVANCED_FACE('',(#786),#796,.F.);
#786 = FACE_BOUND('',#787,.F.);
#787 = EDGE_LOOP('',(#788,#789,#794,#795));
#788 = ORIENTED_EDGE('',*,*,#683,.F.);
#789 = ORIENTED_EDGE('',*,*,#790,.T.);
#790 = EDGE_CURVE('',#684,#752,#791,.T.);
#791 = B_SPLINE_CURVE_WITH_KNOTS('',1,(#792,#793),.UNSPECIFIED.,.F.,.F.,
  (2,2),(0.,1.),.PIECEWISE_BEZIER_KNOTS.);
#792 = CARTESIAN_POINT('',(-80.39,49.4,45.000088900178));
#793 = CARTESIAN_POINT('',(-80.39,69.34,45.000088900178));
#794 = ORIENTED_EDGE('',*,*,#751,.T.);
#795 = ORIENTED_EDGE('',*,*,#207,.F.);
#796 = PLANE('',#797);
#797 = AXIS2_PLACEMENT_3D('',#798,#799,#800);
#798 = CARTESIAN_POINT('',(-80.39,49.4,27.000066040132));
#799 = DIRECTION('',(1.,0.,-0.));
#800 = DIRECTION('',(0.,0.,1.));
#801 = ADVANCED_FACE('',(#802),#830,.F.);
#802 = FACE_BOUND('',#803,.F.);
#803 = EDGE_LOOP('',(#804,#805,#813,#822,#829));
#804 = ORIENTED_EDGE('',*,*,#215,.F.);
#805 = ORIENTED_EDGE('',*,*,#806,.F.);
#806 = EDGE_CURVE('',#807,#216,#809,.T.);
#807 = VERTEX_POINT('',#808);
#808 = CARTESIAN_POINT('',(-62.01219329438,67.141652449756,
    48.500097366861));
#809 = LINE('',#810,#811);
#810 = CARTESIAN_POINT('',(-62.01219329438,67.141652449756,
    42.000099060198));
#811 = VECTOR('',#812,1.);
#812 = DIRECTION('',(0.,0.,1.));
#813 = ORIENTED_EDGE('',*,*,#814,.T.);
#814 = EDGE_CURVE('',#807,#815,#817,.T.);
#815 = VERTEX_POINT('',#816);
#816 = CARTESIAN_POINT('',(-63.95749975261,68.180425249332,
    48.500096520193));
#817 = CIRCLE('',#818,1.25);
#818 = AXIS2_PLACEMENT_3D('',#819,#820,#821);
#819 = CARTESIAN_POINT('',(-63.26219329438,67.141652449756,
    48.500099060198));
#820 = DIRECTION('',(0.,0.,1.));
#821 = DIRECTION('',(1.,0.,-0.));
#822 = ORIENTED_EDGE('',*,*,#823,.T.);
#823 = EDGE_CURVE('',#815,#807,#824,.T.);
#824 = CIRCLE('',#825,1.25);
#825 = AXIS2_PLACEMENT_3D('',#826,#827,#828);
#826 = CARTESIAN_POINT('',(-63.26219329438,67.141652449756,
    48.500099060198));
#827 = DIRECTION('',(0.,0.,1.));
#828 = DIRECTION('',(1.,0.,-0.));
#829 = ORIENTED_EDGE('',*,*,#806,.T.);
#830 = CYLINDRICAL_SURFACE('',#831,1.25);
#831 = AXIS2_PLACEMENT_3D('',#832,#833,#834);
#832 = CARTESIAN_POINT('',(-63.26219329438,67.141652449756,
    42.000099060198));
#833 = DIRECTION('',(0.,0.,1.));
#834 = DIRECTION('',(1.,0.,-0.));
#835 = ADVANCED_FACE('',(#836),#875,.T.);
#836 = FACE_BOUND('',#837,.T.);
#837 = EDGE_LOOP('',(#838,#846,#853,#860,#868,#874));
#838 = ORIENTED_EDGE('',*,*,#839,.F.);
#839 = EDGE_CURVE('',#840,#227,#842,.T.);
#840 = VERTEX_POINT('',#841);
#841 = CARTESIAN_POINT('',(-11.43,59.59,47.700093980188));
#842 = LINE('',#843,#844);
#843 = CARTESIAN_POINT('',(-11.43,59.59,27.000066040132));
#844 = VECTOR('',#845,1.);
#845 = DIRECTION('',(0.,0.,1.));
#846 = ORIENTED_EDGE('',*,*,#847,.F.);
#847 = EDGE_CURVE('',#848,#840,#850,.T.);
#848 = VERTEX_POINT('',#849);
#849 = CARTESIAN_POINT('',(-11.43002286004,59.59,47.700093980188));
#850 = B_SPLINE_CURVE_WITH_KNOTS('',1,(#851,#852),.UNSPECIFIED.,.F.,.F.,
  (2,2),(0.,1.),.PIECEWISE_BEZIER_KNOTS.);
#851 = CARTESIAN_POINT('',(-38.48,59.59,47.700093980188));
#852 = CARTESIAN_POINT('',(-11.43,59.59,47.700093980188));
#853 = ORIENTED_EDGE('',*,*,#854,.F.);
#854 = EDGE_CURVE('',#855,#848,#857,.T.);
#855 = VERTEX_POINT('',#856);
#856 = CARTESIAN_POINT('',(-11.43002286004,59.59,49.000099060198));
#857 = B_SPLINE_CURVE_WITH_KNOTS('',1,(#858,#859),.UNSPECIFIED.,.F.,.F.,
  (2,2),(0.,1.),.PIECEWISE_BEZIER_KNOTS.);
#858 = CARTESIAN_POINT('',(-11.43002286004,59.59,49.000099075438));
#859 = CARTESIAN_POINT('',(-11.43002286004,59.59,47.700093980188));
#860 = ORIENTED_EDGE('',*,*,#861,.T.);
#861 = EDGE_CURVE('',#855,#862,#864,.T.);
#862 = VERTEX_POINT('',#863);
#863 = CARTESIAN_POINT('',(-38.48,59.59,49.000099060198));
#864 = LINE('',#865,#866);
#865 = CARTESIAN_POINT('',(-68.37109664719,59.59,49.000099060198));
#866 = VECTOR('',#867,1.);
#867 = DIRECTION('',(-1.,-0.,0.));
#868 = ORIENTED_EDGE('',*,*,#869,.T.);
#869 = EDGE_CURVE('',#862,#229,#870,.T.);
#870 = LINE('',#871,#872);
#871 = CARTESIAN_POINT('',(-38.48,59.59,27.000066040132));
#872 = VECTOR('',#873,1.);
#873 = DIRECTION('',(0.,0.,1.));
#874 = ORIENTED_EDGE('',*,*,#226,.F.);
#875 = PLANE('',#876);
#876 = AXIS2_PLACEMENT_3D('',#877,#878,#879);
#877 = CARTESIAN_POINT('',(-38.48,59.59,27.000066040132));
#878 = DIRECTION('',(-0.,1.,0.));
#879 = DIRECTION('',(0.,0.,1.));
#880 = ADVANCED_FACE('',(#881),#913,.T.);
#881 = FACE_BOUND('',#882,.T.);
#882 = EDGE_LOOP('',(#883,#884,#892,#899,#906,#912));
#883 = ORIENTED_EDGE('',*,*,#869,.F.);
#884 = ORIENTED_EDGE('',*,*,#885,.T.);
#885 = EDGE_CURVE('',#862,#886,#888,.T.);
#886 = VERTEX_POINT('',#887);
#887 = CARTESIAN_POINT('',(-38.48,76.587005334011,49.000099060198));
#888 = LINE('',#889,#890);
#889 = CARTESIAN_POINT('',(-38.48,13.55696913894,49.000099060198));
#890 = VECTOR('',#891,1.);
#891 = DIRECTION('',(-0.,1.,0.));
#892 = ORIENTED_EDGE('',*,*,#893,.T.);
#893 = EDGE_CURVE('',#886,#894,#896,.T.);
#894 = VERTEX_POINT('',#895);
#895 = CARTESIAN_POINT('',(-38.48,76.587005334011,47.700093980188));
#896 = B_SPLINE_CURVE_WITH_KNOTS('',1,(#897,#898),.UNSPECIFIED.,.F.,.F.,
  (2,2),(0.,1.),.PIECEWISE_BEZIER_KNOTS.);
#897 = CARTESIAN_POINT('',(-38.48,76.587005334011,49.000099075438));
#898 = CARTESIAN_POINT('',(-38.48,76.587005334011,47.700093980188));
#899 = ORIENTED_EDGE('',*,*,#900,.T.);
#900 = EDGE_CURVE('',#894,#901,#903,.T.);
#901 = VERTEX_POINT('',#902);
#902 = CARTESIAN_POINT('',(-38.48,76.59,47.700093980188));
#903 = B_SPLINE_CURVE_WITH_KNOTS('',1,(#904,#905),.UNSPECIFIED.,.F.,.F.,
  (2,2),(0.,1.),.PIECEWISE_BEZIER_KNOTS.);
#904 = CARTESIAN_POINT('',(-38.48,59.59,47.700093980188));
#905 = CARTESIAN_POINT('',(-38.48,76.59,47.700093980188));
#906 = ORIENTED_EDGE('',*,*,#907,.T.);
#907 = EDGE_CURVE('',#901,#237,#908,.T.);
#908 = LINE('',#909,#910);
#909 = CARTESIAN_POINT('',(-38.48,76.59,27.000066040132));
#910 = VECTOR('',#911,1.);
#911 = DIRECTION('',(0.,0.,1.));
#912 = ORIENTED_EDGE('',*,*,#236,.F.);
#913 = PLANE('',#914);
#914 = AXIS2_PLACEMENT_3D('',#915,#916,#917);
#915 = CARTESIAN_POINT('',(-38.48,59.59,27.000066040132));
#916 = DIRECTION('',(1.,0.,-0.));
#917 = DIRECTION('',(0.,0.,1.));
#918 = ADVANCED_FACE('',(#919),#936,.F.);
#919 = FACE_BOUND('',#920,.F.);
#920 = EDGE_LOOP('',(#921,#929,#934,#935));
#921 = ORIENTED_EDGE('',*,*,#922,.F.);
#922 = EDGE_CURVE('',#923,#245,#925,.T.);
#923 = VERTEX_POINT('',#924);
#924 = CARTESIAN_POINT('',(-11.43,76.59,47.700093980188));
#925 = LINE('',#926,#927);
#926 = CARTESIAN_POINT('',(-11.43,76.59,27.000066040132));
#927 = VECTOR('',#928,1.);
#928 = DIRECTION('',(0.,0.,1.));
#929 = ORIENTED_EDGE('',*,*,#930,.F.);
#930 = EDGE_CURVE('',#901,#923,#931,.T.);
#931 = B_SPLINE_CURVE_WITH_KNOTS('',1,(#932,#933),.UNSPECIFIED.,.F.,.F.,
  (2,2),(0.,1.),.PIECEWISE_BEZIER_KNOTS.);
#932 = CARTESIAN_POINT('',(-38.48,76.59,47.700093980188));
#933 = CARTESIAN_POINT('',(-11.43,76.59,47.700093980188));
#934 = ORIENTED_EDGE('',*,*,#907,.T.);
#935 = ORIENTED_EDGE('',*,*,#244,.F.);
#936 = PLANE('',#937);
#937 = AXIS2_PLACEMENT_3D('',#938,#939,#940);
#938 = CARTESIAN_POINT('',(-38.48,76.59,27.000066040132));
#939 = DIRECTION('',(-0.,1.,0.));
#940 = DIRECTION('',(0.,0.,1.));
#941 = ADVANCED_FACE('',(#942),#952,.F.);
#942 = FACE_BOUND('',#943,.F.);
#943 = EDGE_LOOP('',(#944,#945,#950,#951));
#944 = ORIENTED_EDGE('',*,*,#839,.F.);
#945 = ORIENTED_EDGE('',*,*,#946,.T.);
#946 = EDGE_CURVE('',#840,#923,#947,.T.);
#947 = B_SPLINE_CURVE_WITH_KNOTS('',1,(#948,#949),.UNSPECIFIED.,.F.,.F.,
  (2,2),(0.,1.),.PIECEWISE_BEZIER_KNOTS.);
#948 = CARTESIAN_POINT('',(-11.43,59.59,47.700093980188));
#949 = CARTESIAN_POINT('',(-11.43,76.59,47.700093980188));
#950 = ORIENTED_EDGE('',*,*,#922,.T.);
#951 = ORIENTED_EDGE('',*,*,#252,.F.);
#952 = PLANE('',#953);
#953 = AXIS2_PLACEMENT_3D('',#954,#955,#956);
#954 = CARTESIAN_POINT('',(-11.43,59.59,27.000066040132));
#955 = DIRECTION('',(1.,0.,-0.));
#956 = DIRECTION('',(0.,0.,1.));
#957 = ADVANCED_FACE('',(#958,#964),#998,.T.);
#958 = FACE_BOUND('',#959,.T.);
#959 = EDGE_LOOP('',(#960,#961,#962,#963));
#960 = ORIENTED_EDGE('',*,*,#545,.F.);
#961 = ORIENTED_EDGE('',*,*,#520,.T.);
#962 = ORIENTED_EDGE('',*,*,#504,.T.);
#963 = ORIENTED_EDGE('',*,*,#276,.F.);
#964 = FACE_BOUND('',#965,.T.);
#965 = EDGE_LOOP('',(#966,#976,#984,#992));
#966 = ORIENTED_EDGE('',*,*,#967,.F.);
#967 = EDGE_CURVE('',#968,#970,#972,.T.);
#968 = VERTEX_POINT('',#969);
#969 = CARTESIAN_POINT('',(-71.26219329438,71.141652449756,
    50.000099060198));
#970 = VERTEX_POINT('',#971);
#971 = CARTESIAN_POINT('',(-55.26219329438,71.141652449756,
    50.000099060198));
#972 = LINE('',#973,#974);
#973 = CARTESIAN_POINT('',(-71.76219329438,71.141652449756,
    50.000099060198));
#974 = VECTOR('',#975,1.);
#975 = DIRECTION('',(1.,0.,-0.));
#976 = ORIENTED_EDGE('',*,*,#977,.F.);
#977 = EDGE_CURVE('',#978,#968,#980,.T.);
#978 = VERTEX_POINT('',#979);
#979 = CARTESIAN_POINT('',(-71.26219329438,85.141652449756,
    50.000099060198));
#980 = LINE('',#981,#982);
#981 = CARTESIAN_POINT('',(-71.26219329438,70.641652449756,
    50.000099060198));
#982 = VECTOR('',#983,1.);
#983 = DIRECTION('',(0.,-1.,0.));
#984 = ORIENTED_EDGE('',*,*,#985,.T.);
#985 = EDGE_CURVE('',#978,#986,#988,.T.);
#986 = VERTEX_POINT('',#987);
#987 = CARTESIAN_POINT('',(-55.26219329438,85.141652449756,
    50.000099060198));
#988 = LINE('',#989,#990);
#989 = CARTESIAN_POINT('',(-71.76219329438,85.141652449756,
    50.000099060198));
#990 = VECTOR('',#991,1.);
#991 = DIRECTION('',(1.,0.,-0.));
#992 = ORIENTED_EDGE('',*,*,#993,.T.);
#993 = EDGE_CURVE('',#986,#970,#994,.T.);
#994 = LINE('',#995,#996);
#995 = CARTESIAN_POINT('',(-55.26219329438,70.641652449756,
    50.000099060198));
#996 = VECTOR('',#997,1.);
#997 = DIRECTION('',(0.,-1.,0.));
#998 = PLANE('',#999);
#999 = AXIS2_PLACEMENT_3D('',#1000,#1001,#1002);
#1000 = CARTESIAN_POINT('',(-72.26219329438,70.141652449756,
    50.000099060198));
#1001 = DIRECTION('',(0.,0.,1.));
#1002 = DIRECTION('',(1.,0.,-0.));
#1003 = ADVANCED_FACE('',(#1004),#1029,.T.);
#1004 = FACE_BOUND('',#1005,.T.);
#1005 = EDGE_LOOP('',(#1006,#1014,#1022,#1028));
#1006 = ORIENTED_EDGE('',*,*,#1007,.F.);
#1007 = EDGE_CURVE('',#1008,#334,#1010,.T.);
#1008 = VERTEX_POINT('',#1009);
#1009 = CARTESIAN_POINT('',(4.82,97.02,28.));
#1010 = LINE('',#1011,#1012);
#1011 = CARTESIAN_POINT('',(4.82,97.02,28.));
#1012 = VECTOR('',#1013,1.);
#1013 = DIRECTION('',(0.,0.,1.));
#1014 = ORIENTED_EDGE('',*,*,#1015,.F.);
#1015 = EDGE_CURVE('',#1016,#1008,#1018,.T.);
#1016 = VERTEX_POINT('',#1017);
#1017 = CARTESIAN_POINT('',(-98.16,97.02,28.));
#1018 = LINE('',#1019,#1020);
#1019 = CARTESIAN_POINT('',(-98.16,97.02,28.));
#1020 = VECTOR('',#1021,1.);
#1021 = DIRECTION('',(1.,0.,-0.));
#1022 = ORIENTED_EDGE('',*,*,#1023,.T.);
#1023 = EDGE_CURVE('',#1016,#332,#1024,.T.);
#1024 = LINE('',#1025,#1026);
#1025 = CARTESIAN_POINT('',(-98.16,97.02,28.));
#1026 = VECTOR('',#1027,1.);
#1027 = DIRECTION('',(0.,0.,1.));
#1028 = ORIENTED_EDGE('',*,*,#331,.T.);
#1029 = PLANE('',#1030);
#1030 = AXIS2_PLACEMENT_3D('',#1031,#1032,#1033);
#1031 = CARTESIAN_POINT('',(-98.16,97.02,28.));
#1032 = DIRECTION('',(-0.,1.,0.));
#1033 = DIRECTION('',(0.,0.,1.));
#1034 = ADVANCED_FACE('',(#1035),#1053,.T.);
#1035 = FACE_BOUND('',#1036,.T.);
#1036 = EDGE_LOOP('',(#1037,#1045,#1051,#1052));
#1037 = ORIENTED_EDGE('',*,*,#1038,.F.);
#1038 = EDGE_CURVE('',#1039,#350,#1041,.T.);
#1039 = VERTEX_POINT('',#1040);
#1040 = CARTESIAN_POINT('',(4.82,-32.38,28.));
#1041 = LINE('',#1042,#1043);
#1042 = CARTESIAN_POINT('',(4.82,-32.38,28.));
#1043 = VECTOR('',#1044,1.);
#1044 = DIRECTION('',(0.,0.,1.));
#1045 = ORIENTED_EDGE('',*,*,#1046,.T.);
#1046 = EDGE_CURVE('',#1039,#1008,#1047,.T.);
#1047 = LINE('',#1048,#1049);
#1048 = CARTESIAN_POINT('',(4.82,-32.38,28.));
#1049 = VECTOR('',#1050,1.);
#1050 = DIRECTION('',(-0.,1.,0.));
#1051 = ORIENTED_EDGE('',*,*,#1007,.T.);
#1052 = ORIENTED_EDGE('',*,*,#357,.T.);
#1053 = PLANE('',#1054);
#1054 = AXIS2_PLACEMENT_3D('',#1055,#1056,#1057);
#1055 = CARTESIAN_POINT('',(4.82,-32.38,28.));
#1056 = DIRECTION('',(1.,0.,-0.));
#1057 = DIRECTION('',(0.,0.,1.));
#1058 = ADVANCED_FACE('',(#1059),#1077,.F.);
#1059 = FACE_BOUND('',#1060,.F.);
#1060 = EDGE_LOOP('',(#1061,#1062,#1070,#1076));
#1061 = ORIENTED_EDGE('',*,*,#1038,.F.);
#1062 = ORIENTED_EDGE('',*,*,#1063,.F.);
#1063 = EDGE_CURVE('',#1064,#1039,#1066,.T.);
#1064 = VERTEX_POINT('',#1065);
#1065 = CARTESIAN_POINT('',(-98.16,-32.38,28.));
#1066 = LINE('',#1067,#1068);
#1067 = CARTESIAN_POINT('',(-98.16,-32.38,28.));
#1068 = VECTOR('',#1069,1.);
#1069 = DIRECTION('',(1.,0.,-0.));
#1070 = ORIENTED_EDGE('',*,*,#1071,.T.);
#1071 = EDGE_CURVE('',#1064,#342,#1072,.T.);
#1072 = LINE('',#1073,#1074);
#1073 = CARTESIAN_POINT('',(-98.16,-32.38,28.));
#1074 = VECTOR('',#1075,1.);
#1075 = DIRECTION('',(0.,0.,1.));
#1076 = ORIENTED_EDGE('',*,*,#349,.T.);
#1077 = PLANE('',#1078);
#1078 = AXIS2_PLACEMENT_3D('',#1079,#1080,#1081);
#1079 = CARTESIAN_POINT('',(-98.16,-32.38,28.));
#1080 = DIRECTION('',(-0.,1.,0.));
#1081 = DIRECTION('',(0.,0.,1.));
#1082 = ADVANCED_FACE('',(#1083),#1094,.F.);
#1083 = FACE_BOUND('',#1084,.F.);
#1084 = EDGE_LOOP('',(#1085,#1086,#1092,#1093));
#1085 = ORIENTED_EDGE('',*,*,#1071,.F.);
#1086 = ORIENTED_EDGE('',*,*,#1087,.T.);
#1087 = EDGE_CURVE('',#1064,#1016,#1088,.T.);
#1088 = LINE('',#1089,#1090);
#1089 = CARTESIAN_POINT('',(-98.16,-32.38,28.));
#1090 = VECTOR('',#1091,1.);
#1091 = DIRECTION('',(-0.,1.,0.));
#1092 = ORIENTED_EDGE('',*,*,#1023,.T.);
#1093 = ORIENTED_EDGE('',*,*,#341,.T.);
#1094 = PLANE('',#1095);
#1095 = AXIS2_PLACEMENT_3D('',#1096,#1097,#1098);
#1096 = CARTESIAN_POINT('',(-98.16,-32.38,28.));
#1097 = DIRECTION('',(1.,0.,-0.));
#1098 = DIRECTION('',(0.,0.,1.));
#1099 = ADVANCED_FACE('',(#1100,#1134),#1137,.T.);
#1100 = FACE_BOUND('',#1101,.T.);
#1101 = EDGE_LOOP('',(#1102,#1112,#1120,#1128));
#1102 = ORIENTED_EDGE('',*,*,#1103,.F.);
#1103 = EDGE_CURVE('',#1104,#1106,#1108,.T.);
#1104 = VERTEX_POINT('',#1105);
#1105 = CARTESIAN_POINT('',(-96.76,-30.98,32.000066040132));
#1106 = VERTEX_POINT('',#1107);
#1107 = CARTESIAN_POINT('',(-96.76,-30.98,35.));
#1108 = LINE('',#1109,#1110);
#1109 = CARTESIAN_POINT('',(-96.76,-30.98,32.));
#1110 = VECTOR('',#1111,1.);
#1111 = DIRECTION('',(0.,0.,1.));
#1112 = ORIENTED_EDGE('',*,*,#1113,.F.);
#1113 = EDGE_CURVE('',#1114,#1104,#1116,.T.);
#1114 = VERTEX_POINT('',#1115);
#1115 = CARTESIAN_POINT('',(-96.76,95.62,32.000066040132));
#1116 = LINE('',#1117,#1118);
#1117 = CARTESIAN_POINT('',(-96.76,0.676397681909,32.000066040132));
#1118 = VECTOR('',#1119,1.);
#1119 = DIRECTION('',(0.,-1.,0.));
#1120 = ORIENTED_EDGE('',*,*,#1121,.T.);
#1121 = EDGE_CURVE('',#1114,#1122,#1124,.T.);
#1122 = VERTEX_POINT('',#1123);
#1123 = CARTESIAN_POINT('',(-96.76,95.62,35.));
#1124 = LINE('',#1125,#1126);
#1125 = CARTESIAN_POINT('',(-96.76,95.62,32.));
#1126 = VECTOR('',#1127,1.);
#1127 = DIRECTION('',(0.,0.,1.));
#1128 = ORIENTED_EDGE('',*,*,#1129,.F.);
#1129 = EDGE_CURVE('',#1106,#1122,#1130,.T.);
#1130 = LINE('',#1131,#1132);
#1131 = CARTESIAN_POINT('',(-96.76,-30.98,35.));
#1132 = VECTOR('',#1133,1.);
#1133 = DIRECTION('',(-0.,1.,0.));
#1134 = FACE_BOUND('',#1135,.T.);
#1135 = EDGE_LOOP('',(#1136));
#1136 = ORIENTED_EDGE('',*,*,#388,.F.);
#1137 = PLANE('',#1138);
#1138 = AXIS2_PLACEMENT_3D('',#1139,#1140,#1141);
#1139 = CARTESIAN_POINT('',(-96.76,-30.98,32.));
#1140 = DIRECTION('',(1.,0.,-0.));
#1141 = DIRECTION('',(0.,0.,1.));
#1142 = ADVANCED_FACE('',(#1143),#1147,.F.);
#1143 = FACE_BOUND('',#1144,.F.);
#1144 = EDGE_LOOP('',(#1145,#1146));
#1145 = ORIENTED_EDGE('',*,*,#412,.F.);
#1146 = ORIENTED_EDGE('',*,*,#439,.T.);
#1147 = PLANE('',#1148);
#1148 = AXIS2_PLACEMENT_3D('',#1149,#1150,#1151);
#1149 = CARTESIAN_POINT('',(-98.76,32.32,33.));
#1150 = DIRECTION('',(1.,0.,0.));
#1151 = DIRECTION('',(-0.,0.,1.));
#1152 = ADVANCED_FACE('',(#1153),#1179,.T.);
#1153 = FACE_BOUND('',#1154,.T.);
#1154 = EDGE_LOOP('',(#1155,#1163,#1164,#1172));
#1155 = ORIENTED_EDGE('',*,*,#1156,.F.);
#1156 = EDGE_CURVE('',#462,#1157,#1159,.T.);
#1157 = VERTEX_POINT('',#1158);
#1158 = CARTESIAN_POINT('',(5.42,31.774564394268,33.25));
#1159 = LINE('',#1160,#1161);
#1160 = CARTESIAN_POINT('',(-2.58,31.774564394268,33.25));
#1161 = VECTOR('',#1162,1.);
#1162 = DIRECTION('',(1.,0.,0.));
#1163 = ORIENTED_EDGE('',*,*,#461,.T.);
#1164 = ORIENTED_EDGE('',*,*,#1165,.T.);
#1165 = EDGE_CURVE('',#464,#1166,#1168,.T.);
#1166 = VERTEX_POINT('',#1167);
#1167 = CARTESIAN_POINT('',(5.42,32.865435605732,33.25));
#1168 = LINE('',#1169,#1170);
#1169 = CARTESIAN_POINT('',(-2.58,32.865435605732,33.25));
#1170 = VECTOR('',#1171,1.);
#1171 = DIRECTION('',(1.,0.,0.));
#1172 = ORIENTED_EDGE('',*,*,#1173,.F.);
#1173 = EDGE_CURVE('',#1157,#1166,#1174,.T.);
#1174 = CIRCLE('',#1175,0.6);
#1175 = AXIS2_PLACEMENT_3D('',#1176,#1177,#1178);
#1176 = CARTESIAN_POINT('',(5.42,32.32,33.));
#1177 = DIRECTION('',(1.,0.,0.));
#1178 = DIRECTION('',(-0.,0.,1.));
#1179 = CYLINDRICAL_SURFACE('',#1180,0.6);
#1180 = AXIS2_PLACEMENT_3D('',#1181,#1182,#1183);
#1181 = CARTESIAN_POINT('',(-2.58,32.32,33.));
#1182 = DIRECTION('',(1.,0.,0.));
#1183 = DIRECTION('',(-0.,0.,1.));
#1184 = ADVANCED_FACE('',(#1185),#1214,.F.);
#1185 = FACE_BOUND('',#1186,.F.);
#1186 = EDGE_LOOP('',(#1187,#1194,#1195,#1196,#1204,#1211,#1212,#1213));
#1187 = ORIENTED_EDGE('',*,*,#1188,.F.);
#1188 = EDGE_CURVE('',#1157,#1166,#1189,.T.);
#1189 = CIRCLE('',#1190,0.6);
#1190 = AXIS2_PLACEMENT_3D('',#1191,#1192,#1193);
#1191 = CARTESIAN_POINT('',(5.42,32.32,33.5));
#1192 = DIRECTION('',(1.,0.,0.));
#1193 = DIRECTION('',(-0.,0.,1.));
#1194 = ORIENTED_EDGE('',*,*,#1156,.F.);
#1195 = ORIENTED_EDGE('',*,*,#472,.F.);
#1196 = ORIENTED_EDGE('',*,*,#1197,.F.);
#1197 = EDGE_CURVE('',#1198,#473,#1200,.T.);
#1198 = VERTEX_POINT('',#1199);
#1199 = CARTESIAN_POINT('',(3.42,32.32,34.1));
#1200 = LINE('',#1201,#1202);
#1201 = CARTESIAN_POINT('',(-2.58,32.32,34.1));
#1202 = VECTOR('',#1203,1.);
#1203 = DIRECTION('',(1.,0.,0.));
#1204 = ORIENTED_EDGE('',*,*,#1205,.T.);
#1205 = EDGE_CURVE('',#1198,#1198,#1206,.T.);
#1206 = CIRCLE('',#1207,0.6);
#1207 = AXIS2_PLACEMENT_3D('',#1208,#1209,#1210);
#1208 = CARTESIAN_POINT('',(3.42,32.32,33.5));
#1209 = DIRECTION('',(1.,0.,0.));
#1210 = DIRECTION('',(-0.,0.,1.));
#1211 = ORIENTED_EDGE('',*,*,#1197,.T.);
#1212 = ORIENTED_EDGE('',*,*,#481,.F.);
#1213 = ORIENTED_EDGE('',*,*,#1165,.T.);
#1214 = CYLINDRICAL_SURFACE('',#1215,0.6);
#1215 = AXIS2_PLACEMENT_3D('',#1216,#1217,#1218);
#1216 = CARTESIAN_POINT('',(-2.58,32.32,33.5));
#1217 = DIRECTION('',(1.,0.,0.));
#1218 = DIRECTION('',(-0.,0.,1.));
#1219 = ADVANCED_FACE('',(#1220,#1250),#1282,.T.);
#1220 = FACE_BOUND('',#1221,.T.);
#1221 = EDGE_LOOP('',(#1222,#1231,#1238,#1245));
#1222 = ORIENTED_EDGE('',*,*,#1223,.T.);
#1223 = EDGE_CURVE('',#1224,#1226,#1228,.T.);
#1224 = VERTEX_POINT('',#1225);
#1225 = CARTESIAN_POINT('',(-91.82118364236,-3.556007112014,
    45.000088900178));
#1226 = VERTEX_POINT('',#1227);
#1227 = CARTESIAN_POINT('',(-91.82118364236,39.116078232156,
    45.000088900178));
#1228 = B_SPLINE_CURVE_WITH_KNOTS('',1,(#1229,#1230),.UNSPECIFIED.,.F.,
  .F.,(2,2),(0.,1.68E+03),.PIECEWISE_BEZIER_KNOTS.);
#1229 = CARTESIAN_POINT('',(-91.82118364236,-3.556007112014,
    45.000088900178));
#1230 = CARTESIAN_POINT('',(-91.82118364236,39.116078232156,
    45.000088900178));
#1231 = ORIENTED_EDGE('',*,*,#1232,.T.);
#1232 = EDGE_CURVE('',#1226,#1233,#1235,.T.);
#1233 = VERTEX_POINT('',#1234);
#1234 = CARTESIAN_POINT('',(-1.651003302007,39.116078232156,
    45.000088900178));
#1235 = B_SPLINE_CURVE_WITH_KNOTS('',1,(#1236,#1237),.UNSPECIFIED.,.F.,
  .F.,(2,2),(0.,3.55E+03),.PIECEWISE_BEZIER_KNOTS.);
#1236 = CARTESIAN_POINT('',(-91.82118364236,39.116078232156,
    45.000088900178));
#1237 = CARTESIAN_POINT('',(-1.651003302007,39.116078232156,
    45.000088900178));
#1238 = ORIENTED_EDGE('',*,*,#1239,.T.);
#1239 = EDGE_CURVE('',#1233,#1240,#1242,.T.);
#1240 = VERTEX_POINT('',#1241);
#1241 = CARTESIAN_POINT('',(-1.651003302007,-3.556007112014,
    45.000088900178));
#1242 = B_SPLINE_CURVE_WITH_KNOTS('',1,(#1243,#1244),.UNSPECIFIED.,.F.,
  .F.,(2,2),(0.,1.68E+03),.PIECEWISE_BEZIER_KNOTS.);
#1243 = CARTESIAN_POINT('',(-1.651003302007,39.116078232156,
    45.000088900178));
#1244 = CARTESIAN_POINT('',(-1.651003302007,-3.556007112014,
    45.000088900178));
#1245 = ORIENTED_EDGE('',*,*,#1246,.T.);
#1246 = EDGE_CURVE('',#1240,#1224,#1247,.T.);
#1247 = B_SPLINE_CURVE_WITH_KNOTS('',1,(#1248,#1249),.UNSPECIFIED.,.F.,
  .F.,(2,2),(0.,3.55E+03),.PIECEWISE_BEZIER_KNOTS.);
#1248 = CARTESIAN_POINT('',(-1.651003302007,-3.556007112014,
    45.000088900178));
#1249 = CARTESIAN_POINT('',(-91.82118364236,-3.556007112014,
    45.000088900178));
#1250 = FACE_BOUND('',#1251,.T.);
#1251 = EDGE_LOOP('',(#1252,#1261,#1268,#1273,#1274,#1275,#1276,#1277));
#1252 = ORIENTED_EDGE('',*,*,#1253,.F.);
#1253 = EDGE_CURVE('',#1254,#1256,#1258,.T.);
#1254 = VERTEX_POINT('',#1255);
#1255 = CARTESIAN_POINT('',(-88.90017780035,0.127000254001,
    45.000088900178));
#1256 = VERTEX_POINT('',#1257);
#1257 = CARTESIAN_POINT('',(-88.90017780035,35.306070612141,
    45.000088900178));
#1258 = B_SPLINE_CURVE_WITH_KNOTS('',1,(#1259,#1260),.UNSPECIFIED.,.F.,
  .F.,(2,2),(-347.5,1.0375E+03),.PIECEWISE_BEZIER_KNOTS.);
#1259 = CARTESIAN_POINT('',(-88.90017780035,0.127000254001,
    45.000088900178));
#1260 = CARTESIAN_POINT('',(-88.90017780035,35.306070612141,
    45.000088900178));
#1261 = ORIENTED_EDGE('',*,*,#1262,.F.);
#1262 = EDGE_CURVE('',#1263,#1254,#1265,.T.);
#1263 = VERTEX_POINT('',#1264);
#1264 = CARTESIAN_POINT('',(-4.634805689611,0.127000254001,
    45.000088900178));
#1265 = B_SPLINE_CURVE_WITH_KNOTS('',1,(#1266,#1267),.UNSPECIFIED.,.F.,
  .F.,(2,2),(-828.76385,2.48876385E+03),.PIECEWISE_BEZIER_KNOTS.);
#1266 = CARTESIAN_POINT('',(-4.634805689611,0.127000254001,
    45.000088900178));
#1267 = CARTESIAN_POINT('',(-88.90017780035,0.127000254001,
    45.000088900178));
#1268 = ORIENTED_EDGE('',*,*,#1269,.F.);
#1269 = EDGE_CURVE('',#570,#1263,#1270,.T.);
#1270 = B_SPLINE_CURVE_WITH_KNOTS('',1,(#1271,#1272),.UNSPECIFIED.,.F.,
  .F.,(2,2),(-345.,1.04E+03),.PIECEWISE_BEZIER_KNOTS.);
#1271 = CARTESIAN_POINT('',(-4.634805689611,35.306070612141,
    45.000088900178));
#1272 = CARTESIAN_POINT('',(-4.634805689611,0.127000254001,
    45.000088900178));
#1273 = ORIENTED_EDGE('',*,*,#569,.T.);
#1274 = ORIENTED_EDGE('',*,*,#668,.T.);
#1275 = ORIENTED_EDGE('',*,*,#652,.F.);
#1276 = ORIENTED_EDGE('',*,*,#622,.F.);
#1277 = ORIENTED_EDGE('',*,*,#1278,.F.);
#1278 = EDGE_CURVE('',#1256,#616,#1279,.T.);
#1279 = B_SPLINE_CURVE_WITH_KNOTS('',1,(#1280,#1281),.UNSPECIFIED.,.F.,
  .F.,(2,2),(-830.,2.4875277E+03),.PIECEWISE_BEZIER_KNOTS.);
#1280 = CARTESIAN_POINT('',(-88.90017780035,35.306070612141,
    45.000088900178));
#1281 = CARTESIAN_POINT('',(-4.634805689611,35.306070612141,
    45.000088900178));
#1282 = B_SPLINE_SURFACE_WITH_KNOTS('',1,1,(
    (#1283,#1284)
    ,(#1285,#1286
    )),.UNSPECIFIED.,.F.,.F.,.F.,(2,2),(2,2),(-1.775E+03,1.775E+03),(
    -840.,840.),.PIECEWISE_BEZIER_KNOTS.);
#1283 = CARTESIAN_POINT('',(-1.651003302007,-3.556007112014,
    45.000088900178));
#1284 = CARTESIAN_POINT('',(-1.651003302007,39.116078232156,
    45.000088900178));
#1285 = CARTESIAN_POINT('',(-91.82118364236,-3.556007112014,
    45.000088900178));
#1286 = CARTESIAN_POINT('',(-91.82118364236,39.116078232156,
    45.000088900178));
#1287 = ADVANCED_FACE('',(#1288),#1304,.F.);
#1288 = FACE_BOUND('',#1289,.F.);
#1289 = EDGE_LOOP('',(#1290,#1297,#1298,#1299));
#1290 = ORIENTED_EDGE('',*,*,#1291,.F.);
#1291 = EDGE_CURVE('',#1263,#1292,#1294,.T.);
#1292 = VERTEX_POINT('',#1293);
#1293 = CARTESIAN_POINT('',(-4.634805689611,0.127000254001,
    49.000099060198));
#1294 = B_SPLINE_CURVE_WITH_KNOTS('',1,(#1295,#1296),.UNSPECIFIED.,.F.,
  .F.,(2,2),(0.,196.8504),.PIECEWISE_BEZIER_KNOTS.);
#1295 = CARTESIAN_POINT('',(-4.634805689611,0.127000254001,
    45.000088900178));
#1296 = CARTESIAN_POINT('',(-4.634805689611,0.127000254001,
    50.000099060198));
#1297 = ORIENTED_EDGE('',*,*,#1269,.F.);
#1298 = ORIENTED_EDGE('',*,*,#576,.F.);
#1299 = ORIENTED_EDGE('',*,*,#1300,.F.);
#1300 = EDGE_CURVE('',#1292,#577,#1301,.T.);
#1301 = B_SPLINE_CURVE_WITH_KNOTS('',1,(#1302,#1303),.UNSPECIFIED.,.F.,
  .F.,(2,2),(0.,1.),.PIECEWISE_BEZIER_KNOTS.);
#1302 = CARTESIAN_POINT('',(-4.634805689611,0.127000254001,
    49.000099060198));
#1303 = CARTESIAN_POINT('',(-4.634805689611,35.306070612141,
    49.000099060198));
#1304 = B_SPLINE_SURFACE_WITH_KNOTS('',1,1,(
    (#1305,#1306)
    ,(#1307,#1308
  )),.UNSPECIFIED.,.F.,.F.,.F.,(2,2),(2,2),(0.,1.385E+03),(-590.55,
    -393.6996),.PIECEWISE_BEZIER_KNOTS.);
#1305 = CARTESIAN_POINT('',(-4.634805689611,35.306070612141,
    50.000099060198));
#1306 = CARTESIAN_POINT('',(-4.634805689611,35.306070612141,
    45.000088900178));
#1307 = CARTESIAN_POINT('',(-4.634805689611,0.127000254001,
    50.000099060198));
#1308 = CARTESIAN_POINT('',(-4.634805689611,0.127000254001,
    45.000088900178));
#1309 = ADVANCED_FACE('',(#1310),#1334,.F.);
#1310 = FACE_BOUND('',#1311,.F.);
#1311 = EDGE_LOOP('',(#1312,#1313,#1320,#1327,#1332,#1333));
#1312 = ORIENTED_EDGE('',*,*,#607,.T.);
#1313 = ORIENTED_EDGE('',*,*,#1314,.T.);
#1314 = EDGE_CURVE('',#608,#1315,#1317,.T.);
#1315 = VERTEX_POINT('',#1316);
#1316 = CARTESIAN_POINT('',(-88.90017780035,35.306070612141,
    49.000099060198));
#1317 = B_SPLINE_CURVE_WITH_KNOTS('',1,(#1318,#1319),.UNSPECIFIED.,.F.,
  .F.,(2,2),(0.,1.),.PIECEWISE_BEZIER_KNOTS.);
#1318 = CARTESIAN_POINT('',(-4.634805689611,35.306070612141,
    49.000099060198));
#1319 = CARTESIAN_POINT('',(-88.90017780035,35.306070612141,
    49.000099060198));
#1320 = ORIENTED_EDGE('',*,*,#1321,.T.);
#1321 = EDGE_CURVE('',#1315,#1322,#1324,.T.);
#1322 = VERTEX_POINT('',#1323);
#1323 = CARTESIAN_POINT('',(-88.90017780035,0.127000254001,
    49.000099060198));
#1324 = B_SPLINE_CURVE_WITH_KNOTS('',1,(#1325,#1326),.UNSPECIFIED.,.F.,
  .F.,(2,2),(0.,1.),.PIECEWISE_BEZIER_KNOTS.);
#1325 = CARTESIAN_POINT('',(-88.90017780035,35.306070612141,
    49.000099060198));
#1326 = CARTESIAN_POINT('',(-88.90017780035,0.127000254001,
    49.000099060198));
#1327 = ORIENTED_EDGE('',*,*,#1328,.T.);
#1328 = EDGE_CURVE('',#1322,#1292,#1329,.T.);
#1329 = B_SPLINE_CURVE_WITH_KNOTS('',1,(#1330,#1331),.UNSPECIFIED.,.F.,
  .F.,(2,2),(0.,1.),.PIECEWISE_BEZIER_KNOTS.);
#1330 = CARTESIAN_POINT('',(-88.90017780035,0.127000254001,
    49.000099060198));
#1331 = CARTESIAN_POINT('',(-4.634805689611,0.127000254001,
    49.000099060198));
#1332 = ORIENTED_EDGE('',*,*,#1300,.T.);
#1333 = ORIENTED_EDGE('',*,*,#583,.T.);
#1334 = PLANE('',#1335);
#1335 = AXIS2_PLACEMENT_3D('',#1336,#1337,#1338);
#1336 = CARTESIAN_POINT('',(-98.26219329438,-32.47606172212,
    49.000099060198));
#1337 = DIRECTION('',(0.,0.,1.));
#1338 = DIRECTION('',(1.,0.,-0.));
#1339 = ADVANCED_FACE('',(#1340),#1350,.F.);
#1340 = FACE_BOUND('',#1341,.F.);
#1341 = EDGE_LOOP('',(#1342,#1343,#1344,#1349));
#1342 = ORIENTED_EDGE('',*,*,#615,.T.);
#1343 = ORIENTED_EDGE('',*,*,#1278,.F.);
#1344 = ORIENTED_EDGE('',*,*,#1345,.T.);
#1345 = EDGE_CURVE('',#1256,#1315,#1346,.T.);
#1346 = B_SPLINE_CURVE_WITH_KNOTS('',1,(#1347,#1348),.UNSPECIFIED.,.F.,
  .F.,(2,2),(0.,196.8504),.PIECEWISE_BEZIER_KNOTS.);
#1347 = CARTESIAN_POINT('',(-88.90017780035,35.306070612141,
    45.000088900178));
#1348 = CARTESIAN_POINT('',(-88.90017780035,35.306070612141,
    50.000099060198));
#1349 = ORIENTED_EDGE('',*,*,#1314,.F.);
#1350 = B_SPLINE_SURFACE_WITH_KNOTS('',1,1,(
    (#1351,#1352)
    ,(#1353,#1354
    )),.UNSPECIFIED.,.F.,.F.,.F.,(2,2),(2,2),(0.,3.3175277E+03),(-590.55
    ,-393.6996),.PIECEWISE_BEZIER_KNOTS.);
#1351 = CARTESIAN_POINT('',(-88.90017780035,35.306070612141,
    50.000099060198));
#1352 = CARTESIAN_POINT('',(-88.90017780035,35.306070612141,
    45.000088900178));
#1353 = CARTESIAN_POINT('',(-4.634805689611,35.306070612141,
    50.000099060198));
#1354 = CARTESIAN_POINT('',(-4.634805689611,35.306070612141,
    45.000088900178));
#1355 = ADVANCED_FACE('',(#1356,#1386),#1418,.T.);
#1356 = FACE_BOUND('',#1357,.T.);
#1357 = EDGE_LOOP('',(#1358,#1367,#1374,#1381));
#1358 = ORIENTED_EDGE('',*,*,#1359,.T.);
#1359 = EDGE_CURVE('',#1360,#1362,#1364,.T.);
#1360 = VERTEX_POINT('',#1361);
#1361 = CARTESIAN_POINT('',(-92.58318516637,48.006096012192,
    45.000088900178));
#1362 = VERTEX_POINT('',#1363);
#1363 = CARTESIAN_POINT('',(-92.58318516637,71.247142494285,
    45.000088900178));
#1364 = B_SPLINE_CURVE_WITH_KNOTS('',1,(#1365,#1366),.UNSPECIFIED.,.F.,
  .F.,(2,2),(0.,915.),.PIECEWISE_BEZIER_KNOTS.);
#1365 = CARTESIAN_POINT('',(-92.58318516637,48.006096012192,
    45.000088900178));
#1366 = CARTESIAN_POINT('',(-92.58318516637,71.247142494285,
    45.000088900178));
#1367 = ORIENTED_EDGE('',*,*,#1368,.T.);
#1368 = EDGE_CURVE('',#1362,#1369,#1371,.T.);
#1369 = VERTEX_POINT('',#1370);
#1370 = CARTESIAN_POINT('',(-78.23215646431,71.247142494285,
    45.000088900178));
#1371 = B_SPLINE_CURVE_WITH_KNOTS('',1,(#1372,#1373),.UNSPECIFIED.,.F.,
  .F.,(2,2),(0.,565.),.PIECEWISE_BEZIER_KNOTS.);
#1372 = CARTESIAN_POINT('',(-92.58318516637,71.247142494285,
    45.000088900178));
#1373 = CARTESIAN_POINT('',(-78.23215646431,71.247142494285,
    45.000088900178));
#1374 = ORIENTED_EDGE('',*,*,#1375,.T.);
#1375 = EDGE_CURVE('',#1369,#1376,#1378,.T.);
#1376 = VERTEX_POINT('',#1377);
#1377 = CARTESIAN_POINT('',(-78.23215646431,48.006096012192,
    45.000088900178));
#1378 = B_SPLINE_CURVE_WITH_KNOTS('',1,(#1379,#1380),.UNSPECIFIED.,.F.,
  .F.,(2,2),(0.,915.),.PIECEWISE_BEZIER_KNOTS.);
#1379 = CARTESIAN_POINT('',(-78.23215646431,71.247142494285,
    45.000088900178));
#1380 = CARTESIAN_POINT('',(-78.23215646431,48.006096012192,
    45.000088900178));
#1381 = ORIENTED_EDGE('',*,*,#1382,.T.);
#1382 = EDGE_CURVE('',#1376,#1360,#1383,.T.);
#1383 = B_SPLINE_CURVE_WITH_KNOTS('',1,(#1384,#1385),.UNSPECIFIED.,.F.,
  .F.,(2,2),(0.,565.),.PIECEWISE_BEZIER_KNOTS.);
#1384 = CARTESIAN_POINT('',(-78.23215646431,48.006096012192,
    45.000088900178));
#1385 = CARTESIAN_POINT('',(-92.58318516637,48.006096012192,
    45.000088900178));
#1386 = FACE_BOUND('',#1387,.T.);
#1387 = EDGE_LOOP('',(#1388,#1397,#1402,#1403,#1404,#1405,#1406,#1413));
#1388 = ORIENTED_EDGE('',*,*,#1389,.F.);
#1389 = EDGE_CURVE('',#1390,#1392,#1394,.T.);
#1390 = VERTEX_POINT('',#1391);
#1391 = CARTESIAN_POINT('',(-90.55118110236,49.403098806198,
    45.000088900178));
#1392 = VERTEX_POINT('',#1393);
#1393 = CARTESIAN_POINT('',(-90.55118110236,69.342138684277,
    45.000088900178));
#1394 = B_SPLINE_CURVE_WITH_KNOTS('',1,(#1395,#1396),.UNSPECIFIED.,.F.,
  .F.,(2,2),(-201.25,583.75),.PIECEWISE_BEZIER_KNOTS.);
#1395 = CARTESIAN_POINT('',(-90.55118110236,49.403098806198,
    45.000088900178));
#1396 = CARTESIAN_POINT('',(-90.55118110236,69.342138684277,
    45.000088900178));
#1397 = ORIENTED_EDGE('',*,*,#1398,.F.);
#1398 = EDGE_CURVE('',#715,#1390,#1399,.T.);
#1399 = B_SPLINE_CURVE_WITH_KNOTS('',1,(#1400,#1401),.UNSPECIFIED.,.F.,
  .F.,(2,2),(-98.75,301.25),.PIECEWISE_BEZIER_KNOTS.);
#1400 = CARTESIAN_POINT('',(-80.39116078232,49.403098806198,
    45.000088900178));
#1401 = CARTESIAN_POINT('',(-90.55118110236,49.403098806198,
    45.000088900178));
#1402 = ORIENTED_EDGE('',*,*,#714,.F.);
#1403 = ORIENTED_EDGE('',*,*,#691,.T.);
#1404 = ORIENTED_EDGE('',*,*,#790,.T.);
#1405 = ORIENTED_EDGE('',*,*,#759,.F.);
#1406 = ORIENTED_EDGE('',*,*,#1407,.F.);
#1407 = EDGE_CURVE('',#1408,#760,#1410,.T.);
#1408 = VERTEX_POINT('',#1409);
#1409 = CARTESIAN_POINT('',(-80.39116078232,69.342138684277,
    45.000088900178));
#1410 = B_SPLINE_CURVE_WITH_KNOTS('',1,(#1411,#1412),.UNSPECIFIED.,.F.,
  .F.,(2,2),(-191.25,593.75),.PIECEWISE_BEZIER_KNOTS.);
#1411 = CARTESIAN_POINT('',(-80.39116078232,69.342138684277,
    45.000088900178));
#1412 = CARTESIAN_POINT('',(-80.39116078232,49.403098806198,
    45.000088900178));
#1413 = ORIENTED_EDGE('',*,*,#1414,.F.);
#1414 = EDGE_CURVE('',#1392,#1408,#1415,.T.);
#1415 = B_SPLINE_CURVE_WITH_KNOTS('',1,(#1416,#1417),.UNSPECIFIED.,.F.,
  .F.,(2,2),(-101.25,298.75),.PIECEWISE_BEZIER_KNOTS.);
#1416 = CARTESIAN_POINT('',(-90.55118110236,69.342138684277,
    45.000088900178));
#1417 = CARTESIAN_POINT('',(-80.39116078232,69.342138684277,
    45.000088900178));
#1418 = B_SPLINE_SURFACE_WITH_KNOTS('',1,1,(
    (#1419,#1420)
    ,(#1421,#1422
  )),.UNSPECIFIED.,.F.,.F.,.F.,(2,2),(2,2),(-282.5,282.5),(-457.5,457.5)
  ,.PIECEWISE_BEZIER_KNOTS.);
#1419 = CARTESIAN_POINT('',(-78.23215646431,48.006096012192,
    45.000088900178));
#1420 = CARTESIAN_POINT('',(-78.23215646431,71.247142494285,
    45.000088900178));
#1421 = CARTESIAN_POINT('',(-92.58318516637,48.006096012192,
    45.000088900178));
#1422 = CARTESIAN_POINT('',(-92.58318516637,71.247142494285,
    45.000088900178));
#1423 = ADVANCED_FACE('',(#1424),#1440,.F.);
#1424 = FACE_BOUND('',#1425,.F.);
#1425 = EDGE_LOOP('',(#1426,#1433,#1438,#1439));
#1426 = ORIENTED_EDGE('',*,*,#1427,.F.);
#1427 = EDGE_CURVE('',#1428,#722,#1430,.T.);
#1428 = VERTEX_POINT('',#1429);
#1429 = CARTESIAN_POINT('',(-90.55118110236,49.403098806198,
    49.000099060198));
#1430 = B_SPLINE_CURVE_WITH_KNOTS('',1,(#1431,#1432),.UNSPECIFIED.,.F.,
  .F.,(2,2),(0.,1.),.PIECEWISE_BEZIER_KNOTS.);
#1431 = CARTESIAN_POINT('',(-90.55118110236,49.403098806198,
    49.000099060198));
#1432 = CARTESIAN_POINT('',(-80.39116078232,49.403098806198,
    49.000099060198));
#1433 = ORIENTED_EDGE('',*,*,#1434,.T.);
#1434 = EDGE_CURVE('',#1428,#1390,#1435,.T.);
#1435 = B_SPLINE_CURVE_WITH_KNOTS('',1,(#1436,#1437),.UNSPECIFIED.,.F.,
  .F.,(2,2),(0.,196.8504),.PIECEWISE_BEZIER_KNOTS.);
#1436 = CARTESIAN_POINT('',(-90.55118110236,49.403098806198,
    50.000099060198));
#1437 = CARTESIAN_POINT('',(-90.55118110236,49.403098806198,
    45.000088900178));
#1438 = ORIENTED_EDGE('',*,*,#1398,.F.);
#1439 = ORIENTED_EDGE('',*,*,#721,.F.);
#1440 = B_SPLINE_SURFACE_WITH_KNOTS('',1,1,(
    (#1441,#1442)
    ,(#1443,#1444
    )),.UNSPECIFIED.,.F.,.F.,.F.,(2,2),(2,2),(0.,400.),(-590.55,
    -393.6996),.PIECEWISE_BEZIER_KNOTS.);
#1441 = CARTESIAN_POINT('',(-80.39116078232,49.403098806198,
    50.000099060198));
#1442 = CARTESIAN_POINT('',(-80.39116078232,49.403098806198,
    45.000088900178));
#1443 = CARTESIAN_POINT('',(-90.55118110236,49.403098806198,
    50.000099060198));
#1444 = CARTESIAN_POINT('',(-90.55118110236,49.403098806198,
    45.000088900178));
#1445 = ADVANCED_FACE('',(#1446),#1470,.F.);
#1446 = FACE_BOUND('',#1447,.F.);
#1447 = EDGE_LOOP('',(#1448,#1455,#1462,#1467,#1468,#1469));
#1448 = ORIENTED_EDGE('',*,*,#1449,.T.);
#1449 = EDGE_CURVE('',#767,#1450,#1452,.T.);
#1450 = VERTEX_POINT('',#1451);
#1451 = CARTESIAN_POINT('',(-80.39116078232,69.342138684277,
    49.000099060198));
#1452 = B_SPLINE_CURVE_WITH_KNOTS('',1,(#1453,#1454),.UNSPECIFIED.,.F.,
  .F.,(2,2),(0.,1.),.PIECEWISE_BEZIER_KNOTS.);
#1453 = CARTESIAN_POINT('',(-80.39116078232,49.403098806198,
    49.000099060198));
#1454 = CARTESIAN_POINT('',(-80.39116078232,69.342138684277,
    49.000099060198));
#1455 = ORIENTED_EDGE('',*,*,#1456,.T.);
#1456 = EDGE_CURVE('',#1450,#1457,#1459,.T.);
#1457 = VERTEX_POINT('',#1458);
#1458 = CARTESIAN_POINT('',(-90.55118110236,69.342138684277,
    49.000099060198));
#1459 = B_SPLINE_CURVE_WITH_KNOTS('',1,(#1460,#1461),.UNSPECIFIED.,.F.,
  .F.,(2,2),(0.,1.),.PIECEWISE_BEZIER_KNOTS.);
#1460 = CARTESIAN_POINT('',(-80.39116078232,69.342138684277,
    49.000099060198));
#1461 = CARTESIAN_POINT('',(-90.55118110236,69.342138684277,
    49.000099060198));
#1462 = ORIENTED_EDGE('',*,*,#1463,.T.);
#1463 = EDGE_CURVE('',#1457,#1428,#1464,.T.);
#1464 = B_SPLINE_CURVE_WITH_KNOTS('',1,(#1465,#1466),.UNSPECIFIED.,.F.,
  .F.,(2,2),(0.,1.),.PIECEWISE_BEZIER_KNOTS.);
#1465 = CARTESIAN_POINT('',(-90.55118110236,69.342138684277,
    49.000099060198));
#1466 = CARTESIAN_POINT('',(-90.55118110236,49.403098806198,
    49.000099060198));
#1467 = ORIENTED_EDGE('',*,*,#1427,.T.);
#1468 = ORIENTED_EDGE('',*,*,#728,.T.);
#1469 = ORIENTED_EDGE('',*,*,#773,.F.);
#1470 = PLANE('',#1471);
#1471 = AXIS2_PLACEMENT_3D('',#1472,#1473,#1474);
#1472 = CARTESIAN_POINT('',(-98.26219329438,-32.47606172212,
    49.000099060198));
#1473 = DIRECTION('',(0.,0.,1.));
#1474 = DIRECTION('',(1.,0.,-0.));
#1475 = ADVANCED_FACE('',(#1476),#1486,.F.);
#1476 = FACE_BOUND('',#1477,.F.);
#1477 = EDGE_LOOP('',(#1478,#1479,#1480,#1485));
#1478 = ORIENTED_EDGE('',*,*,#766,.T.);
#1479 = ORIENTED_EDGE('',*,*,#1407,.F.);
#1480 = ORIENTED_EDGE('',*,*,#1481,.T.);
#1481 = EDGE_CURVE('',#1408,#1450,#1482,.T.);
#1482 = B_SPLINE_CURVE_WITH_KNOTS('',1,(#1483,#1484),.UNSPECIFIED.,.F.,
  .F.,(2,2),(0.,196.8504),.PIECEWISE_BEZIER_KNOTS.);
#1483 = CARTESIAN_POINT('',(-80.39116078232,69.342138684277,
    45.000088900178));
#1484 = CARTESIAN_POINT('',(-80.39116078232,69.342138684277,
    50.000099060198));
#1485 = ORIENTED_EDGE('',*,*,#1449,.F.);
#1486 = B_SPLINE_SURFACE_WITH_KNOTS('',1,1,(
    (#1487,#1488)
    ,(#1489,#1490
    )),.UNSPECIFIED.,.F.,.F.,.F.,(2,2),(2,2),(0.,785.),(-590.55,
    -393.6996),.PIECEWISE_BEZIER_KNOTS.);
#1487 = CARTESIAN_POINT('',(-80.39116078232,69.342138684277,
    50.000099060198));
#1488 = CARTESIAN_POINT('',(-80.39116078232,69.342138684277,
    45.000088900178));
#1489 = CARTESIAN_POINT('',(-80.39116078232,49.403098806198,
    50.000099060198));
#1490 = CARTESIAN_POINT('',(-80.39116078232,49.403098806198,
    45.000088900178));
#1491 = ADVANCED_FACE('',(#1492,#1608,#1638,#1668,#1672),#1702,.T.);
#1492 = FACE_BOUND('',#1493,.T.);
#1493 = EDGE_LOOP('',(#1494,#1503,#1510,#1517,#1524,#1531,#1538,#1546,
    #1553,#1560,#1567,#1574,#1581,#1589,#1596,#1603));
#1494 = ORIENTED_EDGE('',*,*,#1495,.T.);
#1495 = EDGE_CURVE('',#1496,#1498,#1500,.T.);
#1496 = VERTEX_POINT('',#1497);
#1497 = CARTESIAN_POINT('',(0.317004064008,92.519188468377,
    48.500096520193));
#1498 = VERTEX_POINT('',#1499);
#1499 = CARTESIAN_POINT('',(0.317004064008,-27.87605918211,
    48.500096520193));
#1500 = B_SPLINE_CURVE_WITH_KNOTS('',1,(#1501,#1502),.UNSPECIFIED.,.F.,
  .F.,(2,2),(0.,4.7399609E+03),.PIECEWISE_BEZIER_KNOTS.);
#1501 = CARTESIAN_POINT('',(0.317004064008,92.519188468377,
    48.500096520193));
#1502 = CARTESIAN_POINT('',(0.317004064008,-27.87605918211,
    48.500096520193));
#1503 = ORIENTED_EDGE('',*,*,#1504,.T.);
#1504 = EDGE_CURVE('',#1498,#1505,#1507,.T.);
#1505 = VERTEX_POINT('',#1506);
#1506 = CARTESIAN_POINT('',(-93.66219075438,-27.87605918211,
    48.500096520193));
#1507 = B_SPLINE_CURVE_WITH_KNOTS('',1,(#1508,#1509),.UNSPECIFIED.,.F.,
  .F.,(2,2),(0.,3.6999609E+03),.PIECEWISE_BEZIER_KNOTS.);
#1508 = CARTESIAN_POINT('',(0.317004064008,-27.87605918211,
    48.500096520193));
#1509 = CARTESIAN_POINT('',(-93.66219075438,-27.87605918211,
    48.500096520193));
#1510 = ORIENTED_EDGE('',*,*,#1511,.T.);
#1511 = EDGE_CURVE('',#1505,#1512,#1514,.T.);
#1512 = VERTEX_POINT('',#1513);
#1513 = CARTESIAN_POINT('',(-93.66219075438,92.519188468377,
    48.500096520193));
#1514 = B_SPLINE_CURVE_WITH_KNOTS('',1,(#1515,#1516),.UNSPECIFIED.,.F.,
  .F.,(2,2),(0.,4.7399609E+03),.PIECEWISE_BEZIER_KNOTS.);
#1515 = CARTESIAN_POINT('',(-93.66219075438,-27.87605918211,
    48.500096520193));
#1516 = CARTESIAN_POINT('',(-93.66219075438,92.519188468377,
    48.500096520193));
#1517 = ORIENTED_EDGE('',*,*,#1518,.T.);
#1518 = EDGE_CURVE('',#1512,#1519,#1521,.T.);
#1519 = VERTEX_POINT('',#1520);
#1520 = CARTESIAN_POINT('',(-33.07275128069,92.519188468377,
    48.500096520193));
#1521 = B_SPLINE_CURVE_WITH_KNOTS('',1,(#1522,#1523),.UNSPECIFIED.,.F.,
  .F.,(2,2),(0.,2.385406232079E+03),.PIECEWISE_BEZIER_KNOTS.);
#1522 = CARTESIAN_POINT('',(-93.66219075438,92.519188468377,
    48.500096520193));
#1523 = CARTESIAN_POINT('',(-33.07275128069,92.519188468377,
    48.500096520193));
#1524 = ORIENTED_EDGE('',*,*,#1525,.F.);
#1525 = EDGE_CURVE('',#1526,#1519,#1528,.T.);
#1526 = VERTEX_POINT('',#1527);
#1527 = CARTESIAN_POINT('',(-33.05679246762,80.518161036322,
    48.500096520193));
#1528 = B_SPLINE_CURVE_WITH_KNOTS('',1,(#1529,#1530),.UNSPECIFIED.,.F.,
  .F.,(2,2),(566.78167429534,1.039262542047E+03),
  .PIECEWISE_BEZIER_KNOTS.);
#1529 = CARTESIAN_POINT('',(-33.05679246762,80.518161036322,
    48.500096520193));
#1530 = CARTESIAN_POINT('',(-33.07275128069,92.519188468377,
    48.500096520193));
#1531 = ORIENTED_EDGE('',*,*,#1532,.F.);
#1532 = EDGE_CURVE('',#1533,#1526,#1535,.T.);
#1533 = VERTEX_POINT('',#1534);
#1534 = CARTESIAN_POINT('',(-35.53919906189,80.518161036322,
    48.500096520193));
#1535 = B_SPLINE_CURVE_WITH_KNOTS('',1,(#1536,#1537),.UNSPECIFIED.,.F.,
  .F.,(2,2),(342.07173293319,439.8040805497),.PIECEWISE_BEZIER_KNOTS.);
#1536 = CARTESIAN_POINT('',(-35.53919906189,80.518161036322,
    48.500096520193));
#1537 = CARTESIAN_POINT('',(-33.05679246762,80.518161036322,
    48.500096520193));
#1538 = ORIENTED_EDGE('',*,*,#1539,.T.);
#1539 = EDGE_CURVE('',#1533,#1540,#1542,.T.);
#1540 = VERTEX_POINT('',#1541);
#1541 = CARTESIAN_POINT('',(-37.86694775039,80.518161036322,
    48.500096520193));
#1542 = ( BOUNDED_CURVE() B_SPLINE_CURVE(2,(#1543,#1544,#1545),
.UNSPECIFIED.,.F.,.F.) B_SPLINE_CURVE_WITH_KNOTS((3,3),(0.956756110033,
2.184836543557),.PIECEWISE_BEZIER_KNOTS.) CURVE() 
GEOMETRIC_REPRESENTATION_ITEM() RATIONAL_B_SPLINE_CURVE((1.,
0.817326825735,1.)) REPRESENTATION_ITEM('') );
#1543 = CARTESIAN_POINT('',(-35.53919906189,80.518161036322,
    48.500096520193));
#1544 = CARTESIAN_POINT('',(-36.70307340614,81.338633949709,
    48.500096520193));
#1545 = CARTESIAN_POINT('',(-37.86694775039,80.518161036322,
    48.500096520193));
#1546 = ORIENTED_EDGE('',*,*,#1547,.F.);
#1547 = EDGE_CURVE('',#1548,#1540,#1550,.T.);
#1548 = VERTEX_POINT('',#1549);
#1549 = CARTESIAN_POINT('',(-41.78308356616,80.518161036322,
    48.500096520193));
#1550 = B_SPLINE_CURVE_WITH_KNOTS('',1,(#1551,#1552),.UNSPECIFIED.,.F.,
  .F.,(2,2),(96.25,250.4282670668),.PIECEWISE_BEZIER_KNOTS.);
#1551 = CARTESIAN_POINT('',(-41.78308356616,80.518161036322,
    48.500096520193));
#1552 = CARTESIAN_POINT('',(-37.86694775039,80.518161036322,
    48.500096520193));
#1553 = ORIENTED_EDGE('',*,*,#1554,.F.);
#1554 = EDGE_CURVE('',#1555,#1548,#1557,.T.);
#1555 = VERTEX_POINT('',#1556);
#1556 = CARTESIAN_POINT('',(-41.78308356616,52.070104140208,
    48.500096520193));
#1557 = B_SPLINE_CURVE_WITH_KNOTS('',1,(#1558,#1559),.UNSPECIFIED.,.F.,
  .F.,(2,2),(388.75,1.50875E+03),.PIECEWISE_BEZIER_KNOTS.);
#1558 = CARTESIAN_POINT('',(-41.78308356616,52.070104140208,
    48.500096520193));
#1559 = CARTESIAN_POINT('',(-41.78308356616,80.518161036322,
    48.500096520193));
#1560 = ORIENTED_EDGE('',*,*,#1561,.F.);
#1561 = EDGE_CURVE('',#1562,#1555,#1564,.T.);
#1562 = VERTEX_POINT('',#1563);
#1563 = CARTESIAN_POINT('',(-8.763017526035,52.070104140208,
    48.500096520193));
#1564 = B_SPLINE_CURVE_WITH_KNOTS('',1,(#1565,#1566),.UNSPECIFIED.,.F.,
  .F.,(2,2),(-746.25,553.75),.PIECEWISE_BEZIER_KNOTS.);
#1565 = CARTESIAN_POINT('',(-8.763017526035,52.070104140208,
    48.500096520193));
#1566 = CARTESIAN_POINT('',(-41.78308356616,52.070104140208,
    48.500096520193));
#1567 = ORIENTED_EDGE('',*,*,#1568,.F.);
#1568 = EDGE_CURVE('',#1569,#1562,#1571,.T.);
#1569 = VERTEX_POINT('',#1570);
#1570 = CARTESIAN_POINT('',(-8.763017526035,80.518161036322,
    48.500096520193));
#1571 = B_SPLINE_CURVE_WITH_KNOTS('',1,(#1572,#1573),.UNSPECIFIED.,.F.,
  .F.,(2,2),(-948.75,171.25),.PIECEWISE_BEZIER_KNOTS.);
#1572 = CARTESIAN_POINT('',(-8.763017526035,80.518161036322,
    48.500096520193));
#1573 = CARTESIAN_POINT('',(-8.763017526035,52.070104140208,
    48.500096520193));
#1574 = ORIENTED_EDGE('',*,*,#1575,.F.);
#1575 = EDGE_CURVE('',#1576,#1569,#1578,.T.);
#1576 = VERTEX_POINT('',#1577);
#1577 = CARTESIAN_POINT('',(-12.4251528338,80.518161036322,
    48.500096520193));
#1578 = B_SPLINE_CURVE_WITH_KNOTS('',1,(#1579,#1580),.UNSPECIFIED.,.F.,
  .F.,(2,2),(1.252071732933E+03,1.39625E+03),.PIECEWISE_BEZIER_KNOTS.);
#1579 = CARTESIAN_POINT('',(-12.4251528338,80.518161036322,
    48.500096520193));
#1580 = CARTESIAN_POINT('',(-8.763017526035,80.518161036322,
    48.500096520193));
#1581 = ORIENTED_EDGE('',*,*,#1582,.T.);
#1582 = EDGE_CURVE('',#1576,#1583,#1585,.T.);
#1583 = VERTEX_POINT('',#1584);
#1584 = CARTESIAN_POINT('',(-14.7529015223,80.518161036322,
    48.500096520193));
#1585 = ( BOUNDED_CURVE() B_SPLINE_CURVE(2,(#1586,#1587,#1588),
.UNSPECIFIED.,.F.,.F.) B_SPLINE_CURVE_WITH_KNOTS((3,3),(0.956756110033,
2.184836543557),.PIECEWISE_BEZIER_KNOTS.) CURVE() 
GEOMETRIC_REPRESENTATION_ITEM() RATIONAL_B_SPLINE_CURVE((1.,
0.817326825735,1.)) REPRESENTATION_ITEM('') );
#1586 = CARTESIAN_POINT('',(-12.4251528338,80.518161036322,
    48.500096520193));
#1587 = CARTESIAN_POINT('',(-13.58902717805,81.338633949709,
    48.500096520193));
#1588 = CARTESIAN_POINT('',(-14.7529015223,80.518161036322,
    48.500096520193));
#1589 = ORIENTED_EDGE('',*,*,#1590,.F.);
#1590 = EDGE_CURVE('',#1591,#1583,#1593,.T.);
#1591 = VERTEX_POINT('',#1592);
#1592 = CARTESIAN_POINT('',(-16.16572881656,80.518161036322,
    48.500096520193));
#1593 = B_SPLINE_CURVE_WITH_KNOTS('',1,(#1594,#1595),.UNSPECIFIED.,.F.,
  .F.,(2,2),(1.104805256492E+03,1.160428267067E+03),
  .PIECEWISE_BEZIER_KNOTS.);
#1594 = CARTESIAN_POINT('',(-16.16572881656,80.518161036322,
    48.500096520193));
#1595 = CARTESIAN_POINT('',(-14.7529015223,80.518161036322,
    48.500096520193));
#1596 = ORIENTED_EDGE('',*,*,#1597,.F.);
#1597 = EDGE_CURVE('',#1598,#1591,#1600,.T.);
#1598 = VERTEX_POINT('',#1599);
#1599 = CARTESIAN_POINT('',(-16.18168762963,92.519188468377,
    48.500096520193));
#1600 = B_SPLINE_CURVE_WITH_KNOTS('',1,(#1601,#1602),.UNSPECIFIED.,.F.,
  .F.,(2,2),(-1.038378232754E+03,-565.8973650028),
  .PIECEWISE_BEZIER_KNOTS.);
#1601 = CARTESIAN_POINT('',(-16.18168762963,92.519188468377,
    48.500096520193));
#1602 = CARTESIAN_POINT('',(-16.16572881656,80.518161036322,
    48.500096520193));
#1603 = ORIENTED_EDGE('',*,*,#1604,.T.);
#1604 = EDGE_CURVE('',#1598,#1496,#1605,.T.);
#1605 = B_SPLINE_CURVE_WITH_KNOTS('',1,(#1606,#1607),.UNSPECIFIED.,.F.,
  .F.,(2,2),(3.050407408021E+03,3.6999609E+03),
  .PIECEWISE_BEZIER_KNOTS.);
#1606 = CARTESIAN_POINT('',(-16.18168762963,92.519188468377,
    48.500096520193));
#1607 = CARTESIAN_POINT('',(0.317004064008,92.519188468377,
    48.500096520193));
#1608 = FACE_BOUND('',#1609,.T.);
#1609 = EDGE_LOOP('',(#1610,#1619,#1626,#1633));
#1610 = ORIENTED_EDGE('',*,*,#1611,.F.);
#1611 = EDGE_CURVE('',#1612,#1614,#1616,.T.);
#1612 = VERTEX_POINT('',#1613);
#1613 = CARTESIAN_POINT('',(-91.82118364236,-3.556007112014,
    48.500096520193));
#1614 = VERTEX_POINT('',#1615);
#1615 = CARTESIAN_POINT('',(-91.82118364236,39.116078232156,
    48.500096520193));
#1616 = B_SPLINE_CURVE_WITH_KNOTS('',1,(#1617,#1618),.UNSPECIFIED.,.F.,
  .F.,(2,2),(-706.25,973.75),.PIECEWISE_BEZIER_KNOTS.);
#1617 = CARTESIAN_POINT('',(-91.82118364236,-3.556007112014,
    48.500096520193));
#1618 = CARTESIAN_POINT('',(-91.82118364236,39.116078232156,
    48.500096520193));
#1619 = ORIENTED_EDGE('',*,*,#1620,.F.);
#1620 = EDGE_CURVE('',#1621,#1612,#1623,.T.);
#1621 = VERTEX_POINT('',#1622);
#1622 = CARTESIAN_POINT('',(-1.651003302007,-3.556007112014,
    48.500096520193));
#1623 = B_SPLINE_CURVE_WITH_KNOTS('',1,(#1624,#1625),.UNSPECIFIED.,.F.,
  .F.,(2,2),(-886.25,2.66375E+03),.PIECEWISE_BEZIER_KNOTS.);
#1624 = CARTESIAN_POINT('',(-1.651003302007,-3.556007112014,
    48.500096520193));
#1625 = CARTESIAN_POINT('',(-91.82118364236,-3.556007112014,
    48.500096520193));
#1626 = ORIENTED_EDGE('',*,*,#1627,.F.);
#1627 = EDGE_CURVE('',#1628,#1621,#1630,.T.);
#1628 = VERTEX_POINT('',#1629);
#1629 = CARTESIAN_POINT('',(-1.651003302007,39.116078232156,
    48.500096520193));
#1630 = B_SPLINE_CURVE_WITH_KNOTS('',1,(#1631,#1632),.UNSPECIFIED.,.F.,
  .F.,(2,2),(-133.75,1.54625E+03),.PIECEWISE_BEZIER_KNOTS.);
#1631 = CARTESIAN_POINT('',(-1.651003302007,39.116078232156,
    48.500096520193));
#1632 = CARTESIAN_POINT('',(-1.651003302007,-3.556007112014,
    48.500096520193));
#1633 = ORIENTED_EDGE('',*,*,#1634,.F.);
#1634 = EDGE_CURVE('',#1614,#1628,#1635,.T.);
#1635 = B_SPLINE_CURVE_WITH_KNOTS('',1,(#1636,#1637),.UNSPECIFIED.,.F.,
  .F.,(2,2),(-888.75,2.66125E+03),.PIECEWISE_BEZIER_KNOTS.);
#1636 = CARTESIAN_POINT('',(-91.82118364236,39.116078232156,
    48.500096520193));
#1637 = CARTESIAN_POINT('',(-1.651003302007,39.116078232156,
    48.500096520193));
#1638 = FACE_BOUND('',#1639,.T.);
#1639 = EDGE_LOOP('',(#1640,#1649,#1656,#1663));
#1640 = ORIENTED_EDGE('',*,*,#1641,.F.);
#1641 = EDGE_CURVE('',#1642,#1644,#1646,.T.);
#1642 = VERTEX_POINT('',#1643);
#1643 = CARTESIAN_POINT('',(-92.58318516637,48.006096012192,
    48.500096520193));
#1644 = VERTEX_POINT('',#1645);
#1645 = CARTESIAN_POINT('',(-92.58318516637,71.247142494285,
    48.500096520193));
#1646 = B_SPLINE_CURVE_WITH_KNOTS('',1,(#1647,#1648),.UNSPECIFIED.,.F.,
  .F.,(2,2),(308.75,1.22375E+03),.PIECEWISE_BEZIER_KNOTS.);
#1647 = CARTESIAN_POINT('',(-92.58318516637,48.006096012192,
    48.500096520193));
#1648 = CARTESIAN_POINT('',(-92.58318516637,71.247142494285,
    48.500096520193));
#1649 = ORIENTED_EDGE('',*,*,#1650,.F.);
#1650 = EDGE_CURVE('',#1651,#1642,#1653,.T.);
#1651 = VERTEX_POINT('',#1652);
#1652 = CARTESIAN_POINT('',(-78.23215646431,48.006096012192,
    48.500096520193));
#1653 = B_SPLINE_CURVE_WITH_KNOTS('',1,(#1654,#1655),.UNSPECIFIED.,.F.,
  .F.,(2,2),(621.25,1.18625E+03),.PIECEWISE_BEZIER_KNOTS.);
#1654 = CARTESIAN_POINT('',(-78.23215646431,48.006096012192,
    48.500096520193));
#1655 = CARTESIAN_POINT('',(-92.58318516637,48.006096012192,
    48.500096520193));
#1656 = ORIENTED_EDGE('',*,*,#1657,.F.);
#1657 = EDGE_CURVE('',#1658,#1651,#1660,.T.);
#1658 = VERTEX_POINT('',#1659);
#1659 = CARTESIAN_POINT('',(-78.23215646431,71.247142494285,
    48.500096520193));
#1660 = B_SPLINE_CURVE_WITH_KNOTS('',1,(#1661,#1662),.UNSPECIFIED.,.F.,
  .F.,(2,2),(-766.25,148.75),.PIECEWISE_BEZIER_KNOTS.);
#1661 = CARTESIAN_POINT('',(-78.23215646431,71.247142494285,
    48.500096520193));
#1662 = CARTESIAN_POINT('',(-78.23215646431,48.006096012192,
    48.500096520193));
#1663 = ORIENTED_EDGE('',*,*,#1664,.F.);
#1664 = EDGE_CURVE('',#1644,#1658,#1665,.T.);
#1665 = B_SPLINE_CURVE_WITH_KNOTS('',1,(#1666,#1667),.UNSPECIFIED.,.F.,
  .F.,(2,2),(-903.75,-338.75),.PIECEWISE_BEZIER_KNOTS.);
#1666 = CARTESIAN_POINT('',(-92.58318516637,71.247142494285,
    48.500096520193));
#1667 = CARTESIAN_POINT('',(-78.23215646431,71.247142494285,
    48.500096520193));
#1668 = FACE_BOUND('',#1669,.T.);
#1669 = EDGE_LOOP('',(#1670,#1671));
#1670 = ORIENTED_EDGE('',*,*,#814,.T.);
#1671 = ORIENTED_EDGE('',*,*,#823,.T.);
#1672 = FACE_BOUND('',#1673,.T.);
#1673 = EDGE_LOOP('',(#1674,#1683,#1690,#1697));
#1674 = ORIENTED_EDGE('',*,*,#1675,.F.);
#1675 = EDGE_CURVE('',#1676,#1678,#1680,.T.);
#1676 = VERTEX_POINT('',#1677);
#1677 = CARTESIAN_POINT('',(-71.26219329438,71.141652449756,
    48.500096520193));
#1678 = VERTEX_POINT('',#1679);
#1679 = CARTESIAN_POINT('',(-71.26219329438,85.141652449756,
    48.500096520193));
#1680 = B_SPLINE_CURVE_WITH_KNOTS('',1,(#1681,#1682),.UNSPECIFIED.,.F.,
  .F.,(2,2),(0.,1.),.PIECEWISE_BEZIER_KNOTS.);
#1681 = CARTESIAN_POINT('',(-71.26219329438,71.141652449756,
    48.500096520193));
#1682 = CARTESIAN_POINT('',(-71.26219329438,85.141652449756,
    48.500096520193));
#1683 = ORIENTED_EDGE('',*,*,#1684,.T.);
#1684 = EDGE_CURVE('',#1676,#1685,#1687,.T.);
#1685 = VERTEX_POINT('',#1686);
#1686 = CARTESIAN_POINT('',(-55.26219329438,71.141652449756,
    48.500096520193));
#1687 = B_SPLINE_CURVE_WITH_KNOTS('',1,(#1688,#1689),.UNSPECIFIED.,.F.,
  .F.,(2,2),(0.,1.),.PIECEWISE_BEZIER_KNOTS.);
#1688 = CARTESIAN_POINT('',(-71.26219329438,71.141652449756,
    48.500096520193));
#1689 = CARTESIAN_POINT('',(-55.26219329438,71.141652449756,
    48.500096520193));
#1690 = ORIENTED_EDGE('',*,*,#1691,.T.);
#1691 = EDGE_CURVE('',#1685,#1692,#1694,.T.);
#1692 = VERTEX_POINT('',#1693);
#1693 = CARTESIAN_POINT('',(-55.26219329438,85.141652449756,
    48.500096520193));
#1694 = B_SPLINE_CURVE_WITH_KNOTS('',1,(#1695,#1696),.UNSPECIFIED.,.F.,
  .F.,(2,2),(0.,1.),.PIECEWISE_BEZIER_KNOTS.);
#1695 = CARTESIAN_POINT('',(-55.26219329438,71.141652449756,
    48.500096520193));
#1696 = CARTESIAN_POINT('',(-55.26219329438,85.141652449756,
    48.500096520193));
#1697 = ORIENTED_EDGE('',*,*,#1698,.F.);
#1698 = EDGE_CURVE('',#1678,#1692,#1699,.T.);
#1699 = B_SPLINE_CURVE_WITH_KNOTS('',1,(#1700,#1701),.UNSPECIFIED.,.F.,
  .F.,(2,2),(0.,1.),.PIECEWISE_BEZIER_KNOTS.);
#1700 = CARTESIAN_POINT('',(-71.26219329438,85.141652449756,
    48.500096520193));
#1701 = CARTESIAN_POINT('',(-55.26219329438,85.141652449756,
    48.500096520193));
#1702 = B_SPLINE_SURFACE_WITH_KNOTS('',1,1,(
    (#1703,#1704)
    ,(#1705,#1706
    )),.UNSPECIFIED.,.F.,.F.,.F.,(2,2),(2,2),(-1.84998045E+03,
    1.84998045E+03),(-2.36998045E+03,2.36998045E+03),
  .PIECEWISE_BEZIER_KNOTS.);
#1703 = CARTESIAN_POINT('',(0.317004064008,-27.87605918211,
    48.500096520193));
#1704 = CARTESIAN_POINT('',(0.317004064008,92.519188468377,
    48.500096520193));
#1705 = CARTESIAN_POINT('',(-93.66219075438,-27.87605918211,
    48.500096520193));
#1706 = CARTESIAN_POINT('',(-93.66219075438,92.519188468377,
    48.500096520193));
#1707 = ADVANCED_FACE('',(#1708,#1816,#1830,#1844),#1876,.T.);
#1708 = FACE_BOUND('',#1709,.T.);
#1709 = EDGE_LOOP('',(#1710,#1719,#1726,#1733,#1740,#1750,#1758,#1765,
    #1772,#1779,#1786,#1793,#1803,#1811));
#1710 = ORIENTED_EDGE('',*,*,#1711,.T.);
#1711 = EDGE_CURVE('',#1712,#1714,#1716,.T.);
#1712 = VERTEX_POINT('',#1713);
#1713 = CARTESIAN_POINT('',(-8.763017526035,80.518161036322,
    47.700093980188));
#1714 = VERTEX_POINT('',#1715);
#1715 = CARTESIAN_POINT('',(-8.763017526035,52.070104140208,
    47.700093980188));
#1716 = B_SPLINE_CURVE_WITH_KNOTS('',1,(#1717,#1718),.UNSPECIFIED.,.F.,
  .F.,(2,2),(0.,1.12E+03),.PIECEWISE_BEZIER_KNOTS.);
#1717 = CARTESIAN_POINT('',(-8.763017526035,80.518161036322,
    47.700093980188));
#1718 = CARTESIAN_POINT('',(-8.763017526035,52.070104140208,
    47.700093980188));
#1719 = ORIENTED_EDGE('',*,*,#1720,.T.);
#1720 = EDGE_CURVE('',#1714,#1721,#1723,.T.);
#1721 = VERTEX_POINT('',#1722);
#1722 = CARTESIAN_POINT('',(-41.78308356616,52.070104140208,
    47.700093980188));
#1723 = B_SPLINE_CURVE_WITH_KNOTS('',1,(#1724,#1725),.UNSPECIFIED.,.F.,
  .F.,(2,2),(0.,1.3E+03),.PIECEWISE_BEZIER_KNOTS.);
#1724 = CARTESIAN_POINT('',(-8.763017526035,52.070104140208,
    47.700093980188));
#1725 = CARTESIAN_POINT('',(-41.78308356616,52.070104140208,
    47.700093980188));
#1726 = ORIENTED_EDGE('',*,*,#1727,.T.);
#1727 = EDGE_CURVE('',#1721,#1728,#1730,.T.);
#1728 = VERTEX_POINT('',#1729);
#1729 = CARTESIAN_POINT('',(-41.78308356616,80.518161036322,
    47.700093980188));
#1730 = B_SPLINE_CURVE_WITH_KNOTS('',1,(#1731,#1732),.UNSPECIFIED.,.F.,
  .F.,(2,2),(0.,1.12E+03),.PIECEWISE_BEZIER_KNOTS.);
#1731 = CARTESIAN_POINT('',(-41.78308356616,52.070104140208,
    47.700093980188));
#1732 = CARTESIAN_POINT('',(-41.78308356616,80.518161036322,
    47.700093980188));
#1733 = ORIENTED_EDGE('',*,*,#1734,.T.);
#1734 = EDGE_CURVE('',#1728,#1735,#1737,.T.);
#1735 = VERTEX_POINT('',#1736);
#1736 = CARTESIAN_POINT('',(-37.86694775039,80.518161036322,
    47.700093980188));
#1737 = B_SPLINE_CURVE_WITH_KNOTS('',1,(#1738,#1739),.UNSPECIFIED.,.F.,
  .F.,(2,2),(0.,154.1782670668),.PIECEWISE_BEZIER_KNOTS.);
#1738 = CARTESIAN_POINT('',(-41.78308356616,80.518161036322,
    47.700093980188));
#1739 = CARTESIAN_POINT('',(-37.86694775039,80.518161036322,
    47.700093980188));
#1740 = ORIENTED_EDGE('',*,*,#1741,.T.);
#1741 = EDGE_CURVE('',#1735,#1742,#1744,.T.);
#1742 = VERTEX_POINT('',#1743);
#1743 = CARTESIAN_POINT('',(-34.68306959613,78.867157734315,
    47.700093980188));
#1744 = ( BOUNDED_CURVE() B_SPLINE_CURVE(2,(#1745,#1746,#1747,#1748,
#1749),.UNSPECIFIED.,.F.,.F.) B_SPLINE_CURVE_WITH_KNOTS((3,2,3),(
2.184836543557,4.234010925368,6.28318530718),.UNSPECIFIED.) CURVE() 
GEOMETRIC_REPRESENTATION_ITEM() RATIONAL_B_SPLINE_CURVE((1.,
0.519451676384,1.,0.519451676384,1.)) REPRESENTATION_ITEM('') );
#1745 = CARTESIAN_POINT('',(-37.86694775039,80.518161036322,
    47.700093980188));
#1746 = CARTESIAN_POINT('',(-40.58285396764,78.603583661582,
    47.700093980188));
#1747 = CARTESIAN_POINT('',(-37.63296178189,77.073914024971,
    47.700093980188));
#1748 = CARTESIAN_POINT('',(-34.68306959613,75.544244388361,
    47.700093980188));
#1749 = CARTESIAN_POINT('',(-34.68306959613,78.867157734315,
    47.700093980188));
#1750 = ORIENTED_EDGE('',*,*,#1751,.T.);
#1751 = EDGE_CURVE('',#1742,#1752,#1754,.T.);
#1752 = VERTEX_POINT('',#1753);
#1753 = CARTESIAN_POINT('',(-35.53919906189,80.518161036322,
    47.700093980188));
#1754 = ( BOUNDED_CURVE() B_SPLINE_CURVE(2,(#1755,#1756,#1757),
.UNSPECIFIED.,.F.,.F.) B_SPLINE_CURVE_WITH_KNOTS((3,3),(0.,
0.956756110033),.PIECEWISE_BEZIER_KNOTS.) CURVE() 
GEOMETRIC_REPRESENTATION_ITEM() RATIONAL_B_SPLINE_CURVE((1.,
0.887742736157,1.)) REPRESENTATION_ITEM('') );
#1755 = CARTESIAN_POINT('',(-34.68306959613,78.867157734315,
    47.700093980188));
#1756 = CARTESIAN_POINT('',(-34.68306959613,79.914632794229,
    47.700093980188));
#1757 = CARTESIAN_POINT('',(-35.53919906189,80.518161036322,
    47.700093980188));
#1758 = ORIENTED_EDGE('',*,*,#1759,.T.);
#1759 = EDGE_CURVE('',#1752,#1760,#1762,.T.);
#1760 = VERTEX_POINT('',#1761);
#1761 = CARTESIAN_POINT('',(-33.05785630172,80.518161036322,
    47.700093980188));
#1762 = B_SPLINE_CURVE_WITH_KNOTS('',1,(#1763,#1764),.UNSPECIFIED.,.F.,
  .F.,(2,2),(245.82173293319,343.51219740097),.PIECEWISE_BEZIER_KNOTS.);
#1763 = CARTESIAN_POINT('',(-35.53919906189,80.518161036322,
    47.700093980188));
#1764 = CARTESIAN_POINT('',(-33.05785630172,80.518161036322,
    47.700093980188));
#1765 = ORIENTED_EDGE('',*,*,#1766,.F.);
#1766 = EDGE_CURVE('',#1767,#1760,#1769,.T.);
#1767 = VERTEX_POINT('',#1768);
#1768 = CARTESIAN_POINT('',(-33.05438002347,77.903999790809,
    47.700093980188));
#1769 = B_SPLINE_CURVE_WITH_KNOTS('',1,(#1770,#1771),.UNSPECIFIED.,.F.,
  .F.,(2,2),(-204.3271255799,-101.407506346),.PIECEWISE_BEZIER_KNOTS.);
#1770 = CARTESIAN_POINT('',(-33.05438002347,77.903999790809,
    47.700093980188));
#1771 = CARTESIAN_POINT('',(-33.05785630172,80.518161036322,
    47.700093980188));
#1772 = ORIENTED_EDGE('',*,*,#1773,.T.);
#1773 = EDGE_CURVE('',#1767,#1774,#1776,.T.);
#1774 = VERTEX_POINT('',#1775);
#1775 = CARTESIAN_POINT('',(-16.1633462414,77.926461271902,
    47.700093980188));
#1776 = B_SPLINE_CURVE_WITH_KNOTS('',1,(#1777,#1778),.UNSPECIFIED.,.F.,
  .F.,(2,2),(-319.1121880038,345.88839996695),.PIECEWISE_BEZIER_KNOTS.);
#1777 = CARTESIAN_POINT('',(-33.05438002347,77.903999790809,
    47.700093980188));
#1778 = CARTESIAN_POINT('',(-16.1633462414,77.926461271902,
    47.700093980188));
#1779 = ORIENTED_EDGE('',*,*,#1780,.F.);
#1780 = EDGE_CURVE('',#1781,#1774,#1783,.T.);
#1781 = VERTEX_POINT('',#1782);
#1782 = CARTESIAN_POINT('',(-16.16679265067,80.518161036322,
    47.700093980188));
#1783 = B_SPLINE_CURVE_WITH_KNOTS('',1,(#1784,#1785),.UNSPECIFIED.,.F.,
  .F.,(2,2),(102.29181563856,204.3271255799),.PIECEWISE_BEZIER_KNOTS.);
#1784 = CARTESIAN_POINT('',(-16.16679265067,80.518161036322,
    47.700093980188));
#1785 = CARTESIAN_POINT('',(-16.1633462414,77.926461271902,
    47.700093980188));
#1786 = ORIENTED_EDGE('',*,*,#1787,.T.);
#1787 = EDGE_CURVE('',#1781,#1788,#1790,.T.);
#1788 = VERTEX_POINT('',#1789);
#1789 = CARTESIAN_POINT('',(-14.7529015223,80.518161036322,
    47.700093980188));
#1790 = B_SPLINE_CURVE_WITH_KNOTS('',1,(#1791,#1792),.UNSPECIFIED.,.F.,
  .F.,(2,2),(1.008513373343E+03,1.064178267067E+03),
  .PIECEWISE_BEZIER_KNOTS.);
#1791 = CARTESIAN_POINT('',(-16.16679265067,80.518161036322,
    47.700093980188));
#1792 = CARTESIAN_POINT('',(-14.7529015223,80.518161036322,
    47.700093980188));
#1793 = ORIENTED_EDGE('',*,*,#1794,.T.);
#1794 = EDGE_CURVE('',#1788,#1795,#1797,.T.);
#1795 = VERTEX_POINT('',#1796);
#1796 = CARTESIAN_POINT('',(-11.56902336804,78.867157734315,
    47.700093980188));
#1797 = ( BOUNDED_CURVE() B_SPLINE_CURVE(2,(#1798,#1799,#1800,#1801,
#1802),.UNSPECIFIED.,.F.,.F.) B_SPLINE_CURVE_WITH_KNOTS((3,2,3),(
2.184836543557,4.234010925368,6.28318530718),.UNSPECIFIED.) CURVE() 
GEOMETRIC_REPRESENTATION_ITEM() RATIONAL_B_SPLINE_CURVE((1.,
0.519451676384,1.,0.519451676384,1.)) REPRESENTATION_ITEM('') );
#1798 = CARTESIAN_POINT('',(-14.7529015223,80.518161036322,
    47.700093980188));
#1799 = CARTESIAN_POINT('',(-17.46880773954,78.603583661582,
    47.700093980188));
#1800 = CARTESIAN_POINT('',(-14.51891555379,77.073914024971,
    47.700093980188));
#1801 = CARTESIAN_POINT('',(-11.56902336804,75.544244388361,
    47.700093980188));
#1802 = CARTESIAN_POINT('',(-11.56902336804,78.867157734315,
    47.700093980188));
#1803 = ORIENTED_EDGE('',*,*,#1804,.T.);
#1804 = EDGE_CURVE('',#1795,#1805,#1807,.T.);
#1805 = VERTEX_POINT('',#1806);
#1806 = CARTESIAN_POINT('',(-12.4251528338,80.518161036322,
    47.700093980188));
#1807 = ( BOUNDED_CURVE() B_SPLINE_CURVE(2,(#1808,#1809,#1810),
.UNSPECIFIED.,.F.,.F.) B_SPLINE_CURVE_WITH_KNOTS((3,3),(0.,
0.956756110033),.PIECEWISE_BEZIER_KNOTS.) CURVE() 
GEOMETRIC_REPRESENTATION_ITEM() RATIONAL_B_SPLINE_CURVE((1.,
0.887742736157,1.)) REPRESENTATION_ITEM('') );
#1808 = CARTESIAN_POINT('',(-11.56902336804,78.867157734315,
    47.700093980188));
#1809 = CARTESIAN_POINT('',(-11.56902336804,79.914632794229,
    47.700093980188));
#1810 = CARTESIAN_POINT('',(-12.4251528338,80.518161036322,
    47.700093980188));
#1811 = ORIENTED_EDGE('',*,*,#1812,.T.);
#1812 = EDGE_CURVE('',#1805,#1712,#1813,.T.);
#1813 = B_SPLINE_CURVE_WITH_KNOTS('',1,(#1814,#1815),.UNSPECIFIED.,.F.,
  .F.,(2,2),(1.155821732933E+03,1.3E+03),.PIECEWISE_BEZIER_KNOTS.);
#1814 = CARTESIAN_POINT('',(-12.4251528338,80.518161036322,
    47.700093980188));
#1815 = CARTESIAN_POINT('',(-8.763017526035,80.518161036322,
    47.700093980188));
#1816 = FACE_BOUND('',#1817,.T.);
#1817 = EDGE_LOOP('',(#1818));
#1818 = ORIENTED_EDGE('',*,*,#1819,.T.);
#1819 = EDGE_CURVE('',#1820,#1820,#1822,.T.);
#1820 = VERTEX_POINT('',#1821);
#1821 = CARTESIAN_POINT('',(-11.56902336804,54.737109474219,
    47.700093980188));
#1822 = ( BOUNDED_CURVE() B_SPLINE_CURVE(2,(#1823,#1824,#1825,#1826,
#1827,#1828,#1829),.UNSPECIFIED.,.T.,.F.) B_SPLINE_CURVE_WITH_KNOTS((1,2
    ,2,2,2,1),(-2.094395102394,0.,2.094395102393,4.188790204786,
6.28318530718,8.377580409573),.UNSPECIFIED.) CURVE() 
GEOMETRIC_REPRESENTATION_ITEM() RATIONAL_B_SPLINE_CURVE((1.,0.5,1.,0.5,
1.,0.5,1.)) REPRESENTATION_ITEM('') );
#1823 = CARTESIAN_POINT('',(-11.56902336804,54.737109474219,
    47.700093980188));
#1824 = CARTESIAN_POINT('',(-11.56902336804,58.235858704635,
    47.700093980188));
#1825 = CARTESIAN_POINT('',(-14.59902908305,56.486484089427,
    47.700093980188));
#1826 = CARTESIAN_POINT('',(-17.62903479807,54.737109474219,
    47.700093980188));
#1827 = CARTESIAN_POINT('',(-14.59902908305,52.987734859011,
    47.700093980188));
#1828 = CARTESIAN_POINT('',(-11.56902336804,51.238360243803,
    47.700093980188));
#1829 = CARTESIAN_POINT('',(-11.56902336804,54.737109474219,
    47.700093980188));
#1830 = FACE_BOUND('',#1831,.T.);
#1831 = EDGE_LOOP('',(#1832));
#1832 = ORIENTED_EDGE('',*,*,#1833,.T.);
#1833 = EDGE_CURVE('',#1834,#1834,#1836,.T.);
#1834 = VERTEX_POINT('',#1835);
#1835 = CARTESIAN_POINT('',(-34.68306959613,54.737109474219,
    47.700093980188));
#1836 = ( BOUNDED_CURVE() B_SPLINE_CURVE(2,(#1837,#1838,#1839,#1840,
#1841,#1842,#1843),.UNSPECIFIED.,.T.,.F.) B_SPLINE_CURVE_WITH_KNOTS((1,2
    ,2,2,2,1),(-2.094395102394,0.,2.094395102393,4.188790204786,
6.28318530718,8.377580409573),.UNSPECIFIED.) CURVE() 
GEOMETRIC_REPRESENTATION_ITEM() RATIONAL_B_SPLINE_CURVE((1.,0.5,1.,0.5,
1.,0.5,1.)) REPRESENTATION_ITEM('') );
#1837 = CARTESIAN_POINT('',(-34.68306959613,54.737109474219,
    47.700093980188));
#1838 = CARTESIAN_POINT('',(-34.68306959613,58.235858704635,
    47.700093980188));
#1839 = CARTESIAN_POINT('',(-37.71307531115,56.486484089427,
    47.700093980188));
#1840 = CARTESIAN_POINT('',(-40.74308102616,54.737109474219,
    47.700093980188));
#1841 = CARTESIAN_POINT('',(-37.71307531115,52.987734859011,
    47.700093980188));
#1842 = CARTESIAN_POINT('',(-34.68306959613,51.238360243803,
    47.700093980188));
#1843 = CARTESIAN_POINT('',(-34.68306959613,54.737109474219,
    47.700093980188));
#1844 = FACE_BOUND('',#1845,.T.);
#1845 = EDGE_LOOP('',(#1846,#1855,#1862,#1867,#1868,#1869,#1870,#1871));
#1846 = ORIENTED_EDGE('',*,*,#1847,.F.);
#1847 = EDGE_CURVE('',#1848,#1850,#1852,.T.);
#1848 = VERTEX_POINT('',#1849);
#1849 = CARTESIAN_POINT('',(-38.48107696215,59.586972313945,
    47.700093980188));
#1850 = VERTEX_POINT('',#1851);
#1851 = CARTESIAN_POINT('',(-38.48107696215,76.587005334011,
    47.700093980188));
#1852 = B_SPLINE_CURVE_WITH_KNOTS('',1,(#1853,#1854),.UNSPECIFIED.,.F.,
  .F.,(2,2),(-132.03045,537.26085),.PIECEWISE_BEZIER_KNOTS.);
#1853 = CARTESIAN_POINT('',(-38.48107696215,59.586972313945,
    47.700093980188));
#1854 = CARTESIAN_POINT('',(-38.48107696215,76.587005334011,
    47.700093980188));
#1855 = ORIENTED_EDGE('',*,*,#1856,.F.);
#1856 = EDGE_CURVE('',#1857,#1848,#1859,.T.);
#1857 = VERTEX_POINT('',#1858);
#1858 = CARTESIAN_POINT('',(-11.43002286004,59.586972313945,
    47.700093980188));
#1859 = B_SPLINE_CURVE_WITH_KNOTS('',1,(#1860,#1861),.UNSPECIFIED.,.F.,
  .F.,(2,2),(-272.5,792.5),.PIECEWISE_BEZIER_KNOTS.);
#1860 = CARTESIAN_POINT('',(-11.43002286004,59.586972313945,
    47.700093980188));
#1861 = CARTESIAN_POINT('',(-38.48107696215,59.586972313945,
    47.700093980188));
#1862 = ORIENTED_EDGE('',*,*,#1863,.F.);
#1863 = EDGE_CURVE('',#848,#1857,#1864,.T.);
#1864 = B_SPLINE_CURVE_WITH_KNOTS('',1,(#1865,#1866),.UNSPECIFIED.,.F.,
  .F.,(2,2),(-202.6152,466.6761),.PIECEWISE_BEZIER_KNOTS.);
#1865 = CARTESIAN_POINT('',(-11.43002286004,76.587005334011,
    47.700093980188));
#1866 = CARTESIAN_POINT('',(-11.43002286004,59.586972313945,
    47.700093980188));
#1867 = ORIENTED_EDGE('',*,*,#847,.T.);
#1868 = ORIENTED_EDGE('',*,*,#946,.T.);
#1869 = ORIENTED_EDGE('',*,*,#930,.F.);
#1870 = ORIENTED_EDGE('',*,*,#900,.F.);
#1871 = ORIENTED_EDGE('',*,*,#1872,.F.);
#1872 = EDGE_CURVE('',#1850,#894,#1873,.T.);
#1873 = B_SPLINE_CURVE_WITH_KNOTS('',1,(#1874,#1875),.UNSPECIFIED.,.F.,
  .F.,(2,2),(-260.,805.),.PIECEWISE_BEZIER_KNOTS.);
#1874 = CARTESIAN_POINT('',(-38.48107696215,76.587005334011,
    47.700093980188));
#1875 = CARTESIAN_POINT('',(-11.43002286004,76.587005334011,
    47.700093980188));
#1876 = B_SPLINE_SURFACE_WITH_KNOTS('',1,1,(
    (#1877,#1878)
    ,(#1879,#1880
    )),.UNSPECIFIED.,.F.,.F.,.F.,(2,2),(2,2),(-650.,650.),(-560.,560.),
  .PIECEWISE_BEZIER_KNOTS.);
#1877 = CARTESIAN_POINT('',(-8.763017526035,52.070104140208,
    47.700093980188));
#1878 = CARTESIAN_POINT('',(-8.763017526035,80.518161036322,
    47.700093980188));
#1879 = CARTESIAN_POINT('',(-41.78308356616,52.070104140208,
    47.700093980188));
#1880 = CARTESIAN_POINT('',(-41.78308356616,80.518161036322,
    47.700093980188));
#1881 = ADVANCED_FACE('',(#1882),#1898,.F.);
#1882 = FACE_BOUND('',#1883,.F.);
#1883 = EDGE_LOOP('',(#1884,#1891,#1892,#1893));
#1884 = ORIENTED_EDGE('',*,*,#1885,.F.);
#1885 = EDGE_CURVE('',#1857,#1886,#1888,.T.);
#1886 = VERTEX_POINT('',#1887);
#1887 = CARTESIAN_POINT('',(-11.43002286004,59.586972313945,
    49.000099060198));
#1888 = B_SPLINE_CURVE_WITH_KNOTS('',1,(#1889,#1890),.UNSPECIFIED.,.F.,
  .F.,(2,2),(0.,90.5512),.PIECEWISE_BEZIER_KNOTS.);
#1889 = CARTESIAN_POINT('',(-11.43002286004,59.586972313945,
    47.700093980188));
#1890 = CARTESIAN_POINT('',(-11.43002286004,59.586972313945,
    50.000099060198));
#1891 = ORIENTED_EDGE('',*,*,#1863,.F.);
#1892 = ORIENTED_EDGE('',*,*,#854,.F.);
#1893 = ORIENTED_EDGE('',*,*,#1894,.F.);
#1894 = EDGE_CURVE('',#1886,#855,#1895,.T.);
#1895 = B_SPLINE_CURVE_WITH_KNOTS('',1,(#1896,#1897),.UNSPECIFIED.,.F.,
  .F.,(2,2),(0.,1.),.PIECEWISE_BEZIER_KNOTS.);
#1896 = CARTESIAN_POINT('',(-11.43002286004,59.586972313945,
    49.000099060198));
#1897 = CARTESIAN_POINT('',(-11.43002286004,76.587005334011,
    49.000099060198));
#1898 = B_SPLINE_SURFACE_WITH_KNOTS('',1,1,(
    (#1899,#1900)
    ,(#1901,#1902
  )),.UNSPECIFIED.,.F.,.F.,.F.,(2,2),(2,2),(0.,669.2913),(-590.55,
    -499.9988),.PIECEWISE_BEZIER_KNOTS.);
#1899 = CARTESIAN_POINT('',(-11.43002286004,76.587005334011,
    50.000099060198));
#1900 = CARTESIAN_POINT('',(-11.43002286004,76.587005334011,
    47.700093980188));
#1901 = CARTESIAN_POINT('',(-11.43002286004,59.586972313945,
    50.000099060198));
#1902 = CARTESIAN_POINT('',(-11.43002286004,59.586972313945,
    47.700093980188));
#1903 = ADVANCED_FACE('',(#1904),#1928,.F.);
#1904 = FACE_BOUND('',#1905,.F.);
#1905 = EDGE_LOOP('',(#1906,#1915,#1920,#1921,#1922,#1923));
#1906 = ORIENTED_EDGE('',*,*,#1907,.T.);
#1907 = EDGE_CURVE('',#1908,#1910,#1912,.T.);
#1908 = VERTEX_POINT('',#1909);
#1909 = CARTESIAN_POINT('',(-38.48107696215,76.587005334011,
    49.000099060198));
#1910 = VERTEX_POINT('',#1911);
#1911 = CARTESIAN_POINT('',(-38.48107696215,59.586972313945,
    49.000099060198));
#1912 = B_SPLINE_CURVE_WITH_KNOTS('',1,(#1913,#1914),.UNSPECIFIED.,.F.,
  .F.,(2,2),(0.,1.),.PIECEWISE_BEZIER_KNOTS.);
#1913 = CARTESIAN_POINT('',(-38.48107696215,76.587005334011,
    49.000099060198));
#1914 = CARTESIAN_POINT('',(-38.48107696215,59.586972313945,
    49.000099060198));
#1915 = ORIENTED_EDGE('',*,*,#1916,.T.);
#1916 = EDGE_CURVE('',#1910,#1886,#1917,.T.);
#1917 = B_SPLINE_CURVE_WITH_KNOTS('',1,(#1918,#1919),.UNSPECIFIED.,.F.,
  .F.,(2,2),(0.,1.),.PIECEWISE_BEZIER_KNOTS.);
#1918 = CARTESIAN_POINT('',(-38.48107696215,59.586972313945,
    49.000099060198));
#1919 = CARTESIAN_POINT('',(-11.43002286004,59.586972313945,
    49.000099060198));
#1920 = ORIENTED_EDGE('',*,*,#1894,.T.);
#1921 = ORIENTED_EDGE('',*,*,#861,.T.);
#1922 = ORIENTED_EDGE('',*,*,#885,.T.);
#1923 = ORIENTED_EDGE('',*,*,#1924,.T.);
#1924 = EDGE_CURVE('',#886,#1908,#1925,.T.);
#1925 = B_SPLINE_CURVE_WITH_KNOTS('',1,(#1926,#1927),.UNSPECIFIED.,.F.,
  .F.,(2,2),(0.,1.),.PIECEWISE_BEZIER_KNOTS.);
#1926 = CARTESIAN_POINT('',(-11.43002286004,76.587005334011,
    49.000099060198));
#1927 = CARTESIAN_POINT('',(-38.48107696215,76.587005334011,
    49.000099060198));
#1928 = PLANE('',#1929);
#1929 = AXIS2_PLACEMENT_3D('',#1930,#1931,#1932);
#1930 = CARTESIAN_POINT('',(-98.26219329438,-32.47606172212,
    49.000099060198));
#1931 = DIRECTION('',(0.,0.,1.));
#1932 = DIRECTION('',(1.,0.,-0.));
#1933 = ADVANCED_FACE('',(#1934),#1944,.F.);
#1934 = FACE_BOUND('',#1935,.F.);
#1935 = EDGE_LOOP('',(#1936,#1937,#1938,#1939));
#1936 = ORIENTED_EDGE('',*,*,#1924,.F.);
#1937 = ORIENTED_EDGE('',*,*,#893,.T.);
#1938 = ORIENTED_EDGE('',*,*,#1872,.F.);
#1939 = ORIENTED_EDGE('',*,*,#1940,.T.);
#1940 = EDGE_CURVE('',#1850,#1908,#1941,.T.);
#1941 = B_SPLINE_CURVE_WITH_KNOTS('',1,(#1942,#1943),.UNSPECIFIED.,.F.,
  .F.,(2,2),(0.,90.5512),.PIECEWISE_BEZIER_KNOTS.);
#1942 = CARTESIAN_POINT('',(-38.48107696215,76.587005334011,
    47.700093980188));
#1943 = CARTESIAN_POINT('',(-38.48107696215,76.587005334011,
    50.000099060198));
#1944 = B_SPLINE_SURFACE_WITH_KNOTS('',1,1,(
    (#1945,#1946)
    ,(#1947,#1948
  )),.UNSPECIFIED.,.F.,.F.,.F.,(2,2),(2,2),(0.,1.065E+03),(-590.55,
    -499.9988),.PIECEWISE_BEZIER_KNOTS.);
#1945 = CARTESIAN_POINT('',(-38.48107696215,76.587005334011,
    50.000099060198));
#1946 = CARTESIAN_POINT('',(-38.48107696215,76.587005334011,
    47.700093980188));
#1947 = CARTESIAN_POINT('',(-11.43002286004,76.587005334011,
    50.000099060198));
#1948 = CARTESIAN_POINT('',(-11.43002286004,76.587005334011,
    47.700093980188));
#1949 = ADVANCED_FACE('',(#1950),#1966,.T.);
#1950 = FACE_BOUND('',#1951,.T.);
#1951 = EDGE_LOOP('',(#1952,#1958,#1959,#1965));
#1952 = ORIENTED_EDGE('',*,*,#1953,.F.);
#1953 = EDGE_CURVE('',#1685,#970,#1954,.T.);
#1954 = LINE('',#1955,#1956);
#1955 = CARTESIAN_POINT('',(-55.26219329438,71.141652449756,
    45.500099060198));
#1956 = VECTOR('',#1957,1.);
#1957 = DIRECTION('',(0.,0.,1.));
#1958 = ORIENTED_EDGE('',*,*,#1684,.F.);
#1959 = ORIENTED_EDGE('',*,*,#1960,.T.);
#1960 = EDGE_CURVE('',#1676,#968,#1961,.T.);
#1961 = LINE('',#1962,#1963);
#1962 = CARTESIAN_POINT('',(-71.26219329438,71.141652449756,
    45.500099060198));
#1963 = VECTOR('',#1964,1.);
#1964 = DIRECTION('',(0.,0.,1.));
#1965 = ORIENTED_EDGE('',*,*,#967,.T.);
#1966 = PLANE('',#1967);
#1967 = AXIS2_PLACEMENT_3D('',#1968,#1969,#1970);
#1968 = CARTESIAN_POINT('',(-71.26219329438,71.141652449756,
    45.500099060198));
#1969 = DIRECTION('',(-0.,1.,0.));
#1970 = DIRECTION('',(0.,0.,1.));
#1971 = ADVANCED_FACE('',(#1972),#1983,.T.);
#1972 = FACE_BOUND('',#1973,.T.);
#1973 = EDGE_LOOP('',(#1974,#1975,#1976,#1982));
#1974 = ORIENTED_EDGE('',*,*,#1960,.F.);
#1975 = ORIENTED_EDGE('',*,*,#1675,.T.);
#1976 = ORIENTED_EDGE('',*,*,#1977,.T.);
#1977 = EDGE_CURVE('',#1678,#978,#1978,.T.);
#1978 = LINE('',#1979,#1980);
#1979 = CARTESIAN_POINT('',(-71.26219329438,85.141652449756,
    45.500099060198));
#1980 = VECTOR('',#1981,1.);
#1981 = DIRECTION('',(0.,0.,1.));
#1982 = ORIENTED_EDGE('',*,*,#977,.T.);
#1983 = PLANE('',#1984);
#1984 = AXIS2_PLACEMENT_3D('',#1985,#1986,#1987);
#1985 = CARTESIAN_POINT('',(-71.26219329438,71.141652449756,
    45.500099060198));
#1986 = DIRECTION('',(1.,0.,-0.));
#1987 = DIRECTION('',(0.,0.,1.));
#1988 = ADVANCED_FACE('',(#1989),#2000,.F.);
#1989 = FACE_BOUND('',#1990,.F.);
#1990 = EDGE_LOOP('',(#1991,#1997,#1998,#1999));
#1991 = ORIENTED_EDGE('',*,*,#1992,.F.);
#1992 = EDGE_CURVE('',#1692,#986,#1993,.T.);
#1993 = LINE('',#1994,#1995);
#1994 = CARTESIAN_POINT('',(-55.26219329438,85.141652449756,
    45.500099060198));
#1995 = VECTOR('',#1996,1.);
#1996 = DIRECTION('',(0.,0.,1.));
#1997 = ORIENTED_EDGE('',*,*,#1698,.F.);
#1998 = ORIENTED_EDGE('',*,*,#1977,.T.);
#1999 = ORIENTED_EDGE('',*,*,#985,.T.);
#2000 = PLANE('',#2001);
#2001 = AXIS2_PLACEMENT_3D('',#2002,#2003,#2004);
#2002 = CARTESIAN_POINT('',(-71.26219329438,85.141652449756,
    45.500099060198));
#2003 = DIRECTION('',(-0.,1.,0.));
#2004 = DIRECTION('',(0.,0.,1.));
#2005 = ADVANCED_FACE('',(#2006),#2012,.F.);
#2006 = FACE_BOUND('',#2007,.F.);
#2007 = EDGE_LOOP('',(#2008,#2009,#2010,#2011));
#2008 = ORIENTED_EDGE('',*,*,#1953,.F.);
#2009 = ORIENTED_EDGE('',*,*,#1691,.T.);
#2010 = ORIENTED_EDGE('',*,*,#1992,.T.);
#2011 = ORIENTED_EDGE('',*,*,#993,.T.);
#2012 = PLANE('',#2013);
#2013 = AXIS2_PLACEMENT_3D('',#2014,#2015,#2016);
#2014 = CARTESIAN_POINT('',(-55.26219329438,71.141652449756,
    45.500099060198));
#2015 = DIRECTION('',(1.,0.,-0.));
#2016 = DIRECTION('',(0.,0.,1.));
#2017 = ADVANCED_FACE('',(#2018,#2024),#2058,.F.);
#2018 = FACE_BOUND('',#2019,.F.);
#2019 = EDGE_LOOP('',(#2020,#2021,#2022,#2023));
#2020 = ORIENTED_EDGE('',*,*,#1087,.F.);
#2021 = ORIENTED_EDGE('',*,*,#1063,.T.);
#2022 = ORIENTED_EDGE('',*,*,#1046,.T.);
#2023 = ORIENTED_EDGE('',*,*,#1015,.F.);
#2024 = FACE_BOUND('',#2025,.F.);
#2025 = EDGE_LOOP('',(#2026,#2036,#2044,#2052));
#2026 = ORIENTED_EDGE('',*,*,#2027,.F.);
#2027 = EDGE_CURVE('',#2028,#2030,#2032,.T.);
#2028 = VERTEX_POINT('',#2029);
#2029 = CARTESIAN_POINT('',(-96.86,-31.08,28.));
#2030 = VERTEX_POINT('',#2031);
#2031 = CARTESIAN_POINT('',(3.52,-31.08,28.));
#2032 = LINE('',#2033,#2034);
#2033 = CARTESIAN_POINT('',(-96.86,-31.08,28.));
#2034 = VECTOR('',#2035,1.);
#2035 = DIRECTION('',(1.,0.,-0.));
#2036 = ORIENTED_EDGE('',*,*,#2037,.T.);
#2037 = EDGE_CURVE('',#2028,#2038,#2040,.T.);
#2038 = VERTEX_POINT('',#2039);
#2039 = CARTESIAN_POINT('',(-96.86,95.72,28.));
#2040 = LINE('',#2041,#2042);
#2041 = CARTESIAN_POINT('',(-96.86,-31.08,28.));
#2042 = VECTOR('',#2043,1.);
#2043 = DIRECTION('',(-0.,1.,0.));
#2044 = ORIENTED_EDGE('',*,*,#2045,.T.);
#2045 = EDGE_CURVE('',#2038,#2046,#2048,.T.);
#2046 = VERTEX_POINT('',#2047);
#2047 = CARTESIAN_POINT('',(3.52,95.72,28.));
#2048 = LINE('',#2049,#2050);
#2049 = CARTESIAN_POINT('',(-96.86,95.72,28.));
#2050 = VECTOR('',#2051,1.);
#2051 = DIRECTION('',(1.,0.,-0.));
#2052 = ORIENTED_EDGE('',*,*,#2053,.F.);
#2053 = EDGE_CURVE('',#2030,#2046,#2054,.T.);
#2054 = LINE('',#2055,#2056);
#2055 = CARTESIAN_POINT('',(3.52,-31.08,28.));
#2056 = VECTOR('',#2057,1.);
#2057 = DIRECTION('',(-0.,1.,0.));
#2058 = PLANE('',#2059);
#2059 = AXIS2_PLACEMENT_3D('',#2060,#2061,#2062);
#2060 = CARTESIAN_POINT('',(-98.16,-32.38,28.));
#2061 = DIRECTION('',(0.,0.,1.));
#2062 = DIRECTION('',(1.,0.,-0.));
#2063 = ADVANCED_FACE('',(#2064),#2089,.T.);
#2064 = FACE_BOUND('',#2065,.T.);
#2065 = EDGE_LOOP('',(#2066,#2074,#2075,#2083));
#2066 = ORIENTED_EDGE('',*,*,#2067,.F.);
#2067 = EDGE_CURVE('',#1104,#2068,#2070,.T.);
#2068 = VERTEX_POINT('',#2069);
#2069 = CARTESIAN_POINT('',(3.42,-30.98,32.000066040132));
#2070 = LINE('',#2071,#2072);
#2071 = CARTESIAN_POINT('',(-71.71629667259,-30.98,32.000066040132));
#2072 = VECTOR('',#2073,1.);
#2073 = DIRECTION('',(1.,0.,-0.));
#2074 = ORIENTED_EDGE('',*,*,#1103,.T.);
#2075 = ORIENTED_EDGE('',*,*,#2076,.T.);
#2076 = EDGE_CURVE('',#1106,#2077,#2079,.T.);
#2077 = VERTEX_POINT('',#2078);
#2078 = CARTESIAN_POINT('',(3.42,-30.98,35.));
#2079 = LINE('',#2080,#2081);
#2080 = CARTESIAN_POINT('',(-96.76,-30.98,35.));
#2081 = VECTOR('',#2082,1.);
#2082 = DIRECTION('',(1.,0.,-0.));
#2083 = ORIENTED_EDGE('',*,*,#2084,.F.);
#2084 = EDGE_CURVE('',#2068,#2077,#2085,.T.);
#2085 = LINE('',#2086,#2087);
#2086 = CARTESIAN_POINT('',(3.42,-30.98,32.));
#2087 = VECTOR('',#2088,1.);
#2088 = DIRECTION('',(0.,0.,1.));
#2089 = PLANE('',#2090);
#2090 = AXIS2_PLACEMENT_3D('',#2091,#2092,#2093);
#2091 = CARTESIAN_POINT('',(-96.76,-30.98,32.));
#2092 = DIRECTION('',(-0.,1.,0.));
#2093 = DIRECTION('',(0.,0.,1.));
#2094 = ADVANCED_FACE('',(#2095,#2129),#2147,.T.);
#2095 = FACE_BOUND('',#2096,.T.);
#2096 = EDGE_LOOP('',(#2097,#2107,#2115,#2123));
#2097 = ORIENTED_EDGE('',*,*,#2098,.F.);
#2098 = EDGE_CURVE('',#2099,#2101,#2103,.T.);
#2099 = VERTEX_POINT('',#2100);
#2100 = CARTESIAN_POINT('',(-96.86,-31.08,32.000066040132));
#2101 = VERTEX_POINT('',#2102);
#2102 = CARTESIAN_POINT('',(3.52,-31.08,32.000066040132));
#2103 = LINE('',#2104,#2105);
#2104 = CARTESIAN_POINT('',(-71.76629667259,-31.08,32.000066040132));
#2105 = VECTOR('',#2106,1.);
#2106 = DIRECTION('',(1.,0.,-0.));
#2107 = ORIENTED_EDGE('',*,*,#2108,.F.);
#2108 = EDGE_CURVE('',#2109,#2099,#2111,.T.);
#2109 = VERTEX_POINT('',#2110);
#2110 = CARTESIAN_POINT('',(-96.86,95.72,32.000066040132));
#2111 = LINE('',#2112,#2113);
#2112 = CARTESIAN_POINT('',(-96.86,0.626397681909,32.000066040132));
#2113 = VECTOR('',#2114,1.);
#2114 = DIRECTION('',(0.,-1.,0.));
#2115 = ORIENTED_EDGE('',*,*,#2116,.T.);
#2116 = EDGE_CURVE('',#2109,#2117,#2119,.T.);
#2117 = VERTEX_POINT('',#2118);
#2118 = CARTESIAN_POINT('',(3.52,95.72,32.000066040132));
#2119 = LINE('',#2120,#2121);
#2120 = CARTESIAN_POINT('',(-71.76629667259,95.72,32.000066040132));
#2121 = VECTOR('',#2122,1.);
#2122 = DIRECTION('',(1.,0.,-0.));
#2123 = ORIENTED_EDGE('',*,*,#2124,.T.);
#2124 = EDGE_CURVE('',#2117,#2101,#2125,.T.);
#2125 = LINE('',#2126,#2127);
#2126 = CARTESIAN_POINT('',(3.52,0.626397681909,32.000066040132));
#2127 = VECTOR('',#2128,1.);
#2128 = DIRECTION('',(0.,-1.,0.));
#2129 = FACE_BOUND('',#2130,.T.);
#2130 = EDGE_LOOP('',(#2131,#2139,#2140,#2141));
#2131 = ORIENTED_EDGE('',*,*,#2132,.F.);
#2132 = EDGE_CURVE('',#1114,#2133,#2135,.T.);
#2133 = VERTEX_POINT('',#2134);
#2134 = CARTESIAN_POINT('',(3.42,95.62,32.000066040132));
#2135 = LINE('',#2136,#2137);
#2136 = CARTESIAN_POINT('',(-71.71629667259,95.62,32.000066040132));
#2137 = VECTOR('',#2138,1.);
#2138 = DIRECTION('',(1.,0.,-0.));
#2139 = ORIENTED_EDGE('',*,*,#1113,.T.);
#2140 = ORIENTED_EDGE('',*,*,#2067,.T.);
#2141 = ORIENTED_EDGE('',*,*,#2142,.F.);
#2142 = EDGE_CURVE('',#2133,#2068,#2143,.T.);
#2143 = LINE('',#2144,#2145);
#2144 = CARTESIAN_POINT('',(3.42,0.676397681909,32.000066040132));
#2145 = VECTOR('',#2146,1.);
#2146 = DIRECTION('',(0.,-1.,0.));
#2147 = PLANE('',#2148);
#2148 = AXIS2_PLACEMENT_3D('',#2149,#2150,#2151);
#2149 = CARTESIAN_POINT('',(-46.67259334518,32.332795363818,
    32.000066040132));
#2150 = DIRECTION('',(-0.,-0.,-1.));
#2151 = DIRECTION('',(-1.,0.,0.));
#2152 = ADVANCED_FACE('',(#2153,#2171),#2205,.F.);
#2153 = FACE_BOUND('',#2154,.F.);
#2154 = EDGE_LOOP('',(#2155,#2156,#2157,#2165));
#2155 = ORIENTED_EDGE('',*,*,#1129,.F.);
#2156 = ORIENTED_EDGE('',*,*,#2076,.T.);
#2157 = ORIENTED_EDGE('',*,*,#2158,.T.);
#2158 = EDGE_CURVE('',#2077,#2159,#2161,.T.);
#2159 = VERTEX_POINT('',#2160);
#2160 = CARTESIAN_POINT('',(3.42,95.62,35.));
#2161 = LINE('',#2162,#2163);
#2162 = CARTESIAN_POINT('',(3.42,-30.98,35.));
#2163 = VECTOR('',#2164,1.);
#2164 = DIRECTION('',(-0.,1.,0.));
#2165 = ORIENTED_EDGE('',*,*,#2166,.F.);
#2166 = EDGE_CURVE('',#1122,#2159,#2167,.T.);
#2167 = LINE('',#2168,#2169);
#2168 = CARTESIAN_POINT('',(-96.76,95.62,35.));
#2169 = VECTOR('',#2170,1.);
#2170 = DIRECTION('',(1.,0.,-0.));
#2171 = FACE_BOUND('',#2172,.F.);
#2172 = EDGE_LOOP('',(#2173,#2183,#2191,#2199));
#2173 = ORIENTED_EDGE('',*,*,#2174,.T.);
#2174 = EDGE_CURVE('',#2175,#2177,#2179,.T.);
#2175 = VERTEX_POINT('',#2176);
#2176 = CARTESIAN_POINT('',(-95.76219329438,94.641652449756,35.));
#2177 = VERTEX_POINT('',#2178);
#2178 = CARTESIAN_POINT('',(2.417006604013,94.641652449756,35.));
#2179 = LINE('',#2180,#2181);
#2180 = CARTESIAN_POINT('',(-97.51109664719,94.641652449756,35.));
#2181 = VECTOR('',#2182,1.);
#2182 = DIRECTION('',(1.,0.,-0.));
#2183 = ORIENTED_EDGE('',*,*,#2184,.T.);
#2184 = EDGE_CURVE('',#2177,#2185,#2187,.T.);
#2185 = VERTEX_POINT('',#2186);
#2186 = CARTESIAN_POINT('',(2.417006604013,-29.97606172212,35.));
#2187 = LINE('',#2188,#2189);
#2188 = CARTESIAN_POINT('',(2.417006604013,-31.72803086106,35.));
#2189 = VECTOR('',#2190,1.);
#2190 = DIRECTION('',(0.,-1.,0.));
#2191 = ORIENTED_EDGE('',*,*,#2192,.F.);
#2192 = EDGE_CURVE('',#2193,#2185,#2195,.T.);
#2193 = VERTEX_POINT('',#2194);
#2194 = CARTESIAN_POINT('',(-95.76219329438,-29.97606172212,35.));
#2195 = LINE('',#2196,#2197);
#2196 = CARTESIAN_POINT('',(-97.51109664719,-29.97606172212,35.));
#2197 = VECTOR('',#2198,1.);
#2198 = DIRECTION('',(1.,0.,-0.));
#2199 = ORIENTED_EDGE('',*,*,#2200,.F.);
#2200 = EDGE_CURVE('',#2175,#2193,#2201,.T.);
#2201 = LINE('',#2202,#2203);
#2202 = CARTESIAN_POINT('',(-95.76219329438,-31.72803086106,35.));
#2203 = VECTOR('',#2204,1.);
#2204 = DIRECTION('',(0.,-1.,0.));
#2205 = PLANE('',#2206);
#2206 = AXIS2_PLACEMENT_3D('',#2207,#2208,#2209);
#2207 = CARTESIAN_POINT('',(-96.76,-30.98,35.));
#2208 = DIRECTION('',(0.,0.,1.));
#2209 = DIRECTION('',(1.,0.,-0.));
#2210 = ADVANCED_FACE('',(#2211),#2222,.F.);
#2211 = FACE_BOUND('',#2212,.F.);
#2212 = EDGE_LOOP('',(#2213,#2214,#2215,#2216));
#2213 = ORIENTED_EDGE('',*,*,#2132,.F.);
#2214 = ORIENTED_EDGE('',*,*,#1121,.T.);
#2215 = ORIENTED_EDGE('',*,*,#2166,.T.);
#2216 = ORIENTED_EDGE('',*,*,#2217,.F.);
#2217 = EDGE_CURVE('',#2133,#2159,#2218,.T.);
#2218 = LINE('',#2219,#2220);
#2219 = CARTESIAN_POINT('',(3.42,95.62,32.));
#2220 = VECTOR('',#2221,1.);
#2221 = DIRECTION('',(0.,0.,1.));
#2222 = PLANE('',#2223);
#2223 = AXIS2_PLACEMENT_3D('',#2224,#2225,#2226);
#2224 = CARTESIAN_POINT('',(-96.76,95.62,32.));
#2225 = DIRECTION('',(-0.,1.,0.));
#2226 = DIRECTION('',(0.,0.,1.));
#2227 = ADVANCED_FACE('',(#2228),#2232,.T.);
#2228 = FACE_BOUND('',#2229,.T.);
#2229 = EDGE_LOOP('',(#2230,#2231));
#2230 = ORIENTED_EDGE('',*,*,#1188,.F.);
#2231 = ORIENTED_EDGE('',*,*,#1173,.T.);
#2232 = PLANE('',#2233);
#2233 = AXIS2_PLACEMENT_3D('',#2234,#2235,#2236);
#2234 = CARTESIAN_POINT('',(5.42,32.32,33.));
#2235 = DIRECTION('',(1.,0.,0.));
#2236 = DIRECTION('',(-0.,0.,1.));
#2237 = ADVANCED_FACE('',(#2238,#2244),#2247,.F.);
#2238 = FACE_BOUND('',#2239,.F.);
#2239 = EDGE_LOOP('',(#2240,#2241,#2242,#2243));
#2240 = ORIENTED_EDGE('',*,*,#2084,.F.);
#2241 = ORIENTED_EDGE('',*,*,#2142,.F.);
#2242 = ORIENTED_EDGE('',*,*,#2217,.T.);
#2243 = ORIENTED_EDGE('',*,*,#2158,.F.);
#2244 = FACE_BOUND('',#2245,.F.);
#2245 = EDGE_LOOP('',(#2246));
#2246 = ORIENTED_EDGE('',*,*,#1205,.F.);
#2247 = PLANE('',#2248);
#2248 = AXIS2_PLACEMENT_3D('',#2249,#2250,#2251);
#2249 = CARTESIAN_POINT('',(3.42,-30.98,32.));
#2250 = DIRECTION('',(1.,0.,-0.));
#2251 = DIRECTION('',(0.,0.,1.));
#2252 = ADVANCED_FACE('',(#2253),#2267,.T.);
#2253 = FACE_BOUND('',#2254,.T.);
#2254 = EDGE_LOOP('',(#2255,#2256,#2261,#2262));
#2255 = ORIENTED_EDGE('',*,*,#1223,.F.);
#2256 = ORIENTED_EDGE('',*,*,#2257,.T.);
#2257 = EDGE_CURVE('',#1224,#1612,#2258,.T.);
#2258 = B_SPLINE_CURVE_WITH_KNOTS('',1,(#2259,#2260),.UNSPECIFIED.,.F.,
  .F.,(2,2),(0.,137.7953),.PIECEWISE_BEZIER_KNOTS.);
#2259 = CARTESIAN_POINT('',(-91.82118364236,-3.556007112014,
    45.000088900178));
#2260 = CARTESIAN_POINT('',(-91.82118364236,-3.556007112014,
    48.500096520193));
#2261 = ORIENTED_EDGE('',*,*,#1611,.T.);
#2262 = ORIENTED_EDGE('',*,*,#2263,.F.);
#2263 = EDGE_CURVE('',#1226,#1614,#2264,.T.);
#2264 = B_SPLINE_CURVE_WITH_KNOTS('',1,(#2265,#2266),.UNSPECIFIED.,.F.,
  .F.,(2,2),(0.,137.7953),.PIECEWISE_BEZIER_KNOTS.);
#2265 = CARTESIAN_POINT('',(-91.82118364236,39.116078232156,
    45.000088900178));
#2266 = CARTESIAN_POINT('',(-91.82118364236,39.116078232156,
    48.500096520193));
#2267 = B_SPLINE_SURFACE_WITH_KNOTS('',1,1,(
    (#2268,#2269)
    ,(#2270,#2271
  )),.UNSPECIFIED.,.F.,.F.,.F.,(2,2),(2,2),(0.,1.68E+03),(-137.7953,0.),
  .PIECEWISE_BEZIER_KNOTS.);
#2268 = CARTESIAN_POINT('',(-91.82118364236,-3.556007112014,
    48.500096520193));
#2269 = CARTESIAN_POINT('',(-91.82118364236,-3.556007112014,
    45.000088900178));
#2270 = CARTESIAN_POINT('',(-91.82118364236,39.116078232156,
    48.500096520193));
#2271 = CARTESIAN_POINT('',(-91.82118364236,39.116078232156,
    45.000088900178));
#2272 = ADVANCED_FACE('',(#2273),#2283,.T.);
#2273 = FACE_BOUND('',#2274,.T.);
#2274 = EDGE_LOOP('',(#2275,#2276,#2277,#2278));
#2275 = ORIENTED_EDGE('',*,*,#1232,.F.);
#2276 = ORIENTED_EDGE('',*,*,#2263,.T.);
#2277 = ORIENTED_EDGE('',*,*,#1634,.T.);
#2278 = ORIENTED_EDGE('',*,*,#2279,.F.);
#2279 = EDGE_CURVE('',#1233,#1628,#2280,.T.);
#2280 = B_SPLINE_CURVE_WITH_KNOTS('',1,(#2281,#2282),.UNSPECIFIED.,.F.,
  .F.,(2,2),(0.,137.7953),.PIECEWISE_BEZIER_KNOTS.);
#2281 = CARTESIAN_POINT('',(-1.651003302007,39.116078232156,
    45.000088900178));
#2282 = CARTESIAN_POINT('',(-1.651003302007,39.116078232156,
    48.500096520193));
#2283 = B_SPLINE_SURFACE_WITH_KNOTS('',1,1,(
    (#2284,#2285)
    ,(#2286,#2287
  )),.UNSPECIFIED.,.F.,.F.,.F.,(2,2),(2,2),(0.,3.55E+03),(-137.7953,0.),
  .PIECEWISE_BEZIER_KNOTS.);
#2284 = CARTESIAN_POINT('',(-91.82118364236,39.116078232156,
    48.500096520193));
#2285 = CARTESIAN_POINT('',(-91.82118364236,39.116078232156,
    45.000088900178));
#2286 = CARTESIAN_POINT('',(-1.651003302007,39.116078232156,
    48.500096520193));
#2287 = CARTESIAN_POINT('',(-1.651003302007,39.116078232156,
    45.000088900178));
#2288 = ADVANCED_FACE('',(#2289),#2299,.T.);
#2289 = FACE_BOUND('',#2290,.T.);
#2290 = EDGE_LOOP('',(#2291,#2292,#2293,#2294));
#2291 = ORIENTED_EDGE('',*,*,#1239,.F.);
#2292 = ORIENTED_EDGE('',*,*,#2279,.T.);
#2293 = ORIENTED_EDGE('',*,*,#1627,.T.);
#2294 = ORIENTED_EDGE('',*,*,#2295,.F.);
#2295 = EDGE_CURVE('',#1240,#1621,#2296,.T.);
#2296 = B_SPLINE_CURVE_WITH_KNOTS('',1,(#2297,#2298),.UNSPECIFIED.,.F.,
  .F.,(2,2),(0.,137.7953),.PIECEWISE_BEZIER_KNOTS.);
#2297 = CARTESIAN_POINT('',(-1.651003302007,-3.556007112014,
    45.000088900178));
#2298 = CARTESIAN_POINT('',(-1.651003302007,-3.556007112014,
    48.500096520193));
#2299 = B_SPLINE_SURFACE_WITH_KNOTS('',1,1,(
    (#2300,#2301)
    ,(#2302,#2303
  )),.UNSPECIFIED.,.F.,.F.,.F.,(2,2),(2,2),(0.,1.68E+03),(-137.7953,0.),
  .PIECEWISE_BEZIER_KNOTS.);
#2300 = CARTESIAN_POINT('',(-1.651003302007,39.116078232156,
    48.500096520193));
#2301 = CARTESIAN_POINT('',(-1.651003302007,39.116078232156,
    45.000088900178));
#2302 = CARTESIAN_POINT('',(-1.651003302007,-3.556007112014,
    48.500096520193));
#2303 = CARTESIAN_POINT('',(-1.651003302007,-3.556007112014,
    45.000088900178));
#2304 = ADVANCED_FACE('',(#2305),#2311,.T.);
#2305 = FACE_BOUND('',#2306,.T.);
#2306 = EDGE_LOOP('',(#2307,#2308,#2309,#2310));
#2307 = ORIENTED_EDGE('',*,*,#1246,.F.);
#2308 = ORIENTED_EDGE('',*,*,#2295,.T.);
#2309 = ORIENTED_EDGE('',*,*,#1620,.T.);
#2310 = ORIENTED_EDGE('',*,*,#2257,.F.);
#2311 = B_SPLINE_SURFACE_WITH_KNOTS('',1,1,(
    (#2312,#2313)
    ,(#2314,#2315
  )),.UNSPECIFIED.,.F.,.F.,.F.,(2,2),(2,2),(0.,3.55E+03),(-137.7953,0.),
  .PIECEWISE_BEZIER_KNOTS.);
#2312 = CARTESIAN_POINT('',(-1.651003302007,-3.556007112014,
    48.500096520193));
#2313 = CARTESIAN_POINT('',(-1.651003302007,-3.556007112014,
    45.000088900178));
#2314 = CARTESIAN_POINT('',(-91.82118364236,-3.556007112014,
    48.500096520193));
#2315 = CARTESIAN_POINT('',(-91.82118364236,-3.556007112014,
    45.000088900178));
#2316 = ADVANCED_FACE('',(#2317),#2327,.F.);
#2317 = FACE_BOUND('',#2318,.F.);
#2318 = EDGE_LOOP('',(#2319,#2320,#2321,#2326));
#2319 = ORIENTED_EDGE('',*,*,#1345,.F.);
#2320 = ORIENTED_EDGE('',*,*,#1253,.F.);
#2321 = ORIENTED_EDGE('',*,*,#2322,.F.);
#2322 = EDGE_CURVE('',#1322,#1254,#2323,.T.);
#2323 = B_SPLINE_CURVE_WITH_KNOTS('',1,(#2324,#2325),.UNSPECIFIED.,.F.,
  .F.,(2,2),(0.,196.8504),.PIECEWISE_BEZIER_KNOTS.);
#2324 = CARTESIAN_POINT('',(-88.90017780035,0.127000254001,
    50.000099060198));
#2325 = CARTESIAN_POINT('',(-88.90017780035,0.127000254001,
    45.000088900178));
#2326 = ORIENTED_EDGE('',*,*,#1321,.F.);
#2327 = B_SPLINE_SURFACE_WITH_KNOTS('',1,1,(
    (#2328,#2329)
    ,(#2330,#2331
  )),.UNSPECIFIED.,.F.,.F.,.F.,(2,2),(2,2),(0.,1.385E+03),(-590.55,
    -393.6996),.PIECEWISE_BEZIER_KNOTS.);
#2328 = CARTESIAN_POINT('',(-88.90017780035,0.127000254001,
    50.000099060198));
#2329 = CARTESIAN_POINT('',(-88.90017780035,0.127000254001,
    45.000088900178));
#2330 = CARTESIAN_POINT('',(-88.90017780035,35.306070612141,
    50.000099060198));
#2331 = CARTESIAN_POINT('',(-88.90017780035,35.306070612141,
    45.000088900178));
#2332 = ADVANCED_FACE('',(#2333),#2339,.F.);
#2333 = FACE_BOUND('',#2334,.F.);
#2334 = EDGE_LOOP('',(#2335,#2336,#2337,#2338));
#2335 = ORIENTED_EDGE('',*,*,#1328,.F.);
#2336 = ORIENTED_EDGE('',*,*,#2322,.T.);
#2337 = ORIENTED_EDGE('',*,*,#1262,.F.);
#2338 = ORIENTED_EDGE('',*,*,#1291,.T.);
#2339 = B_SPLINE_SURFACE_WITH_KNOTS('',1,1,(
    (#2340,#2341)
    ,(#2342,#2343
    )),.UNSPECIFIED.,.F.,.F.,.F.,(2,2),(2,2),(0.,3.3175277E+03),(-590.55
    ,-393.6996),.PIECEWISE_BEZIER_KNOTS.);
#2340 = CARTESIAN_POINT('',(-4.634805689611,0.127000254001,
    50.000099060198));
#2341 = CARTESIAN_POINT('',(-4.634805689611,0.127000254001,
    45.000088900178));
#2342 = CARTESIAN_POINT('',(-88.90017780035,0.127000254001,
    50.000099060198));
#2343 = CARTESIAN_POINT('',(-88.90017780035,0.127000254001,
    45.000088900178));
#2344 = ADVANCED_FACE('',(#2345),#2359,.T.);
#2345 = FACE_BOUND('',#2346,.T.);
#2346 = EDGE_LOOP('',(#2347,#2348,#2353,#2354));
#2347 = ORIENTED_EDGE('',*,*,#1359,.F.);
#2348 = ORIENTED_EDGE('',*,*,#2349,.T.);
#2349 = EDGE_CURVE('',#1360,#1642,#2350,.T.);
#2350 = B_SPLINE_CURVE_WITH_KNOTS('',1,(#2351,#2352),.UNSPECIFIED.,.F.,
  .F.,(2,2),(0.,137.7953),.PIECEWISE_BEZIER_KNOTS.);
#2351 = CARTESIAN_POINT('',(-92.58318516637,48.006096012192,
    45.000088900178));
#2352 = CARTESIAN_POINT('',(-92.58318516637,48.006096012192,
    48.500096520193));
#2353 = ORIENTED_EDGE('',*,*,#1641,.T.);
#2354 = ORIENTED_EDGE('',*,*,#2355,.F.);
#2355 = EDGE_CURVE('',#1362,#1644,#2356,.T.);
#2356 = B_SPLINE_CURVE_WITH_KNOTS('',1,(#2357,#2358),.UNSPECIFIED.,.F.,
  .F.,(2,2),(0.,137.7953),.PIECEWISE_BEZIER_KNOTS.);
#2357 = CARTESIAN_POINT('',(-92.58318516637,71.247142494285,
    45.000088900178));
#2358 = CARTESIAN_POINT('',(-92.58318516637,71.247142494285,
    48.500096520193));
#2359 = B_SPLINE_SURFACE_WITH_KNOTS('',1,1,(
    (#2360,#2361)
    ,(#2362,#2363
    )),.UNSPECIFIED.,.F.,.F.,.F.,(2,2),(2,2),(0.,915.),(-137.7953,0.),
  .PIECEWISE_BEZIER_KNOTS.);
#2360 = CARTESIAN_POINT('',(-92.58318516637,48.006096012192,
    48.500096520193));
#2361 = CARTESIAN_POINT('',(-92.58318516637,48.006096012192,
    45.000088900178));
#2362 = CARTESIAN_POINT('',(-92.58318516637,71.247142494285,
    48.500096520193));
#2363 = CARTESIAN_POINT('',(-92.58318516637,71.247142494285,
    45.000088900178));
#2364 = ADVANCED_FACE('',(#2365),#2375,.T.);
#2365 = FACE_BOUND('',#2366,.T.);
#2366 = EDGE_LOOP('',(#2367,#2368,#2369,#2370));
#2367 = ORIENTED_EDGE('',*,*,#1368,.F.);
#2368 = ORIENTED_EDGE('',*,*,#2355,.T.);
#2369 = ORIENTED_EDGE('',*,*,#1664,.T.);
#2370 = ORIENTED_EDGE('',*,*,#2371,.F.);
#2371 = EDGE_CURVE('',#1369,#1658,#2372,.T.);
#2372 = B_SPLINE_CURVE_WITH_KNOTS('',1,(#2373,#2374),.UNSPECIFIED.,.F.,
  .F.,(2,2),(0.,137.7953),.PIECEWISE_BEZIER_KNOTS.);
#2373 = CARTESIAN_POINT('',(-78.23215646431,71.247142494285,
    45.000088900178));
#2374 = CARTESIAN_POINT('',(-78.23215646431,71.247142494285,
    48.500096520193));
#2375 = B_SPLINE_SURFACE_WITH_KNOTS('',1,1,(
    (#2376,#2377)
    ,(#2378,#2379
    )),.UNSPECIFIED.,.F.,.F.,.F.,(2,2),(2,2),(0.,565.),(-137.7953,0.),
  .PIECEWISE_BEZIER_KNOTS.);
#2376 = CARTESIAN_POINT('',(-92.58318516637,71.247142494285,
    48.500096520193));
#2377 = CARTESIAN_POINT('',(-92.58318516637,71.247142494285,
    45.000088900178));
#2378 = CARTESIAN_POINT('',(-78.23215646431,71.247142494285,
    48.500096520193));
#2379 = CARTESIAN_POINT('',(-78.23215646431,71.247142494285,
    45.000088900178));
#2380 = ADVANCED_FACE('',(#2381),#2391,.T.);
#2381 = FACE_BOUND('',#2382,.T.);
#2382 = EDGE_LOOP('',(#2383,#2384,#2385,#2386));
#2383 = ORIENTED_EDGE('',*,*,#1375,.F.);
#2384 = ORIENTED_EDGE('',*,*,#2371,.T.);
#2385 = ORIENTED_EDGE('',*,*,#1657,.T.);
#2386 = ORIENTED_EDGE('',*,*,#2387,.F.);
#2387 = EDGE_CURVE('',#1376,#1651,#2388,.T.);
#2388 = B_SPLINE_CURVE_WITH_KNOTS('',1,(#2389,#2390),.UNSPECIFIED.,.F.,
  .F.,(2,2),(0.,137.7953),.PIECEWISE_BEZIER_KNOTS.);
#2389 = CARTESIAN_POINT('',(-78.23215646431,48.006096012192,
    45.000088900178));
#2390 = CARTESIAN_POINT('',(-78.23215646431,48.006096012192,
    48.500096520193));
#2391 = B_SPLINE_SURFACE_WITH_KNOTS('',1,1,(
    (#2392,#2393)
    ,(#2394,#2395
    )),.UNSPECIFIED.,.F.,.F.,.F.,(2,2),(2,2),(0.,915.),(-137.7953,0.),
  .PIECEWISE_BEZIER_KNOTS.);
#2392 = CARTESIAN_POINT('',(-78.23215646431,71.247142494285,
    48.500096520193));
#2393 = CARTESIAN_POINT('',(-78.23215646431,71.247142494285,
    45.000088900178));
#2394 = CARTESIAN_POINT('',(-78.23215646431,48.006096012192,
    48.500096520193));
#2395 = CARTESIAN_POINT('',(-78.23215646431,48.006096012192,
    45.000088900178));
#2396 = ADVANCED_FACE('',(#2397),#2403,.T.);
#2397 = FACE_BOUND('',#2398,.T.);
#2398 = EDGE_LOOP('',(#2399,#2400,#2401,#2402));
#2399 = ORIENTED_EDGE('',*,*,#1382,.F.);
#2400 = ORIENTED_EDGE('',*,*,#2387,.T.);
#2401 = ORIENTED_EDGE('',*,*,#1650,.T.);
#2402 = ORIENTED_EDGE('',*,*,#2349,.F.);
#2403 = B_SPLINE_SURFACE_WITH_KNOTS('',1,1,(
    (#2404,#2405)
    ,(#2406,#2407
    )),.UNSPECIFIED.,.F.,.F.,.F.,(2,2),(2,2),(0.,565.),(-137.7953,0.),
  .PIECEWISE_BEZIER_KNOTS.);
#2404 = CARTESIAN_POINT('',(-78.23215646431,48.006096012192,
    48.500096520193));
#2405 = CARTESIAN_POINT('',(-78.23215646431,48.006096012192,
    45.000088900178));
#2406 = CARTESIAN_POINT('',(-92.58318516637,48.006096012192,
    48.500096520193));
#2407 = CARTESIAN_POINT('',(-92.58318516637,48.006096012192,
    45.000088900178));
#2408 = ADVANCED_FACE('',(#2409),#2419,.F.);
#2409 = FACE_BOUND('',#2410,.F.);
#2410 = EDGE_LOOP('',(#2411,#2416,#2417,#2418));
#2411 = ORIENTED_EDGE('',*,*,#2412,.F.);
#2412 = EDGE_CURVE('',#1392,#1457,#2413,.T.);
#2413 = B_SPLINE_CURVE_WITH_KNOTS('',1,(#2414,#2415),.UNSPECIFIED.,.F.,
  .F.,(2,2),(0.,196.8504),.PIECEWISE_BEZIER_KNOTS.);
#2414 = CARTESIAN_POINT('',(-90.55118110236,69.342138684277,
    45.000088900178));
#2415 = CARTESIAN_POINT('',(-90.55118110236,69.342138684277,
    50.000099060198));
#2416 = ORIENTED_EDGE('',*,*,#1389,.F.);
#2417 = ORIENTED_EDGE('',*,*,#1434,.F.);
#2418 = ORIENTED_EDGE('',*,*,#1463,.F.);
#2419 = B_SPLINE_SURFACE_WITH_KNOTS('',1,1,(
    (#2420,#2421)
    ,(#2422,#2423
    )),.UNSPECIFIED.,.F.,.F.,.F.,(2,2),(2,2),(0.,785.),(-590.55,
    -393.6996),.PIECEWISE_BEZIER_KNOTS.);
#2420 = CARTESIAN_POINT('',(-90.55118110236,49.403098806198,
    50.000099060198));
#2421 = CARTESIAN_POINT('',(-90.55118110236,49.403098806198,
    45.000088900178));
#2422 = CARTESIAN_POINT('',(-90.55118110236,69.342138684277,
    50.000099060198));
#2423 = CARTESIAN_POINT('',(-90.55118110236,69.342138684277,
    45.000088900178));
#2424 = ADVANCED_FACE('',(#2425),#2431,.F.);
#2425 = FACE_BOUND('',#2426,.F.);
#2426 = EDGE_LOOP('',(#2427,#2428,#2429,#2430));
#2427 = ORIENTED_EDGE('',*,*,#1481,.F.);
#2428 = ORIENTED_EDGE('',*,*,#1414,.F.);
#2429 = ORIENTED_EDGE('',*,*,#2412,.T.);
#2430 = ORIENTED_EDGE('',*,*,#1456,.F.);
#2431 = B_SPLINE_SURFACE_WITH_KNOTS('',1,1,(
    (#2432,#2433)
    ,(#2434,#2435
    )),.UNSPECIFIED.,.F.,.F.,.F.,(2,2),(2,2),(0.,400.),(-590.55,
    -393.6996),.PIECEWISE_BEZIER_KNOTS.);
#2432 = CARTESIAN_POINT('',(-90.55118110236,69.342138684277,
    50.000099060198));
#2433 = CARTESIAN_POINT('',(-90.55118110236,69.342138684277,
    45.000088900178));
#2434 = CARTESIAN_POINT('',(-80.39116078232,69.342138684277,
    50.000099060198));
#2435 = CARTESIAN_POINT('',(-80.39116078232,69.342138684277,
    45.000088900178));
#2436 = ADVANCED_FACE('',(#2437,#2459),#2691,.F.);
#2437 = FACE_BOUND('',#2438,.F.);
#2438 = EDGE_LOOP('',(#2439,#2448,#2453,#2454));
#2439 = ORIENTED_EDGE('',*,*,#2440,.F.);
#2440 = EDGE_CURVE('',#2441,#2443,#2445,.T.);
#2441 = VERTEX_POINT('',#2442);
#2442 = CARTESIAN_POINT('',(0.317004064008,92.519188468377,
    32.000066040132));
#2443 = VERTEX_POINT('',#2444);
#2444 = CARTESIAN_POINT('',(0.317004064008,-27.87605918211,
    32.000066040132));
#2445 = B_SPLINE_CURVE_WITH_KNOTS('',1,(#2446,#2447),.UNSPECIFIED.,.F.,
  .F.,(2,2),(-1.184990225E+03,3.554970675E+03),
  .PIECEWISE_BEZIER_KNOTS.);
#2446 = CARTESIAN_POINT('',(0.317004064008,92.519188468377,
    32.000066040132));
#2447 = CARTESIAN_POINT('',(0.317004064008,-27.87605918211,
    32.000066040132));
#2448 = ORIENTED_EDGE('',*,*,#2449,.T.);
#2449 = EDGE_CURVE('',#2441,#1496,#2450,.T.);
#2450 = B_SPLINE_CURVE_WITH_KNOTS('',1,(#2451,#2452),.UNSPECIFIED.,.F.,
  .F.,(2,2),(60.0551,709.6613),.PIECEWISE_BEZIER_KNOTS.);
#2451 = CARTESIAN_POINT('',(0.317004064008,92.519188468377,
    32.000066040132));
#2452 = CARTESIAN_POINT('',(0.317004064008,92.519188468377,
    48.500096520193));
#2453 = ORIENTED_EDGE('',*,*,#1495,.T.);
#2454 = ORIENTED_EDGE('',*,*,#2455,.F.);
#2455 = EDGE_CURVE('',#2443,#1498,#2456,.T.);
#2456 = B_SPLINE_CURVE_WITH_KNOTS('',1,(#2457,#2458),.UNSPECIFIED.,.F.,
  .F.,(2,2),(60.0551,709.6613),.PIECEWISE_BEZIER_KNOTS.);
#2457 = CARTESIAN_POINT('',(0.317004064008,-27.87605918211,
    32.000066040132));
#2458 = CARTESIAN_POINT('',(0.317004064008,-27.87605918211,
    48.500096520193));
#2459 = FACE_BOUND('',#2460,.F.);
#2460 = EDGE_LOOP('',(#2461,#2519,#2540,#2610,#2666));
#2461 = ORIENTED_EDGE('',*,*,#2462,.T.);
#2462 = EDGE_CURVE('',#2463,#2465,#2467,.T.);
#2463 = VERTEX_POINT('',#2464);
#2464 = CARTESIAN_POINT('',(0.317004064008,32.32,34.1));
#2465 = VERTEX_POINT('',#2466);
#2466 = CARTESIAN_POINT('',(0.317004064008,32.865435605747,
    33.250000000032));
#2467 = B_SPLINE_CURVE_WITH_KNOTS('',8,(#2468,#2469,#2470,#2471,#2472,
    #2473,#2474,#2475,#2476,#2477,#2478,#2479,#2480,#2481,#2482,#2483,
    #2484,#2485,#2486,#2487,#2488,#2489,#2490,#2491,#2492,#2493,#2494,
    #2495,#2496,#2497,#2498,#2499,#2500,#2501,#2502,#2503,#2504,#2505,
    #2506,#2507,#2508,#2509,#2510,#2511,#2512,#2513,#2514,#2515,#2516,
    #2517,#2518),.UNSPECIFIED.,.F.,.F.,(9,7,7,7,7,7,7,9),(0.,
    0.156091975441,0.235955011889,0.351312270193,0.474086934259,
    0.578882006863,0.82654006253,1.),.UNSPECIFIED.);
#2468 = CARTESIAN_POINT('',(0.317004064008,32.32,34.1));
#2469 = CARTESIAN_POINT('',(0.317004064008,32.373019215423,34.1));
#2470 = CARTESIAN_POINT('',(0.317004064008,32.426085102436,
    34.094645345471));
#2471 = CARTESIAN_POINT('',(0.317004064008,32.478511451502,
    34.083921072626));
#2472 = CARTESIAN_POINT('',(0.317004064008,32.529656714236,
    34.067927830062));
#2473 = CARTESIAN_POINT('',(0.317004064008,32.578914923073,
    34.046852035956));
#2474 = CARTESIAN_POINT('',(0.317004064008,32.625712610108,
    34.020952545609));
#2475 = CARTESIAN_POINT('',(0.317004064008,32.66951172508,
    33.990563829365));
#2476 = CARTESIAN_POINT('',(0.317004064008,32.730441173383,
    33.938490569488));
#2477 = CARTESIAN_POINT('',(0.317004064008,32.750153498999,
    33.919799475272));
#2478 = CARTESIAN_POINT('',(0.317004064008,32.768890340633,
    33.900097959632));
#2479 = CARTESIAN_POINT('',(0.317004064008,32.786591556885,
    33.879445753057));
#2480 = CARTESIAN_POINT('',(0.317004064008,32.803201689676,
    33.857906419981));
#2481 = CARTESIAN_POINT('',(0.317004064008,32.818669851785,
    33.835547242804));
#2482 = CARTESIAN_POINT('',(0.317004064008,32.832949865934,
    33.812439305094));
#2483 = CARTESIAN_POINT('',(0.317004064008,32.864851720502,
    33.754306810752));
#2484 = CARTESIAN_POINT('',(0.317004064008,32.881141358931,
    33.718544549859));
#2485 = CARTESIAN_POINT('',(0.317004064008,32.894742359949,
    33.681600259636));
#2486 = CARTESIAN_POINT('',(0.317004064008,32.905556928667,
    33.643710919699));
#2487 = CARTESIAN_POINT('',(0.317004064008,32.913512599069,
    33.605119980621));
#2488 = CARTESIAN_POINT('',(0.317004064008,32.918560913565,
    33.566076796534));
#2489 = CARTESIAN_POINT('',(0.317004064008,32.92067886913,
    33.526836730652));
#2490 = CARTESIAN_POINT('',(0.317004064008,32.919015582347,
    33.445968219719));
#2491 = CARTESIAN_POINT('',(0.317004064008,32.914845991483,
    33.404335093187));
#2492 = CARTESIAN_POINT('',(0.317004064008,32.907368895451,
    33.363080211681));
#2493 = CARTESIAN_POINT('',(0.317004064008,32.896627122454,
    33.322510178004));
#2494 = CARTESIAN_POINT('',(0.317004064008,32.882695641941,
    33.282921955054));
#2495 = CARTESIAN_POINT('',(0.317004064008,32.865679417727,
    33.244603138798));
#2496 = CARTESIAN_POINT('',(0.317004064008,32.845715263169,
    33.20783108934));
#2497 = CARTESIAN_POINT('',(0.317004064008,32.803569909591,
    33.143030451784));
#2498 = CARTESIAN_POINT('',(0.317004064008,32.782137130742,
    33.114503256936));
#2499 = CARTESIAN_POINT('',(0.317004064008,32.758785314732,
    33.087453562559));
#2500 = CARTESIAN_POINT('',(0.317004064008,32.733634527535,
    33.062031103887));
#2501 = CARTESIAN_POINT('',(0.317004064008,32.706817175453,
    33.038372755039));
#2502 = CARTESIAN_POINT('',(0.317004064008,32.678477354067,
    33.016603011303));
#2503 = CARTESIAN_POINT('',(0.317004064008,32.6487713189,32.996833323067
    ));
#2504 = CARTESIAN_POINT('',(0.317004064008,32.544839032041,
    32.937394280049));
#2505 = CARTESIAN_POINT('',(0.317004064008,32.464858095619,32.9071838304
    ));
#2506 = CARTESIAN_POINT('',(0.317004064008,32.380393446736,
    32.890129061166));
#2507 = CARTESIAN_POINT('',(0.317004064008,32.293980325867,
    32.886806702327));
#2508 = CARTESIAN_POINT('',(0.317004064008,32.208146959138,
    32.897433408572));
#2509 = CARTESIAN_POINT('',(0.317004064008,32.125403860291,
    32.921589147458));
#2510 = CARTESIAN_POINT('',(0.317004064008,32.048247994559,
    32.95849675438));
#2511 = CARTESIAN_POINT('',(0.317004064008,31.930561177365,
    33.039773875698));
#2512 = CARTESIAN_POINT('',(0.317004064008,31.885810726988,
    33.078713687477));
#2513 = CARTESIAN_POINT('',(0.317004064008,31.845556166921,
    33.12260089955));
#2514 = CARTESIAN_POINT('',(0.317004064008,31.810417136301,
    33.170814843124));
#2515 = CARTESIAN_POINT('',(0.317004064008,31.780914031512,
    33.222668356289));
#2516 = CARTESIAN_POINT('',(0.317004064008,31.757458522181,
    33.277404499027));
#2517 = CARTESIAN_POINT('',(0.317004064008,31.740360514868,
    33.334203459466));
#2518 = CARTESIAN_POINT('',(0.317004064008,31.729771811637,
    33.392154343336));
#2519 = ORIENTED_EDGE('',*,*,#2520,.T.);
#2520 = EDGE_CURVE('',#2465,#2521,#2523,.T.);
#2521 = VERTEX_POINT('',#2522);
#2522 = CARTESIAN_POINT('',(0.317004064008,32.885661287871,
    33.200068256864));
#2523 = B_SPLINE_CURVE_WITH_KNOTS('',8,(#2524,#2525,#2526,#2527,#2528,
    #2529,#2530,#2531,#2532,#2533,#2534,#2535,#2536,#2537,#2538,#2539),
  .UNSPECIFIED.,.F.,.F.,(9,7,9),(0.,0.666664243821,1.),.UNSPECIFIED.);
#2524 = CARTESIAN_POINT('',(0.317004064008,32.32,33.6));
#2525 = CARTESIAN_POINT('',(0.317004064008,32.381611801415,33.6));
#2526 = CARTESIAN_POINT('',(0.317004064008,32.443241930228,
    33.592769469477));
#2527 = CARTESIAN_POINT('',(0.317004064008,32.503826414972,
    33.578301113521));
#2528 = CARTESIAN_POINT('',(0.317004064008,32.562386671385,
    33.556797638598));
#2529 = CARTESIAN_POINT('',(0.317004064008,32.618001350196,
    33.528588358769));
#2530 = CARTESIAN_POINT('',(0.317004064008,32.669817093653,
    33.494138347537));
#2531 = CARTESIAN_POINT('',(0.317004064008,32.717042064931,
    33.454028729405));
#2532 = CARTESIAN_POINT('',(0.317004064008,32.779947735168,
    33.386515489544));
#2533 = CARTESIAN_POINT('',(0.317004064008,32.799598741422,
    33.362781478893));
#2534 = CARTESIAN_POINT('',(0.317004064008,32.817846469087,
    33.337909528328));
#2535 = CARTESIAN_POINT('',(0.317004064008,32.834614634739,
    33.311996929661));
#2536 = CARTESIAN_POINT('',(0.317004064008,32.849835418858,
    33.285146233714));
#2537 = CARTESIAN_POINT('',(0.317004064008,32.863449224544,
    33.257465054918));
#2538 = CARTESIAN_POINT('',(0.317004064008,32.8754050233,33.229066219442
    ));
#2539 = CARTESIAN_POINT('',(0.317004064008,32.885661287871,
    33.200068256864));
#2540 = ORIENTED_EDGE('',*,*,#2541,.T.);
#2541 = EDGE_CURVE('',#2521,#2542,#2544,.T.);
#2542 = VERTEX_POINT('',#2543);
#2543 = CARTESIAN_POINT('',(0.317004064008,31.774564394072,
    33.250000000429));
#2544 = B_SPLINE_CURVE_WITH_KNOTS('',8,(#2545,#2546,#2547,#2548,#2549,
    #2550,#2551,#2552,#2553,#2554,#2555,#2556,#2557,#2558,#2559,#2560,
    #2561,#2562,#2563,#2564,#2565,#2566,#2567,#2568,#2569,#2570,#2571,
    #2572,#2573,#2574,#2575,#2576,#2577,#2578,#2579,#2580,#2581,#2582,
    #2583,#2584,#2585,#2586,#2587,#2588,#2589,#2590,#2591,#2592,#2593,
    #2594,#2595,#2596,#2597,#2598,#2599,#2600,#2601,#2602,#2603,#2604,
    #2605,#2606,#2607,#2608,#2609),.UNSPECIFIED.,.F.,.F.,(9,7,7,7,7,7,7,
    7,7,9),(0.,0.161758636714,0.244108940466,0.389988865287,
    0.536896148024,0.61180797218,0.717329848679,0.81136662826,
    0.874329750594,1.),.UNSPECIFIED.);
#2545 = CARTESIAN_POINT('',(0.317004064008,32.885661287871,
    33.200068256864));
#2546 = CARTESIAN_POINT('',(0.317004064008,32.902796957748,
    33.151619866084));
#2547 = CARTESIAN_POINT('',(0.317004064008,32.915196740493,
    33.101475856517));
#2548 = CARTESIAN_POINT('',(0.317004064008,32.922652871477,
    33.050203782127));
#2549 = CARTESIAN_POINT('',(0.317004064008,32.925057264655,
    32.99837414864));
#2550 = CARTESIAN_POINT('',(0.317004064008,32.922374338907,
    32.946558275495));
#2551 = CARTESIAN_POINT('',(0.317004064008,32.914642803797,
    32.895327240286));
#2552 = CARTESIAN_POINT('',(0.317004064008,32.901973870862,
    32.845250825881));
#2553 = CARTESIAN_POINT('',(0.317004064008,32.875721964581,
    32.772277459852));
#2554 = CARTESIAN_POINT('',(0.317004064008,32.865486978612,
    32.74767833228));
#2555 = CARTESIAN_POINT('',(0.317004064008,32.853795471105,
    32.72311313652));
#2556 = CARTESIAN_POINT('',(0.317004064008,32.84054175938,
    32.698582820463));
#2557 = CARTESIAN_POINT('',(0.317004064008,32.825580206722,
    32.674080385543));
#2558 = CARTESIAN_POINT('',(0.317004064008,32.808706176069,
    32.649603680785));
#2559 = CARTESIAN_POINT('',(0.317004064008,32.789639131987,
    32.625165108492));
#2560 = CARTESIAN_POINT('',(0.317004064008,32.729550050372,
    32.557731170911));
#2561 = CARTESIAN_POINT('',(0.317004064008,32.686382392816,
    32.51882963801));
#2562 = CARTESIAN_POINT('',(0.317004064008,32.639019909873,
    32.48478076061));
#2563 = CARTESIAN_POINT('',(0.317004064008,32.588110129218,
    32.456095798508));
#2564 = CARTESIAN_POINT('',(0.317004064008,32.534350465506,
    32.433184118974));
#2565 = CARTESIAN_POINT('',(0.317004064008,32.478488680825,
    32.416350224685));
#2566 = CARTESIAN_POINT('',(0.317004064008,32.421316067786,
    32.405800130252));
#2567 = CARTESIAN_POINT('',(0.317004064008,32.305658699927,
    32.397355871829));
#2568 = CARTESIAN_POINT('',(0.317004064008,32.247211471093,
    32.399554771114));
#2569 = CARTESIAN_POINT('',(0.317004064008,32.189183269179,
    32.408228117244));
#2570 = CARTESIAN_POINT('',(0.317004064008,32.132380257637,
    32.423286433201));
#2571 = CARTESIAN_POINT('',(0.317004064008,32.077589165861,
    32.444532427339));
#2572 = CARTESIAN_POINT('',(0.317004064008,32.025574799061,
    32.47166292053));
#2573 = CARTESIAN_POINT('',(0.317004064008,31.977065998155,
    32.504252434724));
#2574 = CARTESIAN_POINT('',(0.317004064008,31.910122002501,
    32.56082332978));
#2575 = CARTESIAN_POINT('',(0.317004064008,31.888590333638,
    32.581203486128));
#2576 = CARTESIAN_POINT('',(0.317004064008,31.868220387818,
    32.602787033875));
#2577 = CARTESIAN_POINT('',(0.317004064008,31.84909021048,
    32.625496211526));
#2578 = CARTESIAN_POINT('',(0.317004064008,31.831271163827,
    32.64924789957));
#2579 = CARTESIAN_POINT('',(0.317004064008,31.814828117177,
    32.673953815544));
#2580 = CARTESIAN_POINT('',(0.317004064008,31.799819211567,
    32.699520378743));
#2581 = CARTESIAN_POINT('',(0.317004064008,31.767245078856,
    32.762934056332));
#2582 = CARTESIAN_POINT('',(0.317004064008,31.751136898801,
    32.801539000712));
#2583 = CARTESIAN_POINT('',(0.317004064008,31.738117297272,
    32.841381626934));
#2584 = CARTESIAN_POINT('',(0.317004064008,31.728294063834,
    32.88217215908));
#2585 = CARTESIAN_POINT('',(0.317004064008,31.721742215162,
    32.923613982299));
#2586 = CARTESIAN_POINT('',(0.317004064008,31.718505988961,
    32.965404354532));
#2587 = CARTESIAN_POINT('',(0.317004064008,31.718596755438,
    33.007234343768));
#2588 = CARTESIAN_POINT('',(0.317004064008,31.725007956666,
    33.085818901168));
#2589 = CARTESIAN_POINT('',(0.317004064008,31.73065004666,
    33.122639892209));
#2590 = CARTESIAN_POINT('',(0.317004064008,31.738895912839,
    33.159028767345));
#2591 = CARTESIAN_POINT('',(0.317004064008,31.749705258609,
    33.194770846207));
#2592 = CARTESIAN_POINT('',(0.317004064008,31.763017700901,
    33.229658125687));
#2593 = CARTESIAN_POINT('',(0.317004064008,31.778753806277,
    33.263489106454));
#2594 = CARTESIAN_POINT('',(0.317004064008,31.796814156485,
    33.296069284924));
#2595 = CARTESIAN_POINT('',(0.317004064008,31.830643229362,
    33.348064387454));
#2596 = CARTESIAN_POINT('',(0.317004064008,31.845198431268,
    33.368274056349));
#2597 = CARTESIAN_POINT('',(0.317004064008,31.860706082532,
    33.38778611183));
#2598 = CARTESIAN_POINT('',(0.317004064008,31.877127006605,
    33.406548251951));
#2599 = CARTESIAN_POINT('',(0.317004064008,31.894418828051,
    33.424511088819));
#2600 = CARTESIAN_POINT('',(0.317004064008,31.912535983547,
    33.441628158997));
#2601 = CARTESIAN_POINT('',(0.317004064008,31.931429732888,
    33.457855933919));
#2602 = CARTESIAN_POINT('',(0.317004064008,31.990205279603,
    33.50368742493));
#2603 = CARTESIAN_POINT('',(0.317004064008,32.032259474683,
    33.530522213824));
#2604 = CARTESIAN_POINT('',(0.317004064008,32.076788008844,
    33.553332560106));
#2605 = CARTESIAN_POINT('',(0.317004064008,32.123341829555,
    33.571854638789));
#2606 = CARTESIAN_POINT('',(0.317004064008,32.171447217205,
    33.585887379743));
#2607 = CARTESIAN_POINT('',(0.317004064008,32.220607424176,
    33.595293410656));
#2608 = CARTESIAN_POINT('',(0.317004064008,32.270304313914,33.6));
#2609 = CARTESIAN_POINT('',(0.317004064008,32.32,33.6));
#2610 = ORIENTED_EDGE('',*,*,#2611,.T.);
#2611 = EDGE_CURVE('',#2542,#2612,#2614,.T.);
#2612 = VERTEX_POINT('',#2613);
#2613 = CARTESIAN_POINT('',(0.317004064008,31.729771811637,
    33.392154343336));
#2614 = B_SPLINE_CURVE_WITH_KNOTS('',8,(#2615,#2616,#2617,#2618,#2619,
    #2620,#2621,#2622,#2623,#2624,#2625,#2626,#2627,#2628,#2629,#2630,
    #2631,#2632,#2633,#2634,#2635,#2636,#2637,#2638,#2639,#2640,#2641,
    #2642,#2643,#2644,#2645,#2646,#2647,#2648,#2649,#2650,#2651,#2652,
    #2653,#2654,#2655,#2656,#2657,#2658,#2659,#2660,#2661,#2662,#2663,
    #2664,#2665),.UNSPECIFIED.,.F.,.F.,(9,7,7,7,7,7,7,9),(0.,
    0.156091975441,0.235955011889,0.351312270193,0.474086934259,
    0.578882006863,0.82654006253,1.),.UNSPECIFIED.);
#2615 = CARTESIAN_POINT('',(0.317004064008,32.32,34.1));
#2616 = CARTESIAN_POINT('',(0.317004064008,32.373019215423,34.1));
#2617 = CARTESIAN_POINT('',(0.317004064008,32.426085102436,
    34.094645345471));
#2618 = CARTESIAN_POINT('',(0.317004064008,32.478511451502,
    34.083921072626));
#2619 = CARTESIAN_POINT('',(0.317004064008,32.529656714236,
    34.067927830062));
#2620 = CARTESIAN_POINT('',(0.317004064008,32.578914923073,
    34.046852035956));
#2621 = CARTESIAN_POINT('',(0.317004064008,32.625712610108,
    34.020952545609));
#2622 = CARTESIAN_POINT('',(0.317004064008,32.66951172508,
    33.990563829365));
#2623 = CARTESIAN_POINT('',(0.317004064008,32.730441173383,
    33.938490569488));
#2624 = CARTESIAN_POINT('',(0.317004064008,32.750153498999,
    33.919799475272));
#2625 = CARTESIAN_POINT('',(0.317004064008,32.768890340633,
    33.900097959632));
#2626 = CARTESIAN_POINT('',(0.317004064008,32.786591556885,
    33.879445753057));
#2627 = CARTESIAN_POINT('',(0.317004064008,32.803201689676,
    33.857906419981));
#2628 = CARTESIAN_POINT('',(0.317004064008,32.818669851785,
    33.835547242804));
#2629 = CARTESIAN_POINT('',(0.317004064008,32.832949865934,
    33.812439305094));
#2630 = CARTESIAN_POINT('',(0.317004064008,32.864851720502,
    33.754306810752));
#2631 = CARTESIAN_POINT('',(0.317004064008,32.881141358931,
    33.718544549859));
#2632 = CARTESIAN_POINT('',(0.317004064008,32.894742359949,
    33.681600259636));
#2633 = CARTESIAN_POINT('',(0.317004064008,32.905556928667,
    33.643710919699));
#2634 = CARTESIAN_POINT('',(0.317004064008,32.913512599069,
    33.605119980621));
#2635 = CARTESIAN_POINT('',(0.317004064008,32.918560913565,
    33.566076796534));
#2636 = CARTESIAN_POINT('',(0.317004064008,32.92067886913,
    33.526836730652));
#2637 = CARTESIAN_POINT('',(0.317004064008,32.919015582347,
    33.445968219719));
#2638 = CARTESIAN_POINT('',(0.317004064008,32.914845991483,
    33.404335093187));
#2639 = CARTESIAN_POINT('',(0.317004064008,32.907368895451,
    33.363080211681));
#2640 = CARTESIAN_POINT('',(0.317004064008,32.896627122454,
    33.322510178004));
#2641 = CARTESIAN_POINT('',(0.317004064008,32.882695641941,
    33.282921955054));
#2642 = CARTESIAN_POINT('',(0.317004064008,32.865679417727,
    33.244603138798));
#2643 = CARTESIAN_POINT('',(0.317004064008,32.845715263169,
    33.20783108934));
#2644 = CARTESIAN_POINT('',(0.317004064008,32.803569909591,
    33.143030451784));
#2645 = CARTESIAN_POINT('',(0.317004064008,32.782137130742,
    33.114503256936));
#2646 = CARTESIAN_POINT('',(0.317004064008,32.758785314732,
    33.087453562559));
#2647 = CARTESIAN_POINT('',(0.317004064008,32.733634527535,
    33.062031103887));
#2648 = CARTESIAN_POINT('',(0.317004064008,32.706817175453,
    33.038372755039));
#2649 = CARTESIAN_POINT('',(0.317004064008,32.678477354067,
    33.016603011303));
#2650 = CARTESIAN_POINT('',(0.317004064008,32.6487713189,32.996833323067
    ));
#2651 = CARTESIAN_POINT('',(0.317004064008,32.544839032041,
    32.937394280049));
#2652 = CARTESIAN_POINT('',(0.317004064008,32.464858095619,32.9071838304
    ));
#2653 = CARTESIAN_POINT('',(0.317004064008,32.380393446736,
    32.890129061166));
#2654 = CARTESIAN_POINT('',(0.317004064008,32.293980325867,
    32.886806702327));
#2655 = CARTESIAN_POINT('',(0.317004064008,32.208146959138,
    32.897433408572));
#2656 = CARTESIAN_POINT('',(0.317004064008,32.125403860291,
    32.921589147458));
#2657 = CARTESIAN_POINT('',(0.317004064008,32.048247994559,
    32.95849675438));
#2658 = CARTESIAN_POINT('',(0.317004064008,31.930561177365,
    33.039773875698));
#2659 = CARTESIAN_POINT('',(0.317004064008,31.885810726988,
    33.078713687477));
#2660 = CARTESIAN_POINT('',(0.317004064008,31.845556166921,
    33.12260089955));
#2661 = CARTESIAN_POINT('',(0.317004064008,31.810417136301,
    33.170814843124));
#2662 = CARTESIAN_POINT('',(0.317004064008,31.780914031512,
    33.222668356289));
#2663 = CARTESIAN_POINT('',(0.317004064008,31.757458522181,
    33.277404499027));
#2664 = CARTESIAN_POINT('',(0.317004064008,31.740360514868,
    33.334203459466));
#2665 = CARTESIAN_POINT('',(0.317004064008,31.729771811637,
    33.392154343336));
#2666 = ORIENTED_EDGE('',*,*,#2667,.T.);
#2667 = EDGE_CURVE('',#2612,#2463,#2668,.T.);
#2668 = B_SPLINE_CURVE_WITH_KNOTS('',6,(#2669,#2670,#2671,#2672,#2673,
    #2674,#2675,#2676,#2677,#2678,#2679,#2680,#2681,#2682,#2683,#2684,
    #2685,#2686,#2687,#2688,#2689,#2690),.UNSPECIFIED.,.F.,.F.,(7,5,5,5,
    7),(0.,0.167703164452,0.454694736999,0.626445752453,1.),
  .UNSPECIFIED.);
#2669 = CARTESIAN_POINT('',(0.317004064008,31.729771811637,
    33.392154343336));
#2670 = CARTESIAN_POINT('',(0.317004064008,31.724492874539,
    33.421045423197));
#2671 = CARTESIAN_POINT('',(0.317004064008,31.72091066893,
    33.450248206082));
#2672 = CARTESIAN_POINT('',(0.317004064008,31.719048796824,
    33.479635505895));
#2673 = CARTESIAN_POINT('',(0.317004064008,31.718917141337,
    33.509080554534));
#2674 = CARTESIAN_POINT('',(0.317004064008,31.72051386355,
    33.538457143119));
#2675 = CARTESIAN_POINT('',(0.317004064008,31.729490801715,
    33.617579813676));
#2676 = CARTESIAN_POINT('',(0.317004064008,31.740177743442,
    33.666958115346));
#2677 = CARTESIAN_POINT('',(0.317004064008,31.755814859428,
    33.71512629266));
#2678 = CARTESIAN_POINT('',(0.317004064008,31.776218258635,
    33.761477262763));
#2679 = CARTESIAN_POINT('',(0.317004064008,31.801121094398,
    33.805435539165));
#2680 = CARTESIAN_POINT('',(0.317004064008,31.847513529895,
    33.871027330421));
#2681 = CARTESIAN_POINT('',(0.317004064008,31.866360397451,
    33.894540244803));
#2682 = CARTESIAN_POINT('',(0.317004064008,31.886605659999,
    33.916896722074));
#2683 = CARTESIAN_POINT('',(0.317004064008,31.908160112572,
    33.937994120124));
#2684 = CARTESIAN_POINT('',(0.317004064008,31.930924713398,
    33.957739255502));
#2685 = CARTESIAN_POINT('',(0.317004064008,32.006698267075,
    34.015870351197));
#2686 = CARTESIAN_POINT('',(0.317004064008,32.063826147407,
    34.048903171018));
#2687 = CARTESIAN_POINT('',(0.317004064008,32.12503591006,
    34.074290240205));
#2688 = CARTESIAN_POINT('',(0.317004064008,32.189069925142,
    34.091428729507));
#2689 = CARTESIAN_POINT('',(0.317004064008,32.254553978079,34.1));
#2690 = CARTESIAN_POINT('',(0.317004064008,32.32,34.1));
#2691 = B_SPLINE_SURFACE_WITH_KNOTS('',1,1,(
    (#2692,#2693)
    ,(#2694,#2695
    )),.UNSPECIFIED.,.F.,.F.,.F.,(2,2),(2,2),(0.,4.7399609E+03),(
    -709.6613,-60.0551),.PIECEWISE_BEZIER_KNOTS.);
#2692 = CARTESIAN_POINT('',(0.317004064008,92.519188468377,
    48.500096520193));
#2693 = CARTESIAN_POINT('',(0.317004064008,92.519188468377,
    32.000066040132));
#2694 = CARTESIAN_POINT('',(0.317004064008,-27.87605918211,
    48.500096520193));
#2695 = CARTESIAN_POINT('',(0.317004064008,-27.87605918211,
    32.000066040132));
#2696 = ADVANCED_FACE('',(#2697),#2713,.F.);
#2697 = FACE_BOUND('',#2698,.F.);
#2698 = EDGE_LOOP('',(#2699,#2706,#2707,#2708));
#2699 = ORIENTED_EDGE('',*,*,#2700,.F.);
#2700 = EDGE_CURVE('',#2443,#2701,#2703,.T.);
#2701 = VERTEX_POINT('',#2702);
#2702 = CARTESIAN_POINT('',(-93.66219075438,-27.87605918211,
    32.000066040132));
#2703 = B_SPLINE_CURVE_WITH_KNOTS('',1,(#2704,#2705),.UNSPECIFIED.,.F.,
  .F.,(2,2),(-924.990225,2.774970675E+03),.PIECEWISE_BEZIER_KNOTS.);
#2704 = CARTESIAN_POINT('',(0.317004064008,-27.87605918211,
    32.000066040132));
#2705 = CARTESIAN_POINT('',(-93.66219075438,-27.87605918211,
    32.000066040132));
#2706 = ORIENTED_EDGE('',*,*,#2455,.T.);
#2707 = ORIENTED_EDGE('',*,*,#1504,.T.);
#2708 = ORIENTED_EDGE('',*,*,#2709,.F.);
#2709 = EDGE_CURVE('',#2701,#1505,#2710,.T.);
#2710 = B_SPLINE_CURVE_WITH_KNOTS('',1,(#2711,#2712),.UNSPECIFIED.,.F.,
  .F.,(2,2),(60.0551,709.6613),.PIECEWISE_BEZIER_KNOTS.);
#2711 = CARTESIAN_POINT('',(-93.66219075438,-27.87605918211,
    32.000066040132));
#2712 = CARTESIAN_POINT('',(-93.66219075438,-27.87605918211,
    48.500096520193));
#2713 = B_SPLINE_SURFACE_WITH_KNOTS('',1,1,(
    (#2714,#2715)
    ,(#2716,#2717
    )),.UNSPECIFIED.,.F.,.F.,.F.,(2,2),(2,2),(0.,3.6999609E+03),(
    -709.6613,-60.0551),.PIECEWISE_BEZIER_KNOTS.);
#2714 = CARTESIAN_POINT('',(0.317004064008,-27.87605918211,
    48.500096520193));
#2715 = CARTESIAN_POINT('',(0.317004064008,-27.87605918211,
    32.000066040132));
#2716 = CARTESIAN_POINT('',(-93.66219075438,-27.87605918211,
    48.500096520193));
#2717 = CARTESIAN_POINT('',(-93.66219075438,-27.87605918211,
    32.000066040132));
#2718 = ADVANCED_FACE('',(#2719,#2735),#2954,.F.);
#2719 = FACE_BOUND('',#2720,.F.);
#2720 = EDGE_LOOP('',(#2721,#2728,#2729,#2730));
#2721 = ORIENTED_EDGE('',*,*,#2722,.F.);
#2722 = EDGE_CURVE('',#2701,#2723,#2725,.T.);
#2723 = VERTEX_POINT('',#2724);
#2724 = CARTESIAN_POINT('',(-93.66219075438,92.519188468377,
    32.000066040132));
#2725 = B_SPLINE_CURVE_WITH_KNOTS('',1,(#2726,#2727),.UNSPECIFIED.,.F.,
  .F.,(2,2),(-1.184990225E+03,3.554970675E+03),
  .PIECEWISE_BEZIER_KNOTS.);
#2726 = CARTESIAN_POINT('',(-93.66219075438,-27.87605918211,
    32.000066040132));
#2727 = CARTESIAN_POINT('',(-93.66219075438,92.519188468377,
    32.000066040132));
#2728 = ORIENTED_EDGE('',*,*,#2709,.T.);
#2729 = ORIENTED_EDGE('',*,*,#1511,.T.);
#2730 = ORIENTED_EDGE('',*,*,#2731,.F.);
#2731 = EDGE_CURVE('',#2723,#1512,#2732,.T.);
#2732 = B_SPLINE_CURVE_WITH_KNOTS('',1,(#2733,#2734),.UNSPECIFIED.,.F.,
  .F.,(2,2),(60.0551,709.6613),.PIECEWISE_BEZIER_KNOTS.);
#2733 = CARTESIAN_POINT('',(-93.66219075438,92.519188468377,
    32.000066040132));
#2734 = CARTESIAN_POINT('',(-93.66219075438,92.519188468377,
    48.500096520193));
#2735 = FACE_BOUND('',#2736,.F.);
#2736 = EDGE_LOOP('',(#2737,#2788,#2809,#2879,#2928));
#2737 = ORIENTED_EDGE('',*,*,#2738,.T.);
#2738 = EDGE_CURVE('',#2739,#2741,#2743,.T.);
#2739 = VERTEX_POINT('',#2740);
#2740 = CARTESIAN_POINT('',(-93.66219075438,32.32,34.1));
#2741 = VERTEX_POINT('',#2742);
#2742 = CARTESIAN_POINT('',(-93.66219075438,31.774564394254,
    33.250000000032));
#2743 = B_SPLINE_CURVE_WITH_KNOTS('',8,(#2744,#2745,#2746,#2747,#2748,
    #2749,#2750,#2751,#2752,#2753,#2754,#2755,#2756,#2757,#2758,#2759,
    #2760,#2761,#2762,#2763,#2764,#2765,#2766,#2767,#2768,#2769,#2770,
    #2771,#2772,#2773,#2774,#2775,#2776,#2777,#2778,#2779,#2780,#2781,
    #2782,#2783,#2784,#2785,#2786,#2787),.UNSPECIFIED.,.F.,.F.,(9,7,7,7,
    7,7,9),(0.,0.172674209091,0.351947005686,0.487870412806,
    0.58966842462,0.825549102333,1.),.UNSPECIFIED.);
#2744 = CARTESIAN_POINT('',(-93.66219075438,32.32,34.1));
#2745 = CARTESIAN_POINT('',(-93.66219075438,32.261327935295,34.1));
#2746 = CARTESIAN_POINT('',(-93.66219075438,32.202632837877,
    34.093443013271));
#2747 = CARTESIAN_POINT('',(-93.66219075438,32.144815735764,
    34.080320150738));
#2748 = CARTESIAN_POINT('',(-93.66219075438,32.088721815854,
    34.060784438905));
#2749 = CARTESIAN_POINT('',(-93.66219075438,32.03515937069,
    34.035097773334));
#2750 = CARTESIAN_POINT('',(-93.66219075438,31.98489207803,
    34.00364085853));
#2751 = CARTESIAN_POINT('',(-93.66219075438,31.938639260339,
    33.966908694266));
#2752 = CARTESIAN_POINT('',(-93.66219075438,31.853852639137,
    33.88264121166));
#2753 = CARTESIAN_POINT('',(-93.66219075438,31.815610515585,
    33.834676279449));
#2754 = CARTESIAN_POINT('',(-93.66219075438,31.783056111951,
    33.782381351644));
#2755 = CARTESIAN_POINT('',(-93.66219075438,31.756735748901,
    33.726556826156));
#2756 = CARTESIAN_POINT('',(-93.66219075438,31.737072066585,
    33.668055533192));
#2757 = CARTESIAN_POINT('',(-93.66219075438,31.724350136681,
    33.607785309656));
#2758 = CARTESIAN_POINT('',(-93.66219075438,31.718729251673,
    33.546701629998));
#2759 = CARTESIAN_POINT('',(-93.66219075438,31.721257746639,
    33.439675647663));
#2760 = CARTESIAN_POINT('',(-93.66219075438,31.726406911057,
    33.393606492837));
#2761 = CARTESIAN_POINT('',(-93.66219075438,31.735608232544,
    33.348055341586));
#2762 = CARTESIAN_POINT('',(-93.66219075438,31.748795684341,
    33.303437400729));
#2763 = CARTESIAN_POINT('',(-93.66219075438,31.765857286162,
    33.260152548121));
#2764 = CARTESIAN_POINT('',(-93.66219075438,31.786635261684,
    33.218584842887));
#2765 = CARTESIAN_POINT('',(-93.66219075438,31.810926388729,
    33.179102075861));
#2766 = CARTESIAN_POINT('',(-93.66219075438,31.859096661999,
    33.114301103242));
#2767 = CARTESIAN_POINT('',(-93.66219075438,31.881553534574,
    33.087908102218));
#2768 = CARTESIAN_POINT('',(-93.66219075438,31.905733404328,
    33.063015336716));
#2769 = CARTESIAN_POINT('',(-93.66219075438,31.931518317893,
    33.039753204278));
#2770 = CARTESIAN_POINT('',(-93.66219075438,31.958779999422,
    33.01824004217));
#2771 = CARTESIAN_POINT('',(-93.66219075438,31.987380380044,
    32.998582564929));
#2772 = CARTESIAN_POINT('',(-93.66219075438,32.017171235192,
    32.980875291033));
#2773 = CARTESIAN_POINT('',(-93.66219075438,32.119411242323,
    32.928874635375));
#2774 = CARTESIAN_POINT('',(-93.66219075438,32.196608452597,
    32.903333502812));
#2775 = CARTESIAN_POINT('',(-93.66219075438,32.277397605328,
    32.889826457107));
#2776 = CARTESIAN_POINT('',(-93.66219075438,32.359565011357,
    32.88884197897));
#2777 = CARTESIAN_POINT('',(-93.66219075438,32.4409209628,
    32.900412644027));
#2778 = CARTESIAN_POINT('',(-93.66219075438,32.519297769299,
    32.92422326348));
#2779 = CARTESIAN_POINT('',(-93.66219075438,32.592560234781,
    32.95950950536));
#2780 = CARTESIAN_POINT('',(-93.66219075438,32.707604191715,
    33.038184011657));
#2781 = CARTESIAN_POINT('',(-93.66219075438,32.752772197552,
    33.077174752555));
#2782 = CARTESIAN_POINT('',(-93.66219075438,32.79341033023,
    33.121188383488));
#2783 = CARTESIAN_POINT('',(-93.66219075438,32.828886030044,
    33.169595359276));
#2784 = CARTESIAN_POINT('',(-93.66219075438,32.858667852033,
    33.221697994392));
#2785 = CARTESIAN_POINT('',(-93.66219075438,32.882335530868,
    33.276726896359));
#2786 = CARTESIAN_POINT('',(-93.66219075438,32.899572550199,
    33.333848244138));
#2787 = CARTESIAN_POINT('',(-93.66219075438,32.910224553075,
    33.39213444967));
#2788 = ORIENTED_EDGE('',*,*,#2789,.T.);
#2789 = EDGE_CURVE('',#2741,#2790,#2792,.T.);
#2790 = VERTEX_POINT('',#2791);
#2791 = CARTESIAN_POINT('',(-93.66219075438,31.754338712129,
    33.200068256864));
#2792 = B_SPLINE_CURVE_WITH_KNOTS('',8,(#2793,#2794,#2795,#2796,#2797,
    #2798,#2799,#2800,#2801,#2802,#2803,#2804,#2805,#2806,#2807,#2808),
  .UNSPECIFIED.,.F.,.F.,(9,7,9),(0.,0.666664243889,1.),.UNSPECIFIED.);
#2793 = CARTESIAN_POINT('',(-93.66219075438,32.32,33.6));
#2794 = CARTESIAN_POINT('',(-93.66219075438,32.25838819858,33.6));
#2795 = CARTESIAN_POINT('',(-93.66219075438,32.196758069759,
    33.592769469475));
#2796 = CARTESIAN_POINT('',(-93.66219075438,32.13617358501,
    33.578301113516));
#2797 = CARTESIAN_POINT('',(-93.66219075438,32.077613328591,
    33.556797638589));
#2798 = CARTESIAN_POINT('',(-93.66219075438,32.021998649776,
    33.528588358755));
#2799 = CARTESIAN_POINT('',(-93.66219075438,31.970182906315,
    33.494138347516));
#2800 = CARTESIAN_POINT('',(-93.66219075438,31.922957935035,
    33.454028729376));
#2801 = CARTESIAN_POINT('',(-93.66219075438,31.860052264804,
    33.38651548951));
#2802 = CARTESIAN_POINT('',(-93.66219075438,31.840401258556,
    33.362781478863));
#2803 = CARTESIAN_POINT('',(-93.66219075438,31.822153530896,
    33.337909528302));
#2804 = CARTESIAN_POINT('',(-93.66219075438,31.805385365248,
    33.311996929639));
#2805 = CARTESIAN_POINT('',(-93.66219075438,31.790164581134,
    33.285146233697));
#2806 = CARTESIAN_POINT('',(-93.66219075438,31.776550775451,
    33.257465054906));
#2807 = CARTESIAN_POINT('',(-93.66219075438,31.764594976698,
    33.229066219436));
#2808 = CARTESIAN_POINT('',(-93.66219075438,31.754338712129,
    33.200068256864));
#2809 = ORIENTED_EDGE('',*,*,#2810,.T.);
#2810 = EDGE_CURVE('',#2790,#2811,#2813,.T.);
#2811 = VERTEX_POINT('',#2812);
#2812 = CARTESIAN_POINT('',(-93.66219075438,32.865435605929,
    33.250000000429));
#2813 = B_SPLINE_CURVE_WITH_KNOTS('',8,(#2814,#2815,#2816,#2817,#2818,
    #2819,#2820,#2821,#2822,#2823,#2824,#2825,#2826,#2827,#2828,#2829,
    #2830,#2831,#2832,#2833,#2834,#2835,#2836,#2837,#2838,#2839,#2840,
    #2841,#2842,#2843,#2844,#2845,#2846,#2847,#2848,#2849,#2850,#2851,
    #2852,#2853,#2854,#2855,#2856,#2857,#2858,#2859,#2860,#2861,#2862,
    #2863,#2864,#2865,#2866,#2867,#2868,#2869,#2870,#2871,#2872,#2873,
    #2874,#2875,#2876,#2877,#2878),.UNSPECIFIED.,.F.,.F.,(9,7,7,7,7,7,7,
    7,7,9),(0.,0.161758636716,0.244108940468,0.389988865288,
    0.536896148025,0.611807972181,0.717329848689,0.811366628274,
    0.874329750612,1.),.UNSPECIFIED.);
#2814 = CARTESIAN_POINT('',(-93.66219075438,31.754338712129,
    33.200068256864));
#2815 = CARTESIAN_POINT('',(-93.66219075438,31.737203042252,
    33.151619866084));
#2816 = CARTESIAN_POINT('',(-93.66219075438,31.724803259507,
    33.101475856516));
#2817 = CARTESIAN_POINT('',(-93.66219075438,31.717347128523,
    33.050203782128));
#2818 = CARTESIAN_POINT('',(-93.66219075438,31.714942735345,
    32.998374148639));
#2819 = CARTESIAN_POINT('',(-93.66219075438,31.717625661093,
    32.946558275496));
#2820 = CARTESIAN_POINT('',(-93.66219075438,31.725357196203,
    32.895327240285));
#2821 = CARTESIAN_POINT('',(-93.66219075438,31.738026129138,
    32.845250825881));
#2822 = CARTESIAN_POINT('',(-93.66219075438,31.764278035419,
    32.772277459852));
#2823 = CARTESIAN_POINT('',(-93.66219075438,31.774513021388,
    32.74767833228));
#2824 = CARTESIAN_POINT('',(-93.66219075438,31.786204528895,
    32.723113136521));
#2825 = CARTESIAN_POINT('',(-93.66219075438,31.79945824062,
    32.698582820462));
#2826 = CARTESIAN_POINT('',(-93.66219075438,31.814419793278,
    32.674080385543));
#2827 = CARTESIAN_POINT('',(-93.66219075438,31.831293823931,
    32.649603680785));
#2828 = CARTESIAN_POINT('',(-93.66219075438,31.850360868013,
    32.625165108492));
#2829 = CARTESIAN_POINT('',(-93.66219075438,31.910449949628,
    32.557731170911));
#2830 = CARTESIAN_POINT('',(-93.66219075438,31.953617607184,
    32.51882963801));
#2831 = CARTESIAN_POINT('',(-93.66219075438,32.000980090126,
    32.48478076061));
#2832 = CARTESIAN_POINT('',(-93.66219075438,32.051889870782,
    32.456095798508));
#2833 = CARTESIAN_POINT('',(-93.66219075438,32.105649534494,
    32.433184118975));
#2834 = CARTESIAN_POINT('',(-93.66219075438,32.161511319175,
    32.416350224685));
#2835 = CARTESIAN_POINT('',(-93.66219075438,32.218683932213,
    32.405800130252));
#2836 = CARTESIAN_POINT('',(-93.66219075438,32.334341300072,
    32.397355871829));
#2837 = CARTESIAN_POINT('',(-93.66219075438,32.392788528907,
    32.399554771114));
#2838 = CARTESIAN_POINT('',(-93.66219075438,32.45081673082,
    32.408228117243));
#2839 = CARTESIAN_POINT('',(-93.66219075438,32.507619742362,
    32.423286433201));
#2840 = CARTESIAN_POINT('',(-93.66219075438,32.562410834139,
    32.444532427339));
#2841 = CARTESIAN_POINT('',(-93.66219075438,32.614425200938,
    32.471662920529));
#2842 = CARTESIAN_POINT('',(-93.66219075438,32.662934001844,
    32.504252434724));
#2843 = CARTESIAN_POINT('',(-93.66219075438,32.729877997498,
    32.56082332978));
#2844 = CARTESIAN_POINT('',(-93.66219075438,32.751409666362,
    32.581203486127));
#2845 = CARTESIAN_POINT('',(-93.66219075438,32.771779612181,
    32.602787033875));
#2846 = CARTESIAN_POINT('',(-93.66219075438,32.79090978952,
    32.625496211525));
#2847 = CARTESIAN_POINT('',(-93.66219075438,32.808728836173,
    32.64924789957));
#2848 = CARTESIAN_POINT('',(-93.66219075438,32.825171882823,
    32.673953815544));
#2849 = CARTESIAN_POINT('',(-93.66219075438,32.840180788433,
    32.699520378742));
#2850 = CARTESIAN_POINT('',(-93.66219075438,32.872754921146,
    32.762934056335));
#2851 = CARTESIAN_POINT('',(-93.66219075438,32.888863101202,
    32.801539000717));
#2852 = CARTESIAN_POINT('',(-93.66219075438,32.901882702731,
    32.841381626943));
#2853 = CARTESIAN_POINT('',(-93.66219075438,32.911705936169,
    32.882172159093));
#2854 = CARTESIAN_POINT('',(-93.66219075438,32.91825778484,
    32.923613982315));
#2855 = CARTESIAN_POINT('',(-93.66219075438,32.92149401104,
    32.965404354552));
#2856 = CARTESIAN_POINT('',(-93.66219075438,32.921403244562,
    33.007234343791));
#2857 = CARTESIAN_POINT('',(-93.66219075438,32.91499204333,
    33.085818901196));
#2858 = CARTESIAN_POINT('',(-93.66219075438,32.909349953334,
    33.122639892239));
#2859 = CARTESIAN_POINT('',(-93.66219075438,32.901104087152,
    33.159028767377));
#2860 = CARTESIAN_POINT('',(-93.66219075438,32.89029474138,
    33.194770846239));
#2861 = CARTESIAN_POINT('',(-93.66219075438,32.876982299086,
    33.229658125721));
#2862 = CARTESIAN_POINT('',(-93.66219075438,32.861246193707,
    33.263489106488));
#2863 = CARTESIAN_POINT('',(-93.66219075438,32.843185843495,
    33.296069284959));
#2864 = CARTESIAN_POINT('',(-93.66219075438,32.809356770613,
    33.34806438749));
#2865 = CARTESIAN_POINT('',(-93.66219075438,32.794801568704,
    33.368274056386));
#2866 = CARTESIAN_POINT('',(-93.66219075438,32.779293917438,
    33.387786111866));
#2867 = CARTESIAN_POINT('',(-93.66219075438,32.762872993362,
    33.406548251988));
#2868 = CARTESIAN_POINT('',(-93.66219075438,32.745581171913,
    33.424511088855));
#2869 = CARTESIAN_POINT('',(-93.66219075438,32.727464016414,
    33.441628159033));
#2870 = CARTESIAN_POINT('',(-93.66219075438,32.70857026707,
    33.457855933954));
#2871 = CARTESIAN_POINT('',(-93.66219075438,32.649794720355,
    33.503687424957));
#2872 = CARTESIAN_POINT('',(-93.66219075438,32.607740525279,
    33.530522213843));
#2873 = CARTESIAN_POINT('',(-93.66219075438,32.563211991122,
    33.553332560119));
#2874 = CARTESIAN_POINT('',(-93.66219075438,32.516658170417,
    33.571854638797));
#2875 = CARTESIAN_POINT('',(-93.66219075438,32.468552782774,
    33.585887379747));
#2876 = CARTESIAN_POINT('',(-93.66219075438,32.419392575809,
    33.595293410657));
#2877 = CARTESIAN_POINT('',(-93.66219075438,32.369695686079,33.6));
#2878 = CARTESIAN_POINT('',(-93.66219075438,32.32,33.6));
#2879 = ORIENTED_EDGE('',*,*,#2880,.T.);
#2880 = EDGE_CURVE('',#2811,#2881,#2883,.T.);
#2881 = VERTEX_POINT('',#2882);
#2882 = CARTESIAN_POINT('',(-93.66219075438,32.910224553075,
    33.39213444967));
#2883 = B_SPLINE_CURVE_WITH_KNOTS('',8,(#2884,#2885,#2886,#2887,#2888,
    #2889,#2890,#2891,#2892,#2893,#2894,#2895,#2896,#2897,#2898,#2899,
    #2900,#2901,#2902,#2903,#2904,#2905,#2906,#2907,#2908,#2909,#2910,
    #2911,#2912,#2913,#2914,#2915,#2916,#2917,#2918,#2919,#2920,#2921,
    #2922,#2923,#2924,#2925,#2926,#2927),.UNSPECIFIED.,.F.,.F.,(9,7,7,7,
    7,7,9),(0.,0.172674209091,0.351947005686,0.487870412806,
    0.58966842462,0.825549102333,1.),.UNSPECIFIED.);
#2884 = CARTESIAN_POINT('',(-93.66219075438,32.32,34.1));
#2885 = CARTESIAN_POINT('',(-93.66219075438,32.261327935295,34.1));
#2886 = CARTESIAN_POINT('',(-93.66219075438,32.202632837877,
    34.093443013271));
#2887 = CARTESIAN_POINT('',(-93.66219075438,32.144815735764,
    34.080320150738));
#2888 = CARTESIAN_POINT('',(-93.66219075438,32.088721815854,
    34.060784438905));
#2889 = CARTESIAN_POINT('',(-93.66219075438,32.03515937069,
    34.035097773334));
#2890 = CARTESIAN_POINT('',(-93.66219075438,31.98489207803,
    34.00364085853));
#2891 = CARTESIAN_POINT('',(-93.66219075438,31.938639260339,
    33.966908694266));
#2892 = CARTESIAN_POINT('',(-93.66219075438,31.853852639137,
    33.88264121166));
#2893 = CARTESIAN_POINT('',(-93.66219075438,31.815610515585,
    33.834676279449));
#2894 = CARTESIAN_POINT('',(-93.66219075438,31.783056111951,
    33.782381351644));
#2895 = CARTESIAN_POINT('',(-93.66219075438,31.756735748901,
    33.726556826156));
#2896 = CARTESIAN_POINT('',(-93.66219075438,31.737072066585,
    33.668055533192));
#2897 = CARTESIAN_POINT('',(-93.66219075438,31.724350136681,
    33.607785309656));
#2898 = CARTESIAN_POINT('',(-93.66219075438,31.718729251673,
    33.546701629998));
#2899 = CARTESIAN_POINT('',(-93.66219075438,31.721257746639,
    33.439675647663));
#2900 = CARTESIAN_POINT('',(-93.66219075438,31.726406911057,
    33.393606492837));
#2901 = CARTESIAN_POINT('',(-93.66219075438,31.735608232544,
    33.348055341586));
#2902 = CARTESIAN_POINT('',(-93.66219075438,31.748795684341,
    33.303437400729));
#2903 = CARTESIAN_POINT('',(-93.66219075438,31.765857286162,
    33.260152548121));
#2904 = CARTESIAN_POINT('',(-93.66219075438,31.786635261684,
    33.218584842887));
#2905 = CARTESIAN_POINT('',(-93.66219075438,31.810926388729,
    33.179102075861));
#2906 = CARTESIAN_POINT('',(-93.66219075438,31.859096661999,
    33.114301103242));
#2907 = CARTESIAN_POINT('',(-93.66219075438,31.881553534574,
    33.087908102218));
#2908 = CARTESIAN_POINT('',(-93.66219075438,31.905733404328,
    33.063015336716));
#2909 = CARTESIAN_POINT('',(-93.66219075438,31.931518317893,
    33.039753204278));
#2910 = CARTESIAN_POINT('',(-93.66219075438,31.958779999422,
    33.01824004217));
#2911 = CARTESIAN_POINT('',(-93.66219075438,31.987380380044,
    32.998582564929));
#2912 = CARTESIAN_POINT('',(-93.66219075438,32.017171235192,
    32.980875291033));
#2913 = CARTESIAN_POINT('',(-93.66219075438,32.119411242323,
    32.928874635375));
#2914 = CARTESIAN_POINT('',(-93.66219075438,32.196608452597,
    32.903333502812));
#2915 = CARTESIAN_POINT('',(-93.66219075438,32.277397605328,
    32.889826457107));
#2916 = CARTESIAN_POINT('',(-93.66219075438,32.359565011357,
    32.88884197897));
#2917 = CARTESIAN_POINT('',(-93.66219075438,32.4409209628,
    32.900412644027));
#2918 = CARTESIAN_POINT('',(-93.66219075438,32.519297769299,
    32.92422326348));
#2919 = CARTESIAN_POINT('',(-93.66219075438,32.592560234781,
    32.95950950536));
#2920 = CARTESIAN_POINT('',(-93.66219075438,32.707604191715,
    33.038184011657));
#2921 = CARTESIAN_POINT('',(-93.66219075438,32.752772197552,
    33.077174752555));
#2922 = CARTESIAN_POINT('',(-93.66219075438,32.79341033023,
    33.121188383488));
#2923 = CARTESIAN_POINT('',(-93.66219075438,32.828886030044,
    33.169595359276));
#2924 = CARTESIAN_POINT('',(-93.66219075438,32.858667852033,
    33.221697994392));
#2925 = CARTESIAN_POINT('',(-93.66219075438,32.882335530868,
    33.276726896359));
#2926 = CARTESIAN_POINT('',(-93.66219075438,32.899572550199,
    33.333848244138));
#2927 = CARTESIAN_POINT('',(-93.66219075438,32.910224553075,
    33.39213444967));
#2928 = ORIENTED_EDGE('',*,*,#2929,.T.);
#2929 = EDGE_CURVE('',#2881,#2739,#2930,.T.);
#2930 = B_SPLINE_CURVE_WITH_KNOTS('',8,(#2931,#2932,#2933,#2934,#2935,
    #2936,#2937,#2938,#2939,#2940,#2941,#2942,#2943,#2944,#2945,#2946,
    #2947,#2948,#2949,#2950,#2951,#2952,#2953),.UNSPECIFIED.,.F.,.F.,(9,
    7,7,9),(0.,0.379380120688,0.611844659367,1.),.UNSPECIFIED.);
#2931 = CARTESIAN_POINT('',(-93.66219075438,32.910224553075,
    33.39213444967));
#2932 = CARTESIAN_POINT('',(-93.66219075438,32.918059033038,
    33.435003580926));
#2933 = CARTESIAN_POINT('',(-93.66219075438,32.922336401364,
    33.478530621637));
#2934 = CARTESIAN_POINT('',(-93.66219075438,32.922989410431,
    33.522359315335));
#2935 = CARTESIAN_POINT('',(-93.66219075438,32.91999817843,
    33.566137326881));
#2936 = CARTESIAN_POINT('',(-93.66219075438,32.913382294326,
    33.609516224581));
#2937 = CARTESIAN_POINT('',(-93.66219075438,32.903198257721,
    33.652151397097));
#2938 = CARTESIAN_POINT('',(-93.66219075438,32.889542289405,
    33.693702561672));
#2939 = CARTESIAN_POINT('',(-93.66219075438,32.862151789415,
    33.758426923914));
#2940 = CARTESIAN_POINT('',(-93.66219075438,32.850277087961,
    33.783002113477));
#2941 = CARTESIAN_POINT('',(-93.66219075438,32.836838454681,
    33.807533914058));
#2942 = CARTESIAN_POINT('',(-93.66219075438,32.821702390943,
    33.83202079275));
#2943 = CARTESIAN_POINT('',(-93.66219075438,32.80468032309,
    33.856476242466));
#2944 = CARTESIAN_POINT('',(-93.66219075438,32.785499424474,
    33.880905987055));
#2945 = CARTESIAN_POINT('',(-93.66219075438,32.763780534916,
    33.905294147602));
#2946 = CARTESIAN_POINT('',(-93.66219075438,32.697450069822,
    33.969988994294));
#2947 = CARTESIAN_POINT('',(-93.66219075438,32.651482913776,
    34.005887360131));
#2948 = CARTESIAN_POINT('',(-93.66219075438,32.60164506937,
    34.036613787637));
#2949 = CARTESIAN_POINT('',(-93.66219075438,32.548619763444,
    34.061701053511));
#2950 = CARTESIAN_POINT('',(-93.66219075438,32.493137060296,
    34.080782377346));
#2951 = CARTESIAN_POINT('',(-93.66219075438,32.435977171875,
    34.093599787122));
#2952 = CARTESIAN_POINT('',(-93.66219075438,32.377966379538,34.1));
#2953 = CARTESIAN_POINT('',(-93.66219075438,32.32,34.1));
#2954 = B_SPLINE_SURFACE_WITH_KNOTS('',1,1,(
    (#2955,#2956)
    ,(#2957,#2958
    )),.UNSPECIFIED.,.F.,.F.,.F.,(2,2),(2,2),(0.,4.7399609E+03),(
    -709.6613,-60.0551),.PIECEWISE_BEZIER_KNOTS.);
#2955 = CARTESIAN_POINT('',(-93.66219075438,-27.87605918211,
    48.500096520193));
#2956 = CARTESIAN_POINT('',(-93.66219075438,-27.87605918211,
    32.000066040132));
#2957 = CARTESIAN_POINT('',(-93.66219075438,92.519188468377,
    48.500096520193));
#2958 = CARTESIAN_POINT('',(-93.66219075438,92.519188468377,
    32.000066040132));
#2959 = ADVANCED_FACE('',(#2960),#2990,.F.);
#2960 = FACE_BOUND('',#2961,.F.);
#2961 = EDGE_LOOP('',(#2962,#2967,#2968,#2969,#2976,#2983,#2988,#2989));
#2962 = ORIENTED_EDGE('',*,*,#2963,.F.);
#2963 = EDGE_CURVE('',#2723,#2441,#2964,.T.);
#2964 = B_SPLINE_CURVE_WITH_KNOTS('',1,(#2965,#2966),.UNSPECIFIED.,.F.,
  .F.,(2,2),(-924.990225,2.774970675E+03),.PIECEWISE_BEZIER_KNOTS.);
#2965 = CARTESIAN_POINT('',(-93.66219075438,92.519188468377,
    32.000066040132));
#2966 = CARTESIAN_POINT('',(0.317004064008,92.519188468377,
    32.000066040132));
#2967 = ORIENTED_EDGE('',*,*,#2731,.T.);
#2968 = ORIENTED_EDGE('',*,*,#1518,.T.);
#2969 = ORIENTED_EDGE('',*,*,#2970,.F.);
#2970 = EDGE_CURVE('',#2971,#1519,#2973,.T.);
#2971 = VERTEX_POINT('',#2972);
#2972 = CARTESIAN_POINT('',(-33.07605019921,92.519188468377,
    46.019311988262));
#2973 = B_SPLINE_CURVE_WITH_KNOTS('',1,(#2974,#2975),.UNSPECIFIED.,.F.,
  .F.,(2,2),(307.58234802272,405.25092140021),.PIECEWISE_BEZIER_KNOTS.);
#2974 = CARTESIAN_POINT('',(-33.07605019921,92.519188468377,
    46.019311988262));
#2975 = CARTESIAN_POINT('',(-33.07275128069,92.519188468377,
    48.500096520193));
#2976 = ORIENTED_EDGE('',*,*,#2977,.F.);
#2977 = EDGE_CURVE('',#2978,#2971,#2980,.T.);
#2978 = VERTEX_POINT('',#2979);
#2979 = CARTESIAN_POINT('',(-16.18501641714,92.519188468377,
    45.996850527029));
#2980 = B_SPLINE_CURVE_WITH_KNOTS('',1,(#2981,#2982),.UNSPECIFIED.,.F.,
  .F.,(2,2),(-1.524924406456E+03,-859.9238184866),
  .PIECEWISE_BEZIER_KNOTS.);
#2981 = CARTESIAN_POINT('',(-16.18501641714,92.519188468377,
    45.996850527029));
#2982 = CARTESIAN_POINT('',(-33.07605019921,92.519188468377,
    46.019311988262));
#2983 = ORIENTED_EDGE('',*,*,#2984,.F.);
#2984 = EDGE_CURVE('',#1598,#2978,#2985,.T.);
#2985 = B_SPLINE_CURVE_WITH_KNOTS('',1,(#2986,#2987),.UNSPECIFIED.,.F.,
  .F.,(2,2),(-353.6352314746,-255.0823495865),.PIECEWISE_BEZIER_KNOTS.);
#2986 = CARTESIAN_POINT('',(-16.18168762963,92.519188468377,
    48.500096520193));
#2987 = CARTESIAN_POINT('',(-16.18501641714,92.519188468377,
    45.996850527029));
#2988 = ORIENTED_EDGE('',*,*,#1604,.T.);
#2989 = ORIENTED_EDGE('',*,*,#2449,.F.);
#2990 = B_SPLINE_SURFACE_WITH_KNOTS('',1,1,(
    (#2991,#2992)
    ,(#2993,#2994
    )),.UNSPECIFIED.,.F.,.F.,.F.,(2,2),(2,2),(0.,3.6999609E+03),(
    -709.6613,-60.0551),.PIECEWISE_BEZIER_KNOTS.);
#2991 = CARTESIAN_POINT('',(-93.66219075438,92.519188468377,
    48.500096520193));
#2992 = CARTESIAN_POINT('',(-93.66219075438,92.519188468377,
    32.000066040132));
#2993 = CARTESIAN_POINT('',(0.317004064008,92.519188468377,
    48.500096520193));
#2994 = CARTESIAN_POINT('',(0.317004064008,92.519188468377,
    32.000066040132));
#2995 = ADVANCED_FACE('',(#2996),#3032,.F.);
#2996 = FACE_BOUND('',#2997,.F.);
#2997 = EDGE_LOOP('',(#2998,#3007,#3014,#3019,#3020,#3021,#3026,#3027));
#2998 = ORIENTED_EDGE('',*,*,#2999,.T.);
#2999 = EDGE_CURVE('',#3000,#3002,#3004,.T.);
#3000 = VERTEX_POINT('',#3001);
#3001 = CARTESIAN_POINT('',(-33.05306856056,77.904001534776,
    48.686314964198));
#3002 = VERTEX_POINT('',#3003);
#3003 = CARTESIAN_POINT('',(-33.07532607507,94.641652449756,
    48.686314964198));
#3004 = B_SPLINE_CURVE_WITH_KNOTS('',1,(#3005,#3006),.UNSPECIFIED.,.F.,
  .F.,(2,2),(0.,697.44762623526),.PIECEWISE_BEZIER_KNOTS.);
#3005 = CARTESIAN_POINT('',(-33.05306856056,77.904001534776,
    48.686314964198));
#3006 = CARTESIAN_POINT('',(-33.07662599337,95.619191008382,
    48.686314964198));
#3007 = ORIENTED_EDGE('',*,*,#3008,.T.);
#3008 = EDGE_CURVE('',#3002,#3009,#3011,.T.);
#3009 = VERTEX_POINT('',#3010);
#3010 = CARTESIAN_POINT('',(-33.07887262471,94.641652449756,
    46.019311988262));
#3011 = B_SPLINE_CURVE_WITH_KNOTS('',1,(#3012,#3013),.UNSPECIFIED.,.F.,
  .F.,(2,2),(0.,1.),.PIECEWISE_BEZIER_KNOTS.);
#3012 = CARTESIAN_POINT('',(-33.07532607507,94.641652449756,
    48.686314964198));
#3013 = CARTESIAN_POINT('',(-33.07887262471,94.641652449756,
    46.019311988262));
#3014 = ORIENTED_EDGE('',*,*,#3015,.T.);
#3015 = EDGE_CURVE('',#3009,#2971,#3016,.T.);
#3016 = B_SPLINE_CURVE_WITH_KNOTS('',1,(#3017,#3018),.UNSPECIFIED.,.F.,
  .F.,(2,2),(168.69388808981,290.74109599979),.PIECEWISE_BEZIER_KNOTS.);
#3017 = CARTESIAN_POINT('',(-33.08017254301,95.619191008382,
    46.019311988262));
#3018 = CARTESIAN_POINT('',(-33.07605019921,92.519188468377,
    46.019311988262));
#3019 = ORIENTED_EDGE('',*,*,#2970,.T.);
#3020 = ORIENTED_EDGE('',*,*,#1525,.F.);
#3021 = ORIENTED_EDGE('',*,*,#3022,.F.);
#3022 = EDGE_CURVE('',#1760,#1526,#3023,.T.);
#3023 = B_SPLINE_CURVE_WITH_KNOTS('',1,(#3024,#3025),.UNSPECIFIED.,.F.,
  .F.,(2,2),(33.315296647352,64.811424495202),.PIECEWISE_BEZIER_KNOTS.);
#3024 = CARTESIAN_POINT('',(-33.05785630172,80.518161036322,
    47.700093980188));
#3025 = CARTESIAN_POINT('',(-33.05679246762,80.518161036322,
    48.500096520193));
#3026 = ORIENTED_EDGE('',*,*,#1766,.F.);
#3027 = ORIENTED_EDGE('',*,*,#3028,.F.);
#3028 = EDGE_CURVE('',#3000,#1767,#3029,.T.);
#3029 = B_SPLINE_CURVE_WITH_KNOTS('',1,(#3030,#3031),.UNSPECIFIED.,.F.,
  .F.,(2,2),(0.,38.827554470463),.PIECEWISE_BEZIER_KNOTS.);
#3030 = CARTESIAN_POINT('',(-33.05306856056,77.904001534776,
    48.686314964198));
#3031 = CARTESIAN_POINT('',(-33.05438002347,77.903999790809,
    47.700093980188));
#3032 = B_SPLINE_SURFACE_WITH_KNOTS('',1,1,(
    (#3033,#3034)
    ,(#3035,#3036
    )),.UNSPECIFIED.,.F.,.F.,.F.,(2,2),(2,2),(0.,105.),(-866.1417,
    -168.6938880898),.PIECEWISE_BEZIER_KNOTS.);
#3033 = CARTESIAN_POINT('',(-33.05661510393,77.903996818628,
    46.019311988262));
#3034 = CARTESIAN_POINT('',(-33.08017254301,95.619191008382,
    46.019311988262));
#3035 = CARTESIAN_POINT('',(-33.05306856056,77.904001534776,
    48.686314964198));
#3036 = CARTESIAN_POINT('',(-33.07662599964,95.61919572453,
    48.686314964198));
#3037 = ADVANCED_FACE('',(#3038),#3048,.T.);
#3038 = FACE_BOUND('',#3039,.T.);
#3039 = EDGE_LOOP('',(#3040,#3041,#3046,#3047));
#3040 = ORIENTED_EDGE('',*,*,#1759,.F.);
#3041 = ORIENTED_EDGE('',*,*,#3042,.T.);
#3042 = EDGE_CURVE('',#1752,#1533,#3043,.T.);
#3043 = B_SPLINE_CURVE_WITH_KNOTS('',1,(#3044,#3045),.UNSPECIFIED.,.F.,
  .F.,(2,2),(27.559,59.0551),.PIECEWISE_BEZIER_KNOTS.);
#3044 = CARTESIAN_POINT('',(-35.53919906189,80.518161036322,
    47.700093980188));
#3045 = CARTESIAN_POINT('',(-35.53919906189,80.518161036322,
    48.500096520193));
#3046 = ORIENTED_EDGE('',*,*,#1532,.T.);
#3047 = ORIENTED_EDGE('',*,*,#3022,.F.);
#3048 = B_SPLINE_SURFACE_WITH_KNOTS('',1,1,(
    (#3049,#3050)
    ,(#3051,#3052
    )),.UNSPECIFIED.,.F.,.F.,.F.,(2,2),(2,2),(245.82173293319,
    343.5540805497),(-31.4961,0.),.PIECEWISE_BEZIER_KNOTS.);
#3049 = CARTESIAN_POINT('',(-35.53919906189,80.518161036322,
    48.500096520193));
#3050 = CARTESIAN_POINT('',(-35.53919906189,80.518161036322,
    47.700093980188));
#3051 = CARTESIAN_POINT('',(-33.05679246762,80.518161036322,
    48.500096520193));
#3052 = CARTESIAN_POINT('',(-33.05679246762,80.518161036322,
    47.700093980188));
#3053 = ADVANCED_FACE('',(#3054),#3083,.T.);
#3054 = FACE_BOUND('',#3055,.T.);
#3055 = EDGE_LOOP('',(#3056,#3057,#3058,#3059,#3066,#3076,#3077,#3078));
#3056 = ORIENTED_EDGE('',*,*,#1539,.F.);
#3057 = ORIENTED_EDGE('',*,*,#3042,.F.);
#3058 = ORIENTED_EDGE('',*,*,#1751,.F.);
#3059 = ORIENTED_EDGE('',*,*,#3060,.F.);
#3060 = EDGE_CURVE('',#3061,#1742,#3063,.T.);
#3061 = VERTEX_POINT('',#3062);
#3062 = CARTESIAN_POINT('',(-34.68306959613,78.867157734315,
    47.000093980188));
#3063 = B_SPLINE_CURVE_WITH_KNOTS('',1,(#3064,#3065),.UNSPECIFIED.,.F.,
  .F.,(2,2),(0.,27.559),.PIECEWISE_BEZIER_KNOTS.);
#3064 = CARTESIAN_POINT('',(-34.68306959613,78.867157734315,
    47.000093980188));
#3065 = CARTESIAN_POINT('',(-34.68306959613,78.867157734315,
    47.700093980188));
#3066 = ORIENTED_EDGE('',*,*,#3067,.T.);
#3067 = EDGE_CURVE('',#3061,#3061,#3068,.T.);
#3068 = ( BOUNDED_CURVE() B_SPLINE_CURVE(2,(#3069,#3070,#3071,#3072,
#3073,#3074,#3075),.UNSPECIFIED.,.T.,.F.) B_SPLINE_CURVE_WITH_KNOTS((1,2
    ,2,2,2,1),(-2.094395102394,0.,2.094395102393,4.188790204786,
6.28318530718,8.377580409573),.UNSPECIFIED.) CURVE() 
GEOMETRIC_REPRESENTATION_ITEM() RATIONAL_B_SPLINE_CURVE((1.,0.5,1.,0.5,
1.,0.5,1.)) REPRESENTATION_ITEM('') );
#3069 = CARTESIAN_POINT('',(-34.68306959613,78.867157734315,
    47.000093980188));
#3070 = CARTESIAN_POINT('',(-34.68306959613,82.365906964731,
    47.000093980188));
#3071 = CARTESIAN_POINT('',(-37.71307531115,80.616532349523,
    47.000093980188));
#3072 = CARTESIAN_POINT('',(-40.74308102616,78.867157734315,
    47.000093980188));
#3073 = CARTESIAN_POINT('',(-37.71307531115,77.117783119108,
    47.000093980188));
#3074 = CARTESIAN_POINT('',(-34.68306959613,75.3684085039,
    47.000093980188));
#3075 = CARTESIAN_POINT('',(-34.68306959613,78.867157734315,
    47.000093980188));
#3076 = ORIENTED_EDGE('',*,*,#3060,.T.);
#3077 = ORIENTED_EDGE('',*,*,#1741,.F.);
#3078 = ORIENTED_EDGE('',*,*,#3079,.T.);
#3079 = EDGE_CURVE('',#1735,#1540,#3080,.T.);
#3080 = B_SPLINE_CURVE_WITH_KNOTS('',1,(#3081,#3082),.UNSPECIFIED.,.F.,
  .F.,(2,2),(27.559,59.0551),.PIECEWISE_BEZIER_KNOTS.);
#3081 = CARTESIAN_POINT('',(-37.86694775039,80.518161036322,
    47.700093980188));
#3082 = CARTESIAN_POINT('',(-37.86694775039,80.518161036322,
    48.500096520193));
#3083 = ( BOUNDED_SURFACE() B_SPLINE_SURFACE(2,1,(
    (#3084,#3085)
    ,(#3086,#3087)
    ,(#3088,#3089)
    ,(#3090,#3091)
    ,(#3092,#3093)
    ,(#3094,#3095)
    ,(#3096,#3097
)),.UNSPECIFIED.,.T.,.F.,.F.) B_SPLINE_SURFACE_WITH_KNOTS((1,2,2,2,2,1),
  (2,2),(-2.094395102394,0.,2.094395102393,4.188790204786,6.28318530718,
    8.377580409573),(0.,59.0551),.UNSPECIFIED.) 
GEOMETRIC_REPRESENTATION_ITEM() RATIONAL_B_SPLINE_SURFACE((
    (1.,1.)
    ,(0.5,0.5)
    ,(1.,1.)
    ,(0.5,0.5)
    ,(1.,1.)
    ,(0.5,0.5)
,(1.,1.))) REPRESENTATION_ITEM('') SURFACE() );
#3084 = CARTESIAN_POINT('',(-34.68306959613,78.867157734315,
    47.000093980188));
#3085 = CARTESIAN_POINT('',(-34.68306959613,78.867157734315,
    48.500096520193));
#3086 = CARTESIAN_POINT('',(-34.68306959613,82.365906964731,
    47.000093980188));
#3087 = CARTESIAN_POINT('',(-34.68306959613,82.365906964731,
    48.500096520193));
#3088 = CARTESIAN_POINT('',(-37.71307531115,80.616532349523,
    47.000093980188));
#3089 = CARTESIAN_POINT('',(-37.71307531115,80.616532349523,
    48.500096520193));
#3090 = CARTESIAN_POINT('',(-40.74308102616,78.867157734315,
    47.000093980188));
#3091 = CARTESIAN_POINT('',(-40.74308102616,78.867157734315,
    48.500096520193));
#3092 = CARTESIAN_POINT('',(-37.71307531115,77.117783119108,
    47.000093980188));
#3093 = CARTESIAN_POINT('',(-37.71307531115,77.117783119108,
    48.500096520193));
#3094 = CARTESIAN_POINT('',(-34.68306959613,75.3684085039,
    47.000093980188));
#3095 = CARTESIAN_POINT('',(-34.68306959613,75.3684085039,
    48.500096520193));
#3096 = CARTESIAN_POINT('',(-34.68306959613,78.867157734315,
    47.000093980188));
#3097 = CARTESIAN_POINT('',(-34.68306959613,78.867157734315,
    48.500096520193));
#3098 = ADVANCED_FACE('',(#3099),#3109,.T.);
#3099 = FACE_BOUND('',#3100,.T.);
#3100 = EDGE_LOOP('',(#3101,#3102,#3107,#3108));
#3101 = ORIENTED_EDGE('',*,*,#1734,.F.);
#3102 = ORIENTED_EDGE('',*,*,#3103,.T.);
#3103 = EDGE_CURVE('',#1728,#1548,#3104,.T.);
#3104 = B_SPLINE_CURVE_WITH_KNOTS('',1,(#3105,#3106),.UNSPECIFIED.,.F.,
  .F.,(2,2),(0.,31.4961),.PIECEWISE_BEZIER_KNOTS.);
#3105 = CARTESIAN_POINT('',(-41.78308356616,80.518161036322,
    47.700093980188));
#3106 = CARTESIAN_POINT('',(-41.78308356616,80.518161036322,
    48.500096520193));
#3107 = ORIENTED_EDGE('',*,*,#1547,.T.);
#3108 = ORIENTED_EDGE('',*,*,#3079,.F.);
#3109 = B_SPLINE_SURFACE_WITH_KNOTS('',1,1,(
    (#3110,#3111)
    ,(#3112,#3113
    )),.UNSPECIFIED.,.F.,.F.,.F.,(2,2),(2,2),(0.,154.1782670668),(
    -31.4961,0.),.PIECEWISE_BEZIER_KNOTS.);
#3110 = CARTESIAN_POINT('',(-41.78308356616,80.518161036322,
    48.500096520193));
#3111 = CARTESIAN_POINT('',(-41.78308356616,80.518161036322,
    47.700093980188));
#3112 = CARTESIAN_POINT('',(-37.86694775039,80.518161036322,
    48.500096520193));
#3113 = CARTESIAN_POINT('',(-37.86694775039,80.518161036322,
    47.700093980188));
#3114 = ADVANCED_FACE('',(#3115),#3125,.T.);
#3115 = FACE_BOUND('',#3116,.T.);
#3116 = EDGE_LOOP('',(#3117,#3118,#3123,#3124));
#3117 = ORIENTED_EDGE('',*,*,#1727,.F.);
#3118 = ORIENTED_EDGE('',*,*,#3119,.T.);
#3119 = EDGE_CURVE('',#1721,#1555,#3120,.T.);
#3120 = B_SPLINE_CURVE_WITH_KNOTS('',1,(#3121,#3122),.UNSPECIFIED.,.F.,
  .F.,(2,2),(0.,31.4961),.PIECEWISE_BEZIER_KNOTS.);
#3121 = CARTESIAN_POINT('',(-41.78308356616,52.070104140208,
    47.700093980188));
#3122 = CARTESIAN_POINT('',(-41.78308356616,52.070104140208,
    48.500096520193));
#3123 = ORIENTED_EDGE('',*,*,#1554,.T.);
#3124 = ORIENTED_EDGE('',*,*,#3103,.F.);
#3125 = B_SPLINE_SURFACE_WITH_KNOTS('',1,1,(
    (#3126,#3127)
    ,(#3128,#3129
  )),.UNSPECIFIED.,.F.,.F.,.F.,(2,2),(2,2),(0.,1.12E+03),(-31.4961,0.),
  .PIECEWISE_BEZIER_KNOTS.);
#3126 = CARTESIAN_POINT('',(-41.78308356616,52.070104140208,
    48.500096520193));
#3127 = CARTESIAN_POINT('',(-41.78308356616,52.070104140208,
    47.700093980188));
#3128 = CARTESIAN_POINT('',(-41.78308356616,80.518161036322,
    48.500096520193));
#3129 = CARTESIAN_POINT('',(-41.78308356616,80.518161036322,
    47.700093980188));
#3130 = ADVANCED_FACE('',(#3131),#3141,.T.);
#3131 = FACE_BOUND('',#3132,.T.);
#3132 = EDGE_LOOP('',(#3133,#3134,#3139,#3140));
#3133 = ORIENTED_EDGE('',*,*,#1720,.F.);
#3134 = ORIENTED_EDGE('',*,*,#3135,.T.);
#3135 = EDGE_CURVE('',#1714,#1562,#3136,.T.);
#3136 = B_SPLINE_CURVE_WITH_KNOTS('',1,(#3137,#3138),.UNSPECIFIED.,.F.,
  .F.,(2,2),(0.,31.4961),.PIECEWISE_BEZIER_KNOTS.);
#3137 = CARTESIAN_POINT('',(-8.763017526035,52.070104140208,
    47.700093980188));
#3138 = CARTESIAN_POINT('',(-8.763017526035,52.070104140208,
    48.500096520193));
#3139 = ORIENTED_EDGE('',*,*,#1561,.T.);
#3140 = ORIENTED_EDGE('',*,*,#3119,.F.);
#3141 = B_SPLINE_SURFACE_WITH_KNOTS('',1,1,(
    (#3142,#3143)
    ,(#3144,#3145
    )),.UNSPECIFIED.,.F.,.F.,.F.,(2,2),(2,2),(0.,1.3E+03),(-31.4961,0.),
  .PIECEWISE_BEZIER_KNOTS.);
#3142 = CARTESIAN_POINT('',(-8.763017526035,52.070104140208,
    48.500096520193));
#3143 = CARTESIAN_POINT('',(-8.763017526035,52.070104140208,
    47.700093980188));
#3144 = CARTESIAN_POINT('',(-41.78308356616,52.070104140208,
    48.500096520193));
#3145 = CARTESIAN_POINT('',(-41.78308356616,52.070104140208,
    47.700093980188));
#3146 = ADVANCED_FACE('',(#3147),#3157,.T.);
#3147 = FACE_BOUND('',#3148,.T.);
#3148 = EDGE_LOOP('',(#3149,#3150,#3155,#3156));
#3149 = ORIENTED_EDGE('',*,*,#1711,.F.);
#3150 = ORIENTED_EDGE('',*,*,#3151,.T.);
#3151 = EDGE_CURVE('',#1712,#1569,#3152,.T.);
#3152 = B_SPLINE_CURVE_WITH_KNOTS('',1,(#3153,#3154),.UNSPECIFIED.,.F.,
  .F.,(2,2),(0.,31.4961),.PIECEWISE_BEZIER_KNOTS.);
#3153 = CARTESIAN_POINT('',(-8.763017526035,80.518161036322,
    47.700093980188));
#3154 = CARTESIAN_POINT('',(-8.763017526035,80.518161036322,
    48.500096520193));
#3155 = ORIENTED_EDGE('',*,*,#1568,.T.);
#3156 = ORIENTED_EDGE('',*,*,#3135,.F.);
#3157 = B_SPLINE_SURFACE_WITH_KNOTS('',1,1,(
    (#3158,#3159)
    ,(#3160,#3161
  )),.UNSPECIFIED.,.F.,.F.,.F.,(2,2),(2,2),(0.,1.12E+03),(-31.4961,0.),
  .PIECEWISE_BEZIER_KNOTS.);
#3158 = CARTESIAN_POINT('',(-8.763017526035,80.518161036322,
    48.500096520193));
#3159 = CARTESIAN_POINT('',(-8.763017526035,80.518161036322,
    47.700093980188));
#3160 = CARTESIAN_POINT('',(-8.763017526035,52.070104140208,
    48.500096520193));
#3161 = CARTESIAN_POINT('',(-8.763017526035,52.070104140208,
    47.700093980188));
#3162 = ADVANCED_FACE('',(#3163),#3173,.T.);
#3163 = FACE_BOUND('',#3164,.T.);
#3164 = EDGE_LOOP('',(#3165,#3166,#3171,#3172));
#3165 = ORIENTED_EDGE('',*,*,#1812,.F.);
#3166 = ORIENTED_EDGE('',*,*,#3167,.T.);
#3167 = EDGE_CURVE('',#1805,#1576,#3168,.T.);
#3168 = B_SPLINE_CURVE_WITH_KNOTS('',1,(#3169,#3170),.UNSPECIFIED.,.F.,
  .F.,(2,2),(35.4331,66.9292),.PIECEWISE_BEZIER_KNOTS.);
#3169 = CARTESIAN_POINT('',(-12.4251528338,80.518161036322,
    47.700093980188));
#3170 = CARTESIAN_POINT('',(-12.4251528338,80.518161036322,
    48.500096520193));
#3171 = ORIENTED_EDGE('',*,*,#1575,.T.);
#3172 = ORIENTED_EDGE('',*,*,#3151,.F.);
#3173 = B_SPLINE_SURFACE_WITH_KNOTS('',1,1,(
    (#3174,#3175)
    ,(#3176,#3177
    )),.UNSPECIFIED.,.F.,.F.,.F.,(2,2),(2,2),(1.155821732933E+03,1.3E+03
    ),(-31.4961,0.),.PIECEWISE_BEZIER_KNOTS.);
#3174 = CARTESIAN_POINT('',(-12.4251528338,80.518161036322,
    48.500096520193));
#3175 = CARTESIAN_POINT('',(-12.4251528338,80.518161036322,
    47.700093980188));
#3176 = CARTESIAN_POINT('',(-8.763017526035,80.518161036322,
    48.500096520193));
#3177 = CARTESIAN_POINT('',(-8.763017526035,80.518161036322,
    47.700093980188));
#3178 = ADVANCED_FACE('',(#3179),#3208,.T.);
#3179 = FACE_BOUND('',#3180,.T.);
#3180 = EDGE_LOOP('',(#3181,#3182,#3183,#3184,#3191,#3201,#3202,#3203));
#3181 = ORIENTED_EDGE('',*,*,#1582,.F.);
#3182 = ORIENTED_EDGE('',*,*,#3167,.F.);
#3183 = ORIENTED_EDGE('',*,*,#1804,.F.);
#3184 = ORIENTED_EDGE('',*,*,#3185,.F.);
#3185 = EDGE_CURVE('',#3186,#1795,#3188,.T.);
#3186 = VERTEX_POINT('',#3187);
#3187 = CARTESIAN_POINT('',(-11.56902336804,78.867157734315,
    46.800091440183));
#3188 = B_SPLINE_CURVE_WITH_KNOTS('',1,(#3189,#3190),.UNSPECIFIED.,.F.,
  .F.,(2,2),(0.,35.4331),.PIECEWISE_BEZIER_KNOTS.);
#3189 = CARTESIAN_POINT('',(-11.56902336804,78.867157734315,
    46.800091440183));
#3190 = CARTESIAN_POINT('',(-11.56902336804,78.867157734315,
    47.700093980188));
#3191 = ORIENTED_EDGE('',*,*,#3192,.T.);
#3192 = EDGE_CURVE('',#3186,#3186,#3193,.T.);
#3193 = ( BOUNDED_CURVE() B_SPLINE_CURVE(2,(#3194,#3195,#3196,#3197,
#3198,#3199,#3200),.UNSPECIFIED.,.T.,.F.) B_SPLINE_CURVE_WITH_KNOTS((1,2
    ,2,2,2,1),(-2.094395102394,0.,2.094395102393,4.188790204786,
6.28318530718,8.377580409573),.UNSPECIFIED.) CURVE() 
GEOMETRIC_REPRESENTATION_ITEM() RATIONAL_B_SPLINE_CURVE((1.,0.5,1.,0.5,
1.,0.5,1.)) REPRESENTATION_ITEM('') );
#3194 = CARTESIAN_POINT('',(-11.56902336804,78.867157734315,
    46.800091440183));
#3195 = CARTESIAN_POINT('',(-11.56902336804,82.365906964731,
    46.800091440183));
#3196 = CARTESIAN_POINT('',(-14.59902908305,80.616532349523,
    46.800091440183));
#3197 = CARTESIAN_POINT('',(-17.62903479807,78.867157734315,
    46.800091440183));
#3198 = CARTESIAN_POINT('',(-14.59902908305,77.117783119108,
    46.800091440183));
#3199 = CARTESIAN_POINT('',(-11.56902336804,75.3684085039,
    46.800091440183));
#3200 = CARTESIAN_POINT('',(-11.56902336804,78.867157734315,
    46.800091440183));
#3201 = ORIENTED_EDGE('',*,*,#3185,.T.);
#3202 = ORIENTED_EDGE('',*,*,#1794,.F.);
#3203 = ORIENTED_EDGE('',*,*,#3204,.T.);
#3204 = EDGE_CURVE('',#1788,#1583,#3205,.T.);
#3205 = B_SPLINE_CURVE_WITH_KNOTS('',1,(#3206,#3207),.UNSPECIFIED.,.F.,
  .F.,(2,2),(35.4331,66.9292),.PIECEWISE_BEZIER_KNOTS.);
#3206 = CARTESIAN_POINT('',(-14.7529015223,80.518161036322,
    47.700093980188));
#3207 = CARTESIAN_POINT('',(-14.7529015223,80.518161036322,
    48.500096520193));
#3208 = ( BOUNDED_SURFACE() B_SPLINE_SURFACE(2,1,(
    (#3209,#3210)
    ,(#3211,#3212)
    ,(#3213,#3214)
    ,(#3215,#3216)
    ,(#3217,#3218)
    ,(#3219,#3220)
    ,(#3221,#3222
)),.UNSPECIFIED.,.T.,.F.,.F.) B_SPLINE_SURFACE_WITH_KNOTS((1,2,2,2,2,1),
  (2,2),(-2.094395102394,0.,2.094395102393,4.188790204786,6.28318530718,
    8.377580409573),(0.,66.9292),.UNSPECIFIED.) 
GEOMETRIC_REPRESENTATION_ITEM() RATIONAL_B_SPLINE_SURFACE((
    (1.,1.)
    ,(0.5,0.5)
    ,(1.,1.)
    ,(0.5,0.5)
    ,(1.,1.)
    ,(0.5,0.5)
,(1.,1.))) REPRESENTATION_ITEM('') SURFACE() );
#3209 = CARTESIAN_POINT('',(-11.56902336804,78.867157734315,
    46.800091440183));
#3210 = CARTESIAN_POINT('',(-11.56902336804,78.867157734315,
    48.500096520193));
#3211 = CARTESIAN_POINT('',(-11.56902336804,82.365906964731,
    46.800091440183));
#3212 = CARTESIAN_POINT('',(-11.56902336804,82.365906964731,
    48.500096520193));
#3213 = CARTESIAN_POINT('',(-14.59902908305,80.616532349523,
    46.800091440183));
#3214 = CARTESIAN_POINT('',(-14.59902908305,80.616532349523,
    48.500096520193));
#3215 = CARTESIAN_POINT('',(-17.62903479807,78.867157734315,
    46.800091440183));
#3216 = CARTESIAN_POINT('',(-17.62903479807,78.867157734315,
    48.500096520193));
#3217 = CARTESIAN_POINT('',(-14.59902908305,77.117783119108,
    46.800091440183));
#3218 = CARTESIAN_POINT('',(-14.59902908305,77.117783119108,
    48.500096520193));
#3219 = CARTESIAN_POINT('',(-11.56902336804,75.3684085039,
    46.800091440183));
#3220 = CARTESIAN_POINT('',(-11.56902336804,75.3684085039,
    48.500096520193));
#3221 = CARTESIAN_POINT('',(-11.56902336804,78.867157734315,
    46.800091440183));
#3222 = CARTESIAN_POINT('',(-11.56902336804,78.867157734315,
    48.500096520193));
#3223 = ADVANCED_FACE('',(#3224),#3234,.T.);
#3224 = FACE_BOUND('',#3225,.T.);
#3225 = EDGE_LOOP('',(#3226,#3227,#3228,#3229));
#3226 = ORIENTED_EDGE('',*,*,#1590,.T.);
#3227 = ORIENTED_EDGE('',*,*,#3204,.F.);
#3228 = ORIENTED_EDGE('',*,*,#1787,.F.);
#3229 = ORIENTED_EDGE('',*,*,#3230,.F.);
#3230 = EDGE_CURVE('',#1591,#1781,#3231,.T.);
#3231 = B_SPLINE_CURVE_WITH_KNOTS('',1,(#3232,#3233),.UNSPECIFIED.,.F.,
  .F.,(2,2),(-13.19573456967,18.300393278177),.PIECEWISE_BEZIER_KNOTS.);
#3232 = CARTESIAN_POINT('',(-16.16572881656,80.518161036322,
    48.500096520193));
#3233 = CARTESIAN_POINT('',(-16.16679265067,80.518161036322,
    47.700093980188));
#3234 = B_SPLINE_SURFACE_WITH_KNOTS('',1,1,(
    (#3235,#3236)
    ,(#3237,#3238
    )),.UNSPECIFIED.,.F.,.F.,.F.,(2,2),(2,2),(1.008513373343E+03,
    1.064178267067E+03),(-31.4961,0.),.PIECEWISE_BEZIER_KNOTS.);
#3235 = CARTESIAN_POINT('',(-16.16679265067,80.518161036322,
    48.500096520193));
#3236 = CARTESIAN_POINT('',(-16.16679265067,80.518161036322,
    47.700093980188));
#3237 = CARTESIAN_POINT('',(-14.7529015223,80.518161036322,
    48.500096520193));
#3238 = CARTESIAN_POINT('',(-14.7529015223,80.518161036322,
    47.700093980188));
#3239 = ADVANCED_FACE('',(#3240),#3272,.F.);
#3240 = FACE_BOUND('',#3241,.F.);
#3241 = EDGE_LOOP('',(#3242,#3251,#3258,#3263,#3264,#3265,#3266,#3267));
#3242 = ORIENTED_EDGE('',*,*,#3243,.T.);
#3243 = EDGE_CURVE('',#3244,#3246,#3248,.T.);
#3244 = VERTEX_POINT('',#3245);
#3245 = CARTESIAN_POINT('',(-16.18783884265,94.641652449756,
    45.996850527029));
#3246 = VERTEX_POINT('',#3247);
#3247 = CARTESIAN_POINT('',(-16.184292293,94.641652449756,
    48.663853502964));
#3248 = B_SPLINE_CURVE_WITH_KNOTS('',1,(#3249,#3250),.UNSPECIFIED.,.F.,
  .F.,(2,2),(0.,1.),.PIECEWISE_BEZIER_KNOTS.);
#3249 = CARTESIAN_POINT('',(-16.18783884265,94.641652449756,
    45.996850527029));
#3250 = CARTESIAN_POINT('',(-16.184292293,94.641652449756,
    48.663853502964));
#3251 = ORIENTED_EDGE('',*,*,#3252,.T.);
#3252 = EDGE_CURVE('',#3246,#3253,#3255,.T.);
#3253 = VERTEX_POINT('',#3254);
#3254 = CARTESIAN_POINT('',(-16.16206464743,77.92646297615,
    48.663853502964));
#3255 = B_SPLINE_CURVE_WITH_KNOTS('',1,(#3256,#3257),.UNSPECIFIED.,.F.,
  .F.,(2,2),(0.,696.5633185065),.PIECEWISE_BEZIER_KNOTS.);
#3256 = CARTESIAN_POINT('',(-16.1855922113,95.619191008382,
    48.663853502964));
#3257 = CARTESIAN_POINT('',(-16.16206464743,77.92646297615,
    48.663853502964));
#3258 = ORIENTED_EDGE('',*,*,#3259,.F.);
#3259 = EDGE_CURVE('',#1774,#3253,#3260,.T.);
#3260 = B_SPLINE_CURVE_WITH_KNOTS('',1,(#3261,#3262),.UNSPECIFIED.,.F.,
  .F.,(2,2),(0.,37.943245959825),.PIECEWISE_BEZIER_KNOTS.);
#3261 = CARTESIAN_POINT('',(-16.1633462414,77.926461271902,
    47.700093980188));
#3262 = CARTESIAN_POINT('',(-16.16206464743,77.92646297615,
    48.663853502964));
#3263 = ORIENTED_EDGE('',*,*,#1780,.F.);
#3264 = ORIENTED_EDGE('',*,*,#3230,.F.);
#3265 = ORIENTED_EDGE('',*,*,#1597,.F.);
#3266 = ORIENTED_EDGE('',*,*,#2984,.T.);
#3267 = ORIENTED_EDGE('',*,*,#3268,.F.);
#3268 = EDGE_CURVE('',#3244,#2978,#3269,.T.);
#3269 = B_SPLINE_CURVE_WITH_KNOTS('',1,(#3270,#3271),.UNSPECIFIED.,.F.,
  .F.,(2,2),(169.57819581857,291.62540372855),.PIECEWISE_BEZIER_KNOTS.);
#3270 = CARTESIAN_POINT('',(-16.18913876095,95.619191008382,
    45.996850527029));
#3271 = CARTESIAN_POINT('',(-16.18501641714,92.519188468377,
    45.996850527029));
#3272 = B_SPLINE_SURFACE_WITH_KNOTS('',1,1,(
    (#3273,#3274)
    ,(#3275,#3276
    )),.UNSPECIFIED.,.F.,.F.,.F.,(2,2),(2,2),(-4.39548591911E-14,105.),(
    -866.1417,-169.5781958185),.PIECEWISE_BEZIER_KNOTS.);
#3273 = CARTESIAN_POINT('',(-16.16206464743,77.92646297615,
    48.663853502964));
#3274 = CARTESIAN_POINT('',(-16.18559221757,95.61919572453,
    48.663853502964));
#3275 = CARTESIAN_POINT('',(-16.1656111908,77.926458260001,
    45.996850527029));
#3276 = CARTESIAN_POINT('',(-16.18913876095,95.619191008382,
    45.996850527029));
#3277 = ADVANCED_FACE('',(#3278),#3288,.T.);
#3278 = FACE_BOUND('',#3279,.T.);
#3279 = EDGE_LOOP('',(#3280,#3281,#3282,#3283));
#3280 = ORIENTED_EDGE('',*,*,#3259,.F.);
#3281 = ORIENTED_EDGE('',*,*,#1773,.F.);
#3282 = ORIENTED_EDGE('',*,*,#3028,.F.);
#3283 = ORIENTED_EDGE('',*,*,#3284,.T.);
#3284 = EDGE_CURVE('',#3000,#3253,#3285,.T.);
#3285 = B_SPLINE_CURVE_WITH_KNOTS('',1,(#3286,#3287),.UNSPECIFIED.,.F.,
  .F.,(2,2),(0.,665.),.PIECEWISE_BEZIER_KNOTS.);
#3286 = CARTESIAN_POINT('',(-33.05306856056,77.904001534776,
    48.686314964198));
#3287 = CARTESIAN_POINT('',(-16.16206464743,77.92646297615,
    48.663853502964));
#3288 = B_SPLINE_SURFACE_WITH_KNOTS('',1,1,(
    (#3289,#3290)
    ,(#3291,#3292
  )),.UNSPECIFIED.,.F.,.F.,.F.,(2,2),(2,2),(-332.5,332.5),(
    13.672445529537,52.5),.PIECEWISE_BEZIER_KNOTS.);
#3289 = CARTESIAN_POINT('',(-16.16337611034,77.926461232183,
    47.677632518954));
#3290 = CARTESIAN_POINT('',(-16.16206464743,77.92646297615,
    48.663853502964));
#3291 = CARTESIAN_POINT('',(-33.05438002347,77.903999790809,
    47.700093980188));
#3292 = CARTESIAN_POINT('',(-33.05306856056,77.904001534776,
    48.686314964198));
#3293 = ADVANCED_FACE('',(#3294),#3315,.T.);
#3294 = FACE_BOUND('',#3295,.T.);
#3295 = EDGE_LOOP('',(#3296,#3297,#3304,#3314));
#3296 = ORIENTED_EDGE('',*,*,#1819,.F.);
#3297 = ORIENTED_EDGE('',*,*,#3298,.F.);
#3298 = EDGE_CURVE('',#3299,#1820,#3301,.T.);
#3299 = VERTEX_POINT('',#3300);
#3300 = CARTESIAN_POINT('',(-11.56902336804,54.737109474219,
    47.000093980188));
#3301 = B_SPLINE_CURVE_WITH_KNOTS('',1,(#3302,#3303),.UNSPECIFIED.,.F.,
  .F.,(2,2),(0.,27.559),.PIECEWISE_BEZIER_KNOTS.);
#3302 = CARTESIAN_POINT('',(-11.56902336804,54.737109474219,
    47.000093980188));
#3303 = CARTESIAN_POINT('',(-11.56902336804,54.737109474219,
    47.700093980188));
#3304 = ORIENTED_EDGE('',*,*,#3305,.T.);
#3305 = EDGE_CURVE('',#3299,#3299,#3306,.T.);
#3306 = ( BOUNDED_CURVE() B_SPLINE_CURVE(2,(#3307,#3308,#3309,#3310,
#3311,#3312,#3313),.UNSPECIFIED.,.T.,.F.) B_SPLINE_CURVE_WITH_KNOTS((1,2
    ,2,2,2,1),(-2.094395102394,0.,2.094395102393,4.188790204786,
6.28318530718,8.377580409573),.UNSPECIFIED.) CURVE() 
GEOMETRIC_REPRESENTATION_ITEM() RATIONAL_B_SPLINE_CURVE((1.,0.5,1.,0.5,
1.,0.5,1.)) REPRESENTATION_ITEM('') );
#3307 = CARTESIAN_POINT('',(-11.56902336804,54.737109474219,
    47.000093980188));
#3308 = CARTESIAN_POINT('',(-11.56902336804,58.235858704635,
    47.000093980188));
#3309 = CARTESIAN_POINT('',(-14.59902908305,56.486484089427,
    47.000093980188));
#3310 = CARTESIAN_POINT('',(-17.62903479807,54.737109474219,
    47.000093980188));
#3311 = CARTESIAN_POINT('',(-14.59902908305,52.987734859011,
    47.000093980188));
#3312 = CARTESIAN_POINT('',(-11.56902336804,51.238360243803,
    47.000093980188));
#3313 = CARTESIAN_POINT('',(-11.56902336804,54.737109474219,
    47.000093980188));
#3314 = ORIENTED_EDGE('',*,*,#3298,.T.);
#3315 = ( BOUNDED_SURFACE() B_SPLINE_SURFACE(2,1,(
    (#3316,#3317)
    ,(#3318,#3319)
    ,(#3320,#3321)
    ,(#3322,#3323)
    ,(#3324,#3325)
    ,(#3326,#3327)
    ,(#3328,#3329
)),.UNSPECIFIED.,.T.,.F.,.F.) B_SPLINE_SURFACE_WITH_KNOTS((1,2,2,2,2,1),
  (2,2),(-2.094395102394,0.,2.094395102393,4.188790204786,6.28318530718,
    8.377580409573),(0.,27.559),.UNSPECIFIED.) 
GEOMETRIC_REPRESENTATION_ITEM() RATIONAL_B_SPLINE_SURFACE((
    (1.,1.)
    ,(0.5,0.5)
    ,(1.,1.)
    ,(0.5,0.5)
    ,(1.,1.)
    ,(0.5,0.5)
,(1.,1.))) REPRESENTATION_ITEM('') SURFACE() );
#3316 = CARTESIAN_POINT('',(-11.56902336804,54.737109474219,
    47.000093980188));
#3317 = CARTESIAN_POINT('',(-11.56902336804,54.737109474219,
    47.700093980188));
#3318 = CARTESIAN_POINT('',(-11.56902336804,58.235858704635,
    47.000093980188));
#3319 = CARTESIAN_POINT('',(-11.56902336804,58.235858704635,
    47.700093980188));
#3320 = CARTESIAN_POINT('',(-14.59902908305,56.486484089427,
    47.000093980188));
#3321 = CARTESIAN_POINT('',(-14.59902908305,56.486484089427,
    47.700093980188));
#3322 = CARTESIAN_POINT('',(-17.62903479807,54.737109474219,
    47.000093980188));
#3323 = CARTESIAN_POINT('',(-17.62903479807,54.737109474219,
    47.700093980188));
#3324 = CARTESIAN_POINT('',(-14.59902908305,52.987734859011,
    47.000093980188));
#3325 = CARTESIAN_POINT('',(-14.59902908305,52.987734859011,
    47.700093980188));
#3326 = CARTESIAN_POINT('',(-11.56902336804,51.238360243803,
    47.000093980188));
#3327 = CARTESIAN_POINT('',(-11.56902336804,51.238360243803,
    47.700093980188));
#3328 = CARTESIAN_POINT('',(-11.56902336804,54.737109474219,
    47.000093980188));
#3329 = CARTESIAN_POINT('',(-11.56902336804,54.737109474219,
    47.700093980188));
#3330 = ADVANCED_FACE('',(#3331),#3352,.T.);
#3331 = FACE_BOUND('',#3332,.T.);
#3332 = EDGE_LOOP('',(#3333,#3334,#3341,#3351));
#3333 = ORIENTED_EDGE('',*,*,#1833,.F.);
#3334 = ORIENTED_EDGE('',*,*,#3335,.F.);
#3335 = EDGE_CURVE('',#3336,#1834,#3338,.T.);
#3336 = VERTEX_POINT('',#3337);
#3337 = CARTESIAN_POINT('',(-34.68306959613,54.737109474219,
    47.000093980188));
#3338 = B_SPLINE_CURVE_WITH_KNOTS('',1,(#3339,#3340),.UNSPECIFIED.,.F.,
  .F.,(2,2),(0.,27.559),.PIECEWISE_BEZIER_KNOTS.);
#3339 = CARTESIAN_POINT('',(-34.68306959613,54.737109474219,
    47.000093980188));
#3340 = CARTESIAN_POINT('',(-34.68306959613,54.737109474219,
    47.700093980188));
#3341 = ORIENTED_EDGE('',*,*,#3342,.T.);
#3342 = EDGE_CURVE('',#3336,#3336,#3343,.T.);
#3343 = ( BOUNDED_CURVE() B_SPLINE_CURVE(2,(#3344,#3345,#3346,#3347,
#3348,#3349,#3350),.UNSPECIFIED.,.T.,.F.) B_SPLINE_CURVE_WITH_KNOTS((1,2
    ,2,2,2,1),(-2.094395102394,0.,2.094395102393,4.188790204786,
6.28318530718,8.377580409573),.UNSPECIFIED.) CURVE() 
GEOMETRIC_REPRESENTATION_ITEM() RATIONAL_B_SPLINE_CURVE((1.,0.5,1.,0.5,
1.,0.5,1.)) REPRESENTATION_ITEM('') );
#3344 = CARTESIAN_POINT('',(-34.68306959613,54.737109474219,
    47.000093980188));
#3345 = CARTESIAN_POINT('',(-34.68306959613,58.235858704635,
    47.000093980188));
#3346 = CARTESIAN_POINT('',(-37.71307531115,56.486484089427,
    47.000093980188));
#3347 = CARTESIAN_POINT('',(-40.74308102616,54.737109474219,
    47.000093980188));
#3348 = CARTESIAN_POINT('',(-37.71307531115,52.987734859011,
    47.000093980188));
#3349 = CARTESIAN_POINT('',(-34.68306959613,51.238360243803,
    47.000093980188));
#3350 = CARTESIAN_POINT('',(-34.68306959613,54.737109474219,
    47.000093980188));
#3351 = ORIENTED_EDGE('',*,*,#3335,.T.);
#3352 = ( BOUNDED_SURFACE() B_SPLINE_SURFACE(2,1,(
    (#3353,#3354)
    ,(#3355,#3356)
    ,(#3357,#3358)
    ,(#3359,#3360)
    ,(#3361,#3362)
    ,(#3363,#3364)
    ,(#3365,#3366
)),.UNSPECIFIED.,.T.,.F.,.F.) B_SPLINE_SURFACE_WITH_KNOTS((1,2,2,2,2,1),
  (2,2),(-2.094395102394,0.,2.094395102393,4.188790204786,6.28318530718,
    8.377580409573),(0.,27.559),.UNSPECIFIED.) 
GEOMETRIC_REPRESENTATION_ITEM() RATIONAL_B_SPLINE_SURFACE((
    (1.,1.)
    ,(0.5,0.5)
    ,(1.,1.)
    ,(0.5,0.5)
    ,(1.,1.)
    ,(0.5,0.5)
,(1.,1.))) REPRESENTATION_ITEM('') SURFACE() );
#3353 = CARTESIAN_POINT('',(-34.68306959613,54.737109474219,
    47.000093980188));
#3354 = CARTESIAN_POINT('',(-34.68306959613,54.737109474219,
    47.700093980188));
#3355 = CARTESIAN_POINT('',(-34.68306959613,58.235858704635,
    47.000093980188));
#3356 = CARTESIAN_POINT('',(-34.68306959613,58.235858704635,
    47.700093980188));
#3357 = CARTESIAN_POINT('',(-37.71307531115,56.486484089427,
    47.000093980188));
#3358 = CARTESIAN_POINT('',(-37.71307531115,56.486484089427,
    47.700093980188));
#3359 = CARTESIAN_POINT('',(-40.74308102616,54.737109474219,
    47.000093980188));
#3360 = CARTESIAN_POINT('',(-40.74308102616,54.737109474219,
    47.700093980188));
#3361 = CARTESIAN_POINT('',(-37.71307531115,52.987734859011,
    47.000093980188));
#3362 = CARTESIAN_POINT('',(-37.71307531115,52.987734859011,
    47.700093980188));
#3363 = CARTESIAN_POINT('',(-34.68306959613,51.238360243803,
    47.000093980188));
#3364 = CARTESIAN_POINT('',(-34.68306959613,51.238360243803,
    47.700093980188));
#3365 = CARTESIAN_POINT('',(-34.68306959613,54.737109474219,
    47.000093980188));
#3366 = CARTESIAN_POINT('',(-34.68306959613,54.737109474219,
    47.700093980188));
#3367 = ADVANCED_FACE('',(#3368),#3378,.F.);
#3368 = FACE_BOUND('',#3369,.F.);
#3369 = EDGE_LOOP('',(#3370,#3371,#3372,#3377));
#3370 = ORIENTED_EDGE('',*,*,#1940,.F.);
#3371 = ORIENTED_EDGE('',*,*,#1847,.F.);
#3372 = ORIENTED_EDGE('',*,*,#3373,.T.);
#3373 = EDGE_CURVE('',#1848,#1910,#3374,.T.);
#3374 = B_SPLINE_CURVE_WITH_KNOTS('',1,(#3375,#3376),.UNSPECIFIED.,.F.,
  .F.,(2,2),(0.,90.5512),.PIECEWISE_BEZIER_KNOTS.);
#3375 = CARTESIAN_POINT('',(-38.48107696215,59.586972313945,
    47.700093980188));
#3376 = CARTESIAN_POINT('',(-38.48107696215,59.586972313945,
    50.000099060198));
#3377 = ORIENTED_EDGE('',*,*,#1907,.F.);
#3378 = B_SPLINE_SURFACE_WITH_KNOTS('',1,1,(
    (#3379,#3380)
    ,(#3381,#3382
  )),.UNSPECIFIED.,.F.,.F.,.F.,(2,2),(2,2),(0.,669.2913),(-590.55,
    -499.9988),.PIECEWISE_BEZIER_KNOTS.);
#3379 = CARTESIAN_POINT('',(-38.48107696215,59.586972313945,
    50.000099060198));
#3380 = CARTESIAN_POINT('',(-38.48107696215,59.586972313945,
    47.700093980188));
#3381 = CARTESIAN_POINT('',(-38.48107696215,76.587005334011,
    50.000099060198));
#3382 = CARTESIAN_POINT('',(-38.48107696215,76.587005334011,
    47.700093980188));
#3383 = ADVANCED_FACE('',(#3384),#3390,.F.);
#3384 = FACE_BOUND('',#3385,.F.);
#3385 = EDGE_LOOP('',(#3386,#3387,#3388,#3389));
#3386 = ORIENTED_EDGE('',*,*,#3373,.F.);
#3387 = ORIENTED_EDGE('',*,*,#1856,.F.);
#3388 = ORIENTED_EDGE('',*,*,#1885,.T.);
#3389 = ORIENTED_EDGE('',*,*,#1916,.F.);
#3390 = B_SPLINE_SURFACE_WITH_KNOTS('',1,1,(
    (#3391,#3392)
    ,(#3393,#3394
  )),.UNSPECIFIED.,.F.,.F.,.F.,(2,2),(2,2),(0.,1.065E+03),(-590.55,
    -499.9988),.PIECEWISE_BEZIER_KNOTS.);
#3391 = CARTESIAN_POINT('',(-11.43002286004,59.586972313945,
    50.000099060198));
#3392 = CARTESIAN_POINT('',(-11.43002286004,59.586972313945,
    47.700093980188));
#3393 = CARTESIAN_POINT('',(-38.48107696215,59.586972313945,
    50.000099060198));
#3394 = CARTESIAN_POINT('',(-38.48107696215,59.586972313945,
    47.700093980188));
#3395 = ADVANCED_FACE('',(#3396),#3412,.T.);
#3396 = FACE_BOUND('',#3397,.T.);
#3397 = EDGE_LOOP('',(#3398,#3399,#3405,#3406));
#3398 = ORIENTED_EDGE('',*,*,#2027,.F.);
#3399 = ORIENTED_EDGE('',*,*,#3400,.T.);
#3400 = EDGE_CURVE('',#2028,#2099,#3401,.T.);
#3401 = LINE('',#3402,#3403);
#3402 = CARTESIAN_POINT('',(-96.86,-31.08,28.));
#3403 = VECTOR('',#3404,1.);
#3404 = DIRECTION('',(0.,0.,1.));
#3405 = ORIENTED_EDGE('',*,*,#2098,.T.);
#3406 = ORIENTED_EDGE('',*,*,#3407,.F.);
#3407 = EDGE_CURVE('',#2030,#2101,#3408,.T.);
#3408 = LINE('',#3409,#3410);
#3409 = CARTESIAN_POINT('',(3.52,-31.08,28.));
#3410 = VECTOR('',#3411,1.);
#3411 = DIRECTION('',(0.,0.,1.));
#3412 = PLANE('',#3413);
#3413 = AXIS2_PLACEMENT_3D('',#3414,#3415,#3416);
#3414 = CARTESIAN_POINT('',(-96.86,-31.08,28.));
#3415 = DIRECTION('',(-0.,1.,0.));
#3416 = DIRECTION('',(0.,0.,1.));
#3417 = ADVANCED_FACE('',(#3418),#3429,.F.);
#3418 = FACE_BOUND('',#3419,.F.);
#3419 = EDGE_LOOP('',(#3420,#3421,#3422,#3428));
#3420 = ORIENTED_EDGE('',*,*,#3407,.F.);
#3421 = ORIENTED_EDGE('',*,*,#2053,.T.);
#3422 = ORIENTED_EDGE('',*,*,#3423,.T.);
#3423 = EDGE_CURVE('',#2046,#2117,#3424,.T.);
#3424 = LINE('',#3425,#3426);
#3425 = CARTESIAN_POINT('',(3.52,95.72,28.));
#3426 = VECTOR('',#3427,1.);
#3427 = DIRECTION('',(0.,0.,1.));
#3428 = ORIENTED_EDGE('',*,*,#2124,.T.);
#3429 = PLANE('',#3430);
#3430 = AXIS2_PLACEMENT_3D('',#3431,#3432,#3433);
#3431 = CARTESIAN_POINT('',(3.52,-31.08,28.));
#3432 = DIRECTION('',(1.,0.,-0.));
#3433 = DIRECTION('',(0.,0.,1.));
#3434 = ADVANCED_FACE('',(#3435),#3446,.F.);
#3435 = FACE_BOUND('',#3436,.F.);
#3436 = EDGE_LOOP('',(#3437,#3438,#3444,#3445));
#3437 = ORIENTED_EDGE('',*,*,#2045,.F.);
#3438 = ORIENTED_EDGE('',*,*,#3439,.T.);
#3439 = EDGE_CURVE('',#2038,#2109,#3440,.T.);
#3440 = LINE('',#3441,#3442);
#3441 = CARTESIAN_POINT('',(-96.86,95.72,28.));
#3442 = VECTOR('',#3443,1.);
#3443 = DIRECTION('',(0.,0.,1.));
#3444 = ORIENTED_EDGE('',*,*,#2116,.T.);
#3445 = ORIENTED_EDGE('',*,*,#3423,.F.);
#3446 = PLANE('',#3447);
#3447 = AXIS2_PLACEMENT_3D('',#3448,#3449,#3450);
#3448 = CARTESIAN_POINT('',(-96.86,95.72,28.));
#3449 = DIRECTION('',(-0.,1.,0.));
#3450 = DIRECTION('',(0.,0.,1.));
#3451 = ADVANCED_FACE('',(#3452),#3458,.T.);
#3452 = FACE_BOUND('',#3453,.T.);
#3453 = EDGE_LOOP('',(#3454,#3455,#3456,#3457));
#3454 = ORIENTED_EDGE('',*,*,#3400,.F.);
#3455 = ORIENTED_EDGE('',*,*,#2037,.T.);
#3456 = ORIENTED_EDGE('',*,*,#3439,.T.);
#3457 = ORIENTED_EDGE('',*,*,#2108,.T.);
#3458 = PLANE('',#3459);
#3459 = AXIS2_PLACEMENT_3D('',#3460,#3461,#3462);
#3460 = CARTESIAN_POINT('',(-96.86,-31.08,28.));
#3461 = DIRECTION('',(1.,0.,-0.));
#3462 = DIRECTION('',(0.,0.,1.));
#3463 = ADVANCED_FACE('',(#3464),#3488,.F.);
#3464 = FACE_BOUND('',#3465,.F.);
#3465 = EDGE_LOOP('',(#3466,#3467,#3475,#3482));
#3466 = ORIENTED_EDGE('',*,*,#2174,.F.);
#3467 = ORIENTED_EDGE('',*,*,#3468,.T.);
#3468 = EDGE_CURVE('',#2175,#3469,#3471,.T.);
#3469 = VERTEX_POINT('',#3470);
#3470 = CARTESIAN_POINT('',(-95.76219329438,94.641652449756,
    35.000071120142));
#3471 = LINE('',#3472,#3473);
#3472 = CARTESIAN_POINT('',(-95.76219329438,94.641652449756,
    32.000066040132));
#3473 = VECTOR('',#3474,1.);
#3474 = DIRECTION('',(0.,0.,1.));
#3475 = ORIENTED_EDGE('',*,*,#3476,.T.);
#3476 = EDGE_CURVE('',#3469,#3477,#3479,.T.);
#3477 = VERTEX_POINT('',#3478);
#3478 = CARTESIAN_POINT('',(2.417006604013,94.641652449756,
    35.000071120142));
#3479 = B_SPLINE_CURVE_WITH_KNOTS('',1,(#3480,#3481),.UNSPECIFIED.,.F.,
  .F.,(2,2),(0.,1.),.PIECEWISE_BEZIER_KNOTS.);
#3480 = CARTESIAN_POINT('',(-95.76219332486,94.641652449756,
    35.000071120142));
#3481 = CARTESIAN_POINT('',(2.417006634496,94.641652449756,
    35.000071120142));
#3482 = ORIENTED_EDGE('',*,*,#3483,.F.);
#3483 = EDGE_CURVE('',#2177,#3477,#3484,.T.);
#3484 = LINE('',#3485,#3486);
#3485 = CARTESIAN_POINT('',(2.417006604013,94.641652449756,
    32.000066040132));
#3486 = VECTOR('',#3487,1.);
#3487 = DIRECTION('',(0.,0.,1.));
#3488 = PLANE('',#3489);
#3489 = AXIS2_PLACEMENT_3D('',#3490,#3491,#3492);
#3490 = CARTESIAN_POINT('',(-98.26219329438,94.641652449756,
    32.000066040132));
#3491 = DIRECTION('',(-0.,1.,0.));
#3492 = DIRECTION('',(0.,0.,1.));
#3493 = ADVANCED_FACE('',(#3494),#3511,.T.);
#3494 = FACE_BOUND('',#3495,.T.);
#3495 = EDGE_LOOP('',(#3496,#3504,#3505,#3506));
#3496 = ORIENTED_EDGE('',*,*,#3497,.F.);
#3497 = EDGE_CURVE('',#2193,#3498,#3500,.T.);
#3498 = VERTEX_POINT('',#3499);
#3499 = CARTESIAN_POINT('',(-95.76219329438,-29.97606172212,
    35.000071120142));
#3500 = LINE('',#3501,#3502);
#3501 = CARTESIAN_POINT('',(-95.76219329438,-29.97606172212,
    32.000066040132));
#3502 = VECTOR('',#3503,1.);
#3503 = DIRECTION('',(0.,0.,1.));
#3504 = ORIENTED_EDGE('',*,*,#2200,.F.);
#3505 = ORIENTED_EDGE('',*,*,#3468,.T.);
#3506 = ORIENTED_EDGE('',*,*,#3507,.F.);
#3507 = EDGE_CURVE('',#3498,#3469,#3508,.T.);
#3508 = B_SPLINE_CURVE_WITH_KNOTS('',1,(#3509,#3510),.UNSPECIFIED.,.F.,
  .F.,(2,2),(0.,1.),.PIECEWISE_BEZIER_KNOTS.);
#3509 = CARTESIAN_POINT('',(-95.76219329438,-30.97606172212,
    35.000071120142));
#3510 = CARTESIAN_POINT('',(-95.76219329438,95.619191008382,
    35.000071120142));
#3511 = PLANE('',#3512);
#3512 = AXIS2_PLACEMENT_3D('',#3513,#3514,#3515);
#3513 = CARTESIAN_POINT('',(-95.76219329438,-32.47606172212,
    32.000066040132));
#3514 = DIRECTION('',(1.,0.,-0.));
#3515 = DIRECTION('',(0.,0.,1.));
#3516 = ADVANCED_FACE('',(#3517),#3534,.T.);
#3517 = FACE_BOUND('',#3518,.T.);
#3518 = EDGE_LOOP('',(#3519,#3520,#3521,#3528));
#3519 = ORIENTED_EDGE('',*,*,#2192,.F.);
#3520 = ORIENTED_EDGE('',*,*,#3497,.T.);
#3521 = ORIENTED_EDGE('',*,*,#3522,.T.);
#3522 = EDGE_CURVE('',#3498,#3523,#3525,.T.);
#3523 = VERTEX_POINT('',#3524);
#3524 = CARTESIAN_POINT('',(2.417006604013,-29.97606172212,
    35.000071120142));
#3525 = B_SPLINE_CURVE_WITH_KNOTS('',1,(#3526,#3527),.UNSPECIFIED.,.F.,
  .F.,(2,2),(0.,1.),.PIECEWISE_BEZIER_KNOTS.);
#3526 = CARTESIAN_POINT('',(-95.76219330962,-29.97606172212,
    35.000071120142));
#3527 = CARTESIAN_POINT('',(2.417006619255,-29.97606172212,
    35.000071120142));
#3528 = ORIENTED_EDGE('',*,*,#3529,.F.);
#3529 = EDGE_CURVE('',#2185,#3523,#3530,.T.);
#3530 = LINE('',#3531,#3532);
#3531 = CARTESIAN_POINT('',(2.417006604013,-29.97606172212,
    32.000066040132));
#3532 = VECTOR('',#3533,1.);
#3533 = DIRECTION('',(0.,0.,1.));
#3534 = PLANE('',#3535);
#3535 = AXIS2_PLACEMENT_3D('',#3536,#3537,#3538);
#3536 = CARTESIAN_POINT('',(-98.26219329438,-29.97606172212,
    32.000066040132));
#3537 = DIRECTION('',(-0.,1.,0.));
#3538 = DIRECTION('',(0.,0.,1.));
#3539 = ADVANCED_FACE('',(#3540),#3550,.F.);
#3540 = FACE_BOUND('',#3541,.F.);
#3541 = EDGE_LOOP('',(#3542,#3543,#3544,#3545));
#3542 = ORIENTED_EDGE('',*,*,#3529,.F.);
#3543 = ORIENTED_EDGE('',*,*,#2184,.F.);
#3544 = ORIENTED_EDGE('',*,*,#3483,.T.);
#3545 = ORIENTED_EDGE('',*,*,#3546,.F.);
#3546 = EDGE_CURVE('',#3523,#3477,#3547,.T.);
#3547 = B_SPLINE_CURVE_WITH_KNOTS('',1,(#3548,#3549),.UNSPECIFIED.,.F.,
  .F.,(2,2),(0.,1.),.PIECEWISE_BEZIER_KNOTS.);
#3548 = CARTESIAN_POINT('',(2.417006604013,-30.97606172212,
    35.000071120142));
#3549 = CARTESIAN_POINT('',(2.417006604013,95.619191008382,
    35.000071120142));
#3550 = PLANE('',#3551);
#3551 = AXIS2_PLACEMENT_3D('',#3552,#3553,#3554);
#3552 = CARTESIAN_POINT('',(2.417006604013,-32.47606172212,
    32.000066040132));
#3553 = DIRECTION('',(1.,0.,-0.));
#3554 = DIRECTION('',(0.,0.,1.));
#3555 = ADVANCED_FACE('',(#3556,#3586),#3592,.T.);
#3556 = FACE_BOUND('',#3557,.T.);
#3557 = EDGE_LOOP('',(#3558,#3567,#3574,#3581));
#3558 = ORIENTED_EDGE('',*,*,#3559,.T.);
#3559 = EDGE_CURVE('',#3560,#3562,#3564,.T.);
#3560 = VERTEX_POINT('',#3561);
#3561 = CARTESIAN_POINT('',(-95.16219075438,-29.37605918211,
    32.000066040132));
#3562 = VERTEX_POINT('',#3563);
#3563 = CARTESIAN_POINT('',(-95.16219075438,94.019188468377,
    32.000066040132));
#3564 = B_SPLINE_CURVE_WITH_KNOTS('',1,(#3565,#3566),.UNSPECIFIED.,.F.,
  .F.,(2,2),(0.,4.8580709E+03),.PIECEWISE_BEZIER_KNOTS.);
#3565 = CARTESIAN_POINT('',(-95.16219075438,-29.37605918211,
    32.000066040132));
#3566 = CARTESIAN_POINT('',(-95.16219075438,94.019188468377,
    32.000066040132));
#3567 = ORIENTED_EDGE('',*,*,#3568,.T.);
#3568 = EDGE_CURVE('',#3562,#3569,#3571,.T.);
#3569 = VERTEX_POINT('',#3570);
#3570 = CARTESIAN_POINT('',(1.817004064008,94.019188468377,
    32.000066040132));
#3571 = B_SPLINE_CURVE_WITH_KNOTS('',1,(#3572,#3573),.UNSPECIFIED.,.F.,
  .F.,(2,2),(0.,3.8180709E+03),.PIECEWISE_BEZIER_KNOTS.);
#3572 = CARTESIAN_POINT('',(-95.16219075438,94.019188468377,
    32.000066040132));
#3573 = CARTESIAN_POINT('',(1.817004064008,94.019188468377,
    32.000066040132));
#3574 = ORIENTED_EDGE('',*,*,#3575,.T.);
#3575 = EDGE_CURVE('',#3569,#3576,#3578,.T.);
#3576 = VERTEX_POINT('',#3577);
#3577 = CARTESIAN_POINT('',(1.817004064008,-29.37605918211,
    32.000066040132));
#3578 = B_SPLINE_CURVE_WITH_KNOTS('',1,(#3579,#3580),.UNSPECIFIED.,.F.,
  .F.,(2,2),(0.,4.8580709E+03),.PIECEWISE_BEZIER_KNOTS.);
#3579 = CARTESIAN_POINT('',(1.817004064008,94.019188468377,
    32.000066040132));
#3580 = CARTESIAN_POINT('',(1.817004064008,-29.37605918211,
    32.000066040132));
#3581 = ORIENTED_EDGE('',*,*,#3582,.T.);
#3582 = EDGE_CURVE('',#3576,#3560,#3583,.T.);
#3583 = B_SPLINE_CURVE_WITH_KNOTS('',1,(#3584,#3585),.UNSPECIFIED.,.F.,
  .F.,(2,2),(0.,3.8180709E+03),.PIECEWISE_BEZIER_KNOTS.);
#3584 = CARTESIAN_POINT('',(1.817004064008,-29.37605918211,
    32.000066040132));
#3585 = CARTESIAN_POINT('',(-95.16219075438,-29.37605918211,
    32.000066040132));
#3586 = FACE_BOUND('',#3587,.T.);
#3587 = EDGE_LOOP('',(#3588,#3589,#3590,#3591));
#3588 = ORIENTED_EDGE('',*,*,#2722,.F.);
#3589 = ORIENTED_EDGE('',*,*,#2700,.F.);
#3590 = ORIENTED_EDGE('',*,*,#2440,.F.);
#3591 = ORIENTED_EDGE('',*,*,#2963,.F.);
#3592 = B_SPLINE_SURFACE_WITH_KNOTS('',1,1,(
    (#3593,#3594)
    ,(#3595,#3596
    )),.UNSPECIFIED.,.F.,.F.,.F.,(2,2),(2,2),(-1.90903545E+03,
    1.90903545E+03),(-2.42903545E+03,2.42903545E+03),
  .PIECEWISE_BEZIER_KNOTS.);
#3593 = CARTESIAN_POINT('',(1.817004064008,-29.37605918211,
    32.000066040132));
#3594 = CARTESIAN_POINT('',(1.817004064008,94.019188468377,
    32.000066040132));
#3595 = CARTESIAN_POINT('',(-95.16219075438,-29.37605918211,
    32.000066040132));
#3596 = CARTESIAN_POINT('',(-95.16219075438,94.019188468377,
    32.000066040132));
#3597 = ADVANCED_FACE('',(#3598),#3889,.F.);
#3598 = FACE_BOUND('',#3599,.F.);
#3599 = EDGE_LOOP('',(#3600,#3707,#3713,#3714,#3715,#3723,#3732,#3738,
    #3739,#3740,#3761,#3866,#3874,#3883));
#3600 = ORIENTED_EDGE('',*,*,#3601,.T.);
#3601 = EDGE_CURVE('',#3602,#3604,#3606,.T.);
#3602 = VERTEX_POINT('',#3603);
#3603 = CARTESIAN_POINT('',(1.817004064008,31.77456439425,33.25000000004
    ));
#3604 = VERTEX_POINT('',#3605);
#3605 = CARTESIAN_POINT('',(1.817004064008,32.32,34.1));
#3606 = B_SPLINE_CURVE_WITH_KNOTS('',8,(#3607,#3608,#3609,#3610,#3611,
    #3612,#3613,#3614,#3615,#3616,#3617,#3618,#3619,#3620,#3621,#3622,
    #3623,#3624,#3625,#3626,#3627,#3628,#3629,#3630,#3631,#3632,#3633,
    #3634,#3635,#3636,#3637,#3638,#3639,#3640,#3641,#3642,#3643,#3644,
    #3645,#3646,#3647,#3648,#3649,#3650,#3651,#3652,#3653,#3654,#3655,
    #3656,#3657,#3658,#3659,#3660,#3661,#3662,#3663,#3664,#3665,#3666,
    #3667,#3668,#3669,#3670,#3671,#3672,#3673,#3674,#3675,#3676,#3677,
    #3678,#3679,#3680,#3681,#3682,#3683,#3684,#3685,#3686,#3687,#3688,
    #3689,#3690,#3691,#3692,#3693,#3694,#3695,#3696,#3697,#3698,#3699,
    #3700,#3701,#3702,#3703,#3704,#3705,#3706),.UNSPECIFIED.,.F.,.F.,(9,
    7,7,7,7,7,7,7,7,7,7,7,7,7,9),(0.,8.718112493693E-02,0.119758556647,
    0.217612625854,0.278546074491,0.4057875846,0.4903977533,
    0.523523811601,0.575571168422,0.605503489046,0.705779410683,
    0.733405030791,0.844678441991,0.89408952152,1.),.UNSPECIFIED.);
#3607 = CARTESIAN_POINT('',(1.817004064008,32.803992211312,
    33.854614635047));
#3608 = CARTESIAN_POINT('',(1.817004064008,32.824649584455,
    33.82642062747));
#3609 = CARTESIAN_POINT('',(1.817004064008,32.843431666809,
    33.796848999563));
#3610 = CARTESIAN_POINT('',(1.817004064008,32.860228566201,
    33.766048635063));
#3611 = CARTESIAN_POINT('',(1.817004064008,32.874947637885,
    33.734175916244));
#3612 = CARTESIAN_POINT('',(1.817004064008,32.887511513614,
    33.701393776306));
#3613 = CARTESIAN_POINT('',(1.817004064008,32.897857467936,
    33.667871313247));
#3614 = CARTESIAN_POINT('',(1.817004064008,32.905938121724,
    33.633783965242));
#3615 = CARTESIAN_POINT('',(1.817004064008,32.913885329417,
    33.586433765909));
#3616 = CARTESIAN_POINT('',(1.817004064008,32.915726745393,
    33.573499482616));
#3617 = CARTESIAN_POINT('',(1.817004064008,32.917246165972,
    33.560520727833));
#3618 = CARTESIAN_POINT('',(1.817004064008,32.918442353879,
    33.547506858094));
#3619 = CARTESIAN_POINT('',(1.817004064008,32.919314399446,
    33.534467256266));
#3620 = CARTESIAN_POINT('',(1.817004064008,32.919861720607,
    33.521411331542));
#3621 = CARTESIAN_POINT('',(1.817004064008,32.920084062902,
    33.508348519449));
#3622 = CARTESIAN_POINT('',(1.817004064008,32.919673425813,
    33.456058749994));
#3623 = CARTESIAN_POINT('',(1.817004064008,32.916433866036,
    33.416847193633));
#3624 = CARTESIAN_POINT('',(1.817004064008,32.910263635658,
    33.377916760161));
#3625 = CARTESIAN_POINT('',(1.817004064008,32.90119313901,33.33952294887
    ));
#3626 = CARTESIAN_POINT('',(1.817004064008,32.889278165848,
    33.301914516642));
#3627 = CARTESIAN_POINT('',(1.817004064008,32.874598455588,
    33.265333623591));
#3628 = CARTESIAN_POINT('',(1.817004064008,32.857259029194,
    33.230015218665));
#3629 = CARTESIAN_POINT('',(1.817004064008,32.825024571675,
    33.17512009915));
#3630 = CARTESIAN_POINT('',(1.817004064008,32.811674409466,
    33.154629699984));
#3631 = CARTESIAN_POINT('',(1.817004064008,32.797375336847,
    33.134768321109));
#3632 = CARTESIAN_POINT('',(1.817004064008,32.782162170054,
    33.115587117167));
#3633 = CARTESIAN_POINT('',(1.817004064008,32.766072801788,
    33.09713470109));
#3634 = CARTESIAN_POINT('',(1.817004064008,32.749148129397,
    33.079457190804));
#3635 = CARTESIAN_POINT('',(1.817004064008,32.73143211623,33.06259814558
    ));
#3636 = CARTESIAN_POINT('',(1.817004064008,32.674423456901,
    33.013187632491));
#3637 = CARTESIAN_POINT('',(1.817004064008,32.632615974052,
    32.983511626997));
#3638 = CARTESIAN_POINT('',(1.817004064008,32.587990501617,
    32.957960026664));
#3639 = CARTESIAN_POINT('',(1.817004064008,32.541026644298,
    32.93683581771));
#3640 = CARTESIAN_POINT('',(1.817004064008,32.492230884098,
    32.920376691019));
#3641 = CARTESIAN_POINT('',(1.817004064008,32.442136150438,
    32.908753443138));
#3642 = CARTESIAN_POINT('',(1.817004064008,32.391300131955,
    32.90207117699));
#3643 = CARTESIAN_POINT('',(1.817004064008,32.306410117423,
    32.899195459477));
#3644 = CARTESIAN_POINT('',(1.817004064008,32.272438144205,
    32.900237852334));
#3645 = CARTESIAN_POINT('',(1.817004064008,32.238562194788,
    32.903475366123));
#3646 = CARTESIAN_POINT('',(1.817004064008,32.204944989414,
    32.908897568858));
#3647 = CARTESIAN_POINT('',(1.817004064008,32.1717478955,32.916480322596
    ));
#3648 = CARTESIAN_POINT('',(1.817004064008,32.139130804807,
    32.92618569296));
#3649 = CARTESIAN_POINT('',(1.817004064008,32.107251676505,
    32.937960829631));
#3650 = CARTESIAN_POINT('',(1.817004064008,32.06413432327,
    32.957128917316));
#3651 = CARTESIAN_POINT('',(1.817004064008,32.052139268382,
    32.962828802477));
#3652 = CARTESIAN_POINT('',(1.817004064008,32.04028966101,
    32.968831434665));
#3653 = CARTESIAN_POINT('',(1.817004064008,32.028594410468,
    32.975132468612));
#3654 = CARTESIAN_POINT('',(1.817004064008,32.017062255851,
    32.981727252383));
#3655 = CARTESIAN_POINT('',(1.817004064008,32.005701766038,
    32.988610827381));
#3656 = CARTESIAN_POINT('',(1.817004064008,31.994521339684,
    32.995777928346));
#3657 = CARTESIAN_POINT('',(1.817004064008,31.966258465111,
    33.014920585014));
#3658 = CARTESIAN_POINT('',(1.817004064008,31.94945231433,
    33.027304511824));
#3659 = CARTESIAN_POINT('',(1.817004064008,31.933142847187,
    33.040353062165));
#3660 = CARTESIAN_POINT('',(1.817004064008,31.917360668324,
    33.054042877189));
#3661 = CARTESIAN_POINT('',(1.817004064008,31.90213495856,33.0683490185)
  );
#3662 = CARTESIAN_POINT('',(1.817004064008,31.887493495421,
    33.083244995845));
#3663 = CARTESIAN_POINT('',(1.817004064008,31.873462628364,
    33.098702744817));
#3664 = CARTESIAN_POINT('',(1.817004064008,31.85236353226,
    33.123888259088));
#3665 = CARTESIAN_POINT('',(1.817004064008,31.844869967794,
    33.13326000171));
#3666 = CARTESIAN_POINT('',(1.817004064008,31.837591220304,
    33.142802165015));
#3667 = CARTESIAN_POINT('',(1.817004064008,31.830531804075,
    33.152508996203));
#3668 = CARTESIAN_POINT('',(1.817004064008,31.823696042663,
    33.162374607125));
#3669 = CARTESIAN_POINT('',(1.817004064008,31.817088068903,
    33.172392974276));
#3670 = CARTESIAN_POINT('',(1.817004064008,31.810711824903,
    33.182557938803));
#3671 = CARTESIAN_POINT('',(1.817004064008,31.783998963331,
    33.227386764788));
#3672 = CARTESIAN_POINT('',(1.817004064008,31.766066635992,
    33.263490101707));
#3673 = CARTESIAN_POINT('',(1.817004064008,31.750920426413,
    33.300930497897));
#3674 = CARTESIAN_POINT('',(1.817004064008,31.738674139874,
    33.339455691976));
#3675 = CARTESIAN_POINT('',(1.817004064008,31.729413766305,
    33.37880547032));
#3676 = CARTESIAN_POINT('',(1.817004064008,31.723199015226,
    33.418712380622));
#3677 = CARTESIAN_POINT('',(1.817004064008,31.720061659868,
    33.458901569235));
#3678 = CARTESIAN_POINT('',(1.817004064008,31.719983893648,
    33.510161425154));
#3679 = CARTESIAN_POINT('',(1.817004064008,31.720200587385,
    33.52123347553));
#3680 = CARTESIAN_POINT('',(1.817004064008,31.720650780017,
    33.532300132871));
#3681 = CARTESIAN_POINT('',(1.817004064008,31.721334310635,
    33.543355649602));
#3682 = CARTESIAN_POINT('',(1.817004064008,31.722250849086,
    33.554394291129));
#3683 = CARTESIAN_POINT('',(1.817004064008,31.723399895975,
    33.565410335843));
#3684 = CARTESIAN_POINT('',(1.817004064008,31.724780782666,
    33.57639807512));
#3685 = CARTESIAN_POINT('',(1.817004064008,31.732885207694,
    33.631472445172));
#3686 = CARTESIAN_POINT('',(1.817004064008,31.743126913177,
    33.675050888509));
#3687 = CARTESIAN_POINT('',(1.817004064008,31.757063808965,
    33.717701133817));
#3688 = CARTESIAN_POINT('',(1.817004064008,31.774593120565,
    33.759058853475));
#3689 = CARTESIAN_POINT('',(1.817004064008,31.795573618708,
    33.798777424504));
#3690 = CARTESIAN_POINT('',(1.817004064008,31.819825906207,
    33.836528290865));
#3691 = CARTESIAN_POINT('',(1.817004064008,31.847132468833,
    33.872001425882));
#3692 = CARTESIAN_POINT('',(1.817004064008,31.890591721009,
    33.919524346047));
#3693 = CARTESIAN_POINT('',(1.817004064008,31.904506928603,
    33.933633867244));
#3694 = CARTESIAN_POINT('',(1.817004064008,31.918951130941,
    33.947214983172));
#3695 = CARTESIAN_POINT('',(1.817004064008,31.933900834857,
    33.960244618231));
#3696 = CARTESIAN_POINT('',(1.817004064008,31.949331434283,
    33.972701017772));
#3697 = CARTESIAN_POINT('',(1.817004064008,31.965217227737,
    33.984563731031));
#3698 = CARTESIAN_POINT('',(1.817004064008,31.981531403957,
    33.995813631891));
#3699 = CARTESIAN_POINT('',(1.817004064008,32.03407298874,
    34.029195078302));
#3700 = CARTESIAN_POINT('',(1.817004064008,32.07174579163,
    34.049064037754));
#3701 = CARTESIAN_POINT('',(1.817004064008,32.110983366929,
    34.065859232942));
#3702 = CARTESIAN_POINT('',(1.817004064008,32.151491643383,
    34.079440305953));
#3703 = CARTESIAN_POINT('',(1.817004064008,32.192966254332,
    34.089701081425));
#3704 = CARTESIAN_POINT('',(1.817004064008,32.235093441178,
    34.096567527844));
#3705 = CARTESIAN_POINT('',(1.817004064008,32.277549606314,34.1));
#3706 = CARTESIAN_POINT('',(1.817004064008,32.32,34.1));
#3707 = ORIENTED_EDGE('',*,*,#3708,.F.);
#3708 = EDGE_CURVE('',#2463,#3604,#3709,.T.);
#3709 = LINE('',#3710,#3711);
#3710 = CARTESIAN_POINT('',(-2.58,32.32,34.1));
#3711 = VECTOR('',#3712,1.);
#3712 = DIRECTION('',(1.,0.,0.));
#3713 = ORIENTED_EDGE('',*,*,#2667,.F.);
#3714 = ORIENTED_EDGE('',*,*,#2611,.F.);
#3715 = ORIENTED_EDGE('',*,*,#3716,.F.);
#3716 = EDGE_CURVE('',#3717,#2542,#3719,.T.);
#3717 = VERTEX_POINT('',#3718);
#3718 = CARTESIAN_POINT('',(-2.58,31.774564394268,33.25));
#3719 = LINE('',#3720,#3721);
#3720 = CARTESIAN_POINT('',(-2.58,31.774564394268,33.25));
#3721 = VECTOR('',#3722,1.);
#3722 = DIRECTION('',(1.,0.,0.));
#3723 = ORIENTED_EDGE('',*,*,#3724,.T.);
#3724 = EDGE_CURVE('',#3717,#3725,#3727,.T.);
#3725 = VERTEX_POINT('',#3726);
#3726 = CARTESIAN_POINT('',(-2.58,32.865435605732,33.25));
#3727 = CIRCLE('',#3728,0.6);
#3728 = AXIS2_PLACEMENT_3D('',#3729,#3730,#3731);
#3729 = CARTESIAN_POINT('',(-2.58,32.32,33.5));
#3730 = DIRECTION('',(1.,0.,0.));
#3731 = DIRECTION('',(-0.,0.,1.));
#3732 = ORIENTED_EDGE('',*,*,#3733,.T.);
#3733 = EDGE_CURVE('',#3725,#2465,#3734,.T.);
#3734 = LINE('',#3735,#3736);
#3735 = CARTESIAN_POINT('',(-2.58,32.865435605732,33.25));
#3736 = VECTOR('',#3737,1.);
#3737 = DIRECTION('',(1.,0.,0.));
#3738 = ORIENTED_EDGE('',*,*,#2462,.F.);
#3739 = ORIENTED_EDGE('',*,*,#3708,.T.);
#3740 = ORIENTED_EDGE('',*,*,#3741,.T.);
#3741 = EDGE_CURVE('',#3604,#3742,#3744,.T.);
#3742 = VERTEX_POINT('',#3743);
#3743 = CARTESIAN_POINT('',(1.817004064008,32.803992211312,
    33.854614635047));
#3744 = B_SPLINE_CURVE_WITH_KNOTS('',8,(#3745,#3746,#3747,#3748,#3749,
    #3750,#3751,#3752,#3753,#3754,#3755,#3756,#3757,#3758,#3759,#3760),
  .UNSPECIFIED.,.F.,.F.,(9,7,9),(0.,0.688797169567,1.),.UNSPECIFIED.);
#3745 = CARTESIAN_POINT('',(1.817004064008,32.32,34.1));
#3746 = CARTESIAN_POINT('',(1.817004064008,32.36847920223,34.1));
#3747 = CARTESIAN_POINT('',(1.817004064008,32.41697357159,
    34.095523363674));
#3748 = CARTESIAN_POINT('',(1.817004064008,32.464976892149,
    34.086565206972));
#3749 = CARTESIAN_POINT('',(1.817004064008,32.512006611265,
    34.073195266982));
#3750 = CARTESIAN_POINT('',(1.817004064008,32.557598707147,
    34.055538621876));
#3751 = CARTESIAN_POINT('',(1.817004064008,32.601308383005,
    34.033775800517));
#3752 = CARTESIAN_POINT('',(1.817004064008,32.642710537147,
    34.008141674798));
#3753 = CARTESIAN_POINT('',(1.817004064008,32.698890149026,
    33.965748825499));
#3754 = CARTESIAN_POINT('',(1.817004064008,32.715823240465,
    33.95182650168));
#3755 = CARTESIAN_POINT('',(1.817004064008,32.732170313814,
    33.937201634581));
#3756 = CARTESIAN_POINT('',(1.817004064008,32.747897444927,
    33.921903144804));
#3757 = CARTESIAN_POINT('',(1.817004064008,32.762972547138,
    33.905961769077));
#3758 = CARTESIAN_POINT('',(1.817004064008,32.777365341962,
    33.889410024872));
#3759 = CARTESIAN_POINT('',(1.817004064008,32.791047394181,
    33.872282238267));
#3760 = CARTESIAN_POINT('',(1.817004064008,32.803992211312,
    33.854614635047));
#3761 = ORIENTED_EDGE('',*,*,#3762,.T.);
#3762 = EDGE_CURVE('',#3742,#3763,#3765,.T.);
#3763 = VERTEX_POINT('',#3764);
#3764 = CARTESIAN_POINT('',(1.817004064008,32.865435606102,
    33.250000000808));
#3765 = B_SPLINE_CURVE_WITH_KNOTS('',8,(#3766,#3767,#3768,#3769,#3770,
    #3771,#3772,#3773,#3774,#3775,#3776,#3777,#3778,#3779,#3780,#3781,
    #3782,#3783,#3784,#3785,#3786,#3787,#3788,#3789,#3790,#3791,#3792,
    #3793,#3794,#3795,#3796,#3797,#3798,#3799,#3800,#3801,#3802,#3803,
    #3804,#3805,#3806,#3807,#3808,#3809,#3810,#3811,#3812,#3813,#3814,
    #3815,#3816,#3817,#3818,#3819,#3820,#3821,#3822,#3823,#3824,#3825,
    #3826,#3827,#3828,#3829,#3830,#3831,#3832,#3833,#3834,#3835,#3836,
    #3837,#3838,#3839,#3840,#3841,#3842,#3843,#3844,#3845,#3846,#3847,
    #3848,#3849,#3850,#3851,#3852,#3853,#3854,#3855,#3856,#3857,#3858,
    #3859,#3860,#3861,#3862,#3863,#3864,#3865),.UNSPECIFIED.,.F.,.F.,(9,
    7,7,7,7,7,7,7,7,7,7,7,7,7,9),(0.,8.718112493693E-02,0.119758556647,
    0.217612625854,0.278546074491,0.4057875846,0.4903977533,
    0.523523811601,0.575571168422,0.605503489046,0.705779410683,
    0.733405030791,0.844678441991,0.89408952152,1.),.UNSPECIFIED.);
#3766 = CARTESIAN_POINT('',(1.817004064008,32.803992211312,
    33.854614635047));
#3767 = CARTESIAN_POINT('',(1.817004064008,32.824649584455,
    33.82642062747));
#3768 = CARTESIAN_POINT('',(1.817004064008,32.843431666809,
    33.796848999563));
#3769 = CARTESIAN_POINT('',(1.817004064008,32.860228566201,
    33.766048635063));
#3770 = CARTESIAN_POINT('',(1.817004064008,32.874947637885,
    33.734175916244));
#3771 = CARTESIAN_POINT('',(1.817004064008,32.887511513614,
    33.701393776306));
#3772 = CARTESIAN_POINT('',(1.817004064008,32.897857467936,
    33.667871313247));
#3773 = CARTESIAN_POINT('',(1.817004064008,32.905938121724,
    33.633783965242));
#3774 = CARTESIAN_POINT('',(1.817004064008,32.913885329417,
    33.586433765909));
#3775 = CARTESIAN_POINT('',(1.817004064008,32.915726745393,
    33.573499482616));
#3776 = CARTESIAN_POINT('',(1.817004064008,32.917246165972,
    33.560520727833));
#3777 = CARTESIAN_POINT('',(1.817004064008,32.918442353879,
    33.547506858094));
#3778 = CARTESIAN_POINT('',(1.817004064008,32.919314399446,
    33.534467256266));
#3779 = CARTESIAN_POINT('',(1.817004064008,32.919861720607,
    33.521411331542));
#3780 = CARTESIAN_POINT('',(1.817004064008,32.920084062902,
    33.508348519449));
#3781 = CARTESIAN_POINT('',(1.817004064008,32.919673425813,
    33.456058749994));
#3782 = CARTESIAN_POINT('',(1.817004064008,32.916433866036,
    33.416847193633));
#3783 = CARTESIAN_POINT('',(1.817004064008,32.910263635658,
    33.377916760161));
#3784 = CARTESIAN_POINT('',(1.817004064008,32.90119313901,33.33952294887
    ));
#3785 = CARTESIAN_POINT('',(1.817004064008,32.889278165848,
    33.301914516642));
#3786 = CARTESIAN_POINT('',(1.817004064008,32.874598455588,
    33.265333623591));
#3787 = CARTESIAN_POINT('',(1.817004064008,32.857259029194,
    33.230015218665));
#3788 = CARTESIAN_POINT('',(1.817004064008,32.825024571675,
    33.17512009915));
#3789 = CARTESIAN_POINT('',(1.817004064008,32.811674409466,
    33.154629699984));
#3790 = CARTESIAN_POINT('',(1.817004064008,32.797375336847,
    33.134768321109));
#3791 = CARTESIAN_POINT('',(1.817004064008,32.782162170054,
    33.115587117167));
#3792 = CARTESIAN_POINT('',(1.817004064008,32.766072801788,
    33.09713470109));
#3793 = CARTESIAN_POINT('',(1.817004064008,32.749148129397,
    33.079457190804));
#3794 = CARTESIAN_POINT('',(1.817004064008,32.73143211623,33.06259814558
    ));
#3795 = CARTESIAN_POINT('',(1.817004064008,32.674423456901,
    33.013187632491));
#3796 = CARTESIAN_POINT('',(1.817004064008,32.632615974052,
    32.983511626997));
#3797 = CARTESIAN_POINT('',(1.817004064008,32.587990501617,
    32.957960026664));
#3798 = CARTESIAN_POINT('',(1.817004064008,32.541026644298,
    32.93683581771));
#3799 = CARTESIAN_POINT('',(1.817004064008,32.492230884098,
    32.920376691019));
#3800 = CARTESIAN_POINT('',(1.817004064008,32.442136150438,
    32.908753443138));
#3801 = CARTESIAN_POINT('',(1.817004064008,32.391300131955,
    32.90207117699));
#3802 = CARTESIAN_POINT('',(1.817004064008,32.306410117423,
    32.899195459477));
#3803 = CARTESIAN_POINT('',(1.817004064008,32.272438144205,
    32.900237852334));
#3804 = CARTESIAN_POINT('',(1.817004064008,32.238562194788,
    32.903475366123));
#3805 = CARTESIAN_POINT('',(1.817004064008,32.204944989414,
    32.908897568858));
#3806 = CARTESIAN_POINT('',(1.817004064008,32.1717478955,32.916480322596
    ));
#3807 = CARTESIAN_POINT('',(1.817004064008,32.139130804807,
    32.92618569296));
#3808 = CARTESIAN_POINT('',(1.817004064008,32.107251676505,
    32.937960829631));
#3809 = CARTESIAN_POINT('',(1.817004064008,32.06413432327,
    32.957128917316));
#3810 = CARTESIAN_POINT('',(1.817004064008,32.052139268382,
    32.962828802477));
#3811 = CARTESIAN_POINT('',(1.817004064008,32.04028966101,
    32.968831434665));
#3812 = CARTESIAN_POINT('',(1.817004064008,32.028594410468,
    32.975132468612));
#3813 = CARTESIAN_POINT('',(1.817004064008,32.017062255851,
    32.981727252383));
#3814 = CARTESIAN_POINT('',(1.817004064008,32.005701766038,
    32.988610827381));
#3815 = CARTESIAN_POINT('',(1.817004064008,31.994521339684,
    32.995777928346));
#3816 = CARTESIAN_POINT('',(1.817004064008,31.966258465111,
    33.014920585014));
#3817 = CARTESIAN_POINT('',(1.817004064008,31.94945231433,
    33.027304511824));
#3818 = CARTESIAN_POINT('',(1.817004064008,31.933142847187,
    33.040353062165));
#3819 = CARTESIAN_POINT('',(1.817004064008,31.917360668324,
    33.054042877189));
#3820 = CARTESIAN_POINT('',(1.817004064008,31.90213495856,33.0683490185)
  );
#3821 = CARTESIAN_POINT('',(1.817004064008,31.887493495421,
    33.083244995845));
#3822 = CARTESIAN_POINT('',(1.817004064008,31.873462628364,
    33.098702744817));
#3823 = CARTESIAN_POINT('',(1.817004064008,31.85236353226,
    33.123888259088));
#3824 = CARTESIAN_POINT('',(1.817004064008,31.844869967794,
    33.13326000171));
#3825 = CARTESIAN_POINT('',(1.817004064008,31.837591220304,
    33.142802165015));
#3826 = CARTESIAN_POINT('',(1.817004064008,31.830531804075,
    33.152508996203));
#3827 = CARTESIAN_POINT('',(1.817004064008,31.823696042663,
    33.162374607125));
#3828 = CARTESIAN_POINT('',(1.817004064008,31.817088068903,
    33.172392974276));
#3829 = CARTESIAN_POINT('',(1.817004064008,31.810711824903,
    33.182557938803));
#3830 = CARTESIAN_POINT('',(1.817004064008,31.783998963331,
    33.227386764788));
#3831 = CARTESIAN_POINT('',(1.817004064008,31.766066635992,
    33.263490101707));
#3832 = CARTESIAN_POINT('',(1.817004064008,31.750920426413,
    33.300930497897));
#3833 = CARTESIAN_POINT('',(1.817004064008,31.738674139874,
    33.339455691976));
#3834 = CARTESIAN_POINT('',(1.817004064008,31.729413766305,
    33.37880547032));
#3835 = CARTESIAN_POINT('',(1.817004064008,31.723199015226,
    33.418712380622));
#3836 = CARTESIAN_POINT('',(1.817004064008,31.720061659868,
    33.458901569235));
#3837 = CARTESIAN_POINT('',(1.817004064008,31.719983893648,
    33.510161425154));
#3838 = CARTESIAN_POINT('',(1.817004064008,31.720200587385,
    33.52123347553));
#3839 = CARTESIAN_POINT('',(1.817004064008,31.720650780017,
    33.532300132871));
#3840 = CARTESIAN_POINT('',(1.817004064008,31.721334310635,
    33.543355649602));
#3841 = CARTESIAN_POINT('',(1.817004064008,31.722250849086,
    33.554394291129));
#3842 = CARTESIAN_POINT('',(1.817004064008,31.723399895975,
    33.565410335843));
#3843 = CARTESIAN_POINT('',(1.817004064008,31.724780782666,
    33.57639807512));
#3844 = CARTESIAN_POINT('',(1.817004064008,31.732885207694,
    33.631472445172));
#3845 = CARTESIAN_POINT('',(1.817004064008,31.743126913177,
    33.675050888509));
#3846 = CARTESIAN_POINT('',(1.817004064008,31.757063808965,
    33.717701133817));
#3847 = CARTESIAN_POINT('',(1.817004064008,31.774593120565,
    33.759058853475));
#3848 = CARTESIAN_POINT('',(1.817004064008,31.795573618708,
    33.798777424504));
#3849 = CARTESIAN_POINT('',(1.817004064008,31.819825906207,
    33.836528290865));
#3850 = CARTESIAN_POINT('',(1.817004064008,31.847132468833,
    33.872001425882));
#3851 = CARTESIAN_POINT('',(1.817004064008,31.890591721009,
    33.919524346047));
#3852 = CARTESIAN_POINT('',(1.817004064008,31.904506928603,
    33.933633867244));
#3853 = CARTESIAN_POINT('',(1.817004064008,31.918951130941,
    33.947214983172));
#3854 = CARTESIAN_POINT('',(1.817004064008,31.933900834857,
    33.960244618231));
#3855 = CARTESIAN_POINT('',(1.817004064008,31.949331434283,
    33.972701017772));
#3856 = CARTESIAN_POINT('',(1.817004064008,31.965217227737,
    33.984563731031));
#3857 = CARTESIAN_POINT('',(1.817004064008,31.981531403957,
    33.995813631891));
#3858 = CARTESIAN_POINT('',(1.817004064008,32.03407298874,
    34.029195078302));
#3859 = CARTESIAN_POINT('',(1.817004064008,32.07174579163,
    34.049064037754));
#3860 = CARTESIAN_POINT('',(1.817004064008,32.110983366929,
    34.065859232942));
#3861 = CARTESIAN_POINT('',(1.817004064008,32.151491643383,
    34.079440305953));
#3862 = CARTESIAN_POINT('',(1.817004064008,32.192966254332,
    34.089701081425));
#3863 = CARTESIAN_POINT('',(1.817004064008,32.235093441178,
    34.096567527844));
#3864 = CARTESIAN_POINT('',(1.817004064008,32.277549606314,34.1));
#3865 = CARTESIAN_POINT('',(1.817004064008,32.32,34.1));
#3866 = ORIENTED_EDGE('',*,*,#3867,.T.);
#3867 = EDGE_CURVE('',#3763,#3868,#3870,.T.);
#3868 = VERTEX_POINT('',#3869);
#3869 = CARTESIAN_POINT('',(1.92,32.865435605732,33.249999999999));
#3870 = LINE('',#3871,#3872);
#3871 = CARTESIAN_POINT('',(-2.58,32.865435605732,33.25));
#3872 = VECTOR('',#3873,1.);
#3873 = DIRECTION('',(1.,0.,0.));
#3874 = ORIENTED_EDGE('',*,*,#3875,.F.);
#3875 = EDGE_CURVE('',#3876,#3868,#3878,.T.);
#3876 = VERTEX_POINT('',#3877);
#3877 = CARTESIAN_POINT('',(1.92,31.774564394268,33.249999999999));
#3878 = CIRCLE('',#3879,0.6);
#3879 = AXIS2_PLACEMENT_3D('',#3880,#3881,#3882);
#3880 = CARTESIAN_POINT('',(1.92,32.32,33.5));
#3881 = DIRECTION('',(1.,0.,0.));
#3882 = DIRECTION('',(-0.,0.,1.));
#3883 = ORIENTED_EDGE('',*,*,#3884,.F.);
#3884 = EDGE_CURVE('',#3602,#3876,#3885,.T.);
#3885 = LINE('',#3886,#3887);
#3886 = CARTESIAN_POINT('',(-2.58,31.774564394268,33.25));
#3887 = VECTOR('',#3888,1.);
#3888 = DIRECTION('',(1.,0.,0.));
#3889 = CYLINDRICAL_SURFACE('',#3890,0.6);
#3890 = AXIS2_PLACEMENT_3D('',#3891,#3892,#3893);
#3891 = CARTESIAN_POINT('',(-2.58,32.32,33.5));
#3892 = DIRECTION('',(1.,0.,0.));
#3893 = DIRECTION('',(-0.,0.,1.));
#3894 = ADVANCED_FACE('',(#3895),#3908,.T.);
#3895 = FACE_BOUND('',#3896,.T.);
#3896 = EDGE_LOOP('',(#3897,#3898,#3899,#3900,#3907));
#3897 = ORIENTED_EDGE('',*,*,#2520,.T.);
#3898 = ORIENTED_EDGE('',*,*,#2541,.T.);
#3899 = ORIENTED_EDGE('',*,*,#3716,.F.);
#3900 = ORIENTED_EDGE('',*,*,#3901,.T.);
#3901 = EDGE_CURVE('',#3717,#3725,#3902,.T.);
#3902 = CIRCLE('',#3903,0.6);
#3903 = AXIS2_PLACEMENT_3D('',#3904,#3905,#3906);
#3904 = CARTESIAN_POINT('',(-2.58,32.32,33.));
#3905 = DIRECTION('',(1.,0.,0.));
#3906 = DIRECTION('',(-0.,0.,1.));
#3907 = ORIENTED_EDGE('',*,*,#3733,.T.);
#3908 = CYLINDRICAL_SURFACE('',#3909,0.6);
#3909 = AXIS2_PLACEMENT_3D('',#3910,#3911,#3912);
#3910 = CARTESIAN_POINT('',(-2.58,32.32,33.));
#3911 = DIRECTION('',(1.,0.,0.));
#3912 = DIRECTION('',(-0.,0.,1.));
#3913 = ADVANCED_FACE('',(#3914),#4205,.F.);
#3914 = FACE_BOUND('',#3915,.F.);
#3915 = EDGE_LOOP('',(#3916,#3927,#3933,#3934,#3942,#3963,#4068,#4076,
    #4085,#4093,#4196,#4197,#4198,#4199));
#3916 = ORIENTED_EDGE('',*,*,#3917,.F.);
#3917 = EDGE_CURVE('',#3918,#3920,#3922,.T.);
#3918 = VERTEX_POINT('',#3919);
#3919 = CARTESIAN_POINT('',(-90.76,31.774564394268,33.25));
#3920 = VERTEX_POINT('',#3921);
#3921 = CARTESIAN_POINT('',(-90.76,32.865435605732,33.25));
#3922 = CIRCLE('',#3923,0.6);
#3923 = AXIS2_PLACEMENT_3D('',#3924,#3925,#3926);
#3924 = CARTESIAN_POINT('',(-90.76,32.32,33.5));
#3925 = DIRECTION('',(1.,0.,0.));
#3926 = DIRECTION('',(-0.,0.,1.));
#3927 = ORIENTED_EDGE('',*,*,#3928,.F.);
#3928 = EDGE_CURVE('',#2741,#3918,#3929,.T.);
#3929 = LINE('',#3930,#3931);
#3930 = CARTESIAN_POINT('',(-98.76,31.774564394268,33.25));
#3931 = VECTOR('',#3932,1.);
#3932 = DIRECTION('',(1.,0.,0.));
#3933 = ORIENTED_EDGE('',*,*,#2738,.F.);
#3934 = ORIENTED_EDGE('',*,*,#3935,.F.);
#3935 = EDGE_CURVE('',#3936,#2739,#3938,.T.);
#3936 = VERTEX_POINT('',#3937);
#3937 = CARTESIAN_POINT('',(-95.16219075438,32.32,34.1));
#3938 = LINE('',#3939,#3940);
#3939 = CARTESIAN_POINT('',(-98.76,32.32,34.1));
#3940 = VECTOR('',#3941,1.);
#3941 = DIRECTION('',(1.,0.,0.));
#3942 = ORIENTED_EDGE('',*,*,#3943,.T.);
#3943 = EDGE_CURVE('',#3936,#3944,#3946,.T.);
#3944 = VERTEX_POINT('',#3945);
#3945 = CARTESIAN_POINT('',(-95.16219075438,31.836007788688,
    33.854614635047));
#3946 = B_SPLINE_CURVE_WITH_KNOTS('',8,(#3947,#3948,#3949,#3950,#3951,
    #3952,#3953,#3954,#3955,#3956,#3957,#3958,#3959,#3960,#3961,#3962),
  .UNSPECIFIED.,.F.,.F.,(9,7,9),(0.,0.688797179822,1.),.UNSPECIFIED.);
#3947 = CARTESIAN_POINT('',(-95.16219075438,32.32,34.1));
#3948 = CARTESIAN_POINT('',(-95.16219075438,32.271520797043,34.1));
#3949 = CARTESIAN_POINT('',(-95.16219075438,32.223026426959,
    34.09552336354));
#3950 = CARTESIAN_POINT('',(-95.16219075438,32.1750231057,34.08656520657
    ));
#3951 = CARTESIAN_POINT('',(-95.16219075438,32.127993385929,
    34.073195266183));
#3952 = CARTESIAN_POINT('',(-95.16219075438,32.082401289454,
    34.05553862056));
#3953 = CARTESIAN_POINT('',(-95.16219075438,32.038691613087,
    34.033775798571));
#3954 = CARTESIAN_POINT('',(-95.16219075438,31.997289458535,
    34.008141672125));
#3955 = CARTESIAN_POINT('',(-95.16219075438,31.941109847066,
    33.965748822285));
#3956 = CARTESIAN_POINT('',(-95.16219075438,31.924176756301,
    33.951826498787));
#3957 = CARTESIAN_POINT('',(-95.16219075438,31.907829683593,
    33.937201632059));
#3958 = CARTESIAN_POINT('',(-95.16219075438,31.892102553084,
    33.921903142701));
#3959 = CARTESIAN_POINT('',(-95.16219075438,31.877027451438,
    33.905961767439));
#3960 = CARTESIAN_POINT('',(-95.16219075438,31.862634657136,
    33.889410023743));
#3961 = CARTESIAN_POINT('',(-95.16219075438,31.848952605392,
    33.872282237685));
#3962 = CARTESIAN_POINT('',(-95.16219075438,31.836007788688,
    33.854614635047));
#3963 = ORIENTED_EDGE('',*,*,#3964,.T.);
#3964 = EDGE_CURVE('',#3944,#3965,#3967,.T.);
#3965 = VERTEX_POINT('',#3966);
#3966 = CARTESIAN_POINT('',(-95.16219075438,31.774564393898,
    33.250000000808));
#3967 = B_SPLINE_CURVE_WITH_KNOTS('',8,(#3968,#3969,#3970,#3971,#3972,
    #3973,#3974,#3975,#3976,#3977,#3978,#3979,#3980,#3981,#3982,#3983,
    #3984,#3985,#3986,#3987,#3988,#3989,#3990,#3991,#3992,#3993,#3994,
    #3995,#3996,#3997,#3998,#3999,#4000,#4001,#4002,#4003,#4004,#4005,
    #4006,#4007,#4008,#4009,#4010,#4011,#4012,#4013,#4014,#4015,#4016,
    #4017,#4018,#4019,#4020,#4021,#4022,#4023,#4024,#4025,#4026,#4027,
    #4028,#4029,#4030,#4031,#4032,#4033,#4034,#4035,#4036,#4037,#4038,
    #4039,#4040,#4041,#4042,#4043,#4044,#4045,#4046,#4047,#4048,#4049,
    #4050,#4051,#4052,#4053,#4054,#4055,#4056,#4057,#4058,#4059,#4060,
    #4061,#4062,#4063,#4064,#4065,#4066,#4067),.UNSPECIFIED.,.F.,.F.,(9,
    7,7,7,7,7,7,7,7,7,7,7,7,7,9),(0.,8.718112493719E-02,0.119758556647,
    0.217612625854,0.27854607449,0.405787584594,0.490397753281,
    0.523523811588,0.575571168413,0.605503489038,0.705779410677,
    0.733405030722,0.844678441897,0.894089521389,1.),.UNSPECIFIED.);
#3968 = CARTESIAN_POINT('',(-95.16219075438,31.836007788688,
    33.854614635047));
#3969 = CARTESIAN_POINT('',(-95.16219075438,31.815350415545,
    33.82642062747));
#3970 = CARTESIAN_POINT('',(-95.16219075438,31.796568333191,
    33.796848999563));
#3971 = CARTESIAN_POINT('',(-95.16219075438,31.779771433799,
    33.766048635063));
#3972 = CARTESIAN_POINT('',(-95.16219075438,31.765052362114,
    33.734175916244));
#3973 = CARTESIAN_POINT('',(-95.16219075438,31.752488486386,
    33.701393776306));
#3974 = CARTESIAN_POINT('',(-95.16219075438,31.742142532064,
    33.667871313247));
#3975 = CARTESIAN_POINT('',(-95.16219075438,31.734061878276,
    33.633783965242));
#3976 = CARTESIAN_POINT('',(-95.16219075438,31.726114670583,
    33.586433765909));
#3977 = CARTESIAN_POINT('',(-95.16219075438,31.724273254607,
    33.573499482616));
#3978 = CARTESIAN_POINT('',(-95.16219075438,31.722753834028,
    33.560520727833));
#3979 = CARTESIAN_POINT('',(-95.16219075438,31.721557646121,
    33.547506858094));
#3980 = CARTESIAN_POINT('',(-95.16219075438,31.720685600554,
    33.534467256266));
#3981 = CARTESIAN_POINT('',(-95.16219075438,31.720138279393,
    33.521411331542));
#3982 = CARTESIAN_POINT('',(-95.16219075438,31.719915937098,
    33.508348519449));
#3983 = CARTESIAN_POINT('',(-95.16219075438,31.720326574187,
    33.456058749995));
#3984 = CARTESIAN_POINT('',(-95.16219075438,31.723566133964,
    33.416847193634));
#3985 = CARTESIAN_POINT('',(-95.16219075438,31.729736364342,
    33.377916760161));
#3986 = CARTESIAN_POINT('',(-95.16219075438,31.73880686099,
    33.339522948871));
#3987 = CARTESIAN_POINT('',(-95.16219075438,31.750721834152,
    33.301914516643));
#3988 = CARTESIAN_POINT('',(-95.16219075438,31.765401544411,
    33.265333623592));
#3989 = CARTESIAN_POINT('',(-95.16219075438,31.782740970806,
    33.230015218666));
#3990 = CARTESIAN_POINT('',(-95.16219075438,31.814975428324,
    33.175120099152));
#3991 = CARTESIAN_POINT('',(-95.16219075438,31.828325590533,
    33.154629699985));
#3992 = CARTESIAN_POINT('',(-95.16219075438,31.842624663152,
    33.13476832111));
#3993 = CARTESIAN_POINT('',(-95.16219075438,31.857837829945,
    33.115587117169));
#3994 = CARTESIAN_POINT('',(-95.16219075438,31.873927198211,
    33.097134701092));
#3995 = CARTESIAN_POINT('',(-95.16219075438,31.890851870602,
    33.079457190805));
#3996 = CARTESIAN_POINT('',(-95.16219075438,31.908567883768,
    33.062598145581));
#3997 = CARTESIAN_POINT('',(-95.16219075438,31.965576543096,
    33.013187632493));
#3998 = CARTESIAN_POINT('',(-95.16219075438,32.007384025942,
    32.983511627001));
#3999 = CARTESIAN_POINT('',(-95.16219075438,32.052009498376,
    32.957960026669));
#4000 = CARTESIAN_POINT('',(-95.16219075438,32.098973355691,
    32.936835817716));
#4001 = CARTESIAN_POINT('',(-95.16219075438,32.147769115889,
    32.920376691024));
#4002 = CARTESIAN_POINT('',(-95.16219075438,32.197863849546,
    32.908753443142));
#4003 = CARTESIAN_POINT('',(-95.16219075438,32.248699868026,
    32.902071176993));
#4004 = CARTESIAN_POINT('',(-95.16219075438,32.33358988255,
    32.899195459476));
#4005 = CARTESIAN_POINT('',(-95.16219075438,32.367561855763,
    32.900237852332));
#4006 = CARTESIAN_POINT('',(-95.16219075438,32.401437805175,
    32.903475366119));
#4007 = CARTESIAN_POINT('',(-95.16219075438,32.435055010544,
    32.908897568851));
#4008 = CARTESIAN_POINT('',(-95.16219075438,32.468252104453,
    32.916480322585));
#4009 = CARTESIAN_POINT('',(-95.16219075438,32.500869195142,
    32.926185692945));
#4010 = CARTESIAN_POINT('',(-95.16219075438,32.53274832344,
    32.93796082961));
#4011 = CARTESIAN_POINT('',(-95.16219075438,32.575865676674,
    32.957128917289));
#4012 = CARTESIAN_POINT('',(-95.16219075438,32.587860731565,
    32.96282880245));
#4013 = CARTESIAN_POINT('',(-95.16219075438,32.59971033894,
    32.968831434639));
#4014 = CARTESIAN_POINT('',(-95.16219075438,32.611405589484,
    32.975132468585));
#4015 = CARTESIAN_POINT('',(-95.16219075438,32.622937744103,
    32.981727252356));
#4016 = CARTESIAN_POINT('',(-95.16219075438,32.63429823392,
    32.988610827354));
#4017 = CARTESIAN_POINT('',(-95.16219075438,32.645478660275,
    32.99577792832));
#4018 = CARTESIAN_POINT('',(-95.16219075438,32.673741534854,
    33.014920584988));
#4019 = CARTESIAN_POINT('',(-95.16219075438,32.690547685636,
    33.027304511798));
#4020 = CARTESIAN_POINT('',(-95.16219075438,32.706857152781,
    33.040353062138));
#4021 = CARTESIAN_POINT('',(-95.16219075438,32.722639331647,
    33.054042877162));
#4022 = CARTESIAN_POINT('',(-95.16219075438,32.737865041413,
    33.068349018474));
#4023 = CARTESIAN_POINT('',(-95.16219075438,32.752506504554,
    33.083244995818));
#4024 = CARTESIAN_POINT('',(-95.16219075438,32.766537371613,
    33.098702744791));
#4025 = CARTESIAN_POINT('',(-95.16219075438,32.787636467719,
    33.123888259063));
#4026 = CARTESIAN_POINT('',(-95.16219075438,32.795130032186,
    33.133260001685));
#4027 = CARTESIAN_POINT('',(-95.16219075438,32.802408779677,
    33.142802164989));
#4028 = CARTESIAN_POINT('',(-95.16219075438,32.809468195907,
    33.152508996178));
#4029 = CARTESIAN_POINT('',(-95.16219075438,32.81630395732,
    33.162374607099));
#4030 = CARTESIAN_POINT('',(-95.16219075438,32.822911931081,
    33.17239297425));
#4031 = CARTESIAN_POINT('',(-95.16219075438,32.829288175081,
    33.182557938777));
#4032 = CARTESIAN_POINT('',(-95.16219075438,32.856001036656,
    33.227386764762));
#4033 = CARTESIAN_POINT('',(-95.16219075438,32.873933363997,
    33.263490101681));
#4034 = CARTESIAN_POINT('',(-95.16219075438,32.889079573578,
    33.30093049787));
#4035 = CARTESIAN_POINT('',(-95.16219075438,32.901325860118,
    33.339455691949));
#4036 = CARTESIAN_POINT('',(-95.16219075438,32.910586233689,
    33.378805470294));
#4037 = CARTESIAN_POINT('',(-95.16219075438,32.91680098477,
    33.418712380595));
#4038 = CARTESIAN_POINT('',(-95.16219075438,32.91993834013,
    33.458901569209));
#4039 = CARTESIAN_POINT('',(-95.16219075438,32.920016106353,
    33.510161425103));
#4040 = CARTESIAN_POINT('',(-95.16219075438,32.919799412617,
    33.521233475453));
#4041 = CARTESIAN_POINT('',(-95.16219075438,32.919349219987,
    33.532300132769));
#4042 = CARTESIAN_POINT('',(-95.16219075438,32.918665689373,
    33.543355649474));
#4043 = CARTESIAN_POINT('',(-95.16219075438,32.917749150927,
    33.554394290976));
#4044 = CARTESIAN_POINT('',(-95.16219075438,32.916600104043,
    33.565410335665));
#4045 = CARTESIAN_POINT('',(-95.16219075438,32.915219217359,
    33.576398074917));
#4046 = CARTESIAN_POINT('',(-95.16219075438,32.907114792358,
    33.631472444937));
#4047 = CARTESIAN_POINT('',(-95.16219075438,32.896873086894,
    33.67505088827));
#4048 = CARTESIAN_POINT('',(-95.16219075438,32.88293619113,
    33.71770113357));
#4049 = CARTESIAN_POINT('',(-95.16219075438,32.865406879547,
    33.759058853232));
#4050 = CARTESIAN_POINT('',(-95.16219075438,32.844426381433,
    33.798777424257));
#4051 = CARTESIAN_POINT('',(-95.16219075438,32.820174093953,
    33.836528290625));
#4052 = CARTESIAN_POINT('',(-95.16219075438,32.792867531352,
    33.872001425646));
#4053 = CARTESIAN_POINT('',(-95.16219075438,32.749408279216,
    33.919524345816));
#4054 = CARTESIAN_POINT('',(-95.16219075438,32.735493071639,
    33.93363386701));
#4055 = CARTESIAN_POINT('',(-95.16219075438,32.72104886932,
    33.947214982937));
#4056 = CARTESIAN_POINT('',(-95.16219075438,32.706099165423,
    33.960244617995));
#4057 = CARTESIAN_POINT('',(-95.16219075438,32.690668566015,
    33.972701017537));
#4058 = CARTESIAN_POINT('',(-95.16219075438,32.67478277258,
    33.984563730798));
#4059 = CARTESIAN_POINT('',(-95.16219075438,32.65846859638,
    33.995813631661));
#4060 = CARTESIAN_POINT('',(-95.16219075438,32.605927011588,
    34.029195078129));
#4061 = CARTESIAN_POINT('',(-95.16219075438,32.568254208663,
    34.049064037629));
#4062 = CARTESIAN_POINT('',(-95.16219075438,32.529016633322,
    34.065859232858));
#4063 = CARTESIAN_POINT('',(-95.16219075438,32.488508356823,
    34.079440305902));
#4064 = CARTESIAN_POINT('',(-95.16219075438,32.447033745825,
    34.089701081399));
#4065 = CARTESIAN_POINT('',(-95.16219075438,32.404906558928,
    34.096567527836));
#4066 = CARTESIAN_POINT('',(-95.16219075438,32.362450393739,34.1));
#4067 = CARTESIAN_POINT('',(-95.16219075438,32.32,34.1));
#4068 = ORIENTED_EDGE('',*,*,#4069,.F.);
#4069 = EDGE_CURVE('',#4070,#3965,#4072,.T.);
#4070 = VERTEX_POINT('',#4071);
#4071 = CARTESIAN_POINT('',(-95.26,31.774564394268,33.249999999999));
#4072 = LINE('',#4073,#4074);
#4073 = CARTESIAN_POINT('',(-98.76,31.774564394268,33.25));
#4074 = VECTOR('',#4075,1.);
#4075 = DIRECTION('',(1.,0.,0.));
#4076 = ORIENTED_EDGE('',*,*,#4077,.T.);
#4077 = EDGE_CURVE('',#4070,#4078,#4080,.T.);
#4078 = VERTEX_POINT('',#4079);
#4079 = CARTESIAN_POINT('',(-95.26,32.865435605732,33.249999999999));
#4080 = CIRCLE('',#4081,0.6);
#4081 = AXIS2_PLACEMENT_3D('',#4082,#4083,#4084);
#4082 = CARTESIAN_POINT('',(-95.26,32.32,33.5));
#4083 = DIRECTION('',(1.,0.,0.));
#4084 = DIRECTION('',(-0.,0.,1.));
#4085 = ORIENTED_EDGE('',*,*,#4086,.T.);
#4086 = EDGE_CURVE('',#4078,#4087,#4089,.T.);
#4087 = VERTEX_POINT('',#4088);
#4088 = CARTESIAN_POINT('',(-95.16219075438,32.86543560575,
    33.25000000004));
#4089 = LINE('',#4090,#4091);
#4090 = CARTESIAN_POINT('',(-98.76,32.865435605732,33.25));
#4091 = VECTOR('',#4092,1.);
#4092 = DIRECTION('',(1.,0.,0.));
#4093 = ORIENTED_EDGE('',*,*,#4094,.T.);
#4094 = EDGE_CURVE('',#4087,#3936,#4095,.T.);
#4095 = B_SPLINE_CURVE_WITH_KNOTS('',8,(#4096,#4097,#4098,#4099,#4100,
    #4101,#4102,#4103,#4104,#4105,#4106,#4107,#4108,#4109,#4110,#4111,
    #4112,#4113,#4114,#4115,#4116,#4117,#4118,#4119,#4120,#4121,#4122,
    #4123,#4124,#4125,#4126,#4127,#4128,#4129,#4130,#4131,#4132,#4133,
    #4134,#4135,#4136,#4137,#4138,#4139,#4140,#4141,#4142,#4143,#4144,
    #4145,#4146,#4147,#4148,#4149,#4150,#4151,#4152,#4153,#4154,#4155,
    #4156,#4157,#4158,#4159,#4160,#4161,#4162,#4163,#4164,#4165,#4166,
    #4167,#4168,#4169,#4170,#4171,#4172,#4173,#4174,#4175,#4176,#4177,
    #4178,#4179,#4180,#4181,#4182,#4183,#4184,#4185,#4186,#4187,#4188,
    #4189,#4190,#4191,#4192,#4193,#4194,#4195),.UNSPECIFIED.,.F.,.F.,(9,
    7,7,7,7,7,7,7,7,7,7,7,7,7,9),(0.,8.718112493719E-02,0.119758556647,
    0.217612625854,0.27854607449,0.405787584594,0.490397753281,
    0.523523811588,0.575571168413,0.605503489038,0.705779410677,
    0.733405030722,0.844678441897,0.894089521389,1.),.UNSPECIFIED.);
#4096 = CARTESIAN_POINT('',(-95.16219075438,31.836007788688,
    33.854614635047));
#4097 = CARTESIAN_POINT('',(-95.16219075438,31.815350415545,
    33.82642062747));
#4098 = CARTESIAN_POINT('',(-95.16219075438,31.796568333191,
    33.796848999563));
#4099 = CARTESIAN_POINT('',(-95.16219075438,31.779771433799,
    33.766048635063));
#4100 = CARTESIAN_POINT('',(-95.16219075438,31.765052362114,
    33.734175916244));
#4101 = CARTESIAN_POINT('',(-95.16219075438,31.752488486386,
    33.701393776306));
#4102 = CARTESIAN_POINT('',(-95.16219075438,31.742142532064,
    33.667871313247));
#4103 = CARTESIAN_POINT('',(-95.16219075438,31.734061878276,
    33.633783965242));
#4104 = CARTESIAN_POINT('',(-95.16219075438,31.726114670583,
    33.586433765909));
#4105 = CARTESIAN_POINT('',(-95.16219075438,31.724273254607,
    33.573499482616));
#4106 = CARTESIAN_POINT('',(-95.16219075438,31.722753834028,
    33.560520727833));
#4107 = CARTESIAN_POINT('',(-95.16219075438,31.721557646121,
    33.547506858094));
#4108 = CARTESIAN_POINT('',(-95.16219075438,31.720685600554,
    33.534467256266));
#4109 = CARTESIAN_POINT('',(-95.16219075438,31.720138279393,
    33.521411331542));
#4110 = CARTESIAN_POINT('',(-95.16219075438,31.719915937098,
    33.508348519449));
#4111 = CARTESIAN_POINT('',(-95.16219075438,31.720326574187,
    33.456058749995));
#4112 = CARTESIAN_POINT('',(-95.16219075438,31.723566133964,
    33.416847193634));
#4113 = CARTESIAN_POINT('',(-95.16219075438,31.729736364342,
    33.377916760161));
#4114 = CARTESIAN_POINT('',(-95.16219075438,31.73880686099,
    33.339522948871));
#4115 = CARTESIAN_POINT('',(-95.16219075438,31.750721834152,
    33.301914516643));
#4116 = CARTESIAN_POINT('',(-95.16219075438,31.765401544411,
    33.265333623592));
#4117 = CARTESIAN_POINT('',(-95.16219075438,31.782740970806,
    33.230015218666));
#4118 = CARTESIAN_POINT('',(-95.16219075438,31.814975428324,
    33.175120099152));
#4119 = CARTESIAN_POINT('',(-95.16219075438,31.828325590533,
    33.154629699985));
#4120 = CARTESIAN_POINT('',(-95.16219075438,31.842624663152,
    33.13476832111));
#4121 = CARTESIAN_POINT('',(-95.16219075438,31.857837829945,
    33.115587117169));
#4122 = CARTESIAN_POINT('',(-95.16219075438,31.873927198211,
    33.097134701092));
#4123 = CARTESIAN_POINT('',(-95.16219075438,31.890851870602,
    33.079457190805));
#4124 = CARTESIAN_POINT('',(-95.16219075438,31.908567883768,
    33.062598145581));
#4125 = CARTESIAN_POINT('',(-95.16219075438,31.965576543096,
    33.013187632493));
#4126 = CARTESIAN_POINT('',(-95.16219075438,32.007384025942,
    32.983511627001));
#4127 = CARTESIAN_POINT('',(-95.16219075438,32.052009498376,
    32.957960026669));
#4128 = CARTESIAN_POINT('',(-95.16219075438,32.098973355691,
    32.936835817716));
#4129 = CARTESIAN_POINT('',(-95.16219075438,32.147769115889,
    32.920376691024));
#4130 = CARTESIAN_POINT('',(-95.16219075438,32.197863849546,
    32.908753443142));
#4131 = CARTESIAN_POINT('',(-95.16219075438,32.248699868026,
    32.902071176993));
#4132 = CARTESIAN_POINT('',(-95.16219075438,32.33358988255,
    32.899195459476));
#4133 = CARTESIAN_POINT('',(-95.16219075438,32.367561855763,
    32.900237852332));
#4134 = CARTESIAN_POINT('',(-95.16219075438,32.401437805175,
    32.903475366119));
#4135 = CARTESIAN_POINT('',(-95.16219075438,32.435055010544,
    32.908897568851));
#4136 = CARTESIAN_POINT('',(-95.16219075438,32.468252104453,
    32.916480322585));
#4137 = CARTESIAN_POINT('',(-95.16219075438,32.500869195142,
    32.926185692945));
#4138 = CARTESIAN_POINT('',(-95.16219075438,32.53274832344,
    32.93796082961));
#4139 = CARTESIAN_POINT('',(-95.16219075438,32.575865676674,
    32.957128917289));
#4140 = CARTESIAN_POINT('',(-95.16219075438,32.587860731565,
    32.96282880245));
#4141 = CARTESIAN_POINT('',(-95.16219075438,32.59971033894,
    32.968831434639));
#4142 = CARTESIAN_POINT('',(-95.16219075438,32.611405589484,
    32.975132468585));
#4143 = CARTESIAN_POINT('',(-95.16219075438,32.622937744103,
    32.981727252356));
#4144 = CARTESIAN_POINT('',(-95.16219075438,32.63429823392,
    32.988610827354));
#4145 = CARTESIAN_POINT('',(-95.16219075438,32.645478660275,
    32.99577792832));
#4146 = CARTESIAN_POINT('',(-95.16219075438,32.673741534854,
    33.014920584988));
#4147 = CARTESIAN_POINT('',(-95.16219075438,32.690547685636,
    33.027304511798));
#4148 = CARTESIAN_POINT('',(-95.16219075438,32.706857152781,
    33.040353062138));
#4149 = CARTESIAN_POINT('',(-95.16219075438,32.722639331647,
    33.054042877162));
#4150 = CARTESIAN_POINT('',(-95.16219075438,32.737865041413,
    33.068349018474));
#4151 = CARTESIAN_POINT('',(-95.16219075438,32.752506504554,
    33.083244995818));
#4152 = CARTESIAN_POINT('',(-95.16219075438,32.766537371613,
    33.098702744791));
#4153 = CARTESIAN_POINT('',(-95.16219075438,32.787636467719,
    33.123888259063));
#4154 = CARTESIAN_POINT('',(-95.16219075438,32.795130032186,
    33.133260001685));
#4155 = CARTESIAN_POINT('',(-95.16219075438,32.802408779677,
    33.142802164989));
#4156 = CARTESIAN_POINT('',(-95.16219075438,32.809468195907,
    33.152508996178));
#4157 = CARTESIAN_POINT('',(-95.16219075438,32.81630395732,
    33.162374607099));
#4158 = CARTESIAN_POINT('',(-95.16219075438,32.822911931081,
    33.17239297425));
#4159 = CARTESIAN_POINT('',(-95.16219075438,32.829288175081,
    33.182557938777));
#4160 = CARTESIAN_POINT('',(-95.16219075438,32.856001036656,
    33.227386764762));
#4161 = CARTESIAN_POINT('',(-95.16219075438,32.873933363997,
    33.263490101681));
#4162 = CARTESIAN_POINT('',(-95.16219075438,32.889079573578,
    33.30093049787));
#4163 = CARTESIAN_POINT('',(-95.16219075438,32.901325860118,
    33.339455691949));
#4164 = CARTESIAN_POINT('',(-95.16219075438,32.910586233689,
    33.378805470294));
#4165 = CARTESIAN_POINT('',(-95.16219075438,32.91680098477,
    33.418712380595));
#4166 = CARTESIAN_POINT('',(-95.16219075438,32.91993834013,
    33.458901569209));
#4167 = CARTESIAN_POINT('',(-95.16219075438,32.920016106353,
    33.510161425103));
#4168 = CARTESIAN_POINT('',(-95.16219075438,32.919799412617,
    33.521233475453));
#4169 = CARTESIAN_POINT('',(-95.16219075438,32.919349219987,
    33.532300132769));
#4170 = CARTESIAN_POINT('',(-95.16219075438,32.918665689373,
    33.543355649474));
#4171 = CARTESIAN_POINT('',(-95.16219075438,32.917749150927,
    33.554394290976));
#4172 = CARTESIAN_POINT('',(-95.16219075438,32.916600104043,
    33.565410335665));
#4173 = CARTESIAN_POINT('',(-95.16219075438,32.915219217359,
    33.576398074917));
#4174 = CARTESIAN_POINT('',(-95.16219075438,32.907114792358,
    33.631472444937));
#4175 = CARTESIAN_POINT('',(-95.16219075438,32.896873086894,
    33.67505088827));
#4176 = CARTESIAN_POINT('',(-95.16219075438,32.88293619113,
    33.71770113357));
#4177 = CARTESIAN_POINT('',(-95.16219075438,32.865406879547,
    33.759058853232));
#4178 = CARTESIAN_POINT('',(-95.16219075438,32.844426381433,
    33.798777424257));
#4179 = CARTESIAN_POINT('',(-95.16219075438,32.820174093953,
    33.836528290625));
#4180 = CARTESIAN_POINT('',(-95.16219075438,32.792867531352,
    33.872001425646));
#4181 = CARTESIAN_POINT('',(-95.16219075438,32.749408279216,
    33.919524345816));
#4182 = CARTESIAN_POINT('',(-95.16219075438,32.735493071639,
    33.93363386701));
#4183 = CARTESIAN_POINT('',(-95.16219075438,32.72104886932,
    33.947214982937));
#4184 = CARTESIAN_POINT('',(-95.16219075438,32.706099165423,
    33.960244617995));
#4185 = CARTESIAN_POINT('',(-95.16219075438,32.690668566015,
    33.972701017537));
#4186 = CARTESIAN_POINT('',(-95.16219075438,32.67478277258,
    33.984563730798));
#4187 = CARTESIAN_POINT('',(-95.16219075438,32.65846859638,
    33.995813631661));
#4188 = CARTESIAN_POINT('',(-95.16219075438,32.605927011588,
    34.029195078129));
#4189 = CARTESIAN_POINT('',(-95.16219075438,32.568254208663,
    34.049064037629));
#4190 = CARTESIAN_POINT('',(-95.16219075438,32.529016633322,
    34.065859232858));
#4191 = CARTESIAN_POINT('',(-95.16219075438,32.488508356823,
    34.079440305902));
#4192 = CARTESIAN_POINT('',(-95.16219075438,32.447033745825,
    34.089701081399));
#4193 = CARTESIAN_POINT('',(-95.16219075438,32.404906558928,
    34.096567527836));
#4194 = CARTESIAN_POINT('',(-95.16219075438,32.362450393739,34.1));
#4195 = CARTESIAN_POINT('',(-95.16219075438,32.32,34.1));
#4196 = ORIENTED_EDGE('',*,*,#3935,.T.);
#4197 = ORIENTED_EDGE('',*,*,#2929,.F.);
#4198 = ORIENTED_EDGE('',*,*,#2880,.F.);
#4199 = ORIENTED_EDGE('',*,*,#4200,.T.);
#4200 = EDGE_CURVE('',#2811,#3920,#4201,.T.);
#4201 = LINE('',#4202,#4203);
#4202 = CARTESIAN_POINT('',(-98.76,32.865435605732,33.25));
#4203 = VECTOR('',#4204,1.);
#4204 = DIRECTION('',(1.,0.,0.));
#4205 = CYLINDRICAL_SURFACE('',#4206,0.6);
#4206 = AXIS2_PLACEMENT_3D('',#4207,#4208,#4209);
#4207 = CARTESIAN_POINT('',(-98.76,32.32,33.5));
#4208 = DIRECTION('',(1.,0.,0.));
#4209 = DIRECTION('',(-0.,0.,1.));
#4210 = ADVANCED_FACE('',(#4211),#4224,.T.);
#4211 = FACE_BOUND('',#4212,.T.);
#4212 = EDGE_LOOP('',(#4213,#4214,#4215,#4222,#4223));
#4213 = ORIENTED_EDGE('',*,*,#2810,.T.);
#4214 = ORIENTED_EDGE('',*,*,#4200,.T.);
#4215 = ORIENTED_EDGE('',*,*,#4216,.F.);
#4216 = EDGE_CURVE('',#3918,#3920,#4217,.T.);
#4217 = CIRCLE('',#4218,0.6);
#4218 = AXIS2_PLACEMENT_3D('',#4219,#4220,#4221);
#4219 = CARTESIAN_POINT('',(-90.76,32.32,33.));
#4220 = DIRECTION('',(1.,0.,0.));
#4221 = DIRECTION('',(-0.,0.,1.));
#4222 = ORIENTED_EDGE('',*,*,#3928,.F.);
#4223 = ORIENTED_EDGE('',*,*,#2789,.T.);
#4224 = CYLINDRICAL_SURFACE('',#4225,0.6);
#4225 = AXIS2_PLACEMENT_3D('',#4226,#4227,#4228);
#4226 = CARTESIAN_POINT('',(-98.76,32.32,33.));
#4227 = DIRECTION('',(1.,0.,0.));
#4228 = DIRECTION('',(-0.,0.,1.));
#4229 = ADVANCED_FACE('',(#4230),#4240,.F.);
#4230 = FACE_BOUND('',#4231,.F.);
#4231 = EDGE_LOOP('',(#4232,#4237,#4238,#4239));
#4232 = ORIENTED_EDGE('',*,*,#4233,.T.);
#4233 = EDGE_CURVE('',#3009,#3244,#4234,.T.);
#4234 = B_SPLINE_CURVE_WITH_KNOTS('',1,(#4235,#4236),.UNSPECIFIED.,.F.,
  .F.,(2,2),(0.,1.),.PIECEWISE_BEZIER_KNOTS.);
#4235 = CARTESIAN_POINT('',(-33.07887262471,94.641652449756,
    46.019311988262));
#4236 = CARTESIAN_POINT('',(-16.18783884264,94.641652449756,
    45.996850527029));
#4237 = ORIENTED_EDGE('',*,*,#3268,.T.);
#4238 = ORIENTED_EDGE('',*,*,#2977,.T.);
#4239 = ORIENTED_EDGE('',*,*,#3015,.F.);
#4240 = B_SPLINE_SURFACE_WITH_KNOTS('',1,1,(
    (#4241,#4242)
    ,(#4243,#4244
    )),.UNSPECIFIED.,.F.,.F.,.F.,(2,2),(2,2),(-2.273736754432E-13,665.),
  (-291.6254037285,-168.6938880898),.PIECEWISE_BEZIER_KNOTS.);
#4241 = CARTESIAN_POINT('',(-16.18501641714,92.519188468377,
    45.996850527029));
#4242 = CARTESIAN_POINT('',(-16.18916862988,95.641652449756,
    45.996850527029));
#4243 = CARTESIAN_POINT('',(-33.07602033027,92.496727027003,
    46.019311988262));
#4244 = CARTESIAN_POINT('',(-33.08017254301,95.619191008382,
    46.019311988262));
#4245 = ADVANCED_FACE('',(#4246),#4256,.F.);
#4246 = FACE_BOUND('',#4247,.F.);
#4247 = EDGE_LOOP('',(#4248,#4249,#4254,#4255));
#4248 = ORIENTED_EDGE('',*,*,#3252,.F.);
#4249 = ORIENTED_EDGE('',*,*,#4250,.T.);
#4250 = EDGE_CURVE('',#3246,#3002,#4251,.T.);
#4251 = B_SPLINE_CURVE_WITH_KNOTS('',1,(#4252,#4253),.UNSPECIFIED.,.F.,
  .F.,(2,2),(0.,1.),.PIECEWISE_BEZIER_KNOTS.);
#4252 = CARTESIAN_POINT('',(-16.184292293,94.641652449756,
    48.663853502964));
#4253 = CARTESIAN_POINT('',(-33.07532607507,94.641652449756,
    48.686314964198));
#4254 = ORIENTED_EDGE('',*,*,#2999,.F.);
#4255 = ORIENTED_EDGE('',*,*,#3284,.T.);
#4256 = B_SPLINE_SURFACE_WITH_KNOTS('',1,1,(
    (#4257,#4258)
    ,(#4259,#4260
    )),.UNSPECIFIED.,.F.,.F.,.F.,(2,2),(2,2),(-6.009001918917E-14,665.),
  (-866.1417,-168.6940737647),.PIECEWISE_BEZIER_KNOTS.);
#4257 = CARTESIAN_POINT('',(-33.05306856056,77.904001534776,
    48.686314964198));
#4258 = CARTESIAN_POINT('',(-33.07662599337,95.619191008382,
    48.686314964198));
#4259 = CARTESIAN_POINT('',(-16.16206464743,77.92646297615,
    48.663853502964));
#4260 = CARTESIAN_POINT('',(-16.18562208024,95.641652449756,
    48.663853502964));
#4261 = ADVANCED_FACE('',(#4262),#4268,.F.);
#4262 = FACE_BOUND('',#4263,.F.);
#4263 = EDGE_LOOP('',(#4264,#4265,#4266,#4267));
#4264 = ORIENTED_EDGE('',*,*,#4250,.F.);
#4265 = ORIENTED_EDGE('',*,*,#3243,.F.);
#4266 = ORIENTED_EDGE('',*,*,#4233,.F.);
#4267 = ORIENTED_EDGE('',*,*,#3008,.F.);
#4268 = PLANE('',#4269);
#4269 = AXIS2_PLACEMENT_3D('',#4270,#4271,#4272);
#4270 = CARTESIAN_POINT('',(-98.26219329438,94.641652449756,
    32.000066040132));
#4271 = DIRECTION('',(-0.,1.,0.));
#4272 = DIRECTION('',(0.,0.,1.));
#4273 = ADVANCED_FACE('',(#4274,#4277),#4291,.F.);
#4274 = FACE_BOUND('',#4275,.F.);
#4275 = EDGE_LOOP('',(#4276));
#4276 = ORIENTED_EDGE('',*,*,#3067,.T.);
#4277 = FACE_BOUND('',#4278,.F.);
#4278 = EDGE_LOOP('',(#4279));
#4279 = ORIENTED_EDGE('',*,*,#4280,.F.);
#4280 = EDGE_CURVE('',#4281,#4281,#4283,.T.);
#4281 = VERTEX_POINT('',#4282);
#4282 = CARTESIAN_POINT('',(-35.95307213614,78.867157734315,
    47.000093980188));
#4283 = ( BOUNDED_CURVE() B_SPLINE_CURVE(2,(#4284,#4285,#4286,#4287,
#4288,#4289,#4290),.UNSPECIFIED.,.T.,.F.) B_SPLINE_CURVE_WITH_KNOTS((1,2
    ,2,2,2,1),(-2.094395102394,0.,2.094395102393,4.188790204786,
6.28318530718,8.377580409573),.UNSPECIFIED.) CURVE() 
GEOMETRIC_REPRESENTATION_ITEM() RATIONAL_B_SPLINE_CURVE((1.,0.5,1.,0.5,
1.,0.5,1.)) REPRESENTATION_ITEM('') );
#4284 = CARTESIAN_POINT('',(-35.95307213614,78.867157734315,
    47.000093980188));
#4285 = CARTESIAN_POINT('',(-35.95307213614,80.166198039701,
    47.000093980188));
#4286 = CARTESIAN_POINT('',(-37.07807404114,79.516677887008,
    47.000093980188));
#4287 = CARTESIAN_POINT('',(-38.20307594615,78.867157734315,
    47.000093980188));
#4288 = CARTESIAN_POINT('',(-37.07807404114,78.217637581623,
    47.000093980188));
#4289 = CARTESIAN_POINT('',(-35.95307213614,77.56811742893,
    47.000093980188));
#4290 = CARTESIAN_POINT('',(-35.95307213614,78.867157734315,
    47.000093980188));
#4291 = B_SPLINE_SURFACE_WITH_KNOTS('',1,1,(
    (#4292,#4293)
    ,(#4294,#4295
    )),.UNSPECIFIED.,.F.,.F.,.F.,(2,2),(2,2),(-79.52755,79.52755),(
    -79.52755,79.52755),.PIECEWISE_BEZIER_KNOTS.);
#4292 = CARTESIAN_POINT('',(-38.72307721615,76.847153924308,
    47.000093980188));
#4293 = CARTESIAN_POINT('',(-38.72307721615,80.887161544323,
    47.000093980188));
#4294 = CARTESIAN_POINT('',(-34.68306959613,76.847153924308,
    47.000093980188));
#4295 = CARTESIAN_POINT('',(-34.68306959613,80.887161544323,
    47.000093980188));
#4296 = ADVANCED_FACE('',(#4297,#4300),#4314,.F.);
#4297 = FACE_BOUND('',#4298,.F.);
#4298 = EDGE_LOOP('',(#4299));
#4299 = ORIENTED_EDGE('',*,*,#3192,.T.);
#4300 = FACE_BOUND('',#4301,.F.);
#4301 = EDGE_LOOP('',(#4302));
#4302 = ORIENTED_EDGE('',*,*,#4303,.F.);
#4303 = EDGE_CURVE('',#4304,#4304,#4306,.T.);
#4304 = VERTEX_POINT('',#4305);
#4305 = CARTESIAN_POINT('',(-12.83902590805,78.867157734315,
    46.800091440183));
#4306 = ( BOUNDED_CURVE() B_SPLINE_CURVE(2,(#4307,#4308,#4309,#4310,
#4311,#4312,#4313),.UNSPECIFIED.,.T.,.F.) B_SPLINE_CURVE_WITH_KNOTS((1,2
    ,2,2,2,1),(-2.094395102394,0.,2.094395102393,4.188790204786,
6.28318530718,8.377580409573),.UNSPECIFIED.) CURVE() 
GEOMETRIC_REPRESENTATION_ITEM() RATIONAL_B_SPLINE_CURVE((1.,0.5,1.,0.5,
1.,0.5,1.)) REPRESENTATION_ITEM('') );
#4307 = CARTESIAN_POINT('',(-12.83902590805,78.867157734315,
    46.800091440183));
#4308 = CARTESIAN_POINT('',(-12.83902590805,80.166198039701,
    46.800091440183));
#4309 = CARTESIAN_POINT('',(-13.96402781305,79.516677887008,
    46.800091440183));
#4310 = CARTESIAN_POINT('',(-15.08902971805,78.867157734315,
    46.800091440183));
#4311 = CARTESIAN_POINT('',(-13.96402781305,78.217637581623,
    46.800091440183));
#4312 = CARTESIAN_POINT('',(-12.83902590805,77.56811742893,
    46.800091440183));
#4313 = CARTESIAN_POINT('',(-12.83902590805,78.867157734315,
    46.800091440183));
#4314 = B_SPLINE_SURFACE_WITH_KNOTS('',1,1,(
    (#4315,#4316)
    ,(#4317,#4318
    )),.UNSPECIFIED.,.F.,.F.,.F.,(2,2),(2,2),(-79.52755,79.52755),(
    -79.52755,79.52755),.PIECEWISE_BEZIER_KNOTS.);
#4315 = CARTESIAN_POINT('',(-15.60903098806,76.847153924308,
    46.800091440183));
#4316 = CARTESIAN_POINT('',(-15.60903098806,80.887161544323,
    46.800091440183));
#4317 = CARTESIAN_POINT('',(-11.56902336804,76.847153924308,
    46.800091440183));
#4318 = CARTESIAN_POINT('',(-11.56902336804,80.887161544323,
    46.800091440183));
#4319 = ADVANCED_FACE('',(#4320,#4323),#4337,.F.);
#4320 = FACE_BOUND('',#4321,.F.);
#4321 = EDGE_LOOP('',(#4322));
#4322 = ORIENTED_EDGE('',*,*,#3305,.T.);
#4323 = FACE_BOUND('',#4324,.F.);
#4324 = EDGE_LOOP('',(#4325));
#4325 = ORIENTED_EDGE('',*,*,#4326,.F.);
#4326 = EDGE_CURVE('',#4327,#4327,#4329,.T.);
#4327 = VERTEX_POINT('',#4328);
#4328 = CARTESIAN_POINT('',(-12.83902590805,54.737109474219,
    47.000093980188));
#4329 = ( BOUNDED_CURVE() B_SPLINE_CURVE(2,(#4330,#4331,#4332,#4333,
#4334,#4335,#4336),.UNSPECIFIED.,.T.,.F.) B_SPLINE_CURVE_WITH_KNOTS((1,2
    ,2,2,2,1),(-2.094395102394,0.,2.094395102393,4.188790204786,
6.28318530718,8.377580409573),.UNSPECIFIED.) CURVE() 
GEOMETRIC_REPRESENTATION_ITEM() RATIONAL_B_SPLINE_CURVE((1.,0.5,1.,0.5,
1.,0.5,1.)) REPRESENTATION_ITEM('') );
#4330 = CARTESIAN_POINT('',(-12.83902590805,54.737109474219,
    47.000093980188));
#4331 = CARTESIAN_POINT('',(-12.83902590805,56.036149779605,
    47.000093980188));
#4332 = CARTESIAN_POINT('',(-13.96402781305,55.386629626912,
    47.000093980188));
#4333 = CARTESIAN_POINT('',(-15.08902971805,54.737109474219,
    47.000093980188));
#4334 = CARTESIAN_POINT('',(-13.96402781305,54.087589321526,
    47.000093980188));
#4335 = CARTESIAN_POINT('',(-12.83902590805,53.438069168833,
    47.000093980188));
#4336 = CARTESIAN_POINT('',(-12.83902590805,54.737109474219,
    47.000093980188));
#4337 = B_SPLINE_SURFACE_WITH_KNOTS('',1,1,(
    (#4338,#4339)
    ,(#4340,#4341
    )),.UNSPECIFIED.,.F.,.F.,.F.,(2,2),(2,2),(-79.52755,79.52755),(
    -79.52755,79.52755),.PIECEWISE_BEZIER_KNOTS.);
#4338 = CARTESIAN_POINT('',(-15.60903098806,52.717105664211,
    47.000093980188));
#4339 = CARTESIAN_POINT('',(-15.60903098806,56.757113284227,
    47.000093980188));
#4340 = CARTESIAN_POINT('',(-11.56902336804,52.717105664211,
    47.000093980188));
#4341 = CARTESIAN_POINT('',(-11.56902336804,56.757113284227,
    47.000093980188));
#4342 = ADVANCED_FACE('',(#4343,#4346),#4360,.F.);
#4343 = FACE_BOUND('',#4344,.F.);
#4344 = EDGE_LOOP('',(#4345));
#4345 = ORIENTED_EDGE('',*,*,#3342,.T.);
#4346 = FACE_BOUND('',#4347,.F.);
#4347 = EDGE_LOOP('',(#4348));
#4348 = ORIENTED_EDGE('',*,*,#4349,.F.);
#4349 = EDGE_CURVE('',#4350,#4350,#4352,.T.);
#4350 = VERTEX_POINT('',#4351);
#4351 = CARTESIAN_POINT('',(-35.95307213614,54.737109474219,
    47.000093980188));
#4352 = ( BOUNDED_CURVE() B_SPLINE_CURVE(2,(#4353,#4354,#4355,#4356,
#4357,#4358,#4359),.UNSPECIFIED.,.T.,.F.) B_SPLINE_CURVE_WITH_KNOTS((1,2
    ,2,2,2,1),(-2.094395102394,0.,2.094395102393,4.188790204786,
6.28318530718,8.377580409573),.UNSPECIFIED.) CURVE() 
GEOMETRIC_REPRESENTATION_ITEM() RATIONAL_B_SPLINE_CURVE((1.,0.5,1.,0.5,
1.,0.5,1.)) REPRESENTATION_ITEM('') );
#4353 = CARTESIAN_POINT('',(-35.95307213614,54.737109474219,
    47.000093980188));
#4354 = CARTESIAN_POINT('',(-35.95307213614,56.036149779605,
    47.000093980188));
#4355 = CARTESIAN_POINT('',(-37.07807404114,55.386629626912,
    47.000093980188));
#4356 = CARTESIAN_POINT('',(-38.20307594615,54.737109474219,
    47.000093980188));
#4357 = CARTESIAN_POINT('',(-37.07807404114,54.087589321526,
    47.000093980188));
#4358 = CARTESIAN_POINT('',(-35.95307213614,53.438069168833,
    47.000093980188));
#4359 = CARTESIAN_POINT('',(-35.95307213614,54.737109474219,
    47.000093980188));
#4360 = B_SPLINE_SURFACE_WITH_KNOTS('',1,1,(
    (#4361,#4362)
    ,(#4363,#4364
    )),.UNSPECIFIED.,.F.,.F.,.F.,(2,2),(2,2),(-79.52755,79.52755),(
    -79.52755,79.52755),.PIECEWISE_BEZIER_KNOTS.);
#4361 = CARTESIAN_POINT('',(-38.72307721615,52.717105664211,
    47.000093980188));
#4362 = CARTESIAN_POINT('',(-38.72307721615,56.757113284227,
    47.000093980188));
#4363 = CARTESIAN_POINT('',(-34.68306959613,52.717105664211,
    47.000093980188));
#4364 = CARTESIAN_POINT('',(-34.68306959613,56.757113284227,
    47.000093980188));
#4365 = ADVANCED_FACE('',(#4366,#4372),#4402,.T.);
#4366 = FACE_BOUND('',#4367,.T.);
#4367 = EDGE_LOOP('',(#4368,#4369,#4370,#4371));
#4368 = ORIENTED_EDGE('',*,*,#3546,.F.);
#4369 = ORIENTED_EDGE('',*,*,#3522,.F.);
#4370 = ORIENTED_EDGE('',*,*,#3507,.T.);
#4371 = ORIENTED_EDGE('',*,*,#3476,.T.);
#4372 = FACE_BOUND('',#4373,.T.);
#4373 = EDGE_LOOP('',(#4374,#4383,#4390,#4397));
#4374 = ORIENTED_EDGE('',*,*,#4375,.F.);
#4375 = EDGE_CURVE('',#4376,#4378,#4380,.T.);
#4376 = VERTEX_POINT('',#4377);
#4377 = CARTESIAN_POINT('',(-95.16219075438,-29.37605918211,
    35.000071120142));
#4378 = VERTEX_POINT('',#4379);
#4379 = CARTESIAN_POINT('',(-95.16219075438,94.019188468377,
    35.000071120142));
#4380 = B_SPLINE_CURVE_WITH_KNOTS('',1,(#4381,#4382),.UNSPECIFIED.,.F.,
  .F.,(2,2),(0.,1.),.PIECEWISE_BEZIER_KNOTS.);
#4381 = CARTESIAN_POINT('',(-95.16219075438,-29.37605918211,
    35.000071120142));
#4382 = CARTESIAN_POINT('',(-95.16219075438,94.019188468377,
    35.000071120142));
#4383 = ORIENTED_EDGE('',*,*,#4384,.T.);
#4384 = EDGE_CURVE('',#4376,#4385,#4387,.T.);
#4385 = VERTEX_POINT('',#4386);
#4386 = CARTESIAN_POINT('',(1.817004064008,-29.37605918211,
    35.000071120142));
#4387 = B_SPLINE_CURVE_WITH_KNOTS('',1,(#4388,#4389),.UNSPECIFIED.,.F.,
  .F.,(2,2),(0.,1.),.PIECEWISE_BEZIER_KNOTS.);
#4388 = CARTESIAN_POINT('',(-95.16219075438,-29.37605918211,
    35.000071120142));
#4389 = CARTESIAN_POINT('',(1.817004064008,-29.37605918211,
    35.000071120142));
#4390 = ORIENTED_EDGE('',*,*,#4391,.T.);
#4391 = EDGE_CURVE('',#4385,#4392,#4394,.T.);
#4392 = VERTEX_POINT('',#4393);
#4393 = CARTESIAN_POINT('',(1.817004064008,94.019188468377,
    35.000071120142));
#4394 = B_SPLINE_CURVE_WITH_KNOTS('',1,(#4395,#4396),.UNSPECIFIED.,.F.,
  .F.,(2,2),(0.,1.),.PIECEWISE_BEZIER_KNOTS.);
#4395 = CARTESIAN_POINT('',(1.817004064008,-29.37605918211,
    35.000071120142));
#4396 = CARTESIAN_POINT('',(1.817004064008,94.019188468377,
    35.000071120142));
#4397 = ORIENTED_EDGE('',*,*,#4398,.F.);
#4398 = EDGE_CURVE('',#4378,#4392,#4399,.T.);
#4399 = B_SPLINE_CURVE_WITH_KNOTS('',1,(#4400,#4401),.UNSPECIFIED.,.F.,
  .F.,(2,2),(0.,1.),.PIECEWISE_BEZIER_KNOTS.);
#4400 = CARTESIAN_POINT('',(-95.16219075438,94.019188468377,
    35.000071120142));
#4401 = CARTESIAN_POINT('',(1.817004064008,94.019188468377,
    35.000071120142));
#4402 = B_SPLINE_SURFACE_WITH_KNOTS('',1,1,(
    (#4403,#4404)
    ,(#4405,#4406
    )),.UNSPECIFIED.,.F.,.F.,.F.,(2,2),(2,2),(-1.97202755E+03,
    1.97202755E+03),(-2.49202755E+03,2.49202755E+03),
  .PIECEWISE_BEZIER_KNOTS.);
#4403 = CARTESIAN_POINT('',(3.417006604013,-30.97606172212,
    35.000071120142));
#4404 = CARTESIAN_POINT('',(3.417006604013,95.619191008382,
    35.000071120142));
#4405 = CARTESIAN_POINT('',(-96.76219329438,-30.97606172212,
    35.000071120142));
#4406 = CARTESIAN_POINT('',(-96.76219329438,95.619191008382,
    35.000071120142));
#4407 = ADVANCED_FACE('',(#4408,#4422),#4516,.T.);
#4408 = FACE_BOUND('',#4409,.T.);
#4409 = EDGE_LOOP('',(#4410,#4411,#4416,#4417));
#4410 = ORIENTED_EDGE('',*,*,#3559,.F.);
#4411 = ORIENTED_EDGE('',*,*,#4412,.T.);
#4412 = EDGE_CURVE('',#3560,#4376,#4413,.T.);
#4413 = B_SPLINE_CURVE_WITH_KNOTS('',1,(#4414,#4415),.UNSPECIFIED.,.F.,
  .F.,(2,2),(0.,118.1102),.PIECEWISE_BEZIER_KNOTS.);
#4414 = CARTESIAN_POINT('',(-95.16219075438,-29.37605918211,
    32.000066040132));
#4415 = CARTESIAN_POINT('',(-95.16219075438,-29.37605918211,
    35.000071120142));
#4416 = ORIENTED_EDGE('',*,*,#4375,.T.);
#4417 = ORIENTED_EDGE('',*,*,#4418,.F.);
#4418 = EDGE_CURVE('',#3562,#4378,#4419,.T.);
#4419 = B_SPLINE_CURVE_WITH_KNOTS('',1,(#4420,#4421),.UNSPECIFIED.,.F.,
  .F.,(2,2),(0.,118.1102),.PIECEWISE_BEZIER_KNOTS.);
#4420 = CARTESIAN_POINT('',(-95.16219075438,94.019188468377,
    32.000066040132));
#4421 = CARTESIAN_POINT('',(-95.16219075438,94.019188468377,
    35.000071120142));
#4422 = FACE_BOUND('',#4423,.T.);
#4423 = EDGE_LOOP('',(#4424,#4425,#4514,#4515));
#4424 = ORIENTED_EDGE('',*,*,#3964,.T.);
#4425 = ORIENTED_EDGE('',*,*,#4426,.T.);
#4426 = EDGE_CURVE('',#3965,#4087,#4427,.T.);
#4427 = B_SPLINE_CURVE_WITH_KNOTS('',8,(#4428,#4429,#4430,#4431,#4432,
    #4433,#4434,#4435,#4436,#4437,#4438,#4439,#4440,#4441,#4442,#4443,
    #4444,#4445,#4446,#4447,#4448,#4449,#4450,#4451,#4452,#4453,#4454,
    #4455,#4456,#4457,#4458,#4459,#4460,#4461,#4462,#4463,#4464,#4465,
    #4466,#4467,#4468,#4469,#4470,#4471,#4472,#4473,#4474,#4475,#4476,
    #4477,#4478,#4479,#4480,#4481,#4482,#4483,#4484,#4485,#4486,#4487,
    #4488,#4489,#4490,#4491,#4492,#4493,#4494,#4495,#4496,#4497,#4498,
    #4499,#4500,#4501,#4502,#4503,#4504,#4505,#4506,#4507,#4508,#4509,
    #4510,#4511,#4512,#4513),.UNSPECIFIED.,.F.,.F.,(9,7,7,7,7,7,7,7,7,7,
    7,7,9),(0.,7.003292763728E-02,0.126893957254,0.165670238179,
    0.261711971113,0.348546048049,0.402632506651,0.520063237629,
    0.64005072975,0.726752800888,0.835439189292,0.897720026457,1.),
  .UNSPECIFIED.);
#4428 = CARTESIAN_POINT('',(-95.16219075438,32.32,33.6));
#4429 = CARTESIAN_POINT('',(-95.16219075438,32.288277322969,33.6));
#4430 = CARTESIAN_POINT('',(-95.16219075438,32.256559943985,
    33.59808318305));
#4431 = CARTESIAN_POINT('',(-95.16219075438,32.224982555903,
    33.594250678683));
#4432 = CARTESIAN_POINT('',(-95.16219075438,32.193678083566,
    33.588514863214));
#4433 = CARTESIAN_POINT('',(-95.16219075438,32.162777882345,
    33.5808986071));
#4434 = CARTESIAN_POINT('',(-95.16219075438,32.132411703742,
    33.571435222781));
#4435 = CARTESIAN_POINT('',(-95.16219075438,32.102707428026,
    33.560169113006));
#4436 = CARTESIAN_POINT('',(-95.16219075438,32.050312426963,
    33.536592441513));
#4437 = CARTESIAN_POINT('',(-95.16219075438,32.027351804108,
    33.524876157189));
#4438 = CARTESIAN_POINT('',(-95.16219075438,32.004975464492,
    33.512038196872));
#4439 = CARTESIAN_POINT('',(-95.16219075438,31.983247235892,
    33.498112876559));
#4440 = CARTESIAN_POINT('',(-95.16219075438,31.962228194423,
    33.4831385948));
#4441 = CARTESIAN_POINT('',(-95.16219075438,31.94197672114,
    33.467157724628));
#4442 = CARTESIAN_POINT('',(-95.16219075438,31.922548425546,
    33.450216700691));
#4443 = CARTESIAN_POINT('',(-95.16219075438,31.891344097807,
    33.420193252734));
#4444 = CARTESIAN_POINT('',(-95.16219075438,31.879099288987,
    33.407597030997));
#4445 = CARTESIAN_POINT('',(-95.16219075438,31.867278110978,
    33.394593619532));
#4446 = CARTESIAN_POINT('',(-95.16219075438,31.855896335223,
    33.381199682623));
#4447 = CARTESIAN_POINT('',(-95.16219075438,31.844968903169,
    33.367432565675));
#4448 = CARTESIAN_POINT('',(-95.16219075438,31.834509926272,
    33.353310295213));
#4449 = CARTESIAN_POINT('',(-95.16219075438,31.824532685992,
    33.33885157888));
#4450 = CARTESIAN_POINT('',(-95.16219075438,31.791561853518,
    33.287478925777));
#4451 = CARTESIAN_POINT('',(-95.16219075438,31.771100768741,
    33.24892931281));
#4452 = CARTESIAN_POINT('',(-95.16219075438,31.753863292299,
    33.208729422081));
#4453 = CARTESIAN_POINT('',(-95.16219075438,31.740001048982,
    33.167195948861));
#4454 = CARTESIAN_POINT('',(-95.16219075438,31.729627737086,
    33.124656776391));
#4455 = CARTESIAN_POINT('',(-95.16219075438,31.722821593815,
    33.081449979412));
#4456 = CARTESIAN_POINT('',(-95.16219075438,31.719622812433,
    33.03792427406));
#4457 = CARTESIAN_POINT('',(-95.16219075438,31.720390074623,
    32.955125205594));
#4458 = CARTESIAN_POINT('',(-95.16219075438,31.723698721829,
    32.91583229016));
#4459 = CARTESIAN_POINT('',(-95.16219075438,31.729950512667,
    32.876826473181));
#4460 = CARTESIAN_POINT('',(-95.16219075438,31.739114409363,
    32.838364893151));
#4461 = CARTESIAN_POINT('',(-95.16219075438,31.751133780518,
    32.80069783826));
#4462 = CARTESIAN_POINT('',(-95.16219075438,31.765927855148,
    32.76406889636));
#4463 = CARTESIAN_POINT('',(-95.16219075438,31.783390374611,
    32.728714329427));
#4464 = CARTESIAN_POINT('',(-95.16219075438,31.815839797291,
    32.673775822428));
#4465 = CARTESIAN_POINT('',(-95.16219075438,31.829277972209,
    32.653270506689));
#4466 = CARTESIAN_POINT('',(-95.16219075438,31.843668057699,
    32.633399901009));
#4467 = CARTESIAN_POINT('',(-95.16219075438,31.858974837371,
    32.614215445174));
#4468 = CARTESIAN_POINT('',(-95.16219075438,31.875159995489,
    32.595766002998));
#4469 = CARTESIAN_POINT('',(-95.16219075438,31.89218218972,
    32.578097909914));
#4470 = CARTESIAN_POINT('',(-95.16219075438,31.909996989063,
    32.561254908173));
#4471 = CARTESIAN_POINT('',(-95.16219075438,31.968852857854,
    32.51058936896));
#4472 = CARTESIAN_POINT('',(-95.16219075438,32.012677472575,
    32.47996867886));
#4473 = CARTESIAN_POINT('',(-95.16219075438,32.059528343192,
    32.453857611672));
#4474 = CARTESIAN_POINT('',(-95.16219075438,32.108858222908,
    32.432593449322));
#4475 = CARTESIAN_POINT('',(-95.16219075438,32.160089843392,
    32.416436580666));
#4476 = CARTESIAN_POINT('',(-95.16219075438,32.212616220652,
    32.405567917555));
#4477 = CARTESIAN_POINT('',(-95.16219075438,32.265803223096,
    32.400091361108));
#4478 = CARTESIAN_POINT('',(-95.16219075438,32.373312436599,
    32.399908406236));
#4479 = CARTESIAN_POINT('',(-95.16219075438,32.427668000535,
    32.405439043917));
#4480 = CARTESIAN_POINT('',(-95.16219075438,32.481333243658,
    32.416598428093));
#4481 = CARTESIAN_POINT('',(-95.16219075438,32.533635773272,
    32.433274867421));
#4482 = CARTESIAN_POINT('',(-95.16219075438,32.58393079289,
    32.455274384321));
#4483 = CARTESIAN_POINT('',(-95.16219075438,32.63160490117,
    32.482316803239));
#4484 = CARTESIAN_POINT('',(-95.16219075438,32.676076705494,
    32.514037741618));
#4485 = CARTESIAN_POINT('',(-95.16219075438,32.746252991821,
    32.57591431639));
#4486 = CARTESIAN_POINT('',(-95.16219075438,32.773754110058,
    32.604074369301));
#4487 = CARTESIAN_POINT('',(-95.16219075438,32.799120201081,
    32.6342651123));
#4488 = CARTESIAN_POINT('',(-95.16219075438,32.822177975732,
    32.666295807896));
#4489 = CARTESIAN_POINT('',(-95.16219075438,32.842775981286,
    32.699960971487));
#4490 = CARTESIAN_POINT('',(-95.16219075438,32.86078350859,
    32.735041380678));
#4491 = CARTESIAN_POINT('',(-95.16219075438,32.876091900327,
    32.771303500777));
#4492 = CARTESIAN_POINT('',(-95.16219075438,32.904320824522,
    32.855122078724));
#4493 = CARTESIAN_POINT('',(-95.16219075438,32.915659169215,
    32.903233185936));
#4494 = CARTESIAN_POINT('',(-95.16219075438,32.92245992602,
    32.952331941936));
#4495 = CARTESIAN_POINT('',(-95.16219075438,32.924631901433,
    33.001917439467));
#4496 = CARTESIAN_POINT('',(-95.16219075438,32.922145476794,
    33.051488164108));
#4497 = CARTESIAN_POINT('',(-95.16219075438,32.915033450863,
    33.100542799289));
#4498 = CARTESIAN_POINT('',(-95.16219075438,32.90339019257,
    33.148581025855));
#4499 = CARTESIAN_POINT('',(-95.16219075438,32.878224876417,
    33.221765140654));
#4500 = CARTESIAN_POINT('',(-95.16219075438,32.867625594218,
    33.247933673919));
#4501 = CARTESIAN_POINT('',(-95.16219075438,32.855625523378,
    33.273519740762));
#4502 = CARTESIAN_POINT('',(-95.16219075438,32.842262490922,
    33.298435988196));
#4503 = CARTESIAN_POINT('',(-95.16219075438,32.827580471423,
    33.322598539903));
#4504 = CARTESIAN_POINT('',(-95.16219075438,32.811629400206,
    33.345926919803));
#4505 = CARTESIAN_POINT('',(-95.16219075438,32.794465338955,
    33.368344176238));
#4506 = CARTESIAN_POINT('',(-95.16219075438,32.746074475336,
    33.424975349493));
#4507 = CARTESIAN_POINT('',(-95.16219075438,32.712887012503,
    33.45752926025));
#4508 = CARTESIAN_POINT('',(-95.16219075438,32.676869805986,
    33.487104790626));
#4509 = CARTESIAN_POINT('',(-95.16219075438,32.638338655026,
    33.513419724399));
#4510 = CARTESIAN_POINT('',(-95.16219075438,32.597635768347,
    33.536232881833));
#4511 = CARTESIAN_POINT('',(-95.16219075438,32.555129364548,
    33.555344603233));
#4512 = CARTESIAN_POINT('',(-95.16219075438,32.511213206351,
    33.570597017533));
#4513 = CARTESIAN_POINT('',(-95.16219075438,32.466313482036,
    33.581886900501));
#4514 = ORIENTED_EDGE('',*,*,#4094,.T.);
#4515 = ORIENTED_EDGE('',*,*,#3943,.T.);
#4516 = B_SPLINE_SURFACE_WITH_KNOTS('',1,1,(
    (#4517,#4518)
    ,(#4519,#4520
    )),.UNSPECIFIED.,.F.,.F.,.F.,(2,2),(2,2),(0.,4.8580709E+03),(
    -118.1102,0.),.PIECEWISE_BEZIER_KNOTS.);
#4517 = CARTESIAN_POINT('',(-95.16219075438,-29.37605918211,
    35.000071120142));
#4518 = CARTESIAN_POINT('',(-95.16219075438,-29.37605918211,
    32.000066040132));
#4519 = CARTESIAN_POINT('',(-95.16219075438,94.019188468377,
    35.000071120142));
#4520 = CARTESIAN_POINT('',(-95.16219075438,94.019188468377,
    32.000066040132));
#4521 = ADVANCED_FACE('',(#4522),#4532,.T.);
#4522 = FACE_BOUND('',#4523,.T.);
#4523 = EDGE_LOOP('',(#4524,#4525,#4526,#4527));
#4524 = ORIENTED_EDGE('',*,*,#3568,.F.);
#4525 = ORIENTED_EDGE('',*,*,#4418,.T.);
#4526 = ORIENTED_EDGE('',*,*,#4398,.T.);
#4527 = ORIENTED_EDGE('',*,*,#4528,.F.);
#4528 = EDGE_CURVE('',#3569,#4392,#4529,.T.);
#4529 = B_SPLINE_CURVE_WITH_KNOTS('',1,(#4530,#4531),.UNSPECIFIED.,.F.,
  .F.,(2,2),(0.,118.1102),.PIECEWISE_BEZIER_KNOTS.);
#4530 = CARTESIAN_POINT('',(1.817004064008,94.019188468377,
    32.000066040132));
#4531 = CARTESIAN_POINT('',(1.817004064008,94.019188468377,
    35.000071120142));
#4532 = B_SPLINE_SURFACE_WITH_KNOTS('',1,1,(
    (#4533,#4534)
    ,(#4535,#4536
    )),.UNSPECIFIED.,.F.,.F.,.F.,(2,2),(2,2),(0.,3.8180709E+03),(
    -118.1102,0.),.PIECEWISE_BEZIER_KNOTS.);
#4533 = CARTESIAN_POINT('',(-95.16219075438,94.019188468377,
    35.000071120142));
#4534 = CARTESIAN_POINT('',(-95.16219075438,94.019188468377,
    32.000066040132));
#4535 = CARTESIAN_POINT('',(1.817004064008,94.019188468377,
    35.000071120142));
#4536 = CARTESIAN_POINT('',(1.817004064008,94.019188468377,
    32.000066040132));
#4537 = ADVANCED_FACE('',(#4538,#4548),#4642,.T.);
#4538 = FACE_BOUND('',#4539,.T.);
#4539 = EDGE_LOOP('',(#4540,#4541,#4542,#4543));
#4540 = ORIENTED_EDGE('',*,*,#3575,.F.);
#4541 = ORIENTED_EDGE('',*,*,#4528,.T.);
#4542 = ORIENTED_EDGE('',*,*,#4391,.F.);
#4543 = ORIENTED_EDGE('',*,*,#4544,.F.);
#4544 = EDGE_CURVE('',#3576,#4385,#4545,.T.);
#4545 = B_SPLINE_CURVE_WITH_KNOTS('',1,(#4546,#4547),.UNSPECIFIED.,.F.,
  .F.,(2,2),(0.,118.1102),.PIECEWISE_BEZIER_KNOTS.);
#4546 = CARTESIAN_POINT('',(1.817004064008,-29.37605918211,
    32.000066040132));
#4547 = CARTESIAN_POINT('',(1.817004064008,-29.37605918211,
    35.000071120142));
#4548 = FACE_BOUND('',#4549,.T.);
#4549 = EDGE_LOOP('',(#4550,#4551,#4640,#4641));
#4550 = ORIENTED_EDGE('',*,*,#3762,.T.);
#4551 = ORIENTED_EDGE('',*,*,#4552,.T.);
#4552 = EDGE_CURVE('',#3763,#3602,#4553,.T.);
#4553 = B_SPLINE_CURVE_WITH_KNOTS('',8,(#4554,#4555,#4556,#4557,#4558,
    #4559,#4560,#4561,#4562,#4563,#4564,#4565,#4566,#4567,#4568,#4569,
    #4570,#4571,#4572,#4573,#4574,#4575,#4576,#4577,#4578,#4579,#4580,
    #4581,#4582,#4583,#4584,#4585,#4586,#4587,#4588,#4589,#4590,#4591,
    #4592,#4593,#4594,#4595,#4596,#4597,#4598,#4599,#4600,#4601,#4602,
    #4603,#4604,#4605,#4606,#4607,#4608,#4609,#4610,#4611,#4612,#4613,
    #4614,#4615,#4616,#4617,#4618,#4619,#4620,#4621,#4622,#4623,#4624,
    #4625,#4626,#4627,#4628,#4629,#4630,#4631,#4632,#4633,#4634,#4635,
    #4636,#4637,#4638,#4639),.UNSPECIFIED.,.F.,.F.,(9,7,7,7,7,7,7,7,7,7,
    7,7,9),(0.,7.003292763888E-02,0.126893957257,0.165670238183,
    0.261711971119,0.348546048057,0.402632506661,0.520063237641,
    0.64005072976,0.726752800896,0.835439189297,0.89772002646,1.),
  .UNSPECIFIED.);
#4554 = CARTESIAN_POINT('',(1.817004064008,32.32,33.6));
#4555 = CARTESIAN_POINT('',(1.817004064008,32.351722677031,33.6));
#4556 = CARTESIAN_POINT('',(1.817004064008,32.383440056015,
    33.59808318305));
#4557 = CARTESIAN_POINT('',(1.817004064008,32.415017444097,
    33.594250678683));
#4558 = CARTESIAN_POINT('',(1.817004064008,32.446321916434,
    33.588514863214));
#4559 = CARTESIAN_POINT('',(1.817004064008,32.477222117655,33.5808986071
    ));
#4560 = CARTESIAN_POINT('',(1.817004064008,32.507588296258,
    33.571435222781));
#4561 = CARTESIAN_POINT('',(1.817004064008,32.537292571974,
    33.560169113006));
#4562 = CARTESIAN_POINT('',(1.817004064008,32.589687573037,
    33.536592441513));
#4563 = CARTESIAN_POINT('',(1.817004064008,32.612648195892,
    33.524876157189));
#4564 = CARTESIAN_POINT('',(1.817004064008,32.635024535508,
    33.512038196872));
#4565 = CARTESIAN_POINT('',(1.817004064008,32.656752764108,
    33.498112876559));
#4566 = CARTESIAN_POINT('',(1.817004064008,32.677771805577,33.4831385948
    ));
#4567 = CARTESIAN_POINT('',(1.817004064008,32.69802327886,
    33.467157724628));
#4568 = CARTESIAN_POINT('',(1.817004064008,32.717451574454,
    33.450216700691));
#4569 = CARTESIAN_POINT('',(1.817004064008,32.748655902193,
    33.420193252734));
#4570 = CARTESIAN_POINT('',(1.817004064008,32.760900711013,
    33.407597030997));
#4571 = CARTESIAN_POINT('',(1.817004064008,32.772721889022,
    33.394593619532));
#4572 = CARTESIAN_POINT('',(1.817004064008,32.784103664777,
    33.381199682623));
#4573 = CARTESIAN_POINT('',(1.817004064008,32.795031096831,
    33.367432565675));
#4574 = CARTESIAN_POINT('',(1.817004064008,32.805490073728,
    33.353310295213));
#4575 = CARTESIAN_POINT('',(1.817004064008,32.815467314008,
    33.33885157888));
#4576 = CARTESIAN_POINT('',(1.817004064008,32.848438146482,
    33.287478925777));
#4577 = CARTESIAN_POINT('',(1.817004064008,32.868899231259,
    33.24892931281));
#4578 = CARTESIAN_POINT('',(1.817004064008,32.886136707701,
    33.208729422081));
#4579 = CARTESIAN_POINT('',(1.817004064008,32.899998951018,
    33.167195948861));
#4580 = CARTESIAN_POINT('',(1.817004064008,32.910372262914,
    33.124656776391));
#4581 = CARTESIAN_POINT('',(1.817004064008,32.917178406185,
    33.081449979412));
#4582 = CARTESIAN_POINT('',(1.817004064008,32.920377187567,
    33.03792427406));
#4583 = CARTESIAN_POINT('',(1.817004064008,32.919609925377,
    32.955125205594));
#4584 = CARTESIAN_POINT('',(1.817004064008,32.916301278171,
    32.91583229016));
#4585 = CARTESIAN_POINT('',(1.817004064008,32.910049487333,
    32.876826473181));
#4586 = CARTESIAN_POINT('',(1.817004064008,32.900885590637,
    32.838364893151));
#4587 = CARTESIAN_POINT('',(1.817004064008,32.888866219482,
    32.80069783826));
#4588 = CARTESIAN_POINT('',(1.817004064008,32.874072144852,
    32.76406889636));
#4589 = CARTESIAN_POINT('',(1.817004064008,32.856609625389,
    32.728714329427));
#4590 = CARTESIAN_POINT('',(1.817004064008,32.824160202709,
    32.673775822428));
#4591 = CARTESIAN_POINT('',(1.817004064008,32.810722027791,
    32.653270506689));
#4592 = CARTESIAN_POINT('',(1.817004064008,32.796331942301,
    32.633399901009));
#4593 = CARTESIAN_POINT('',(1.817004064008,32.781025162629,
    32.614215445174));
#4594 = CARTESIAN_POINT('',(1.817004064008,32.764840004511,
    32.595766002998));
#4595 = CARTESIAN_POINT('',(1.817004064008,32.74781781028,
    32.578097909914));
#4596 = CARTESIAN_POINT('',(1.817004064008,32.730003010937,
    32.561254908173));
#4597 = CARTESIAN_POINT('',(1.817004064008,32.671147142146,
    32.51058936896));
#4598 = CARTESIAN_POINT('',(1.817004064008,32.627322527425,
    32.47996867886));
#4599 = CARTESIAN_POINT('',(1.817004064008,32.580471656807,
    32.453857611672));
#4600 = CARTESIAN_POINT('',(1.817004064008,32.531141777093,
    32.432593449322));
#4601 = CARTESIAN_POINT('',(1.817004064008,32.479910156606,
    32.416436580666));
#4602 = CARTESIAN_POINT('',(1.817004064008,32.427383779349,
    32.405567917555));
#4603 = CARTESIAN_POINT('',(1.817004064008,32.374196776903,
    32.400091361108));
#4604 = CARTESIAN_POINT('',(1.817004064008,32.266687563404,
    32.399908406236));
#4605 = CARTESIAN_POINT('',(1.817004064008,32.212331999458,
    32.405439043918));
#4606 = CARTESIAN_POINT('',(1.817004064008,32.158666756351,
    32.416598428092));
#4607 = CARTESIAN_POINT('',(1.817004064008,32.10636422672,
    32.433274867423));
#4608 = CARTESIAN_POINT('',(1.817004064008,32.056069207115,
    32.45527438432));
#4609 = CARTESIAN_POINT('',(1.817004064008,32.008395098829,
    32.48231680324));
#4610 = CARTESIAN_POINT('',(1.817004064008,31.963923294506,
    32.514037741618));
#4611 = CARTESIAN_POINT('',(1.817004064008,31.893747008179,
    32.57591431639));
#4612 = CARTESIAN_POINT('',(1.817004064008,31.866245889942,
    32.604074369301));
#4613 = CARTESIAN_POINT('',(1.817004064008,31.840879798919,32.6342651123
    ));
#4614 = CARTESIAN_POINT('',(1.817004064008,31.817822024268,
    32.666295807896));
#4615 = CARTESIAN_POINT('',(1.817004064008,31.797224018714,
    32.699960971487));
#4616 = CARTESIAN_POINT('',(1.817004064008,31.77921649141,
    32.735041380678));
#4617 = CARTESIAN_POINT('',(1.817004064008,31.763908099673,
    32.771303500777));
#4618 = CARTESIAN_POINT('',(1.817004064008,31.735679175478,
    32.855122078724));
#4619 = CARTESIAN_POINT('',(1.817004064008,31.724340830785,
    32.903233185937));
#4620 = CARTESIAN_POINT('',(1.817004064008,31.71754007398,
    32.952331941935));
#4621 = CARTESIAN_POINT('',(1.817004064008,31.715368098567,
    33.001917439468));
#4622 = CARTESIAN_POINT('',(1.817004064008,31.717854523206,
    33.051488164106));
#4623 = CARTESIAN_POINT('',(1.817004064008,31.724966549137,
    33.100542799289));
#4624 = CARTESIAN_POINT('',(1.817004064008,31.73660980743,
    33.148581025856));
#4625 = CARTESIAN_POINT('',(1.817004064008,31.761775123583,
    33.221765140654));
#4626 = CARTESIAN_POINT('',(1.817004064008,31.772374405782,
    33.247933673919));
#4627 = CARTESIAN_POINT('',(1.817004064008,31.784374476622,
    33.273519740762));
#4628 = CARTESIAN_POINT('',(1.817004064008,31.797737509078,
    33.298435988196));
#4629 = CARTESIAN_POINT('',(1.817004064008,31.812419528577,
    33.322598539903));
#4630 = CARTESIAN_POINT('',(1.817004064008,31.828370599794,
    33.345926919803));
#4631 = CARTESIAN_POINT('',(1.817004064008,31.845534661045,
    33.368344176238));
#4632 = CARTESIAN_POINT('',(1.817004064008,31.893925524664,
    33.424975349493));
#4633 = CARTESIAN_POINT('',(1.817004064008,31.927112987497,
    33.457529260249));
#4634 = CARTESIAN_POINT('',(1.817004064008,31.963130194014,
    33.487104790627));
#4635 = CARTESIAN_POINT('',(1.817004064008,32.001661344973,
    33.513419724398));
#4636 = CARTESIAN_POINT('',(1.817004064008,32.042364231654,
    33.536232881834));
#4637 = CARTESIAN_POINT('',(1.817004064008,32.084870635451,
    33.555344603233));
#4638 = CARTESIAN_POINT('',(1.817004064008,32.12878679365,
    33.570597017534));
#4639 = CARTESIAN_POINT('',(1.817004064008,32.173686517964,
    33.581886900501));
#4640 = ORIENTED_EDGE('',*,*,#3601,.T.);
#4641 = ORIENTED_EDGE('',*,*,#3741,.T.);
#4642 = B_SPLINE_SURFACE_WITH_KNOTS('',1,1,(
    (#4643,#4644)
    ,(#4645,#4646
    )),.UNSPECIFIED.,.F.,.F.,.F.,(2,2),(2,2),(0.,4.8580709E+03),(
    -118.1102,0.),.PIECEWISE_BEZIER_KNOTS.);
#4643 = CARTESIAN_POINT('',(1.817004064008,94.019188468377,
    35.000071120142));
#4644 = CARTESIAN_POINT('',(1.817004064008,94.019188468377,
    32.000066040132));
#4645 = CARTESIAN_POINT('',(1.817004064008,-29.37605918211,
    35.000071120142));
#4646 = CARTESIAN_POINT('',(1.817004064008,-29.37605918211,
    32.000066040132));
#4647 = ADVANCED_FACE('',(#4648),#4654,.T.);
#4648 = FACE_BOUND('',#4649,.T.);
#4649 = EDGE_LOOP('',(#4650,#4651,#4652,#4653));
#4650 = ORIENTED_EDGE('',*,*,#3582,.F.);
#4651 = ORIENTED_EDGE('',*,*,#4544,.T.);
#4652 = ORIENTED_EDGE('',*,*,#4384,.F.);
#4653 = ORIENTED_EDGE('',*,*,#4412,.F.);
#4654 = B_SPLINE_SURFACE_WITH_KNOTS('',1,1,(
    (#4655,#4656)
    ,(#4657,#4658
    )),.UNSPECIFIED.,.F.,.F.,.F.,(2,2),(2,2),(0.,3.8180709E+03),(
    -118.1102,0.),.PIECEWISE_BEZIER_KNOTS.);
#4655 = CARTESIAN_POINT('',(1.817004064008,-29.37605918211,
    35.000071120142));
#4656 = CARTESIAN_POINT('',(1.817004064008,-29.37605918211,
    32.000066040132));
#4657 = CARTESIAN_POINT('',(-95.16219075438,-29.37605918211,
    35.000071120142));
#4658 = CARTESIAN_POINT('',(-95.16219075438,-29.37605918211,
    32.000066040132));
#4659 = ADVANCED_FACE('',(#4660),#4672,.T.);
#4660 = FACE_BOUND('',#4661,.T.);
#4661 = EDGE_LOOP('',(#4662,#4669,#4670,#4671));
#4662 = ORIENTED_EDGE('',*,*,#4663,.F.);
#4663 = EDGE_CURVE('',#3876,#3868,#4664,.T.);
#4664 = CIRCLE('',#4665,0.6);
#4665 = AXIS2_PLACEMENT_3D('',#4666,#4667,#4668);
#4666 = CARTESIAN_POINT('',(1.92,32.32,33.));
#4667 = DIRECTION('',(1.,0.,0.));
#4668 = DIRECTION('',(-0.,0.,1.));
#4669 = ORIENTED_EDGE('',*,*,#3884,.F.);
#4670 = ORIENTED_EDGE('',*,*,#4552,.F.);
#4671 = ORIENTED_EDGE('',*,*,#3867,.T.);
#4672 = CYLINDRICAL_SURFACE('',#4673,0.6);
#4673 = AXIS2_PLACEMENT_3D('',#4674,#4675,#4676);
#4674 = CARTESIAN_POINT('',(-2.58,32.32,33.));
#4675 = DIRECTION('',(1.,0.,0.));
#4676 = DIRECTION('',(-0.,0.,1.));
#4677 = ADVANCED_FACE('',(#4678),#4682,.T.);
#4678 = FACE_BOUND('',#4679,.T.);
#4679 = EDGE_LOOP('',(#4680,#4681));
#4680 = ORIENTED_EDGE('',*,*,#3875,.F.);
#4681 = ORIENTED_EDGE('',*,*,#4663,.T.);
#4682 = PLANE('',#4683);
#4683 = AXIS2_PLACEMENT_3D('',#4684,#4685,#4686);
#4684 = CARTESIAN_POINT('',(1.92,-29.48,32.));
#4685 = DIRECTION('',(1.,0.,-0.));
#4686 = DIRECTION('',(0.,0.,1.));
#4687 = ADVANCED_FACE('',(#4688),#4692,.F.);
#4688 = FACE_BOUND('',#4689,.F.);
#4689 = EDGE_LOOP('',(#4690,#4691));
#4690 = ORIENTED_EDGE('',*,*,#3724,.F.);
#4691 = ORIENTED_EDGE('',*,*,#3901,.T.);
#4692 = PLANE('',#4693);
#4693 = AXIS2_PLACEMENT_3D('',#4694,#4695,#4696);
#4694 = CARTESIAN_POINT('',(-2.58,32.32,33.));
#4695 = DIRECTION('',(1.,0.,0.));
#4696 = DIRECTION('',(-0.,0.,1.));
#4697 = ADVANCED_FACE('',(#4698),#4702,.T.);
#4698 = FACE_BOUND('',#4699,.T.);
#4699 = EDGE_LOOP('',(#4700,#4701));
#4700 = ORIENTED_EDGE('',*,*,#3917,.F.);
#4701 = ORIENTED_EDGE('',*,*,#4216,.T.);
#4702 = PLANE('',#4703);
#4703 = AXIS2_PLACEMENT_3D('',#4704,#4705,#4706);
#4704 = CARTESIAN_POINT('',(-90.76,32.32,33.));
#4705 = DIRECTION('',(1.,0.,0.));
#4706 = DIRECTION('',(-0.,0.,1.));
#4707 = ADVANCED_FACE('',(#4708),#4720,.T.);
#4708 = FACE_BOUND('',#4709,.T.);
#4709 = EDGE_LOOP('',(#4710,#4711,#4718,#4719));
#4710 = ORIENTED_EDGE('',*,*,#4069,.F.);
#4711 = ORIENTED_EDGE('',*,*,#4712,.T.);
#4712 = EDGE_CURVE('',#4070,#4078,#4713,.T.);
#4713 = CIRCLE('',#4714,0.6);
#4714 = AXIS2_PLACEMENT_3D('',#4715,#4716,#4717);
#4715 = CARTESIAN_POINT('',(-95.26,32.32,33.));
#4716 = DIRECTION('',(1.,0.,0.));
#4717 = DIRECTION('',(-0.,0.,1.));
#4718 = ORIENTED_EDGE('',*,*,#4086,.T.);
#4719 = ORIENTED_EDGE('',*,*,#4426,.F.);
#4720 = CYLINDRICAL_SURFACE('',#4721,0.6);
#4721 = AXIS2_PLACEMENT_3D('',#4722,#4723,#4724);
#4722 = CARTESIAN_POINT('',(-98.76,32.32,33.));
#4723 = DIRECTION('',(1.,0.,0.));
#4724 = DIRECTION('',(-0.,0.,1.));
#4725 = ADVANCED_FACE('',(#4726),#4730,.F.);
#4726 = FACE_BOUND('',#4727,.F.);
#4727 = EDGE_LOOP('',(#4728,#4729));
#4728 = ORIENTED_EDGE('',*,*,#4712,.T.);
#4729 = ORIENTED_EDGE('',*,*,#4077,.F.);
#4730 = PLANE('',#4731);
#4731 = AXIS2_PLACEMENT_3D('',#4732,#4733,#4734);
#4732 = CARTESIAN_POINT('',(-95.26,-29.48,32.));
#4733 = DIRECTION('',(1.,0.,-0.));
#4734 = DIRECTION('',(0.,0.,1.));
#4735 = ADVANCED_FACE('',(#4736),#4757,.F.);
#4736 = FACE_BOUND('',#4737,.F.);
#4737 = EDGE_LOOP('',(#4738,#4739,#4746,#4756));
#4738 = ORIENTED_EDGE('',*,*,#4280,.T.);
#4739 = ORIENTED_EDGE('',*,*,#4740,.T.);
#4740 = EDGE_CURVE('',#4281,#4741,#4743,.T.);
#4741 = VERTEX_POINT('',#4742);
#4742 = CARTESIAN_POINT('',(-35.95307213614,78.867157734315,
    47.700093980188));
#4743 = B_SPLINE_CURVE_WITH_KNOTS('',1,(#4744,#4745),.UNSPECIFIED.,.F.,
  .F.,(2,2),(1.,28.559),.PIECEWISE_BEZIER_KNOTS.);
#4744 = CARTESIAN_POINT('',(-35.95307213614,78.867157734315,
    47.000093980188));
#4745 = CARTESIAN_POINT('',(-35.95307213614,78.867157734315,
    47.700093980188));
#4746 = ORIENTED_EDGE('',*,*,#4747,.F.);
#4747 = EDGE_CURVE('',#4741,#4741,#4748,.T.);
#4748 = ( BOUNDED_CURVE() B_SPLINE_CURVE(2,(#4749,#4750,#4751,#4752,
#4753,#4754,#4755),.UNSPECIFIED.,.T.,.F.) B_SPLINE_CURVE_WITH_KNOTS((1,2
    ,2,2,2,1),(-2.094395102394,0.,2.094395102393,4.188790204786,
6.28318530718,8.377580409573),.UNSPECIFIED.) CURVE() 
GEOMETRIC_REPRESENTATION_ITEM() RATIONAL_B_SPLINE_CURVE((1.,0.5,1.,0.5,
1.,0.5,1.)) REPRESENTATION_ITEM('') );
#4749 = CARTESIAN_POINT('',(-35.95307213614,78.867157734315,
    47.700093980188));
#4750 = CARTESIAN_POINT('',(-35.95307213614,80.166198039701,
    47.700093980188));
#4751 = CARTESIAN_POINT('',(-37.07807404114,79.516677887008,
    47.700093980188));
#4752 = CARTESIAN_POINT('',(-38.20307594615,78.867157734315,
    47.700093980188));
#4753 = CARTESIAN_POINT('',(-37.07807404114,78.217637581623,
    47.700093980188));
#4754 = CARTESIAN_POINT('',(-35.95307213614,77.56811742893,
    47.700093980188));
#4755 = CARTESIAN_POINT('',(-35.95307213614,78.867157734315,
    47.700093980188));
#4756 = ORIENTED_EDGE('',*,*,#4740,.F.);
#4757 = ( BOUNDED_SURFACE() B_SPLINE_SURFACE(2,1,(
    (#4758,#4759)
    ,(#4760,#4761)
    ,(#4762,#4763)
    ,(#4764,#4765)
    ,(#4766,#4767)
    ,(#4768,#4769)
    ,(#4770,#4771
)),.UNSPECIFIED.,.T.,.F.,.F.) B_SPLINE_SURFACE_WITH_KNOTS((1,2,2,2,2,1),
  (2,2),(-2.094395102394,0.,2.094395102393,4.188790204786,6.28318530718,
    8.377580409573),(1.,28.559),.UNSPECIFIED.) 
GEOMETRIC_REPRESENTATION_ITEM() RATIONAL_B_SPLINE_SURFACE((
    (1.,1.)
    ,(0.5,0.5)
    ,(1.,1.)
    ,(0.5,0.5)
    ,(1.,1.)
    ,(0.5,0.5)
,(1.,1.))) REPRESENTATION_ITEM('') SURFACE() );
#4758 = CARTESIAN_POINT('',(-35.95307213614,78.867157734315,
    47.000093980188));
#4759 = CARTESIAN_POINT('',(-35.95307213614,78.867157734315,
    47.700093980188));
#4760 = CARTESIAN_POINT('',(-35.95307213614,80.166198039701,
    47.000093980188));
#4761 = CARTESIAN_POINT('',(-35.95307213614,80.166198039701,
    47.700093980188));
#4762 = CARTESIAN_POINT('',(-37.07807404114,79.516677887008,
    47.000093980188));
#4763 = CARTESIAN_POINT('',(-37.07807404114,79.516677887008,
    47.700093980188));
#4764 = CARTESIAN_POINT('',(-38.20307594615,78.867157734315,
    47.000093980188));
#4765 = CARTESIAN_POINT('',(-38.20307594615,78.867157734315,
    47.700093980188));
#4766 = CARTESIAN_POINT('',(-37.07807404114,78.217637581623,
    47.000093980188));
#4767 = CARTESIAN_POINT('',(-37.07807404114,78.217637581623,
    47.700093980188));
#4768 = CARTESIAN_POINT('',(-35.95307213614,77.56811742893,
    47.000093980188));
#4769 = CARTESIAN_POINT('',(-35.95307213614,77.56811742893,
    47.700093980188));
#4770 = CARTESIAN_POINT('',(-35.95307213614,78.867157734315,
    47.000093980188));
#4771 = CARTESIAN_POINT('',(-35.95307213614,78.867157734315,
    47.700093980188));
#4772 = ADVANCED_FACE('',(#4773),#4794,.F.);
#4773 = FACE_BOUND('',#4774,.F.);
#4774 = EDGE_LOOP('',(#4775,#4776,#4783,#4793));
#4775 = ORIENTED_EDGE('',*,*,#4303,.T.);
#4776 = ORIENTED_EDGE('',*,*,#4777,.T.);
#4777 = EDGE_CURVE('',#4304,#4778,#4780,.T.);
#4778 = VERTEX_POINT('',#4779);
#4779 = CARTESIAN_POINT('',(-12.83902590805,78.867157734315,
    47.700093980188));
#4780 = B_SPLINE_CURVE_WITH_KNOTS('',1,(#4781,#4782),.UNSPECIFIED.,.F.,
  .F.,(2,2),(1.,36.4331),.PIECEWISE_BEZIER_KNOTS.);
#4781 = CARTESIAN_POINT('',(-12.83902590805,78.867157734315,
    46.800091440183));
#4782 = CARTESIAN_POINT('',(-12.83902590805,78.867157734315,
    47.700093980188));
#4783 = ORIENTED_EDGE('',*,*,#4784,.F.);
#4784 = EDGE_CURVE('',#4778,#4778,#4785,.T.);
#4785 = ( BOUNDED_CURVE() B_SPLINE_CURVE(2,(#4786,#4787,#4788,#4789,
#4790,#4791,#4792),.UNSPECIFIED.,.T.,.F.) B_SPLINE_CURVE_WITH_KNOTS((1,2
    ,2,2,2,1),(-2.094395102394,0.,2.094395102393,4.188790204786,
6.28318530718,8.377580409573),.UNSPECIFIED.) CURVE() 
GEOMETRIC_REPRESENTATION_ITEM() RATIONAL_B_SPLINE_CURVE((1.,0.5,1.,0.5,
1.,0.5,1.)) REPRESENTATION_ITEM('') );
#4786 = CARTESIAN_POINT('',(-12.83902590805,78.867157734315,
    47.700093980188));
#4787 = CARTESIAN_POINT('',(-12.83902590805,80.166198039701,
    47.700093980188));
#4788 = CARTESIAN_POINT('',(-13.96402781305,79.516677887008,
    47.700093980188));
#4789 = CARTESIAN_POINT('',(-15.08902971805,78.867157734315,
    47.700093980188));
#4790 = CARTESIAN_POINT('',(-13.96402781305,78.217637581623,
    47.700093980188));
#4791 = CARTESIAN_POINT('',(-12.83902590805,77.56811742893,
    47.700093980188));
#4792 = CARTESIAN_POINT('',(-12.83902590805,78.867157734315,
    47.700093980188));
#4793 = ORIENTED_EDGE('',*,*,#4777,.F.);
#4794 = ( BOUNDED_SURFACE() B_SPLINE_SURFACE(2,1,(
    (#4795,#4796)
    ,(#4797,#4798)
    ,(#4799,#4800)
    ,(#4801,#4802)
    ,(#4803,#4804)
    ,(#4805,#4806)
    ,(#4807,#4808
)),.UNSPECIFIED.,.T.,.F.,.F.) B_SPLINE_SURFACE_WITH_KNOTS((1,2,2,2,2,1),
  (2,2),(-2.094395102394,0.,2.094395102393,4.188790204786,6.28318530718,
    8.377580409573),(1.,36.4331),.UNSPECIFIED.) 
GEOMETRIC_REPRESENTATION_ITEM() RATIONAL_B_SPLINE_SURFACE((
    (1.,1.)
    ,(0.5,0.5)
    ,(1.,1.)
    ,(0.5,0.5)
    ,(1.,1.)
    ,(0.5,0.5)
,(1.,1.))) REPRESENTATION_ITEM('') SURFACE() );
#4795 = CARTESIAN_POINT('',(-12.83902590805,78.867157734315,
    46.800091440183));
#4796 = CARTESIAN_POINT('',(-12.83902590805,78.867157734315,
    47.700093980188));
#4797 = CARTESIAN_POINT('',(-12.83902590805,80.166198039701,
    46.800091440183));
#4798 = CARTESIAN_POINT('',(-12.83902590805,80.166198039701,
    47.700093980188));
#4799 = CARTESIAN_POINT('',(-13.96402781305,79.516677887008,
    46.800091440183));
#4800 = CARTESIAN_POINT('',(-13.96402781305,79.516677887008,
    47.700093980188));
#4801 = CARTESIAN_POINT('',(-15.08902971805,78.867157734315,
    46.800091440183));
#4802 = CARTESIAN_POINT('',(-15.08902971805,78.867157734315,
    47.700093980188));
#4803 = CARTESIAN_POINT('',(-13.96402781305,78.217637581623,
    46.800091440183));
#4804 = CARTESIAN_POINT('',(-13.96402781305,78.217637581623,
    47.700093980188));
#4805 = CARTESIAN_POINT('',(-12.83902590805,77.56811742893,
    46.800091440183));
#4806 = CARTESIAN_POINT('',(-12.83902590805,77.56811742893,
    47.700093980188));
#4807 = CARTESIAN_POINT('',(-12.83902590805,78.867157734315,
    46.800091440183));
#4808 = CARTESIAN_POINT('',(-12.83902590805,78.867157734315,
    47.700093980188));
#4809 = ADVANCED_FACE('',(#4810),#4831,.F.);
#4810 = FACE_BOUND('',#4811,.F.);
#4811 = EDGE_LOOP('',(#4812,#4813,#4820,#4830));
#4812 = ORIENTED_EDGE('',*,*,#4326,.T.);
#4813 = ORIENTED_EDGE('',*,*,#4814,.T.);
#4814 = EDGE_CURVE('',#4327,#4815,#4817,.T.);
#4815 = VERTEX_POINT('',#4816);
#4816 = CARTESIAN_POINT('',(-12.83902590805,54.737109474219,
    47.700093980188));
#4817 = B_SPLINE_CURVE_WITH_KNOTS('',1,(#4818,#4819),.UNSPECIFIED.,.F.,
  .F.,(2,2),(1.,28.559),.PIECEWISE_BEZIER_KNOTS.);
#4818 = CARTESIAN_POINT('',(-12.83902590805,54.737109474219,
    47.000093980188));
#4819 = CARTESIAN_POINT('',(-12.83902590805,54.737109474219,
    47.700093980188));
#4820 = ORIENTED_EDGE('',*,*,#4821,.F.);
#4821 = EDGE_CURVE('',#4815,#4815,#4822,.T.);
#4822 = ( BOUNDED_CURVE() B_SPLINE_CURVE(2,(#4823,#4824,#4825,#4826,
#4827,#4828,#4829),.UNSPECIFIED.,.T.,.F.) B_SPLINE_CURVE_WITH_KNOTS((1,2
    ,2,2,2,1),(-2.094395102394,0.,2.094395102393,4.188790204786,
6.28318530718,8.377580409573),.UNSPECIFIED.) CURVE() 
GEOMETRIC_REPRESENTATION_ITEM() RATIONAL_B_SPLINE_CURVE((1.,0.5,1.,0.5,
1.,0.5,1.)) REPRESENTATION_ITEM('') );
#4823 = CARTESIAN_POINT('',(-12.83902590805,54.737109474219,
    47.700093980188));
#4824 = CARTESIAN_POINT('',(-12.83902590805,56.036149779605,
    47.700093980188));
#4825 = CARTESIAN_POINT('',(-13.96402781305,55.386629626912,
    47.700093980188));
#4826 = CARTESIAN_POINT('',(-15.08902971805,54.737109474219,
    47.700093980188));
#4827 = CARTESIAN_POINT('',(-13.96402781305,54.087589321526,
    47.700093980188));
#4828 = CARTESIAN_POINT('',(-12.83902590805,53.438069168833,
    47.700093980188));
#4829 = CARTESIAN_POINT('',(-12.83902590805,54.737109474219,
    47.700093980188));
#4830 = ORIENTED_EDGE('',*,*,#4814,.F.);
#4831 = ( BOUNDED_SURFACE() B_SPLINE_SURFACE(2,1,(
    (#4832,#4833)
    ,(#4834,#4835)
    ,(#4836,#4837)
    ,(#4838,#4839)
    ,(#4840,#4841)
    ,(#4842,#4843)
    ,(#4844,#4845
)),.UNSPECIFIED.,.T.,.F.,.F.) B_SPLINE_SURFACE_WITH_KNOTS((1,2,2,2,2,1),
  (2,2),(-2.094395102394,0.,2.094395102393,4.188790204786,6.28318530718,
    8.377580409573),(1.,28.559),.UNSPECIFIED.) 
GEOMETRIC_REPRESENTATION_ITEM() RATIONAL_B_SPLINE_SURFACE((
    (1.,1.)
    ,(0.5,0.5)
    ,(1.,1.)
    ,(0.5,0.5)
    ,(1.,1.)
    ,(0.5,0.5)
,(1.,1.))) REPRESENTATION_ITEM('') SURFACE() );
#4832 = CARTESIAN_POINT('',(-12.83902590805,54.737109474219,
    47.000093980188));
#4833 = CARTESIAN_POINT('',(-12.83902590805,54.737109474219,
    47.700093980188));
#4834 = CARTESIAN_POINT('',(-12.83902590805,56.036149779605,
    47.000093980188));
#4835 = CARTESIAN_POINT('',(-12.83902590805,56.036149779605,
    47.700093980188));
#4836 = CARTESIAN_POINT('',(-13.96402781305,55.386629626912,
    47.000093980188));
#4837 = CARTESIAN_POINT('',(-13.96402781305,55.386629626912,
    47.700093980188));
#4838 = CARTESIAN_POINT('',(-15.08902971805,54.737109474219,
    47.000093980188));
#4839 = CARTESIAN_POINT('',(-15.08902971805,54.737109474219,
    47.700093980188));
#4840 = CARTESIAN_POINT('',(-13.96402781305,54.087589321526,
    47.000093980188));
#4841 = CARTESIAN_POINT('',(-13.96402781305,54.087589321526,
    47.700093980188));
#4842 = CARTESIAN_POINT('',(-12.83902590805,53.438069168833,
    47.000093980188));
#4843 = CARTESIAN_POINT('',(-12.83902590805,53.438069168833,
    47.700093980188));
#4844 = CARTESIAN_POINT('',(-12.83902590805,54.737109474219,
    47.000093980188));
#4845 = CARTESIAN_POINT('',(-12.83902590805,54.737109474219,
    47.700093980188));
#4846 = ADVANCED_FACE('',(#4847),#4868,.F.);
#4847 = FACE_BOUND('',#4848,.F.);
#4848 = EDGE_LOOP('',(#4849,#4850,#4857,#4867));
#4849 = ORIENTED_EDGE('',*,*,#4349,.T.);
#4850 = ORIENTED_EDGE('',*,*,#4851,.T.);
#4851 = EDGE_CURVE('',#4350,#4852,#4854,.T.);
#4852 = VERTEX_POINT('',#4853);
#4853 = CARTESIAN_POINT('',(-35.95307213614,54.737109474219,
    47.700093980188));
#4854 = B_SPLINE_CURVE_WITH_KNOTS('',1,(#4855,#4856),.UNSPECIFIED.,.F.,
  .F.,(2,2),(1.,28.559),.PIECEWISE_BEZIER_KNOTS.);
#4855 = CARTESIAN_POINT('',(-35.95307213614,54.737109474219,
    47.000093980188));
#4856 = CARTESIAN_POINT('',(-35.95307213614,54.737109474219,
    47.700093980188));
#4857 = ORIENTED_EDGE('',*,*,#4858,.F.);
#4858 = EDGE_CURVE('',#4852,#4852,#4859,.T.);
#4859 = ( BOUNDED_CURVE() B_SPLINE_CURVE(2,(#4860,#4861,#4862,#4863,
#4864,#4865,#4866),.UNSPECIFIED.,.T.,.F.) B_SPLINE_CURVE_WITH_KNOTS((1,2
    ,2,2,2,1),(-2.094395102394,0.,2.094395102393,4.188790204786,
6.28318530718,8.377580409573),.UNSPECIFIED.) CURVE() 
GEOMETRIC_REPRESENTATION_ITEM() RATIONAL_B_SPLINE_CURVE((1.,0.5,1.,0.5,
1.,0.5,1.)) REPRESENTATION_ITEM('') );
#4860 = CARTESIAN_POINT('',(-35.95307213614,54.737109474219,
    47.700093980188));
#4861 = CARTESIAN_POINT('',(-35.95307213614,56.036149779605,
    47.700093980188));
#4862 = CARTESIAN_POINT('',(-37.07807404114,55.386629626912,
    47.700093980188));
#4863 = CARTESIAN_POINT('',(-38.20307594615,54.737109474219,
    47.700093980188));
#4864 = CARTESIAN_POINT('',(-37.07807404114,54.087589321526,
    47.700093980188));
#4865 = CARTESIAN_POINT('',(-35.95307213614,53.438069168833,
    47.700093980188));
#4866 = CARTESIAN_POINT('',(-35.95307213614,54.737109474219,
    47.700093980188));
#4867 = ORIENTED_EDGE('',*,*,#4851,.F.);
#4868 = ( BOUNDED_SURFACE() B_SPLINE_SURFACE(2,1,(
    (#4869,#4870)
    ,(#4871,#4872)
    ,(#4873,#4874)
    ,(#4875,#4876)
    ,(#4877,#4878)
    ,(#4879,#4880)
    ,(#4881,#4882
)),.UNSPECIFIED.,.T.,.F.,.F.) B_SPLINE_SURFACE_WITH_KNOTS((1,2,2,2,2,1),
  (2,2),(-2.094395102394,0.,2.094395102393,4.188790204786,6.28318530718,
    8.377580409573),(1.,28.559),.UNSPECIFIED.) 
GEOMETRIC_REPRESENTATION_ITEM() RATIONAL_B_SPLINE_SURFACE((
    (1.,1.)
    ,(0.5,0.5)
    ,(1.,1.)
    ,(0.5,0.5)
    ,(1.,1.)
    ,(0.5,0.5)
,(1.,1.))) REPRESENTATION_ITEM('') SURFACE() );
#4869 = CARTESIAN_POINT('',(-35.95307213614,54.737109474219,
    47.000093980188));
#4870 = CARTESIAN_POINT('',(-35.95307213614,54.737109474219,
    47.700093980188));
#4871 = CARTESIAN_POINT('',(-35.95307213614,56.036149779605,
    47.000093980188));
#4872 = CARTESIAN_POINT('',(-35.95307213614,56.036149779605,
    47.700093980188));
#4873 = CARTESIAN_POINT('',(-37.07807404114,55.386629626912,
    47.000093980188));
#4874 = CARTESIAN_POINT('',(-37.07807404114,55.386629626912,
    47.700093980188));
#4875 = CARTESIAN_POINT('',(-38.20307594615,54.737109474219,
    47.000093980188));
#4876 = CARTESIAN_POINT('',(-38.20307594615,54.737109474219,
    47.700093980188));
#4877 = CARTESIAN_POINT('',(-37.07807404114,54.087589321526,
    47.000093980188));
#4878 = CARTESIAN_POINT('',(-37.07807404114,54.087589321526,
    47.700093980188));
#4879 = CARTESIAN_POINT('',(-35.95307213614,53.438069168833,
    47.000093980188));
#4880 = CARTESIAN_POINT('',(-35.95307213614,53.438069168833,
    47.700093980188));
#4881 = CARTESIAN_POINT('',(-35.95307213614,54.737109474219,
    47.000093980188));
#4882 = CARTESIAN_POINT('',(-35.95307213614,54.737109474219,
    47.700093980188));
#4883 = ADVANCED_FACE('',(#4884,#4887),#4901,.T.);
#4884 = FACE_BOUND('',#4885,.T.);
#4885 = EDGE_LOOP('',(#4886));
#4886 = ORIENTED_EDGE('',*,*,#4747,.F.);
#4887 = FACE_BOUND('',#4888,.T.);
#4888 = EDGE_LOOP('',(#4889));
#4889 = ORIENTED_EDGE('',*,*,#4890,.T.);
#4890 = EDGE_CURVE('',#4891,#4891,#4893,.T.);
#4891 = VERTEX_POINT('',#4892);
#4892 = CARTESIAN_POINT('',(-36.06937007874,78.867157734315,
    47.700093980188));
#4893 = ( BOUNDED_CURVE() B_SPLINE_CURVE(2,(#4894,#4895,#4896,#4897,
#4898,#4899,#4900),.UNSPECIFIED.,.T.,.F.) B_SPLINE_CURVE_WITH_KNOTS((1,2
    ,2,2,2,1),(-2.094395102394,0.,2.094395102393,4.188790204786,
6.28318530718,8.377580409573),.UNSPECIFIED.) CURVE() 
GEOMETRIC_REPRESENTATION_ITEM() RATIONAL_B_SPLINE_CURVE((1.,0.5,1.,0.5,
1.,0.5,1.)) REPRESENTATION_ITEM('') );
#4894 = CARTESIAN_POINT('',(-36.06937007874,78.867157734315,
    47.700093980188));
#4895 = CARTESIAN_POINT('',(-36.06937007874,79.967012196831,
    47.700093980188));
#4896 = CARTESIAN_POINT('',(-37.02187198374,79.417084965573,
    47.700093980188));
#4897 = CARTESIAN_POINT('',(-37.97437388874,78.867157734315,
    47.700093980188));
#4898 = CARTESIAN_POINT('',(-37.02187198374,78.317230503058,
    47.700093980188));
#4899 = CARTESIAN_POINT('',(-36.06937007874,77.7673032718,
    47.700093980188));
#4900 = CARTESIAN_POINT('',(-36.06937007874,78.867157734315,
    47.700093980188));
#4901 = B_SPLINE_SURFACE_WITH_KNOTS('',1,1,(
    (#4902,#4903)
    ,(#4904,#4905
    )),.UNSPECIFIED.,.F.,.F.,.F.,(2,2),(2,2),(420.47245,479.52755),(
    465.47245,524.52755),.PIECEWISE_BEZIER_KNOTS.);
#4902 = CARTESIAN_POINT('',(-35.95307213614,78.117156464313,
    47.700093980188));
#4903 = CARTESIAN_POINT('',(-35.95307213614,79.617159004318,
    47.700093980188));
#4904 = CARTESIAN_POINT('',(-37.45307467614,78.117156464313,
    47.700093980188));
#4905 = CARTESIAN_POINT('',(-37.45307467614,79.617159004318,
    47.700093980188));
#4906 = ADVANCED_FACE('',(#4907),#4910,.T.);
#4907 = FACE_BOUND('',#4908,.T.);
#4908 = EDGE_LOOP('',(#4909));
#4909 = ORIENTED_EDGE('',*,*,#4784,.F.);
#4910 = B_SPLINE_SURFACE_WITH_KNOTS('',1,1,(
    (#4911,#4912)
    ,(#4913,#4914
    )),.UNSPECIFIED.,.F.,.F.,.F.,(2,2),(2,2),(-489.52755,-430.47245),(
    465.47245,524.52755),.PIECEWISE_BEZIER_KNOTS.);
#4911 = CARTESIAN_POINT('',(-12.83902590805,78.117156464313,
    47.700093980188));
#4912 = CARTESIAN_POINT('',(-12.83902590805,79.617159004318,
    47.700093980188));
#4913 = CARTESIAN_POINT('',(-14.33902844805,78.117156464313,
    47.700093980188));
#4914 = CARTESIAN_POINT('',(-14.33902844805,79.617159004318,
    47.700093980188));
#4915 = ADVANCED_FACE('',(#4916),#4919,.T.);
#4916 = FACE_BOUND('',#4917,.T.);
#4917 = EDGE_LOOP('',(#4918));
#4918 = ORIENTED_EDGE('',*,*,#4821,.F.);
#4919 = B_SPLINE_SURFACE_WITH_KNOTS('',1,1,(
    (#4920,#4921)
    ,(#4922,#4923
    )),.UNSPECIFIED.,.F.,.F.,.F.,(2,2),(2,2),(-489.52755,-430.47245),(
    -484.52755,-425.47245),.PIECEWISE_BEZIER_KNOTS.);
#4920 = CARTESIAN_POINT('',(-12.83902590805,53.987108204216,
    47.700093980188));
#4921 = CARTESIAN_POINT('',(-12.83902590805,55.487110744221,
    47.700093980188));
#4922 = CARTESIAN_POINT('',(-14.33902844805,53.987108204216,
    47.700093980188));
#4923 = CARTESIAN_POINT('',(-14.33902844805,55.487110744221,
    47.700093980188));
#4924 = ADVANCED_FACE('',(#4925),#4928,.T.);
#4925 = FACE_BOUND('',#4926,.T.);
#4926 = EDGE_LOOP('',(#4927));
#4927 = ORIENTED_EDGE('',*,*,#4858,.F.);
#4928 = B_SPLINE_SURFACE_WITH_KNOTS('',1,1,(
    (#4929,#4930)
    ,(#4931,#4932
    )),.UNSPECIFIED.,.F.,.F.,.F.,(2,2),(2,2),(420.47245,479.52755),(
    -484.52755,-425.47245),.PIECEWISE_BEZIER_KNOTS.);
#4929 = CARTESIAN_POINT('',(-35.95307213614,53.987108204216,
    47.700093980188));
#4930 = CARTESIAN_POINT('',(-35.95307213614,55.487110744221,
    47.700093980188));
#4931 = CARTESIAN_POINT('',(-37.45307467614,53.987108204216,
    47.700093980188));
#4932 = CARTESIAN_POINT('',(-37.45307467614,55.487110744221,
    47.700093980188));
#4933 = ADVANCED_FACE('',(#4934),#5055,.F.);
#4934 = FACE_BOUND('',#4935,.F.);
#4935 = EDGE_LOOP('',(#4936,#5048,#5053,#5054));
#4936 = ORIENTED_EDGE('',*,*,#4937,.T.);
#4937 = EDGE_CURVE('',#4938,#4938,#4940,.T.);
#4938 = VERTEX_POINT('',#4939);
#4939 = CARTESIAN_POINT('',(-36.06937007874,78.867157734315,
    49.000099060198));
#4940 = B_SPLINE_CURVE_WITH_KNOTS('',6,(#4941,#4942,#4943,#4944,#4945,
    #4946,#4947,#4948,#4949,#4950,#4951,#4952,#4953,#4954,#4955,#4956,
    #4957,#4958,#4959,#4960,#4961,#4962,#4963,#4964,#4965,#4966,#4967,
    #4968,#4969,#4970,#4971,#4972,#4973,#4974,#4975,#4976,#4977,#4978,
    #4979,#4980,#4981,#4982,#4983,#4984,#4985,#4986,#4987,#4988,#4989,
    #4990,#4991,#4992,#4993,#4994,#4995,#4996,#4997,#4998,#4999,#5000,
    #5001,#5002,#5003,#5004,#5005,#5006,#5007,#5008,#5009,#5010,#5011,
    #5012,#5013,#5014,#5015,#5016,#5017,#5018,#5019,#5020,#5021,#5022,
    #5023,#5024,#5025,#5026,#5027,#5028,#5029,#5030,#5031,#5032,#5033,
    #5034,#5035,#5036,#5037,#5038,#5039,#5040,#5041,#5042,#5043,#5044,
    #5045,#5046,#5047),.UNSPECIFIED.,.T.,.F.,(1,6,5,5,5,5,5,5,5,5,5,5,5,
    5,5,5,5,5,5,5,5,5,6,1),(-5.5723745786E-02,0.,5.532045227152E-02,
    8.92758442729E-02,0.166953177643,0.251655506446,0.290369222648,
    0.332899827162,0.343378887993,0.375161029639,0.413596511043,
    0.498729218406,0.58386192577,0.622297407173,0.6435623687,
    0.654117833873,0.664673288462,0.707513946785,0.746509891169,
    0.831829711306,0.910073322852,0.944276254214,1.,1.055320452272),
  .UNSPECIFIED.);
#4941 = CARTESIAN_POINT('',(-36.06937007874,78.867157734315,
    49.000099060198));
#4942 = CARTESIAN_POINT('',(-36.06937007717,78.835218049379,
    49.000099060198));
#4943 = CARTESIAN_POINT('',(-36.07129790447,78.802405795746,
    49.000099060198));
#4944 = CARTESIAN_POINT('',(-36.0753510942,78.768898919081,
    49.000099060198));
#4945 = CARTESIAN_POINT('',(-36.081708172,78.7349298369,49.000099060198)
  );
#4946 = CARTESIAN_POINT('',(-36.09050691777,78.700776593045,
    49.000099060198));
#4947 = CARTESIAN_POINT('',(-36.10876823841,78.645871255123,
    49.000099060198));
#4948 = CARTESIAN_POINT('',(-36.11666188707,78.625036654581,
    49.000099060198));
#4949 = CARTESIAN_POINT('',(-36.1255218824,78.604323656472,
    49.000099060198));
#4950 = CARTESIAN_POINT('',(-36.13535680225,78.583807960944,
    49.000099060198));
#4951 = CARTESIAN_POINT('',(-36.14616549371,78.563567522341,
    49.000099060198));
#4952 = CARTESIAN_POINT('',(-36.18486630043,78.4981926832,
    49.000099060198));
#4953 = CARTESIAN_POINT('',(-36.21683705478,78.454549729211,
    49.000099060198));
#4954 = CARTESIAN_POINT('',(-36.25371095833,78.413719205027,
    49.000099060198));
#4955 = CARTESIAN_POINT('',(-36.29505113999,78.376628031911,
    49.000099060198));
#4956 = CARTESIAN_POINT('',(-36.3401640978,78.344051250081,
    49.000099060198));
#4957 = CARTESIAN_POINT('',(-36.44045845334,78.286454426219,
    49.000099060198));
#4958 = CARTESIAN_POINT('',(-36.49621213198,78.262368260499,
    49.000099060198));
#4959 = CARTESIAN_POINT('',(-36.55423368263,78.244917569773,
    49.000099060198));
#4960 = CARTESIAN_POINT('',(-36.61318012547,78.234341341237,
    49.000099060198));
#4961 = CARTESIAN_POINT('',(-36.6717406512,78.230430325046,
    49.000099060198));
#4962 = CARTESIAN_POINT('',(-36.75487127383,78.233630010918,
    49.000099060198));
#4963 = CARTESIAN_POINT('',(-36.78063698879,78.235909623553,
    49.000099060198));
#4964 = CARTESIAN_POINT('',(-36.80598710192,78.239412687652,
    49.000099060198));
#4965 = CARTESIAN_POINT('',(-36.83082843499,78.244072542923,
    49.000099060198));
#4966 = CARTESIAN_POINT('',(-36.85508057652,78.249812193021,
    49.000099060198));
#4967 = CARTESIAN_POINT('',(-36.90460047501,78.263948244673,
    49.000099060198));
#4968 = CARTESIAN_POINT('',(-36.92973303114,78.272550951874,
    49.000099060198));
#4969 = CARTESIAN_POINT('',(-36.95398680534,78.282245554929,
    49.000099060198));
#4970 = CARTESIAN_POINT('',(-36.97729583543,78.292912741809,
    49.000099060198));
#4971 = CARTESIAN_POINT('',(-36.99961498007,78.304430688568,
    49.000099060198));
#4972 = CARTESIAN_POINT('',(-37.02616003771,78.319695223885,
    49.000099060198));
#4973 = CARTESIAN_POINT('',(-37.03139497917,78.322785166346,
    49.000099060198));
#4974 = CARTESIAN_POINT('',(-37.03663648138,78.325960448137,
    49.000099060198));
#4975 = CARTESIAN_POINT('',(-37.04186776349,78.329213409505,
    49.000099060198));
#4976 = CARTESIAN_POINT('',(-37.04709817072,78.332551407933,
    49.000099060198));
#4977 = CARTESIAN_POINT('',(-37.06815756426,78.346346335273,
    49.000099060198));
#4978 = CARTESIAN_POINT('',(-37.0838611833,78.357442281321,
    49.000099060198));
#4979 = CARTESIAN_POINT('',(-37.09937735232,78.369271243116,
    49.000099060198));
#4980 = CARTESIAN_POINT('',(-37.11465043683,78.381838340961,
    49.000099060198));
#4981 = CARTESIAN_POINT('',(-37.12962250804,78.395142241813,
    49.000099060198));
#4982 = CARTESIAN_POINT('',(-37.16190297762,78.426145679213,
    49.000099060198));
#4983 = CARTESIAN_POINT('',(-37.1790450005,78.444182117752,
    49.000099060198));
#4984 = CARTESIAN_POINT('',(-37.19555423791,78.463269668882,
    49.000099060198));
#4985 = CARTESIAN_POINT('',(-37.21132388528,78.483378066478,
    49.000099060198));
#4986 = CARTESIAN_POINT('',(-37.22624954909,78.50446085276,
    49.000099060198));
#4987 = CARTESIAN_POINT('',(-37.27120657039,78.575169827082,
    49.000099060198));
#4988 = CARTESIAN_POINT('',(-37.29756879607,78.628370003383,
    49.000099060198));
#4989 = CARTESIAN_POINT('',(-37.31823365795,78.685347126707,
    49.000099060198));
#4990 = CARTESIAN_POINT('',(-37.33232900559,78.745036260322,
    49.000099060198));
#4991 = CARTESIAN_POINT('',(-37.33937263391,78.806106797481,
    49.000099060198));
#4992 = CARTESIAN_POINT('',(-37.33937263391,78.928208671149,
    49.000099060198));
#4993 = CARTESIAN_POINT('',(-37.33232900559,78.989279208309,
    49.000099060198));
#4994 = CARTESIAN_POINT('',(-37.31823365795,79.048968341923,
    49.000099060198));
#4995 = CARTESIAN_POINT('',(-37.29756879607,79.105945465247,
    49.000099060198));
#4996 = CARTESIAN_POINT('',(-37.27120657039,79.159145641548,
    49.000099060198));
#4997 = CARTESIAN_POINT('',(-37.22624954909,79.22985461587,
    49.000099060198));
#4998 = CARTESIAN_POINT('',(-37.21132388528,79.250937402153,
    49.000099060198));
#4999 = CARTESIAN_POINT('',(-37.19555423791,79.271045799749,
    49.000099060198));
#5000 = CARTESIAN_POINT('',(-37.1790450005,79.290133350878,
    49.000099060198));
#5001 = CARTESIAN_POINT('',(-37.16190297762,79.308169789417,
    49.000099060198));
#5002 = CARTESIAN_POINT('',(-37.13445739202,79.334529487601,
    49.000099060198));
#5003 = CARTESIAN_POINT('',(-37.12451984718,79.343592384818,
    49.000099060198));
#5004 = CARTESIAN_POINT('',(-37.11443860666,79.352326576036,
    49.000099060198));
#5005 = CARTESIAN_POINT('',(-37.10423119587,79.360730986541,
    49.000099060198));
#5006 = CARTESIAN_POINT('',(-37.09391476728,79.368805891866,
    49.000099060198));
#5007 = CARTESIAN_POINT('',(-37.07833945701,79.380398369323,
    49.000099060198));
#5008 = CARTESIAN_POINT('',(-37.07315759551,79.384157424617,
    49.000099060198));
#5009 = CARTESIAN_POINT('',(-37.06796266351,79.387830731941,
    49.000099060198));
#5010 = CARTESIAN_POINT('',(-37.06275673625,79.391419005467,
    49.000099060198));
#5011 = CARTESIAN_POINT('',(-37.05754181667,79.394923025266,
    49.000099060198));
#5012 = CARTESIAN_POINT('',(-37.04709817072,79.401764060697,
    49.000099060198));
#5013 = CARTESIAN_POINT('',(-37.04186776349,79.405102059126,
    49.000099060198));
#5014 = CARTESIAN_POINT('',(-37.03663648138,79.408355020494,
    49.000099060198));
#5015 = CARTESIAN_POINT('',(-37.03139497917,79.411530302285,
    49.000099060198));
#5016 = CARTESIAN_POINT('',(-37.02616003771,79.414620244746,
    49.000099060198));
#5017 = CARTESIAN_POINT('',(-36.99961498007,79.429884780063,
    49.000099060198));
#5018 = CARTESIAN_POINT('',(-36.97729583544,79.441402726822,
    49.000099060198));
#5019 = CARTESIAN_POINT('',(-36.95398680534,79.452069913702,
    49.000099060198));
#5020 = CARTESIAN_POINT('',(-36.92973303114,79.461764516756,
    49.000099060198));
#5021 = CARTESIAN_POINT('',(-36.90460047501,79.470367223958,
    49.000099060198));
#5022 = CARTESIAN_POINT('',(-36.85508057652,79.48450327561,
    49.000099060198));
#5023 = CARTESIAN_POINT('',(-36.83082843499,79.490242925708,
    49.000099060198));
#5024 = CARTESIAN_POINT('',(-36.80598710192,79.494902780979,
    49.000099060198));
#5025 = CARTESIAN_POINT('',(-36.78063698879,79.498405845078,
    49.000099060198));
#5026 = CARTESIAN_POINT('',(-36.75487127383,79.500685457713,
    49.000099060198));
#5027 = CARTESIAN_POINT('',(-36.6717406512,79.503885143585,
    49.000099060198));
#5028 = CARTESIAN_POINT('',(-36.61318012547,79.499974127394,
    49.000099060198));
#5029 = CARTESIAN_POINT('',(-36.55423368263,79.489397898858,
    49.000099060198));
#5030 = CARTESIAN_POINT('',(-36.49621213198,79.471947208132,
    49.000099060198));
#5031 = CARTESIAN_POINT('',(-36.44045845334,79.447861042412,
    49.000099060198));
#5032 = CARTESIAN_POINT('',(-36.3401640978,79.390264218549,
    49.000099060198));
#5033 = CARTESIAN_POINT('',(-36.29505113999,79.35768743672,
    49.000099060198));
#5034 = CARTESIAN_POINT('',(-36.25371095833,79.320596263603,
    49.000099060198));
#5035 = CARTESIAN_POINT('',(-36.21683705478,79.279765739419,
    49.000099060198));
#5036 = CARTESIAN_POINT('',(-36.18486630043,79.23612278543,
    49.000099060198));
#5037 = CARTESIAN_POINT('',(-36.14616549371,79.170747946289,
    49.000099060198));
#5038 = CARTESIAN_POINT('',(-36.13535680225,79.150507507687,
    49.000099060198));
#5039 = CARTESIAN_POINT('',(-36.1255218824,79.129991812159,
    49.000099060198));
#5040 = CARTESIAN_POINT('',(-36.11666188707,79.109278814049,
    49.000099060198));
#5041 = CARTESIAN_POINT('',(-36.10876823841,79.088444213507,
    49.000099060198));
#5042 = CARTESIAN_POINT('',(-36.09050691777,79.033538875585,
    49.000099060198));
#5043 = CARTESIAN_POINT('',(-36.081708172,78.99938563173,49.000099060198
    ));
#5044 = CARTESIAN_POINT('',(-36.0753510942,78.96541654955,
    49.000099060198));
#5045 = CARTESIAN_POINT('',(-36.07129790447,78.931909672884,
    49.000099060198));
#5046 = CARTESIAN_POINT('',(-36.06937007717,78.899097419251,
    49.000099060198));
#5047 = CARTESIAN_POINT('',(-36.06937007874,78.867157734315,
    49.000099060198));
#5048 = ORIENTED_EDGE('',*,*,#5049,.F.);
#5049 = EDGE_CURVE('',#4891,#4938,#5050,.T.);
#5050 = B_SPLINE_CURVE_WITH_KNOTS('',1,(#5051,#5052),.UNSPECIFIED.,.F.,
  .F.,(2,2),(0.,90.5512),.PIECEWISE_BEZIER_KNOTS.);
#5051 = CARTESIAN_POINT('',(-36.06937007874,78.867157734315,
    47.700093980188));
#5052 = CARTESIAN_POINT('',(-36.06937007874,78.867157734315,
    50.000099060198));
#5053 = ORIENTED_EDGE('',*,*,#4890,.T.);
#5054 = ORIENTED_EDGE('',*,*,#5049,.T.);
#5055 = ( BOUNDED_SURFACE() B_SPLINE_SURFACE(2,1,(
    (#5056,#5057)
    ,(#5058,#5059)
    ,(#5060,#5061)
    ,(#5062,#5063)
    ,(#5064,#5065)
    ,(#5066,#5067)
    ,(#5068,#5069
)),.UNSPECIFIED.,.T.,.F.,.F.) B_SPLINE_SURFACE_WITH_KNOTS((1,2,2,2,2,1),
  (2,2),(-2.094395102394,0.,2.094395102393,4.188790204786,6.28318530718,
    8.377580409573),(7.874,98.4252),.UNSPECIFIED.) 
GEOMETRIC_REPRESENTATION_ITEM() RATIONAL_B_SPLINE_SURFACE((
    (1.,1.)
    ,(0.5,0.5)
    ,(1.,1.)
    ,(0.5,0.5)
    ,(1.,1.)
    ,(0.5,0.5)
,(1.,1.))) REPRESENTATION_ITEM('') SURFACE() );
#5056 = CARTESIAN_POINT('',(-36.06937007874,78.867157734315,
    47.700093980188));
#5057 = CARTESIAN_POINT('',(-36.06937007874,78.867157734315,
    50.000099060198));
#5058 = CARTESIAN_POINT('',(-36.06937007874,79.967012196831,
    47.700093980188));
#5059 = CARTESIAN_POINT('',(-36.06937007874,79.967012196831,
    50.000099060198));
#5060 = CARTESIAN_POINT('',(-37.02187198374,79.417084965573,
    47.700093980188));
#5061 = CARTESIAN_POINT('',(-37.02187198374,79.417084965573,
    50.000099060198));
#5062 = CARTESIAN_POINT('',(-37.97437388874,78.867157734315,
    47.700093980188));
#5063 = CARTESIAN_POINT('',(-37.97437388874,78.867157734315,
    50.000099060198));
#5064 = CARTESIAN_POINT('',(-37.02187198374,78.317230503058,
    47.700093980188));
#5065 = CARTESIAN_POINT('',(-37.02187198374,78.317230503058,
    50.000099060198));
#5066 = CARTESIAN_POINT('',(-36.06937007874,77.7673032718,
    47.700093980188));
#5067 = CARTESIAN_POINT('',(-36.06937007874,77.7673032718,
    50.000099060198));
#5068 = CARTESIAN_POINT('',(-36.06937007874,78.867157734315,
    47.700093980188));
#5069 = CARTESIAN_POINT('',(-36.06937007874,78.867157734315,
    50.000099060198));
#5070 = ADVANCED_FACE('',(#5071),#5074,.F.);
#5071 = FACE_BOUND('',#5072,.F.);
#5072 = EDGE_LOOP('',(#5073));
#5073 = ORIENTED_EDGE('',*,*,#4937,.F.);
#5074 = PLANE('',#5075);
#5075 = AXIS2_PLACEMENT_3D('',#5076,#5077,#5078);
#5076 = CARTESIAN_POINT('',(-98.26219329438,-32.47606172212,
    49.000099060198));
#5077 = DIRECTION('',(0.,0.,1.));
#5078 = DIRECTION('',(1.,0.,-0.));
#5079 = ( GEOMETRIC_REPRESENTATION_CONTEXT(3) 
GLOBAL_UNCERTAINTY_ASSIGNED_CONTEXT((#5083)) 
GLOBAL_UNIT_ASSIGNED_CONTEXT((#5080,#5081,#5082)) REPRESENTATION_CONTEXT
('Context #1','3D Context with UNIT and UNCERTAINTY') );
#5080 = ( LENGTH_UNIT() NAMED_UNIT(*) SI_UNIT(.MILLI.,.METRE.) );
#5081 = ( NAMED_UNIT(*) PLANE_ANGLE_UNIT() SI_UNIT($,.RADIAN.) );
#5082 = ( NAMED_UNIT(*) SI_UNIT($,.STERADIAN.) SOLID_ANGLE_UNIT() );
#5083 = UNCERTAINTY_MEASURE_WITH_UNIT(LENGTH_MEASURE(1.E-07),#5080,
  'distance_accuracy_value','confusion accuracy');
#5084 = PRODUCT_RELATED_PRODUCT_CATEGORY('part',$,(#7));
ENDSEC;
END-ISO-10303-21;
