ISO-10303-21;
HEADER;
FILE_DESCRIPTION(('FreeCAD Model'),'2;1');
FILE_NAME('Open CASCADE Shape Model','2026-02-21T04:27:05',('FreeCAD'),(
    'FreeCAD'),'Open CASCADE STEP processor 7.8','FreeCAD','Unknown');
FILE_SCHEMA(('AUTOMOTIVE_DESIGN { 1 0 10303 214 1 1 1 1 }'));
ENDSEC;
DATA;
#1 = APPLICATION_PROTOCOL_DEFINITION('international standard',
  'automotive_design',2000,#2);
#2 = APPLICATION_CONTEXT(
  'core data for automotive mechanical design processes');
#3 = SHAPE_DEFINITION_REPRESENTATION(#4,#10);
#4 = PRODUCT_DEFINITION_SHAPE('','',#5);
#5 = PRODUCT_DEFINITION('design','',#6,#9);
#6 = PRODUCT_DEFINITION_FORMATION('','',#7);
#7 = PRODUCT('Open CASCADE STEP translator 7.8 1',
  'Open CASCADE STEP translator 7.8 1','',(#8));
#8 = PRODUCT_CONTEXT('',#2,'mechanical');
#9 = PRODUCT_DEFINITION_CONTEXT('part definition',#2,'design');
#10 = ADVANCED_BREP_SHAPE_REPRESENTATION('',(#11,#15),#11514);
#11 = AXIS2_PLACEMENT_3D('',#12,#13,#14);
#12 = CARTESIAN_POINT('',(0.,0.,0.));
#13 = DIRECTION('',(0.,0.,1.));
#14 = DIRECTION('',(1.,0.,-0.));
#15 = MANIFOLD_SOLID_BREP('',#16);
#16 = CLOSED_SHELL('',(#17,#67,#110,#160,#203,#917,#948,#1008,#1142,
    #1207,#1267,#1332,#1397,#1465,#1686,#1704,#1790,#1821,#1845,#1869,
    #1893,#1917,#1941,#1965,#1982,#2075,#2153,#2442,#2464,#2492,#2509,
    #2550,#2562,#2584,#2601,#2618,#2630,#2672,#2714,#2756,#2798,#2840,
    #2882,#2924,#2966,#3291,#3308,#3320,#3645,#3662,#3674,#3999,#4016,
    #4028,#4353,#4369,#4381,#4400,#4410,#4420,#5358,#5387,#5409,#5432,
    #5461,#5483,#5506,#5535,#5557,#5580,#5609,#5631,#5654,#5719,#5738,
    #5756,#5920,#6084,#6248,#6412,#6708,#7004,#7300,#7596,#7712,#7734,
    #7756,#7772,#7794,#7816,#7832,#7854,#7876,#7892,#8008,#8030,#8052,
    #8068,#8090,#8112,#8128,#8150,#8212,#8234,#8356,#8378,#8400,#8416,
    #8438,#8460,#8476,#8498,#8520,#8536,#8552,#8574,#8636,#8651,#8667,
    #8678,#8693,#8709,#8720,#8736,#8752,#8868,#8890,#8912,#8928,#8971,
    #9093,#9115,#9137,#9153,#9175,#9197,#9213,#9235,#9257,#9273,#9310,
    #9332,#9354,#9370,#9486,#9508,#9530,#9546,#9589,#9711,#9733,#9755,
    #9771,#9793,#9815,#9831,#9853,#9875,#9891,#9928,#9950,#9972,#9988,
    #10016,#10038,#10160,#10182,#10204,#10220,#10242,#10264,#10280,
    #10302,#10324,#10340,#10356,#10368,#10380,#10393,#10406,#10416,
    #10426,#10437,#10448,#10459,#10470,#10493,#10505,#10517,#10529,
    #10552,#10564,#10576,#10588,#10600,#10612,#10625,#10648,#10660,
    #10672,#10685,#10708,#10724,#10736,#10752,#10768,#10780,#10793,
    #10816,#10828,#10840,#10853,#10876,#10892,#10904,#10920,#10936,
    #10948,#10961,#10984,#10996,#11008,#11021,#11044,#11056,#11068,
    #11080,#11117,#11154,#11191,#11228,#11265,#11302,#11339,#11376,
    #11385,#11394,#11403,#11412,#11421,#11430,#11439,#11448,#11476));
#17 = ADVANCED_FACE('',(#18),#62,.T.);
#18 = FACE_BOUND('',#19,.T.);
#19 = EDGE_LOOP('',(#20,#29,#36,#43,#50,#57));
#20 = ORIENTED_EDGE('',*,*,#21,.F.);
#21 = EDGE_CURVE('',#22,#24,#26,.T.);
#22 = VERTEX_POINT('',#23);
#23 = CARTESIAN_POINT('',(-7.937515875032,-40.93357886715,-1.5));
#24 = VERTEX_POINT('',#25);
#25 = CARTESIAN_POINT('',(-7.937515875032,-32.48,-1.5));
#26 = B_SPLINE_CURVE_WITH_KNOTS('',1,(#27,#28),.UNSPECIFIED.,.F.,.F.,(2,
    2),(0.,332.97245),.PIECEWISE_BEZIER_KNOTS.);
#27 = CARTESIAN_POINT('',(-7.937515875032,-40.93357886715,-1.5));
#28 = CARTESIAN_POINT('',(-7.937515875032,-32.47606172212,-1.5));
#29 = ORIENTED_EDGE('',*,*,#30,.T.);
#30 = EDGE_CURVE('',#22,#31,#33,.T.);
#31 = VERTEX_POINT('',#32);
#32 = CARTESIAN_POINT('',(-7.937515875032,-40.93357886715,1.5));
#33 = B_SPLINE_CURVE_WITH_KNOTS('',1,(#34,#35),.UNSPECIFIED.,.F.,.F.,(2,
    2),(0.,118.1102),.PIECEWISE_BEZIER_KNOTS.);
#34 = CARTESIAN_POINT('',(-7.937515875032,-40.93357886715,-1.5));
#35 = CARTESIAN_POINT('',(-7.937515875032,-40.93357886715,1.50000508001)
  );
#36 = ORIENTED_EDGE('',*,*,#37,.F.);
#37 = EDGE_CURVE('',#38,#31,#40,.T.);
#38 = VERTEX_POINT('',#39);
#39 = CARTESIAN_POINT('',(-7.937515875032,-39.43357886715,1.500005080009
    ));
#40 = B_SPLINE_CURVE_WITH_KNOTS('',1,(#41,#42),.UNSPECIFIED.,.F.,.F.,(2,
    2),(0.,1.),.PIECEWISE_BEZIER_KNOTS.);
#41 = CARTESIAN_POINT('',(-7.937515875032,-32.48,1.5));
#42 = CARTESIAN_POINT('',(-7.937515875032,-40.93357886715,1.5));
#43 = ORIENTED_EDGE('',*,*,#44,.T.);
#44 = EDGE_CURVE('',#38,#45,#47,.T.);
#45 = VERTEX_POINT('',#46);
#46 = CARTESIAN_POINT('',(-7.937515875032,-32.48,1.500000090005));
#47 = B_SPLINE_CURVE_WITH_KNOTS('',1,(#48,#49),.UNSPECIFIED.,.F.,.F.,(2,
    2),(0.,332.97245),.PIECEWISE_BEZIER_KNOTS.);
#48 = CARTESIAN_POINT('',(-7.937515875032,-39.43357886715,1.50000508001)
  );
#49 = CARTESIAN_POINT('',(-7.937515875032,-30.97606172212,1.50000508001)
  );
#50 = ORIENTED_EDGE('',*,*,#51,.T.);
#51 = EDGE_CURVE('',#45,#52,#54,.T.);
#52 = VERTEX_POINT('',#53);
#53 = CARTESIAN_POINT('',(-7.937515875032,-32.48,0.));
#54 = B_SPLINE_CURVE_WITH_KNOTS('',1,(#55,#56),.UNSPECIFIED.,.F.,.F.,(2,
    2),(0.,1.),.PIECEWISE_BEZIER_KNOTS.);
#55 = CARTESIAN_POINT('',(-7.937515875032,-32.48,3.));
#56 = CARTESIAN_POINT('',(-7.937515875032,-32.48,0.));
#57 = ORIENTED_EDGE('',*,*,#58,.T.);
#58 = EDGE_CURVE('',#52,#24,#59,.T.);
#59 = B_SPLINE_CURVE_WITH_KNOTS('',1,(#60,#61),.UNSPECIFIED.,.F.,.F.,(2,
    2),(0.,1.),.PIECEWISE_BEZIER_KNOTS.);
#60 = CARTESIAN_POINT('',(-7.937515875032,-32.48,1.5));
#61 = CARTESIAN_POINT('',(-7.937515875032,-32.48,-1.5));
#62 = B_SPLINE_SURFACE_WITH_KNOTS('',1,1,(
    (#63,#64)
    ,(#65,#66
    )),.UNSPECIFIED.,.F.,.F.,.F.,(2,2),(2,2),(0.,332.97245),(-118.1102,
    0.),.PIECEWISE_BEZIER_KNOTS.);
#63 = CARTESIAN_POINT('',(-7.937515875032,-40.93357886715,1.50000508001)
  );
#64 = CARTESIAN_POINT('',(-7.937515875032,-40.93357886715,-1.5));
#65 = CARTESIAN_POINT('',(-7.937515875032,-32.47606172212,1.50000508001)
  );
#66 = CARTESIAN_POINT('',(-7.937515875032,-32.47606172212,-1.5));
#67 = ADVANCED_FACE('',(#68,#91),#105,.T.);
#68 = FACE_BOUND('',#69,.T.);
#69 = EDGE_LOOP('',(#70,#71,#79,#86));
#70 = ORIENTED_EDGE('',*,*,#21,.T.);
#71 = ORIENTED_EDGE('',*,*,#72,.T.);
#72 = EDGE_CURVE('',#24,#73,#75,.T.);
#73 = VERTEX_POINT('',#74);
#74 = CARTESIAN_POINT('',(1.587503175006,-32.48,-1.5));
#75 = LINE('',#76,#77);
#76 = CARTESIAN_POINT('',(-98.26219329438,-32.48,-1.5));
#77 = VECTOR('',#78,1.);
#78 = DIRECTION('',(1.,0.,-0.));
#79 = ORIENTED_EDGE('',*,*,#80,.T.);
#80 = EDGE_CURVE('',#73,#81,#83,.T.);
#81 = VERTEX_POINT('',#82);
#82 = CARTESIAN_POINT('',(1.587503175006,-40.93357886715,-1.5));
#83 = B_SPLINE_CURVE_WITH_KNOTS('',1,(#84,#85),.UNSPECIFIED.,.F.,.F.,(2,
    2),(2.02755,335.),.PIECEWISE_BEZIER_KNOTS.);
#84 = CARTESIAN_POINT('',(1.587503175006,-32.47606172212,-1.5));
#85 = CARTESIAN_POINT('',(1.587503175006,-40.93357886715,-1.5));
#86 = ORIENTED_EDGE('',*,*,#87,.T.);
#87 = EDGE_CURVE('',#81,#22,#88,.T.);
#88 = B_SPLINE_CURVE_WITH_KNOTS('',1,(#89,#90),.UNSPECIFIED.,.F.,.F.,(2,
    2),(0.,375.),.PIECEWISE_BEZIER_KNOTS.);
#89 = CARTESIAN_POINT('',(1.587503175006,-40.93357886715,-1.5));
#90 = CARTESIAN_POINT('',(-7.937515875032,-40.93357886715,-1.5));
#91 = FACE_BOUND('',#92,.T.);
#92 = EDGE_LOOP('',(#93));
#93 = ORIENTED_EDGE('',*,*,#94,.T.);
#94 = EDGE_CURVE('',#95,#95,#97,.T.);
#95 = VERTEX_POINT('',#96);
#96 = CARTESIAN_POINT('',(-0.648001016002,-36.67907035814,-1.5));
#97 = ( BOUNDED_CURVE() B_SPLINE_CURVE(2,(#98,#99,#100,#101,#102,#103,
#104),.UNSPECIFIED.,.T.,.F.) B_SPLINE_CURVE_WITH_KNOTS((1,2,2,2,2,1),(
    -2.094395102394,0.,2.094395102393,4.188790204786,6.28318530718,
8.377580409573),.UNSPECIFIED.) CURVE() GEOMETRIC_REPRESENTATION_ITEM() 
RATIONAL_B_SPLINE_CURVE((1.,0.5,1.,0.5,1.,0.5,1.)) REPRESENTATION_ITEM(
  '') );
#98 = CARTESIAN_POINT('',(-0.648001016002,-36.67907035814,-1.5));
#99 = CARTESIAN_POINT('',(-0.648001016002,-32.52213962114,-1.5));
#100 = CARTESIAN_POINT('',(-4.248008636017,-34.60060498964,-1.5));
#101 = CARTESIAN_POINT('',(-7.848016256033,-36.67907035814,-1.5));
#102 = CARTESIAN_POINT('',(-4.248008636017,-38.75753572664,-1.5));
#103 = CARTESIAN_POINT('',(-0.648001016002,-40.83600109514,-1.5));
#104 = CARTESIAN_POINT('',(-0.648001016002,-36.67907035814,-1.5));
#105 = B_SPLINE_SURFACE_WITH_KNOTS('',1,1,(
    (#106,#107)
    ,(#108,#109
    )),.UNSPECIFIED.,.F.,.F.,.F.,(2,2),(2,2),(-1.97202755E+03,
    1.97202755E+03),(-2.825E+03,2.8252224E+03),
  .PIECEWISE_BEZIER_KNOTS.);
#106 = CARTESIAN_POINT('',(3.417006604013,-40.93357886715,-1.5));
#107 = CARTESIAN_POINT('',(3.417006604013,102.58235712471,-1.5));
#108 = CARTESIAN_POINT('',(-96.76219329438,-40.93357886715,-1.5));
#109 = CARTESIAN_POINT('',(-96.76219329438,102.58235712471,-1.5));
#110 = ADVANCED_FACE('',(#111),#155,.T.);
#111 = FACE_BOUND('',#112,.T.);
#112 = EDGE_LOOP('',(#113,#122,#129,#136,#143,#150));
#113 = ORIENTED_EDGE('',*,*,#114,.F.);
#114 = EDGE_CURVE('',#115,#117,#119,.T.);
#115 = VERTEX_POINT('',#116);
#116 = CARTESIAN_POINT('',(-94.93268986538,-40.93357886715,-1.5));
#117 = VERTEX_POINT('',#118);
#118 = CARTESIAN_POINT('',(-94.93268986538,-32.48,-1.5));
#119 = B_SPLINE_CURVE_WITH_KNOTS('',1,(#120,#121),.UNSPECIFIED.,.F.,.F.,
  (2,2),(0.,332.97245),.PIECEWISE_BEZIER_KNOTS.);
#120 = CARTESIAN_POINT('',(-94.93268986538,-40.93357886715,-1.5));
#121 = CARTESIAN_POINT('',(-94.93268986538,-32.47606172212,-1.5));
#122 = ORIENTED_EDGE('',*,*,#123,.T.);
#123 = EDGE_CURVE('',#115,#124,#126,.T.);
#124 = VERTEX_POINT('',#125);
#125 = CARTESIAN_POINT('',(-94.93268986538,-40.93357886715,1.5));
#126 = B_SPLINE_CURVE_WITH_KNOTS('',1,(#127,#128),.UNSPECIFIED.,.F.,.F.,
  (2,2),(0.,118.1102),.PIECEWISE_BEZIER_KNOTS.);
#127 = CARTESIAN_POINT('',(-94.93268986538,-40.93357886715,-1.5));
#128 = CARTESIAN_POINT('',(-94.93268986538,-40.93357886715,1.50000508001
    ));
#129 = ORIENTED_EDGE('',*,*,#130,.F.);
#130 = EDGE_CURVE('',#131,#124,#133,.T.);
#131 = VERTEX_POINT('',#132);
#132 = CARTESIAN_POINT('',(-94.93268986538,-39.43357886715,
    1.500005080009));
#133 = B_SPLINE_CURVE_WITH_KNOTS('',1,(#134,#135),.UNSPECIFIED.,.F.,.F.,
  (2,2),(0.,1.),.PIECEWISE_BEZIER_KNOTS.);
#134 = CARTESIAN_POINT('',(-94.93268986538,-32.48,1.5));
#135 = CARTESIAN_POINT('',(-94.93268986538,-40.93357886715,1.5));
#136 = ORIENTED_EDGE('',*,*,#137,.T.);
#137 = EDGE_CURVE('',#131,#138,#140,.T.);
#138 = VERTEX_POINT('',#139);
#139 = CARTESIAN_POINT('',(-94.93268986538,-32.48,1.500000090005));
#140 = B_SPLINE_CURVE_WITH_KNOTS('',1,(#141,#142),.UNSPECIFIED.,.F.,.F.,
  (2,2),(0.,332.97245),.PIECEWISE_BEZIER_KNOTS.);
#141 = CARTESIAN_POINT('',(-94.93268986538,-39.43357886715,1.50000508001
    ));
#142 = CARTESIAN_POINT('',(-94.93268986538,-30.97606172212,1.50000508001
    ));
#143 = ORIENTED_EDGE('',*,*,#144,.T.);
#144 = EDGE_CURVE('',#138,#145,#147,.T.);
#145 = VERTEX_POINT('',#146);
#146 = CARTESIAN_POINT('',(-94.93268986538,-32.48,0.));
#147 = B_SPLINE_CURVE_WITH_KNOTS('',1,(#148,#149),.UNSPECIFIED.,.F.,.F.,
  (2,2),(0.,1.),.PIECEWISE_BEZIER_KNOTS.);
#148 = CARTESIAN_POINT('',(-94.93268986538,-32.48,3.));
#149 = CARTESIAN_POINT('',(-94.93268986538,-32.48,0.));
#150 = ORIENTED_EDGE('',*,*,#151,.T.);
#151 = EDGE_CURVE('',#145,#117,#152,.T.);
#152 = B_SPLINE_CURVE_WITH_KNOTS('',1,(#153,#154),.UNSPECIFIED.,.F.,.F.,
  (2,2),(0.,1.),.PIECEWISE_BEZIER_KNOTS.);
#153 = CARTESIAN_POINT('',(-94.93268986538,-32.48,1.5));
#154 = CARTESIAN_POINT('',(-94.93268986538,-32.48,-1.5));
#155 = B_SPLINE_SURFACE_WITH_KNOTS('',1,1,(
    (#156,#157)
    ,(#158,#159
    )),.UNSPECIFIED.,.F.,.F.,.F.,(2,2),(2,2),(0.,332.97245),(-118.1102,
    0.),.PIECEWISE_BEZIER_KNOTS.);
#156 = CARTESIAN_POINT('',(-94.93268986538,-40.93357886715,1.50000508001
    ));
#157 = CARTESIAN_POINT('',(-94.93268986538,-40.93357886715,-1.5));
#158 = CARTESIAN_POINT('',(-94.93268986538,-32.47606172212,1.50000508001
    ));
#159 = CARTESIAN_POINT('',(-94.93268986538,-32.47606172212,-1.5));
#160 = ADVANCED_FACE('',(#161,#184),#198,.T.);
#161 = FACE_BOUND('',#162,.T.);
#162 = EDGE_LOOP('',(#163,#164,#172,#179));
#163 = ORIENTED_EDGE('',*,*,#114,.T.);
#164 = ORIENTED_EDGE('',*,*,#165,.T.);
#165 = EDGE_CURVE('',#117,#166,#168,.T.);
#166 = VERTEX_POINT('',#167);
#167 = CARTESIAN_POINT('',(-85.40767081534,-32.48,-1.5));
#168 = LINE('',#169,#170);
#169 = CARTESIAN_POINT('',(-98.26219329438,-32.48,-1.5));
#170 = VECTOR('',#171,1.);
#171 = DIRECTION('',(1.,0.,-0.));
#172 = ORIENTED_EDGE('',*,*,#173,.T.);
#173 = EDGE_CURVE('',#166,#174,#176,.T.);
#174 = VERTEX_POINT('',#175);
#175 = CARTESIAN_POINT('',(-85.40767081534,-40.93357886715,-1.5));
#176 = B_SPLINE_CURVE_WITH_KNOTS('',1,(#177,#178),.UNSPECIFIED.,.F.,.F.,
  (2,2),(2.02755,335.),.PIECEWISE_BEZIER_KNOTS.);
#177 = CARTESIAN_POINT('',(-85.40767081534,-32.47606172212,-1.5));
#178 = CARTESIAN_POINT('',(-85.40767081534,-40.93357886715,-1.5));
#179 = ORIENTED_EDGE('',*,*,#180,.T.);
#180 = EDGE_CURVE('',#174,#115,#181,.T.);
#181 = B_SPLINE_CURVE_WITH_KNOTS('',1,(#182,#183),.UNSPECIFIED.,.F.,.F.,
  (2,2),(0.,375.),.PIECEWISE_BEZIER_KNOTS.);
#182 = CARTESIAN_POINT('',(-85.40767081534,-40.93357886715,-1.5));
#183 = CARTESIAN_POINT('',(-94.93268986538,-40.93357886715,-1.5));
#184 = FACE_BOUND('',#185,.T.);
#185 = EDGE_LOOP('',(#186));
#186 = ORIENTED_EDGE('',*,*,#187,.T.);
#187 = EDGE_CURVE('',#188,#188,#190,.T.);
#188 = VERTEX_POINT('',#189);
#189 = CARTESIAN_POINT('',(-87.64317500635,-36.67907035814,-1.5));
#190 = ( BOUNDED_CURVE() B_SPLINE_CURVE(2,(#191,#192,#193,#194,#195,#196
,#197),.UNSPECIFIED.,.T.,.F.) B_SPLINE_CURVE_WITH_KNOTS((1,2,2,2,2,1),(
    -2.094395102394,0.,2.094395102393,4.188790204786,6.28318530718,
8.377580409573),.UNSPECIFIED.) CURVE() GEOMETRIC_REPRESENTATION_ITEM() 
RATIONAL_B_SPLINE_CURVE((1.,0.5,1.,0.5,1.,0.5,1.)) REPRESENTATION_ITEM(
  '') );
#191 = CARTESIAN_POINT('',(-87.64317500635,-36.67907035814,-1.5));
#192 = CARTESIAN_POINT('',(-87.64317500635,-32.52213962114,-1.5));
#193 = CARTESIAN_POINT('',(-91.24318262636,-34.60060498964,-1.5));
#194 = CARTESIAN_POINT('',(-94.84319024638,-36.67907035814,-1.5));
#195 = CARTESIAN_POINT('',(-91.24318262636,-38.75753572664,-1.5));
#196 = CARTESIAN_POINT('',(-87.64317500635,-40.83600109514,-1.5));
#197 = CARTESIAN_POINT('',(-87.64317500635,-36.67907035814,-1.5));
#198 = B_SPLINE_SURFACE_WITH_KNOTS('',1,1,(
    (#199,#200)
    ,(#201,#202
    )),.UNSPECIFIED.,.F.,.F.,.F.,(2,2),(2,2),(-1.97202755E+03,
    1.97202755E+03),(-2.825E+03,2.8252224E+03),
  .PIECEWISE_BEZIER_KNOTS.);
#199 = CARTESIAN_POINT('',(3.417006604013,-40.93357886715,-1.5));
#200 = CARTESIAN_POINT('',(3.417006604013,102.58235712471,-1.5));
#201 = CARTESIAN_POINT('',(-96.76219329438,-40.93357886715,-1.5));
#202 = CARTESIAN_POINT('',(-96.76219329438,102.58235712471,-1.5));
#203 = ADVANCED_FACE('',(#204,#238),#912,.T.);
#204 = FACE_BOUND('',#205,.T.);
#205 = EDGE_LOOP('',(#206,#216,#224,#232));
#206 = ORIENTED_EDGE('',*,*,#207,.T.);
#207 = EDGE_CURVE('',#208,#210,#212,.T.);
#208 = VERTEX_POINT('',#209);
#209 = CARTESIAN_POINT('',(-98.26219329438,-32.48,35.000071120142));
#210 = VERTEX_POINT('',#211);
#211 = CARTESIAN_POINT('',(4.917006604013,-32.48,35.000071120142));
#212 = LINE('',#213,#214);
#213 = CARTESIAN_POINT('',(-98.26219329438,-32.48,35.000071120142));
#214 = VECTOR('',#215,1.);
#215 = DIRECTION('',(1.,0.,-0.));
#216 = ORIENTED_EDGE('',*,*,#217,.T.);
#217 = EDGE_CURVE('',#210,#218,#220,.T.);
#218 = VERTEX_POINT('',#219);
#219 = CARTESIAN_POINT('',(4.917006604013,97.12,35.000071120142));
#220 = LINE('',#221,#222);
#221 = CARTESIAN_POINT('',(4.917006604013,-32.48,35.000071120142));
#222 = VECTOR('',#223,1.);
#223 = DIRECTION('',(-0.,1.,0.));
#224 = ORIENTED_EDGE('',*,*,#225,.F.);
#225 = EDGE_CURVE('',#226,#218,#228,.T.);
#226 = VERTEX_POINT('',#227);
#227 = CARTESIAN_POINT('',(-98.26219329438,97.12,35.000071120142));
#228 = LINE('',#229,#230);
#229 = CARTESIAN_POINT('',(2.417006604013,97.12,35.000071120142));
#230 = VECTOR('',#231,1.);
#231 = DIRECTION('',(1.,0.,-0.));
#232 = ORIENTED_EDGE('',*,*,#233,.F.);
#233 = EDGE_CURVE('',#208,#226,#234,.T.);
#234 = LINE('',#235,#236);
#235 = CARTESIAN_POINT('',(-98.26219329438,-32.48,35.000071120142));
#236 = VECTOR('',#237,1.);
#237 = DIRECTION('',(-0.,1.,0.));
#238 = FACE_BOUND('',#239,.T.);
#239 = EDGE_LOOP('',(#240,#249,#256,#263,#270,#277,#284,#291,#298,#305,
    #312,#319,#326,#333,#340,#347,#354,#361,#368,#375,#382,#389,#396,
    #403,#410,#417,#424,#431,#438,#445,#452,#459,#466,#473,#480,#487,
    #494,#501,#508,#515,#522,#529,#536,#543,#550,#557,#564,#571,#578,
    #585,#592,#599,#606,#613,#620,#627,#634,#641,#648,#655,#662,#669,
    #676,#683,#690,#697,#704,#711,#718,#725,#732,#739,#746,#753,#760,
    #767,#774,#781,#788,#795,#802,#809,#816,#823,#830,#837,#844,#851,
    #858,#865,#872,#879,#886,#893,#900,#907));
#240 = ORIENTED_EDGE('',*,*,#241,.T.);
#241 = EDGE_CURVE('',#242,#244,#246,.T.);
#242 = VERTEX_POINT('',#243);
#243 = CARTESIAN_POINT('',(-96.76219329438,-30.22606045212,
    35.000071120142));
#244 = VERTEX_POINT('',#245);
#245 = CARTESIAN_POINT('',(-96.76219329438,94.869189738379,
    35.000071120142));
#246 = B_SPLINE_CURVE_WITH_KNOTS('',1,(#247,#248),.UNSPECIFIED.,.F.,.F.,
  (2,2),(0.,4.925E+03),.PIECEWISE_BEZIER_KNOTS.);
#247 = CARTESIAN_POINT('',(-96.76219329438,-30.22606045212,
    35.000071120142));
#248 = CARTESIAN_POINT('',(-96.76219329438,94.869189738379,
    35.000071120142));
#249 = ORIENTED_EDGE('',*,*,#250,.T.);
#250 = EDGE_CURVE('',#244,#251,#253,.T.);
#251 = VERTEX_POINT('',#252);
#252 = CARTESIAN_POINT('',(-96.76044486831,94.920371635071,
    35.000071120142));
#253 = B_SPLINE_CURVE_WITH_KNOTS('',1,(#254,#255),.UNSPECIFIED.,.F.,.F.,
  (2,2),(0.,2.016206676143),.PIECEWISE_BEZIER_KNOTS.);
#254 = CARTESIAN_POINT('',(-96.76219329438,94.869189738379,
    35.000071120142));
#255 = CARTESIAN_POINT('',(-96.76044486831,94.920371635071,
    35.000071120142));
#256 = ORIENTED_EDGE('',*,*,#257,.T.);
#257 = EDGE_CURVE('',#251,#258,#260,.T.);
#258 = VERTEX_POINT('',#259);
#259 = CARTESIAN_POINT('',(-96.75520774208,94.971314898134,
    35.000071120142));
#260 = B_SPLINE_CURVE_WITH_KNOTS('',1,(#261,#262),.UNSPECIFIED.,.F.,.F.,
  (2,2),(0.,2.016206676144),.PIECEWISE_BEZIER_KNOTS.);
#261 = CARTESIAN_POINT('',(-96.76044486831,94.920371635071,
    35.000071120142));
#262 = CARTESIAN_POINT('',(-96.75520774208,94.971314898134,
    35.000071120142));
#263 = ORIENTED_EDGE('',*,*,#264,.T.);
#264 = EDGE_CURVE('',#258,#265,#267,.T.);
#265 = VERTEX_POINT('',#266);
#266 = CARTESIAN_POINT('',(-96.74650633358,95.021782006559,
    35.000071120142));
#267 = B_SPLINE_CURVE_WITH_KNOTS('',1,(#268,#269),.UNSPECIFIED.,.F.,.F.,
  (2,2),(0.,2.016206676143),.PIECEWISE_BEZIER_KNOTS.);
#268 = CARTESIAN_POINT('',(-96.75520774208,94.971314898134,
    35.000071120142));
#269 = CARTESIAN_POINT('',(-96.74650633358,95.021782006559,
    35.000071120142));
#270 = ORIENTED_EDGE('',*,*,#271,.T.);
#271 = EDGE_CURVE('',#265,#272,#274,.T.);
#272 = VERTEX_POINT('',#273);
#273 = CARTESIAN_POINT('',(-96.7343812128,95.07153765939,35.000071120142
    ));
#274 = B_SPLINE_CURVE_WITH_KNOTS('',1,(#275,#276),.UNSPECIFIED.,.F.,.F.,
  (2,2),(0.,2.016206676144),.PIECEWISE_BEZIER_KNOTS.);
#275 = CARTESIAN_POINT('',(-96.74650633358,95.021782006559,
    35.000071120142));
#276 = CARTESIAN_POINT('',(-96.7343812128,95.07153765939,35.000071120142
    ));
#277 = ORIENTED_EDGE('',*,*,#278,.T.);
#278 = EDGE_CURVE('',#272,#279,#281,.T.);
#279 = VERTEX_POINT('',#280);
#280 = CARTESIAN_POINT('',(-96.71888891264,95.120349872806,
    35.000071120142));
#281 = B_SPLINE_CURVE_WITH_KNOTS('',1,(#282,#283),.UNSPECIFIED.,.F.,.F.,
  (2,2),(0.,2.016206676143),.PIECEWISE_BEZIER_KNOTS.);
#282 = CARTESIAN_POINT('',(-96.7343812128,95.07153765939,35.000071120142
    ));
#283 = CARTESIAN_POINT('',(-96.71888891264,95.120349872806,
    35.000071120142));
#284 = ORIENTED_EDGE('',*,*,#285,.T.);
#285 = EDGE_CURVE('',#279,#286,#288,.T.);
#286 = VERTEX_POINT('',#287);
#287 = CARTESIAN_POINT('',(-96.70010166537,95.167991061735,
    35.000071120142));
#288 = B_SPLINE_CURVE_WITH_KNOTS('',1,(#289,#290),.UNSPECIFIED.,.F.,.F.,
  (2,2),(0.,2.016206676143),.PIECEWISE_BEZIER_KNOTS.);
#289 = CARTESIAN_POINT('',(-96.71888891264,95.120349872806,
    35.000071120142));
#290 = CARTESIAN_POINT('',(-96.70010166537,95.167991061735,
    35.000071120142));
#291 = ORIENTED_EDGE('',*,*,#292,.T.);
#292 = EDGE_CURVE('',#286,#293,#295,.T.);
#293 = VERTEX_POINT('',#294);
#294 = CARTESIAN_POINT('',(-96.6781070658,95.214239100962,
    35.000071120142));
#295 = B_SPLINE_CURVE_WITH_KNOTS('',1,(#296,#297),.UNSPECIFIED.,.F.,.F.,
  (2,2),(0.,2.016206676143),.PIECEWISE_BEZIER_KNOTS.);
#296 = CARTESIAN_POINT('',(-96.70010166537,95.167991061735,
    35.000071120142));
#297 = CARTESIAN_POINT('',(-96.6781070658,95.214239100962,
    35.000071120142));
#298 = ORIENTED_EDGE('',*,*,#299,.T.);
#299 = EDGE_CURVE('',#293,#300,#302,.T.);
#300 = VERTEX_POINT('',#301);
#301 = CARTESIAN_POINT('',(-96.6530076629,95.258878360779,
    35.000071120142));
#302 = B_SPLINE_CURVE_WITH_KNOTS('',1,(#303,#304),.UNSPECIFIED.,.F.,.F.,
  (2,2),(0.,2.016206676143),.PIECEWISE_BEZIER_KNOTS.);
#303 = CARTESIAN_POINT('',(-96.6781070658,95.214239100962,
    35.000071120142));
#304 = CARTESIAN_POINT('',(-96.6530076629,95.258878360779,
    35.000071120142));
#305 = ORIENTED_EDGE('',*,*,#306,.T.);
#306 = EDGE_CURVE('',#300,#307,#309,.T.);
#307 = VERTEX_POINT('',#308);
#308 = CARTESIAN_POINT('',(-96.62492048169,95.301700712351,
    35.000071120142));
#309 = B_SPLINE_CURVE_WITH_KNOTS('',1,(#310,#311),.UNSPECIFIED.,.F.,.F.,
  (2,2),(0.,2.016206676144),.PIECEWISE_BEZIER_KNOTS.);
#310 = CARTESIAN_POINT('',(-96.6530076629,95.258878360779,
    35.000071120142));
#311 = CARTESIAN_POINT('',(-96.62492048169,95.301700712351,
    35.000071120142));
#312 = ORIENTED_EDGE('',*,*,#313,.T.);
#313 = EDGE_CURVE('',#307,#314,#316,.T.);
#314 = VERTEX_POINT('',#315);
#315 = CARTESIAN_POINT('',(-96.59397647756,95.342506498107,
    35.000071120142));
#316 = B_SPLINE_CURVE_WITH_KNOTS('',1,(#317,#318),.UNSPECIFIED.,.F.,.F.,
  (2,2),(0.,2.016206676143),.PIECEWISE_BEZIER_KNOTS.);
#317 = CARTESIAN_POINT('',(-96.62492048169,95.301700712351,
    35.000071120142));
#318 = CARTESIAN_POINT('',(-96.59397647756,95.342506498107,
    35.000071120142));
#319 = ORIENTED_EDGE('',*,*,#320,.T.);
#320 = EDGE_CURVE('',#314,#321,#323,.T.);
#321 = VERTEX_POINT('',#322);
#322 = CARTESIAN_POINT('',(-96.56031992575,95.381105462638,
    35.000071120142));
#323 = B_SPLINE_CURVE_WITH_KNOTS('',1,(#324,#325),.UNSPECIFIED.,.F.,.F.,
  (2,2),(0.,2.016206676143),.PIECEWISE_BEZIER_KNOTS.);
#324 = CARTESIAN_POINT('',(-96.59397647756,95.342506498107,
    35.000071120142));
#325 = CARTESIAN_POINT('',(-96.56031992575,95.381105462638,
    35.000071120142));
#326 = ORIENTED_EDGE('',*,*,#327,.T.);
#327 = EDGE_CURVE('',#321,#328,#330,.T.);
#328 = VERTEX_POINT('',#329);
#329 = CARTESIAN_POINT('',(-96.52410774864,95.417317639752,
    35.000071120142));
#330 = B_SPLINE_CURVE_WITH_KNOTS('',1,(#331,#332),.UNSPECIFIED.,.F.,.F.,
  (2,2),(0.,2.016206676143),.PIECEWISE_BEZIER_KNOTS.);
#331 = CARTESIAN_POINT('',(-96.56031992575,95.381105462638,
    35.000071120142));
#332 = CARTESIAN_POINT('',(-96.52410774864,95.417317639752,
    35.000071120142));
#333 = ORIENTED_EDGE('',*,*,#334,.T.);
#334 = EDGE_CURVE('',#328,#335,#337,.T.);
#335 = VERTEX_POINT('',#336);
#336 = CARTESIAN_POINT('',(-96.48550878411,95.450974191563,
    35.000071120142));
#337 = B_SPLINE_CURVE_WITH_KNOTS('',1,(#338,#339),.UNSPECIFIED.,.F.,.F.,
  (2,2),(0.,2.016206676143),.PIECEWISE_BEZIER_KNOTS.);
#338 = CARTESIAN_POINT('',(-96.52410774864,95.417317639752,
    35.000071120142));
#339 = CARTESIAN_POINT('',(-96.48550878411,95.450974191563,
    35.000071120142));
#340 = ORIENTED_EDGE('',*,*,#341,.T.);
#341 = EDGE_CURVE('',#335,#342,#344,.T.);
#342 = VERTEX_POINT('',#343);
#343 = CARTESIAN_POINT('',(-96.44470299835,95.481918195691,
    35.000071120142));
#344 = B_SPLINE_CURVE_WITH_KNOTS('',1,(#345,#346),.UNSPECIFIED.,.F.,.F.,
  (2,2),(0.,2.016206676143),.PIECEWISE_BEZIER_KNOTS.);
#345 = CARTESIAN_POINT('',(-96.48550878411,95.450974191563,
    35.000071120142));
#346 = CARTESIAN_POINT('',(-96.44470299835,95.481918195691,
    35.000071120142));
#347 = ORIENTED_EDGE('',*,*,#348,.T.);
#348 = EDGE_CURVE('',#342,#349,#351,.T.);
#349 = VERTEX_POINT('',#350);
#350 = CARTESIAN_POINT('',(-96.40188064678,95.510005376904,
    35.000071120142));
#351 = B_SPLINE_CURVE_WITH_KNOTS('',1,(#352,#353),.UNSPECIFIED.,.F.,.F.,
  (2,2),(0.,2.016206676144),.PIECEWISE_BEZIER_KNOTS.);
#352 = CARTESIAN_POINT('',(-96.44470299835,95.481918195691,
    35.000071120142));
#353 = CARTESIAN_POINT('',(-96.40188064678,95.510005376904,
    35.000071120142));
#354 = ORIENTED_EDGE('',*,*,#355,.T.);
#355 = EDGE_CURVE('',#349,#356,#358,.T.);
#356 = VERTEX_POINT('',#357);
#357 = CARTESIAN_POINT('',(-96.35724138696,95.535104779798,
    35.000071120142));
#358 = B_SPLINE_CURVE_WITH_KNOTS('',1,(#359,#360),.UNSPECIFIED.,.F.,.F.,
  (2,2),(0.,2.016206676143),.PIECEWISE_BEZIER_KNOTS.);
#359 = CARTESIAN_POINT('',(-96.40188064678,95.510005376904,
    35.000071120142));
#360 = CARTESIAN_POINT('',(-96.35724138696,95.535104779798,
    35.000071120142));
#361 = ORIENTED_EDGE('',*,*,#362,.T.);
#362 = EDGE_CURVE('',#356,#363,#365,.T.);
#363 = VERTEX_POINT('',#364);
#364 = CARTESIAN_POINT('',(-96.31099334773,95.557099379369,
    35.000071120142));
#365 = B_SPLINE_CURVE_WITH_KNOTS('',1,(#366,#367),.UNSPECIFIED.,.F.,.F.,
  (2,2),(0.,2.016206676143),.PIECEWISE_BEZIER_KNOTS.);
#366 = CARTESIAN_POINT('',(-96.35724138696,95.535104779798,
    35.000071120142));
#367 = CARTESIAN_POINT('',(-96.31099334773,95.557099379369,
    35.000071120142));
#368 = ORIENTED_EDGE('',*,*,#369,.T.);
#369 = EDGE_CURVE('',#363,#370,#372,.T.);
#370 = VERTEX_POINT('',#371);
#371 = CARTESIAN_POINT('',(-96.26335215881,95.575886626642,
    35.000071120142));
#372 = B_SPLINE_CURVE_WITH_KNOTS('',1,(#373,#374),.UNSPECIFIED.,.F.,.F.,
  (2,2),(0.,2.016206676143),.PIECEWISE_BEZIER_KNOTS.);
#373 = CARTESIAN_POINT('',(-96.31099334773,95.557099379369,
    35.000071120142));
#374 = CARTESIAN_POINT('',(-96.26335215881,95.575886626642,
    35.000071120142));
#375 = ORIENTED_EDGE('',*,*,#376,.T.);
#376 = EDGE_CURVE('',#370,#377,#379,.T.);
#377 = VERTEX_POINT('',#378);
#378 = CARTESIAN_POINT('',(-96.21453994539,95.591378926798,
    35.000071120142));
#379 = B_SPLINE_CURVE_WITH_KNOTS('',1,(#380,#381),.UNSPECIFIED.,.F.,.F.,
  (2,2),(0.,2.016206676143),.PIECEWISE_BEZIER_KNOTS.);
#380 = CARTESIAN_POINT('',(-96.26335215881,95.575886626642,
    35.000071120142));
#381 = CARTESIAN_POINT('',(-96.21453994539,95.591378926798,
    35.000071120142));
#382 = ORIENTED_EDGE('',*,*,#383,.T.);
#383 = EDGE_CURVE('',#377,#384,#386,.T.);
#384 = VERTEX_POINT('',#385);
#385 = CARTESIAN_POINT('',(-96.16478429256,95.603504047581,
    35.000071120142));
#386 = B_SPLINE_CURVE_WITH_KNOTS('',1,(#387,#388),.UNSPECIFIED.,.F.,.F.,
  (2,2),(0.,2.016206676144),.PIECEWISE_BEZIER_KNOTS.);
#387 = CARTESIAN_POINT('',(-96.21453994539,95.591378926798,
    35.000071120142));
#388 = CARTESIAN_POINT('',(-96.16478429256,95.603504047581,
    35.000071120142));
#389 = ORIENTED_EDGE('',*,*,#390,.T.);
#390 = EDGE_CURVE('',#384,#391,#393,.T.);
#391 = VERTEX_POINT('',#392);
#392 = CARTESIAN_POINT('',(-96.11431718413,95.61220545608,
    35.000071120142));
#393 = B_SPLINE_CURVE_WITH_KNOTS('',1,(#394,#395),.UNSPECIFIED.,.F.,.F.,
  (2,2),(0.,2.016206676143),.PIECEWISE_BEZIER_KNOTS.);
#394 = CARTESIAN_POINT('',(-96.16478429256,95.603504047581,
    35.000071120142));
#395 = CARTESIAN_POINT('',(-96.11431718413,95.61220545608,
    35.000071120142));
#396 = ORIENTED_EDGE('',*,*,#397,.T.);
#397 = EDGE_CURVE('',#391,#398,#400,.T.);
#398 = VERTEX_POINT('',#399);
#399 = CARTESIAN_POINT('',(-96.06337392107,95.617442582314,
    35.000071120142));
#400 = B_SPLINE_CURVE_WITH_KNOTS('',1,(#401,#402),.UNSPECIFIED.,.F.,.F.,
  (2,2),(0.,2.016206676144),.PIECEWISE_BEZIER_KNOTS.);
#401 = CARTESIAN_POINT('',(-96.11431718413,95.61220545608,
    35.000071120142));
#402 = CARTESIAN_POINT('',(-96.06337392107,95.617442582314,
    35.000071120142));
#403 = ORIENTED_EDGE('',*,*,#404,.T.);
#404 = EDGE_CURVE('',#398,#405,#407,.T.);
#405 = VERTEX_POINT('',#406);
#406 = CARTESIAN_POINT('',(-96.01219202438,95.619191008382,
    35.000071120142));
#407 = B_SPLINE_CURVE_WITH_KNOTS('',1,(#408,#409),.UNSPECIFIED.,.F.,.F.,
  (2,2),(0.,2.016206676143),.PIECEWISE_BEZIER_KNOTS.);
#408 = CARTESIAN_POINT('',(-96.06337392107,95.617442582314,
    35.000071120142));
#409 = CARTESIAN_POINT('',(-96.01219202438,95.619191008382,
    35.000071120142));
#410 = ORIENTED_EDGE('',*,*,#411,.T.);
#411 = EDGE_CURVE('',#405,#412,#414,.T.);
#412 = VERTEX_POINT('',#413);
#413 = CARTESIAN_POINT('',(2.667005334011,95.619191008382,
    35.000071120142));
#414 = B_SPLINE_CURVE_WITH_KNOTS('',1,(#415,#416),.UNSPECIFIED.,.F.,.F.,
  (2,2),(0.,3.885E+03),.PIECEWISE_BEZIER_KNOTS.);
#415 = CARTESIAN_POINT('',(-96.01219202438,95.619191008382,
    35.000071120142));
#416 = CARTESIAN_POINT('',(2.667005334011,95.619191008382,
    35.000071120142));
#417 = ORIENTED_EDGE('',*,*,#418,.T.);
#418 = EDGE_CURVE('',#412,#419,#421,.T.);
#419 = VERTEX_POINT('',#420);
#420 = CARTESIAN_POINT('',(2.718187230702,95.617442582314,
    35.000071120142));
#421 = B_SPLINE_CURVE_WITH_KNOTS('',1,(#422,#423),.UNSPECIFIED.,.F.,.F.,
  (2,2),(0.,2.016206676143),.PIECEWISE_BEZIER_KNOTS.);
#422 = CARTESIAN_POINT('',(2.667005334011,95.619191008382,
    35.000071120142));
#423 = CARTESIAN_POINT('',(2.718187230702,95.617442582314,
    35.000071120142));
#424 = ORIENTED_EDGE('',*,*,#425,.T.);
#425 = EDGE_CURVE('',#419,#426,#428,.T.);
#426 = VERTEX_POINT('',#427);
#427 = CARTESIAN_POINT('',(2.769130493765,95.61220545608,35.000071120142
    ));
#428 = B_SPLINE_CURVE_WITH_KNOTS('',1,(#429,#430),.UNSPECIFIED.,.F.,.F.,
  (2,2),(0.,2.016206676143),.PIECEWISE_BEZIER_KNOTS.);
#429 = CARTESIAN_POINT('',(2.718187230702,95.617442582314,
    35.000071120142));
#430 = CARTESIAN_POINT('',(2.769130493765,95.61220545608,35.000071120142
    ));
#431 = ORIENTED_EDGE('',*,*,#432,.T.);
#432 = EDGE_CURVE('',#426,#433,#435,.T.);
#433 = VERTEX_POINT('',#434);
#434 = CARTESIAN_POINT('',(2.81959760219,95.603504047581,35.000071120142
    ));
#435 = B_SPLINE_CURVE_WITH_KNOTS('',1,(#436,#437),.UNSPECIFIED.,.F.,.F.,
  (2,2),(0.,2.016206676143),.PIECEWISE_BEZIER_KNOTS.);
#436 = CARTESIAN_POINT('',(2.769130493765,95.61220545608,35.000071120142
    ));
#437 = CARTESIAN_POINT('',(2.81959760219,95.603504047581,35.000071120142
    ));
#438 = ORIENTED_EDGE('',*,*,#439,.T.);
#439 = EDGE_CURVE('',#433,#440,#442,.T.);
#440 = VERTEX_POINT('',#441);
#441 = CARTESIAN_POINT('',(2.869353255021,95.591378926798,
    35.000071120142));
#442 = B_SPLINE_CURVE_WITH_KNOTS('',1,(#443,#444),.UNSPECIFIED.,.F.,.F.,
  (2,2),(0.,2.016206676143),.PIECEWISE_BEZIER_KNOTS.);
#443 = CARTESIAN_POINT('',(2.81959760219,95.603504047581,35.000071120142
    ));
#444 = CARTESIAN_POINT('',(2.869353255021,95.591378926798,
    35.000071120142));
#445 = ORIENTED_EDGE('',*,*,#446,.T.);
#446 = EDGE_CURVE('',#440,#447,#449,.T.);
#447 = VERTEX_POINT('',#448);
#448 = CARTESIAN_POINT('',(2.918165468437,95.575886626642,
    35.000071120142));
#449 = B_SPLINE_CURVE_WITH_KNOTS('',1,(#450,#451),.UNSPECIFIED.,.F.,.F.,
  (2,2),(0.,2.016206676143),.PIECEWISE_BEZIER_KNOTS.);
#450 = CARTESIAN_POINT('',(2.869353255021,95.591378926798,
    35.000071120142));
#451 = CARTESIAN_POINT('',(2.918165468437,95.575886626642,
    35.000071120142));
#452 = ORIENTED_EDGE('',*,*,#453,.T.);
#453 = EDGE_CURVE('',#447,#454,#456,.T.);
#454 = VERTEX_POINT('',#455);
#455 = CARTESIAN_POINT('',(2.965806657366,95.557099379369,
    35.000071120142));
#456 = B_SPLINE_CURVE_WITH_KNOTS('',1,(#457,#458),.UNSPECIFIED.,.F.,.F.,
  (2,2),(0.,2.016206676143),.PIECEWISE_BEZIER_KNOTS.);
#457 = CARTESIAN_POINT('',(2.918165468437,95.575886626642,
    35.000071120142));
#458 = CARTESIAN_POINT('',(2.965806657366,95.557099379369,
    35.000071120142));
#459 = ORIENTED_EDGE('',*,*,#460,.T.);
#460 = EDGE_CURVE('',#454,#461,#463,.T.);
#461 = VERTEX_POINT('',#462);
#462 = CARTESIAN_POINT('',(3.012054696593,95.535104779798,
    35.000071120142));
#463 = B_SPLINE_CURVE_WITH_KNOTS('',1,(#464,#465),.UNSPECIFIED.,.F.,.F.,
  (2,2),(0.,2.016206676143),.PIECEWISE_BEZIER_KNOTS.);
#464 = CARTESIAN_POINT('',(2.965806657366,95.557099379369,
    35.000071120142));
#465 = CARTESIAN_POINT('',(3.012054696593,95.535104779798,
    35.000071120142));
#466 = ORIENTED_EDGE('',*,*,#467,.T.);
#467 = EDGE_CURVE('',#461,#468,#470,.T.);
#468 = VERTEX_POINT('',#469);
#469 = CARTESIAN_POINT('',(3.05669395641,95.510005376904,35.000071120142
    ));
#470 = B_SPLINE_CURVE_WITH_KNOTS('',1,(#471,#472),.UNSPECIFIED.,.F.,.F.,
  (2,2),(0.,2.016206676143),.PIECEWISE_BEZIER_KNOTS.);
#471 = CARTESIAN_POINT('',(3.012054696593,95.535104779798,
    35.000071120142));
#472 = CARTESIAN_POINT('',(3.05669395641,95.510005376904,35.000071120142
    ));
#473 = ORIENTED_EDGE('',*,*,#474,.T.);
#474 = EDGE_CURVE('',#468,#475,#477,.T.);
#475 = VERTEX_POINT('',#476);
#476 = CARTESIAN_POINT('',(3.099516307982,95.481918195691,
    35.000071120142));
#477 = B_SPLINE_CURVE_WITH_KNOTS('',1,(#478,#479),.UNSPECIFIED.,.F.,.F.,
  (2,2),(0.,2.016206676143),.PIECEWISE_BEZIER_KNOTS.);
#478 = CARTESIAN_POINT('',(3.05669395641,95.510005376904,35.000071120142
    ));
#479 = CARTESIAN_POINT('',(3.099516307982,95.481918195691,
    35.000071120142));
#480 = ORIENTED_EDGE('',*,*,#481,.T.);
#481 = EDGE_CURVE('',#475,#482,#484,.T.);
#482 = VERTEX_POINT('',#483);
#483 = CARTESIAN_POINT('',(3.140322093739,95.450974191563,
    35.000071120142));
#484 = B_SPLINE_CURVE_WITH_KNOTS('',1,(#485,#486),.UNSPECIFIED.,.F.,.F.,
  (2,2),(0.,2.016206676144),.PIECEWISE_BEZIER_KNOTS.);
#485 = CARTESIAN_POINT('',(3.099516307982,95.481918195691,
    35.000071120142));
#486 = CARTESIAN_POINT('',(3.140322093739,95.450974191563,
    35.000071120142));
#487 = ORIENTED_EDGE('',*,*,#488,.T.);
#488 = EDGE_CURVE('',#482,#489,#491,.T.);
#489 = VERTEX_POINT('',#490);
#490 = CARTESIAN_POINT('',(3.178921058269,95.417317639752,
    35.000071120142));
#491 = B_SPLINE_CURVE_WITH_KNOTS('',1,(#492,#493),.UNSPECIFIED.,.F.,.F.,
  (2,2),(0.,2.016206676143),.PIECEWISE_BEZIER_KNOTS.);
#492 = CARTESIAN_POINT('',(3.140322093739,95.450974191563,
    35.000071120142));
#493 = CARTESIAN_POINT('',(3.178921058269,95.417317639752,
    35.000071120142));
#494 = ORIENTED_EDGE('',*,*,#495,.T.);
#495 = EDGE_CURVE('',#489,#496,#498,.T.);
#496 = VERTEX_POINT('',#497);
#497 = CARTESIAN_POINT('',(3.215133235383,95.381105462638,
    35.000071120142));
#498 = B_SPLINE_CURVE_WITH_KNOTS('',1,(#499,#500),.UNSPECIFIED.,.F.,.F.,
  (2,2),(0.,2.016206676143),.PIECEWISE_BEZIER_KNOTS.);
#499 = CARTESIAN_POINT('',(3.178921058269,95.417317639752,
    35.000071120142));
#500 = CARTESIAN_POINT('',(3.215133235383,95.381105462638,
    35.000071120142));
#501 = ORIENTED_EDGE('',*,*,#502,.T.);
#502 = EDGE_CURVE('',#496,#503,#505,.T.);
#503 = VERTEX_POINT('',#504);
#504 = CARTESIAN_POINT('',(3.248789787194,95.342506498107,
    35.000071120142));
#505 = B_SPLINE_CURVE_WITH_KNOTS('',1,(#506,#507),.UNSPECIFIED.,.F.,.F.,
  (2,2),(0.,2.016206676143),.PIECEWISE_BEZIER_KNOTS.);
#506 = CARTESIAN_POINT('',(3.215133235383,95.381105462638,
    35.000071120142));
#507 = CARTESIAN_POINT('',(3.248789787194,95.342506498107,
    35.000071120142));
#508 = ORIENTED_EDGE('',*,*,#509,.T.);
#509 = EDGE_CURVE('',#503,#510,#512,.T.);
#510 = VERTEX_POINT('',#511);
#511 = CARTESIAN_POINT('',(3.279733791322,95.301700712351,
    35.000071120142));
#512 = B_SPLINE_CURVE_WITH_KNOTS('',1,(#513,#514),.UNSPECIFIED.,.F.,.F.,
  (2,2),(0.,2.016206676143),.PIECEWISE_BEZIER_KNOTS.);
#513 = CARTESIAN_POINT('',(3.248789787194,95.342506498107,
    35.000071120142));
#514 = CARTESIAN_POINT('',(3.279733791322,95.301700712351,
    35.000071120142));
#515 = ORIENTED_EDGE('',*,*,#516,.T.);
#516 = EDGE_CURVE('',#510,#517,#519,.T.);
#517 = VERTEX_POINT('',#518);
#518 = CARTESIAN_POINT('',(3.307820972535,95.258878360779,
    35.000071120142));
#519 = B_SPLINE_CURVE_WITH_KNOTS('',1,(#520,#521),.UNSPECIFIED.,.F.,.F.,
  (2,2),(0.,2.016206676144),.PIECEWISE_BEZIER_KNOTS.);
#520 = CARTESIAN_POINT('',(3.279733791322,95.301700712351,
    35.000071120142));
#521 = CARTESIAN_POINT('',(3.307820972535,95.258878360779,
    35.000071120142));
#522 = ORIENTED_EDGE('',*,*,#523,.T.);
#523 = EDGE_CURVE('',#517,#524,#526,.T.);
#524 = VERTEX_POINT('',#525);
#525 = CARTESIAN_POINT('',(3.332920375429,95.214239100962,
    35.000071120142));
#526 = B_SPLINE_CURVE_WITH_KNOTS('',1,(#527,#528),.UNSPECIFIED.,.F.,.F.,
  (2,2),(0.,2.016206676143),.PIECEWISE_BEZIER_KNOTS.);
#527 = CARTESIAN_POINT('',(3.307820972535,95.258878360779,
    35.000071120142));
#528 = CARTESIAN_POINT('',(3.332920375429,95.214239100962,
    35.000071120142));
#529 = ORIENTED_EDGE('',*,*,#530,.T.);
#530 = EDGE_CURVE('',#524,#531,#533,.T.);
#531 = VERTEX_POINT('',#532);
#532 = CARTESIAN_POINT('',(3.354914975,95.167991061735,35.000071120142)
  );
#533 = B_SPLINE_CURVE_WITH_KNOTS('',1,(#534,#535),.UNSPECIFIED.,.F.,.F.,
  (2,2),(0.,2.016206676143),.PIECEWISE_BEZIER_KNOTS.);
#534 = CARTESIAN_POINT('',(3.332920375429,95.214239100962,
    35.000071120142));
#535 = CARTESIAN_POINT('',(3.354914975,95.167991061735,35.000071120142)
  );
#536 = ORIENTED_EDGE('',*,*,#537,.T.);
#537 = EDGE_CURVE('',#531,#538,#540,.T.);
#538 = VERTEX_POINT('',#539);
#539 = CARTESIAN_POINT('',(3.373702222274,95.120349872806,
    35.000071120142));
#540 = B_SPLINE_CURVE_WITH_KNOTS('',1,(#541,#542),.UNSPECIFIED.,.F.,.F.,
  (2,2),(0.,2.016206676143),.PIECEWISE_BEZIER_KNOTS.);
#541 = CARTESIAN_POINT('',(3.354914975,95.167991061735,35.000071120142)
  );
#542 = CARTESIAN_POINT('',(3.373702222274,95.120349872806,
    35.000071120142));
#543 = ORIENTED_EDGE('',*,*,#544,.T.);
#544 = EDGE_CURVE('',#538,#545,#547,.T.);
#545 = VERTEX_POINT('',#546);
#546 = CARTESIAN_POINT('',(3.389194522429,95.07153765939,35.000071120142
    ));
#547 = B_SPLINE_CURVE_WITH_KNOTS('',1,(#548,#549),.UNSPECIFIED.,.F.,.F.,
  (2,2),(0.,2.016206676143),.PIECEWISE_BEZIER_KNOTS.);
#548 = CARTESIAN_POINT('',(3.373702222274,95.120349872806,
    35.000071120142));
#549 = CARTESIAN_POINT('',(3.389194522429,95.07153765939,35.000071120142
    ));
#550 = ORIENTED_EDGE('',*,*,#551,.T.);
#551 = EDGE_CURVE('',#545,#552,#554,.T.);
#552 = VERTEX_POINT('',#553);
#553 = CARTESIAN_POINT('',(3.401319643212,95.021782006559,
    35.000071120142));
#554 = B_SPLINE_CURVE_WITH_KNOTS('',1,(#555,#556),.UNSPECIFIED.,.F.,.F.,
  (2,2),(0.,2.016206676144),.PIECEWISE_BEZIER_KNOTS.);
#555 = CARTESIAN_POINT('',(3.389194522429,95.07153765939,35.000071120142
    ));
#556 = CARTESIAN_POINT('',(3.401319643212,95.021782006559,
    35.000071120142));
#557 = ORIENTED_EDGE('',*,*,#558,.T.);
#558 = EDGE_CURVE('',#552,#559,#561,.T.);
#559 = VERTEX_POINT('',#560);
#560 = CARTESIAN_POINT('',(3.410021051712,94.971314898134,
    35.000071120142));
#561 = B_SPLINE_CURVE_WITH_KNOTS('',1,(#562,#563),.UNSPECIFIED.,.F.,.F.,
  (2,2),(0.,2.016206676143),.PIECEWISE_BEZIER_KNOTS.);
#562 = CARTESIAN_POINT('',(3.401319643212,95.021782006559,
    35.000071120142));
#563 = CARTESIAN_POINT('',(3.410021051712,94.971314898134,
    35.000071120142));
#564 = ORIENTED_EDGE('',*,*,#565,.T.);
#565 = EDGE_CURVE('',#559,#566,#568,.T.);
#566 = VERTEX_POINT('',#567);
#567 = CARTESIAN_POINT('',(3.415258177945,94.920371635071,
    35.000071120142));
#568 = B_SPLINE_CURVE_WITH_KNOTS('',1,(#569,#570),.UNSPECIFIED.,.F.,.F.,
  (2,2),(0.,2.016206676144),.PIECEWISE_BEZIER_KNOTS.);
#569 = CARTESIAN_POINT('',(3.410021051712,94.971314898134,
    35.000071120142));
#570 = CARTESIAN_POINT('',(3.415258177945,94.920371635071,
    35.000071120142));
#571 = ORIENTED_EDGE('',*,*,#572,.T.);
#572 = EDGE_CURVE('',#566,#573,#575,.T.);
#573 = VERTEX_POINT('',#574);
#574 = CARTESIAN_POINT('',(3.417006604013,94.869189738379,
    35.000071120142));
#575 = B_SPLINE_CURVE_WITH_KNOTS('',1,(#576,#577),.UNSPECIFIED.,.F.,.F.,
  (2,2),(0.,2.016206676143),.PIECEWISE_BEZIER_KNOTS.);
#576 = CARTESIAN_POINT('',(3.415258177945,94.920371635071,
    35.000071120142));
#577 = CARTESIAN_POINT('',(3.417006604013,94.869189738379,
    35.000071120142));
#578 = ORIENTED_EDGE('',*,*,#579,.T.);
#579 = EDGE_CURVE('',#573,#580,#582,.T.);
#580 = VERTEX_POINT('',#581);
#581 = CARTESIAN_POINT('',(3.417006604013,-30.22606045212,
    35.000071120142));
#582 = B_SPLINE_CURVE_WITH_KNOTS('',1,(#583,#584),.UNSPECIFIED.,.F.,.F.,
  (2,2),(0.,4.925E+03),.PIECEWISE_BEZIER_KNOTS.);
#583 = CARTESIAN_POINT('',(3.417006604013,94.869189738379,
    35.000071120142));
#584 = CARTESIAN_POINT('',(3.417006604013,-30.22606045212,
    35.000071120142));
#585 = ORIENTED_EDGE('',*,*,#586,.T.);
#586 = EDGE_CURVE('',#580,#587,#589,.T.);
#587 = VERTEX_POINT('',#588);
#588 = CARTESIAN_POINT('',(3.415258177945,-30.27724234881,
    35.000071120142));
#589 = B_SPLINE_CURVE_WITH_KNOTS('',1,(#590,#591),.UNSPECIFIED.,.F.,.F.,
  (2,2),(0.,2.016206676143),.PIECEWISE_BEZIER_KNOTS.);
#590 = CARTESIAN_POINT('',(3.417006604013,-30.22606045212,
    35.000071120142));
#591 = CARTESIAN_POINT('',(3.415258177945,-30.27724234881,
    35.000071120142));
#592 = ORIENTED_EDGE('',*,*,#593,.T.);
#593 = EDGE_CURVE('',#587,#594,#596,.T.);
#594 = VERTEX_POINT('',#595);
#595 = CARTESIAN_POINT('',(3.410021051712,-30.32818561187,
    35.000071120142));
#596 = B_SPLINE_CURVE_WITH_KNOTS('',1,(#597,#598),.UNSPECIFIED.,.F.,.F.,
  (2,2),(0.,2.016206676143),.PIECEWISE_BEZIER_KNOTS.);
#597 = CARTESIAN_POINT('',(3.415258177945,-30.27724234881,
    35.000071120142));
#598 = CARTESIAN_POINT('',(3.410021051712,-30.32818561187,
    35.000071120142));
#599 = ORIENTED_EDGE('',*,*,#600,.T.);
#600 = EDGE_CURVE('',#594,#601,#603,.T.);
#601 = VERTEX_POINT('',#602);
#602 = CARTESIAN_POINT('',(3.401319643212,-30.3786527203,35.000071120142
    ));
#603 = B_SPLINE_CURVE_WITH_KNOTS('',1,(#604,#605),.UNSPECIFIED.,.F.,.F.,
  (2,2),(0.,2.016206676143),.PIECEWISE_BEZIER_KNOTS.);
#604 = CARTESIAN_POINT('',(3.410021051712,-30.32818561187,
    35.000071120142));
#605 = CARTESIAN_POINT('',(3.401319643212,-30.3786527203,35.000071120142
    ));
#606 = ORIENTED_EDGE('',*,*,#607,.T.);
#607 = EDGE_CURVE('',#601,#608,#610,.T.);
#608 = VERTEX_POINT('',#609);
#609 = CARTESIAN_POINT('',(3.389194522429,-30.42840837313,
    35.000071120142));
#610 = B_SPLINE_CURVE_WITH_KNOTS('',1,(#611,#612),.UNSPECIFIED.,.F.,.F.,
  (2,2),(0.,2.016206676143),.PIECEWISE_BEZIER_KNOTS.);
#611 = CARTESIAN_POINT('',(3.401319643212,-30.3786527203,35.000071120142
    ));
#612 = CARTESIAN_POINT('',(3.389194522429,-30.42840837313,
    35.000071120142));
#613 = ORIENTED_EDGE('',*,*,#614,.T.);
#614 = EDGE_CURVE('',#608,#615,#617,.T.);
#615 = VERTEX_POINT('',#616);
#616 = CARTESIAN_POINT('',(3.373702222274,-30.47722058654,
    35.000071120142));
#617 = B_SPLINE_CURVE_WITH_KNOTS('',1,(#618,#619),.UNSPECIFIED.,.F.,.F.,
  (2,2),(0.,2.016206676143),.PIECEWISE_BEZIER_KNOTS.);
#618 = CARTESIAN_POINT('',(3.389194522429,-30.42840837313,
    35.000071120142));
#619 = CARTESIAN_POINT('',(3.373702222274,-30.47722058654,
    35.000071120142));
#620 = ORIENTED_EDGE('',*,*,#621,.T.);
#621 = EDGE_CURVE('',#615,#622,#624,.T.);
#622 = VERTEX_POINT('',#623);
#623 = CARTESIAN_POINT('',(3.354914975,-30.52486177547,35.000071120142)
  );
#624 = B_SPLINE_CURVE_WITH_KNOTS('',1,(#625,#626),.UNSPECIFIED.,.F.,.F.,
  (2,2),(0.,2.016206676143),.PIECEWISE_BEZIER_KNOTS.);
#625 = CARTESIAN_POINT('',(3.373702222274,-30.47722058654,
    35.000071120142));
#626 = CARTESIAN_POINT('',(3.354914975,-30.52486177547,35.000071120142)
  );
#627 = ORIENTED_EDGE('',*,*,#628,.T.);
#628 = EDGE_CURVE('',#622,#629,#631,.T.);
#629 = VERTEX_POINT('',#630);
#630 = CARTESIAN_POINT('',(3.332920375429,-30.5711098147,35.000071120142
    ));
#631 = B_SPLINE_CURVE_WITH_KNOTS('',1,(#632,#633),.UNSPECIFIED.,.F.,.F.,
  (2,2),(0.,2.016206676143),.PIECEWISE_BEZIER_KNOTS.);
#632 = CARTESIAN_POINT('',(3.354914975,-30.52486177547,35.000071120142)
  );
#633 = CARTESIAN_POINT('',(3.332920375429,-30.5711098147,35.000071120142
    ));
#634 = ORIENTED_EDGE('',*,*,#635,.T.);
#635 = EDGE_CURVE('',#629,#636,#638,.T.);
#636 = VERTEX_POINT('',#637);
#637 = CARTESIAN_POINT('',(3.307820972535,-30.61574907452,
    35.000071120142));
#638 = B_SPLINE_CURVE_WITH_KNOTS('',1,(#639,#640),.UNSPECIFIED.,.F.,.F.,
  (2,2),(0.,2.016206676143),.PIECEWISE_BEZIER_KNOTS.);
#639 = CARTESIAN_POINT('',(3.332920375429,-30.5711098147,35.000071120142
    ));
#640 = CARTESIAN_POINT('',(3.307820972535,-30.61574907452,
    35.000071120142));
#641 = ORIENTED_EDGE('',*,*,#642,.T.);
#642 = EDGE_CURVE('',#636,#643,#645,.T.);
#643 = VERTEX_POINT('',#644);
#644 = CARTESIAN_POINT('',(3.279733791322,-30.65857142609,
    35.000071120142));
#645 = B_SPLINE_CURVE_WITH_KNOTS('',1,(#646,#647),.UNSPECIFIED.,.F.,.F.,
  (2,2),(0.,2.016206676143),.PIECEWISE_BEZIER_KNOTS.);
#646 = CARTESIAN_POINT('',(3.307820972535,-30.61574907452,
    35.000071120142));
#647 = CARTESIAN_POINT('',(3.279733791322,-30.65857142609,
    35.000071120142));
#648 = ORIENTED_EDGE('',*,*,#649,.T.);
#649 = EDGE_CURVE('',#643,#650,#652,.T.);
#650 = VERTEX_POINT('',#651);
#651 = CARTESIAN_POINT('',(3.248789787194,-30.69937721184,
    35.000071120142));
#652 = B_SPLINE_CURVE_WITH_KNOTS('',1,(#653,#654),.UNSPECIFIED.,.F.,.F.,
  (2,2),(0.,2.016206676143),.PIECEWISE_BEZIER_KNOTS.);
#653 = CARTESIAN_POINT('',(3.279733791322,-30.65857142609,
    35.000071120142));
#654 = CARTESIAN_POINT('',(3.248789787194,-30.69937721184,
    35.000071120142));
#655 = ORIENTED_EDGE('',*,*,#656,.T.);
#656 = EDGE_CURVE('',#650,#657,#659,.T.);
#657 = VERTEX_POINT('',#658);
#658 = CARTESIAN_POINT('',(3.215133235383,-30.73797617637,
    35.000071120142));
#659 = B_SPLINE_CURVE_WITH_KNOTS('',1,(#660,#661),.UNSPECIFIED.,.F.,.F.,
  (2,2),(0.,2.016206676143),.PIECEWISE_BEZIER_KNOTS.);
#660 = CARTESIAN_POINT('',(3.248789787194,-30.69937721184,
    35.000071120142));
#661 = CARTESIAN_POINT('',(3.215133235383,-30.73797617637,
    35.000071120142));
#662 = ORIENTED_EDGE('',*,*,#663,.T.);
#663 = EDGE_CURVE('',#657,#664,#666,.T.);
#664 = VERTEX_POINT('',#665);
#665 = CARTESIAN_POINT('',(3.178921058269,-30.77418835349,
    35.000071120142));
#666 = B_SPLINE_CURVE_WITH_KNOTS('',1,(#667,#668),.UNSPECIFIED.,.F.,.F.,
  (2,2),(0.,2.016206676143),.PIECEWISE_BEZIER_KNOTS.);
#667 = CARTESIAN_POINT('',(3.215133235383,-30.73797617637,
    35.000071120142));
#668 = CARTESIAN_POINT('',(3.178921058269,-30.77418835349,
    35.000071120142));
#669 = ORIENTED_EDGE('',*,*,#670,.T.);
#670 = EDGE_CURVE('',#664,#671,#673,.T.);
#671 = VERTEX_POINT('',#672);
#672 = CARTESIAN_POINT('',(3.140322093739,-30.8078449053,35.000071120142
    ));
#673 = B_SPLINE_CURVE_WITH_KNOTS('',1,(#674,#675),.UNSPECIFIED.,.F.,.F.,
  (2,2),(0.,2.016206676143),.PIECEWISE_BEZIER_KNOTS.);
#674 = CARTESIAN_POINT('',(3.178921058269,-30.77418835349,
    35.000071120142));
#675 = CARTESIAN_POINT('',(3.140322093739,-30.8078449053,35.000071120142
    ));
#676 = ORIENTED_EDGE('',*,*,#677,.T.);
#677 = EDGE_CURVE('',#671,#678,#680,.T.);
#678 = VERTEX_POINT('',#679);
#679 = CARTESIAN_POINT('',(3.099516307982,-30.83878890943,
    35.000071120142));
#680 = B_SPLINE_CURVE_WITH_KNOTS('',1,(#681,#682),.UNSPECIFIED.,.F.,.F.,
  (2,2),(0.,2.016206676143),.PIECEWISE_BEZIER_KNOTS.);
#681 = CARTESIAN_POINT('',(3.140322093739,-30.8078449053,35.000071120142
    ));
#682 = CARTESIAN_POINT('',(3.099516307982,-30.83878890943,
    35.000071120142));
#683 = ORIENTED_EDGE('',*,*,#684,.T.);
#684 = EDGE_CURVE('',#678,#685,#687,.T.);
#685 = VERTEX_POINT('',#686);
#686 = CARTESIAN_POINT('',(3.05669395641,-30.86687609064,35.000071120142
    ));
#687 = B_SPLINE_CURVE_WITH_KNOTS('',1,(#688,#689),.UNSPECIFIED.,.F.,.F.,
  (2,2),(0.,2.016206676143),.PIECEWISE_BEZIER_KNOTS.);
#688 = CARTESIAN_POINT('',(3.099516307982,-30.83878890943,
    35.000071120142));
#689 = CARTESIAN_POINT('',(3.05669395641,-30.86687609064,35.000071120142
    ));
#690 = ORIENTED_EDGE('',*,*,#691,.T.);
#691 = EDGE_CURVE('',#685,#692,#694,.T.);
#692 = VERTEX_POINT('',#693);
#693 = CARTESIAN_POINT('',(3.012054696593,-30.89197549353,
    35.000071120142));
#694 = B_SPLINE_CURVE_WITH_KNOTS('',1,(#695,#696),.UNSPECIFIED.,.F.,.F.,
  (2,2),(0.,2.016206676143),.PIECEWISE_BEZIER_KNOTS.);
#695 = CARTESIAN_POINT('',(3.05669395641,-30.86687609064,35.000071120142
    ));
#696 = CARTESIAN_POINT('',(3.012054696593,-30.89197549353,
    35.000071120142));
#697 = ORIENTED_EDGE('',*,*,#698,.T.);
#698 = EDGE_CURVE('',#692,#699,#701,.T.);
#699 = VERTEX_POINT('',#700);
#700 = CARTESIAN_POINT('',(2.965806657366,-30.91397009311,
    35.000071120142));
#701 = B_SPLINE_CURVE_WITH_KNOTS('',1,(#702,#703),.UNSPECIFIED.,.F.,.F.,
  (2,2),(0.,2.016206676143),.PIECEWISE_BEZIER_KNOTS.);
#702 = CARTESIAN_POINT('',(3.012054696593,-30.89197549353,
    35.000071120142));
#703 = CARTESIAN_POINT('',(2.965806657366,-30.91397009311,
    35.000071120142));
#704 = ORIENTED_EDGE('',*,*,#705,.T.);
#705 = EDGE_CURVE('',#699,#706,#708,.T.);
#706 = VERTEX_POINT('',#707);
#707 = CARTESIAN_POINT('',(2.918165468437,-30.93275734038,
    35.000071120142));
#708 = B_SPLINE_CURVE_WITH_KNOTS('',1,(#709,#710),.UNSPECIFIED.,.F.,.F.,
  (2,2),(0.,2.016206676143),.PIECEWISE_BEZIER_KNOTS.);
#709 = CARTESIAN_POINT('',(2.965806657366,-30.91397009311,
    35.000071120142));
#710 = CARTESIAN_POINT('',(2.918165468437,-30.93275734038,
    35.000071120142));
#711 = ORIENTED_EDGE('',*,*,#712,.T.);
#712 = EDGE_CURVE('',#706,#713,#715,.T.);
#713 = VERTEX_POINT('',#714);
#714 = CARTESIAN_POINT('',(2.869353255021,-30.94824964053,
    35.000071120142));
#715 = B_SPLINE_CURVE_WITH_KNOTS('',1,(#716,#717),.UNSPECIFIED.,.F.,.F.,
  (2,2),(0.,2.016206676143),.PIECEWISE_BEZIER_KNOTS.);
#716 = CARTESIAN_POINT('',(2.918165468437,-30.93275734038,
    35.000071120142));
#717 = CARTESIAN_POINT('',(2.869353255021,-30.94824964053,
    35.000071120142));
#718 = ORIENTED_EDGE('',*,*,#719,.T.);
#719 = EDGE_CURVE('',#713,#720,#722,.T.);
#720 = VERTEX_POINT('',#721);
#721 = CARTESIAN_POINT('',(2.81959760219,-30.96037476132,35.000071120142
    ));
#722 = B_SPLINE_CURVE_WITH_KNOTS('',1,(#723,#724),.UNSPECIFIED.,.F.,.F.,
  (2,2),(0.,2.016206676143),.PIECEWISE_BEZIER_KNOTS.);
#723 = CARTESIAN_POINT('',(2.869353255021,-30.94824964053,
    35.000071120142));
#724 = CARTESIAN_POINT('',(2.81959760219,-30.96037476132,35.000071120142
    ));
#725 = ORIENTED_EDGE('',*,*,#726,.T.);
#726 = EDGE_CURVE('',#720,#727,#729,.T.);
#727 = VERTEX_POINT('',#728);
#728 = CARTESIAN_POINT('',(2.769130493765,-30.96907616982,
    35.000071120142));
#729 = B_SPLINE_CURVE_WITH_KNOTS('',1,(#730,#731),.UNSPECIFIED.,.F.,.F.,
  (2,2),(0.,2.016206676143),.PIECEWISE_BEZIER_KNOTS.);
#730 = CARTESIAN_POINT('',(2.81959760219,-30.96037476132,35.000071120142
    ));
#731 = CARTESIAN_POINT('',(2.769130493765,-30.96907616982,
    35.000071120142));
#732 = ORIENTED_EDGE('',*,*,#733,.T.);
#733 = EDGE_CURVE('',#727,#734,#736,.T.);
#734 = VERTEX_POINT('',#735);
#735 = CARTESIAN_POINT('',(2.718187230702,-30.97431329605,
    35.000071120142));
#736 = B_SPLINE_CURVE_WITH_KNOTS('',1,(#737,#738),.UNSPECIFIED.,.F.,.F.,
  (2,2),(0.,2.016206676143),.PIECEWISE_BEZIER_KNOTS.);
#737 = CARTESIAN_POINT('',(2.769130493765,-30.96907616982,
    35.000071120142));
#738 = CARTESIAN_POINT('',(2.718187230702,-30.97431329605,
    35.000071120142));
#739 = ORIENTED_EDGE('',*,*,#740,.T.);
#740 = EDGE_CURVE('',#734,#741,#743,.T.);
#741 = VERTEX_POINT('',#742);
#742 = CARTESIAN_POINT('',(2.667005334011,-30.97606172212,
    35.000071120142));
#743 = B_SPLINE_CURVE_WITH_KNOTS('',1,(#744,#745),.UNSPECIFIED.,.F.,.F.,
  (2,2),(0.,2.016206676143),.PIECEWISE_BEZIER_KNOTS.);
#744 = CARTESIAN_POINT('',(2.718187230702,-30.97431329605,
    35.000071120142));
#745 = CARTESIAN_POINT('',(2.667005334011,-30.97606172212,
    35.000071120142));
#746 = ORIENTED_EDGE('',*,*,#747,.T.);
#747 = EDGE_CURVE('',#741,#748,#750,.T.);
#748 = VERTEX_POINT('',#749);
#749 = CARTESIAN_POINT('',(-96.01219202438,-30.97606172212,
    35.000071120142));
#750 = B_SPLINE_CURVE_WITH_KNOTS('',1,(#751,#752),.UNSPECIFIED.,.F.,.F.,
  (2,2),(0.,3.885E+03),.PIECEWISE_BEZIER_KNOTS.);
#751 = CARTESIAN_POINT('',(2.667005334011,-30.97606172212,
    35.000071120142));
#752 = CARTESIAN_POINT('',(-96.01219202438,-30.97606172212,
    35.000071120142));
#753 = ORIENTED_EDGE('',*,*,#754,.T.);
#754 = EDGE_CURVE('',#748,#755,#757,.T.);
#755 = VERTEX_POINT('',#756);
#756 = CARTESIAN_POINT('',(-96.06337392107,-30.97431329605,
    35.000071120142));
#757 = B_SPLINE_CURVE_WITH_KNOTS('',1,(#758,#759),.UNSPECIFIED.,.F.,.F.,
  (2,2),(0.,2.016206676143),.PIECEWISE_BEZIER_KNOTS.);
#758 = CARTESIAN_POINT('',(-96.01219202438,-30.97606172212,
    35.000071120142));
#759 = CARTESIAN_POINT('',(-96.06337392107,-30.97431329605,
    35.000071120142));
#760 = ORIENTED_EDGE('',*,*,#761,.T.);
#761 = EDGE_CURVE('',#755,#762,#764,.T.);
#762 = VERTEX_POINT('',#763);
#763 = CARTESIAN_POINT('',(-96.11431718413,-30.96907616982,
    35.000071120142));
#764 = B_SPLINE_CURVE_WITH_KNOTS('',1,(#765,#766),.UNSPECIFIED.,.F.,.F.,
  (2,2),(0.,2.016206676144),.PIECEWISE_BEZIER_KNOTS.);
#765 = CARTESIAN_POINT('',(-96.06337392107,-30.97431329605,
    35.000071120142));
#766 = CARTESIAN_POINT('',(-96.11431718413,-30.96907616982,
    35.000071120142));
#767 = ORIENTED_EDGE('',*,*,#768,.T.);
#768 = EDGE_CURVE('',#762,#769,#771,.T.);
#769 = VERTEX_POINT('',#770);
#770 = CARTESIAN_POINT('',(-96.16478429256,-30.96037476132,
    35.000071120142));
#771 = B_SPLINE_CURVE_WITH_KNOTS('',1,(#772,#773),.UNSPECIFIED.,.F.,.F.,
  (2,2),(0.,2.016206676143),.PIECEWISE_BEZIER_KNOTS.);
#772 = CARTESIAN_POINT('',(-96.11431718413,-30.96907616982,
    35.000071120142));
#773 = CARTESIAN_POINT('',(-96.16478429256,-30.96037476132,
    35.000071120142));
#774 = ORIENTED_EDGE('',*,*,#775,.T.);
#775 = EDGE_CURVE('',#769,#776,#778,.T.);
#776 = VERTEX_POINT('',#777);
#777 = CARTESIAN_POINT('',(-96.21453994539,-30.94824964053,
    35.000071120142));
#778 = B_SPLINE_CURVE_WITH_KNOTS('',1,(#779,#780),.UNSPECIFIED.,.F.,.F.,
  (2,2),(0.,2.016206676144),.PIECEWISE_BEZIER_KNOTS.);
#779 = CARTESIAN_POINT('',(-96.16478429256,-30.96037476132,
    35.000071120142));
#780 = CARTESIAN_POINT('',(-96.21453994539,-30.94824964053,
    35.000071120142));
#781 = ORIENTED_EDGE('',*,*,#782,.T.);
#782 = EDGE_CURVE('',#776,#783,#785,.T.);
#783 = VERTEX_POINT('',#784);
#784 = CARTESIAN_POINT('',(-96.26335215881,-30.93275734038,
    35.000071120142));
#785 = B_SPLINE_CURVE_WITH_KNOTS('',1,(#786,#787),.UNSPECIFIED.,.F.,.F.,
  (2,2),(0.,2.016206676143),.PIECEWISE_BEZIER_KNOTS.);
#786 = CARTESIAN_POINT('',(-96.21453994539,-30.94824964053,
    35.000071120142));
#787 = CARTESIAN_POINT('',(-96.26335215881,-30.93275734038,
    35.000071120142));
#788 = ORIENTED_EDGE('',*,*,#789,.T.);
#789 = EDGE_CURVE('',#783,#790,#792,.T.);
#790 = VERTEX_POINT('',#791);
#791 = CARTESIAN_POINT('',(-96.31099334773,-30.91397009311,
    35.000071120142));
#792 = B_SPLINE_CURVE_WITH_KNOTS('',1,(#793,#794),.UNSPECIFIED.,.F.,.F.,
  (2,2),(0.,2.016206676143),.PIECEWISE_BEZIER_KNOTS.);
#793 = CARTESIAN_POINT('',(-96.26335215881,-30.93275734038,
    35.000071120142));
#794 = CARTESIAN_POINT('',(-96.31099334773,-30.91397009311,
    35.000071120142));
#795 = ORIENTED_EDGE('',*,*,#796,.T.);
#796 = EDGE_CURVE('',#790,#797,#799,.T.);
#797 = VERTEX_POINT('',#798);
#798 = CARTESIAN_POINT('',(-96.35724138696,-30.89197549353,
    35.000071120142));
#799 = B_SPLINE_CURVE_WITH_KNOTS('',1,(#800,#801),.UNSPECIFIED.,.F.,.F.,
  (2,2),(0.,2.016206676143),.PIECEWISE_BEZIER_KNOTS.);
#800 = CARTESIAN_POINT('',(-96.31099334773,-30.91397009311,
    35.000071120142));
#801 = CARTESIAN_POINT('',(-96.35724138696,-30.89197549353,
    35.000071120142));
#802 = ORIENTED_EDGE('',*,*,#803,.T.);
#803 = EDGE_CURVE('',#797,#804,#806,.T.);
#804 = VERTEX_POINT('',#805);
#805 = CARTESIAN_POINT('',(-96.40188064678,-30.86687609064,
    35.000071120142));
#806 = B_SPLINE_CURVE_WITH_KNOTS('',1,(#807,#808),.UNSPECIFIED.,.F.,.F.,
  (2,2),(0.,2.016206676143),.PIECEWISE_BEZIER_KNOTS.);
#807 = CARTESIAN_POINT('',(-96.35724138696,-30.89197549353,
    35.000071120142));
#808 = CARTESIAN_POINT('',(-96.40188064678,-30.86687609064,
    35.000071120142));
#809 = ORIENTED_EDGE('',*,*,#810,.T.);
#810 = EDGE_CURVE('',#804,#811,#813,.T.);
#811 = VERTEX_POINT('',#812);
#812 = CARTESIAN_POINT('',(-96.44470299835,-30.83878890943,
    35.000071120142));
#813 = B_SPLINE_CURVE_WITH_KNOTS('',1,(#814,#815),.UNSPECIFIED.,.F.,.F.,
  (2,2),(0.,2.016206676143),.PIECEWISE_BEZIER_KNOTS.);
#814 = CARTESIAN_POINT('',(-96.40188064678,-30.86687609064,
    35.000071120142));
#815 = CARTESIAN_POINT('',(-96.44470299835,-30.83878890943,
    35.000071120142));
#816 = ORIENTED_EDGE('',*,*,#817,.T.);
#817 = EDGE_CURVE('',#811,#818,#820,.T.);
#818 = VERTEX_POINT('',#819);
#819 = CARTESIAN_POINT('',(-96.48550878411,-30.8078449053,
    35.000071120142));
#820 = B_SPLINE_CURVE_WITH_KNOTS('',1,(#821,#822),.UNSPECIFIED.,.F.,.F.,
  (2,2),(0.,2.016206676144),.PIECEWISE_BEZIER_KNOTS.);
#821 = CARTESIAN_POINT('',(-96.44470299835,-30.83878890943,
    35.000071120142));
#822 = CARTESIAN_POINT('',(-96.48550878411,-30.8078449053,
    35.000071120142));
#823 = ORIENTED_EDGE('',*,*,#824,.T.);
#824 = EDGE_CURVE('',#818,#825,#827,.T.);
#825 = VERTEX_POINT('',#826);
#826 = CARTESIAN_POINT('',(-96.52410774864,-30.77418835349,
    35.000071120142));
#827 = B_SPLINE_CURVE_WITH_KNOTS('',1,(#828,#829),.UNSPECIFIED.,.F.,.F.,
  (2,2),(0.,2.016206676143),.PIECEWISE_BEZIER_KNOTS.);
#828 = CARTESIAN_POINT('',(-96.48550878411,-30.8078449053,
    35.000071120142));
#829 = CARTESIAN_POINT('',(-96.52410774864,-30.77418835349,
    35.000071120142));
#830 = ORIENTED_EDGE('',*,*,#831,.T.);
#831 = EDGE_CURVE('',#825,#832,#834,.T.);
#832 = VERTEX_POINT('',#833);
#833 = CARTESIAN_POINT('',(-96.56031992575,-30.73797617637,
    35.000071120142));
#834 = B_SPLINE_CURVE_WITH_KNOTS('',1,(#835,#836),.UNSPECIFIED.,.F.,.F.,
  (2,2),(0.,2.016206676143),.PIECEWISE_BEZIER_KNOTS.);
#835 = CARTESIAN_POINT('',(-96.52410774864,-30.77418835349,
    35.000071120142));
#836 = CARTESIAN_POINT('',(-96.56031992575,-30.73797617637,
    35.000071120142));
#837 = ORIENTED_EDGE('',*,*,#838,.T.);
#838 = EDGE_CURVE('',#832,#839,#841,.T.);
#839 = VERTEX_POINT('',#840);
#840 = CARTESIAN_POINT('',(-96.59397647756,-30.69937721184,
    35.000071120142));
#841 = B_SPLINE_CURVE_WITH_KNOTS('',1,(#842,#843),.UNSPECIFIED.,.F.,.F.,
  (2,2),(0.,2.016206676143),.PIECEWISE_BEZIER_KNOTS.);
#842 = CARTESIAN_POINT('',(-96.56031992575,-30.73797617637,
    35.000071120142));
#843 = CARTESIAN_POINT('',(-96.59397647756,-30.69937721184,
    35.000071120142));
#844 = ORIENTED_EDGE('',*,*,#845,.T.);
#845 = EDGE_CURVE('',#839,#846,#848,.T.);
#846 = VERTEX_POINT('',#847);
#847 = CARTESIAN_POINT('',(-96.62492048169,-30.65857142609,
    35.000071120142));
#848 = B_SPLINE_CURVE_WITH_KNOTS('',1,(#849,#850),.UNSPECIFIED.,.F.,.F.,
  (2,2),(0.,2.016206676143),.PIECEWISE_BEZIER_KNOTS.);
#849 = CARTESIAN_POINT('',(-96.59397647756,-30.69937721184,
    35.000071120142));
#850 = CARTESIAN_POINT('',(-96.62492048169,-30.65857142609,
    35.000071120142));
#851 = ORIENTED_EDGE('',*,*,#852,.T.);
#852 = EDGE_CURVE('',#846,#853,#855,.T.);
#853 = VERTEX_POINT('',#854);
#854 = CARTESIAN_POINT('',(-96.6530076629,-30.61574907452,
    35.000071120142));
#855 = B_SPLINE_CURVE_WITH_KNOTS('',1,(#856,#857),.UNSPECIFIED.,.F.,.F.,
  (2,2),(0.,2.016206676143),.PIECEWISE_BEZIER_KNOTS.);
#856 = CARTESIAN_POINT('',(-96.62492048169,-30.65857142609,
    35.000071120142));
#857 = CARTESIAN_POINT('',(-96.6530076629,-30.61574907452,
    35.000071120142));
#858 = ORIENTED_EDGE('',*,*,#859,.T.);
#859 = EDGE_CURVE('',#853,#860,#862,.T.);
#860 = VERTEX_POINT('',#861);
#861 = CARTESIAN_POINT('',(-96.6781070658,-30.5711098147,35.000071120142
    ));
#862 = B_SPLINE_CURVE_WITH_KNOTS('',1,(#863,#864),.UNSPECIFIED.,.F.,.F.,
  (2,2),(0.,2.016206676143),.PIECEWISE_BEZIER_KNOTS.);
#863 = CARTESIAN_POINT('',(-96.6530076629,-30.61574907452,
    35.000071120142));
#864 = CARTESIAN_POINT('',(-96.6781070658,-30.5711098147,35.000071120142
    ));
#865 = ORIENTED_EDGE('',*,*,#866,.T.);
#866 = EDGE_CURVE('',#860,#867,#869,.T.);
#867 = VERTEX_POINT('',#868);
#868 = CARTESIAN_POINT('',(-96.70010166537,-30.52486177547,
    35.000071120142));
#869 = B_SPLINE_CURVE_WITH_KNOTS('',1,(#870,#871),.UNSPECIFIED.,.F.,.F.,
  (2,2),(0.,2.016206676143),.PIECEWISE_BEZIER_KNOTS.);
#870 = CARTESIAN_POINT('',(-96.6781070658,-30.5711098147,35.000071120142
    ));
#871 = CARTESIAN_POINT('',(-96.70010166537,-30.52486177547,
    35.000071120142));
#872 = ORIENTED_EDGE('',*,*,#873,.T.);
#873 = EDGE_CURVE('',#867,#874,#876,.T.);
#874 = VERTEX_POINT('',#875);
#875 = CARTESIAN_POINT('',(-96.71888891264,-30.47722058654,
    35.000071120142));
#876 = B_SPLINE_CURVE_WITH_KNOTS('',1,(#877,#878),.UNSPECIFIED.,.F.,.F.,
  (2,2),(0.,2.016206676143),.PIECEWISE_BEZIER_KNOTS.);
#877 = CARTESIAN_POINT('',(-96.70010166537,-30.52486177547,
    35.000071120142));
#878 = CARTESIAN_POINT('',(-96.71888891264,-30.47722058654,
    35.000071120142));
#879 = ORIENTED_EDGE('',*,*,#880,.T.);
#880 = EDGE_CURVE('',#874,#881,#883,.T.);
#881 = VERTEX_POINT('',#882);
#882 = CARTESIAN_POINT('',(-96.7343812128,-30.42840837313,
    35.000071120142));
#883 = B_SPLINE_CURVE_WITH_KNOTS('',1,(#884,#885),.UNSPECIFIED.,.F.,.F.,
  (2,2),(0.,2.016206676143),.PIECEWISE_BEZIER_KNOTS.);
#884 = CARTESIAN_POINT('',(-96.71888891264,-30.47722058654,
    35.000071120142));
#885 = CARTESIAN_POINT('',(-96.7343812128,-30.42840837313,
    35.000071120142));
#886 = ORIENTED_EDGE('',*,*,#887,.T.);
#887 = EDGE_CURVE('',#881,#888,#890,.T.);
#888 = VERTEX_POINT('',#889);
#889 = CARTESIAN_POINT('',(-96.74650633358,-30.3786527203,
    35.000071120142));
#890 = B_SPLINE_CURVE_WITH_KNOTS('',1,(#891,#892),.UNSPECIFIED.,.F.,.F.,
  (2,2),(0.,2.016206676143),.PIECEWISE_BEZIER_KNOTS.);
#891 = CARTESIAN_POINT('',(-96.7343812128,-30.42840837313,
    35.000071120142));
#892 = CARTESIAN_POINT('',(-96.74650633358,-30.3786527203,
    35.000071120142));
#893 = ORIENTED_EDGE('',*,*,#894,.T.);
#894 = EDGE_CURVE('',#888,#895,#897,.T.);
#895 = VERTEX_POINT('',#896);
#896 = CARTESIAN_POINT('',(-96.75520774208,-30.32818561187,
    35.000071120142));
#897 = B_SPLINE_CURVE_WITH_KNOTS('',1,(#898,#899),.UNSPECIFIED.,.F.,.F.,
  (2,2),(0.,2.016206676143),.PIECEWISE_BEZIER_KNOTS.);
#898 = CARTESIAN_POINT('',(-96.74650633358,-30.3786527203,
    35.000071120142));
#899 = CARTESIAN_POINT('',(-96.75520774208,-30.32818561187,
    35.000071120142));
#900 = ORIENTED_EDGE('',*,*,#901,.T.);
#901 = EDGE_CURVE('',#895,#902,#904,.T.);
#902 = VERTEX_POINT('',#903);
#903 = CARTESIAN_POINT('',(-96.76044486831,-30.27724234881,
    35.000071120142));
#904 = B_SPLINE_CURVE_WITH_KNOTS('',1,(#905,#906),.UNSPECIFIED.,.F.,.F.,
  (2,2),(0.,2.016206676143),.PIECEWISE_BEZIER_KNOTS.);
#905 = CARTESIAN_POINT('',(-96.75520774208,-30.32818561187,
    35.000071120142));
#906 = CARTESIAN_POINT('',(-96.76044486831,-30.27724234881,
    35.000071120142));
#907 = ORIENTED_EDGE('',*,*,#908,.T.);
#908 = EDGE_CURVE('',#902,#242,#909,.T.);
#909 = B_SPLINE_CURVE_WITH_KNOTS('',1,(#910,#911),.UNSPECIFIED.,.F.,.F.,
  (2,2),(0.,2.016206676143),.PIECEWISE_BEZIER_KNOTS.);
#910 = CARTESIAN_POINT('',(-96.76044486831,-30.27724234881,
    35.000071120142));
#911 = CARTESIAN_POINT('',(-96.76219329438,-30.22606045212,
    35.000071120142));
#912 = PLANE('',#913);
#913 = AXIS2_PLACEMENT_3D('',#914,#915,#916);
#914 = CARTESIAN_POINT('',(-46.67259334518,32.32,35.000071120142));
#915 = DIRECTION('',(0.,0.,1.));
#916 = DIRECTION('',(1.,0.,-0.));
#917 = ADVANCED_FACE('',(#918),#943,.T.);
#918 = FACE_BOUND('',#919,.T.);
#919 = EDGE_LOOP('',(#920,#928,#936,#942));
#920 = ORIENTED_EDGE('',*,*,#921,.F.);
#921 = EDGE_CURVE('',#922,#210,#924,.T.);
#922 = VERTEX_POINT('',#923);
#923 = CARTESIAN_POINT('',(4.917006604013,-32.48,35.));
#924 = LINE('',#925,#926);
#925 = CARTESIAN_POINT('',(4.917006604013,-32.48,-1.5));
#926 = VECTOR('',#927,1.);
#927 = DIRECTION('',(0.,0.,1.));
#928 = ORIENTED_EDGE('',*,*,#929,.F.);
#929 = EDGE_CURVE('',#930,#922,#932,.T.);
#930 = VERTEX_POINT('',#931);
#931 = CARTESIAN_POINT('',(4.917006604013,97.12,35.));
#932 = LINE('',#933,#934);
#933 = CARTESIAN_POINT('',(4.917006604013,-8.E-02,35.));
#934 = VECTOR('',#935,1.);
#935 = DIRECTION('',(0.,-1.,0.));
#936 = ORIENTED_EDGE('',*,*,#937,.T.);
#937 = EDGE_CURVE('',#930,#218,#938,.T.);
#938 = LINE('',#939,#940);
#939 = CARTESIAN_POINT('',(4.917006604013,97.12,-1.5));
#940 = VECTOR('',#941,1.);
#941 = DIRECTION('',(0.,0.,1.));
#942 = ORIENTED_EDGE('',*,*,#217,.F.);
#943 = PLANE('',#944);
#944 = AXIS2_PLACEMENT_3D('',#945,#946,#947);
#945 = CARTESIAN_POINT('',(4.917006604013,32.32,16.750035560071));
#946 = DIRECTION('',(1.,0.,0.));
#947 = DIRECTION('',(-0.,0.,1.));
#948 = ADVANCED_FACE('',(#949,#974),#1003,.T.);
#949 = FACE_BOUND('',#950,.T.);
#950 = EDGE_LOOP('',(#951,#959,#960,#968));
#951 = ORIENTED_EDGE('',*,*,#952,.T.);
#952 = EDGE_CURVE('',#953,#208,#955,.T.);
#953 = VERTEX_POINT('',#954);
#954 = CARTESIAN_POINT('',(-98.26219329438,-32.48,-1.5));
#955 = LINE('',#956,#957);
#956 = CARTESIAN_POINT('',(-98.26219329438,-32.48,-1.5));
#957 = VECTOR('',#958,1.);
#958 = DIRECTION('',(0.,0.,1.));
#959 = ORIENTED_EDGE('',*,*,#233,.T.);
#960 = ORIENTED_EDGE('',*,*,#961,.F.);
#961 = EDGE_CURVE('',#962,#226,#964,.T.);
#962 = VERTEX_POINT('',#963);
#963 = CARTESIAN_POINT('',(-98.26219329438,97.12,-1.5));
#964 = LINE('',#965,#966);
#965 = CARTESIAN_POINT('',(-98.26219329438,97.12,-1.5));
#966 = VECTOR('',#967,1.);
#967 = DIRECTION('',(0.,0.,1.));
#968 = ORIENTED_EDGE('',*,*,#969,.F.);
#969 = EDGE_CURVE('',#953,#962,#970,.T.);
#970 = LINE('',#971,#972);
#971 = CARTESIAN_POINT('',(-98.26219329438,-32.48,-1.5));
#972 = VECTOR('',#973,1.);
#973 = DIRECTION('',(-0.,1.,0.));
#974 = FACE_BOUND('',#975,.T.);
#975 = EDGE_LOOP('',(#976,#987,#996));
#976 = ORIENTED_EDGE('',*,*,#977,.T.);
#977 = EDGE_CURVE('',#978,#980,#982,.T.);
#978 = VERTEX_POINT('',#979);
#979 = CARTESIAN_POINT('',(-98.26219329438,32.32,34.1));
#980 = VERTEX_POINT('',#981);
#981 = CARTESIAN_POINT('',(-98.26219329438,31.774564394268,
    33.249999999999));
#982 = CIRCLE('',#983,0.6);
#983 = AXIS2_PLACEMENT_3D('',#984,#985,#986);
#984 = CARTESIAN_POINT('',(-98.26219329438,32.32,33.5));
#985 = DIRECTION('',(1.,0.,0.));
#986 = DIRECTION('',(-0.,0.,1.));
#987 = ORIENTED_EDGE('',*,*,#988,.T.);
#988 = EDGE_CURVE('',#980,#989,#991,.T.);
#989 = VERTEX_POINT('',#990);
#990 = CARTESIAN_POINT('',(-98.26219329438,32.865435605732,
    33.249999999999));
#991 = CIRCLE('',#992,0.6);
#992 = AXIS2_PLACEMENT_3D('',#993,#994,#995);
#993 = CARTESIAN_POINT('',(-98.26219329438,32.32,33.));
#994 = DIRECTION('',(1.,0.,0.));
#995 = DIRECTION('',(-0.,0.,1.));
#996 = ORIENTED_EDGE('',*,*,#997,.T.);
#997 = EDGE_CURVE('',#989,#978,#998,.T.);
#998 = CIRCLE('',#999,0.6);
#999 = AXIS2_PLACEMENT_3D('',#1000,#1001,#1002);
#1000 = CARTESIAN_POINT('',(-98.26219329438,32.32,33.5));
#1001 = DIRECTION('',(1.,0.,0.));
#1002 = DIRECTION('',(-0.,0.,1.));
#1003 = PLANE('',#1004);
#1004 = AXIS2_PLACEMENT_3D('',#1005,#1006,#1007);
#1005 = CARTESIAN_POINT('',(-98.26219329438,32.32,16.750035560071));
#1006 = DIRECTION('',(-1.,-0.,-0.));
#1007 = DIRECTION('',(0.,0.,-1.));
#1008 = ADVANCED_FACE('',(#1009,#1107),#1137,.F.);
#1009 = FACE_BOUND('',#1010,.F.);
#1010 = EDGE_LOOP('',(#1011,#1012,#1013,#1014,#1015,#1016,#1017,#1018,
    #1019,#1020,#1021,#1022,#1023,#1024,#1025,#1026,#1027,#1028,#1029,
    #1030,#1031,#1032,#1033,#1034,#1035,#1036,#1037,#1038,#1039,#1040,
    #1041,#1042,#1043,#1044,#1045,#1046,#1047,#1048,#1049,#1050,#1051,
    #1052,#1053,#1054,#1055,#1056,#1057,#1058,#1059,#1060,#1061,#1062,
    #1063,#1064,#1065,#1066,#1067,#1068,#1069,#1070,#1071,#1072,#1073,
    #1074,#1075,#1076,#1077,#1078,#1079,#1080,#1081,#1082,#1083,#1084,
    #1085,#1086,#1087,#1088,#1089,#1090,#1091,#1092,#1093,#1094,#1095,
    #1096,#1097,#1098,#1099,#1100,#1101,#1102,#1103,#1104,#1105,#1106));
#1011 = ORIENTED_EDGE('',*,*,#908,.T.);
#1012 = ORIENTED_EDGE('',*,*,#241,.T.);
#1013 = ORIENTED_EDGE('',*,*,#250,.T.);
#1014 = ORIENTED_EDGE('',*,*,#257,.T.);
#1015 = ORIENTED_EDGE('',*,*,#264,.T.);
#1016 = ORIENTED_EDGE('',*,*,#271,.T.);
#1017 = ORIENTED_EDGE('',*,*,#278,.T.);
#1018 = ORIENTED_EDGE('',*,*,#285,.T.);
#1019 = ORIENTED_EDGE('',*,*,#292,.T.);
#1020 = ORIENTED_EDGE('',*,*,#299,.T.);
#1021 = ORIENTED_EDGE('',*,*,#306,.T.);
#1022 = ORIENTED_EDGE('',*,*,#313,.T.);
#1023 = ORIENTED_EDGE('',*,*,#320,.T.);
#1024 = ORIENTED_EDGE('',*,*,#327,.T.);
#1025 = ORIENTED_EDGE('',*,*,#334,.T.);
#1026 = ORIENTED_EDGE('',*,*,#341,.T.);
#1027 = ORIENTED_EDGE('',*,*,#348,.T.);
#1028 = ORIENTED_EDGE('',*,*,#355,.T.);
#1029 = ORIENTED_EDGE('',*,*,#362,.T.);
#1030 = ORIENTED_EDGE('',*,*,#369,.T.);
#1031 = ORIENTED_EDGE('',*,*,#376,.T.);
#1032 = ORIENTED_EDGE('',*,*,#383,.T.);
#1033 = ORIENTED_EDGE('',*,*,#390,.T.);
#1034 = ORIENTED_EDGE('',*,*,#397,.T.);
#1035 = ORIENTED_EDGE('',*,*,#404,.T.);
#1036 = ORIENTED_EDGE('',*,*,#411,.T.);
#1037 = ORIENTED_EDGE('',*,*,#418,.T.);
#1038 = ORIENTED_EDGE('',*,*,#425,.T.);
#1039 = ORIENTED_EDGE('',*,*,#432,.T.);
#1040 = ORIENTED_EDGE('',*,*,#439,.T.);
#1041 = ORIENTED_EDGE('',*,*,#446,.T.);
#1042 = ORIENTED_EDGE('',*,*,#453,.T.);
#1043 = ORIENTED_EDGE('',*,*,#460,.T.);
#1044 = ORIENTED_EDGE('',*,*,#467,.T.);
#1045 = ORIENTED_EDGE('',*,*,#474,.T.);
#1046 = ORIENTED_EDGE('',*,*,#481,.T.);
#1047 = ORIENTED_EDGE('',*,*,#488,.T.);
#1048 = ORIENTED_EDGE('',*,*,#495,.T.);
#1049 = ORIENTED_EDGE('',*,*,#502,.T.);
#1050 = ORIENTED_EDGE('',*,*,#509,.T.);
#1051 = ORIENTED_EDGE('',*,*,#516,.T.);
#1052 = ORIENTED_EDGE('',*,*,#523,.T.);
#1053 = ORIENTED_EDGE('',*,*,#530,.T.);
#1054 = ORIENTED_EDGE('',*,*,#537,.T.);
#1055 = ORIENTED_EDGE('',*,*,#544,.T.);
#1056 = ORIENTED_EDGE('',*,*,#551,.T.);
#1057 = ORIENTED_EDGE('',*,*,#558,.T.);
#1058 = ORIENTED_EDGE('',*,*,#565,.T.);
#1059 = ORIENTED_EDGE('',*,*,#572,.T.);
#1060 = ORIENTED_EDGE('',*,*,#579,.T.);
#1061 = ORIENTED_EDGE('',*,*,#586,.T.);
#1062 = ORIENTED_EDGE('',*,*,#593,.T.);
#1063 = ORIENTED_EDGE('',*,*,#600,.T.);
#1064 = ORIENTED_EDGE('',*,*,#607,.T.);
#1065 = ORIENTED_EDGE('',*,*,#614,.T.);
#1066 = ORIENTED_EDGE('',*,*,#621,.T.);
#1067 = ORIENTED_EDGE('',*,*,#628,.T.);
#1068 = ORIENTED_EDGE('',*,*,#635,.T.);
#1069 = ORIENTED_EDGE('',*,*,#642,.T.);
#1070 = ORIENTED_EDGE('',*,*,#649,.T.);
#1071 = ORIENTED_EDGE('',*,*,#656,.T.);
#1072 = ORIENTED_EDGE('',*,*,#663,.T.);
#1073 = ORIENTED_EDGE('',*,*,#670,.T.);
#1074 = ORIENTED_EDGE('',*,*,#677,.T.);
#1075 = ORIENTED_EDGE('',*,*,#684,.T.);
#1076 = ORIENTED_EDGE('',*,*,#691,.T.);
#1077 = ORIENTED_EDGE('',*,*,#698,.T.);
#1078 = ORIENTED_EDGE('',*,*,#705,.T.);
#1079 = ORIENTED_EDGE('',*,*,#712,.T.);
#1080 = ORIENTED_EDGE('',*,*,#719,.T.);
#1081 = ORIENTED_EDGE('',*,*,#726,.T.);
#1082 = ORIENTED_EDGE('',*,*,#733,.T.);
#1083 = ORIENTED_EDGE('',*,*,#740,.T.);
#1084 = ORIENTED_EDGE('',*,*,#747,.T.);
#1085 = ORIENTED_EDGE('',*,*,#754,.T.);
#1086 = ORIENTED_EDGE('',*,*,#761,.T.);
#1087 = ORIENTED_EDGE('',*,*,#768,.T.);
#1088 = ORIENTED_EDGE('',*,*,#775,.T.);
#1089 = ORIENTED_EDGE('',*,*,#782,.T.);
#1090 = ORIENTED_EDGE('',*,*,#789,.T.);
#1091 = ORIENTED_EDGE('',*,*,#796,.T.);
#1092 = ORIENTED_EDGE('',*,*,#803,.T.);
#1093 = ORIENTED_EDGE('',*,*,#810,.T.);
#1094 = ORIENTED_EDGE('',*,*,#817,.T.);
#1095 = ORIENTED_EDGE('',*,*,#824,.T.);
#1096 = ORIENTED_EDGE('',*,*,#831,.T.);
#1097 = ORIENTED_EDGE('',*,*,#838,.T.);
#1098 = ORIENTED_EDGE('',*,*,#845,.T.);
#1099 = ORIENTED_EDGE('',*,*,#852,.T.);
#1100 = ORIENTED_EDGE('',*,*,#859,.T.);
#1101 = ORIENTED_EDGE('',*,*,#866,.T.);
#1102 = ORIENTED_EDGE('',*,*,#873,.T.);
#1103 = ORIENTED_EDGE('',*,*,#880,.T.);
#1104 = ORIENTED_EDGE('',*,*,#887,.T.);
#1105 = ORIENTED_EDGE('',*,*,#894,.T.);
#1106 = ORIENTED_EDGE('',*,*,#901,.T.);
#1107 = FACE_BOUND('',#1108,.F.);
#1108 = EDGE_LOOP('',(#1109,#1118,#1125,#1132));
#1109 = ORIENTED_EDGE('',*,*,#1110,.F.);
#1110 = EDGE_CURVE('',#1111,#1113,#1115,.T.);
#1111 = VERTEX_POINT('',#1112);
#1112 = CARTESIAN_POINT('',(-95.26219075438,94.119188468377,
    35.000071120142));
#1113 = VERTEX_POINT('',#1114);
#1114 = CARTESIAN_POINT('',(1.917004064008,94.119188468377,
    35.000071120142));
#1115 = B_SPLINE_CURVE_WITH_KNOTS('',1,(#1116,#1117),.UNSPECIFIED.,.F.,
  .F.,(2,2),(-956.486225,2.869458675E+03),.PIECEWISE_BEZIER_KNOTS.);
#1116 = CARTESIAN_POINT('',(-95.26219075438,94.119188468377,
    35.000071120142));
#1117 = CARTESIAN_POINT('',(1.917004064008,94.119188468377,
    35.000071120142));
#1118 = ORIENTED_EDGE('',*,*,#1119,.F.);
#1119 = EDGE_CURVE('',#1120,#1111,#1122,.T.);
#1120 = VERTEX_POINT('',#1121);
#1121 = CARTESIAN_POINT('',(-95.26219075438,-29.47605918211,
    35.000071120142));
#1122 = B_SPLINE_CURVE_WITH_KNOTS('',1,(#1123,#1124),.UNSPECIFIED.,.F.,
  .F.,(2,2),(-1.216486225E+03,3.649458675E+03),
  .PIECEWISE_BEZIER_KNOTS.);
#1123 = CARTESIAN_POINT('',(-95.26219075438,-29.47605918211,
    35.000071120142));
#1124 = CARTESIAN_POINT('',(-95.26219075438,94.119188468377,
    35.000071120142));
#1125 = ORIENTED_EDGE('',*,*,#1126,.F.);
#1126 = EDGE_CURVE('',#1127,#1120,#1129,.T.);
#1127 = VERTEX_POINT('',#1128);
#1128 = CARTESIAN_POINT('',(1.917004064008,-29.47605918211,
    35.000071120142));
#1129 = B_SPLINE_CURVE_WITH_KNOTS('',1,(#1130,#1131),.UNSPECIFIED.,.F.,
  .F.,(2,2),(-956.486225,2.869458675E+03),.PIECEWISE_BEZIER_KNOTS.);
#1130 = CARTESIAN_POINT('',(1.917004064008,-29.47605918211,
    35.000071120142));
#1131 = CARTESIAN_POINT('',(-95.26219075438,-29.47605918211,
    35.000071120142));
#1132 = ORIENTED_EDGE('',*,*,#1133,.F.);
#1133 = EDGE_CURVE('',#1113,#1127,#1134,.T.);
#1134 = B_SPLINE_CURVE_WITH_KNOTS('',1,(#1135,#1136),.UNSPECIFIED.,.F.,
  .F.,(2,2),(-1.216486225E+03,3.649458675E+03),
  .PIECEWISE_BEZIER_KNOTS.);
#1135 = CARTESIAN_POINT('',(1.917004064008,94.119188468377,
    35.000071120142));
#1136 = CARTESIAN_POINT('',(1.917004064008,-29.47605918211,
    35.000071120142));
#1137 = B_SPLINE_SURFACE_WITH_KNOTS('',1,1,(
    (#1138,#1139)
    ,(#1140,#1141
    )),.UNSPECIFIED.,.F.,.F.,.F.,(2,2),(2,2),(-1.97202755E+03,
    1.97202755E+03),(-2.49202755E+03,2.49202755E+03),
  .PIECEWISE_BEZIER_KNOTS.);
#1138 = CARTESIAN_POINT('',(3.417006604013,-30.97606172212,
    35.000071120142));
#1139 = CARTESIAN_POINT('',(3.417006604013,95.619191008382,
    35.000071120142));
#1140 = CARTESIAN_POINT('',(-96.76219329438,-30.97606172212,
    35.000071120142));
#1141 = CARTESIAN_POINT('',(-96.76219329438,95.619191008382,
    35.000071120142));
#1142 = ADVANCED_FACE('',(#1143,#1168),#1202,.F.);
#1143 = FACE_BOUND('',#1144,.F.);
#1144 = EDGE_LOOP('',(#1145,#1155,#1161,#1162));
#1145 = ORIENTED_EDGE('',*,*,#1146,.F.);
#1146 = EDGE_CURVE('',#1147,#1149,#1151,.T.);
#1147 = VERTEX_POINT('',#1148);
#1148 = CARTESIAN_POINT('',(-98.26,-32.48,35.));
#1149 = VERTEX_POINT('',#1150);
#1150 = CARTESIAN_POINT('',(-98.26,97.12,35.));
#1151 = LINE('',#1152,#1153);
#1152 = CARTESIAN_POINT('',(-98.26,-32.48,35.));
#1153 = VECTOR('',#1154,1.);
#1154 = DIRECTION('',(-0.,1.,0.));
#1155 = ORIENTED_EDGE('',*,*,#1156,.T.);
#1156 = EDGE_CURVE('',#1147,#922,#1157,.T.);
#1157 = LINE('',#1158,#1159);
#1158 = CARTESIAN_POINT('',(-98.26,-32.48,35.));
#1159 = VECTOR('',#1160,1.);
#1160 = DIRECTION('',(1.,0.,-0.));
#1161 = ORIENTED_EDGE('',*,*,#929,.F.);
#1162 = ORIENTED_EDGE('',*,*,#1163,.F.);
#1163 = EDGE_CURVE('',#1149,#930,#1164,.T.);
#1164 = LINE('',#1165,#1166);
#1165 = CARTESIAN_POINT('',(-98.26,97.12,35.));
#1166 = VECTOR('',#1167,1.);
#1167 = DIRECTION('',(1.,0.,-0.));
#1168 = FACE_BOUND('',#1169,.F.);
#1169 = EDGE_LOOP('',(#1170,#1180,#1188,#1196));
#1170 = ORIENTED_EDGE('',*,*,#1171,.F.);
#1171 = EDGE_CURVE('',#1172,#1174,#1176,.T.);
#1172 = VERTEX_POINT('',#1173);
#1173 = CARTESIAN_POINT('',(-96.76,-30.98,35.));
#1174 = VERTEX_POINT('',#1175);
#1175 = CARTESIAN_POINT('',(3.42,-30.98,35.));
#1176 = LINE('',#1177,#1178);
#1177 = CARTESIAN_POINT('',(-96.76,-30.98,35.));
#1178 = VECTOR('',#1179,1.);
#1179 = DIRECTION('',(1.,0.,-0.));
#1180 = ORIENTED_EDGE('',*,*,#1181,.T.);
#1181 = EDGE_CURVE('',#1172,#1182,#1184,.T.);
#1182 = VERTEX_POINT('',#1183);
#1183 = CARTESIAN_POINT('',(-96.76,95.62,35.));
#1184 = LINE('',#1185,#1186);
#1185 = CARTESIAN_POINT('',(-96.76,-30.98,35.));
#1186 = VECTOR('',#1187,1.);
#1187 = DIRECTION('',(-0.,1.,0.));
#1188 = ORIENTED_EDGE('',*,*,#1189,.T.);
#1189 = EDGE_CURVE('',#1182,#1190,#1192,.T.);
#1190 = VERTEX_POINT('',#1191);
#1191 = CARTESIAN_POINT('',(3.42,95.62,35.));
#1192 = LINE('',#1193,#1194);
#1193 = CARTESIAN_POINT('',(-96.76,95.62,35.));
#1194 = VECTOR('',#1195,1.);
#1195 = DIRECTION('',(1.,0.,-0.));
#1196 = ORIENTED_EDGE('',*,*,#1197,.F.);
#1197 = EDGE_CURVE('',#1174,#1190,#1198,.T.);
#1198 = LINE('',#1199,#1200);
#1199 = CARTESIAN_POINT('',(3.42,-30.98,35.));
#1200 = VECTOR('',#1201,1.);
#1201 = DIRECTION('',(-0.,1.,0.));
#1202 = PLANE('',#1203);
#1203 = AXIS2_PLACEMENT_3D('',#1204,#1205,#1206);
#1204 = CARTESIAN_POINT('',(-98.26,-32.48,35.));
#1205 = DIRECTION('',(0.,0.,1.));
#1206 = DIRECTION('',(1.,0.,-0.));
#1207 = ADVANCED_FACE('',(#1208,#1233),#1262,.T.);
#1208 = FACE_BOUND('',#1209,.T.);
#1209 = EDGE_LOOP('',(#1210,#1218,#1226,#1232));
#1210 = ORIENTED_EDGE('',*,*,#1211,.F.);
#1211 = EDGE_CURVE('',#1212,#1147,#1214,.T.);
#1212 = VERTEX_POINT('',#1213);
#1213 = CARTESIAN_POINT('',(-98.26,-32.48,31.));
#1214 = LINE('',#1215,#1216);
#1215 = CARTESIAN_POINT('',(-98.26,-32.48,31.));
#1216 = VECTOR('',#1217,1.);
#1217 = DIRECTION('',(0.,0.,1.));
#1218 = ORIENTED_EDGE('',*,*,#1219,.T.);
#1219 = EDGE_CURVE('',#1212,#1220,#1222,.T.);
#1220 = VERTEX_POINT('',#1221);
#1221 = CARTESIAN_POINT('',(-98.26,97.12,31.));
#1222 = LINE('',#1223,#1224);
#1223 = CARTESIAN_POINT('',(-98.26,-32.48,31.));
#1224 = VECTOR('',#1225,1.);
#1225 = DIRECTION('',(-0.,1.,0.));
#1226 = ORIENTED_EDGE('',*,*,#1227,.T.);
#1227 = EDGE_CURVE('',#1220,#1149,#1228,.T.);
#1228 = LINE('',#1229,#1230);
#1229 = CARTESIAN_POINT('',(-98.26,97.12,31.));
#1230 = VECTOR('',#1231,1.);
#1231 = DIRECTION('',(0.,0.,1.));
#1232 = ORIENTED_EDGE('',*,*,#1146,.F.);
#1233 = FACE_BOUND('',#1234,.T.);
#1234 = EDGE_LOOP('',(#1235,#1246,#1255));
#1235 = ORIENTED_EDGE('',*,*,#1236,.F.);
#1236 = EDGE_CURVE('',#1237,#1239,#1241,.T.);
#1237 = VERTEX_POINT('',#1238);
#1238 = CARTESIAN_POINT('',(-98.26,31.774564394268,33.249999999999));
#1239 = VERTEX_POINT('',#1240);
#1240 = CARTESIAN_POINT('',(-98.26,32.865435605732,33.249999999999));
#1241 = CIRCLE('',#1242,0.6);
#1242 = AXIS2_PLACEMENT_3D('',#1243,#1244,#1245);
#1243 = CARTESIAN_POINT('',(-98.26,32.32,33.));
#1244 = DIRECTION('',(1.,0.,0.));
#1245 = DIRECTION('',(-0.,0.,1.));
#1246 = ORIENTED_EDGE('',*,*,#1247,.F.);
#1247 = EDGE_CURVE('',#1248,#1237,#1250,.T.);
#1248 = VERTEX_POINT('',#1249);
#1249 = CARTESIAN_POINT('',(-98.26,32.32,34.1));
#1250 = CIRCLE('',#1251,0.6);
#1251 = AXIS2_PLACEMENT_3D('',#1252,#1253,#1254);
#1252 = CARTESIAN_POINT('',(-98.26,32.32,33.5));
#1253 = DIRECTION('',(1.,0.,0.));
#1254 = DIRECTION('',(-0.,0.,1.));
#1255 = ORIENTED_EDGE('',*,*,#1256,.F.);
#1256 = EDGE_CURVE('',#1239,#1248,#1257,.T.);
#1257 = CIRCLE('',#1258,0.6);
#1258 = AXIS2_PLACEMENT_3D('',#1259,#1260,#1261);
#1259 = CARTESIAN_POINT('',(-98.26,32.32,33.5));
#1260 = DIRECTION('',(1.,0.,0.));
#1261 = DIRECTION('',(-0.,0.,1.));
#1262 = PLANE('',#1263);
#1263 = AXIS2_PLACEMENT_3D('',#1264,#1265,#1266);
#1264 = CARTESIAN_POINT('',(-98.26,-32.48,31.));
#1265 = DIRECTION('',(1.,0.,-0.));
#1266 = DIRECTION('',(0.,0.,1.));
#1267 = ADVANCED_FACE('',(#1268,#1293),#1327,.T.);
#1268 = FACE_BOUND('',#1269,.T.);
#1269 = EDGE_LOOP('',(#1270,#1271,#1279,#1287));
#1270 = ORIENTED_EDGE('',*,*,#1219,.F.);
#1271 = ORIENTED_EDGE('',*,*,#1272,.T.);
#1272 = EDGE_CURVE('',#1212,#1273,#1275,.T.);
#1273 = VERTEX_POINT('',#1274);
#1274 = CARTESIAN_POINT('',(4.917006604013,-32.48,31.));
#1275 = LINE('',#1276,#1277);
#1276 = CARTESIAN_POINT('',(-98.26,-32.48,31.));
#1277 = VECTOR('',#1278,1.);
#1278 = DIRECTION('',(1.,0.,-0.));
#1279 = ORIENTED_EDGE('',*,*,#1280,.F.);
#1280 = EDGE_CURVE('',#1281,#1273,#1283,.T.);
#1281 = VERTEX_POINT('',#1282);
#1282 = CARTESIAN_POINT('',(4.917006604013,97.12,31.));
#1283 = LINE('',#1284,#1285);
#1284 = CARTESIAN_POINT('',(4.917006604013,-8.E-02,31.));
#1285 = VECTOR('',#1286,1.);
#1286 = DIRECTION('',(0.,-1.,0.));
#1287 = ORIENTED_EDGE('',*,*,#1288,.F.);
#1288 = EDGE_CURVE('',#1220,#1281,#1289,.T.);
#1289 = LINE('',#1290,#1291);
#1290 = CARTESIAN_POINT('',(-98.26,97.12,31.));
#1291 = VECTOR('',#1292,1.);
#1292 = DIRECTION('',(1.,0.,-0.));
#1293 = FACE_BOUND('',#1294,.T.);
#1294 = EDGE_LOOP('',(#1295,#1305,#1313,#1321));
#1295 = ORIENTED_EDGE('',*,*,#1296,.F.);
#1296 = EDGE_CURVE('',#1297,#1299,#1301,.T.);
#1297 = VERTEX_POINT('',#1298);
#1298 = CARTESIAN_POINT('',(-96.76,-30.98,31.));
#1299 = VERTEX_POINT('',#1300);
#1300 = CARTESIAN_POINT('',(3.42,-30.98,31.));
#1301 = LINE('',#1302,#1303);
#1302 = CARTESIAN_POINT('',(-96.76,-30.98,31.));
#1303 = VECTOR('',#1304,1.);
#1304 = DIRECTION('',(1.,0.,-0.));
#1305 = ORIENTED_EDGE('',*,*,#1306,.T.);
#1306 = EDGE_CURVE('',#1297,#1307,#1309,.T.);
#1307 = VERTEX_POINT('',#1308);
#1308 = CARTESIAN_POINT('',(-96.76,95.62,31.));
#1309 = LINE('',#1310,#1311);
#1310 = CARTESIAN_POINT('',(-96.76,-30.98,31.));
#1311 = VECTOR('',#1312,1.);
#1312 = DIRECTION('',(-0.,1.,0.));
#1313 = ORIENTED_EDGE('',*,*,#1314,.T.);
#1314 = EDGE_CURVE('',#1307,#1315,#1317,.T.);
#1315 = VERTEX_POINT('',#1316);
#1316 = CARTESIAN_POINT('',(3.42,95.62,31.));
#1317 = LINE('',#1318,#1319);
#1318 = CARTESIAN_POINT('',(-96.76,95.62,31.));
#1319 = VECTOR('',#1320,1.);
#1320 = DIRECTION('',(1.,0.,-0.));
#1321 = ORIENTED_EDGE('',*,*,#1322,.F.);
#1322 = EDGE_CURVE('',#1299,#1315,#1323,.T.);
#1323 = LINE('',#1324,#1325);
#1324 = CARTESIAN_POINT('',(3.42,-30.98,31.));
#1325 = VECTOR('',#1326,1.);
#1326 = DIRECTION('',(-0.,1.,0.));
#1327 = PLANE('',#1328);
#1328 = AXIS2_PLACEMENT_3D('',#1329,#1330,#1331);
#1329 = CARTESIAN_POINT('',(-98.26,-32.48,31.));
#1330 = DIRECTION('',(0.,0.,1.));
#1331 = DIRECTION('',(1.,0.,-0.));
#1332 = ADVANCED_FACE('',(#1333,#1358),#1392,.T.);
#1333 = FACE_BOUND('',#1334,.T.);
#1334 = EDGE_LOOP('',(#1335,#1343,#1351,#1357));
#1335 = ORIENTED_EDGE('',*,*,#1336,.F.);
#1336 = EDGE_CURVE('',#1337,#1273,#1339,.T.);
#1337 = VERTEX_POINT('',#1338);
#1338 = CARTESIAN_POINT('',(4.917006604013,-32.48,-1.5));
#1339 = LINE('',#1340,#1341);
#1340 = CARTESIAN_POINT('',(4.917006604013,-32.48,-1.5));
#1341 = VECTOR('',#1342,1.);
#1342 = DIRECTION('',(0.,0.,1.));
#1343 = ORIENTED_EDGE('',*,*,#1344,.T.);
#1344 = EDGE_CURVE('',#1337,#1345,#1347,.T.);
#1345 = VERTEX_POINT('',#1346);
#1346 = CARTESIAN_POINT('',(4.917006604013,97.12,-1.5));
#1347 = LINE('',#1348,#1349);
#1348 = CARTESIAN_POINT('',(4.917006604013,-32.48,-1.5));
#1349 = VECTOR('',#1350,1.);
#1350 = DIRECTION('',(-0.,1.,0.));
#1351 = ORIENTED_EDGE('',*,*,#1352,.T.);
#1352 = EDGE_CURVE('',#1345,#1281,#1353,.T.);
#1353 = LINE('',#1354,#1355);
#1354 = CARTESIAN_POINT('',(4.917006604013,97.12,-1.5));
#1355 = VECTOR('',#1356,1.);
#1356 = DIRECTION('',(0.,0.,1.));
#1357 = ORIENTED_EDGE('',*,*,#1280,.T.);
#1358 = FACE_BOUND('',#1359,.T.);
#1359 = EDGE_LOOP('',(#1360,#1370,#1378,#1386));
#1360 = ORIENTED_EDGE('',*,*,#1361,.T.);
#1361 = EDGE_CURVE('',#1362,#1364,#1366,.T.);
#1362 = VERTEX_POINT('',#1363);
#1363 = CARTESIAN_POINT('',(4.917006604013,88.5,6.));
#1364 = VERTEX_POINT('',#1365);
#1365 = CARTESIAN_POINT('',(4.917006604013,46.5,6.));
#1366 = LINE('',#1367,#1368);
#1367 = CARTESIAN_POINT('',(4.917006604013,39.41,6.));
#1368 = VECTOR('',#1369,1.);
#1369 = DIRECTION('',(0.,-1.,0.));
#1370 = ORIENTED_EDGE('',*,*,#1371,.T.);
#1371 = EDGE_CURVE('',#1364,#1372,#1374,.T.);
#1372 = VERTEX_POINT('',#1373);
#1373 = CARTESIAN_POINT('',(4.917006604013,46.5,24.5));
#1374 = LINE('',#1375,#1376);
#1375 = CARTESIAN_POINT('',(4.917006604013,46.5,11.375017780036));
#1376 = VECTOR('',#1377,1.);
#1377 = DIRECTION('',(0.,-0.,1.));
#1378 = ORIENTED_EDGE('',*,*,#1379,.F.);
#1379 = EDGE_CURVE('',#1380,#1372,#1382,.T.);
#1380 = VERTEX_POINT('',#1381);
#1381 = CARTESIAN_POINT('',(4.917006604013,88.5,24.5));
#1382 = LINE('',#1383,#1384);
#1383 = CARTESIAN_POINT('',(4.917006604013,39.41,24.5));
#1384 = VECTOR('',#1385,1.);
#1385 = DIRECTION('',(0.,-1.,0.));
#1386 = ORIENTED_EDGE('',*,*,#1387,.F.);
#1387 = EDGE_CURVE('',#1362,#1380,#1388,.T.);
#1388 = LINE('',#1389,#1390);
#1389 = CARTESIAN_POINT('',(4.917006604013,88.5,11.375017780036));
#1390 = VECTOR('',#1391,1.);
#1391 = DIRECTION('',(0.,-0.,1.));
#1392 = PLANE('',#1393);
#1393 = AXIS2_PLACEMENT_3D('',#1394,#1395,#1396);
#1394 = CARTESIAN_POINT('',(4.917006604013,32.32,16.750035560071));
#1395 = DIRECTION('',(1.,0.,0.));
#1396 = DIRECTION('',(-0.,0.,1.));
#1397 = ADVANCED_FACE('',(#1398),#1460,.F.);
#1398 = FACE_BOUND('',#1399,.T.);
#1399 = EDGE_LOOP('',(#1400,#1401,#1409,#1417,#1425,#1433,#1439,#1440,
    #1446,#1447,#1453,#1454));
#1400 = ORIENTED_EDGE('',*,*,#969,.T.);
#1401 = ORIENTED_EDGE('',*,*,#1402,.T.);
#1402 = EDGE_CURVE('',#962,#1403,#1405,.T.);
#1403 = VERTEX_POINT('',#1404);
#1404 = CARTESIAN_POINT('',(-95.12985521971,97.12,-1.5));
#1405 = LINE('',#1406,#1407);
#1406 = CARTESIAN_POINT('',(-98.26219329438,97.12,-1.5));
#1407 = VECTOR('',#1408,1.);
#1408 = DIRECTION('',(1.,0.,-0.));
#1409 = ORIENTED_EDGE('',*,*,#1410,.T.);
#1410 = EDGE_CURVE('',#1403,#1411,#1413,.T.);
#1411 = VERTEX_POINT('',#1412);
#1412 = CARTESIAN_POINT('',(-85.60483616967,97.12,-1.5));
#1413 = LINE('',#1414,#1415);
#1414 = CARTESIAN_POINT('',(-98.26219329438,97.12,-1.5));
#1415 = VECTOR('',#1416,1.);
#1416 = DIRECTION('',(1.,0.,-0.));
#1417 = ORIENTED_EDGE('',*,*,#1418,.T.);
#1418 = EDGE_CURVE('',#1411,#1419,#1421,.T.);
#1419 = VERTEX_POINT('',#1420);
#1420 = CARTESIAN_POINT('',(-8.572517145034,97.12,-1.5));
#1421 = LINE('',#1422,#1423);
#1422 = CARTESIAN_POINT('',(-98.26219329438,97.12,-1.5));
#1423 = VECTOR('',#1424,1.);
#1424 = DIRECTION('',(1.,0.,-0.));
#1425 = ORIENTED_EDGE('',*,*,#1426,.T.);
#1426 = EDGE_CURVE('',#1419,#1427,#1429,.T.);
#1427 = VERTEX_POINT('',#1428);
#1428 = CARTESIAN_POINT('',(0.952501905004,97.12,-1.5));
#1429 = LINE('',#1430,#1431);
#1430 = CARTESIAN_POINT('',(-98.26219329438,97.12,-1.5));
#1431 = VECTOR('',#1432,1.);
#1432 = DIRECTION('',(1.,0.,-0.));
#1433 = ORIENTED_EDGE('',*,*,#1434,.T.);
#1434 = EDGE_CURVE('',#1427,#1345,#1435,.T.);
#1435 = LINE('',#1436,#1437);
#1436 = CARTESIAN_POINT('',(-98.26219329438,97.12,-1.5));
#1437 = VECTOR('',#1438,1.);
#1438 = DIRECTION('',(1.,0.,-0.));
#1439 = ORIENTED_EDGE('',*,*,#1344,.F.);
#1440 = ORIENTED_EDGE('',*,*,#1441,.F.);
#1441 = EDGE_CURVE('',#73,#1337,#1442,.T.);
#1442 = LINE('',#1443,#1444);
#1443 = CARTESIAN_POINT('',(-98.26219329438,-32.48,-1.5));
#1444 = VECTOR('',#1445,1.);
#1445 = DIRECTION('',(1.,0.,-0.));
#1446 = ORIENTED_EDGE('',*,*,#72,.F.);
#1447 = ORIENTED_EDGE('',*,*,#1448,.F.);
#1448 = EDGE_CURVE('',#166,#24,#1449,.T.);
#1449 = LINE('',#1450,#1451);
#1450 = CARTESIAN_POINT('',(-98.26219329438,-32.48,-1.5));
#1451 = VECTOR('',#1452,1.);
#1452 = DIRECTION('',(1.,0.,-0.));
#1453 = ORIENTED_EDGE('',*,*,#165,.F.);
#1454 = ORIENTED_EDGE('',*,*,#1455,.F.);
#1455 = EDGE_CURVE('',#953,#117,#1456,.T.);
#1456 = LINE('',#1457,#1458);
#1457 = CARTESIAN_POINT('',(-98.26219329438,-32.48,-1.5));
#1458 = VECTOR('',#1459,1.);
#1459 = DIRECTION('',(1.,0.,-0.));
#1460 = PLANE('',#1461);
#1461 = AXIS2_PLACEMENT_3D('',#1462,#1463,#1464);
#1462 = CARTESIAN_POINT('',(-98.26219329438,-32.48,-1.5));
#1463 = DIRECTION('',(0.,0.,1.));
#1464 = DIRECTION('',(1.,0.,-0.));
#1465 = ADVANCED_FACE('',(#1466),#1681,.F.);
#1466 = FACE_BOUND('',#1467,.F.);
#1467 = EDGE_LOOP('',(#1468,#1469,#1477,#1486,#1493,#1542,#1550,#1559,
    #1567,#1616,#1633,#1634,#1643,#1649,#1650,#1655,#1656,#1664,#1673,
    #1679,#1680));
#1468 = ORIENTED_EDGE('',*,*,#1256,.F.);
#1469 = ORIENTED_EDGE('',*,*,#1470,.T.);
#1470 = EDGE_CURVE('',#1239,#1471,#1473,.T.);
#1471 = VERTEX_POINT('',#1472);
#1472 = CARTESIAN_POINT('',(-96.76,32.865435605732,33.249999999999));
#1473 = LINE('',#1474,#1475);
#1474 = CARTESIAN_POINT('',(-98.76,32.865435605732,33.25));
#1475 = VECTOR('',#1476,1.);
#1476 = DIRECTION('',(1.,0.,0.));
#1477 = ORIENTED_EDGE('',*,*,#1478,.T.);
#1478 = EDGE_CURVE('',#1471,#1479,#1481,.T.);
#1479 = VERTEX_POINT('',#1480);
#1480 = CARTESIAN_POINT('',(-96.76,32.32,34.1));
#1481 = CIRCLE('',#1482,0.6);
#1482 = AXIS2_PLACEMENT_3D('',#1483,#1484,#1485);
#1483 = CARTESIAN_POINT('',(-96.76,32.32,33.5));
#1484 = DIRECTION('',(1.,0.,0.));
#1485 = DIRECTION('',(-0.,0.,1.));
#1486 = ORIENTED_EDGE('',*,*,#1487,.T.);
#1487 = EDGE_CURVE('',#1479,#1488,#1490,.T.);
#1488 = VERTEX_POINT('',#1489);
#1489 = CARTESIAN_POINT('',(-95.26219075438,32.32,34.1));
#1490 = B_SPLINE_CURVE_WITH_KNOTS('',1,(#1491,#1492),.UNSPECIFIED.,.F.,
  .F.,(2,2),(2.,3.49780924562),.PIECEWISE_BEZIER_KNOTS.);
#1491 = CARTESIAN_POINT('',(-96.76,32.32,34.1));
#1492 = CARTESIAN_POINT('',(-95.26219075438,32.32,34.1));
#1493 = ORIENTED_EDGE('',*,*,#1494,.F.);
#1494 = EDGE_CURVE('',#1495,#1488,#1497,.T.);
#1495 = VERTEX_POINT('',#1496);
#1496 = CARTESIAN_POINT('',(-95.26219075438,32.86543563395,
    33.250000061565));
#1497 = B_SPLINE_CURVE_WITH_KNOTS('',8,(#1498,#1499,#1500,#1501,#1502,
    #1503,#1504,#1505,#1506,#1507,#1508,#1509,#1510,#1511,#1512,#1513,
    #1514,#1515,#1516,#1517,#1518,#1519,#1520,#1521,#1522,#1523,#1524,
    #1525,#1526,#1527,#1528,#1529,#1530,#1531,#1532,#1533,#1534,#1535,
    #1536,#1537,#1538,#1539,#1540,#1541),.UNSPECIFIED.,.F.,.F.,(9,7,7,7,
    7,7,9),(0.,8.830721496383E-02,0.337400474861,0.558847799351,
    0.727875484216,0.825189689027,1.),.UNSPECIFIED.);
#1498 = CARTESIAN_POINT('',(-95.26219075438,31.722506967176,
    33.445208798822));
#1499 = CARTESIAN_POINT('',(-95.26219075438,31.725296652404,
    33.414787536793));
#1500 = CARTESIAN_POINT('',(-95.26219075438,31.72985679418,
    33.384527104179));
#1501 = CARTESIAN_POINT('',(-95.26219075438,31.736175997215,
    33.354549768227));
#1502 = CARTESIAN_POINT('',(-95.26219075438,31.744233437888,
    33.324974937075));
#1503 = CARTESIAN_POINT('',(-95.26219075438,31.753998864241,
    33.295919159756));
#1504 = CARTESIAN_POINT('',(-95.26219075438,31.76543259598,
    33.267496126196));
#1505 = CARTESIAN_POINT('',(-95.26219075438,31.778485524476,
    33.239816667215));
#1506 = CARTESIAN_POINT('',(-95.26219075438,31.834320504998,
    33.137313712226));
#1507 = CARTESIAN_POINT('',(-95.26219075438,31.888056259329,
    33.068238814997));
#1508 = CARTESIAN_POINT('',(-95.26219075438,31.952941631368,
    33.008466942798));
#1509 = CARTESIAN_POINT('',(-95.26219075438,32.027022900935,
    32.959990090036));
#1510 = CARTESIAN_POINT('',(-95.26219075438,32.108071418424,
    32.924283108892));
#1511 = CARTESIAN_POINT('',(-95.26219075438,32.193648157636,
    32.902439706595));
#1512 = CARTESIAN_POINT('',(-95.26219075438,32.281024525294,
    32.895078732496));
#1513 = CARTESIAN_POINT('',(-95.26219075438,32.443556497242,
    32.907867465475));
#1514 = CARTESIAN_POINT('',(-95.26219075438,32.519365127283,
    32.925082569059));
#1515 = CARTESIAN_POINT('',(-95.26219075438,32.592295702757,
    32.953411163425));
#1516 = CARTESIAN_POINT('',(-95.26219075438,32.660471801278,
    32.992214583394));
#1517 = CARTESIAN_POINT('',(-95.26219075438,32.722233461227,
    33.040546078891));
#1518 = CARTESIAN_POINT('',(-95.26219075438,32.776096446888,
    33.097218087755));
#1519 = CARTESIAN_POINT('',(-95.26219075438,32.820794411795,
    33.160745769738));
#1520 = CARTESIAN_POINT('',(-95.26219075438,32.881858246865,
    33.281491486333));
#1521 = CARTESIAN_POINT('',(-95.26219075438,32.902477132202,
    33.336742312218));
#1522 = CARTESIAN_POINT('',(-95.26219075438,32.916858058411,
    33.394170597782));
#1523 = CARTESIAN_POINT('',(-95.26219075438,32.924756168303,
    33.45294945306));
#1524 = CARTESIAN_POINT('',(-95.26219075438,32.926043650302,
    33.512241405553));
#1525 = CARTESIAN_POINT('',(-95.26219075438,32.920718306635,
    33.571199907438));
#1526 = CARTESIAN_POINT('',(-95.26219075438,32.908894624944,
    33.628971871185));
#1527 = CARTESIAN_POINT('',(-95.26219075438,32.880483928158,
    33.716783060581));
#1528 = CARTESIAN_POINT('',(-95.26219075438,32.868041581037,
    33.748202528779));
#1529 = CARTESIAN_POINT('',(-95.26219075438,32.853588710953,
    33.778800001486));
#1530 = CARTESIAN_POINT('',(-95.26219075438,32.83718920209,
    33.808425349065));
#1531 = CARTESIAN_POINT('',(-95.26219075438,32.818919507595,
    33.836935915293));
#1532 = CARTESIAN_POINT('',(-95.26219075438,32.798868649572,
    33.864196517361));
#1533 = CARTESIAN_POINT('',(-95.26219075438,32.777138219089,
    33.890079445878));
#1534 = CARTESIAN_POINT('',(-95.26219075438,32.711994903313,
    33.958268478482));
#1535 = CARTESIAN_POINT('',(-95.26219075438,32.66507594286,
    33.997264985617));
#1536 = CARTESIAN_POINT('',(-95.26219075438,32.613760091009,
    34.030740882283));
#1537 = CARTESIAN_POINT('',(-95.26219075438,32.558795682135,
    34.058120884936));
#1538 = CARTESIAN_POINT('',(-95.26219075438,32.501004788785,
    34.078967530472));
#1539 = CARTESIAN_POINT('',(-95.26219075438,32.441283221684,
    34.092981176233));
#1540 = CARTESIAN_POINT('',(-95.26219075438,32.38060052973,34.1));
#1541 = CARTESIAN_POINT('',(-95.26219075438,32.32,34.1));
#1542 = ORIENTED_EDGE('',*,*,#1543,.T.);
#1543 = EDGE_CURVE('',#1495,#1544,#1546,.T.);
#1544 = VERTEX_POINT('',#1545);
#1545 = CARTESIAN_POINT('',(-90.76,32.865435605732,33.25));
#1546 = LINE('',#1547,#1548);
#1547 = CARTESIAN_POINT('',(-98.76,32.865435605732,33.25));
#1548 = VECTOR('',#1549,1.);
#1549 = DIRECTION('',(1.,0.,0.));
#1550 = ORIENTED_EDGE('',*,*,#1551,.F.);
#1551 = EDGE_CURVE('',#1552,#1544,#1554,.T.);
#1552 = VERTEX_POINT('',#1553);
#1553 = CARTESIAN_POINT('',(-90.76,31.774564394268,33.25));
#1554 = CIRCLE('',#1555,0.6);
#1555 = AXIS2_PLACEMENT_3D('',#1556,#1557,#1558);
#1556 = CARTESIAN_POINT('',(-90.76,32.32,33.5));
#1557 = DIRECTION('',(1.,0.,0.));
#1558 = DIRECTION('',(-0.,0.,1.));
#1559 = ORIENTED_EDGE('',*,*,#1560,.F.);
#1560 = EDGE_CURVE('',#1561,#1552,#1563,.T.);
#1561 = VERTEX_POINT('',#1562);
#1562 = CARTESIAN_POINT('',(-95.26219075438,31.774564394631,
    33.249999999208));
#1563 = LINE('',#1564,#1565);
#1564 = CARTESIAN_POINT('',(-98.76,31.774564394268,33.25));
#1565 = VECTOR('',#1566,1.);
#1566 = DIRECTION('',(1.,0.,0.));
#1567 = ORIENTED_EDGE('',*,*,#1568,.F.);
#1568 = EDGE_CURVE('',#1569,#1561,#1571,.T.);
#1569 = VERTEX_POINT('',#1570);
#1570 = CARTESIAN_POINT('',(-95.26219075438,31.722506967176,
    33.445208798822));
#1571 = B_SPLINE_CURVE_WITH_KNOTS('',8,(#1572,#1573,#1574,#1575,#1576,
    #1577,#1578,#1579,#1580,#1581,#1582,#1583,#1584,#1585,#1586,#1587,
    #1588,#1589,#1590,#1591,#1592,#1593,#1594,#1595,#1596,#1597,#1598,
    #1599,#1600,#1601,#1602,#1603,#1604,#1605,#1606,#1607,#1608,#1609,
    #1610,#1611,#1612,#1613,#1614,#1615),.UNSPECIFIED.,.F.,.F.,(9,7,7,7,
    7,7,9),(0.,8.830721496383E-02,0.337400474861,0.558847799351,
    0.727875484216,0.825189689027,1.),.UNSPECIFIED.);
#1572 = CARTESIAN_POINT('',(-95.26219075438,31.722506967176,
    33.445208798822));
#1573 = CARTESIAN_POINT('',(-95.26219075438,31.725296652404,
    33.414787536793));
#1574 = CARTESIAN_POINT('',(-95.26219075438,31.72985679418,
    33.384527104179));
#1575 = CARTESIAN_POINT('',(-95.26219075438,31.736175997215,
    33.354549768227));
#1576 = CARTESIAN_POINT('',(-95.26219075438,31.744233437888,
    33.324974937075));
#1577 = CARTESIAN_POINT('',(-95.26219075438,31.753998864241,
    33.295919159756));
#1578 = CARTESIAN_POINT('',(-95.26219075438,31.76543259598,
    33.267496126196));
#1579 = CARTESIAN_POINT('',(-95.26219075438,31.778485524476,
    33.239816667215));
#1580 = CARTESIAN_POINT('',(-95.26219075438,31.834320504998,
    33.137313712226));
#1581 = CARTESIAN_POINT('',(-95.26219075438,31.888056259329,
    33.068238814997));
#1582 = CARTESIAN_POINT('',(-95.26219075438,31.952941631368,
    33.008466942798));
#1583 = CARTESIAN_POINT('',(-95.26219075438,32.027022900935,
    32.959990090036));
#1584 = CARTESIAN_POINT('',(-95.26219075438,32.108071418424,
    32.924283108892));
#1585 = CARTESIAN_POINT('',(-95.26219075438,32.193648157636,
    32.902439706595));
#1586 = CARTESIAN_POINT('',(-95.26219075438,32.281024525294,
    32.895078732496));
#1587 = CARTESIAN_POINT('',(-95.26219075438,32.443556497242,
    32.907867465475));
#1588 = CARTESIAN_POINT('',(-95.26219075438,32.519365127283,
    32.925082569059));
#1589 = CARTESIAN_POINT('',(-95.26219075438,32.592295702757,
    32.953411163425));
#1590 = CARTESIAN_POINT('',(-95.26219075438,32.660471801278,
    32.992214583394));
#1591 = CARTESIAN_POINT('',(-95.26219075438,32.722233461227,
    33.040546078891));
#1592 = CARTESIAN_POINT('',(-95.26219075438,32.776096446888,
    33.097218087755));
#1593 = CARTESIAN_POINT('',(-95.26219075438,32.820794411795,
    33.160745769738));
#1594 = CARTESIAN_POINT('',(-95.26219075438,32.881858246865,
    33.281491486333));
#1595 = CARTESIAN_POINT('',(-95.26219075438,32.902477132202,
    33.336742312218));
#1596 = CARTESIAN_POINT('',(-95.26219075438,32.916858058411,
    33.394170597782));
#1597 = CARTESIAN_POINT('',(-95.26219075438,32.924756168303,
    33.45294945306));
#1598 = CARTESIAN_POINT('',(-95.26219075438,32.926043650302,
    33.512241405553));
#1599 = CARTESIAN_POINT('',(-95.26219075438,32.920718306635,
    33.571199907438));
#1600 = CARTESIAN_POINT('',(-95.26219075438,32.908894624944,
    33.628971871185));
#1601 = CARTESIAN_POINT('',(-95.26219075438,32.880483928158,
    33.716783060581));
#1602 = CARTESIAN_POINT('',(-95.26219075438,32.868041581037,
    33.748202528779));
#1603 = CARTESIAN_POINT('',(-95.26219075438,32.853588710953,
    33.778800001486));
#1604 = CARTESIAN_POINT('',(-95.26219075438,32.83718920209,
    33.808425349065));
#1605 = CARTESIAN_POINT('',(-95.26219075438,32.818919507595,
    33.836935915293));
#1606 = CARTESIAN_POINT('',(-95.26219075438,32.798868649572,
    33.864196517361));
#1607 = CARTESIAN_POINT('',(-95.26219075438,32.777138219089,
    33.890079445878));
#1608 = CARTESIAN_POINT('',(-95.26219075438,32.711994903313,
    33.958268478482));
#1609 = CARTESIAN_POINT('',(-95.26219075438,32.66507594286,
    33.997264985617));
#1610 = CARTESIAN_POINT('',(-95.26219075438,32.613760091009,
    34.030740882283));
#1611 = CARTESIAN_POINT('',(-95.26219075438,32.558795682135,
    34.058120884936));
#1612 = CARTESIAN_POINT('',(-95.26219075438,32.501004788785,
    34.078967530472));
#1613 = CARTESIAN_POINT('',(-95.26219075438,32.441283221684,
    34.092981176233));
#1614 = CARTESIAN_POINT('',(-95.26219075438,32.38060052973,34.1));
#1615 = CARTESIAN_POINT('',(-95.26219075438,32.32,34.1));
#1616 = ORIENTED_EDGE('',*,*,#1617,.F.);
#1617 = EDGE_CURVE('',#1488,#1569,#1618,.T.);
#1618 = B_SPLINE_CURVE_WITH_KNOTS('',7,(#1619,#1620,#1621,#1622,#1623,
    #1624,#1625,#1626,#1627,#1628,#1629,#1630,#1631,#1632),
  .UNSPECIFIED.,.F.,.F.,(8,6,8),(0.,0.635899350234,1.),.UNSPECIFIED.);
#1619 = CARTESIAN_POINT('',(-95.26219075438,32.32,34.1));
#1620 = CARTESIAN_POINT('',(-95.26219075438,32.22942093847,34.1));
#1621 = CARTESIAN_POINT('',(-95.26219075438,32.138518504886,
    34.084039919672));
#1622 = CARTESIAN_POINT('',(-95.26219075438,32.051248969392,
    34.051956878563));
#1623 = CARTESIAN_POINT('',(-95.26219075438,31.97086581774,
    34.004922471124));
#1624 = CARTESIAN_POINT('',(-95.26219075438,31.900230819526,
    33.944701039463));
#1625 = CARTESIAN_POINT('',(-95.26219075438,31.841808526204,
    33.873536947468));
#1626 = CARTESIAN_POINT('',(-95.26219075438,31.771884996175,
    33.749514032345));
#1627 = CARTESIAN_POINT('',(-95.26219075438,31.750971590128,
    33.701780320857));
#1628 = CARTESIAN_POINT('',(-95.26219075438,31.73492972485,
    33.65203914052));
#1629 = CARTESIAN_POINT('',(-95.26219075438,31.723975545078,
    33.60088653731));
#1630 = CARTESIAN_POINT('',(-95.26219075438,31.718241165204,
    33.548937711707));
#1631 = CARTESIAN_POINT('',(-95.26219075438,31.71777350851,
    33.49682673224));
#1632 = CARTESIAN_POINT('',(-95.26219075438,31.722506967176,
    33.445208798822));
#1633 = ORIENTED_EDGE('',*,*,#1487,.F.);
#1634 = ORIENTED_EDGE('',*,*,#1635,.T.);
#1635 = EDGE_CURVE('',#1479,#1636,#1638,.T.);
#1636 = VERTEX_POINT('',#1637);
#1637 = CARTESIAN_POINT('',(-96.76,31.774564394268,33.249999999999));
#1638 = CIRCLE('',#1639,0.6);
#1639 = AXIS2_PLACEMENT_3D('',#1640,#1641,#1642);
#1640 = CARTESIAN_POINT('',(-96.76,32.32,33.5));
#1641 = DIRECTION('',(1.,0.,0.));
#1642 = DIRECTION('',(-0.,0.,1.));
#1643 = ORIENTED_EDGE('',*,*,#1644,.F.);
#1644 = EDGE_CURVE('',#1237,#1636,#1645,.T.);
#1645 = LINE('',#1646,#1647);
#1646 = CARTESIAN_POINT('',(-98.76,31.774564394268,33.25));
#1647 = VECTOR('',#1648,1.);
#1648 = DIRECTION('',(1.,0.,0.));
#1649 = ORIENTED_EDGE('',*,*,#1247,.F.);
#1650 = ORIENTED_EDGE('',*,*,#1651,.F.);
#1651 = EDGE_CURVE('',#978,#1248,#1652,.T.);
#1652 = B_SPLINE_CURVE_WITH_KNOTS('',1,(#1653,#1654),.UNSPECIFIED.,.F.,
  .F.,(2,2),(0.49780670562,0.5),.PIECEWISE_BEZIER_KNOTS.);
#1653 = CARTESIAN_POINT('',(-98.26219329438,32.32,34.1));
#1654 = CARTESIAN_POINT('',(-98.26,32.32,34.1));
#1655 = ORIENTED_EDGE('',*,*,#977,.T.);
#1656 = ORIENTED_EDGE('',*,*,#1657,.F.);
#1657 = EDGE_CURVE('',#1658,#980,#1660,.T.);
#1658 = VERTEX_POINT('',#1659);
#1659 = CARTESIAN_POINT('',(-98.76,31.774564394268,33.25));
#1660 = LINE('',#1661,#1662);
#1661 = CARTESIAN_POINT('',(-98.76,31.774564394268,33.25));
#1662 = VECTOR('',#1663,1.);
#1663 = DIRECTION('',(1.,0.,0.));
#1664 = ORIENTED_EDGE('',*,*,#1665,.T.);
#1665 = EDGE_CURVE('',#1658,#1666,#1668,.T.);
#1666 = VERTEX_POINT('',#1667);
#1667 = CARTESIAN_POINT('',(-98.76,32.865435605732,33.25));
#1668 = CIRCLE('',#1669,0.6);
#1669 = AXIS2_PLACEMENT_3D('',#1670,#1671,#1672);
#1670 = CARTESIAN_POINT('',(-98.76,32.32,33.5));
#1671 = DIRECTION('',(1.,0.,0.));
#1672 = DIRECTION('',(-0.,0.,1.));
#1673 = ORIENTED_EDGE('',*,*,#1674,.T.);
#1674 = EDGE_CURVE('',#1666,#989,#1675,.T.);
#1675 = LINE('',#1676,#1677);
#1676 = CARTESIAN_POINT('',(-98.76,32.865435605732,33.25));
#1677 = VECTOR('',#1678,1.);
#1678 = DIRECTION('',(1.,0.,0.));
#1679 = ORIENTED_EDGE('',*,*,#997,.T.);
#1680 = ORIENTED_EDGE('',*,*,#1651,.T.);
#1681 = CYLINDRICAL_SURFACE('',#1682,0.6);
#1682 = AXIS2_PLACEMENT_3D('',#1683,#1684,#1685);
#1683 = CARTESIAN_POINT('',(-98.76,32.32,33.5));
#1684 = DIRECTION('',(1.,0.,0.));
#1685 = DIRECTION('',(-0.,0.,1.));
#1686 = ADVANCED_FACE('',(#1687),#1699,.T.);
#1687 = FACE_BOUND('',#1688,.T.);
#1688 = EDGE_LOOP('',(#1689,#1690,#1691,#1698));
#1689 = ORIENTED_EDGE('',*,*,#988,.F.);
#1690 = ORIENTED_EDGE('',*,*,#1657,.F.);
#1691 = ORIENTED_EDGE('',*,*,#1692,.T.);
#1692 = EDGE_CURVE('',#1658,#1666,#1693,.T.);
#1693 = CIRCLE('',#1694,0.6);
#1694 = AXIS2_PLACEMENT_3D('',#1695,#1696,#1697);
#1695 = CARTESIAN_POINT('',(-98.76,32.32,33.));
#1696 = DIRECTION('',(1.,0.,0.));
#1697 = DIRECTION('',(-0.,0.,1.));
#1698 = ORIENTED_EDGE('',*,*,#1674,.T.);
#1699 = CYLINDRICAL_SURFACE('',#1700,0.6);
#1700 = AXIS2_PLACEMENT_3D('',#1701,#1702,#1703);
#1701 = CARTESIAN_POINT('',(-98.76,32.32,33.));
#1702 = DIRECTION('',(1.,0.,0.));
#1703 = DIRECTION('',(-0.,0.,1.));
#1704 = ADVANCED_FACE('',(#1705,#1727),#1785,.F.);
#1705 = FACE_BOUND('',#1706,.F.);
#1706 = EDGE_LOOP('',(#1707,#1716,#1721,#1722));
#1707 = ORIENTED_EDGE('',*,*,#1708,.F.);
#1708 = EDGE_CURVE('',#1709,#1711,#1713,.T.);
#1709 = VERTEX_POINT('',#1710);
#1710 = CARTESIAN_POINT('',(-95.26219075438,94.119188468377,
    1.500002540005));
#1711 = VERTEX_POINT('',#1712);
#1712 = CARTESIAN_POINT('',(1.917004064008,94.119188468377,
    1.500002540005));
#1713 = B_SPLINE_CURVE_WITH_KNOTS('',1,(#1714,#1715),.UNSPECIFIED.,.F.,
  .F.,(2,2),(0.,3.8259449E+03),.PIECEWISE_BEZIER_KNOTS.);
#1714 = CARTESIAN_POINT('',(-95.26219075438,94.119188468377,
    1.500002540005));
#1715 = CARTESIAN_POINT('',(1.917004064008,94.119188468377,
    1.500002540005));
#1716 = ORIENTED_EDGE('',*,*,#1717,.T.);
#1717 = EDGE_CURVE('',#1709,#1111,#1718,.T.);
#1718 = B_SPLINE_CURVE_WITH_KNOTS('',1,(#1719,#1720),.UNSPECIFIED.,.F.,
  .F.,(2,2),(0.,1.3188977E+03),.PIECEWISE_BEZIER_KNOTS.);
#1719 = CARTESIAN_POINT('',(-95.26219075438,94.119188468377,
    1.500002540005));
#1720 = CARTESIAN_POINT('',(-95.26219075438,94.119188468377,
    35.000071120142));
#1721 = ORIENTED_EDGE('',*,*,#1110,.T.);
#1722 = ORIENTED_EDGE('',*,*,#1723,.F.);
#1723 = EDGE_CURVE('',#1711,#1113,#1724,.T.);
#1724 = B_SPLINE_CURVE_WITH_KNOTS('',1,(#1725,#1726),.UNSPECIFIED.,.F.,
  .F.,(2,2),(0.,1.3188977E+03),.PIECEWISE_BEZIER_KNOTS.);
#1725 = CARTESIAN_POINT('',(1.917004064008,94.119188468377,
    1.500002540005));
#1726 = CARTESIAN_POINT('',(1.917004064008,94.119188468377,
    35.000071120142));
#1727 = FACE_BOUND('',#1728,.F.);
#1728 = EDGE_LOOP('',(#1729,#1738,#1745,#1752,#1759,#1766,#1773,#1780));
#1729 = ORIENTED_EDGE('',*,*,#1730,.F.);
#1730 = EDGE_CURVE('',#1731,#1733,#1735,.T.);
#1731 = VERTEX_POINT('',#1732);
#1732 = CARTESIAN_POINT('',(-35.,94.119188468377,13.));
#1733 = VERTEX_POINT('',#1734);
#1734 = CARTESIAN_POINT('',(-35.,94.119188468377,5.));
#1735 = B_SPLINE_CURVE_WITH_KNOTS('',1,(#1736,#1737),.UNSPECIFIED.,.F.,
  .F.,(2,2),(0.,1.),.PIECEWISE_BEZIER_KNOTS.);
#1736 = CARTESIAN_POINT('',(-35.,94.119188468377,14.));
#1737 = CARTESIAN_POINT('',(-35.,94.119188468377,5.));
#1738 = ORIENTED_EDGE('',*,*,#1739,.F.);
#1739 = EDGE_CURVE('',#1740,#1731,#1742,.T.);
#1740 = VERTEX_POINT('',#1741);
#1741 = CARTESIAN_POINT('',(-3.5,94.119188468377,13.));
#1742 = B_SPLINE_CURVE_WITH_KNOTS('',1,(#1743,#1744),.UNSPECIFIED.,.F.,
  .F.,(2,2),(0.,1.),.PIECEWISE_BEZIER_KNOTS.);
#1743 = CARTESIAN_POINT('',(-3.5,94.119188468377,13.));
#1744 = CARTESIAN_POINT('',(-90.,94.119188468377,13.));
#1745 = ORIENTED_EDGE('',*,*,#1746,.F.);
#1746 = EDGE_CURVE('',#1747,#1740,#1749,.T.);
#1747 = VERTEX_POINT('',#1748);
#1748 = CARTESIAN_POINT('',(-3.5,94.119188468377,17.5));
#1749 = B_SPLINE_CURVE_WITH_KNOTS('',1,(#1750,#1751),.UNSPECIFIED.,.F.,
  .F.,(2,2),(0.,1.),.PIECEWISE_BEZIER_KNOTS.);
#1750 = CARTESIAN_POINT('',(-3.5,94.119188468377,17.5));
#1751 = CARTESIAN_POINT('',(-3.5,94.119188468377,13.));
#1752 = ORIENTED_EDGE('',*,*,#1753,.T.);
#1753 = EDGE_CURVE('',#1747,#1754,#1756,.T.);
#1754 = VERTEX_POINT('',#1755);
#1755 = CARTESIAN_POINT('',(-90.,94.119188468377,17.5));
#1756 = B_SPLINE_CURVE_WITH_KNOTS('',1,(#1757,#1758),.UNSPECIFIED.,.F.,
  .F.,(2,2),(0.,1.),.PIECEWISE_BEZIER_KNOTS.);
#1757 = CARTESIAN_POINT('',(-3.5,94.119188468377,17.5));
#1758 = CARTESIAN_POINT('',(-90.,94.119188468377,17.5));
#1759 = ORIENTED_EDGE('',*,*,#1760,.T.);
#1760 = EDGE_CURVE('',#1754,#1761,#1763,.T.);
#1761 = VERTEX_POINT('',#1762);
#1762 = CARTESIAN_POINT('',(-90.,94.119188468377,13.));
#1763 = B_SPLINE_CURVE_WITH_KNOTS('',1,(#1764,#1765),.UNSPECIFIED.,.F.,
  .F.,(2,2),(0.,1.),.PIECEWISE_BEZIER_KNOTS.);
#1764 = CARTESIAN_POINT('',(-90.,94.119188468377,17.5));
#1765 = CARTESIAN_POINT('',(-90.,94.119188468377,13.));
#1766 = ORIENTED_EDGE('',*,*,#1767,.F.);
#1767 = EDGE_CURVE('',#1768,#1761,#1770,.T.);
#1768 = VERTEX_POINT('',#1769);
#1769 = CARTESIAN_POINT('',(-50.5,94.119188468377,13.));
#1770 = B_SPLINE_CURVE_WITH_KNOTS('',1,(#1771,#1772),.UNSPECIFIED.,.F.,
  .F.,(2,2),(0.,1.),.PIECEWISE_BEZIER_KNOTS.);
#1771 = CARTESIAN_POINT('',(-3.5,94.119188468377,13.));
#1772 = CARTESIAN_POINT('',(-90.,94.119188468377,13.));
#1773 = ORIENTED_EDGE('',*,*,#1774,.T.);
#1774 = EDGE_CURVE('',#1768,#1775,#1777,.T.);
#1775 = VERTEX_POINT('',#1776);
#1776 = CARTESIAN_POINT('',(-50.5,94.119188468377,5.));
#1777 = B_SPLINE_CURVE_WITH_KNOTS('',1,(#1778,#1779),.UNSPECIFIED.,.F.,
  .F.,(2,2),(0.,1.),.PIECEWISE_BEZIER_KNOTS.);
#1778 = CARTESIAN_POINT('',(-50.5,94.119188468377,14.));
#1779 = CARTESIAN_POINT('',(-50.5,94.119188468377,5.));
#1780 = ORIENTED_EDGE('',*,*,#1781,.F.);
#1781 = EDGE_CURVE('',#1733,#1775,#1782,.T.);
#1782 = B_SPLINE_CURVE_WITH_KNOTS('',1,(#1783,#1784),.UNSPECIFIED.,.F.,
  .F.,(2,2),(0.,1.),.PIECEWISE_BEZIER_KNOTS.);
#1783 = CARTESIAN_POINT('',(-35.,94.119188468377,5.));
#1784 = CARTESIAN_POINT('',(-50.5,94.119188468377,5.));
#1785 = B_SPLINE_SURFACE_WITH_KNOTS('',1,1,(
    (#1786,#1787)
    ,(#1788,#1789
    )),.UNSPECIFIED.,.F.,.F.,.F.,(2,2),(2,2),(0.,3.8259449E+03),(
    -1.3188977E+03,0.),.PIECEWISE_BEZIER_KNOTS.);
#1786 = CARTESIAN_POINT('',(-95.26219075438,94.119188468377,
    35.000071120142));
#1787 = CARTESIAN_POINT('',(-95.26219075438,94.119188468377,
    1.500002540005));
#1788 = CARTESIAN_POINT('',(1.917004064008,94.119188468377,
    35.000071120142));
#1789 = CARTESIAN_POINT('',(1.917004064008,94.119188468377,
    1.500002540005));
#1790 = ADVANCED_FACE('',(#1791),#1816,.T.);
#1791 = FACE_BOUND('',#1792,.T.);
#1792 = EDGE_LOOP('',(#1793,#1801,#1802,#1810));
#1793 = ORIENTED_EDGE('',*,*,#1794,.F.);
#1794 = EDGE_CURVE('',#1761,#1795,#1797,.T.);
#1795 = VERTEX_POINT('',#1796);
#1796 = CARTESIAN_POINT('',(-90.,97.12,13.));
#1797 = LINE('',#1798,#1799);
#1798 = CARTESIAN_POINT('',(-90.,93.,13.));
#1799 = VECTOR('',#1800,1.);
#1800 = DIRECTION('',(-0.,1.,0.));
#1801 = ORIENTED_EDGE('',*,*,#1767,.F.);
#1802 = ORIENTED_EDGE('',*,*,#1803,.F.);
#1803 = EDGE_CURVE('',#1804,#1768,#1806,.T.);
#1804 = VERTEX_POINT('',#1805);
#1805 = CARTESIAN_POINT('',(-50.5,97.12,13.));
#1806 = LINE('',#1807,#1808);
#1807 = CARTESIAN_POINT('',(-50.5,93.,13.));
#1808 = VECTOR('',#1809,1.);
#1809 = DIRECTION('',(0.,-1.,0.));
#1810 = ORIENTED_EDGE('',*,*,#1811,.F.);
#1811 = EDGE_CURVE('',#1795,#1804,#1812,.T.);
#1812 = LINE('',#1813,#1814);
#1813 = CARTESIAN_POINT('',(-68.33629667259,97.12,13.));
#1814 = VECTOR('',#1815,1.);
#1815 = DIRECTION('',(1.,0.,0.));
#1816 = PLANE('',#1817);
#1817 = AXIS2_PLACEMENT_3D('',#1818,#1819,#1820);
#1818 = CARTESIAN_POINT('',(-90.,93.,13.));
#1819 = DIRECTION('',(0.,0.,1.));
#1820 = DIRECTION('',(1.,0.,-0.));
#1821 = ADVANCED_FACE('',(#1822),#1840,.T.);
#1822 = FACE_BOUND('',#1823,.T.);
#1823 = EDGE_LOOP('',(#1824,#1832,#1833,#1834));
#1824 = ORIENTED_EDGE('',*,*,#1825,.F.);
#1825 = EDGE_CURVE('',#1754,#1826,#1828,.T.);
#1826 = VERTEX_POINT('',#1827);
#1827 = CARTESIAN_POINT('',(-90.,97.12,17.5));
#1828 = LINE('',#1829,#1830);
#1829 = CARTESIAN_POINT('',(-90.,93.,17.5));
#1830 = VECTOR('',#1831,1.);
#1831 = DIRECTION('',(-0.,1.,0.));
#1832 = ORIENTED_EDGE('',*,*,#1760,.T.);
#1833 = ORIENTED_EDGE('',*,*,#1794,.T.);
#1834 = ORIENTED_EDGE('',*,*,#1835,.F.);
#1835 = EDGE_CURVE('',#1826,#1795,#1836,.T.);
#1836 = LINE('',#1837,#1838);
#1837 = CARTESIAN_POINT('',(-90.,97.12,14.875017780036));
#1838 = VECTOR('',#1839,1.);
#1839 = DIRECTION('',(-0.,2.831015775893E-16,-1.));
#1840 = PLANE('',#1841);
#1841 = AXIS2_PLACEMENT_3D('',#1842,#1843,#1844);
#1842 = CARTESIAN_POINT('',(-90.,93.,13.));
#1843 = DIRECTION('',(1.,0.,-0.));
#1844 = DIRECTION('',(0.,0.,1.));
#1845 = ADVANCED_FACE('',(#1846),#1864,.T.);
#1846 = FACE_BOUND('',#1847,.T.);
#1847 = EDGE_LOOP('',(#1848,#1856,#1857,#1858));
#1848 = ORIENTED_EDGE('',*,*,#1849,.F.);
#1849 = EDGE_CURVE('',#1804,#1850,#1852,.T.);
#1850 = VERTEX_POINT('',#1851);
#1851 = CARTESIAN_POINT('',(-50.5,97.12,5.));
#1852 = LINE('',#1853,#1854);
#1853 = CARTESIAN_POINT('',(-50.5,97.12,10.875017780036));
#1854 = VECTOR('',#1855,1.);
#1855 = DIRECTION('',(-0.,2.831015775893E-16,-1.));
#1856 = ORIENTED_EDGE('',*,*,#1803,.T.);
#1857 = ORIENTED_EDGE('',*,*,#1774,.T.);
#1858 = ORIENTED_EDGE('',*,*,#1859,.T.);
#1859 = EDGE_CURVE('',#1775,#1850,#1860,.T.);
#1860 = LINE('',#1861,#1862);
#1861 = CARTESIAN_POINT('',(-50.5,93.,5.));
#1862 = VECTOR('',#1863,1.);
#1863 = DIRECTION('',(-0.,1.,0.));
#1864 = PLANE('',#1865);
#1865 = AXIS2_PLACEMENT_3D('',#1866,#1867,#1868);
#1866 = CARTESIAN_POINT('',(-50.5,93.,5.));
#1867 = DIRECTION('',(1.,0.,-0.));
#1868 = DIRECTION('',(0.,0.,1.));
#1869 = ADVANCED_FACE('',(#1870),#1888,.F.);
#1870 = FACE_BOUND('',#1871,.F.);
#1871 = EDGE_LOOP('',(#1872,#1873,#1874,#1882));
#1872 = ORIENTED_EDGE('',*,*,#1825,.F.);
#1873 = ORIENTED_EDGE('',*,*,#1753,.F.);
#1874 = ORIENTED_EDGE('',*,*,#1875,.T.);
#1875 = EDGE_CURVE('',#1747,#1876,#1878,.T.);
#1876 = VERTEX_POINT('',#1877);
#1877 = CARTESIAN_POINT('',(-3.5,97.12,17.5));
#1878 = LINE('',#1879,#1880);
#1879 = CARTESIAN_POINT('',(-3.5,93.,17.5));
#1880 = VECTOR('',#1881,1.);
#1881 = DIRECTION('',(-0.,1.,0.));
#1882 = ORIENTED_EDGE('',*,*,#1883,.F.);
#1883 = EDGE_CURVE('',#1826,#1876,#1884,.T.);
#1884 = LINE('',#1885,#1886);
#1885 = CARTESIAN_POINT('',(-68.33629667259,97.12,17.5));
#1886 = VECTOR('',#1887,1.);
#1887 = DIRECTION('',(1.,0.,0.));
#1888 = PLANE('',#1889);
#1889 = AXIS2_PLACEMENT_3D('',#1890,#1891,#1892);
#1890 = CARTESIAN_POINT('',(-90.,93.,17.5));
#1891 = DIRECTION('',(0.,0.,1.));
#1892 = DIRECTION('',(1.,0.,-0.));
#1893 = ADVANCED_FACE('',(#1894),#1912,.T.);
#1894 = FACE_BOUND('',#1895,.T.);
#1895 = EDGE_LOOP('',(#1896,#1897,#1898,#1906));
#1896 = ORIENTED_EDGE('',*,*,#1859,.F.);
#1897 = ORIENTED_EDGE('',*,*,#1781,.F.);
#1898 = ORIENTED_EDGE('',*,*,#1899,.T.);
#1899 = EDGE_CURVE('',#1733,#1900,#1902,.T.);
#1900 = VERTEX_POINT('',#1901);
#1901 = CARTESIAN_POINT('',(-35.,97.12,5.));
#1902 = LINE('',#1903,#1904);
#1903 = CARTESIAN_POINT('',(-35.,93.,5.));
#1904 = VECTOR('',#1905,1.);
#1905 = DIRECTION('',(-0.,1.,0.));
#1906 = ORIENTED_EDGE('',*,*,#1907,.F.);
#1907 = EDGE_CURVE('',#1850,#1900,#1908,.T.);
#1908 = LINE('',#1909,#1910);
#1909 = CARTESIAN_POINT('',(-48.58629667259,97.12,5.));
#1910 = VECTOR('',#1911,1.);
#1911 = DIRECTION('',(1.,0.,0.));
#1912 = PLANE('',#1913);
#1913 = AXIS2_PLACEMENT_3D('',#1914,#1915,#1916);
#1914 = CARTESIAN_POINT('',(-50.5,93.,5.));
#1915 = DIRECTION('',(0.,0.,1.));
#1916 = DIRECTION('',(1.,0.,-0.));
#1917 = ADVANCED_FACE('',(#1918),#1936,.F.);
#1918 = FACE_BOUND('',#1919,.F.);
#1919 = EDGE_LOOP('',(#1920,#1921,#1922,#1930));
#1920 = ORIENTED_EDGE('',*,*,#1875,.F.);
#1921 = ORIENTED_EDGE('',*,*,#1746,.T.);
#1922 = ORIENTED_EDGE('',*,*,#1923,.T.);
#1923 = EDGE_CURVE('',#1740,#1924,#1926,.T.);
#1924 = VERTEX_POINT('',#1925);
#1925 = CARTESIAN_POINT('',(-3.5,97.12,13.));
#1926 = LINE('',#1927,#1928);
#1927 = CARTESIAN_POINT('',(-3.5,93.,13.));
#1928 = VECTOR('',#1929,1.);
#1929 = DIRECTION('',(-0.,1.,0.));
#1930 = ORIENTED_EDGE('',*,*,#1931,.F.);
#1931 = EDGE_CURVE('',#1876,#1924,#1932,.T.);
#1932 = LINE('',#1933,#1934);
#1933 = CARTESIAN_POINT('',(-3.5,97.12,14.875017780036));
#1934 = VECTOR('',#1935,1.);
#1935 = DIRECTION('',(-0.,2.831015775893E-16,-1.));
#1936 = PLANE('',#1937);
#1937 = AXIS2_PLACEMENT_3D('',#1938,#1939,#1940);
#1938 = CARTESIAN_POINT('',(-3.5,93.,13.));
#1939 = DIRECTION('',(1.,0.,-0.));
#1940 = DIRECTION('',(0.,0.,1.));
#1941 = ADVANCED_FACE('',(#1942),#1960,.F.);
#1942 = FACE_BOUND('',#1943,.F.);
#1943 = EDGE_LOOP('',(#1944,#1952,#1958,#1959));
#1944 = ORIENTED_EDGE('',*,*,#1945,.F.);
#1945 = EDGE_CURVE('',#1946,#1900,#1948,.T.);
#1946 = VERTEX_POINT('',#1947);
#1947 = CARTESIAN_POINT('',(-35.,97.12,13.));
#1948 = LINE('',#1949,#1950);
#1949 = CARTESIAN_POINT('',(-35.,97.12,10.875017780036));
#1950 = VECTOR('',#1951,1.);
#1951 = DIRECTION('',(-0.,2.831015775893E-16,-1.));
#1952 = ORIENTED_EDGE('',*,*,#1953,.T.);
#1953 = EDGE_CURVE('',#1946,#1731,#1954,.T.);
#1954 = LINE('',#1955,#1956);
#1955 = CARTESIAN_POINT('',(-35.,93.,13.));
#1956 = VECTOR('',#1957,1.);
#1957 = DIRECTION('',(0.,-1.,0.));
#1958 = ORIENTED_EDGE('',*,*,#1730,.T.);
#1959 = ORIENTED_EDGE('',*,*,#1899,.T.);
#1960 = PLANE('',#1961);
#1961 = AXIS2_PLACEMENT_3D('',#1962,#1963,#1964);
#1962 = CARTESIAN_POINT('',(-35.,93.,5.));
#1963 = DIRECTION('',(1.,0.,-0.));
#1964 = DIRECTION('',(0.,0.,1.));
#1965 = ADVANCED_FACE('',(#1966),#1977,.T.);
#1966 = FACE_BOUND('',#1967,.T.);
#1967 = EDGE_LOOP('',(#1968,#1969,#1970,#1976));
#1968 = ORIENTED_EDGE('',*,*,#1739,.F.);
#1969 = ORIENTED_EDGE('',*,*,#1923,.T.);
#1970 = ORIENTED_EDGE('',*,*,#1971,.F.);
#1971 = EDGE_CURVE('',#1946,#1924,#1972,.T.);
#1972 = LINE('',#1973,#1974);
#1973 = CARTESIAN_POINT('',(-68.33629667259,97.12,13.));
#1974 = VECTOR('',#1975,1.);
#1975 = DIRECTION('',(1.,0.,0.));
#1976 = ORIENTED_EDGE('',*,*,#1953,.T.);
#1977 = PLANE('',#1978);
#1978 = AXIS2_PLACEMENT_3D('',#1979,#1980,#1981);
#1979 = CARTESIAN_POINT('',(-90.,93.,13.));
#1980 = DIRECTION('',(0.,0.,1.));
#1981 = DIRECTION('',(1.,0.,-0.));
#1982 = ADVANCED_FACE('',(#1983,#1999),#2070,.F.);
#1983 = FACE_BOUND('',#1984,.F.);
#1984 = EDGE_LOOP('',(#1985,#1992,#1997,#1998));
#1985 = ORIENTED_EDGE('',*,*,#1986,.F.);
#1986 = EDGE_CURVE('',#1987,#1709,#1989,.T.);
#1987 = VERTEX_POINT('',#1988);
#1988 = CARTESIAN_POINT('',(-95.26219075438,-29.47605918211,
    1.500002540005));
#1989 = B_SPLINE_CURVE_WITH_KNOTS('',1,(#1990,#1991),.UNSPECIFIED.,.F.,
  .F.,(2,2),(0.,4.8659449E+03),.PIECEWISE_BEZIER_KNOTS.);
#1990 = CARTESIAN_POINT('',(-95.26219075438,-29.47605918211,
    1.500002540005));
#1991 = CARTESIAN_POINT('',(-95.26219075438,94.119188468377,
    1.500002540005));
#1992 = ORIENTED_EDGE('',*,*,#1993,.T.);
#1993 = EDGE_CURVE('',#1987,#1120,#1994,.T.);
#1994 = B_SPLINE_CURVE_WITH_KNOTS('',1,(#1995,#1996),.UNSPECIFIED.,.F.,
  .F.,(2,2),(0.,1.3188977E+03),.PIECEWISE_BEZIER_KNOTS.);
#1995 = CARTESIAN_POINT('',(-95.26219075438,-29.47605918211,
    1.500002540005));
#1996 = CARTESIAN_POINT('',(-95.26219075438,-29.47605918211,
    35.000071120142));
#1997 = ORIENTED_EDGE('',*,*,#1119,.T.);
#1998 = ORIENTED_EDGE('',*,*,#1717,.F.);
#1999 = FACE_BOUND('',#2000,.F.);
#2000 = EDGE_LOOP('',(#2001,#2002,#2021,#2068,#2069));
#2001 = ORIENTED_EDGE('',*,*,#1568,.T.);
#2002 = ORIENTED_EDGE('',*,*,#2003,.T.);
#2003 = EDGE_CURVE('',#1561,#2004,#2006,.T.);
#2004 = VERTEX_POINT('',#2005);
#2005 = CARTESIAN_POINT('',(-95.26219075438,31.721151082444,
    32.962851999482));
#2006 = B_SPLINE_CURVE_WITH_KNOTS('',7,(#2007,#2008,#2009,#2010,#2011,
    #2012,#2013,#2014,#2015,#2016,#2017,#2018,#2019,#2020),
  .UNSPECIFIED.,.F.,.F.,(8,6,8),(0.,0.636741232358,1.),.UNSPECIFIED.);
#2007 = CARTESIAN_POINT('',(-95.26219075438,32.32,33.6));
#2008 = CARTESIAN_POINT('',(-95.26219075438,32.230889690418,33.6));
#2009 = CARTESIAN_POINT('',(-95.26219075438,32.1415633597,
    33.584554112715));
#2010 = CARTESIAN_POINT('',(-95.26219075438,32.055668216843,
    33.553564657471));
#2011 = CARTESIAN_POINT('',(-95.26219075438,31.976256337129,
    33.508068165329));
#2012 = CARTESIAN_POINT('',(-95.26219075438,31.906094520048,
    33.449671939284));
#2013 = CARTESIAN_POINT('',(-95.26219075438,31.847620517485,
    33.380509082875));
#2014 = CARTESIAN_POINT('',(-95.26219075438,31.776830559187,
    33.259899513759));
#2015 = CARTESIAN_POINT('',(-95.26219075438,31.755437624512,
    33.213537110471));
#2016 = CARTESIAN_POINT('',(-95.26219075438,31.73868230262,
    33.165154800104));
#2017 = CARTESIAN_POINT('',(-95.26219075438,31.726779969534,
    33.115309715979));
#2018 = CARTESIAN_POINT('',(-95.26219075438,31.719868068244,
    33.064577440135));
#2019 = CARTESIAN_POINT('',(-95.26219075438,31.718005989437,
    33.013552858662));
#2020 = CARTESIAN_POINT('',(-95.26219075438,31.721151082444,
    32.962851999482));
#2021 = ORIENTED_EDGE('',*,*,#2022,.T.);
#2022 = EDGE_CURVE('',#2004,#1495,#2023,.T.);
#2023 = B_SPLINE_CURVE_WITH_KNOTS('',8,(#2024,#2025,#2026,#2027,#2028,
    #2029,#2030,#2031,#2032,#2033,#2034,#2035,#2036,#2037,#2038,#2039,
    #2040,#2041,#2042,#2043,#2044,#2045,#2046,#2047,#2048,#2049,#2050,
    #2051,#2052,#2053,#2054,#2055,#2056,#2057,#2058,#2059,#2060,#2061,
    #2062,#2063,#2064,#2065,#2066,#2067),.UNSPECIFIED.,.F.,.F.,(9,7,7,7,
    7,7,9),(0.,0.177179777287,0.391074979363,0.53929946338,
    0.710269005477,0.817562918181,1.),.UNSPECIFIED.);
#2024 = CARTESIAN_POINT('',(-95.26219075438,31.721151082444,
    32.962851999482));
#2025 = CARTESIAN_POINT('',(-95.26219075438,31.724976819978,
    32.901178726383));
#2026 = CARTESIAN_POINT('',(-95.26219075438,31.736064321066,
    32.83990912455));
#2027 = CARTESIAN_POINT('',(-95.26219075438,31.754366314404,
    32.780114549032));
#2028 = CARTESIAN_POINT('',(-95.26219075438,31.779628363101,
    32.722775264045));
#2029 = CARTESIAN_POINT('',(-95.26219075438,31.811468458702,
    32.668808840177));
#2030 = CARTESIAN_POINT('',(-95.26219075438,31.849364698143,
    32.619061721507));
#2031 = CARTESIAN_POINT('',(-95.26219075438,31.892671000282,
    32.574313361978));
#2032 = CARTESIAN_POINT('',(-95.26219075438,31.998332976396,
    32.488046538875));
#2033 = CARTESIAN_POINT('',(-95.26219075438,32.062941749292,
    32.44899270518));
#2034 = CARTESIAN_POINT('',(-95.26219075438,32.13288440303,
    32.419297494999));
#2035 = CARTESIAN_POINT('',(-95.26219075438,32.206581411353,
    32.399828559006));
#2036 = CARTESIAN_POINT('',(-95.26219075438,32.282357676199,
    32.391091661586));
#2037 = CARTESIAN_POINT('',(-95.26219075438,32.358442527694,
    32.393230680831));
#2038 = CARTESIAN_POINT('',(-95.26219075438,32.432969724158,
    32.406027608547));
#2039 = CARTESIAN_POINT('',(-95.26219075438,32.553184183871,
    32.444754361771));
#2040 = CARTESIAN_POINT('',(-95.26219075438,32.60083159812,
    32.465456089224));
#2041 = CARTESIAN_POINT('',(-95.26219075438,32.646342153268,
    32.49081050915));
#2042 = CARTESIAN_POINT('',(-95.26219075438,32.689187361184,
    32.520557937489));
#2043 = CARTESIAN_POINT('',(-95.26219075438,32.728887787186,
    32.554376229576));
#2044 = CARTESIAN_POINT('',(-95.26219075438,32.765013050043,
    32.591880780143));
#2045 = CARTESIAN_POINT('',(-95.26219075438,32.797181821969,
    32.632624523315));
#2046 = CARTESIAN_POINT('',(-95.26219075438,32.857220024389,
    32.726242339794));
#2047 = CARTESIAN_POINT('',(-95.26219075438,32.88371100939,
    32.780070794484));
#2048 = CARTESIAN_POINT('',(-95.26219075438,32.904002999039,
    32.836784593424));
#2049 = CARTESIAN_POINT('',(-95.26219075438,32.91775361489,
    32.895542274746));
#2050 = CARTESIAN_POINT('',(-95.26219075438,32.924743955395,
    32.955478744428));
#2051 = CARTESIAN_POINT('',(-95.26219075438,32.92488888746,
    33.015706941376));
#2052 = CARTESIAN_POINT('',(-95.26219075438,32.918226381031,
    33.075322245155));
#2053 = CARTESIAN_POINT('',(-95.26219075438,32.896671590607,
    33.169844911075));
#2054 = CARTESIAN_POINT('',(-95.26219075438,32.885763851619,
    33.205703496993));
#2055 = CARTESIAN_POINT('',(-95.26219075438,32.872310594705,
    33.240753142606));
#2056 = CARTESIAN_POINT('',(-95.26219075438,32.856382555171,
    33.274782798587));
#2057 = CARTESIAN_POINT('',(-95.26219075438,32.838070163067,
    33.307591472788));
#2058 = CARTESIAN_POINT('',(-95.26219075438,32.817483543195,
    33.338988230239));
#2059 = CARTESIAN_POINT('',(-95.26219075438,32.794752515101,
    33.368792193148));
#2060 = CARTESIAN_POINT('',(-95.26219075438,32.727983899843,
    33.444510914151));
#2061 = CARTESIAN_POINT('',(-95.26219075438,32.680152214013,
    33.487120055013));
#2062 = CARTESIAN_POINT('',(-95.26219075438,32.627282380246,
    33.523807568703));
#2063 = CARTESIAN_POINT('',(-95.26219075438,32.570216092405,
    33.553884104551));
#2064 = CARTESIAN_POINT('',(-95.26219075438,32.509885893565,
    33.576823355996));
#2065 = CARTESIAN_POINT('',(-95.26219075438,32.447315176016,
    33.592262060591));
#2066 = CARTESIAN_POINT('',(-95.26219075438,32.383618181256,33.6));
#2067 = CARTESIAN_POINT('',(-95.26219075438,32.32,33.6));
#2068 = ORIENTED_EDGE('',*,*,#1494,.T.);
#2069 = ORIENTED_EDGE('',*,*,#1617,.T.);
#2070 = B_SPLINE_SURFACE_WITH_KNOTS('',1,1,(
    (#2071,#2072)
    ,(#2073,#2074
    )),.UNSPECIFIED.,.F.,.F.,.F.,(2,2),(2,2),(0.,4.8659449E+03),(
    -1.3188977E+03,0.),.PIECEWISE_BEZIER_KNOTS.);
#2071 = CARTESIAN_POINT('',(-95.26219075438,-29.47605918211,
    35.000071120142));
#2072 = CARTESIAN_POINT('',(-95.26219075438,-29.47605918211,
    1.500002540005));
#2073 = CARTESIAN_POINT('',(-95.26219075438,94.119188468377,
    35.000071120142));
#2074 = CARTESIAN_POINT('',(-95.26219075438,94.119188468377,
    1.500002540005));
#2075 = ADVANCED_FACE('',(#2076),#2148,.F.);
#2076 = FACE_BOUND('',#2077,.F.);
#2077 = EDGE_LOOP('',(#2078,#2087,#2092,#2093,#2094,#2101,#2108,#2115,
    #2122,#2129,#2136,#2143));
#2078 = ORIENTED_EDGE('',*,*,#2079,.F.);
#2079 = EDGE_CURVE('',#2080,#2082,#2084,.T.);
#2080 = VERTEX_POINT('',#2081);
#2081 = CARTESIAN_POINT('',(1.917004064008,-29.47605918211,
    1.500002540005));
#2082 = VERTEX_POINT('',#2083);
#2083 = CARTESIAN_POINT('',(-18.90003683007,-29.47605918211,
    1.500002540005));
#2084 = B_SPLINE_CURVE_WITH_KNOTS('',1,(#2085,#2086),.UNSPECIFIED.,.F.,
  .F.,(2,2),(0.,819.5669),.PIECEWISE_BEZIER_KNOTS.);
#2085 = CARTESIAN_POINT('',(1.917004064008,-29.47605918211,
    1.500002540005));
#2086 = CARTESIAN_POINT('',(-18.90003683007,-29.47605918211,
    1.500002540005));
#2087 = ORIENTED_EDGE('',*,*,#2088,.T.);
#2088 = EDGE_CURVE('',#2080,#1127,#2089,.T.);
#2089 = B_SPLINE_CURVE_WITH_KNOTS('',1,(#2090,#2091),.UNSPECIFIED.,.F.,
  .F.,(2,2),(0.,1.3188977E+03),.PIECEWISE_BEZIER_KNOTS.);
#2090 = CARTESIAN_POINT('',(1.917004064008,-29.47605918211,
    1.500002540005));
#2091 = CARTESIAN_POINT('',(1.917004064008,-29.47605918211,
    35.000071120142));
#2092 = ORIENTED_EDGE('',*,*,#1126,.T.);
#2093 = ORIENTED_EDGE('',*,*,#1993,.F.);
#2094 = ORIENTED_EDGE('',*,*,#2095,.F.);
#2095 = EDGE_CURVE('',#2096,#1987,#2098,.T.);
#2096 = VERTEX_POINT('',#2097);
#2097 = CARTESIAN_POINT('',(-85.81717170434,-29.47605918211,
    1.500002540005));
#2098 = B_SPLINE_CURVE_WITH_KNOTS('',1,(#2099,#2100),.UNSPECIFIED.,.F.,
  .F.,(2,2),(3.4540945E+03,3.8259449E+03),.PIECEWISE_BEZIER_KNOTS.);
#2099 = CARTESIAN_POINT('',(-85.81717170434,-29.47605918211,
    1.500002540005));
#2100 = CARTESIAN_POINT('',(-95.26219075438,-29.47605918211,
    1.500002540005));
#2101 = ORIENTED_EDGE('',*,*,#2102,.T.);
#2102 = EDGE_CURVE('',#2096,#2103,#2105,.T.);
#2103 = VERTEX_POINT('',#2104);
#2104 = CARTESIAN_POINT('',(-85.81717170434,-29.47605918211,
    1.834118970353));
#2105 = B_SPLINE_CURVE_WITH_KNOTS('',1,(#2106,#2107),.UNSPECIFIED.,.F.,
  .F.,(2,2),(4.870319316132,18.024483178936),.PIECEWISE_BEZIER_KNOTS.);
#2106 = CARTESIAN_POINT('',(-85.81717170434,-29.47605918211,
    1.500002540005));
#2107 = CARTESIAN_POINT('',(-85.81717170434,-29.47605918211,
    1.834118970353));
#2108 = ORIENTED_EDGE('',*,*,#2109,.F.);
#2109 = EDGE_CURVE('',#2110,#2103,#2112,.T.);
#2110 = VERTEX_POINT('',#2111);
#2111 = CARTESIAN_POINT('',(-84.61716916433,-29.47605918211,
    1.834118970353));
#2112 = B_SPLINE_CURVE_WITH_KNOTS('',1,(#2113,#2114),.UNSPECIFIED.,.F.,
  .F.,(2,2),(1.7034252E+03,1.7506693E+03),.PIECEWISE_BEZIER_KNOTS.);
#2113 = CARTESIAN_POINT('',(-84.61716916433,-29.47605918211,
    1.834118970353));
#2114 = CARTESIAN_POINT('',(-85.81717170434,-29.47605918211,
    1.834118970353));
#2115 = ORIENTED_EDGE('',*,*,#2116,.F.);
#2116 = EDGE_CURVE('',#2117,#2110,#2119,.T.);
#2117 = VERTEX_POINT('',#2118);
#2118 = CARTESIAN_POINT('',(-84.61716916433,-29.47605918211,
    1.500002540005));
#2119 = B_SPLINE_CURVE_WITH_KNOTS('',1,(#2120,#2121),.UNSPECIFIED.,.F.,
  .F.,(2,2),(4.870319316132,18.024483178936),.PIECEWISE_BEZIER_KNOTS.);
#2120 = CARTESIAN_POINT('',(-84.61716916433,-29.47605918211,
    1.500002540005));
#2121 = CARTESIAN_POINT('',(-84.61716916433,-29.47605918211,
    1.834118970353));
#2122 = ORIENTED_EDGE('',*,*,#2123,.F.);
#2123 = EDGE_CURVE('',#2124,#2117,#2126,.T.);
#2124 = VERTEX_POINT('',#2125);
#2125 = CARTESIAN_POINT('',(-20.10003937007,-29.47605918211,
    1.500002540005));
#2126 = B_SPLINE_CURVE_WITH_KNOTS('',1,(#2127,#2128),.UNSPECIFIED.,.F.,
  .F.,(2,2),(866.811,3.4068504E+03),.PIECEWISE_BEZIER_KNOTS.);
#2127 = CARTESIAN_POINT('',(-20.10003937007,-29.47605918211,
    1.500002540005));
#2128 = CARTESIAN_POINT('',(-84.61716916433,-29.47605918211,
    1.500002540005));
#2129 = ORIENTED_EDGE('',*,*,#2130,.T.);
#2130 = EDGE_CURVE('',#2124,#2131,#2133,.T.);
#2131 = VERTEX_POINT('',#2132);
#2132 = CARTESIAN_POINT('',(-20.10003937007,-29.47605918211,
    1.834118970353));
#2133 = B_SPLINE_CURVE_WITH_KNOTS('',1,(#2134,#2135),.UNSPECIFIED.,.F.,
  .F.,(2,2),(4.870319316132,18.024483178936),.PIECEWISE_BEZIER_KNOTS.);
#2134 = CARTESIAN_POINT('',(-20.10003937007,-29.47605918211,
    1.500002540005));
#2135 = CARTESIAN_POINT('',(-20.10003937007,-29.47605918211,
    1.834118970353));
#2136 = ORIENTED_EDGE('',*,*,#2137,.F.);
#2137 = EDGE_CURVE('',#2138,#2131,#2140,.T.);
#2138 = VERTEX_POINT('',#2139);
#2139 = CARTESIAN_POINT('',(-18.90003683007,-29.47605918211,
    1.834118970353));
#2140 = B_SPLINE_CURVE_WITH_KNOTS('',1,(#2141,#2142),.UNSPECIFIED.,.F.,
  .F.,(2,2),(409.78345,457.02755),.PIECEWISE_BEZIER_KNOTS.);
#2141 = CARTESIAN_POINT('',(-18.90003683007,-29.47605918211,
    1.834118970353));
#2142 = CARTESIAN_POINT('',(-20.10003937007,-29.47605918211,
    1.834118970353));
#2143 = ORIENTED_EDGE('',*,*,#2144,.F.);
#2144 = EDGE_CURVE('',#2082,#2138,#2145,.T.);
#2145 = B_SPLINE_CURVE_WITH_KNOTS('',1,(#2146,#2147),.UNSPECIFIED.,.F.,
  .F.,(2,2),(4.870319316132,18.024483178936),.PIECEWISE_BEZIER_KNOTS.);
#2146 = CARTESIAN_POINT('',(-18.90003683007,-29.47605918211,
    1.500002540005));
#2147 = CARTESIAN_POINT('',(-18.90003683007,-29.47605918211,
    1.834118970353));
#2148 = B_SPLINE_SURFACE_WITH_KNOTS('',1,1,(
    (#2149,#2150)
    ,(#2151,#2152
    )),.UNSPECIFIED.,.F.,.F.,.F.,(2,2),(2,2),(0.,3.8259449E+03),(
    -1.3188977E+03,0.),.PIECEWISE_BEZIER_KNOTS.);
#2149 = CARTESIAN_POINT('',(1.917004064008,-29.47605918211,
    35.000071120142));
#2150 = CARTESIAN_POINT('',(1.917004064008,-29.47605918211,
    1.500002540005));
#2151 = CARTESIAN_POINT('',(-95.26219075438,-29.47605918211,
    35.000071120142));
#2152 = CARTESIAN_POINT('',(-95.26219075438,-29.47605918211,
    1.500002540005));
#2153 = ADVANCED_FACE('',(#2154,#2220,#2407),#2437,.F.);
#2154 = FACE_BOUND('',#2155,.F.);
#2155 = EDGE_LOOP('',(#2156,#2163,#2164,#2165,#2166,#2173,#2180,#2187,
    #2194,#2201,#2208,#2215));
#2156 = ORIENTED_EDGE('',*,*,#2157,.F.);
#2157 = EDGE_CURVE('',#1711,#2158,#2160,.T.);
#2158 = VERTEX_POINT('',#2159);
#2159 = CARTESIAN_POINT('',(1.917004064008,66.767133553467,
    1.500002540005));
#2160 = B_SPLINE_CURVE_WITH_KNOTS('',1,(#2161,#2162),.UNSPECIFIED.,.F.,
  .F.,(2,2),(0.,1.076850402E+03),.PIECEWISE_BEZIER_KNOTS.);
#2161 = CARTESIAN_POINT('',(1.917004064008,94.119188468377,
    1.500002540005));
#2162 = CARTESIAN_POINT('',(1.917004064008,66.767133553467,
    1.500002540005));
#2163 = ORIENTED_EDGE('',*,*,#1723,.T.);
#2164 = ORIENTED_EDGE('',*,*,#1133,.T.);
#2165 = ORIENTED_EDGE('',*,*,#2088,.F.);
#2166 = ORIENTED_EDGE('',*,*,#2167,.F.);
#2167 = EDGE_CURVE('',#2168,#2080,#2170,.T.);
#2168 = VERTEX_POINT('',#2169);
#2169 = CARTESIAN_POINT('',(1.917004064008,4.353008686817,1.500002540005
    ));
#2170 = B_SPLINE_CURVE_WITH_KNOTS('',1,(#2171,#2172),.UNSPECIFIED.,.F.,
  .F.,(2,2),(3.534094498E+03,4.8659449E+03),.PIECEWISE_BEZIER_KNOTS.);
#2171 = CARTESIAN_POINT('',(1.917004064008,4.353008686817,1.500002540005
    ));
#2172 = CARTESIAN_POINT('',(1.917004064008,-29.47605918211,
    1.500002540005));
#2173 = ORIENTED_EDGE('',*,*,#2174,.T.);
#2174 = EDGE_CURVE('',#2168,#2175,#2177,.T.);
#2175 = VERTEX_POINT('',#2176);
#2176 = CARTESIAN_POINT('',(1.917004064008,4.353008686817,2.441254624333
    ));
#2177 = B_SPLINE_CURVE_WITH_KNOTS('',1,(#2178,#2179),.UNSPECIFIED.,.F.,
  .F.,(2,2),(23.238908637963,60.29600319796),.PIECEWISE_BEZIER_KNOTS.);
#2178 = CARTESIAN_POINT('',(1.917004064008,4.353008686817,1.500002540005
    ));
#2179 = CARTESIAN_POINT('',(1.917004064008,4.353008686817,2.441254624333
    ));
#2180 = ORIENTED_EDGE('',*,*,#2181,.F.);
#2181 = EDGE_CURVE('',#2182,#2175,#2184,.T.);
#2182 = VERTEX_POINT('',#2183);
#2183 = CARTESIAN_POINT('',(1.917004064008,5.553011125222,2.441254624333
    ));
#2184 = B_SPLINE_CURVE_WITH_KNOTS('',1,(#2185,#2186),.UNSPECIFIED.,.F.,
  .F.,(2,2),(1.743425201E+03,1.790669297E+03),.PIECEWISE_BEZIER_KNOTS.);
#2185 = CARTESIAN_POINT('',(1.917004064008,5.553011125222,2.441254624333
    ));
#2186 = CARTESIAN_POINT('',(1.917004064008,4.353008686817,2.441254624333
    ));
#2187 = ORIENTED_EDGE('',*,*,#2188,.F.);
#2188 = EDGE_CURVE('',#2189,#2182,#2191,.T.);
#2189 = VERTEX_POINT('',#2190);
#2190 = CARTESIAN_POINT('',(1.917004064008,5.553011125222,1.500002540005
    ));
#2191 = B_SPLINE_CURVE_WITH_KNOTS('',1,(#2192,#2193),.UNSPECIFIED.,.F.,
  .F.,(2,2),(23.238908637963,60.29600319796),.PIECEWISE_BEZIER_KNOTS.);
#2192 = CARTESIAN_POINT('',(1.917004064008,5.553011125222,1.500002540005
    ));
#2193 = CARTESIAN_POINT('',(1.917004064008,5.553011125222,2.441254624333
    ));
#2194 = ORIENTED_EDGE('',*,*,#2195,.F.);
#2195 = EDGE_CURVE('',#2196,#2189,#2198,.T.);
#2196 = VERTEX_POINT('',#2197);
#2197 = CARTESIAN_POINT('',(1.917004064008,65.567131115062,
    1.500002540005));
#2198 = B_SPLINE_CURVE_WITH_KNOTS('',1,(#2199,#2200),.UNSPECIFIED.,.F.,
  .F.,(2,2),(1.124094498E+03,3.486850402E+03),.PIECEWISE_BEZIER_KNOTS.);
#2199 = CARTESIAN_POINT('',(1.917004064008,65.567131115062,
    1.500002540005));
#2200 = CARTESIAN_POINT('',(1.917004064008,5.553011125222,1.500002540005
    ));
#2201 = ORIENTED_EDGE('',*,*,#2202,.T.);
#2202 = EDGE_CURVE('',#2196,#2203,#2205,.T.);
#2203 = VERTEX_POINT('',#2204);
#2204 = CARTESIAN_POINT('',(1.917004064008,65.567131115062,
    2.817505729743));
#2205 = B_SPLINE_CURVE_WITH_KNOTS('',1,(#2206,#2207),.UNSPECIFIED.,.F.,
  .F.,(2,2),(23.238908637963,75.109009217963),.PIECEWISE_BEZIER_KNOTS.);
#2206 = CARTESIAN_POINT('',(1.917004064008,65.567131115062,
    1.500002540005));
#2207 = CARTESIAN_POINT('',(1.917004064008,65.567131115062,
    2.817505729743));
#2208 = ORIENTED_EDGE('',*,*,#2209,.F.);
#2209 = EDGE_CURVE('',#2210,#2203,#2212,.T.);
#2210 = VERTEX_POINT('',#2211);
#2211 = CARTESIAN_POINT('',(1.917004064008,66.767133553467,
    2.817505729743));
#2212 = B_SPLINE_CURVE_WITH_KNOTS('',1,(#2213,#2214),.UNSPECIFIED.,.F.,
  .F.,(2,2),(538.425201,585.669297),.PIECEWISE_BEZIER_KNOTS.);
#2213 = CARTESIAN_POINT('',(1.917004064008,66.767133553467,
    2.817505729743));
#2214 = CARTESIAN_POINT('',(1.917004064008,65.567131115062,
    2.817505729743));
#2215 = ORIENTED_EDGE('',*,*,#2216,.F.);
#2216 = EDGE_CURVE('',#2158,#2210,#2217,.T.);
#2217 = B_SPLINE_CURVE_WITH_KNOTS('',1,(#2218,#2219),.UNSPECIFIED.,.F.,
  .F.,(2,2),(23.238908637963,75.109009217963),.PIECEWISE_BEZIER_KNOTS.);
#2218 = CARTESIAN_POINT('',(1.917004064008,66.767133553467,
    1.500002540005));
#2219 = CARTESIAN_POINT('',(1.917004064008,66.767133553467,
    2.817505729743));
#2220 = FACE_BOUND('',#2221,.F.);
#2221 = EDGE_LOOP('',(#2222,#2273,#2292,#2341,#2390));
#2222 = ORIENTED_EDGE('',*,*,#2223,.T.);
#2223 = EDGE_CURVE('',#2224,#2226,#2228,.T.);
#2224 = VERTEX_POINT('',#2225);
#2225 = CARTESIAN_POINT('',(1.917004064008,32.917493957772,
    33.445218886232));
#2226 = VERTEX_POINT('',#2227);
#2227 = CARTESIAN_POINT('',(1.917004064008,32.865435605321,
    33.249999999105));
#2228 = B_SPLINE_CURVE_WITH_KNOTS('',8,(#2229,#2230,#2231,#2232,#2233,
    #2234,#2235,#2236,#2237,#2238,#2239,#2240,#2241,#2242,#2243,#2244,
    #2245,#2246,#2247,#2248,#2249,#2250,#2251,#2252,#2253,#2254,#2255,
    #2256,#2257,#2258,#2259,#2260,#2261,#2262,#2263,#2264,#2265,#2266,
    #2267,#2268,#2269,#2270,#2271,#2272),.UNSPECIFIED.,.F.,.F.,(9,7,7,7,
    7,7,9),(0.,8.830610068314E-02,0.337386792899,0.558917611106,
    0.728047741592,0.825410422696,1.),.UNSPECIFIED.);
#2229 = CARTESIAN_POINT('',(1.917004064008,32.917493957772,
    33.445218886232));
#2230 = CARTESIAN_POINT('',(1.917004064008,32.914704799738,33.4147977254
    ));
#2231 = CARTESIAN_POINT('',(1.917004064008,32.910145199709,
    33.384537362555));
#2232 = CARTESIAN_POINT('',(1.917004064008,32.903826550737,
    33.354560063325));
#2233 = CARTESIAN_POINT('',(1.917004064008,32.895769674078,
    33.324985234459));
#2234 = CARTESIAN_POINT('',(1.917004064008,32.886004819189,
    33.295929423823));
#2235 = CARTESIAN_POINT('',(1.917004064008,32.874571663733,
    33.267506320398));
#2236 = CARTESIAN_POINT('',(1.917004064008,32.861519313573,
    33.239826754287));
#2237 = CARTESIAN_POINT('',(1.917004064008,32.805688099098,
    33.137326108954));
#2238 = CARTESIAN_POINT('',(1.917004064008,32.75195648669,
    33.068252881479));
#2239 = CARTESIAN_POINT('',(1.917004064008,32.687075980862,
    33.00848155257));
#2240 = CARTESIAN_POINT('',(1.917004064008,32.612999982478,
    32.96000392381));
#2241 = CARTESIAN_POINT('',(1.917004064008,32.531956802105,
    32.924294752971));
#2242 = CARTESIAN_POINT('',(1.917004064008,32.446385107398,
    32.90244770705));
#2243 = CARTESIAN_POINT('',(1.917004064008,32.359013087613,
    32.895081680204));
#2244 = CARTESIAN_POINT('',(1.917004064008,32.196454448669,
    32.907861352971));
#2245 = CARTESIAN_POINT('',(1.917004064008,32.120615858467,
    32.925082215976));
#2246 = CARTESIAN_POINT('',(1.917004064008,32.047657754778,
    32.953425197681));
#2247 = CARTESIAN_POINT('',(1.917004064008,31.979458552386,
    32.992250780417));
#2248 = CARTESIAN_POINT('',(1.917004064008,31.917679918449,
    33.040611012661));
#2249 = CARTESIAN_POINT('',(1.917004064008,31.863807619433,
    33.097316837494));
#2250 = CARTESIAN_POINT('',(1.917004064008,31.819109231346,
    33.160881434639));
#2251 = CARTESIAN_POINT('',(1.917004064008,31.758055095564,
    33.281704852262));
#2252 = CARTESIAN_POINT('',(1.917004064008,31.737445015764,
    33.336997907503));
#2253 = CARTESIAN_POINT('',(1.917004064008,31.723081490677,
    33.394468573017));
#2254 = CARTESIAN_POINT('',(1.917004064008,31.715209442112,
    33.453288333769));
#2255 = CARTESIAN_POINT('',(1.917004064008,31.713956492951,
    33.512618126159));
#2256 = CARTESIAN_POINT('',(1.917004064008,31.719324332732,
    33.571609849077));
#2257 = CARTESIAN_POINT('',(1.917004064008,31.731197703567,
    33.629408906726));
#2258 = CARTESIAN_POINT('',(1.917004064008,31.759694881917,
    33.717247429897));
#2259 = CARTESIAN_POINT('',(1.917004064008,31.772169654124,
    33.748672373397));
#2260 = CARTESIAN_POINT('',(1.917004064008,31.786656284217,
    33.779272807736));
#2261 = CARTESIAN_POINT('',(1.917004064008,31.803090664623,
    33.808898430449));
#2262 = CARTESIAN_POINT('',(1.917004064008,31.821396100406,
    33.837406438947));
#2263 = CARTESIAN_POINT('',(1.917004064008,31.841483309268,
    33.864661530525));
#2264 = CARTESIAN_POINT('',(1.917004064008,31.86325042155,
    33.890535902356));
#2265 = CARTESIAN_POINT('',(1.917004064008,31.92842264109,
    33.958615245159));
#2266 = CARTESIAN_POINT('',(1.917004064008,31.975314980099,
    33.997520294375));
#2267 = CARTESIAN_POINT('',(1.917004064008,32.026588568279,
    34.030914971198));
#2268 = CARTESIAN_POINT('',(1.917004064008,32.081498044759,
    34.058226950667));
#2269 = CARTESIAN_POINT('',(1.917004064008,32.139224116775,
    34.079021010797));
#2270 = CARTESIAN_POINT('',(1.917004064008,32.19887355967,
    34.092999032583));
#2271 = CARTESIAN_POINT('',(1.917004064008,32.259479216893,34.1));
#2272 = CARTESIAN_POINT('',(1.917004064008,32.32,34.1));
#2273 = ORIENTED_EDGE('',*,*,#2274,.T.);
#2274 = EDGE_CURVE('',#2226,#2275,#2277,.T.);
#2275 = VERTEX_POINT('',#2276);
#2276 = CARTESIAN_POINT('',(1.917004064008,32.918849343694,
    32.962858869733));
#2277 = B_SPLINE_CURVE_WITH_KNOTS('',7,(#2278,#2279,#2280,#2281,#2282,
    #2283,#2284,#2285,#2286,#2287,#2288,#2289,#2290,#2291),
  .UNSPECIFIED.,.F.,.F.,(8,6,8),(0.,0.640211168903,1.),.UNSPECIFIED.);
#2278 = CARTESIAN_POINT('',(1.917004064008,32.32,33.6));
#2279 = CARTESIAN_POINT('',(1.917004064008,32.409600716851,33.6));
#2280 = CARTESIAN_POINT('',(1.917004064008,32.499418660148,
    33.584383418081));
#2281 = CARTESIAN_POINT('',(1.917004064008,32.585743323272,
    33.55305279111));
#2282 = CARTESIAN_POINT('',(1.917004064008,32.665476584416,33.5070695827
    ));
#2283 = CARTESIAN_POINT('',(1.917004064008,32.735812577139,
    33.448076228119));
#2284 = CARTESIAN_POINT('',(1.917004064008,32.794282549449,
    33.378248613976));
#2285 = CARTESIAN_POINT('',(1.917004064008,32.864387796179,
    33.257242256906));
#2286 = CARTESIAN_POINT('',(1.917004064008,32.885356925106,
    33.211228264808));
#2287 = CARTESIAN_POINT('',(1.917004064008,32.901768577642,
    33.163253603417));
#2288 = CARTESIAN_POINT('',(1.917004064008,32.913415641862,
    33.113860496375));
#2289 = CARTESIAN_POINT('',(1.917004064008,32.920166263741,
    33.06360850614));
#2290 = CARTESIAN_POINT('',(1.917004064008,32.921963815515,
    33.013075419221));
#2291 = CARTESIAN_POINT('',(1.917004064008,32.918849343694,
    32.962858869733));
#2292 = ORIENTED_EDGE('',*,*,#2293,.T.);
#2293 = EDGE_CURVE('',#2275,#2294,#2296,.T.);
#2294 = VERTEX_POINT('',#2295);
#2295 = CARTESIAN_POINT('',(1.917004064008,31.774564366884,
    33.250000059746));
#2296 = B_SPLINE_CURVE_WITH_KNOTS('',8,(#2297,#2298,#2299,#2300,#2301,
    #2302,#2303,#2304,#2305,#2306,#2307,#2308,#2309,#2310,#2311,#2312,
    #2313,#2314,#2315,#2316,#2317,#2318,#2319,#2320,#2321,#2322,#2323,
    #2324,#2325,#2326,#2327,#2328,#2329,#2330,#2331,#2332,#2333,#2334,
    #2335,#2336,#2337,#2338,#2339,#2340),.UNSPECIFIED.,.F.,.F.,(9,7,7,7,
    7,7,9),(0.,0.177178889617,0.391063904463,0.539292443659,
    0.710500424463,0.817855472507,1.),.UNSPECIFIED.);
#2297 = CARTESIAN_POINT('',(1.917004064008,32.918849343694,
    32.962858869733));
#2298 = CARTESIAN_POINT('',(1.917004064008,32.915024340407,
    32.901185983333));
#2299 = CARTESIAN_POINT('',(1.917004064008,32.903937670392,
    32.839916680157));
#2300 = CARTESIAN_POINT('',(1.917004064008,32.885636591977,
    32.780122292348));
#2301 = CARTESIAN_POINT('',(1.917004064008,32.860375523752,
    32.722783066807));
#2302 = CARTESIAN_POINT('',(1.917004064008,32.82853645361,32.66881656018
    ));
#2303 = CARTESIAN_POINT('',(1.917004064008,32.790641261037,
    32.61906920665));
#2304 = CARTESIAN_POINT('',(1.917004064008,32.747336001592,
    32.574320453692));
#2305 = CARTESIAN_POINT('',(1.917004064008,32.641678713632,
    32.488054423382));
#2306 = CARTESIAN_POINT('',(1.917004064008,32.577074193588,
    32.449001021822));
#2307 = CARTESIAN_POINT('',(1.917004064008,32.507136084918,
    32.419305163154));
#2308 = CARTESIAN_POINT('',(1.917004064008,32.433443639536,
    32.399834406477));
#2309 = CARTESIAN_POINT('',(1.917004064008,32.357671687493,
    32.39109450114));
#2310 = CARTESIAN_POINT('',(1.917004064008,32.281590636986,
    32.393229386744));
#2311 = CARTESIAN_POINT('',(1.917004064008,32.207066474351,
    32.406021193138));
#2312 = CARTESIAN_POINT('',(1.917004064008,32.086851740621,
    32.444739155665));
#2313 = CARTESIAN_POINT('',(1.917004064008,32.039201743272,
    32.465438356249));
#2314 = CARTESIAN_POINT('',(1.917004064008,31.993688399351,
    32.490790635265));
#2315 = CARTESIAN_POINT('',(1.917004064008,31.950840273389,
    32.520536317553));
#2316 = CARTESIAN_POINT('',(1.917004064008,31.911136867111,
    32.554353259701));
#2317 = CARTESIAN_POINT('',(1.917004064008,31.875008619442,
    32.591856850046));
#2318 = CARTESIAN_POINT('',(1.917004064008,31.842836906504,
    32.632600008671));
#2319 = CARTESIAN_POINT('',(1.917004064008,31.782748576842,
    32.726285887276));
#2320 = CARTESIAN_POINT('',(1.917004064008,31.756225849584,
    32.780193337502));
#2321 = CARTESIAN_POINT('',(1.917004064008,31.735920077823,
    32.836993385294));
#2322 = CARTESIAN_POINT('',(1.917004064008,31.722174838288,
    32.895840923497));
#2323 = CARTESIAN_POINT('',(1.917004064008,31.715209607177,
    32.955867158946));
#2324 = CARTESIAN_POINT('',(1.917004064008,31.715109318203,
    33.016181277474));
#2325 = CARTESIAN_POINT('',(1.917004064008,31.721835185555,
    33.075874880429));
#2326 = CARTESIAN_POINT('',(1.917004064008,31.743513376961,
    33.170476337855));
#2327 = CARTESIAN_POINT('',(1.917004064008,31.7544668002,33.206343422908
    ));
#2328 = CARTESIAN_POINT('',(1.917004064008,31.767967751691,
    33.241397822928));
#2329 = CARTESIAN_POINT('',(1.917004064008,31.783945139274,
    33.275428205758));
#2330 = CARTESIAN_POINT('',(1.917004064008,31.802308143266,
    33.308233342952));
#2331 = CARTESIAN_POINT('',(1.917004064008,31.822946216461,
    33.339622109777));
#2332 = CARTESIAN_POINT('',(1.917004064008,31.845729084128,
    33.369413485212));
#2333 = CARTESIAN_POINT('',(1.917004064008,31.91254589573,
    33.444982040884));
#2334 = CARTESIAN_POINT('',(1.917004064008,31.960350427557,
    33.487467038205));
#2335 = CARTESIAN_POINT('',(1.917004064008,32.013169851961,
    33.524044215128));
#2336 = CARTESIAN_POINT('',(1.917004064008,32.070164777135,
    33.554028295923));
#2337 = CARTESIAN_POINT('',(1.917004064008,32.130406907006,
    33.57689605791));
#2338 = CARTESIAN_POINT('',(1.917004064008,32.192879041229,
    33.592286331462));
#2339 = CARTESIAN_POINT('',(1.917004064008,32.256475075189,33.6));
#2340 = CARTESIAN_POINT('',(1.917004064008,32.32,33.6));
#2341 = ORIENTED_EDGE('',*,*,#2342,.T.);
#2342 = EDGE_CURVE('',#2294,#2343,#2345,.T.);
#2343 = VERTEX_POINT('',#2344);
#2344 = CARTESIAN_POINT('',(1.917004064008,32.32,34.1));
#2345 = B_SPLINE_CURVE_WITH_KNOTS('',8,(#2346,#2347,#2348,#2349,#2350,
    #2351,#2352,#2353,#2354,#2355,#2356,#2357,#2358,#2359,#2360,#2361,
    #2362,#2363,#2364,#2365,#2366,#2367,#2368,#2369,#2370,#2371,#2372,
    #2373,#2374,#2375,#2376,#2377,#2378,#2379,#2380,#2381,#2382,#2383,
    #2384,#2385,#2386,#2387,#2388,#2389),.UNSPECIFIED.,.F.,.F.,(9,7,7,7,
    7,7,9),(0.,8.830610068314E-02,0.337386792899,0.558917611106,
    0.728047741592,0.825410422696,1.),.UNSPECIFIED.);
#2346 = CARTESIAN_POINT('',(1.917004064008,32.917493957772,
    33.445218886232));
#2347 = CARTESIAN_POINT('',(1.917004064008,32.914704799738,33.4147977254
    ));
#2348 = CARTESIAN_POINT('',(1.917004064008,32.910145199709,
    33.384537362555));
#2349 = CARTESIAN_POINT('',(1.917004064008,32.903826550737,
    33.354560063325));
#2350 = CARTESIAN_POINT('',(1.917004064008,32.895769674078,
    33.324985234459));
#2351 = CARTESIAN_POINT('',(1.917004064008,32.886004819189,
    33.295929423823));
#2352 = CARTESIAN_POINT('',(1.917004064008,32.874571663733,
    33.267506320398));
#2353 = CARTESIAN_POINT('',(1.917004064008,32.861519313573,
    33.239826754287));
#2354 = CARTESIAN_POINT('',(1.917004064008,32.805688099098,
    33.137326108954));
#2355 = CARTESIAN_POINT('',(1.917004064008,32.75195648669,
    33.068252881479));
#2356 = CARTESIAN_POINT('',(1.917004064008,32.687075980862,
    33.00848155257));
#2357 = CARTESIAN_POINT('',(1.917004064008,32.612999982478,
    32.96000392381));
#2358 = CARTESIAN_POINT('',(1.917004064008,32.531956802105,
    32.924294752971));
#2359 = CARTESIAN_POINT('',(1.917004064008,32.446385107398,
    32.90244770705));
#2360 = CARTESIAN_POINT('',(1.917004064008,32.359013087613,
    32.895081680204));
#2361 = CARTESIAN_POINT('',(1.917004064008,32.196454448669,
    32.907861352971));
#2362 = CARTESIAN_POINT('',(1.917004064008,32.120615858467,
    32.925082215976));
#2363 = CARTESIAN_POINT('',(1.917004064008,32.047657754778,
    32.953425197681));
#2364 = CARTESIAN_POINT('',(1.917004064008,31.979458552386,
    32.992250780417));
#2365 = CARTESIAN_POINT('',(1.917004064008,31.917679918449,
    33.040611012661));
#2366 = CARTESIAN_POINT('',(1.917004064008,31.863807619433,
    33.097316837494));
#2367 = CARTESIAN_POINT('',(1.917004064008,31.819109231346,
    33.160881434639));
#2368 = CARTESIAN_POINT('',(1.917004064008,31.758055095564,
    33.281704852262));
#2369 = CARTESIAN_POINT('',(1.917004064008,31.737445015764,
    33.336997907503));
#2370 = CARTESIAN_POINT('',(1.917004064008,31.723081490677,
    33.394468573017));
#2371 = CARTESIAN_POINT('',(1.917004064008,31.715209442112,
    33.453288333769));
#2372 = CARTESIAN_POINT('',(1.917004064008,31.713956492951,
    33.512618126159));
#2373 = CARTESIAN_POINT('',(1.917004064008,31.719324332732,
    33.571609849077));
#2374 = CARTESIAN_POINT('',(1.917004064008,31.731197703567,
    33.629408906726));
#2375 = CARTESIAN_POINT('',(1.917004064008,31.759694881917,
    33.717247429897));
#2376 = CARTESIAN_POINT('',(1.917004064008,31.772169654124,
    33.748672373397));
#2377 = CARTESIAN_POINT('',(1.917004064008,31.786656284217,
    33.779272807736));
#2378 = CARTESIAN_POINT('',(1.917004064008,31.803090664623,
    33.808898430449));
#2379 = CARTESIAN_POINT('',(1.917004064008,31.821396100406,
    33.837406438947));
#2380 = CARTESIAN_POINT('',(1.917004064008,31.841483309268,
    33.864661530525));
#2381 = CARTESIAN_POINT('',(1.917004064008,31.86325042155,
    33.890535902356));
#2382 = CARTESIAN_POINT('',(1.917004064008,31.92842264109,
    33.958615245159));
#2383 = CARTESIAN_POINT('',(1.917004064008,31.975314980099,
    33.997520294375));
#2384 = CARTESIAN_POINT('',(1.917004064008,32.026588568279,
    34.030914971198));
#2385 = CARTESIAN_POINT('',(1.917004064008,32.081498044759,
    34.058226950667));
#2386 = CARTESIAN_POINT('',(1.917004064008,32.139224116775,
    34.079021010797));
#2387 = CARTESIAN_POINT('',(1.917004064008,32.19887355967,
    34.092999032583));
#2388 = CARTESIAN_POINT('',(1.917004064008,32.259479216893,34.1));
#2389 = CARTESIAN_POINT('',(1.917004064008,32.32,34.1));
#2390 = ORIENTED_EDGE('',*,*,#2391,.T.);
#2391 = EDGE_CURVE('',#2343,#2224,#2392,.T.);
#2392 = B_SPLINE_CURVE_WITH_KNOTS('',7,(#2393,#2394,#2395,#2396,#2397,
    #2398,#2399,#2400,#2401,#2402,#2403,#2404,#2405,#2406),
  .UNSPECIFIED.,.F.,.F.,(8,6,8),(0.,0.637014992081,1.),.UNSPECIFIED.);
#2393 = CARTESIAN_POINT('',(1.917004064008,32.32,34.1));
#2394 = CARTESIAN_POINT('',(1.917004064008,32.410731775365,34.1));
#2395 = CARTESIAN_POINT('',(1.917004064008,32.501797168609,
    34.08398580612));
#2396 = CARTESIAN_POINT('',(1.917004064008,32.589209100946,
    34.051789252342));
#2397 = CARTESIAN_POINT('',(1.917004064008,32.669696634943,
    34.004592457141));
#2398 = CARTESIAN_POINT('',(1.917004064008,32.740385604234,
    33.94417400428));
#2399 = CARTESIAN_POINT('',(1.917004064008,32.798802000478,
    33.872792410112));
#2400 = CARTESIAN_POINT('',(1.917004064008,32.868495991364,
    33.748642219413));
#2401 = CARTESIAN_POINT('',(1.917004064008,32.889271227058,
    33.701024915615));
#2402 = CARTESIAN_POINT('',(1.917004064008,32.905202206877,
    33.651419641173));
#2403 = CARTESIAN_POINT('',(1.917004064008,32.916075511173,
    33.60041724294));
#2404 = CARTESIAN_POINT('',(1.917004064008,32.921760818415,
    33.548627391076));
#2405 = CARTESIAN_POINT('',(1.917004064008,32.922212002691,
    33.496678287797));
#2406 = CARTESIAN_POINT('',(1.917004064008,32.917493957772,
    33.445218886232));
#2407 = FACE_BOUND('',#2408,.F.);
#2408 = EDGE_LOOP('',(#2409,#2418,#2425,#2432));
#2409 = ORIENTED_EDGE('',*,*,#2410,.F.);
#2410 = EDGE_CURVE('',#2411,#2413,#2415,.T.);
#2411 = VERTEX_POINT('',#2412);
#2412 = CARTESIAN_POINT('',(1.917004064008,46.5,24.5));
#2413 = VERTEX_POINT('',#2414);
#2414 = CARTESIAN_POINT('',(1.917004064008,46.5,6.));
#2415 = B_SPLINE_CURVE_WITH_KNOTS('',1,(#2416,#2417),.UNSPECIFIED.,.F.,
  .F.,(2,2),(0.,1.),.PIECEWISE_BEZIER_KNOTS.);
#2416 = CARTESIAN_POINT('',(1.917004064008,46.5,24.5));
#2417 = CARTESIAN_POINT('',(1.917004064008,46.5,6.));
#2418 = ORIENTED_EDGE('',*,*,#2419,.T.);
#2419 = EDGE_CURVE('',#2411,#2420,#2422,.T.);
#2420 = VERTEX_POINT('',#2421);
#2421 = CARTESIAN_POINT('',(1.917004064008,88.5,24.5));
#2422 = B_SPLINE_CURVE_WITH_KNOTS('',1,(#2423,#2424),.UNSPECIFIED.,.F.,
  .F.,(2,2),(0.,1.),.PIECEWISE_BEZIER_KNOTS.);
#2423 = CARTESIAN_POINT('',(1.917004064008,46.5,24.5));
#2424 = CARTESIAN_POINT('',(1.917004064008,88.5,24.5));
#2425 = ORIENTED_EDGE('',*,*,#2426,.T.);
#2426 = EDGE_CURVE('',#2420,#2427,#2429,.T.);
#2427 = VERTEX_POINT('',#2428);
#2428 = CARTESIAN_POINT('',(1.917004064008,88.5,6.));
#2429 = B_SPLINE_CURVE_WITH_KNOTS('',1,(#2430,#2431),.UNSPECIFIED.,.F.,
  .F.,(2,2),(0.,1.),.PIECEWISE_BEZIER_KNOTS.);
#2430 = CARTESIAN_POINT('',(1.917004064008,88.5,24.5));
#2431 = CARTESIAN_POINT('',(1.917004064008,88.5,6.));
#2432 = ORIENTED_EDGE('',*,*,#2433,.F.);
#2433 = EDGE_CURVE('',#2413,#2427,#2434,.T.);
#2434 = B_SPLINE_CURVE_WITH_KNOTS('',1,(#2435,#2436),.UNSPECIFIED.,.F.,
  .F.,(2,2),(0.,1.),.PIECEWISE_BEZIER_KNOTS.);
#2435 = CARTESIAN_POINT('',(1.917004064008,46.5,6.));
#2436 = CARTESIAN_POINT('',(1.917004064008,88.5,6.));
#2437 = B_SPLINE_SURFACE_WITH_KNOTS('',1,1,(
    (#2438,#2439)
    ,(#2440,#2441
    )),.UNSPECIFIED.,.F.,.F.,.F.,(2,2),(2,2),(0.,4.8659449E+03),(
    -1.3188977E+03,0.),.PIECEWISE_BEZIER_KNOTS.);
#2438 = CARTESIAN_POINT('',(1.917004064008,94.119188468377,
    35.000071120142));
#2439 = CARTESIAN_POINT('',(1.917004064008,94.119188468377,
    1.500002540005));
#2440 = CARTESIAN_POINT('',(1.917004064008,-29.47605918211,
    35.000071120142));
#2441 = CARTESIAN_POINT('',(1.917004064008,-29.47605918211,
    1.500002540005));
#2442 = ADVANCED_FACE('',(#2443),#2459,.F.);
#2443 = FACE_BOUND('',#2444,.F.);
#2444 = EDGE_LOOP('',(#2445,#2446,#2452,#2453));
#2445 = ORIENTED_EDGE('',*,*,#1296,.F.);
#2446 = ORIENTED_EDGE('',*,*,#2447,.T.);
#2447 = EDGE_CURVE('',#1297,#1172,#2448,.T.);
#2448 = LINE('',#2449,#2450);
#2449 = CARTESIAN_POINT('',(-96.76,-30.98,31.));
#2450 = VECTOR('',#2451,1.);
#2451 = DIRECTION('',(0.,0.,1.));
#2452 = ORIENTED_EDGE('',*,*,#1171,.T.);
#2453 = ORIENTED_EDGE('',*,*,#2454,.F.);
#2454 = EDGE_CURVE('',#1299,#1174,#2455,.T.);
#2455 = LINE('',#2456,#2457);
#2456 = CARTESIAN_POINT('',(3.42,-30.98,31.));
#2457 = VECTOR('',#2458,1.);
#2458 = DIRECTION('',(0.,0.,1.));
#2459 = PLANE('',#2460);
#2460 = AXIS2_PLACEMENT_3D('',#2461,#2462,#2463);
#2461 = CARTESIAN_POINT('',(-96.76,-30.98,31.));
#2462 = DIRECTION('',(-0.,1.,0.));
#2463 = DIRECTION('',(0.,0.,1.));
#2464 = ADVANCED_FACE('',(#2465,#2476),#2487,.F.);
#2465 = FACE_BOUND('',#2466,.F.);
#2466 = EDGE_LOOP('',(#2467,#2468,#2469,#2475));
#2467 = ORIENTED_EDGE('',*,*,#2447,.F.);
#2468 = ORIENTED_EDGE('',*,*,#1306,.T.);
#2469 = ORIENTED_EDGE('',*,*,#2470,.T.);
#2470 = EDGE_CURVE('',#1307,#1182,#2471,.T.);
#2471 = LINE('',#2472,#2473);
#2472 = CARTESIAN_POINT('',(-96.76,95.62,31.));
#2473 = VECTOR('',#2474,1.);
#2474 = DIRECTION('',(0.,0.,1.));
#2475 = ORIENTED_EDGE('',*,*,#1181,.F.);
#2476 = FACE_BOUND('',#2477,.F.);
#2477 = EDGE_LOOP('',(#2478,#2485,#2486));
#2478 = ORIENTED_EDGE('',*,*,#2479,.F.);
#2479 = EDGE_CURVE('',#1636,#1471,#2480,.T.);
#2480 = CIRCLE('',#2481,0.6);
#2481 = AXIS2_PLACEMENT_3D('',#2482,#2483,#2484);
#2482 = CARTESIAN_POINT('',(-96.76,32.32,33.));
#2483 = DIRECTION('',(1.,0.,0.));
#2484 = DIRECTION('',(-0.,0.,1.));
#2485 = ORIENTED_EDGE('',*,*,#1635,.F.);
#2486 = ORIENTED_EDGE('',*,*,#1478,.F.);
#2487 = PLANE('',#2488);
#2488 = AXIS2_PLACEMENT_3D('',#2489,#2490,#2491);
#2489 = CARTESIAN_POINT('',(-96.76,-30.98,31.));
#2490 = DIRECTION('',(1.,0.,-0.));
#2491 = DIRECTION('',(0.,0.,1.));
#2492 = ADVANCED_FACE('',(#2493),#2504,.T.);
#2493 = FACE_BOUND('',#2494,.T.);
#2494 = EDGE_LOOP('',(#2495,#2496,#2497,#2498));
#2495 = ORIENTED_EDGE('',*,*,#1314,.F.);
#2496 = ORIENTED_EDGE('',*,*,#2470,.T.);
#2497 = ORIENTED_EDGE('',*,*,#1189,.T.);
#2498 = ORIENTED_EDGE('',*,*,#2499,.F.);
#2499 = EDGE_CURVE('',#1315,#1190,#2500,.T.);
#2500 = LINE('',#2501,#2502);
#2501 = CARTESIAN_POINT('',(3.42,95.62,31.));
#2502 = VECTOR('',#2503,1.);
#2503 = DIRECTION('',(0.,0.,1.));
#2504 = PLANE('',#2505);
#2505 = AXIS2_PLACEMENT_3D('',#2506,#2507,#2508);
#2506 = CARTESIAN_POINT('',(-96.76,95.62,31.));
#2507 = DIRECTION('',(-0.,1.,0.));
#2508 = DIRECTION('',(0.,0.,1.));
#2509 = ADVANCED_FACE('',(#2510,#2516),#2545,.T.);
#2510 = FACE_BOUND('',#2511,.T.);
#2511 = EDGE_LOOP('',(#2512,#2513,#2514,#2515));
#2512 = ORIENTED_EDGE('',*,*,#2454,.F.);
#2513 = ORIENTED_EDGE('',*,*,#1322,.T.);
#2514 = ORIENTED_EDGE('',*,*,#2499,.T.);
#2515 = ORIENTED_EDGE('',*,*,#1197,.F.);
#2516 = FACE_BOUND('',#2517,.T.);
#2517 = EDGE_LOOP('',(#2518,#2529,#2538));
#2518 = ORIENTED_EDGE('',*,*,#2519,.F.);
#2519 = EDGE_CURVE('',#2520,#2522,#2524,.T.);
#2520 = VERTEX_POINT('',#2521);
#2521 = CARTESIAN_POINT('',(3.42,31.774564394268,33.249999999999));
#2522 = VERTEX_POINT('',#2523);
#2523 = CARTESIAN_POINT('',(3.42,32.865435605732,33.249999999999));
#2524 = CIRCLE('',#2525,0.6);
#2525 = AXIS2_PLACEMENT_3D('',#2526,#2527,#2528);
#2526 = CARTESIAN_POINT('',(3.42,32.32,33.));
#2527 = DIRECTION('',(1.,0.,0.));
#2528 = DIRECTION('',(-0.,0.,1.));
#2529 = ORIENTED_EDGE('',*,*,#2530,.F.);
#2530 = EDGE_CURVE('',#2531,#2520,#2533,.T.);
#2531 = VERTEX_POINT('',#2532);
#2532 = CARTESIAN_POINT('',(3.42,32.32,34.1));
#2533 = CIRCLE('',#2534,0.6);
#2534 = AXIS2_PLACEMENT_3D('',#2535,#2536,#2537);
#2535 = CARTESIAN_POINT('',(3.42,32.32,33.5));
#2536 = DIRECTION('',(1.,0.,0.));
#2537 = DIRECTION('',(-0.,0.,1.));
#2538 = ORIENTED_EDGE('',*,*,#2539,.F.);
#2539 = EDGE_CURVE('',#2522,#2531,#2540,.T.);
#2540 = CIRCLE('',#2541,0.6);
#2541 = AXIS2_PLACEMENT_3D('',#2542,#2543,#2544);
#2542 = CARTESIAN_POINT('',(3.42,32.32,33.5));
#2543 = DIRECTION('',(1.,0.,0.));
#2544 = DIRECTION('',(-0.,0.,1.));
#2545 = PLANE('',#2546);
#2546 = AXIS2_PLACEMENT_3D('',#2547,#2548,#2549);
#2547 = CARTESIAN_POINT('',(3.42,-30.98,31.));
#2548 = DIRECTION('',(1.,0.,-0.));
#2549 = DIRECTION('',(0.,0.,1.));
#2550 = ADVANCED_FACE('',(#2551),#2557,.T.);
#2551 = FACE_BOUND('',#2552,.T.);
#2552 = EDGE_LOOP('',(#2553,#2554,#2555,#2556));
#2553 = ORIENTED_EDGE('',*,*,#2479,.F.);
#2554 = ORIENTED_EDGE('',*,*,#1644,.F.);
#2555 = ORIENTED_EDGE('',*,*,#1236,.T.);
#2556 = ORIENTED_EDGE('',*,*,#1470,.T.);
#2557 = CYLINDRICAL_SURFACE('',#2558,0.6);
#2558 = AXIS2_PLACEMENT_3D('',#2559,#2560,#2561);
#2559 = CARTESIAN_POINT('',(-98.76,32.32,33.));
#2560 = DIRECTION('',(1.,0.,0.));
#2561 = DIRECTION('',(-0.,0.,1.));
#2562 = ADVANCED_FACE('',(#2563),#2579,.T.);
#2563 = FACE_BOUND('',#2564,.T.);
#2564 = EDGE_LOOP('',(#2565,#2571,#2572,#2578));
#2565 = ORIENTED_EDGE('',*,*,#2566,.F.);
#2566 = EDGE_CURVE('',#2427,#1362,#2567,.T.);
#2567 = LINE('',#2568,#2569);
#2568 = CARTESIAN_POINT('',(0.,88.5,6.));
#2569 = VECTOR('',#2570,1.);
#2570 = DIRECTION('',(1.,0.,-0.));
#2571 = ORIENTED_EDGE('',*,*,#2433,.F.);
#2572 = ORIENTED_EDGE('',*,*,#2573,.T.);
#2573 = EDGE_CURVE('',#2413,#1364,#2574,.T.);
#2574 = LINE('',#2575,#2576);
#2575 = CARTESIAN_POINT('',(0.,46.5,6.));
#2576 = VECTOR('',#2577,1.);
#2577 = DIRECTION('',(1.,0.,-0.));
#2578 = ORIENTED_EDGE('',*,*,#1361,.F.);
#2579 = PLANE('',#2580);
#2580 = AXIS2_PLACEMENT_3D('',#2581,#2582,#2583);
#2581 = CARTESIAN_POINT('',(0.,46.5,6.));
#2582 = DIRECTION('',(0.,0.,1.));
#2583 = DIRECTION('',(1.,0.,-0.));
#2584 = ADVANCED_FACE('',(#2585),#2596,.T.);
#2585 = FACE_BOUND('',#2586,.T.);
#2586 = EDGE_LOOP('',(#2587,#2588,#2589,#2595));
#2587 = ORIENTED_EDGE('',*,*,#2573,.F.);
#2588 = ORIENTED_EDGE('',*,*,#2410,.F.);
#2589 = ORIENTED_EDGE('',*,*,#2590,.T.);
#2590 = EDGE_CURVE('',#2411,#1372,#2591,.T.);
#2591 = LINE('',#2592,#2593);
#2592 = CARTESIAN_POINT('',(0.,46.5,24.5));
#2593 = VECTOR('',#2594,1.);
#2594 = DIRECTION('',(1.,0.,-0.));
#2595 = ORIENTED_EDGE('',*,*,#1371,.F.);
#2596 = PLANE('',#2597);
#2597 = AXIS2_PLACEMENT_3D('',#2598,#2599,#2600);
#2598 = CARTESIAN_POINT('',(0.,46.5,6.));
#2599 = DIRECTION('',(-0.,1.,0.));
#2600 = DIRECTION('',(0.,0.,1.));
#2601 = ADVANCED_FACE('',(#2602),#2613,.F.);
#2602 = FACE_BOUND('',#2603,.F.);
#2603 = EDGE_LOOP('',(#2604,#2610,#2611,#2612));
#2604 = ORIENTED_EDGE('',*,*,#2605,.F.);
#2605 = EDGE_CURVE('',#2420,#1380,#2606,.T.);
#2606 = LINE('',#2607,#2608);
#2607 = CARTESIAN_POINT('',(0.,88.5,24.5));
#2608 = VECTOR('',#2609,1.);
#2609 = DIRECTION('',(1.,0.,-0.));
#2610 = ORIENTED_EDGE('',*,*,#2419,.F.);
#2611 = ORIENTED_EDGE('',*,*,#2590,.T.);
#2612 = ORIENTED_EDGE('',*,*,#1379,.F.);
#2613 = PLANE('',#2614);
#2614 = AXIS2_PLACEMENT_3D('',#2615,#2616,#2617);
#2615 = CARTESIAN_POINT('',(0.,46.5,24.5));
#2616 = DIRECTION('',(0.,0.,1.));
#2617 = DIRECTION('',(1.,0.,-0.));
#2618 = ADVANCED_FACE('',(#2619),#2625,.F.);
#2619 = FACE_BOUND('',#2620,.F.);
#2620 = EDGE_LOOP('',(#2621,#2622,#2623,#2624));
#2621 = ORIENTED_EDGE('',*,*,#2566,.F.);
#2622 = ORIENTED_EDGE('',*,*,#2426,.F.);
#2623 = ORIENTED_EDGE('',*,*,#2605,.T.);
#2624 = ORIENTED_EDGE('',*,*,#1387,.F.);
#2625 = PLANE('',#2626);
#2626 = AXIS2_PLACEMENT_3D('',#2627,#2628,#2629);
#2627 = CARTESIAN_POINT('',(0.,88.5,6.));
#2628 = DIRECTION('',(-0.,1.,0.));
#2629 = DIRECTION('',(0.,0.,1.));
#2630 = ADVANCED_FACE('',(#2631,#2653),#2667,.T.);
#2631 = FACE_BOUND('',#2632,.T.);
#2632 = EDGE_LOOP('',(#2633,#2634,#2641,#2648));
#2633 = ORIENTED_EDGE('',*,*,#1410,.F.);
#2634 = ORIENTED_EDGE('',*,*,#2635,.T.);
#2635 = EDGE_CURVE('',#1403,#2636,#2638,.T.);
#2636 = VERTEX_POINT('',#2637);
#2637 = CARTESIAN_POINT('',(-95.12985521971,105.58235712471,-1.5));
#2638 = B_SPLINE_CURVE_WITH_KNOTS('',1,(#2639,#2640),.UNSPECIFIED.,.F.,
  .F.,(2,2),(1.80515,335.),.PIECEWISE_BEZIER_KNOTS.);
#2639 = CARTESIAN_POINT('',(-95.12985521971,97.119191008382,-1.5));
#2640 = CARTESIAN_POINT('',(-95.12985521971,105.58235712471,-1.5));
#2641 = ORIENTED_EDGE('',*,*,#2642,.T.);
#2642 = EDGE_CURVE('',#2636,#2643,#2645,.T.);
#2643 = VERTEX_POINT('',#2644);
#2644 = CARTESIAN_POINT('',(-85.60483616967,105.58235712471,-1.5));
#2645 = B_SPLINE_CURVE_WITH_KNOTS('',1,(#2646,#2647),.UNSPECIFIED.,.F.,
  .F.,(2,2),(0.,375.),.PIECEWISE_BEZIER_KNOTS.);
#2646 = CARTESIAN_POINT('',(-95.12985521971,105.58235712471,-1.5));
#2647 = CARTESIAN_POINT('',(-85.60483616967,105.58235712471,-1.5));
#2648 = ORIENTED_EDGE('',*,*,#2649,.T.);
#2649 = EDGE_CURVE('',#2643,#1411,#2650,.T.);
#2650 = B_SPLINE_CURVE_WITH_KNOTS('',1,(#2651,#2652),.UNSPECIFIED.,.F.,
  .F.,(2,2),(0.,333.19485),.PIECEWISE_BEZIER_KNOTS.);
#2651 = CARTESIAN_POINT('',(-85.60483616967,105.58235712471,-1.5));
#2652 = CARTESIAN_POINT('',(-85.60483616967,97.119191008382,-1.5));
#2653 = FACE_BOUND('',#2654,.T.);
#2654 = EDGE_LOOP('',(#2655));
#2655 = ORIENTED_EDGE('',*,*,#2656,.T.);
#2656 = EDGE_CURVE('',#2657,#2657,#2659,.T.);
#2657 = VERTEX_POINT('',#2658);
#2658 = CARTESIAN_POINT('',(-87.84034036068,101.32784861569,-1.5));
#2659 = ( BOUNDED_CURVE() B_SPLINE_CURVE(2,(#2660,#2661,#2662,#2663,
#2664,#2665,#2666),.UNSPECIFIED.,.T.,.F.) B_SPLINE_CURVE_WITH_KNOTS((1,2
    ,2,2,2,1),(-2.094395102394,0.,2.094395102393,4.188790204786,
6.28318530718,8.377580409573),.UNSPECIFIED.) CURVE() 
GEOMETRIC_REPRESENTATION_ITEM() RATIONAL_B_SPLINE_CURVE((1.,0.5,1.,0.5,
1.,0.5,1.)) REPRESENTATION_ITEM('') );
#2660 = CARTESIAN_POINT('',(-87.84034036068,101.32784861569,-1.5));
#2661 = CARTESIAN_POINT('',(-87.84034036068,105.48477935269,-1.5));
#2662 = CARTESIAN_POINT('',(-91.44034798069,103.40631398419,-1.5));
#2663 = CARTESIAN_POINT('',(-95.04035560071,101.32784861569,-1.5));
#2664 = CARTESIAN_POINT('',(-91.44034798069,99.249383247197,-1.5));
#2665 = CARTESIAN_POINT('',(-87.84034036068,97.170917878696,-1.5));
#2666 = CARTESIAN_POINT('',(-87.84034036068,101.32784861569,-1.5));
#2667 = B_SPLINE_SURFACE_WITH_KNOTS('',1,1,(
    (#2668,#2669)
    ,(#2670,#2671
    )),.UNSPECIFIED.,.F.,.F.,.F.,(2,2),(2,2),(-1.97202755E+03,
    1.97202755E+03),(-2.825E+03,2.8252224E+03),
  .PIECEWISE_BEZIER_KNOTS.);
#2668 = CARTESIAN_POINT('',(3.417006604013,-37.93357886715,-1.5));
#2669 = CARTESIAN_POINT('',(3.417006604013,105.58235712471,-1.5));
#2670 = CARTESIAN_POINT('',(-96.76219329438,-37.93357886715,-1.5));
#2671 = CARTESIAN_POINT('',(-96.76219329438,105.58235712471,-1.5));
#2672 = ADVANCED_FACE('',(#2673),#2709,.T.);
#2673 = FACE_BOUND('',#2674,.T.);
#2674 = EDGE_LOOP('',(#2675,#2676,#2683,#2690,#2697,#2704));
#2675 = ORIENTED_EDGE('',*,*,#2635,.F.);
#2676 = ORIENTED_EDGE('',*,*,#2677,.F.);
#2677 = EDGE_CURVE('',#2678,#1403,#2680,.T.);
#2678 = VERTEX_POINT('',#2679);
#2679 = CARTESIAN_POINT('',(-95.12985521971,97.12,0.));
#2680 = B_SPLINE_CURVE_WITH_KNOTS('',1,(#2681,#2682),.UNSPECIFIED.,.F.,
  .F.,(2,2),(0.,1.),.PIECEWISE_BEZIER_KNOTS.);
#2681 = CARTESIAN_POINT('',(-95.12985521971,97.12,1.5));
#2682 = CARTESIAN_POINT('',(-95.12985521971,97.12,-1.5));
#2683 = ORIENTED_EDGE('',*,*,#2684,.F.);
#2684 = EDGE_CURVE('',#2685,#2678,#2687,.T.);
#2685 = VERTEX_POINT('',#2686);
#2686 = CARTESIAN_POINT('',(-95.12985521971,97.12,1.500000060003));
#2687 = B_SPLINE_CURVE_WITH_KNOTS('',1,(#2688,#2689),.UNSPECIFIED.,.F.,
  .F.,(2,2),(0.,1.),.PIECEWISE_BEZIER_KNOTS.);
#2688 = CARTESIAN_POINT('',(-95.12985521971,97.12,3.));
#2689 = CARTESIAN_POINT('',(-95.12985521971,97.12,0.));
#2690 = ORIENTED_EDGE('',*,*,#2691,.T.);
#2691 = EDGE_CURVE('',#2685,#2692,#2694,.T.);
#2692 = VERTEX_POINT('',#2693);
#2693 = CARTESIAN_POINT('',(-95.12985521971,104.08235712471,
    1.50000508001));
#2694 = B_SPLINE_CURVE_WITH_KNOTS('',1,(#2695,#2696),.UNSPECIFIED.,.F.,
  .F.,(2,2),(1.80515,335.),.PIECEWISE_BEZIER_KNOTS.);
#2695 = CARTESIAN_POINT('',(-95.12985521971,95.619191008382,
    1.50000508001));
#2696 = CARTESIAN_POINT('',(-95.12985521971,104.08235712471,
    1.50000508001));
#2697 = ORIENTED_EDGE('',*,*,#2698,.F.);
#2698 = EDGE_CURVE('',#2699,#2692,#2701,.T.);
#2699 = VERTEX_POINT('',#2700);
#2700 = CARTESIAN_POINT('',(-95.12985521971,105.58235712471,1.5));
#2701 = B_SPLINE_CURVE_WITH_KNOTS('',1,(#2702,#2703),.UNSPECIFIED.,.F.,
  .F.,(2,2),(0.,1.),.PIECEWISE_BEZIER_KNOTS.);
#2702 = CARTESIAN_POINT('',(-95.12985521971,105.58235712471,1.5));
#2703 = CARTESIAN_POINT('',(-95.12985521971,97.12,1.5));
#2704 = ORIENTED_EDGE('',*,*,#2705,.F.);
#2705 = EDGE_CURVE('',#2636,#2699,#2706,.T.);
#2706 = B_SPLINE_CURVE_WITH_KNOTS('',1,(#2707,#2708),.UNSPECIFIED.,.F.,
  .F.,(2,2),(0.,118.1102),.PIECEWISE_BEZIER_KNOTS.);
#2707 = CARTESIAN_POINT('',(-95.12985521971,105.58235712471,-1.5));
#2708 = CARTESIAN_POINT('',(-95.12985521971,105.58235712471,
    1.50000508001));
#2709 = B_SPLINE_SURFACE_WITH_KNOTS('',1,1,(
    (#2710,#2711)
    ,(#2712,#2713
  )),.UNSPECIFIED.,.F.,.F.,.F.,(2,2),(2,2),(1.80515,335.),(-118.1102,0.)
  ,.PIECEWISE_BEZIER_KNOTS.);
#2710 = CARTESIAN_POINT('',(-95.12985521971,97.119191008382,
    1.50000508001));
#2711 = CARTESIAN_POINT('',(-95.12985521971,97.119191008382,-1.5));
#2712 = CARTESIAN_POINT('',(-95.12985521971,105.58235712471,
    1.50000508001));
#2713 = CARTESIAN_POINT('',(-95.12985521971,105.58235712471,-1.5));
#2714 = ADVANCED_FACE('',(#2715),#2751,.T.);
#2715 = FACE_BOUND('',#2716,.T.);
#2716 = EDGE_LOOP('',(#2717,#2718,#2725,#2732,#2739,#2746));
#2717 = ORIENTED_EDGE('',*,*,#2649,.F.);
#2718 = ORIENTED_EDGE('',*,*,#2719,.T.);
#2719 = EDGE_CURVE('',#2643,#2720,#2722,.T.);
#2720 = VERTEX_POINT('',#2721);
#2721 = CARTESIAN_POINT('',(-85.60483616967,105.58235712471,1.5));
#2722 = B_SPLINE_CURVE_WITH_KNOTS('',1,(#2723,#2724),.UNSPECIFIED.,.F.,
  .F.,(2,2),(0.,118.1102),.PIECEWISE_BEZIER_KNOTS.);
#2723 = CARTESIAN_POINT('',(-85.60483616967,105.58235712471,-1.5));
#2724 = CARTESIAN_POINT('',(-85.60483616967,105.58235712471,
    1.50000508001));
#2725 = ORIENTED_EDGE('',*,*,#2726,.F.);
#2726 = EDGE_CURVE('',#2727,#2720,#2729,.T.);
#2727 = VERTEX_POINT('',#2728);
#2728 = CARTESIAN_POINT('',(-85.60483616967,104.08235712471,
    1.50000508001));
#2729 = B_SPLINE_CURVE_WITH_KNOTS('',1,(#2730,#2731),.UNSPECIFIED.,.F.,
  .F.,(2,2),(0.,1.),.PIECEWISE_BEZIER_KNOTS.);
#2730 = CARTESIAN_POINT('',(-85.60483616967,97.12,1.5));
#2731 = CARTESIAN_POINT('',(-85.60483616967,105.58235712471,1.5));
#2732 = ORIENTED_EDGE('',*,*,#2733,.T.);
#2733 = EDGE_CURVE('',#2727,#2734,#2736,.T.);
#2734 = VERTEX_POINT('',#2735);
#2735 = CARTESIAN_POINT('',(-85.60483616967,97.12,1.500000090005));
#2736 = B_SPLINE_CURVE_WITH_KNOTS('',1,(#2737,#2738),.UNSPECIFIED.,.F.,
  .F.,(2,2),(0.,333.19485),.PIECEWISE_BEZIER_KNOTS.);
#2737 = CARTESIAN_POINT('',(-85.60483616967,104.08235712471,
    1.50000508001));
#2738 = CARTESIAN_POINT('',(-85.60483616967,95.619191008382,
    1.50000508001));
#2739 = ORIENTED_EDGE('',*,*,#2740,.T.);
#2740 = EDGE_CURVE('',#2734,#2741,#2743,.T.);
#2741 = VERTEX_POINT('',#2742);
#2742 = CARTESIAN_POINT('',(-85.60483616967,97.12,0.));
#2743 = B_SPLINE_CURVE_WITH_KNOTS('',1,(#2744,#2745),.UNSPECIFIED.,.F.,
  .F.,(2,2),(0.,1.),.PIECEWISE_BEZIER_KNOTS.);
#2744 = CARTESIAN_POINT('',(-85.60483616967,97.12,3.));
#2745 = CARTESIAN_POINT('',(-85.60483616967,97.12,0.));
#2746 = ORIENTED_EDGE('',*,*,#2747,.T.);
#2747 = EDGE_CURVE('',#2741,#1411,#2748,.T.);
#2748 = B_SPLINE_CURVE_WITH_KNOTS('',1,(#2749,#2750),.UNSPECIFIED.,.F.,
  .F.,(2,2),(0.,1.),.PIECEWISE_BEZIER_KNOTS.);
#2749 = CARTESIAN_POINT('',(-85.60483616967,97.12,1.5));
#2750 = CARTESIAN_POINT('',(-85.60483616967,97.12,-1.5));
#2751 = B_SPLINE_SURFACE_WITH_KNOTS('',1,1,(
    (#2752,#2753)
    ,(#2754,#2755
  )),.UNSPECIFIED.,.F.,.F.,.F.,(2,2),(2,2),(0.,333.19485),(-118.1102,0.)
  ,.PIECEWISE_BEZIER_KNOTS.);
#2752 = CARTESIAN_POINT('',(-85.60483616967,105.58235712471,
    1.50000508001));
#2753 = CARTESIAN_POINT('',(-85.60483616967,105.58235712471,-1.5));
#2754 = CARTESIAN_POINT('',(-85.60483616967,97.119191008382,
    1.50000508001));
#2755 = CARTESIAN_POINT('',(-85.60483616967,97.119191008382,-1.5));
#2756 = ADVANCED_FACE('',(#2757,#2779),#2793,.T.);
#2757 = FACE_BOUND('',#2758,.T.);
#2758 = EDGE_LOOP('',(#2759,#2760,#2767,#2774));
#2759 = ORIENTED_EDGE('',*,*,#1426,.F.);
#2760 = ORIENTED_EDGE('',*,*,#2761,.T.);
#2761 = EDGE_CURVE('',#1419,#2762,#2764,.T.);
#2762 = VERTEX_POINT('',#2763);
#2763 = CARTESIAN_POINT('',(-8.572517145034,105.44970789941,-1.5));
#2764 = B_SPLINE_CURVE_WITH_KNOTS('',1,(#2765,#2766),.UNSPECIFIED.,.F.,
  .F.,(2,2),(7.02755,335.),.PIECEWISE_BEZIER_KNOTS.);
#2765 = CARTESIAN_POINT('',(-8.572517145034,97.119191008382,-1.5));
#2766 = CARTESIAN_POINT('',(-8.572517145034,105.44970789941,-1.5));
#2767 = ORIENTED_EDGE('',*,*,#2768,.T.);
#2768 = EDGE_CURVE('',#2762,#2769,#2771,.T.);
#2769 = VERTEX_POINT('',#2770);
#2770 = CARTESIAN_POINT('',(0.952501905004,105.44970789941,-1.5));
#2771 = B_SPLINE_CURVE_WITH_KNOTS('',1,(#2772,#2773),.UNSPECIFIED.,.F.,
  .F.,(2,2),(0.,375.),.PIECEWISE_BEZIER_KNOTS.);
#2772 = CARTESIAN_POINT('',(-8.572517145034,105.44970789941,-1.5));
#2773 = CARTESIAN_POINT('',(0.952501905004,105.44970789941,-1.5));
#2774 = ORIENTED_EDGE('',*,*,#2775,.T.);
#2775 = EDGE_CURVE('',#2769,#1427,#2776,.T.);
#2776 = B_SPLINE_CURVE_WITH_KNOTS('',1,(#2777,#2778),.UNSPECIFIED.,.F.,
  .F.,(2,2),(0.,327.97245),.PIECEWISE_BEZIER_KNOTS.);
#2777 = CARTESIAN_POINT('',(0.952501905004,105.44970789941,-1.5));
#2778 = CARTESIAN_POINT('',(0.952501905004,97.119191008382,-1.5));
#2779 = FACE_BOUND('',#2780,.T.);
#2780 = EDGE_LOOP('',(#2781));
#2781 = ORIENTED_EDGE('',*,*,#2782,.T.);
#2782 = EDGE_CURVE('',#2783,#2783,#2785,.T.);
#2783 = VERTEX_POINT('',#2784);
#2784 = CARTESIAN_POINT('',(-1.283002286005,101.19519939039,-1.5));
#2785 = ( BOUNDED_CURVE() B_SPLINE_CURVE(2,(#2786,#2787,#2788,#2789,
#2790,#2791,#2792),.UNSPECIFIED.,.T.,.F.) B_SPLINE_CURVE_WITH_KNOTS((1,2
    ,2,2,2,1),(-2.094395102394,0.,2.094395102393,4.188790204786,
6.28318530718,8.377580409573),.UNSPECIFIED.) CURVE() 
GEOMETRIC_REPRESENTATION_ITEM() RATIONAL_B_SPLINE_CURVE((1.,0.5,1.,0.5,
1.,0.5,1.)) REPRESENTATION_ITEM('') );
#2786 = CARTESIAN_POINT('',(-1.283002286005,101.19519939039,-1.5));
#2787 = CARTESIAN_POINT('',(-1.283002286005,105.3521301274,-1.5));
#2788 = CARTESIAN_POINT('',(-4.88300990602,103.27366475889,-1.5));
#2789 = CARTESIAN_POINT('',(-8.483017526035,101.19519939039,-1.5));
#2790 = CARTESIAN_POINT('',(-4.88300990602,99.116734021898,-1.5));
#2791 = CARTESIAN_POINT('',(-1.283002286005,97.038268653398,-1.5));
#2792 = CARTESIAN_POINT('',(-1.283002286005,101.19519939039,-1.5));
#2793 = B_SPLINE_SURFACE_WITH_KNOTS('',1,1,(
    (#2794,#2795)
    ,(#2796,#2797
    )),.UNSPECIFIED.,.F.,.F.,.F.,(2,2),(2,2),(-1.97202755E+03,
    1.97202755E+03),(-2.825E+03,2.8252224E+03),
  .PIECEWISE_BEZIER_KNOTS.);
#2794 = CARTESIAN_POINT('',(3.417006604013,-37.93357886715,-1.5));
#2795 = CARTESIAN_POINT('',(3.417006604013,105.58235712471,-1.5));
#2796 = CARTESIAN_POINT('',(-96.76219329438,-37.93357886715,-1.5));
#2797 = CARTESIAN_POINT('',(-96.76219329438,105.58235712471,-1.5));
#2798 = ADVANCED_FACE('',(#2799),#2835,.T.);
#2799 = FACE_BOUND('',#2800,.T.);
#2800 = EDGE_LOOP('',(#2801,#2802,#2809,#2816,#2823,#2830));
#2801 = ORIENTED_EDGE('',*,*,#2761,.F.);
#2802 = ORIENTED_EDGE('',*,*,#2803,.F.);
#2803 = EDGE_CURVE('',#2804,#1419,#2806,.T.);
#2804 = VERTEX_POINT('',#2805);
#2805 = CARTESIAN_POINT('',(-8.572517145034,97.12,0.));
#2806 = B_SPLINE_CURVE_WITH_KNOTS('',1,(#2807,#2808),.UNSPECIFIED.,.F.,
  .F.,(2,2),(0.,1.),.PIECEWISE_BEZIER_KNOTS.);
#2807 = CARTESIAN_POINT('',(-8.572517145034,97.12,1.5));
#2808 = CARTESIAN_POINT('',(-8.572517145034,97.12,-1.5));
#2809 = ORIENTED_EDGE('',*,*,#2810,.F.);
#2810 = EDGE_CURVE('',#2811,#2804,#2813,.T.);
#2811 = VERTEX_POINT('',#2812);
#2812 = CARTESIAN_POINT('',(-8.572517145034,97.12,1.500000090005));
#2813 = B_SPLINE_CURVE_WITH_KNOTS('',1,(#2814,#2815),.UNSPECIFIED.,.F.,
  .F.,(2,2),(0.,1.),.PIECEWISE_BEZIER_KNOTS.);
#2814 = CARTESIAN_POINT('',(-8.572517145034,97.12,3.));
#2815 = CARTESIAN_POINT('',(-8.572517145034,97.12,0.));
#2816 = ORIENTED_EDGE('',*,*,#2817,.T.);
#2817 = EDGE_CURVE('',#2811,#2818,#2820,.T.);
#2818 = VERTEX_POINT('',#2819);
#2819 = CARTESIAN_POINT('',(-8.572517145034,103.94970789941,
    1.50000508001));
#2820 = B_SPLINE_CURVE_WITH_KNOTS('',1,(#2821,#2822),.UNSPECIFIED.,.F.,
  .F.,(2,2),(7.02755,335.),.PIECEWISE_BEZIER_KNOTS.);
#2821 = CARTESIAN_POINT('',(-8.572517145034,95.619191008382,
    1.50000508001));
#2822 = CARTESIAN_POINT('',(-8.572517145034,103.94970789941,
    1.50000508001));
#2823 = ORIENTED_EDGE('',*,*,#2824,.F.);
#2824 = EDGE_CURVE('',#2825,#2818,#2827,.T.);
#2825 = VERTEX_POINT('',#2826);
#2826 = CARTESIAN_POINT('',(-8.572517145034,105.44970789941,1.5));
#2827 = B_SPLINE_CURVE_WITH_KNOTS('',1,(#2828,#2829),.UNSPECIFIED.,.F.,
  .F.,(2,2),(0.,1.),.PIECEWISE_BEZIER_KNOTS.);
#2828 = CARTESIAN_POINT('',(-8.572517145034,105.44970789941,1.5));
#2829 = CARTESIAN_POINT('',(-8.572517145034,97.12,1.5));
#2830 = ORIENTED_EDGE('',*,*,#2831,.F.);
#2831 = EDGE_CURVE('',#2762,#2825,#2832,.T.);
#2832 = B_SPLINE_CURVE_WITH_KNOTS('',1,(#2833,#2834),.UNSPECIFIED.,.F.,
  .F.,(2,2),(0.,118.1102),.PIECEWISE_BEZIER_KNOTS.);
#2833 = CARTESIAN_POINT('',(-8.572517145034,105.44970789941,-1.5));
#2834 = CARTESIAN_POINT('',(-8.572517145034,105.44970789941,
    1.50000508001));
#2835 = B_SPLINE_SURFACE_WITH_KNOTS('',1,1,(
    (#2836,#2837)
    ,(#2838,#2839
  )),.UNSPECIFIED.,.F.,.F.,.F.,(2,2),(2,2),(7.02755,335.),(-118.1102,0.)
  ,.PIECEWISE_BEZIER_KNOTS.);
#2836 = CARTESIAN_POINT('',(-8.572517145034,97.119191008382,
    1.50000508001));
#2837 = CARTESIAN_POINT('',(-8.572517145034,97.119191008382,-1.5));
#2838 = CARTESIAN_POINT('',(-8.572517145034,105.44970789941,
    1.50000508001));
#2839 = CARTESIAN_POINT('',(-8.572517145034,105.44970789941,-1.5));
#2840 = ADVANCED_FACE('',(#2841),#2877,.T.);
#2841 = FACE_BOUND('',#2842,.T.);
#2842 = EDGE_LOOP('',(#2843,#2844,#2851,#2858,#2865,#2872));
#2843 = ORIENTED_EDGE('',*,*,#2775,.F.);
#2844 = ORIENTED_EDGE('',*,*,#2845,.T.);
#2845 = EDGE_CURVE('',#2769,#2846,#2848,.T.);
#2846 = VERTEX_POINT('',#2847);
#2847 = CARTESIAN_POINT('',(0.952501905004,105.44970789941,1.5));
#2848 = B_SPLINE_CURVE_WITH_KNOTS('',1,(#2849,#2850),.UNSPECIFIED.,.F.,
  .F.,(2,2),(0.,118.1102),.PIECEWISE_BEZIER_KNOTS.);
#2849 = CARTESIAN_POINT('',(0.952501905004,105.44970789941,-1.5));
#2850 = CARTESIAN_POINT('',(0.952501905004,105.44970789941,1.50000508001
    ));
#2851 = ORIENTED_EDGE('',*,*,#2852,.F.);
#2852 = EDGE_CURVE('',#2853,#2846,#2855,.T.);
#2853 = VERTEX_POINT('',#2854);
#2854 = CARTESIAN_POINT('',(0.952501905004,103.94970789941,1.50000508001
    ));
#2855 = B_SPLINE_CURVE_WITH_KNOTS('',1,(#2856,#2857),.UNSPECIFIED.,.F.,
  .F.,(2,2),(0.,1.),.PIECEWISE_BEZIER_KNOTS.);
#2856 = CARTESIAN_POINT('',(0.952501905004,97.12,1.5));
#2857 = CARTESIAN_POINT('',(0.952501905004,105.44970789941,1.5));
#2858 = ORIENTED_EDGE('',*,*,#2859,.T.);
#2859 = EDGE_CURVE('',#2853,#2860,#2862,.T.);
#2860 = VERTEX_POINT('',#2861);
#2861 = CARTESIAN_POINT('',(0.952501905004,97.12,1.500000090005));
#2862 = B_SPLINE_CURVE_WITH_KNOTS('',1,(#2863,#2864),.UNSPECIFIED.,.F.,
  .F.,(2,2),(0.,327.97245),.PIECEWISE_BEZIER_KNOTS.);
#2863 = CARTESIAN_POINT('',(0.952501905004,103.94970789941,1.50000508001
    ));
#2864 = CARTESIAN_POINT('',(0.952501905004,95.619191008382,1.50000508001
    ));
#2865 = ORIENTED_EDGE('',*,*,#2866,.T.);
#2866 = EDGE_CURVE('',#2860,#2867,#2869,.T.);
#2867 = VERTEX_POINT('',#2868);
#2868 = CARTESIAN_POINT('',(0.952501905004,97.12,0.));
#2869 = B_SPLINE_CURVE_WITH_KNOTS('',1,(#2870,#2871),.UNSPECIFIED.,.F.,
  .F.,(2,2),(0.,1.),.PIECEWISE_BEZIER_KNOTS.);
#2870 = CARTESIAN_POINT('',(0.952501905004,97.12,3.));
#2871 = CARTESIAN_POINT('',(0.952501905004,97.12,0.));
#2872 = ORIENTED_EDGE('',*,*,#2873,.T.);
#2873 = EDGE_CURVE('',#2867,#1427,#2874,.T.);
#2874 = B_SPLINE_CURVE_WITH_KNOTS('',1,(#2875,#2876),.UNSPECIFIED.,.F.,
  .F.,(2,2),(0.,1.),.PIECEWISE_BEZIER_KNOTS.);
#2875 = CARTESIAN_POINT('',(0.952501905004,97.12,1.5));
#2876 = CARTESIAN_POINT('',(0.952501905004,97.12,-1.5));
#2877 = B_SPLINE_SURFACE_WITH_KNOTS('',1,1,(
    (#2878,#2879)
    ,(#2880,#2881
  )),.UNSPECIFIED.,.F.,.F.,.F.,(2,2),(2,2),(0.,327.97245),(-118.1102,0.)
  ,.PIECEWISE_BEZIER_KNOTS.);
#2878 = CARTESIAN_POINT('',(0.952501905004,105.44970789941,1.50000508001
    ));
#2879 = CARTESIAN_POINT('',(0.952501905004,105.44970789941,-1.5));
#2880 = CARTESIAN_POINT('',(0.952501905004,97.119191008382,1.50000508001
    ));
#2881 = CARTESIAN_POINT('',(0.952501905004,97.119191008382,-1.5));
#2882 = ADVANCED_FACE('',(#2883),#2919,.T.);
#2883 = FACE_BOUND('',#2884,.T.);
#2884 = EDGE_LOOP('',(#2885,#2886,#2893,#2900,#2907,#2914));
#2885 = ORIENTED_EDGE('',*,*,#173,.F.);
#2886 = ORIENTED_EDGE('',*,*,#2887,.F.);
#2887 = EDGE_CURVE('',#2888,#166,#2890,.T.);
#2888 = VERTEX_POINT('',#2889);
#2889 = CARTESIAN_POINT('',(-85.40767081534,-32.48,0.));
#2890 = B_SPLINE_CURVE_WITH_KNOTS('',1,(#2891,#2892),.UNSPECIFIED.,.F.,
  .F.,(2,2),(0.,1.),.PIECEWISE_BEZIER_KNOTS.);
#2891 = CARTESIAN_POINT('',(-85.40767081534,-32.48,1.5));
#2892 = CARTESIAN_POINT('',(-85.40767081534,-32.48,-1.5));
#2893 = ORIENTED_EDGE('',*,*,#2894,.F.);
#2894 = EDGE_CURVE('',#2895,#2888,#2897,.T.);
#2895 = VERTEX_POINT('',#2896);
#2896 = CARTESIAN_POINT('',(-85.40767081534,-32.48,1.500000090005));
#2897 = B_SPLINE_CURVE_WITH_KNOTS('',1,(#2898,#2899),.UNSPECIFIED.,.F.,
  .F.,(2,2),(0.,1.),.PIECEWISE_BEZIER_KNOTS.);
#2898 = CARTESIAN_POINT('',(-85.40767081534,-32.48,3.));
#2899 = CARTESIAN_POINT('',(-85.40767081534,-32.48,0.));
#2900 = ORIENTED_EDGE('',*,*,#2901,.T.);
#2901 = EDGE_CURVE('',#2895,#2902,#2904,.T.);
#2902 = VERTEX_POINT('',#2903);
#2903 = CARTESIAN_POINT('',(-85.40767081534,-39.43357886715,
    1.500005080009));
#2904 = B_SPLINE_CURVE_WITH_KNOTS('',1,(#2905,#2906),.UNSPECIFIED.,.F.,
  .F.,(2,2),(2.02755,335.),.PIECEWISE_BEZIER_KNOTS.);
#2905 = CARTESIAN_POINT('',(-85.40767081534,-30.97606172212,
    1.50000508001));
#2906 = CARTESIAN_POINT('',(-85.40767081534,-39.43357886715,
    1.50000508001));
#2907 = ORIENTED_EDGE('',*,*,#2908,.F.);
#2908 = EDGE_CURVE('',#2909,#2902,#2911,.T.);
#2909 = VERTEX_POINT('',#2910);
#2910 = CARTESIAN_POINT('',(-85.40767081534,-40.93357886715,1.5));
#2911 = B_SPLINE_CURVE_WITH_KNOTS('',1,(#2912,#2913),.UNSPECIFIED.,.F.,
  .F.,(2,2),(0.,1.),.PIECEWISE_BEZIER_KNOTS.);
#2912 = CARTESIAN_POINT('',(-85.40767081534,-40.93357886715,1.5));
#2913 = CARTESIAN_POINT('',(-85.40767081534,-32.48,1.5));
#2914 = ORIENTED_EDGE('',*,*,#2915,.F.);
#2915 = EDGE_CURVE('',#174,#2909,#2916,.T.);
#2916 = B_SPLINE_CURVE_WITH_KNOTS('',1,(#2917,#2918),.UNSPECIFIED.,.F.,
  .F.,(2,2),(0.,118.1102),.PIECEWISE_BEZIER_KNOTS.);
#2917 = CARTESIAN_POINT('',(-85.40767081534,-40.93357886715,-1.5));
#2918 = CARTESIAN_POINT('',(-85.40767081534,-40.93357886715,
    1.50000508001));
#2919 = B_SPLINE_SURFACE_WITH_KNOTS('',1,1,(
    (#2920,#2921)
    ,(#2922,#2923
  )),.UNSPECIFIED.,.F.,.F.,.F.,(2,2),(2,2),(2.02755,335.),(-118.1102,0.)
  ,.PIECEWISE_BEZIER_KNOTS.);
#2920 = CARTESIAN_POINT('',(-85.40767081534,-32.47606172212,
    1.50000508001));
#2921 = CARTESIAN_POINT('',(-85.40767081534,-32.47606172212,-1.5));
#2922 = CARTESIAN_POINT('',(-85.40767081534,-40.93357886715,
    1.50000508001));
#2923 = CARTESIAN_POINT('',(-85.40767081534,-40.93357886715,-1.5));
#2924 = ADVANCED_FACE('',(#2925),#2961,.T.);
#2925 = FACE_BOUND('',#2926,.T.);
#2926 = EDGE_LOOP('',(#2927,#2928,#2935,#2942,#2949,#2956));
#2927 = ORIENTED_EDGE('',*,*,#80,.F.);
#2928 = ORIENTED_EDGE('',*,*,#2929,.F.);
#2929 = EDGE_CURVE('',#2930,#73,#2932,.T.);
#2930 = VERTEX_POINT('',#2931);
#2931 = CARTESIAN_POINT('',(1.587503175006,-32.48,0.));
#2932 = B_SPLINE_CURVE_WITH_KNOTS('',1,(#2933,#2934),.UNSPECIFIED.,.F.,
  .F.,(2,2),(0.,1.),.PIECEWISE_BEZIER_KNOTS.);
#2933 = CARTESIAN_POINT('',(1.587503175006,-32.48,1.5));
#2934 = CARTESIAN_POINT('',(1.587503175006,-32.48,-1.5));
#2935 = ORIENTED_EDGE('',*,*,#2936,.F.);
#2936 = EDGE_CURVE('',#2937,#2930,#2939,.T.);
#2937 = VERTEX_POINT('',#2938);
#2938 = CARTESIAN_POINT('',(1.587503175006,-32.48,1.500000090005));
#2939 = B_SPLINE_CURVE_WITH_KNOTS('',1,(#2940,#2941),.UNSPECIFIED.,.F.,
  .F.,(2,2),(0.,1.),.PIECEWISE_BEZIER_KNOTS.);
#2940 = CARTESIAN_POINT('',(1.587503175006,-32.48,3.));
#2941 = CARTESIAN_POINT('',(1.587503175006,-32.48,0.));
#2942 = ORIENTED_EDGE('',*,*,#2943,.T.);
#2943 = EDGE_CURVE('',#2937,#2944,#2946,.T.);
#2944 = VERTEX_POINT('',#2945);
#2945 = CARTESIAN_POINT('',(1.587503175006,-39.43357886715,
    1.500005080009));
#2946 = B_SPLINE_CURVE_WITH_KNOTS('',1,(#2947,#2948),.UNSPECIFIED.,.F.,
  .F.,(2,2),(2.02755,335.),.PIECEWISE_BEZIER_KNOTS.);
#2947 = CARTESIAN_POINT('',(1.587503175006,-30.97606172212,1.50000508001
    ));
#2948 = CARTESIAN_POINT('',(1.587503175006,-39.43357886715,1.50000508001
    ));
#2949 = ORIENTED_EDGE('',*,*,#2950,.F.);
#2950 = EDGE_CURVE('',#2951,#2944,#2953,.T.);
#2951 = VERTEX_POINT('',#2952);
#2952 = CARTESIAN_POINT('',(1.587503175006,-40.93357886715,1.5));
#2953 = B_SPLINE_CURVE_WITH_KNOTS('',1,(#2954,#2955),.UNSPECIFIED.,.F.,
  .F.,(2,2),(0.,1.),.PIECEWISE_BEZIER_KNOTS.);
#2954 = CARTESIAN_POINT('',(1.587503175006,-40.93357886715,1.5));
#2955 = CARTESIAN_POINT('',(1.587503175006,-32.48,1.5));
#2956 = ORIENTED_EDGE('',*,*,#2957,.F.);
#2957 = EDGE_CURVE('',#81,#2951,#2958,.T.);
#2958 = B_SPLINE_CURVE_WITH_KNOTS('',1,(#2959,#2960),.UNSPECIFIED.,.F.,
  .F.,(2,2),(0.,118.1102),.PIECEWISE_BEZIER_KNOTS.);
#2959 = CARTESIAN_POINT('',(1.587503175006,-40.93357886715,-1.5));
#2960 = CARTESIAN_POINT('',(1.587503175006,-40.93357886715,1.50000508001
    ));
#2961 = B_SPLINE_SURFACE_WITH_KNOTS('',1,1,(
    (#2962,#2963)
    ,(#2964,#2965
  )),.UNSPECIFIED.,.F.,.F.,.F.,(2,2),(2,2),(2.02755,335.),(-118.1102,0.)
  ,.PIECEWISE_BEZIER_KNOTS.);
#2962 = CARTESIAN_POINT('',(1.587503175006,-32.47606172212,1.50000508001
    ));
#2963 = CARTESIAN_POINT('',(1.587503175006,-32.47606172212,-1.5));
#2964 = CARTESIAN_POINT('',(1.587503175006,-40.93357886715,1.50000508001
    ));
#2965 = CARTESIAN_POINT('',(1.587503175006,-40.93357886715,-1.5));
#2966 = ADVANCED_FACE('',(#2967,#2982),#3286,.F.);
#2967 = FACE_BOUND('',#2968,.F.);
#2968 = EDGE_LOOP('',(#2969,#2970,#2975,#2976));
#2969 = ORIENTED_EDGE('',*,*,#2943,.T.);
#2970 = ORIENTED_EDGE('',*,*,#2971,.T.);
#2971 = EDGE_CURVE('',#2944,#38,#2972,.T.);
#2972 = B_SPLINE_CURVE_WITH_KNOTS('',1,(#2973,#2974),.UNSPECIFIED.,.F.,
  .F.,(2,2),(0.,375.),.PIECEWISE_BEZIER_KNOTS.);
#2973 = CARTESIAN_POINT('',(1.587503175006,-39.43357886715,1.50000508001
    ));
#2974 = CARTESIAN_POINT('',(-7.937515875032,-39.43357886715,
    1.50000508001));
#2975 = ORIENTED_EDGE('',*,*,#44,.T.);
#2976 = ORIENTED_EDGE('',*,*,#2977,.F.);
#2977 = EDGE_CURVE('',#2937,#45,#2978,.T.);
#2978 = LINE('',#2979,#2980);
#2979 = CARTESIAN_POINT('',(-98.01219329438,-32.48,1.5));
#2980 = VECTOR('',#2981,1.);
#2981 = DIRECTION('',(-1.,-0.,0.));
#2982 = FACE_BOUND('',#2983,.F.);
#2983 = EDGE_LOOP('',(#2984,#2998,#3010,#3149));
#2984 = ORIENTED_EDGE('',*,*,#2985,.T.);
#2985 = EDGE_CURVE('',#2986,#2988,#2990,.T.);
#2986 = VERTEX_POINT('',#2987);
#2987 = CARTESIAN_POINT('',(-0.768198130403,-35.92907037409,
    1.500002539977));
#2988 = VERTEX_POINT('',#2989);
#2989 = CARTESIAN_POINT('',(-0.648001016002,-35.17907035814,
    1.50000508001));
#2990 = ( BOUNDED_CURVE() B_SPLINE_CURVE(2,(#2991,#2992,#2993,#2994,
#2995,#2996,#2997),.UNSPECIFIED.,.T.,.F.) B_SPLINE_CURVE_WITH_KNOTS((1,2
    ,2,2,2,1),(-2.094395102394,0.,2.094395102393,4.188790204786,
6.28318530718,8.377580409573),.UNSPECIFIED.) CURVE() 
GEOMETRIC_REPRESENTATION_ITEM() RATIONAL_B_SPLINE_CURVE((1.,0.5,1.,0.5,
1.,0.5,1.)) REPRESENTATION_ITEM('') );
#2991 = CARTESIAN_POINT('',(-0.648001016002,-35.17907035814,
    1.50000508001));
#2992 = CARTESIAN_POINT('',(-0.648001016002,-31.02213962114,
    1.50000508001));
#2993 = CARTESIAN_POINT('',(-4.248008636017,-33.10060498964,
    1.50000508001));
#2994 = CARTESIAN_POINT('',(-7.848016256033,-35.17907035814,
    1.50000508001));
#2995 = CARTESIAN_POINT('',(-4.248008636017,-37.25753572664,
    1.50000508001));
#2996 = CARTESIAN_POINT('',(-0.648001016002,-39.33600109514,
    1.50000508001));
#2997 = CARTESIAN_POINT('',(-0.648001016002,-35.17907035814,
    1.50000508001));
#2998 = ORIENTED_EDGE('',*,*,#2999,.T.);
#2999 = EDGE_CURVE('',#2988,#3000,#3002,.T.);
#3000 = VERTEX_POINT('',#3001);
#3001 = CARTESIAN_POINT('',(-5.327814066271,-35.92907036003,
    1.500002540005));
#3002 = ( BOUNDED_CURVE() B_SPLINE_CURVE(2,(#3003,#3004,#3005,#3006,
#3007,#3008,#3009),.UNSPECIFIED.,.T.,.F.) B_SPLINE_CURVE_WITH_KNOTS((1,2
    ,2,2,2,1),(-2.094395102394,0.,2.094395102393,4.188790204786,
6.28318530718,8.377580409573),.UNSPECIFIED.) CURVE() 
GEOMETRIC_REPRESENTATION_ITEM() RATIONAL_B_SPLINE_CURVE((1.,0.5,1.,0.5,
1.,0.5,1.)) REPRESENTATION_ITEM('') );
#3003 = CARTESIAN_POINT('',(-0.648001016002,-35.17907035814,
    1.50000508001));
#3004 = CARTESIAN_POINT('',(-0.648001016002,-31.02213962114,
    1.50000508001));
#3005 = CARTESIAN_POINT('',(-4.248008636017,-33.10060498964,
    1.50000508001));
#3006 = CARTESIAN_POINT('',(-7.848016256033,-35.17907035814,
    1.50000508001));
#3007 = CARTESIAN_POINT('',(-4.248008636017,-37.25753572664,
    1.50000508001));
#3008 = CARTESIAN_POINT('',(-0.648001016002,-39.33600109514,
    1.50000508001));
#3009 = CARTESIAN_POINT('',(-0.648001016002,-35.17907035814,
    1.50000508001));
#3010 = ORIENTED_EDGE('',*,*,#3011,.F.);
#3011 = EDGE_CURVE('',#3012,#3000,#3014,.T.);
#3012 = VERTEX_POINT('',#3013);
#3013 = CARTESIAN_POINT('',(-0.648001016002,-36.67907035814,1.5));
#3014 = B_SPLINE_CURVE_WITH_KNOTS('',5,(#3015,#3016,#3017,#3018,#3019,
    #3020,#3021,#3022,#3023,#3024,#3025,#3026,#3027,#3028,#3029,#3030,
    #3031,#3032,#3033,#3034,#3035,#3036,#3037,#3038,#3039,#3040,#3041,
    #3042,#3043,#3044,#3045,#3046,#3047,#3048,#3049,#3050,#3051,#3052,
    #3053,#3054,#3055,#3056,#3057,#3058,#3059,#3060,#3061,#3062,#3063,
    #3064,#3065,#3066,#3067,#3068,#3069,#3070,#3071,#3072,#3073,#3074,
    #3075,#3076,#3077,#3078,#3079,#3080,#3081,#3082,#3083,#3084,#3085,
    #3086,#3087,#3088,#3089,#3090,#3091,#3092,#3093,#3094,#3095,#3096,
    #3097,#3098,#3099,#3100,#3101,#3102,#3103,#3104,#3105,#3106,#3107,
    #3108,#3109,#3110,#3111,#3112,#3113,#3114,#3115,#3116,#3117,#3118,
    #3119,#3120,#3121,#3122,#3123,#3124,#3125,#3126,#3127,#3128,#3129,
    #3130,#3131,#3132,#3133,#3134,#3135,#3136,#3137,#3138,#3139,#3140,
    #3141,#3142,#3143,#3144,#3145,#3146,#3147,#3148),.UNSPECIFIED.,.T.,
  .F.,(1,5,4,4,4,4,4,4,4,4,4,4,4,4,4,4,4,4,4,4,4,4,4,4,4,4,4,4,4,4,4,4,4
    ,4,5,1),(-4.804752E-02,0.,4.715870798069E-02,8.0804391989E-02,
    0.105667032318,0.123706256764,0.166954630089,0.216587564542,
    0.237626991584,0.266147690298,0.305421423566,0.332899806481,
    0.339728799835,0.360795194315,0.399370915715,0.427380462259,
    0.446996562307,0.496766345683,0.546536129059,0.566152229107,
    0.594161775651,0.632737497051,0.646910086703,0.65386824611,
    0.660825947217,0.68882222212,0.728836157307,0.757894392797,
    0.779330355207,0.829898734046,0.87396222033,0.892341434572,
    0.917672667331,0.95195248,1.,1.047158707981),.UNSPECIFIED.);
#3015 = CARTESIAN_POINT('',(-0.648001016002,-36.67907035814,1.5));
#3016 = CARTESIAN_POINT('',(-0.648001016002,-36.81679892789,1.5));
#3017 = CARTESIAN_POINT('',(-0.657881116719,-36.95568703717,1.5));
#3018 = CARTESIAN_POINT('',(-0.677971777376,-37.09457196633,1.5));
#3019 = CARTESIAN_POINT('',(-0.70835853513,-37.23227646338,1.5));
#3020 = CARTESIAN_POINT('',(-0.777815818391,-37.46419596495,1.5));
#3021 = CARTESIAN_POINT('',(-0.811904107523,-37.55956963387,1.5));
#3022 = CARTESIAN_POINT('',(-0.851106580144,-37.65332607649,1.5));
#3023 = CARTESIAN_POINT('',(-0.895315195389,-37.74505804352,1.5));
#3024 = CARTESIAN_POINT('',(-0.980614157142,-37.90037494566,1.5));
#3025 = CARTESIAN_POINT('',(-1.019506348387,-37.96505719874,1.5));
#3026 = CARTESIAN_POINT('',(-1.060978190206,-38.02826375006,1.5));
#3027 = CARTESIAN_POINT('',(-1.104949887174,-38.08984519013,1.5));
#3028 = CARTESIAN_POINT('',(-1.184976656779,-38.19305894536,1.5));
#3029 = CARTESIAN_POINT('',(-1.219892565902,-38.23552801379,1.5));
#3030 = CARTESIAN_POINT('',(-1.256039122511,-38.27701324038,1.5));
#3031 = CARTESIAN_POINT('',(-1.293376925993,-38.31746340404,1.5));
#3032 = CARTESIAN_POINT('',(-1.424132154766,-38.45121001876,1.5));
#3033 = CARTESIAN_POINT('',(-1.52300413297,-38.53936417189,1.5));
#3034 = CARTESIAN_POINT('',(-1.627882364668,-38.62061963648,1.5));
#3035 = CARTESIAN_POINT('',(-1.738076359183,-38.69441464794,1.5));
#3036 = CARTESIAN_POINT('',(-1.984474288841,-38.83591485936,1.5));
#3037 = CARTESIAN_POINT('',(-2.122125352309,-38.9011176869,1.5));
#3038 = CARTESIAN_POINT('',(-2.264577516705,-38.95523285817,1.5));
#3039 = CARTESIAN_POINT('',(-2.410559660681,-38.99781804063,1.5));
#3040 = CARTESIAN_POINT('',(-2.621529820999,-39.04175063665,1.5));
#3041 = CARTESIAN_POINT('',(-2.684729537699,-39.05272180818,1.5));
#3042 = CARTESIAN_POINT('',(-2.748220639587,-39.06157020064,1.5));
#3043 = CARTESIAN_POINT('',(-2.811900790893,-39.06828903358,1.5));
#3044 = CARTESIAN_POINT('',(-2.962107519547,-39.07910296255,1.5));
#3045 = CARTESIAN_POINT('',(-3.048706847642,-39.08141563365,1.5));
#3046 = CARTESIAN_POINT('',(-3.13520791925,-39.07982149905,1.5));
#3047 = CARTESIAN_POINT('',(-3.221356801677,-39.0743528436,1.5));
#3048 = CARTESIAN_POINT('',(-3.424701685991,-39.05228859232,1.5));
#3049 = CARTESIAN_POINT('',(-3.541360212592,-39.03227486254,1.5));
#3050 = CARTESIAN_POINT('',(-3.656221134419,-39.00518927994,1.5));
#3051 = CARTESIAN_POINT('',(-3.768662771618,-38.97129278049,1.5));
#3052 = CARTESIAN_POINT('',(-3.954678520929,-38.90272268635,1.5));
#3053 = CARTESIAN_POINT('',(-4.029784842507,-38.87133960687,1.5));
#3054 = CARTESIAN_POINT('',(-4.103226502983,-38.83692470561,1.5));
#3055 = CARTESIAN_POINT('',(-4.174821749951,-38.79962541841,1.5));
#3056 = CARTESIAN_POINT('',(-4.261698030947,-38.74966790625,1.5));
#3057 = CARTESIAN_POINT('',(-4.278968137565,-38.73949810476,1.5));
#3058 = CARTESIAN_POINT('',(-4.296239907835,-38.72908283562,1.5));
#3059 = CARTESIAN_POINT('',(-4.313513366429,-38.71841641145,1.5));
#3060 = CARTESIAN_POINT('',(-4.383979564797,-38.67385447804,1.5));
#3061 = CARTESIAN_POINT('',(-4.436279263985,-38.6383377711,1.5));
#3062 = CARTESIAN_POINT('',(-4.487555735903,-38.60099071025,1.5));
#3063 = CARTESIAN_POINT('',(-4.537706203168,-38.56185609183,1.5));
#3064 = CARTESIAN_POINT('',(-4.676223803931,-38.44614675681,1.5));
#3065 = CARTESIAN_POINT('',(-4.761712001972,-38.36548665883,1.5));
#3066 = CARTESIAN_POINT('',(-4.84249166977,-38.27932782033,1.5));
#3067 = CARTESIAN_POINT('',(-4.918026054649,-38.18808034026,1.5));
#3068 = CARTESIAN_POINT('',(-5.038546011574,-38.02264340779,1.5));
#3069 = CARTESIAN_POINT('',(-5.086233064055,-37.95062627168,1.5));
#3070 = CARTESIAN_POINT('',(-5.130731759963,-37.87637163951,1.5));
#3071 = CARTESIAN_POINT('',(-5.171887489172,-37.80008399668,1.5));
#3072 = CARTESIAN_POINT('',(-5.235958556292,-37.66728918272,1.5));
#3073 = CARTESIAN_POINT('',(-5.260644286254,-37.61170475509,1.5));
#3074 = CARTESIAN_POINT('',(-5.283581084554,-37.55530742482,1.5));
#3075 = CARTESIAN_POINT('',(-5.304730023138,-37.49817599623,1.5));
#3076 = CARTESIAN_POINT('',(-5.373097647225,-37.29378375878,1.5));
#3077 = CARTESIAN_POINT('',(-5.410418254971,-37.14296898412,1.5));
#3078 = CARTESIAN_POINT('',(-5.435479771109,-36.98929833407,1.5));
#3079 = CARTESIAN_POINT('',(-5.448011176022,-36.8341809746,1.5));
#3080 = CARTESIAN_POINT('',(-5.448011176022,-36.52395974167,1.5));
#3081 = CARTESIAN_POINT('',(-5.435479771109,-36.36884238221,1.5));
#3082 = CARTESIAN_POINT('',(-5.410418254972,-36.21517173215,1.5));
#3083 = CARTESIAN_POINT('',(-5.373097647226,-36.06435695749,1.5));
#3084 = CARTESIAN_POINT('',(-5.304730023139,-35.85996472005,1.5));
#3085 = CARTESIAN_POINT('',(-5.283581084555,-35.80283329146,1.5));
#3086 = CARTESIAN_POINT('',(-5.260644286255,-35.74643596118,1.5));
#3087 = CARTESIAN_POINT('',(-5.235958556293,-35.69085153356,1.5));
#3088 = CARTESIAN_POINT('',(-5.171887489173,-35.55805671959,1.5));
#3089 = CARTESIAN_POINT('',(-5.130731759965,-35.48176907676,1.5));
#3090 = CARTESIAN_POINT('',(-5.086233064056,-35.40751444459,1.5));
#3091 = CARTESIAN_POINT('',(-5.038546011575,-35.33549730848,1.5));
#3092 = CARTESIAN_POINT('',(-4.918026054651,-35.17006037601,1.5));
#3093 = CARTESIAN_POINT('',(-4.842491669772,-35.07881289594,1.5));
#3094 = CARTESIAN_POINT('',(-4.761712001973,-34.99265405745,1.5));
#3095 = CARTESIAN_POINT('',(-4.676223803933,-34.91199395947,1.5));
#3096 = CARTESIAN_POINT('',(-4.553716924635,-34.80965902541,1.5));
#3097 = CARTESIAN_POINT('',(-4.520247329502,-34.78294884637,1.5));
#3098 = CARTESIAN_POINT('',(-4.486253540947,-34.75703998978,1.5));
#3099 = CARTESIAN_POINT('',(-4.451766393231,-34.73194640935,1.5));
#3100 = CARTESIAN_POINT('',(-4.399659333491,-34.69576648431,1.5));
#3101 = CARTESIAN_POINT('',(-4.382468992725,-34.68410724933,1.5));
#3102 = CARTESIAN_POINT('',(-4.36525258413,-34.67270028433,1.5));
#3103 = CARTESIAN_POINT('',(-4.34801577606,-34.66154319269,1.5));
#3104 = CARTESIAN_POINT('',(-4.313513366431,-34.63972430482,1.5));
#3105 = CARTESIAN_POINT('',(-4.296239907837,-34.62905788065,1.5));
#3106 = CARTESIAN_POINT('',(-4.278968137566,-34.61864261151,1.5));
#3107 = CARTESIAN_POINT('',(-4.261698030949,-34.60847281002,1.5));
#3108 = CARTESIAN_POINT('',(-4.174821749952,-34.55851529786,1.5));
#3109 = CARTESIAN_POINT('',(-4.103226502984,-34.52121601067,1.5));
#3110 = CARTESIAN_POINT('',(-4.029784842508,-34.48680110941,1.5));
#3111 = CARTESIAN_POINT('',(-3.95467852093,-34.45541802993,1.5));
#3112 = CARTESIAN_POINT('',(-3.76866277162,-34.38684793578,1.5));
#3113 = CARTESIAN_POINT('',(-3.656221134421,-34.35295143633,1.5));
#3114 = CARTESIAN_POINT('',(-3.541360212594,-34.32586585373,1.5));
#3115 = CARTESIAN_POINT('',(-3.424701685993,-34.30585212395,1.5));
#3116 = CARTESIAN_POINT('',(-3.221356801679,-34.28378787267,1.5));
#3117 = CARTESIAN_POINT('',(-3.135207919252,-34.27831921723,1.5));
#3118 = CARTESIAN_POINT('',(-3.048706847644,-34.27672508262,1.5));
#3119 = CARTESIAN_POINT('',(-2.962107519548,-34.27903775372,1.5));
#3120 = CARTESIAN_POINT('',(-2.811900790894,-34.28985168269,1.5));
#3121 = CARTESIAN_POINT('',(-2.748220639589,-34.29657051563,1.5));
#3122 = CARTESIAN_POINT('',(-2.684729537701,-34.30541890809,1.5));
#3123 = CARTESIAN_POINT('',(-2.621529821,-34.31639007962,1.5));
#3124 = CARTESIAN_POINT('',(-2.410559660682,-34.36032267564,1.5));
#3125 = CARTESIAN_POINT('',(-2.264577516706,-34.4029078581,1.5));
#3126 = CARTESIAN_POINT('',(-2.12212535231,-34.45702302937,1.5));
#3127 = CARTESIAN_POINT('',(-1.984474288842,-34.52222585692,1.5));
#3128 = CARTESIAN_POINT('',(-1.738076359183,-34.66372606833,1.5));
#3129 = CARTESIAN_POINT('',(-1.627882364669,-34.73752107979,1.5));
#3130 = CARTESIAN_POINT('',(-1.52300413297,-34.81877654438,1.5));
#3131 = CARTESIAN_POINT('',(-1.424132154766,-34.90693069751,1.5));
#3132 = CARTESIAN_POINT('',(-1.293376925994,-35.04067731223,1.5));
#3133 = CARTESIAN_POINT('',(-1.256039122511,-35.08112747589,1.5));
#3134 = CARTESIAN_POINT('',(-1.219892565902,-35.12261270248,1.5));
#3135 = CARTESIAN_POINT('',(-1.18497665678,-35.16508177092,1.5));
#3136 = CARTESIAN_POINT('',(-1.104949887174,-35.26829552614,1.5));
#3137 = CARTESIAN_POINT('',(-1.060978190206,-35.32987696621,1.5));
#3138 = CARTESIAN_POINT('',(-1.019506348387,-35.39308351753,1.5));
#3139 = CARTESIAN_POINT('',(-0.980614157142,-35.45776577061,1.5));
#3140 = CARTESIAN_POINT('',(-0.895315195389,-35.61308267275,1.5));
#3141 = CARTESIAN_POINT('',(-0.851106580144,-35.70481463978,1.5));
#3142 = CARTESIAN_POINT('',(-0.811904107523,-35.7985710824,1.5));
#3143 = CARTESIAN_POINT('',(-0.777815818391,-35.89394475132,1.5));
#3144 = CARTESIAN_POINT('',(-0.70835853513,-36.12586425289,1.5));
#3145 = CARTESIAN_POINT('',(-0.677971777376,-36.26356874994,1.5));
#3146 = CARTESIAN_POINT('',(-0.657881116719,-36.4024536791,1.5));
#3147 = CARTESIAN_POINT('',(-0.648001016002,-36.54134178838,1.5));
#3148 = CARTESIAN_POINT('',(-0.648001016002,-36.67907035814,1.5));
#3149 = ORIENTED_EDGE('',*,*,#3150,.F.);
#3150 = EDGE_CURVE('',#2986,#3012,#3151,.T.);
#3151 = B_SPLINE_CURVE_WITH_KNOTS('',5,(#3152,#3153,#3154,#3155,#3156,
    #3157,#3158,#3159,#3160,#3161,#3162,#3163,#3164,#3165,#3166,#3167,
    #3168,#3169,#3170,#3171,#3172,#3173,#3174,#3175,#3176,#3177,#3178,
    #3179,#3180,#3181,#3182,#3183,#3184,#3185,#3186,#3187,#3188,#3189,
    #3190,#3191,#3192,#3193,#3194,#3195,#3196,#3197,#3198,#3199,#3200,
    #3201,#3202,#3203,#3204,#3205,#3206,#3207,#3208,#3209,#3210,#3211,
    #3212,#3213,#3214,#3215,#3216,#3217,#3218,#3219,#3220,#3221,#3222,
    #3223,#3224,#3225,#3226,#3227,#3228,#3229,#3230,#3231,#3232,#3233,
    #3234,#3235,#3236,#3237,#3238,#3239,#3240,#3241,#3242,#3243,#3244,
    #3245,#3246,#3247,#3248,#3249,#3250,#3251,#3252,#3253,#3254,#3255,
    #3256,#3257,#3258,#3259,#3260,#3261,#3262,#3263,#3264,#3265,#3266,
    #3267,#3268,#3269,#3270,#3271,#3272,#3273,#3274,#3275,#3276,#3277,
    #3278,#3279,#3280,#3281,#3282,#3283,#3284,#3285),.UNSPECIFIED.,.T.,
  .F.,(1,5,4,4,4,4,4,4,4,4,4,4,4,4,4,4,4,4,4,4,4,4,4,4,4,4,4,4,4,4,4,4,4
    ,4,5,1),(-4.804752E-02,0.,4.715870798069E-02,8.0804391989E-02,
    0.105667032318,0.123706256764,0.166954630089,0.216587564542,
    0.237626991584,0.266147690298,0.305421423566,0.332899806481,
    0.339728799835,0.360795194315,0.399370915715,0.427380462259,
    0.446996562307,0.496766345683,0.546536129059,0.566152229107,
    0.594161775651,0.632737497051,0.646910086703,0.65386824611,
    0.660825947217,0.68882222212,0.728836157307,0.757894392797,
    0.779330355207,0.829898734046,0.87396222033,0.892341434572,
    0.917672667331,0.95195248,1.,1.047158707981),.UNSPECIFIED.);
#3152 = CARTESIAN_POINT('',(-0.648001016002,-36.67907035814,1.5));
#3153 = CARTESIAN_POINT('',(-0.648001016002,-36.81679892789,1.5));
#3154 = CARTESIAN_POINT('',(-0.657881116719,-36.95568703717,1.5));
#3155 = CARTESIAN_POINT('',(-0.677971777376,-37.09457196633,1.5));
#3156 = CARTESIAN_POINT('',(-0.70835853513,-37.23227646338,1.5));
#3157 = CARTESIAN_POINT('',(-0.777815818391,-37.46419596495,1.5));
#3158 = CARTESIAN_POINT('',(-0.811904107523,-37.55956963387,1.5));
#3159 = CARTESIAN_POINT('',(-0.851106580144,-37.65332607649,1.5));
#3160 = CARTESIAN_POINT('',(-0.895315195389,-37.74505804352,1.5));
#3161 = CARTESIAN_POINT('',(-0.980614157142,-37.90037494566,1.5));
#3162 = CARTESIAN_POINT('',(-1.019506348387,-37.96505719874,1.5));
#3163 = CARTESIAN_POINT('',(-1.060978190206,-38.02826375006,1.5));
#3164 = CARTESIAN_POINT('',(-1.104949887174,-38.08984519013,1.5));
#3165 = CARTESIAN_POINT('',(-1.184976656779,-38.19305894536,1.5));
#3166 = CARTESIAN_POINT('',(-1.219892565902,-38.23552801379,1.5));
#3167 = CARTESIAN_POINT('',(-1.256039122511,-38.27701324038,1.5));
#3168 = CARTESIAN_POINT('',(-1.293376925993,-38.31746340404,1.5));
#3169 = CARTESIAN_POINT('',(-1.424132154766,-38.45121001876,1.5));
#3170 = CARTESIAN_POINT('',(-1.52300413297,-38.53936417189,1.5));
#3171 = CARTESIAN_POINT('',(-1.627882364668,-38.62061963648,1.5));
#3172 = CARTESIAN_POINT('',(-1.738076359183,-38.69441464794,1.5));
#3173 = CARTESIAN_POINT('',(-1.984474288841,-38.83591485936,1.5));
#3174 = CARTESIAN_POINT('',(-2.122125352309,-38.9011176869,1.5));
#3175 = CARTESIAN_POINT('',(-2.264577516705,-38.95523285817,1.5));
#3176 = CARTESIAN_POINT('',(-2.410559660681,-38.99781804063,1.5));
#3177 = CARTESIAN_POINT('',(-2.621529820999,-39.04175063665,1.5));
#3178 = CARTESIAN_POINT('',(-2.684729537699,-39.05272180818,1.5));
#3179 = CARTESIAN_POINT('',(-2.748220639587,-39.06157020064,1.5));
#3180 = CARTESIAN_POINT('',(-2.811900790893,-39.06828903358,1.5));
#3181 = CARTESIAN_POINT('',(-2.962107519547,-39.07910296255,1.5));
#3182 = CARTESIAN_POINT('',(-3.048706847642,-39.08141563365,1.5));
#3183 = CARTESIAN_POINT('',(-3.13520791925,-39.07982149905,1.5));
#3184 = CARTESIAN_POINT('',(-3.221356801677,-39.0743528436,1.5));
#3185 = CARTESIAN_POINT('',(-3.424701685991,-39.05228859232,1.5));
#3186 = CARTESIAN_POINT('',(-3.541360212592,-39.03227486254,1.5));
#3187 = CARTESIAN_POINT('',(-3.656221134419,-39.00518927994,1.5));
#3188 = CARTESIAN_POINT('',(-3.768662771618,-38.97129278049,1.5));
#3189 = CARTESIAN_POINT('',(-3.954678520929,-38.90272268635,1.5));
#3190 = CARTESIAN_POINT('',(-4.029784842507,-38.87133960687,1.5));
#3191 = CARTESIAN_POINT('',(-4.103226502983,-38.83692470561,1.5));
#3192 = CARTESIAN_POINT('',(-4.174821749951,-38.79962541841,1.5));
#3193 = CARTESIAN_POINT('',(-4.261698030947,-38.74966790625,1.5));
#3194 = CARTESIAN_POINT('',(-4.278968137565,-38.73949810476,1.5));
#3195 = CARTESIAN_POINT('',(-4.296239907835,-38.72908283562,1.5));
#3196 = CARTESIAN_POINT('',(-4.313513366429,-38.71841641145,1.5));
#3197 = CARTESIAN_POINT('',(-4.383979564797,-38.67385447804,1.5));
#3198 = CARTESIAN_POINT('',(-4.436279263985,-38.6383377711,1.5));
#3199 = CARTESIAN_POINT('',(-4.487555735903,-38.60099071025,1.5));
#3200 = CARTESIAN_POINT('',(-4.537706203168,-38.56185609183,1.5));
#3201 = CARTESIAN_POINT('',(-4.676223803931,-38.44614675681,1.5));
#3202 = CARTESIAN_POINT('',(-4.761712001972,-38.36548665883,1.5));
#3203 = CARTESIAN_POINT('',(-4.84249166977,-38.27932782033,1.5));
#3204 = CARTESIAN_POINT('',(-4.918026054649,-38.18808034026,1.5));
#3205 = CARTESIAN_POINT('',(-5.038546011574,-38.02264340779,1.5));
#3206 = CARTESIAN_POINT('',(-5.086233064055,-37.95062627168,1.5));
#3207 = CARTESIAN_POINT('',(-5.130731759963,-37.87637163951,1.5));
#3208 = CARTESIAN_POINT('',(-5.171887489172,-37.80008399668,1.5));
#3209 = CARTESIAN_POINT('',(-5.235958556292,-37.66728918272,1.5));
#3210 = CARTESIAN_POINT('',(-5.260644286254,-37.61170475509,1.5));
#3211 = CARTESIAN_POINT('',(-5.283581084554,-37.55530742482,1.5));
#3212 = CARTESIAN_POINT('',(-5.304730023138,-37.49817599623,1.5));
#3213 = CARTESIAN_POINT('',(-5.373097647225,-37.29378375878,1.5));
#3214 = CARTESIAN_POINT('',(-5.410418254971,-37.14296898412,1.5));
#3215 = CARTESIAN_POINT('',(-5.435479771109,-36.98929833407,1.5));
#3216 = CARTESIAN_POINT('',(-5.448011176022,-36.8341809746,1.5));
#3217 = CARTESIAN_POINT('',(-5.448011176022,-36.52395974167,1.5));
#3218 = CARTESIAN_POINT('',(-5.435479771109,-36.36884238221,1.5));
#3219 = CARTESIAN_POINT('',(-5.410418254972,-36.21517173215,1.5));
#3220 = CARTESIAN_POINT('',(-5.373097647226,-36.06435695749,1.5));
#3221 = CARTESIAN_POINT('',(-5.304730023139,-35.85996472005,1.5));
#3222 = CARTESIAN_POINT('',(-5.283581084555,-35.80283329146,1.5));
#3223 = CARTESIAN_POINT('',(-5.260644286255,-35.74643596118,1.5));
#3224 = CARTESIAN_POINT('',(-5.235958556293,-35.69085153356,1.5));
#3225 = CARTESIAN_POINT('',(-5.171887489173,-35.55805671959,1.5));
#3226 = CARTESIAN_POINT('',(-5.130731759965,-35.48176907676,1.5));
#3227 = CARTESIAN_POINT('',(-5.086233064056,-35.40751444459,1.5));
#3228 = CARTESIAN_POINT('',(-5.038546011575,-35.33549730848,1.5));
#3229 = CARTESIAN_POINT('',(-4.918026054651,-35.17006037601,1.5));
#3230 = CARTESIAN_POINT('',(-4.842491669772,-35.07881289594,1.5));
#3231 = CARTESIAN_POINT('',(-4.761712001973,-34.99265405745,1.5));
#3232 = CARTESIAN_POINT('',(-4.676223803933,-34.91199395947,1.5));
#3233 = CARTESIAN_POINT('',(-4.553716924635,-34.80965902541,1.5));
#3234 = CARTESIAN_POINT('',(-4.520247329502,-34.78294884637,1.5));
#3235 = CARTESIAN_POINT('',(-4.486253540947,-34.75703998978,1.5));
#3236 = CARTESIAN_POINT('',(-4.451766393231,-34.73194640935,1.5));
#3237 = CARTESIAN_POINT('',(-4.399659333491,-34.69576648431,1.5));
#3238 = CARTESIAN_POINT('',(-4.382468992725,-34.68410724933,1.5));
#3239 = CARTESIAN_POINT('',(-4.36525258413,-34.67270028433,1.5));
#3240 = CARTESIAN_POINT('',(-4.34801577606,-34.66154319269,1.5));
#3241 = CARTESIAN_POINT('',(-4.313513366431,-34.63972430482,1.5));
#3242 = CARTESIAN_POINT('',(-4.296239907837,-34.62905788065,1.5));
#3243 = CARTESIAN_POINT('',(-4.278968137566,-34.61864261151,1.5));
#3244 = CARTESIAN_POINT('',(-4.261698030949,-34.60847281002,1.5));
#3245 = CARTESIAN_POINT('',(-4.174821749952,-34.55851529786,1.5));
#3246 = CARTESIAN_POINT('',(-4.103226502984,-34.52121601067,1.5));
#3247 = CARTESIAN_POINT('',(-4.029784842508,-34.48680110941,1.5));
#3248 = CARTESIAN_POINT('',(-3.95467852093,-34.45541802993,1.5));
#3249 = CARTESIAN_POINT('',(-3.76866277162,-34.38684793578,1.5));
#3250 = CARTESIAN_POINT('',(-3.656221134421,-34.35295143633,1.5));
#3251 = CARTESIAN_POINT('',(-3.541360212594,-34.32586585373,1.5));
#3252 = CARTESIAN_POINT('',(-3.424701685993,-34.30585212395,1.5));
#3253 = CARTESIAN_POINT('',(-3.221356801679,-34.28378787267,1.5));
#3254 = CARTESIAN_POINT('',(-3.135207919252,-34.27831921723,1.5));
#3255 = CARTESIAN_POINT('',(-3.048706847644,-34.27672508262,1.5));
#3256 = CARTESIAN_POINT('',(-2.962107519548,-34.27903775372,1.5));
#3257 = CARTESIAN_POINT('',(-2.811900790894,-34.28985168269,1.5));
#3258 = CARTESIAN_POINT('',(-2.748220639589,-34.29657051563,1.5));
#3259 = CARTESIAN_POINT('',(-2.684729537701,-34.30541890809,1.5));
#3260 = CARTESIAN_POINT('',(-2.621529821,-34.31639007962,1.5));
#3261 = CARTESIAN_POINT('',(-2.410559660682,-34.36032267564,1.5));
#3262 = CARTESIAN_POINT('',(-2.264577516706,-34.4029078581,1.5));
#3263 = CARTESIAN_POINT('',(-2.12212535231,-34.45702302937,1.5));
#3264 = CARTESIAN_POINT('',(-1.984474288842,-34.52222585692,1.5));
#3265 = CARTESIAN_POINT('',(-1.738076359183,-34.66372606833,1.5));
#3266 = CARTESIAN_POINT('',(-1.627882364669,-34.73752107979,1.5));
#3267 = CARTESIAN_POINT('',(-1.52300413297,-34.81877654438,1.5));
#3268 = CARTESIAN_POINT('',(-1.424132154766,-34.90693069751,1.5));
#3269 = CARTESIAN_POINT('',(-1.293376925994,-35.04067731223,1.5));
#3270 = CARTESIAN_POINT('',(-1.256039122511,-35.08112747589,1.5));
#3271 = CARTESIAN_POINT('',(-1.219892565902,-35.12261270248,1.5));
#3272 = CARTESIAN_POINT('',(-1.18497665678,-35.16508177092,1.5));
#3273 = CARTESIAN_POINT('',(-1.104949887174,-35.26829552614,1.5));
#3274 = CARTESIAN_POINT('',(-1.060978190206,-35.32987696621,1.5));
#3275 = CARTESIAN_POINT('',(-1.019506348387,-35.39308351753,1.5));
#3276 = CARTESIAN_POINT('',(-0.980614157142,-35.45776577061,1.5));
#3277 = CARTESIAN_POINT('',(-0.895315195389,-35.61308267275,1.5));
#3278 = CARTESIAN_POINT('',(-0.851106580144,-35.70481463978,1.5));
#3279 = CARTESIAN_POINT('',(-0.811904107523,-35.7985710824,1.5));
#3280 = CARTESIAN_POINT('',(-0.777815818391,-35.89394475132,1.5));
#3281 = CARTESIAN_POINT('',(-0.70835853513,-36.12586425289,1.5));
#3282 = CARTESIAN_POINT('',(-0.677971777376,-36.26356874994,1.5));
#3283 = CARTESIAN_POINT('',(-0.657881116719,-36.4024536791,1.5));
#3284 = CARTESIAN_POINT('',(-0.648001016002,-36.54134178838,1.5));
#3285 = CARTESIAN_POINT('',(-0.648001016002,-36.67907035814,1.5));
#3286 = B_SPLINE_SURFACE_WITH_KNOTS('',1,1,(
    (#3287,#3288)
    ,(#3289,#3290
  )),.UNSPECIFIED.,.F.,.F.,.F.,(2,2),(2,2),(-187.5,187.5),(-167.5,
    165.47245),.PIECEWISE_BEZIER_KNOTS.);
#3287 = CARTESIAN_POINT('',(1.587503175006,-39.43357886715,1.50000508001
    ));
#3288 = CARTESIAN_POINT('',(1.587503175006,-30.97606172212,1.50000508001
    ));
#3289 = CARTESIAN_POINT('',(-7.937515875032,-39.43357886715,
    1.50000508001));
#3290 = CARTESIAN_POINT('',(-7.937515875032,-30.97606172212,
    1.50000508001));
#3291 = ADVANCED_FACE('',(#3292),#3303,.T.);
#3292 = FACE_BOUND('',#3293,.T.);
#3293 = EDGE_LOOP('',(#3294,#3295,#3296,#3297));
#3294 = ORIENTED_EDGE('',*,*,#2950,.T.);
#3295 = ORIENTED_EDGE('',*,*,#2971,.T.);
#3296 = ORIENTED_EDGE('',*,*,#37,.T.);
#3297 = ORIENTED_EDGE('',*,*,#3298,.T.);
#3298 = EDGE_CURVE('',#31,#2951,#3299,.T.);
#3299 = LINE('',#3300,#3301);
#3300 = CARTESIAN_POINT('',(-97.76219329438,-40.93357886715,1.5));
#3301 = VECTOR('',#3302,1.);
#3302 = DIRECTION('',(1.,0.,-0.));
#3303 = PLANE('',#3304);
#3304 = AXIS2_PLACEMENT_3D('',#3305,#3306,#3307);
#3305 = CARTESIAN_POINT('',(-97.76219329438,-40.93357886715,1.5));
#3306 = DIRECTION('',(0.,0.,1.));
#3307 = DIRECTION('',(1.,0.,-0.));
#3308 = ADVANCED_FACE('',(#3309),#3315,.T.);
#3309 = FACE_BOUND('',#3310,.T.);
#3310 = EDGE_LOOP('',(#3311,#3312,#3313,#3314));
#3311 = ORIENTED_EDGE('',*,*,#87,.F.);
#3312 = ORIENTED_EDGE('',*,*,#2957,.T.);
#3313 = ORIENTED_EDGE('',*,*,#3298,.F.);
#3314 = ORIENTED_EDGE('',*,*,#30,.F.);
#3315 = B_SPLINE_SURFACE_WITH_KNOTS('',1,1,(
    (#3316,#3317)
    ,(#3318,#3319
    )),.UNSPECIFIED.,.F.,.F.,.F.,(2,2),(2,2),(0.,375.),(-118.1102,0.),
  .PIECEWISE_BEZIER_KNOTS.);
#3316 = CARTESIAN_POINT('',(1.587503175006,-40.93357886715,1.50000508001
    ));
#3317 = CARTESIAN_POINT('',(1.587503175006,-40.93357886715,-1.5));
#3318 = CARTESIAN_POINT('',(-7.937515875032,-40.93357886715,
    1.50000508001));
#3319 = CARTESIAN_POINT('',(-7.937515875032,-40.93357886715,-1.5));
#3320 = ADVANCED_FACE('',(#3321,#3336),#3640,.F.);
#3321 = FACE_BOUND('',#3322,.F.);
#3322 = EDGE_LOOP('',(#3323,#3324,#3329,#3330));
#3323 = ORIENTED_EDGE('',*,*,#2901,.T.);
#3324 = ORIENTED_EDGE('',*,*,#3325,.T.);
#3325 = EDGE_CURVE('',#2902,#131,#3326,.T.);
#3326 = B_SPLINE_CURVE_WITH_KNOTS('',1,(#3327,#3328),.UNSPECIFIED.,.F.,
  .F.,(2,2),(0.,375.),.PIECEWISE_BEZIER_KNOTS.);
#3327 = CARTESIAN_POINT('',(-85.40767081534,-39.43357886715,
    1.50000508001));
#3328 = CARTESIAN_POINT('',(-94.93268986538,-39.43357886715,
    1.50000508001));
#3329 = ORIENTED_EDGE('',*,*,#137,.T.);
#3330 = ORIENTED_EDGE('',*,*,#3331,.F.);
#3331 = EDGE_CURVE('',#2895,#138,#3332,.T.);
#3332 = LINE('',#3333,#3334);
#3333 = CARTESIAN_POINT('',(-98.01219329438,-32.48,1.5));
#3334 = VECTOR('',#3335,1.);
#3335 = DIRECTION('',(-1.,-0.,0.));
#3336 = FACE_BOUND('',#3337,.F.);
#3337 = EDGE_LOOP('',(#3338,#3352,#3364,#3503));
#3338 = ORIENTED_EDGE('',*,*,#3339,.T.);
#3339 = EDGE_CURVE('',#3340,#3342,#3344,.T.);
#3340 = VERTEX_POINT('',#3341);
#3341 = CARTESIAN_POINT('',(-87.76337212075,-35.92907037422,
    1.500002539977));
#3342 = VERTEX_POINT('',#3343);
#3343 = CARTESIAN_POINT('',(-87.64317500635,-35.17907035814,
    1.50000508001));
#3344 = ( BOUNDED_CURVE() B_SPLINE_CURVE(2,(#3345,#3346,#3347,#3348,
#3349,#3350,#3351),.UNSPECIFIED.,.T.,.F.) B_SPLINE_CURVE_WITH_KNOTS((1,2
    ,2,2,2,1),(-2.094395102394,0.,2.094395102393,4.188790204786,
6.28318530718,8.377580409573),.UNSPECIFIED.) CURVE() 
GEOMETRIC_REPRESENTATION_ITEM() RATIONAL_B_SPLINE_CURVE((1.,0.5,1.,0.5,
1.,0.5,1.)) REPRESENTATION_ITEM('') );
#3345 = CARTESIAN_POINT('',(-87.64317500635,-35.17907035814,
    1.50000508001));
#3346 = CARTESIAN_POINT('',(-87.64317500635,-31.02213962114,
    1.50000508001));
#3347 = CARTESIAN_POINT('',(-91.24318262636,-33.10060498964,
    1.50000508001));
#3348 = CARTESIAN_POINT('',(-94.84319024638,-35.17907035814,
    1.50000508001));
#3349 = CARTESIAN_POINT('',(-91.24318262636,-37.25753572664,
    1.50000508001));
#3350 = CARTESIAN_POINT('',(-87.64317500635,-39.33600109514,
    1.50000508001));
#3351 = CARTESIAN_POINT('',(-87.64317500635,-35.17907035814,
    1.50000508001));
#3352 = ORIENTED_EDGE('',*,*,#3353,.T.);
#3353 = EDGE_CURVE('',#3342,#3354,#3356,.T.);
#3354 = VERTEX_POINT('',#3355);
#3355 = CARTESIAN_POINT('',(-92.32298805661,-35.92907036006,
    1.500002540005));
#3356 = ( BOUNDED_CURVE() B_SPLINE_CURVE(2,(#3357,#3358,#3359,#3360,
#3361,#3362,#3363),.UNSPECIFIED.,.T.,.F.) B_SPLINE_CURVE_WITH_KNOTS((1,2
    ,2,2,2,1),(-2.094395102394,0.,2.094395102393,4.188790204786,
6.28318530718,8.377580409573),.UNSPECIFIED.) CURVE() 
GEOMETRIC_REPRESENTATION_ITEM() RATIONAL_B_SPLINE_CURVE((1.,0.5,1.,0.5,
1.,0.5,1.)) REPRESENTATION_ITEM('') );
#3357 = CARTESIAN_POINT('',(-87.64317500635,-35.17907035814,
    1.50000508001));
#3358 = CARTESIAN_POINT('',(-87.64317500635,-31.02213962114,
    1.50000508001));
#3359 = CARTESIAN_POINT('',(-91.24318262636,-33.10060498964,
    1.50000508001));
#3360 = CARTESIAN_POINT('',(-94.84319024638,-35.17907035814,
    1.50000508001));
#3361 = CARTESIAN_POINT('',(-91.24318262636,-37.25753572664,
    1.50000508001));
#3362 = CARTESIAN_POINT('',(-87.64317500635,-39.33600109514,
    1.50000508001));
#3363 = CARTESIAN_POINT('',(-87.64317500635,-35.17907035814,
    1.50000508001));
#3364 = ORIENTED_EDGE('',*,*,#3365,.F.);
#3365 = EDGE_CURVE('',#3366,#3354,#3368,.T.);
#3366 = VERTEX_POINT('',#3367);
#3367 = CARTESIAN_POINT('',(-87.64317500635,-36.67907035814,1.5));
#3368 = B_SPLINE_CURVE_WITH_KNOTS('',5,(#3369,#3370,#3371,#3372,#3373,
    #3374,#3375,#3376,#3377,#3378,#3379,#3380,#3381,#3382,#3383,#3384,
    #3385,#3386,#3387,#3388,#3389,#3390,#3391,#3392,#3393,#3394,#3395,
    #3396,#3397,#3398,#3399,#3400,#3401,#3402,#3403,#3404,#3405,#3406,
    #3407,#3408,#3409,#3410,#3411,#3412,#3413,#3414,#3415,#3416,#3417,
    #3418,#3419,#3420,#3421,#3422,#3423,#3424,#3425,#3426,#3427,#3428,
    #3429,#3430,#3431,#3432,#3433,#3434,#3435,#3436,#3437,#3438,#3439,
    #3440,#3441,#3442,#3443,#3444,#3445,#3446,#3447,#3448,#3449,#3450,
    #3451,#3452,#3453,#3454,#3455,#3456,#3457,#3458,#3459,#3460,#3461,
    #3462,#3463,#3464,#3465,#3466,#3467,#3468,#3469,#3470,#3471,#3472,
    #3473,#3474,#3475,#3476,#3477,#3478,#3479,#3480,#3481,#3482,#3483,
    #3484,#3485,#3486,#3487,#3488,#3489,#3490,#3491,#3492,#3493,#3494,
    #3495,#3496,#3497,#3498,#3499,#3500,#3501,#3502),.UNSPECIFIED.,.T.,
  .F.,(1,5,4,4,4,4,4,4,4,4,4,4,4,4,4,4,4,4,4,4,4,4,4,4,4,4,4,4,4,4,4,4,4
    ,4,5,1),(-4.804752E-02,0.,4.715870798066E-02,8.080439198896E-02,
    0.105667032318,0.123706256764,0.166954630089,0.216587564541,
    0.237626991583,0.266147690297,0.305421423565,0.332899806481,
    0.339728799834,0.360795194315,0.399370915715,0.427380462259,
    0.446996562307,0.496766345683,0.546536129058,0.566152229107,
    0.59416177565,0.632737497051,0.646910086703,0.65386824611,
    0.660825947217,0.68882222212,0.728836157307,0.757894392796,
    0.779330355206,0.829898734046,0.87396222033,0.892341434572,
    0.917672667331,0.95195248,1.,1.047158707981),.UNSPECIFIED.);
#3369 = CARTESIAN_POINT('',(-87.64317500635,-36.67907035814,1.5));
#3370 = CARTESIAN_POINT('',(-87.64317500635,-36.81679892789,1.5));
#3371 = CARTESIAN_POINT('',(-87.65305510706,-36.95568703717,1.5));
#3372 = CARTESIAN_POINT('',(-87.67314576772,-37.09457196633,1.5));
#3373 = CARTESIAN_POINT('',(-87.70353252547,-37.23227646338,1.5));
#3374 = CARTESIAN_POINT('',(-87.77298980873,-37.46419596495,1.5));
#3375 = CARTESIAN_POINT('',(-87.80707809787,-37.55956963387,1.5));
#3376 = CARTESIAN_POINT('',(-87.84628057049,-37.65332607649,1.5));
#3377 = CARTESIAN_POINT('',(-87.89048918573,-37.74505804352,1.5));
#3378 = CARTESIAN_POINT('',(-87.97578814748,-37.90037494566,1.5));
#3379 = CARTESIAN_POINT('',(-88.01468033873,-37.96505719874,1.5));
#3380 = CARTESIAN_POINT('',(-88.05615218055,-38.02826375006,1.5));
#3381 = CARTESIAN_POINT('',(-88.10012387752,-38.08984519013,1.5));
#3382 = CARTESIAN_POINT('',(-88.18015064712,-38.19305894536,1.5));
#3383 = CARTESIAN_POINT('',(-88.21506655624,-38.23552801379,1.5));
#3384 = CARTESIAN_POINT('',(-88.25121311285,-38.27701324038,1.5));
#3385 = CARTESIAN_POINT('',(-88.28855091634,-38.31746340404,1.5));
#3386 = CARTESIAN_POINT('',(-88.41930614511,-38.45121001876,1.5));
#3387 = CARTESIAN_POINT('',(-88.51817812331,-38.53936417189,1.5));
#3388 = CARTESIAN_POINT('',(-88.62305635501,-38.62061963648,1.5));
#3389 = CARTESIAN_POINT('',(-88.73325034952,-38.69441464794,1.5));
#3390 = CARTESIAN_POINT('',(-88.97964827918,-38.83591485936,1.5));
#3391 = CARTESIAN_POINT('',(-89.11729934265,-38.9011176869,1.5));
#3392 = CARTESIAN_POINT('',(-89.25975150705,-38.95523285817,1.5));
#3393 = CARTESIAN_POINT('',(-89.40573365102,-38.99781804063,1.5));
#3394 = CARTESIAN_POINT('',(-89.61670381134,-39.04175063665,1.5));
#3395 = CARTESIAN_POINT('',(-89.67990352804,-39.05272180818,1.5));
#3396 = CARTESIAN_POINT('',(-89.74339462993,-39.06157020064,1.5));
#3397 = CARTESIAN_POINT('',(-89.80707478123,-39.06828903358,1.5));
#3398 = CARTESIAN_POINT('',(-89.95728150989,-39.07910296255,1.5));
#3399 = CARTESIAN_POINT('',(-90.04388083798,-39.08141563365,1.5));
#3400 = CARTESIAN_POINT('',(-90.13038190959,-39.07982149905,1.5));
#3401 = CARTESIAN_POINT('',(-90.21653079202,-39.0743528436,1.5));
#3402 = CARTESIAN_POINT('',(-90.41987567633,-39.05228859232,1.5));
#3403 = CARTESIAN_POINT('',(-90.53653420293,-39.03227486254,1.5));
#3404 = CARTESIAN_POINT('',(-90.65139512476,-39.00518927994,1.5));
#3405 = CARTESIAN_POINT('',(-90.76383676196,-38.97129278049,1.5));
#3406 = CARTESIAN_POINT('',(-90.94985251127,-38.90272268635,1.5));
#3407 = CARTESIAN_POINT('',(-91.02495883285,-38.87133960687,1.5));
#3408 = CARTESIAN_POINT('',(-91.09840049332,-38.83692470561,1.5));
#3409 = CARTESIAN_POINT('',(-91.16999574029,-38.79962541841,1.5));
#3410 = CARTESIAN_POINT('',(-91.25687202129,-38.74966790625,1.5));
#3411 = CARTESIAN_POINT('',(-91.2741421279,-38.73949810476,1.5));
#3412 = CARTESIAN_POINT('',(-91.29141389817,-38.72908283562,1.5));
#3413 = CARTESIAN_POINT('',(-91.30868735677,-38.71841641145,1.5));
#3414 = CARTESIAN_POINT('',(-91.37915355514,-38.67385447804,1.5));
#3415 = CARTESIAN_POINT('',(-91.43145325432,-38.6383377711,1.5));
#3416 = CARTESIAN_POINT('',(-91.48272972624,-38.60099071025,1.5));
#3417 = CARTESIAN_POINT('',(-91.53288019351,-38.56185609183,1.5));
#3418 = CARTESIAN_POINT('',(-91.67139779427,-38.44614675681,1.5));
#3419 = CARTESIAN_POINT('',(-91.75688599231,-38.36548665883,1.5));
#3420 = CARTESIAN_POINT('',(-91.83766566011,-38.27932782033,1.5));
#3421 = CARTESIAN_POINT('',(-91.91320004499,-38.18808034026,1.5));
#3422 = CARTESIAN_POINT('',(-92.03372000191,-38.02264340779,1.5));
#3423 = CARTESIAN_POINT('',(-92.08140705439,-37.95062627168,1.5));
#3424 = CARTESIAN_POINT('',(-92.1259057503,-37.87637163951,1.5));
#3425 = CARTESIAN_POINT('',(-92.16706147951,-37.80008399668,1.5));
#3426 = CARTESIAN_POINT('',(-92.23113254663,-37.66728918272,1.5));
#3427 = CARTESIAN_POINT('',(-92.25581827659,-37.61170475509,1.5));
#3428 = CARTESIAN_POINT('',(-92.27875507489,-37.55530742482,1.5));
#3429 = CARTESIAN_POINT('',(-92.29990401348,-37.49817599623,1.5));
#3430 = CARTESIAN_POINT('',(-92.36827163757,-37.29378375878,1.5));
#3431 = CARTESIAN_POINT('',(-92.40559224531,-37.14296898412,1.5));
#3432 = CARTESIAN_POINT('',(-92.43065376145,-36.98929833407,1.5));
#3433 = CARTESIAN_POINT('',(-92.44318516636,-36.8341809746,1.5));
#3434 = CARTESIAN_POINT('',(-92.44318516636,-36.52395974167,1.5));
#3435 = CARTESIAN_POINT('',(-92.43065376145,-36.36884238221,1.5));
#3436 = CARTESIAN_POINT('',(-92.40559224531,-36.21517173215,1.5));
#3437 = CARTESIAN_POINT('',(-92.36827163757,-36.06435695749,1.5));
#3438 = CARTESIAN_POINT('',(-92.29990401348,-35.85996472005,1.5));
#3439 = CARTESIAN_POINT('',(-92.27875507489,-35.80283329146,1.5));
#3440 = CARTESIAN_POINT('',(-92.25581827659,-35.74643596118,1.5));
#3441 = CARTESIAN_POINT('',(-92.23113254663,-35.69085153356,1.5));
#3442 = CARTESIAN_POINT('',(-92.16706147951,-35.55805671959,1.5));
#3443 = CARTESIAN_POINT('',(-92.1259057503,-35.48176907676,1.5));
#3444 = CARTESIAN_POINT('',(-92.0814070544,-35.40751444459,1.5));
#3445 = CARTESIAN_POINT('',(-92.03372000191,-35.33549730848,1.5));
#3446 = CARTESIAN_POINT('',(-91.91320004499,-35.17006037601,1.5));
#3447 = CARTESIAN_POINT('',(-91.83766566011,-35.07881289594,1.5));
#3448 = CARTESIAN_POINT('',(-91.75688599231,-34.99265405745,1.5));
#3449 = CARTESIAN_POINT('',(-91.67139779427,-34.91199395947,1.5));
#3450 = CARTESIAN_POINT('',(-91.54889091497,-34.80965902541,1.5));
#3451 = CARTESIAN_POINT('',(-91.51542131984,-34.78294884637,1.5));
#3452 = CARTESIAN_POINT('',(-91.48142753129,-34.75703998978,1.5));
#3453 = CARTESIAN_POINT('',(-91.44694038357,-34.73194640935,1.5));
#3454 = CARTESIAN_POINT('',(-91.39483332383,-34.69576648431,1.5));
#3455 = CARTESIAN_POINT('',(-91.37764298306,-34.68410724933,1.5));
#3456 = CARTESIAN_POINT('',(-91.36042657447,-34.67270028433,1.5));
#3457 = CARTESIAN_POINT('',(-91.3431897664,-34.66154319269,1.5));
#3458 = CARTESIAN_POINT('',(-91.30868735677,-34.63972430482,1.5));
#3459 = CARTESIAN_POINT('',(-91.29141389818,-34.62905788065,1.5));
#3460 = CARTESIAN_POINT('',(-91.2741421279,-34.61864261151,1.5));
#3461 = CARTESIAN_POINT('',(-91.25687202129,-34.60847281002,1.5));
#3462 = CARTESIAN_POINT('',(-91.16999574029,-34.55851529786,1.5));
#3463 = CARTESIAN_POINT('',(-91.09840049332,-34.52121601067,1.5));
#3464 = CARTESIAN_POINT('',(-91.02495883285,-34.48680110941,1.5));
#3465 = CARTESIAN_POINT('',(-90.94985251127,-34.45541802993,1.5));
#3466 = CARTESIAN_POINT('',(-90.76383676196,-34.38684793578,1.5));
#3467 = CARTESIAN_POINT('',(-90.65139512476,-34.35295143633,1.5));
#3468 = CARTESIAN_POINT('',(-90.53653420293,-34.32586585373,1.5));
#3469 = CARTESIAN_POINT('',(-90.41987567633,-34.30585212395,1.5));
#3470 = CARTESIAN_POINT('',(-90.21653079202,-34.28378787267,1.5));
#3471 = CARTESIAN_POINT('',(-90.13038190959,-34.27831921723,1.5));
#3472 = CARTESIAN_POINT('',(-90.04388083798,-34.27672508262,1.5));
#3473 = CARTESIAN_POINT('',(-89.95728150989,-34.27903775372,1.5));
#3474 = CARTESIAN_POINT('',(-89.80707478123,-34.28985168269,1.5));
#3475 = CARTESIAN_POINT('',(-89.74339462993,-34.29657051563,1.5));
#3476 = CARTESIAN_POINT('',(-89.67990352804,-34.30541890809,1.5));
#3477 = CARTESIAN_POINT('',(-89.61670381134,-34.31639007962,1.5));
#3478 = CARTESIAN_POINT('',(-89.40573365102,-34.36032267564,1.5));
#3479 = CARTESIAN_POINT('',(-89.25975150705,-34.4029078581,1.5));
#3480 = CARTESIAN_POINT('',(-89.11729934265,-34.45702302937,1.5));
#3481 = CARTESIAN_POINT('',(-88.97964827918,-34.52222585692,1.5));
#3482 = CARTESIAN_POINT('',(-88.73325034953,-34.66372606833,1.5));
#3483 = CARTESIAN_POINT('',(-88.62305635501,-34.73752107979,1.5));
#3484 = CARTESIAN_POINT('',(-88.51817812331,-34.81877654438,1.5));
#3485 = CARTESIAN_POINT('',(-88.41930614511,-34.90693069751,1.5));
#3486 = CARTESIAN_POINT('',(-88.28855091634,-35.04067731223,1.5));
#3487 = CARTESIAN_POINT('',(-88.25121311285,-35.08112747589,1.5));
#3488 = CARTESIAN_POINT('',(-88.21506655625,-35.12261270248,1.5));
#3489 = CARTESIAN_POINT('',(-88.18015064712,-35.16508177092,1.5));
#3490 = CARTESIAN_POINT('',(-88.10012387752,-35.26829552614,1.5));
#3491 = CARTESIAN_POINT('',(-88.05615218055,-35.32987696621,1.5));
#3492 = CARTESIAN_POINT('',(-88.01468033873,-35.39308351753,1.5));
#3493 = CARTESIAN_POINT('',(-87.97578814749,-35.45776577061,1.5));
#3494 = CARTESIAN_POINT('',(-87.89048918573,-35.61308267275,1.5));
#3495 = CARTESIAN_POINT('',(-87.84628057049,-35.70481463978,1.5));
#3496 = CARTESIAN_POINT('',(-87.80707809787,-35.7985710824,1.5));
#3497 = CARTESIAN_POINT('',(-87.77298980873,-35.89394475132,1.5));
#3498 = CARTESIAN_POINT('',(-87.70353252547,-36.12586425289,1.5));
#3499 = CARTESIAN_POINT('',(-87.67314576772,-36.26356874994,1.5));
#3500 = CARTESIAN_POINT('',(-87.65305510706,-36.4024536791,1.5));
#3501 = CARTESIAN_POINT('',(-87.64317500635,-36.54134178838,1.5));
#3502 = CARTESIAN_POINT('',(-87.64317500635,-36.67907035814,1.5));
#3503 = ORIENTED_EDGE('',*,*,#3504,.F.);
#3504 = EDGE_CURVE('',#3340,#3366,#3505,.T.);
#3505 = B_SPLINE_CURVE_WITH_KNOTS('',5,(#3506,#3507,#3508,#3509,#3510,
    #3511,#3512,#3513,#3514,#3515,#3516,#3517,#3518,#3519,#3520,#3521,
    #3522,#3523,#3524,#3525,#3526,#3527,#3528,#3529,#3530,#3531,#3532,
    #3533,#3534,#3535,#3536,#3537,#3538,#3539,#3540,#3541,#3542,#3543,
    #3544,#3545,#3546,#3547,#3548,#3549,#3550,#3551,#3552,#3553,#3554,
    #3555,#3556,#3557,#3558,#3559,#3560,#3561,#3562,#3563,#3564,#3565,
    #3566,#3567,#3568,#3569,#3570,#3571,#3572,#3573,#3574,#3575,#3576,
    #3577,#3578,#3579,#3580,#3581,#3582,#3583,#3584,#3585,#3586,#3587,
    #3588,#3589,#3590,#3591,#3592,#3593,#3594,#3595,#3596,#3597,#3598,
    #3599,#3600,#3601,#3602,#3603,#3604,#3605,#3606,#3607,#3608,#3609,
    #3610,#3611,#3612,#3613,#3614,#3615,#3616,#3617,#3618,#3619,#3620,
    #3621,#3622,#3623,#3624,#3625,#3626,#3627,#3628,#3629,#3630,#3631,
    #3632,#3633,#3634,#3635,#3636,#3637,#3638,#3639),.UNSPECIFIED.,.T.,
  .F.,(1,5,4,4,4,4,4,4,4,4,4,4,4,4,4,4,4,4,4,4,4,4,4,4,4,4,4,4,4,4,4,4,4
    ,4,5,1),(-4.804752E-02,0.,4.715870798066E-02,8.080439198896E-02,
    0.105667032318,0.123706256764,0.166954630089,0.216587564541,
    0.237626991583,0.266147690297,0.305421423565,0.332899806481,
    0.339728799834,0.360795194315,0.399370915715,0.427380462259,
    0.446996562307,0.496766345683,0.546536129058,0.566152229107,
    0.59416177565,0.632737497051,0.646910086703,0.65386824611,
    0.660825947217,0.68882222212,0.728836157307,0.757894392796,
    0.779330355206,0.829898734046,0.87396222033,0.892341434572,
    0.917672667331,0.95195248,1.,1.047158707981),.UNSPECIFIED.);
#3506 = CARTESIAN_POINT('',(-87.64317500635,-36.67907035814,1.5));
#3507 = CARTESIAN_POINT('',(-87.64317500635,-36.81679892789,1.5));
#3508 = CARTESIAN_POINT('',(-87.65305510706,-36.95568703717,1.5));
#3509 = CARTESIAN_POINT('',(-87.67314576772,-37.09457196633,1.5));
#3510 = CARTESIAN_POINT('',(-87.70353252547,-37.23227646338,1.5));
#3511 = CARTESIAN_POINT('',(-87.77298980873,-37.46419596495,1.5));
#3512 = CARTESIAN_POINT('',(-87.80707809787,-37.55956963387,1.5));
#3513 = CARTESIAN_POINT('',(-87.84628057049,-37.65332607649,1.5));
#3514 = CARTESIAN_POINT('',(-87.89048918573,-37.74505804352,1.5));
#3515 = CARTESIAN_POINT('',(-87.97578814748,-37.90037494566,1.5));
#3516 = CARTESIAN_POINT('',(-88.01468033873,-37.96505719874,1.5));
#3517 = CARTESIAN_POINT('',(-88.05615218055,-38.02826375006,1.5));
#3518 = CARTESIAN_POINT('',(-88.10012387752,-38.08984519013,1.5));
#3519 = CARTESIAN_POINT('',(-88.18015064712,-38.19305894536,1.5));
#3520 = CARTESIAN_POINT('',(-88.21506655624,-38.23552801379,1.5));
#3521 = CARTESIAN_POINT('',(-88.25121311285,-38.27701324038,1.5));
#3522 = CARTESIAN_POINT('',(-88.28855091634,-38.31746340404,1.5));
#3523 = CARTESIAN_POINT('',(-88.41930614511,-38.45121001876,1.5));
#3524 = CARTESIAN_POINT('',(-88.51817812331,-38.53936417189,1.5));
#3525 = CARTESIAN_POINT('',(-88.62305635501,-38.62061963648,1.5));
#3526 = CARTESIAN_POINT('',(-88.73325034952,-38.69441464794,1.5));
#3527 = CARTESIAN_POINT('',(-88.97964827918,-38.83591485936,1.5));
#3528 = CARTESIAN_POINT('',(-89.11729934265,-38.9011176869,1.5));
#3529 = CARTESIAN_POINT('',(-89.25975150705,-38.95523285817,1.5));
#3530 = CARTESIAN_POINT('',(-89.40573365102,-38.99781804063,1.5));
#3531 = CARTESIAN_POINT('',(-89.61670381134,-39.04175063665,1.5));
#3532 = CARTESIAN_POINT('',(-89.67990352804,-39.05272180818,1.5));
#3533 = CARTESIAN_POINT('',(-89.74339462993,-39.06157020064,1.5));
#3534 = CARTESIAN_POINT('',(-89.80707478123,-39.06828903358,1.5));
#3535 = CARTESIAN_POINT('',(-89.95728150989,-39.07910296255,1.5));
#3536 = CARTESIAN_POINT('',(-90.04388083798,-39.08141563365,1.5));
#3537 = CARTESIAN_POINT('',(-90.13038190959,-39.07982149905,1.5));
#3538 = CARTESIAN_POINT('',(-90.21653079202,-39.0743528436,1.5));
#3539 = CARTESIAN_POINT('',(-90.41987567633,-39.05228859232,1.5));
#3540 = CARTESIAN_POINT('',(-90.53653420293,-39.03227486254,1.5));
#3541 = CARTESIAN_POINT('',(-90.65139512476,-39.00518927994,1.5));
#3542 = CARTESIAN_POINT('',(-90.76383676196,-38.97129278049,1.5));
#3543 = CARTESIAN_POINT('',(-90.94985251127,-38.90272268635,1.5));
#3544 = CARTESIAN_POINT('',(-91.02495883285,-38.87133960687,1.5));
#3545 = CARTESIAN_POINT('',(-91.09840049332,-38.83692470561,1.5));
#3546 = CARTESIAN_POINT('',(-91.16999574029,-38.79962541841,1.5));
#3547 = CARTESIAN_POINT('',(-91.25687202129,-38.74966790625,1.5));
#3548 = CARTESIAN_POINT('',(-91.2741421279,-38.73949810476,1.5));
#3549 = CARTESIAN_POINT('',(-91.29141389817,-38.72908283562,1.5));
#3550 = CARTESIAN_POINT('',(-91.30868735677,-38.71841641145,1.5));
#3551 = CARTESIAN_POINT('',(-91.37915355514,-38.67385447804,1.5));
#3552 = CARTESIAN_POINT('',(-91.43145325432,-38.6383377711,1.5));
#3553 = CARTESIAN_POINT('',(-91.48272972624,-38.60099071025,1.5));
#3554 = CARTESIAN_POINT('',(-91.53288019351,-38.56185609183,1.5));
#3555 = CARTESIAN_POINT('',(-91.67139779427,-38.44614675681,1.5));
#3556 = CARTESIAN_POINT('',(-91.75688599231,-38.36548665883,1.5));
#3557 = CARTESIAN_POINT('',(-91.83766566011,-38.27932782033,1.5));
#3558 = CARTESIAN_POINT('',(-91.91320004499,-38.18808034026,1.5));
#3559 = CARTESIAN_POINT('',(-92.03372000191,-38.02264340779,1.5));
#3560 = CARTESIAN_POINT('',(-92.08140705439,-37.95062627168,1.5));
#3561 = CARTESIAN_POINT('',(-92.1259057503,-37.87637163951,1.5));
#3562 = CARTESIAN_POINT('',(-92.16706147951,-37.80008399668,1.5));
#3563 = CARTESIAN_POINT('',(-92.23113254663,-37.66728918272,1.5));
#3564 = CARTESIAN_POINT('',(-92.25581827659,-37.61170475509,1.5));
#3565 = CARTESIAN_POINT('',(-92.27875507489,-37.55530742482,1.5));
#3566 = CARTESIAN_POINT('',(-92.29990401348,-37.49817599623,1.5));
#3567 = CARTESIAN_POINT('',(-92.36827163757,-37.29378375878,1.5));
#3568 = CARTESIAN_POINT('',(-92.40559224531,-37.14296898412,1.5));
#3569 = CARTESIAN_POINT('',(-92.43065376145,-36.98929833407,1.5));
#3570 = CARTESIAN_POINT('',(-92.44318516636,-36.8341809746,1.5));
#3571 = CARTESIAN_POINT('',(-92.44318516636,-36.52395974167,1.5));
#3572 = CARTESIAN_POINT('',(-92.43065376145,-36.36884238221,1.5));
#3573 = CARTESIAN_POINT('',(-92.40559224531,-36.21517173215,1.5));
#3574 = CARTESIAN_POINT('',(-92.36827163757,-36.06435695749,1.5));
#3575 = CARTESIAN_POINT('',(-92.29990401348,-35.85996472005,1.5));
#3576 = CARTESIAN_POINT('',(-92.27875507489,-35.80283329146,1.5));
#3577 = CARTESIAN_POINT('',(-92.25581827659,-35.74643596118,1.5));
#3578 = CARTESIAN_POINT('',(-92.23113254663,-35.69085153356,1.5));
#3579 = CARTESIAN_POINT('',(-92.16706147951,-35.55805671959,1.5));
#3580 = CARTESIAN_POINT('',(-92.1259057503,-35.48176907676,1.5));
#3581 = CARTESIAN_POINT('',(-92.0814070544,-35.40751444459,1.5));
#3582 = CARTESIAN_POINT('',(-92.03372000191,-35.33549730848,1.5));
#3583 = CARTESIAN_POINT('',(-91.91320004499,-35.17006037601,1.5));
#3584 = CARTESIAN_POINT('',(-91.83766566011,-35.07881289594,1.5));
#3585 = CARTESIAN_POINT('',(-91.75688599231,-34.99265405745,1.5));
#3586 = CARTESIAN_POINT('',(-91.67139779427,-34.91199395947,1.5));
#3587 = CARTESIAN_POINT('',(-91.54889091497,-34.80965902541,1.5));
#3588 = CARTESIAN_POINT('',(-91.51542131984,-34.78294884637,1.5));
#3589 = CARTESIAN_POINT('',(-91.48142753129,-34.75703998978,1.5));
#3590 = CARTESIAN_POINT('',(-91.44694038357,-34.73194640935,1.5));
#3591 = CARTESIAN_POINT('',(-91.39483332383,-34.69576648431,1.5));
#3592 = CARTESIAN_POINT('',(-91.37764298306,-34.68410724933,1.5));
#3593 = CARTESIAN_POINT('',(-91.36042657447,-34.67270028433,1.5));
#3594 = CARTESIAN_POINT('',(-91.3431897664,-34.66154319269,1.5));
#3595 = CARTESIAN_POINT('',(-91.30868735677,-34.63972430482,1.5));
#3596 = CARTESIAN_POINT('',(-91.29141389818,-34.62905788065,1.5));
#3597 = CARTESIAN_POINT('',(-91.2741421279,-34.61864261151,1.5));
#3598 = CARTESIAN_POINT('',(-91.25687202129,-34.60847281002,1.5));
#3599 = CARTESIAN_POINT('',(-91.16999574029,-34.55851529786,1.5));
#3600 = CARTESIAN_POINT('',(-91.09840049332,-34.52121601067,1.5));
#3601 = CARTESIAN_POINT('',(-91.02495883285,-34.48680110941,1.5));
#3602 = CARTESIAN_POINT('',(-90.94985251127,-34.45541802993,1.5));
#3603 = CARTESIAN_POINT('',(-90.76383676196,-34.38684793578,1.5));
#3604 = CARTESIAN_POINT('',(-90.65139512476,-34.35295143633,1.5));
#3605 = CARTESIAN_POINT('',(-90.53653420293,-34.32586585373,1.5));
#3606 = CARTESIAN_POINT('',(-90.41987567633,-34.30585212395,1.5));
#3607 = CARTESIAN_POINT('',(-90.21653079202,-34.28378787267,1.5));
#3608 = CARTESIAN_POINT('',(-90.13038190959,-34.27831921723,1.5));
#3609 = CARTESIAN_POINT('',(-90.04388083798,-34.27672508262,1.5));
#3610 = CARTESIAN_POINT('',(-89.95728150989,-34.27903775372,1.5));
#3611 = CARTESIAN_POINT('',(-89.80707478123,-34.28985168269,1.5));
#3612 = CARTESIAN_POINT('',(-89.74339462993,-34.29657051563,1.5));
#3613 = CARTESIAN_POINT('',(-89.67990352804,-34.30541890809,1.5));
#3614 = CARTESIAN_POINT('',(-89.61670381134,-34.31639007962,1.5));
#3615 = CARTESIAN_POINT('',(-89.40573365102,-34.36032267564,1.5));
#3616 = CARTESIAN_POINT('',(-89.25975150705,-34.4029078581,1.5));
#3617 = CARTESIAN_POINT('',(-89.11729934265,-34.45702302937,1.5));
#3618 = CARTESIAN_POINT('',(-88.97964827918,-34.52222585692,1.5));
#3619 = CARTESIAN_POINT('',(-88.73325034953,-34.66372606833,1.5));
#3620 = CARTESIAN_POINT('',(-88.62305635501,-34.73752107979,1.5));
#3621 = CARTESIAN_POINT('',(-88.51817812331,-34.81877654438,1.5));
#3622 = CARTESIAN_POINT('',(-88.41930614511,-34.90693069751,1.5));
#3623 = CARTESIAN_POINT('',(-88.28855091634,-35.04067731223,1.5));
#3624 = CARTESIAN_POINT('',(-88.25121311285,-35.08112747589,1.5));
#3625 = CARTESIAN_POINT('',(-88.21506655625,-35.12261270248,1.5));
#3626 = CARTESIAN_POINT('',(-88.18015064712,-35.16508177092,1.5));
#3627 = CARTESIAN_POINT('',(-88.10012387752,-35.26829552614,1.5));
#3628 = CARTESIAN_POINT('',(-88.05615218055,-35.32987696621,1.5));
#3629 = CARTESIAN_POINT('',(-88.01468033873,-35.39308351753,1.5));
#3630 = CARTESIAN_POINT('',(-87.97578814749,-35.45776577061,1.5));
#3631 = CARTESIAN_POINT('',(-87.89048918573,-35.61308267275,1.5));
#3632 = CARTESIAN_POINT('',(-87.84628057049,-35.70481463978,1.5));
#3633 = CARTESIAN_POINT('',(-87.80707809787,-35.7985710824,1.5));
#3634 = CARTESIAN_POINT('',(-87.77298980873,-35.89394475132,1.5));
#3635 = CARTESIAN_POINT('',(-87.70353252547,-36.12586425289,1.5));
#3636 = CARTESIAN_POINT('',(-87.67314576772,-36.26356874994,1.5));
#3637 = CARTESIAN_POINT('',(-87.65305510706,-36.4024536791,1.5));
#3638 = CARTESIAN_POINT('',(-87.64317500635,-36.54134178838,1.5));
#3639 = CARTESIAN_POINT('',(-87.64317500635,-36.67907035814,1.5));
#3640 = B_SPLINE_SURFACE_WITH_KNOTS('',1,1,(
    (#3641,#3642)
    ,(#3643,#3644
  )),.UNSPECIFIED.,.F.,.F.,.F.,(2,2),(2,2),(-187.5,187.5),(-167.5,
    165.47245),.PIECEWISE_BEZIER_KNOTS.);
#3641 = CARTESIAN_POINT('',(-85.40767081534,-39.43357886715,
    1.50000508001));
#3642 = CARTESIAN_POINT('',(-85.40767081534,-30.97606172212,
    1.50000508001));
#3643 = CARTESIAN_POINT('',(-94.93268986538,-39.43357886715,
    1.50000508001));
#3644 = CARTESIAN_POINT('',(-94.93268986538,-30.97606172212,
    1.50000508001));
#3645 = ADVANCED_FACE('',(#3646),#3657,.T.);
#3646 = FACE_BOUND('',#3647,.T.);
#3647 = EDGE_LOOP('',(#3648,#3649,#3650,#3651));
#3648 = ORIENTED_EDGE('',*,*,#2908,.T.);
#3649 = ORIENTED_EDGE('',*,*,#3325,.T.);
#3650 = ORIENTED_EDGE('',*,*,#130,.T.);
#3651 = ORIENTED_EDGE('',*,*,#3652,.T.);
#3652 = EDGE_CURVE('',#124,#2909,#3653,.T.);
#3653 = LINE('',#3654,#3655);
#3654 = CARTESIAN_POINT('',(-97.76219329438,-40.93357886715,1.5));
#3655 = VECTOR('',#3656,1.);
#3656 = DIRECTION('',(1.,0.,-0.));
#3657 = PLANE('',#3658);
#3658 = AXIS2_PLACEMENT_3D('',#3659,#3660,#3661);
#3659 = CARTESIAN_POINT('',(-97.76219329438,-40.93357886715,1.5));
#3660 = DIRECTION('',(0.,0.,1.));
#3661 = DIRECTION('',(1.,0.,-0.));
#3662 = ADVANCED_FACE('',(#3663),#3669,.T.);
#3663 = FACE_BOUND('',#3664,.T.);
#3664 = EDGE_LOOP('',(#3665,#3666,#3667,#3668));
#3665 = ORIENTED_EDGE('',*,*,#180,.F.);
#3666 = ORIENTED_EDGE('',*,*,#2915,.T.);
#3667 = ORIENTED_EDGE('',*,*,#3652,.F.);
#3668 = ORIENTED_EDGE('',*,*,#123,.F.);
#3669 = B_SPLINE_SURFACE_WITH_KNOTS('',1,1,(
    (#3670,#3671)
    ,(#3672,#3673
    )),.UNSPECIFIED.,.F.,.F.,.F.,(2,2),(2,2),(0.,375.),(-118.1102,0.),
  .PIECEWISE_BEZIER_KNOTS.);
#3670 = CARTESIAN_POINT('',(-85.40767081534,-40.93357886715,
    1.50000508001));
#3671 = CARTESIAN_POINT('',(-85.40767081534,-40.93357886715,-1.5));
#3672 = CARTESIAN_POINT('',(-94.93268986538,-40.93357886715,
    1.50000508001));
#3673 = CARTESIAN_POINT('',(-94.93268986538,-40.93357886715,-1.5));
#3674 = ADVANCED_FACE('',(#3675,#3690),#3994,.F.);
#3675 = FACE_BOUND('',#3676,.F.);
#3676 = EDGE_LOOP('',(#3677,#3678,#3684,#3685));
#3677 = ORIENTED_EDGE('',*,*,#2733,.T.);
#3678 = ORIENTED_EDGE('',*,*,#3679,.T.);
#3679 = EDGE_CURVE('',#2734,#2685,#3680,.T.);
#3680 = LINE('',#3681,#3682);
#3681 = CARTESIAN_POINT('',(-98.01219329438,97.12,1.5));
#3682 = VECTOR('',#3683,1.);
#3683 = DIRECTION('',(-1.,-0.,0.));
#3684 = ORIENTED_EDGE('',*,*,#2691,.T.);
#3685 = ORIENTED_EDGE('',*,*,#3686,.T.);
#3686 = EDGE_CURVE('',#2692,#2727,#3687,.T.);
#3687 = B_SPLINE_CURVE_WITH_KNOTS('',1,(#3688,#3689),.UNSPECIFIED.,.F.,
  .F.,(2,2),(0.,375.),.PIECEWISE_BEZIER_KNOTS.);
#3688 = CARTESIAN_POINT('',(-95.12985521971,104.08235712471,
    1.50000508001));
#3689 = CARTESIAN_POINT('',(-85.60483616967,104.08235712471,
    1.50000508001));
#3690 = FACE_BOUND('',#3691,.F.);
#3691 = EDGE_LOOP('',(#3692,#3706,#3718,#3857));
#3692 = ORIENTED_EDGE('',*,*,#3693,.T.);
#3693 = EDGE_CURVE('',#3694,#3696,#3698,.T.);
#3694 = VERTEX_POINT('',#3695);
#3695 = CARTESIAN_POINT('',(-92.52015344707,100.57784850785,
    1.500002538737));
#3696 = VERTEX_POINT('',#3697);
#3697 = CARTESIAN_POINT('',(-87.84034036068,99.827848615697,
    1.50000508001));
#3698 = ( BOUNDED_CURVE() B_SPLINE_CURVE(2,(#3699,#3700,#3701,#3702,
#3703,#3704,#3705),.UNSPECIFIED.,.T.,.F.) B_SPLINE_CURVE_WITH_KNOTS((1,2
    ,2,2,2,1),(-2.094395102394,0.,2.094395102393,4.188790204786,
6.28318530718,8.377580409573),.UNSPECIFIED.) CURVE() 
GEOMETRIC_REPRESENTATION_ITEM() RATIONAL_B_SPLINE_CURVE((1.,0.5,1.,0.5,
1.,0.5,1.)) REPRESENTATION_ITEM('') );
#3699 = CARTESIAN_POINT('',(-87.84034036068,99.827848615697,
    1.50000508001));
#3700 = CARTESIAN_POINT('',(-87.84034036068,103.98477935269,
    1.50000508001));
#3701 = CARTESIAN_POINT('',(-91.44034798069,101.90631398419,
    1.50000508001));
#3702 = CARTESIAN_POINT('',(-95.04035560071,99.827848615697,
    1.50000508001));
#3703 = CARTESIAN_POINT('',(-91.44034798069,97.749383247197,
    1.50000508001));
#3704 = CARTESIAN_POINT('',(-87.84034036068,95.670917878696,
    1.50000508001));
#3705 = CARTESIAN_POINT('',(-87.84034036068,99.827848615697,
    1.50000508001));
#3706 = ORIENTED_EDGE('',*,*,#3707,.T.);
#3707 = EDGE_CURVE('',#3696,#3708,#3710,.T.);
#3708 = VERTEX_POINT('',#3709);
#3709 = CARTESIAN_POINT('',(-87.96053745174,100.57784856078,
    1.500002539676));
#3710 = ( BOUNDED_CURVE() B_SPLINE_CURVE(2,(#3711,#3712,#3713,#3714,
#3715,#3716,#3717),.UNSPECIFIED.,.T.,.F.) B_SPLINE_CURVE_WITH_KNOTS((1,2
    ,2,2,2,1),(-2.094395102394,0.,2.094395102393,4.188790204786,
6.28318530718,8.377580409573),.UNSPECIFIED.) CURVE() 
GEOMETRIC_REPRESENTATION_ITEM() RATIONAL_B_SPLINE_CURVE((1.,0.5,1.,0.5,
1.,0.5,1.)) REPRESENTATION_ITEM('') );
#3711 = CARTESIAN_POINT('',(-87.84034036068,99.827848615697,
    1.50000508001));
#3712 = CARTESIAN_POINT('',(-87.84034036068,103.98477935269,
    1.50000508001));
#3713 = CARTESIAN_POINT('',(-91.44034798069,101.90631398419,
    1.50000508001));
#3714 = CARTESIAN_POINT('',(-95.04035560071,99.827848615697,
    1.50000508001));
#3715 = CARTESIAN_POINT('',(-91.44034798069,97.749383247197,
    1.50000508001));
#3716 = CARTESIAN_POINT('',(-87.84034036068,95.670917878696,
    1.50000508001));
#3717 = CARTESIAN_POINT('',(-87.84034036068,99.827848615697,
    1.50000508001));
#3718 = ORIENTED_EDGE('',*,*,#3719,.F.);
#3719 = EDGE_CURVE('',#3720,#3708,#3722,.T.);
#3720 = VERTEX_POINT('',#3721);
#3721 = CARTESIAN_POINT('',(-87.84034036068,101.32784861569,1.5));
#3722 = B_SPLINE_CURVE_WITH_KNOTS('',5,(#3723,#3724,#3725,#3726,#3727,
    #3728,#3729,#3730,#3731,#3732,#3733,#3734,#3735,#3736,#3737,#3738,
    #3739,#3740,#3741,#3742,#3743,#3744,#3745,#3746,#3747,#3748,#3749,
    #3750,#3751,#3752,#3753,#3754,#3755,#3756,#3757,#3758,#3759,#3760,
    #3761,#3762,#3763,#3764,#3765,#3766,#3767,#3768,#3769,#3770,#3771,
    #3772,#3773,#3774,#3775,#3776,#3777,#3778,#3779,#3780,#3781,#3782,
    #3783,#3784,#3785,#3786,#3787,#3788,#3789,#3790,#3791,#3792,#3793,
    #3794,#3795,#3796,#3797,#3798,#3799,#3800,#3801,#3802,#3803,#3804,
    #3805,#3806,#3807,#3808,#3809,#3810,#3811,#3812,#3813,#3814,#3815,
    #3816,#3817,#3818,#3819,#3820,#3821,#3822,#3823,#3824,#3825,#3826,
    #3827,#3828,#3829,#3830,#3831,#3832,#3833,#3834,#3835,#3836,#3837,
    #3838,#3839,#3840,#3841,#3842,#3843,#3844,#3845,#3846,#3847,#3848,
    #3849,#3850,#3851,#3852,#3853,#3854,#3855,#3856),.UNSPECIFIED.,.T.,
  .F.,(1,5,4,4,4,4,4,4,4,4,4,4,4,4,4,4,4,4,4,4,4,4,4,4,4,4,4,4,4,4,4,4,4
    ,4,5,1),(-4.8028733054E-02,0.,4.714027220377E-02,8.077286134411E-02,
    0.105625788513,0.123657959426,0.166889550156,0.216503336071,
    0.2375345407,0.266044111382,0.305302637806,0.332770329998,
    0.339605183085,0.360688273858,0.399294675244,0.427326415018,
    0.44695804461,0.496767502925,0.54657696124,0.566208590832,
    0.594240330607,0.632846731992,0.647030548643,0.653994219385,
    0.660957890129,0.688943270658,0.72894170931,0.757988604794,
    0.779416188168,0.829965053674,0.87401143766,0.892383464011,
    0.91770479859,0.951971266946,1.,1.047140272204),.UNSPECIFIED.);
#3723 = CARTESIAN_POINT('',(-87.84034036068,101.32784861569,1.5));
#3724 = CARTESIAN_POINT('',(-87.84034026336,101.19012020925,1.5));
#3725 = CARTESIAN_POINT('',(-87.85022052664,101.05123173215,1.5));
#3726 = CARTESIAN_POINT('',(-87.87031122358,100.91234702356,1.5));
#3727 = CARTESIAN_POINT('',(-87.90069775833,100.77464257423,1.5));
#3728 = CARTESIAN_POINT('',(-87.97015511054,100.54272304333,1.5));
#3729 = CARTESIAN_POINT('',(-88.00424345251,100.44734933827,1.5));
#3730 = CARTESIAN_POINT('',(-88.04344595682,100.35359287566,1.5));
#3731 = CARTESIAN_POINT('',(-88.08765455091,100.26186092478,1.5));
#3732 = CARTESIAN_POINT('',(-88.17295349334,100.10654403128,1.5));
#3733 = CARTESIAN_POINT('',(-88.2118456927,100.0418617758,1.5));
#3734 = CARTESIAN_POINT('',(-88.25331753994,99.978655221982,1.5));
#3735 = CARTESIAN_POINT('',(-88.29728923422,99.917073781816,1.5));
#3736 = CARTESIAN_POINT('',(-88.37731600017,99.813860028817,1.5));
#3737 = CARTESIAN_POINT('',(-88.41223191041,99.771390960269,1.5));
#3738 = CARTESIAN_POINT('',(-88.44837846793,99.729905733292,1.5));
#3739 = CARTESIAN_POINT('',(-88.48571627119,99.689455569346,1.5));
#3740 = CARTESIAN_POINT('',(-88.61647137548,99.55570896553,1.5));
#3741 = CARTESIAN_POINT('',(-88.71534371454,99.467554709777,1.5));
#3742 = CARTESIAN_POINT('',(-88.82022153193,99.386299489385,1.5));
#3743 = CARTESIAN_POINT('',(-88.9304157495,99.312504234839,1.5));
#3744 = CARTESIAN_POINT('',(-89.1768134117,99.171004094412,1.5));
#3745 = CARTESIAN_POINT('',(-89.31446518275,99.105801126826,1.5));
#3746 = CARTESIAN_POINT('',(-89.45691641638,99.051686460658,1.5));
#3747 = CARTESIAN_POINT('',(-89.60289916963,99.009100707968,1.5));
#3748 = CARTESIAN_POINT('',(-89.81386916434,98.965168337646,1.5));
#3749 = CARTESIAN_POINT('',(-89.87706888104,98.954197166999,1.5));
#3750 = CARTESIAN_POINT('',(-89.94055998477,98.945348773189,1.5));
#3751 = CARTESIAN_POINT('',(-90.00424013792,98.93862993801,1.5));
#3752 = CARTESIAN_POINT('',(-90.15444685912,98.927816013683,1.5));
#3753 = CARTESIAN_POINT('',(-90.24104618175,98.925503347607,1.5));
#3754 = CARTESIAN_POINT('',(-90.32754726465,98.927097474858,1.5));
#3755 = CARTESIAN_POINT('',(-90.41369616383,98.932566117937,1.5));
#3756 = CARTESIAN_POINT('',(-90.61704095849,98.954630391459,1.5));
#3757 = CARTESIAN_POINT('',(-90.73369979889,98.97464403983,1.5));
#3758 = CARTESIAN_POINT('',(-90.84856017658,99.001729800384,1.5));
#3759 = CARTESIAN_POINT('',(-90.96100226381,99.035626135152,1.5));
#3760 = CARTESIAN_POINT('',(-91.14701785213,99.104196289663,1.5));
#3761 = CARTESIAN_POINT('',(-91.22212416411,99.135579365558,1.5));
#3762 = CARTESIAN_POINT('',(-91.29556585063,99.169994266503,1.5));
#3763 = CARTESIAN_POINT('',(-91.36716113325,99.20729355697,1.5));
#3764 = CARTESIAN_POINT('',(-91.45403181775,99.257247912001,1.5));
#3765 = CARTESIAN_POINT('',(-91.47130805308,99.267421233385,1.5));
#3766 = CARTESIAN_POINT('',(-91.48858270371,99.277838105769,1.5));
#3767 = CARTESIAN_POINT('',(-91.50585291396,99.288502613283,1.5));
#3768 = CARTESIAN_POINT('',(-91.57631890463,99.333064486955,1.5));
#3769 = CARTESIAN_POINT('',(-91.62861860845,99.368581201258,1.5));
#3770 = CARTESIAN_POINT('',(-91.67989508351,99.405928268672,1.5));
#3771 = CARTESIAN_POINT('',(-91.73004554928,99.445062886284,1.5));
#3772 = CARTESIAN_POINT('',(-91.86856312567,99.560772060056,1.5));
#3773 = CARTESIAN_POINT('',(-91.95405140491,99.641432630386,1.5));
#3774 = CARTESIAN_POINT('',(-92.03483095596,99.727590908479,1.5));
#3775 = CARTESIAN_POINT('',(-92.11036542675,99.818838701021,1.5));
#3776 = CARTESIAN_POINT('',(-92.2308853582,99.984275544775,1.5));
#3777 = CARTESIAN_POINT('',(-92.27857240828,100.05629270155,1.5));
#3778 = CARTESIAN_POINT('',(-92.32307110345,100.13054734716,1.5));
#3779 = CARTESIAN_POINT('',(-92.36422683433,100.20683498275,1.5));
#3780 = CARTESIAN_POINT('',(-92.42829790154,100.3396297887,1.5));
#3781 = CARTESIAN_POINT('',(-92.45298363075,100.39521421837,1.5));
#3782 = CARTESIAN_POINT('',(-92.47592042885,100.4516115504,1.5));
#3783 = CARTESIAN_POINT('',(-92.49706936798,100.5087429787,1.5));
#3784 = CARTESIAN_POINT('',(-92.56543711896,100.7131349264,1.5));
#3785 = CARTESIAN_POINT('',(-92.60275751494,100.8639506206,1.5));
#3786 = CARTESIAN_POINT('',(-92.62781899622,101.01762007397,1.5));
#3787 = CARTESIAN_POINT('',(-92.64035066657,101.17273820488,1.5));
#3788 = CARTESIAN_POINT('',(-92.64035066657,101.4829590265,1.5));
#3789 = CARTESIAN_POINT('',(-92.62781899622,101.63807715741,1.5));
#3790 = CARTESIAN_POINT('',(-92.60275751494,101.79174661077,1.5));
#3791 = CARTESIAN_POINT('',(-92.56543711896,101.94256230498,1.5));
#3792 = CARTESIAN_POINT('',(-92.49706936798,102.14695425267,1.5));
#3793 = CARTESIAN_POINT('',(-92.47592042885,102.20408568098,1.5));
#3794 = CARTESIAN_POINT('',(-92.45298363075,102.26048301301,1.5));
#3795 = CARTESIAN_POINT('',(-92.42829790154,102.31606744268,1.5));
#3796 = CARTESIAN_POINT('',(-92.36422683433,102.44886224863,1.5));
#3797 = CARTESIAN_POINT('',(-92.32307110345,102.52514988422,1.5));
#3798 = CARTESIAN_POINT('',(-92.27857240828,102.59940452983,1.5));
#3799 = CARTESIAN_POINT('',(-92.2308853582,102.67142168661,1.5));
#3800 = CARTESIAN_POINT('',(-92.11036542676,102.83685853036,1.5));
#3801 = CARTESIAN_POINT('',(-92.03483095596,102.9281063229,1.5));
#3802 = CARTESIAN_POINT('',(-91.95405140491,103.014264601,1.5));
#3803 = CARTESIAN_POINT('',(-91.86856312567,103.09492517133,1.5));
#3804 = CARTESIAN_POINT('',(-91.74605626952,103.19725994773,1.5));
#3805 = CARTESIAN_POINT('',(-91.71258667447,103.22397012684,1.5));
#3806 = CARTESIAN_POINT('',(-91.67859288555,103.24987898432,1.5));
#3807 = CARTESIAN_POINT('',(-91.64410573739,103.27497256557,1.5));
#3808 = CARTESIAN_POINT('',(-91.5919986785,103.31115248997,1.5));
#3809 = CARTESIAN_POINT('',(-91.57480833748,103.32281172478,1.5));
#3810 = CARTESIAN_POINT('',(-91.55759192861,103.33421868928,1.5));
#3811 = CARTESIAN_POINT('',(-91.54035512052,103.3453757806,1.5));
#3812 = CARTESIAN_POINT('',(-91.50585291397,103.3671946181,1.5));
#3813 = CARTESIAN_POINT('',(-91.48858270371,103.37785912561,1.5));
#3814 = CARTESIAN_POINT('',(-91.47130805308,103.388275998,1.5));
#3815 = CARTESIAN_POINT('',(-91.45403181775,103.39844931938,1.5));
#3816 = CARTESIAN_POINT('',(-91.36716113325,103.44840367441,1.5));
#3817 = CARTESIAN_POINT('',(-91.29556585063,103.48570296488,1.5));
#3818 = CARTESIAN_POINT('',(-91.22212416411,103.52011786582,1.5));
#3819 = CARTESIAN_POINT('',(-91.14701785213,103.55150094172,1.5));
#3820 = CARTESIAN_POINT('',(-90.96100226381,103.62007109623,1.5));
#3821 = CARTESIAN_POINT('',(-90.84856017658,103.653967431,1.5));
#3822 = CARTESIAN_POINT('',(-90.73369979889,103.68105319155,1.5));
#3823 = CARTESIAN_POINT('',(-90.61704095849,103.70106683992,1.5));
#3824 = CARTESIAN_POINT('',(-90.41369616383,103.72313111345,1.5));
#3825 = CARTESIAN_POINT('',(-90.32754726465,103.72859975652,1.5));
#3826 = CARTESIAN_POINT('',(-90.24104618175,103.73019388378,1.5));
#3827 = CARTESIAN_POINT('',(-90.15444685913,103.7278812177,1.5));
#3828 = CARTESIAN_POINT('',(-90.00424013792,103.71706729337,1.5));
#3829 = CARTESIAN_POINT('',(-89.94055998477,103.71034845819,1.5));
#3830 = CARTESIAN_POINT('',(-89.87706888104,103.70150006438,1.5));
#3831 = CARTESIAN_POINT('',(-89.81386916434,103.69052889374,1.5));
#3832 = CARTESIAN_POINT('',(-89.60289916963,103.64659652342,1.5));
#3833 = CARTESIAN_POINT('',(-89.45691641638,103.60401077073,1.5));
#3834 = CARTESIAN_POINT('',(-89.31446518275,103.54989610456,1.5));
#3835 = CARTESIAN_POINT('',(-89.1768134117,103.48469313697,1.5));
#3836 = CARTESIAN_POINT('',(-88.9304157495,103.34319299655,1.5));
#3837 = CARTESIAN_POINT('',(-88.82022153193,103.269397742,1.5));
#3838 = CARTESIAN_POINT('',(-88.71534371454,103.18814252161,1.5));
#3839 = CARTESIAN_POINT('',(-88.61647137548,103.09998826586,1.5));
#3840 = CARTESIAN_POINT('',(-88.48571627119,102.96624166204,1.5));
#3841 = CARTESIAN_POINT('',(-88.44837846793,102.92579149809,1.5));
#3842 = CARTESIAN_POINT('',(-88.41223191041,102.88430627112,1.5));
#3843 = CARTESIAN_POINT('',(-88.37731600017,102.84183720257,1.5));
#3844 = CARTESIAN_POINT('',(-88.29728923422,102.73862344957,1.5));
#3845 = CARTESIAN_POINT('',(-88.25331753994,102.67704200941,1.5));
#3846 = CARTESIAN_POINT('',(-88.2118456927,102.61383545558,1.5));
#3847 = CARTESIAN_POINT('',(-88.17295349334,102.5491532001,1.5));
#3848 = CARTESIAN_POINT('',(-88.08765455091,102.3938363066,1.5));
#3849 = CARTESIAN_POINT('',(-88.04344595682,102.30210435572,1.5));
#3850 = CARTESIAN_POINT('',(-88.00424345251,102.20834789311,1.5));
#3851 = CARTESIAN_POINT('',(-87.97015511054,102.11297418805,1.5));
#3852 = CARTESIAN_POINT('',(-87.90069775833,101.88105465715,1.5));
#3853 = CARTESIAN_POINT('',(-87.87031122358,101.74335020783,1.5));
#3854 = CARTESIAN_POINT('',(-87.85022052664,101.60446549923,1.5));
#3855 = CARTESIAN_POINT('',(-87.84034026336,101.46557702214,1.5));
#3856 = CARTESIAN_POINT('',(-87.84034036068,101.32784861569,1.5));
#3857 = ORIENTED_EDGE('',*,*,#3858,.F.);
#3858 = EDGE_CURVE('',#3694,#3720,#3859,.T.);
#3859 = B_SPLINE_CURVE_WITH_KNOTS('',5,(#3860,#3861,#3862,#3863,#3864,
    #3865,#3866,#3867,#3868,#3869,#3870,#3871,#3872,#3873,#3874,#3875,
    #3876,#3877,#3878,#3879,#3880,#3881,#3882,#3883,#3884,#3885,#3886,
    #3887,#3888,#3889,#3890,#3891,#3892,#3893,#3894,#3895,#3896,#3897,
    #3898,#3899,#3900,#3901,#3902,#3903,#3904,#3905,#3906,#3907,#3908,
    #3909,#3910,#3911,#3912,#3913,#3914,#3915,#3916,#3917,#3918,#3919,
    #3920,#3921,#3922,#3923,#3924,#3925,#3926,#3927,#3928,#3929,#3930,
    #3931,#3932,#3933,#3934,#3935,#3936,#3937,#3938,#3939,#3940,#3941,
    #3942,#3943,#3944,#3945,#3946,#3947,#3948,#3949,#3950,#3951,#3952,
    #3953,#3954,#3955,#3956,#3957,#3958,#3959,#3960,#3961,#3962,#3963,
    #3964,#3965,#3966,#3967,#3968,#3969,#3970,#3971,#3972,#3973,#3974,
    #3975,#3976,#3977,#3978,#3979,#3980,#3981,#3982,#3983,#3984,#3985,
    #3986,#3987,#3988,#3989,#3990,#3991,#3992,#3993),.UNSPECIFIED.,.T.,
  .F.,(1,5,4,4,4,4,4,4,4,4,4,4,4,4,4,4,4,4,4,4,4,4,4,4,4,4,4,4,4,4,4,4,4
    ,4,5,1),(-4.8028733054E-02,0.,4.714027220377E-02,8.077286134411E-02,
    0.105625788513,0.123657959426,0.166889550156,0.216503336071,
    0.2375345407,0.266044111382,0.305302637806,0.332770329998,
    0.339605183085,0.360688273858,0.399294675244,0.427326415018,
    0.44695804461,0.496767502925,0.54657696124,0.566208590832,
    0.594240330607,0.632846731992,0.647030548643,0.653994219385,
    0.660957890129,0.688943270658,0.72894170931,0.757988604794,
    0.779416188168,0.829965053674,0.87401143766,0.892383464011,
    0.91770479859,0.951971266946,1.,1.047140272204),.UNSPECIFIED.);
#3860 = CARTESIAN_POINT('',(-87.84034036068,101.32784861569,1.5));
#3861 = CARTESIAN_POINT('',(-87.84034026336,101.19012020925,1.5));
#3862 = CARTESIAN_POINT('',(-87.85022052664,101.05123173215,1.5));
#3863 = CARTESIAN_POINT('',(-87.87031122358,100.91234702356,1.5));
#3864 = CARTESIAN_POINT('',(-87.90069775833,100.77464257423,1.5));
#3865 = CARTESIAN_POINT('',(-87.97015511054,100.54272304333,1.5));
#3866 = CARTESIAN_POINT('',(-88.00424345251,100.44734933827,1.5));
#3867 = CARTESIAN_POINT('',(-88.04344595682,100.35359287566,1.5));
#3868 = CARTESIAN_POINT('',(-88.08765455091,100.26186092478,1.5));
#3869 = CARTESIAN_POINT('',(-88.17295349334,100.10654403128,1.5));
#3870 = CARTESIAN_POINT('',(-88.2118456927,100.0418617758,1.5));
#3871 = CARTESIAN_POINT('',(-88.25331753994,99.978655221982,1.5));
#3872 = CARTESIAN_POINT('',(-88.29728923422,99.917073781816,1.5));
#3873 = CARTESIAN_POINT('',(-88.37731600017,99.813860028817,1.5));
#3874 = CARTESIAN_POINT('',(-88.41223191041,99.771390960269,1.5));
#3875 = CARTESIAN_POINT('',(-88.44837846793,99.729905733292,1.5));
#3876 = CARTESIAN_POINT('',(-88.48571627119,99.689455569346,1.5));
#3877 = CARTESIAN_POINT('',(-88.61647137548,99.55570896553,1.5));
#3878 = CARTESIAN_POINT('',(-88.71534371454,99.467554709777,1.5));
#3879 = CARTESIAN_POINT('',(-88.82022153193,99.386299489385,1.5));
#3880 = CARTESIAN_POINT('',(-88.9304157495,99.312504234839,1.5));
#3881 = CARTESIAN_POINT('',(-89.1768134117,99.171004094412,1.5));
#3882 = CARTESIAN_POINT('',(-89.31446518275,99.105801126826,1.5));
#3883 = CARTESIAN_POINT('',(-89.45691641638,99.051686460658,1.5));
#3884 = CARTESIAN_POINT('',(-89.60289916963,99.009100707968,1.5));
#3885 = CARTESIAN_POINT('',(-89.81386916434,98.965168337646,1.5));
#3886 = CARTESIAN_POINT('',(-89.87706888104,98.954197166999,1.5));
#3887 = CARTESIAN_POINT('',(-89.94055998477,98.945348773189,1.5));
#3888 = CARTESIAN_POINT('',(-90.00424013792,98.93862993801,1.5));
#3889 = CARTESIAN_POINT('',(-90.15444685912,98.927816013683,1.5));
#3890 = CARTESIAN_POINT('',(-90.24104618175,98.925503347607,1.5));
#3891 = CARTESIAN_POINT('',(-90.32754726465,98.927097474858,1.5));
#3892 = CARTESIAN_POINT('',(-90.41369616383,98.932566117937,1.5));
#3893 = CARTESIAN_POINT('',(-90.61704095849,98.954630391459,1.5));
#3894 = CARTESIAN_POINT('',(-90.73369979889,98.97464403983,1.5));
#3895 = CARTESIAN_POINT('',(-90.84856017658,99.001729800384,1.5));
#3896 = CARTESIAN_POINT('',(-90.96100226381,99.035626135152,1.5));
#3897 = CARTESIAN_POINT('',(-91.14701785213,99.104196289663,1.5));
#3898 = CARTESIAN_POINT('',(-91.22212416411,99.135579365558,1.5));
#3899 = CARTESIAN_POINT('',(-91.29556585063,99.169994266503,1.5));
#3900 = CARTESIAN_POINT('',(-91.36716113325,99.20729355697,1.5));
#3901 = CARTESIAN_POINT('',(-91.45403181775,99.257247912001,1.5));
#3902 = CARTESIAN_POINT('',(-91.47130805308,99.267421233385,1.5));
#3903 = CARTESIAN_POINT('',(-91.48858270371,99.277838105769,1.5));
#3904 = CARTESIAN_POINT('',(-91.50585291396,99.288502613283,1.5));
#3905 = CARTESIAN_POINT('',(-91.57631890463,99.333064486955,1.5));
#3906 = CARTESIAN_POINT('',(-91.62861860845,99.368581201258,1.5));
#3907 = CARTESIAN_POINT('',(-91.67989508351,99.405928268672,1.5));
#3908 = CARTESIAN_POINT('',(-91.73004554928,99.445062886284,1.5));
#3909 = CARTESIAN_POINT('',(-91.86856312567,99.560772060056,1.5));
#3910 = CARTESIAN_POINT('',(-91.95405140491,99.641432630386,1.5));
#3911 = CARTESIAN_POINT('',(-92.03483095596,99.727590908479,1.5));
#3912 = CARTESIAN_POINT('',(-92.11036542675,99.818838701021,1.5));
#3913 = CARTESIAN_POINT('',(-92.2308853582,99.984275544775,1.5));
#3914 = CARTESIAN_POINT('',(-92.27857240828,100.05629270155,1.5));
#3915 = CARTESIAN_POINT('',(-92.32307110345,100.13054734716,1.5));
#3916 = CARTESIAN_POINT('',(-92.36422683433,100.20683498275,1.5));
#3917 = CARTESIAN_POINT('',(-92.42829790154,100.3396297887,1.5));
#3918 = CARTESIAN_POINT('',(-92.45298363075,100.39521421837,1.5));
#3919 = CARTESIAN_POINT('',(-92.47592042885,100.4516115504,1.5));
#3920 = CARTESIAN_POINT('',(-92.49706936798,100.5087429787,1.5));
#3921 = CARTESIAN_POINT('',(-92.56543711896,100.7131349264,1.5));
#3922 = CARTESIAN_POINT('',(-92.60275751494,100.8639506206,1.5));
#3923 = CARTESIAN_POINT('',(-92.62781899622,101.01762007397,1.5));
#3924 = CARTESIAN_POINT('',(-92.64035066657,101.17273820488,1.5));
#3925 = CARTESIAN_POINT('',(-92.64035066657,101.4829590265,1.5));
#3926 = CARTESIAN_POINT('',(-92.62781899622,101.63807715741,1.5));
#3927 = CARTESIAN_POINT('',(-92.60275751494,101.79174661077,1.5));
#3928 = CARTESIAN_POINT('',(-92.56543711896,101.94256230498,1.5));
#3929 = CARTESIAN_POINT('',(-92.49706936798,102.14695425267,1.5));
#3930 = CARTESIAN_POINT('',(-92.47592042885,102.20408568098,1.5));
#3931 = CARTESIAN_POINT('',(-92.45298363075,102.26048301301,1.5));
#3932 = CARTESIAN_POINT('',(-92.42829790154,102.31606744268,1.5));
#3933 = CARTESIAN_POINT('',(-92.36422683433,102.44886224863,1.5));
#3934 = CARTESIAN_POINT('',(-92.32307110345,102.52514988422,1.5));
#3935 = CARTESIAN_POINT('',(-92.27857240828,102.59940452983,1.5));
#3936 = CARTESIAN_POINT('',(-92.2308853582,102.67142168661,1.5));
#3937 = CARTESIAN_POINT('',(-92.11036542676,102.83685853036,1.5));
#3938 = CARTESIAN_POINT('',(-92.03483095596,102.9281063229,1.5));
#3939 = CARTESIAN_POINT('',(-91.95405140491,103.014264601,1.5));
#3940 = CARTESIAN_POINT('',(-91.86856312567,103.09492517133,1.5));
#3941 = CARTESIAN_POINT('',(-91.74605626952,103.19725994773,1.5));
#3942 = CARTESIAN_POINT('',(-91.71258667447,103.22397012684,1.5));
#3943 = CARTESIAN_POINT('',(-91.67859288555,103.24987898432,1.5));
#3944 = CARTESIAN_POINT('',(-91.64410573739,103.27497256557,1.5));
#3945 = CARTESIAN_POINT('',(-91.5919986785,103.31115248997,1.5));
#3946 = CARTESIAN_POINT('',(-91.57480833748,103.32281172478,1.5));
#3947 = CARTESIAN_POINT('',(-91.55759192861,103.33421868928,1.5));
#3948 = CARTESIAN_POINT('',(-91.54035512052,103.3453757806,1.5));
#3949 = CARTESIAN_POINT('',(-91.50585291397,103.3671946181,1.5));
#3950 = CARTESIAN_POINT('',(-91.48858270371,103.37785912561,1.5));
#3951 = CARTESIAN_POINT('',(-91.47130805308,103.388275998,1.5));
#3952 = CARTESIAN_POINT('',(-91.45403181775,103.39844931938,1.5));
#3953 = CARTESIAN_POINT('',(-91.36716113325,103.44840367441,1.5));
#3954 = CARTESIAN_POINT('',(-91.29556585063,103.48570296488,1.5));
#3955 = CARTESIAN_POINT('',(-91.22212416411,103.52011786582,1.5));
#3956 = CARTESIAN_POINT('',(-91.14701785213,103.55150094172,1.5));
#3957 = CARTESIAN_POINT('',(-90.96100226381,103.62007109623,1.5));
#3958 = CARTESIAN_POINT('',(-90.84856017658,103.653967431,1.5));
#3959 = CARTESIAN_POINT('',(-90.73369979889,103.68105319155,1.5));
#3960 = CARTESIAN_POINT('',(-90.61704095849,103.70106683992,1.5));
#3961 = CARTESIAN_POINT('',(-90.41369616383,103.72313111345,1.5));
#3962 = CARTESIAN_POINT('',(-90.32754726465,103.72859975652,1.5));
#3963 = CARTESIAN_POINT('',(-90.24104618175,103.73019388378,1.5));
#3964 = CARTESIAN_POINT('',(-90.15444685913,103.7278812177,1.5));
#3965 = CARTESIAN_POINT('',(-90.00424013792,103.71706729337,1.5));
#3966 = CARTESIAN_POINT('',(-89.94055998477,103.71034845819,1.5));
#3967 = CARTESIAN_POINT('',(-89.87706888104,103.70150006438,1.5));
#3968 = CARTESIAN_POINT('',(-89.81386916434,103.69052889374,1.5));
#3969 = CARTESIAN_POINT('',(-89.60289916963,103.64659652342,1.5));
#3970 = CARTESIAN_POINT('',(-89.45691641638,103.60401077073,1.5));
#3971 = CARTESIAN_POINT('',(-89.31446518275,103.54989610456,1.5));
#3972 = CARTESIAN_POINT('',(-89.1768134117,103.48469313697,1.5));
#3973 = CARTESIAN_POINT('',(-88.9304157495,103.34319299655,1.5));
#3974 = CARTESIAN_POINT('',(-88.82022153193,103.269397742,1.5));
#3975 = CARTESIAN_POINT('',(-88.71534371454,103.18814252161,1.5));
#3976 = CARTESIAN_POINT('',(-88.61647137548,103.09998826586,1.5));
#3977 = CARTESIAN_POINT('',(-88.48571627119,102.96624166204,1.5));
#3978 = CARTESIAN_POINT('',(-88.44837846793,102.92579149809,1.5));
#3979 = CARTESIAN_POINT('',(-88.41223191041,102.88430627112,1.5));
#3980 = CARTESIAN_POINT('',(-88.37731600017,102.84183720257,1.5));
#3981 = CARTESIAN_POINT('',(-88.29728923422,102.73862344957,1.5));
#3982 = CARTESIAN_POINT('',(-88.25331753994,102.67704200941,1.5));
#3983 = CARTESIAN_POINT('',(-88.2118456927,102.61383545558,1.5));
#3984 = CARTESIAN_POINT('',(-88.17295349334,102.5491532001,1.5));
#3985 = CARTESIAN_POINT('',(-88.08765455091,102.3938363066,1.5));
#3986 = CARTESIAN_POINT('',(-88.04344595682,102.30210435572,1.5));
#3987 = CARTESIAN_POINT('',(-88.00424345251,102.20834789311,1.5));
#3988 = CARTESIAN_POINT('',(-87.97015511054,102.11297418805,1.5));
#3989 = CARTESIAN_POINT('',(-87.90069775833,101.88105465715,1.5));
#3990 = CARTESIAN_POINT('',(-87.87031122358,101.74335020783,1.5));
#3991 = CARTESIAN_POINT('',(-87.85022052664,101.60446549923,1.5));
#3992 = CARTESIAN_POINT('',(-87.84034026336,101.46557702214,1.5));
#3993 = CARTESIAN_POINT('',(-87.84034036068,101.32784861569,1.5));
#3994 = B_SPLINE_SURFACE_WITH_KNOTS('',1,1,(
    (#3995,#3996)
    ,(#3997,#3998
  )),.UNSPECIFIED.,.F.,.F.,.F.,(2,2),(2,2),(-187.5,187.5),(-165.69485,
    167.5),.PIECEWISE_BEZIER_KNOTS.);
#3995 = CARTESIAN_POINT('',(-85.60483616967,95.619191008382,
    1.50000508001));
#3996 = CARTESIAN_POINT('',(-85.60483616967,104.08235712471,
    1.50000508001));
#3997 = CARTESIAN_POINT('',(-95.12985521971,95.619191008382,
    1.50000508001));
#3998 = CARTESIAN_POINT('',(-95.12985521971,104.08235712471,
    1.50000508001));
#3999 = ADVANCED_FACE('',(#4000),#4011,.T.);
#4000 = FACE_BOUND('',#4001,.T.);
#4001 = EDGE_LOOP('',(#4002,#4008,#4009,#4010));
#4002 = ORIENTED_EDGE('',*,*,#4003,.F.);
#4003 = EDGE_CURVE('',#2699,#2720,#4004,.T.);
#4004 = LINE('',#4005,#4006);
#4005 = CARTESIAN_POINT('',(-97.76219329438,105.58235712471,1.5));
#4006 = VECTOR('',#4007,1.);
#4007 = DIRECTION('',(1.,0.,-0.));
#4008 = ORIENTED_EDGE('',*,*,#2698,.T.);
#4009 = ORIENTED_EDGE('',*,*,#3686,.T.);
#4010 = ORIENTED_EDGE('',*,*,#2726,.T.);
#4011 = PLANE('',#4012);
#4012 = AXIS2_PLACEMENT_3D('',#4013,#4014,#4015);
#4013 = CARTESIAN_POINT('',(-97.76219329438,97.12,1.5));
#4014 = DIRECTION('',(0.,0.,1.));
#4015 = DIRECTION('',(1.,0.,-0.));
#4016 = ADVANCED_FACE('',(#4017),#4023,.T.);
#4017 = FACE_BOUND('',#4018,.T.);
#4018 = EDGE_LOOP('',(#4019,#4020,#4021,#4022));
#4019 = ORIENTED_EDGE('',*,*,#2642,.F.);
#4020 = ORIENTED_EDGE('',*,*,#2705,.T.);
#4021 = ORIENTED_EDGE('',*,*,#4003,.T.);
#4022 = ORIENTED_EDGE('',*,*,#2719,.F.);
#4023 = B_SPLINE_SURFACE_WITH_KNOTS('',1,1,(
    (#4024,#4025)
    ,(#4026,#4027
    )),.UNSPECIFIED.,.F.,.F.,.F.,(2,2),(2,2),(0.,375.),(-118.1102,0.),
  .PIECEWISE_BEZIER_KNOTS.);
#4024 = CARTESIAN_POINT('',(-95.12985521971,105.58235712471,
    1.50000508001));
#4025 = CARTESIAN_POINT('',(-95.12985521971,105.58235712471,-1.5));
#4026 = CARTESIAN_POINT('',(-85.60483616967,105.58235712471,
    1.50000508001));
#4027 = CARTESIAN_POINT('',(-85.60483616967,105.58235712471,-1.5));
#4028 = ADVANCED_FACE('',(#4029,#4044),#4348,.F.);
#4029 = FACE_BOUND('',#4030,.F.);
#4030 = EDGE_LOOP('',(#4031,#4032,#4038,#4039));
#4031 = ORIENTED_EDGE('',*,*,#2859,.T.);
#4032 = ORIENTED_EDGE('',*,*,#4033,.T.);
#4033 = EDGE_CURVE('',#2860,#2811,#4034,.T.);
#4034 = LINE('',#4035,#4036);
#4035 = CARTESIAN_POINT('',(-98.01219329438,97.12,1.5));
#4036 = VECTOR('',#4037,1.);
#4037 = DIRECTION('',(-1.,-0.,0.));
#4038 = ORIENTED_EDGE('',*,*,#2817,.T.);
#4039 = ORIENTED_EDGE('',*,*,#4040,.T.);
#4040 = EDGE_CURVE('',#2818,#2853,#4041,.T.);
#4041 = B_SPLINE_CURVE_WITH_KNOTS('',1,(#4042,#4043),.UNSPECIFIED.,.F.,
  .F.,(2,2),(0.,375.),.PIECEWISE_BEZIER_KNOTS.);
#4042 = CARTESIAN_POINT('',(-8.572517145034,103.94970789941,
    1.50000508001));
#4043 = CARTESIAN_POINT('',(0.952501905004,103.94970789941,1.50000508001
    ));
#4044 = FACE_BOUND('',#4045,.F.);
#4045 = EDGE_LOOP('',(#4046,#4060,#4072,#4211));
#4046 = ORIENTED_EDGE('',*,*,#4047,.T.);
#4047 = EDGE_CURVE('',#4048,#4050,#4052,.T.);
#4048 = VERTEX_POINT('',#4049);
#4049 = CARTESIAN_POINT('',(-5.962815372403,100.44519928258,
    1.500002538738));
#4050 = VERTEX_POINT('',#4051);
#4051 = CARTESIAN_POINT('',(-1.283002286005,99.695199390399,
    1.50000508001));
#4052 = ( BOUNDED_CURVE() B_SPLINE_CURVE(2,(#4053,#4054,#4055,#4056,
#4057,#4058,#4059),.UNSPECIFIED.,.T.,.F.) B_SPLINE_CURVE_WITH_KNOTS((1,2
    ,2,2,2,1),(-2.094395102394,0.,2.094395102393,4.188790204786,
6.28318530718,8.377580409573),.UNSPECIFIED.) CURVE() 
GEOMETRIC_REPRESENTATION_ITEM() RATIONAL_B_SPLINE_CURVE((1.,0.5,1.,0.5,
1.,0.5,1.)) REPRESENTATION_ITEM('') );
#4053 = CARTESIAN_POINT('',(-1.283002286005,99.695199390399,
    1.50000508001));
#4054 = CARTESIAN_POINT('',(-1.283002286005,103.8521301274,1.50000508001
    ));
#4055 = CARTESIAN_POINT('',(-4.88300990602,101.77366475889,1.50000508001
    ));
#4056 = CARTESIAN_POINT('',(-8.483017526035,99.695199390399,
    1.50000508001));
#4057 = CARTESIAN_POINT('',(-4.88300990602,97.616734021898,1.50000508001
    ));
#4058 = CARTESIAN_POINT('',(-1.283002286005,95.538268653398,
    1.50000508001));
#4059 = CARTESIAN_POINT('',(-1.283002286005,99.695199390399,
    1.50000508001));
#4060 = ORIENTED_EDGE('',*,*,#4061,.T.);
#4061 = EDGE_CURVE('',#4050,#4062,#4064,.T.);
#4062 = VERTEX_POINT('',#4063);
#4063 = CARTESIAN_POINT('',(-1.403199377072,100.44519933548,
    1.500002539676));
#4064 = ( BOUNDED_CURVE() B_SPLINE_CURVE(2,(#4065,#4066,#4067,#4068,
#4069,#4070,#4071),.UNSPECIFIED.,.T.,.F.) B_SPLINE_CURVE_WITH_KNOTS((1,2
    ,2,2,2,1),(-2.094395102394,0.,2.094395102393,4.188790204786,
6.28318530718,8.377580409573),.UNSPECIFIED.) CURVE() 
GEOMETRIC_REPRESENTATION_ITEM() RATIONAL_B_SPLINE_CURVE((1.,0.5,1.,0.5,
1.,0.5,1.)) REPRESENTATION_ITEM('') );
#4065 = CARTESIAN_POINT('',(-1.283002286005,99.695199390399,
    1.50000508001));
#4066 = CARTESIAN_POINT('',(-1.283002286005,103.8521301274,1.50000508001
    ));
#4067 = CARTESIAN_POINT('',(-4.88300990602,101.77366475889,1.50000508001
    ));
#4068 = CARTESIAN_POINT('',(-8.483017526035,99.695199390399,
    1.50000508001));
#4069 = CARTESIAN_POINT('',(-4.88300990602,97.616734021898,1.50000508001
    ));
#4070 = CARTESIAN_POINT('',(-1.283002286005,95.538268653398,
    1.50000508001));
#4071 = CARTESIAN_POINT('',(-1.283002286005,99.695199390399,
    1.50000508001));
#4072 = ORIENTED_EDGE('',*,*,#4073,.F.);
#4073 = EDGE_CURVE('',#4074,#4062,#4076,.T.);
#4074 = VERTEX_POINT('',#4075);
#4075 = CARTESIAN_POINT('',(-1.283002286005,101.19519939039,1.5));
#4076 = B_SPLINE_CURVE_WITH_KNOTS('',5,(#4077,#4078,#4079,#4080,#4081,
    #4082,#4083,#4084,#4085,#4086,#4087,#4088,#4089,#4090,#4091,#4092,
    #4093,#4094,#4095,#4096,#4097,#4098,#4099,#4100,#4101,#4102,#4103,
    #4104,#4105,#4106,#4107,#4108,#4109,#4110,#4111,#4112,#4113,#4114,
    #4115,#4116,#4117,#4118,#4119,#4120,#4121,#4122,#4123,#4124,#4125,
    #4126,#4127,#4128,#4129,#4130,#4131,#4132,#4133,#4134,#4135,#4136,
    #4137,#4138,#4139,#4140,#4141,#4142,#4143,#4144,#4145,#4146,#4147,
    #4148,#4149,#4150,#4151,#4152,#4153,#4154,#4155,#4156,#4157,#4158,
    #4159,#4160,#4161,#4162,#4163,#4164,#4165,#4166,#4167,#4168,#4169,
    #4170,#4171,#4172,#4173,#4174,#4175,#4176,#4177,#4178,#4179,#4180,
    #4181,#4182,#4183,#4184,#4185,#4186,#4187,#4188,#4189,#4190,#4191,
    #4192,#4193,#4194,#4195,#4196,#4197,#4198,#4199,#4200,#4201,#4202,
    #4203,#4204,#4205,#4206,#4207,#4208,#4209,#4210),.UNSPECIFIED.,.T.,
  .F.,(1,5,4,4,4,4,4,4,4,4,4,4,4,4,4,4,4,4,4,4,4,4,4,4,4,4,4,4,4,4,4,4,4
    ,4,5,1),(-4.8028733054E-02,0.,4.71402722038E-02,8.077286134412E-02,
    0.105625788513,0.123657959426,0.166889550156,0.216503336071,
    0.2375345407,0.266044111382,0.305302637807,0.332770329998,
    0.339605183085,0.360688273859,0.399294675244,0.427326415019,
    0.446958044611,0.496767502926,0.546576961241,0.566208590833,
    0.594240330608,0.632846731993,0.647030548644,0.653994219387,
    0.66095789013,0.688943270659,0.728941709311,0.757988604794,
    0.779416188169,0.829965053674,0.87401143766,0.892383464012,
    0.91770479859,0.951971266946,1.,1.047140272204),.UNSPECIFIED.);
#4077 = CARTESIAN_POINT('',(-1.283002286005,101.19519939039,1.5));
#4078 = CARTESIAN_POINT('',(-1.283002188687,101.05747098395,1.5));
#4079 = CARTESIAN_POINT('',(-1.292882451968,100.91858250686,1.5));
#4080 = CARTESIAN_POINT('',(-1.312973148905,100.77969779826,1.5));
#4081 = CARTESIAN_POINT('',(-1.343359683661,100.64199334893,1.5));
#4082 = CARTESIAN_POINT('',(-1.412817035874,100.41007381803,1.5));
#4083 = CARTESIAN_POINT('',(-1.446905377842,100.31470011297,1.5));
#4084 = CARTESIAN_POINT('',(-1.48610788215,100.22094365036,1.5));
#4085 = CARTESIAN_POINT('',(-1.530316476244,100.12921169949,1.5));
#4086 = CARTESIAN_POINT('',(-1.615615418669,99.973894805988,1.5));
#4087 = CARTESIAN_POINT('',(-1.65450761803,99.909212550511,1.5));
#4088 = CARTESIAN_POINT('',(-1.695979465273,99.846005996684,1.5));
#4089 = CARTESIAN_POINT('',(-1.739951159551,99.784424556517,1.5));
#4090 = CARTESIAN_POINT('',(-1.819977925501,99.681210803518,1.5));
#4091 = CARTESIAN_POINT('',(-1.854893835744,99.63874173497,1.5));
#4092 = CARTESIAN_POINT('',(-1.891040393256,99.597256507994,1.5));
#4093 = CARTESIAN_POINT('',(-1.92837819652,99.556806344048,1.5));
#4094 = CARTESIAN_POINT('',(-2.059133300809,99.423059740232,1.5));
#4095 = CARTESIAN_POINT('',(-2.158005639871,99.334905484479,1.5));
#4096 = CARTESIAN_POINT('',(-2.262883457262,99.253650264087,1.5));
#4097 = CARTESIAN_POINT('',(-2.373077674831,99.179855009541,1.5));
#4098 = CARTESIAN_POINT('',(-2.619475337033,99.038354869114,1.5));
#4099 = CARTESIAN_POINT('',(-2.757127108085,98.973151901528,1.5));
#4100 = CARTESIAN_POINT('',(-2.899578341713,98.91903723536,1.5));
#4101 = CARTESIAN_POINT('',(-3.04556109496,98.87645148267,1.5));
#4102 = CARTESIAN_POINT('',(-3.256531089672,98.832519112347,1.5));
#4103 = CARTESIAN_POINT('',(-3.319730806369,98.8215479417,1.5));
#4104 = CARTESIAN_POINT('',(-3.3832219101,98.812699547891,1.5));
#4105 = CARTESIAN_POINT('',(-3.446902063252,98.805980712711,1.5));
#4106 = CARTESIAN_POINT('',(-3.597108784457,98.795166788385,1.5));
#4107 = CARTESIAN_POINT('',(-3.683708107082,98.792854122308,1.5));
#4108 = CARTESIAN_POINT('',(-3.770209189979,98.794448249559,1.5));
#4109 = CARTESIAN_POINT('',(-3.856358089165,98.799916892638,1.5));
#4110 = CARTESIAN_POINT('',(-4.059702883819,98.82198116616,1.5));
#4111 = CARTESIAN_POINT('',(-4.176361724226,98.841994814531,1.5));
#4112 = CARTESIAN_POINT('',(-4.291222101911,98.869080575085,1.5));
#4113 = CARTESIAN_POINT('',(-4.403664189141,98.902976909853,1.5));
#4114 = CARTESIAN_POINT('',(-4.589679777464,98.971547064364,1.5));
#4115 = CARTESIAN_POINT('',(-4.664786089442,99.00293014026,1.5));
#4116 = CARTESIAN_POINT('',(-4.738227775966,99.037345041204,1.5));
#4117 = CARTESIAN_POINT('',(-4.809823058582,99.074644331671,1.5));
#4118 = CARTESIAN_POINT('',(-4.896693743087,99.124598686702,1.5));
#4119 = CARTESIAN_POINT('',(-4.913969978412,99.134772008086,1.5));
#4120 = CARTESIAN_POINT('',(-4.931244629047,99.14518888047,1.5));
#4121 = CARTESIAN_POINT('',(-4.948514839299,99.155853387984,1.5));
#4122 = CARTESIAN_POINT('',(-5.01898082996,99.200415261656,1.5));
#4123 = CARTESIAN_POINT('',(-5.071280533784,99.235931975959,1.5));
#4124 = CARTESIAN_POINT('',(-5.122557008846,99.273279043373,1.5));
#4125 = CARTESIAN_POINT('',(-5.172707474618,99.312413660985,1.5));
#4126 = CARTESIAN_POINT('',(-5.311225051004,99.428122834757,1.5));
#4127 = CARTESIAN_POINT('',(-5.396713330247,99.508783405088,1.5));
#4128 = CARTESIAN_POINT('',(-5.477492881296,99.59494168318,1.5));
#4129 = CARTESIAN_POINT('',(-5.553027352088,99.686189475722,1.5));
#4130 = CARTESIAN_POINT('',(-5.673547283533,99.851626319476,1.5));
#4131 = CARTESIAN_POINT('',(-5.72123433361,99.923643476258,1.5));
#4132 = CARTESIAN_POINT('',(-5.765733028785,99.997898121865,1.5));
#4133 = CARTESIAN_POINT('',(-5.806888759664,100.07418575745,1.5));
#4134 = CARTESIAN_POINT('',(-5.870959826869,100.2069805634,1.5));
#4135 = CARTESIAN_POINT('',(-5.895645556081,100.26256499307,1.5));
#4136 = CARTESIAN_POINT('',(-5.918582354181,100.3189623251,1.5));
#4137 = CARTESIAN_POINT('',(-5.939731293316,100.37609375341,1.5));
#4138 = CARTESIAN_POINT('',(-6.008099044295,100.5804857011,1.5));
#4139 = CARTESIAN_POINT('',(-6.045419440271,100.7313013953,1.5));
#4140 = CARTESIAN_POINT('',(-6.070480921557,100.88497084867,1.5));
#4141 = CARTESIAN_POINT('',(-6.083012591903,101.04008897958,1.5));
#4142 = CARTESIAN_POINT('',(-6.083012591903,101.3503098012,1.5));
#4143 = CARTESIAN_POINT('',(-6.070480921557,101.50542793211,1.5));
#4144 = CARTESIAN_POINT('',(-6.045419440271,101.65909738548,1.5));
#4145 = CARTESIAN_POINT('',(-6.008099044295,101.80991307968,1.5));
#4146 = CARTESIAN_POINT('',(-5.939731293317,102.01430502737,1.5));
#4147 = CARTESIAN_POINT('',(-5.918582354182,102.07143645568,1.5));
#4148 = CARTESIAN_POINT('',(-5.895645556082,102.12783378771,1.5));
#4149 = CARTESIAN_POINT('',(-5.87095982687,102.18341821738,1.5));
#4150 = CARTESIAN_POINT('',(-5.806888759665,102.31621302333,1.5));
#4151 = CARTESIAN_POINT('',(-5.765733028786,102.39250065892,1.5));
#4152 = CARTESIAN_POINT('',(-5.721234333611,102.46675530453,1.5));
#4153 = CARTESIAN_POINT('',(-5.673547283534,102.53877246131,1.5));
#4154 = CARTESIAN_POINT('',(-5.553027352089,102.70420930506,1.5));
#4155 = CARTESIAN_POINT('',(-5.477492881297,102.7954570976,1.5));
#4156 = CARTESIAN_POINT('',(-5.396713330249,102.8816153757,1.5));
#4157 = CARTESIAN_POINT('',(-5.311225051006,102.96227594603,1.5));
#4158 = CARTESIAN_POINT('',(-5.188718194851,103.06461072243,1.5));
#4159 = CARTESIAN_POINT('',(-5.155248599804,103.09132090154,1.5));
#4160 = CARTESIAN_POINT('',(-5.121254810888,103.11722975902,1.5));
#4161 = CARTESIAN_POINT('',(-5.086767662726,103.14232334027,1.5));
#4162 = CARTESIAN_POINT('',(-5.034660603833,103.17850326467,1.5));
#4163 = CARTESIAN_POINT('',(-5.017470262816,103.19016249948,1.5));
#4164 = CARTESIAN_POINT('',(-5.000253853946,103.20156946398,1.5));
#4165 = CARTESIAN_POINT('',(-4.983017045852,103.2127265553,1.5));
#4166 = CARTESIAN_POINT('',(-4.948514839301,103.2345453928,1.5));
#4167 = CARTESIAN_POINT('',(-4.931244629048,103.24520990031,1.5));
#4168 = CARTESIAN_POINT('',(-4.913969978413,103.2556267727,1.5));
#4169 = CARTESIAN_POINT('',(-4.896693743089,103.26580009408,1.5));
#4170 = CARTESIAN_POINT('',(-4.809823058583,103.31575444911,1.5));
#4171 = CARTESIAN_POINT('',(-4.738227775968,103.35305373958,1.5));
#4172 = CARTESIAN_POINT('',(-4.664786089444,103.38746864052,1.5));
#4173 = CARTESIAN_POINT('',(-4.589679777466,103.41885171642,1.5));
#4174 = CARTESIAN_POINT('',(-4.403664189143,103.48742187093,1.5));
#4175 = CARTESIAN_POINT('',(-4.291222101912,103.5213182057,1.5));
#4176 = CARTESIAN_POINT('',(-4.176361724227,103.54840396625,1.5));
#4177 = CARTESIAN_POINT('',(-4.059702883821,103.56841761463,1.5));
#4178 = CARTESIAN_POINT('',(-3.856358089167,103.59048188815,1.5));
#4179 = CARTESIAN_POINT('',(-3.77020918998,103.59595053123,1.5));
#4180 = CARTESIAN_POINT('',(-3.683708107083,103.59754465848,1.5));
#4181 = CARTESIAN_POINT('',(-3.597108784458,103.5952319924,1.5));
#4182 = CARTESIAN_POINT('',(-3.446902063254,103.58441806808,1.5));
#4183 = CARTESIAN_POINT('',(-3.383221910102,103.5776992329,1.5));
#4184 = CARTESIAN_POINT('',(-3.31973080637,103.56885083909,1.5));
#4185 = CARTESIAN_POINT('',(-3.256531089673,103.55787966844,1.5));
#4186 = CARTESIAN_POINT('',(-3.045561094962,103.51394729812,1.5));
#4187 = CARTESIAN_POINT('',(-2.899578341714,103.47136154543,1.5));
#4188 = CARTESIAN_POINT('',(-2.757127108086,103.41724687926,1.5));
#4189 = CARTESIAN_POINT('',(-2.619475337034,103.35204391168,1.5));
#4190 = CARTESIAN_POINT('',(-2.373077674832,103.21054377125,1.5));
#4191 = CARTESIAN_POINT('',(-2.262883457263,103.1367485167,1.5));
#4192 = CARTESIAN_POINT('',(-2.158005639872,103.05549329631,1.5));
#4193 = CARTESIAN_POINT('',(-2.059133300809,102.96733904056,1.5));
#4194 = CARTESIAN_POINT('',(-1.92837819652,102.83359243674,1.5));
#4195 = CARTESIAN_POINT('',(-1.891040393256,102.7931422728,1.5));
#4196 = CARTESIAN_POINT('',(-1.854893835745,102.75165704582,1.5));
#4197 = CARTESIAN_POINT('',(-1.819977925501,102.70918797727,1.5));
#4198 = CARTESIAN_POINT('',(-1.739951159551,102.60597422428,1.5));
#4199 = CARTESIAN_POINT('',(-1.695979465274,102.54439278411,1.5));
#4200 = CARTESIAN_POINT('',(-1.65450761803,102.48118623028,1.5));
#4201 = CARTESIAN_POINT('',(-1.61561541867,102.4165039748,1.5));
#4202 = CARTESIAN_POINT('',(-1.530316476244,102.2611870813,1.5));
#4203 = CARTESIAN_POINT('',(-1.48610788215,102.16945513042,1.5));
#4204 = CARTESIAN_POINT('',(-1.446905377842,102.07569866782,1.5));
#4205 = CARTESIAN_POINT('',(-1.412817035874,101.98032496276,1.5));
#4206 = CARTESIAN_POINT('',(-1.343359683661,101.74840543186,1.5));
#4207 = CARTESIAN_POINT('',(-1.312973148905,101.61070098253,1.5));
#4208 = CARTESIAN_POINT('',(-1.292882451968,101.47181627393,1.5));
#4209 = CARTESIAN_POINT('',(-1.283002188687,101.33292779684,1.5));
#4210 = CARTESIAN_POINT('',(-1.283002286005,101.19519939039,1.5));
#4211 = ORIENTED_EDGE('',*,*,#4212,.F.);
#4212 = EDGE_CURVE('',#4048,#4074,#4213,.T.);
#4213 = B_SPLINE_CURVE_WITH_KNOTS('',5,(#4214,#4215,#4216,#4217,#4218,
    #4219,#4220,#4221,#4222,#4223,#4224,#4225,#4226,#4227,#4228,#4229,
    #4230,#4231,#4232,#4233,#4234,#4235,#4236,#4237,#4238,#4239,#4240,
    #4241,#4242,#4243,#4244,#4245,#4246,#4247,#4248,#4249,#4250,#4251,
    #4252,#4253,#4254,#4255,#4256,#4257,#4258,#4259,#4260,#4261,#4262,
    #4263,#4264,#4265,#4266,#4267,#4268,#4269,#4270,#4271,#4272,#4273,
    #4274,#4275,#4276,#4277,#4278,#4279,#4280,#4281,#4282,#4283,#4284,
    #4285,#4286,#4287,#4288,#4289,#4290,#4291,#4292,#4293,#4294,#4295,
    #4296,#4297,#4298,#4299,#4300,#4301,#4302,#4303,#4304,#4305,#4306,
    #4307,#4308,#4309,#4310,#4311,#4312,#4313,#4314,#4315,#4316,#4317,
    #4318,#4319,#4320,#4321,#4322,#4323,#4324,#4325,#4326,#4327,#4328,
    #4329,#4330,#4331,#4332,#4333,#4334,#4335,#4336,#4337,#4338,#4339,
    #4340,#4341,#4342,#4343,#4344,#4345,#4346,#4347),.UNSPECIFIED.,.T.,
  .F.,(1,5,4,4,4,4,4,4,4,4,4,4,4,4,4,4,4,4,4,4,4,4,4,4,4,4,4,4,4,4,4,4,4
    ,4,5,1),(-4.8028733054E-02,0.,4.71402722038E-02,8.077286134412E-02,
    0.105625788513,0.123657959426,0.166889550156,0.216503336071,
    0.2375345407,0.266044111382,0.305302637807,0.332770329998,
    0.339605183085,0.360688273859,0.399294675244,0.427326415019,
    0.446958044611,0.496767502926,0.546576961241,0.566208590833,
    0.594240330608,0.632846731993,0.647030548644,0.653994219387,
    0.66095789013,0.688943270659,0.728941709311,0.757988604794,
    0.779416188169,0.829965053674,0.87401143766,0.892383464012,
    0.91770479859,0.951971266946,1.,1.047140272204),.UNSPECIFIED.);
#4214 = CARTESIAN_POINT('',(-1.283002286005,101.19519939039,1.5));
#4215 = CARTESIAN_POINT('',(-1.283002188687,101.05747098395,1.5));
#4216 = CARTESIAN_POINT('',(-1.292882451968,100.91858250686,1.5));
#4217 = CARTESIAN_POINT('',(-1.312973148905,100.77969779826,1.5));
#4218 = CARTESIAN_POINT('',(-1.343359683661,100.64199334893,1.5));
#4219 = CARTESIAN_POINT('',(-1.412817035874,100.41007381803,1.5));
#4220 = CARTESIAN_POINT('',(-1.446905377842,100.31470011297,1.5));
#4221 = CARTESIAN_POINT('',(-1.48610788215,100.22094365036,1.5));
#4222 = CARTESIAN_POINT('',(-1.530316476244,100.12921169949,1.5));
#4223 = CARTESIAN_POINT('',(-1.615615418669,99.973894805988,1.5));
#4224 = CARTESIAN_POINT('',(-1.65450761803,99.909212550511,1.5));
#4225 = CARTESIAN_POINT('',(-1.695979465273,99.846005996684,1.5));
#4226 = CARTESIAN_POINT('',(-1.739951159551,99.784424556517,1.5));
#4227 = CARTESIAN_POINT('',(-1.819977925501,99.681210803518,1.5));
#4228 = CARTESIAN_POINT('',(-1.854893835744,99.63874173497,1.5));
#4229 = CARTESIAN_POINT('',(-1.891040393256,99.597256507994,1.5));
#4230 = CARTESIAN_POINT('',(-1.92837819652,99.556806344048,1.5));
#4231 = CARTESIAN_POINT('',(-2.059133300809,99.423059740232,1.5));
#4232 = CARTESIAN_POINT('',(-2.158005639871,99.334905484479,1.5));
#4233 = CARTESIAN_POINT('',(-2.262883457262,99.253650264087,1.5));
#4234 = CARTESIAN_POINT('',(-2.373077674831,99.179855009541,1.5));
#4235 = CARTESIAN_POINT('',(-2.619475337033,99.038354869114,1.5));
#4236 = CARTESIAN_POINT('',(-2.757127108085,98.973151901528,1.5));
#4237 = CARTESIAN_POINT('',(-2.899578341713,98.91903723536,1.5));
#4238 = CARTESIAN_POINT('',(-3.04556109496,98.87645148267,1.5));
#4239 = CARTESIAN_POINT('',(-3.256531089672,98.832519112347,1.5));
#4240 = CARTESIAN_POINT('',(-3.319730806369,98.8215479417,1.5));
#4241 = CARTESIAN_POINT('',(-3.3832219101,98.812699547891,1.5));
#4242 = CARTESIAN_POINT('',(-3.446902063252,98.805980712711,1.5));
#4243 = CARTESIAN_POINT('',(-3.597108784457,98.795166788385,1.5));
#4244 = CARTESIAN_POINT('',(-3.683708107082,98.792854122308,1.5));
#4245 = CARTESIAN_POINT('',(-3.770209189979,98.794448249559,1.5));
#4246 = CARTESIAN_POINT('',(-3.856358089165,98.799916892638,1.5));
#4247 = CARTESIAN_POINT('',(-4.059702883819,98.82198116616,1.5));
#4248 = CARTESIAN_POINT('',(-4.176361724226,98.841994814531,1.5));
#4249 = CARTESIAN_POINT('',(-4.291222101911,98.869080575085,1.5));
#4250 = CARTESIAN_POINT('',(-4.403664189141,98.902976909853,1.5));
#4251 = CARTESIAN_POINT('',(-4.589679777464,98.971547064364,1.5));
#4252 = CARTESIAN_POINT('',(-4.664786089442,99.00293014026,1.5));
#4253 = CARTESIAN_POINT('',(-4.738227775966,99.037345041204,1.5));
#4254 = CARTESIAN_POINT('',(-4.809823058582,99.074644331671,1.5));
#4255 = CARTESIAN_POINT('',(-4.896693743087,99.124598686702,1.5));
#4256 = CARTESIAN_POINT('',(-4.913969978412,99.134772008086,1.5));
#4257 = CARTESIAN_POINT('',(-4.931244629047,99.14518888047,1.5));
#4258 = CARTESIAN_POINT('',(-4.948514839299,99.155853387984,1.5));
#4259 = CARTESIAN_POINT('',(-5.01898082996,99.200415261656,1.5));
#4260 = CARTESIAN_POINT('',(-5.071280533784,99.235931975959,1.5));
#4261 = CARTESIAN_POINT('',(-5.122557008846,99.273279043373,1.5));
#4262 = CARTESIAN_POINT('',(-5.172707474618,99.312413660985,1.5));
#4263 = CARTESIAN_POINT('',(-5.311225051004,99.428122834757,1.5));
#4264 = CARTESIAN_POINT('',(-5.396713330247,99.508783405088,1.5));
#4265 = CARTESIAN_POINT('',(-5.477492881296,99.59494168318,1.5));
#4266 = CARTESIAN_POINT('',(-5.553027352088,99.686189475722,1.5));
#4267 = CARTESIAN_POINT('',(-5.673547283533,99.851626319476,1.5));
#4268 = CARTESIAN_POINT('',(-5.72123433361,99.923643476258,1.5));
#4269 = CARTESIAN_POINT('',(-5.765733028785,99.997898121865,1.5));
#4270 = CARTESIAN_POINT('',(-5.806888759664,100.07418575745,1.5));
#4271 = CARTESIAN_POINT('',(-5.870959826869,100.2069805634,1.5));
#4272 = CARTESIAN_POINT('',(-5.895645556081,100.26256499307,1.5));
#4273 = CARTESIAN_POINT('',(-5.918582354181,100.3189623251,1.5));
#4274 = CARTESIAN_POINT('',(-5.939731293316,100.37609375341,1.5));
#4275 = CARTESIAN_POINT('',(-6.008099044295,100.5804857011,1.5));
#4276 = CARTESIAN_POINT('',(-6.045419440271,100.7313013953,1.5));
#4277 = CARTESIAN_POINT('',(-6.070480921557,100.88497084867,1.5));
#4278 = CARTESIAN_POINT('',(-6.083012591903,101.04008897958,1.5));
#4279 = CARTESIAN_POINT('',(-6.083012591903,101.3503098012,1.5));
#4280 = CARTESIAN_POINT('',(-6.070480921557,101.50542793211,1.5));
#4281 = CARTESIAN_POINT('',(-6.045419440271,101.65909738548,1.5));
#4282 = CARTESIAN_POINT('',(-6.008099044295,101.80991307968,1.5));
#4283 = CARTESIAN_POINT('',(-5.939731293317,102.01430502737,1.5));
#4284 = CARTESIAN_POINT('',(-5.918582354182,102.07143645568,1.5));
#4285 = CARTESIAN_POINT('',(-5.895645556082,102.12783378771,1.5));
#4286 = CARTESIAN_POINT('',(-5.87095982687,102.18341821738,1.5));
#4287 = CARTESIAN_POINT('',(-5.806888759665,102.31621302333,1.5));
#4288 = CARTESIAN_POINT('',(-5.765733028786,102.39250065892,1.5));
#4289 = CARTESIAN_POINT('',(-5.721234333611,102.46675530453,1.5));
#4290 = CARTESIAN_POINT('',(-5.673547283534,102.53877246131,1.5));
#4291 = CARTESIAN_POINT('',(-5.553027352089,102.70420930506,1.5));
#4292 = CARTESIAN_POINT('',(-5.477492881297,102.7954570976,1.5));
#4293 = CARTESIAN_POINT('',(-5.396713330249,102.8816153757,1.5));
#4294 = CARTESIAN_POINT('',(-5.311225051006,102.96227594603,1.5));
#4295 = CARTESIAN_POINT('',(-5.188718194851,103.06461072243,1.5));
#4296 = CARTESIAN_POINT('',(-5.155248599804,103.09132090154,1.5));
#4297 = CARTESIAN_POINT('',(-5.121254810888,103.11722975902,1.5));
#4298 = CARTESIAN_POINT('',(-5.086767662726,103.14232334027,1.5));
#4299 = CARTESIAN_POINT('',(-5.034660603833,103.17850326467,1.5));
#4300 = CARTESIAN_POINT('',(-5.017470262816,103.19016249948,1.5));
#4301 = CARTESIAN_POINT('',(-5.000253853946,103.20156946398,1.5));
#4302 = CARTESIAN_POINT('',(-4.983017045852,103.2127265553,1.5));
#4303 = CARTESIAN_POINT('',(-4.948514839301,103.2345453928,1.5));
#4304 = CARTESIAN_POINT('',(-4.931244629048,103.24520990031,1.5));
#4305 = CARTESIAN_POINT('',(-4.913969978413,103.2556267727,1.5));
#4306 = CARTESIAN_POINT('',(-4.896693743089,103.26580009408,1.5));
#4307 = CARTESIAN_POINT('',(-4.809823058583,103.31575444911,1.5));
#4308 = CARTESIAN_POINT('',(-4.738227775968,103.35305373958,1.5));
#4309 = CARTESIAN_POINT('',(-4.664786089444,103.38746864052,1.5));
#4310 = CARTESIAN_POINT('',(-4.589679777466,103.41885171642,1.5));
#4311 = CARTESIAN_POINT('',(-4.403664189143,103.48742187093,1.5));
#4312 = CARTESIAN_POINT('',(-4.291222101912,103.5213182057,1.5));
#4313 = CARTESIAN_POINT('',(-4.176361724227,103.54840396625,1.5));
#4314 = CARTESIAN_POINT('',(-4.059702883821,103.56841761463,1.5));
#4315 = CARTESIAN_POINT('',(-3.856358089167,103.59048188815,1.5));
#4316 = CARTESIAN_POINT('',(-3.77020918998,103.59595053123,1.5));
#4317 = CARTESIAN_POINT('',(-3.683708107083,103.59754465848,1.5));
#4318 = CARTESIAN_POINT('',(-3.597108784458,103.5952319924,1.5));
#4319 = CARTESIAN_POINT('',(-3.446902063254,103.58441806808,1.5));
#4320 = CARTESIAN_POINT('',(-3.383221910102,103.5776992329,1.5));
#4321 = CARTESIAN_POINT('',(-3.31973080637,103.56885083909,1.5));
#4322 = CARTESIAN_POINT('',(-3.256531089673,103.55787966844,1.5));
#4323 = CARTESIAN_POINT('',(-3.045561094962,103.51394729812,1.5));
#4324 = CARTESIAN_POINT('',(-2.899578341714,103.47136154543,1.5));
#4325 = CARTESIAN_POINT('',(-2.757127108086,103.41724687926,1.5));
#4326 = CARTESIAN_POINT('',(-2.619475337034,103.35204391168,1.5));
#4327 = CARTESIAN_POINT('',(-2.373077674832,103.21054377125,1.5));
#4328 = CARTESIAN_POINT('',(-2.262883457263,103.1367485167,1.5));
#4329 = CARTESIAN_POINT('',(-2.158005639872,103.05549329631,1.5));
#4330 = CARTESIAN_POINT('',(-2.059133300809,102.96733904056,1.5));
#4331 = CARTESIAN_POINT('',(-1.92837819652,102.83359243674,1.5));
#4332 = CARTESIAN_POINT('',(-1.891040393256,102.7931422728,1.5));
#4333 = CARTESIAN_POINT('',(-1.854893835745,102.75165704582,1.5));
#4334 = CARTESIAN_POINT('',(-1.819977925501,102.70918797727,1.5));
#4335 = CARTESIAN_POINT('',(-1.739951159551,102.60597422428,1.5));
#4336 = CARTESIAN_POINT('',(-1.695979465274,102.54439278411,1.5));
#4337 = CARTESIAN_POINT('',(-1.65450761803,102.48118623028,1.5));
#4338 = CARTESIAN_POINT('',(-1.61561541867,102.4165039748,1.5));
#4339 = CARTESIAN_POINT('',(-1.530316476244,102.2611870813,1.5));
#4340 = CARTESIAN_POINT('',(-1.48610788215,102.16945513042,1.5));
#4341 = CARTESIAN_POINT('',(-1.446905377842,102.07569866782,1.5));
#4342 = CARTESIAN_POINT('',(-1.412817035874,101.98032496276,1.5));
#4343 = CARTESIAN_POINT('',(-1.343359683661,101.74840543186,1.5));
#4344 = CARTESIAN_POINT('',(-1.312973148905,101.61070098253,1.5));
#4345 = CARTESIAN_POINT('',(-1.292882451968,101.47181627393,1.5));
#4346 = CARTESIAN_POINT('',(-1.283002188687,101.33292779684,1.5));
#4347 = CARTESIAN_POINT('',(-1.283002286005,101.19519939039,1.5));
#4348 = B_SPLINE_SURFACE_WITH_KNOTS('',1,1,(
    (#4349,#4350)
    ,(#4351,#4352
  )),.UNSPECIFIED.,.F.,.F.,.F.,(2,2),(2,2),(-187.5,187.5),(-160.47245,
    167.5),.PIECEWISE_BEZIER_KNOTS.);
#4349 = CARTESIAN_POINT('',(0.952501905004,95.619191008382,1.50000508001
    ));
#4350 = CARTESIAN_POINT('',(0.952501905004,103.94970789941,1.50000508001
    ));
#4351 = CARTESIAN_POINT('',(-8.572517145034,95.619191008382,
    1.50000508001));
#4352 = CARTESIAN_POINT('',(-8.572517145034,103.94970789941,
    1.50000508001));
#4353 = ADVANCED_FACE('',(#4354),#4364,.T.);
#4354 = FACE_BOUND('',#4355,.T.);
#4355 = EDGE_LOOP('',(#4356,#4361,#4362,#4363));
#4356 = ORIENTED_EDGE('',*,*,#4357,.T.);
#4357 = EDGE_CURVE('',#2846,#2825,#4358,.T.);
#4358 = B_SPLINE_CURVE_WITH_KNOTS('',1,(#4359,#4360),.UNSPECIFIED.,.F.,
  .F.,(2,2),(0.,1.),.PIECEWISE_BEZIER_KNOTS.);
#4359 = CARTESIAN_POINT('',(0.952501905004,105.44970789941,1.5));
#4360 = CARTESIAN_POINT('',(-8.572517145034,105.44970789941,1.5));
#4361 = ORIENTED_EDGE('',*,*,#2824,.T.);
#4362 = ORIENTED_EDGE('',*,*,#4040,.T.);
#4363 = ORIENTED_EDGE('',*,*,#2852,.T.);
#4364 = PLANE('',#4365);
#4365 = AXIS2_PLACEMENT_3D('',#4366,#4367,#4368);
#4366 = CARTESIAN_POINT('',(-97.76219329438,97.12,1.5));
#4367 = DIRECTION('',(0.,0.,1.));
#4368 = DIRECTION('',(1.,0.,-0.));
#4369 = ADVANCED_FACE('',(#4370),#4376,.T.);
#4370 = FACE_BOUND('',#4371,.T.);
#4371 = EDGE_LOOP('',(#4372,#4373,#4374,#4375));
#4372 = ORIENTED_EDGE('',*,*,#2768,.F.);
#4373 = ORIENTED_EDGE('',*,*,#2831,.T.);
#4374 = ORIENTED_EDGE('',*,*,#4357,.F.);
#4375 = ORIENTED_EDGE('',*,*,#2845,.F.);
#4376 = B_SPLINE_SURFACE_WITH_KNOTS('',1,1,(
    (#4377,#4378)
    ,(#4379,#4380
    )),.UNSPECIFIED.,.F.,.F.,.F.,(2,2),(2,2),(0.,375.),(-118.1102,0.),
  .PIECEWISE_BEZIER_KNOTS.);
#4377 = CARTESIAN_POINT('',(-8.572517145034,105.44970789941,
    1.50000508001));
#4378 = CARTESIAN_POINT('',(-8.572517145034,105.44970789941,-1.5));
#4379 = CARTESIAN_POINT('',(0.952501905004,105.44970789941,1.50000508001
    ));
#4380 = CARTESIAN_POINT('',(0.952501905004,105.44970789941,-1.5));
#4381 = ADVANCED_FACE('',(#4382),#4395,.T.);
#4382 = FACE_BOUND('',#4383,.T.);
#4383 = EDGE_LOOP('',(#4384,#4385,#4386,#4393,#4394));
#4384 = ORIENTED_EDGE('',*,*,#2022,.T.);
#4385 = ORIENTED_EDGE('',*,*,#1543,.T.);
#4386 = ORIENTED_EDGE('',*,*,#4387,.F.);
#4387 = EDGE_CURVE('',#1552,#1544,#4388,.T.);
#4388 = CIRCLE('',#4389,0.6);
#4389 = AXIS2_PLACEMENT_3D('',#4390,#4391,#4392);
#4390 = CARTESIAN_POINT('',(-90.76,32.32,33.));
#4391 = DIRECTION('',(1.,0.,0.));
#4392 = DIRECTION('',(-0.,0.,1.));
#4393 = ORIENTED_EDGE('',*,*,#1560,.F.);
#4394 = ORIENTED_EDGE('',*,*,#2003,.T.);
#4395 = CYLINDRICAL_SURFACE('',#4396,0.6);
#4396 = AXIS2_PLACEMENT_3D('',#4397,#4398,#4399);
#4397 = CARTESIAN_POINT('',(-98.76,32.32,33.));
#4398 = DIRECTION('',(1.,0.,0.));
#4399 = DIRECTION('',(-0.,0.,1.));
#4400 = ADVANCED_FACE('',(#4401),#4405,.T.);
#4401 = FACE_BOUND('',#4402,.T.);
#4402 = EDGE_LOOP('',(#4403,#4404));
#4403 = ORIENTED_EDGE('',*,*,#1551,.F.);
#4404 = ORIENTED_EDGE('',*,*,#4387,.T.);
#4405 = PLANE('',#4406);
#4406 = AXIS2_PLACEMENT_3D('',#4407,#4408,#4409);
#4407 = CARTESIAN_POINT('',(-90.76,32.32,33.));
#4408 = DIRECTION('',(1.,0.,0.));
#4409 = DIRECTION('',(-0.,0.,1.));
#4410 = ADVANCED_FACE('',(#4411),#4415,.F.);
#4411 = FACE_BOUND('',#4412,.F.);
#4412 = EDGE_LOOP('',(#4413,#4414));
#4413 = ORIENTED_EDGE('',*,*,#1665,.F.);
#4414 = ORIENTED_EDGE('',*,*,#1692,.T.);
#4415 = PLANE('',#4416);
#4416 = AXIS2_PLACEMENT_3D('',#4417,#4418,#4419);
#4417 = CARTESIAN_POINT('',(-98.76,32.32,33.));
#4418 = DIRECTION('',(1.,0.,0.));
#4419 = DIRECTION('',(-0.,0.,1.));
#4420 = ADVANCED_FACE('',(#4421,#5235),#5353,.F.);
#4421 = FACE_BOUND('',#4422,.F.);
#4422 = EDGE_LOOP('',(#4423,#4424,#4425,#4432,#4440,#4447,#4454,#4461,
    #4469,#4476,#4483,#4490,#4498,#4505,#4512,#4519,#4527,#4532,#4533,
    #4540,#4548,#4555,#4562,#4569,#4577,#4584,#4591,#4598,#4606,#4613,
    #4620,#4627,#4635,#4642,#4649,#4656,#4664,#4671,#4678,#4685,#4693,
    #4700,#4707,#4714,#4722,#4729,#4736,#4743,#4750,#4757,#4764,#4771,
    #4778,#4785,#4792,#4799,#4806,#4813,#4820,#4827,#4835,#4840,#4841,
    #4842,#4849,#4857,#4864,#4871,#4878,#4886,#4893,#4901,#4908,#4915,
    #4922,#4930,#4937,#4944,#4951,#4959,#4966,#4973,#4980,#4988,#4995,
    #5003,#5010,#5017,#5024,#5032,#5037,#5038,#5045,#5053,#5060,#5067,
    #5074,#5082,#5089,#5097,#5104,#5111,#5118,#5126,#5133,#5140,#5147,
    #5155,#5162,#5169,#5176,#5184,#5191,#5199,#5206,#5213,#5220,#5228,
    #5233,#5234));
#4423 = ORIENTED_EDGE('',*,*,#1708,.T.);
#4424 = ORIENTED_EDGE('',*,*,#2157,.T.);
#4425 = ORIENTED_EDGE('',*,*,#4426,.F.);
#4426 = EDGE_CURVE('',#4427,#2158,#4429,.T.);
#4427 = VERTEX_POINT('',#4428);
#4428 = CARTESIAN_POINT('',(-2.097293135839,66.767133553467,
    1.500002540005));
#4429 = B_SPLINE_CURVE_WITH_KNOTS('',1,(#4430,#4431),.UNSPECIFIED.,.F.,
  .F.,(2,2),(844.80159142793,1.002844472186E+03),
  .PIECEWISE_BEZIER_KNOTS.);
#4430 = CARTESIAN_POINT('',(-2.097293135839,66.767133553467,
    1.500002540005));
#4431 = CARTESIAN_POINT('',(1.917004064008,66.767133553467,
    1.500002540005));
#4432 = ORIENTED_EDGE('',*,*,#4433,.T.);
#4433 = EDGE_CURVE('',#4427,#4434,#4436,.T.);
#4434 = VERTEX_POINT('',#4435);
#4435 = CARTESIAN_POINT('',(-4.099008178816,68.768848596445,
    1.500002540005));
#4436 = ( BOUNDED_CURVE() B_SPLINE_CURVE(2,(#4437,#4438,#4439),
.UNSPECIFIED.,.F.,.F.) B_SPLINE_CURVE_WITH_KNOTS((3,3),(0.226654754756,
1.344141572039),.PIECEWISE_BEZIER_KNOTS.) CURVE() 
GEOMETRIC_REPRESENTATION_ITEM() RATIONAL_B_SPLINE_CURVE((1.,
0.847921925907,1.)) REPRESENTATION_ITEM('') );
#4437 = CARTESIAN_POINT('',(-2.097293135839,66.767133553467,
    1.500002540005));
#4438 = CARTESIAN_POINT('',(-2.47241413676,68.393727595524,
    1.500002540005));
#4439 = CARTESIAN_POINT('',(-4.099008178816,68.768848596445,
    1.500002540005));
#4440 = ORIENTED_EDGE('',*,*,#4441,.T.);
#4441 = EDGE_CURVE('',#4434,#4442,#4444,.T.);
#4442 = VERTEX_POINT('',#4443);
#4443 = CARTESIAN_POINT('',(-4.099008178816,73.837147919736,
    1.500002540005));
#4444 = B_SPLINE_CURVE_WITH_KNOTS('',1,(#4445,#4446),.UNSPECIFIED.,.F.,
  .F.,(2,2),(684.80159142793,884.3405357859),.PIECEWISE_BEZIER_KNOTS.);
#4445 = CARTESIAN_POINT('',(-4.099008178816,68.768848596445,
    1.500002540005));
#4446 = CARTESIAN_POINT('',(-4.099008178816,73.837147919736,
    1.500002540005));
#4447 = ORIENTED_EDGE('',*,*,#4448,.F.);
#4448 = EDGE_CURVE('',#4449,#4442,#4451,.T.);
#4449 = VERTEX_POINT('',#4450);
#4450 = CARTESIAN_POINT('',(-5.299010617221,73.837147919736,
    1.500002540005));
#4451 = B_SPLINE_CURVE_WITH_KNOTS('',1,(#4452,#4453),.UNSPECIFIED.,.F.,
  .F.,(2,2),(0.,47.244096),.PIECEWISE_BEZIER_KNOTS.);
#4452 = CARTESIAN_POINT('',(-5.299010617221,73.837147919736,
    1.500002540005));
#4453 = CARTESIAN_POINT('',(-4.099008178816,73.837147919736,
    1.500002540005));
#4454 = ORIENTED_EDGE('',*,*,#4455,.F.);
#4455 = EDGE_CURVE('',#4456,#4449,#4458,.T.);
#4456 = VERTEX_POINT('',#4457);
#4457 = CARTESIAN_POINT('',(-5.299010617221,68.768848596445,
    1.500002540005));
#4458 = B_SPLINE_CURVE_WITH_KNOTS('',1,(#4459,#4460),.UNSPECIFIED.,.F.,
  .F.,(2,2),(684.80159142793,884.3405357859),.PIECEWISE_BEZIER_KNOTS.);
#4459 = CARTESIAN_POINT('',(-5.299010617221,68.768848596445,
    1.500002540005));
#4460 = CARTESIAN_POINT('',(-5.299010617221,73.837147919736,
    1.500002540005));
#4461 = ORIENTED_EDGE('',*,*,#4462,.T.);
#4462 = EDGE_CURVE('',#4456,#4463,#4465,.T.);
#4463 = VERTEX_POINT('',#4464);
#4464 = CARTESIAN_POINT('',(-7.300725660199,66.767133553467,
    1.500002540005));
#4465 = ( BOUNDED_CURVE() B_SPLINE_CURVE(2,(#4466,#4467,#4468),
.UNSPECIFIED.,.F.,.F.) B_SPLINE_CURVE_WITH_KNOTS((3,3),(1.79745108155,
2.914937898834),.PIECEWISE_BEZIER_KNOTS.) CURVE() 
GEOMETRIC_REPRESENTATION_ITEM() RATIONAL_B_SPLINE_CURVE((1.,
0.847921925907,1.)) REPRESENTATION_ITEM('') );
#4466 = CARTESIAN_POINT('',(-5.299010617221,68.768848596445,
    1.500002540005));
#4467 = CARTESIAN_POINT('',(-6.925604659278,68.393727595524,
    1.500002540005));
#4468 = CARTESIAN_POINT('',(-7.300725660199,66.767133553467,
    1.500002540005));
#4469 = ORIENTED_EDGE('',*,*,#4470,.T.);
#4470 = EDGE_CURVE('',#4463,#4471,#4473,.T.);
#4471 = VERTEX_POINT('',#4472);
#4472 = CARTESIAN_POINT('',(-12.36902498349,66.767133553467,
    1.500002540005));
#4473 = B_SPLINE_CURVE_WITH_KNOTS('',1,(#4474,#4475),.UNSPECIFIED.,.F.,
  .F.,(2,2),(-807.698408572,-608.159464214),.PIECEWISE_BEZIER_KNOTS.);
#4474 = CARTESIAN_POINT('',(-7.300725660199,66.767133553467,
    1.500002540005));
#4475 = CARTESIAN_POINT('',(-12.36902498349,66.767133553467,
    1.500002540005));
#4476 = ORIENTED_EDGE('',*,*,#4477,.F.);
#4477 = EDGE_CURVE('',#4478,#4471,#4480,.T.);
#4478 = VERTEX_POINT('',#4479);
#4479 = CARTESIAN_POINT('',(-12.36902498349,65.567131115062,
    1.500002540005));
#4480 = B_SPLINE_CURVE_WITH_KNOTS('',1,(#4481,#4482),.UNSPECIFIED.,.F.,
  .F.,(2,2),(0.,47.244096),.PIECEWISE_BEZIER_KNOTS.);
#4481 = CARTESIAN_POINT('',(-12.36902498349,65.567131115062,
    1.500002540005));
#4482 = CARTESIAN_POINT('',(-12.36902498349,66.767133553467,
    1.500002540005));
#4483 = ORIENTED_EDGE('',*,*,#4484,.F.);
#4484 = EDGE_CURVE('',#4485,#4478,#4487,.T.);
#4485 = VERTEX_POINT('',#4486);
#4486 = CARTESIAN_POINT('',(-7.300725660199,65.567131115062,
    1.500002540005));
#4487 = B_SPLINE_CURVE_WITH_KNOTS('',1,(#4488,#4489),.UNSPECIFIED.,.F.,
  .F.,(2,2),(-807.698408572,-608.159464214),.PIECEWISE_BEZIER_KNOTS.);
#4488 = CARTESIAN_POINT('',(-7.300725660199,65.567131115062,
    1.500002540005));
#4489 = CARTESIAN_POINT('',(-12.36902498349,65.567131115062,
    1.500002540005));
#4490 = ORIENTED_EDGE('',*,*,#4491,.T.);
#4491 = EDGE_CURVE('',#4485,#4492,#4494,.T.);
#4492 = VERTEX_POINT('',#4493);
#4493 = CARTESIAN_POINT('',(-5.299010617221,63.565416072085,
    1.500002540005));
#4494 = ( BOUNDED_CURVE() B_SPLINE_CURVE(2,(#4495,#4496,#4497),
.UNSPECIFIED.,.F.,.F.) B_SPLINE_CURVE_WITH_KNOTS((3,3),(3.368247408345,
4.485734225629),.PIECEWISE_BEZIER_KNOTS.) CURVE() 
GEOMETRIC_REPRESENTATION_ITEM() RATIONAL_B_SPLINE_CURVE((1.,
0.847921925907,1.)) REPRESENTATION_ITEM('') );
#4495 = CARTESIAN_POINT('',(-7.300725660199,65.567131115062,
    1.500002540005));
#4496 = CARTESIAN_POINT('',(-6.925604659278,63.940537073006,
    1.500002540005));
#4497 = CARTESIAN_POINT('',(-5.299010617221,63.565416072085,
    1.500002540005));
#4498 = ORIENTED_EDGE('',*,*,#4499,.T.);
#4499 = EDGE_CURVE('',#4492,#4500,#4502,.T.);
#4500 = VERTEX_POINT('',#4501);
#4501 = CARTESIAN_POINT('',(-5.299010617221,58.497116748793,
    1.500002540005));
#4502 = B_SPLINE_CURVE_WITH_KNOTS('',1,(#4503,#4504),.UNSPECIFIED.,.F.,
  .F.,(2,2),(-647.698408572,-448.159464214),.PIECEWISE_BEZIER_KNOTS.);
#4503 = CARTESIAN_POINT('',(-5.299010617221,63.565416072085,
    1.500002540005));
#4504 = CARTESIAN_POINT('',(-5.299010617221,58.497116748793,
    1.500002540005));
#4505 = ORIENTED_EDGE('',*,*,#4506,.F.);
#4506 = EDGE_CURVE('',#4507,#4500,#4509,.T.);
#4507 = VERTEX_POINT('',#4508);
#4508 = CARTESIAN_POINT('',(-4.099008178816,58.497116748793,
    1.500002540005));
#4509 = B_SPLINE_CURVE_WITH_KNOTS('',1,(#4510,#4511),.UNSPECIFIED.,.F.,
  .F.,(2,2),(0.,47.244096),.PIECEWISE_BEZIER_KNOTS.);
#4510 = CARTESIAN_POINT('',(-4.099008178816,58.497116748793,
    1.500002540005));
#4511 = CARTESIAN_POINT('',(-5.299010617221,58.497116748793,
    1.500002540005));
#4512 = ORIENTED_EDGE('',*,*,#4513,.F.);
#4513 = EDGE_CURVE('',#4514,#4507,#4516,.T.);
#4514 = VERTEX_POINT('',#4515);
#4515 = CARTESIAN_POINT('',(-4.099008178816,63.565416072085,
    1.500002540005));
#4516 = B_SPLINE_CURVE_WITH_KNOTS('',1,(#4517,#4518),.UNSPECIFIED.,.F.,
  .F.,(2,2),(-647.698408572,-448.159464214),.PIECEWISE_BEZIER_KNOTS.);
#4517 = CARTESIAN_POINT('',(-4.099008178816,63.565416072085,
    1.500002540005));
#4518 = CARTESIAN_POINT('',(-4.099008178816,58.497116748793,
    1.500002540005));
#4519 = ORIENTED_EDGE('',*,*,#4520,.T.);
#4520 = EDGE_CURVE('',#4514,#4521,#4523,.T.);
#4521 = VERTEX_POINT('',#4522);
#4522 = CARTESIAN_POINT('',(-2.097293135839,65.567131115062,
    1.500002540005));
#4523 = ( BOUNDED_CURVE() B_SPLINE_CURVE(2,(#4524,#4525,#4526),
.UNSPECIFIED.,.F.,.F.) B_SPLINE_CURVE_WITH_KNOTS((3,3),(4.93904373514,
6.056530552424),.PIECEWISE_BEZIER_KNOTS.) CURVE() 
GEOMETRIC_REPRESENTATION_ITEM() RATIONAL_B_SPLINE_CURVE((1.,
0.847921925907,1.)) REPRESENTATION_ITEM('') );
#4524 = CARTESIAN_POINT('',(-4.099008178816,63.565416072085,
    1.500002540005));
#4525 = CARTESIAN_POINT('',(-2.47241413676,63.940537073006,
    1.500002540005));
#4526 = CARTESIAN_POINT('',(-2.097293135839,65.567131115062,
    1.500002540005));
#4527 = ORIENTED_EDGE('',*,*,#4528,.T.);
#4528 = EDGE_CURVE('',#4521,#2196,#4529,.T.);
#4529 = B_SPLINE_CURVE_WITH_KNOTS('',1,(#4530,#4531),.UNSPECIFIED.,.F.,
  .F.,(2,2),(844.80159142793,1.002844472186E+03),
  .PIECEWISE_BEZIER_KNOTS.);
#4530 = CARTESIAN_POINT('',(-2.097293135839,65.567131115062,
    1.500002540005));
#4531 = CARTESIAN_POINT('',(1.917004064008,65.567131115062,
    1.500002540005));
#4532 = ORIENTED_EDGE('',*,*,#2195,.T.);
#4533 = ORIENTED_EDGE('',*,*,#4534,.F.);
#4534 = EDGE_CURVE('',#4535,#2189,#4537,.T.);
#4535 = VERTEX_POINT('',#4536);
#4536 = CARTESIAN_POINT('',(-2.39829389784,5.553011125222,1.500002540005
    ));
#4537 = B_SPLINE_CURVE_WITH_KNOTS('',1,(#4538,#4539),.UNSPECIFIED.,.F.,
  .F.,(2,2),(838.87639142793,1.008769672186E+03),
  .PIECEWISE_BEZIER_KNOTS.);
#4538 = CARTESIAN_POINT('',(-2.39829389784,5.553011125222,1.500002540005
    ));
#4539 = CARTESIAN_POINT('',(1.917004064008,5.553011125222,1.500002540005
    ));
#4540 = ORIENTED_EDGE('',*,*,#4541,.T.);
#4541 = EDGE_CURVE('',#4535,#4542,#4544,.T.);
#4542 = VERTEX_POINT('',#4543);
#4543 = CARTESIAN_POINT('',(-4.400008940818,7.5547261682,1.500002540005)
  );
#4544 = ( BOUNDED_CURVE() B_SPLINE_CURVE(2,(#4545,#4546,#4547),
.UNSPECIFIED.,.F.,.F.) B_SPLINE_CURVE_WITH_KNOTS((3,3),(0.226654754756,
1.344141572039),.PIECEWISE_BEZIER_KNOTS.) CURVE() 
GEOMETRIC_REPRESENTATION_ITEM() RATIONAL_B_SPLINE_CURVE((1.,
0.847921925907,1.)) REPRESENTATION_ITEM('') );
#4545 = CARTESIAN_POINT('',(-2.39829389784,5.553011125222,1.500002540005
    ));
#4546 = CARTESIAN_POINT('',(-2.773414898761,7.179605167279,
    1.500002540005));
#4547 = CARTESIAN_POINT('',(-4.400008940818,7.5547261682,1.500002540005)
  );
#4548 = ORIENTED_EDGE('',*,*,#4549,.T.);
#4549 = EDGE_CURVE('',#4542,#4550,#4552,.T.);
#4550 = VERTEX_POINT('',#4551);
#4551 = CARTESIAN_POINT('',(-4.400008940818,12.623025491491,
    1.500002540005));
#4552 = B_SPLINE_CURVE_WITH_KNOTS('',1,(#4553,#4554),.UNSPECIFIED.,.F.,
  .F.,(2,2),(-520.198408572,-320.659464214),.PIECEWISE_BEZIER_KNOTS.);
#4553 = CARTESIAN_POINT('',(-4.400008940818,7.5547261682,1.500002540005)
  );
#4554 = CARTESIAN_POINT('',(-4.400008940818,12.623025491491,
    1.500002540005));
#4555 = ORIENTED_EDGE('',*,*,#4556,.F.);
#4556 = EDGE_CURVE('',#4557,#4550,#4559,.T.);
#4557 = VERTEX_POINT('',#4558);
#4558 = CARTESIAN_POINT('',(-5.600011379223,12.623025491491,
    1.500002540005));
#4559 = B_SPLINE_CURVE_WITH_KNOTS('',1,(#4560,#4561),.UNSPECIFIED.,.F.,
  .F.,(2,2),(0.,47.244096),.PIECEWISE_BEZIER_KNOTS.);
#4560 = CARTESIAN_POINT('',(-5.600011379223,12.623025491491,
    1.500002540005));
#4561 = CARTESIAN_POINT('',(-4.400008940818,12.623025491491,
    1.500002540005));
#4562 = ORIENTED_EDGE('',*,*,#4563,.F.);
#4563 = EDGE_CURVE('',#4564,#4557,#4566,.T.);
#4564 = VERTEX_POINT('',#4565);
#4565 = CARTESIAN_POINT('',(-5.600011379223,7.5547261682,1.500002540005)
  );
#4566 = B_SPLINE_CURVE_WITH_KNOTS('',1,(#4567,#4568),.UNSPECIFIED.,.F.,
  .F.,(2,2),(-520.198408572,-320.659464214),.PIECEWISE_BEZIER_KNOTS.);
#4567 = CARTESIAN_POINT('',(-5.600011379223,7.5547261682,1.500002540005)
  );
#4568 = CARTESIAN_POINT('',(-5.600011379223,12.623025491491,
    1.500002540005));
#4569 = ORIENTED_EDGE('',*,*,#4570,.T.);
#4570 = EDGE_CURVE('',#4564,#4571,#4573,.T.);
#4571 = VERTEX_POINT('',#4572);
#4572 = CARTESIAN_POINT('',(-7.6017264222,5.553011125222,1.500002540005)
  );
#4573 = ( BOUNDED_CURVE() B_SPLINE_CURVE(2,(#4574,#4575,#4576),
.UNSPECIFIED.,.F.,.F.) B_SPLINE_CURVE_WITH_KNOTS((3,3),(1.79745108155,
2.914937898834),.PIECEWISE_BEZIER_KNOTS.) CURVE() 
GEOMETRIC_REPRESENTATION_ITEM() RATIONAL_B_SPLINE_CURVE((1.,
0.847921925907,1.)) REPRESENTATION_ITEM('') );
#4574 = CARTESIAN_POINT('',(-5.600011379223,7.5547261682,1.500002540005)
  );
#4575 = CARTESIAN_POINT('',(-7.226605421279,7.179605167279,
    1.500002540005));
#4576 = CARTESIAN_POINT('',(-7.6017264222,5.553011125222,1.500002540005)
  );
#4577 = ORIENTED_EDGE('',*,*,#4578,.T.);
#4578 = EDGE_CURVE('',#4571,#4579,#4581,.T.);
#4579 = VERTEX_POINT('',#4580);
#4580 = CARTESIAN_POINT('',(-12.67002574549,5.553011125222,
    1.500002540005));
#4581 = B_SPLINE_CURVE_WITH_KNOTS('',1,(#4582,#4583),.UNSPECIFIED.,.F.,
  .F.,(2,2),(-801.773208572,-602.234264214),.PIECEWISE_BEZIER_KNOTS.);
#4582 = CARTESIAN_POINT('',(-7.6017264222,5.553011125222,1.500002540005)
  );
#4583 = CARTESIAN_POINT('',(-12.67002574549,5.553011125222,
    1.500002540005));
#4584 = ORIENTED_EDGE('',*,*,#4585,.F.);
#4585 = EDGE_CURVE('',#4586,#4579,#4588,.T.);
#4586 = VERTEX_POINT('',#4587);
#4587 = CARTESIAN_POINT('',(-12.67002574549,4.353008686817,
    1.500002540005));
#4588 = B_SPLINE_CURVE_WITH_KNOTS('',1,(#4589,#4590),.UNSPECIFIED.,.F.,
  .F.,(2,2),(0.,47.244096),.PIECEWISE_BEZIER_KNOTS.);
#4589 = CARTESIAN_POINT('',(-12.67002574549,4.353008686817,
    1.500002540005));
#4590 = CARTESIAN_POINT('',(-12.67002574549,5.553011125222,
    1.500002540005));
#4591 = ORIENTED_EDGE('',*,*,#4592,.F.);
#4592 = EDGE_CURVE('',#4593,#4586,#4595,.T.);
#4593 = VERTEX_POINT('',#4594);
#4594 = CARTESIAN_POINT('',(-7.6017264222,4.353008686817,1.500002540005)
  );
#4595 = B_SPLINE_CURVE_WITH_KNOTS('',1,(#4596,#4597),.UNSPECIFIED.,.F.,
  .F.,(2,2),(-801.773208572,-602.234264214),.PIECEWISE_BEZIER_KNOTS.);
#4596 = CARTESIAN_POINT('',(-7.6017264222,4.353008686817,1.500002540005)
  );
#4597 = CARTESIAN_POINT('',(-12.67002574549,4.353008686817,
    1.500002540005));
#4598 = ORIENTED_EDGE('',*,*,#4599,.T.);
#4599 = EDGE_CURVE('',#4593,#4600,#4602,.T.);
#4600 = VERTEX_POINT('',#4601);
#4601 = CARTESIAN_POINT('',(-5.600011379223,2.35129364384,1.500002540005
    ));
#4602 = ( BOUNDED_CURVE() B_SPLINE_CURVE(2,(#4603,#4604,#4605),
.UNSPECIFIED.,.F.,.F.) B_SPLINE_CURVE_WITH_KNOTS((3,3),(3.368247408345,
4.485734225629),.PIECEWISE_BEZIER_KNOTS.) CURVE() 
GEOMETRIC_REPRESENTATION_ITEM() RATIONAL_B_SPLINE_CURVE((1.,
0.847921925907,1.)) REPRESENTATION_ITEM('') );
#4603 = CARTESIAN_POINT('',(-7.6017264222,4.353008686817,1.500002540005)
  );
#4604 = CARTESIAN_POINT('',(-7.226605421279,2.726414644761,
    1.500002540005));
#4605 = CARTESIAN_POINT('',(-5.600011379223,2.35129364384,1.500002540005
    ));
#4606 = ORIENTED_EDGE('',*,*,#4607,.T.);
#4607 = EDGE_CURVE('',#4600,#4608,#4610,.T.);
#4608 = VERTEX_POINT('',#4609);
#4609 = CARTESIAN_POINT('',(-5.600011379223,-0.254000508001,
    1.500002540005));
#4610 = B_SPLINE_CURVE_WITH_KNOTS('',1,(#4611,#4612),.UNSPECIFIED.,.F.,
  .F.,(2,2),(557.30159142793,659.8720221859),.PIECEWISE_BEZIER_KNOTS.);
#4611 = CARTESIAN_POINT('',(-5.600011379223,2.35129364384,1.500002540005
    ));
#4612 = CARTESIAN_POINT('',(-5.600011379223,-0.254000508001,
    1.500002540005));
#4613 = ORIENTED_EDGE('',*,*,#4614,.F.);
#4614 = EDGE_CURVE('',#4615,#4608,#4617,.T.);
#4615 = VERTEX_POINT('',#4616);
#4616 = CARTESIAN_POINT('',(-86.52217302514,-0.254000508001,
    1.500002540005));
#4617 = B_SPLINE_CURVE_WITH_KNOTS('',1,(#4618,#4619),.UNSPECIFIED.,.F.,
  .F.,(2,2),(-647.627952,2.538277552E+03),.PIECEWISE_BEZIER_KNOTS.);
#4618 = CARTESIAN_POINT('',(-86.52217302514,-0.254000508001,
    1.500002540005));
#4619 = CARTESIAN_POINT('',(-5.600011379223,-0.254000508001,
    1.500002540005));
#4620 = ORIENTED_EDGE('',*,*,#4621,.F.);
#4621 = EDGE_CURVE('',#4622,#4615,#4624,.T.);
#4622 = VERTEX_POINT('',#4623);
#4623 = CARTESIAN_POINT('',(-86.52217302514,2.732294405841,
    1.500002540005));
#4624 = B_SPLINE_CURVE_WITH_KNOTS('',1,(#4625,#4626),.UNSPECIFIED.,.F.,
  .F.,(2,2),(549.80159142793,667.3720221859),.PIECEWISE_BEZIER_KNOTS.);
#4625 = CARTESIAN_POINT('',(-86.52217302514,2.732294405841,
    1.500002540005));
#4626 = CARTESIAN_POINT('',(-86.52217302514,-0.254000508001,
    1.500002540005));
#4627 = ORIENTED_EDGE('',*,*,#4628,.T.);
#4628 = EDGE_CURVE('',#4622,#4629,#4631,.T.);
#4629 = VERTEX_POINT('',#4630);
#4630 = CARTESIAN_POINT('',(-84.52045798216,4.734009448819,
    1.500002540005));
#4631 = ( BOUNDED_CURVE() B_SPLINE_CURVE(2,(#4632,#4633,#4634),
.UNSPECIFIED.,.F.,.F.) B_SPLINE_CURVE_WITH_KNOTS((3,3),(4.93904373514,
6.056530552424),.PIECEWISE_BEZIER_KNOTS.) CURVE() 
GEOMETRIC_REPRESENTATION_ITEM() RATIONAL_B_SPLINE_CURVE((1.,
0.847921925907,1.)) REPRESENTATION_ITEM('') );
#4632 = CARTESIAN_POINT('',(-86.52217302514,2.732294405841,
    1.500002540005));
#4633 = CARTESIAN_POINT('',(-84.89557898308,3.107415406762,
    1.500002540005));
#4634 = CARTESIAN_POINT('',(-84.52045798216,4.734009448819,
    1.500002540005));
#4635 = ORIENTED_EDGE('',*,*,#4636,.T.);
#4636 = EDGE_CURVE('',#4629,#4637,#4639,.T.);
#4637 = VERTEX_POINT('',#4638);
#4638 = CARTESIAN_POINT('',(-79.45215865887,4.734009448819,
    1.500002540005));
#4639 = B_SPLINE_CURVE_WITH_KNOTS('',1,(#4640,#4641),.UNSPECIFIED.,.F.,
  .F.,(2,2),(-777.698408572,-578.159464214),.PIECEWISE_BEZIER_KNOTS.);
#4640 = CARTESIAN_POINT('',(-84.52045798216,4.734009448819,
    1.500002540005));
#4641 = CARTESIAN_POINT('',(-79.45215865887,4.734009448819,
    1.500002540005));
#4642 = ORIENTED_EDGE('',*,*,#4643,.F.);
#4643 = EDGE_CURVE('',#4644,#4637,#4646,.T.);
#4644 = VERTEX_POINT('',#4645);
#4645 = CARTESIAN_POINT('',(-79.45215865887,5.934011887224,
    1.500002540005));
#4646 = B_SPLINE_CURVE_WITH_KNOTS('',1,(#4647,#4648),.UNSPECIFIED.,.F.,
  .F.,(2,2),(0.,47.244096),.PIECEWISE_BEZIER_KNOTS.);
#4647 = CARTESIAN_POINT('',(-79.45215865887,5.934011887224,
    1.500002540005));
#4648 = CARTESIAN_POINT('',(-79.45215865887,4.734009448819,
    1.500002540005));
#4649 = ORIENTED_EDGE('',*,*,#4650,.F.);
#4650 = EDGE_CURVE('',#4651,#4644,#4653,.T.);
#4651 = VERTEX_POINT('',#4652);
#4652 = CARTESIAN_POINT('',(-84.52045798216,5.934011887224,
    1.500002540005));
#4653 = B_SPLINE_CURVE_WITH_KNOTS('',1,(#4654,#4655),.UNSPECIFIED.,.F.,
  .F.,(2,2),(-777.698408572,-578.159464214),.PIECEWISE_BEZIER_KNOTS.);
#4654 = CARTESIAN_POINT('',(-84.52045798216,5.934011887224,
    1.500002540005));
#4655 = CARTESIAN_POINT('',(-79.45215865887,5.934011887224,
    1.500002540005));
#4656 = ORIENTED_EDGE('',*,*,#4657,.T.);
#4657 = EDGE_CURVE('',#4651,#4658,#4660,.T.);
#4658 = VERTEX_POINT('',#4659);
#4659 = CARTESIAN_POINT('',(-86.52217302514,7.935726930201,
    1.500002540005));
#4660 = ( BOUNDED_CURVE() B_SPLINE_CURVE(2,(#4661,#4662,#4663),
.UNSPECIFIED.,.F.,.F.) B_SPLINE_CURVE_WITH_KNOTS((3,3),(0.226654754756,
1.344141572039),.PIECEWISE_BEZIER_KNOTS.) CURVE() 
GEOMETRIC_REPRESENTATION_ITEM() RATIONAL_B_SPLINE_CURVE((1.,
0.847921925907,1.)) REPRESENTATION_ITEM('') );
#4661 = CARTESIAN_POINT('',(-84.52045798216,5.934011887224,
    1.500002540005));
#4662 = CARTESIAN_POINT('',(-84.89557898308,7.56060592928,1.500002540005
    ));
#4663 = CARTESIAN_POINT('',(-86.52217302514,7.935726930201,
    1.500002540005));
#4664 = ORIENTED_EDGE('',*,*,#4665,.T.);
#4665 = EDGE_CURVE('',#4658,#4666,#4668,.T.);
#4666 = VERTEX_POINT('',#4667);
#4667 = CARTESIAN_POINT('',(-86.52217302514,13.004026253493,
    1.500002540005));
#4668 = B_SPLINE_CURVE_WITH_KNOTS('',1,(#4669,#4670),.UNSPECIFIED.,.F.,
  .F.,(2,2),(-512.698408572,-313.159464214),.PIECEWISE_BEZIER_KNOTS.);
#4669 = CARTESIAN_POINT('',(-86.52217302514,7.935726930201,
    1.500002540005));
#4670 = CARTESIAN_POINT('',(-86.52217302514,13.004026253493,
    1.500002540005));
#4671 = ORIENTED_EDGE('',*,*,#4672,.F.);
#4672 = EDGE_CURVE('',#4673,#4666,#4675,.T.);
#4673 = VERTEX_POINT('',#4674);
#4674 = CARTESIAN_POINT('',(-87.72217546355,13.004026253493,
    1.500002540005));
#4675 = B_SPLINE_CURVE_WITH_KNOTS('',1,(#4676,#4677),.UNSPECIFIED.,.F.,
  .F.,(2,2),(0.,47.244096),.PIECEWISE_BEZIER_KNOTS.);
#4676 = CARTESIAN_POINT('',(-87.72217546355,13.004026253493,
    1.500002540005));
#4677 = CARTESIAN_POINT('',(-86.52217302514,13.004026253493,
    1.500002540005));
#4678 = ORIENTED_EDGE('',*,*,#4679,.F.);
#4679 = EDGE_CURVE('',#4680,#4673,#4682,.T.);
#4680 = VERTEX_POINT('',#4681);
#4681 = CARTESIAN_POINT('',(-87.72217546355,7.935726930201,
    1.500002540005));
#4682 = B_SPLINE_CURVE_WITH_KNOTS('',1,(#4683,#4684),.UNSPECIFIED.,.F.,
  .F.,(2,2),(-512.698408572,-313.159464214),.PIECEWISE_BEZIER_KNOTS.);
#4683 = CARTESIAN_POINT('',(-87.72217546355,7.935726930201,
    1.500002540005));
#4684 = CARTESIAN_POINT('',(-87.72217546355,13.004026253493,
    1.500002540005));
#4685 = ORIENTED_EDGE('',*,*,#4686,.T.);
#4686 = EDGE_CURVE('',#4680,#4687,#4689,.T.);
#4687 = VERTEX_POINT('',#4688);
#4688 = CARTESIAN_POINT('',(-89.72389050652,5.934011887224,
    1.500002540005));
#4689 = ( BOUNDED_CURVE() B_SPLINE_CURVE(2,(#4690,#4691,#4692),
.UNSPECIFIED.,.F.,.F.) B_SPLINE_CURVE_WITH_KNOTS((3,3),(1.79745108155,
2.914937898834),.PIECEWISE_BEZIER_KNOTS.) CURVE() 
GEOMETRIC_REPRESENTATION_ITEM() RATIONAL_B_SPLINE_CURVE((1.,
0.847921925907,1.)) REPRESENTATION_ITEM('') );
#4690 = CARTESIAN_POINT('',(-87.72217546355,7.935726930201,
    1.500002540005));
#4691 = CARTESIAN_POINT('',(-89.3487695056,7.56060592928,1.500002540005)
  );
#4692 = CARTESIAN_POINT('',(-89.72389050652,5.934011887224,
    1.500002540005));
#4693 = ORIENTED_EDGE('',*,*,#4694,.T.);
#4694 = EDGE_CURVE('',#4687,#4695,#4697,.T.);
#4695 = VERTEX_POINT('',#4696);
#4696 = CARTESIAN_POINT('',(-94.79218982982,5.934011887224,
    1.500002540005));
#4697 = B_SPLINE_CURVE_WITH_KNOTS('',1,(#4698,#4699),.UNSPECIFIED.,.F.,
  .F.,(2,2),(814.80159142793,1.014340535786E+03),
  .PIECEWISE_BEZIER_KNOTS.);
#4698 = CARTESIAN_POINT('',(-89.72389050652,5.934011887224,
    1.500002540005));
#4699 = CARTESIAN_POINT('',(-94.79218982982,5.934011887224,
    1.500002540005));
#4700 = ORIENTED_EDGE('',*,*,#4701,.F.);
#4701 = EDGE_CURVE('',#4702,#4695,#4704,.T.);
#4702 = VERTEX_POINT('',#4703);
#4703 = CARTESIAN_POINT('',(-94.79218982982,4.734009448819,
    1.500002540005));
#4704 = B_SPLINE_CURVE_WITH_KNOTS('',1,(#4705,#4706),.UNSPECIFIED.,.F.,
  .F.,(2,2),(0.,47.244096),.PIECEWISE_BEZIER_KNOTS.);
#4705 = CARTESIAN_POINT('',(-94.79218982982,4.734009448819,
    1.500002540005));
#4706 = CARTESIAN_POINT('',(-94.79218982982,5.934011887224,
    1.500002540005));
#4707 = ORIENTED_EDGE('',*,*,#4708,.F.);
#4708 = EDGE_CURVE('',#4709,#4702,#4711,.T.);
#4709 = VERTEX_POINT('',#4710);
#4710 = CARTESIAN_POINT('',(-89.72389050652,4.734009448819,
    1.500002540005));
#4711 = B_SPLINE_CURVE_WITH_KNOTS('',1,(#4712,#4713),.UNSPECIFIED.,.F.,
  .F.,(2,2),(814.80159142793,1.014340535786E+03),
  .PIECEWISE_BEZIER_KNOTS.);
#4712 = CARTESIAN_POINT('',(-89.72389050652,4.734009448819,
    1.500002540005));
#4713 = CARTESIAN_POINT('',(-94.79218982982,4.734009448819,
    1.500002540005));
#4714 = ORIENTED_EDGE('',*,*,#4715,.T.);
#4715 = EDGE_CURVE('',#4709,#4716,#4718,.T.);
#4716 = VERTEX_POINT('',#4717);
#4717 = CARTESIAN_POINT('',(-87.72217546355,2.732294405841,
    1.500002540005));
#4718 = ( BOUNDED_CURVE() B_SPLINE_CURVE(2,(#4719,#4720,#4721),
.UNSPECIFIED.,.F.,.F.) B_SPLINE_CURVE_WITH_KNOTS((3,3),(3.368247408345,
4.485734225629),.PIECEWISE_BEZIER_KNOTS.) CURVE() 
GEOMETRIC_REPRESENTATION_ITEM() RATIONAL_B_SPLINE_CURVE((1.,
0.847921925907,1.)) REPRESENTATION_ITEM('') );
#4719 = CARTESIAN_POINT('',(-89.72389050652,4.734009448819,
    1.500002540005));
#4720 = CARTESIAN_POINT('',(-89.3487695056,3.107415406762,1.500002540005
    ));
#4721 = CARTESIAN_POINT('',(-87.72217546355,2.732294405841,
    1.500002540005));
#4722 = ORIENTED_EDGE('',*,*,#4723,.T.);
#4723 = EDGE_CURVE('',#4716,#4724,#4726,.T.);
#4724 = VERTEX_POINT('',#4725);
#4725 = CARTESIAN_POINT('',(-87.72217546355,-0.254000508001,
    1.500002540005));
#4726 = B_SPLINE_CURVE_WITH_KNOTS('',1,(#4727,#4728),.UNSPECIFIED.,.F.,
  .F.,(2,2),(549.80159142793,667.3720221859),.PIECEWISE_BEZIER_KNOTS.);
#4727 = CARTESIAN_POINT('',(-87.72217546355,2.732294405841,
    1.500002540005));
#4728 = CARTESIAN_POINT('',(-87.72217546355,-0.254000508001,
    1.500002540005));
#4729 = ORIENTED_EDGE('',*,*,#4730,.F.);
#4730 = EDGE_CURVE('',#4731,#4724,#4733,.T.);
#4731 = VERTEX_POINT('',#4732);
#4732 = CARTESIAN_POINT('',(-93.47218694437,-0.254000508001,
    1.500002540005));
#4733 = B_SPLINE_CURVE_WITH_KNOTS('',1,(#4734,#4735),.UNSPECIFIED.,.F.,
  .F.,(2,2),(-921.25,-694.872048),.PIECEWISE_BEZIER_KNOTS.);
#4734 = CARTESIAN_POINT('',(-93.47218694437,-0.254000508001,
    1.500002540005));
#4735 = CARTESIAN_POINT('',(-87.72217546355,-0.254000508001,
    1.500002540005));
#4736 = ORIENTED_EDGE('',*,*,#4737,.F.);
#4737 = EDGE_CURVE('',#4738,#4731,#4740,.T.);
#4738 = VERTEX_POINT('',#4739);
#4739 = CARTESIAN_POINT('',(-93.47218694437,-1.778003556007,
    1.500002540005));
#4740 = B_SPLINE_CURVE_WITH_KNOTS('',1,(#4741,#4742),.UNSPECIFIED.,.F.,
  .F.,(2,2),(-671.25,-611.25),.PIECEWISE_BEZIER_KNOTS.);
#4741 = CARTESIAN_POINT('',(-93.47218694437,-1.778003556007,
    1.500002540005));
#4742 = CARTESIAN_POINT('',(-93.47218694437,-0.254000508001,
    1.500002540005));
#4743 = ORIENTED_EDGE('',*,*,#4744,.F.);
#4744 = EDGE_CURVE('',#4745,#4738,#4747,.T.);
#4745 = VERTEX_POINT('',#4746);
#4746 = CARTESIAN_POINT('',(-87.72217546355,-1.778003556007,
    1.500002540005));
#4747 = B_SPLINE_CURVE_WITH_KNOTS('',1,(#4748,#4749),.UNSPECIFIED.,.F.,
  .F.,(2,2),(2.537372048E+03,2.76375E+03),.PIECEWISE_BEZIER_KNOTS.);
#4748 = CARTESIAN_POINT('',(-87.72217546355,-1.778003556007,
    1.500002540005));
#4749 = CARTESIAN_POINT('',(-93.47218694437,-1.778003556007,
    1.500002540005));
#4750 = ORIENTED_EDGE('',*,*,#4751,.T.);
#4751 = EDGE_CURVE('',#4745,#4752,#4754,.T.);
#4752 = VERTEX_POINT('',#4753);
#4753 = CARTESIAN_POINT('',(-87.72217546355,-2.33600491745,
    1.500002540005));
#4754 = B_SPLINE_CURVE_WITH_KNOTS('',1,(#4755,#4756),.UNSPECIFIED.,.F.,
  .F.,(2,2),(727.3720221859,749.3405357859),.PIECEWISE_BEZIER_KNOTS.);
#4755 = CARTESIAN_POINT('',(-87.72217546355,-1.778003556007,
    1.500002540005));
#4756 = CARTESIAN_POINT('',(-87.72217546355,-2.33600491745,
    1.500002540005));
#4757 = ORIENTED_EDGE('',*,*,#4758,.F.);
#4758 = EDGE_CURVE('',#4759,#4752,#4761,.T.);
#4759 = VERTEX_POINT('',#4760);
#4760 = CARTESIAN_POINT('',(-86.52217302514,-2.33600491745,
    1.500002540005));
#4761 = B_SPLINE_CURVE_WITH_KNOTS('',1,(#4762,#4763),.UNSPECIFIED.,.F.,
  .F.,(2,2),(0.,47.244096),.PIECEWISE_BEZIER_KNOTS.);
#4762 = CARTESIAN_POINT('',(-86.52217302514,-2.33600491745,
    1.500002540005));
#4763 = CARTESIAN_POINT('',(-87.72217546355,-2.33600491745,
    1.500002540005));
#4764 = ORIENTED_EDGE('',*,*,#4765,.F.);
#4765 = EDGE_CURVE('',#4766,#4759,#4768,.T.);
#4766 = VERTEX_POINT('',#4767);
#4767 = CARTESIAN_POINT('',(-86.52217302514,-1.778003556007,
    1.500002540005));
#4768 = B_SPLINE_CURVE_WITH_KNOTS('',1,(#4769,#4770),.UNSPECIFIED.,.F.,
  .F.,(2,2),(727.3720221859,749.3405357859),.PIECEWISE_BEZIER_KNOTS.);
#4769 = CARTESIAN_POINT('',(-86.52217302514,-1.778003556007,
    1.500002540005));
#4770 = CARTESIAN_POINT('',(-86.52217302514,-2.33600491745,
    1.500002540005));
#4771 = ORIENTED_EDGE('',*,*,#4772,.F.);
#4772 = EDGE_CURVE('',#4773,#4766,#4775,.T.);
#4773 = VERTEX_POINT('',#4774);
#4774 = CARTESIAN_POINT('',(-5.600011379223,-1.778003556007,
    1.500002540005));
#4775 = B_SPLINE_CURVE_WITH_KNOTS('',1,(#4776,#4777),.UNSPECIFIED.,.F.,
  .F.,(2,2),(-695.777552,2.490127952E+03),.PIECEWISE_BEZIER_KNOTS.);
#4776 = CARTESIAN_POINT('',(-5.600011379223,-1.778003556007,
    1.500002540005));
#4777 = CARTESIAN_POINT('',(-86.52217302514,-1.778003556007,
    1.500002540005));
#4778 = ORIENTED_EDGE('',*,*,#4779,.T.);
#4779 = EDGE_CURVE('',#4773,#4780,#4782,.T.);
#4780 = VERTEX_POINT('',#4781);
#4781 = CARTESIAN_POINT('',(-5.600011379223,-2.717005679451,
    1.500002540005));
#4782 = B_SPLINE_CURVE_WITH_KNOTS('',1,(#4783,#4784),.UNSPECIFIED.,.F.,
  .F.,(2,2),(719.8720221859,756.8405357859),.PIECEWISE_BEZIER_KNOTS.);
#4783 = CARTESIAN_POINT('',(-5.600011379223,-1.778003556007,
    1.500002540005));
#4784 = CARTESIAN_POINT('',(-5.600011379223,-2.717005679451,
    1.500002540005));
#4785 = ORIENTED_EDGE('',*,*,#4786,.F.);
#4786 = EDGE_CURVE('',#4787,#4780,#4789,.T.);
#4787 = VERTEX_POINT('',#4788);
#4788 = CARTESIAN_POINT('',(-4.400008940818,-2.717005679451,
    1.500002540005));
#4789 = B_SPLINE_CURVE_WITH_KNOTS('',1,(#4790,#4791),.UNSPECIFIED.,.F.,
  .F.,(2,2),(0.,47.244096),.PIECEWISE_BEZIER_KNOTS.);
#4790 = CARTESIAN_POINT('',(-4.400008940818,-2.717005679451,
    1.500002540005));
#4791 = CARTESIAN_POINT('',(-5.600011379223,-2.717005679451,
    1.500002540005));
#4792 = ORIENTED_EDGE('',*,*,#4793,.F.);
#4793 = EDGE_CURVE('',#4794,#4787,#4796,.T.);
#4794 = VERTEX_POINT('',#4795);
#4795 = CARTESIAN_POINT('',(-4.400008940818,-1.778003556007,
    1.500002540005));
#4796 = B_SPLINE_CURVE_WITH_KNOTS('',1,(#4797,#4798),.UNSPECIFIED.,.F.,
  .F.,(2,2),(719.8720221859,756.8405357859),.PIECEWISE_BEZIER_KNOTS.);
#4797 = CARTESIAN_POINT('',(-4.400008940818,-1.778003556007,
    1.500002540005));
#4798 = CARTESIAN_POINT('',(-4.400008940818,-2.717005679451,
    1.500002540005));
#4799 = ORIENTED_EDGE('',*,*,#4800,.F.);
#4800 = EDGE_CURVE('',#4801,#4794,#4803,.T.);
#4801 = VERTEX_POINT('',#4802);
#4802 = CARTESIAN_POINT('',(0.127000254001,-1.778003556007,
    1.500002540005));
#4803 = B_SPLINE_CURVE_WITH_KNOTS('',1,(#4804,#4805),.UNSPECIFIED.,.F.,
  .F.,(2,2),(-921.25,-743.021648),.PIECEWISE_BEZIER_KNOTS.);
#4804 = CARTESIAN_POINT('',(0.127000254001,-1.778003556007,
    1.500002540005));
#4805 = CARTESIAN_POINT('',(-4.400008940818,-1.778003556007,
    1.500002540005));
#4806 = ORIENTED_EDGE('',*,*,#4807,.F.);
#4807 = EDGE_CURVE('',#4808,#4801,#4810,.T.);
#4808 = VERTEX_POINT('',#4809);
#4809 = CARTESIAN_POINT('',(0.127000254001,-0.254000508001,
    1.500002540005));
#4810 = B_SPLINE_CURVE_WITH_KNOTS('',1,(#4811,#4812),.UNSPECIFIED.,.F.,
  .F.,(2,2),(641.25,701.25),.PIECEWISE_BEZIER_KNOTS.);
#4811 = CARTESIAN_POINT('',(0.127000254001,-0.254000508001,
    1.500002540005));
#4812 = CARTESIAN_POINT('',(0.127000254001,-1.778003556007,
    1.500002540005));
#4813 = ORIENTED_EDGE('',*,*,#4814,.F.);
#4814 = EDGE_CURVE('',#4815,#4808,#4817,.T.);
#4815 = VERTEX_POINT('',#4816);
#4816 = CARTESIAN_POINT('',(-4.400008940818,-0.254000508001,
    1.500002540005));
#4817 = B_SPLINE_CURVE_WITH_KNOTS('',1,(#4818,#4819),.UNSPECIFIED.,.F.,
  .F.,(2,2),(2.585521648E+03,2.76375E+03),.PIECEWISE_BEZIER_KNOTS.);
#4818 = CARTESIAN_POINT('',(-4.400008940818,-0.254000508001,
    1.500002540005));
#4819 = CARTESIAN_POINT('',(0.127000254001,-0.254000508001,
    1.500002540005));
#4820 = ORIENTED_EDGE('',*,*,#4821,.F.);
#4821 = EDGE_CURVE('',#4822,#4815,#4824,.T.);
#4822 = VERTEX_POINT('',#4823);
#4823 = CARTESIAN_POINT('',(-4.400008940818,2.35129364384,1.500002540005
    ));
#4824 = B_SPLINE_CURVE_WITH_KNOTS('',1,(#4825,#4826),.UNSPECIFIED.,.F.,
  .F.,(2,2),(557.30159142793,659.8720221859),.PIECEWISE_BEZIER_KNOTS.);
#4825 = CARTESIAN_POINT('',(-4.400008940818,2.35129364384,1.500002540005
    ));
#4826 = CARTESIAN_POINT('',(-4.400008940818,-0.254000508001,
    1.500002540005));
#4827 = ORIENTED_EDGE('',*,*,#4828,.T.);
#4828 = EDGE_CURVE('',#4822,#4829,#4831,.T.);
#4829 = VERTEX_POINT('',#4830);
#4830 = CARTESIAN_POINT('',(-2.39829389784,4.353008686817,1.500002540005
    ));
#4831 = ( BOUNDED_CURVE() B_SPLINE_CURVE(2,(#4832,#4833,#4834),
.UNSPECIFIED.,.F.,.F.) B_SPLINE_CURVE_WITH_KNOTS((3,3),(4.93904373514,
6.056530552424),.PIECEWISE_BEZIER_KNOTS.) CURVE() 
GEOMETRIC_REPRESENTATION_ITEM() RATIONAL_B_SPLINE_CURVE((1.,
0.847921925907,1.)) REPRESENTATION_ITEM('') );
#4832 = CARTESIAN_POINT('',(-4.400008940818,2.35129364384,1.500002540005
    ));
#4833 = CARTESIAN_POINT('',(-2.773414898761,2.726414644761,
    1.500002540005));
#4834 = CARTESIAN_POINT('',(-2.39829389784,4.353008686817,1.500002540005
    ));
#4835 = ORIENTED_EDGE('',*,*,#4836,.T.);
#4836 = EDGE_CURVE('',#4829,#2168,#4837,.T.);
#4837 = B_SPLINE_CURVE_WITH_KNOTS('',1,(#4838,#4839),.UNSPECIFIED.,.F.,
  .F.,(2,2),(838.87639142793,1.008769672186E+03),
  .PIECEWISE_BEZIER_KNOTS.);
#4838 = CARTESIAN_POINT('',(-2.39829389784,4.353008686817,1.500002540005
    ));
#4839 = CARTESIAN_POINT('',(1.917004064008,4.353008686817,1.500002540005
    ));
#4840 = ORIENTED_EDGE('',*,*,#2167,.T.);
#4841 = ORIENTED_EDGE('',*,*,#2079,.T.);
#4842 = ORIENTED_EDGE('',*,*,#4843,.F.);
#4843 = EDGE_CURVE('',#4844,#2082,#4846,.T.);
#4844 = VERTEX_POINT('',#4845);
#4845 = CARTESIAN_POINT('',(-18.90003683007,-24.53994676822,
    1.500002540005));
#4846 = B_SPLINE_CURVE_WITH_KNOTS('',1,(#4847,#4848),.UNSPECIFIED.,.F.,
  .F.,(2,2),(1.087681795314E+03,1.282016541049E+03),
  .PIECEWISE_BEZIER_KNOTS.);
#4847 = CARTESIAN_POINT('',(-18.90003683007,-24.53994676822,
    1.500002540005));
#4848 = CARTESIAN_POINT('',(-18.90003683007,-29.47605918211,
    1.500002540005));
#4849 = ORIENTED_EDGE('',*,*,#4850,.T.);
#4850 = EDGE_CURVE('',#4844,#4851,#4853,.T.);
#4851 = VERTEX_POINT('',#4852);
#4852 = CARTESIAN_POINT('',(-17.41463286093,-23.05454279908,
    1.500002540005));
#4853 = ( BOUNDED_CURVE() B_SPLINE_CURVE(2,(#4854,#4855,#4856),
.UNSPECIFIED.,.F.,.F.) B_SPLINE_CURVE_WITH_KNOTS((3,3),(4.992536890792,
6.003037396772),.PIECEWISE_BEZIER_KNOTS.) CURVE() 
GEOMETRIC_REPRESENTATION_ITEM() RATIONAL_B_SPLINE_CURVE((1.,
0.875053372764,1.)) REPRESENTATION_ITEM('') );
#4854 = CARTESIAN_POINT('',(-18.90003683007,-24.53994676822,
    1.500002540005));
#4855 = CARTESIAN_POINT('',(-17.74651716408,-24.20806246508,
    1.500002540005));
#4856 = CARTESIAN_POINT('',(-17.41463286093,-23.05454279908,
    1.500002540005));
#4857 = ORIENTED_EDGE('',*,*,#4858,.T.);
#4858 = EDGE_CURVE('',#4851,#4859,#4861,.T.);
#4859 = VERTEX_POINT('',#4860);
#4860 = CARTESIAN_POINT('',(-12.33002413004,-23.05454279908,
    1.500002540005));
#4861 = B_SPLINE_CURVE_WITH_KNOTS('',1,(#4862,#4863),.UNSPECIFIED.,.F.,
  .F.,(2,2),(544.30589531383,744.48694104879),.PIECEWISE_BEZIER_KNOTS.);
#4862 = CARTESIAN_POINT('',(-17.41463286093,-23.05454279908,
    1.500002540005));
#4863 = CARTESIAN_POINT('',(-12.33002413004,-23.05454279908,
    1.500002540005));
#4864 = ORIENTED_EDGE('',*,*,#4865,.F.);
#4865 = EDGE_CURVE('',#4866,#4859,#4868,.T.);
#4866 = VERTEX_POINT('',#4867);
#4867 = CARTESIAN_POINT('',(-12.33002413004,-21.85454025908,
    1.500002540005));
#4868 = B_SPLINE_CURVE_WITH_KNOTS('',1,(#4869,#4870),.UNSPECIFIED.,.F.,
  .F.,(2,2),(0.,47.2441),.PIECEWISE_BEZIER_KNOTS.);
#4869 = CARTESIAN_POINT('',(-12.33002413004,-21.85454025908,
    1.500002540005));
#4870 = CARTESIAN_POINT('',(-12.33002413004,-23.05454279908,
    1.500002540005));
#4871 = ORIENTED_EDGE('',*,*,#4872,.F.);
#4872 = EDGE_CURVE('',#4873,#4866,#4875,.T.);
#4873 = VERTEX_POINT('',#4874);
#4874 = CARTESIAN_POINT('',(-17.41463286093,-21.85454025908,
    1.500002540005));
#4875 = B_SPLINE_CURVE_WITH_KNOTS('',1,(#4876,#4877),.UNSPECIFIED.,.F.,
  .F.,(2,2),(544.30589531383,744.48694104879),.PIECEWISE_BEZIER_KNOTS.);
#4876 = CARTESIAN_POINT('',(-17.41463286093,-21.85454025908,
    1.500002540005));
#4877 = CARTESIAN_POINT('',(-12.33002413004,-21.85454025908,
    1.500002540005));
#4878 = ORIENTED_EDGE('',*,*,#4879,.T.);
#4879 = EDGE_CURVE('',#4873,#4880,#4882,.T.);
#4880 = VERTEX_POINT('',#4881);
#4881 = CARTESIAN_POINT('',(-18.90003683007,-20.36913628994,
    1.500002540005));
#4882 = ( BOUNDED_CURVE() B_SPLINE_CURVE(2,(#4883,#4884,#4885),
.UNSPECIFIED.,.F.,.F.) B_SPLINE_CURVE_WITH_KNOTS((3,3),(0.280147910408,
1.290648416387),.PIECEWISE_BEZIER_KNOTS.) CURVE() 
GEOMETRIC_REPRESENTATION_ITEM() RATIONAL_B_SPLINE_CURVE((1.,
0.875053372764,1.)) REPRESENTATION_ITEM('') );
#4883 = CARTESIAN_POINT('',(-17.41463286093,-21.85454025908,
    1.500002540005));
#4884 = CARTESIAN_POINT('',(-17.74651716408,-20.70102059308,
    1.500002540005));
#4885 = CARTESIAN_POINT('',(-18.90003683007,-20.36913628994,
    1.500002540005));
#4886 = ORIENTED_EDGE('',*,*,#4887,.F.);
#4887 = EDGE_CURVE('',#4888,#4880,#4890,.T.);
#4888 = VERTEX_POINT('',#4889);
#4889 = CARTESIAN_POINT('',(-18.90003683007,-11.22942352717,
    1.500002540005));
#4890 = B_SPLINE_CURVE_WITH_KNOTS('',1,(#4891,#4892),.UNSPECIFIED.,.F.,
  .F.,(2,2),(825.66414531383,1.185494636784E+03),
  .PIECEWISE_BEZIER_KNOTS.);
#4891 = CARTESIAN_POINT('',(-18.90003683007,-11.22942352717,
    1.500002540005));
#4892 = CARTESIAN_POINT('',(-18.90003683007,-20.36913628994,
    1.500002540005));
#4893 = ORIENTED_EDGE('',*,*,#4894,.T.);
#4894 = EDGE_CURVE('',#4888,#4895,#4897,.T.);
#4895 = VERTEX_POINT('',#4896);
#4896 = CARTESIAN_POINT('',(-17.41463286093,-9.744019558039,
    1.500002540005));
#4897 = ( BOUNDED_CURVE() B_SPLINE_CURVE(2,(#4898,#4899,#4900),
.UNSPECIFIED.,.F.,.F.) B_SPLINE_CURVE_WITH_KNOTS((3,3),(4.992536890792,
6.003037396772),.PIECEWISE_BEZIER_KNOTS.) CURVE() 
GEOMETRIC_REPRESENTATION_ITEM() RATIONAL_B_SPLINE_CURVE((1.,
0.875053372764,1.)) REPRESENTATION_ITEM('') );
#4898 = CARTESIAN_POINT('',(-18.90003683007,-11.22942352717,
    1.500002540005));
#4899 = CARTESIAN_POINT('',(-17.74651716408,-10.89753922403,
    1.500002540005));
#4900 = CARTESIAN_POINT('',(-17.41463286093,-9.744019558039,
    1.500002540005));
#4901 = ORIENTED_EDGE('',*,*,#4902,.T.);
#4902 = EDGE_CURVE('',#4895,#4903,#4905,.T.);
#4903 = VERTEX_POINT('',#4904);
#4904 = CARTESIAN_POINT('',(-12.33002413004,-9.744019558039,
    1.500002540005));
#4905 = B_SPLINE_CURVE_WITH_KNOTS('',1,(#4906,#4907),.UNSPECIFIED.,.F.,
  .F.,(2,2),(544.30589531383,744.48694104879),.PIECEWISE_BEZIER_KNOTS.);
#4906 = CARTESIAN_POINT('',(-17.41463286093,-9.744019558039,
    1.500002540005));
#4907 = CARTESIAN_POINT('',(-12.33002413004,-9.744019558039,
    1.500002540005));
#4908 = ORIENTED_EDGE('',*,*,#4909,.F.);
#4909 = EDGE_CURVE('',#4910,#4903,#4912,.T.);
#4910 = VERTEX_POINT('',#4911);
#4911 = CARTESIAN_POINT('',(-12.33002413004,-8.544017018034,
    1.500002540005));
#4912 = B_SPLINE_CURVE_WITH_KNOTS('',1,(#4913,#4914),.UNSPECIFIED.,.F.,
  .F.,(2,2),(0.,47.2441),.PIECEWISE_BEZIER_KNOTS.);
#4913 = CARTESIAN_POINT('',(-12.33002413004,-8.544017018034,
    1.500002540005));
#4914 = CARTESIAN_POINT('',(-12.33002413004,-9.744019558039,
    1.500002540005));
#4915 = ORIENTED_EDGE('',*,*,#4916,.F.);
#4916 = EDGE_CURVE('',#4917,#4910,#4919,.T.);
#4917 = VERTEX_POINT('',#4918);
#4918 = CARTESIAN_POINT('',(-17.41463286093,-8.544017018034,
    1.500002540005));
#4919 = B_SPLINE_CURVE_WITH_KNOTS('',1,(#4920,#4921),.UNSPECIFIED.,.F.,
  .F.,(2,2),(544.30589531383,744.48694104879),.PIECEWISE_BEZIER_KNOTS.);
#4920 = CARTESIAN_POINT('',(-17.41463286093,-8.544017018034,
    1.500002540005));
#4921 = CARTESIAN_POINT('',(-12.33002413004,-8.544017018034,
    1.500002540005));
#4922 = ORIENTED_EDGE('',*,*,#4923,.T.);
#4923 = EDGE_CURVE('',#4917,#4924,#4926,.T.);
#4924 = VERTEX_POINT('',#4925);
#4925 = CARTESIAN_POINT('',(-18.90003683007,-7.058613048894,
    1.500002540005));
#4926 = ( BOUNDED_CURVE() B_SPLINE_CURVE(2,(#4927,#4928,#4929),
.UNSPECIFIED.,.F.,.F.) B_SPLINE_CURVE_WITH_KNOTS((3,3),(0.280147910408,
1.290648416387),.PIECEWISE_BEZIER_KNOTS.) CURVE() 
GEOMETRIC_REPRESENTATION_ITEM() RATIONAL_B_SPLINE_CURVE((1.,
0.875053372764,1.)) REPRESENTATION_ITEM('') );
#4927 = CARTESIAN_POINT('',(-17.41463286093,-8.544017018034,
    1.500002540005));
#4928 = CARTESIAN_POINT('',(-17.74651716408,-7.39049735204,
    1.500002540005));
#4929 = CARTESIAN_POINT('',(-18.90003683007,-7.058613048894,
    1.500002540005));
#4930 = ORIENTED_EDGE('',*,*,#4931,.T.);
#4931 = EDGE_CURVE('',#4924,#4932,#4934,.T.);
#4932 = VERTEX_POINT('',#4933);
#4933 = CARTESIAN_POINT('',(-18.90003683007,-1.974004318009,
    1.500002540005));
#4934 = B_SPLINE_CURVE_WITH_KNOTS('',1,(#4935,#4936),.UNSPECIFIED.,.F.,
  .F.,(2,2),(-806.8358546861,-606.6548089512),.PIECEWISE_BEZIER_KNOTS.);
#4935 = CARTESIAN_POINT('',(-18.90003683007,-7.058613048894,
    1.500002540005));
#4936 = CARTESIAN_POINT('',(-18.90003683007,-1.974004318009,
    1.500002540005));
#4937 = ORIENTED_EDGE('',*,*,#4938,.F.);
#4938 = EDGE_CURVE('',#4939,#4932,#4941,.T.);
#4939 = VERTEX_POINT('',#4940);
#4940 = CARTESIAN_POINT('',(-20.10003937007,-1.974004318009,
    1.500002540005));
#4941 = B_SPLINE_CURVE_WITH_KNOTS('',1,(#4942,#4943),.UNSPECIFIED.,.F.,
  .F.,(2,2),(0.,47.2441),.PIECEWISE_BEZIER_KNOTS.);
#4942 = CARTESIAN_POINT('',(-20.10003937007,-1.974004318009,
    1.500002540005));
#4943 = CARTESIAN_POINT('',(-18.90003683007,-1.974004318009,
    1.500002540005));
#4944 = ORIENTED_EDGE('',*,*,#4945,.F.);
#4945 = EDGE_CURVE('',#4946,#4939,#4948,.T.);
#4946 = VERTEX_POINT('',#4947);
#4947 = CARTESIAN_POINT('',(-20.10003937007,-7.058613048894,
    1.500002540005));
#4948 = B_SPLINE_CURVE_WITH_KNOTS('',1,(#4949,#4950),.UNSPECIFIED.,.F.,
  .F.,(2,2),(-806.8358546861,-606.6548089512),.PIECEWISE_BEZIER_KNOTS.);
#4949 = CARTESIAN_POINT('',(-20.10003937007,-7.058613048894,
    1.500002540005));
#4950 = CARTESIAN_POINT('',(-20.10003937007,-1.974004318009,
    1.500002540005));
#4951 = ORIENTED_EDGE('',*,*,#4952,.T.);
#4952 = EDGE_CURVE('',#4946,#4953,#4955,.T.);
#4953 = VERTEX_POINT('',#4954);
#4954 = CARTESIAN_POINT('',(-21.58544333921,-8.544017018034,
    1.500002540005));
#4955 = ( BOUNDED_CURVE() B_SPLINE_CURVE(2,(#4956,#4957,#4958),
.UNSPECIFIED.,.F.,.F.) B_SPLINE_CURVE_WITH_KNOTS((3,3),(1.850944237203,
2.861444743182),.PIECEWISE_BEZIER_KNOTS.) CURVE() 
GEOMETRIC_REPRESENTATION_ITEM() RATIONAL_B_SPLINE_CURVE((1.,
0.875053372764,1.)) REPRESENTATION_ITEM('') );
#4956 = CARTESIAN_POINT('',(-20.10003937007,-7.058613048894,
    1.500002540005));
#4957 = CARTESIAN_POINT('',(-21.25355903607,-7.39049735204,
    1.500002540005));
#4958 = CARTESIAN_POINT('',(-21.58544333921,-8.544017018034,
    1.500002540005));
#4959 = ORIENTED_EDGE('',*,*,#4960,.T.);
#4960 = EDGE_CURVE('',#4953,#4961,#4963,.T.);
#4961 = VERTEX_POINT('',#4962);
#4962 = CARTESIAN_POINT('',(-26.6700520701,-8.544017018034,
    1.500002540005));
#4963 = B_SPLINE_CURVE_WITH_KNOTS('',1,(#4964,#4965),.UNSPECIFIED.,.F.,
  .F.,(2,2),(-525.4776046861,-325.2965589512),.PIECEWISE_BEZIER_KNOTS.);
#4964 = CARTESIAN_POINT('',(-21.58544333921,-8.544017018034,
    1.500002540005));
#4965 = CARTESIAN_POINT('',(-26.6700520701,-8.544017018034,
    1.500002540005));
#4966 = ORIENTED_EDGE('',*,*,#4967,.F.);
#4967 = EDGE_CURVE('',#4968,#4961,#4970,.T.);
#4968 = VERTEX_POINT('',#4969);
#4969 = CARTESIAN_POINT('',(-26.6700520701,-9.744019558039,
    1.500002540005));
#4970 = B_SPLINE_CURVE_WITH_KNOTS('',1,(#4971,#4972),.UNSPECIFIED.,.F.,
  .F.,(2,2),(0.,47.2441),.PIECEWISE_BEZIER_KNOTS.);
#4971 = CARTESIAN_POINT('',(-26.6700520701,-9.744019558039,
    1.500002540005));
#4972 = CARTESIAN_POINT('',(-26.6700520701,-8.544017018034,
    1.500002540005));
#4973 = ORIENTED_EDGE('',*,*,#4974,.F.);
#4974 = EDGE_CURVE('',#4975,#4968,#4977,.T.);
#4975 = VERTEX_POINT('',#4976);
#4976 = CARTESIAN_POINT('',(-21.58544333921,-9.744019558039,
    1.500002540005));
#4977 = B_SPLINE_CURVE_WITH_KNOTS('',1,(#4978,#4979),.UNSPECIFIED.,.F.,
  .F.,(2,2),(-525.4776046861,-325.2965589512),.PIECEWISE_BEZIER_KNOTS.);
#4978 = CARTESIAN_POINT('',(-21.58544333921,-9.744019558039,
    1.500002540005));
#4979 = CARTESIAN_POINT('',(-26.6700520701,-9.744019558039,
    1.500002540005));
#4980 = ORIENTED_EDGE('',*,*,#4981,.T.);
#4981 = EDGE_CURVE('',#4975,#4982,#4984,.T.);
#4982 = VERTEX_POINT('',#4983);
#4983 = CARTESIAN_POINT('',(-20.10003937007,-11.22942352717,
    1.500002540005));
#4984 = ( BOUNDED_CURVE() B_SPLINE_CURVE(2,(#4985,#4986,#4987),
.UNSPECIFIED.,.F.,.F.) B_SPLINE_CURVE_WITH_KNOTS((3,3),(3.421740563997,
4.432241069977),.PIECEWISE_BEZIER_KNOTS.) CURVE() 
GEOMETRIC_REPRESENTATION_ITEM() RATIONAL_B_SPLINE_CURVE((1.,
0.875053372764,1.)) REPRESENTATION_ITEM('') );
#4985 = CARTESIAN_POINT('',(-21.58544333921,-9.744019558039,
    1.500002540005));
#4986 = CARTESIAN_POINT('',(-21.25355903607,-10.89753922403,
    1.500002540005));
#4987 = CARTESIAN_POINT('',(-20.10003937007,-11.22942352717,
    1.500002540005));
#4988 = ORIENTED_EDGE('',*,*,#4989,.T.);
#4989 = EDGE_CURVE('',#4982,#4990,#4992,.T.);
#4990 = VERTEX_POINT('',#4991);
#4991 = CARTESIAN_POINT('',(-20.10003937007,-20.36913628994,
    1.500002540005));
#4992 = B_SPLINE_CURVE_WITH_KNOTS('',1,(#4993,#4994),.UNSPECIFIED.,.F.,
  .F.,(2,2),(825.66414531383,1.185494636784E+03),
  .PIECEWISE_BEZIER_KNOTS.);
#4993 = CARTESIAN_POINT('',(-20.10003937007,-11.22942352717,
    1.500002540005));
#4994 = CARTESIAN_POINT('',(-20.10003937007,-20.36913628994,
    1.500002540005));
#4995 = ORIENTED_EDGE('',*,*,#4996,.T.);
#4996 = EDGE_CURVE('',#4990,#4997,#4999,.T.);
#4997 = VERTEX_POINT('',#4998);
#4998 = CARTESIAN_POINT('',(-21.58544333921,-21.85454025908,
    1.500002540005));
#4999 = ( BOUNDED_CURVE() B_SPLINE_CURVE(2,(#5000,#5001,#5002),
.UNSPECIFIED.,.F.,.F.) B_SPLINE_CURVE_WITH_KNOTS((3,3),(1.850944237203,
2.861444743182),.PIECEWISE_BEZIER_KNOTS.) CURVE() 
GEOMETRIC_REPRESENTATION_ITEM() RATIONAL_B_SPLINE_CURVE((1.,
0.875053372764,1.)) REPRESENTATION_ITEM('') );
#5000 = CARTESIAN_POINT('',(-20.10003937007,-20.36913628994,
    1.500002540005));
#5001 = CARTESIAN_POINT('',(-21.25355903607,-20.70102059308,
    1.500002540005));
#5002 = CARTESIAN_POINT('',(-21.58544333921,-21.85454025908,
    1.500002540005));
#5003 = ORIENTED_EDGE('',*,*,#5004,.T.);
#5004 = EDGE_CURVE('',#4997,#5005,#5007,.T.);
#5005 = VERTEX_POINT('',#5006);
#5006 = CARTESIAN_POINT('',(-26.6700520701,-21.85454025908,
    1.500002540005));
#5007 = B_SPLINE_CURVE_WITH_KNOTS('',1,(#5008,#5009),.UNSPECIFIED.,.F.,
  .F.,(2,2),(-525.4776046861,-325.2965589512),.PIECEWISE_BEZIER_KNOTS.);
#5008 = CARTESIAN_POINT('',(-21.58544333921,-21.85454025908,
    1.500002540005));
#5009 = CARTESIAN_POINT('',(-26.6700520701,-21.85454025908,
    1.500002540005));
#5010 = ORIENTED_EDGE('',*,*,#5011,.F.);
#5011 = EDGE_CURVE('',#5012,#5005,#5014,.T.);
#5012 = VERTEX_POINT('',#5013);
#5013 = CARTESIAN_POINT('',(-26.6700520701,-23.05454279908,
    1.500002540005));
#5014 = B_SPLINE_CURVE_WITH_KNOTS('',1,(#5015,#5016),.UNSPECIFIED.,.F.,
  .F.,(2,2),(0.,47.2441),.PIECEWISE_BEZIER_KNOTS.);
#5015 = CARTESIAN_POINT('',(-26.6700520701,-23.05454279908,
    1.500002540005));
#5016 = CARTESIAN_POINT('',(-26.6700520701,-21.85454025908,
    1.500002540005));
#5017 = ORIENTED_EDGE('',*,*,#5018,.F.);
#5018 = EDGE_CURVE('',#5019,#5012,#5021,.T.);
#5019 = VERTEX_POINT('',#5020);
#5020 = CARTESIAN_POINT('',(-21.58544333921,-23.05454279908,
    1.500002540005));
#5021 = B_SPLINE_CURVE_WITH_KNOTS('',1,(#5022,#5023),.UNSPECIFIED.,.F.,
  .F.,(2,2),(-525.4776046861,-325.2965589512),.PIECEWISE_BEZIER_KNOTS.);
#5022 = CARTESIAN_POINT('',(-21.58544333921,-23.05454279908,
    1.500002540005));
#5023 = CARTESIAN_POINT('',(-26.6700520701,-23.05454279908,
    1.500002540005));
#5024 = ORIENTED_EDGE('',*,*,#5025,.T.);
#5025 = EDGE_CURVE('',#5019,#5026,#5028,.T.);
#5026 = VERTEX_POINT('',#5027);
#5027 = CARTESIAN_POINT('',(-20.10003937007,-24.53994676822,
    1.500002540005));
#5028 = ( BOUNDED_CURVE() B_SPLINE_CURVE(2,(#5029,#5030,#5031),
.UNSPECIFIED.,.F.,.F.) B_SPLINE_CURVE_WITH_KNOTS((3,3),(3.421740563997,
4.432241069977),.PIECEWISE_BEZIER_KNOTS.) CURVE() 
GEOMETRIC_REPRESENTATION_ITEM() RATIONAL_B_SPLINE_CURVE((1.,
0.875053372764,1.)) REPRESENTATION_ITEM('') );
#5029 = CARTESIAN_POINT('',(-21.58544333921,-23.05454279908,
    1.500002540005));
#5030 = CARTESIAN_POINT('',(-21.25355903607,-24.20806246508,
    1.500002540005));
#5031 = CARTESIAN_POINT('',(-20.10003937007,-24.53994676822,
    1.500002540005));
#5032 = ORIENTED_EDGE('',*,*,#5033,.T.);
#5033 = EDGE_CURVE('',#5026,#2124,#5034,.T.);
#5034 = B_SPLINE_CURVE_WITH_KNOTS('',1,(#5035,#5036),.UNSPECIFIED.,.F.,
  .F.,(2,2),(1.087681795314E+03,1.282016541049E+03),
  .PIECEWISE_BEZIER_KNOTS.);
#5035 = CARTESIAN_POINT('',(-20.10003937007,-24.53994676822,
    1.500002540005));
#5036 = CARTESIAN_POINT('',(-20.10003937007,-29.47605918211,
    1.500002540005));
#5037 = ORIENTED_EDGE('',*,*,#2123,.T.);
#5038 = ORIENTED_EDGE('',*,*,#5039,.F.);
#5039 = EDGE_CURVE('',#5040,#2117,#5042,.T.);
#5040 = VERTEX_POINT('',#5041);
#5041 = CARTESIAN_POINT('',(-84.61716916433,-24.53994676822,
    1.500002540005));
#5042 = B_SPLINE_CURVE_WITH_KNOTS('',1,(#5043,#5044),.UNSPECIFIED.,.F.,
  .F.,(2,2),(1.087681795314E+03,1.282016541049E+03),
  .PIECEWISE_BEZIER_KNOTS.);
#5043 = CARTESIAN_POINT('',(-84.61716916433,-24.53994676822,
    1.500002540005));
#5044 = CARTESIAN_POINT('',(-84.61716916433,-29.47605918211,
    1.500002540005));
#5045 = ORIENTED_EDGE('',*,*,#5046,.T.);
#5046 = EDGE_CURVE('',#5040,#5047,#5049,.T.);
#5047 = VERTEX_POINT('',#5048);
#5048 = CARTESIAN_POINT('',(-83.13176519519,-23.05454279908,
    1.500002540005));
#5049 = ( BOUNDED_CURVE() B_SPLINE_CURVE(2,(#5050,#5051,#5052),
.UNSPECIFIED.,.F.,.F.) B_SPLINE_CURVE_WITH_KNOTS((3,3),(4.992536890792,
6.003037396772),.PIECEWISE_BEZIER_KNOTS.) CURVE() 
GEOMETRIC_REPRESENTATION_ITEM() RATIONAL_B_SPLINE_CURVE((1.,
0.875053372764,1.)) REPRESENTATION_ITEM('') );
#5050 = CARTESIAN_POINT('',(-84.61716916433,-24.53994676822,
    1.500002540005));
#5051 = CARTESIAN_POINT('',(-83.46364949834,-24.20806246508,
    1.500002540005));
#5052 = CARTESIAN_POINT('',(-83.13176519519,-23.05454279908,
    1.500002540005));
#5053 = ORIENTED_EDGE('',*,*,#5054,.T.);
#5054 = EDGE_CURVE('',#5047,#5055,#5057,.T.);
#5055 = VERTEX_POINT('',#5056);
#5056 = CARTESIAN_POINT('',(-78.04715646431,-23.05454279908,
    1.500002540005));
#5057 = B_SPLINE_CURVE_WITH_KNOTS('',1,(#5058,#5059),.UNSPECIFIED.,.F.,
  .F.,(2,2),(-749.3358546861,-549.1548089512),.PIECEWISE_BEZIER_KNOTS.);
#5058 = CARTESIAN_POINT('',(-83.13176519519,-23.05454279908,
    1.500002540005));
#5059 = CARTESIAN_POINT('',(-78.04715646431,-23.05454279908,
    1.500002540005));
#5060 = ORIENTED_EDGE('',*,*,#5061,.F.);
#5061 = EDGE_CURVE('',#5062,#5055,#5064,.T.);
#5062 = VERTEX_POINT('',#5063);
#5063 = CARTESIAN_POINT('',(-78.04715646431,-21.85454025908,
    1.500002540005));
#5064 = B_SPLINE_CURVE_WITH_KNOTS('',1,(#5065,#5066),.UNSPECIFIED.,.F.,
  .F.,(2,2),(0.,47.2441),.PIECEWISE_BEZIER_KNOTS.);
#5065 = CARTESIAN_POINT('',(-78.04715646431,-21.85454025908,
    1.500002540005));
#5066 = CARTESIAN_POINT('',(-78.04715646431,-23.05454279908,
    1.500002540005));
#5067 = ORIENTED_EDGE('',*,*,#5068,.F.);
#5068 = EDGE_CURVE('',#5069,#5062,#5071,.T.);
#5069 = VERTEX_POINT('',#5070);
#5070 = CARTESIAN_POINT('',(-83.13176519519,-21.85454025908,
    1.500002540005));
#5071 = B_SPLINE_CURVE_WITH_KNOTS('',1,(#5072,#5073),.UNSPECIFIED.,.F.,
  .F.,(2,2),(-749.3358546861,-549.1548089512),.PIECEWISE_BEZIER_KNOTS.);
#5072 = CARTESIAN_POINT('',(-83.13176519519,-21.85454025908,
    1.500002540005));
#5073 = CARTESIAN_POINT('',(-78.04715646431,-21.85454025908,
    1.500002540005));
#5074 = ORIENTED_EDGE('',*,*,#5075,.T.);
#5075 = EDGE_CURVE('',#5069,#5076,#5078,.T.);
#5076 = VERTEX_POINT('',#5077);
#5077 = CARTESIAN_POINT('',(-84.61716916433,-20.36913628994,
    1.500002540005));
#5078 = ( BOUNDED_CURVE() B_SPLINE_CURVE(2,(#5079,#5080,#5081),
.UNSPECIFIED.,.F.,.F.) B_SPLINE_CURVE_WITH_KNOTS((3,3),(0.280147910408,
1.290648416387),.PIECEWISE_BEZIER_KNOTS.) CURVE() 
GEOMETRIC_REPRESENTATION_ITEM() RATIONAL_B_SPLINE_CURVE((1.,
0.875053372764,1.)) REPRESENTATION_ITEM('') );
#5079 = CARTESIAN_POINT('',(-83.13176519519,-21.85454025908,
    1.500002540005));
#5080 = CARTESIAN_POINT('',(-83.46364949834,-20.70102059308,
    1.500002540005));
#5081 = CARTESIAN_POINT('',(-84.61716916433,-20.36913628994,
    1.500002540005));
#5082 = ORIENTED_EDGE('',*,*,#5083,.F.);
#5083 = EDGE_CURVE('',#5084,#5076,#5086,.T.);
#5084 = VERTEX_POINT('',#5085);
#5085 = CARTESIAN_POINT('',(-84.61716916433,-11.22942352717,
    1.500002540005));
#5086 = B_SPLINE_CURVE_WITH_KNOTS('',1,(#5087,#5088),.UNSPECIFIED.,.F.,
  .F.,(2,2),(825.66414531381,1.185494636784E+03),
  .PIECEWISE_BEZIER_KNOTS.);
#5087 = CARTESIAN_POINT('',(-84.61716916433,-11.22942352717,
    1.500002540005));
#5088 = CARTESIAN_POINT('',(-84.61716916433,-20.36913628994,
    1.500002540005));
#5089 = ORIENTED_EDGE('',*,*,#5090,.T.);
#5090 = EDGE_CURVE('',#5084,#5091,#5093,.T.);
#5091 = VERTEX_POINT('',#5092);
#5092 = CARTESIAN_POINT('',(-83.13176519519,-9.744019558039,
    1.500002540005));
#5093 = ( BOUNDED_CURVE() B_SPLINE_CURVE(2,(#5094,#5095,#5096),
.UNSPECIFIED.,.F.,.F.) B_SPLINE_CURVE_WITH_KNOTS((3,3),(4.992536890792,
6.003037396772),.PIECEWISE_BEZIER_KNOTS.) CURVE() 
GEOMETRIC_REPRESENTATION_ITEM() RATIONAL_B_SPLINE_CURVE((1.,
0.875053372764,1.)) REPRESENTATION_ITEM('') );
#5094 = CARTESIAN_POINT('',(-84.61716916433,-11.22942352717,
    1.500002540005));
#5095 = CARTESIAN_POINT('',(-83.46364949834,-10.89753922403,
    1.500002540005));
#5096 = CARTESIAN_POINT('',(-83.13176519519,-9.744019558039,
    1.500002540005));
#5097 = ORIENTED_EDGE('',*,*,#5098,.T.);
#5098 = EDGE_CURVE('',#5091,#5099,#5101,.T.);
#5099 = VERTEX_POINT('',#5100);
#5100 = CARTESIAN_POINT('',(-78.04715646431,-9.744019558039,
    1.500002540005));
#5101 = B_SPLINE_CURVE_WITH_KNOTS('',1,(#5102,#5103),.UNSPECIFIED.,.F.,
  .F.,(2,2),(-749.3358546861,-549.1548089512),.PIECEWISE_BEZIER_KNOTS.);
#5102 = CARTESIAN_POINT('',(-83.13176519519,-9.744019558039,
    1.500002540005));
#5103 = CARTESIAN_POINT('',(-78.04715646431,-9.744019558039,
    1.500002540005));
#5104 = ORIENTED_EDGE('',*,*,#5105,.F.);
#5105 = EDGE_CURVE('',#5106,#5099,#5108,.T.);
#5106 = VERTEX_POINT('',#5107);
#5107 = CARTESIAN_POINT('',(-78.04715646431,-8.544017018034,
    1.500002540005));
#5108 = B_SPLINE_CURVE_WITH_KNOTS('',1,(#5109,#5110),.UNSPECIFIED.,.F.,
  .F.,(2,2),(0.,47.2441),.PIECEWISE_BEZIER_KNOTS.);
#5109 = CARTESIAN_POINT('',(-78.04715646431,-8.544017018034,
    1.500002540005));
#5110 = CARTESIAN_POINT('',(-78.04715646431,-9.744019558039,
    1.500002540005));
#5111 = ORIENTED_EDGE('',*,*,#5112,.F.);
#5112 = EDGE_CURVE('',#5113,#5106,#5115,.T.);
#5113 = VERTEX_POINT('',#5114);
#5114 = CARTESIAN_POINT('',(-83.13176519519,-8.544017018034,
    1.500002540005));
#5115 = B_SPLINE_CURVE_WITH_KNOTS('',1,(#5116,#5117),.UNSPECIFIED.,.F.,
  .F.,(2,2),(-749.3358546861,-549.1548089512),.PIECEWISE_BEZIER_KNOTS.);
#5116 = CARTESIAN_POINT('',(-83.13176519519,-8.544017018034,
    1.500002540005));
#5117 = CARTESIAN_POINT('',(-78.04715646431,-8.544017018034,
    1.500002540005));
#5118 = ORIENTED_EDGE('',*,*,#5119,.T.);
#5119 = EDGE_CURVE('',#5113,#5120,#5122,.T.);
#5120 = VERTEX_POINT('',#5121);
#5121 = CARTESIAN_POINT('',(-84.61716916433,-7.058613048894,
    1.500002540005));
#5122 = ( BOUNDED_CURVE() B_SPLINE_CURVE(2,(#5123,#5124,#5125),
.UNSPECIFIED.,.F.,.F.) B_SPLINE_CURVE_WITH_KNOTS((3,3),(0.280147910408,
1.290648416387),.PIECEWISE_BEZIER_KNOTS.) CURVE() 
GEOMETRIC_REPRESENTATION_ITEM() RATIONAL_B_SPLINE_CURVE((1.,
0.875053372764,1.)) REPRESENTATION_ITEM('') );
#5123 = CARTESIAN_POINT('',(-83.13176519519,-8.544017018034,
    1.500002540005));
#5124 = CARTESIAN_POINT('',(-83.46364949834,-7.39049735204,
    1.500002540005));
#5125 = CARTESIAN_POINT('',(-84.61716916433,-7.058613048894,
    1.500002540005));
#5126 = ORIENTED_EDGE('',*,*,#5127,.T.);
#5127 = EDGE_CURVE('',#5120,#5128,#5130,.T.);
#5128 = VERTEX_POINT('',#5129);
#5129 = CARTESIAN_POINT('',(-84.61716916433,-1.974004318009,
    1.500002540005));
#5130 = B_SPLINE_CURVE_WITH_KNOTS('',1,(#5131,#5132),.UNSPECIFIED.,.F.,
  .F.,(2,2),(-806.8358546861,-606.6548089512),.PIECEWISE_BEZIER_KNOTS.);
#5131 = CARTESIAN_POINT('',(-84.61716916433,-7.058613048894,
    1.500002540005));
#5132 = CARTESIAN_POINT('',(-84.61716916433,-1.974004318009,
    1.500002540005));
#5133 = ORIENTED_EDGE('',*,*,#5134,.F.);
#5134 = EDGE_CURVE('',#5135,#5128,#5137,.T.);
#5135 = VERTEX_POINT('',#5136);
#5136 = CARTESIAN_POINT('',(-85.81717170434,-1.974004318009,
    1.500002540005));
#5137 = B_SPLINE_CURVE_WITH_KNOTS('',1,(#5138,#5139),.UNSPECIFIED.,.F.,
  .F.,(2,2),(0.,47.2441),.PIECEWISE_BEZIER_KNOTS.);
#5138 = CARTESIAN_POINT('',(-85.81717170434,-1.974004318009,
    1.500002540005));
#5139 = CARTESIAN_POINT('',(-84.61716916433,-1.974004318009,
    1.500002540005));
#5140 = ORIENTED_EDGE('',*,*,#5141,.F.);
#5141 = EDGE_CURVE('',#5142,#5135,#5144,.T.);
#5142 = VERTEX_POINT('',#5143);
#5143 = CARTESIAN_POINT('',(-85.81717170434,-7.058613048894,
    1.500002540005));
#5144 = B_SPLINE_CURVE_WITH_KNOTS('',1,(#5145,#5146),.UNSPECIFIED.,.F.,
  .F.,(2,2),(-806.8358546861,-606.6548089512),.PIECEWISE_BEZIER_KNOTS.);
#5145 = CARTESIAN_POINT('',(-85.81717170434,-7.058613048894,
    1.500002540005));
#5146 = CARTESIAN_POINT('',(-85.81717170434,-1.974004318009,
    1.500002540005));
#5147 = ORIENTED_EDGE('',*,*,#5148,.T.);
#5148 = EDGE_CURVE('',#5142,#5149,#5151,.T.);
#5149 = VERTEX_POINT('',#5150);
#5150 = CARTESIAN_POINT('',(-87.30257567348,-8.544017018034,
    1.500002540005));
#5151 = ( BOUNDED_CURVE() B_SPLINE_CURVE(2,(#5152,#5153,#5154),
.UNSPECIFIED.,.F.,.F.) B_SPLINE_CURVE_WITH_KNOTS((3,3),(1.850944237203,
2.861444743182),.PIECEWISE_BEZIER_KNOTS.) CURVE() 
GEOMETRIC_REPRESENTATION_ITEM() RATIONAL_B_SPLINE_CURVE((1.,
0.875053372764,1.)) REPRESENTATION_ITEM('') );
#5152 = CARTESIAN_POINT('',(-85.81717170434,-7.058613048894,
    1.500002540005));
#5153 = CARTESIAN_POINT('',(-86.97069137033,-7.39049735204,
    1.500002540005));
#5154 = CARTESIAN_POINT('',(-87.30257567348,-8.544017018034,
    1.500002540005));
#5155 = ORIENTED_EDGE('',*,*,#5156,.T.);
#5156 = EDGE_CURVE('',#5149,#5157,#5159,.T.);
#5157 = VERTEX_POINT('',#5158);
#5158 = CARTESIAN_POINT('',(-92.38718440436,-8.544017018034,
    1.500002540005));
#5159 = B_SPLINE_CURVE_WITH_KNOTS('',1,(#5160,#5161),.UNSPECIFIED.,.F.,
  .F.,(2,2),(768.16414531383,968.34519104879),.PIECEWISE_BEZIER_KNOTS.);
#5160 = CARTESIAN_POINT('',(-87.30257567348,-8.544017018034,
    1.500002540005));
#5161 = CARTESIAN_POINT('',(-92.38718440436,-8.544017018034,
    1.500002540005));
#5162 = ORIENTED_EDGE('',*,*,#5163,.F.);
#5163 = EDGE_CURVE('',#5164,#5157,#5166,.T.);
#5164 = VERTEX_POINT('',#5165);
#5165 = CARTESIAN_POINT('',(-92.38718440436,-9.744019558039,
    1.500002540005));
#5166 = B_SPLINE_CURVE_WITH_KNOTS('',1,(#5167,#5168),.UNSPECIFIED.,.F.,
  .F.,(2,2),(0.,47.2441),.PIECEWISE_BEZIER_KNOTS.);
#5167 = CARTESIAN_POINT('',(-92.38718440436,-9.744019558039,
    1.500002540005));
#5168 = CARTESIAN_POINT('',(-92.38718440436,-8.544017018034,
    1.500002540005));
#5169 = ORIENTED_EDGE('',*,*,#5170,.F.);
#5170 = EDGE_CURVE('',#5171,#5164,#5173,.T.);
#5171 = VERTEX_POINT('',#5172);
#5172 = CARTESIAN_POINT('',(-87.30257567348,-9.744019558039,
    1.500002540005));
#5173 = B_SPLINE_CURVE_WITH_KNOTS('',1,(#5174,#5175),.UNSPECIFIED.,.F.,
  .F.,(2,2),(768.16414531383,968.34519104879),.PIECEWISE_BEZIER_KNOTS.);
#5174 = CARTESIAN_POINT('',(-87.30257567348,-9.744019558039,
    1.500002540005));
#5175 = CARTESIAN_POINT('',(-92.38718440436,-9.744019558039,
    1.500002540005));
#5176 = ORIENTED_EDGE('',*,*,#5177,.T.);
#5177 = EDGE_CURVE('',#5171,#5178,#5180,.T.);
#5178 = VERTEX_POINT('',#5179);
#5179 = CARTESIAN_POINT('',(-85.81717170434,-11.22942352717,
    1.500002540005));
#5180 = ( BOUNDED_CURVE() B_SPLINE_CURVE(2,(#5181,#5182,#5183),
.UNSPECIFIED.,.F.,.F.) B_SPLINE_CURVE_WITH_KNOTS((3,3),(3.421740563997,
4.432241069977),.PIECEWISE_BEZIER_KNOTS.) CURVE() 
GEOMETRIC_REPRESENTATION_ITEM() RATIONAL_B_SPLINE_CURVE((1.,
0.875053372764,1.)) REPRESENTATION_ITEM('') );
#5181 = CARTESIAN_POINT('',(-87.30257567348,-9.744019558039,
    1.500002540005));
#5182 = CARTESIAN_POINT('',(-86.97069137033,-10.89753922403,
    1.500002540005));
#5183 = CARTESIAN_POINT('',(-85.81717170434,-11.22942352717,
    1.500002540005));
#5184 = ORIENTED_EDGE('',*,*,#5185,.T.);
#5185 = EDGE_CURVE('',#5178,#5186,#5188,.T.);
#5186 = VERTEX_POINT('',#5187);
#5187 = CARTESIAN_POINT('',(-85.81717170434,-20.36913628994,
    1.500002540005));
#5188 = B_SPLINE_CURVE_WITH_KNOTS('',1,(#5189,#5190),.UNSPECIFIED.,.F.,
  .F.,(2,2),(825.66414531381,1.185494636784E+03),
  .PIECEWISE_BEZIER_KNOTS.);
#5189 = CARTESIAN_POINT('',(-85.81717170434,-11.22942352717,
    1.500002540005));
#5190 = CARTESIAN_POINT('',(-85.81717170434,-20.36913628994,
    1.500002540005));
#5191 = ORIENTED_EDGE('',*,*,#5192,.T.);
#5192 = EDGE_CURVE('',#5186,#5193,#5195,.T.);
#5193 = VERTEX_POINT('',#5194);
#5194 = CARTESIAN_POINT('',(-87.30257567348,-21.85454025908,
    1.500002540005));
#5195 = ( BOUNDED_CURVE() B_SPLINE_CURVE(2,(#5196,#5197,#5198),
.UNSPECIFIED.,.F.,.F.) B_SPLINE_CURVE_WITH_KNOTS((3,3),(1.850944237203,
2.861444743182),.PIECEWISE_BEZIER_KNOTS.) CURVE() 
GEOMETRIC_REPRESENTATION_ITEM() RATIONAL_B_SPLINE_CURVE((1.,
0.875053372764,1.)) REPRESENTATION_ITEM('') );
#5196 = CARTESIAN_POINT('',(-85.81717170434,-20.36913628994,
    1.500002540005));
#5197 = CARTESIAN_POINT('',(-86.97069137033,-20.70102059308,
    1.500002540005));
#5198 = CARTESIAN_POINT('',(-87.30257567348,-21.85454025908,
    1.500002540005));
#5199 = ORIENTED_EDGE('',*,*,#5200,.T.);
#5200 = EDGE_CURVE('',#5193,#5201,#5203,.T.);
#5201 = VERTEX_POINT('',#5202);
#5202 = CARTESIAN_POINT('',(-92.38718440436,-21.85454025908,
    1.500002540005));
#5203 = B_SPLINE_CURVE_WITH_KNOTS('',1,(#5204,#5205),.UNSPECIFIED.,.F.,
  .F.,(2,2),(768.16414531383,968.34519104879),.PIECEWISE_BEZIER_KNOTS.);
#5204 = CARTESIAN_POINT('',(-87.30257567348,-21.85454025908,
    1.500002540005));
#5205 = CARTESIAN_POINT('',(-92.38718440436,-21.85454025908,
    1.500002540005));
#5206 = ORIENTED_EDGE('',*,*,#5207,.F.);
#5207 = EDGE_CURVE('',#5208,#5201,#5210,.T.);
#5208 = VERTEX_POINT('',#5209);
#5209 = CARTESIAN_POINT('',(-92.38718440436,-23.05454279908,
    1.500002540005));
#5210 = B_SPLINE_CURVE_WITH_KNOTS('',1,(#5211,#5212),.UNSPECIFIED.,.F.,
  .F.,(2,2),(0.,47.2441),.PIECEWISE_BEZIER_KNOTS.);
#5211 = CARTESIAN_POINT('',(-92.38718440436,-23.05454279908,
    1.500002540005));
#5212 = CARTESIAN_POINT('',(-92.38718440436,-21.85454025908,
    1.500002540005));
#5213 = ORIENTED_EDGE('',*,*,#5214,.F.);
#5214 = EDGE_CURVE('',#5215,#5208,#5217,.T.);
#5215 = VERTEX_POINT('',#5216);
#5216 = CARTESIAN_POINT('',(-87.30257567348,-23.05454279908,
    1.500002540005));
#5217 = B_SPLINE_CURVE_WITH_KNOTS('',1,(#5218,#5219),.UNSPECIFIED.,.F.,
  .F.,(2,2),(768.16414531383,968.34519104879),.PIECEWISE_BEZIER_KNOTS.);
#5218 = CARTESIAN_POINT('',(-87.30257567348,-23.05454279908,
    1.500002540005));
#5219 = CARTESIAN_POINT('',(-92.38718440436,-23.05454279908,
    1.500002540005));
#5220 = ORIENTED_EDGE('',*,*,#5221,.T.);
#5221 = EDGE_CURVE('',#5215,#5222,#5224,.T.);
#5222 = VERTEX_POINT('',#5223);
#5223 = CARTESIAN_POINT('',(-85.81717170434,-24.53994676822,
    1.500002540005));
#5224 = ( BOUNDED_CURVE() B_SPLINE_CURVE(2,(#5225,#5226,#5227),
.UNSPECIFIED.,.F.,.F.) B_SPLINE_CURVE_WITH_KNOTS((3,3),(3.421740563997,
4.432241069977),.PIECEWISE_BEZIER_KNOTS.) CURVE() 
GEOMETRIC_REPRESENTATION_ITEM() RATIONAL_B_SPLINE_CURVE((1.,
0.875053372764,1.)) REPRESENTATION_ITEM('') );
#5225 = CARTESIAN_POINT('',(-87.30257567348,-23.05454279908,
    1.500002540005));
#5226 = CARTESIAN_POINT('',(-86.97069137033,-24.20806246508,
    1.500002540005));
#5227 = CARTESIAN_POINT('',(-85.81717170434,-24.53994676822,
    1.500002540005));
#5228 = ORIENTED_EDGE('',*,*,#5229,.T.);
#5229 = EDGE_CURVE('',#5222,#2096,#5230,.T.);
#5230 = B_SPLINE_CURVE_WITH_KNOTS('',1,(#5231,#5232),.UNSPECIFIED.,.F.,
  .F.,(2,2),(1.087681795314E+03,1.282016541049E+03),
  .PIECEWISE_BEZIER_KNOTS.);
#5231 = CARTESIAN_POINT('',(-85.81717170434,-24.53994676822,
    1.500002540005));
#5232 = CARTESIAN_POINT('',(-85.81717170434,-29.47605918211,
    1.500002540005));
#5233 = ORIENTED_EDGE('',*,*,#2095,.T.);
#5234 = ORIENTED_EDGE('',*,*,#1986,.T.);
#5235 = FACE_BOUND('',#5236,.F.);
#5236 = EDGE_LOOP('',(#5237,#5246,#5253,#5261,#5268,#5275,#5282,#5290,
    #5297,#5304,#5311,#5319,#5326,#5333,#5340,#5348));
#5237 = ORIENTED_EDGE('',*,*,#5238,.F.);
#5238 = EDGE_CURVE('',#5239,#5241,#5243,.T.);
#5239 = VERTEX_POINT('',#5240);
#5240 = CARTESIAN_POINT('',(-79.45215865887,86.579173177546,
    1.500002540005));
#5241 = VERTEX_POINT('',#5242);
#5242 = CARTESIAN_POINT('',(-79.45215865887,85.379170739142,
    1.500002540005));
#5243 = B_SPLINE_CURVE_WITH_KNOTS('',1,(#5244,#5245),.UNSPECIFIED.,.F.,
  .F.,(2,2),(0.,47.244096),.PIECEWISE_BEZIER_KNOTS.);
#5244 = CARTESIAN_POINT('',(-79.45215865887,86.579173177546,
    1.500002540005));
#5245 = CARTESIAN_POINT('',(-79.45215865887,85.379170739142,
    1.500002540005));
#5246 = ORIENTED_EDGE('',*,*,#5247,.F.);
#5247 = EDGE_CURVE('',#5248,#5239,#5250,.T.);
#5248 = VERTEX_POINT('',#5249);
#5249 = CARTESIAN_POINT('',(-84.52045798216,86.579173177546,
    1.500002540005));
#5250 = B_SPLINE_CURVE_WITH_KNOTS('',1,(#5251,#5252),.UNSPECIFIED.,.F.,
  .F.,(2,2),(-777.698408572,-578.159464214),.PIECEWISE_BEZIER_KNOTS.);
#5251 = CARTESIAN_POINT('',(-84.52045798216,86.579173177546,
    1.500002540005));
#5252 = CARTESIAN_POINT('',(-79.45215865887,86.579173177546,
    1.500002540005));
#5253 = ORIENTED_EDGE('',*,*,#5254,.T.);
#5254 = EDGE_CURVE('',#5248,#5255,#5257,.T.);
#5255 = VERTEX_POINT('',#5256);
#5256 = CARTESIAN_POINT('',(-86.52217302514,88.580888220524,
    1.500002540005));
#5257 = ( BOUNDED_CURVE() B_SPLINE_CURVE(2,(#5258,#5259,#5260),
.UNSPECIFIED.,.F.,.F.) B_SPLINE_CURVE_WITH_KNOTS((3,3),(0.226654754756,
1.344141572039),.PIECEWISE_BEZIER_KNOTS.) CURVE() 
GEOMETRIC_REPRESENTATION_ITEM() RATIONAL_B_SPLINE_CURVE((1.,
0.847921925907,1.)) REPRESENTATION_ITEM('') );
#5258 = CARTESIAN_POINT('',(-84.52045798216,86.579173177546,
    1.500002540005));
#5259 = CARTESIAN_POINT('',(-84.89557898308,88.205767219603,
    1.500002540005));
#5260 = CARTESIAN_POINT('',(-86.52217302514,88.580888220524,
    1.500002540005));
#5261 = ORIENTED_EDGE('',*,*,#5262,.T.);
#5262 = EDGE_CURVE('',#5255,#5263,#5265,.T.);
#5263 = VERTEX_POINT('',#5264);
#5264 = CARTESIAN_POINT('',(-86.52217302514,93.649187543815,
    1.500002540005));
#5265 = B_SPLINE_CURVE_WITH_KNOTS('',1,(#5266,#5267),.UNSPECIFIED.,.F.,
  .F.,(2,2),(1.074801591428E+03,1.274340535786E+03),
  .PIECEWISE_BEZIER_KNOTS.);
#5266 = CARTESIAN_POINT('',(-86.52217302514,88.580888220524,
    1.500002540005));
#5267 = CARTESIAN_POINT('',(-86.52217302514,93.649187543815,
    1.500002540005));
#5268 = ORIENTED_EDGE('',*,*,#5269,.F.);
#5269 = EDGE_CURVE('',#5270,#5263,#5272,.T.);
#5270 = VERTEX_POINT('',#5271);
#5271 = CARTESIAN_POINT('',(-87.72217546355,93.649187543815,
    1.500002540005));
#5272 = B_SPLINE_CURVE_WITH_KNOTS('',1,(#5273,#5274),.UNSPECIFIED.,.F.,
  .F.,(2,2),(0.,47.244096),.PIECEWISE_BEZIER_KNOTS.);
#5273 = CARTESIAN_POINT('',(-87.72217546355,93.649187543815,
    1.500002540005));
#5274 = CARTESIAN_POINT('',(-86.52217302514,93.649187543815,
    1.500002540005));
#5275 = ORIENTED_EDGE('',*,*,#5276,.F.);
#5276 = EDGE_CURVE('',#5277,#5270,#5279,.T.);
#5277 = VERTEX_POINT('',#5278);
#5278 = CARTESIAN_POINT('',(-87.72217546355,88.580888220524,
    1.500002540005));
#5279 = B_SPLINE_CURVE_WITH_KNOTS('',1,(#5280,#5281),.UNSPECIFIED.,.F.,
  .F.,(2,2),(1.074801591428E+03,1.274340535786E+03),
  .PIECEWISE_BEZIER_KNOTS.);
#5280 = CARTESIAN_POINT('',(-87.72217546355,88.580888220524,
    1.500002540005));
#5281 = CARTESIAN_POINT('',(-87.72217546355,93.649187543815,
    1.500002540005));
#5282 = ORIENTED_EDGE('',*,*,#5283,.T.);
#5283 = EDGE_CURVE('',#5277,#5284,#5286,.T.);
#5284 = VERTEX_POINT('',#5285);
#5285 = CARTESIAN_POINT('',(-89.72389050652,86.579173177546,
    1.500002540005));
#5286 = ( BOUNDED_CURVE() B_SPLINE_CURVE(2,(#5287,#5288,#5289),
.UNSPECIFIED.,.F.,.F.) B_SPLINE_CURVE_WITH_KNOTS((3,3),(1.79745108155,
2.914937898834),.PIECEWISE_BEZIER_KNOTS.) CURVE() 
GEOMETRIC_REPRESENTATION_ITEM() RATIONAL_B_SPLINE_CURVE((1.,
0.847921925907,1.)) REPRESENTATION_ITEM('') );
#5287 = CARTESIAN_POINT('',(-87.72217546355,88.580888220524,
    1.500002540005));
#5288 = CARTESIAN_POINT('',(-89.3487695056,88.205767219603,
    1.500002540005));
#5289 = CARTESIAN_POINT('',(-89.72389050652,86.579173177546,
    1.500002540005));
#5290 = ORIENTED_EDGE('',*,*,#5291,.T.);
#5291 = EDGE_CURVE('',#5284,#5292,#5294,.T.);
#5292 = VERTEX_POINT('',#5293);
#5293 = CARTESIAN_POINT('',(-94.79218982982,86.579173177546,
    1.500002540005));
#5294 = B_SPLINE_CURVE_WITH_KNOTS('',1,(#5295,#5296),.UNSPECIFIED.,.F.,
  .F.,(2,2),(814.80159142792,1.014340535786E+03),
  .PIECEWISE_BEZIER_KNOTS.);
#5295 = CARTESIAN_POINT('',(-89.72389050652,86.579173177546,
    1.500002540005));
#5296 = CARTESIAN_POINT('',(-94.79218982982,86.579173177546,
    1.500002540005));
#5297 = ORIENTED_EDGE('',*,*,#5298,.F.);
#5298 = EDGE_CURVE('',#5299,#5292,#5301,.T.);
#5299 = VERTEX_POINT('',#5300);
#5300 = CARTESIAN_POINT('',(-94.79218982982,85.379170739141,
    1.500002540005));
#5301 = B_SPLINE_CURVE_WITH_KNOTS('',1,(#5302,#5303),.UNSPECIFIED.,.F.,
  .F.,(2,2),(0.,47.244096),.PIECEWISE_BEZIER_KNOTS.);
#5302 = CARTESIAN_POINT('',(-94.79218982982,85.379170739141,
    1.500002540005));
#5303 = CARTESIAN_POINT('',(-94.79218982982,86.579173177546,
    1.500002540005));
#5304 = ORIENTED_EDGE('',*,*,#5305,.F.);
#5305 = EDGE_CURVE('',#5306,#5299,#5308,.T.);
#5306 = VERTEX_POINT('',#5307);
#5307 = CARTESIAN_POINT('',(-89.72389050652,85.379170739141,
    1.500002540005));
#5308 = B_SPLINE_CURVE_WITH_KNOTS('',1,(#5309,#5310),.UNSPECIFIED.,.F.,
  .F.,(2,2),(814.80159142788,1.014340535786E+03),
  .PIECEWISE_BEZIER_KNOTS.);
#5309 = CARTESIAN_POINT('',(-89.72389050652,85.379170739141,
    1.500002540005));
#5310 = CARTESIAN_POINT('',(-94.79218982982,85.379170739141,
    1.500002540005));
#5311 = ORIENTED_EDGE('',*,*,#5312,.T.);
#5312 = EDGE_CURVE('',#5306,#5313,#5315,.T.);
#5313 = VERTEX_POINT('',#5314);
#5314 = CARTESIAN_POINT('',(-87.72217546355,83.377455696164,
    1.500002540005));
#5315 = ( BOUNDED_CURVE() B_SPLINE_CURVE(2,(#5316,#5317,#5318),
.UNSPECIFIED.,.F.,.F.) B_SPLINE_CURVE_WITH_KNOTS((3,3),(3.368247408345,
4.485734225629),.PIECEWISE_BEZIER_KNOTS.) CURVE() 
GEOMETRIC_REPRESENTATION_ITEM() RATIONAL_B_SPLINE_CURVE((1.,
0.847921925907,1.)) REPRESENTATION_ITEM('') );
#5316 = CARTESIAN_POINT('',(-89.72389050652,85.379170739141,
    1.500002540005));
#5317 = CARTESIAN_POINT('',(-89.3487695056,83.752576697085,
    1.500002540005));
#5318 = CARTESIAN_POINT('',(-87.72217546355,83.377455696164,
    1.500002540005));
#5319 = ORIENTED_EDGE('',*,*,#5320,.T.);
#5320 = EDGE_CURVE('',#5313,#5321,#5323,.T.);
#5321 = VERTEX_POINT('',#5322);
#5322 = CARTESIAN_POINT('',(-87.72217546355,78.309156372873,
    1.500002540005));
#5323 = B_SPLINE_CURVE_WITH_KNOTS('',1,(#5324,#5325),.UNSPECIFIED.,.F.,
  .F.,(2,2),(-1.037698408572E+03,-838.159464214),
  .PIECEWISE_BEZIER_KNOTS.);
#5324 = CARTESIAN_POINT('',(-87.72217546355,83.377455696164,
    1.500002540005));
#5325 = CARTESIAN_POINT('',(-87.72217546355,78.309156372873,
    1.500002540005));
#5326 = ORIENTED_EDGE('',*,*,#5327,.F.);
#5327 = EDGE_CURVE('',#5328,#5321,#5330,.T.);
#5328 = VERTEX_POINT('',#5329);
#5329 = CARTESIAN_POINT('',(-86.52217302514,78.309156372873,
    1.500002540005));
#5330 = B_SPLINE_CURVE_WITH_KNOTS('',1,(#5331,#5332),.UNSPECIFIED.,.F.,
  .F.,(2,2),(0.,47.244096),.PIECEWISE_BEZIER_KNOTS.);
#5331 = CARTESIAN_POINT('',(-86.52217302514,78.309156372873,
    1.500002540005));
#5332 = CARTESIAN_POINT('',(-87.72217546355,78.309156372873,
    1.500002540005));
#5333 = ORIENTED_EDGE('',*,*,#5334,.F.);
#5334 = EDGE_CURVE('',#5335,#5328,#5337,.T.);
#5335 = VERTEX_POINT('',#5336);
#5336 = CARTESIAN_POINT('',(-86.52217302514,83.377455696164,
    1.500002540005));
#5337 = B_SPLINE_CURVE_WITH_KNOTS('',1,(#5338,#5339),.UNSPECIFIED.,.F.,
  .F.,(2,2),(-1.037698408572E+03,-838.159464214),
  .PIECEWISE_BEZIER_KNOTS.);
#5338 = CARTESIAN_POINT('',(-86.52217302514,83.377455696164,
    1.500002540005));
#5339 = CARTESIAN_POINT('',(-86.52217302514,78.309156372873,
    1.500002540005));
#5340 = ORIENTED_EDGE('',*,*,#5341,.T.);
#5341 = EDGE_CURVE('',#5335,#5342,#5344,.T.);
#5342 = VERTEX_POINT('',#5343);
#5343 = CARTESIAN_POINT('',(-84.52045798216,85.379170739142,
    1.500002540005));
#5344 = ( BOUNDED_CURVE() B_SPLINE_CURVE(2,(#5345,#5346,#5347),
.UNSPECIFIED.,.F.,.F.) B_SPLINE_CURVE_WITH_KNOTS((3,3),(4.93904373514,
6.056530552424),.PIECEWISE_BEZIER_KNOTS.) CURVE() 
GEOMETRIC_REPRESENTATION_ITEM() RATIONAL_B_SPLINE_CURVE((1.,
0.847921925907,1.)) REPRESENTATION_ITEM('') );
#5345 = CARTESIAN_POINT('',(-86.52217302514,83.377455696164,
    1.500002540005));
#5346 = CARTESIAN_POINT('',(-84.89557898308,83.752576697085,
    1.500002540005));
#5347 = CARTESIAN_POINT('',(-84.52045798216,85.379170739142,
    1.500002540005));
#5348 = ORIENTED_EDGE('',*,*,#5349,.T.);
#5349 = EDGE_CURVE('',#5342,#5241,#5350,.T.);
#5350 = B_SPLINE_CURVE_WITH_KNOTS('',1,(#5351,#5352),.UNSPECIFIED.,.F.,
  .F.,(2,2),(-777.698408572,-578.159464214),.PIECEWISE_BEZIER_KNOTS.);
#5351 = CARTESIAN_POINT('',(-84.52045798216,85.379170739142,
    1.500002540005));
#5352 = CARTESIAN_POINT('',(-79.45215865887,85.379170739142,
    1.500002540005));
#5353 = B_SPLINE_SURFACE_WITH_KNOTS('',1,1,(
    (#5354,#5355)
    ,(#5356,#5357
    )),.UNSPECIFIED.,.F.,.F.,.F.,(2,2),(2,2),(-1.91297245E+03,
    1.91297245E+03),(-2.43297245E+03,2.43297245E+03),
  .PIECEWISE_BEZIER_KNOTS.);
#5354 = CARTESIAN_POINT('',(1.917004064008,-29.47605918211,
    1.500002540005));
#5355 = CARTESIAN_POINT('',(1.917004064008,94.119188468377,
    1.500002540005));
#5356 = CARTESIAN_POINT('',(-95.26219075438,-29.47605918211,
    1.500002540005));
#5357 = CARTESIAN_POINT('',(-95.26219075438,94.119188468377,
    1.500002540005));
#5358 = ADVANCED_FACE('',(#5359),#5382,.F.);
#5359 = FACE_BOUND('',#5360,.F.);
#5360 = EDGE_LOOP('',(#5361,#5362,#5363,#5370,#5377));
#5361 = ORIENTED_EDGE('',*,*,#2102,.F.);
#5362 = ORIENTED_EDGE('',*,*,#5229,.F.);
#5363 = ORIENTED_EDGE('',*,*,#5364,.T.);
#5364 = EDGE_CURVE('',#5222,#5365,#5367,.T.);
#5365 = VERTEX_POINT('',#5366);
#5366 = CARTESIAN_POINT('',(-85.81717170434,-24.53994676822,
    6.00001016002));
#5367 = B_SPLINE_CURVE_WITH_KNOTS('',1,(#5368,#5369),.UNSPECIFIED.,.F.,
  .F.,(2,2),(59.0551,236.2204),.PIECEWISE_BEZIER_KNOTS.);
#5368 = CARTESIAN_POINT('',(-85.81717170434,-24.53994676822,
    1.500002540005));
#5369 = CARTESIAN_POINT('',(-85.81717170434,-24.53994676822,
    6.00001016002));
#5370 = ORIENTED_EDGE('',*,*,#5371,.T.);
#5371 = EDGE_CURVE('',#5365,#5372,#5374,.T.);
#5372 = VERTEX_POINT('',#5373);
#5373 = CARTESIAN_POINT('',(-85.81717170434,-27.6245504191,6.00001016002
    ));
#5374 = B_SPLINE_CURVE_WITH_KNOTS('',1,(#5375,#5376),.UNSPECIFIED.,.F.,
  .F.,(2,2),(46.669354265059,168.1102),.PIECEWISE_BEZIER_KNOTS.);
#5375 = CARTESIAN_POINT('',(-85.81717170434,-24.53994676822,
    6.00001016002));
#5376 = CARTESIAN_POINT('',(-85.81717170434,-27.6245504191,6.00001016002
    ));
#5377 = ORIENTED_EDGE('',*,*,#5378,.T.);
#5378 = EDGE_CURVE('',#5372,#2103,#5379,.T.);
#5379 = B_SPLINE_CURVE_WITH_KNOTS('',1,(#5380,#5381),.UNSPECIFIED.,.F.,
  .F.,(2,2),(0.,179.48028703516),.PIECEWISE_BEZIER_KNOTS.);
#5380 = CARTESIAN_POINT('',(-85.81717170434,-27.6245504191,6.00001016002
    ));
#5381 = CARTESIAN_POINT('',(-85.81717170434,-29.47605918211,
    1.834118970353));
#5382 = B_SPLINE_SURFACE_WITH_KNOTS('',1,1,(
    (#5383,#5384)
    ,(#5385,#5386
    )),.UNSPECIFIED.,.F.,.F.,.F.,(2,2),(2,2),(-131.0606320975,
    63.274113637365),(-49.31446136773,127.85083863226),
  .PIECEWISE_BEZIER_KNOTS.);
#5383 = CARTESIAN_POINT('',(-85.81717170434,-29.47605918211,
    1.500002540005));
#5384 = CARTESIAN_POINT('',(-85.81717170434,-29.47605918211,
    6.00001016002));
#5385 = CARTESIAN_POINT('',(-85.81717170434,-24.53994676822,
    1.500002540005));
#5386 = CARTESIAN_POINT('',(-85.81717170434,-24.53994676822,
    6.00001016002));
#5387 = ADVANCED_FACE('',(#5388),#5404,.T.);
#5388 = FACE_BOUND('',#5389,.T.);
#5389 = EDGE_LOOP('',(#5390,#5397,#5402,#5403));
#5390 = ORIENTED_EDGE('',*,*,#5391,.F.);
#5391 = EDGE_CURVE('',#5392,#2110,#5394,.T.);
#5392 = VERTEX_POINT('',#5393);
#5393 = CARTESIAN_POINT('',(-84.61716916433,-27.6245504191,6.00001016002
    ));
#5394 = B_SPLINE_CURVE_WITH_KNOTS('',1,(#5395,#5396),.UNSPECIFIED.,.F.,
  .F.,(2,2),(0.,179.48028703516),.PIECEWISE_BEZIER_KNOTS.);
#5395 = CARTESIAN_POINT('',(-84.61716916433,-27.6245504191,6.00001016002
    ));
#5396 = CARTESIAN_POINT('',(-84.61716916433,-29.47605918211,
    1.834118970353));
#5397 = ORIENTED_EDGE('',*,*,#5398,.T.);
#5398 = EDGE_CURVE('',#5392,#5372,#5399,.T.);
#5399 = B_SPLINE_CURVE_WITH_KNOTS('',1,(#5400,#5401),.UNSPECIFIED.,.F.,
  .F.,(2,2),(0.,47.2441),.PIECEWISE_BEZIER_KNOTS.);
#5400 = CARTESIAN_POINT('',(-84.61716916433,-27.6245504191,6.00001016002
    ));
#5401 = CARTESIAN_POINT('',(-85.81717170434,-27.6245504191,6.00001016002
    ));
#5402 = ORIENTED_EDGE('',*,*,#5378,.T.);
#5403 = ORIENTED_EDGE('',*,*,#2109,.F.);
#5404 = B_SPLINE_SURFACE_WITH_KNOTS('',1,1,(
    (#5405,#5406)
    ,(#5407,#5408
    )),.UNSPECIFIED.,.F.,.F.,.F.,(2,2),(2,2),(0.,179.48028703516),(
    -47.2441,0.),.PIECEWISE_BEZIER_KNOTS.);
#5405 = CARTESIAN_POINT('',(-85.81717170434,-27.6245504191,6.00001016002
    ));
#5406 = CARTESIAN_POINT('',(-84.61716916433,-27.6245504191,6.00001016002
    ));
#5407 = CARTESIAN_POINT('',(-85.81717170434,-29.47605918211,
    1.834118970353));
#5408 = CARTESIAN_POINT('',(-84.61716916433,-29.47605918211,
    1.834118970353));
#5409 = ADVANCED_FACE('',(#5410),#5427,.T.);
#5410 = FACE_BOUND('',#5411,.T.);
#5411 = EDGE_LOOP('',(#5412,#5413,#5414,#5421,#5426));
#5412 = ORIENTED_EDGE('',*,*,#2116,.F.);
#5413 = ORIENTED_EDGE('',*,*,#5039,.F.);
#5414 = ORIENTED_EDGE('',*,*,#5415,.T.);
#5415 = EDGE_CURVE('',#5040,#5416,#5418,.T.);
#5416 = VERTEX_POINT('',#5417);
#5417 = CARTESIAN_POINT('',(-84.61716916433,-24.53994676822,
    6.00001016002));
#5418 = B_SPLINE_CURVE_WITH_KNOTS('',1,(#5419,#5420),.UNSPECIFIED.,.F.,
  .F.,(2,2),(59.0551,236.2204),.PIECEWISE_BEZIER_KNOTS.);
#5419 = CARTESIAN_POINT('',(-84.61716916433,-24.53994676822,
    1.500002540005));
#5420 = CARTESIAN_POINT('',(-84.61716916433,-24.53994676822,
    6.00001016002));
#5421 = ORIENTED_EDGE('',*,*,#5422,.T.);
#5422 = EDGE_CURVE('',#5416,#5392,#5423,.T.);
#5423 = B_SPLINE_CURVE_WITH_KNOTS('',1,(#5424,#5425),.UNSPECIFIED.,.F.,
  .F.,(2,2),(46.669354265059,168.1102),.PIECEWISE_BEZIER_KNOTS.);
#5424 = CARTESIAN_POINT('',(-84.61716916433,-24.53994676822,
    6.00001016002));
#5425 = CARTESIAN_POINT('',(-84.61716916433,-27.6245504191,6.00001016002
    ));
#5426 = ORIENTED_EDGE('',*,*,#5391,.T.);
#5427 = B_SPLINE_SURFACE_WITH_KNOTS('',1,1,(
    (#5428,#5429)
    ,(#5430,#5431
    )),.UNSPECIFIED.,.F.,.F.,.F.,(2,2),(2,2),(-131.0606320975,
    63.274113637366),(-49.31446136773,127.85083863226),
  .PIECEWISE_BEZIER_KNOTS.);
#5428 = CARTESIAN_POINT('',(-84.61716916433,-29.47605918211,
    1.500002540005));
#5429 = CARTESIAN_POINT('',(-84.61716916433,-29.47605918211,
    6.00001016002));
#5430 = CARTESIAN_POINT('',(-84.61716916433,-24.53994676822,
    1.500002540005));
#5431 = CARTESIAN_POINT('',(-84.61716916433,-24.53994676822,
    6.00001016002));
#5432 = ADVANCED_FACE('',(#5433),#5456,.F.);
#5433 = FACE_BOUND('',#5434,.F.);
#5434 = EDGE_LOOP('',(#5435,#5436,#5437,#5444,#5451));
#5435 = ORIENTED_EDGE('',*,*,#2130,.F.);
#5436 = ORIENTED_EDGE('',*,*,#5033,.F.);
#5437 = ORIENTED_EDGE('',*,*,#5438,.T.);
#5438 = EDGE_CURVE('',#5026,#5439,#5441,.T.);
#5439 = VERTEX_POINT('',#5440);
#5440 = CARTESIAN_POINT('',(-20.10003937007,-24.53994676822,
    6.00001016002));
#5441 = B_SPLINE_CURVE_WITH_KNOTS('',1,(#5442,#5443),.UNSPECIFIED.,.F.,
  .F.,(2,2),(59.0551,236.2204),.PIECEWISE_BEZIER_KNOTS.);
#5442 = CARTESIAN_POINT('',(-20.10003937007,-24.53994676822,
    1.500002540005));
#5443 = CARTESIAN_POINT('',(-20.10003937007,-24.53994676822,
    6.00001016002));
#5444 = ORIENTED_EDGE('',*,*,#5445,.T.);
#5445 = EDGE_CURVE('',#5439,#5446,#5448,.T.);
#5446 = VERTEX_POINT('',#5447);
#5447 = CARTESIAN_POINT('',(-20.10003937007,-27.6245504191,6.00001016002
    ));
#5448 = B_SPLINE_CURVE_WITH_KNOTS('',1,(#5449,#5450),.UNSPECIFIED.,.F.,
  .F.,(2,2),(46.669354265039,168.1102),.PIECEWISE_BEZIER_KNOTS.);
#5449 = CARTESIAN_POINT('',(-20.10003937007,-24.53994676822,
    6.00001016002));
#5450 = CARTESIAN_POINT('',(-20.10003937007,-27.6245504191,6.00001016002
    ));
#5451 = ORIENTED_EDGE('',*,*,#5452,.T.);
#5452 = EDGE_CURVE('',#5446,#2131,#5453,.T.);
#5453 = B_SPLINE_CURVE_WITH_KNOTS('',1,(#5454,#5455),.UNSPECIFIED.,.F.,
  .F.,(2,2),(0.,179.48028703516),.PIECEWISE_BEZIER_KNOTS.);
#5454 = CARTESIAN_POINT('',(-20.10003937007,-27.6245504191,6.00001016002
    ));
#5455 = CARTESIAN_POINT('',(-20.10003937007,-29.47605918211,
    1.834118970353));
#5456 = B_SPLINE_SURFACE_WITH_KNOTS('',1,1,(
    (#5457,#5458)
    ,(#5459,#5460
    )),.UNSPECIFIED.,.F.,.F.,.F.,(2,2),(2,2),(-131.0606320975,
    63.274113637365),(-49.31446136773,127.85083863226),
  .PIECEWISE_BEZIER_KNOTS.);
#5457 = CARTESIAN_POINT('',(-20.10003937007,-29.47605918211,
    1.500002540005));
#5458 = CARTESIAN_POINT('',(-20.10003937007,-29.47605918211,
    6.00001016002));
#5459 = CARTESIAN_POINT('',(-20.10003937007,-24.53994676822,
    1.500002540005));
#5460 = CARTESIAN_POINT('',(-20.10003937007,-24.53994676822,
    6.00001016002));
#5461 = ADVANCED_FACE('',(#5462),#5478,.T.);
#5462 = FACE_BOUND('',#5463,.T.);
#5463 = EDGE_LOOP('',(#5464,#5471,#5476,#5477));
#5464 = ORIENTED_EDGE('',*,*,#5465,.F.);
#5465 = EDGE_CURVE('',#5466,#2138,#5468,.T.);
#5466 = VERTEX_POINT('',#5467);
#5467 = CARTESIAN_POINT('',(-18.90003683007,-27.6245504191,6.00001016002
    ));
#5468 = B_SPLINE_CURVE_WITH_KNOTS('',1,(#5469,#5470),.UNSPECIFIED.,.F.,
  .F.,(2,2),(0.,179.48028703516),.PIECEWISE_BEZIER_KNOTS.);
#5469 = CARTESIAN_POINT('',(-18.90003683007,-27.6245504191,6.00001016002
    ));
#5470 = CARTESIAN_POINT('',(-18.90003683007,-29.47605918211,
    1.834118970353));
#5471 = ORIENTED_EDGE('',*,*,#5472,.T.);
#5472 = EDGE_CURVE('',#5466,#5446,#5473,.T.);
#5473 = B_SPLINE_CURVE_WITH_KNOTS('',1,(#5474,#5475),.UNSPECIFIED.,.F.,
  .F.,(2,2),(0.,47.2441),.PIECEWISE_BEZIER_KNOTS.);
#5474 = CARTESIAN_POINT('',(-18.90003683007,-27.6245504191,6.00001016002
    ));
#5475 = CARTESIAN_POINT('',(-20.10003937007,-27.6245504191,6.00001016002
    ));
#5476 = ORIENTED_EDGE('',*,*,#5452,.T.);
#5477 = ORIENTED_EDGE('',*,*,#2137,.F.);
#5478 = B_SPLINE_SURFACE_WITH_KNOTS('',1,1,(
    (#5479,#5480)
    ,(#5481,#5482
    )),.UNSPECIFIED.,.F.,.F.,.F.,(2,2),(2,2),(0.,179.48028703516),(
    -47.2441,0.),.PIECEWISE_BEZIER_KNOTS.);
#5479 = CARTESIAN_POINT('',(-20.10003937007,-27.6245504191,6.00001016002
    ));
#5480 = CARTESIAN_POINT('',(-18.90003683007,-27.6245504191,6.00001016002
    ));
#5481 = CARTESIAN_POINT('',(-20.10003937007,-29.47605918211,
    1.834118970353));
#5482 = CARTESIAN_POINT('',(-18.90003683007,-29.47605918211,
    1.834118970353));
#5483 = ADVANCED_FACE('',(#5484),#5501,.T.);
#5484 = FACE_BOUND('',#5485,.T.);
#5485 = EDGE_LOOP('',(#5486,#5487,#5488,#5495,#5500));
#5486 = ORIENTED_EDGE('',*,*,#2144,.F.);
#5487 = ORIENTED_EDGE('',*,*,#4843,.F.);
#5488 = ORIENTED_EDGE('',*,*,#5489,.T.);
#5489 = EDGE_CURVE('',#4844,#5490,#5492,.T.);
#5490 = VERTEX_POINT('',#5491);
#5491 = CARTESIAN_POINT('',(-18.90003683007,-24.53994676822,
    6.00001016002));
#5492 = B_SPLINE_CURVE_WITH_KNOTS('',1,(#5493,#5494),.UNSPECIFIED.,.F.,
  .F.,(2,2),(59.0551,236.2204),.PIECEWISE_BEZIER_KNOTS.);
#5493 = CARTESIAN_POINT('',(-18.90003683007,-24.53994676822,
    1.500002540005));
#5494 = CARTESIAN_POINT('',(-18.90003683007,-24.53994676822,
    6.00001016002));
#5495 = ORIENTED_EDGE('',*,*,#5496,.T.);
#5496 = EDGE_CURVE('',#5490,#5466,#5497,.T.);
#5497 = B_SPLINE_CURVE_WITH_KNOTS('',1,(#5498,#5499),.UNSPECIFIED.,.F.,
  .F.,(2,2),(46.669354265042,168.1102),.PIECEWISE_BEZIER_KNOTS.);
#5498 = CARTESIAN_POINT('',(-18.90003683007,-24.53994676822,
    6.00001016002));
#5499 = CARTESIAN_POINT('',(-18.90003683007,-27.6245504191,6.00001016002
    ));
#5500 = ORIENTED_EDGE('',*,*,#5465,.T.);
#5501 = B_SPLINE_SURFACE_WITH_KNOTS('',1,1,(
    (#5502,#5503)
    ,(#5504,#5505
    )),.UNSPECIFIED.,.F.,.F.,.F.,(2,2),(2,2),(-131.0606320975,
    63.274113637365),(-49.31446136773,127.85083863226),
  .PIECEWISE_BEZIER_KNOTS.);
#5502 = CARTESIAN_POINT('',(-18.90003683007,-29.47605918211,
    1.500002540005));
#5503 = CARTESIAN_POINT('',(-18.90003683007,-29.47605918211,
    6.00001016002));
#5504 = CARTESIAN_POINT('',(-18.90003683007,-24.53994676822,
    1.500002540005));
#5505 = CARTESIAN_POINT('',(-18.90003683007,-24.53994676822,
    6.00001016002));
#5506 = ADVANCED_FACE('',(#5507),#5530,.F.);
#5507 = FACE_BOUND('',#5508,.F.);
#5508 = EDGE_LOOP('',(#5509,#5510,#5511,#5518,#5525));
#5509 = ORIENTED_EDGE('',*,*,#2174,.F.);
#5510 = ORIENTED_EDGE('',*,*,#4836,.F.);
#5511 = ORIENTED_EDGE('',*,*,#5512,.T.);
#5512 = EDGE_CURVE('',#4829,#5513,#5515,.T.);
#5513 = VERTEX_POINT('',#5514);
#5514 = CARTESIAN_POINT('',(-2.39829389784,4.353008686817,4.000008636017
    ));
#5515 = B_SPLINE_CURVE_WITH_KNOTS('',1,(#5516,#5517),.UNSPECIFIED.,.F.,
  .F.,(2,2),(59.0551,157.48034),.PIECEWISE_BEZIER_KNOTS.);
#5516 = CARTESIAN_POINT('',(-2.39829389784,4.353008686817,1.500002540005
    ));
#5517 = CARTESIAN_POINT('',(-2.39829389784,4.353008686817,4.000008636017
    ));
#5518 = ORIENTED_EDGE('',*,*,#5519,.T.);
#5519 = EDGE_CURVE('',#5513,#5520,#5522,.T.);
#5520 = VERTEX_POINT('',#5521);
#5521 = CARTESIAN_POINT('',(0.670001361443,4.353008686817,4.000008636017
    ));
#5522 = B_SPLINE_CURVE_WITH_KNOTS('',1,(#5523,#5524),.UNSPECIFIED.,.F.,
  .F.,(2,2),(47.311457242032,168.1102416),.PIECEWISE_BEZIER_KNOTS.);
#5523 = CARTESIAN_POINT('',(-2.39829389784,4.353008686817,4.000008636017
    ));
#5524 = CARTESIAN_POINT('',(0.670001361443,4.353008686817,4.000008636017
    ));
#5525 = ORIENTED_EDGE('',*,*,#5526,.T.);
#5526 = EDGE_CURVE('',#5520,#2175,#5527,.T.);
#5527 = B_SPLINE_CURVE_WITH_KNOTS('',1,(#5528,#5529),.UNSPECIFIED.,.F.,
  .F.,(2,2),(0.,78.589559430722),.PIECEWISE_BEZIER_KNOTS.);
#5528 = CARTESIAN_POINT('',(0.670001361443,4.353008686817,4.000008636017
    ));
#5529 = CARTESIAN_POINT('',(1.917004064008,4.353008686817,2.441254624333
    ));
#5530 = B_SPLINE_SURFACE_WITH_KNOTS('',1,1,(
    (#5531,#5532)
    ,(#5533,#5534
    )),.UNSPECIFIED.,.F.,.F.,.F.,(2,2),(2,2),(-104.5668943718,
    65.326386386162),(-12.57728272407,85.847957275927),
  .PIECEWISE_BEZIER_KNOTS.);
#5531 = CARTESIAN_POINT('',(1.917004064008,4.353008686817,1.500002540005
    ));
#5532 = CARTESIAN_POINT('',(1.917004064008,4.353008686817,4.000008636017
    ));
#5533 = CARTESIAN_POINT('',(-2.39829389784,4.353008686817,1.500002540005
    ));
#5534 = CARTESIAN_POINT('',(-2.39829389784,4.353008686817,4.000008636017
    ));
#5535 = ADVANCED_FACE('',(#5536),#5552,.T.);
#5536 = FACE_BOUND('',#5537,.T.);
#5537 = EDGE_LOOP('',(#5538,#5545,#5550,#5551));
#5538 = ORIENTED_EDGE('',*,*,#5539,.F.);
#5539 = EDGE_CURVE('',#5540,#2182,#5542,.T.);
#5540 = VERTEX_POINT('',#5541);
#5541 = CARTESIAN_POINT('',(0.670001361443,5.553011125222,4.000008636017
    ));
#5542 = B_SPLINE_CURVE_WITH_KNOTS('',1,(#5543,#5544),.UNSPECIFIED.,.F.,
  .F.,(2,2),(0.,78.589559430722),.PIECEWISE_BEZIER_KNOTS.);
#5543 = CARTESIAN_POINT('',(0.670001361443,5.553011125222,4.000008636017
    ));
#5544 = CARTESIAN_POINT('',(1.917004064008,5.553011125222,2.441254624333
    ));
#5545 = ORIENTED_EDGE('',*,*,#5546,.T.);
#5546 = EDGE_CURVE('',#5540,#5520,#5547,.T.);
#5547 = B_SPLINE_CURVE_WITH_KNOTS('',1,(#5548,#5549),.UNSPECIFIED.,.F.,
  .F.,(2,2),(0.,47.244096),.PIECEWISE_BEZIER_KNOTS.);
#5548 = CARTESIAN_POINT('',(0.670001361443,5.553011125222,4.000008636017
    ));
#5549 = CARTESIAN_POINT('',(0.670001361443,4.353008686817,4.000008636017
    ));
#5550 = ORIENTED_EDGE('',*,*,#5526,.T.);
#5551 = ORIENTED_EDGE('',*,*,#2181,.F.);
#5552 = B_SPLINE_SURFACE_WITH_KNOTS('',1,1,(
    (#5553,#5554)
    ,(#5555,#5556
    )),.UNSPECIFIED.,.F.,.F.,.F.,(2,2),(2,2),(0.,78.589559430722),(
    -47.244096,0.),.PIECEWISE_BEZIER_KNOTS.);
#5553 = CARTESIAN_POINT('',(0.670001361443,4.353008686817,4.000008636017
    ));
#5554 = CARTESIAN_POINT('',(0.670001361443,5.553011125222,4.000008636017
    ));
#5555 = CARTESIAN_POINT('',(1.917004064008,4.353008686817,2.441254624333
    ));
#5556 = CARTESIAN_POINT('',(1.917004064008,5.553011125222,2.441254624333
    ));
#5557 = ADVANCED_FACE('',(#5558),#5575,.T.);
#5558 = FACE_BOUND('',#5559,.T.);
#5559 = EDGE_LOOP('',(#5560,#5561,#5562,#5569,#5574));
#5560 = ORIENTED_EDGE('',*,*,#2188,.F.);
#5561 = ORIENTED_EDGE('',*,*,#4534,.F.);
#5562 = ORIENTED_EDGE('',*,*,#5563,.T.);
#5563 = EDGE_CURVE('',#4535,#5564,#5566,.T.);
#5564 = VERTEX_POINT('',#5565);
#5565 = CARTESIAN_POINT('',(-2.39829389784,5.553011125222,4.000008636017
    ));
#5566 = B_SPLINE_CURVE_WITH_KNOTS('',1,(#5567,#5568),.UNSPECIFIED.,.F.,
  .F.,(2,2),(59.0551,157.48034),.PIECEWISE_BEZIER_KNOTS.);
#5567 = CARTESIAN_POINT('',(-2.39829389784,5.553011125222,1.500002540005
    ));
#5568 = CARTESIAN_POINT('',(-2.39829389784,5.553011125222,4.000008636017
    ));
#5569 = ORIENTED_EDGE('',*,*,#5570,.T.);
#5570 = EDGE_CURVE('',#5564,#5540,#5571,.T.);
#5571 = B_SPLINE_CURVE_WITH_KNOTS('',1,(#5572,#5573),.UNSPECIFIED.,.F.,
  .F.,(2,2),(47.311457242032,168.1102416),.PIECEWISE_BEZIER_KNOTS.);
#5572 = CARTESIAN_POINT('',(-2.39829389784,5.553011125222,4.000008636017
    ));
#5573 = CARTESIAN_POINT('',(0.670001361443,5.553011125222,4.000008636017
    ));
#5574 = ORIENTED_EDGE('',*,*,#5539,.T.);
#5575 = B_SPLINE_SURFACE_WITH_KNOTS('',1,1,(
    (#5576,#5577)
    ,(#5578,#5579
    )),.UNSPECIFIED.,.F.,.F.,.F.,(2,2),(2,2),(-104.5668943718,
    65.326386386162),(-12.57728272407,85.847957275927),
  .PIECEWISE_BEZIER_KNOTS.);
#5576 = CARTESIAN_POINT('',(1.917004064008,5.553011125222,1.500002540005
    ));
#5577 = CARTESIAN_POINT('',(1.917004064008,5.553011125222,4.000008636017
    ));
#5578 = CARTESIAN_POINT('',(-2.39829389784,5.553011125222,1.500002540005
    ));
#5579 = CARTESIAN_POINT('',(-2.39829389784,5.553011125222,4.000008636017
    ));
#5580 = ADVANCED_FACE('',(#5581),#5604,.F.);
#5581 = FACE_BOUND('',#5582,.F.);
#5582 = EDGE_LOOP('',(#5583,#5584,#5585,#5592,#5599));
#5583 = ORIENTED_EDGE('',*,*,#2202,.F.);
#5584 = ORIENTED_EDGE('',*,*,#4528,.F.);
#5585 = ORIENTED_EDGE('',*,*,#5586,.T.);
#5586 = EDGE_CURVE('',#4521,#5587,#5589,.T.);
#5587 = VERTEX_POINT('',#5588);
#5588 = CARTESIAN_POINT('',(-2.097293135839,65.567131115062,
    4.000008636017));
#5589 = B_SPLINE_CURVE_WITH_KNOTS('',1,(#5590,#5591),.UNSPECIFIED.,.F.,
  .F.,(2,2),(59.0551,157.48034),.PIECEWISE_BEZIER_KNOTS.);
#5590 = CARTESIAN_POINT('',(-2.097293135839,65.567131115062,
    1.500002540005));
#5591 = CARTESIAN_POINT('',(-2.097293135839,65.567131115062,
    4.000008636017));
#5592 = ORIENTED_EDGE('',*,*,#5593,.T.);
#5593 = EDGE_CURVE('',#5587,#5594,#5596,.T.);
#5594 = VERTEX_POINT('',#5595);
#5595 = CARTESIAN_POINT('',(0.971002123444,65.567131115062,
    4.000008636017));
#5596 = B_SPLINE_CURVE_WITH_KNOTS('',1,(#5597,#5598),.UNSPECIFIED.,.F.,
  .F.,(2,2),(47.311457242028,168.1102416),.PIECEWISE_BEZIER_KNOTS.);
#5597 = CARTESIAN_POINT('',(-2.097293135839,65.567131115062,
    4.000008636017));
#5598 = CARTESIAN_POINT('',(0.971002123444,65.567131115062,
    4.000008636017));
#5599 = ORIENTED_EDGE('',*,*,#5600,.T.);
#5600 = EDGE_CURVE('',#5594,#2203,#5601,.T.);
#5601 = B_SPLINE_CURVE_WITH_KNOTS('',1,(#5602,#5603),.UNSPECIFIED.,.F.,
  .F.,(2,2),(0.,59.61965886407),.PIECEWISE_BEZIER_KNOTS.);
#5602 = CARTESIAN_POINT('',(0.971002123444,65.567131115062,
    4.000008636017));
#5603 = CARTESIAN_POINT('',(1.917004064008,65.567131115062,
    2.817505729743));
#5604 = B_SPLINE_SURFACE_WITH_KNOTS('',1,1,(
    (#5605,#5606)
    ,(#5607,#5608
    )),.UNSPECIFIED.,.F.,.F.,.F.,(2,2),(2,2),(-92.7164943718,
    65.326386386166),(-12.57728272407,85.847957275927),
  .PIECEWISE_BEZIER_KNOTS.);
#5605 = CARTESIAN_POINT('',(1.917004064008,65.567131115062,
    1.500002540005));
#5606 = CARTESIAN_POINT('',(1.917004064008,65.567131115062,
    4.000008636017));
#5607 = CARTESIAN_POINT('',(-2.097293135839,65.567131115062,
    1.500002540005));
#5608 = CARTESIAN_POINT('',(-2.097293135839,65.567131115062,
    4.000008636017));
#5609 = ADVANCED_FACE('',(#5610),#5626,.T.);
#5610 = FACE_BOUND('',#5611,.T.);
#5611 = EDGE_LOOP('',(#5612,#5619,#5624,#5625));
#5612 = ORIENTED_EDGE('',*,*,#5613,.F.);
#5613 = EDGE_CURVE('',#5614,#2210,#5616,.T.);
#5614 = VERTEX_POINT('',#5615);
#5615 = CARTESIAN_POINT('',(0.971002123444,66.767133553467,
    4.000008636017));
#5616 = B_SPLINE_CURVE_WITH_KNOTS('',1,(#5617,#5618),.UNSPECIFIED.,.F.,
  .F.,(2,2),(0.,59.61965886407),.PIECEWISE_BEZIER_KNOTS.);
#5617 = CARTESIAN_POINT('',(0.971002123444,66.767133553467,
    4.000008636017));
#5618 = CARTESIAN_POINT('',(1.917004064008,66.767133553467,
    2.817505729743));
#5619 = ORIENTED_EDGE('',*,*,#5620,.T.);
#5620 = EDGE_CURVE('',#5614,#5594,#5621,.T.);
#5621 = B_SPLINE_CURVE_WITH_KNOTS('',1,(#5622,#5623),.UNSPECIFIED.,.F.,
  .F.,(2,2),(0.,47.244096),.PIECEWISE_BEZIER_KNOTS.);
#5622 = CARTESIAN_POINT('',(0.971002123444,66.767133553467,
    4.000008636017));
#5623 = CARTESIAN_POINT('',(0.971002123444,65.567131115062,
    4.000008636017));
#5624 = ORIENTED_EDGE('',*,*,#5600,.T.);
#5625 = ORIENTED_EDGE('',*,*,#2209,.F.);
#5626 = B_SPLINE_SURFACE_WITH_KNOTS('',1,1,(
    (#5627,#5628)
    ,(#5629,#5630
    )),.UNSPECIFIED.,.F.,.F.,.F.,(2,2),(2,2),(0.,59.61965886407),(
    -47.244096,0.),.PIECEWISE_BEZIER_KNOTS.);
#5627 = CARTESIAN_POINT('',(0.971002123444,65.567131115062,
    4.000008636017));
#5628 = CARTESIAN_POINT('',(0.971002123444,66.767133553467,
    4.000008636017));
#5629 = CARTESIAN_POINT('',(1.917004064008,65.567131115062,
    2.817505729743));
#5630 = CARTESIAN_POINT('',(1.917004064008,66.767133553467,
    2.817505729743));
#5631 = ADVANCED_FACE('',(#5632),#5649,.T.);
#5632 = FACE_BOUND('',#5633,.T.);
#5633 = EDGE_LOOP('',(#5634,#5635,#5636,#5643,#5648));
#5634 = ORIENTED_EDGE('',*,*,#2216,.F.);
#5635 = ORIENTED_EDGE('',*,*,#4426,.F.);
#5636 = ORIENTED_EDGE('',*,*,#5637,.T.);
#5637 = EDGE_CURVE('',#4427,#5638,#5640,.T.);
#5638 = VERTEX_POINT('',#5639);
#5639 = CARTESIAN_POINT('',(-2.097293135839,66.767133553467,
    4.000008636017));
#5640 = B_SPLINE_CURVE_WITH_KNOTS('',1,(#5641,#5642),.UNSPECIFIED.,.F.,
  .F.,(2,2),(59.0551,157.48034),.PIECEWISE_BEZIER_KNOTS.);
#5641 = CARTESIAN_POINT('',(-2.097293135839,66.767133553467,
    1.500002540005));
#5642 = CARTESIAN_POINT('',(-2.097293135839,66.767133553467,
    4.000008636017));
#5643 = ORIENTED_EDGE('',*,*,#5644,.T.);
#5644 = EDGE_CURVE('',#5638,#5614,#5645,.T.);
#5645 = B_SPLINE_CURVE_WITH_KNOTS('',1,(#5646,#5647),.UNSPECIFIED.,.F.,
  .F.,(2,2),(47.311457242028,168.1102416),.PIECEWISE_BEZIER_KNOTS.);
#5646 = CARTESIAN_POINT('',(-2.097293135839,66.767133553467,
    4.000008636017));
#5647 = CARTESIAN_POINT('',(0.971002123444,66.767133553467,
    4.000008636017));
#5648 = ORIENTED_EDGE('',*,*,#5613,.T.);
#5649 = B_SPLINE_SURFACE_WITH_KNOTS('',1,1,(
    (#5650,#5651)
    ,(#5652,#5653
    )),.UNSPECIFIED.,.F.,.F.,.F.,(2,2),(2,2),(-92.7164943718,
    65.326386386166),(-12.57728272407,85.847957275927),
  .PIECEWISE_BEZIER_KNOTS.);
#5650 = CARTESIAN_POINT('',(1.917004064008,66.767133553467,
    1.500002540005));
#5651 = CARTESIAN_POINT('',(1.917004064008,66.767133553467,
    4.000008636017));
#5652 = CARTESIAN_POINT('',(-2.097293135839,66.767133553467,
    1.500002540005));
#5653 = CARTESIAN_POINT('',(-2.097293135839,66.767133553467,
    4.000008636017));
#5654 = ADVANCED_FACE('',(#5655),#5714,.F.);
#5655 = FACE_BOUND('',#5656,.F.);
#5656 = EDGE_LOOP('',(#5657,#5668,#5674,#5675,#5676,#5681,#5682,#5690,
    #5699,#5705,#5706,#5707,#5708));
#5657 = ORIENTED_EDGE('',*,*,#5658,.T.);
#5658 = EDGE_CURVE('',#5659,#5661,#5663,.T.);
#5659 = VERTEX_POINT('',#5660);
#5660 = CARTESIAN_POINT('',(-2.58,31.774564394268,33.25));
#5661 = VERTEX_POINT('',#5662);
#5662 = CARTESIAN_POINT('',(-2.58,32.865435605732,33.25));
#5663 = CIRCLE('',#5664,0.6);
#5664 = AXIS2_PLACEMENT_3D('',#5665,#5666,#5667);
#5665 = CARTESIAN_POINT('',(-2.58,32.32,33.5));
#5666 = DIRECTION('',(1.,0.,0.));
#5667 = DIRECTION('',(-0.,0.,1.));
#5668 = ORIENTED_EDGE('',*,*,#5669,.T.);
#5669 = EDGE_CURVE('',#5661,#2226,#5670,.T.);
#5670 = LINE('',#5671,#5672);
#5671 = CARTESIAN_POINT('',(-2.58,32.865435605732,33.25));
#5672 = VECTOR('',#5673,1.);
#5673 = DIRECTION('',(1.,0.,0.));
#5674 = ORIENTED_EDGE('',*,*,#2223,.F.);
#5675 = ORIENTED_EDGE('',*,*,#2391,.F.);
#5676 = ORIENTED_EDGE('',*,*,#5677,.T.);
#5677 = EDGE_CURVE('',#2343,#2531,#5678,.T.);
#5678 = B_SPLINE_CURVE_WITH_KNOTS('',1,(#5679,#5680),.UNSPECIFIED.,.F.,
  .F.,(2,2),(4.497004064008,6.),.PIECEWISE_BEZIER_KNOTS.);
#5679 = CARTESIAN_POINT('',(1.917004064008,32.32,34.1));
#5680 = CARTESIAN_POINT('',(3.42,32.32,34.1));
#5681 = ORIENTED_EDGE('',*,*,#2539,.F.);
#5682 = ORIENTED_EDGE('',*,*,#5683,.T.);
#5683 = EDGE_CURVE('',#2522,#5684,#5686,.T.);
#5684 = VERTEX_POINT('',#5685);
#5685 = CARTESIAN_POINT('',(5.42,32.865435605732,33.25));
#5686 = LINE('',#5687,#5688);
#5687 = CARTESIAN_POINT('',(-2.58,32.865435605732,33.25));
#5688 = VECTOR('',#5689,1.);
#5689 = DIRECTION('',(1.,0.,0.));
#5690 = ORIENTED_EDGE('',*,*,#5691,.F.);
#5691 = EDGE_CURVE('',#5692,#5684,#5694,.T.);
#5692 = VERTEX_POINT('',#5693);
#5693 = CARTESIAN_POINT('',(5.42,31.774564394268,33.25));
#5694 = CIRCLE('',#5695,0.6);
#5695 = AXIS2_PLACEMENT_3D('',#5696,#5697,#5698);
#5696 = CARTESIAN_POINT('',(5.42,32.32,33.5));
#5697 = DIRECTION('',(1.,0.,0.));
#5698 = DIRECTION('',(-0.,0.,1.));
#5699 = ORIENTED_EDGE('',*,*,#5700,.F.);
#5700 = EDGE_CURVE('',#2520,#5692,#5701,.T.);
#5701 = LINE('',#5702,#5703);
#5702 = CARTESIAN_POINT('',(-2.58,31.774564394268,33.25));
#5703 = VECTOR('',#5704,1.);
#5704 = DIRECTION('',(1.,0.,0.));
#5705 = ORIENTED_EDGE('',*,*,#2530,.F.);
#5706 = ORIENTED_EDGE('',*,*,#5677,.F.);
#5707 = ORIENTED_EDGE('',*,*,#2342,.F.);
#5708 = ORIENTED_EDGE('',*,*,#5709,.F.);
#5709 = EDGE_CURVE('',#5659,#2294,#5710,.T.);
#5710 = LINE('',#5711,#5712);
#5711 = CARTESIAN_POINT('',(-2.58,31.774564394268,33.25));
#5712 = VECTOR('',#5713,1.);
#5713 = DIRECTION('',(1.,0.,0.));
#5714 = CYLINDRICAL_SURFACE('',#5715,0.6);
#5715 = AXIS2_PLACEMENT_3D('',#5716,#5717,#5718);
#5716 = CARTESIAN_POINT('',(-2.58,32.32,33.5));
#5717 = DIRECTION('',(1.,0.,0.));
#5718 = DIRECTION('',(-0.,0.,1.));
#5719 = ADVANCED_FACE('',(#5720),#5733,.T.);
#5720 = FACE_BOUND('',#5721,.T.);
#5721 = EDGE_LOOP('',(#5722,#5723,#5724,#5725,#5732));
#5722 = ORIENTED_EDGE('',*,*,#2274,.T.);
#5723 = ORIENTED_EDGE('',*,*,#2293,.T.);
#5724 = ORIENTED_EDGE('',*,*,#5709,.F.);
#5725 = ORIENTED_EDGE('',*,*,#5726,.T.);
#5726 = EDGE_CURVE('',#5659,#5661,#5727,.T.);
#5727 = CIRCLE('',#5728,0.6);
#5728 = AXIS2_PLACEMENT_3D('',#5729,#5730,#5731);
#5729 = CARTESIAN_POINT('',(-2.58,32.32,33.));
#5730 = DIRECTION('',(1.,0.,0.));
#5731 = DIRECTION('',(-0.,0.,1.));
#5732 = ORIENTED_EDGE('',*,*,#5669,.T.);
#5733 = CYLINDRICAL_SURFACE('',#5734,0.6);
#5734 = AXIS2_PLACEMENT_3D('',#5735,#5736,#5737);
#5735 = CARTESIAN_POINT('',(-2.58,32.32,33.));
#5736 = DIRECTION('',(1.,0.,0.));
#5737 = DIRECTION('',(-0.,0.,1.));
#5738 = ADVANCED_FACE('',(#5739),#5751,.T.);
#5739 = FACE_BOUND('',#5740,.T.);
#5740 = EDGE_LOOP('',(#5741,#5742,#5743,#5744));
#5741 = ORIENTED_EDGE('',*,*,#5700,.F.);
#5742 = ORIENTED_EDGE('',*,*,#2519,.T.);
#5743 = ORIENTED_EDGE('',*,*,#5683,.T.);
#5744 = ORIENTED_EDGE('',*,*,#5745,.F.);
#5745 = EDGE_CURVE('',#5692,#5684,#5746,.T.);
#5746 = CIRCLE('',#5747,0.6);
#5747 = AXIS2_PLACEMENT_3D('',#5748,#5749,#5750);
#5748 = CARTESIAN_POINT('',(5.42,32.32,33.));
#5749 = DIRECTION('',(1.,0.,0.));
#5750 = DIRECTION('',(-0.,0.,1.));
#5751 = CYLINDRICAL_SURFACE('',#5752,0.6);
#5752 = AXIS2_PLACEMENT_3D('',#5753,#5754,#5755);
#5753 = CARTESIAN_POINT('',(-2.58,32.32,33.));
#5754 = DIRECTION('',(1.,0.,0.));
#5755 = DIRECTION('',(-0.,0.,1.));
#5756 = ADVANCED_FACE('',(#5757),#5905,.F.);
#5757 = FACE_BOUND('',#5758,.F.);
#5758 = EDGE_LOOP('',(#5759,#5764,#5765,#5902,#5903,#5904));
#5759 = ORIENTED_EDGE('',*,*,#5760,.T.);
#5760 = EDGE_CURVE('',#2657,#3720,#5761,.T.);
#5761 = B_SPLINE_CURVE_WITH_KNOTS('',1,(#5762,#5763),.UNSPECIFIED.,.F.,
  .F.,(2,2),(0.,118.1102),.PIECEWISE_BEZIER_KNOTS.);
#5762 = CARTESIAN_POINT('',(-87.84034036068,101.32784861569,-1.5));
#5763 = CARTESIAN_POINT('',(-87.84034036068,101.32784861569,
    1.50000508001));
#5764 = ORIENTED_EDGE('',*,*,#3719,.T.);
#5765 = ORIENTED_EDGE('',*,*,#5766,.T.);
#5766 = EDGE_CURVE('',#3708,#3694,#5767,.T.);
#5767 = B_SPLINE_CURVE_WITH_KNOTS('',5,(#5768,#5769,#5770,#5771,#5772,
    #5773,#5774,#5775,#5776,#5777,#5778,#5779,#5780,#5781,#5782,#5783,
    #5784,#5785,#5786,#5787,#5788,#5789,#5790,#5791,#5792,#5793,#5794,
    #5795,#5796,#5797,#5798,#5799,#5800,#5801,#5802,#5803,#5804,#5805,
    #5806,#5807,#5808,#5809,#5810,#5811,#5812,#5813,#5814,#5815,#5816,
    #5817,#5818,#5819,#5820,#5821,#5822,#5823,#5824,#5825,#5826,#5827,
    #5828,#5829,#5830,#5831,#5832,#5833,#5834,#5835,#5836,#5837,#5838,
    #5839,#5840,#5841,#5842,#5843,#5844,#5845,#5846,#5847,#5848,#5849,
    #5850,#5851,#5852,#5853,#5854,#5855,#5856,#5857,#5858,#5859,#5860,
    #5861,#5862,#5863,#5864,#5865,#5866,#5867,#5868,#5869,#5870,#5871,
    #5872,#5873,#5874,#5875,#5876,#5877,#5878,#5879,#5880,#5881,#5882,
    #5883,#5884,#5885,#5886,#5887,#5888,#5889,#5890,#5891,#5892,#5893,
    #5894,#5895,#5896,#5897,#5898,#5899,#5900,#5901),.UNSPECIFIED.,.T.,
  .F.,(1,5,4,4,4,4,4,4,4,4,4,4,4,4,4,4,4,4,4,4,4,4,4,4,4,4,4,4,4,4,4,4,4
    ,4,5,1),(-4.8028733054E-02,0.,4.714027220377E-02,8.077286134411E-02,
    0.105625788513,0.123657959426,0.166889550156,0.216503336071,
    0.2375345407,0.266044111382,0.305302637806,0.332770329998,
    0.339605183085,0.360688273858,0.399294675244,0.427326415018,
    0.44695804461,0.496767502925,0.54657696124,0.566208590832,
    0.594240330607,0.632846731992,0.647030548643,0.653994219385,
    0.660957890129,0.688943270658,0.72894170931,0.757988604794,
    0.779416188168,0.829965053674,0.87401143766,0.892383464011,
    0.91770479859,0.951971266946,1.,1.047140272204),.UNSPECIFIED.);
#5768 = CARTESIAN_POINT('',(-87.84034036068,101.32784861569,1.5));
#5769 = CARTESIAN_POINT('',(-87.84034026336,101.19012020925,1.5));
#5770 = CARTESIAN_POINT('',(-87.85022052664,101.05123173215,1.5));
#5771 = CARTESIAN_POINT('',(-87.87031122358,100.91234702356,1.5));
#5772 = CARTESIAN_POINT('',(-87.90069775833,100.77464257423,1.5));
#5773 = CARTESIAN_POINT('',(-87.97015511054,100.54272304333,1.5));
#5774 = CARTESIAN_POINT('',(-88.00424345251,100.44734933827,1.5));
#5775 = CARTESIAN_POINT('',(-88.04344595682,100.35359287566,1.5));
#5776 = CARTESIAN_POINT('',(-88.08765455091,100.26186092478,1.5));
#5777 = CARTESIAN_POINT('',(-88.17295349334,100.10654403128,1.5));
#5778 = CARTESIAN_POINT('',(-88.2118456927,100.0418617758,1.5));
#5779 = CARTESIAN_POINT('',(-88.25331753994,99.978655221982,1.5));
#5780 = CARTESIAN_POINT('',(-88.29728923422,99.917073781816,1.5));
#5781 = CARTESIAN_POINT('',(-88.37731600017,99.813860028817,1.5));
#5782 = CARTESIAN_POINT('',(-88.41223191041,99.771390960269,1.5));
#5783 = CARTESIAN_POINT('',(-88.44837846793,99.729905733292,1.5));
#5784 = CARTESIAN_POINT('',(-88.48571627119,99.689455569346,1.5));
#5785 = CARTESIAN_POINT('',(-88.61647137548,99.55570896553,1.5));
#5786 = CARTESIAN_POINT('',(-88.71534371454,99.467554709777,1.5));
#5787 = CARTESIAN_POINT('',(-88.82022153193,99.386299489385,1.5));
#5788 = CARTESIAN_POINT('',(-88.9304157495,99.312504234839,1.5));
#5789 = CARTESIAN_POINT('',(-89.1768134117,99.171004094412,1.5));
#5790 = CARTESIAN_POINT('',(-89.31446518275,99.105801126826,1.5));
#5791 = CARTESIAN_POINT('',(-89.45691641638,99.051686460658,1.5));
#5792 = CARTESIAN_POINT('',(-89.60289916963,99.009100707968,1.5));
#5793 = CARTESIAN_POINT('',(-89.81386916434,98.965168337646,1.5));
#5794 = CARTESIAN_POINT('',(-89.87706888104,98.954197166999,1.5));
#5795 = CARTESIAN_POINT('',(-89.94055998477,98.945348773189,1.5));
#5796 = CARTESIAN_POINT('',(-90.00424013792,98.93862993801,1.5));
#5797 = CARTESIAN_POINT('',(-90.15444685912,98.927816013683,1.5));
#5798 = CARTESIAN_POINT('',(-90.24104618175,98.925503347607,1.5));
#5799 = CARTESIAN_POINT('',(-90.32754726465,98.927097474858,1.5));
#5800 = CARTESIAN_POINT('',(-90.41369616383,98.932566117937,1.5));
#5801 = CARTESIAN_POINT('',(-90.61704095849,98.954630391459,1.5));
#5802 = CARTESIAN_POINT('',(-90.73369979889,98.97464403983,1.5));
#5803 = CARTESIAN_POINT('',(-90.84856017658,99.001729800384,1.5));
#5804 = CARTESIAN_POINT('',(-90.96100226381,99.035626135152,1.5));
#5805 = CARTESIAN_POINT('',(-91.14701785213,99.104196289663,1.5));
#5806 = CARTESIAN_POINT('',(-91.22212416411,99.135579365558,1.5));
#5807 = CARTESIAN_POINT('',(-91.29556585063,99.169994266503,1.5));
#5808 = CARTESIAN_POINT('',(-91.36716113325,99.20729355697,1.5));
#5809 = CARTESIAN_POINT('',(-91.45403181775,99.257247912001,1.5));
#5810 = CARTESIAN_POINT('',(-91.47130805308,99.267421233385,1.5));
#5811 = CARTESIAN_POINT('',(-91.48858270371,99.277838105769,1.5));
#5812 = CARTESIAN_POINT('',(-91.50585291396,99.288502613283,1.5));
#5813 = CARTESIAN_POINT('',(-91.57631890463,99.333064486955,1.5));
#5814 = CARTESIAN_POINT('',(-91.62861860845,99.368581201258,1.5));
#5815 = CARTESIAN_POINT('',(-91.67989508351,99.405928268672,1.5));
#5816 = CARTESIAN_POINT('',(-91.73004554928,99.445062886284,1.5));
#5817 = CARTESIAN_POINT('',(-91.86856312567,99.560772060056,1.5));
#5818 = CARTESIAN_POINT('',(-91.95405140491,99.641432630386,1.5));
#5819 = CARTESIAN_POINT('',(-92.03483095596,99.727590908479,1.5));
#5820 = CARTESIAN_POINT('',(-92.11036542675,99.818838701021,1.5));
#5821 = CARTESIAN_POINT('',(-92.2308853582,99.984275544775,1.5));
#5822 = CARTESIAN_POINT('',(-92.27857240828,100.05629270155,1.5));
#5823 = CARTESIAN_POINT('',(-92.32307110345,100.13054734716,1.5));
#5824 = CARTESIAN_POINT('',(-92.36422683433,100.20683498275,1.5));
#5825 = CARTESIAN_POINT('',(-92.42829790154,100.3396297887,1.5));
#5826 = CARTESIAN_POINT('',(-92.45298363075,100.39521421837,1.5));
#5827 = CARTESIAN_POINT('',(-92.47592042885,100.4516115504,1.5));
#5828 = CARTESIAN_POINT('',(-92.49706936798,100.5087429787,1.5));
#5829 = CARTESIAN_POINT('',(-92.56543711896,100.7131349264,1.5));
#5830 = CARTESIAN_POINT('',(-92.60275751494,100.8639506206,1.5));
#5831 = CARTESIAN_POINT('',(-92.62781899622,101.01762007397,1.5));
#5832 = CARTESIAN_POINT('',(-92.64035066657,101.17273820488,1.5));
#5833 = CARTESIAN_POINT('',(-92.64035066657,101.4829590265,1.5));
#5834 = CARTESIAN_POINT('',(-92.62781899622,101.63807715741,1.5));
#5835 = CARTESIAN_POINT('',(-92.60275751494,101.79174661077,1.5));
#5836 = CARTESIAN_POINT('',(-92.56543711896,101.94256230498,1.5));
#5837 = CARTESIAN_POINT('',(-92.49706936798,102.14695425267,1.5));
#5838 = CARTESIAN_POINT('',(-92.47592042885,102.20408568098,1.5));
#5839 = CARTESIAN_POINT('',(-92.45298363075,102.26048301301,1.5));
#5840 = CARTESIAN_POINT('',(-92.42829790154,102.31606744268,1.5));
#5841 = CARTESIAN_POINT('',(-92.36422683433,102.44886224863,1.5));
#5842 = CARTESIAN_POINT('',(-92.32307110345,102.52514988422,1.5));
#5843 = CARTESIAN_POINT('',(-92.27857240828,102.59940452983,1.5));
#5844 = CARTESIAN_POINT('',(-92.2308853582,102.67142168661,1.5));
#5845 = CARTESIAN_POINT('',(-92.11036542676,102.83685853036,1.5));
#5846 = CARTESIAN_POINT('',(-92.03483095596,102.9281063229,1.5));
#5847 = CARTESIAN_POINT('',(-91.95405140491,103.014264601,1.5));
#5848 = CARTESIAN_POINT('',(-91.86856312567,103.09492517133,1.5));
#5849 = CARTESIAN_POINT('',(-91.74605626952,103.19725994773,1.5));
#5850 = CARTESIAN_POINT('',(-91.71258667447,103.22397012684,1.5));
#5851 = CARTESIAN_POINT('',(-91.67859288555,103.24987898432,1.5));
#5852 = CARTESIAN_POINT('',(-91.64410573739,103.27497256557,1.5));
#5853 = CARTESIAN_POINT('',(-91.5919986785,103.31115248997,1.5));
#5854 = CARTESIAN_POINT('',(-91.57480833748,103.32281172478,1.5));
#5855 = CARTESIAN_POINT('',(-91.55759192861,103.33421868928,1.5));
#5856 = CARTESIAN_POINT('',(-91.54035512052,103.3453757806,1.5));
#5857 = CARTESIAN_POINT('',(-91.50585291397,103.3671946181,1.5));
#5858 = CARTESIAN_POINT('',(-91.48858270371,103.37785912561,1.5));
#5859 = CARTESIAN_POINT('',(-91.47130805308,103.388275998,1.5));
#5860 = CARTESIAN_POINT('',(-91.45403181775,103.39844931938,1.5));
#5861 = CARTESIAN_POINT('',(-91.36716113325,103.44840367441,1.5));
#5862 = CARTESIAN_POINT('',(-91.29556585063,103.48570296488,1.5));
#5863 = CARTESIAN_POINT('',(-91.22212416411,103.52011786582,1.5));
#5864 = CARTESIAN_POINT('',(-91.14701785213,103.55150094172,1.5));
#5865 = CARTESIAN_POINT('',(-90.96100226381,103.62007109623,1.5));
#5866 = CARTESIAN_POINT('',(-90.84856017658,103.653967431,1.5));
#5867 = CARTESIAN_POINT('',(-90.73369979889,103.68105319155,1.5));
#5868 = CARTESIAN_POINT('',(-90.61704095849,103.70106683992,1.5));
#5869 = CARTESIAN_POINT('',(-90.41369616383,103.72313111345,1.5));
#5870 = CARTESIAN_POINT('',(-90.32754726465,103.72859975652,1.5));
#5871 = CARTESIAN_POINT('',(-90.24104618175,103.73019388378,1.5));
#5872 = CARTESIAN_POINT('',(-90.15444685913,103.7278812177,1.5));
#5873 = CARTESIAN_POINT('',(-90.00424013792,103.71706729337,1.5));
#5874 = CARTESIAN_POINT('',(-89.94055998477,103.71034845819,1.5));
#5875 = CARTESIAN_POINT('',(-89.87706888104,103.70150006438,1.5));
#5876 = CARTESIAN_POINT('',(-89.81386916434,103.69052889374,1.5));
#5877 = CARTESIAN_POINT('',(-89.60289916963,103.64659652342,1.5));
#5878 = CARTESIAN_POINT('',(-89.45691641638,103.60401077073,1.5));
#5879 = CARTESIAN_POINT('',(-89.31446518275,103.54989610456,1.5));
#5880 = CARTESIAN_POINT('',(-89.1768134117,103.48469313697,1.5));
#5881 = CARTESIAN_POINT('',(-88.9304157495,103.34319299655,1.5));
#5882 = CARTESIAN_POINT('',(-88.82022153193,103.269397742,1.5));
#5883 = CARTESIAN_POINT('',(-88.71534371454,103.18814252161,1.5));
#5884 = CARTESIAN_POINT('',(-88.61647137548,103.09998826586,1.5));
#5885 = CARTESIAN_POINT('',(-88.48571627119,102.96624166204,1.5));
#5886 = CARTESIAN_POINT('',(-88.44837846793,102.92579149809,1.5));
#5887 = CARTESIAN_POINT('',(-88.41223191041,102.88430627112,1.5));
#5888 = CARTESIAN_POINT('',(-88.37731600017,102.84183720257,1.5));
#5889 = CARTESIAN_POINT('',(-88.29728923422,102.73862344957,1.5));
#5890 = CARTESIAN_POINT('',(-88.25331753994,102.67704200941,1.5));
#5891 = CARTESIAN_POINT('',(-88.2118456927,102.61383545558,1.5));
#5892 = CARTESIAN_POINT('',(-88.17295349334,102.5491532001,1.5));
#5893 = CARTESIAN_POINT('',(-88.08765455091,102.3938363066,1.5));
#5894 = CARTESIAN_POINT('',(-88.04344595682,102.30210435572,1.5));
#5895 = CARTESIAN_POINT('',(-88.00424345251,102.20834789311,1.5));
#5896 = CARTESIAN_POINT('',(-87.97015511054,102.11297418805,1.5));
#5897 = CARTESIAN_POINT('',(-87.90069775833,101.88105465715,1.5));
#5898 = CARTESIAN_POINT('',(-87.87031122358,101.74335020783,1.5));
#5899 = CARTESIAN_POINT('',(-87.85022052664,101.60446549923,1.5));
#5900 = CARTESIAN_POINT('',(-87.84034026336,101.46557702214,1.5));
#5901 = CARTESIAN_POINT('',(-87.84034036068,101.32784861569,1.5));
#5902 = ORIENTED_EDGE('',*,*,#3858,.T.);
#5903 = ORIENTED_EDGE('',*,*,#5760,.F.);
#5904 = ORIENTED_EDGE('',*,*,#2656,.T.);
#5905 = ( BOUNDED_SURFACE() B_SPLINE_SURFACE(2,1,(
    (#5906,#5907)
    ,(#5908,#5909)
    ,(#5910,#5911)
    ,(#5912,#5913)
    ,(#5914,#5915)
    ,(#5916,#5917)
    ,(#5918,#5919
)),.UNSPECIFIED.,.T.,.F.,.F.) B_SPLINE_SURFACE_WITH_KNOTS((1,2,2,2,2,1),
  (2,2),(-2.094395102394,0.,2.094395102393,4.188790204786,6.28318530718,
    8.377580409573),(0.,118.1102),.UNSPECIFIED.) 
GEOMETRIC_REPRESENTATION_ITEM() RATIONAL_B_SPLINE_SURFACE((
    (1.,1.)
    ,(0.5,0.5)
    ,(1.,1.)
    ,(0.5,0.5)
    ,(1.,1.)
    ,(0.5,0.5)
,(1.,1.))) REPRESENTATION_ITEM('') SURFACE() );
#5906 = CARTESIAN_POINT('',(-87.84034036068,101.32784861569,-1.5));
#5907 = CARTESIAN_POINT('',(-87.84034036068,101.32784861569,
    1.50000508001));
#5908 = CARTESIAN_POINT('',(-87.84034036068,105.48477935269,-1.5));
#5909 = CARTESIAN_POINT('',(-87.84034036068,105.48477935269,
    1.50000508001));
#5910 = CARTESIAN_POINT('',(-91.44034798069,103.40631398419,-1.5));
#5911 = CARTESIAN_POINT('',(-91.44034798069,103.40631398419,
    1.50000508001));
#5912 = CARTESIAN_POINT('',(-95.04035560071,101.32784861569,-1.5));
#5913 = CARTESIAN_POINT('',(-95.04035560071,101.32784861569,
    1.50000508001));
#5914 = CARTESIAN_POINT('',(-91.44034798069,99.249383247197,-1.5));
#5915 = CARTESIAN_POINT('',(-91.44034798069,99.249383247197,
    1.50000508001));
#5916 = CARTESIAN_POINT('',(-87.84034036068,97.170917878696,-1.5));
#5917 = CARTESIAN_POINT('',(-87.84034036068,97.170917878696,
    1.50000508001));
#5918 = CARTESIAN_POINT('',(-87.84034036068,101.32784861569,-1.5));
#5919 = CARTESIAN_POINT('',(-87.84034036068,101.32784861569,
    1.50000508001));
#5920 = ADVANCED_FACE('',(#5921),#6069,.F.);
#5921 = FACE_BOUND('',#5922,.F.);
#5922 = EDGE_LOOP('',(#5923,#5928,#5929,#6066,#6067,#6068));
#5923 = ORIENTED_EDGE('',*,*,#5924,.T.);
#5924 = EDGE_CURVE('',#2783,#4074,#5925,.T.);
#5925 = B_SPLINE_CURVE_WITH_KNOTS('',1,(#5926,#5927),.UNSPECIFIED.,.F.,
  .F.,(2,2),(0.,118.1102),.PIECEWISE_BEZIER_KNOTS.);
#5926 = CARTESIAN_POINT('',(-1.283002286005,101.19519939039,-1.5));
#5927 = CARTESIAN_POINT('',(-1.283002286005,101.19519939039,
    1.50000508001));
#5928 = ORIENTED_EDGE('',*,*,#4073,.T.);
#5929 = ORIENTED_EDGE('',*,*,#5930,.T.);
#5930 = EDGE_CURVE('',#4062,#4048,#5931,.T.);
#5931 = B_SPLINE_CURVE_WITH_KNOTS('',5,(#5932,#5933,#5934,#5935,#5936,
    #5937,#5938,#5939,#5940,#5941,#5942,#5943,#5944,#5945,#5946,#5947,
    #5948,#5949,#5950,#5951,#5952,#5953,#5954,#5955,#5956,#5957,#5958,
    #5959,#5960,#5961,#5962,#5963,#5964,#5965,#5966,#5967,#5968,#5969,
    #5970,#5971,#5972,#5973,#5974,#5975,#5976,#5977,#5978,#5979,#5980,
    #5981,#5982,#5983,#5984,#5985,#5986,#5987,#5988,#5989,#5990,#5991,
    #5992,#5993,#5994,#5995,#5996,#5997,#5998,#5999,#6000,#6001,#6002,
    #6003,#6004,#6005,#6006,#6007,#6008,#6009,#6010,#6011,#6012,#6013,
    #6014,#6015,#6016,#6017,#6018,#6019,#6020,#6021,#6022,#6023,#6024,
    #6025,#6026,#6027,#6028,#6029,#6030,#6031,#6032,#6033,#6034,#6035,
    #6036,#6037,#6038,#6039,#6040,#6041,#6042,#6043,#6044,#6045,#6046,
    #6047,#6048,#6049,#6050,#6051,#6052,#6053,#6054,#6055,#6056,#6057,
    #6058,#6059,#6060,#6061,#6062,#6063,#6064,#6065),.UNSPECIFIED.,.T.,
  .F.,(1,5,4,4,4,4,4,4,4,4,4,4,4,4,4,4,4,4,4,4,4,4,4,4,4,4,4,4,4,4,4,4,4
    ,4,5,1),(-4.8028733054E-02,0.,4.71402722038E-02,8.077286134412E-02,
    0.105625788513,0.123657959426,0.166889550156,0.216503336071,
    0.2375345407,0.266044111382,0.305302637807,0.332770329998,
    0.339605183085,0.360688273859,0.399294675244,0.427326415019,
    0.446958044611,0.496767502926,0.546576961241,0.566208590833,
    0.594240330608,0.632846731993,0.647030548644,0.653994219387,
    0.66095789013,0.688943270659,0.728941709311,0.757988604794,
    0.779416188169,0.829965053674,0.87401143766,0.892383464012,
    0.91770479859,0.951971266946,1.,1.047140272204),.UNSPECIFIED.);
#5932 = CARTESIAN_POINT('',(-1.283002286005,101.19519939039,1.5));
#5933 = CARTESIAN_POINT('',(-1.283002188687,101.05747098395,1.5));
#5934 = CARTESIAN_POINT('',(-1.292882451968,100.91858250686,1.5));
#5935 = CARTESIAN_POINT('',(-1.312973148905,100.77969779826,1.5));
#5936 = CARTESIAN_POINT('',(-1.343359683661,100.64199334893,1.5));
#5937 = CARTESIAN_POINT('',(-1.412817035874,100.41007381803,1.5));
#5938 = CARTESIAN_POINT('',(-1.446905377842,100.31470011297,1.5));
#5939 = CARTESIAN_POINT('',(-1.48610788215,100.22094365036,1.5));
#5940 = CARTESIAN_POINT('',(-1.530316476244,100.12921169949,1.5));
#5941 = CARTESIAN_POINT('',(-1.615615418669,99.973894805988,1.5));
#5942 = CARTESIAN_POINT('',(-1.65450761803,99.909212550511,1.5));
#5943 = CARTESIAN_POINT('',(-1.695979465273,99.846005996684,1.5));
#5944 = CARTESIAN_POINT('',(-1.739951159551,99.784424556517,1.5));
#5945 = CARTESIAN_POINT('',(-1.819977925501,99.681210803518,1.5));
#5946 = CARTESIAN_POINT('',(-1.854893835744,99.63874173497,1.5));
#5947 = CARTESIAN_POINT('',(-1.891040393256,99.597256507994,1.5));
#5948 = CARTESIAN_POINT('',(-1.92837819652,99.556806344048,1.5));
#5949 = CARTESIAN_POINT('',(-2.059133300809,99.423059740232,1.5));
#5950 = CARTESIAN_POINT('',(-2.158005639871,99.334905484479,1.5));
#5951 = CARTESIAN_POINT('',(-2.262883457262,99.253650264087,1.5));
#5952 = CARTESIAN_POINT('',(-2.373077674831,99.179855009541,1.5));
#5953 = CARTESIAN_POINT('',(-2.619475337033,99.038354869114,1.5));
#5954 = CARTESIAN_POINT('',(-2.757127108085,98.973151901528,1.5));
#5955 = CARTESIAN_POINT('',(-2.899578341713,98.91903723536,1.5));
#5956 = CARTESIAN_POINT('',(-3.04556109496,98.87645148267,1.5));
#5957 = CARTESIAN_POINT('',(-3.256531089672,98.832519112347,1.5));
#5958 = CARTESIAN_POINT('',(-3.319730806369,98.8215479417,1.5));
#5959 = CARTESIAN_POINT('',(-3.3832219101,98.812699547891,1.5));
#5960 = CARTESIAN_POINT('',(-3.446902063252,98.805980712711,1.5));
#5961 = CARTESIAN_POINT('',(-3.597108784457,98.795166788385,1.5));
#5962 = CARTESIAN_POINT('',(-3.683708107082,98.792854122308,1.5));
#5963 = CARTESIAN_POINT('',(-3.770209189979,98.794448249559,1.5));
#5964 = CARTESIAN_POINT('',(-3.856358089165,98.799916892638,1.5));
#5965 = CARTESIAN_POINT('',(-4.059702883819,98.82198116616,1.5));
#5966 = CARTESIAN_POINT('',(-4.176361724226,98.841994814531,1.5));
#5967 = CARTESIAN_POINT('',(-4.291222101911,98.869080575085,1.5));
#5968 = CARTESIAN_POINT('',(-4.403664189141,98.902976909853,1.5));
#5969 = CARTESIAN_POINT('',(-4.589679777464,98.971547064364,1.5));
#5970 = CARTESIAN_POINT('',(-4.664786089442,99.00293014026,1.5));
#5971 = CARTESIAN_POINT('',(-4.738227775966,99.037345041204,1.5));
#5972 = CARTESIAN_POINT('',(-4.809823058582,99.074644331671,1.5));
#5973 = CARTESIAN_POINT('',(-4.896693743087,99.124598686702,1.5));
#5974 = CARTESIAN_POINT('',(-4.913969978412,99.134772008086,1.5));
#5975 = CARTESIAN_POINT('',(-4.931244629047,99.14518888047,1.5));
#5976 = CARTESIAN_POINT('',(-4.948514839299,99.155853387984,1.5));
#5977 = CARTESIAN_POINT('',(-5.01898082996,99.200415261656,1.5));
#5978 = CARTESIAN_POINT('',(-5.071280533784,99.235931975959,1.5));
#5979 = CARTESIAN_POINT('',(-5.122557008846,99.273279043373,1.5));
#5980 = CARTESIAN_POINT('',(-5.172707474618,99.312413660985,1.5));
#5981 = CARTESIAN_POINT('',(-5.311225051004,99.428122834757,1.5));
#5982 = CARTESIAN_POINT('',(-5.396713330247,99.508783405088,1.5));
#5983 = CARTESIAN_POINT('',(-5.477492881296,99.59494168318,1.5));
#5984 = CARTESIAN_POINT('',(-5.553027352088,99.686189475722,1.5));
#5985 = CARTESIAN_POINT('',(-5.673547283533,99.851626319476,1.5));
#5986 = CARTESIAN_POINT('',(-5.72123433361,99.923643476258,1.5));
#5987 = CARTESIAN_POINT('',(-5.765733028785,99.997898121865,1.5));
#5988 = CARTESIAN_POINT('',(-5.806888759664,100.07418575745,1.5));
#5989 = CARTESIAN_POINT('',(-5.870959826869,100.2069805634,1.5));
#5990 = CARTESIAN_POINT('',(-5.895645556081,100.26256499307,1.5));
#5991 = CARTESIAN_POINT('',(-5.918582354181,100.3189623251,1.5));
#5992 = CARTESIAN_POINT('',(-5.939731293316,100.37609375341,1.5));
#5993 = CARTESIAN_POINT('',(-6.008099044295,100.5804857011,1.5));
#5994 = CARTESIAN_POINT('',(-6.045419440271,100.7313013953,1.5));
#5995 = CARTESIAN_POINT('',(-6.070480921557,100.88497084867,1.5));
#5996 = CARTESIAN_POINT('',(-6.083012591903,101.04008897958,1.5));
#5997 = CARTESIAN_POINT('',(-6.083012591903,101.3503098012,1.5));
#5998 = CARTESIAN_POINT('',(-6.070480921557,101.50542793211,1.5));
#5999 = CARTESIAN_POINT('',(-6.045419440271,101.65909738548,1.5));
#6000 = CARTESIAN_POINT('',(-6.008099044295,101.80991307968,1.5));
#6001 = CARTESIAN_POINT('',(-5.939731293317,102.01430502737,1.5));
#6002 = CARTESIAN_POINT('',(-5.918582354182,102.07143645568,1.5));
#6003 = CARTESIAN_POINT('',(-5.895645556082,102.12783378771,1.5));
#6004 = CARTESIAN_POINT('',(-5.87095982687,102.18341821738,1.5));
#6005 = CARTESIAN_POINT('',(-5.806888759665,102.31621302333,1.5));
#6006 = CARTESIAN_POINT('',(-5.765733028786,102.39250065892,1.5));
#6007 = CARTESIAN_POINT('',(-5.721234333611,102.46675530453,1.5));
#6008 = CARTESIAN_POINT('',(-5.673547283534,102.53877246131,1.5));
#6009 = CARTESIAN_POINT('',(-5.553027352089,102.70420930506,1.5));
#6010 = CARTESIAN_POINT('',(-5.477492881297,102.7954570976,1.5));
#6011 = CARTESIAN_POINT('',(-5.396713330249,102.8816153757,1.5));
#6012 = CARTESIAN_POINT('',(-5.311225051006,102.96227594603,1.5));
#6013 = CARTESIAN_POINT('',(-5.188718194851,103.06461072243,1.5));
#6014 = CARTESIAN_POINT('',(-5.155248599804,103.09132090154,1.5));
#6015 = CARTESIAN_POINT('',(-5.121254810888,103.11722975902,1.5));
#6016 = CARTESIAN_POINT('',(-5.086767662726,103.14232334027,1.5));
#6017 = CARTESIAN_POINT('',(-5.034660603833,103.17850326467,1.5));
#6018 = CARTESIAN_POINT('',(-5.017470262816,103.19016249948,1.5));
#6019 = CARTESIAN_POINT('',(-5.000253853946,103.20156946398,1.5));
#6020 = CARTESIAN_POINT('',(-4.983017045852,103.2127265553,1.5));
#6021 = CARTESIAN_POINT('',(-4.948514839301,103.2345453928,1.5));
#6022 = CARTESIAN_POINT('',(-4.931244629048,103.24520990031,1.5));
#6023 = CARTESIAN_POINT('',(-4.913969978413,103.2556267727,1.5));
#6024 = CARTESIAN_POINT('',(-4.896693743089,103.26580009408,1.5));
#6025 = CARTESIAN_POINT('',(-4.809823058583,103.31575444911,1.5));
#6026 = CARTESIAN_POINT('',(-4.738227775968,103.35305373958,1.5));
#6027 = CARTESIAN_POINT('',(-4.664786089444,103.38746864052,1.5));
#6028 = CARTESIAN_POINT('',(-4.589679777466,103.41885171642,1.5));
#6029 = CARTESIAN_POINT('',(-4.403664189143,103.48742187093,1.5));
#6030 = CARTESIAN_POINT('',(-4.291222101912,103.5213182057,1.5));
#6031 = CARTESIAN_POINT('',(-4.176361724227,103.54840396625,1.5));
#6032 = CARTESIAN_POINT('',(-4.059702883821,103.56841761463,1.5));
#6033 = CARTESIAN_POINT('',(-3.856358089167,103.59048188815,1.5));
#6034 = CARTESIAN_POINT('',(-3.77020918998,103.59595053123,1.5));
#6035 = CARTESIAN_POINT('',(-3.683708107083,103.59754465848,1.5));
#6036 = CARTESIAN_POINT('',(-3.597108784458,103.5952319924,1.5));
#6037 = CARTESIAN_POINT('',(-3.446902063254,103.58441806808,1.5));
#6038 = CARTESIAN_POINT('',(-3.383221910102,103.5776992329,1.5));
#6039 = CARTESIAN_POINT('',(-3.31973080637,103.56885083909,1.5));
#6040 = CARTESIAN_POINT('',(-3.256531089673,103.55787966844,1.5));
#6041 = CARTESIAN_POINT('',(-3.045561094962,103.51394729812,1.5));
#6042 = CARTESIAN_POINT('',(-2.899578341714,103.47136154543,1.5));
#6043 = CARTESIAN_POINT('',(-2.757127108086,103.41724687926,1.5));
#6044 = CARTESIAN_POINT('',(-2.619475337034,103.35204391168,1.5));
#6045 = CARTESIAN_POINT('',(-2.373077674832,103.21054377125,1.5));
#6046 = CARTESIAN_POINT('',(-2.262883457263,103.1367485167,1.5));
#6047 = CARTESIAN_POINT('',(-2.158005639872,103.05549329631,1.5));
#6048 = CARTESIAN_POINT('',(-2.059133300809,102.96733904056,1.5));
#6049 = CARTESIAN_POINT('',(-1.92837819652,102.83359243674,1.5));
#6050 = CARTESIAN_POINT('',(-1.891040393256,102.7931422728,1.5));
#6051 = CARTESIAN_POINT('',(-1.854893835745,102.75165704582,1.5));
#6052 = CARTESIAN_POINT('',(-1.819977925501,102.70918797727,1.5));
#6053 = CARTESIAN_POINT('',(-1.739951159551,102.60597422428,1.5));
#6054 = CARTESIAN_POINT('',(-1.695979465274,102.54439278411,1.5));
#6055 = CARTESIAN_POINT('',(-1.65450761803,102.48118623028,1.5));
#6056 = CARTESIAN_POINT('',(-1.61561541867,102.4165039748,1.5));
#6057 = CARTESIAN_POINT('',(-1.530316476244,102.2611870813,1.5));
#6058 = CARTESIAN_POINT('',(-1.48610788215,102.16945513042,1.5));
#6059 = CARTESIAN_POINT('',(-1.446905377842,102.07569866782,1.5));
#6060 = CARTESIAN_POINT('',(-1.412817035874,101.98032496276,1.5));
#6061 = CARTESIAN_POINT('',(-1.343359683661,101.74840543186,1.5));
#6062 = CARTESIAN_POINT('',(-1.312973148905,101.61070098253,1.5));
#6063 = CARTESIAN_POINT('',(-1.292882451968,101.47181627393,1.5));
#6064 = CARTESIAN_POINT('',(-1.283002188687,101.33292779684,1.5));
#6065 = CARTESIAN_POINT('',(-1.283002286005,101.19519939039,1.5));
#6066 = ORIENTED_EDGE('',*,*,#4212,.T.);
#6067 = ORIENTED_EDGE('',*,*,#5924,.F.);
#6068 = ORIENTED_EDGE('',*,*,#2782,.T.);
#6069 = ( BOUNDED_SURFACE() B_SPLINE_SURFACE(2,1,(
    (#6070,#6071)
    ,(#6072,#6073)
    ,(#6074,#6075)
    ,(#6076,#6077)
    ,(#6078,#6079)
    ,(#6080,#6081)
    ,(#6082,#6083
)),.UNSPECIFIED.,.T.,.F.,.F.) B_SPLINE_SURFACE_WITH_KNOTS((1,2,2,2,2,1),
  (2,2),(-2.094395102394,0.,2.094395102393,4.188790204786,6.28318530718,
    8.377580409573),(0.,118.1102),.UNSPECIFIED.) 
GEOMETRIC_REPRESENTATION_ITEM() RATIONAL_B_SPLINE_SURFACE((
    (1.,1.)
    ,(0.5,0.5)
    ,(1.,1.)
    ,(0.5,0.5)
    ,(1.,1.)
    ,(0.5,0.5)
,(1.,1.))) REPRESENTATION_ITEM('') SURFACE() );
#6070 = CARTESIAN_POINT('',(-1.283002286005,101.19519939039,-1.5));
#6071 = CARTESIAN_POINT('',(-1.283002286005,101.19519939039,
    1.50000508001));
#6072 = CARTESIAN_POINT('',(-1.283002286005,105.3521301274,-1.5));
#6073 = CARTESIAN_POINT('',(-1.283002286005,105.3521301274,1.50000508001
    ));
#6074 = CARTESIAN_POINT('',(-4.88300990602,103.27366475889,-1.5));
#6075 = CARTESIAN_POINT('',(-4.88300990602,103.27366475889,1.50000508001
    ));
#6076 = CARTESIAN_POINT('',(-8.483017526035,101.19519939039,-1.5));
#6077 = CARTESIAN_POINT('',(-8.483017526035,101.19519939039,
    1.50000508001));
#6078 = CARTESIAN_POINT('',(-4.88300990602,99.116734021898,-1.5));
#6079 = CARTESIAN_POINT('',(-4.88300990602,99.116734021898,1.50000508001
    ));
#6080 = CARTESIAN_POINT('',(-1.283002286005,97.038268653398,-1.5));
#6081 = CARTESIAN_POINT('',(-1.283002286005,97.038268653398,
    1.50000508001));
#6082 = CARTESIAN_POINT('',(-1.283002286005,101.19519939039,-1.5));
#6083 = CARTESIAN_POINT('',(-1.283002286005,101.19519939039,
    1.50000508001));
#6084 = ADVANCED_FACE('',(#6085),#6233,.F.);
#6085 = FACE_BOUND('',#6086,.F.);
#6086 = EDGE_LOOP('',(#6087,#6092,#6093,#6230,#6231,#6232));
#6087 = ORIENTED_EDGE('',*,*,#6088,.T.);
#6088 = EDGE_CURVE('',#188,#3366,#6089,.T.);
#6089 = B_SPLINE_CURVE_WITH_KNOTS('',1,(#6090,#6091),.UNSPECIFIED.,.F.,
  .F.,(2,2),(0.,118.1102),.PIECEWISE_BEZIER_KNOTS.);
#6090 = CARTESIAN_POINT('',(-87.64317500635,-36.67907035814,-1.5));
#6091 = CARTESIAN_POINT('',(-87.64317500635,-36.67907035814,
    1.50000508001));
#6092 = ORIENTED_EDGE('',*,*,#3365,.T.);
#6093 = ORIENTED_EDGE('',*,*,#6094,.T.);
#6094 = EDGE_CURVE('',#3354,#3340,#6095,.T.);
#6095 = B_SPLINE_CURVE_WITH_KNOTS('',5,(#6096,#6097,#6098,#6099,#6100,
    #6101,#6102,#6103,#6104,#6105,#6106,#6107,#6108,#6109,#6110,#6111,
    #6112,#6113,#6114,#6115,#6116,#6117,#6118,#6119,#6120,#6121,#6122,
    #6123,#6124,#6125,#6126,#6127,#6128,#6129,#6130,#6131,#6132,#6133,
    #6134,#6135,#6136,#6137,#6138,#6139,#6140,#6141,#6142,#6143,#6144,
    #6145,#6146,#6147,#6148,#6149,#6150,#6151,#6152,#6153,#6154,#6155,
    #6156,#6157,#6158,#6159,#6160,#6161,#6162,#6163,#6164,#6165,#6166,
    #6167,#6168,#6169,#6170,#6171,#6172,#6173,#6174,#6175,#6176,#6177,
    #6178,#6179,#6180,#6181,#6182,#6183,#6184,#6185,#6186,#6187,#6188,
    #6189,#6190,#6191,#6192,#6193,#6194,#6195,#6196,#6197,#6198,#6199,
    #6200,#6201,#6202,#6203,#6204,#6205,#6206,#6207,#6208,#6209,#6210,
    #6211,#6212,#6213,#6214,#6215,#6216,#6217,#6218,#6219,#6220,#6221,
    #6222,#6223,#6224,#6225,#6226,#6227,#6228,#6229),.UNSPECIFIED.,.T.,
  .F.,(1,5,4,4,4,4,4,4,4,4,4,4,4,4,4,4,4,4,4,4,4,4,4,4,4,4,4,4,4,4,4,4,4
    ,4,5,1),(-4.804752E-02,0.,4.715870798066E-02,8.080439198896E-02,
    0.105667032318,0.123706256764,0.166954630089,0.216587564541,
    0.237626991583,0.266147690297,0.305421423565,0.332899806481,
    0.339728799834,0.360795194315,0.399370915715,0.427380462259,
    0.446996562307,0.496766345683,0.546536129058,0.566152229107,
    0.59416177565,0.632737497051,0.646910086703,0.65386824611,
    0.660825947217,0.68882222212,0.728836157307,0.757894392796,
    0.779330355206,0.829898734046,0.87396222033,0.892341434572,
    0.917672667331,0.95195248,1.,1.047158707981),.UNSPECIFIED.);
#6096 = CARTESIAN_POINT('',(-87.64317500635,-36.67907035814,1.5));
#6097 = CARTESIAN_POINT('',(-87.64317500635,-36.81679892789,1.5));
#6098 = CARTESIAN_POINT('',(-87.65305510706,-36.95568703717,1.5));
#6099 = CARTESIAN_POINT('',(-87.67314576772,-37.09457196633,1.5));
#6100 = CARTESIAN_POINT('',(-87.70353252547,-37.23227646338,1.5));
#6101 = CARTESIAN_POINT('',(-87.77298980873,-37.46419596495,1.5));
#6102 = CARTESIAN_POINT('',(-87.80707809787,-37.55956963387,1.5));
#6103 = CARTESIAN_POINT('',(-87.84628057049,-37.65332607649,1.5));
#6104 = CARTESIAN_POINT('',(-87.89048918573,-37.74505804352,1.5));
#6105 = CARTESIAN_POINT('',(-87.97578814748,-37.90037494566,1.5));
#6106 = CARTESIAN_POINT('',(-88.01468033873,-37.96505719874,1.5));
#6107 = CARTESIAN_POINT('',(-88.05615218055,-38.02826375006,1.5));
#6108 = CARTESIAN_POINT('',(-88.10012387752,-38.08984519013,1.5));
#6109 = CARTESIAN_POINT('',(-88.18015064712,-38.19305894536,1.5));
#6110 = CARTESIAN_POINT('',(-88.21506655624,-38.23552801379,1.5));
#6111 = CARTESIAN_POINT('',(-88.25121311285,-38.27701324038,1.5));
#6112 = CARTESIAN_POINT('',(-88.28855091634,-38.31746340404,1.5));
#6113 = CARTESIAN_POINT('',(-88.41930614511,-38.45121001876,1.5));
#6114 = CARTESIAN_POINT('',(-88.51817812331,-38.53936417189,1.5));
#6115 = CARTESIAN_POINT('',(-88.62305635501,-38.62061963648,1.5));
#6116 = CARTESIAN_POINT('',(-88.73325034952,-38.69441464794,1.5));
#6117 = CARTESIAN_POINT('',(-88.97964827918,-38.83591485936,1.5));
#6118 = CARTESIAN_POINT('',(-89.11729934265,-38.9011176869,1.5));
#6119 = CARTESIAN_POINT('',(-89.25975150705,-38.95523285817,1.5));
#6120 = CARTESIAN_POINT('',(-89.40573365102,-38.99781804063,1.5));
#6121 = CARTESIAN_POINT('',(-89.61670381134,-39.04175063665,1.5));
#6122 = CARTESIAN_POINT('',(-89.67990352804,-39.05272180818,1.5));
#6123 = CARTESIAN_POINT('',(-89.74339462993,-39.06157020064,1.5));
#6124 = CARTESIAN_POINT('',(-89.80707478123,-39.06828903358,1.5));
#6125 = CARTESIAN_POINT('',(-89.95728150989,-39.07910296255,1.5));
#6126 = CARTESIAN_POINT('',(-90.04388083798,-39.08141563365,1.5));
#6127 = CARTESIAN_POINT('',(-90.13038190959,-39.07982149905,1.5));
#6128 = CARTESIAN_POINT('',(-90.21653079202,-39.0743528436,1.5));
#6129 = CARTESIAN_POINT('',(-90.41987567633,-39.05228859232,1.5));
#6130 = CARTESIAN_POINT('',(-90.53653420293,-39.03227486254,1.5));
#6131 = CARTESIAN_POINT('',(-90.65139512476,-39.00518927994,1.5));
#6132 = CARTESIAN_POINT('',(-90.76383676196,-38.97129278049,1.5));
#6133 = CARTESIAN_POINT('',(-90.94985251127,-38.90272268635,1.5));
#6134 = CARTESIAN_POINT('',(-91.02495883285,-38.87133960687,1.5));
#6135 = CARTESIAN_POINT('',(-91.09840049332,-38.83692470561,1.5));
#6136 = CARTESIAN_POINT('',(-91.16999574029,-38.79962541841,1.5));
#6137 = CARTESIAN_POINT('',(-91.25687202129,-38.74966790625,1.5));
#6138 = CARTESIAN_POINT('',(-91.2741421279,-38.73949810476,1.5));
#6139 = CARTESIAN_POINT('',(-91.29141389817,-38.72908283562,1.5));
#6140 = CARTESIAN_POINT('',(-91.30868735677,-38.71841641145,1.5));
#6141 = CARTESIAN_POINT('',(-91.37915355514,-38.67385447804,1.5));
#6142 = CARTESIAN_POINT('',(-91.43145325432,-38.6383377711,1.5));
#6143 = CARTESIAN_POINT('',(-91.48272972624,-38.60099071025,1.5));
#6144 = CARTESIAN_POINT('',(-91.53288019351,-38.56185609183,1.5));
#6145 = CARTESIAN_POINT('',(-91.67139779427,-38.44614675681,1.5));
#6146 = CARTESIAN_POINT('',(-91.75688599231,-38.36548665883,1.5));
#6147 = CARTESIAN_POINT('',(-91.83766566011,-38.27932782033,1.5));
#6148 = CARTESIAN_POINT('',(-91.91320004499,-38.18808034026,1.5));
#6149 = CARTESIAN_POINT('',(-92.03372000191,-38.02264340779,1.5));
#6150 = CARTESIAN_POINT('',(-92.08140705439,-37.95062627168,1.5));
#6151 = CARTESIAN_POINT('',(-92.1259057503,-37.87637163951,1.5));
#6152 = CARTESIAN_POINT('',(-92.16706147951,-37.80008399668,1.5));
#6153 = CARTESIAN_POINT('',(-92.23113254663,-37.66728918272,1.5));
#6154 = CARTESIAN_POINT('',(-92.25581827659,-37.61170475509,1.5));
#6155 = CARTESIAN_POINT('',(-92.27875507489,-37.55530742482,1.5));
#6156 = CARTESIAN_POINT('',(-92.29990401348,-37.49817599623,1.5));
#6157 = CARTESIAN_POINT('',(-92.36827163757,-37.29378375878,1.5));
#6158 = CARTESIAN_POINT('',(-92.40559224531,-37.14296898412,1.5));
#6159 = CARTESIAN_POINT('',(-92.43065376145,-36.98929833407,1.5));
#6160 = CARTESIAN_POINT('',(-92.44318516636,-36.8341809746,1.5));
#6161 = CARTESIAN_POINT('',(-92.44318516636,-36.52395974167,1.5));
#6162 = CARTESIAN_POINT('',(-92.43065376145,-36.36884238221,1.5));
#6163 = CARTESIAN_POINT('',(-92.40559224531,-36.21517173215,1.5));
#6164 = CARTESIAN_POINT('',(-92.36827163757,-36.06435695749,1.5));
#6165 = CARTESIAN_POINT('',(-92.29990401348,-35.85996472005,1.5));
#6166 = CARTESIAN_POINT('',(-92.27875507489,-35.80283329146,1.5));
#6167 = CARTESIAN_POINT('',(-92.25581827659,-35.74643596118,1.5));
#6168 = CARTESIAN_POINT('',(-92.23113254663,-35.69085153356,1.5));
#6169 = CARTESIAN_POINT('',(-92.16706147951,-35.55805671959,1.5));
#6170 = CARTESIAN_POINT('',(-92.1259057503,-35.48176907676,1.5));
#6171 = CARTESIAN_POINT('',(-92.0814070544,-35.40751444459,1.5));
#6172 = CARTESIAN_POINT('',(-92.03372000191,-35.33549730848,1.5));
#6173 = CARTESIAN_POINT('',(-91.91320004499,-35.17006037601,1.5));
#6174 = CARTESIAN_POINT('',(-91.83766566011,-35.07881289594,1.5));
#6175 = CARTESIAN_POINT('',(-91.75688599231,-34.99265405745,1.5));
#6176 = CARTESIAN_POINT('',(-91.67139779427,-34.91199395947,1.5));
#6177 = CARTESIAN_POINT('',(-91.54889091497,-34.80965902541,1.5));
#6178 = CARTESIAN_POINT('',(-91.51542131984,-34.78294884637,1.5));
#6179 = CARTESIAN_POINT('',(-91.48142753129,-34.75703998978,1.5));
#6180 = CARTESIAN_POINT('',(-91.44694038357,-34.73194640935,1.5));
#6181 = CARTESIAN_POINT('',(-91.39483332383,-34.69576648431,1.5));
#6182 = CARTESIAN_POINT('',(-91.37764298306,-34.68410724933,1.5));
#6183 = CARTESIAN_POINT('',(-91.36042657447,-34.67270028433,1.5));
#6184 = CARTESIAN_POINT('',(-91.3431897664,-34.66154319269,1.5));
#6185 = CARTESIAN_POINT('',(-91.30868735677,-34.63972430482,1.5));
#6186 = CARTESIAN_POINT('',(-91.29141389818,-34.62905788065,1.5));
#6187 = CARTESIAN_POINT('',(-91.2741421279,-34.61864261151,1.5));
#6188 = CARTESIAN_POINT('',(-91.25687202129,-34.60847281002,1.5));
#6189 = CARTESIAN_POINT('',(-91.16999574029,-34.55851529786,1.5));
#6190 = CARTESIAN_POINT('',(-91.09840049332,-34.52121601067,1.5));
#6191 = CARTESIAN_POINT('',(-91.02495883285,-34.48680110941,1.5));
#6192 = CARTESIAN_POINT('',(-90.94985251127,-34.45541802993,1.5));
#6193 = CARTESIAN_POINT('',(-90.76383676196,-34.38684793578,1.5));
#6194 = CARTESIAN_POINT('',(-90.65139512476,-34.35295143633,1.5));
#6195 = CARTESIAN_POINT('',(-90.53653420293,-34.32586585373,1.5));
#6196 = CARTESIAN_POINT('',(-90.41987567633,-34.30585212395,1.5));
#6197 = CARTESIAN_POINT('',(-90.21653079202,-34.28378787267,1.5));
#6198 = CARTESIAN_POINT('',(-90.13038190959,-34.27831921723,1.5));
#6199 = CARTESIAN_POINT('',(-90.04388083798,-34.27672508262,1.5));
#6200 = CARTESIAN_POINT('',(-89.95728150989,-34.27903775372,1.5));
#6201 = CARTESIAN_POINT('',(-89.80707478123,-34.28985168269,1.5));
#6202 = CARTESIAN_POINT('',(-89.74339462993,-34.29657051563,1.5));
#6203 = CARTESIAN_POINT('',(-89.67990352804,-34.30541890809,1.5));
#6204 = CARTESIAN_POINT('',(-89.61670381134,-34.31639007962,1.5));
#6205 = CARTESIAN_POINT('',(-89.40573365102,-34.36032267564,1.5));
#6206 = CARTESIAN_POINT('',(-89.25975150705,-34.4029078581,1.5));
#6207 = CARTESIAN_POINT('',(-89.11729934265,-34.45702302937,1.5));
#6208 = CARTESIAN_POINT('',(-88.97964827918,-34.52222585692,1.5));
#6209 = CARTESIAN_POINT('',(-88.73325034953,-34.66372606833,1.5));
#6210 = CARTESIAN_POINT('',(-88.62305635501,-34.73752107979,1.5));
#6211 = CARTESIAN_POINT('',(-88.51817812331,-34.81877654438,1.5));
#6212 = CARTESIAN_POINT('',(-88.41930614511,-34.90693069751,1.5));
#6213 = CARTESIAN_POINT('',(-88.28855091634,-35.04067731223,1.5));
#6214 = CARTESIAN_POINT('',(-88.25121311285,-35.08112747589,1.5));
#6215 = CARTESIAN_POINT('',(-88.21506655625,-35.12261270248,1.5));
#6216 = CARTESIAN_POINT('',(-88.18015064712,-35.16508177092,1.5));
#6217 = CARTESIAN_POINT('',(-88.10012387752,-35.26829552614,1.5));
#6218 = CARTESIAN_POINT('',(-88.05615218055,-35.32987696621,1.5));
#6219 = CARTESIAN_POINT('',(-88.01468033873,-35.39308351753,1.5));
#6220 = CARTESIAN_POINT('',(-87.97578814749,-35.45776577061,1.5));
#6221 = CARTESIAN_POINT('',(-87.89048918573,-35.61308267275,1.5));
#6222 = CARTESIAN_POINT('',(-87.84628057049,-35.70481463978,1.5));
#6223 = CARTESIAN_POINT('',(-87.80707809787,-35.7985710824,1.5));
#6224 = CARTESIAN_POINT('',(-87.77298980873,-35.89394475132,1.5));
#6225 = CARTESIAN_POINT('',(-87.70353252547,-36.12586425289,1.5));
#6226 = CARTESIAN_POINT('',(-87.67314576772,-36.26356874994,1.5));
#6227 = CARTESIAN_POINT('',(-87.65305510706,-36.4024536791,1.5));
#6228 = CARTESIAN_POINT('',(-87.64317500635,-36.54134178838,1.5));
#6229 = CARTESIAN_POINT('',(-87.64317500635,-36.67907035814,1.5));
#6230 = ORIENTED_EDGE('',*,*,#3504,.T.);
#6231 = ORIENTED_EDGE('',*,*,#6088,.F.);
#6232 = ORIENTED_EDGE('',*,*,#187,.T.);
#6233 = ( BOUNDED_SURFACE() B_SPLINE_SURFACE(2,1,(
    (#6234,#6235)
    ,(#6236,#6237)
    ,(#6238,#6239)
    ,(#6240,#6241)
    ,(#6242,#6243)
    ,(#6244,#6245)
    ,(#6246,#6247
)),.UNSPECIFIED.,.T.,.F.,.F.) B_SPLINE_SURFACE_WITH_KNOTS((1,2,2,2,2,1),
  (2,2),(-2.094395102394,0.,2.094395102393,4.188790204786,6.28318530718,
    8.377580409573),(0.,118.1102),.UNSPECIFIED.) 
GEOMETRIC_REPRESENTATION_ITEM() RATIONAL_B_SPLINE_SURFACE((
    (1.,1.)
    ,(0.5,0.5)
    ,(1.,1.)
    ,(0.5,0.5)
    ,(1.,1.)
    ,(0.5,0.5)
,(1.,1.))) REPRESENTATION_ITEM('') SURFACE() );
#6234 = CARTESIAN_POINT('',(-87.64317500635,-36.67907035814,-1.5));
#6235 = CARTESIAN_POINT('',(-87.64317500635,-36.67907035814,
    1.50000508001));
#6236 = CARTESIAN_POINT('',(-87.64317500635,-32.52213962114,-1.5));
#6237 = CARTESIAN_POINT('',(-87.64317500635,-32.52213962114,
    1.50000508001));
#6238 = CARTESIAN_POINT('',(-91.24318262636,-34.60060498964,-1.5));
#6239 = CARTESIAN_POINT('',(-91.24318262636,-34.60060498964,
    1.50000508001));
#6240 = CARTESIAN_POINT('',(-94.84319024638,-36.67907035814,-1.5));
#6241 = CARTESIAN_POINT('',(-94.84319024638,-36.67907035814,
    1.50000508001));
#6242 = CARTESIAN_POINT('',(-91.24318262636,-38.75753572664,-1.5));
#6243 = CARTESIAN_POINT('',(-91.24318262636,-38.75753572664,
    1.50000508001));
#6244 = CARTESIAN_POINT('',(-87.64317500635,-40.83600109514,-1.5));
#6245 = CARTESIAN_POINT('',(-87.64317500635,-40.83600109514,
    1.50000508001));
#6246 = CARTESIAN_POINT('',(-87.64317500635,-36.67907035814,-1.5));
#6247 = CARTESIAN_POINT('',(-87.64317500635,-36.67907035814,
    1.50000508001));
#6248 = ADVANCED_FACE('',(#6249),#6397,.F.);
#6249 = FACE_BOUND('',#6250,.F.);
#6250 = EDGE_LOOP('',(#6251,#6256,#6257,#6394,#6395,#6396));
#6251 = ORIENTED_EDGE('',*,*,#6252,.T.);
#6252 = EDGE_CURVE('',#95,#3012,#6253,.T.);
#6253 = B_SPLINE_CURVE_WITH_KNOTS('',1,(#6254,#6255),.UNSPECIFIED.,.F.,
  .F.,(2,2),(0.,118.1102),.PIECEWISE_BEZIER_KNOTS.);
#6254 = CARTESIAN_POINT('',(-0.648001016002,-36.67907035814,-1.5));
#6255 = CARTESIAN_POINT('',(-0.648001016002,-36.67907035814,
    1.50000508001));
#6256 = ORIENTED_EDGE('',*,*,#3011,.T.);
#6257 = ORIENTED_EDGE('',*,*,#6258,.T.);
#6258 = EDGE_CURVE('',#3000,#2986,#6259,.T.);
#6259 = B_SPLINE_CURVE_WITH_KNOTS('',5,(#6260,#6261,#6262,#6263,#6264,
    #6265,#6266,#6267,#6268,#6269,#6270,#6271,#6272,#6273,#6274,#6275,
    #6276,#6277,#6278,#6279,#6280,#6281,#6282,#6283,#6284,#6285,#6286,
    #6287,#6288,#6289,#6290,#6291,#6292,#6293,#6294,#6295,#6296,#6297,
    #6298,#6299,#6300,#6301,#6302,#6303,#6304,#6305,#6306,#6307,#6308,
    #6309,#6310,#6311,#6312,#6313,#6314,#6315,#6316,#6317,#6318,#6319,
    #6320,#6321,#6322,#6323,#6324,#6325,#6326,#6327,#6328,#6329,#6330,
    #6331,#6332,#6333,#6334,#6335,#6336,#6337,#6338,#6339,#6340,#6341,
    #6342,#6343,#6344,#6345,#6346,#6347,#6348,#6349,#6350,#6351,#6352,
    #6353,#6354,#6355,#6356,#6357,#6358,#6359,#6360,#6361,#6362,#6363,
    #6364,#6365,#6366,#6367,#6368,#6369,#6370,#6371,#6372,#6373,#6374,
    #6375,#6376,#6377,#6378,#6379,#6380,#6381,#6382,#6383,#6384,#6385,
    #6386,#6387,#6388,#6389,#6390,#6391,#6392,#6393),.UNSPECIFIED.,.T.,
  .F.,(1,5,4,4,4,4,4,4,4,4,4,4,4,4,4,4,4,4,4,4,4,4,4,4,4,4,4,4,4,4,4,4,4
    ,4,5,1),(-4.804752E-02,0.,4.715870798069E-02,8.0804391989E-02,
    0.105667032318,0.123706256764,0.166954630089,0.216587564542,
    0.237626991584,0.266147690298,0.305421423566,0.332899806481,
    0.339728799835,0.360795194315,0.399370915715,0.427380462259,
    0.446996562307,0.496766345683,0.546536129059,0.566152229107,
    0.594161775651,0.632737497051,0.646910086703,0.65386824611,
    0.660825947217,0.68882222212,0.728836157307,0.757894392797,
    0.779330355207,0.829898734046,0.87396222033,0.892341434572,
    0.917672667331,0.95195248,1.,1.047158707981),.UNSPECIFIED.);
#6260 = CARTESIAN_POINT('',(-0.648001016002,-36.67907035814,1.5));
#6261 = CARTESIAN_POINT('',(-0.648001016002,-36.81679892789,1.5));
#6262 = CARTESIAN_POINT('',(-0.657881116719,-36.95568703717,1.5));
#6263 = CARTESIAN_POINT('',(-0.677971777376,-37.09457196633,1.5));
#6264 = CARTESIAN_POINT('',(-0.70835853513,-37.23227646338,1.5));
#6265 = CARTESIAN_POINT('',(-0.777815818391,-37.46419596495,1.5));
#6266 = CARTESIAN_POINT('',(-0.811904107523,-37.55956963387,1.5));
#6267 = CARTESIAN_POINT('',(-0.851106580144,-37.65332607649,1.5));
#6268 = CARTESIAN_POINT('',(-0.895315195389,-37.74505804352,1.5));
#6269 = CARTESIAN_POINT('',(-0.980614157142,-37.90037494566,1.5));
#6270 = CARTESIAN_POINT('',(-1.019506348387,-37.96505719874,1.5));
#6271 = CARTESIAN_POINT('',(-1.060978190206,-38.02826375006,1.5));
#6272 = CARTESIAN_POINT('',(-1.104949887174,-38.08984519013,1.5));
#6273 = CARTESIAN_POINT('',(-1.184976656779,-38.19305894536,1.5));
#6274 = CARTESIAN_POINT('',(-1.219892565902,-38.23552801379,1.5));
#6275 = CARTESIAN_POINT('',(-1.256039122511,-38.27701324038,1.5));
#6276 = CARTESIAN_POINT('',(-1.293376925993,-38.31746340404,1.5));
#6277 = CARTESIAN_POINT('',(-1.424132154766,-38.45121001876,1.5));
#6278 = CARTESIAN_POINT('',(-1.52300413297,-38.53936417189,1.5));
#6279 = CARTESIAN_POINT('',(-1.627882364668,-38.62061963648,1.5));
#6280 = CARTESIAN_POINT('',(-1.738076359183,-38.69441464794,1.5));
#6281 = CARTESIAN_POINT('',(-1.984474288841,-38.83591485936,1.5));
#6282 = CARTESIAN_POINT('',(-2.122125352309,-38.9011176869,1.5));
#6283 = CARTESIAN_POINT('',(-2.264577516705,-38.95523285817,1.5));
#6284 = CARTESIAN_POINT('',(-2.410559660681,-38.99781804063,1.5));
#6285 = CARTESIAN_POINT('',(-2.621529820999,-39.04175063665,1.5));
#6286 = CARTESIAN_POINT('',(-2.684729537699,-39.05272180818,1.5));
#6287 = CARTESIAN_POINT('',(-2.748220639587,-39.06157020064,1.5));
#6288 = CARTESIAN_POINT('',(-2.811900790893,-39.06828903358,1.5));
#6289 = CARTESIAN_POINT('',(-2.962107519547,-39.07910296255,1.5));
#6290 = CARTESIAN_POINT('',(-3.048706847642,-39.08141563365,1.5));
#6291 = CARTESIAN_POINT('',(-3.13520791925,-39.07982149905,1.5));
#6292 = CARTESIAN_POINT('',(-3.221356801677,-39.0743528436,1.5));
#6293 = CARTESIAN_POINT('',(-3.424701685991,-39.05228859232,1.5));
#6294 = CARTESIAN_POINT('',(-3.541360212592,-39.03227486254,1.5));
#6295 = CARTESIAN_POINT('',(-3.656221134419,-39.00518927994,1.5));
#6296 = CARTESIAN_POINT('',(-3.768662771618,-38.97129278049,1.5));
#6297 = CARTESIAN_POINT('',(-3.954678520929,-38.90272268635,1.5));
#6298 = CARTESIAN_POINT('',(-4.029784842507,-38.87133960687,1.5));
#6299 = CARTESIAN_POINT('',(-4.103226502983,-38.83692470561,1.5));
#6300 = CARTESIAN_POINT('',(-4.174821749951,-38.79962541841,1.5));
#6301 = CARTESIAN_POINT('',(-4.261698030947,-38.74966790625,1.5));
#6302 = CARTESIAN_POINT('',(-4.278968137565,-38.73949810476,1.5));
#6303 = CARTESIAN_POINT('',(-4.296239907835,-38.72908283562,1.5));
#6304 = CARTESIAN_POINT('',(-4.313513366429,-38.71841641145,1.5));
#6305 = CARTESIAN_POINT('',(-4.383979564797,-38.67385447804,1.5));
#6306 = CARTESIAN_POINT('',(-4.436279263985,-38.6383377711,1.5));
#6307 = CARTESIAN_POINT('',(-4.487555735903,-38.60099071025,1.5));
#6308 = CARTESIAN_POINT('',(-4.537706203168,-38.56185609183,1.5));
#6309 = CARTESIAN_POINT('',(-4.676223803931,-38.44614675681,1.5));
#6310 = CARTESIAN_POINT('',(-4.761712001972,-38.36548665883,1.5));
#6311 = CARTESIAN_POINT('',(-4.84249166977,-38.27932782033,1.5));
#6312 = CARTESIAN_POINT('',(-4.918026054649,-38.18808034026,1.5));
#6313 = CARTESIAN_POINT('',(-5.038546011574,-38.02264340779,1.5));
#6314 = CARTESIAN_POINT('',(-5.086233064055,-37.95062627168,1.5));
#6315 = CARTESIAN_POINT('',(-5.130731759963,-37.87637163951,1.5));
#6316 = CARTESIAN_POINT('',(-5.171887489172,-37.80008399668,1.5));
#6317 = CARTESIAN_POINT('',(-5.235958556292,-37.66728918272,1.5));
#6318 = CARTESIAN_POINT('',(-5.260644286254,-37.61170475509,1.5));
#6319 = CARTESIAN_POINT('',(-5.283581084554,-37.55530742482,1.5));
#6320 = CARTESIAN_POINT('',(-5.304730023138,-37.49817599623,1.5));
#6321 = CARTESIAN_POINT('',(-5.373097647225,-37.29378375878,1.5));
#6322 = CARTESIAN_POINT('',(-5.410418254971,-37.14296898412,1.5));
#6323 = CARTESIAN_POINT('',(-5.435479771109,-36.98929833407,1.5));
#6324 = CARTESIAN_POINT('',(-5.448011176022,-36.8341809746,1.5));
#6325 = CARTESIAN_POINT('',(-5.448011176022,-36.52395974167,1.5));
#6326 = CARTESIAN_POINT('',(-5.435479771109,-36.36884238221,1.5));
#6327 = CARTESIAN_POINT('',(-5.410418254972,-36.21517173215,1.5));
#6328 = CARTESIAN_POINT('',(-5.373097647226,-36.06435695749,1.5));
#6329 = CARTESIAN_POINT('',(-5.304730023139,-35.85996472005,1.5));
#6330 = CARTESIAN_POINT('',(-5.283581084555,-35.80283329146,1.5));
#6331 = CARTESIAN_POINT('',(-5.260644286255,-35.74643596118,1.5));
#6332 = CARTESIAN_POINT('',(-5.235958556293,-35.69085153356,1.5));
#6333 = CARTESIAN_POINT('',(-5.171887489173,-35.55805671959,1.5));
#6334 = CARTESIAN_POINT('',(-5.130731759965,-35.48176907676,1.5));
#6335 = CARTESIAN_POINT('',(-5.086233064056,-35.40751444459,1.5));
#6336 = CARTESIAN_POINT('',(-5.038546011575,-35.33549730848,1.5));
#6337 = CARTESIAN_POINT('',(-4.918026054651,-35.17006037601,1.5));
#6338 = CARTESIAN_POINT('',(-4.842491669772,-35.07881289594,1.5));
#6339 = CARTESIAN_POINT('',(-4.761712001973,-34.99265405745,1.5));
#6340 = CARTESIAN_POINT('',(-4.676223803933,-34.91199395947,1.5));
#6341 = CARTESIAN_POINT('',(-4.553716924635,-34.80965902541,1.5));
#6342 = CARTESIAN_POINT('',(-4.520247329502,-34.78294884637,1.5));
#6343 = CARTESIAN_POINT('',(-4.486253540947,-34.75703998978,1.5));
#6344 = CARTESIAN_POINT('',(-4.451766393231,-34.73194640935,1.5));
#6345 = CARTESIAN_POINT('',(-4.399659333491,-34.69576648431,1.5));
#6346 = CARTESIAN_POINT('',(-4.382468992725,-34.68410724933,1.5));
#6347 = CARTESIAN_POINT('',(-4.36525258413,-34.67270028433,1.5));
#6348 = CARTESIAN_POINT('',(-4.34801577606,-34.66154319269,1.5));
#6349 = CARTESIAN_POINT('',(-4.313513366431,-34.63972430482,1.5));
#6350 = CARTESIAN_POINT('',(-4.296239907837,-34.62905788065,1.5));
#6351 = CARTESIAN_POINT('',(-4.278968137566,-34.61864261151,1.5));
#6352 = CARTESIAN_POINT('',(-4.261698030949,-34.60847281002,1.5));
#6353 = CARTESIAN_POINT('',(-4.174821749952,-34.55851529786,1.5));
#6354 = CARTESIAN_POINT('',(-4.103226502984,-34.52121601067,1.5));
#6355 = CARTESIAN_POINT('',(-4.029784842508,-34.48680110941,1.5));
#6356 = CARTESIAN_POINT('',(-3.95467852093,-34.45541802993,1.5));
#6357 = CARTESIAN_POINT('',(-3.76866277162,-34.38684793578,1.5));
#6358 = CARTESIAN_POINT('',(-3.656221134421,-34.35295143633,1.5));
#6359 = CARTESIAN_POINT('',(-3.541360212594,-34.32586585373,1.5));
#6360 = CARTESIAN_POINT('',(-3.424701685993,-34.30585212395,1.5));
#6361 = CARTESIAN_POINT('',(-3.221356801679,-34.28378787267,1.5));
#6362 = CARTESIAN_POINT('',(-3.135207919252,-34.27831921723,1.5));
#6363 = CARTESIAN_POINT('',(-3.048706847644,-34.27672508262,1.5));
#6364 = CARTESIAN_POINT('',(-2.962107519548,-34.27903775372,1.5));
#6365 = CARTESIAN_POINT('',(-2.811900790894,-34.28985168269,1.5));
#6366 = CARTESIAN_POINT('',(-2.748220639589,-34.29657051563,1.5));
#6367 = CARTESIAN_POINT('',(-2.684729537701,-34.30541890809,1.5));
#6368 = CARTESIAN_POINT('',(-2.621529821,-34.31639007962,1.5));
#6369 = CARTESIAN_POINT('',(-2.410559660682,-34.36032267564,1.5));
#6370 = CARTESIAN_POINT('',(-2.264577516706,-34.4029078581,1.5));
#6371 = CARTESIAN_POINT('',(-2.12212535231,-34.45702302937,1.5));
#6372 = CARTESIAN_POINT('',(-1.984474288842,-34.52222585692,1.5));
#6373 = CARTESIAN_POINT('',(-1.738076359183,-34.66372606833,1.5));
#6374 = CARTESIAN_POINT('',(-1.627882364669,-34.73752107979,1.5));
#6375 = CARTESIAN_POINT('',(-1.52300413297,-34.81877654438,1.5));
#6376 = CARTESIAN_POINT('',(-1.424132154766,-34.90693069751,1.5));
#6377 = CARTESIAN_POINT('',(-1.293376925994,-35.04067731223,1.5));
#6378 = CARTESIAN_POINT('',(-1.256039122511,-35.08112747589,1.5));
#6379 = CARTESIAN_POINT('',(-1.219892565902,-35.12261270248,1.5));
#6380 = CARTESIAN_POINT('',(-1.18497665678,-35.16508177092,1.5));
#6381 = CARTESIAN_POINT('',(-1.104949887174,-35.26829552614,1.5));
#6382 = CARTESIAN_POINT('',(-1.060978190206,-35.32987696621,1.5));
#6383 = CARTESIAN_POINT('',(-1.019506348387,-35.39308351753,1.5));
#6384 = CARTESIAN_POINT('',(-0.980614157142,-35.45776577061,1.5));
#6385 = CARTESIAN_POINT('',(-0.895315195389,-35.61308267275,1.5));
#6386 = CARTESIAN_POINT('',(-0.851106580144,-35.70481463978,1.5));
#6387 = CARTESIAN_POINT('',(-0.811904107523,-35.7985710824,1.5));
#6388 = CARTESIAN_POINT('',(-0.777815818391,-35.89394475132,1.5));
#6389 = CARTESIAN_POINT('',(-0.70835853513,-36.12586425289,1.5));
#6390 = CARTESIAN_POINT('',(-0.677971777376,-36.26356874994,1.5));
#6391 = CARTESIAN_POINT('',(-0.657881116719,-36.4024536791,1.5));
#6392 = CARTESIAN_POINT('',(-0.648001016002,-36.54134178838,1.5));
#6393 = CARTESIAN_POINT('',(-0.648001016002,-36.67907035814,1.5));
#6394 = ORIENTED_EDGE('',*,*,#3150,.T.);
#6395 = ORIENTED_EDGE('',*,*,#6252,.F.);
#6396 = ORIENTED_EDGE('',*,*,#94,.T.);
#6397 = ( BOUNDED_SURFACE() B_SPLINE_SURFACE(2,1,(
    (#6398,#6399)
    ,(#6400,#6401)
    ,(#6402,#6403)
    ,(#6404,#6405)
    ,(#6406,#6407)
    ,(#6408,#6409)
    ,(#6410,#6411
)),.UNSPECIFIED.,.T.,.F.,.F.) B_SPLINE_SURFACE_WITH_KNOTS((1,2,2,2,2,1),
  (2,2),(-2.094395102394,0.,2.094395102393,4.188790204786,6.28318530718,
    8.377580409573),(0.,118.1102),.UNSPECIFIED.) 
GEOMETRIC_REPRESENTATION_ITEM() RATIONAL_B_SPLINE_SURFACE((
    (1.,1.)
    ,(0.5,0.5)
    ,(1.,1.)
    ,(0.5,0.5)
    ,(1.,1.)
    ,(0.5,0.5)
,(1.,1.))) REPRESENTATION_ITEM('') SURFACE() );
#6398 = CARTESIAN_POINT('',(-0.648001016002,-36.67907035814,-1.5));
#6399 = CARTESIAN_POINT('',(-0.648001016002,-36.67907035814,
    1.50000508001));
#6400 = CARTESIAN_POINT('',(-0.648001016002,-32.52213962114,-1.5));
#6401 = CARTESIAN_POINT('',(-0.648001016002,-32.52213962114,
    1.50000508001));
#6402 = CARTESIAN_POINT('',(-4.248008636017,-34.60060498964,-1.5));
#6403 = CARTESIAN_POINT('',(-4.248008636017,-34.60060498964,
    1.50000508001));
#6404 = CARTESIAN_POINT('',(-7.848016256033,-36.67907035814,-1.5));
#6405 = CARTESIAN_POINT('',(-7.848016256033,-36.67907035814,
    1.50000508001));
#6406 = CARTESIAN_POINT('',(-4.248008636017,-38.75753572664,-1.5));
#6407 = CARTESIAN_POINT('',(-4.248008636017,-38.75753572664,
    1.50000508001));
#6408 = CARTESIAN_POINT('',(-0.648001016002,-40.83600109514,-1.5));
#6409 = CARTESIAN_POINT('',(-0.648001016002,-40.83600109514,
    1.50000508001));
#6410 = CARTESIAN_POINT('',(-0.648001016002,-36.67907035814,-1.5));
#6411 = CARTESIAN_POINT('',(-0.648001016002,-36.67907035814,
    1.50000508001));
#6412 = ADVANCED_FACE('',(#6413),#6693,.F.);
#6413 = FACE_BOUND('',#6414,.F.);
#6414 = EDGE_LOOP('',(#6415,#6554,#6555,#6556));
#6415 = ORIENTED_EDGE('',*,*,#6416,.F.);
#6416 = EDGE_CURVE('',#3000,#6417,#6419,.T.);
#6417 = VERTEX_POINT('',#6418);
#6418 = CARTESIAN_POINT('',(-0.648001016002,-35.17907035814,1.5));
#6419 = B_SPLINE_CURVE_WITH_KNOTS('',5,(#6420,#6421,#6422,#6423,#6424,
    #6425,#6426,#6427,#6428,#6429,#6430,#6431,#6432,#6433,#6434,#6435,
    #6436,#6437,#6438,#6439,#6440,#6441,#6442,#6443,#6444,#6445,#6446,
    #6447,#6448,#6449,#6450,#6451,#6452,#6453,#6454,#6455,#6456,#6457,
    #6458,#6459,#6460,#6461,#6462,#6463,#6464,#6465,#6466,#6467,#6468,
    #6469,#6470,#6471,#6472,#6473,#6474,#6475,#6476,#6477,#6478,#6479,
    #6480,#6481,#6482,#6483,#6484,#6485,#6486,#6487,#6488,#6489,#6490,
    #6491,#6492,#6493,#6494,#6495,#6496,#6497,#6498,#6499,#6500,#6501,
    #6502,#6503,#6504,#6505,#6506,#6507,#6508,#6509,#6510,#6511,#6512,
    #6513,#6514,#6515,#6516,#6517,#6518,#6519,#6520,#6521,#6522,#6523,
    #6524,#6525,#6526,#6527,#6528,#6529,#6530,#6531,#6532,#6533,#6534,
    #6535,#6536,#6537,#6538,#6539,#6540,#6541,#6542,#6543,#6544,#6545,
    #6546,#6547,#6548,#6549,#6550,#6551,#6552,#6553),.UNSPECIFIED.,.T.,
  .F.,(1,5,4,4,4,4,4,4,4,4,4,4,4,4,4,4,4,4,4,4,4,4,4,4,4,4,4,4,4,4,4,4,4
    ,4,5,1),(-4.804752E-02,0.,4.715870798069E-02,8.0804391989E-02,
    0.105667032318,0.123706256764,0.166954630089,0.216587564542,
    0.237626991584,0.266147690298,0.305421423566,0.332899806481,
    0.339728799835,0.360795194315,0.399370915715,0.427380462259,
    0.446996562307,0.496766345683,0.546536129059,0.566152229107,
    0.594161775651,0.632737497051,0.646910086703,0.65386824611,
    0.660825947217,0.68882222212,0.728836157307,0.757894392797,
    0.779330355207,0.829898734046,0.87396222033,0.892341434572,
    0.917672667331,0.95195248,1.,1.047158707981),.UNSPECIFIED.);
#6420 = CARTESIAN_POINT('',(-0.648001016002,-35.17907035814,1.5));
#6421 = CARTESIAN_POINT('',(-0.648001016002,-35.31679892789,1.5));
#6422 = CARTESIAN_POINT('',(-0.657881116719,-35.45568703717,1.5));
#6423 = CARTESIAN_POINT('',(-0.677971777376,-35.59457196633,1.5));
#6424 = CARTESIAN_POINT('',(-0.70835853513,-35.73227646338,1.5));
#6425 = CARTESIAN_POINT('',(-0.777815818391,-35.96419596495,1.5));
#6426 = CARTESIAN_POINT('',(-0.811904107523,-36.05956963387,1.5));
#6427 = CARTESIAN_POINT('',(-0.851106580144,-36.15332607649,1.5));
#6428 = CARTESIAN_POINT('',(-0.895315195389,-36.24505804352,1.5));
#6429 = CARTESIAN_POINT('',(-0.980614157142,-36.40037494566,1.5));
#6430 = CARTESIAN_POINT('',(-1.019506348387,-36.46505719874,1.5));
#6431 = CARTESIAN_POINT('',(-1.060978190206,-36.52826375006,1.5));
#6432 = CARTESIAN_POINT('',(-1.104949887174,-36.58984519013,1.5));
#6433 = CARTESIAN_POINT('',(-1.184976656779,-36.69305894536,1.5));
#6434 = CARTESIAN_POINT('',(-1.219892565902,-36.73552801379,1.5));
#6435 = CARTESIAN_POINT('',(-1.256039122511,-36.77701324038,1.5));
#6436 = CARTESIAN_POINT('',(-1.293376925993,-36.81746340404,1.5));
#6437 = CARTESIAN_POINT('',(-1.424132154766,-36.95121001876,1.5));
#6438 = CARTESIAN_POINT('',(-1.52300413297,-37.03936417189,1.5));
#6439 = CARTESIAN_POINT('',(-1.627882364668,-37.12061963648,1.5));
#6440 = CARTESIAN_POINT('',(-1.738076359183,-37.19441464794,1.5));
#6441 = CARTESIAN_POINT('',(-1.984474288841,-37.33591485936,1.5));
#6442 = CARTESIAN_POINT('',(-2.122125352309,-37.4011176869,1.5));
#6443 = CARTESIAN_POINT('',(-2.264577516705,-37.45523285817,1.5));
#6444 = CARTESIAN_POINT('',(-2.410559660681,-37.49781804063,1.5));
#6445 = CARTESIAN_POINT('',(-2.621529820999,-37.54175063665,1.5));
#6446 = CARTESIAN_POINT('',(-2.684729537699,-37.55272180818,1.5));
#6447 = CARTESIAN_POINT('',(-2.748220639587,-37.56157020064,1.5));
#6448 = CARTESIAN_POINT('',(-2.811900790893,-37.56828903358,1.5));
#6449 = CARTESIAN_POINT('',(-2.962107519547,-37.57910296255,1.5));
#6450 = CARTESIAN_POINT('',(-3.048706847642,-37.58141563365,1.5));
#6451 = CARTESIAN_POINT('',(-3.13520791925,-37.57982149905,1.5));
#6452 = CARTESIAN_POINT('',(-3.221356801677,-37.5743528436,1.5));
#6453 = CARTESIAN_POINT('',(-3.424701685991,-37.55228859232,1.5));
#6454 = CARTESIAN_POINT('',(-3.541360212592,-37.53227486254,1.5));
#6455 = CARTESIAN_POINT('',(-3.656221134419,-37.50518927994,1.5));
#6456 = CARTESIAN_POINT('',(-3.768662771618,-37.47129278049,1.5));
#6457 = CARTESIAN_POINT('',(-3.954678520929,-37.40272268635,1.5));
#6458 = CARTESIAN_POINT('',(-4.029784842507,-37.37133960687,1.5));
#6459 = CARTESIAN_POINT('',(-4.103226502983,-37.33692470561,1.5));
#6460 = CARTESIAN_POINT('',(-4.174821749951,-37.29962541841,1.5));
#6461 = CARTESIAN_POINT('',(-4.261698030947,-37.24966790625,1.5));
#6462 = CARTESIAN_POINT('',(-4.278968137565,-37.23949810476,1.5));
#6463 = CARTESIAN_POINT('',(-4.296239907835,-37.22908283562,1.5));
#6464 = CARTESIAN_POINT('',(-4.313513366429,-37.21841641145,1.5));
#6465 = CARTESIAN_POINT('',(-4.383979564797,-37.17385447804,1.5));
#6466 = CARTESIAN_POINT('',(-4.436279263985,-37.1383377711,1.5));
#6467 = CARTESIAN_POINT('',(-4.487555735903,-37.10099071025,1.5));
#6468 = CARTESIAN_POINT('',(-4.537706203168,-37.06185609183,1.5));
#6469 = CARTESIAN_POINT('',(-4.676223803931,-36.94614675681,1.5));
#6470 = CARTESIAN_POINT('',(-4.761712001972,-36.86548665883,1.5));
#6471 = CARTESIAN_POINT('',(-4.84249166977,-36.77932782033,1.5));
#6472 = CARTESIAN_POINT('',(-4.918026054649,-36.68808034026,1.5));
#6473 = CARTESIAN_POINT('',(-5.038546011574,-36.52264340779,1.5));
#6474 = CARTESIAN_POINT('',(-5.086233064055,-36.45062627168,1.5));
#6475 = CARTESIAN_POINT('',(-5.130731759963,-36.37637163951,1.5));
#6476 = CARTESIAN_POINT('',(-5.171887489172,-36.30008399668,1.5));
#6477 = CARTESIAN_POINT('',(-5.235958556292,-36.16728918272,1.5));
#6478 = CARTESIAN_POINT('',(-5.260644286254,-36.11170475509,1.5));
#6479 = CARTESIAN_POINT('',(-5.283581084554,-36.05530742482,1.5));
#6480 = CARTESIAN_POINT('',(-5.304730023138,-35.99817599623,1.5));
#6481 = CARTESIAN_POINT('',(-5.373097647225,-35.79378375878,1.5));
#6482 = CARTESIAN_POINT('',(-5.410418254971,-35.64296898412,1.5));
#6483 = CARTESIAN_POINT('',(-5.435479771109,-35.48929833407,1.5));
#6484 = CARTESIAN_POINT('',(-5.448011176022,-35.3341809746,1.5));
#6485 = CARTESIAN_POINT('',(-5.448011176022,-35.02395974167,1.5));
#6486 = CARTESIAN_POINT('',(-5.435479771109,-34.86884238221,1.5));
#6487 = CARTESIAN_POINT('',(-5.410418254972,-34.71517173215,1.5));
#6488 = CARTESIAN_POINT('',(-5.373097647226,-34.56435695749,1.5));
#6489 = CARTESIAN_POINT('',(-5.304730023139,-34.35996472005,1.5));
#6490 = CARTESIAN_POINT('',(-5.283581084555,-34.30283329146,1.5));
#6491 = CARTESIAN_POINT('',(-5.260644286255,-34.24643596118,1.5));
#6492 = CARTESIAN_POINT('',(-5.235958556293,-34.19085153356,1.5));
#6493 = CARTESIAN_POINT('',(-5.171887489173,-34.05805671959,1.5));
#6494 = CARTESIAN_POINT('',(-5.130731759965,-33.98176907676,1.5));
#6495 = CARTESIAN_POINT('',(-5.086233064056,-33.90751444459,1.5));
#6496 = CARTESIAN_POINT('',(-5.038546011575,-33.83549730848,1.5));
#6497 = CARTESIAN_POINT('',(-4.918026054651,-33.67006037601,1.5));
#6498 = CARTESIAN_POINT('',(-4.842491669772,-33.57881289594,1.5));
#6499 = CARTESIAN_POINT('',(-4.761712001973,-33.49265405745,1.5));
#6500 = CARTESIAN_POINT('',(-4.676223803933,-33.41199395947,1.5));
#6501 = CARTESIAN_POINT('',(-4.553716924635,-33.30965902541,1.5));
#6502 = CARTESIAN_POINT('',(-4.520247329502,-33.28294884637,1.5));
#6503 = CARTESIAN_POINT('',(-4.486253540947,-33.25703998978,1.5));
#6504 = CARTESIAN_POINT('',(-4.451766393231,-33.23194640935,1.5));
#6505 = CARTESIAN_POINT('',(-4.399659333491,-33.19576648431,1.5));
#6506 = CARTESIAN_POINT('',(-4.382468992725,-33.18410724933,1.5));
#6507 = CARTESIAN_POINT('',(-4.36525258413,-33.17270028433,1.5));
#6508 = CARTESIAN_POINT('',(-4.34801577606,-33.16154319269,1.5));
#6509 = CARTESIAN_POINT('',(-4.313513366431,-33.13972430482,1.5));
#6510 = CARTESIAN_POINT('',(-4.296239907837,-33.12905788065,1.5));
#6511 = CARTESIAN_POINT('',(-4.278968137566,-33.11864261151,1.5));
#6512 = CARTESIAN_POINT('',(-4.261698030949,-33.10847281002,1.5));
#6513 = CARTESIAN_POINT('',(-4.174821749952,-33.05851529786,1.5));
#6514 = CARTESIAN_POINT('',(-4.103226502984,-33.02121601067,1.5));
#6515 = CARTESIAN_POINT('',(-4.029784842508,-32.98680110941,1.5));
#6516 = CARTESIAN_POINT('',(-3.95467852093,-32.95541802993,1.5));
#6517 = CARTESIAN_POINT('',(-3.76866277162,-32.88684793578,1.5));
#6518 = CARTESIAN_POINT('',(-3.656221134421,-32.85295143633,1.5));
#6519 = CARTESIAN_POINT('',(-3.541360212594,-32.82586585373,1.5));
#6520 = CARTESIAN_POINT('',(-3.424701685993,-32.80585212395,1.5));
#6521 = CARTESIAN_POINT('',(-3.221356801679,-32.78378787267,1.5));
#6522 = CARTESIAN_POINT('',(-3.135207919252,-32.77831921723,1.5));
#6523 = CARTESIAN_POINT('',(-3.048706847644,-32.77672508262,1.5));
#6524 = CARTESIAN_POINT('',(-2.962107519548,-32.77903775372,1.5));
#6525 = CARTESIAN_POINT('',(-2.811900790894,-32.78985168269,1.5));
#6526 = CARTESIAN_POINT('',(-2.748220639589,-32.79657051563,1.5));
#6527 = CARTESIAN_POINT('',(-2.684729537701,-32.80541890809,1.5));
#6528 = CARTESIAN_POINT('',(-2.621529821,-32.81639007962,1.5));
#6529 = CARTESIAN_POINT('',(-2.410559660682,-32.86032267564,1.5));
#6530 = CARTESIAN_POINT('',(-2.264577516706,-32.9029078581,1.5));
#6531 = CARTESIAN_POINT('',(-2.12212535231,-32.95702302937,1.5));
#6532 = CARTESIAN_POINT('',(-1.984474288842,-33.02222585692,1.5));
#6533 = CARTESIAN_POINT('',(-1.738076359183,-33.16372606833,1.5));
#6534 = CARTESIAN_POINT('',(-1.627882364669,-33.23752107979,1.5));
#6535 = CARTESIAN_POINT('',(-1.52300413297,-33.31877654438,1.5));
#6536 = CARTESIAN_POINT('',(-1.424132154766,-33.40693069751,1.5));
#6537 = CARTESIAN_POINT('',(-1.293376925994,-33.54067731223,1.5));
#6538 = CARTESIAN_POINT('',(-1.256039122511,-33.58112747589,1.5));
#6539 = CARTESIAN_POINT('',(-1.219892565902,-33.62261270248,1.5));
#6540 = CARTESIAN_POINT('',(-1.18497665678,-33.66508177092,1.5));
#6541 = CARTESIAN_POINT('',(-1.104949887174,-33.76829552614,1.5));
#6542 = CARTESIAN_POINT('',(-1.060978190206,-33.82987696621,1.5));
#6543 = CARTESIAN_POINT('',(-1.019506348387,-33.89308351753,1.5));
#6544 = CARTESIAN_POINT('',(-0.980614157142,-33.95776577061,1.5));
#6545 = CARTESIAN_POINT('',(-0.895315195389,-34.11308267275,1.5));
#6546 = CARTESIAN_POINT('',(-0.851106580144,-34.20481463978,1.5));
#6547 = CARTESIAN_POINT('',(-0.811904107523,-34.2985710824,1.5));
#6548 = CARTESIAN_POINT('',(-0.777815818391,-34.39394475132,1.5));
#6549 = CARTESIAN_POINT('',(-0.70835853513,-34.62586425289,1.5));
#6550 = CARTESIAN_POINT('',(-0.677971777376,-34.76356874994,1.5));
#6551 = CARTESIAN_POINT('',(-0.657881116719,-34.9024536791,1.5));
#6552 = CARTESIAN_POINT('',(-0.648001016002,-35.04134178838,1.5));
#6553 = CARTESIAN_POINT('',(-0.648001016002,-35.17907035814,1.5));
#6554 = ORIENTED_EDGE('',*,*,#2999,.F.);
#6555 = ORIENTED_EDGE('',*,*,#2985,.F.);
#6556 = ORIENTED_EDGE('',*,*,#6557,.F.);
#6557 = EDGE_CURVE('',#6417,#2986,#6558,.T.);
#6558 = B_SPLINE_CURVE_WITH_KNOTS('',5,(#6559,#6560,#6561,#6562,#6563,
    #6564,#6565,#6566,#6567,#6568,#6569,#6570,#6571,#6572,#6573,#6574,
    #6575,#6576,#6577,#6578,#6579,#6580,#6581,#6582,#6583,#6584,#6585,
    #6586,#6587,#6588,#6589,#6590,#6591,#6592,#6593,#6594,#6595,#6596,
    #6597,#6598,#6599,#6600,#6601,#6602,#6603,#6604,#6605,#6606,#6607,
    #6608,#6609,#6610,#6611,#6612,#6613,#6614,#6615,#6616,#6617,#6618,
    #6619,#6620,#6621,#6622,#6623,#6624,#6625,#6626,#6627,#6628,#6629,
    #6630,#6631,#6632,#6633,#6634,#6635,#6636,#6637,#6638,#6639,#6640,
    #6641,#6642,#6643,#6644,#6645,#6646,#6647,#6648,#6649,#6650,#6651,
    #6652,#6653,#6654,#6655,#6656,#6657,#6658,#6659,#6660,#6661,#6662,
    #6663,#6664,#6665,#6666,#6667,#6668,#6669,#6670,#6671,#6672,#6673,
    #6674,#6675,#6676,#6677,#6678,#6679,#6680,#6681,#6682,#6683,#6684,
    #6685,#6686,#6687,#6688,#6689,#6690,#6691,#6692),.UNSPECIFIED.,.T.,
  .F.,(1,5,4,4,4,4,4,4,4,4,4,4,4,4,4,4,4,4,4,4,4,4,4,4,4,4,4,4,4,4,4,4,4
    ,4,5,1),(-4.804752E-02,0.,4.715870798069E-02,8.0804391989E-02,
    0.105667032318,0.123706256764,0.166954630089,0.216587564542,
    0.237626991584,0.266147690298,0.305421423566,0.332899806481,
    0.339728799835,0.360795194315,0.399370915715,0.427380462259,
    0.446996562307,0.496766345683,0.546536129059,0.566152229107,
    0.594161775651,0.632737497051,0.646910086703,0.65386824611,
    0.660825947217,0.68882222212,0.728836157307,0.757894392797,
    0.779330355207,0.829898734046,0.87396222033,0.892341434572,
    0.917672667331,0.95195248,1.,1.047158707981),.UNSPECIFIED.);
#6559 = CARTESIAN_POINT('',(-0.648001016002,-35.17907035814,1.5));
#6560 = CARTESIAN_POINT('',(-0.648001016002,-35.31679892789,1.5));
#6561 = CARTESIAN_POINT('',(-0.657881116719,-35.45568703717,1.5));
#6562 = CARTESIAN_POINT('',(-0.677971777376,-35.59457196633,1.5));
#6563 = CARTESIAN_POINT('',(-0.70835853513,-35.73227646338,1.5));
#6564 = CARTESIAN_POINT('',(-0.777815818391,-35.96419596495,1.5));
#6565 = CARTESIAN_POINT('',(-0.811904107523,-36.05956963387,1.5));
#6566 = CARTESIAN_POINT('',(-0.851106580144,-36.15332607649,1.5));
#6567 = CARTESIAN_POINT('',(-0.895315195389,-36.24505804352,1.5));
#6568 = CARTESIAN_POINT('',(-0.980614157142,-36.40037494566,1.5));
#6569 = CARTESIAN_POINT('',(-1.019506348387,-36.46505719874,1.5));
#6570 = CARTESIAN_POINT('',(-1.060978190206,-36.52826375006,1.5));
#6571 = CARTESIAN_POINT('',(-1.104949887174,-36.58984519013,1.5));
#6572 = CARTESIAN_POINT('',(-1.184976656779,-36.69305894536,1.5));
#6573 = CARTESIAN_POINT('',(-1.219892565902,-36.73552801379,1.5));
#6574 = CARTESIAN_POINT('',(-1.256039122511,-36.77701324038,1.5));
#6575 = CARTESIAN_POINT('',(-1.293376925993,-36.81746340404,1.5));
#6576 = CARTESIAN_POINT('',(-1.424132154766,-36.95121001876,1.5));
#6577 = CARTESIAN_POINT('',(-1.52300413297,-37.03936417189,1.5));
#6578 = CARTESIAN_POINT('',(-1.627882364668,-37.12061963648,1.5));
#6579 = CARTESIAN_POINT('',(-1.738076359183,-37.19441464794,1.5));
#6580 = CARTESIAN_POINT('',(-1.984474288841,-37.33591485936,1.5));
#6581 = CARTESIAN_POINT('',(-2.122125352309,-37.4011176869,1.5));
#6582 = CARTESIAN_POINT('',(-2.264577516705,-37.45523285817,1.5));
#6583 = CARTESIAN_POINT('',(-2.410559660681,-37.49781804063,1.5));
#6584 = CARTESIAN_POINT('',(-2.621529820999,-37.54175063665,1.5));
#6585 = CARTESIAN_POINT('',(-2.684729537699,-37.55272180818,1.5));
#6586 = CARTESIAN_POINT('',(-2.748220639587,-37.56157020064,1.5));
#6587 = CARTESIAN_POINT('',(-2.811900790893,-37.56828903358,1.5));
#6588 = CARTESIAN_POINT('',(-2.962107519547,-37.57910296255,1.5));
#6589 = CARTESIAN_POINT('',(-3.048706847642,-37.58141563365,1.5));
#6590 = CARTESIAN_POINT('',(-3.13520791925,-37.57982149905,1.5));
#6591 = CARTESIAN_POINT('',(-3.221356801677,-37.5743528436,1.5));
#6592 = CARTESIAN_POINT('',(-3.424701685991,-37.55228859232,1.5));
#6593 = CARTESIAN_POINT('',(-3.541360212592,-37.53227486254,1.5));
#6594 = CARTESIAN_POINT('',(-3.656221134419,-37.50518927994,1.5));
#6595 = CARTESIAN_POINT('',(-3.768662771618,-37.47129278049,1.5));
#6596 = CARTESIAN_POINT('',(-3.954678520929,-37.40272268635,1.5));
#6597 = CARTESIAN_POINT('',(-4.029784842507,-37.37133960687,1.5));
#6598 = CARTESIAN_POINT('',(-4.103226502983,-37.33692470561,1.5));
#6599 = CARTESIAN_POINT('',(-4.174821749951,-37.29962541841,1.5));
#6600 = CARTESIAN_POINT('',(-4.261698030947,-37.24966790625,1.5));
#6601 = CARTESIAN_POINT('',(-4.278968137565,-37.23949810476,1.5));
#6602 = CARTESIAN_POINT('',(-4.296239907835,-37.22908283562,1.5));
#6603 = CARTESIAN_POINT('',(-4.313513366429,-37.21841641145,1.5));
#6604 = CARTESIAN_POINT('',(-4.383979564797,-37.17385447804,1.5));
#6605 = CARTESIAN_POINT('',(-4.436279263985,-37.1383377711,1.5));
#6606 = CARTESIAN_POINT('',(-4.487555735903,-37.10099071025,1.5));
#6607 = CARTESIAN_POINT('',(-4.537706203168,-37.06185609183,1.5));
#6608 = CARTESIAN_POINT('',(-4.676223803931,-36.94614675681,1.5));
#6609 = CARTESIAN_POINT('',(-4.761712001972,-36.86548665883,1.5));
#6610 = CARTESIAN_POINT('',(-4.84249166977,-36.77932782033,1.5));
#6611 = CARTESIAN_POINT('',(-4.918026054649,-36.68808034026,1.5));
#6612 = CARTESIAN_POINT('',(-5.038546011574,-36.52264340779,1.5));
#6613 = CARTESIAN_POINT('',(-5.086233064055,-36.45062627168,1.5));
#6614 = CARTESIAN_POINT('',(-5.130731759963,-36.37637163951,1.5));
#6615 = CARTESIAN_POINT('',(-5.171887489172,-36.30008399668,1.5));
#6616 = CARTESIAN_POINT('',(-5.235958556292,-36.16728918272,1.5));
#6617 = CARTESIAN_POINT('',(-5.260644286254,-36.11170475509,1.5));
#6618 = CARTESIAN_POINT('',(-5.283581084554,-36.05530742482,1.5));
#6619 = CARTESIAN_POINT('',(-5.304730023138,-35.99817599623,1.5));
#6620 = CARTESIAN_POINT('',(-5.373097647225,-35.79378375878,1.5));
#6621 = CARTESIAN_POINT('',(-5.410418254971,-35.64296898412,1.5));
#6622 = CARTESIAN_POINT('',(-5.435479771109,-35.48929833407,1.5));
#6623 = CARTESIAN_POINT('',(-5.448011176022,-35.3341809746,1.5));
#6624 = CARTESIAN_POINT('',(-5.448011176022,-35.02395974167,1.5));
#6625 = CARTESIAN_POINT('',(-5.435479771109,-34.86884238221,1.5));
#6626 = CARTESIAN_POINT('',(-5.410418254972,-34.71517173215,1.5));
#6627 = CARTESIAN_POINT('',(-5.373097647226,-34.56435695749,1.5));
#6628 = CARTESIAN_POINT('',(-5.304730023139,-34.35996472005,1.5));
#6629 = CARTESIAN_POINT('',(-5.283581084555,-34.30283329146,1.5));
#6630 = CARTESIAN_POINT('',(-5.260644286255,-34.24643596118,1.5));
#6631 = CARTESIAN_POINT('',(-5.235958556293,-34.19085153356,1.5));
#6632 = CARTESIAN_POINT('',(-5.171887489173,-34.05805671959,1.5));
#6633 = CARTESIAN_POINT('',(-5.130731759965,-33.98176907676,1.5));
#6634 = CARTESIAN_POINT('',(-5.086233064056,-33.90751444459,1.5));
#6635 = CARTESIAN_POINT('',(-5.038546011575,-33.83549730848,1.5));
#6636 = CARTESIAN_POINT('',(-4.918026054651,-33.67006037601,1.5));
#6637 = CARTESIAN_POINT('',(-4.842491669772,-33.57881289594,1.5));
#6638 = CARTESIAN_POINT('',(-4.761712001973,-33.49265405745,1.5));
#6639 = CARTESIAN_POINT('',(-4.676223803933,-33.41199395947,1.5));
#6640 = CARTESIAN_POINT('',(-4.553716924635,-33.30965902541,1.5));
#6641 = CARTESIAN_POINT('',(-4.520247329502,-33.28294884637,1.5));
#6642 = CARTESIAN_POINT('',(-4.486253540947,-33.25703998978,1.5));
#6643 = CARTESIAN_POINT('',(-4.451766393231,-33.23194640935,1.5));
#6644 = CARTESIAN_POINT('',(-4.399659333491,-33.19576648431,1.5));
#6645 = CARTESIAN_POINT('',(-4.382468992725,-33.18410724933,1.5));
#6646 = CARTESIAN_POINT('',(-4.36525258413,-33.17270028433,1.5));
#6647 = CARTESIAN_POINT('',(-4.34801577606,-33.16154319269,1.5));
#6648 = CARTESIAN_POINT('',(-4.313513366431,-33.13972430482,1.5));
#6649 = CARTESIAN_POINT('',(-4.296239907837,-33.12905788065,1.5));
#6650 = CARTESIAN_POINT('',(-4.278968137566,-33.11864261151,1.5));
#6651 = CARTESIAN_POINT('',(-4.261698030949,-33.10847281002,1.5));
#6652 = CARTESIAN_POINT('',(-4.174821749952,-33.05851529786,1.5));
#6653 = CARTESIAN_POINT('',(-4.103226502984,-33.02121601067,1.5));
#6654 = CARTESIAN_POINT('',(-4.029784842508,-32.98680110941,1.5));
#6655 = CARTESIAN_POINT('',(-3.95467852093,-32.95541802993,1.5));
#6656 = CARTESIAN_POINT('',(-3.76866277162,-32.88684793578,1.5));
#6657 = CARTESIAN_POINT('',(-3.656221134421,-32.85295143633,1.5));
#6658 = CARTESIAN_POINT('',(-3.541360212594,-32.82586585373,1.5));
#6659 = CARTESIAN_POINT('',(-3.424701685993,-32.80585212395,1.5));
#6660 = CARTESIAN_POINT('',(-3.221356801679,-32.78378787267,1.5));
#6661 = CARTESIAN_POINT('',(-3.135207919252,-32.77831921723,1.5));
#6662 = CARTESIAN_POINT('',(-3.048706847644,-32.77672508262,1.5));
#6663 = CARTESIAN_POINT('',(-2.962107519548,-32.77903775372,1.5));
#6664 = CARTESIAN_POINT('',(-2.811900790894,-32.78985168269,1.5));
#6665 = CARTESIAN_POINT('',(-2.748220639589,-32.79657051563,1.5));
#6666 = CARTESIAN_POINT('',(-2.684729537701,-32.80541890809,1.5));
#6667 = CARTESIAN_POINT('',(-2.621529821,-32.81639007962,1.5));
#6668 = CARTESIAN_POINT('',(-2.410559660682,-32.86032267564,1.5));
#6669 = CARTESIAN_POINT('',(-2.264577516706,-32.9029078581,1.5));
#6670 = CARTESIAN_POINT('',(-2.12212535231,-32.95702302937,1.5));
#6671 = CARTESIAN_POINT('',(-1.984474288842,-33.02222585692,1.5));
#6672 = CARTESIAN_POINT('',(-1.738076359183,-33.16372606833,1.5));
#6673 = CARTESIAN_POINT('',(-1.627882364669,-33.23752107979,1.5));
#6674 = CARTESIAN_POINT('',(-1.52300413297,-33.31877654438,1.5));
#6675 = CARTESIAN_POINT('',(-1.424132154766,-33.40693069751,1.5));
#6676 = CARTESIAN_POINT('',(-1.293376925994,-33.54067731223,1.5));
#6677 = CARTESIAN_POINT('',(-1.256039122511,-33.58112747589,1.5));
#6678 = CARTESIAN_POINT('',(-1.219892565902,-33.62261270248,1.5));
#6679 = CARTESIAN_POINT('',(-1.18497665678,-33.66508177092,1.5));
#6680 = CARTESIAN_POINT('',(-1.104949887174,-33.76829552614,1.5));
#6681 = CARTESIAN_POINT('',(-1.060978190206,-33.82987696621,1.5));
#6682 = CARTESIAN_POINT('',(-1.019506348387,-33.89308351753,1.5));
#6683 = CARTESIAN_POINT('',(-0.980614157142,-33.95776577061,1.5));
#6684 = CARTESIAN_POINT('',(-0.895315195389,-34.11308267275,1.5));
#6685 = CARTESIAN_POINT('',(-0.851106580144,-34.20481463978,1.5));
#6686 = CARTESIAN_POINT('',(-0.811904107523,-34.2985710824,1.5));
#6687 = CARTESIAN_POINT('',(-0.777815818391,-34.39394475132,1.5));
#6688 = CARTESIAN_POINT('',(-0.70835853513,-34.62586425289,1.5));
#6689 = CARTESIAN_POINT('',(-0.677971777376,-34.76356874994,1.5));
#6690 = CARTESIAN_POINT('',(-0.657881116719,-34.9024536791,1.5));
#6691 = CARTESIAN_POINT('',(-0.648001016002,-35.04134178838,1.5));
#6692 = CARTESIAN_POINT('',(-0.648001016002,-35.17907035814,1.5));
#6693 = ( BOUNDED_SURFACE() B_SPLINE_SURFACE(2,1,(
    (#6694,#6695)
    ,(#6696,#6697)
    ,(#6698,#6699)
    ,(#6700,#6701)
    ,(#6702,#6703)
    ,(#6704,#6705)
    ,(#6706,#6707
)),.UNSPECIFIED.,.T.,.F.,.F.) B_SPLINE_SURFACE_WITH_KNOTS((1,2,2,2,2,1),
  (2,2),(-2.094395102394,0.,2.094395102393,4.188790204786,6.28318530718,
    8.377580409573),(0.,118.1102),.UNSPECIFIED.) 
GEOMETRIC_REPRESENTATION_ITEM() RATIONAL_B_SPLINE_SURFACE((
    (1.,1.)
    ,(0.5,0.5)
    ,(1.,1.)
    ,(0.5,0.5)
    ,(1.,1.)
    ,(0.5,0.5)
,(1.,1.))) REPRESENTATION_ITEM('') SURFACE() );
#6694 = CARTESIAN_POINT('',(-0.648001016002,-35.17907035814,-1.5));
#6695 = CARTESIAN_POINT('',(-0.648001016002,-35.17907035814,
    1.50000508001));
#6696 = CARTESIAN_POINT('',(-0.648001016002,-31.02213962114,-1.5));
#6697 = CARTESIAN_POINT('',(-0.648001016002,-31.02213962114,
    1.50000508001));
#6698 = CARTESIAN_POINT('',(-4.248008636017,-33.10060498964,-1.5));
#6699 = CARTESIAN_POINT('',(-4.248008636017,-33.10060498964,
    1.50000508001));
#6700 = CARTESIAN_POINT('',(-7.848016256033,-35.17907035814,-1.5));
#6701 = CARTESIAN_POINT('',(-7.848016256033,-35.17907035814,
    1.50000508001));
#6702 = CARTESIAN_POINT('',(-4.248008636017,-37.25753572664,-1.5));
#6703 = CARTESIAN_POINT('',(-4.248008636017,-37.25753572664,
    1.50000508001));
#6704 = CARTESIAN_POINT('',(-0.648001016002,-39.33600109514,-1.5));
#6705 = CARTESIAN_POINT('',(-0.648001016002,-39.33600109514,
    1.50000508001));
#6706 = CARTESIAN_POINT('',(-0.648001016002,-35.17907035814,-1.5));
#6707 = CARTESIAN_POINT('',(-0.648001016002,-35.17907035814,
    1.50000508001));
#6708 = ADVANCED_FACE('',(#6709),#6989,.F.);
#6709 = FACE_BOUND('',#6710,.F.);
#6710 = EDGE_LOOP('',(#6711,#6850,#6851,#6852));
#6711 = ORIENTED_EDGE('',*,*,#6712,.F.);
#6712 = EDGE_CURVE('',#3354,#6713,#6715,.T.);
#6713 = VERTEX_POINT('',#6714);
#6714 = CARTESIAN_POINT('',(-87.64317500635,-35.17907035814,1.5));
#6715 = B_SPLINE_CURVE_WITH_KNOTS('',5,(#6716,#6717,#6718,#6719,#6720,
    #6721,#6722,#6723,#6724,#6725,#6726,#6727,#6728,#6729,#6730,#6731,
    #6732,#6733,#6734,#6735,#6736,#6737,#6738,#6739,#6740,#6741,#6742,
    #6743,#6744,#6745,#6746,#6747,#6748,#6749,#6750,#6751,#6752,#6753,
    #6754,#6755,#6756,#6757,#6758,#6759,#6760,#6761,#6762,#6763,#6764,
    #6765,#6766,#6767,#6768,#6769,#6770,#6771,#6772,#6773,#6774,#6775,
    #6776,#6777,#6778,#6779,#6780,#6781,#6782,#6783,#6784,#6785,#6786,
    #6787,#6788,#6789,#6790,#6791,#6792,#6793,#6794,#6795,#6796,#6797,
    #6798,#6799,#6800,#6801,#6802,#6803,#6804,#6805,#6806,#6807,#6808,
    #6809,#6810,#6811,#6812,#6813,#6814,#6815,#6816,#6817,#6818,#6819,
    #6820,#6821,#6822,#6823,#6824,#6825,#6826,#6827,#6828,#6829,#6830,
    #6831,#6832,#6833,#6834,#6835,#6836,#6837,#6838,#6839,#6840,#6841,
    #6842,#6843,#6844,#6845,#6846,#6847,#6848,#6849),.UNSPECIFIED.,.T.,
  .F.,(1,5,4,4,4,4,4,4,4,4,4,4,4,4,4,4,4,4,4,4,4,4,4,4,4,4,4,4,4,4,4,4,4
    ,4,5,1),(-4.804752E-02,0.,4.715870798066E-02,8.080439198896E-02,
    0.105667032318,0.123706256764,0.166954630089,0.216587564541,
    0.237626991583,0.266147690297,0.305421423565,0.332899806481,
    0.339728799834,0.360795194315,0.399370915715,0.427380462259,
    0.446996562307,0.496766345683,0.546536129058,0.566152229107,
    0.59416177565,0.632737497051,0.646910086703,0.65386824611,
    0.660825947217,0.68882222212,0.728836157307,0.757894392796,
    0.779330355206,0.829898734046,0.87396222033,0.892341434572,
    0.917672667331,0.95195248,1.,1.047158707981),.UNSPECIFIED.);
#6716 = CARTESIAN_POINT('',(-87.64317500635,-35.17907035814,1.5));
#6717 = CARTESIAN_POINT('',(-87.64317500635,-35.31679892789,1.5));
#6718 = CARTESIAN_POINT('',(-87.65305510706,-35.45568703717,1.5));
#6719 = CARTESIAN_POINT('',(-87.67314576772,-35.59457196633,1.5));
#6720 = CARTESIAN_POINT('',(-87.70353252547,-35.73227646338,1.5));
#6721 = CARTESIAN_POINT('',(-87.77298980873,-35.96419596495,1.5));
#6722 = CARTESIAN_POINT('',(-87.80707809787,-36.05956963387,1.5));
#6723 = CARTESIAN_POINT('',(-87.84628057049,-36.15332607649,1.5));
#6724 = CARTESIAN_POINT('',(-87.89048918573,-36.24505804352,1.5));
#6725 = CARTESIAN_POINT('',(-87.97578814748,-36.40037494566,1.5));
#6726 = CARTESIAN_POINT('',(-88.01468033873,-36.46505719874,1.5));
#6727 = CARTESIAN_POINT('',(-88.05615218055,-36.52826375006,1.5));
#6728 = CARTESIAN_POINT('',(-88.10012387752,-36.58984519013,1.5));
#6729 = CARTESIAN_POINT('',(-88.18015064712,-36.69305894536,1.5));
#6730 = CARTESIAN_POINT('',(-88.21506655624,-36.73552801379,1.5));
#6731 = CARTESIAN_POINT('',(-88.25121311285,-36.77701324038,1.5));
#6732 = CARTESIAN_POINT('',(-88.28855091634,-36.81746340404,1.5));
#6733 = CARTESIAN_POINT('',(-88.41930614511,-36.95121001876,1.5));
#6734 = CARTESIAN_POINT('',(-88.51817812331,-37.03936417189,1.5));
#6735 = CARTESIAN_POINT('',(-88.62305635501,-37.12061963648,1.5));
#6736 = CARTESIAN_POINT('',(-88.73325034952,-37.19441464794,1.5));
#6737 = CARTESIAN_POINT('',(-88.97964827918,-37.33591485936,1.5));
#6738 = CARTESIAN_POINT('',(-89.11729934265,-37.4011176869,1.5));
#6739 = CARTESIAN_POINT('',(-89.25975150705,-37.45523285817,1.5));
#6740 = CARTESIAN_POINT('',(-89.40573365102,-37.49781804063,1.5));
#6741 = CARTESIAN_POINT('',(-89.61670381134,-37.54175063665,1.5));
#6742 = CARTESIAN_POINT('',(-89.67990352804,-37.55272180818,1.5));
#6743 = CARTESIAN_POINT('',(-89.74339462993,-37.56157020064,1.5));
#6744 = CARTESIAN_POINT('',(-89.80707478123,-37.56828903358,1.5));
#6745 = CARTESIAN_POINT('',(-89.95728150989,-37.57910296255,1.5));
#6746 = CARTESIAN_POINT('',(-90.04388083798,-37.58141563365,1.5));
#6747 = CARTESIAN_POINT('',(-90.13038190959,-37.57982149905,1.5));
#6748 = CARTESIAN_POINT('',(-90.21653079202,-37.5743528436,1.5));
#6749 = CARTESIAN_POINT('',(-90.41987567633,-37.55228859232,1.5));
#6750 = CARTESIAN_POINT('',(-90.53653420293,-37.53227486254,1.5));
#6751 = CARTESIAN_POINT('',(-90.65139512476,-37.50518927994,1.5));
#6752 = CARTESIAN_POINT('',(-90.76383676196,-37.47129278049,1.5));
#6753 = CARTESIAN_POINT('',(-90.94985251127,-37.40272268635,1.5));
#6754 = CARTESIAN_POINT('',(-91.02495883285,-37.37133960687,1.5));
#6755 = CARTESIAN_POINT('',(-91.09840049332,-37.33692470561,1.5));
#6756 = CARTESIAN_POINT('',(-91.16999574029,-37.29962541841,1.5));
#6757 = CARTESIAN_POINT('',(-91.25687202129,-37.24966790625,1.5));
#6758 = CARTESIAN_POINT('',(-91.2741421279,-37.23949810476,1.5));
#6759 = CARTESIAN_POINT('',(-91.29141389817,-37.22908283562,1.5));
#6760 = CARTESIAN_POINT('',(-91.30868735677,-37.21841641145,1.5));
#6761 = CARTESIAN_POINT('',(-91.37915355514,-37.17385447804,1.5));
#6762 = CARTESIAN_POINT('',(-91.43145325432,-37.1383377711,1.5));
#6763 = CARTESIAN_POINT('',(-91.48272972624,-37.10099071025,1.5));
#6764 = CARTESIAN_POINT('',(-91.53288019351,-37.06185609183,1.5));
#6765 = CARTESIAN_POINT('',(-91.67139779427,-36.94614675681,1.5));
#6766 = CARTESIAN_POINT('',(-91.75688599231,-36.86548665883,1.5));
#6767 = CARTESIAN_POINT('',(-91.83766566011,-36.77932782033,1.5));
#6768 = CARTESIAN_POINT('',(-91.91320004499,-36.68808034026,1.5));
#6769 = CARTESIAN_POINT('',(-92.03372000191,-36.52264340779,1.5));
#6770 = CARTESIAN_POINT('',(-92.08140705439,-36.45062627168,1.5));
#6771 = CARTESIAN_POINT('',(-92.1259057503,-36.37637163951,1.5));
#6772 = CARTESIAN_POINT('',(-92.16706147951,-36.30008399668,1.5));
#6773 = CARTESIAN_POINT('',(-92.23113254663,-36.16728918272,1.5));
#6774 = CARTESIAN_POINT('',(-92.25581827659,-36.11170475509,1.5));
#6775 = CARTESIAN_POINT('',(-92.27875507489,-36.05530742482,1.5));
#6776 = CARTESIAN_POINT('',(-92.29990401348,-35.99817599623,1.5));
#6777 = CARTESIAN_POINT('',(-92.36827163757,-35.79378375878,1.5));
#6778 = CARTESIAN_POINT('',(-92.40559224531,-35.64296898412,1.5));
#6779 = CARTESIAN_POINT('',(-92.43065376145,-35.48929833407,1.5));
#6780 = CARTESIAN_POINT('',(-92.44318516636,-35.3341809746,1.5));
#6781 = CARTESIAN_POINT('',(-92.44318516636,-35.02395974167,1.5));
#6782 = CARTESIAN_POINT('',(-92.43065376145,-34.86884238221,1.5));
#6783 = CARTESIAN_POINT('',(-92.40559224531,-34.71517173215,1.5));
#6784 = CARTESIAN_POINT('',(-92.36827163757,-34.56435695749,1.5));
#6785 = CARTESIAN_POINT('',(-92.29990401348,-34.35996472005,1.5));
#6786 = CARTESIAN_POINT('',(-92.27875507489,-34.30283329146,1.5));
#6787 = CARTESIAN_POINT('',(-92.25581827659,-34.24643596118,1.5));
#6788 = CARTESIAN_POINT('',(-92.23113254663,-34.19085153356,1.5));
#6789 = CARTESIAN_POINT('',(-92.16706147951,-34.05805671959,1.5));
#6790 = CARTESIAN_POINT('',(-92.1259057503,-33.98176907676,1.5));
#6791 = CARTESIAN_POINT('',(-92.0814070544,-33.90751444459,1.5));
#6792 = CARTESIAN_POINT('',(-92.03372000191,-33.83549730848,1.5));
#6793 = CARTESIAN_POINT('',(-91.91320004499,-33.67006037601,1.5));
#6794 = CARTESIAN_POINT('',(-91.83766566011,-33.57881289594,1.5));
#6795 = CARTESIAN_POINT('',(-91.75688599231,-33.49265405745,1.5));
#6796 = CARTESIAN_POINT('',(-91.67139779427,-33.41199395947,1.5));
#6797 = CARTESIAN_POINT('',(-91.54889091497,-33.30965902541,1.5));
#6798 = CARTESIAN_POINT('',(-91.51542131984,-33.28294884637,1.5));
#6799 = CARTESIAN_POINT('',(-91.48142753129,-33.25703998978,1.5));
#6800 = CARTESIAN_POINT('',(-91.44694038357,-33.23194640935,1.5));
#6801 = CARTESIAN_POINT('',(-91.39483332383,-33.19576648431,1.5));
#6802 = CARTESIAN_POINT('',(-91.37764298306,-33.18410724933,1.5));
#6803 = CARTESIAN_POINT('',(-91.36042657447,-33.17270028433,1.5));
#6804 = CARTESIAN_POINT('',(-91.3431897664,-33.16154319269,1.5));
#6805 = CARTESIAN_POINT('',(-91.30868735677,-33.13972430482,1.5));
#6806 = CARTESIAN_POINT('',(-91.29141389818,-33.12905788065,1.5));
#6807 = CARTESIAN_POINT('',(-91.2741421279,-33.11864261151,1.5));
#6808 = CARTESIAN_POINT('',(-91.25687202129,-33.10847281002,1.5));
#6809 = CARTESIAN_POINT('',(-91.16999574029,-33.05851529786,1.5));
#6810 = CARTESIAN_POINT('',(-91.09840049332,-33.02121601067,1.5));
#6811 = CARTESIAN_POINT('',(-91.02495883285,-32.98680110941,1.5));
#6812 = CARTESIAN_POINT('',(-90.94985251127,-32.95541802993,1.5));
#6813 = CARTESIAN_POINT('',(-90.76383676196,-32.88684793578,1.5));
#6814 = CARTESIAN_POINT('',(-90.65139512476,-32.85295143633,1.5));
#6815 = CARTESIAN_POINT('',(-90.53653420293,-32.82586585373,1.5));
#6816 = CARTESIAN_POINT('',(-90.41987567633,-32.80585212395,1.5));
#6817 = CARTESIAN_POINT('',(-90.21653079202,-32.78378787267,1.5));
#6818 = CARTESIAN_POINT('',(-90.13038190959,-32.77831921723,1.5));
#6819 = CARTESIAN_POINT('',(-90.04388083798,-32.77672508262,1.5));
#6820 = CARTESIAN_POINT('',(-89.95728150989,-32.77903775372,1.5));
#6821 = CARTESIAN_POINT('',(-89.80707478123,-32.78985168269,1.5));
#6822 = CARTESIAN_POINT('',(-89.74339462993,-32.79657051563,1.5));
#6823 = CARTESIAN_POINT('',(-89.67990352804,-32.80541890809,1.5));
#6824 = CARTESIAN_POINT('',(-89.61670381134,-32.81639007962,1.5));
#6825 = CARTESIAN_POINT('',(-89.40573365102,-32.86032267564,1.5));
#6826 = CARTESIAN_POINT('',(-89.25975150705,-32.9029078581,1.5));
#6827 = CARTESIAN_POINT('',(-89.11729934265,-32.95702302937,1.5));
#6828 = CARTESIAN_POINT('',(-88.97964827918,-33.02222585692,1.5));
#6829 = CARTESIAN_POINT('',(-88.73325034953,-33.16372606833,1.5));
#6830 = CARTESIAN_POINT('',(-88.62305635501,-33.23752107979,1.5));
#6831 = CARTESIAN_POINT('',(-88.51817812331,-33.31877654438,1.5));
#6832 = CARTESIAN_POINT('',(-88.41930614511,-33.40693069751,1.5));
#6833 = CARTESIAN_POINT('',(-88.28855091634,-33.54067731223,1.5));
#6834 = CARTESIAN_POINT('',(-88.25121311285,-33.58112747589,1.5));
#6835 = CARTESIAN_POINT('',(-88.21506655625,-33.62261270248,1.5));
#6836 = CARTESIAN_POINT('',(-88.18015064712,-33.66508177092,1.5));
#6837 = CARTESIAN_POINT('',(-88.10012387752,-33.76829552614,1.5));
#6838 = CARTESIAN_POINT('',(-88.05615218055,-33.82987696621,1.5));
#6839 = CARTESIAN_POINT('',(-88.01468033873,-33.89308351753,1.5));
#6840 = CARTESIAN_POINT('',(-87.97578814749,-33.95776577061,1.5));
#6841 = CARTESIAN_POINT('',(-87.89048918573,-34.11308267275,1.5));
#6842 = CARTESIAN_POINT('',(-87.84628057049,-34.20481463978,1.5));
#6843 = CARTESIAN_POINT('',(-87.80707809787,-34.2985710824,1.5));
#6844 = CARTESIAN_POINT('',(-87.77298980873,-34.39394475132,1.5));
#6845 = CARTESIAN_POINT('',(-87.70353252547,-34.62586425289,1.5));
#6846 = CARTESIAN_POINT('',(-87.67314576772,-34.76356874994,1.5));
#6847 = CARTESIAN_POINT('',(-87.65305510706,-34.9024536791,1.5));
#6848 = CARTESIAN_POINT('',(-87.64317500635,-35.04134178838,1.5));
#6849 = CARTESIAN_POINT('',(-87.64317500635,-35.17907035814,1.5));
#6850 = ORIENTED_EDGE('',*,*,#3353,.F.);
#6851 = ORIENTED_EDGE('',*,*,#3339,.F.);
#6852 = ORIENTED_EDGE('',*,*,#6853,.F.);
#6853 = EDGE_CURVE('',#6713,#3340,#6854,.T.);
#6854 = B_SPLINE_CURVE_WITH_KNOTS('',5,(#6855,#6856,#6857,#6858,#6859,
    #6860,#6861,#6862,#6863,#6864,#6865,#6866,#6867,#6868,#6869,#6870,
    #6871,#6872,#6873,#6874,#6875,#6876,#6877,#6878,#6879,#6880,#6881,
    #6882,#6883,#6884,#6885,#6886,#6887,#6888,#6889,#6890,#6891,#6892,
    #6893,#6894,#6895,#6896,#6897,#6898,#6899,#6900,#6901,#6902,#6903,
    #6904,#6905,#6906,#6907,#6908,#6909,#6910,#6911,#6912,#6913,#6914,
    #6915,#6916,#6917,#6918,#6919,#6920,#6921,#6922,#6923,#6924,#6925,
    #6926,#6927,#6928,#6929,#6930,#6931,#6932,#6933,#6934,#6935,#6936,
    #6937,#6938,#6939,#6940,#6941,#6942,#6943,#6944,#6945,#6946,#6947,
    #6948,#6949,#6950,#6951,#6952,#6953,#6954,#6955,#6956,#6957,#6958,
    #6959,#6960,#6961,#6962,#6963,#6964,#6965,#6966,#6967,#6968,#6969,
    #6970,#6971,#6972,#6973,#6974,#6975,#6976,#6977,#6978,#6979,#6980,
    #6981,#6982,#6983,#6984,#6985,#6986,#6987,#6988),.UNSPECIFIED.,.T.,
  .F.,(1,5,4,4,4,4,4,4,4,4,4,4,4,4,4,4,4,4,4,4,4,4,4,4,4,4,4,4,4,4,4,4,4
    ,4,5,1),(-4.804752E-02,0.,4.715870798066E-02,8.080439198896E-02,
    0.105667032318,0.123706256764,0.166954630089,0.216587564541,
    0.237626991583,0.266147690297,0.305421423565,0.332899806481,
    0.339728799834,0.360795194315,0.399370915715,0.427380462259,
    0.446996562307,0.496766345683,0.546536129058,0.566152229107,
    0.59416177565,0.632737497051,0.646910086703,0.65386824611,
    0.660825947217,0.68882222212,0.728836157307,0.757894392796,
    0.779330355206,0.829898734046,0.87396222033,0.892341434572,
    0.917672667331,0.95195248,1.,1.047158707981),.UNSPECIFIED.);
#6855 = CARTESIAN_POINT('',(-87.64317500635,-35.17907035814,1.5));
#6856 = CARTESIAN_POINT('',(-87.64317500635,-35.31679892789,1.5));
#6857 = CARTESIAN_POINT('',(-87.65305510706,-35.45568703717,1.5));
#6858 = CARTESIAN_POINT('',(-87.67314576772,-35.59457196633,1.5));
#6859 = CARTESIAN_POINT('',(-87.70353252547,-35.73227646338,1.5));
#6860 = CARTESIAN_POINT('',(-87.77298980873,-35.96419596495,1.5));
#6861 = CARTESIAN_POINT('',(-87.80707809787,-36.05956963387,1.5));
#6862 = CARTESIAN_POINT('',(-87.84628057049,-36.15332607649,1.5));
#6863 = CARTESIAN_POINT('',(-87.89048918573,-36.24505804352,1.5));
#6864 = CARTESIAN_POINT('',(-87.97578814748,-36.40037494566,1.5));
#6865 = CARTESIAN_POINT('',(-88.01468033873,-36.46505719874,1.5));
#6866 = CARTESIAN_POINT('',(-88.05615218055,-36.52826375006,1.5));
#6867 = CARTESIAN_POINT('',(-88.10012387752,-36.58984519013,1.5));
#6868 = CARTESIAN_POINT('',(-88.18015064712,-36.69305894536,1.5));
#6869 = CARTESIAN_POINT('',(-88.21506655624,-36.73552801379,1.5));
#6870 = CARTESIAN_POINT('',(-88.25121311285,-36.77701324038,1.5));
#6871 = CARTESIAN_POINT('',(-88.28855091634,-36.81746340404,1.5));
#6872 = CARTESIAN_POINT('',(-88.41930614511,-36.95121001876,1.5));
#6873 = CARTESIAN_POINT('',(-88.51817812331,-37.03936417189,1.5));
#6874 = CARTESIAN_POINT('',(-88.62305635501,-37.12061963648,1.5));
#6875 = CARTESIAN_POINT('',(-88.73325034952,-37.19441464794,1.5));
#6876 = CARTESIAN_POINT('',(-88.97964827918,-37.33591485936,1.5));
#6877 = CARTESIAN_POINT('',(-89.11729934265,-37.4011176869,1.5));
#6878 = CARTESIAN_POINT('',(-89.25975150705,-37.45523285817,1.5));
#6879 = CARTESIAN_POINT('',(-89.40573365102,-37.49781804063,1.5));
#6880 = CARTESIAN_POINT('',(-89.61670381134,-37.54175063665,1.5));
#6881 = CARTESIAN_POINT('',(-89.67990352804,-37.55272180818,1.5));
#6882 = CARTESIAN_POINT('',(-89.74339462993,-37.56157020064,1.5));
#6883 = CARTESIAN_POINT('',(-89.80707478123,-37.56828903358,1.5));
#6884 = CARTESIAN_POINT('',(-89.95728150989,-37.57910296255,1.5));
#6885 = CARTESIAN_POINT('',(-90.04388083798,-37.58141563365,1.5));
#6886 = CARTESIAN_POINT('',(-90.13038190959,-37.57982149905,1.5));
#6887 = CARTESIAN_POINT('',(-90.21653079202,-37.5743528436,1.5));
#6888 = CARTESIAN_POINT('',(-90.41987567633,-37.55228859232,1.5));
#6889 = CARTESIAN_POINT('',(-90.53653420293,-37.53227486254,1.5));
#6890 = CARTESIAN_POINT('',(-90.65139512476,-37.50518927994,1.5));
#6891 = CARTESIAN_POINT('',(-90.76383676196,-37.47129278049,1.5));
#6892 = CARTESIAN_POINT('',(-90.94985251127,-37.40272268635,1.5));
#6893 = CARTESIAN_POINT('',(-91.02495883285,-37.37133960687,1.5));
#6894 = CARTESIAN_POINT('',(-91.09840049332,-37.33692470561,1.5));
#6895 = CARTESIAN_POINT('',(-91.16999574029,-37.29962541841,1.5));
#6896 = CARTESIAN_POINT('',(-91.25687202129,-37.24966790625,1.5));
#6897 = CARTESIAN_POINT('',(-91.2741421279,-37.23949810476,1.5));
#6898 = CARTESIAN_POINT('',(-91.29141389817,-37.22908283562,1.5));
#6899 = CARTESIAN_POINT('',(-91.30868735677,-37.21841641145,1.5));
#6900 = CARTESIAN_POINT('',(-91.37915355514,-37.17385447804,1.5));
#6901 = CARTESIAN_POINT('',(-91.43145325432,-37.1383377711,1.5));
#6902 = CARTESIAN_POINT('',(-91.48272972624,-37.10099071025,1.5));
#6903 = CARTESIAN_POINT('',(-91.53288019351,-37.06185609183,1.5));
#6904 = CARTESIAN_POINT('',(-91.67139779427,-36.94614675681,1.5));
#6905 = CARTESIAN_POINT('',(-91.75688599231,-36.86548665883,1.5));
#6906 = CARTESIAN_POINT('',(-91.83766566011,-36.77932782033,1.5));
#6907 = CARTESIAN_POINT('',(-91.91320004499,-36.68808034026,1.5));
#6908 = CARTESIAN_POINT('',(-92.03372000191,-36.52264340779,1.5));
#6909 = CARTESIAN_POINT('',(-92.08140705439,-36.45062627168,1.5));
#6910 = CARTESIAN_POINT('',(-92.1259057503,-36.37637163951,1.5));
#6911 = CARTESIAN_POINT('',(-92.16706147951,-36.30008399668,1.5));
#6912 = CARTESIAN_POINT('',(-92.23113254663,-36.16728918272,1.5));
#6913 = CARTESIAN_POINT('',(-92.25581827659,-36.11170475509,1.5));
#6914 = CARTESIAN_POINT('',(-92.27875507489,-36.05530742482,1.5));
#6915 = CARTESIAN_POINT('',(-92.29990401348,-35.99817599623,1.5));
#6916 = CARTESIAN_POINT('',(-92.36827163757,-35.79378375878,1.5));
#6917 = CARTESIAN_POINT('',(-92.40559224531,-35.64296898412,1.5));
#6918 = CARTESIAN_POINT('',(-92.43065376145,-35.48929833407,1.5));
#6919 = CARTESIAN_POINT('',(-92.44318516636,-35.3341809746,1.5));
#6920 = CARTESIAN_POINT('',(-92.44318516636,-35.02395974167,1.5));
#6921 = CARTESIAN_POINT('',(-92.43065376145,-34.86884238221,1.5));
#6922 = CARTESIAN_POINT('',(-92.40559224531,-34.71517173215,1.5));
#6923 = CARTESIAN_POINT('',(-92.36827163757,-34.56435695749,1.5));
#6924 = CARTESIAN_POINT('',(-92.29990401348,-34.35996472005,1.5));
#6925 = CARTESIAN_POINT('',(-92.27875507489,-34.30283329146,1.5));
#6926 = CARTESIAN_POINT('',(-92.25581827659,-34.24643596118,1.5));
#6927 = CARTESIAN_POINT('',(-92.23113254663,-34.19085153356,1.5));
#6928 = CARTESIAN_POINT('',(-92.16706147951,-34.05805671959,1.5));
#6929 = CARTESIAN_POINT('',(-92.1259057503,-33.98176907676,1.5));
#6930 = CARTESIAN_POINT('',(-92.0814070544,-33.90751444459,1.5));
#6931 = CARTESIAN_POINT('',(-92.03372000191,-33.83549730848,1.5));
#6932 = CARTESIAN_POINT('',(-91.91320004499,-33.67006037601,1.5));
#6933 = CARTESIAN_POINT('',(-91.83766566011,-33.57881289594,1.5));
#6934 = CARTESIAN_POINT('',(-91.75688599231,-33.49265405745,1.5));
#6935 = CARTESIAN_POINT('',(-91.67139779427,-33.41199395947,1.5));
#6936 = CARTESIAN_POINT('',(-91.54889091497,-33.30965902541,1.5));
#6937 = CARTESIAN_POINT('',(-91.51542131984,-33.28294884637,1.5));
#6938 = CARTESIAN_POINT('',(-91.48142753129,-33.25703998978,1.5));
#6939 = CARTESIAN_POINT('',(-91.44694038357,-33.23194640935,1.5));
#6940 = CARTESIAN_POINT('',(-91.39483332383,-33.19576648431,1.5));
#6941 = CARTESIAN_POINT('',(-91.37764298306,-33.18410724933,1.5));
#6942 = CARTESIAN_POINT('',(-91.36042657447,-33.17270028433,1.5));
#6943 = CARTESIAN_POINT('',(-91.3431897664,-33.16154319269,1.5));
#6944 = CARTESIAN_POINT('',(-91.30868735677,-33.13972430482,1.5));
#6945 = CARTESIAN_POINT('',(-91.29141389818,-33.12905788065,1.5));
#6946 = CARTESIAN_POINT('',(-91.2741421279,-33.11864261151,1.5));
#6947 = CARTESIAN_POINT('',(-91.25687202129,-33.10847281002,1.5));
#6948 = CARTESIAN_POINT('',(-91.16999574029,-33.05851529786,1.5));
#6949 = CARTESIAN_POINT('',(-91.09840049332,-33.02121601067,1.5));
#6950 = CARTESIAN_POINT('',(-91.02495883285,-32.98680110941,1.5));
#6951 = CARTESIAN_POINT('',(-90.94985251127,-32.95541802993,1.5));
#6952 = CARTESIAN_POINT('',(-90.76383676196,-32.88684793578,1.5));
#6953 = CARTESIAN_POINT('',(-90.65139512476,-32.85295143633,1.5));
#6954 = CARTESIAN_POINT('',(-90.53653420293,-32.82586585373,1.5));
#6955 = CARTESIAN_POINT('',(-90.41987567633,-32.80585212395,1.5));
#6956 = CARTESIAN_POINT('',(-90.21653079202,-32.78378787267,1.5));
#6957 = CARTESIAN_POINT('',(-90.13038190959,-32.77831921723,1.5));
#6958 = CARTESIAN_POINT('',(-90.04388083798,-32.77672508262,1.5));
#6959 = CARTESIAN_POINT('',(-89.95728150989,-32.77903775372,1.5));
#6960 = CARTESIAN_POINT('',(-89.80707478123,-32.78985168269,1.5));
#6961 = CARTESIAN_POINT('',(-89.74339462993,-32.79657051563,1.5));
#6962 = CARTESIAN_POINT('',(-89.67990352804,-32.80541890809,1.5));
#6963 = CARTESIAN_POINT('',(-89.61670381134,-32.81639007962,1.5));
#6964 = CARTESIAN_POINT('',(-89.40573365102,-32.86032267564,1.5));
#6965 = CARTESIAN_POINT('',(-89.25975150705,-32.9029078581,1.5));
#6966 = CARTESIAN_POINT('',(-89.11729934265,-32.95702302937,1.5));
#6967 = CARTESIAN_POINT('',(-88.97964827918,-33.02222585692,1.5));
#6968 = CARTESIAN_POINT('',(-88.73325034953,-33.16372606833,1.5));
#6969 = CARTESIAN_POINT('',(-88.62305635501,-33.23752107979,1.5));
#6970 = CARTESIAN_POINT('',(-88.51817812331,-33.31877654438,1.5));
#6971 = CARTESIAN_POINT('',(-88.41930614511,-33.40693069751,1.5));
#6972 = CARTESIAN_POINT('',(-88.28855091634,-33.54067731223,1.5));
#6973 = CARTESIAN_POINT('',(-88.25121311285,-33.58112747589,1.5));
#6974 = CARTESIAN_POINT('',(-88.21506655625,-33.62261270248,1.5));
#6975 = CARTESIAN_POINT('',(-88.18015064712,-33.66508177092,1.5));
#6976 = CARTESIAN_POINT('',(-88.10012387752,-33.76829552614,1.5));
#6977 = CARTESIAN_POINT('',(-88.05615218055,-33.82987696621,1.5));
#6978 = CARTESIAN_POINT('',(-88.01468033873,-33.89308351753,1.5));
#6979 = CARTESIAN_POINT('',(-87.97578814749,-33.95776577061,1.5));
#6980 = CARTESIAN_POINT('',(-87.89048918573,-34.11308267275,1.5));
#6981 = CARTESIAN_POINT('',(-87.84628057049,-34.20481463978,1.5));
#6982 = CARTESIAN_POINT('',(-87.80707809787,-34.2985710824,1.5));
#6983 = CARTESIAN_POINT('',(-87.77298980873,-34.39394475132,1.5));
#6984 = CARTESIAN_POINT('',(-87.70353252547,-34.62586425289,1.5));
#6985 = CARTESIAN_POINT('',(-87.67314576772,-34.76356874994,1.5));
#6986 = CARTESIAN_POINT('',(-87.65305510706,-34.9024536791,1.5));
#6987 = CARTESIAN_POINT('',(-87.64317500635,-35.04134178838,1.5));
#6988 = CARTESIAN_POINT('',(-87.64317500635,-35.17907035814,1.5));
#6989 = ( BOUNDED_SURFACE() B_SPLINE_SURFACE(2,1,(
    (#6990,#6991)
    ,(#6992,#6993)
    ,(#6994,#6995)
    ,(#6996,#6997)
    ,(#6998,#6999)
    ,(#7000,#7001)
    ,(#7002,#7003
)),.UNSPECIFIED.,.T.,.F.,.F.) B_SPLINE_SURFACE_WITH_KNOTS((1,2,2,2,2,1),
  (2,2),(-2.094395102394,0.,2.094395102393,4.188790204786,6.28318530718,
    8.377580409573),(0.,118.1102),.UNSPECIFIED.) 
GEOMETRIC_REPRESENTATION_ITEM() RATIONAL_B_SPLINE_SURFACE((
    (1.,1.)
    ,(0.5,0.5)
    ,(1.,1.)
    ,(0.5,0.5)
    ,(1.,1.)
    ,(0.5,0.5)
,(1.,1.))) REPRESENTATION_ITEM('') SURFACE() );
#6990 = CARTESIAN_POINT('',(-87.64317500635,-35.17907035814,-1.5));
#6991 = CARTESIAN_POINT('',(-87.64317500635,-35.17907035814,
    1.50000508001));
#6992 = CARTESIAN_POINT('',(-87.64317500635,-31.02213962114,-1.5));
#6993 = CARTESIAN_POINT('',(-87.64317500635,-31.02213962114,
    1.50000508001));
#6994 = CARTESIAN_POINT('',(-91.24318262636,-33.10060498964,-1.5));
#6995 = CARTESIAN_POINT('',(-91.24318262636,-33.10060498964,
    1.50000508001));
#6996 = CARTESIAN_POINT('',(-94.84319024638,-35.17907035814,-1.5));
#6997 = CARTESIAN_POINT('',(-94.84319024638,-35.17907035814,
    1.50000508001));
#6998 = CARTESIAN_POINT('',(-91.24318262636,-37.25753572664,-1.5));
#6999 = CARTESIAN_POINT('',(-91.24318262636,-37.25753572664,
    1.50000508001));
#7000 = CARTESIAN_POINT('',(-87.64317500635,-39.33600109514,-1.5));
#7001 = CARTESIAN_POINT('',(-87.64317500635,-39.33600109514,
    1.50000508001));
#7002 = CARTESIAN_POINT('',(-87.64317500635,-35.17907035814,-1.5));
#7003 = CARTESIAN_POINT('',(-87.64317500635,-35.17907035814,
    1.50000508001));
#7004 = ADVANCED_FACE('',(#7005),#7285,.F.);
#7005 = FACE_BOUND('',#7006,.F.);
#7006 = EDGE_LOOP('',(#7007,#7146,#7147,#7148));
#7007 = ORIENTED_EDGE('',*,*,#7008,.F.);
#7008 = EDGE_CURVE('',#3708,#7009,#7011,.T.);
#7009 = VERTEX_POINT('',#7010);
#7010 = CARTESIAN_POINT('',(-87.84034036068,99.827848615697,1.5));
#7011 = B_SPLINE_CURVE_WITH_KNOTS('',5,(#7012,#7013,#7014,#7015,#7016,
    #7017,#7018,#7019,#7020,#7021,#7022,#7023,#7024,#7025,#7026,#7027,
    #7028,#7029,#7030,#7031,#7032,#7033,#7034,#7035,#7036,#7037,#7038,
    #7039,#7040,#7041,#7042,#7043,#7044,#7045,#7046,#7047,#7048,#7049,
    #7050,#7051,#7052,#7053,#7054,#7055,#7056,#7057,#7058,#7059,#7060,
    #7061,#7062,#7063,#7064,#7065,#7066,#7067,#7068,#7069,#7070,#7071,
    #7072,#7073,#7074,#7075,#7076,#7077,#7078,#7079,#7080,#7081,#7082,
    #7083,#7084,#7085,#7086,#7087,#7088,#7089,#7090,#7091,#7092,#7093,
    #7094,#7095,#7096,#7097,#7098,#7099,#7100,#7101,#7102,#7103,#7104,
    #7105,#7106,#7107,#7108,#7109,#7110,#7111,#7112,#7113,#7114,#7115,
    #7116,#7117,#7118,#7119,#7120,#7121,#7122,#7123,#7124,#7125,#7126,
    #7127,#7128,#7129,#7130,#7131,#7132,#7133,#7134,#7135,#7136,#7137,
    #7138,#7139,#7140,#7141,#7142,#7143,#7144,#7145),.UNSPECIFIED.,.T.,
  .F.,(1,5,4,4,4,4,4,4,4,4,4,4,4,4,4,4,4,4,4,4,4,4,4,4,4,4,4,4,4,4,4,4,4
    ,4,5,1),(-4.8028733054E-02,0.,4.714027220377E-02,8.077286134411E-02,
    0.105625788513,0.123657959426,0.166889550156,0.216503336071,
    0.2375345407,0.266044111382,0.305302637806,0.332770329998,
    0.339605183085,0.360688273858,0.399294675244,0.427326415018,
    0.44695804461,0.496767502925,0.54657696124,0.566208590832,
    0.594240330607,0.632846731992,0.647030548643,0.653994219385,
    0.660957890129,0.688943270658,0.72894170931,0.757988604794,
    0.779416188168,0.829965053674,0.87401143766,0.892383464011,
    0.91770479859,0.951971266946,1.,1.047140272204),.UNSPECIFIED.);
#7012 = CARTESIAN_POINT('',(-87.84034036068,99.827848615697,1.5));
#7013 = CARTESIAN_POINT('',(-87.84034026336,99.69012020925,1.5));
#7014 = CARTESIAN_POINT('',(-87.85022052664,99.551231732158,1.5));
#7015 = CARTESIAN_POINT('',(-87.87031122358,99.412347023563,1.5));
#7016 = CARTESIAN_POINT('',(-87.90069775833,99.274642574234,1.5));
#7017 = CARTESIAN_POINT('',(-87.97015511054,99.042723043335,1.5));
#7018 = CARTESIAN_POINT('',(-88.00424345251,98.947349338276,1.5));
#7019 = CARTESIAN_POINT('',(-88.04344595682,98.853592875667,1.5));
#7020 = CARTESIAN_POINT('',(-88.08765455091,98.761860924788,1.5));
#7021 = CARTESIAN_POINT('',(-88.17295349334,98.606544031286,1.5));
#7022 = CARTESIAN_POINT('',(-88.2118456927,98.541861775809,1.5));
#7023 = CARTESIAN_POINT('',(-88.25331753994,98.478655221982,1.5));
#7024 = CARTESIAN_POINT('',(-88.29728923422,98.417073781816,1.5));
#7025 = CARTESIAN_POINT('',(-88.37731600017,98.313860028817,1.5));
#7026 = CARTESIAN_POINT('',(-88.41223191041,98.271390960269,1.5));
#7027 = CARTESIAN_POINT('',(-88.44837846793,98.229905733292,1.5));
#7028 = CARTESIAN_POINT('',(-88.48571627119,98.189455569346,1.5));
#7029 = CARTESIAN_POINT('',(-88.61647137548,98.05570896553,1.5));
#7030 = CARTESIAN_POINT('',(-88.71534371454,97.967554709777,1.5));
#7031 = CARTESIAN_POINT('',(-88.82022153193,97.886299489385,1.5));
#7032 = CARTESIAN_POINT('',(-88.9304157495,97.812504234839,1.5));
#7033 = CARTESIAN_POINT('',(-89.1768134117,97.671004094412,1.5));
#7034 = CARTESIAN_POINT('',(-89.31446518275,97.605801126826,1.5));
#7035 = CARTESIAN_POINT('',(-89.45691641638,97.551686460658,1.5));
#7036 = CARTESIAN_POINT('',(-89.60289916963,97.509100707968,1.5));
#7037 = CARTESIAN_POINT('',(-89.81386916434,97.465168337646,1.5));
#7038 = CARTESIAN_POINT('',(-89.87706888104,97.454197166999,1.5));
#7039 = CARTESIAN_POINT('',(-89.94055998477,97.445348773189,1.5));
#7040 = CARTESIAN_POINT('',(-90.00424013792,97.43862993801,1.5));
#7041 = CARTESIAN_POINT('',(-90.15444685912,97.427816013683,1.5));
#7042 = CARTESIAN_POINT('',(-90.24104618175,97.425503347607,1.5));
#7043 = CARTESIAN_POINT('',(-90.32754726465,97.427097474858,1.5));
#7044 = CARTESIAN_POINT('',(-90.41369616383,97.432566117937,1.5));
#7045 = CARTESIAN_POINT('',(-90.61704095849,97.454630391459,1.5));
#7046 = CARTESIAN_POINT('',(-90.73369979889,97.47464403983,1.5));
#7047 = CARTESIAN_POINT('',(-90.84856017658,97.501729800384,1.5));
#7048 = CARTESIAN_POINT('',(-90.96100226381,97.535626135152,1.5));
#7049 = CARTESIAN_POINT('',(-91.14701785213,97.604196289663,1.5));
#7050 = CARTESIAN_POINT('',(-91.22212416411,97.635579365558,1.5));
#7051 = CARTESIAN_POINT('',(-91.29556585063,97.669994266503,1.5));
#7052 = CARTESIAN_POINT('',(-91.36716113325,97.70729355697,1.5));
#7053 = CARTESIAN_POINT('',(-91.45403181775,97.757247912001,1.5));
#7054 = CARTESIAN_POINT('',(-91.47130805308,97.767421233385,1.5));
#7055 = CARTESIAN_POINT('',(-91.48858270371,97.777838105769,1.5));
#7056 = CARTESIAN_POINT('',(-91.50585291396,97.788502613283,1.5));
#7057 = CARTESIAN_POINT('',(-91.57631890463,97.833064486955,1.5));
#7058 = CARTESIAN_POINT('',(-91.62861860845,97.868581201258,1.5));
#7059 = CARTESIAN_POINT('',(-91.67989508351,97.905928268672,1.5));
#7060 = CARTESIAN_POINT('',(-91.73004554928,97.945062886284,1.5));
#7061 = CARTESIAN_POINT('',(-91.86856312567,98.060772060056,1.5));
#7062 = CARTESIAN_POINT('',(-91.95405140491,98.141432630386,1.5));
#7063 = CARTESIAN_POINT('',(-92.03483095596,98.227590908479,1.5));
#7064 = CARTESIAN_POINT('',(-92.11036542675,98.318838701021,1.5));
#7065 = CARTESIAN_POINT('',(-92.2308853582,98.484275544775,1.5));
#7066 = CARTESIAN_POINT('',(-92.27857240828,98.556292701557,1.5));
#7067 = CARTESIAN_POINT('',(-92.32307110345,98.630547347164,1.5));
#7068 = CARTESIAN_POINT('',(-92.36422683433,98.706834982755,1.5));
#7069 = CARTESIAN_POINT('',(-92.42829790154,98.8396297887,1.5));
#7070 = CARTESIAN_POINT('',(-92.45298363075,98.895214218373,1.5));
#7071 = CARTESIAN_POINT('',(-92.47592042885,98.951611550407,1.5));
#7072 = CARTESIAN_POINT('',(-92.49706936798,99.008742978709,1.5));
#7073 = CARTESIAN_POINT('',(-92.56543711896,99.213134926404,1.5));
#7074 = CARTESIAN_POINT('',(-92.60275751494,99.363950620608,1.5));
#7075 = CARTESIAN_POINT('',(-92.62781899622,99.517620073975,1.5));
#7076 = CARTESIAN_POINT('',(-92.64035066657,99.672738204883,1.5));
#7077 = CARTESIAN_POINT('',(-92.64035066657,99.982959026504,1.5));
#7078 = CARTESIAN_POINT('',(-92.62781899622,100.13807715741,1.5));
#7079 = CARTESIAN_POINT('',(-92.60275751494,100.29174661077,1.5));
#7080 = CARTESIAN_POINT('',(-92.56543711896,100.44256230498,1.5));
#7081 = CARTESIAN_POINT('',(-92.49706936798,100.64695425267,1.5));
#7082 = CARTESIAN_POINT('',(-92.47592042885,100.70408568098,1.5));
#7083 = CARTESIAN_POINT('',(-92.45298363075,100.76048301301,1.5));
#7084 = CARTESIAN_POINT('',(-92.42829790154,100.81606744268,1.5));
#7085 = CARTESIAN_POINT('',(-92.36422683433,100.94886224863,1.5));
#7086 = CARTESIAN_POINT('',(-92.32307110345,101.02514988422,1.5));
#7087 = CARTESIAN_POINT('',(-92.27857240828,101.09940452983,1.5));
#7088 = CARTESIAN_POINT('',(-92.2308853582,101.17142168661,1.5));
#7089 = CARTESIAN_POINT('',(-92.11036542676,101.33685853036,1.5));
#7090 = CARTESIAN_POINT('',(-92.03483095596,101.4281063229,1.5));
#7091 = CARTESIAN_POINT('',(-91.95405140491,101.514264601,1.5));
#7092 = CARTESIAN_POINT('',(-91.86856312567,101.59492517133,1.5));
#7093 = CARTESIAN_POINT('',(-91.74605626952,101.69725994773,1.5));
#7094 = CARTESIAN_POINT('',(-91.71258667447,101.72397012684,1.5));
#7095 = CARTESIAN_POINT('',(-91.67859288555,101.74987898432,1.5));
#7096 = CARTESIAN_POINT('',(-91.64410573739,101.77497256557,1.5));
#7097 = CARTESIAN_POINT('',(-91.5919986785,101.81115248997,1.5));
#7098 = CARTESIAN_POINT('',(-91.57480833748,101.82281172478,1.5));
#7099 = CARTESIAN_POINT('',(-91.55759192861,101.83421868928,1.5));
#7100 = CARTESIAN_POINT('',(-91.54035512052,101.8453757806,1.5));
#7101 = CARTESIAN_POINT('',(-91.50585291397,101.8671946181,1.5));
#7102 = CARTESIAN_POINT('',(-91.48858270371,101.87785912561,1.5));
#7103 = CARTESIAN_POINT('',(-91.47130805308,101.888275998,1.5));
#7104 = CARTESIAN_POINT('',(-91.45403181775,101.89844931938,1.5));
#7105 = CARTESIAN_POINT('',(-91.36716113325,101.94840367441,1.5));
#7106 = CARTESIAN_POINT('',(-91.29556585063,101.98570296488,1.5));
#7107 = CARTESIAN_POINT('',(-91.22212416411,102.02011786582,1.5));
#7108 = CARTESIAN_POINT('',(-91.14701785213,102.05150094172,1.5));
#7109 = CARTESIAN_POINT('',(-90.96100226381,102.12007109623,1.5));
#7110 = CARTESIAN_POINT('',(-90.84856017658,102.153967431,1.5));
#7111 = CARTESIAN_POINT('',(-90.73369979889,102.18105319155,1.5));
#7112 = CARTESIAN_POINT('',(-90.61704095849,102.20106683992,1.5));
#7113 = CARTESIAN_POINT('',(-90.41369616383,102.22313111345,1.5));
#7114 = CARTESIAN_POINT('',(-90.32754726465,102.22859975652,1.5));
#7115 = CARTESIAN_POINT('',(-90.24104618175,102.23019388378,1.5));
#7116 = CARTESIAN_POINT('',(-90.15444685913,102.2278812177,1.5));
#7117 = CARTESIAN_POINT('',(-90.00424013792,102.21706729337,1.5));
#7118 = CARTESIAN_POINT('',(-89.94055998477,102.21034845819,1.5));
#7119 = CARTESIAN_POINT('',(-89.87706888104,102.20150006438,1.5));
#7120 = CARTESIAN_POINT('',(-89.81386916434,102.19052889374,1.5));
#7121 = CARTESIAN_POINT('',(-89.60289916963,102.14659652342,1.5));
#7122 = CARTESIAN_POINT('',(-89.45691641638,102.10401077073,1.5));
#7123 = CARTESIAN_POINT('',(-89.31446518275,102.04989610456,1.5));
#7124 = CARTESIAN_POINT('',(-89.1768134117,101.98469313697,1.5));
#7125 = CARTESIAN_POINT('',(-88.9304157495,101.84319299655,1.5));
#7126 = CARTESIAN_POINT('',(-88.82022153193,101.769397742,1.5));
#7127 = CARTESIAN_POINT('',(-88.71534371454,101.68814252161,1.5));
#7128 = CARTESIAN_POINT('',(-88.61647137548,101.59998826586,1.5));
#7129 = CARTESIAN_POINT('',(-88.48571627119,101.46624166204,1.5));
#7130 = CARTESIAN_POINT('',(-88.44837846793,101.42579149809,1.5));
#7131 = CARTESIAN_POINT('',(-88.41223191041,101.38430627112,1.5));
#7132 = CARTESIAN_POINT('',(-88.37731600017,101.34183720257,1.5));
#7133 = CARTESIAN_POINT('',(-88.29728923422,101.23862344957,1.5));
#7134 = CARTESIAN_POINT('',(-88.25331753994,101.17704200941,1.5));
#7135 = CARTESIAN_POINT('',(-88.2118456927,101.11383545558,1.5));
#7136 = CARTESIAN_POINT('',(-88.17295349334,101.0491532001,1.5));
#7137 = CARTESIAN_POINT('',(-88.08765455091,100.8938363066,1.5));
#7138 = CARTESIAN_POINT('',(-88.04344595682,100.80210435572,1.5));
#7139 = CARTESIAN_POINT('',(-88.00424345251,100.70834789311,1.5));
#7140 = CARTESIAN_POINT('',(-87.97015511054,100.61297418805,1.5));
#7141 = CARTESIAN_POINT('',(-87.90069775833,100.38105465715,1.5));
#7142 = CARTESIAN_POINT('',(-87.87031122358,100.24335020783,1.5));
#7143 = CARTESIAN_POINT('',(-87.85022052664,100.10446549923,1.5));
#7144 = CARTESIAN_POINT('',(-87.84034026336,99.965577022144,1.5));
#7145 = CARTESIAN_POINT('',(-87.84034036068,99.827848615697,1.5));
#7146 = ORIENTED_EDGE('',*,*,#3707,.F.);
#7147 = ORIENTED_EDGE('',*,*,#3693,.F.);
#7148 = ORIENTED_EDGE('',*,*,#7149,.F.);
#7149 = EDGE_CURVE('',#7009,#3694,#7150,.T.);
#7150 = B_SPLINE_CURVE_WITH_KNOTS('',5,(#7151,#7152,#7153,#7154,#7155,
    #7156,#7157,#7158,#7159,#7160,#7161,#7162,#7163,#7164,#7165,#7166,
    #7167,#7168,#7169,#7170,#7171,#7172,#7173,#7174,#7175,#7176,#7177,
    #7178,#7179,#7180,#7181,#7182,#7183,#7184,#7185,#7186,#7187,#7188,
    #7189,#7190,#7191,#7192,#7193,#7194,#7195,#7196,#7197,#7198,#7199,
    #7200,#7201,#7202,#7203,#7204,#7205,#7206,#7207,#7208,#7209,#7210,
    #7211,#7212,#7213,#7214,#7215,#7216,#7217,#7218,#7219,#7220,#7221,
    #7222,#7223,#7224,#7225,#7226,#7227,#7228,#7229,#7230,#7231,#7232,
    #7233,#7234,#7235,#7236,#7237,#7238,#7239,#7240,#7241,#7242,#7243,
    #7244,#7245,#7246,#7247,#7248,#7249,#7250,#7251,#7252,#7253,#7254,
    #7255,#7256,#7257,#7258,#7259,#7260,#7261,#7262,#7263,#7264,#7265,
    #7266,#7267,#7268,#7269,#7270,#7271,#7272,#7273,#7274,#7275,#7276,
    #7277,#7278,#7279,#7280,#7281,#7282,#7283,#7284),.UNSPECIFIED.,.T.,
  .F.,(1,5,4,4,4,4,4,4,4,4,4,4,4,4,4,4,4,4,4,4,4,4,4,4,4,4,4,4,4,4,4,4,4
    ,4,5,1),(-4.8028733054E-02,0.,4.714027220377E-02,8.077286134411E-02,
    0.105625788513,0.123657959426,0.166889550156,0.216503336071,
    0.2375345407,0.266044111382,0.305302637806,0.332770329998,
    0.339605183085,0.360688273858,0.399294675244,0.427326415018,
    0.44695804461,0.496767502925,0.54657696124,0.566208590832,
    0.594240330607,0.632846731992,0.647030548643,0.653994219385,
    0.660957890129,0.688943270658,0.72894170931,0.757988604794,
    0.779416188168,0.829965053674,0.87401143766,0.892383464011,
    0.91770479859,0.951971266946,1.,1.047140272204),.UNSPECIFIED.);
#7151 = CARTESIAN_POINT('',(-87.84034036068,99.827848615697,1.5));
#7152 = CARTESIAN_POINT('',(-87.84034026336,99.69012020925,1.5));
#7153 = CARTESIAN_POINT('',(-87.85022052664,99.551231732158,1.5));
#7154 = CARTESIAN_POINT('',(-87.87031122358,99.412347023563,1.5));
#7155 = CARTESIAN_POINT('',(-87.90069775833,99.274642574234,1.5));
#7156 = CARTESIAN_POINT('',(-87.97015511054,99.042723043335,1.5));
#7157 = CARTESIAN_POINT('',(-88.00424345251,98.947349338276,1.5));
#7158 = CARTESIAN_POINT('',(-88.04344595682,98.853592875667,1.5));
#7159 = CARTESIAN_POINT('',(-88.08765455091,98.761860924788,1.5));
#7160 = CARTESIAN_POINT('',(-88.17295349334,98.606544031286,1.5));
#7161 = CARTESIAN_POINT('',(-88.2118456927,98.541861775809,1.5));
#7162 = CARTESIAN_POINT('',(-88.25331753994,98.478655221982,1.5));
#7163 = CARTESIAN_POINT('',(-88.29728923422,98.417073781816,1.5));
#7164 = CARTESIAN_POINT('',(-88.37731600017,98.313860028817,1.5));
#7165 = CARTESIAN_POINT('',(-88.41223191041,98.271390960269,1.5));
#7166 = CARTESIAN_POINT('',(-88.44837846793,98.229905733292,1.5));
#7167 = CARTESIAN_POINT('',(-88.48571627119,98.189455569346,1.5));
#7168 = CARTESIAN_POINT('',(-88.61647137548,98.05570896553,1.5));
#7169 = CARTESIAN_POINT('',(-88.71534371454,97.967554709777,1.5));
#7170 = CARTESIAN_POINT('',(-88.82022153193,97.886299489385,1.5));
#7171 = CARTESIAN_POINT('',(-88.9304157495,97.812504234839,1.5));
#7172 = CARTESIAN_POINT('',(-89.1768134117,97.671004094412,1.5));
#7173 = CARTESIAN_POINT('',(-89.31446518275,97.605801126826,1.5));
#7174 = CARTESIAN_POINT('',(-89.45691641638,97.551686460658,1.5));
#7175 = CARTESIAN_POINT('',(-89.60289916963,97.509100707968,1.5));
#7176 = CARTESIAN_POINT('',(-89.81386916434,97.465168337646,1.5));
#7177 = CARTESIAN_POINT('',(-89.87706888104,97.454197166999,1.5));
#7178 = CARTESIAN_POINT('',(-89.94055998477,97.445348773189,1.5));
#7179 = CARTESIAN_POINT('',(-90.00424013792,97.43862993801,1.5));
#7180 = CARTESIAN_POINT('',(-90.15444685912,97.427816013683,1.5));
#7181 = CARTESIAN_POINT('',(-90.24104618175,97.425503347607,1.5));
#7182 = CARTESIAN_POINT('',(-90.32754726465,97.427097474858,1.5));
#7183 = CARTESIAN_POINT('',(-90.41369616383,97.432566117937,1.5));
#7184 = CARTESIAN_POINT('',(-90.61704095849,97.454630391459,1.5));
#7185 = CARTESIAN_POINT('',(-90.73369979889,97.47464403983,1.5));
#7186 = CARTESIAN_POINT('',(-90.84856017658,97.501729800384,1.5));
#7187 = CARTESIAN_POINT('',(-90.96100226381,97.535626135152,1.5));
#7188 = CARTESIAN_POINT('',(-91.14701785213,97.604196289663,1.5));
#7189 = CARTESIAN_POINT('',(-91.22212416411,97.635579365558,1.5));
#7190 = CARTESIAN_POINT('',(-91.29556585063,97.669994266503,1.5));
#7191 = CARTESIAN_POINT('',(-91.36716113325,97.70729355697,1.5));
#7192 = CARTESIAN_POINT('',(-91.45403181775,97.757247912001,1.5));
#7193 = CARTESIAN_POINT('',(-91.47130805308,97.767421233385,1.5));
#7194 = CARTESIAN_POINT('',(-91.48858270371,97.777838105769,1.5));
#7195 = CARTESIAN_POINT('',(-91.50585291396,97.788502613283,1.5));
#7196 = CARTESIAN_POINT('',(-91.57631890463,97.833064486955,1.5));
#7197 = CARTESIAN_POINT('',(-91.62861860845,97.868581201258,1.5));
#7198 = CARTESIAN_POINT('',(-91.67989508351,97.905928268672,1.5));
#7199 = CARTESIAN_POINT('',(-91.73004554928,97.945062886284,1.5));
#7200 = CARTESIAN_POINT('',(-91.86856312567,98.060772060056,1.5));
#7201 = CARTESIAN_POINT('',(-91.95405140491,98.141432630386,1.5));
#7202 = CARTESIAN_POINT('',(-92.03483095596,98.227590908479,1.5));
#7203 = CARTESIAN_POINT('',(-92.11036542675,98.318838701021,1.5));
#7204 = CARTESIAN_POINT('',(-92.2308853582,98.484275544775,1.5));
#7205 = CARTESIAN_POINT('',(-92.27857240828,98.556292701557,1.5));
#7206 = CARTESIAN_POINT('',(-92.32307110345,98.630547347164,1.5));
#7207 = CARTESIAN_POINT('',(-92.36422683433,98.706834982755,1.5));
#7208 = CARTESIAN_POINT('',(-92.42829790154,98.8396297887,1.5));
#7209 = CARTESIAN_POINT('',(-92.45298363075,98.895214218373,1.5));
#7210 = CARTESIAN_POINT('',(-92.47592042885,98.951611550407,1.5));
#7211 = CARTESIAN_POINT('',(-92.49706936798,99.008742978709,1.5));
#7212 = CARTESIAN_POINT('',(-92.56543711896,99.213134926404,1.5));
#7213 = CARTESIAN_POINT('',(-92.60275751494,99.363950620608,1.5));
#7214 = CARTESIAN_POINT('',(-92.62781899622,99.517620073975,1.5));
#7215 = CARTESIAN_POINT('',(-92.64035066657,99.672738204883,1.5));
#7216 = CARTESIAN_POINT('',(-92.64035066657,99.982959026504,1.5));
#7217 = CARTESIAN_POINT('',(-92.62781899622,100.13807715741,1.5));
#7218 = CARTESIAN_POINT('',(-92.60275751494,100.29174661077,1.5));
#7219 = CARTESIAN_POINT('',(-92.56543711896,100.44256230498,1.5));
#7220 = CARTESIAN_POINT('',(-92.49706936798,100.64695425267,1.5));
#7221 = CARTESIAN_POINT('',(-92.47592042885,100.70408568098,1.5));
#7222 = CARTESIAN_POINT('',(-92.45298363075,100.76048301301,1.5));
#7223 = CARTESIAN_POINT('',(-92.42829790154,100.81606744268,1.5));
#7224 = CARTESIAN_POINT('',(-92.36422683433,100.94886224863,1.5));
#7225 = CARTESIAN_POINT('',(-92.32307110345,101.02514988422,1.5));
#7226 = CARTESIAN_POINT('',(-92.27857240828,101.09940452983,1.5));
#7227 = CARTESIAN_POINT('',(-92.2308853582,101.17142168661,1.5));
#7228 = CARTESIAN_POINT('',(-92.11036542676,101.33685853036,1.5));
#7229 = CARTESIAN_POINT('',(-92.03483095596,101.4281063229,1.5));
#7230 = CARTESIAN_POINT('',(-91.95405140491,101.514264601,1.5));
#7231 = CARTESIAN_POINT('',(-91.86856312567,101.59492517133,1.5));
#7232 = CARTESIAN_POINT('',(-91.74605626952,101.69725994773,1.5));
#7233 = CARTESIAN_POINT('',(-91.71258667447,101.72397012684,1.5));
#7234 = CARTESIAN_POINT('',(-91.67859288555,101.74987898432,1.5));
#7235 = CARTESIAN_POINT('',(-91.64410573739,101.77497256557,1.5));
#7236 = CARTESIAN_POINT('',(-91.5919986785,101.81115248997,1.5));
#7237 = CARTESIAN_POINT('',(-91.57480833748,101.82281172478,1.5));
#7238 = CARTESIAN_POINT('',(-91.55759192861,101.83421868928,1.5));
#7239 = CARTESIAN_POINT('',(-91.54035512052,101.8453757806,1.5));
#7240 = CARTESIAN_POINT('',(-91.50585291397,101.8671946181,1.5));
#7241 = CARTESIAN_POINT('',(-91.48858270371,101.87785912561,1.5));
#7242 = CARTESIAN_POINT('',(-91.47130805308,101.888275998,1.5));
#7243 = CARTESIAN_POINT('',(-91.45403181775,101.89844931938,1.5));
#7244 = CARTESIAN_POINT('',(-91.36716113325,101.94840367441,1.5));
#7245 = CARTESIAN_POINT('',(-91.29556585063,101.98570296488,1.5));
#7246 = CARTESIAN_POINT('',(-91.22212416411,102.02011786582,1.5));
#7247 = CARTESIAN_POINT('',(-91.14701785213,102.05150094172,1.5));
#7248 = CARTESIAN_POINT('',(-90.96100226381,102.12007109623,1.5));
#7249 = CARTESIAN_POINT('',(-90.84856017658,102.153967431,1.5));
#7250 = CARTESIAN_POINT('',(-90.73369979889,102.18105319155,1.5));
#7251 = CARTESIAN_POINT('',(-90.61704095849,102.20106683992,1.5));
#7252 = CARTESIAN_POINT('',(-90.41369616383,102.22313111345,1.5));
#7253 = CARTESIAN_POINT('',(-90.32754726465,102.22859975652,1.5));
#7254 = CARTESIAN_POINT('',(-90.24104618175,102.23019388378,1.5));
#7255 = CARTESIAN_POINT('',(-90.15444685913,102.2278812177,1.5));
#7256 = CARTESIAN_POINT('',(-90.00424013792,102.21706729337,1.5));
#7257 = CARTESIAN_POINT('',(-89.94055998477,102.21034845819,1.5));
#7258 = CARTESIAN_POINT('',(-89.87706888104,102.20150006438,1.5));
#7259 = CARTESIAN_POINT('',(-89.81386916434,102.19052889374,1.5));
#7260 = CARTESIAN_POINT('',(-89.60289916963,102.14659652342,1.5));
#7261 = CARTESIAN_POINT('',(-89.45691641638,102.10401077073,1.5));
#7262 = CARTESIAN_POINT('',(-89.31446518275,102.04989610456,1.5));
#7263 = CARTESIAN_POINT('',(-89.1768134117,101.98469313697,1.5));
#7264 = CARTESIAN_POINT('',(-88.9304157495,101.84319299655,1.5));
#7265 = CARTESIAN_POINT('',(-88.82022153193,101.769397742,1.5));
#7266 = CARTESIAN_POINT('',(-88.71534371454,101.68814252161,1.5));
#7267 = CARTESIAN_POINT('',(-88.61647137548,101.59998826586,1.5));
#7268 = CARTESIAN_POINT('',(-88.48571627119,101.46624166204,1.5));
#7269 = CARTESIAN_POINT('',(-88.44837846793,101.42579149809,1.5));
#7270 = CARTESIAN_POINT('',(-88.41223191041,101.38430627112,1.5));
#7271 = CARTESIAN_POINT('',(-88.37731600017,101.34183720257,1.5));
#7272 = CARTESIAN_POINT('',(-88.29728923422,101.23862344957,1.5));
#7273 = CARTESIAN_POINT('',(-88.25331753994,101.17704200941,1.5));
#7274 = CARTESIAN_POINT('',(-88.2118456927,101.11383545558,1.5));
#7275 = CARTESIAN_POINT('',(-88.17295349334,101.0491532001,1.5));
#7276 = CARTESIAN_POINT('',(-88.08765455091,100.8938363066,1.5));
#7277 = CARTESIAN_POINT('',(-88.04344595682,100.80210435572,1.5));
#7278 = CARTESIAN_POINT('',(-88.00424345251,100.70834789311,1.5));
#7279 = CARTESIAN_POINT('',(-87.97015511054,100.61297418805,1.5));
#7280 = CARTESIAN_POINT('',(-87.90069775833,100.38105465715,1.5));
#7281 = CARTESIAN_POINT('',(-87.87031122358,100.24335020783,1.5));
#7282 = CARTESIAN_POINT('',(-87.85022052664,100.10446549923,1.5));
#7283 = CARTESIAN_POINT('',(-87.84034026336,99.965577022144,1.5));
#7284 = CARTESIAN_POINT('',(-87.84034036068,99.827848615697,1.5));
#7285 = ( BOUNDED_SURFACE() B_SPLINE_SURFACE(2,1,(
    (#7286,#7287)
    ,(#7288,#7289)
    ,(#7290,#7291)
    ,(#7292,#7293)
    ,(#7294,#7295)
    ,(#7296,#7297)
    ,(#7298,#7299
)),.UNSPECIFIED.,.T.,.F.,.F.) B_SPLINE_SURFACE_WITH_KNOTS((1,2,2,2,2,1),
  (2,2),(-2.094395102394,0.,2.094395102393,4.188790204786,6.28318530718,
    8.377580409573),(0.,118.1102),.UNSPECIFIED.) 
GEOMETRIC_REPRESENTATION_ITEM() RATIONAL_B_SPLINE_SURFACE((
    (1.,1.)
    ,(0.5,0.5)
    ,(1.,1.)
    ,(0.5,0.5)
    ,(1.,1.)
    ,(0.5,0.5)
,(1.,1.))) REPRESENTATION_ITEM('') SURFACE() );
#7286 = CARTESIAN_POINT('',(-87.84034036068,99.827848615697,-1.5));
#7287 = CARTESIAN_POINT('',(-87.84034036068,99.827848615697,
    1.50000508001));
#7288 = CARTESIAN_POINT('',(-87.84034036068,103.98477935269,-1.5));
#7289 = CARTESIAN_POINT('',(-87.84034036068,103.98477935269,
    1.50000508001));
#7290 = CARTESIAN_POINT('',(-91.44034798069,101.90631398419,-1.5));
#7291 = CARTESIAN_POINT('',(-91.44034798069,101.90631398419,
    1.50000508001));
#7292 = CARTESIAN_POINT('',(-95.04035560071,99.827848615697,-1.5));
#7293 = CARTESIAN_POINT('',(-95.04035560071,99.827848615697,
    1.50000508001));
#7294 = CARTESIAN_POINT('',(-91.44034798069,97.749383247197,-1.5));
#7295 = CARTESIAN_POINT('',(-91.44034798069,97.749383247197,
    1.50000508001));
#7296 = CARTESIAN_POINT('',(-87.84034036068,95.670917878696,-1.5));
#7297 = CARTESIAN_POINT('',(-87.84034036068,95.670917878696,
    1.50000508001));
#7298 = CARTESIAN_POINT('',(-87.84034036068,99.827848615697,-1.5));
#7299 = CARTESIAN_POINT('',(-87.84034036068,99.827848615697,
    1.50000508001));
#7300 = ADVANCED_FACE('',(#7301),#7581,.F.);
#7301 = FACE_BOUND('',#7302,.F.);
#7302 = EDGE_LOOP('',(#7303,#7442,#7443,#7444));
#7303 = ORIENTED_EDGE('',*,*,#7304,.F.);
#7304 = EDGE_CURVE('',#4062,#7305,#7307,.T.);
#7305 = VERTEX_POINT('',#7306);
#7306 = CARTESIAN_POINT('',(-1.283002286005,99.695199390399,1.5));
#7307 = B_SPLINE_CURVE_WITH_KNOTS('',5,(#7308,#7309,#7310,#7311,#7312,
    #7313,#7314,#7315,#7316,#7317,#7318,#7319,#7320,#7321,#7322,#7323,
    #7324,#7325,#7326,#7327,#7328,#7329,#7330,#7331,#7332,#7333,#7334,
    #7335,#7336,#7337,#7338,#7339,#7340,#7341,#7342,#7343,#7344,#7345,
    #7346,#7347,#7348,#7349,#7350,#7351,#7352,#7353,#7354,#7355,#7356,
    #7357,#7358,#7359,#7360,#7361,#7362,#7363,#7364,#7365,#7366,#7367,
    #7368,#7369,#7370,#7371,#7372,#7373,#7374,#7375,#7376,#7377,#7378,
    #7379,#7380,#7381,#7382,#7383,#7384,#7385,#7386,#7387,#7388,#7389,
    #7390,#7391,#7392,#7393,#7394,#7395,#7396,#7397,#7398,#7399,#7400,
    #7401,#7402,#7403,#7404,#7405,#7406,#7407,#7408,#7409,#7410,#7411,
    #7412,#7413,#7414,#7415,#7416,#7417,#7418,#7419,#7420,#7421,#7422,
    #7423,#7424,#7425,#7426,#7427,#7428,#7429,#7430,#7431,#7432,#7433,
    #7434,#7435,#7436,#7437,#7438,#7439,#7440,#7441),.UNSPECIFIED.,.T.,
  .F.,(1,5,4,4,4,4,4,4,4,4,4,4,4,4,4,4,4,4,4,4,4,4,4,4,4,4,4,4,4,4,4,4,4
    ,4,5,1),(-4.8028733054E-02,0.,4.71402722038E-02,8.077286134412E-02,
    0.105625788513,0.123657959426,0.166889550156,0.216503336071,
    0.2375345407,0.266044111382,0.305302637807,0.332770329998,
    0.339605183085,0.360688273859,0.399294675244,0.427326415019,
    0.446958044611,0.496767502926,0.546576961241,0.566208590833,
    0.594240330608,0.632846731993,0.647030548644,0.653994219387,
    0.66095789013,0.688943270659,0.728941709311,0.757988604794,
    0.779416188169,0.829965053674,0.87401143766,0.892383464012,
    0.91770479859,0.951971266946,1.,1.047140272204),.UNSPECIFIED.);
#7308 = CARTESIAN_POINT('',(-1.283002286005,99.695199390399,1.5));
#7309 = CARTESIAN_POINT('',(-1.283002188687,99.557470983952,1.5));
#7310 = CARTESIAN_POINT('',(-1.292882451968,99.41858250686,1.5));
#7311 = CARTESIAN_POINT('',(-1.312973148905,99.279697798265,1.5));
#7312 = CARTESIAN_POINT('',(-1.343359683661,99.141993348936,1.5));
#7313 = CARTESIAN_POINT('',(-1.412817035874,98.910073818037,1.5));
#7314 = CARTESIAN_POINT('',(-1.446905377842,98.814700112978,1.5));
#7315 = CARTESIAN_POINT('',(-1.48610788215,98.720943650369,1.5));
#7316 = CARTESIAN_POINT('',(-1.530316476244,98.62921169949,1.5));
#7317 = CARTESIAN_POINT('',(-1.615615418669,98.473894805988,1.5));
#7318 = CARTESIAN_POINT('',(-1.65450761803,98.409212550511,1.5));
#7319 = CARTESIAN_POINT('',(-1.695979465273,98.346005996684,1.5));
#7320 = CARTESIAN_POINT('',(-1.739951159551,98.284424556517,1.5));
#7321 = CARTESIAN_POINT('',(-1.819977925501,98.181210803518,1.5));
#7322 = CARTESIAN_POINT('',(-1.854893835744,98.13874173497,1.5));
#7323 = CARTESIAN_POINT('',(-1.891040393256,98.097256507994,1.5));
#7324 = CARTESIAN_POINT('',(-1.92837819652,98.056806344048,1.5));
#7325 = CARTESIAN_POINT('',(-2.059133300809,97.923059740232,1.5));
#7326 = CARTESIAN_POINT('',(-2.158005639871,97.834905484479,1.5));
#7327 = CARTESIAN_POINT('',(-2.262883457262,97.753650264087,1.5));
#7328 = CARTESIAN_POINT('',(-2.373077674831,97.679855009541,1.5));
#7329 = CARTESIAN_POINT('',(-2.619475337033,97.538354869114,1.5));
#7330 = CARTESIAN_POINT('',(-2.757127108085,97.473151901528,1.5));
#7331 = CARTESIAN_POINT('',(-2.899578341713,97.41903723536,1.5));
#7332 = CARTESIAN_POINT('',(-3.04556109496,97.37645148267,1.5));
#7333 = CARTESIAN_POINT('',(-3.256531089672,97.332519112347,1.5));
#7334 = CARTESIAN_POINT('',(-3.319730806369,97.3215479417,1.5));
#7335 = CARTESIAN_POINT('',(-3.3832219101,97.312699547891,1.5));
#7336 = CARTESIAN_POINT('',(-3.446902063252,97.305980712711,1.5));
#7337 = CARTESIAN_POINT('',(-3.597108784457,97.295166788385,1.5));
#7338 = CARTESIAN_POINT('',(-3.683708107082,97.292854122308,1.5));
#7339 = CARTESIAN_POINT('',(-3.770209189979,97.294448249559,1.5));
#7340 = CARTESIAN_POINT('',(-3.856358089165,97.299916892638,1.5));
#7341 = CARTESIAN_POINT('',(-4.059702883819,97.32198116616,1.5));
#7342 = CARTESIAN_POINT('',(-4.176361724226,97.341994814531,1.5));
#7343 = CARTESIAN_POINT('',(-4.291222101911,97.369080575085,1.5));
#7344 = CARTESIAN_POINT('',(-4.403664189141,97.402976909853,1.5));
#7345 = CARTESIAN_POINT('',(-4.589679777464,97.471547064364,1.5));
#7346 = CARTESIAN_POINT('',(-4.664786089442,97.50293014026,1.5));
#7347 = CARTESIAN_POINT('',(-4.738227775966,97.537345041204,1.5));
#7348 = CARTESIAN_POINT('',(-4.809823058582,97.574644331671,1.5));
#7349 = CARTESIAN_POINT('',(-4.896693743087,97.624598686702,1.5));
#7350 = CARTESIAN_POINT('',(-4.913969978412,97.634772008086,1.5));
#7351 = CARTESIAN_POINT('',(-4.931244629047,97.64518888047,1.5));
#7352 = CARTESIAN_POINT('',(-4.948514839299,97.655853387984,1.5));
#7353 = CARTESIAN_POINT('',(-5.01898082996,97.700415261656,1.5));
#7354 = CARTESIAN_POINT('',(-5.071280533784,97.735931975959,1.5));
#7355 = CARTESIAN_POINT('',(-5.122557008846,97.773279043373,1.5));
#7356 = CARTESIAN_POINT('',(-5.172707474618,97.812413660985,1.5));
#7357 = CARTESIAN_POINT('',(-5.311225051004,97.928122834757,1.5));
#7358 = CARTESIAN_POINT('',(-5.396713330247,98.008783405088,1.5));
#7359 = CARTESIAN_POINT('',(-5.477492881296,98.09494168318,1.5));
#7360 = CARTESIAN_POINT('',(-5.553027352088,98.186189475722,1.5));
#7361 = CARTESIAN_POINT('',(-5.673547283533,98.351626319476,1.5));
#7362 = CARTESIAN_POINT('',(-5.72123433361,98.423643476258,1.5));
#7363 = CARTESIAN_POINT('',(-5.765733028785,98.497898121865,1.5));
#7364 = CARTESIAN_POINT('',(-5.806888759664,98.574185757456,1.5));
#7365 = CARTESIAN_POINT('',(-5.870959826869,98.706980563401,1.5));
#7366 = CARTESIAN_POINT('',(-5.895645556081,98.762564993074,1.5));
#7367 = CARTESIAN_POINT('',(-5.918582354181,98.818962325108,1.5));
#7368 = CARTESIAN_POINT('',(-5.939731293316,98.87609375341,1.5));
#7369 = CARTESIAN_POINT('',(-6.008099044295,99.080485701105,1.5));
#7370 = CARTESIAN_POINT('',(-6.045419440271,99.231301395309,1.5));
#7371 = CARTESIAN_POINT('',(-6.070480921557,99.384970848676,1.5));
#7372 = CARTESIAN_POINT('',(-6.083012591903,99.540088979584,1.5));
#7373 = CARTESIAN_POINT('',(-6.083012591903,99.850309801205,1.5));
#7374 = CARTESIAN_POINT('',(-6.070480921557,100.00542793211,1.5));
#7375 = CARTESIAN_POINT('',(-6.045419440271,100.15909738548,1.5));
#7376 = CARTESIAN_POINT('',(-6.008099044295,100.30991307968,1.5));
#7377 = CARTESIAN_POINT('',(-5.939731293317,100.51430502737,1.5));
#7378 = CARTESIAN_POINT('',(-5.918582354182,100.57143645568,1.5));
#7379 = CARTESIAN_POINT('',(-5.895645556082,100.62783378771,1.5));
#7380 = CARTESIAN_POINT('',(-5.87095982687,100.68341821738,1.5));
#7381 = CARTESIAN_POINT('',(-5.806888759665,100.81621302333,1.5));
#7382 = CARTESIAN_POINT('',(-5.765733028786,100.89250065892,1.5));
#7383 = CARTESIAN_POINT('',(-5.721234333611,100.96675530453,1.5));
#7384 = CARTESIAN_POINT('',(-5.673547283534,101.03877246131,1.5));
#7385 = CARTESIAN_POINT('',(-5.553027352089,101.20420930506,1.5));
#7386 = CARTESIAN_POINT('',(-5.477492881297,101.2954570976,1.5));
#7387 = CARTESIAN_POINT('',(-5.396713330249,101.3816153757,1.5));
#7388 = CARTESIAN_POINT('',(-5.311225051006,101.46227594603,1.5));
#7389 = CARTESIAN_POINT('',(-5.188718194851,101.56461072243,1.5));
#7390 = CARTESIAN_POINT('',(-5.155248599804,101.59132090154,1.5));
#7391 = CARTESIAN_POINT('',(-5.121254810888,101.61722975902,1.5));
#7392 = CARTESIAN_POINT('',(-5.086767662726,101.64232334027,1.5));
#7393 = CARTESIAN_POINT('',(-5.034660603833,101.67850326467,1.5));
#7394 = CARTESIAN_POINT('',(-5.017470262816,101.69016249948,1.5));
#7395 = CARTESIAN_POINT('',(-5.000253853946,101.70156946398,1.5));
#7396 = CARTESIAN_POINT('',(-4.983017045852,101.7127265553,1.5));
#7397 = CARTESIAN_POINT('',(-4.948514839301,101.7345453928,1.5));
#7398 = CARTESIAN_POINT('',(-4.931244629048,101.74520990031,1.5));
#7399 = CARTESIAN_POINT('',(-4.913969978413,101.7556267727,1.5));
#7400 = CARTESIAN_POINT('',(-4.896693743089,101.76580009408,1.5));
#7401 = CARTESIAN_POINT('',(-4.809823058583,101.81575444911,1.5));
#7402 = CARTESIAN_POINT('',(-4.738227775968,101.85305373958,1.5));
#7403 = CARTESIAN_POINT('',(-4.664786089444,101.88746864052,1.5));
#7404 = CARTESIAN_POINT('',(-4.589679777466,101.91885171642,1.5));
#7405 = CARTESIAN_POINT('',(-4.403664189143,101.98742187093,1.5));
#7406 = CARTESIAN_POINT('',(-4.291222101912,102.0213182057,1.5));
#7407 = CARTESIAN_POINT('',(-4.176361724227,102.04840396625,1.5));
#7408 = CARTESIAN_POINT('',(-4.059702883821,102.06841761463,1.5));
#7409 = CARTESIAN_POINT('',(-3.856358089167,102.09048188815,1.5));
#7410 = CARTESIAN_POINT('',(-3.77020918998,102.09595053123,1.5));
#7411 = CARTESIAN_POINT('',(-3.683708107083,102.09754465848,1.5));
#7412 = CARTESIAN_POINT('',(-3.597108784458,102.0952319924,1.5));
#7413 = CARTESIAN_POINT('',(-3.446902063254,102.08441806808,1.5));
#7414 = CARTESIAN_POINT('',(-3.383221910102,102.0776992329,1.5));
#7415 = CARTESIAN_POINT('',(-3.31973080637,102.06885083909,1.5));
#7416 = CARTESIAN_POINT('',(-3.256531089673,102.05787966844,1.5));
#7417 = CARTESIAN_POINT('',(-3.045561094962,102.01394729812,1.5));
#7418 = CARTESIAN_POINT('',(-2.899578341714,101.97136154543,1.5));
#7419 = CARTESIAN_POINT('',(-2.757127108086,101.91724687926,1.5));
#7420 = CARTESIAN_POINT('',(-2.619475337034,101.85204391168,1.5));
#7421 = CARTESIAN_POINT('',(-2.373077674832,101.71054377125,1.5));
#7422 = CARTESIAN_POINT('',(-2.262883457263,101.6367485167,1.5));
#7423 = CARTESIAN_POINT('',(-2.158005639872,101.55549329631,1.5));
#7424 = CARTESIAN_POINT('',(-2.059133300809,101.46733904056,1.5));
#7425 = CARTESIAN_POINT('',(-1.92837819652,101.33359243674,1.5));
#7426 = CARTESIAN_POINT('',(-1.891040393256,101.2931422728,1.5));
#7427 = CARTESIAN_POINT('',(-1.854893835745,101.25165704582,1.5));
#7428 = CARTESIAN_POINT('',(-1.819977925501,101.20918797727,1.5));
#7429 = CARTESIAN_POINT('',(-1.739951159551,101.10597422428,1.5));
#7430 = CARTESIAN_POINT('',(-1.695979465274,101.04439278411,1.5));
#7431 = CARTESIAN_POINT('',(-1.65450761803,100.98118623028,1.5));
#7432 = CARTESIAN_POINT('',(-1.61561541867,100.9165039748,1.5));
#7433 = CARTESIAN_POINT('',(-1.530316476244,100.7611870813,1.5));
#7434 = CARTESIAN_POINT('',(-1.48610788215,100.66945513042,1.5));
#7435 = CARTESIAN_POINT('',(-1.446905377842,100.57569866782,1.5));
#7436 = CARTESIAN_POINT('',(-1.412817035874,100.48032496276,1.5));
#7437 = CARTESIAN_POINT('',(-1.343359683661,100.24840543186,1.5));
#7438 = CARTESIAN_POINT('',(-1.312973148905,100.11070098253,1.5));
#7439 = CARTESIAN_POINT('',(-1.292882451968,99.971816273938,1.5));
#7440 = CARTESIAN_POINT('',(-1.283002188687,99.832927796846,1.5));
#7441 = CARTESIAN_POINT('',(-1.283002286005,99.695199390399,1.5));
#7442 = ORIENTED_EDGE('',*,*,#4061,.F.);
#7443 = ORIENTED_EDGE('',*,*,#4047,.F.);
#7444 = ORIENTED_EDGE('',*,*,#7445,.F.);
#7445 = EDGE_CURVE('',#7305,#4048,#7446,.T.);
#7446 = B_SPLINE_CURVE_WITH_KNOTS('',5,(#7447,#7448,#7449,#7450,#7451,
    #7452,#7453,#7454,#7455,#7456,#7457,#7458,#7459,#7460,#7461,#7462,
    #7463,#7464,#7465,#7466,#7467,#7468,#7469,#7470,#7471,#7472,#7473,
    #7474,#7475,#7476,#7477,#7478,#7479,#7480,#7481,#7482,#7483,#7484,
    #7485,#7486,#7487,#7488,#7489,#7490,#7491,#7492,#7493,#7494,#7495,
    #7496,#7497,#7498,#7499,#7500,#7501,#7502,#7503,#7504,#7505,#7506,
    #7507,#7508,#7509,#7510,#7511,#7512,#7513,#7514,#7515,#7516,#7517,
    #7518,#7519,#7520,#7521,#7522,#7523,#7524,#7525,#7526,#7527,#7528,
    #7529,#7530,#7531,#7532,#7533,#7534,#7535,#7536,#7537,#7538,#7539,
    #7540,#7541,#7542,#7543,#7544,#7545,#7546,#7547,#7548,#7549,#7550,
    #7551,#7552,#7553,#7554,#7555,#7556,#7557,#7558,#7559,#7560,#7561,
    #7562,#7563,#7564,#7565,#7566,#7567,#7568,#7569,#7570,#7571,#7572,
    #7573,#7574,#7575,#7576,#7577,#7578,#7579,#7580),.UNSPECIFIED.,.T.,
  .F.,(1,5,4,4,4,4,4,4,4,4,4,4,4,4,4,4,4,4,4,4,4,4,4,4,4,4,4,4,4,4,4,4,4
    ,4,5,1),(-4.8028733054E-02,0.,4.71402722038E-02,8.077286134412E-02,
    0.105625788513,0.123657959426,0.166889550156,0.216503336071,
    0.2375345407,0.266044111382,0.305302637807,0.332770329998,
    0.339605183085,0.360688273859,0.399294675244,0.427326415019,
    0.446958044611,0.496767502926,0.546576961241,0.566208590833,
    0.594240330608,0.632846731993,0.647030548644,0.653994219387,
    0.66095789013,0.688943270659,0.728941709311,0.757988604794,
    0.779416188169,0.829965053674,0.87401143766,0.892383464012,
    0.91770479859,0.951971266946,1.,1.047140272204),.UNSPECIFIED.);
#7447 = CARTESIAN_POINT('',(-1.283002286005,99.695199390399,1.5));
#7448 = CARTESIAN_POINT('',(-1.283002188687,99.557470983952,1.5));
#7449 = CARTESIAN_POINT('',(-1.292882451968,99.41858250686,1.5));
#7450 = CARTESIAN_POINT('',(-1.312973148905,99.279697798265,1.5));
#7451 = CARTESIAN_POINT('',(-1.343359683661,99.141993348936,1.5));
#7452 = CARTESIAN_POINT('',(-1.412817035874,98.910073818037,1.5));
#7453 = CARTESIAN_POINT('',(-1.446905377842,98.814700112978,1.5));
#7454 = CARTESIAN_POINT('',(-1.48610788215,98.720943650369,1.5));
#7455 = CARTESIAN_POINT('',(-1.530316476244,98.62921169949,1.5));
#7456 = CARTESIAN_POINT('',(-1.615615418669,98.473894805988,1.5));
#7457 = CARTESIAN_POINT('',(-1.65450761803,98.409212550511,1.5));
#7458 = CARTESIAN_POINT('',(-1.695979465273,98.346005996684,1.5));
#7459 = CARTESIAN_POINT('',(-1.739951159551,98.284424556517,1.5));
#7460 = CARTESIAN_POINT('',(-1.819977925501,98.181210803518,1.5));
#7461 = CARTESIAN_POINT('',(-1.854893835744,98.13874173497,1.5));
#7462 = CARTESIAN_POINT('',(-1.891040393256,98.097256507994,1.5));
#7463 = CARTESIAN_POINT('',(-1.92837819652,98.056806344048,1.5));
#7464 = CARTESIAN_POINT('',(-2.059133300809,97.923059740232,1.5));
#7465 = CARTESIAN_POINT('',(-2.158005639871,97.834905484479,1.5));
#7466 = CARTESIAN_POINT('',(-2.262883457262,97.753650264087,1.5));
#7467 = CARTESIAN_POINT('',(-2.373077674831,97.679855009541,1.5));
#7468 = CARTESIAN_POINT('',(-2.619475337033,97.538354869114,1.5));
#7469 = CARTESIAN_POINT('',(-2.757127108085,97.473151901528,1.5));
#7470 = CARTESIAN_POINT('',(-2.899578341713,97.41903723536,1.5));
#7471 = CARTESIAN_POINT('',(-3.04556109496,97.37645148267,1.5));
#7472 = CARTESIAN_POINT('',(-3.256531089672,97.332519112347,1.5));
#7473 = CARTESIAN_POINT('',(-3.319730806369,97.3215479417,1.5));
#7474 = CARTESIAN_POINT('',(-3.3832219101,97.312699547891,1.5));
#7475 = CARTESIAN_POINT('',(-3.446902063252,97.305980712711,1.5));
#7476 = CARTESIAN_POINT('',(-3.597108784457,97.295166788385,1.5));
#7477 = CARTESIAN_POINT('',(-3.683708107082,97.292854122308,1.5));
#7478 = CARTESIAN_POINT('',(-3.770209189979,97.294448249559,1.5));
#7479 = CARTESIAN_POINT('',(-3.856358089165,97.299916892638,1.5));
#7480 = CARTESIAN_POINT('',(-4.059702883819,97.32198116616,1.5));
#7481 = CARTESIAN_POINT('',(-4.176361724226,97.341994814531,1.5));
#7482 = CARTESIAN_POINT('',(-4.291222101911,97.369080575085,1.5));
#7483 = CARTESIAN_POINT('',(-4.403664189141,97.402976909853,1.5));
#7484 = CARTESIAN_POINT('',(-4.589679777464,97.471547064364,1.5));
#7485 = CARTESIAN_POINT('',(-4.664786089442,97.50293014026,1.5));
#7486 = CARTESIAN_POINT('',(-4.738227775966,97.537345041204,1.5));
#7487 = CARTESIAN_POINT('',(-4.809823058582,97.574644331671,1.5));
#7488 = CARTESIAN_POINT('',(-4.896693743087,97.624598686702,1.5));
#7489 = CARTESIAN_POINT('',(-4.913969978412,97.634772008086,1.5));
#7490 = CARTESIAN_POINT('',(-4.931244629047,97.64518888047,1.5));
#7491 = CARTESIAN_POINT('',(-4.948514839299,97.655853387984,1.5));
#7492 = CARTESIAN_POINT('',(-5.01898082996,97.700415261656,1.5));
#7493 = CARTESIAN_POINT('',(-5.071280533784,97.735931975959,1.5));
#7494 = CARTESIAN_POINT('',(-5.122557008846,97.773279043373,1.5));
#7495 = CARTESIAN_POINT('',(-5.172707474618,97.812413660985,1.5));
#7496 = CARTESIAN_POINT('',(-5.311225051004,97.928122834757,1.5));
#7497 = CARTESIAN_POINT('',(-5.396713330247,98.008783405088,1.5));
#7498 = CARTESIAN_POINT('',(-5.477492881296,98.09494168318,1.5));
#7499 = CARTESIAN_POINT('',(-5.553027352088,98.186189475722,1.5));
#7500 = CARTESIAN_POINT('',(-5.673547283533,98.351626319476,1.5));
#7501 = CARTESIAN_POINT('',(-5.72123433361,98.423643476258,1.5));
#7502 = CARTESIAN_POINT('',(-5.765733028785,98.497898121865,1.5));
#7503 = CARTESIAN_POINT('',(-5.806888759664,98.574185757456,1.5));
#7504 = CARTESIAN_POINT('',(-5.870959826869,98.706980563401,1.5));
#7505 = CARTESIAN_POINT('',(-5.895645556081,98.762564993074,1.5));
#7506 = CARTESIAN_POINT('',(-5.918582354181,98.818962325108,1.5));
#7507 = CARTESIAN_POINT('',(-5.939731293316,98.87609375341,1.5));
#7508 = CARTESIAN_POINT('',(-6.008099044295,99.080485701105,1.5));
#7509 = CARTESIAN_POINT('',(-6.045419440271,99.231301395309,1.5));
#7510 = CARTESIAN_POINT('',(-6.070480921557,99.384970848676,1.5));
#7511 = CARTESIAN_POINT('',(-6.083012591903,99.540088979584,1.5));
#7512 = CARTESIAN_POINT('',(-6.083012591903,99.850309801205,1.5));
#7513 = CARTESIAN_POINT('',(-6.070480921557,100.00542793211,1.5));
#7514 = CARTESIAN_POINT('',(-6.045419440271,100.15909738548,1.5));
#7515 = CARTESIAN_POINT('',(-6.008099044295,100.30991307968,1.5));
#7516 = CARTESIAN_POINT('',(-5.939731293317,100.51430502737,1.5));
#7517 = CARTESIAN_POINT('',(-5.918582354182,100.57143645568,1.5));
#7518 = CARTESIAN_POINT('',(-5.895645556082,100.62783378771,1.5));
#7519 = CARTESIAN_POINT('',(-5.87095982687,100.68341821738,1.5));
#7520 = CARTESIAN_POINT('',(-5.806888759665,100.81621302333,1.5));
#7521 = CARTESIAN_POINT('',(-5.765733028786,100.89250065892,1.5));
#7522 = CARTESIAN_POINT('',(-5.721234333611,100.96675530453,1.5));
#7523 = CARTESIAN_POINT('',(-5.673547283534,101.03877246131,1.5));
#7524 = CARTESIAN_POINT('',(-5.553027352089,101.20420930506,1.5));
#7525 = CARTESIAN_POINT('',(-5.477492881297,101.2954570976,1.5));
#7526 = CARTESIAN_POINT('',(-5.396713330249,101.3816153757,1.5));
#7527 = CARTESIAN_POINT('',(-5.311225051006,101.46227594603,1.5));
#7528 = CARTESIAN_POINT('',(-5.188718194851,101.56461072243,1.5));
#7529 = CARTESIAN_POINT('',(-5.155248599804,101.59132090154,1.5));
#7530 = CARTESIAN_POINT('',(-5.121254810888,101.61722975902,1.5));
#7531 = CARTESIAN_POINT('',(-5.086767662726,101.64232334027,1.5));
#7532 = CARTESIAN_POINT('',(-5.034660603833,101.67850326467,1.5));
#7533 = CARTESIAN_POINT('',(-5.017470262816,101.69016249948,1.5));
#7534 = CARTESIAN_POINT('',(-5.000253853946,101.70156946398,1.5));
#7535 = CARTESIAN_POINT('',(-4.983017045852,101.7127265553,1.5));
#7536 = CARTESIAN_POINT('',(-4.948514839301,101.7345453928,1.5));
#7537 = CARTESIAN_POINT('',(-4.931244629048,101.74520990031,1.5));
#7538 = CARTESIAN_POINT('',(-4.913969978413,101.7556267727,1.5));
#7539 = CARTESIAN_POINT('',(-4.896693743089,101.76580009408,1.5));
#7540 = CARTESIAN_POINT('',(-4.809823058583,101.81575444911,1.5));
#7541 = CARTESIAN_POINT('',(-4.738227775968,101.85305373958,1.5));
#7542 = CARTESIAN_POINT('',(-4.664786089444,101.88746864052,1.5));
#7543 = CARTESIAN_POINT('',(-4.589679777466,101.91885171642,1.5));
#7544 = CARTESIAN_POINT('',(-4.403664189143,101.98742187093,1.5));
#7545 = CARTESIAN_POINT('',(-4.291222101912,102.0213182057,1.5));
#7546 = CARTESIAN_POINT('',(-4.176361724227,102.04840396625,1.5));
#7547 = CARTESIAN_POINT('',(-4.059702883821,102.06841761463,1.5));
#7548 = CARTESIAN_POINT('',(-3.856358089167,102.09048188815,1.5));
#7549 = CARTESIAN_POINT('',(-3.77020918998,102.09595053123,1.5));
#7550 = CARTESIAN_POINT('',(-3.683708107083,102.09754465848,1.5));
#7551 = CARTESIAN_POINT('',(-3.597108784458,102.0952319924,1.5));
#7552 = CARTESIAN_POINT('',(-3.446902063254,102.08441806808,1.5));
#7553 = CARTESIAN_POINT('',(-3.383221910102,102.0776992329,1.5));
#7554 = CARTESIAN_POINT('',(-3.31973080637,102.06885083909,1.5));
#7555 = CARTESIAN_POINT('',(-3.256531089673,102.05787966844,1.5));
#7556 = CARTESIAN_POINT('',(-3.045561094962,102.01394729812,1.5));
#7557 = CARTESIAN_POINT('',(-2.899578341714,101.97136154543,1.5));
#7558 = CARTESIAN_POINT('',(-2.757127108086,101.91724687926,1.5));
#7559 = CARTESIAN_POINT('',(-2.619475337034,101.85204391168,1.5));
#7560 = CARTESIAN_POINT('',(-2.373077674832,101.71054377125,1.5));
#7561 = CARTESIAN_POINT('',(-2.262883457263,101.6367485167,1.5));
#7562 = CARTESIAN_POINT('',(-2.158005639872,101.55549329631,1.5));
#7563 = CARTESIAN_POINT('',(-2.059133300809,101.46733904056,1.5));
#7564 = CARTESIAN_POINT('',(-1.92837819652,101.33359243674,1.5));
#7565 = CARTESIAN_POINT('',(-1.891040393256,101.2931422728,1.5));
#7566 = CARTESIAN_POINT('',(-1.854893835745,101.25165704582,1.5));
#7567 = CARTESIAN_POINT('',(-1.819977925501,101.20918797727,1.5));
#7568 = CARTESIAN_POINT('',(-1.739951159551,101.10597422428,1.5));
#7569 = CARTESIAN_POINT('',(-1.695979465274,101.04439278411,1.5));
#7570 = CARTESIAN_POINT('',(-1.65450761803,100.98118623028,1.5));
#7571 = CARTESIAN_POINT('',(-1.61561541867,100.9165039748,1.5));
#7572 = CARTESIAN_POINT('',(-1.530316476244,100.7611870813,1.5));
#7573 = CARTESIAN_POINT('',(-1.48610788215,100.66945513042,1.5));
#7574 = CARTESIAN_POINT('',(-1.446905377842,100.57569866782,1.5));
#7575 = CARTESIAN_POINT('',(-1.412817035874,100.48032496276,1.5));
#7576 = CARTESIAN_POINT('',(-1.343359683661,100.24840543186,1.5));
#7577 = CARTESIAN_POINT('',(-1.312973148905,100.11070098253,1.5));
#7578 = CARTESIAN_POINT('',(-1.292882451968,99.971816273938,1.5));
#7579 = CARTESIAN_POINT('',(-1.283002188687,99.832927796846,1.5));
#7580 = CARTESIAN_POINT('',(-1.283002286005,99.695199390399,1.5));
#7581 = ( BOUNDED_SURFACE() B_SPLINE_SURFACE(2,1,(
    (#7582,#7583)
    ,(#7584,#7585)
    ,(#7586,#7587)
    ,(#7588,#7589)
    ,(#7590,#7591)
    ,(#7592,#7593)
    ,(#7594,#7595
)),.UNSPECIFIED.,.T.,.F.,.F.) B_SPLINE_SURFACE_WITH_KNOTS((1,2,2,2,2,1),
  (2,2),(-2.094395102394,0.,2.094395102393,4.188790204786,6.28318530718,
    8.377580409573),(0.,118.1102),.UNSPECIFIED.) 
GEOMETRIC_REPRESENTATION_ITEM() RATIONAL_B_SPLINE_SURFACE((
    (1.,1.)
    ,(0.5,0.5)
    ,(1.,1.)
    ,(0.5,0.5)
    ,(1.,1.)
    ,(0.5,0.5)
,(1.,1.))) REPRESENTATION_ITEM('') SURFACE() );
#7582 = CARTESIAN_POINT('',(-1.283002286005,99.695199390399,-1.5));
#7583 = CARTESIAN_POINT('',(-1.283002286005,99.695199390399,
    1.50000508001));
#7584 = CARTESIAN_POINT('',(-1.283002286005,103.8521301274,-1.5));
#7585 = CARTESIAN_POINT('',(-1.283002286005,103.8521301274,1.50000508001
    ));
#7586 = CARTESIAN_POINT('',(-4.88300990602,101.77366475889,-1.5));
#7587 = CARTESIAN_POINT('',(-4.88300990602,101.77366475889,1.50000508001
    ));
#7588 = CARTESIAN_POINT('',(-8.483017526035,99.695199390399,-1.5));
#7589 = CARTESIAN_POINT('',(-8.483017526035,99.695199390399,
    1.50000508001));
#7590 = CARTESIAN_POINT('',(-4.88300990602,97.616734021898,-1.5));
#7591 = CARTESIAN_POINT('',(-4.88300990602,97.616734021898,1.50000508001
    ));
#7592 = CARTESIAN_POINT('',(-1.283002286005,95.538268653398,-1.5));
#7593 = CARTESIAN_POINT('',(-1.283002286005,95.538268653398,
    1.50000508001));
#7594 = CARTESIAN_POINT('',(-1.283002286005,99.695199390399,-1.5));
#7595 = CARTESIAN_POINT('',(-1.283002286005,99.695199390399,
    1.50000508001));
#7596 = ADVANCED_FACE('',(#7597),#7697,.T.);
#7597 = FACE_BOUND('',#7598,.T.);
#7598 = EDGE_LOOP('',(#7599,#7607,#7614,#7624,#7625,#7631,#7632,#7633,
    #7640,#7648,#7653,#7654,#7661,#7669,#7674,#7675,#7682,#7690,#7695,
    #7696));
#7599 = ORIENTED_EDGE('',*,*,#7600,.T.);
#7600 = EDGE_CURVE('',#5587,#7601,#7603,.T.);
#7601 = VERTEX_POINT('',#7602);
#7602 = CARTESIAN_POINT('',(-2.029003972568,66.167132334265,
    4.000008636017));
#7603 = ( BOUNDED_CURVE() B_SPLINE_CURVE(2,(#7604,#7605,#7606),
.UNSPECIFIED.,.F.,.F.) B_SPLINE_CURVE_WITH_KNOTS((3,3),(6.056530552424,
6.28318530718),.PIECEWISE_BEZIER_KNOTS.) CURVE() 
GEOMETRIC_REPRESENTATION_ITEM() RATIONAL_B_SPLINE_CURVE((1.,
0.993585322538,1.)) REPRESENTATION_ITEM('') );
#7604 = CARTESIAN_POINT('',(-2.097293135839,65.567131115062,
    4.000008636017));
#7605 = CARTESIAN_POINT('',(-2.029003972568,65.86324555771,
    4.000008636017));
#7606 = CARTESIAN_POINT('',(-2.029003972568,66.167132334265,
    4.000008636017));
#7607 = ORIENTED_EDGE('',*,*,#7608,.T.);
#7608 = EDGE_CURVE('',#7601,#7609,#7611,.T.);
#7609 = VERTEX_POINT('',#7610);
#7610 = CARTESIAN_POINT('',(-2.029003972568,66.167132334265,
    6.000012700025));
#7611 = B_SPLINE_CURVE_WITH_KNOTS('',1,(#7612,#7613),.UNSPECIFIED.,.F.,
  .F.,(2,2),(157.48034,236.2205),.PIECEWISE_BEZIER_KNOTS.);
#7612 = CARTESIAN_POINT('',(-2.029003972568,66.167132334265,
    4.000008636017));
#7613 = CARTESIAN_POINT('',(-2.029003972568,66.167132334265,
    6.000012700025));
#7614 = ORIENTED_EDGE('',*,*,#7615,.F.);
#7615 = EDGE_CURVE('',#7609,#7609,#7616,.T.);
#7616 = ( BOUNDED_CURVE() B_SPLINE_CURVE(2,(#7617,#7618,#7619,#7620,
#7621,#7622,#7623),.UNSPECIFIED.,.T.,.F.) B_SPLINE_CURVE_WITH_KNOTS((1,2
    ,2,2,2,1),(-2.094395102394,0.,2.094395102393,4.188790204786,
6.28318530718,8.377580409573),.UNSPECIFIED.) CURVE() 
GEOMETRIC_REPRESENTATION_ITEM() RATIONAL_B_SPLINE_CURVE((1.,0.5,1.,0.5,
1.,0.5,1.)) REPRESENTATION_ITEM('') );
#7617 = CARTESIAN_POINT('',(-2.029003972568,66.167132334265,
    6.000012700025));
#7618 = CARTESIAN_POINT('',(-2.029003972568,70.79171738763,
    6.000012700025));
#7619 = CARTESIAN_POINT('',(-6.034012110744,68.479424860947,
    6.000012700025));
#7620 = CARTESIAN_POINT('',(-10.03902024892,66.167132334265,
    6.000012700025));
#7621 = CARTESIAN_POINT('',(-6.034012110744,63.854839807582,
    6.000012700025));
#7622 = CARTESIAN_POINT('',(-2.029003972568,61.542547280899,
    6.000012700025));
#7623 = CARTESIAN_POINT('',(-2.029003972568,66.167132334265,
    6.000012700025));
#7624 = ORIENTED_EDGE('',*,*,#7608,.F.);
#7625 = ORIENTED_EDGE('',*,*,#7626,.T.);
#7626 = EDGE_CURVE('',#7601,#5638,#7627,.T.);
#7627 = ( BOUNDED_CURVE() B_SPLINE_CURVE(2,(#7628,#7629,#7630),
.UNSPECIFIED.,.F.,.F.) B_SPLINE_CURVE_WITH_KNOTS((3,3),(0.,
0.226654754756),.PIECEWISE_BEZIER_KNOTS.) CURVE() 
GEOMETRIC_REPRESENTATION_ITEM() RATIONAL_B_SPLINE_CURVE((1.,
0.993585322538,1.)) REPRESENTATION_ITEM('') );
#7628 = CARTESIAN_POINT('',(-2.029003972568,66.167132334265,
    4.000008636017));
#7629 = CARTESIAN_POINT('',(-2.029003972568,66.471019110819,
    4.000008636017));
#7630 = CARTESIAN_POINT('',(-2.097293135839,66.767133553467,
    4.000008636017));
#7631 = ORIENTED_EDGE('',*,*,#5637,.F.);
#7632 = ORIENTED_EDGE('',*,*,#4433,.T.);
#7633 = ORIENTED_EDGE('',*,*,#7634,.T.);
#7634 = EDGE_CURVE('',#4434,#7635,#7637,.T.);
#7635 = VERTEX_POINT('',#7636);
#7636 = CARTESIAN_POINT('',(-4.099008178816,68.768848596445,
    4.000008636017));
#7637 = B_SPLINE_CURVE_WITH_KNOTS('',1,(#7638,#7639),.UNSPECIFIED.,.F.,
  .F.,(2,2),(59.0551,157.48034),.PIECEWISE_BEZIER_KNOTS.);
#7638 = CARTESIAN_POINT('',(-4.099008178816,68.768848596445,
    1.500002540005));
#7639 = CARTESIAN_POINT('',(-4.099008178816,68.768848596445,
    4.000008636017));
#7640 = ORIENTED_EDGE('',*,*,#7641,.T.);
#7641 = EDGE_CURVE('',#7635,#7642,#7644,.T.);
#7642 = VERTEX_POINT('',#7643);
#7643 = CARTESIAN_POINT('',(-5.299010617221,68.768848596445,
    4.000008636017));
#7644 = ( BOUNDED_CURVE() B_SPLINE_CURVE(2,(#7645,#7646,#7647),
.UNSPECIFIED.,.F.,.F.) B_SPLINE_CURVE_WITH_KNOTS((3,3),(1.344141572039,
1.79745108155),.PIECEWISE_BEZIER_KNOTS.) CURVE() 
GEOMETRIC_REPRESENTATION_ITEM() RATIONAL_B_SPLINE_CURVE((1.,
0.974423586327,1.)) REPRESENTATION_ITEM('') );
#7645 = CARTESIAN_POINT('',(-4.099008178816,68.768848596445,
    4.000008636017));
#7646 = CARTESIAN_POINT('',(-4.699009398019,68.907219358959,
    4.000008636017));
#7647 = CARTESIAN_POINT('',(-5.299010617221,68.768848596445,
    4.000008636017));
#7648 = ORIENTED_EDGE('',*,*,#7649,.F.);
#7649 = EDGE_CURVE('',#4456,#7642,#7650,.T.);
#7650 = B_SPLINE_CURVE_WITH_KNOTS('',1,(#7651,#7652),.UNSPECIFIED.,.F.,
  .F.,(2,2),(59.0551,157.48034),.PIECEWISE_BEZIER_KNOTS.);
#7651 = CARTESIAN_POINT('',(-5.299010617221,68.768848596445,
    1.500002540005));
#7652 = CARTESIAN_POINT('',(-5.299010617221,68.768848596445,
    4.000008636017));
#7653 = ORIENTED_EDGE('',*,*,#4462,.T.);
#7654 = ORIENTED_EDGE('',*,*,#7655,.T.);
#7655 = EDGE_CURVE('',#4463,#7656,#7658,.T.);
#7656 = VERTEX_POINT('',#7657);
#7657 = CARTESIAN_POINT('',(-7.300725660199,66.767133553467,
    4.000008636017));
#7658 = B_SPLINE_CURVE_WITH_KNOTS('',1,(#7659,#7660),.UNSPECIFIED.,.F.,
  .F.,(2,2),(59.0551,157.48034),.PIECEWISE_BEZIER_KNOTS.);
#7659 = CARTESIAN_POINT('',(-7.300725660199,66.767133553467,
    1.500002540005));
#7660 = CARTESIAN_POINT('',(-7.300725660199,66.767133553467,
    4.000008636017));
#7661 = ORIENTED_EDGE('',*,*,#7662,.T.);
#7662 = EDGE_CURVE('',#7656,#7663,#7665,.T.);
#7663 = VERTEX_POINT('',#7664);
#7664 = CARTESIAN_POINT('',(-7.300725660199,65.567131115062,
    4.000008636017));
#7665 = ( BOUNDED_CURVE() B_SPLINE_CURVE(2,(#7666,#7667,#7668),
.UNSPECIFIED.,.F.,.F.) B_SPLINE_CURVE_WITH_KNOTS((3,3),(2.914937898834,
3.368247408345),.PIECEWISE_BEZIER_KNOTS.) CURVE() 
GEOMETRIC_REPRESENTATION_ITEM() RATIONAL_B_SPLINE_CURVE((1.,
0.974423586327,1.)) REPRESENTATION_ITEM('') );
#7666 = CARTESIAN_POINT('',(-7.300725660199,66.767133553467,
    4.000008636017));
#7667 = CARTESIAN_POINT('',(-7.439096422714,66.167132334265,
    4.000008636017));
#7668 = CARTESIAN_POINT('',(-7.300725660199,65.567131115062,
    4.000008636017));
#7669 = ORIENTED_EDGE('',*,*,#7670,.F.);
#7670 = EDGE_CURVE('',#4485,#7663,#7671,.T.);
#7671 = B_SPLINE_CURVE_WITH_KNOTS('',1,(#7672,#7673),.UNSPECIFIED.,.F.,
  .F.,(2,2),(59.0551,157.48034),.PIECEWISE_BEZIER_KNOTS.);
#7672 = CARTESIAN_POINT('',(-7.300725660199,65.567131115062,
    1.500002540005));
#7673 = CARTESIAN_POINT('',(-7.300725660199,65.567131115062,
    4.000008636017));
#7674 = ORIENTED_EDGE('',*,*,#4491,.T.);
#7675 = ORIENTED_EDGE('',*,*,#7676,.T.);
#7676 = EDGE_CURVE('',#4492,#7677,#7679,.T.);
#7677 = VERTEX_POINT('',#7678);
#7678 = CARTESIAN_POINT('',(-5.299010617221,63.565416072085,
    4.000008636017));
#7679 = B_SPLINE_CURVE_WITH_KNOTS('',1,(#7680,#7681),.UNSPECIFIED.,.F.,
  .F.,(2,2),(59.0551,157.48034),.PIECEWISE_BEZIER_KNOTS.);
#7680 = CARTESIAN_POINT('',(-5.299010617221,63.565416072085,
    1.500002540005));
#7681 = CARTESIAN_POINT('',(-5.299010617221,63.565416072085,
    4.000008636017));
#7682 = ORIENTED_EDGE('',*,*,#7683,.T.);
#7683 = EDGE_CURVE('',#7677,#7684,#7686,.T.);
#7684 = VERTEX_POINT('',#7685);
#7685 = CARTESIAN_POINT('',(-4.099008178816,63.565416072085,
    4.000008636017));
#7686 = ( BOUNDED_CURVE() B_SPLINE_CURVE(2,(#7687,#7688,#7689),
.UNSPECIFIED.,.F.,.F.) B_SPLINE_CURVE_WITH_KNOTS((3,3),(4.485734225629,
4.93904373514),.PIECEWISE_BEZIER_KNOTS.) CURVE() 
GEOMETRIC_REPRESENTATION_ITEM() RATIONAL_B_SPLINE_CURVE((1.,
0.974423586327,1.)) REPRESENTATION_ITEM('') );
#7687 = CARTESIAN_POINT('',(-5.299010617221,63.565416072085,
    4.000008636017));
#7688 = CARTESIAN_POINT('',(-4.699009398019,63.42704530957,
    4.000008636017));
#7689 = CARTESIAN_POINT('',(-4.099008178816,63.565416072085,
    4.000008636017));
#7690 = ORIENTED_EDGE('',*,*,#7691,.F.);
#7691 = EDGE_CURVE('',#4514,#7684,#7692,.T.);
#7692 = B_SPLINE_CURVE_WITH_KNOTS('',1,(#7693,#7694),.UNSPECIFIED.,.F.,
  .F.,(2,2),(59.0551,157.48034),.PIECEWISE_BEZIER_KNOTS.);
#7693 = CARTESIAN_POINT('',(-4.099008178816,63.565416072085,
    1.500002540005));
#7694 = CARTESIAN_POINT('',(-4.099008178816,63.565416072085,
    4.000008636017));
#7695 = ORIENTED_EDGE('',*,*,#4520,.T.);
#7696 = ORIENTED_EDGE('',*,*,#5586,.T.);
#7697 = ( BOUNDED_SURFACE() B_SPLINE_SURFACE(2,1,(
    (#7698,#7699)
    ,(#7700,#7701)
    ,(#7702,#7703)
    ,(#7704,#7705)
    ,(#7706,#7707)
    ,(#7708,#7709)
    ,(#7710,#7711
)),.UNSPECIFIED.,.T.,.F.,.F.) B_SPLINE_SURFACE_WITH_KNOTS((1,2,2,2,2,1),
  (2,2),(-2.094395102394,0.,2.094395102393,4.188790204786,6.28318530718,
    8.377580409573),(59.0551,236.2205),.UNSPECIFIED.) 
GEOMETRIC_REPRESENTATION_ITEM() RATIONAL_B_SPLINE_SURFACE((
    (1.,1.)
    ,(0.5,0.5)
    ,(1.,1.)
    ,(0.5,0.5)
    ,(1.,1.)
    ,(0.5,0.5)
,(1.,1.))) REPRESENTATION_ITEM('') SURFACE() );
#7698 = CARTESIAN_POINT('',(-2.029003972568,66.167132334265,
    1.500002540005));
#7699 = CARTESIAN_POINT('',(-2.029003972568,66.167132334265,
    6.000012700025));
#7700 = CARTESIAN_POINT('',(-2.029003972568,70.79171738763,
    1.500002540005));
#7701 = CARTESIAN_POINT('',(-2.029003972568,70.79171738763,
    6.000012700025));
#7702 = CARTESIAN_POINT('',(-6.034012110744,68.479424860947,
    1.500002540005));
#7703 = CARTESIAN_POINT('',(-6.034012110744,68.479424860947,
    6.000012700025));
#7704 = CARTESIAN_POINT('',(-10.03902024892,66.167132334265,
    1.500002540005));
#7705 = CARTESIAN_POINT('',(-10.03902024892,66.167132334265,
    6.000012700025));
#7706 = CARTESIAN_POINT('',(-6.034012110744,63.854839807582,
    1.500002540005));
#7707 = CARTESIAN_POINT('',(-6.034012110744,63.854839807582,
    6.000012700025));
#7708 = CARTESIAN_POINT('',(-2.029003972568,61.542547280899,
    1.500002540005));
#7709 = CARTESIAN_POINT('',(-2.029003972568,61.542547280899,
    6.000012700025));
#7710 = CARTESIAN_POINT('',(-2.029003972568,66.167132334265,
    1.500002540005));
#7711 = CARTESIAN_POINT('',(-2.029003972568,66.167132334265,
    6.000012700025));
#7712 = ADVANCED_FACE('',(#7713),#7729,.F.);
#7713 = FACE_BOUND('',#7714,.F.);
#7714 = EDGE_LOOP('',(#7715,#7722,#7723,#7724));
#7715 = ORIENTED_EDGE('',*,*,#7716,.T.);
#7716 = EDGE_CURVE('',#7717,#4442,#7719,.T.);
#7717 = VERTEX_POINT('',#7718);
#7718 = CARTESIAN_POINT('',(-4.099008178816,71.837143855728,
    4.000008636017));
#7719 = B_SPLINE_CURVE_WITH_KNOTS('',1,(#7720,#7721),.UNSPECIFIED.,.F.,
  .F.,(2,2),(0.,126.04578797359),.PIECEWISE_BEZIER_KNOTS.);
#7720 = CARTESIAN_POINT('',(-4.099008178816,71.837143855728,
    4.000008636017));
#7721 = CARTESIAN_POINT('',(-4.099008178816,73.837147919736,
    1.500002540005));
#7722 = ORIENTED_EDGE('',*,*,#4441,.F.);
#7723 = ORIENTED_EDGE('',*,*,#7634,.T.);
#7724 = ORIENTED_EDGE('',*,*,#7725,.T.);
#7725 = EDGE_CURVE('',#7635,#7717,#7726,.T.);
#7726 = B_SPLINE_CURVE_WITH_KNOTS('',1,(#7727,#7728),.UNSPECIFIED.,.F.,
  .F.,(2,2),(47.311457242028,168.1102416),.PIECEWISE_BEZIER_KNOTS.);
#7727 = CARTESIAN_POINT('',(-4.099008178816,68.768848596445,
    4.000008636017));
#7728 = CARTESIAN_POINT('',(-4.099008178816,71.837143855728,
    4.000008636017));
#7729 = B_SPLINE_SURFACE_WITH_KNOTS('',1,1,(
    (#7730,#7731)
    ,(#7732,#7733
    )),.UNSPECIFIED.,.F.,.F.,.F.,(2,2),(2,2),(-134.2125579718,
    65.326386386166),(-12.57728272407,85.847957275927),
  .PIECEWISE_BEZIER_KNOTS.);
#7730 = CARTESIAN_POINT('',(-4.099008178816,73.837147919736,
    1.500002540005));
#7731 = CARTESIAN_POINT('',(-4.099008178816,73.837147919736,
    4.000008636017));
#7732 = CARTESIAN_POINT('',(-4.099008178816,68.768848596445,
    1.500002540005));
#7733 = CARTESIAN_POINT('',(-4.099008178816,68.768848596445,
    4.000008636017));
#7734 = ADVANCED_FACE('',(#7735),#7751,.T.);
#7735 = FACE_BOUND('',#7736,.T.);
#7736 = EDGE_LOOP('',(#7737,#7744,#7745,#7746));
#7737 = ORIENTED_EDGE('',*,*,#7738,.T.);
#7738 = EDGE_CURVE('',#7739,#7717,#7741,.T.);
#7739 = VERTEX_POINT('',#7740);
#7740 = CARTESIAN_POINT('',(-5.299010617221,71.837143855728,
    4.000008636017));
#7741 = B_SPLINE_CURVE_WITH_KNOTS('',1,(#7742,#7743),.UNSPECIFIED.,.F.,
  .F.,(2,2),(0.,47.244096),.PIECEWISE_BEZIER_KNOTS.);
#7742 = CARTESIAN_POINT('',(-5.299010617221,71.837143855728,
    4.000008636017));
#7743 = CARTESIAN_POINT('',(-4.099008178816,71.837143855728,
    4.000008636017));
#7744 = ORIENTED_EDGE('',*,*,#7716,.T.);
#7745 = ORIENTED_EDGE('',*,*,#4448,.F.);
#7746 = ORIENTED_EDGE('',*,*,#7747,.F.);
#7747 = EDGE_CURVE('',#7739,#4449,#7748,.T.);
#7748 = B_SPLINE_CURVE_WITH_KNOTS('',1,(#7749,#7750),.UNSPECIFIED.,.F.,
  .F.,(2,2),(0.,126.04578797359),.PIECEWISE_BEZIER_KNOTS.);
#7749 = CARTESIAN_POINT('',(-5.299010617221,71.837143855728,
    4.000008636017));
#7750 = CARTESIAN_POINT('',(-5.299010617221,73.837147919736,
    1.500002540005));
#7751 = B_SPLINE_SURFACE_WITH_KNOTS('',1,1,(
    (#7752,#7753)
    ,(#7754,#7755
    )),.UNSPECIFIED.,.F.,.F.,.F.,(2,2),(2,2),(0.,126.04578797359),(
    -47.244096,0.),.PIECEWISE_BEZIER_KNOTS.);
#7752 = CARTESIAN_POINT('',(-4.099008178816,71.837143855728,
    4.000008636017));
#7753 = CARTESIAN_POINT('',(-5.299010617221,71.837143855728,
    4.000008636017));
#7754 = CARTESIAN_POINT('',(-4.099008178816,73.837147919736,
    1.500002540005));
#7755 = CARTESIAN_POINT('',(-5.299010617221,73.837147919736,
    1.500002540005));
#7756 = ADVANCED_FACE('',(#7757),#7767,.T.);
#7757 = FACE_BOUND('',#7758,.T.);
#7758 = EDGE_LOOP('',(#7759,#7760,#7761,#7762));
#7759 = ORIENTED_EDGE('',*,*,#7747,.T.);
#7760 = ORIENTED_EDGE('',*,*,#4455,.F.);
#7761 = ORIENTED_EDGE('',*,*,#7649,.T.);
#7762 = ORIENTED_EDGE('',*,*,#7763,.T.);
#7763 = EDGE_CURVE('',#7642,#7739,#7764,.T.);
#7764 = B_SPLINE_CURVE_WITH_KNOTS('',1,(#7765,#7766),.UNSPECIFIED.,.F.,
  .F.,(2,2),(47.311457242028,168.1102416),.PIECEWISE_BEZIER_KNOTS.);
#7765 = CARTESIAN_POINT('',(-5.299010617221,68.768848596445,
    4.000008636017));
#7766 = CARTESIAN_POINT('',(-5.299010617221,71.837143855728,
    4.000008636017));
#7767 = B_SPLINE_SURFACE_WITH_KNOTS('',1,1,(
    (#7768,#7769)
    ,(#7770,#7771
    )),.UNSPECIFIED.,.F.,.F.,.F.,(2,2),(2,2),(-134.2125579718,
    65.326386386166),(-12.57728272407,85.847957275927),
  .PIECEWISE_BEZIER_KNOTS.);
#7768 = CARTESIAN_POINT('',(-5.299010617221,73.837147919736,
    1.500002540005));
#7769 = CARTESIAN_POINT('',(-5.299010617221,73.837147919736,
    4.000008636017));
#7770 = CARTESIAN_POINT('',(-5.299010617221,68.768848596445,
    1.500002540005));
#7771 = CARTESIAN_POINT('',(-5.299010617221,68.768848596445,
    4.000008636017));
#7772 = ADVANCED_FACE('',(#7773),#7789,.F.);
#7773 = FACE_BOUND('',#7774,.F.);
#7774 = EDGE_LOOP('',(#7775,#7782,#7783,#7784));
#7775 = ORIENTED_EDGE('',*,*,#7776,.T.);
#7776 = EDGE_CURVE('',#7777,#4471,#7779,.T.);
#7777 = VERTEX_POINT('',#7778);
#7778 = CARTESIAN_POINT('',(-10.36902091948,66.767133553467,
    4.000008636017));
#7779 = B_SPLINE_CURVE_WITH_KNOTS('',1,(#7780,#7781),.UNSPECIFIED.,.F.,
  .F.,(2,2),(0.,126.04578797359),.PIECEWISE_BEZIER_KNOTS.);
#7780 = CARTESIAN_POINT('',(-10.36902091948,66.767133553467,
    4.000008636017));
#7781 = CARTESIAN_POINT('',(-12.36902498349,66.767133553467,
    1.500002540005));
#7782 = ORIENTED_EDGE('',*,*,#4470,.F.);
#7783 = ORIENTED_EDGE('',*,*,#7655,.T.);
#7784 = ORIENTED_EDGE('',*,*,#7785,.T.);
#7785 = EDGE_CURVE('',#7656,#7777,#7786,.T.);
#7786 = B_SPLINE_CURVE_WITH_KNOTS('',1,(#7787,#7788),.UNSPECIFIED.,.F.,
  .F.,(2,2),(47.311457242028,168.1102416),.PIECEWISE_BEZIER_KNOTS.);
#7787 = CARTESIAN_POINT('',(-7.300725660199,66.767133553467,
    4.000008636017));
#7788 = CARTESIAN_POINT('',(-10.36902091948,66.767133553467,
    4.000008636017));
#7789 = B_SPLINE_SURFACE_WITH_KNOTS('',1,1,(
    (#7790,#7791)
    ,(#7792,#7793
    )),.UNSPECIFIED.,.F.,.F.,.F.,(2,2),(2,2),(-134.2125579718,
    65.326386386166),(-12.57728272407,85.847957275927),
  .PIECEWISE_BEZIER_KNOTS.);
#7790 = CARTESIAN_POINT('',(-12.36902498349,66.767133553467,
    1.500002540005));
#7791 = CARTESIAN_POINT('',(-12.36902498349,66.767133553467,
    4.000008636017));
#7792 = CARTESIAN_POINT('',(-7.300725660199,66.767133553467,
    1.500002540005));
#7793 = CARTESIAN_POINT('',(-7.300725660199,66.767133553467,
    4.000008636017));
#7794 = ADVANCED_FACE('',(#7795),#7811,.T.);
#7795 = FACE_BOUND('',#7796,.T.);
#7796 = EDGE_LOOP('',(#7797,#7804,#7805,#7806));
#7797 = ORIENTED_EDGE('',*,*,#7798,.T.);
#7798 = EDGE_CURVE('',#7799,#7777,#7801,.T.);
#7799 = VERTEX_POINT('',#7800);
#7800 = CARTESIAN_POINT('',(-10.36902091948,65.567131115062,
    4.000008636017));
#7801 = B_SPLINE_CURVE_WITH_KNOTS('',1,(#7802,#7803),.UNSPECIFIED.,.F.,
  .F.,(2,2),(0.,47.244096),.PIECEWISE_BEZIER_KNOTS.);
#7802 = CARTESIAN_POINT('',(-10.36902091948,65.567131115062,
    4.000008636017));
#7803 = CARTESIAN_POINT('',(-10.36902091948,66.767133553467,
    4.000008636017));
#7804 = ORIENTED_EDGE('',*,*,#7776,.T.);
#7805 = ORIENTED_EDGE('',*,*,#4477,.F.);
#7806 = ORIENTED_EDGE('',*,*,#7807,.F.);
#7807 = EDGE_CURVE('',#7799,#4478,#7808,.T.);
#7808 = B_SPLINE_CURVE_WITH_KNOTS('',1,(#7809,#7810),.UNSPECIFIED.,.F.,
  .F.,(2,2),(0.,126.04578797359),.PIECEWISE_BEZIER_KNOTS.);
#7809 = CARTESIAN_POINT('',(-10.36902091948,65.567131115062,
    4.000008636017));
#7810 = CARTESIAN_POINT('',(-12.36902498349,65.567131115062,
    1.500002540005));
#7811 = B_SPLINE_SURFACE_WITH_KNOTS('',1,1,(
    (#7812,#7813)
    ,(#7814,#7815
    )),.UNSPECIFIED.,.F.,.F.,.F.,(2,2),(2,2),(0.,126.04578797359),(
    -47.244096,0.),.PIECEWISE_BEZIER_KNOTS.);
#7812 = CARTESIAN_POINT('',(-10.36902091948,66.767133553467,
    4.000008636017));
#7813 = CARTESIAN_POINT('',(-10.36902091948,65.567131115062,
    4.000008636017));
#7814 = CARTESIAN_POINT('',(-12.36902498349,66.767133553467,
    1.500002540005));
#7815 = CARTESIAN_POINT('',(-12.36902498349,65.567131115062,
    1.500002540005));
#7816 = ADVANCED_FACE('',(#7817),#7827,.T.);
#7817 = FACE_BOUND('',#7818,.T.);
#7818 = EDGE_LOOP('',(#7819,#7820,#7821,#7822));
#7819 = ORIENTED_EDGE('',*,*,#7807,.T.);
#7820 = ORIENTED_EDGE('',*,*,#4484,.F.);
#7821 = ORIENTED_EDGE('',*,*,#7670,.T.);
#7822 = ORIENTED_EDGE('',*,*,#7823,.T.);
#7823 = EDGE_CURVE('',#7663,#7799,#7824,.T.);
#7824 = B_SPLINE_CURVE_WITH_KNOTS('',1,(#7825,#7826),.UNSPECIFIED.,.F.,
  .F.,(2,2),(47.311457242028,168.1102416),.PIECEWISE_BEZIER_KNOTS.);
#7825 = CARTESIAN_POINT('',(-7.300725660199,65.567131115062,
    4.000008636017));
#7826 = CARTESIAN_POINT('',(-10.36902091948,65.567131115062,
    4.000008636017));
#7827 = B_SPLINE_SURFACE_WITH_KNOTS('',1,1,(
    (#7828,#7829)
    ,(#7830,#7831
    )),.UNSPECIFIED.,.F.,.F.,.F.,(2,2),(2,2),(-134.2125579718,
    65.326386386166),(-12.57728272407,85.847957275927),
  .PIECEWISE_BEZIER_KNOTS.);
#7828 = CARTESIAN_POINT('',(-12.36902498349,65.567131115062,
    1.500002540005));
#7829 = CARTESIAN_POINT('',(-12.36902498349,65.567131115062,
    4.000008636017));
#7830 = CARTESIAN_POINT('',(-7.300725660199,65.567131115062,
    1.500002540005));
#7831 = CARTESIAN_POINT('',(-7.300725660199,65.567131115062,
    4.000008636017));
#7832 = ADVANCED_FACE('',(#7833),#7849,.F.);
#7833 = FACE_BOUND('',#7834,.F.);
#7834 = EDGE_LOOP('',(#7835,#7842,#7843,#7844));
#7835 = ORIENTED_EDGE('',*,*,#7836,.T.);
#7836 = EDGE_CURVE('',#7837,#4500,#7839,.T.);
#7837 = VERTEX_POINT('',#7838);
#7838 = CARTESIAN_POINT('',(-5.299010617221,60.497120812802,
    4.000008636017));
#7839 = B_SPLINE_CURVE_WITH_KNOTS('',1,(#7840,#7841),.UNSPECIFIED.,.F.,
  .F.,(2,2),(0.,126.04578797359),.PIECEWISE_BEZIER_KNOTS.);
#7840 = CARTESIAN_POINT('',(-5.299010617221,60.497120812802,
    4.000008636017));
#7841 = CARTESIAN_POINT('',(-5.299010617221,58.497116748793,
    1.500002540005));
#7842 = ORIENTED_EDGE('',*,*,#4499,.F.);
#7843 = ORIENTED_EDGE('',*,*,#7676,.T.);
#7844 = ORIENTED_EDGE('',*,*,#7845,.T.);
#7845 = EDGE_CURVE('',#7677,#7837,#7846,.T.);
#7846 = B_SPLINE_CURVE_WITH_KNOTS('',1,(#7847,#7848),.UNSPECIFIED.,.F.,
  .F.,(2,2),(47.311457242028,168.1102416),.PIECEWISE_BEZIER_KNOTS.);
#7847 = CARTESIAN_POINT('',(-5.299010617221,63.565416072085,
    4.000008636017));
#7848 = CARTESIAN_POINT('',(-5.299010617221,60.497120812802,
    4.000008636017));
#7849 = B_SPLINE_SURFACE_WITH_KNOTS('',1,1,(
    (#7850,#7851)
    ,(#7852,#7853
    )),.UNSPECIFIED.,.F.,.F.,.F.,(2,2),(2,2),(-134.2125579718,
    65.326386386166),(-12.57728272407,85.847957275927),
  .PIECEWISE_BEZIER_KNOTS.);
#7850 = CARTESIAN_POINT('',(-5.299010617221,58.497116748793,
    1.500002540005));
#7851 = CARTESIAN_POINT('',(-5.299010617221,58.497116748793,
    4.000008636017));
#7852 = CARTESIAN_POINT('',(-5.299010617221,63.565416072085,
    1.500002540005));
#7853 = CARTESIAN_POINT('',(-5.299010617221,63.565416072085,
    4.000008636017));
#7854 = ADVANCED_FACE('',(#7855),#7871,.T.);
#7855 = FACE_BOUND('',#7856,.T.);
#7856 = EDGE_LOOP('',(#7857,#7864,#7865,#7866));
#7857 = ORIENTED_EDGE('',*,*,#7858,.T.);
#7858 = EDGE_CURVE('',#7859,#7837,#7861,.T.);
#7859 = VERTEX_POINT('',#7860);
#7860 = CARTESIAN_POINT('',(-4.099008178816,60.497120812802,
    4.000008636017));
#7861 = B_SPLINE_CURVE_WITH_KNOTS('',1,(#7862,#7863),.UNSPECIFIED.,.F.,
  .F.,(2,2),(0.,47.244096),.PIECEWISE_BEZIER_KNOTS.);
#7862 = CARTESIAN_POINT('',(-4.099008178816,60.497120812802,
    4.000008636017));
#7863 = CARTESIAN_POINT('',(-5.299010617221,60.497120812802,
    4.000008636017));
#7864 = ORIENTED_EDGE('',*,*,#7836,.T.);
#7865 = ORIENTED_EDGE('',*,*,#4506,.F.);
#7866 = ORIENTED_EDGE('',*,*,#7867,.F.);
#7867 = EDGE_CURVE('',#7859,#4507,#7868,.T.);
#7868 = B_SPLINE_CURVE_WITH_KNOTS('',1,(#7869,#7870),.UNSPECIFIED.,.F.,
  .F.,(2,2),(0.,126.04578797359),.PIECEWISE_BEZIER_KNOTS.);
#7869 = CARTESIAN_POINT('',(-4.099008178816,60.497120812802,
    4.000008636017));
#7870 = CARTESIAN_POINT('',(-4.099008178816,58.497116748793,
    1.500002540005));
#7871 = B_SPLINE_SURFACE_WITH_KNOTS('',1,1,(
    (#7872,#7873)
    ,(#7874,#7875
    )),.UNSPECIFIED.,.F.,.F.,.F.,(2,2),(2,2),(0.,126.04578797359),(
    -47.244096,0.),.PIECEWISE_BEZIER_KNOTS.);
#7872 = CARTESIAN_POINT('',(-5.299010617221,60.497120812802,
    4.000008636017));
#7873 = CARTESIAN_POINT('',(-4.099008178816,60.497120812802,
    4.000008636017));
#7874 = CARTESIAN_POINT('',(-5.299010617221,58.497116748793,
    1.500002540005));
#7875 = CARTESIAN_POINT('',(-4.099008178816,58.497116748793,
    1.500002540005));
#7876 = ADVANCED_FACE('',(#7877),#7887,.T.);
#7877 = FACE_BOUND('',#7878,.T.);
#7878 = EDGE_LOOP('',(#7879,#7880,#7881,#7882));
#7879 = ORIENTED_EDGE('',*,*,#7867,.T.);
#7880 = ORIENTED_EDGE('',*,*,#4513,.F.);
#7881 = ORIENTED_EDGE('',*,*,#7691,.T.);
#7882 = ORIENTED_EDGE('',*,*,#7883,.T.);
#7883 = EDGE_CURVE('',#7684,#7859,#7884,.T.);
#7884 = B_SPLINE_CURVE_WITH_KNOTS('',1,(#7885,#7886),.UNSPECIFIED.,.F.,
  .F.,(2,2),(47.311457242028,168.1102416),.PIECEWISE_BEZIER_KNOTS.);
#7885 = CARTESIAN_POINT('',(-4.099008178816,63.565416072085,
    4.000008636017));
#7886 = CARTESIAN_POINT('',(-4.099008178816,60.497120812802,
    4.000008636017));
#7887 = B_SPLINE_SURFACE_WITH_KNOTS('',1,1,(
    (#7888,#7889)
    ,(#7890,#7891
    )),.UNSPECIFIED.,.F.,.F.,.F.,(2,2),(2,2),(-134.2125579718,
    65.326386386166),(-12.57728272407,85.847957275927),
  .PIECEWISE_BEZIER_KNOTS.);
#7888 = CARTESIAN_POINT('',(-4.099008178816,58.497116748793,
    1.500002540005));
#7889 = CARTESIAN_POINT('',(-4.099008178816,58.497116748793,
    4.000008636017));
#7890 = CARTESIAN_POINT('',(-4.099008178816,63.565416072085,
    1.500002540005));
#7891 = CARTESIAN_POINT('',(-4.099008178816,63.565416072085,
    4.000008636017));
#7892 = ADVANCED_FACE('',(#7893),#7993,.T.);
#7893 = FACE_BOUND('',#7894,.T.);
#7894 = EDGE_LOOP('',(#7895,#7903,#7910,#7920,#7921,#7927,#7928,#7929,
    #7936,#7944,#7949,#7950,#7957,#7965,#7970,#7971,#7978,#7986,#7991,
    #7992));
#7895 = ORIENTED_EDGE('',*,*,#7896,.T.);
#7896 = EDGE_CURVE('',#5513,#7897,#7899,.T.);
#7897 = VERTEX_POINT('',#7898);
#7898 = CARTESIAN_POINT('',(-2.330004734569,4.95300990602,4.000008636017
    ));
#7899 = ( BOUNDED_CURVE() B_SPLINE_CURVE(2,(#7900,#7901,#7902),
.UNSPECIFIED.,.F.,.F.) B_SPLINE_CURVE_WITH_KNOTS((3,3),(6.056530552424,
6.28318530718),.PIECEWISE_BEZIER_KNOTS.) CURVE() 
GEOMETRIC_REPRESENTATION_ITEM() RATIONAL_B_SPLINE_CURVE((1.,
0.993585322538,1.)) REPRESENTATION_ITEM('') );
#7900 = CARTESIAN_POINT('',(-2.39829389784,4.353008686817,4.000008636017
    ));
#7901 = CARTESIAN_POINT('',(-2.330004734569,4.649123129465,
    4.000008636017));
#7902 = CARTESIAN_POINT('',(-2.330004734569,4.95300990602,4.000008636017
    ));
#7903 = ORIENTED_EDGE('',*,*,#7904,.T.);
#7904 = EDGE_CURVE('',#7897,#7905,#7907,.T.);
#7905 = VERTEX_POINT('',#7906);
#7906 = CARTESIAN_POINT('',(-2.330004734569,4.95300990602,6.000012700025
    ));
#7907 = B_SPLINE_CURVE_WITH_KNOTS('',1,(#7908,#7909),.UNSPECIFIED.,.F.,
  .F.,(2,2),(157.48034,236.2205),.PIECEWISE_BEZIER_KNOTS.);
#7908 = CARTESIAN_POINT('',(-2.330004734569,4.95300990602,4.000008636017
    ));
#7909 = CARTESIAN_POINT('',(-2.330004734569,4.95300990602,6.000012700025
    ));
#7910 = ORIENTED_EDGE('',*,*,#7911,.F.);
#7911 = EDGE_CURVE('',#7905,#7905,#7912,.T.);
#7912 = ( BOUNDED_CURVE() B_SPLINE_CURVE(2,(#7913,#7914,#7915,#7916,
#7917,#7918,#7919),.UNSPECIFIED.,.T.,.F.) B_SPLINE_CURVE_WITH_KNOTS((1,2
    ,2,2,2,1),(-2.094395102394,0.,2.094395102393,4.188790204786,
6.28318530718,8.377580409573),.UNSPECIFIED.) CURVE() 
GEOMETRIC_REPRESENTATION_ITEM() RATIONAL_B_SPLINE_CURVE((1.,0.5,1.,0.5,
1.,0.5,1.)) REPRESENTATION_ITEM('') );
#7913 = CARTESIAN_POINT('',(-2.330004734569,4.95300990602,6.000012700025
    ));
#7914 = CARTESIAN_POINT('',(-2.330004734569,9.577594959385,
    6.000012700025));
#7915 = CARTESIAN_POINT('',(-6.335012872746,7.265302432703,
    6.000012700025));
#7916 = CARTESIAN_POINT('',(-10.34002101092,4.95300990602,6.000012700025
    ));
#7917 = CARTESIAN_POINT('',(-6.335012872746,2.640717379337,
    6.000012700025));
#7918 = CARTESIAN_POINT('',(-2.330004734569,0.328424852654,
    6.000012700025));
#7919 = CARTESIAN_POINT('',(-2.330004734569,4.95300990602,6.000012700025
    ));
#7920 = ORIENTED_EDGE('',*,*,#7904,.F.);
#7921 = ORIENTED_EDGE('',*,*,#7922,.T.);
#7922 = EDGE_CURVE('',#7897,#5564,#7923,.T.);
#7923 = ( BOUNDED_CURVE() B_SPLINE_CURVE(2,(#7924,#7925,#7926),
.UNSPECIFIED.,.F.,.F.) B_SPLINE_CURVE_WITH_KNOTS((3,3),(0.,
0.226654754756),.PIECEWISE_BEZIER_KNOTS.) CURVE() 
GEOMETRIC_REPRESENTATION_ITEM() RATIONAL_B_SPLINE_CURVE((1.,
0.993585322538,1.)) REPRESENTATION_ITEM('') );
#7924 = CARTESIAN_POINT('',(-2.330004734569,4.95300990602,4.000008636017
    ));
#7925 = CARTESIAN_POINT('',(-2.330004734569,5.256896682575,
    4.000008636017));
#7926 = CARTESIAN_POINT('',(-2.39829389784,5.553011125222,4.000008636017
    ));
#7927 = ORIENTED_EDGE('',*,*,#5563,.F.);
#7928 = ORIENTED_EDGE('',*,*,#4541,.T.);
#7929 = ORIENTED_EDGE('',*,*,#7930,.T.);
#7930 = EDGE_CURVE('',#4542,#7931,#7933,.T.);
#7931 = VERTEX_POINT('',#7932);
#7932 = CARTESIAN_POINT('',(-4.400008940818,7.5547261682,4.000008636017)
  );
#7933 = B_SPLINE_CURVE_WITH_KNOTS('',1,(#7934,#7935),.UNSPECIFIED.,.F.,
  .F.,(2,2),(59.0551,157.48034),.PIECEWISE_BEZIER_KNOTS.);
#7934 = CARTESIAN_POINT('',(-4.400008940818,7.5547261682,1.500002540005)
  );
#7935 = CARTESIAN_POINT('',(-4.400008940818,7.5547261682,4.000008636017)
  );
#7936 = ORIENTED_EDGE('',*,*,#7937,.T.);
#7937 = EDGE_CURVE('',#7931,#7938,#7940,.T.);
#7938 = VERTEX_POINT('',#7939);
#7939 = CARTESIAN_POINT('',(-5.600011379223,7.5547261682,4.000008636017)
  );
#7940 = ( BOUNDED_CURVE() B_SPLINE_CURVE(2,(#7941,#7942,#7943),
.UNSPECIFIED.,.F.,.F.) B_SPLINE_CURVE_WITH_KNOTS((3,3),(1.344141572039,
1.79745108155),.PIECEWISE_BEZIER_KNOTS.) CURVE() 
GEOMETRIC_REPRESENTATION_ITEM() RATIONAL_B_SPLINE_CURVE((1.,
0.974423586327,1.)) REPRESENTATION_ITEM('') );
#7941 = CARTESIAN_POINT('',(-4.400008940818,7.5547261682,4.000008636017)
  );
#7942 = CARTESIAN_POINT('',(-5.00001016002,7.693096930715,4.000008636017
    ));
#7943 = CARTESIAN_POINT('',(-5.600011379223,7.5547261682,4.000008636017)
  );
#7944 = ORIENTED_EDGE('',*,*,#7945,.F.);
#7945 = EDGE_CURVE('',#4564,#7938,#7946,.T.);
#7946 = B_SPLINE_CURVE_WITH_KNOTS('',1,(#7947,#7948),.UNSPECIFIED.,.F.,
  .F.,(2,2),(59.0551,157.48034),.PIECEWISE_BEZIER_KNOTS.);
#7947 = CARTESIAN_POINT('',(-5.600011379223,7.5547261682,1.500002540005)
  );
#7948 = CARTESIAN_POINT('',(-5.600011379223,7.5547261682,4.000008636017)
  );
#7949 = ORIENTED_EDGE('',*,*,#4570,.T.);
#7950 = ORIENTED_EDGE('',*,*,#7951,.T.);
#7951 = EDGE_CURVE('',#4571,#7952,#7954,.T.);
#7952 = VERTEX_POINT('',#7953);
#7953 = CARTESIAN_POINT('',(-7.6017264222,5.553011125222,4.000008636017)
  );
#7954 = B_SPLINE_CURVE_WITH_KNOTS('',1,(#7955,#7956),.UNSPECIFIED.,.F.,
  .F.,(2,2),(59.0551,157.48034),.PIECEWISE_BEZIER_KNOTS.);
#7955 = CARTESIAN_POINT('',(-7.6017264222,5.553011125222,1.500002540005)
  );
#7956 = CARTESIAN_POINT('',(-7.6017264222,5.553011125222,4.000008636017)
  );
#7957 = ORIENTED_EDGE('',*,*,#7958,.T.);
#7958 = EDGE_CURVE('',#7952,#7959,#7961,.T.);
#7959 = VERTEX_POINT('',#7960);
#7960 = CARTESIAN_POINT('',(-7.6017264222,4.353008686817,4.000008636017)
  );
#7961 = ( BOUNDED_CURVE() B_SPLINE_CURVE(2,(#7962,#7963,#7964),
.UNSPECIFIED.,.F.,.F.) B_SPLINE_CURVE_WITH_KNOTS((3,3),(2.914937898834,
3.368247408345),.PIECEWISE_BEZIER_KNOTS.) CURVE() 
GEOMETRIC_REPRESENTATION_ITEM() RATIONAL_B_SPLINE_CURVE((1.,
0.974423586327,1.)) REPRESENTATION_ITEM('') );
#7962 = CARTESIAN_POINT('',(-7.6017264222,5.553011125222,4.000008636017)
  );
#7963 = CARTESIAN_POINT('',(-7.740097184715,4.95300990602,4.000008636017
    ));
#7964 = CARTESIAN_POINT('',(-7.6017264222,4.353008686817,4.000008636017)
  );
#7965 = ORIENTED_EDGE('',*,*,#7966,.F.);
#7966 = EDGE_CURVE('',#4593,#7959,#7967,.T.);
#7967 = B_SPLINE_CURVE_WITH_KNOTS('',1,(#7968,#7969),.UNSPECIFIED.,.F.,
  .F.,(2,2),(59.0551,157.48034),.PIECEWISE_BEZIER_KNOTS.);
#7968 = CARTESIAN_POINT('',(-7.6017264222,4.353008686817,1.500002540005)
  );
#7969 = CARTESIAN_POINT('',(-7.6017264222,4.353008686817,4.000008636017)
  );
#7970 = ORIENTED_EDGE('',*,*,#4599,.T.);
#7971 = ORIENTED_EDGE('',*,*,#7972,.T.);
#7972 = EDGE_CURVE('',#4600,#7973,#7975,.T.);
#7973 = VERTEX_POINT('',#7974);
#7974 = CARTESIAN_POINT('',(-5.600011379223,2.35129364384,4.000008636017
    ));
#7975 = B_SPLINE_CURVE_WITH_KNOTS('',1,(#7976,#7977),.UNSPECIFIED.,.F.,
  .F.,(2,2),(59.0551,157.48034),.PIECEWISE_BEZIER_KNOTS.);
#7976 = CARTESIAN_POINT('',(-5.600011379223,2.35129364384,1.500002540005
    ));
#7977 = CARTESIAN_POINT('',(-5.600011379223,2.35129364384,4.000008636017
    ));
#7978 = ORIENTED_EDGE('',*,*,#7979,.T.);
#7979 = EDGE_CURVE('',#7973,#7980,#7982,.T.);
#7980 = VERTEX_POINT('',#7981);
#7981 = CARTESIAN_POINT('',(-4.400008940818,2.35129364384,4.000008636017
    ));
#7982 = ( BOUNDED_CURVE() B_SPLINE_CURVE(2,(#7983,#7984,#7985),
.UNSPECIFIED.,.F.,.F.) B_SPLINE_CURVE_WITH_KNOTS((3,3),(4.485734225629,
4.93904373514),.PIECEWISE_BEZIER_KNOTS.) CURVE() 
GEOMETRIC_REPRESENTATION_ITEM() RATIONAL_B_SPLINE_CURVE((1.,
0.974423586327,1.)) REPRESENTATION_ITEM('') );
#7983 = CARTESIAN_POINT('',(-5.600011379223,2.35129364384,4.000008636017
    ));
#7984 = CARTESIAN_POINT('',(-5.00001016002,2.212922881325,4.000008636017
    ));
#7985 = CARTESIAN_POINT('',(-4.400008940818,2.35129364384,4.000008636017
    ));
#7986 = ORIENTED_EDGE('',*,*,#7987,.F.);
#7987 = EDGE_CURVE('',#4822,#7980,#7988,.T.);
#7988 = B_SPLINE_CURVE_WITH_KNOTS('',1,(#7989,#7990),.UNSPECIFIED.,.F.,
  .F.,(2,2),(59.0551,157.48034),.PIECEWISE_BEZIER_KNOTS.);
#7989 = CARTESIAN_POINT('',(-4.400008940818,2.35129364384,1.500002540005
    ));
#7990 = CARTESIAN_POINT('',(-4.400008940818,2.35129364384,4.000008636017
    ));
#7991 = ORIENTED_EDGE('',*,*,#4828,.T.);
#7992 = ORIENTED_EDGE('',*,*,#5512,.T.);
#7993 = ( BOUNDED_SURFACE() B_SPLINE_SURFACE(2,1,(
    (#7994,#7995)
    ,(#7996,#7997)
    ,(#7998,#7999)
    ,(#8000,#8001)
    ,(#8002,#8003)
    ,(#8004,#8005)
    ,(#8006,#8007
)),.UNSPECIFIED.,.T.,.F.,.F.) B_SPLINE_SURFACE_WITH_KNOTS((1,2,2,2,2,1),
  (2,2),(-2.094395102394,0.,2.094395102393,4.188790204786,6.28318530718,
    8.377580409573),(59.0551,236.2205),.UNSPECIFIED.) 
GEOMETRIC_REPRESENTATION_ITEM() RATIONAL_B_SPLINE_SURFACE((
    (1.,1.)
    ,(0.5,0.5)
    ,(1.,1.)
    ,(0.5,0.5)
    ,(1.,1.)
    ,(0.5,0.5)
,(1.,1.))) REPRESENTATION_ITEM('') SURFACE() );
#7994 = CARTESIAN_POINT('',(-2.330004734569,4.95300990602,1.500002540005
    ));
#7995 = CARTESIAN_POINT('',(-2.330004734569,4.95300990602,6.000012700025
    ));
#7996 = CARTESIAN_POINT('',(-2.330004734569,9.577594959385,
    1.500002540005));
#7997 = CARTESIAN_POINT('',(-2.330004734569,9.577594959385,
    6.000012700025));
#7998 = CARTESIAN_POINT('',(-6.335012872746,7.265302432703,
    1.500002540005));
#7999 = CARTESIAN_POINT('',(-6.335012872746,7.265302432703,
    6.000012700025));
#8000 = CARTESIAN_POINT('',(-10.34002101092,4.95300990602,1.500002540005
    ));
#8001 = CARTESIAN_POINT('',(-10.34002101092,4.95300990602,6.000012700025
    ));
#8002 = CARTESIAN_POINT('',(-6.335012872746,2.640717379337,
    1.500002540005));
#8003 = CARTESIAN_POINT('',(-6.335012872746,2.640717379337,
    6.000012700025));
#8004 = CARTESIAN_POINT('',(-2.330004734569,0.328424852654,
    1.500002540005));
#8005 = CARTESIAN_POINT('',(-2.330004734569,0.328424852654,
    6.000012700025));
#8006 = CARTESIAN_POINT('',(-2.330004734569,4.95300990602,1.500002540005
    ));
#8007 = CARTESIAN_POINT('',(-2.330004734569,4.95300990602,6.000012700025
    ));
#8008 = ADVANCED_FACE('',(#8009),#8025,.F.);
#8009 = FACE_BOUND('',#8010,.F.);
#8010 = EDGE_LOOP('',(#8011,#8018,#8019,#8020));
#8011 = ORIENTED_EDGE('',*,*,#8012,.T.);
#8012 = EDGE_CURVE('',#8013,#4550,#8015,.T.);
#8013 = VERTEX_POINT('',#8014);
#8014 = CARTESIAN_POINT('',(-4.400008940818,10.623021427483,
    4.000008636017));
#8015 = B_SPLINE_CURVE_WITH_KNOTS('',1,(#8016,#8017),.UNSPECIFIED.,.F.,
  .F.,(2,2),(0.,126.04578797359),.PIECEWISE_BEZIER_KNOTS.);
#8016 = CARTESIAN_POINT('',(-4.400008940818,10.623021427483,
    4.000008636017));
#8017 = CARTESIAN_POINT('',(-4.400008940818,12.623025491491,
    1.500002540005));
#8018 = ORIENTED_EDGE('',*,*,#4549,.F.);
#8019 = ORIENTED_EDGE('',*,*,#7930,.T.);
#8020 = ORIENTED_EDGE('',*,*,#8021,.T.);
#8021 = EDGE_CURVE('',#7931,#8013,#8022,.T.);
#8022 = B_SPLINE_CURVE_WITH_KNOTS('',1,(#8023,#8024),.UNSPECIFIED.,.F.,
  .F.,(2,2),(47.311457242032,168.1102416),.PIECEWISE_BEZIER_KNOTS.);
#8023 = CARTESIAN_POINT('',(-4.400008940818,7.5547261682,4.000008636017)
  );
#8024 = CARTESIAN_POINT('',(-4.400008940818,10.623021427483,
    4.000008636017));
#8025 = B_SPLINE_SURFACE_WITH_KNOTS('',1,1,(
    (#8026,#8027)
    ,(#8028,#8029
    )),.UNSPECIFIED.,.F.,.F.,.F.,(2,2),(2,2),(-134.2125579718,
    65.326386386162),(-12.57728272407,85.847957275927),
  .PIECEWISE_BEZIER_KNOTS.);
#8026 = CARTESIAN_POINT('',(-4.400008940818,12.623025491491,
    1.500002540005));
#8027 = CARTESIAN_POINT('',(-4.400008940818,12.623025491491,
    4.000008636017));
#8028 = CARTESIAN_POINT('',(-4.400008940818,7.5547261682,1.500002540005)
  );
#8029 = CARTESIAN_POINT('',(-4.400008940818,7.5547261682,4.000008636017)
  );
#8030 = ADVANCED_FACE('',(#8031),#8047,.T.);
#8031 = FACE_BOUND('',#8032,.T.);
#8032 = EDGE_LOOP('',(#8033,#8040,#8041,#8042));
#8033 = ORIENTED_EDGE('',*,*,#8034,.T.);
#8034 = EDGE_CURVE('',#8035,#8013,#8037,.T.);
#8035 = VERTEX_POINT('',#8036);
#8036 = CARTESIAN_POINT('',(-5.600011379223,10.623021427483,
    4.000008636017));
#8037 = B_SPLINE_CURVE_WITH_KNOTS('',1,(#8038,#8039),.UNSPECIFIED.,.F.,
  .F.,(2,2),(0.,47.244096),.PIECEWISE_BEZIER_KNOTS.);
#8038 = CARTESIAN_POINT('',(-5.600011379223,10.623021427483,
    4.000008636017));
#8039 = CARTESIAN_POINT('',(-4.400008940818,10.623021427483,
    4.000008636017));
#8040 = ORIENTED_EDGE('',*,*,#8012,.T.);
#8041 = ORIENTED_EDGE('',*,*,#4556,.F.);
#8042 = ORIENTED_EDGE('',*,*,#8043,.F.);
#8043 = EDGE_CURVE('',#8035,#4557,#8044,.T.);
#8044 = B_SPLINE_CURVE_WITH_KNOTS('',1,(#8045,#8046),.UNSPECIFIED.,.F.,
  .F.,(2,2),(0.,126.04578797359),.PIECEWISE_BEZIER_KNOTS.);
#8045 = CARTESIAN_POINT('',(-5.600011379223,10.623021427483,
    4.000008636017));
#8046 = CARTESIAN_POINT('',(-5.600011379223,12.623025491491,
    1.500002540005));
#8047 = B_SPLINE_SURFACE_WITH_KNOTS('',1,1,(
    (#8048,#8049)
    ,(#8050,#8051
    )),.UNSPECIFIED.,.F.,.F.,.F.,(2,2),(2,2),(0.,126.04578797359),(
    -47.244096,0.),.PIECEWISE_BEZIER_KNOTS.);
#8048 = CARTESIAN_POINT('',(-4.400008940818,10.623021427483,
    4.000008636017));
#8049 = CARTESIAN_POINT('',(-5.600011379223,10.623021427483,
    4.000008636017));
#8050 = CARTESIAN_POINT('',(-4.400008940818,12.623025491491,
    1.500002540005));
#8051 = CARTESIAN_POINT('',(-5.600011379223,12.623025491491,
    1.500002540005));
#8052 = ADVANCED_FACE('',(#8053),#8063,.T.);
#8053 = FACE_BOUND('',#8054,.T.);
#8054 = EDGE_LOOP('',(#8055,#8056,#8057,#8058));
#8055 = ORIENTED_EDGE('',*,*,#8043,.T.);
#8056 = ORIENTED_EDGE('',*,*,#4563,.F.);
#8057 = ORIENTED_EDGE('',*,*,#7945,.T.);
#8058 = ORIENTED_EDGE('',*,*,#8059,.T.);
#8059 = EDGE_CURVE('',#7938,#8035,#8060,.T.);
#8060 = B_SPLINE_CURVE_WITH_KNOTS('',1,(#8061,#8062),.UNSPECIFIED.,.F.,
  .F.,(2,2),(47.311457242032,168.1102416),.PIECEWISE_BEZIER_KNOTS.);
#8061 = CARTESIAN_POINT('',(-5.600011379223,7.5547261682,4.000008636017)
  );
#8062 = CARTESIAN_POINT('',(-5.600011379223,10.623021427483,
    4.000008636017));
#8063 = B_SPLINE_SURFACE_WITH_KNOTS('',1,1,(
    (#8064,#8065)
    ,(#8066,#8067
    )),.UNSPECIFIED.,.F.,.F.,.F.,(2,2),(2,2),(-134.2125579718,
    65.326386386162),(-12.57728272407,85.847957275927),
  .PIECEWISE_BEZIER_KNOTS.);
#8064 = CARTESIAN_POINT('',(-5.600011379223,12.623025491491,
    1.500002540005));
#8065 = CARTESIAN_POINT('',(-5.600011379223,12.623025491491,
    4.000008636017));
#8066 = CARTESIAN_POINT('',(-5.600011379223,7.5547261682,1.500002540005)
  );
#8067 = CARTESIAN_POINT('',(-5.600011379223,7.5547261682,4.000008636017)
  );
#8068 = ADVANCED_FACE('',(#8069),#8085,.F.);
#8069 = FACE_BOUND('',#8070,.F.);
#8070 = EDGE_LOOP('',(#8071,#8078,#8079,#8080));
#8071 = ORIENTED_EDGE('',*,*,#8072,.T.);
#8072 = EDGE_CURVE('',#8073,#4579,#8075,.T.);
#8073 = VERTEX_POINT('',#8074);
#8074 = CARTESIAN_POINT('',(-10.67002168148,5.553011125222,
    4.000008636017));
#8075 = B_SPLINE_CURVE_WITH_KNOTS('',1,(#8076,#8077),.UNSPECIFIED.,.F.,
  .F.,(2,2),(0.,126.04578797359),.PIECEWISE_BEZIER_KNOTS.);
#8076 = CARTESIAN_POINT('',(-10.67002168148,5.553011125222,
    4.000008636017));
#8077 = CARTESIAN_POINT('',(-12.67002574549,5.553011125222,
    1.500002540005));
#8078 = ORIENTED_EDGE('',*,*,#4578,.F.);
#8079 = ORIENTED_EDGE('',*,*,#7951,.T.);
#8080 = ORIENTED_EDGE('',*,*,#8081,.T.);
#8081 = EDGE_CURVE('',#7952,#8073,#8082,.T.);
#8082 = B_SPLINE_CURVE_WITH_KNOTS('',1,(#8083,#8084),.UNSPECIFIED.,.F.,
  .F.,(2,2),(47.311457242032,168.1102416),.PIECEWISE_BEZIER_KNOTS.);
#8083 = CARTESIAN_POINT('',(-7.6017264222,5.553011125222,4.000008636017)
  );
#8084 = CARTESIAN_POINT('',(-10.67002168148,5.553011125222,
    4.000008636017));
#8085 = B_SPLINE_SURFACE_WITH_KNOTS('',1,1,(
    (#8086,#8087)
    ,(#8088,#8089
    )),.UNSPECIFIED.,.F.,.F.,.F.,(2,2),(2,2),(-134.2125579718,
    65.326386386162),(-12.57728272407,85.847957275927),
  .PIECEWISE_BEZIER_KNOTS.);
#8086 = CARTESIAN_POINT('',(-12.67002574549,5.553011125222,
    1.500002540005));
#8087 = CARTESIAN_POINT('',(-12.67002574549,5.553011125222,
    4.000008636017));
#8088 = CARTESIAN_POINT('',(-7.6017264222,5.553011125222,1.500002540005)
  );
#8089 = CARTESIAN_POINT('',(-7.6017264222,5.553011125222,4.000008636017)
  );
#8090 = ADVANCED_FACE('',(#8091),#8107,.T.);
#8091 = FACE_BOUND('',#8092,.T.);
#8092 = EDGE_LOOP('',(#8093,#8100,#8101,#8102));
#8093 = ORIENTED_EDGE('',*,*,#8094,.T.);
#8094 = EDGE_CURVE('',#8095,#8073,#8097,.T.);
#8095 = VERTEX_POINT('',#8096);
#8096 = CARTESIAN_POINT('',(-10.67002168148,4.353008686817,
    4.000008636017));
#8097 = B_SPLINE_CURVE_WITH_KNOTS('',1,(#8098,#8099),.UNSPECIFIED.,.F.,
  .F.,(2,2),(0.,47.244096),.PIECEWISE_BEZIER_KNOTS.);
#8098 = CARTESIAN_POINT('',(-10.67002168148,4.353008686817,
    4.000008636017));
#8099 = CARTESIAN_POINT('',(-10.67002168148,5.553011125222,
    4.000008636017));
#8100 = ORIENTED_EDGE('',*,*,#8072,.T.);
#8101 = ORIENTED_EDGE('',*,*,#4585,.F.);
#8102 = ORIENTED_EDGE('',*,*,#8103,.F.);
#8103 = EDGE_CURVE('',#8095,#4586,#8104,.T.);
#8104 = B_SPLINE_CURVE_WITH_KNOTS('',1,(#8105,#8106),.UNSPECIFIED.,.F.,
  .F.,(2,2),(0.,126.04578797359),.PIECEWISE_BEZIER_KNOTS.);
#8105 = CARTESIAN_POINT('',(-10.67002168148,4.353008686817,
    4.000008636017));
#8106 = CARTESIAN_POINT('',(-12.67002574549,4.353008686817,
    1.500002540005));
#8107 = B_SPLINE_SURFACE_WITH_KNOTS('',1,1,(
    (#8108,#8109)
    ,(#8110,#8111
    )),.UNSPECIFIED.,.F.,.F.,.F.,(2,2),(2,2),(0.,126.04578797359),(
    -47.244096,0.),.PIECEWISE_BEZIER_KNOTS.);
#8108 = CARTESIAN_POINT('',(-10.67002168148,5.553011125222,
    4.000008636017));
#8109 = CARTESIAN_POINT('',(-10.67002168148,4.353008686817,
    4.000008636017));
#8110 = CARTESIAN_POINT('',(-12.67002574549,5.553011125222,
    1.500002540005));
#8111 = CARTESIAN_POINT('',(-12.67002574549,4.353008686817,
    1.500002540005));
#8112 = ADVANCED_FACE('',(#8113),#8123,.T.);
#8113 = FACE_BOUND('',#8114,.T.);
#8114 = EDGE_LOOP('',(#8115,#8116,#8117,#8118));
#8115 = ORIENTED_EDGE('',*,*,#8103,.T.);
#8116 = ORIENTED_EDGE('',*,*,#4592,.F.);
#8117 = ORIENTED_EDGE('',*,*,#7966,.T.);
#8118 = ORIENTED_EDGE('',*,*,#8119,.T.);
#8119 = EDGE_CURVE('',#7959,#8095,#8120,.T.);
#8120 = B_SPLINE_CURVE_WITH_KNOTS('',1,(#8121,#8122),.UNSPECIFIED.,.F.,
  .F.,(2,2),(47.311457242032,168.1102416),.PIECEWISE_BEZIER_KNOTS.);
#8121 = CARTESIAN_POINT('',(-7.6017264222,4.353008686817,4.000008636017)
  );
#8122 = CARTESIAN_POINT('',(-10.67002168148,4.353008686817,
    4.000008636017));
#8123 = B_SPLINE_SURFACE_WITH_KNOTS('',1,1,(
    (#8124,#8125)
    ,(#8126,#8127
    )),.UNSPECIFIED.,.F.,.F.,.F.,(2,2),(2,2),(-134.2125579718,
    65.326386386162),(-12.57728272407,85.847957275927),
  .PIECEWISE_BEZIER_KNOTS.);
#8124 = CARTESIAN_POINT('',(-12.67002574549,4.353008686817,
    1.500002540005));
#8125 = CARTESIAN_POINT('',(-12.67002574549,4.353008686817,
    4.000008636017));
#8126 = CARTESIAN_POINT('',(-7.6017264222,4.353008686817,1.500002540005)
  );
#8127 = CARTESIAN_POINT('',(-7.6017264222,4.353008686817,4.000008636017)
  );
#8128 = ADVANCED_FACE('',(#8129),#8145,.F.);
#8129 = FACE_BOUND('',#8130,.F.);
#8130 = EDGE_LOOP('',(#8131,#8138,#8139,#8140));
#8131 = ORIENTED_EDGE('',*,*,#8132,.F.);
#8132 = EDGE_CURVE('',#4608,#8133,#8135,.T.);
#8133 = VERTEX_POINT('',#8134);
#8134 = CARTESIAN_POINT('',(-5.600011379223,-0.254000508001,
    4.000008636017));
#8135 = B_SPLINE_CURVE_WITH_KNOTS('',1,(#8136,#8137),.UNSPECIFIED.,.F.,
  .F.,(2,2),(23.238908637964,121.66414863796),.PIECEWISE_BEZIER_KNOTS.);
#8136 = CARTESIAN_POINT('',(-5.600011379223,-0.254000508001,
    1.500002540005));
#8137 = CARTESIAN_POINT('',(-5.600011379223,-0.254000508001,
    4.000008636017));
#8138 = ORIENTED_EDGE('',*,*,#4607,.F.);
#8139 = ORIENTED_EDGE('',*,*,#7972,.T.);
#8140 = ORIENTED_EDGE('',*,*,#8141,.T.);
#8141 = EDGE_CURVE('',#7973,#8133,#8142,.T.);
#8142 = B_SPLINE_CURVE_WITH_KNOTS('',1,(#8143,#8144),.UNSPECIFIED.,.F.,
  .F.,(2,2),(47.311457242032,149.881888),.PIECEWISE_BEZIER_KNOTS.);
#8143 = CARTESIAN_POINT('',(-5.600011379223,2.35129364384,4.000008636017
    ));
#8144 = CARTESIAN_POINT('',(-5.600011379223,-0.254000508001,
    4.000008636017));
#8145 = B_SPLINE_SURFACE_WITH_KNOTS('',1,1,(
    (#8146,#8147)
    ,(#8148,#8149
    )),.UNSPECIFIED.,.F.,.F.,.F.,(2,2),(2,2),(-37.2440443718,
    65.326386386162),(-12.57728272407,85.847957275927),
  .PIECEWISE_BEZIER_KNOTS.);
#8146 = CARTESIAN_POINT('',(-5.600011379223,-0.254000508001,
    1.500002540005));
#8147 = CARTESIAN_POINT('',(-5.600011379223,-0.254000508001,
    4.000008636017));
#8148 = CARTESIAN_POINT('',(-5.600011379223,2.35129364384,1.500002540005
    ));
#8149 = CARTESIAN_POINT('',(-5.600011379223,2.35129364384,4.000008636017
    ));
#8150 = ADVANCED_FACE('',(#8151),#8207,.T.);
#8151 = FACE_BOUND('',#8152,.T.);
#8152 = EDGE_LOOP('',(#8153,#8154,#8161,#8168,#8173,#8174,#8181,#8186,
    #8187,#8188,#8195,#8202));
#8153 = ORIENTED_EDGE('',*,*,#4730,.F.);
#8154 = ORIENTED_EDGE('',*,*,#8155,.T.);
#8155 = EDGE_CURVE('',#4731,#8156,#8158,.T.);
#8156 = VERTEX_POINT('',#8157);
#8157 = CARTESIAN_POINT('',(-93.47218694437,-0.254000508001,15.));
#8158 = B_SPLINE_CURVE_WITH_KNOTS('',1,(#8159,#8160),.UNSPECIFIED.,.F.,
  .F.,(2,2),(59.0551,590.55),.PIECEWISE_BEZIER_KNOTS.);
#8159 = CARTESIAN_POINT('',(-93.47218694437,-0.254000508001,
    1.500002540005));
#8160 = CARTESIAN_POINT('',(-93.47218694437,-0.254000508001,15.));
#8161 = ORIENTED_EDGE('',*,*,#8162,.T.);
#8162 = EDGE_CURVE('',#8156,#8163,#8165,.T.);
#8163 = VERTEX_POINT('',#8164);
#8164 = CARTESIAN_POINT('',(0.127000254001,-0.254000508001,15.));
#8165 = B_SPLINE_CURVE_WITH_KNOTS('',1,(#8166,#8167),.UNSPECIFIED.,.F.,
  .F.,(2,2),(0.,3.685E+03),.PIECEWISE_BEZIER_KNOTS.);
#8166 = CARTESIAN_POINT('',(-93.47218694437,-0.254000508001,15.));
#8167 = CARTESIAN_POINT('',(0.127000254001,-0.254000508001,15.));
#8168 = ORIENTED_EDGE('',*,*,#8169,.F.);
#8169 = EDGE_CURVE('',#4808,#8163,#8170,.T.);
#8170 = B_SPLINE_CURVE_WITH_KNOTS('',1,(#8171,#8172),.UNSPECIFIED.,.F.,
  .F.,(2,2),(59.0551,590.55),.PIECEWISE_BEZIER_KNOTS.);
#8171 = CARTESIAN_POINT('',(0.127000254001,-0.254000508001,
    1.500002540005));
#8172 = CARTESIAN_POINT('',(0.127000254001,-0.254000508001,15.));
#8173 = ORIENTED_EDGE('',*,*,#4814,.F.);
#8174 = ORIENTED_EDGE('',*,*,#8175,.T.);
#8175 = EDGE_CURVE('',#4815,#8176,#8178,.T.);
#8176 = VERTEX_POINT('',#8177);
#8177 = CARTESIAN_POINT('',(-4.400008940818,-0.254000508001,
    4.000008636017));
#8178 = B_SPLINE_CURVE_WITH_KNOTS('',1,(#8179,#8180),.UNSPECIFIED.,.F.,
  .F.,(2,2),(23.238908637964,121.66414863796),.PIECEWISE_BEZIER_KNOTS.);
#8179 = CARTESIAN_POINT('',(-4.400008940818,-0.254000508001,
    1.500002540005));
#8180 = CARTESIAN_POINT('',(-4.400008940818,-0.254000508001,
    4.000008636017));
#8181 = ORIENTED_EDGE('',*,*,#8182,.T.);
#8182 = EDGE_CURVE('',#8176,#8133,#8183,.T.);
#8183 = B_SPLINE_CURVE_WITH_KNOTS('',1,(#8184,#8185),.UNSPECIFIED.,.F.,
  .F.,(2,2),(-1.753385824E+03,-1.706141728E+03),
  .PIECEWISE_BEZIER_KNOTS.);
#8184 = CARTESIAN_POINT('',(-4.400008940818,-0.254000508001,
    4.000008636017));
#8185 = CARTESIAN_POINT('',(-5.600011379223,-0.254000508001,
    4.000008636017));
#8186 = ORIENTED_EDGE('',*,*,#8132,.F.);
#8187 = ORIENTED_EDGE('',*,*,#4614,.F.);
#8188 = ORIENTED_EDGE('',*,*,#8189,.T.);
#8189 = EDGE_CURVE('',#4615,#8190,#8192,.T.);
#8190 = VERTEX_POINT('',#8191);
#8191 = CARTESIAN_POINT('',(-86.52217302514,-0.254000508001,
    4.000008636017));
#8192 = B_SPLINE_CURVE_WITH_KNOTS('',1,(#8193,#8194),.UNSPECIFIED.,.F.,
  .F.,(2,2),(23.238908637964,121.66414863796),.PIECEWISE_BEZIER_KNOTS.);
#8193 = CARTESIAN_POINT('',(-86.52217302514,-0.254000508001,
    1.500002540005));
#8194 = CARTESIAN_POINT('',(-86.52217302514,-0.254000508001,
    4.000008636017));
#8195 = ORIENTED_EDGE('',*,*,#8196,.T.);
#8196 = EDGE_CURVE('',#8190,#8197,#8199,.T.);
#8197 = VERTEX_POINT('',#8198);
#8198 = CARTESIAN_POINT('',(-87.72217546355,-0.254000508001,
    4.000008636017));
#8199 = B_SPLINE_CURVE_WITH_KNOTS('',1,(#8200,#8201),.UNSPECIFIED.,.F.,
  .F.,(2,2),(-136.811024,-89.566928),.PIECEWISE_BEZIER_KNOTS.);
#8200 = CARTESIAN_POINT('',(-86.52217302514,-0.254000508001,
    4.000008636017));
#8201 = CARTESIAN_POINT('',(-87.72217546355,-0.254000508001,
    4.000008636017));
#8202 = ORIENTED_EDGE('',*,*,#8203,.F.);
#8203 = EDGE_CURVE('',#4724,#8197,#8204,.T.);
#8204 = B_SPLINE_CURVE_WITH_KNOTS('',1,(#8205,#8206),.UNSPECIFIED.,.F.,
  .F.,(2,2),(23.238908637964,121.66414863796),.PIECEWISE_BEZIER_KNOTS.);
#8205 = CARTESIAN_POINT('',(-87.72217546355,-0.254000508001,
    1.500002540005));
#8206 = CARTESIAN_POINT('',(-87.72217546355,-0.254000508001,
    4.000008636017));
#8207 = B_SPLINE_SURFACE_WITH_KNOTS('',1,1,(
    (#8208,#8209)
    ,(#8210,#8211
  )),.UNSPECIFIED.,.F.,.F.,.F.,(2,2),(2,2),(0.,3.685E+03),(-590.55,
    -59.0551),.PIECEWISE_BEZIER_KNOTS.);
#8208 = CARTESIAN_POINT('',(-93.47218694437,-0.254000508001,15.));
#8209 = CARTESIAN_POINT('',(-93.47218694437,-0.254000508001,
    1.500002540005));
#8210 = CARTESIAN_POINT('',(0.127000254001,-0.254000508001,15.));
#8211 = CARTESIAN_POINT('',(0.127000254001,-0.254000508001,
    1.500002540005));
#8212 = ADVANCED_FACE('',(#8213),#8229,.T.);
#8213 = FACE_BOUND('',#8214,.T.);
#8214 = EDGE_LOOP('',(#8215,#8216,#8217,#8224));
#8215 = ORIENTED_EDGE('',*,*,#8189,.F.);
#8216 = ORIENTED_EDGE('',*,*,#4621,.F.);
#8217 = ORIENTED_EDGE('',*,*,#8218,.T.);
#8218 = EDGE_CURVE('',#4622,#8219,#8221,.T.);
#8219 = VERTEX_POINT('',#8220);
#8220 = CARTESIAN_POINT('',(-86.52217302514,2.732294405841,
    4.000008636017));
#8221 = B_SPLINE_CURVE_WITH_KNOTS('',1,(#8222,#8223),.UNSPECIFIED.,.F.,
  .F.,(2,2),(59.0551,157.48034),.PIECEWISE_BEZIER_KNOTS.);
#8222 = CARTESIAN_POINT('',(-86.52217302514,2.732294405841,
    1.500002540005));
#8223 = CARTESIAN_POINT('',(-86.52217302514,2.732294405841,
    4.000008636017));
#8224 = ORIENTED_EDGE('',*,*,#8225,.T.);
#8225 = EDGE_CURVE('',#8219,#8190,#8226,.T.);
#8226 = B_SPLINE_CURVE_WITH_KNOTS('',1,(#8227,#8228),.UNSPECIFIED.,.F.,
  .F.,(2,2),(47.311457242055,164.881888),.PIECEWISE_BEZIER_KNOTS.);
#8227 = CARTESIAN_POINT('',(-86.52217302514,2.732294405841,
    4.000008636017));
#8228 = CARTESIAN_POINT('',(-86.52217302514,-0.254000508001,
    4.000008636017));
#8229 = B_SPLINE_SURFACE_WITH_KNOTS('',1,1,(
    (#8230,#8231)
    ,(#8232,#8233
    )),.UNSPECIFIED.,.F.,.F.,.F.,(2,2),(2,2),(-52.2440443718,
    65.326386386161),(-12.57728272407,85.847957275927),
  .PIECEWISE_BEZIER_KNOTS.);
#8230 = CARTESIAN_POINT('',(-86.52217302514,-0.254000508001,
    1.500002540005));
#8231 = CARTESIAN_POINT('',(-86.52217302514,-0.254000508001,
    4.000008636017));
#8232 = CARTESIAN_POINT('',(-86.52217302514,2.732294405841,
    1.500002540005));
#8233 = CARTESIAN_POINT('',(-86.52217302514,2.732294405841,
    4.000008636017));
#8234 = ADVANCED_FACE('',(#8235),#8341,.T.);
#8235 = FACE_BOUND('',#8236,.T.);
#8236 = EDGE_LOOP('',(#8237,#8247,#8254,#8264,#8265,#8273,#8278,#8279,
    #8286,#8294,#8299,#8300,#8307,#8315,#8320,#8321,#8328,#8334,#8335,
    #8336));
#8237 = ORIENTED_EDGE('',*,*,#8238,.T.);
#8238 = EDGE_CURVE('',#8239,#8241,#8243,.T.);
#8239 = VERTEX_POINT('',#8240);
#8240 = CARTESIAN_POINT('',(-84.52045798216,4.734009448819,
    4.000008636017));
#8241 = VERTEX_POINT('',#8242);
#8242 = CARTESIAN_POINT('',(-84.45216881889,5.334010668021,
    4.000008636017));
#8243 = ( BOUNDED_CURVE() B_SPLINE_CURVE(2,(#8244,#8245,#8246),
.UNSPECIFIED.,.F.,.F.) B_SPLINE_CURVE_WITH_KNOTS((3,3),(6.056530552424,
6.28318530718),.PIECEWISE_BEZIER_KNOTS.) CURVE() 
GEOMETRIC_REPRESENTATION_ITEM() RATIONAL_B_SPLINE_CURVE((1.,
0.993585322538,1.)) REPRESENTATION_ITEM('') );
#8244 = CARTESIAN_POINT('',(-84.52045798216,4.734009448819,
    4.000008636017));
#8245 = CARTESIAN_POINT('',(-84.45216881889,5.030123891467,
    4.000008636017));
#8246 = CARTESIAN_POINT('',(-84.45216881889,5.334010668021,
    4.000008636017));
#8247 = ORIENTED_EDGE('',*,*,#8248,.T.);
#8248 = EDGE_CURVE('',#8241,#8249,#8251,.T.);
#8249 = VERTEX_POINT('',#8250);
#8250 = CARTESIAN_POINT('',(-84.45216881889,5.334010668021,
    6.000012700025));
#8251 = B_SPLINE_CURVE_WITH_KNOTS('',1,(#8252,#8253),.UNSPECIFIED.,.F.,
  .F.,(2,2),(157.48034,236.2205),.PIECEWISE_BEZIER_KNOTS.);
#8252 = CARTESIAN_POINT('',(-84.45216881889,5.334010668021,
    4.000008636017));
#8253 = CARTESIAN_POINT('',(-84.45216881889,5.334010668021,
    6.000012700025));
#8254 = ORIENTED_EDGE('',*,*,#8255,.F.);
#8255 = EDGE_CURVE('',#8249,#8249,#8256,.T.);
#8256 = ( BOUNDED_CURVE() B_SPLINE_CURVE(2,(#8257,#8258,#8259,#8260,
#8261,#8262,#8263),.UNSPECIFIED.,.T.,.F.) B_SPLINE_CURVE_WITH_KNOTS((1,2
    ,2,2,2,1),(-2.094395102394,0.,2.094395102393,4.188790204786,
6.28318530718,8.377580409573),.UNSPECIFIED.) CURVE() 
GEOMETRIC_REPRESENTATION_ITEM() RATIONAL_B_SPLINE_CURVE((1.,0.5,1.,0.5,
1.,0.5,1.)) REPRESENTATION_ITEM('') );
#8257 = CARTESIAN_POINT('',(-84.45216881889,5.334010668021,
    6.000012700025));
#8258 = CARTESIAN_POINT('',(-84.45216881889,9.958595721387,
    6.000012700025));
#8259 = CARTESIAN_POINT('',(-88.45717695707,7.646303194704,
    6.000012700025));
#8260 = CARTESIAN_POINT('',(-92.46218509525,5.334010668021,
    6.000012700025));
#8261 = CARTESIAN_POINT('',(-88.45717695707,3.021718141339,
    6.000012700025));
#8262 = CARTESIAN_POINT('',(-84.45216881889,0.709425614656,
    6.000012700025));
#8263 = CARTESIAN_POINT('',(-84.45216881889,5.334010668021,
    6.000012700025));
#8264 = ORIENTED_EDGE('',*,*,#8248,.F.);
#8265 = ORIENTED_EDGE('',*,*,#8266,.T.);
#8266 = EDGE_CURVE('',#8241,#8267,#8269,.T.);
#8267 = VERTEX_POINT('',#8268);
#8268 = CARTESIAN_POINT('',(-84.52045798216,5.934011887224,
    4.000008636017));
#8269 = ( BOUNDED_CURVE() B_SPLINE_CURVE(2,(#8270,#8271,#8272),
.UNSPECIFIED.,.F.,.F.) B_SPLINE_CURVE_WITH_KNOTS((3,3),(0.,
0.226654754756),.PIECEWISE_BEZIER_KNOTS.) CURVE() 
GEOMETRIC_REPRESENTATION_ITEM() RATIONAL_B_SPLINE_CURVE((1.,
0.993585322538,1.)) REPRESENTATION_ITEM('') );
#8270 = CARTESIAN_POINT('',(-84.45216881889,5.334010668021,
    4.000008636017));
#8271 = CARTESIAN_POINT('',(-84.45216881889,5.637897444576,
    4.000008636017));
#8272 = CARTESIAN_POINT('',(-84.52045798216,5.934011887224,
    4.000008636017));
#8273 = ORIENTED_EDGE('',*,*,#8274,.F.);
#8274 = EDGE_CURVE('',#4651,#8267,#8275,.T.);
#8275 = B_SPLINE_CURVE_WITH_KNOTS('',1,(#8276,#8277),.UNSPECIFIED.,.F.,
  .F.,(2,2),(59.0551,157.48034),.PIECEWISE_BEZIER_KNOTS.);
#8276 = CARTESIAN_POINT('',(-84.52045798216,5.934011887224,
    1.500002540005));
#8277 = CARTESIAN_POINT('',(-84.52045798216,5.934011887224,
    4.000008636017));
#8278 = ORIENTED_EDGE('',*,*,#4657,.T.);
#8279 = ORIENTED_EDGE('',*,*,#8280,.T.);
#8280 = EDGE_CURVE('',#4658,#8281,#8283,.T.);
#8281 = VERTEX_POINT('',#8282);
#8282 = CARTESIAN_POINT('',(-86.52217302514,7.935726930202,
    4.000008636017));
#8283 = B_SPLINE_CURVE_WITH_KNOTS('',1,(#8284,#8285),.UNSPECIFIED.,.F.,
  .F.,(2,2),(59.0551,157.48034),.PIECEWISE_BEZIER_KNOTS.);
#8284 = CARTESIAN_POINT('',(-86.52217302514,7.935726930201,
    1.500002540005));
#8285 = CARTESIAN_POINT('',(-86.52217302514,7.935726930201,
    4.000008636017));
#8286 = ORIENTED_EDGE('',*,*,#8287,.T.);
#8287 = EDGE_CURVE('',#8281,#8288,#8290,.T.);
#8288 = VERTEX_POINT('',#8289);
#8289 = CARTESIAN_POINT('',(-87.72217546355,7.935726930201,
    4.000008636017));
#8290 = ( BOUNDED_CURVE() B_SPLINE_CURVE(2,(#8291,#8292,#8293),
.UNSPECIFIED.,.F.,.F.) B_SPLINE_CURVE_WITH_KNOTS((3,3),(1.344141572039,
1.79745108155),.PIECEWISE_BEZIER_KNOTS.) CURVE() 
GEOMETRIC_REPRESENTATION_ITEM() RATIONAL_B_SPLINE_CURVE((1.,
0.974423586327,1.)) REPRESENTATION_ITEM('') );
#8291 = CARTESIAN_POINT('',(-86.52217302514,7.935726930201,
    4.000008636017));
#8292 = CARTESIAN_POINT('',(-87.12217424434,8.074097692716,
    4.000008636017));
#8293 = CARTESIAN_POINT('',(-87.72217546355,7.935726930201,
    4.000008636017));
#8294 = ORIENTED_EDGE('',*,*,#8295,.F.);
#8295 = EDGE_CURVE('',#4680,#8288,#8296,.T.);
#8296 = B_SPLINE_CURVE_WITH_KNOTS('',1,(#8297,#8298),.UNSPECIFIED.,.F.,
  .F.,(2,2),(59.0551,157.48034),.PIECEWISE_BEZIER_KNOTS.);
#8297 = CARTESIAN_POINT('',(-87.72217546355,7.935726930201,
    1.500002540005));
#8298 = CARTESIAN_POINT('',(-87.72217546355,7.935726930201,
    4.000008636017));
#8299 = ORIENTED_EDGE('',*,*,#4686,.T.);
#8300 = ORIENTED_EDGE('',*,*,#8301,.T.);
#8301 = EDGE_CURVE('',#4687,#8302,#8304,.T.);
#8302 = VERTEX_POINT('',#8303);
#8303 = CARTESIAN_POINT('',(-89.72389050652,5.934011887224,
    4.000008636017));
#8304 = B_SPLINE_CURVE_WITH_KNOTS('',1,(#8305,#8306),.UNSPECIFIED.,.F.,
  .F.,(2,2),(59.0551,157.48034),.PIECEWISE_BEZIER_KNOTS.);
#8305 = CARTESIAN_POINT('',(-89.72389050652,5.934011887224,
    1.500002540005));
#8306 = CARTESIAN_POINT('',(-89.72389050652,5.934011887224,
    4.000008636017));
#8307 = ORIENTED_EDGE('',*,*,#8308,.T.);
#8308 = EDGE_CURVE('',#8302,#8309,#8311,.T.);
#8309 = VERTEX_POINT('',#8310);
#8310 = CARTESIAN_POINT('',(-89.72389050652,4.734009448819,
    4.000008636017));
#8311 = ( BOUNDED_CURVE() B_SPLINE_CURVE(2,(#8312,#8313,#8314),
.UNSPECIFIED.,.F.,.F.) B_SPLINE_CURVE_WITH_KNOTS((3,3),(2.914937898834,
3.368247408345),.PIECEWISE_BEZIER_KNOTS.) CURVE() 
GEOMETRIC_REPRESENTATION_ITEM() RATIONAL_B_SPLINE_CURVE((1.,
0.974423586327,1.)) REPRESENTATION_ITEM('') );
#8312 = CARTESIAN_POINT('',(-89.72389050652,5.934011887224,
    4.000008636017));
#8313 = CARTESIAN_POINT('',(-89.86226126904,5.334010668021,
    4.000008636017));
#8314 = CARTESIAN_POINT('',(-89.72389050652,4.734009448819,
    4.000008636017));
#8315 = ORIENTED_EDGE('',*,*,#8316,.F.);
#8316 = EDGE_CURVE('',#4709,#8309,#8317,.T.);
#8317 = B_SPLINE_CURVE_WITH_KNOTS('',1,(#8318,#8319),.UNSPECIFIED.,.F.,
  .F.,(2,2),(59.0551,157.48034),.PIECEWISE_BEZIER_KNOTS.);
#8318 = CARTESIAN_POINT('',(-89.72389050652,4.734009448819,
    1.500002540005));
#8319 = CARTESIAN_POINT('',(-89.72389050652,4.734009448819,
    4.000008636017));
#8320 = ORIENTED_EDGE('',*,*,#4715,.T.);
#8321 = ORIENTED_EDGE('',*,*,#8322,.T.);
#8322 = EDGE_CURVE('',#4716,#8323,#8325,.T.);
#8323 = VERTEX_POINT('',#8324);
#8324 = CARTESIAN_POINT('',(-87.72217546355,2.732294405841,
    4.000008636017));
#8325 = B_SPLINE_CURVE_WITH_KNOTS('',1,(#8326,#8327),.UNSPECIFIED.,.F.,
  .F.,(2,2),(59.0551,157.48034),.PIECEWISE_BEZIER_KNOTS.);
#8326 = CARTESIAN_POINT('',(-87.72217546355,2.732294405841,
    1.500002540005));
#8327 = CARTESIAN_POINT('',(-87.72217546355,2.732294405841,
    4.000008636017));
#8328 = ORIENTED_EDGE('',*,*,#8329,.T.);
#8329 = EDGE_CURVE('',#8323,#8219,#8330,.T.);
#8330 = ( BOUNDED_CURVE() B_SPLINE_CURVE(2,(#8331,#8332,#8333),
.UNSPECIFIED.,.F.,.F.) B_SPLINE_CURVE_WITH_KNOTS((3,3),(4.485734225629,
4.93904373514),.PIECEWISE_BEZIER_KNOTS.) CURVE() 
GEOMETRIC_REPRESENTATION_ITEM() RATIONAL_B_SPLINE_CURVE((1.,
0.974423586327,1.)) REPRESENTATION_ITEM('') );
#8331 = CARTESIAN_POINT('',(-87.72217546355,2.732294405841,
    4.000008636017));
#8332 = CARTESIAN_POINT('',(-87.12217424434,2.593923643327,
    4.000008636017));
#8333 = CARTESIAN_POINT('',(-86.52217302514,2.732294405841,
    4.000008636017));
#8334 = ORIENTED_EDGE('',*,*,#8218,.F.);
#8335 = ORIENTED_EDGE('',*,*,#4628,.T.);
#8336 = ORIENTED_EDGE('',*,*,#8337,.T.);
#8337 = EDGE_CURVE('',#4629,#8239,#8338,.T.);
#8338 = B_SPLINE_CURVE_WITH_KNOTS('',1,(#8339,#8340),.UNSPECIFIED.,.F.,
  .F.,(2,2),(59.0551,157.48034),.PIECEWISE_BEZIER_KNOTS.);
#8339 = CARTESIAN_POINT('',(-84.52045798216,4.734009448819,
    1.500002540005));
#8340 = CARTESIAN_POINT('',(-84.52045798216,4.734009448819,
    4.000008636017));
#8341 = ( BOUNDED_SURFACE() B_SPLINE_SURFACE(2,1,(
    (#8342,#8343)
    ,(#8344,#8345)
    ,(#8346,#8347)
    ,(#8348,#8349)
    ,(#8350,#8351)
    ,(#8352,#8353)
    ,(#8354,#8355
)),.UNSPECIFIED.,.T.,.F.,.F.) B_SPLINE_SURFACE_WITH_KNOTS((1,2,2,2,2,1),
  (2,2),(-2.094395102394,0.,2.094395102393,4.188790204786,6.28318530718,
    8.377580409573),(59.0551,236.2205),.UNSPECIFIED.) 
GEOMETRIC_REPRESENTATION_ITEM() RATIONAL_B_SPLINE_SURFACE((
    (1.,1.)
    ,(0.5,0.5)
    ,(1.,1.)
    ,(0.5,0.5)
    ,(1.,1.)
    ,(0.5,0.5)
,(1.,1.))) REPRESENTATION_ITEM('') SURFACE() );
#8342 = CARTESIAN_POINT('',(-84.45216881889,5.334010668021,
    1.500002540005));
#8343 = CARTESIAN_POINT('',(-84.45216881889,5.334010668021,
    6.000012700025));
#8344 = CARTESIAN_POINT('',(-84.45216881889,9.958595721387,
    1.500002540005));
#8345 = CARTESIAN_POINT('',(-84.45216881889,9.958595721387,
    6.000012700025));
#8346 = CARTESIAN_POINT('',(-88.45717695707,7.646303194704,
    1.500002540005));
#8347 = CARTESIAN_POINT('',(-88.45717695707,7.646303194704,
    6.000012700025));
#8348 = CARTESIAN_POINT('',(-92.46218509525,5.334010668021,
    1.500002540005));
#8349 = CARTESIAN_POINT('',(-92.46218509525,5.334010668021,
    6.000012700025));
#8350 = CARTESIAN_POINT('',(-88.45717695707,3.021718141339,
    1.500002540005));
#8351 = CARTESIAN_POINT('',(-88.45717695707,3.021718141339,
    6.000012700025));
#8352 = CARTESIAN_POINT('',(-84.45216881889,0.709425614656,
    1.500002540005));
#8353 = CARTESIAN_POINT('',(-84.45216881889,0.709425614656,
    6.000012700025));
#8354 = CARTESIAN_POINT('',(-84.45216881889,5.334010668021,
    1.500002540005));
#8355 = CARTESIAN_POINT('',(-84.45216881889,5.334010668021,
    6.000012700025));
#8356 = ADVANCED_FACE('',(#8357),#8373,.F.);
#8357 = FACE_BOUND('',#8358,.F.);
#8358 = EDGE_LOOP('',(#8359,#8366,#8367,#8368));
#8359 = ORIENTED_EDGE('',*,*,#8360,.T.);
#8360 = EDGE_CURVE('',#8361,#4637,#8363,.T.);
#8361 = VERTEX_POINT('',#8362);
#8362 = CARTESIAN_POINT('',(-81.45216272288,4.734009448819,
    4.000008636017));
#8363 = B_SPLINE_CURVE_WITH_KNOTS('',1,(#8364,#8365),.UNSPECIFIED.,.F.,
  .F.,(2,2),(0.,126.04578797359),.PIECEWISE_BEZIER_KNOTS.);
#8364 = CARTESIAN_POINT('',(-81.45216272288,4.734009448819,
    4.000008636017));
#8365 = CARTESIAN_POINT('',(-79.45215865887,4.734009448819,
    1.500002540005));
#8366 = ORIENTED_EDGE('',*,*,#4636,.F.);
#8367 = ORIENTED_EDGE('',*,*,#8337,.T.);
#8368 = ORIENTED_EDGE('',*,*,#8369,.T.);
#8369 = EDGE_CURVE('',#8239,#8361,#8370,.T.);
#8370 = B_SPLINE_CURVE_WITH_KNOTS('',1,(#8371,#8372),.UNSPECIFIED.,.F.,
  .F.,(2,2),(47.311457242019,168.1102416),.PIECEWISE_BEZIER_KNOTS.);
#8371 = CARTESIAN_POINT('',(-84.52045798216,4.734009448819,
    4.000008636017));
#8372 = CARTESIAN_POINT('',(-81.45216272288,4.734009448819,
    4.000008636017));
#8373 = B_SPLINE_SURFACE_WITH_KNOTS('',1,1,(
    (#8374,#8375)
    ,(#8376,#8377
    )),.UNSPECIFIED.,.F.,.F.,.F.,(2,2),(2,2),(-134.2125579718,
    65.326386386175),(-12.57728272407,85.847957275927),
  .PIECEWISE_BEZIER_KNOTS.);
#8374 = CARTESIAN_POINT('',(-79.45215865887,4.734009448819,
    1.500002540005));
#8375 = CARTESIAN_POINT('',(-79.45215865887,4.734009448819,
    4.000008636017));
#8376 = CARTESIAN_POINT('',(-84.52045798216,4.734009448819,
    1.500002540005));
#8377 = CARTESIAN_POINT('',(-84.52045798216,4.734009448819,
    4.000008636017));
#8378 = ADVANCED_FACE('',(#8379),#8395,.T.);
#8379 = FACE_BOUND('',#8380,.T.);
#8380 = EDGE_LOOP('',(#8381,#8388,#8389,#8390));
#8381 = ORIENTED_EDGE('',*,*,#8382,.T.);
#8382 = EDGE_CURVE('',#8383,#8361,#8385,.T.);
#8383 = VERTEX_POINT('',#8384);
#8384 = CARTESIAN_POINT('',(-81.45216272288,5.934011887224,
    4.000008636017));
#8385 = B_SPLINE_CURVE_WITH_KNOTS('',1,(#8386,#8387),.UNSPECIFIED.,.F.,
  .F.,(2,2),(0.,47.244096),.PIECEWISE_BEZIER_KNOTS.);
#8386 = CARTESIAN_POINT('',(-81.45216272288,5.934011887224,
    4.000008636017));
#8387 = CARTESIAN_POINT('',(-81.45216272288,4.734009448819,
    4.000008636017));
#8388 = ORIENTED_EDGE('',*,*,#8360,.T.);
#8389 = ORIENTED_EDGE('',*,*,#4643,.F.);
#8390 = ORIENTED_EDGE('',*,*,#8391,.F.);
#8391 = EDGE_CURVE('',#8383,#4644,#8392,.T.);
#8392 = B_SPLINE_CURVE_WITH_KNOTS('',1,(#8393,#8394),.UNSPECIFIED.,.F.,
  .F.,(2,2),(0.,126.04578797359),.PIECEWISE_BEZIER_KNOTS.);
#8393 = CARTESIAN_POINT('',(-81.45216272288,5.934011887224,
    4.000008636017));
#8394 = CARTESIAN_POINT('',(-79.45215865887,5.934011887224,
    1.500002540005));
#8395 = B_SPLINE_SURFACE_WITH_KNOTS('',1,1,(
    (#8396,#8397)
    ,(#8398,#8399
    )),.UNSPECIFIED.,.F.,.F.,.F.,(2,2),(2,2),(0.,126.04578797359),(
    -47.244096,0.),.PIECEWISE_BEZIER_KNOTS.);
#8396 = CARTESIAN_POINT('',(-81.45216272288,4.734009448819,
    4.000008636017));
#8397 = CARTESIAN_POINT('',(-81.45216272288,5.934011887224,
    4.000008636017));
#8398 = CARTESIAN_POINT('',(-79.45215865887,4.734009448819,
    1.500002540005));
#8399 = CARTESIAN_POINT('',(-79.45215865887,5.934011887224,
    1.500002540005));
#8400 = ADVANCED_FACE('',(#8401),#8411,.T.);
#8401 = FACE_BOUND('',#8402,.T.);
#8402 = EDGE_LOOP('',(#8403,#8404,#8405,#8406));
#8403 = ORIENTED_EDGE('',*,*,#8391,.T.);
#8404 = ORIENTED_EDGE('',*,*,#4650,.F.);
#8405 = ORIENTED_EDGE('',*,*,#8274,.T.);
#8406 = ORIENTED_EDGE('',*,*,#8407,.T.);
#8407 = EDGE_CURVE('',#8267,#8383,#8408,.T.);
#8408 = B_SPLINE_CURVE_WITH_KNOTS('',1,(#8409,#8410),.UNSPECIFIED.,.F.,
  .F.,(2,2),(47.311457242019,168.1102416),.PIECEWISE_BEZIER_KNOTS.);
#8409 = CARTESIAN_POINT('',(-84.52045798216,5.934011887224,
    4.000008636017));
#8410 = CARTESIAN_POINT('',(-81.45216272288,5.934011887224,
    4.000008636017));
#8411 = B_SPLINE_SURFACE_WITH_KNOTS('',1,1,(
    (#8412,#8413)
    ,(#8414,#8415
    )),.UNSPECIFIED.,.F.,.F.,.F.,(2,2),(2,2),(-134.2125579718,
    65.326386386175),(-12.57728272407,85.847957275927),
  .PIECEWISE_BEZIER_KNOTS.);
#8412 = CARTESIAN_POINT('',(-79.45215865887,5.934011887224,
    1.500002540005));
#8413 = CARTESIAN_POINT('',(-79.45215865887,5.934011887224,
    4.000008636017));
#8414 = CARTESIAN_POINT('',(-84.52045798216,5.934011887224,
    1.500002540005));
#8415 = CARTESIAN_POINT('',(-84.52045798216,5.934011887224,
    4.000008636017));
#8416 = ADVANCED_FACE('',(#8417),#8433,.F.);
#8417 = FACE_BOUND('',#8418,.F.);
#8418 = EDGE_LOOP('',(#8419,#8426,#8427,#8428));
#8419 = ORIENTED_EDGE('',*,*,#8420,.T.);
#8420 = EDGE_CURVE('',#8421,#4666,#8423,.T.);
#8421 = VERTEX_POINT('',#8422);
#8422 = CARTESIAN_POINT('',(-86.52217302514,11.004022189484,
    4.000008636017));
#8423 = B_SPLINE_CURVE_WITH_KNOTS('',1,(#8424,#8425),.UNSPECIFIED.,.F.,
  .F.,(2,2),(0.,126.04578797359),.PIECEWISE_BEZIER_KNOTS.);
#8424 = CARTESIAN_POINT('',(-86.52217302514,11.004022189484,
    4.000008636017));
#8425 = CARTESIAN_POINT('',(-86.52217302514,13.004026253493,
    1.500002540005));
#8426 = ORIENTED_EDGE('',*,*,#4665,.F.);
#8427 = ORIENTED_EDGE('',*,*,#8280,.T.);
#8428 = ORIENTED_EDGE('',*,*,#8429,.T.);
#8429 = EDGE_CURVE('',#8281,#8421,#8430,.T.);
#8430 = B_SPLINE_CURVE_WITH_KNOTS('',1,(#8431,#8432),.UNSPECIFIED.,.F.,
  .F.,(2,2),(47.311457242037,168.1102416),.PIECEWISE_BEZIER_KNOTS.);
#8431 = CARTESIAN_POINT('',(-86.52217302514,7.935726930202,
    4.000008636017));
#8432 = CARTESIAN_POINT('',(-86.52217302514,11.004022189484,
    4.000008636017));
#8433 = B_SPLINE_SURFACE_WITH_KNOTS('',1,1,(
    (#8434,#8435)
    ,(#8436,#8437
    )),.UNSPECIFIED.,.F.,.F.,.F.,(2,2),(2,2),(-134.2125579718,
    65.326386386162),(-12.57728272407,85.847957275927),
  .PIECEWISE_BEZIER_KNOTS.);
#8434 = CARTESIAN_POINT('',(-86.52217302514,13.004026253493,
    1.500002540005));
#8435 = CARTESIAN_POINT('',(-86.52217302514,13.004026253493,
    4.000008636017));
#8436 = CARTESIAN_POINT('',(-86.52217302514,7.935726930201,
    1.500002540005));
#8437 = CARTESIAN_POINT('',(-86.52217302514,7.935726930201,
    4.000008636017));
#8438 = ADVANCED_FACE('',(#8439),#8455,.T.);
#8439 = FACE_BOUND('',#8440,.T.);
#8440 = EDGE_LOOP('',(#8441,#8448,#8449,#8450));
#8441 = ORIENTED_EDGE('',*,*,#8442,.T.);
#8442 = EDGE_CURVE('',#8443,#8421,#8445,.T.);
#8443 = VERTEX_POINT('',#8444);
#8444 = CARTESIAN_POINT('',(-87.72217546355,11.004022189484,
    4.000008636017));
#8445 = B_SPLINE_CURVE_WITH_KNOTS('',1,(#8446,#8447),.UNSPECIFIED.,.F.,
  .F.,(2,2),(0.,47.244096),.PIECEWISE_BEZIER_KNOTS.);
#8446 = CARTESIAN_POINT('',(-87.72217546355,11.004022189484,
    4.000008636017));
#8447 = CARTESIAN_POINT('',(-86.52217302514,11.004022189484,
    4.000008636017));
#8448 = ORIENTED_EDGE('',*,*,#8420,.T.);
#8449 = ORIENTED_EDGE('',*,*,#4672,.F.);
#8450 = ORIENTED_EDGE('',*,*,#8451,.F.);
#8451 = EDGE_CURVE('',#8443,#4673,#8452,.T.);
#8452 = B_SPLINE_CURVE_WITH_KNOTS('',1,(#8453,#8454),.UNSPECIFIED.,.F.,
  .F.,(2,2),(0.,126.04578797359),.PIECEWISE_BEZIER_KNOTS.);
#8453 = CARTESIAN_POINT('',(-87.72217546355,11.004022189484,
    4.000008636017));
#8454 = CARTESIAN_POINT('',(-87.72217546355,13.004026253493,
    1.500002540005));
#8455 = B_SPLINE_SURFACE_WITH_KNOTS('',1,1,(
    (#8456,#8457)
    ,(#8458,#8459
    )),.UNSPECIFIED.,.F.,.F.,.F.,(2,2),(2,2),(0.,126.04578797359),(
    -47.244096,0.),.PIECEWISE_BEZIER_KNOTS.);
#8456 = CARTESIAN_POINT('',(-86.52217302514,11.004022189484,
    4.000008636017));
#8457 = CARTESIAN_POINT('',(-87.72217546355,11.004022189484,
    4.000008636017));
#8458 = CARTESIAN_POINT('',(-86.52217302514,13.004026253493,
    1.500002540005));
#8459 = CARTESIAN_POINT('',(-87.72217546355,13.004026253493,
    1.500002540005));
#8460 = ADVANCED_FACE('',(#8461),#8471,.T.);
#8461 = FACE_BOUND('',#8462,.T.);
#8462 = EDGE_LOOP('',(#8463,#8464,#8465,#8466));
#8463 = ORIENTED_EDGE('',*,*,#8451,.T.);
#8464 = ORIENTED_EDGE('',*,*,#4679,.F.);
#8465 = ORIENTED_EDGE('',*,*,#8295,.T.);
#8466 = ORIENTED_EDGE('',*,*,#8467,.T.);
#8467 = EDGE_CURVE('',#8288,#8443,#8468,.T.);
#8468 = B_SPLINE_CURVE_WITH_KNOTS('',1,(#8469,#8470),.UNSPECIFIED.,.F.,
  .F.,(2,2),(47.311457242019,168.1102416),.PIECEWISE_BEZIER_KNOTS.);
#8469 = CARTESIAN_POINT('',(-87.72217546355,7.935726930201,
    4.000008636017));
#8470 = CARTESIAN_POINT('',(-87.72217546355,11.004022189484,
    4.000008636017));
#8471 = B_SPLINE_SURFACE_WITH_KNOTS('',1,1,(
    (#8472,#8473)
    ,(#8474,#8475
    )),.UNSPECIFIED.,.F.,.F.,.F.,(2,2),(2,2),(-134.2125579718,
    65.326386386175),(-12.57728272407,85.847957275927),
  .PIECEWISE_BEZIER_KNOTS.);
#8472 = CARTESIAN_POINT('',(-87.72217546355,13.004026253493,
    1.500002540005));
#8473 = CARTESIAN_POINT('',(-87.72217546355,13.004026253493,
    4.000008636017));
#8474 = CARTESIAN_POINT('',(-87.72217546355,7.935726930201,
    1.500002540005));
#8475 = CARTESIAN_POINT('',(-87.72217546355,7.935726930201,
    4.000008636017));
#8476 = ADVANCED_FACE('',(#8477),#8493,.F.);
#8477 = FACE_BOUND('',#8478,.F.);
#8478 = EDGE_LOOP('',(#8479,#8486,#8487,#8488));
#8479 = ORIENTED_EDGE('',*,*,#8480,.T.);
#8480 = EDGE_CURVE('',#8481,#4695,#8483,.T.);
#8481 = VERTEX_POINT('',#8482);
#8482 = CARTESIAN_POINT('',(-92.79218576581,5.934011887224,
    4.000008636017));
#8483 = B_SPLINE_CURVE_WITH_KNOTS('',1,(#8484,#8485),.UNSPECIFIED.,.F.,
  .F.,(2,2),(0.,126.04578797359),.PIECEWISE_BEZIER_KNOTS.);
#8484 = CARTESIAN_POINT('',(-92.79218576581,5.934011887224,
    4.000008636017));
#8485 = CARTESIAN_POINT('',(-94.79218982982,5.934011887224,
    1.500002540005));
#8486 = ORIENTED_EDGE('',*,*,#4694,.F.);
#8487 = ORIENTED_EDGE('',*,*,#8301,.T.);
#8488 = ORIENTED_EDGE('',*,*,#8489,.T.);
#8489 = EDGE_CURVE('',#8302,#8481,#8490,.T.);
#8490 = B_SPLINE_CURVE_WITH_KNOTS('',1,(#8491,#8492),.UNSPECIFIED.,.F.,
  .F.,(2,2),(47.311457242037,168.1102416),.PIECEWISE_BEZIER_KNOTS.);
#8491 = CARTESIAN_POINT('',(-89.72389050652,5.934011887224,
    4.000008636017));
#8492 = CARTESIAN_POINT('',(-92.79218576581,5.934011887224,
    4.000008636017));
#8493 = B_SPLINE_SURFACE_WITH_KNOTS('',1,1,(
    (#8494,#8495)
    ,(#8496,#8497
    )),.UNSPECIFIED.,.F.,.F.,.F.,(2,2),(2,2),(-134.2125579718,
    65.326386386163),(-12.57728272407,85.847957275927),
  .PIECEWISE_BEZIER_KNOTS.);
#8494 = CARTESIAN_POINT('',(-94.79218982982,5.934011887224,
    1.500002540005));
#8495 = CARTESIAN_POINT('',(-94.79218982982,5.934011887224,
    4.000008636017));
#8496 = CARTESIAN_POINT('',(-89.72389050652,5.934011887224,
    1.500002540005));
#8497 = CARTESIAN_POINT('',(-89.72389050652,5.934011887224,
    4.000008636017));
#8498 = ADVANCED_FACE('',(#8499),#8515,.T.);
#8499 = FACE_BOUND('',#8500,.T.);
#8500 = EDGE_LOOP('',(#8501,#8508,#8509,#8510));
#8501 = ORIENTED_EDGE('',*,*,#8502,.T.);
#8502 = EDGE_CURVE('',#8503,#8481,#8505,.T.);
#8503 = VERTEX_POINT('',#8504);
#8504 = CARTESIAN_POINT('',(-92.79218576581,4.734009448819,
    4.000008636017));
#8505 = B_SPLINE_CURVE_WITH_KNOTS('',1,(#8506,#8507),.UNSPECIFIED.,.F.,
  .F.,(2,2),(0.,47.244096),.PIECEWISE_BEZIER_KNOTS.);
#8506 = CARTESIAN_POINT('',(-92.79218576581,4.734009448819,
    4.000008636017));
#8507 = CARTESIAN_POINT('',(-92.79218576581,5.934011887224,
    4.000008636017));
#8508 = ORIENTED_EDGE('',*,*,#8480,.T.);
#8509 = ORIENTED_EDGE('',*,*,#4701,.F.);
#8510 = ORIENTED_EDGE('',*,*,#8511,.F.);
#8511 = EDGE_CURVE('',#8503,#4702,#8512,.T.);
#8512 = B_SPLINE_CURVE_WITH_KNOTS('',1,(#8513,#8514),.UNSPECIFIED.,.F.,
  .F.,(2,2),(0.,126.04578797359),.PIECEWISE_BEZIER_KNOTS.);
#8513 = CARTESIAN_POINT('',(-92.79218576581,4.734009448819,
    4.000008636017));
#8514 = CARTESIAN_POINT('',(-94.79218982982,4.734009448819,
    1.500002540005));
#8515 = B_SPLINE_SURFACE_WITH_KNOTS('',1,1,(
    (#8516,#8517)
    ,(#8518,#8519
    )),.UNSPECIFIED.,.F.,.F.,.F.,(2,2),(2,2),(0.,126.04578797359),(
    -47.244096,0.),.PIECEWISE_BEZIER_KNOTS.);
#8516 = CARTESIAN_POINT('',(-92.79218576581,5.934011887224,
    4.000008636017));
#8517 = CARTESIAN_POINT('',(-92.79218576581,4.734009448819,
    4.000008636017));
#8518 = CARTESIAN_POINT('',(-94.79218982982,5.934011887224,
    1.500002540005));
#8519 = CARTESIAN_POINT('',(-94.79218982982,4.734009448819,
    1.500002540005));
#8520 = ADVANCED_FACE('',(#8521),#8531,.T.);
#8521 = FACE_BOUND('',#8522,.T.);
#8522 = EDGE_LOOP('',(#8523,#8524,#8525,#8526));
#8523 = ORIENTED_EDGE('',*,*,#8511,.T.);
#8524 = ORIENTED_EDGE('',*,*,#4708,.F.);
#8525 = ORIENTED_EDGE('',*,*,#8316,.T.);
#8526 = ORIENTED_EDGE('',*,*,#8527,.T.);
#8527 = EDGE_CURVE('',#8309,#8503,#8528,.T.);
#8528 = B_SPLINE_CURVE_WITH_KNOTS('',1,(#8529,#8530),.UNSPECIFIED.,.F.,
  .F.,(2,2),(47.311457242037,168.1102416),.PIECEWISE_BEZIER_KNOTS.);
#8529 = CARTESIAN_POINT('',(-89.72389050652,4.734009448819,
    4.000008636017));
#8530 = CARTESIAN_POINT('',(-92.79218576581,4.734009448819,
    4.000008636017));
#8531 = B_SPLINE_SURFACE_WITH_KNOTS('',1,1,(
    (#8532,#8533)
    ,(#8534,#8535
    )),.UNSPECIFIED.,.F.,.F.,.F.,(2,2),(2,2),(-134.2125579718,
    65.326386386163),(-12.57728272407,85.847957275927),
  .PIECEWISE_BEZIER_KNOTS.);
#8532 = CARTESIAN_POINT('',(-94.79218982982,4.734009448819,
    1.500002540005));
#8533 = CARTESIAN_POINT('',(-94.79218982982,4.734009448819,
    4.000008636017));
#8534 = CARTESIAN_POINT('',(-89.72389050652,4.734009448819,
    1.500002540005));
#8535 = CARTESIAN_POINT('',(-89.72389050652,4.734009448819,
    4.000008636017));
#8536 = ADVANCED_FACE('',(#8537),#8547,.F.);
#8537 = FACE_BOUND('',#8538,.F.);
#8538 = EDGE_LOOP('',(#8539,#8540,#8541,#8542));
#8539 = ORIENTED_EDGE('',*,*,#8203,.F.);
#8540 = ORIENTED_EDGE('',*,*,#4723,.F.);
#8541 = ORIENTED_EDGE('',*,*,#8322,.T.);
#8542 = ORIENTED_EDGE('',*,*,#8543,.T.);
#8543 = EDGE_CURVE('',#8323,#8197,#8544,.T.);
#8544 = B_SPLINE_CURVE_WITH_KNOTS('',1,(#8545,#8546),.UNSPECIFIED.,.F.,
  .F.,(2,2),(47.311457242037,164.881888),.PIECEWISE_BEZIER_KNOTS.);
#8545 = CARTESIAN_POINT('',(-87.72217546355,2.732294405841,
    4.000008636017));
#8546 = CARTESIAN_POINT('',(-87.72217546355,-0.254000508001,
    4.000008636017));
#8547 = B_SPLINE_SURFACE_WITH_KNOTS('',1,1,(
    (#8548,#8549)
    ,(#8550,#8551
    )),.UNSPECIFIED.,.F.,.F.,.F.,(2,2),(2,2),(-52.2440443718,
    65.326386386161),(-12.57728272407,85.847957275927),
  .PIECEWISE_BEZIER_KNOTS.);
#8548 = CARTESIAN_POINT('',(-87.72217546355,-0.254000508001,
    1.500002540005));
#8549 = CARTESIAN_POINT('',(-87.72217546355,-0.254000508001,
    4.000008636017));
#8550 = CARTESIAN_POINT('',(-87.72217546355,2.732294405841,
    1.500002540005));
#8551 = CARTESIAN_POINT('',(-87.72217546355,2.732294405841,
    4.000008636017));
#8552 = ADVANCED_FACE('',(#8553),#8569,.T.);
#8553 = FACE_BOUND('',#8554,.T.);
#8554 = EDGE_LOOP('',(#8555,#8556,#8563,#8568));
#8555 = ORIENTED_EDGE('',*,*,#4737,.F.);
#8556 = ORIENTED_EDGE('',*,*,#8557,.T.);
#8557 = EDGE_CURVE('',#4738,#8558,#8560,.T.);
#8558 = VERTEX_POINT('',#8559);
#8559 = CARTESIAN_POINT('',(-93.47218694437,-1.778003556007,15.));
#8560 = B_SPLINE_CURVE_WITH_KNOTS('',1,(#8561,#8562),.UNSPECIFIED.,.F.,
  .F.,(2,2),(59.0551,590.55),.PIECEWISE_BEZIER_KNOTS.);
#8561 = CARTESIAN_POINT('',(-93.47218694437,-1.778003556007,
    1.500002540005));
#8562 = CARTESIAN_POINT('',(-93.47218694437,-1.778003556007,15.));
#8563 = ORIENTED_EDGE('',*,*,#8564,.T.);
#8564 = EDGE_CURVE('',#8558,#8156,#8565,.T.);
#8565 = B_SPLINE_CURVE_WITH_KNOTS('',1,(#8566,#8567),.UNSPECIFIED.,.F.,
  .F.,(2,2),(0.,60.),.PIECEWISE_BEZIER_KNOTS.);
#8566 = CARTESIAN_POINT('',(-93.47218694437,-1.778003556007,15.));
#8567 = CARTESIAN_POINT('',(-93.47218694437,-0.254000508001,15.));
#8568 = ORIENTED_EDGE('',*,*,#8155,.F.);
#8569 = B_SPLINE_SURFACE_WITH_KNOTS('',1,1,(
    (#8570,#8571)
    ,(#8572,#8573
    )),.UNSPECIFIED.,.F.,.F.,.F.,(2,2),(2,2),(0.,60.),(-590.55,-59.0551)
  ,.PIECEWISE_BEZIER_KNOTS.);
#8570 = CARTESIAN_POINT('',(-93.47218694437,-1.778003556007,15.));
#8571 = CARTESIAN_POINT('',(-93.47218694437,-1.778003556007,
    1.500002540005));
#8572 = CARTESIAN_POINT('',(-93.47218694437,-0.254000508001,15.));
#8573 = CARTESIAN_POINT('',(-93.47218694437,-0.254000508001,
    1.500002540005));
#8574 = ADVANCED_FACE('',(#8575),#8631,.T.);
#8575 = FACE_BOUND('',#8576,.T.);
#8576 = EDGE_LOOP('',(#8577,#8578,#8585,#8590,#8591,#8592,#8599,#8606,
    #8611,#8612,#8619,#8626));
#8577 = ORIENTED_EDGE('',*,*,#4800,.F.);
#8578 = ORIENTED_EDGE('',*,*,#8579,.T.);
#8579 = EDGE_CURVE('',#4801,#8580,#8582,.T.);
#8580 = VERTEX_POINT('',#8581);
#8581 = CARTESIAN_POINT('',(0.127000254001,-1.778003556007,15.));
#8582 = B_SPLINE_CURVE_WITH_KNOTS('',1,(#8583,#8584),.UNSPECIFIED.,.F.,
  .F.,(2,2),(59.0551,590.55),.PIECEWISE_BEZIER_KNOTS.);
#8583 = CARTESIAN_POINT('',(0.127000254001,-1.778003556007,
    1.500002540005));
#8584 = CARTESIAN_POINT('',(0.127000254001,-1.778003556007,15.));
#8585 = ORIENTED_EDGE('',*,*,#8586,.T.);
#8586 = EDGE_CURVE('',#8580,#8558,#8587,.T.);
#8587 = B_SPLINE_CURVE_WITH_KNOTS('',1,(#8588,#8589),.UNSPECIFIED.,.F.,
  .F.,(2,2),(0.,3.685E+03),.PIECEWISE_BEZIER_KNOTS.);
#8588 = CARTESIAN_POINT('',(0.127000254001,-1.778003556007,15.));
#8589 = CARTESIAN_POINT('',(-93.47218694437,-1.778003556007,15.));
#8590 = ORIENTED_EDGE('',*,*,#8557,.F.);
#8591 = ORIENTED_EDGE('',*,*,#4744,.F.);
#8592 = ORIENTED_EDGE('',*,*,#8593,.F.);
#8593 = EDGE_CURVE('',#8594,#4745,#8596,.T.);
#8594 = VERTEX_POINT('',#8595);
#8595 = CARTESIAN_POINT('',(-87.72217546355,-1.778003556007,
    2.197504525273));
#8596 = B_SPLINE_CURVE_WITH_KNOTS('',1,(#8597,#8598),.UNSPECIFIED.,.F.,
  .F.,(2,2),(-50.69956179796,-23.23890863796),.PIECEWISE_BEZIER_KNOTS.);
#8597 = CARTESIAN_POINT('',(-87.72217546355,-1.778003556007,
    2.197504525273));
#8598 = CARTESIAN_POINT('',(-87.72217546355,-1.778003556007,
    1.500002540005));
#8599 = ORIENTED_EDGE('',*,*,#8600,.T.);
#8600 = EDGE_CURVE('',#8594,#8601,#8603,.T.);
#8601 = VERTEX_POINT('',#8602);
#8602 = CARTESIAN_POINT('',(-86.52217302514,-1.778003556007,
    2.197504525273));
#8603 = B_SPLINE_CURVE_WITH_KNOTS('',1,(#8604,#8605),.UNSPECIFIED.,.F.,
  .F.,(2,2),(-1.752933072E+03,-1.705688976E+03),
  .PIECEWISE_BEZIER_KNOTS.);
#8604 = CARTESIAN_POINT('',(-87.72217546355,-1.778003556007,
    2.197504525273));
#8605 = CARTESIAN_POINT('',(-86.52217302514,-1.778003556007,
    2.197504525273));
#8606 = ORIENTED_EDGE('',*,*,#8607,.T.);
#8607 = EDGE_CURVE('',#8601,#4766,#8608,.T.);
#8608 = B_SPLINE_CURVE_WITH_KNOTS('',1,(#8609,#8610),.UNSPECIFIED.,.F.,
  .F.,(2,2),(-50.69956179796,-23.23890863796),.PIECEWISE_BEZIER_KNOTS.);
#8609 = CARTESIAN_POINT('',(-86.52217302514,-1.778003556007,
    2.197504525273));
#8610 = CARTESIAN_POINT('',(-86.52217302514,-1.778003556007,
    1.500002540005));
#8611 = ORIENTED_EDGE('',*,*,#4772,.F.);
#8612 = ORIENTED_EDGE('',*,*,#8613,.F.);
#8613 = EDGE_CURVE('',#8614,#4773,#8616,.T.);
#8614 = VERTEX_POINT('',#8615);
#8615 = CARTESIAN_POINT('',(-5.600011379223,-1.778003556007,
    2.673755671323));
#8616 = B_SPLINE_CURVE_WITH_KNOTS('',1,(#8617,#8618),.UNSPECIFIED.,.F.,
  .F.,(2,2),(-69.44956941796,-23.23890863796),.PIECEWISE_BEZIER_KNOTS.);
#8617 = CARTESIAN_POINT('',(-5.600011379223,-1.778003556007,
    2.673755671323));
#8618 = CARTESIAN_POINT('',(-5.600011379223,-1.778003556007,
    1.500002540005));
#8619 = ORIENTED_EDGE('',*,*,#8620,.T.);
#8620 = EDGE_CURVE('',#8614,#8621,#8623,.T.);
#8621 = VERTEX_POINT('',#8622);
#8622 = CARTESIAN_POINT('',(-4.400008940818,-1.778003556007,
    2.673755671323));
#8623 = B_SPLINE_CURVE_WITH_KNOTS('',1,(#8624,#8625),.UNSPECIFIED.,.F.,
  .F.,(2,2),(-136.358272,-89.114176),.PIECEWISE_BEZIER_KNOTS.);
#8624 = CARTESIAN_POINT('',(-5.600011379223,-1.778003556007,
    2.673755671323));
#8625 = CARTESIAN_POINT('',(-4.400008940818,-1.778003556007,
    2.673755671323));
#8626 = ORIENTED_EDGE('',*,*,#8627,.T.);
#8627 = EDGE_CURVE('',#8621,#4794,#8628,.T.);
#8628 = B_SPLINE_CURVE_WITH_KNOTS('',1,(#8629,#8630),.UNSPECIFIED.,.F.,
  .F.,(2,2),(-69.44956941796,-23.23890863796),.PIECEWISE_BEZIER_KNOTS.);
#8629 = CARTESIAN_POINT('',(-4.400008940818,-1.778003556007,
    2.673755671323));
#8630 = CARTESIAN_POINT('',(-4.400008940818,-1.778003556007,
    1.500002540005));
#8631 = B_SPLINE_SURFACE_WITH_KNOTS('',1,1,(
    (#8632,#8633)
    ,(#8634,#8635
  )),.UNSPECIFIED.,.F.,.F.,.F.,(2,2),(2,2),(0.,3.685E+03),(-590.55,
    -59.0551),.PIECEWISE_BEZIER_KNOTS.);
#8632 = CARTESIAN_POINT('',(0.127000254001,-1.778003556007,15.));
#8633 = CARTESIAN_POINT('',(0.127000254001,-1.778003556007,
    1.500002540005));
#8634 = CARTESIAN_POINT('',(-93.47218694437,-1.778003556007,15.));
#8635 = CARTESIAN_POINT('',(-93.47218694437,-1.778003556007,
    1.500002540005));
#8636 = ADVANCED_FACE('',(#8637),#8646,.F.);
#8637 = FACE_BOUND('',#8638,.F.);
#8638 = EDGE_LOOP('',(#8639,#8644,#8645));
#8639 = ORIENTED_EDGE('',*,*,#8640,.T.);
#8640 = EDGE_CURVE('',#8594,#4752,#8641,.T.);
#8641 = B_SPLINE_CURVE_WITH_KNOTS('',1,(#8642,#8643),.UNSPECIFIED.,.F.,
  .F.,(2,2),(90.878998785956,126.04578797359),.PIECEWISE_BEZIER_KNOTS.);
#8642 = CARTESIAN_POINT('',(-87.72217546355,-1.778003556007,
    2.197504525273));
#8643 = CARTESIAN_POINT('',(-87.72217546355,-2.33600491745,
    1.500002540005));
#8644 = ORIENTED_EDGE('',*,*,#4751,.F.);
#8645 = ORIENTED_EDGE('',*,*,#8593,.F.);
#8646 = B_SPLINE_SURFACE_WITH_KNOTS('',1,1,(
    (#8647,#8648)
    ,(#8649,#8650
    )),.UNSPECIFIED.,.F.,.F.,.F.,(2,2),(2,2),(-134.2125579718,
    -112.2440443718),(-12.57728272407,14.883370435932),
  .PIECEWISE_BEZIER_KNOTS.);
#8647 = CARTESIAN_POINT('',(-87.72217546355,-2.33600491745,
    1.500002540005));
#8648 = CARTESIAN_POINT('',(-87.72217546355,-2.33600491745,
    2.197504525273));
#8649 = CARTESIAN_POINT('',(-87.72217546355,-1.778003556007,
    1.500002540005));
#8650 = CARTESIAN_POINT('',(-87.72217546355,-1.778003556007,
    2.197504525273));
#8651 = ADVANCED_FACE('',(#8652),#8662,.T.);
#8652 = FACE_BOUND('',#8653,.T.);
#8653 = EDGE_LOOP('',(#8654,#8659,#8660,#8661));
#8654 = ORIENTED_EDGE('',*,*,#8655,.F.);
#8655 = EDGE_CURVE('',#8601,#4759,#8656,.T.);
#8656 = B_SPLINE_CURVE_WITH_KNOTS('',1,(#8657,#8658),.UNSPECIFIED.,.F.,
  .F.,(2,2),(90.878998785956,126.04578797359),.PIECEWISE_BEZIER_KNOTS.);
#8657 = CARTESIAN_POINT('',(-86.52217302514,-1.778003556007,
    2.197504525273));
#8658 = CARTESIAN_POINT('',(-86.52217302514,-2.33600491745,
    1.500002540005));
#8659 = ORIENTED_EDGE('',*,*,#8600,.F.);
#8660 = ORIENTED_EDGE('',*,*,#8640,.T.);
#8661 = ORIENTED_EDGE('',*,*,#4758,.F.);
#8662 = B_SPLINE_SURFACE_WITH_KNOTS('',1,1,(
    (#8663,#8664)
    ,(#8665,#8666
    )),.UNSPECIFIED.,.F.,.F.,.F.,(2,2),(2,2),(90.878998785956,
    126.04578797359),(-47.244096,0.),.PIECEWISE_BEZIER_KNOTS.);
#8663 = CARTESIAN_POINT('',(-87.72217546355,-1.778003556007,
    2.197504525273));
#8664 = CARTESIAN_POINT('',(-86.52217302514,-1.778003556007,
    2.197504525273));
#8665 = CARTESIAN_POINT('',(-87.72217546355,-2.33600491745,
    1.500002540005));
#8666 = CARTESIAN_POINT('',(-86.52217302514,-2.33600491745,
    1.500002540005));
#8667 = ADVANCED_FACE('',(#8668),#8673,.T.);
#8668 = FACE_BOUND('',#8669,.T.);
#8669 = EDGE_LOOP('',(#8670,#8671,#8672));
#8670 = ORIENTED_EDGE('',*,*,#8655,.T.);
#8671 = ORIENTED_EDGE('',*,*,#4765,.F.);
#8672 = ORIENTED_EDGE('',*,*,#8607,.F.);
#8673 = B_SPLINE_SURFACE_WITH_KNOTS('',1,1,(
    (#8674,#8675)
    ,(#8676,#8677
    )),.UNSPECIFIED.,.F.,.F.,.F.,(2,2),(2,2),(-134.2125579718,
    -112.2440443718),(-12.57728272407,14.883370435932),
  .PIECEWISE_BEZIER_KNOTS.);
#8674 = CARTESIAN_POINT('',(-86.52217302514,-2.33600491745,
    1.500002540005));
#8675 = CARTESIAN_POINT('',(-86.52217302514,-2.33600491745,
    2.197504525273));
#8676 = CARTESIAN_POINT('',(-86.52217302514,-1.778003556007,
    1.500002540005));
#8677 = CARTESIAN_POINT('',(-86.52217302514,-1.778003556007,
    2.197504525273));
#8678 = ADVANCED_FACE('',(#8679),#8688,.F.);
#8679 = FACE_BOUND('',#8680,.F.);
#8680 = EDGE_LOOP('',(#8681,#8686,#8687));
#8681 = ORIENTED_EDGE('',*,*,#8682,.T.);
#8682 = EDGE_CURVE('',#8614,#4780,#8683,.T.);
#8683 = B_SPLINE_CURVE_WITH_KNOTS('',1,(#8684,#8685),.UNSPECIFIED.,.F.,
  .F.,(2,2),(66.867276945363,126.04578797359),.PIECEWISE_BEZIER_KNOTS.);
#8684 = CARTESIAN_POINT('',(-5.600011379223,-1.778003556007,
    2.673755671323));
#8685 = CARTESIAN_POINT('',(-5.600011379223,-2.717005679451,
    1.500002540005));
#8686 = ORIENTED_EDGE('',*,*,#4779,.F.);
#8687 = ORIENTED_EDGE('',*,*,#8613,.F.);
#8688 = B_SPLINE_SURFACE_WITH_KNOTS('',1,1,(
    (#8689,#8690)
    ,(#8691,#8692
    )),.UNSPECIFIED.,.F.,.F.,.F.,(2,2),(2,2),(-134.2125579718,
    -97.2440443718),(-12.57728272407,33.633378055931),
  .PIECEWISE_BEZIER_KNOTS.);
#8689 = CARTESIAN_POINT('',(-5.600011379223,-2.717005679451,
    1.500002540005));
#8690 = CARTESIAN_POINT('',(-5.600011379223,-2.717005679451,
    2.673755671323));
#8691 = CARTESIAN_POINT('',(-5.600011379223,-1.778003556007,
    1.500002540005));
#8692 = CARTESIAN_POINT('',(-5.600011379223,-1.778003556007,
    2.673755671323));
#8693 = ADVANCED_FACE('',(#8694),#8704,.T.);
#8694 = FACE_BOUND('',#8695,.T.);
#8695 = EDGE_LOOP('',(#8696,#8701,#8702,#8703));
#8696 = ORIENTED_EDGE('',*,*,#8697,.F.);
#8697 = EDGE_CURVE('',#8621,#4787,#8698,.T.);
#8698 = B_SPLINE_CURVE_WITH_KNOTS('',1,(#8699,#8700),.UNSPECIFIED.,.F.,
  .F.,(2,2),(66.867276945363,126.04578797359),.PIECEWISE_BEZIER_KNOTS.);
#8699 = CARTESIAN_POINT('',(-4.400008940818,-1.778003556007,
    2.673755671323));
#8700 = CARTESIAN_POINT('',(-4.400008940818,-2.717005679451,
    1.500002540005));
#8701 = ORIENTED_EDGE('',*,*,#8620,.F.);
#8702 = ORIENTED_EDGE('',*,*,#8682,.T.);
#8703 = ORIENTED_EDGE('',*,*,#4786,.F.);
#8704 = B_SPLINE_SURFACE_WITH_KNOTS('',1,1,(
    (#8705,#8706)
    ,(#8707,#8708
    )),.UNSPECIFIED.,.F.,.F.,.F.,(2,2),(2,2),(66.867276945363,
    126.04578797359),(-47.244096,0.),.PIECEWISE_BEZIER_KNOTS.);
#8705 = CARTESIAN_POINT('',(-5.600011379223,-1.778003556007,
    2.673755671323));
#8706 = CARTESIAN_POINT('',(-4.400008940818,-1.778003556007,
    2.673755671323));
#8707 = CARTESIAN_POINT('',(-5.600011379223,-2.717005679451,
    1.500002540005));
#8708 = CARTESIAN_POINT('',(-4.400008940818,-2.717005679451,
    1.500002540005));
#8709 = ADVANCED_FACE('',(#8710),#8715,.T.);
#8710 = FACE_BOUND('',#8711,.T.);
#8711 = EDGE_LOOP('',(#8712,#8713,#8714));
#8712 = ORIENTED_EDGE('',*,*,#8697,.T.);
#8713 = ORIENTED_EDGE('',*,*,#4793,.F.);
#8714 = ORIENTED_EDGE('',*,*,#8627,.F.);
#8715 = B_SPLINE_SURFACE_WITH_KNOTS('',1,1,(
    (#8716,#8717)
    ,(#8718,#8719
    )),.UNSPECIFIED.,.F.,.F.,.F.,(2,2),(2,2),(-134.2125579718,
    -97.2440443718),(-12.57728272407,33.633378055931),
  .PIECEWISE_BEZIER_KNOTS.);
#8716 = CARTESIAN_POINT('',(-4.400008940818,-2.717005679451,
    1.500002540005));
#8717 = CARTESIAN_POINT('',(-4.400008940818,-2.717005679451,
    2.673755671323));
#8718 = CARTESIAN_POINT('',(-4.400008940818,-1.778003556007,
    1.500002540005));
#8719 = CARTESIAN_POINT('',(-4.400008940818,-1.778003556007,
    2.673755671323));
#8720 = ADVANCED_FACE('',(#8721),#8731,.T.);
#8721 = FACE_BOUND('',#8722,.T.);
#8722 = EDGE_LOOP('',(#8723,#8724,#8725,#8730));
#8723 = ORIENTED_EDGE('',*,*,#4807,.F.);
#8724 = ORIENTED_EDGE('',*,*,#8169,.T.);
#8725 = ORIENTED_EDGE('',*,*,#8726,.T.);
#8726 = EDGE_CURVE('',#8163,#8580,#8727,.T.);
#8727 = B_SPLINE_CURVE_WITH_KNOTS('',1,(#8728,#8729),.UNSPECIFIED.,.F.,
  .F.,(2,2),(0.,60.),.PIECEWISE_BEZIER_KNOTS.);
#8728 = CARTESIAN_POINT('',(0.127000254001,-0.254000508001,15.));
#8729 = CARTESIAN_POINT('',(0.127000254001,-1.778003556007,15.));
#8730 = ORIENTED_EDGE('',*,*,#8579,.F.);
#8731 = B_SPLINE_SURFACE_WITH_KNOTS('',1,1,(
    (#8732,#8733)
    ,(#8734,#8735
    )),.UNSPECIFIED.,.F.,.F.,.F.,(2,2),(2,2),(0.,60.),(-590.55,-59.0551)
  ,.PIECEWISE_BEZIER_KNOTS.);
#8732 = CARTESIAN_POINT('',(0.127000254001,-0.254000508001,15.));
#8733 = CARTESIAN_POINT('',(0.127000254001,-0.254000508001,
    1.500002540005));
#8734 = CARTESIAN_POINT('',(0.127000254001,-1.778003556007,15.));
#8735 = CARTESIAN_POINT('',(0.127000254001,-1.778003556007,
    1.500002540005));
#8736 = ADVANCED_FACE('',(#8737),#8747,.T.);
#8737 = FACE_BOUND('',#8738,.T.);
#8738 = EDGE_LOOP('',(#8739,#8740,#8741,#8742));
#8739 = ORIENTED_EDGE('',*,*,#8175,.F.);
#8740 = ORIENTED_EDGE('',*,*,#4821,.F.);
#8741 = ORIENTED_EDGE('',*,*,#7987,.T.);
#8742 = ORIENTED_EDGE('',*,*,#8743,.T.);
#8743 = EDGE_CURVE('',#7980,#8176,#8744,.T.);
#8744 = B_SPLINE_CURVE_WITH_KNOTS('',1,(#8745,#8746),.UNSPECIFIED.,.F.,
  .F.,(2,2),(47.311457242032,149.881888),.PIECEWISE_BEZIER_KNOTS.);
#8745 = CARTESIAN_POINT('',(-4.400008940818,2.35129364384,4.000008636017
    ));
#8746 = CARTESIAN_POINT('',(-4.400008940818,-0.254000508001,
    4.000008636017));
#8747 = B_SPLINE_SURFACE_WITH_KNOTS('',1,1,(
    (#8748,#8749)
    ,(#8750,#8751
    )),.UNSPECIFIED.,.F.,.F.,.F.,(2,2),(2,2),(-37.2440443718,
    65.326386386163),(-12.57728272407,85.847957275927),
  .PIECEWISE_BEZIER_KNOTS.);
#8748 = CARTESIAN_POINT('',(-4.400008940818,-0.254000508001,
    1.500002540005));
#8749 = CARTESIAN_POINT('',(-4.400008940818,-0.254000508001,
    4.000008636017));
#8750 = CARTESIAN_POINT('',(-4.400008940818,2.35129364384,1.500002540005
    ));
#8751 = CARTESIAN_POINT('',(-4.400008940818,2.35129364384,4.000008636017
    ));
#8752 = ADVANCED_FACE('',(#8753),#8853,.T.);
#8753 = FACE_BOUND('',#8754,.T.);
#8754 = EDGE_LOOP('',(#8755,#8765,#8772,#8782,#8783,#8791,#8796,#8797,
    #8804,#8812,#8817,#8818,#8825,#8833,#8838,#8839,#8840,#8846,#8847,
    #8848));
#8755 = ORIENTED_EDGE('',*,*,#8756,.T.);
#8756 = EDGE_CURVE('',#8757,#8759,#8761,.T.);
#8757 = VERTEX_POINT('',#8758);
#8758 = CARTESIAN_POINT('',(-17.41463286093,-23.05454279908,
    6.00001016002));
#8759 = VERTEX_POINT('',#8760);
#8760 = CARTESIAN_POINT('',(-17.33003429006,-22.45454152908,
    6.00001016002));
#8761 = ( BOUNDED_CURVE() B_SPLINE_CURVE(2,(#8762,#8763,#8764),
.UNSPECIFIED.,.F.,.F.) B_SPLINE_CURVE_WITH_KNOTS((3,3),(6.003037396772,
6.28318530718),.PIECEWISE_BEZIER_KNOTS.) CURVE() 
GEOMETRIC_REPRESENTATION_ITEM() RATIONAL_B_SPLINE_CURVE((1.,
0.990205673565,1.)) REPRESENTATION_ITEM('') );
#8762 = CARTESIAN_POINT('',(-17.41463286093,-23.05454279908,
    6.00001016002));
#8763 = CARTESIAN_POINT('',(-17.33003429006,-22.76050624995,
    6.00001016002));
#8764 = CARTESIAN_POINT('',(-17.33003429006,-22.45454152908,
    6.00001016002));
#8765 = ORIENTED_EDGE('',*,*,#8766,.T.);
#8766 = EDGE_CURVE('',#8759,#8767,#8769,.T.);
#8767 = VERTEX_POINT('',#8768);
#8768 = CARTESIAN_POINT('',(-17.33003429006,-22.45454152908,
    8.00001524003));
#8769 = B_SPLINE_CURVE_WITH_KNOTS('',1,(#8770,#8771),.UNSPECIFIED.,.F.,
  .F.,(2,2),(236.2204,314.9606),.PIECEWISE_BEZIER_KNOTS.);
#8770 = CARTESIAN_POINT('',(-17.33003429006,-22.45454152908,
    6.00001016002));
#8771 = CARTESIAN_POINT('',(-17.33003429006,-22.45454152908,
    8.00001524003));
#8772 = ORIENTED_EDGE('',*,*,#8773,.F.);
#8773 = EDGE_CURVE('',#8767,#8767,#8774,.T.);
#8774 = ( BOUNDED_CURVE() B_SPLINE_CURVE(2,(#8775,#8776,#8777,#8778,
#8779,#8780,#8781),.UNSPECIFIED.,.T.,.F.) B_SPLINE_CURVE_WITH_KNOTS((1,2
    ,2,2,2,1),(-2.094395102394,0.,2.094395102393,4.188790204786,
6.28318530718,8.377580409573),.UNSPECIFIED.) CURVE() 
GEOMETRIC_REPRESENTATION_ITEM() RATIONAL_B_SPLINE_CURVE((1.,0.5,1.,0.5,
1.,0.5,1.)) REPRESENTATION_ITEM('') );
#8775 = CARTESIAN_POINT('',(-17.33003429006,-22.45454152908,
    8.00001524003));
#8776 = CARTESIAN_POINT('',(-17.33003429006,-18.69598467753,
    8.00001524003));
#8777 = CARTESIAN_POINT('',(-20.58504000508,-20.5752631033,8.00001524003
    ));
#8778 = CARTESIAN_POINT('',(-23.84004572009,-22.45454152908,
    8.00001524003));
#8779 = CARTESIAN_POINT('',(-20.58504000508,-24.33381995485,
    8.00001524003));
#8780 = CARTESIAN_POINT('',(-17.33003429006,-26.21309838063,
    8.00001524003));
#8781 = CARTESIAN_POINT('',(-17.33003429006,-22.45454152908,
    8.00001524003));
#8782 = ORIENTED_EDGE('',*,*,#8766,.F.);
#8783 = ORIENTED_EDGE('',*,*,#8784,.T.);
#8784 = EDGE_CURVE('',#8759,#8785,#8787,.T.);
#8785 = VERTEX_POINT('',#8786);
#8786 = CARTESIAN_POINT('',(-17.41463286093,-21.85454025908,
    6.00001016002));
#8787 = ( BOUNDED_CURVE() B_SPLINE_CURVE(2,(#8788,#8789,#8790),
.UNSPECIFIED.,.F.,.F.) B_SPLINE_CURVE_WITH_KNOTS((3,3),(0.,
0.280147910408),.PIECEWISE_BEZIER_KNOTS.) CURVE() 
GEOMETRIC_REPRESENTATION_ITEM() RATIONAL_B_SPLINE_CURVE((1.,
0.990205673565,1.)) REPRESENTATION_ITEM('') );
#8788 = CARTESIAN_POINT('',(-17.33003429006,-22.45454152908,
    6.00001016002));
#8789 = CARTESIAN_POINT('',(-17.33003429006,-22.14857680821,
    6.00001016002));
#8790 = CARTESIAN_POINT('',(-17.41463286093,-21.85454025908,
    6.00001016002));
#8791 = ORIENTED_EDGE('',*,*,#8792,.F.);
#8792 = EDGE_CURVE('',#4873,#8785,#8793,.T.);
#8793 = B_SPLINE_CURVE_WITH_KNOTS('',1,(#8794,#8795),.UNSPECIFIED.,.F.,
  .F.,(2,2),(59.0551,236.2204),.PIECEWISE_BEZIER_KNOTS.);
#8794 = CARTESIAN_POINT('',(-17.41463286093,-21.85454025908,
    1.500002540005));
#8795 = CARTESIAN_POINT('',(-17.41463286093,-21.85454025908,
    6.00001016002));
#8796 = ORIENTED_EDGE('',*,*,#4879,.T.);
#8797 = ORIENTED_EDGE('',*,*,#8798,.T.);
#8798 = EDGE_CURVE('',#4880,#8799,#8801,.T.);
#8799 = VERTEX_POINT('',#8800);
#8800 = CARTESIAN_POINT('',(-18.90003683007,-20.36913628994,
    6.00001016002));
#8801 = B_SPLINE_CURVE_WITH_KNOTS('',1,(#8802,#8803),.UNSPECIFIED.,.F.,
  .F.,(2,2),(59.0551,236.2204),.PIECEWISE_BEZIER_KNOTS.);
#8802 = CARTESIAN_POINT('',(-18.90003683007,-20.36913628994,
    1.500002540005));
#8803 = CARTESIAN_POINT('',(-18.90003683007,-20.36913628994,
    6.00001016002));
#8804 = ORIENTED_EDGE('',*,*,#8805,.T.);
#8805 = EDGE_CURVE('',#8799,#8806,#8808,.T.);
#8806 = VERTEX_POINT('',#8807);
#8807 = CARTESIAN_POINT('',(-20.10003937007,-20.36913628994,
    6.00001016002));
#8808 = ( BOUNDED_CURVE() B_SPLINE_CURVE(2,(#8809,#8810,#8811),
.UNSPECIFIED.,.F.,.F.) B_SPLINE_CURVE_WITH_KNOTS((3,3),(1.290648416387,
1.850944237203),.PIECEWISE_BEZIER_KNOTS.) CURVE() 
GEOMETRIC_REPRESENTATION_ITEM() RATIONAL_B_SPLINE_CURVE((1.,
0.961014551922,1.)) REPRESENTATION_ITEM('') );
#8809 = CARTESIAN_POINT('',(-18.90003683007,-20.36913628994,
    6.00001016002));
#8810 = CARTESIAN_POINT('',(-19.50003810007,-20.19650724056,
    6.00001016002));
#8811 = CARTESIAN_POINT('',(-20.10003937007,-20.36913628994,
    6.00001016002));
#8812 = ORIENTED_EDGE('',*,*,#8813,.F.);
#8813 = EDGE_CURVE('',#4990,#8806,#8814,.T.);
#8814 = B_SPLINE_CURVE_WITH_KNOTS('',1,(#8815,#8816),.UNSPECIFIED.,.F.,
  .F.,(2,2),(59.0551,236.2204),.PIECEWISE_BEZIER_KNOTS.);
#8815 = CARTESIAN_POINT('',(-20.10003937007,-20.36913628994,
    1.500002540005));
#8816 = CARTESIAN_POINT('',(-20.10003937007,-20.36913628994,
    6.00001016002));
#8817 = ORIENTED_EDGE('',*,*,#4996,.T.);
#8818 = ORIENTED_EDGE('',*,*,#8819,.T.);
#8819 = EDGE_CURVE('',#4997,#8820,#8822,.T.);
#8820 = VERTEX_POINT('',#8821);
#8821 = CARTESIAN_POINT('',(-21.58544333921,-21.85454025908,
    6.00001016002));
#8822 = B_SPLINE_CURVE_WITH_KNOTS('',1,(#8823,#8824),.UNSPECIFIED.,.F.,
  .F.,(2,2),(59.0551,236.2204),.PIECEWISE_BEZIER_KNOTS.);
#8823 = CARTESIAN_POINT('',(-21.58544333921,-21.85454025908,
    1.500002540005));
#8824 = CARTESIAN_POINT('',(-21.58544333921,-21.85454025908,
    6.00001016002));
#8825 = ORIENTED_EDGE('',*,*,#8826,.T.);
#8826 = EDGE_CURVE('',#8820,#8827,#8829,.T.);
#8827 = VERTEX_POINT('',#8828);
#8828 = CARTESIAN_POINT('',(-21.58544333921,-23.05454279908,
    6.00001016002));
#8829 = ( BOUNDED_CURVE() B_SPLINE_CURVE(2,(#8830,#8831,#8832),
.UNSPECIFIED.,.F.,.F.) B_SPLINE_CURVE_WITH_KNOTS((3,3),(2.861444743182,
3.421740563997),.PIECEWISE_BEZIER_KNOTS.) CURVE() 
GEOMETRIC_REPRESENTATION_ITEM() RATIONAL_B_SPLINE_CURVE((1.,
0.961014551922,1.)) REPRESENTATION_ITEM('') );
#8830 = CARTESIAN_POINT('',(-21.58544333921,-21.85454025908,
    6.00001016002));
#8831 = CARTESIAN_POINT('',(-21.75807238859,-22.45454152908,
    6.00001016002));
#8832 = CARTESIAN_POINT('',(-21.58544333921,-23.05454279908,
    6.00001016002));
#8833 = ORIENTED_EDGE('',*,*,#8834,.F.);
#8834 = EDGE_CURVE('',#5019,#8827,#8835,.T.);
#8835 = B_SPLINE_CURVE_WITH_KNOTS('',1,(#8836,#8837),.UNSPECIFIED.,.F.,
  .F.,(2,2),(59.0551,236.2204),.PIECEWISE_BEZIER_KNOTS.);
#8836 = CARTESIAN_POINT('',(-21.58544333921,-23.05454279908,
    1.500002540005));
#8837 = CARTESIAN_POINT('',(-21.58544333921,-23.05454279908,
    6.00001016002));
#8838 = ORIENTED_EDGE('',*,*,#5025,.T.);
#8839 = ORIENTED_EDGE('',*,*,#5438,.T.);
#8840 = ORIENTED_EDGE('',*,*,#8841,.T.);
#8841 = EDGE_CURVE('',#5439,#5490,#8842,.T.);
#8842 = ( BOUNDED_CURVE() B_SPLINE_CURVE(2,(#8843,#8844,#8845),
.UNSPECIFIED.,.F.,.F.) B_SPLINE_CURVE_WITH_KNOTS((3,3),(4.432241069977,
4.992536890792),.PIECEWISE_BEZIER_KNOTS.) CURVE() 
GEOMETRIC_REPRESENTATION_ITEM() RATIONAL_B_SPLINE_CURVE((1.,
0.961014551922,1.)) REPRESENTATION_ITEM('') );
#8843 = CARTESIAN_POINT('',(-20.10003937007,-24.53994676822,
    6.00001016002));
#8844 = CARTESIAN_POINT('',(-19.50003810007,-24.7125758176,6.00001016002
    ));
#8845 = CARTESIAN_POINT('',(-18.90003683007,-24.53994676822,
    6.00001016002));
#8846 = ORIENTED_EDGE('',*,*,#5489,.F.);
#8847 = ORIENTED_EDGE('',*,*,#4850,.T.);
#8848 = ORIENTED_EDGE('',*,*,#8849,.T.);
#8849 = EDGE_CURVE('',#4851,#8757,#8850,.T.);
#8850 = B_SPLINE_CURVE_WITH_KNOTS('',1,(#8851,#8852),.UNSPECIFIED.,.F.,
  .F.,(2,2),(59.0551,236.2204),.PIECEWISE_BEZIER_KNOTS.);
#8851 = CARTESIAN_POINT('',(-17.41463286093,-23.05454279908,
    1.500002540005));
#8852 = CARTESIAN_POINT('',(-17.41463286093,-23.05454279908,
    6.00001016002));
#8853 = ( BOUNDED_SURFACE() B_SPLINE_SURFACE(2,1,(
    (#8854,#8855)
    ,(#8856,#8857)
    ,(#8858,#8859)
    ,(#8860,#8861)
    ,(#8862,#8863)
    ,(#8864,#8865)
    ,(#8866,#8867
)),.UNSPECIFIED.,.T.,.F.,.F.) B_SPLINE_SURFACE_WITH_KNOTS((1,2,2,2,2,1),
  (2,2),(-2.094395102394,0.,2.094395102393,4.188790204786,6.28318530718,
    8.377580409573),(59.0551,314.9606),.UNSPECIFIED.) 
GEOMETRIC_REPRESENTATION_ITEM() RATIONAL_B_SPLINE_SURFACE((
    (1.,1.)
    ,(0.5,0.5)
    ,(1.,1.)
    ,(0.5,0.5)
    ,(1.,1.)
    ,(0.5,0.5)
,(1.,1.))) REPRESENTATION_ITEM('') SURFACE() );
#8854 = CARTESIAN_POINT('',(-17.33003429006,-22.45454152908,
    1.500002540005));
#8855 = CARTESIAN_POINT('',(-17.33003429006,-22.45454152908,
    8.00001524003));
#8856 = CARTESIAN_POINT('',(-17.33003429006,-18.69598467753,
    1.500002540005));
#8857 = CARTESIAN_POINT('',(-17.33003429006,-18.69598467753,
    8.00001524003));
#8858 = CARTESIAN_POINT('',(-20.58504000508,-20.5752631033,
    1.500002540005));
#8859 = CARTESIAN_POINT('',(-20.58504000508,-20.5752631033,8.00001524003
    ));
#8860 = CARTESIAN_POINT('',(-23.84004572009,-22.45454152908,
    1.500002540005));
#8861 = CARTESIAN_POINT('',(-23.84004572009,-22.45454152908,
    8.00001524003));
#8862 = CARTESIAN_POINT('',(-20.58504000508,-24.33381995485,
    1.500002540005));
#8863 = CARTESIAN_POINT('',(-20.58504000508,-24.33381995485,
    8.00001524003));
#8864 = CARTESIAN_POINT('',(-17.33003429006,-26.21309838063,
    1.500002540005));
#8865 = CARTESIAN_POINT('',(-17.33003429006,-26.21309838063,
    8.00001524003));
#8866 = CARTESIAN_POINT('',(-17.33003429006,-22.45454152908,
    1.500002540005));
#8867 = CARTESIAN_POINT('',(-17.33003429006,-22.45454152908,
    8.00001524003));
#8868 = ADVANCED_FACE('',(#8869),#8885,.F.);
#8869 = FACE_BOUND('',#8870,.F.);
#8870 = EDGE_LOOP('',(#8871,#8878,#8879,#8880));
#8871 = ORIENTED_EDGE('',*,*,#8872,.T.);
#8872 = EDGE_CURVE('',#8873,#4859,#8875,.T.);
#8873 = VERTEX_POINT('',#8874);
#8874 = CARTESIAN_POINT('',(-14.33002921005,-23.05454279908,
    6.00001016002));
#8875 = B_SPLINE_CURVE_WITH_KNOTS('',1,(#8876,#8877),.UNSPECIFIED.,.F.,
  .F.,(2,2),(0.,193.87512119952),.PIECEWISE_BEZIER_KNOTS.);
#8876 = CARTESIAN_POINT('',(-14.33002921005,-23.05454279908,
    6.00001016002));
#8877 = CARTESIAN_POINT('',(-12.33002413004,-23.05454279908,
    1.500002540005));
#8878 = ORIENTED_EDGE('',*,*,#4858,.F.);
#8879 = ORIENTED_EDGE('',*,*,#8849,.T.);
#8880 = ORIENTED_EDGE('',*,*,#8881,.T.);
#8881 = EDGE_CURVE('',#8757,#8873,#8882,.T.);
#8882 = B_SPLINE_CURVE_WITH_KNOTS('',1,(#8883,#8884),.UNSPECIFIED.,.F.,
  .F.,(2,2),(46.669354265042,168.1102),.PIECEWISE_BEZIER_KNOTS.);
#8883 = CARTESIAN_POINT('',(-17.41463286093,-23.05454279908,
    6.00001016002));
#8884 = CARTESIAN_POINT('',(-14.33002921005,-23.05454279908,
    6.00001016002));
#8885 = B_SPLINE_SURFACE_WITH_KNOTS('',1,1,(
    (#8886,#8887)
    ,(#8888,#8889
    )),.UNSPECIFIED.,.F.,.F.,.F.,(2,2),(2,2),(-136.9069320975,
    63.274113637366),(-49.31446136773,127.85083863226),
  .PIECEWISE_BEZIER_KNOTS.);
#8886 = CARTESIAN_POINT('',(-12.33002413004,-23.05454279908,
    1.500002540005));
#8887 = CARTESIAN_POINT('',(-12.33002413004,-23.05454279908,
    6.00001016002));
#8888 = CARTESIAN_POINT('',(-17.41463286093,-23.05454279908,
    1.500002540005));
#8889 = CARTESIAN_POINT('',(-17.41463286093,-23.05454279908,
    6.00001016002));
#8890 = ADVANCED_FACE('',(#8891),#8907,.T.);
#8891 = FACE_BOUND('',#8892,.T.);
#8892 = EDGE_LOOP('',(#8893,#8900,#8901,#8902));
#8893 = ORIENTED_EDGE('',*,*,#8894,.T.);
#8894 = EDGE_CURVE('',#8895,#8873,#8897,.T.);
#8895 = VERTEX_POINT('',#8896);
#8896 = CARTESIAN_POINT('',(-14.33002921005,-21.85454025908,
    6.00001016002));
#8897 = B_SPLINE_CURVE_WITH_KNOTS('',1,(#8898,#8899),.UNSPECIFIED.,.F.,
  .F.,(2,2),(0.,47.2441),.PIECEWISE_BEZIER_KNOTS.);
#8898 = CARTESIAN_POINT('',(-14.33002921005,-21.85454025908,
    6.00001016002));
#8899 = CARTESIAN_POINT('',(-14.33002921005,-23.05454279908,
    6.00001016002));
#8900 = ORIENTED_EDGE('',*,*,#8872,.T.);
#8901 = ORIENTED_EDGE('',*,*,#4865,.F.);
#8902 = ORIENTED_EDGE('',*,*,#8903,.F.);
#8903 = EDGE_CURVE('',#8895,#4866,#8904,.T.);
#8904 = B_SPLINE_CURVE_WITH_KNOTS('',1,(#8905,#8906),.UNSPECIFIED.,.F.,
  .F.,(2,2),(0.,193.87512119952),.PIECEWISE_BEZIER_KNOTS.);
#8905 = CARTESIAN_POINT('',(-14.33002921005,-21.85454025908,
    6.00001016002));
#8906 = CARTESIAN_POINT('',(-12.33002413004,-21.85454025908,
    1.500002540005));
#8907 = B_SPLINE_SURFACE_WITH_KNOTS('',1,1,(
    (#8908,#8909)
    ,(#8910,#8911
    )),.UNSPECIFIED.,.F.,.F.,.F.,(2,2),(2,2),(0.,193.87512119952),(
    -47.2441,0.),.PIECEWISE_BEZIER_KNOTS.);
#8908 = CARTESIAN_POINT('',(-14.33002921005,-23.05454279908,
    6.00001016002));
#8909 = CARTESIAN_POINT('',(-14.33002921005,-21.85454025908,
    6.00001016002));
#8910 = CARTESIAN_POINT('',(-12.33002413004,-23.05454279908,
    1.500002540005));
#8911 = CARTESIAN_POINT('',(-12.33002413004,-21.85454025908,
    1.500002540005));
#8912 = ADVANCED_FACE('',(#8913),#8923,.T.);
#8913 = FACE_BOUND('',#8914,.T.);
#8914 = EDGE_LOOP('',(#8915,#8916,#8917,#8918));
#8915 = ORIENTED_EDGE('',*,*,#8903,.T.);
#8916 = ORIENTED_EDGE('',*,*,#4872,.F.);
#8917 = ORIENTED_EDGE('',*,*,#8792,.T.);
#8918 = ORIENTED_EDGE('',*,*,#8919,.T.);
#8919 = EDGE_CURVE('',#8785,#8895,#8920,.T.);
#8920 = B_SPLINE_CURVE_WITH_KNOTS('',1,(#8921,#8922),.UNSPECIFIED.,.F.,
  .F.,(2,2),(46.669354265039,168.1102),.PIECEWISE_BEZIER_KNOTS.);
#8921 = CARTESIAN_POINT('',(-17.41463286093,-21.85454025908,
    6.00001016002));
#8922 = CARTESIAN_POINT('',(-14.33002921005,-21.85454025908,
    6.00001016002));
#8923 = B_SPLINE_SURFACE_WITH_KNOTS('',1,1,(
    (#8924,#8925)
    ,(#8926,#8927
    )),.UNSPECIFIED.,.F.,.F.,.F.,(2,2),(2,2),(-136.9069320975,
    63.274113637366),(-49.31446136773,127.85083863226),
  .PIECEWISE_BEZIER_KNOTS.);
#8924 = CARTESIAN_POINT('',(-12.33002413004,-21.85454025908,
    1.500002540005));
#8925 = CARTESIAN_POINT('',(-12.33002413004,-21.85454025908,
    6.00001016002));
#8926 = CARTESIAN_POINT('',(-17.41463286093,-21.85454025908,
    1.500002540005));
#8927 = CARTESIAN_POINT('',(-17.41463286093,-21.85454025908,
    6.00001016002));
#8928 = ADVANCED_FACE('',(#8929),#8966,.T.);
#8929 = FACE_BOUND('',#8930,.T.);
#8930 = EDGE_LOOP('',(#8931,#8932,#8939,#8946,#8953,#8960,#8965));
#8931 = ORIENTED_EDGE('',*,*,#4887,.F.);
#8932 = ORIENTED_EDGE('',*,*,#8933,.T.);
#8933 = EDGE_CURVE('',#4888,#8934,#8936,.T.);
#8934 = VERTEX_POINT('',#8935);
#8935 = CARTESIAN_POINT('',(-18.90003683007,-11.22942352717,
    6.00001016002));
#8936 = B_SPLINE_CURVE_WITH_KNOTS('',1,(#8937,#8938),.UNSPECIFIED.,.F.,
  .F.,(2,2),(59.0551,236.2204),.PIECEWISE_BEZIER_KNOTS.);
#8937 = CARTESIAN_POINT('',(-18.90003683007,-11.22942352717,
    1.500002540005));
#8938 = CARTESIAN_POINT('',(-18.90003683007,-11.22942352717,
    6.00001016002));
#8939 = ORIENTED_EDGE('',*,*,#8940,.T.);
#8940 = EDGE_CURVE('',#8934,#8941,#8943,.T.);
#8941 = VERTEX_POINT('',#8942);
#8942 = CARTESIAN_POINT('',(-18.90003683007,-14.31402717805,
    6.00001016002));
#8943 = B_SPLINE_CURVE_WITH_KNOTS('',1,(#8944,#8945),.UNSPECIFIED.,.F.,
  .F.,(2,2),(46.669354265039,168.1102),.PIECEWISE_BEZIER_KNOTS.);
#8944 = CARTESIAN_POINT('',(-18.90003683007,-11.22942352717,
    6.00001016002));
#8945 = CARTESIAN_POINT('',(-18.90003683007,-14.31402717805,
    6.00001016002));
#8946 = ORIENTED_EDGE('',*,*,#8947,.T.);
#8947 = EDGE_CURVE('',#8941,#8948,#8950,.T.);
#8948 = VERTEX_POINT('',#8949);
#8949 = CARTESIAN_POINT('',(-18.90003683007,-15.79927990856,
    2.658194345788));
#8950 = B_SPLINE_CURVE_WITH_KNOTS('',1,(#8951,#8952),.UNSPECIFIED.,.F.,
  .F.,(2,2),(0.,143.97641086852),.PIECEWISE_BEZIER_KNOTS.);
#8951 = CARTESIAN_POINT('',(-18.90003683007,-14.31402717805,
    6.00001016002));
#8952 = CARTESIAN_POINT('',(-18.90003683007,-15.79927990856,
    2.658194345788));
#8953 = ORIENTED_EDGE('',*,*,#8954,.F.);
#8954 = EDGE_CURVE('',#8955,#8948,#8957,.T.);
#8955 = VERTEX_POINT('',#8956);
#8956 = CARTESIAN_POINT('',(-18.90003683007,-17.28453263906,
    6.00001016002));
#8957 = B_SPLINE_CURVE_WITH_KNOTS('',1,(#8958,#8959),.UNSPECIFIED.,.F.,
  .F.,(2,2),(0.,143.97641086852),.PIECEWISE_BEZIER_KNOTS.);
#8958 = CARTESIAN_POINT('',(-18.90003683007,-17.28453263906,
    6.00001016002));
#8959 = CARTESIAN_POINT('',(-18.90003683007,-15.79927990856,
    2.658194345788));
#8960 = ORIENTED_EDGE('',*,*,#8961,.F.);
#8961 = EDGE_CURVE('',#8799,#8955,#8962,.T.);
#8962 = B_SPLINE_CURVE_WITH_KNOTS('',1,(#8963,#8964),.UNSPECIFIED.,.F.,
  .F.,(2,2),(46.669354265042,168.1102),.PIECEWISE_BEZIER_KNOTS.);
#8963 = CARTESIAN_POINT('',(-18.90003683007,-20.36913628994,
    6.00001016002));
#8964 = CARTESIAN_POINT('',(-18.90003683007,-17.28453263906,
    6.00001016002));
#8965 = ORIENTED_EDGE('',*,*,#8798,.F.);
#8966 = B_SPLINE_SURFACE_WITH_KNOTS('',1,1,(
    (#8967,#8968)
    ,(#8969,#8970
    )),.UNSPECIFIED.,.F.,.F.,.F.,(2,2),(2,2),(-296.5563778325,
    63.274113637366),(-49.31446136773,127.85083863226),
  .PIECEWISE_BEZIER_KNOTS.);
#8967 = CARTESIAN_POINT('',(-18.90003683007,-20.36913628994,
    1.500002540005));
#8968 = CARTESIAN_POINT('',(-18.90003683007,-20.36913628994,
    6.00001016002));
#8969 = CARTESIAN_POINT('',(-18.90003683007,-11.22942352717,
    1.500002540005));
#8970 = CARTESIAN_POINT('',(-18.90003683007,-11.22942352717,
    6.00001016002));
#8971 = ADVANCED_FACE('',(#8972),#9078,.T.);
#8972 = FACE_BOUND('',#8973,.T.);
#8973 = EDGE_LOOP('',(#8974,#8984,#8991,#9001,#9002,#9010,#9015,#9016,
    #9023,#9031,#9036,#9037,#9044,#9052,#9057,#9058,#9065,#9071,#9072,
    #9073));
#8974 = ORIENTED_EDGE('',*,*,#8975,.T.);
#8975 = EDGE_CURVE('',#8976,#8978,#8980,.T.);
#8976 = VERTEX_POINT('',#8977);
#8977 = CARTESIAN_POINT('',(-17.41463286093,-9.744019558039,
    6.00001016002));
#8978 = VERTEX_POINT('',#8979);
#8979 = CARTESIAN_POINT('',(-17.33003429006,-9.144018288037,
    6.00001016002));
#8980 = ( BOUNDED_CURVE() B_SPLINE_CURVE(2,(#8981,#8982,#8983),
.UNSPECIFIED.,.F.,.F.) B_SPLINE_CURVE_WITH_KNOTS((3,3),(6.003037396772,
6.28318530718),.PIECEWISE_BEZIER_KNOTS.) CURVE() 
GEOMETRIC_REPRESENTATION_ITEM() RATIONAL_B_SPLINE_CURVE((1.,
0.990205673565,1.)) REPRESENTATION_ITEM('') );
#8981 = CARTESIAN_POINT('',(-17.41463286093,-9.744019558039,
    6.00001016002));
#8982 = CARTESIAN_POINT('',(-17.33003429006,-9.449983008908,
    6.00001016002));
#8983 = CARTESIAN_POINT('',(-17.33003429006,-9.144018288037,
    6.00001016002));
#8984 = ORIENTED_EDGE('',*,*,#8985,.T.);
#8985 = EDGE_CURVE('',#8978,#8986,#8988,.T.);
#8986 = VERTEX_POINT('',#8987);
#8987 = CARTESIAN_POINT('',(-17.33003429006,-9.144018288037,
    8.00001524003));
#8988 = B_SPLINE_CURVE_WITH_KNOTS('',1,(#8989,#8990),.UNSPECIFIED.,.F.,
  .F.,(2,2),(236.2204,314.9606),.PIECEWISE_BEZIER_KNOTS.);
#8989 = CARTESIAN_POINT('',(-17.33003429006,-9.144018288037,
    6.00001016002));
#8990 = CARTESIAN_POINT('',(-17.33003429006,-9.144018288037,
    8.00001524003));
#8991 = ORIENTED_EDGE('',*,*,#8992,.F.);
#8992 = EDGE_CURVE('',#8986,#8986,#8993,.T.);
#8993 = ( BOUNDED_CURVE() B_SPLINE_CURVE(2,(#8994,#8995,#8996,#8997,
#8998,#8999,#9000),.UNSPECIFIED.,.T.,.F.) B_SPLINE_CURVE_WITH_KNOTS((1,2
    ,2,2,2,1),(-2.094395102394,0.,2.094395102393,4.188790204786,
6.28318530718,8.377580409573),.UNSPECIFIED.) CURVE() 
GEOMETRIC_REPRESENTATION_ITEM() RATIONAL_B_SPLINE_CURVE((1.,0.5,1.,0.5,
1.,0.5,1.)) REPRESENTATION_ITEM('') );
#8994 = CARTESIAN_POINT('',(-17.33003429006,-9.144018288037,
    8.00001524003));
#8995 = CARTESIAN_POINT('',(-17.33003429006,-5.385461436485,
    8.00001524003));
#8996 = CARTESIAN_POINT('',(-20.58504000508,-7.264739862261,
    8.00001524003));
#8997 = CARTESIAN_POINT('',(-23.84004572009,-9.144018288037,
    8.00001524003));
#8998 = CARTESIAN_POINT('',(-20.58504000508,-11.02329671381,
    8.00001524003));
#8999 = CARTESIAN_POINT('',(-17.33003429006,-12.90257513958,
    8.00001524003));
#9000 = CARTESIAN_POINT('',(-17.33003429006,-9.144018288037,
    8.00001524003));
#9001 = ORIENTED_EDGE('',*,*,#8985,.F.);
#9002 = ORIENTED_EDGE('',*,*,#9003,.T.);
#9003 = EDGE_CURVE('',#8978,#9004,#9006,.T.);
#9004 = VERTEX_POINT('',#9005);
#9005 = CARTESIAN_POINT('',(-17.41463286093,-8.544017018034,
    6.00001016002));
#9006 = ( BOUNDED_CURVE() B_SPLINE_CURVE(2,(#9007,#9008,#9009),
.UNSPECIFIED.,.F.,.F.) B_SPLINE_CURVE_WITH_KNOTS((3,3),(0.,
0.280147910408),.PIECEWISE_BEZIER_KNOTS.) CURVE() 
GEOMETRIC_REPRESENTATION_ITEM() RATIONAL_B_SPLINE_CURVE((1.,
0.990205673565,1.)) REPRESENTATION_ITEM('') );
#9007 = CARTESIAN_POINT('',(-17.33003429006,-9.144018288037,
    6.00001016002));
#9008 = CARTESIAN_POINT('',(-17.33003429006,-8.838053567166,
    6.00001016002));
#9009 = CARTESIAN_POINT('',(-17.41463286093,-8.544017018034,
    6.00001016002));
#9010 = ORIENTED_EDGE('',*,*,#9011,.F.);
#9011 = EDGE_CURVE('',#4917,#9004,#9012,.T.);
#9012 = B_SPLINE_CURVE_WITH_KNOTS('',1,(#9013,#9014),.UNSPECIFIED.,.F.,
  .F.,(2,2),(59.0551,236.2204),.PIECEWISE_BEZIER_KNOTS.);
#9013 = CARTESIAN_POINT('',(-17.41463286093,-8.544017018034,
    1.500002540005));
#9014 = CARTESIAN_POINT('',(-17.41463286093,-8.544017018034,
    6.00001016002));
#9015 = ORIENTED_EDGE('',*,*,#4923,.T.);
#9016 = ORIENTED_EDGE('',*,*,#9017,.T.);
#9017 = EDGE_CURVE('',#4924,#9018,#9020,.T.);
#9018 = VERTEX_POINT('',#9019);
#9019 = CARTESIAN_POINT('',(-18.90003683007,-7.058613048894,
    6.00001016002));
#9020 = B_SPLINE_CURVE_WITH_KNOTS('',1,(#9021,#9022),.UNSPECIFIED.,.F.,
  .F.,(2,2),(59.0551,236.2204),.PIECEWISE_BEZIER_KNOTS.);
#9021 = CARTESIAN_POINT('',(-18.90003683007,-7.058613048894,
    1.500002540005));
#9022 = CARTESIAN_POINT('',(-18.90003683007,-7.058613048894,
    6.00001016002));
#9023 = ORIENTED_EDGE('',*,*,#9024,.T.);
#9024 = EDGE_CURVE('',#9018,#9025,#9027,.T.);
#9025 = VERTEX_POINT('',#9026);
#9026 = CARTESIAN_POINT('',(-20.10003937007,-7.058613048894,
    6.00001016002));
#9027 = ( BOUNDED_CURVE() B_SPLINE_CURVE(2,(#9028,#9029,#9030),
.UNSPECIFIED.,.F.,.F.) B_SPLINE_CURVE_WITH_KNOTS((3,3),(1.290648416387,
1.850944237203),.PIECEWISE_BEZIER_KNOTS.) CURVE() 
GEOMETRIC_REPRESENTATION_ITEM() RATIONAL_B_SPLINE_CURVE((1.,
0.961014551922,1.)) REPRESENTATION_ITEM('') );
#9028 = CARTESIAN_POINT('',(-18.90003683007,-7.058613048894,
    6.00001016002));
#9029 = CARTESIAN_POINT('',(-19.50003810007,-6.885983999514,
    6.00001016002));
#9030 = CARTESIAN_POINT('',(-20.10003937007,-7.058613048894,
    6.00001016002));
#9031 = ORIENTED_EDGE('',*,*,#9032,.F.);
#9032 = EDGE_CURVE('',#4946,#9025,#9033,.T.);
#9033 = B_SPLINE_CURVE_WITH_KNOTS('',1,(#9034,#9035),.UNSPECIFIED.,.F.,
  .F.,(2,2),(59.0551,236.2204),.PIECEWISE_BEZIER_KNOTS.);
#9034 = CARTESIAN_POINT('',(-20.10003937007,-7.058613048894,
    1.500002540005));
#9035 = CARTESIAN_POINT('',(-20.10003937007,-7.058613048894,
    6.00001016002));
#9036 = ORIENTED_EDGE('',*,*,#4952,.T.);
#9037 = ORIENTED_EDGE('',*,*,#9038,.T.);
#9038 = EDGE_CURVE('',#4953,#9039,#9041,.T.);
#9039 = VERTEX_POINT('',#9040);
#9040 = CARTESIAN_POINT('',(-21.58544333921,-8.544017018034,
    6.00001016002));
#9041 = B_SPLINE_CURVE_WITH_KNOTS('',1,(#9042,#9043),.UNSPECIFIED.,.F.,
  .F.,(2,2),(59.0551,236.2204),.PIECEWISE_BEZIER_KNOTS.);
#9042 = CARTESIAN_POINT('',(-21.58544333921,-8.544017018034,
    1.500002540005));
#9043 = CARTESIAN_POINT('',(-21.58544333921,-8.544017018034,
    6.00001016002));
#9044 = ORIENTED_EDGE('',*,*,#9045,.T.);
#9045 = EDGE_CURVE('',#9039,#9046,#9048,.T.);
#9046 = VERTEX_POINT('',#9047);
#9047 = CARTESIAN_POINT('',(-21.58544333921,-9.744019558039,
    6.00001016002));
#9048 = ( BOUNDED_CURVE() B_SPLINE_CURVE(2,(#9049,#9050,#9051),
.UNSPECIFIED.,.F.,.F.) B_SPLINE_CURVE_WITH_KNOTS((3,3),(2.861444743182,
3.421740563997),.PIECEWISE_BEZIER_KNOTS.) CURVE() 
GEOMETRIC_REPRESENTATION_ITEM() RATIONAL_B_SPLINE_CURVE((1.,
0.961014551922,1.)) REPRESENTATION_ITEM('') );
#9049 = CARTESIAN_POINT('',(-21.58544333921,-8.544017018034,
    6.00001016002));
#9050 = CARTESIAN_POINT('',(-21.75807238859,-9.144018288037,
    6.00001016002));
#9051 = CARTESIAN_POINT('',(-21.58544333921,-9.744019558039,
    6.00001016002));
#9052 = ORIENTED_EDGE('',*,*,#9053,.F.);
#9053 = EDGE_CURVE('',#4975,#9046,#9054,.T.);
#9054 = B_SPLINE_CURVE_WITH_KNOTS('',1,(#9055,#9056),.UNSPECIFIED.,.F.,
  .F.,(2,2),(59.0551,236.2204),.PIECEWISE_BEZIER_KNOTS.);
#9055 = CARTESIAN_POINT('',(-21.58544333921,-9.744019558039,
    1.500002540005));
#9056 = CARTESIAN_POINT('',(-21.58544333921,-9.744019558039,
    6.00001016002));
#9057 = ORIENTED_EDGE('',*,*,#4981,.T.);
#9058 = ORIENTED_EDGE('',*,*,#9059,.T.);
#9059 = EDGE_CURVE('',#4982,#9060,#9062,.T.);
#9060 = VERTEX_POINT('',#9061);
#9061 = CARTESIAN_POINT('',(-20.10003937007,-11.22942352717,
    6.00001016002));
#9062 = B_SPLINE_CURVE_WITH_KNOTS('',1,(#9063,#9064),.UNSPECIFIED.,.F.,
  .F.,(2,2),(59.0551,236.2204),.PIECEWISE_BEZIER_KNOTS.);
#9063 = CARTESIAN_POINT('',(-20.10003937007,-11.22942352717,
    1.500002540005));
#9064 = CARTESIAN_POINT('',(-20.10003937007,-11.22942352717,
    6.00001016002));
#9065 = ORIENTED_EDGE('',*,*,#9066,.T.);
#9066 = EDGE_CURVE('',#9060,#8934,#9067,.T.);
#9067 = ( BOUNDED_CURVE() B_SPLINE_CURVE(2,(#9068,#9069,#9070),
.UNSPECIFIED.,.F.,.F.) B_SPLINE_CURVE_WITH_KNOTS((3,3),(4.432241069977,
4.992536890792),.PIECEWISE_BEZIER_KNOTS.) CURVE() 
GEOMETRIC_REPRESENTATION_ITEM() RATIONAL_B_SPLINE_CURVE((1.,
0.961014551922,1.)) REPRESENTATION_ITEM('') );
#9068 = CARTESIAN_POINT('',(-20.10003937007,-11.22942352717,
    6.00001016002));
#9069 = CARTESIAN_POINT('',(-19.50003810007,-11.40205257655,
    6.00001016002));
#9070 = CARTESIAN_POINT('',(-18.90003683007,-11.22942352717,
    6.00001016002));
#9071 = ORIENTED_EDGE('',*,*,#8933,.F.);
#9072 = ORIENTED_EDGE('',*,*,#4894,.T.);
#9073 = ORIENTED_EDGE('',*,*,#9074,.T.);
#9074 = EDGE_CURVE('',#4895,#8976,#9075,.T.);
#9075 = B_SPLINE_CURVE_WITH_KNOTS('',1,(#9076,#9077),.UNSPECIFIED.,.F.,
  .F.,(2,2),(59.0551,236.2204),.PIECEWISE_BEZIER_KNOTS.);
#9076 = CARTESIAN_POINT('',(-17.41463286093,-9.744019558039,
    1.500002540005));
#9077 = CARTESIAN_POINT('',(-17.41463286093,-9.744019558039,
    6.00001016002));
#9078 = ( BOUNDED_SURFACE() B_SPLINE_SURFACE(2,1,(
    (#9079,#9080)
    ,(#9081,#9082)
    ,(#9083,#9084)
    ,(#9085,#9086)
    ,(#9087,#9088)
    ,(#9089,#9090)
    ,(#9091,#9092
)),.UNSPECIFIED.,.T.,.F.,.F.) B_SPLINE_SURFACE_WITH_KNOTS((1,2,2,2,2,1),
  (2,2),(-2.094395102394,0.,2.094395102393,4.188790204786,6.28318530718,
    8.377580409573),(59.0551,314.9606),.UNSPECIFIED.) 
GEOMETRIC_REPRESENTATION_ITEM() RATIONAL_B_SPLINE_SURFACE((
    (1.,1.)
    ,(0.5,0.5)
    ,(1.,1.)
    ,(0.5,0.5)
    ,(1.,1.)
    ,(0.5,0.5)
,(1.,1.))) REPRESENTATION_ITEM('') SURFACE() );
#9079 = CARTESIAN_POINT('',(-17.33003429006,-9.144018288037,
    1.500002540005));
#9080 = CARTESIAN_POINT('',(-17.33003429006,-9.144018288037,
    8.00001524003));
#9081 = CARTESIAN_POINT('',(-17.33003429006,-5.385461436485,
    1.500002540005));
#9082 = CARTESIAN_POINT('',(-17.33003429006,-5.385461436485,
    8.00001524003));
#9083 = CARTESIAN_POINT('',(-20.58504000508,-7.264739862261,
    1.500002540005));
#9084 = CARTESIAN_POINT('',(-20.58504000508,-7.264739862261,
    8.00001524003));
#9085 = CARTESIAN_POINT('',(-23.84004572009,-9.144018288037,
    1.500002540005));
#9086 = CARTESIAN_POINT('',(-23.84004572009,-9.144018288037,
    8.00001524003));
#9087 = CARTESIAN_POINT('',(-20.58504000508,-11.02329671381,
    1.500002540005));
#9088 = CARTESIAN_POINT('',(-20.58504000508,-11.02329671381,
    8.00001524003));
#9089 = CARTESIAN_POINT('',(-17.33003429006,-12.90257513958,
    1.500002540005));
#9090 = CARTESIAN_POINT('',(-17.33003429006,-12.90257513958,
    8.00001524003));
#9091 = CARTESIAN_POINT('',(-17.33003429006,-9.144018288037,
    1.500002540005));
#9092 = CARTESIAN_POINT('',(-17.33003429006,-9.144018288037,
    8.00001524003));
#9093 = ADVANCED_FACE('',(#9094),#9110,.F.);
#9094 = FACE_BOUND('',#9095,.F.);
#9095 = EDGE_LOOP('',(#9096,#9103,#9104,#9105));
#9096 = ORIENTED_EDGE('',*,*,#9097,.T.);
#9097 = EDGE_CURVE('',#9098,#4903,#9100,.T.);
#9098 = VERTEX_POINT('',#9099);
#9099 = CARTESIAN_POINT('',(-14.33002921005,-9.744019558039,
    6.00001016002));
#9100 = B_SPLINE_CURVE_WITH_KNOTS('',1,(#9101,#9102),.UNSPECIFIED.,.F.,
  .F.,(2,2),(0.,193.87512119952),.PIECEWISE_BEZIER_KNOTS.);
#9101 = CARTESIAN_POINT('',(-14.33002921005,-9.744019558039,
    6.00001016002));
#9102 = CARTESIAN_POINT('',(-12.33002413004,-9.744019558039,
    1.500002540005));
#9103 = ORIENTED_EDGE('',*,*,#4902,.F.);
#9104 = ORIENTED_EDGE('',*,*,#9074,.T.);
#9105 = ORIENTED_EDGE('',*,*,#9106,.T.);
#9106 = EDGE_CURVE('',#8976,#9098,#9107,.T.);
#9107 = B_SPLINE_CURVE_WITH_KNOTS('',1,(#9108,#9109),.UNSPECIFIED.,.F.,
  .F.,(2,2),(46.669354265041,168.1102),.PIECEWISE_BEZIER_KNOTS.);
#9108 = CARTESIAN_POINT('',(-17.41463286093,-9.744019558039,
    6.00001016002));
#9109 = CARTESIAN_POINT('',(-14.33002921005,-9.744019558039,
    6.00001016002));
#9110 = B_SPLINE_SURFACE_WITH_KNOTS('',1,1,(
    (#9111,#9112)
    ,(#9113,#9114
    )),.UNSPECIFIED.,.F.,.F.,.F.,(2,2),(2,2),(-136.9069320975,
    63.274113637366),(-49.31446136773,127.85083863226),
  .PIECEWISE_BEZIER_KNOTS.);
#9111 = CARTESIAN_POINT('',(-12.33002413004,-9.744019558039,
    1.500002540005));
#9112 = CARTESIAN_POINT('',(-12.33002413004,-9.744019558039,
    6.00001016002));
#9113 = CARTESIAN_POINT('',(-17.41463286093,-9.744019558039,
    1.500002540005));
#9114 = CARTESIAN_POINT('',(-17.41463286093,-9.744019558039,
    6.00001016002));
#9115 = ADVANCED_FACE('',(#9116),#9132,.T.);
#9116 = FACE_BOUND('',#9117,.T.);
#9117 = EDGE_LOOP('',(#9118,#9125,#9126,#9127));
#9118 = ORIENTED_EDGE('',*,*,#9119,.T.);
#9119 = EDGE_CURVE('',#9120,#9098,#9122,.T.);
#9120 = VERTEX_POINT('',#9121);
#9121 = CARTESIAN_POINT('',(-14.33002921005,-8.544017018034,
    6.00001016002));
#9122 = B_SPLINE_CURVE_WITH_KNOTS('',1,(#9123,#9124),.UNSPECIFIED.,.F.,
  .F.,(2,2),(0.,47.2441),.PIECEWISE_BEZIER_KNOTS.);
#9123 = CARTESIAN_POINT('',(-14.33002921005,-8.544017018034,
    6.00001016002));
#9124 = CARTESIAN_POINT('',(-14.33002921005,-9.744019558039,
    6.00001016002));
#9125 = ORIENTED_EDGE('',*,*,#9097,.T.);
#9126 = ORIENTED_EDGE('',*,*,#4909,.F.);
#9127 = ORIENTED_EDGE('',*,*,#9128,.F.);
#9128 = EDGE_CURVE('',#9120,#4910,#9129,.T.);
#9129 = B_SPLINE_CURVE_WITH_KNOTS('',1,(#9130,#9131),.UNSPECIFIED.,.F.,
  .F.,(2,2),(0.,193.87512119952),.PIECEWISE_BEZIER_KNOTS.);
#9130 = CARTESIAN_POINT('',(-14.33002921005,-8.544017018034,
    6.00001016002));
#9131 = CARTESIAN_POINT('',(-12.33002413004,-8.544017018034,
    1.500002540005));
#9132 = B_SPLINE_SURFACE_WITH_KNOTS('',1,1,(
    (#9133,#9134)
    ,(#9135,#9136
    )),.UNSPECIFIED.,.F.,.F.,.F.,(2,2),(2,2),(0.,193.87512119952),(
    -47.2441,0.),.PIECEWISE_BEZIER_KNOTS.);
#9133 = CARTESIAN_POINT('',(-14.33002921005,-9.744019558039,
    6.00001016002));
#9134 = CARTESIAN_POINT('',(-14.33002921005,-8.544017018034,
    6.00001016002));
#9135 = CARTESIAN_POINT('',(-12.33002413004,-9.744019558039,
    1.500002540005));
#9136 = CARTESIAN_POINT('',(-12.33002413004,-8.544017018034,
    1.500002540005));
#9137 = ADVANCED_FACE('',(#9138),#9148,.T.);
#9138 = FACE_BOUND('',#9139,.T.);
#9139 = EDGE_LOOP('',(#9140,#9141,#9142,#9143));
#9140 = ORIENTED_EDGE('',*,*,#9128,.T.);
#9141 = ORIENTED_EDGE('',*,*,#4916,.F.);
#9142 = ORIENTED_EDGE('',*,*,#9011,.T.);
#9143 = ORIENTED_EDGE('',*,*,#9144,.T.);
#9144 = EDGE_CURVE('',#9004,#9120,#9145,.T.);
#9145 = B_SPLINE_CURVE_WITH_KNOTS('',1,(#9146,#9147),.UNSPECIFIED.,.F.,
  .F.,(2,2),(46.669354265039,168.1102),.PIECEWISE_BEZIER_KNOTS.);
#9146 = CARTESIAN_POINT('',(-17.41463286093,-8.544017018034,
    6.00001016002));
#9147 = CARTESIAN_POINT('',(-14.33002921005,-8.544017018034,
    6.00001016002));
#9148 = B_SPLINE_SURFACE_WITH_KNOTS('',1,1,(
    (#9149,#9150)
    ,(#9151,#9152
    )),.UNSPECIFIED.,.F.,.F.,.F.,(2,2),(2,2),(-136.9069320975,
    63.274113637366),(-49.31446136773,127.85083863226),
  .PIECEWISE_BEZIER_KNOTS.);
#9149 = CARTESIAN_POINT('',(-12.33002413004,-8.544017018034,
    1.500002540005));
#9150 = CARTESIAN_POINT('',(-12.33002413004,-8.544017018034,
    6.00001016002));
#9151 = CARTESIAN_POINT('',(-17.41463286093,-8.544017018034,
    1.500002540005));
#9152 = CARTESIAN_POINT('',(-17.41463286093,-8.544017018034,
    6.00001016002));
#9153 = ADVANCED_FACE('',(#9154),#9170,.F.);
#9154 = FACE_BOUND('',#9155,.F.);
#9155 = EDGE_LOOP('',(#9156,#9163,#9164,#9165));
#9156 = ORIENTED_EDGE('',*,*,#9157,.T.);
#9157 = EDGE_CURVE('',#9158,#4932,#9160,.T.);
#9158 = VERTEX_POINT('',#9159);
#9159 = CARTESIAN_POINT('',(-18.90003683007,-3.974009398019,
    6.00001016002));
#9160 = B_SPLINE_CURVE_WITH_KNOTS('',1,(#9161,#9162),.UNSPECIFIED.,.F.,
  .F.,(2,2),(0.,193.87512119952),.PIECEWISE_BEZIER_KNOTS.);
#9161 = CARTESIAN_POINT('',(-18.90003683007,-3.974009398019,
    6.00001016002));
#9162 = CARTESIAN_POINT('',(-18.90003683007,-1.974004318009,
    1.500002540005));
#9163 = ORIENTED_EDGE('',*,*,#4931,.F.);
#9164 = ORIENTED_EDGE('',*,*,#9017,.T.);
#9165 = ORIENTED_EDGE('',*,*,#9166,.T.);
#9166 = EDGE_CURVE('',#9018,#9158,#9167,.T.);
#9167 = B_SPLINE_CURVE_WITH_KNOTS('',1,(#9168,#9169),.UNSPECIFIED.,.F.,
  .F.,(2,2),(46.669354265041,168.1102),.PIECEWISE_BEZIER_KNOTS.);
#9168 = CARTESIAN_POINT('',(-18.90003683007,-7.058613048894,
    6.00001016002));
#9169 = CARTESIAN_POINT('',(-18.90003683007,-3.974009398019,
    6.00001016002));
#9170 = B_SPLINE_SURFACE_WITH_KNOTS('',1,1,(
    (#9171,#9172)
    ,(#9173,#9174
    )),.UNSPECIFIED.,.F.,.F.,.F.,(2,2),(2,2),(-136.9069320975,
    63.274113637365),(-49.31446136773,127.85083863226),
  .PIECEWISE_BEZIER_KNOTS.);
#9171 = CARTESIAN_POINT('',(-18.90003683007,-1.974004318009,
    1.500002540005));
#9172 = CARTESIAN_POINT('',(-18.90003683007,-1.974004318009,
    6.00001016002));
#9173 = CARTESIAN_POINT('',(-18.90003683007,-7.058613048894,
    1.500002540005));
#9174 = CARTESIAN_POINT('',(-18.90003683007,-7.058613048894,
    6.00001016002));
#9175 = ADVANCED_FACE('',(#9176),#9192,.T.);
#9176 = FACE_BOUND('',#9177,.T.);
#9177 = EDGE_LOOP('',(#9178,#9185,#9186,#9187));
#9178 = ORIENTED_EDGE('',*,*,#9179,.T.);
#9179 = EDGE_CURVE('',#9180,#9158,#9182,.T.);
#9180 = VERTEX_POINT('',#9181);
#9181 = CARTESIAN_POINT('',(-20.10003937007,-3.974009398019,
    6.00001016002));
#9182 = B_SPLINE_CURVE_WITH_KNOTS('',1,(#9183,#9184),.UNSPECIFIED.,.F.,
  .F.,(2,2),(0.,47.2441),.PIECEWISE_BEZIER_KNOTS.);
#9183 = CARTESIAN_POINT('',(-20.10003937007,-3.974009398019,
    6.00001016002));
#9184 = CARTESIAN_POINT('',(-18.90003683007,-3.974009398019,
    6.00001016002));
#9185 = ORIENTED_EDGE('',*,*,#9157,.T.);
#9186 = ORIENTED_EDGE('',*,*,#4938,.F.);
#9187 = ORIENTED_EDGE('',*,*,#9188,.F.);
#9188 = EDGE_CURVE('',#9180,#4939,#9189,.T.);
#9189 = B_SPLINE_CURVE_WITH_KNOTS('',1,(#9190,#9191),.UNSPECIFIED.,.F.,
  .F.,(2,2),(0.,193.87512119952),.PIECEWISE_BEZIER_KNOTS.);
#9190 = CARTESIAN_POINT('',(-20.10003937007,-3.974009398019,
    6.00001016002));
#9191 = CARTESIAN_POINT('',(-20.10003937007,-1.974004318009,
    1.500002540005));
#9192 = B_SPLINE_SURFACE_WITH_KNOTS('',1,1,(
    (#9193,#9194)
    ,(#9195,#9196
    )),.UNSPECIFIED.,.F.,.F.,.F.,(2,2),(2,2),(0.,193.87512119952),(
    -47.2441,0.),.PIECEWISE_BEZIER_KNOTS.);
#9193 = CARTESIAN_POINT('',(-18.90003683007,-3.974009398019,
    6.00001016002));
#9194 = CARTESIAN_POINT('',(-20.10003937007,-3.974009398019,
    6.00001016002));
#9195 = CARTESIAN_POINT('',(-18.90003683007,-1.974004318009,
    1.500002540005));
#9196 = CARTESIAN_POINT('',(-20.10003937007,-1.974004318009,
    1.500002540005));
#9197 = ADVANCED_FACE('',(#9198),#9208,.T.);
#9198 = FACE_BOUND('',#9199,.T.);
#9199 = EDGE_LOOP('',(#9200,#9201,#9202,#9203));
#9200 = ORIENTED_EDGE('',*,*,#9188,.T.);
#9201 = ORIENTED_EDGE('',*,*,#4945,.F.);
#9202 = ORIENTED_EDGE('',*,*,#9032,.T.);
#9203 = ORIENTED_EDGE('',*,*,#9204,.T.);
#9204 = EDGE_CURVE('',#9025,#9180,#9205,.T.);
#9205 = B_SPLINE_CURVE_WITH_KNOTS('',1,(#9206,#9207),.UNSPECIFIED.,.F.,
  .F.,(2,2),(46.669354265041,168.1102),.PIECEWISE_BEZIER_KNOTS.);
#9206 = CARTESIAN_POINT('',(-20.10003937007,-7.058613048894,
    6.00001016002));
#9207 = CARTESIAN_POINT('',(-20.10003937007,-3.974009398019,
    6.00001016002));
#9208 = B_SPLINE_SURFACE_WITH_KNOTS('',1,1,(
    (#9209,#9210)
    ,(#9211,#9212
    )),.UNSPECIFIED.,.F.,.F.,.F.,(2,2),(2,2),(-136.9069320975,
    63.274113637365),(-49.31446136773,127.85083863226),
  .PIECEWISE_BEZIER_KNOTS.);
#9209 = CARTESIAN_POINT('',(-20.10003937007,-1.974004318009,
    1.500002540005));
#9210 = CARTESIAN_POINT('',(-20.10003937007,-1.974004318009,
    6.00001016002));
#9211 = CARTESIAN_POINT('',(-20.10003937007,-7.058613048894,
    1.500002540005));
#9212 = CARTESIAN_POINT('',(-20.10003937007,-7.058613048894,
    6.00001016002));
#9213 = ADVANCED_FACE('',(#9214),#9230,.F.);
#9214 = FACE_BOUND('',#9215,.F.);
#9215 = EDGE_LOOP('',(#9216,#9223,#9224,#9225));
#9216 = ORIENTED_EDGE('',*,*,#9217,.T.);
#9217 = EDGE_CURVE('',#9218,#4961,#9220,.T.);
#9218 = VERTEX_POINT('',#9219);
#9219 = CARTESIAN_POINT('',(-24.67004699009,-8.544017018034,
    6.00001016002));
#9220 = B_SPLINE_CURVE_WITH_KNOTS('',1,(#9221,#9222),.UNSPECIFIED.,.F.,
  .F.,(2,2),(0.,193.87512119952),.PIECEWISE_BEZIER_KNOTS.);
#9221 = CARTESIAN_POINT('',(-24.67004699009,-8.544017018034,
    6.00001016002));
#9222 = CARTESIAN_POINT('',(-26.6700520701,-8.544017018034,
    1.500002540005));
#9223 = ORIENTED_EDGE('',*,*,#4960,.F.);
#9224 = ORIENTED_EDGE('',*,*,#9038,.T.);
#9225 = ORIENTED_EDGE('',*,*,#9226,.T.);
#9226 = EDGE_CURVE('',#9039,#9218,#9227,.T.);
#9227 = B_SPLINE_CURVE_WITH_KNOTS('',1,(#9228,#9229),.UNSPECIFIED.,.F.,
  .F.,(2,2),(46.669354265041,168.1102),.PIECEWISE_BEZIER_KNOTS.);
#9228 = CARTESIAN_POINT('',(-21.58544333921,-8.544017018034,
    6.00001016002));
#9229 = CARTESIAN_POINT('',(-24.67004699009,-8.544017018034,
    6.00001016002));
#9230 = B_SPLINE_SURFACE_WITH_KNOTS('',1,1,(
    (#9231,#9232)
    ,(#9233,#9234
    )),.UNSPECIFIED.,.F.,.F.,.F.,(2,2),(2,2),(-136.9069320975,
    63.274113637365),(-49.31446136773,127.85083863226),
  .PIECEWISE_BEZIER_KNOTS.);
#9231 = CARTESIAN_POINT('',(-26.6700520701,-8.544017018034,
    1.500002540005));
#9232 = CARTESIAN_POINT('',(-26.6700520701,-8.544017018034,6.00001016002
    ));
#9233 = CARTESIAN_POINT('',(-21.58544333921,-8.544017018034,
    1.500002540005));
#9234 = CARTESIAN_POINT('',(-21.58544333921,-8.544017018034,
    6.00001016002));
#9235 = ADVANCED_FACE('',(#9236),#9252,.T.);
#9236 = FACE_BOUND('',#9237,.T.);
#9237 = EDGE_LOOP('',(#9238,#9245,#9246,#9247));
#9238 = ORIENTED_EDGE('',*,*,#9239,.T.);
#9239 = EDGE_CURVE('',#9240,#9218,#9242,.T.);
#9240 = VERTEX_POINT('',#9241);
#9241 = CARTESIAN_POINT('',(-24.67004699009,-9.744019558039,
    6.00001016002));
#9242 = B_SPLINE_CURVE_WITH_KNOTS('',1,(#9243,#9244),.UNSPECIFIED.,.F.,
  .F.,(2,2),(0.,47.2441),.PIECEWISE_BEZIER_KNOTS.);
#9243 = CARTESIAN_POINT('',(-24.67004699009,-9.744019558039,
    6.00001016002));
#9244 = CARTESIAN_POINT('',(-24.67004699009,-8.544017018034,
    6.00001016002));
#9245 = ORIENTED_EDGE('',*,*,#9217,.T.);
#9246 = ORIENTED_EDGE('',*,*,#4967,.F.);
#9247 = ORIENTED_EDGE('',*,*,#9248,.F.);
#9248 = EDGE_CURVE('',#9240,#4968,#9249,.T.);
#9249 = B_SPLINE_CURVE_WITH_KNOTS('',1,(#9250,#9251),.UNSPECIFIED.,.F.,
  .F.,(2,2),(0.,193.87512119952),.PIECEWISE_BEZIER_KNOTS.);
#9250 = CARTESIAN_POINT('',(-24.67004699009,-9.744019558039,
    6.00001016002));
#9251 = CARTESIAN_POINT('',(-26.6700520701,-9.744019558039,
    1.500002540005));
#9252 = B_SPLINE_SURFACE_WITH_KNOTS('',1,1,(
    (#9253,#9254)
    ,(#9255,#9256
    )),.UNSPECIFIED.,.F.,.F.,.F.,(2,2),(2,2),(0.,193.87512119952),(
    -47.2441,0.),.PIECEWISE_BEZIER_KNOTS.);
#9253 = CARTESIAN_POINT('',(-24.67004699009,-8.544017018034,
    6.00001016002));
#9254 = CARTESIAN_POINT('',(-24.67004699009,-9.744019558039,
    6.00001016002));
#9255 = CARTESIAN_POINT('',(-26.6700520701,-8.544017018034,
    1.500002540005));
#9256 = CARTESIAN_POINT('',(-26.6700520701,-9.744019558039,
    1.500002540005));
#9257 = ADVANCED_FACE('',(#9258),#9268,.T.);
#9258 = FACE_BOUND('',#9259,.T.);
#9259 = EDGE_LOOP('',(#9260,#9261,#9262,#9263));
#9260 = ORIENTED_EDGE('',*,*,#9248,.T.);
#9261 = ORIENTED_EDGE('',*,*,#4974,.F.);
#9262 = ORIENTED_EDGE('',*,*,#9053,.T.);
#9263 = ORIENTED_EDGE('',*,*,#9264,.T.);
#9264 = EDGE_CURVE('',#9046,#9240,#9265,.T.);
#9265 = B_SPLINE_CURVE_WITH_KNOTS('',1,(#9266,#9267),.UNSPECIFIED.,.F.,
  .F.,(2,2),(46.669354265042,168.1102),.PIECEWISE_BEZIER_KNOTS.);
#9266 = CARTESIAN_POINT('',(-21.58544333921,-9.744019558039,
    6.00001016002));
#9267 = CARTESIAN_POINT('',(-24.67004699009,-9.744019558039,
    6.00001016002));
#9268 = B_SPLINE_SURFACE_WITH_KNOTS('',1,1,(
    (#9269,#9270)
    ,(#9271,#9272
    )),.UNSPECIFIED.,.F.,.F.,.F.,(2,2),(2,2),(-136.9069320975,
    63.274113637365),(-49.31446136773,127.85083863226),
  .PIECEWISE_BEZIER_KNOTS.);
#9269 = CARTESIAN_POINT('',(-26.6700520701,-9.744019558039,
    1.500002540005));
#9270 = CARTESIAN_POINT('',(-26.6700520701,-9.744019558039,6.00001016002
    ));
#9271 = CARTESIAN_POINT('',(-21.58544333921,-9.744019558039,
    1.500002540005));
#9272 = CARTESIAN_POINT('',(-21.58544333921,-9.744019558039,
    6.00001016002));
#9273 = ADVANCED_FACE('',(#9274),#9305,.F.);
#9274 = FACE_BOUND('',#9275,.F.);
#9275 = EDGE_LOOP('',(#9276,#9277,#9278,#9279,#9286,#9293,#9300));
#9276 = ORIENTED_EDGE('',*,*,#8813,.F.);
#9277 = ORIENTED_EDGE('',*,*,#4989,.F.);
#9278 = ORIENTED_EDGE('',*,*,#9059,.T.);
#9279 = ORIENTED_EDGE('',*,*,#9280,.T.);
#9280 = EDGE_CURVE('',#9060,#9281,#9283,.T.);
#9281 = VERTEX_POINT('',#9282);
#9282 = CARTESIAN_POINT('',(-20.10003937007,-14.31402717805,
    6.00001016002));
#9283 = B_SPLINE_CURVE_WITH_KNOTS('',1,(#9284,#9285),.UNSPECIFIED.,.F.,
  .F.,(2,2),(46.669354265041,168.1102),.PIECEWISE_BEZIER_KNOTS.);
#9284 = CARTESIAN_POINT('',(-20.10003937007,-11.22942352717,
    6.00001016002));
#9285 = CARTESIAN_POINT('',(-20.10003937007,-14.31402717805,
    6.00001016002));
#9286 = ORIENTED_EDGE('',*,*,#9287,.T.);
#9287 = EDGE_CURVE('',#9281,#9288,#9290,.T.);
#9288 = VERTEX_POINT('',#9289);
#9289 = CARTESIAN_POINT('',(-20.10003937007,-15.79927990856,
    2.658194345788));
#9290 = B_SPLINE_CURVE_WITH_KNOTS('',1,(#9291,#9292),.UNSPECIFIED.,.F.,
  .F.,(2,2),(0.,143.97641086852),.PIECEWISE_BEZIER_KNOTS.);
#9291 = CARTESIAN_POINT('',(-20.10003937007,-14.31402717805,
    6.00001016002));
#9292 = CARTESIAN_POINT('',(-20.10003937007,-15.79927990856,
    2.658194345788));
#9293 = ORIENTED_EDGE('',*,*,#9294,.F.);
#9294 = EDGE_CURVE('',#9295,#9288,#9297,.T.);
#9295 = VERTEX_POINT('',#9296);
#9296 = CARTESIAN_POINT('',(-20.10003937007,-17.28453263906,
    6.00001016002));
#9297 = B_SPLINE_CURVE_WITH_KNOTS('',1,(#9298,#9299),.UNSPECIFIED.,.F.,
  .F.,(2,2),(0.,143.97641086852),.PIECEWISE_BEZIER_KNOTS.);
#9298 = CARTESIAN_POINT('',(-20.10003937007,-17.28453263906,
    6.00001016002));
#9299 = CARTESIAN_POINT('',(-20.10003937007,-15.79927990856,
    2.658194345788));
#9300 = ORIENTED_EDGE('',*,*,#9301,.F.);
#9301 = EDGE_CURVE('',#8806,#9295,#9302,.T.);
#9302 = B_SPLINE_CURVE_WITH_KNOTS('',1,(#9303,#9304),.UNSPECIFIED.,.F.,
  .F.,(2,2),(46.669354265039,168.1102),.PIECEWISE_BEZIER_KNOTS.);
#9303 = CARTESIAN_POINT('',(-20.10003937007,-20.36913628994,
    6.00001016002));
#9304 = CARTESIAN_POINT('',(-20.10003937007,-17.28453263906,
    6.00001016002));
#9305 = B_SPLINE_SURFACE_WITH_KNOTS('',1,1,(
    (#9306,#9307)
    ,(#9308,#9309
    )),.UNSPECIFIED.,.F.,.F.,.F.,(2,2),(2,2),(-296.5563778325,
    63.274113637365),(-49.31446136773,127.85083863226),
  .PIECEWISE_BEZIER_KNOTS.);
#9306 = CARTESIAN_POINT('',(-20.10003937007,-20.36913628994,
    1.500002540005));
#9307 = CARTESIAN_POINT('',(-20.10003937007,-20.36913628994,
    6.00001016002));
#9308 = CARTESIAN_POINT('',(-20.10003937007,-11.22942352717,
    1.500002540005));
#9309 = CARTESIAN_POINT('',(-20.10003937007,-11.22942352717,
    6.00001016002));
#9310 = ADVANCED_FACE('',(#9311),#9327,.F.);
#9311 = FACE_BOUND('',#9312,.F.);
#9312 = EDGE_LOOP('',(#9313,#9320,#9321,#9322));
#9313 = ORIENTED_EDGE('',*,*,#9314,.T.);
#9314 = EDGE_CURVE('',#9315,#5005,#9317,.T.);
#9315 = VERTEX_POINT('',#9316);
#9316 = CARTESIAN_POINT('',(-24.67004699009,-21.85454025908,
    6.00001016002));
#9317 = B_SPLINE_CURVE_WITH_KNOTS('',1,(#9318,#9319),.UNSPECIFIED.,.F.,
  .F.,(2,2),(0.,193.87512119952),.PIECEWISE_BEZIER_KNOTS.);
#9318 = CARTESIAN_POINT('',(-24.67004699009,-21.85454025908,
    6.00001016002));
#9319 = CARTESIAN_POINT('',(-26.6700520701,-21.85454025908,
    1.500002540005));
#9320 = ORIENTED_EDGE('',*,*,#5004,.F.);
#9321 = ORIENTED_EDGE('',*,*,#8819,.T.);
#9322 = ORIENTED_EDGE('',*,*,#9323,.T.);
#9323 = EDGE_CURVE('',#8820,#9315,#9324,.T.);
#9324 = B_SPLINE_CURVE_WITH_KNOTS('',1,(#9325,#9326),.UNSPECIFIED.,.F.,
  .F.,(2,2),(46.669354265039,168.1102),.PIECEWISE_BEZIER_KNOTS.);
#9325 = CARTESIAN_POINT('',(-21.58544333921,-21.85454025908,
    6.00001016002));
#9326 = CARTESIAN_POINT('',(-24.67004699009,-21.85454025908,
    6.00001016002));
#9327 = B_SPLINE_SURFACE_WITH_KNOTS('',1,1,(
    (#9328,#9329)
    ,(#9330,#9331
    )),.UNSPECIFIED.,.F.,.F.,.F.,(2,2),(2,2),(-136.9069320975,
    63.274113637365),(-49.31446136773,127.85083863226),
  .PIECEWISE_BEZIER_KNOTS.);
#9328 = CARTESIAN_POINT('',(-26.6700520701,-21.85454025908,
    1.500002540005));
#9329 = CARTESIAN_POINT('',(-26.6700520701,-21.85454025908,6.00001016002
    ));
#9330 = CARTESIAN_POINT('',(-21.58544333921,-21.85454025908,
    1.500002540005));
#9331 = CARTESIAN_POINT('',(-21.58544333921,-21.85454025908,
    6.00001016002));
#9332 = ADVANCED_FACE('',(#9333),#9349,.T.);
#9333 = FACE_BOUND('',#9334,.T.);
#9334 = EDGE_LOOP('',(#9335,#9342,#9343,#9344));
#9335 = ORIENTED_EDGE('',*,*,#9336,.T.);
#9336 = EDGE_CURVE('',#9337,#9315,#9339,.T.);
#9337 = VERTEX_POINT('',#9338);
#9338 = CARTESIAN_POINT('',(-24.67004699009,-23.05454279908,
    6.00001016002));
#9339 = B_SPLINE_CURVE_WITH_KNOTS('',1,(#9340,#9341),.UNSPECIFIED.,.F.,
  .F.,(2,2),(0.,47.2441),.PIECEWISE_BEZIER_KNOTS.);
#9340 = CARTESIAN_POINT('',(-24.67004699009,-23.05454279908,
    6.00001016002));
#9341 = CARTESIAN_POINT('',(-24.67004699009,-21.85454025908,
    6.00001016002));
#9342 = ORIENTED_EDGE('',*,*,#9314,.T.);
#9343 = ORIENTED_EDGE('',*,*,#5011,.F.);
#9344 = ORIENTED_EDGE('',*,*,#9345,.F.);
#9345 = EDGE_CURVE('',#9337,#5012,#9346,.T.);
#9346 = B_SPLINE_CURVE_WITH_KNOTS('',1,(#9347,#9348),.UNSPECIFIED.,.F.,
  .F.,(2,2),(0.,193.87512119952),.PIECEWISE_BEZIER_KNOTS.);
#9347 = CARTESIAN_POINT('',(-24.67004699009,-23.05454279908,
    6.00001016002));
#9348 = CARTESIAN_POINT('',(-26.6700520701,-23.05454279908,
    1.500002540005));
#9349 = B_SPLINE_SURFACE_WITH_KNOTS('',1,1,(
    (#9350,#9351)
    ,(#9352,#9353
    )),.UNSPECIFIED.,.F.,.F.,.F.,(2,2),(2,2),(0.,193.87512119952),(
    -47.2441,0.),.PIECEWISE_BEZIER_KNOTS.);
#9350 = CARTESIAN_POINT('',(-24.67004699009,-21.85454025908,
    6.00001016002));
#9351 = CARTESIAN_POINT('',(-24.67004699009,-23.05454279908,
    6.00001016002));
#9352 = CARTESIAN_POINT('',(-26.6700520701,-21.85454025908,
    1.500002540005));
#9353 = CARTESIAN_POINT('',(-26.6700520701,-23.05454279908,
    1.500002540005));
#9354 = ADVANCED_FACE('',(#9355),#9365,.T.);
#9355 = FACE_BOUND('',#9356,.T.);
#9356 = EDGE_LOOP('',(#9357,#9358,#9359,#9360));
#9357 = ORIENTED_EDGE('',*,*,#9345,.T.);
#9358 = ORIENTED_EDGE('',*,*,#5018,.F.);
#9359 = ORIENTED_EDGE('',*,*,#8834,.T.);
#9360 = ORIENTED_EDGE('',*,*,#9361,.T.);
#9361 = EDGE_CURVE('',#8827,#9337,#9362,.T.);
#9362 = B_SPLINE_CURVE_WITH_KNOTS('',1,(#9363,#9364),.UNSPECIFIED.,.F.,
  .F.,(2,2),(46.669354265042,168.1102),.PIECEWISE_BEZIER_KNOTS.);
#9363 = CARTESIAN_POINT('',(-21.58544333921,-23.05454279908,
    6.00001016002));
#9364 = CARTESIAN_POINT('',(-24.67004699009,-23.05454279908,
    6.00001016002));
#9365 = B_SPLINE_SURFACE_WITH_KNOTS('',1,1,(
    (#9366,#9367)
    ,(#9368,#9369
    )),.UNSPECIFIED.,.F.,.F.,.F.,(2,2),(2,2),(-136.9069320975,
    63.274113637365),(-49.31446136773,127.85083863226),
  .PIECEWISE_BEZIER_KNOTS.);
#9366 = CARTESIAN_POINT('',(-26.6700520701,-23.05454279908,
    1.500002540005));
#9367 = CARTESIAN_POINT('',(-26.6700520701,-23.05454279908,6.00001016002
    ));
#9368 = CARTESIAN_POINT('',(-21.58544333921,-23.05454279908,
    1.500002540005));
#9369 = CARTESIAN_POINT('',(-21.58544333921,-23.05454279908,
    6.00001016002));
#9370 = ADVANCED_FACE('',(#9371),#9471,.T.);
#9371 = FACE_BOUND('',#9372,.T.);
#9372 = EDGE_LOOP('',(#9373,#9383,#9390,#9400,#9401,#9409,#9414,#9415,
    #9422,#9430,#9435,#9436,#9443,#9451,#9456,#9457,#9458,#9464,#9465,
    #9466));
#9373 = ORIENTED_EDGE('',*,*,#9374,.T.);
#9374 = EDGE_CURVE('',#9375,#9377,#9379,.T.);
#9375 = VERTEX_POINT('',#9376);
#9376 = CARTESIAN_POINT('',(-83.13176519519,-23.05454279908,
    6.00001016002));
#9377 = VERTEX_POINT('',#9378);
#9378 = CARTESIAN_POINT('',(-83.04716662433,-22.45454152908,
    6.00001016002));
#9379 = ( BOUNDED_CURVE() B_SPLINE_CURVE(2,(#9380,#9381,#9382),
.UNSPECIFIED.,.F.,.F.) B_SPLINE_CURVE_WITH_KNOTS((3,3),(6.003037396772,
6.28318530718),.PIECEWISE_BEZIER_KNOTS.) CURVE() 
GEOMETRIC_REPRESENTATION_ITEM() RATIONAL_B_SPLINE_CURVE((1.,
0.990205673565,1.)) REPRESENTATION_ITEM('') );
#9380 = CARTESIAN_POINT('',(-83.13176519519,-23.05454279908,
    6.00001016002));
#9381 = CARTESIAN_POINT('',(-83.04716662433,-22.76050624995,
    6.00001016002));
#9382 = CARTESIAN_POINT('',(-83.04716662433,-22.45454152908,
    6.00001016002));
#9383 = ORIENTED_EDGE('',*,*,#9384,.T.);
#9384 = EDGE_CURVE('',#9377,#9385,#9387,.T.);
#9385 = VERTEX_POINT('',#9386);
#9386 = CARTESIAN_POINT('',(-83.04716662433,-22.45454152908,
    8.00001524003));
#9387 = B_SPLINE_CURVE_WITH_KNOTS('',1,(#9388,#9389),.UNSPECIFIED.,.F.,
  .F.,(2,2),(236.2204,314.9606),.PIECEWISE_BEZIER_KNOTS.);
#9388 = CARTESIAN_POINT('',(-83.04716662433,-22.45454152908,
    6.00001016002));
#9389 = CARTESIAN_POINT('',(-83.04716662433,-22.45454152908,
    8.00001524003));
#9390 = ORIENTED_EDGE('',*,*,#9391,.F.);
#9391 = EDGE_CURVE('',#9385,#9385,#9392,.T.);
#9392 = ( BOUNDED_CURVE() B_SPLINE_CURVE(2,(#9393,#9394,#9395,#9396,
#9397,#9398,#9399),.UNSPECIFIED.,.T.,.F.) B_SPLINE_CURVE_WITH_KNOTS((1,2
    ,2,2,2,1),(-2.094395102394,0.,2.094395102393,4.188790204786,
6.28318530718,8.377580409573),.UNSPECIFIED.) CURVE() 
GEOMETRIC_REPRESENTATION_ITEM() RATIONAL_B_SPLINE_CURVE((1.,0.5,1.,0.5,
1.,0.5,1.)) REPRESENTATION_ITEM('') );
#9393 = CARTESIAN_POINT('',(-83.04716662433,-22.45454152908,
    8.00001524003));
#9394 = CARTESIAN_POINT('',(-83.04716662433,-18.69598467753,
    8.00001524003));
#9395 = CARTESIAN_POINT('',(-86.30217233934,-20.5752631033,8.00001524003
    ));
#9396 = CARTESIAN_POINT('',(-89.55717805435,-22.45454152908,
    8.00001524003));
#9397 = CARTESIAN_POINT('',(-86.30217233934,-24.33381995485,
    8.00001524003));
#9398 = CARTESIAN_POINT('',(-83.04716662433,-26.21309838063,
    8.00001524003));
#9399 = CARTESIAN_POINT('',(-83.04716662433,-22.45454152908,
    8.00001524003));
#9400 = ORIENTED_EDGE('',*,*,#9384,.F.);
#9401 = ORIENTED_EDGE('',*,*,#9402,.T.);
#9402 = EDGE_CURVE('',#9377,#9403,#9405,.T.);
#9403 = VERTEX_POINT('',#9404);
#9404 = CARTESIAN_POINT('',(-83.13176519519,-21.85454025908,
    6.00001016002));
#9405 = ( BOUNDED_CURVE() B_SPLINE_CURVE(2,(#9406,#9407,#9408),
.UNSPECIFIED.,.F.,.F.) B_SPLINE_CURVE_WITH_KNOTS((3,3),(0.,
0.280147910408),.PIECEWISE_BEZIER_KNOTS.) CURVE() 
GEOMETRIC_REPRESENTATION_ITEM() RATIONAL_B_SPLINE_CURVE((1.,
0.990205673565,1.)) REPRESENTATION_ITEM('') );
#9406 = CARTESIAN_POINT('',(-83.04716662433,-22.45454152908,
    6.00001016002));
#9407 = CARTESIAN_POINT('',(-83.04716662433,-22.14857680821,
    6.00001016002));
#9408 = CARTESIAN_POINT('',(-83.13176519519,-21.85454025908,
    6.00001016002));
#9409 = ORIENTED_EDGE('',*,*,#9410,.F.);
#9410 = EDGE_CURVE('',#5069,#9403,#9411,.T.);
#9411 = B_SPLINE_CURVE_WITH_KNOTS('',1,(#9412,#9413),.UNSPECIFIED.,.F.,
  .F.,(2,2),(59.0551,236.2204),.PIECEWISE_BEZIER_KNOTS.);
#9412 = CARTESIAN_POINT('',(-83.13176519519,-21.85454025908,
    1.500002540005));
#9413 = CARTESIAN_POINT('',(-83.13176519519,-21.85454025908,
    6.00001016002));
#9414 = ORIENTED_EDGE('',*,*,#5075,.T.);
#9415 = ORIENTED_EDGE('',*,*,#9416,.T.);
#9416 = EDGE_CURVE('',#5076,#9417,#9419,.T.);
#9417 = VERTEX_POINT('',#9418);
#9418 = CARTESIAN_POINT('',(-84.61716916433,-20.36913628994,
    6.00001016002));
#9419 = B_SPLINE_CURVE_WITH_KNOTS('',1,(#9420,#9421),.UNSPECIFIED.,.F.,
  .F.,(2,2),(59.0551,236.2204),.PIECEWISE_BEZIER_KNOTS.);
#9420 = CARTESIAN_POINT('',(-84.61716916433,-20.36913628994,
    1.500002540005));
#9421 = CARTESIAN_POINT('',(-84.61716916433,-20.36913628994,
    6.00001016002));
#9422 = ORIENTED_EDGE('',*,*,#9423,.T.);
#9423 = EDGE_CURVE('',#9417,#9424,#9426,.T.);
#9424 = VERTEX_POINT('',#9425);
#9425 = CARTESIAN_POINT('',(-85.81717170434,-20.36913628994,
    6.00001016002));
#9426 = ( BOUNDED_CURVE() B_SPLINE_CURVE(2,(#9427,#9428,#9429),
.UNSPECIFIED.,.F.,.F.) B_SPLINE_CURVE_WITH_KNOTS((3,3),(1.290648416387,
1.850944237203),.PIECEWISE_BEZIER_KNOTS.) CURVE() 
GEOMETRIC_REPRESENTATION_ITEM() RATIONAL_B_SPLINE_CURVE((1.,
0.961014551922,1.)) REPRESENTATION_ITEM('') );
#9427 = CARTESIAN_POINT('',(-84.61716916433,-20.36913628994,
    6.00001016002));
#9428 = CARTESIAN_POINT('',(-85.21717043434,-20.19650724056,
    6.00001016002));
#9429 = CARTESIAN_POINT('',(-85.81717170434,-20.36913628994,
    6.00001016002));
#9430 = ORIENTED_EDGE('',*,*,#9431,.F.);
#9431 = EDGE_CURVE('',#5186,#9424,#9432,.T.);
#9432 = B_SPLINE_CURVE_WITH_KNOTS('',1,(#9433,#9434),.UNSPECIFIED.,.F.,
  .F.,(2,2),(59.0551,236.2204),.PIECEWISE_BEZIER_KNOTS.);
#9433 = CARTESIAN_POINT('',(-85.81717170434,-20.36913628994,
    1.500002540005));
#9434 = CARTESIAN_POINT('',(-85.81717170434,-20.36913628994,
    6.00001016002));
#9435 = ORIENTED_EDGE('',*,*,#5192,.T.);
#9436 = ORIENTED_EDGE('',*,*,#9437,.T.);
#9437 = EDGE_CURVE('',#5193,#9438,#9440,.T.);
#9438 = VERTEX_POINT('',#9439);
#9439 = CARTESIAN_POINT('',(-87.30257567348,-21.85454025908,
    6.00001016002));
#9440 = B_SPLINE_CURVE_WITH_KNOTS('',1,(#9441,#9442),.UNSPECIFIED.,.F.,
  .F.,(2,2),(59.0551,236.2204),.PIECEWISE_BEZIER_KNOTS.);
#9441 = CARTESIAN_POINT('',(-87.30257567348,-21.85454025908,
    1.500002540005));
#9442 = CARTESIAN_POINT('',(-87.30257567348,-21.85454025908,
    6.00001016002));
#9443 = ORIENTED_EDGE('',*,*,#9444,.T.);
#9444 = EDGE_CURVE('',#9438,#9445,#9447,.T.);
#9445 = VERTEX_POINT('',#9446);
#9446 = CARTESIAN_POINT('',(-87.30257567348,-23.05454279908,
    6.00001016002));
#9447 = ( BOUNDED_CURVE() B_SPLINE_CURVE(2,(#9448,#9449,#9450),
.UNSPECIFIED.,.F.,.F.) B_SPLINE_CURVE_WITH_KNOTS((3,3),(2.861444743182,
3.421740563998),.PIECEWISE_BEZIER_KNOTS.) CURVE() 
GEOMETRIC_REPRESENTATION_ITEM() RATIONAL_B_SPLINE_CURVE((1.,
0.961014551922,1.)) REPRESENTATION_ITEM('') );
#9448 = CARTESIAN_POINT('',(-87.30257567348,-21.85454025908,
    6.00001016002));
#9449 = CARTESIAN_POINT('',(-87.47520472286,-22.45454152908,
    6.00001016002));
#9450 = CARTESIAN_POINT('',(-87.30257567348,-23.05454279908,
    6.00001016002));
#9451 = ORIENTED_EDGE('',*,*,#9452,.F.);
#9452 = EDGE_CURVE('',#5215,#9445,#9453,.T.);
#9453 = B_SPLINE_CURVE_WITH_KNOTS('',1,(#9454,#9455),.UNSPECIFIED.,.F.,
  .F.,(2,2),(59.0551,236.2204),.PIECEWISE_BEZIER_KNOTS.);
#9454 = CARTESIAN_POINT('',(-87.30257567348,-23.05454279908,
    1.500002540005));
#9455 = CARTESIAN_POINT('',(-87.30257567348,-23.05454279908,
    6.00001016002));
#9456 = ORIENTED_EDGE('',*,*,#5221,.T.);
#9457 = ORIENTED_EDGE('',*,*,#5364,.T.);
#9458 = ORIENTED_EDGE('',*,*,#9459,.T.);
#9459 = EDGE_CURVE('',#5365,#5416,#9460,.T.);
#9460 = ( BOUNDED_CURVE() B_SPLINE_CURVE(2,(#9461,#9462,#9463),
.UNSPECIFIED.,.F.,.F.) B_SPLINE_CURVE_WITH_KNOTS((3,3),(4.432241069977,
4.992536890792),.PIECEWISE_BEZIER_KNOTS.) CURVE() 
GEOMETRIC_REPRESENTATION_ITEM() RATIONAL_B_SPLINE_CURVE((1.,
0.961014551922,1.)) REPRESENTATION_ITEM('') );
#9461 = CARTESIAN_POINT('',(-85.81717170434,-24.53994676822,
    6.00001016002));
#9462 = CARTESIAN_POINT('',(-85.21717043434,-24.7125758176,6.00001016002
    ));
#9463 = CARTESIAN_POINT('',(-84.61716916433,-24.53994676822,
    6.00001016002));
#9464 = ORIENTED_EDGE('',*,*,#5415,.F.);
#9465 = ORIENTED_EDGE('',*,*,#5046,.T.);
#9466 = ORIENTED_EDGE('',*,*,#9467,.T.);
#9467 = EDGE_CURVE('',#5047,#9375,#9468,.T.);
#9468 = B_SPLINE_CURVE_WITH_KNOTS('',1,(#9469,#9470),.UNSPECIFIED.,.F.,
  .F.,(2,2),(59.0551,236.2204),.PIECEWISE_BEZIER_KNOTS.);
#9469 = CARTESIAN_POINT('',(-83.13176519519,-23.05454279908,
    1.500002540005));
#9470 = CARTESIAN_POINT('',(-83.13176519519,-23.05454279908,
    6.00001016002));
#9471 = ( BOUNDED_SURFACE() B_SPLINE_SURFACE(2,1,(
    (#9472,#9473)
    ,(#9474,#9475)
    ,(#9476,#9477)
    ,(#9478,#9479)
    ,(#9480,#9481)
    ,(#9482,#9483)
    ,(#9484,#9485
)),.UNSPECIFIED.,.T.,.F.,.F.) B_SPLINE_SURFACE_WITH_KNOTS((1,2,2,2,2,1),
  (2,2),(-2.094395102394,0.,2.094395102393,4.188790204786,6.28318530718,
    8.377580409573),(59.0551,314.9606),.UNSPECIFIED.) 
GEOMETRIC_REPRESENTATION_ITEM() RATIONAL_B_SPLINE_SURFACE((
    (1.,1.)
    ,(0.5,0.5)
    ,(1.,1.)
    ,(0.5,0.5)
    ,(1.,1.)
    ,(0.5,0.5)
,(1.,1.))) REPRESENTATION_ITEM('') SURFACE() );
#9472 = CARTESIAN_POINT('',(-83.04716662433,-22.45454152908,
    1.500002540005));
#9473 = CARTESIAN_POINT('',(-83.04716662433,-22.45454152908,
    8.00001524003));
#9474 = CARTESIAN_POINT('',(-83.04716662433,-18.69598467753,
    1.500002540005));
#9475 = CARTESIAN_POINT('',(-83.04716662433,-18.69598467753,
    8.00001524003));
#9476 = CARTESIAN_POINT('',(-86.30217233934,-20.5752631033,
    1.500002540005));
#9477 = CARTESIAN_POINT('',(-86.30217233934,-20.5752631033,8.00001524003
    ));
#9478 = CARTESIAN_POINT('',(-89.55717805435,-22.45454152908,
    1.500002540005));
#9479 = CARTESIAN_POINT('',(-89.55717805435,-22.45454152908,
    8.00001524003));
#9480 = CARTESIAN_POINT('',(-86.30217233934,-24.33381995485,
    1.500002540005));
#9481 = CARTESIAN_POINT('',(-86.30217233934,-24.33381995485,
    8.00001524003));
#9482 = CARTESIAN_POINT('',(-83.04716662433,-26.21309838063,
    1.500002540005));
#9483 = CARTESIAN_POINT('',(-83.04716662433,-26.21309838063,
    8.00001524003));
#9484 = CARTESIAN_POINT('',(-83.04716662433,-22.45454152908,
    1.500002540005));
#9485 = CARTESIAN_POINT('',(-83.04716662433,-22.45454152908,
    8.00001524003));
#9486 = ADVANCED_FACE('',(#9487),#9503,.F.);
#9487 = FACE_BOUND('',#9488,.F.);
#9488 = EDGE_LOOP('',(#9489,#9496,#9497,#9498));
#9489 = ORIENTED_EDGE('',*,*,#9490,.T.);
#9490 = EDGE_CURVE('',#9491,#5055,#9493,.T.);
#9491 = VERTEX_POINT('',#9492);
#9492 = CARTESIAN_POINT('',(-80.04716154432,-23.05454279908,
    6.00001016002));
#9493 = B_SPLINE_CURVE_WITH_KNOTS('',1,(#9494,#9495),.UNSPECIFIED.,.F.,
  .F.,(2,2),(0.,193.87512119952),.PIECEWISE_BEZIER_KNOTS.);
#9494 = CARTESIAN_POINT('',(-80.04716154432,-23.05454279908,
    6.00001016002));
#9495 = CARTESIAN_POINT('',(-78.04715646431,-23.05454279908,
    1.500002540005));
#9496 = ORIENTED_EDGE('',*,*,#5054,.F.);
#9497 = ORIENTED_EDGE('',*,*,#9467,.T.);
#9498 = ORIENTED_EDGE('',*,*,#9499,.T.);
#9499 = EDGE_CURVE('',#9375,#9491,#9500,.T.);
#9500 = B_SPLINE_CURVE_WITH_KNOTS('',1,(#9501,#9502),.UNSPECIFIED.,.F.,
  .F.,(2,2),(46.669354265036,168.1102),.PIECEWISE_BEZIER_KNOTS.);
#9501 = CARTESIAN_POINT('',(-83.13176519519,-23.05454279908,
    6.00001016002));
#9502 = CARTESIAN_POINT('',(-80.04716154432,-23.05454279908,
    6.00001016002));
#9503 = B_SPLINE_SURFACE_WITH_KNOTS('',1,1,(
    (#9504,#9505)
    ,(#9506,#9507
    )),.UNSPECIFIED.,.F.,.F.,.F.,(2,2),(2,2),(-136.9069320975,
    63.274113637369),(-49.31446136773,127.85083863226),
  .PIECEWISE_BEZIER_KNOTS.);
#9504 = CARTESIAN_POINT('',(-78.04715646431,-23.05454279908,
    1.500002540005));
#9505 = CARTESIAN_POINT('',(-78.04715646431,-23.05454279908,
    6.00001016002));
#9506 = CARTESIAN_POINT('',(-83.13176519519,-23.05454279908,
    1.500002540005));
#9507 = CARTESIAN_POINT('',(-83.13176519519,-23.05454279908,
    6.00001016002));
#9508 = ADVANCED_FACE('',(#9509),#9525,.T.);
#9509 = FACE_BOUND('',#9510,.T.);
#9510 = EDGE_LOOP('',(#9511,#9518,#9519,#9520));
#9511 = ORIENTED_EDGE('',*,*,#9512,.T.);
#9512 = EDGE_CURVE('',#9513,#9491,#9515,.T.);
#9513 = VERTEX_POINT('',#9514);
#9514 = CARTESIAN_POINT('',(-80.04716154432,-21.85454025908,
    6.00001016002));
#9515 = B_SPLINE_CURVE_WITH_KNOTS('',1,(#9516,#9517),.UNSPECIFIED.,.F.,
  .F.,(2,2),(0.,47.2441),.PIECEWISE_BEZIER_KNOTS.);
#9516 = CARTESIAN_POINT('',(-80.04716154432,-21.85454025908,
    6.00001016002));
#9517 = CARTESIAN_POINT('',(-80.04716154432,-23.05454279908,
    6.00001016002));
#9518 = ORIENTED_EDGE('',*,*,#9490,.T.);
#9519 = ORIENTED_EDGE('',*,*,#5061,.F.);
#9520 = ORIENTED_EDGE('',*,*,#9521,.F.);
#9521 = EDGE_CURVE('',#9513,#5062,#9522,.T.);
#9522 = B_SPLINE_CURVE_WITH_KNOTS('',1,(#9523,#9524),.UNSPECIFIED.,.F.,
  .F.,(2,2),(0.,193.87512119952),.PIECEWISE_BEZIER_KNOTS.);
#9523 = CARTESIAN_POINT('',(-80.04716154432,-21.85454025908,
    6.00001016002));
#9524 = CARTESIAN_POINT('',(-78.04715646431,-21.85454025908,
    1.500002540005));
#9525 = B_SPLINE_SURFACE_WITH_KNOTS('',1,1,(
    (#9526,#9527)
    ,(#9528,#9529
    )),.UNSPECIFIED.,.F.,.F.,.F.,(2,2),(2,2),(0.,193.87512119952),(
    -47.2441,0.),.PIECEWISE_BEZIER_KNOTS.);
#9526 = CARTESIAN_POINT('',(-80.04716154432,-23.05454279908,
    6.00001016002));
#9527 = CARTESIAN_POINT('',(-80.04716154432,-21.85454025908,
    6.00001016002));
#9528 = CARTESIAN_POINT('',(-78.04715646431,-23.05454279908,
    1.500002540005));
#9529 = CARTESIAN_POINT('',(-78.04715646431,-21.85454025908,
    1.500002540005));
#9530 = ADVANCED_FACE('',(#9531),#9541,.T.);
#9531 = FACE_BOUND('',#9532,.T.);
#9532 = EDGE_LOOP('',(#9533,#9534,#9535,#9536));
#9533 = ORIENTED_EDGE('',*,*,#9521,.T.);
#9534 = ORIENTED_EDGE('',*,*,#5068,.F.);
#9535 = ORIENTED_EDGE('',*,*,#9410,.T.);
#9536 = ORIENTED_EDGE('',*,*,#9537,.T.);
#9537 = EDGE_CURVE('',#9403,#9513,#9538,.T.);
#9538 = B_SPLINE_CURVE_WITH_KNOTS('',1,(#9539,#9540),.UNSPECIFIED.,.F.,
  .F.,(2,2),(46.669354265036,168.1102),.PIECEWISE_BEZIER_KNOTS.);
#9539 = CARTESIAN_POINT('',(-83.13176519519,-21.85454025908,
    6.00001016002));
#9540 = CARTESIAN_POINT('',(-80.04716154432,-21.85454025908,
    6.00001016002));
#9541 = B_SPLINE_SURFACE_WITH_KNOTS('',1,1,(
    (#9542,#9543)
    ,(#9544,#9545
    )),.UNSPECIFIED.,.F.,.F.,.F.,(2,2),(2,2),(-136.9069320975,
    63.274113637369),(-49.31446136773,127.85083863226),
  .PIECEWISE_BEZIER_KNOTS.);
#9542 = CARTESIAN_POINT('',(-78.04715646431,-21.85454025908,
    1.500002540005));
#9543 = CARTESIAN_POINT('',(-78.04715646431,-21.85454025908,
    6.00001016002));
#9544 = CARTESIAN_POINT('',(-83.13176519519,-21.85454025908,
    1.500002540005));
#9545 = CARTESIAN_POINT('',(-83.13176519519,-21.85454025908,
    6.00001016002));
#9546 = ADVANCED_FACE('',(#9547),#9584,.T.);
#9547 = FACE_BOUND('',#9548,.T.);
#9548 = EDGE_LOOP('',(#9549,#9550,#9557,#9564,#9571,#9578,#9583));
#9549 = ORIENTED_EDGE('',*,*,#5083,.F.);
#9550 = ORIENTED_EDGE('',*,*,#9551,.T.);
#9551 = EDGE_CURVE('',#5084,#9552,#9554,.T.);
#9552 = VERTEX_POINT('',#9553);
#9553 = CARTESIAN_POINT('',(-84.61716916433,-11.22942352717,
    6.00001016002));
#9554 = B_SPLINE_CURVE_WITH_KNOTS('',1,(#9555,#9556),.UNSPECIFIED.,.F.,
  .F.,(2,2),(59.0551,236.2204),.PIECEWISE_BEZIER_KNOTS.);
#9555 = CARTESIAN_POINT('',(-84.61716916433,-11.22942352717,
    1.500002540005));
#9556 = CARTESIAN_POINT('',(-84.61716916433,-11.22942352717,
    6.00001016002));
#9557 = ORIENTED_EDGE('',*,*,#9558,.T.);
#9558 = EDGE_CURVE('',#9552,#9559,#9561,.T.);
#9559 = VERTEX_POINT('',#9560);
#9560 = CARTESIAN_POINT('',(-84.61716916433,-14.31402717805,
    6.00001016002));
#9561 = B_SPLINE_CURVE_WITH_KNOTS('',1,(#9562,#9563),.UNSPECIFIED.,.F.,
  .F.,(2,2),(46.669354265014,168.1102),.PIECEWISE_BEZIER_KNOTS.);
#9562 = CARTESIAN_POINT('',(-84.61716916433,-11.22942352717,
    6.00001016002));
#9563 = CARTESIAN_POINT('',(-84.61716916433,-14.31402717805,
    6.00001016002));
#9564 = ORIENTED_EDGE('',*,*,#9565,.T.);
#9565 = EDGE_CURVE('',#9559,#9566,#9568,.T.);
#9566 = VERTEX_POINT('',#9567);
#9567 = CARTESIAN_POINT('',(-84.61716916433,-15.79927990856,
    2.658194345788));
#9568 = B_SPLINE_CURVE_WITH_KNOTS('',1,(#9569,#9570),.UNSPECIFIED.,.F.,
  .F.,(2,2),(0.,143.97641086852),.PIECEWISE_BEZIER_KNOTS.);
#9569 = CARTESIAN_POINT('',(-84.61716916433,-14.31402717805,
    6.00001016002));
#9570 = CARTESIAN_POINT('',(-84.61716916433,-15.79927990856,
    2.658194345788));
#9571 = ORIENTED_EDGE('',*,*,#9572,.F.);
#9572 = EDGE_CURVE('',#9573,#9566,#9575,.T.);
#9573 = VERTEX_POINT('',#9574);
#9574 = CARTESIAN_POINT('',(-84.61716916433,-17.28453263906,
    6.00001016002));
#9575 = B_SPLINE_CURVE_WITH_KNOTS('',1,(#9576,#9577),.UNSPECIFIED.,.F.,
  .F.,(2,2),(0.,143.97641086852),.PIECEWISE_BEZIER_KNOTS.);
#9576 = CARTESIAN_POINT('',(-84.61716916433,-17.28453263906,
    6.00001016002));
#9577 = CARTESIAN_POINT('',(-84.61716916433,-15.79927990856,
    2.658194345788));
#9578 = ORIENTED_EDGE('',*,*,#9579,.F.);
#9579 = EDGE_CURVE('',#9417,#9573,#9580,.T.);
#9580 = B_SPLINE_CURVE_WITH_KNOTS('',1,(#9581,#9582),.UNSPECIFIED.,.F.,
  .F.,(2,2),(46.669354265036,168.1102),.PIECEWISE_BEZIER_KNOTS.);
#9581 = CARTESIAN_POINT('',(-84.61716916433,-20.36913628994,
    6.00001016002));
#9582 = CARTESIAN_POINT('',(-84.61716916433,-17.28453263906,
    6.00001016002));
#9583 = ORIENTED_EDGE('',*,*,#9416,.F.);
#9584 = B_SPLINE_SURFACE_WITH_KNOTS('',1,1,(
    (#9585,#9586)
    ,(#9587,#9588
    )),.UNSPECIFIED.,.F.,.F.,.F.,(2,2),(2,2),(-296.5563778325,
    63.274113637391),(-49.31446136773,127.85083863226),
  .PIECEWISE_BEZIER_KNOTS.);
#9585 = CARTESIAN_POINT('',(-84.61716916433,-20.36913628994,
    1.500002540005));
#9586 = CARTESIAN_POINT('',(-84.61716916433,-20.36913628994,
    6.00001016002));
#9587 = CARTESIAN_POINT('',(-84.61716916433,-11.22942352717,
    1.500002540005));
#9588 = CARTESIAN_POINT('',(-84.61716916433,-11.22942352717,
    6.00001016002));
#9589 = ADVANCED_FACE('',(#9590),#9696,.T.);
#9590 = FACE_BOUND('',#9591,.T.);
#9591 = EDGE_LOOP('',(#9592,#9602,#9609,#9619,#9620,#9628,#9633,#9634,
    #9641,#9649,#9654,#9655,#9662,#9670,#9675,#9676,#9683,#9689,#9690,
    #9691));
#9592 = ORIENTED_EDGE('',*,*,#9593,.T.);
#9593 = EDGE_CURVE('',#9594,#9596,#9598,.T.);
#9594 = VERTEX_POINT('',#9595);
#9595 = CARTESIAN_POINT('',(-83.13176519519,-9.744019558039,
    6.00001016002));
#9596 = VERTEX_POINT('',#9597);
#9597 = CARTESIAN_POINT('',(-83.04716662433,-9.144018288037,
    6.00001016002));
#9598 = ( BOUNDED_CURVE() B_SPLINE_CURVE(2,(#9599,#9600,#9601),
.UNSPECIFIED.,.F.,.F.) B_SPLINE_CURVE_WITH_KNOTS((3,3),(6.003037396772,
6.28318530718),.PIECEWISE_BEZIER_KNOTS.) CURVE() 
GEOMETRIC_REPRESENTATION_ITEM() RATIONAL_B_SPLINE_CURVE((1.,
0.990205673565,1.)) REPRESENTATION_ITEM('') );
#9599 = CARTESIAN_POINT('',(-83.13176519519,-9.744019558039,
    6.00001016002));
#9600 = CARTESIAN_POINT('',(-83.04716662433,-9.449983008908,
    6.00001016002));
#9601 = CARTESIAN_POINT('',(-83.04716662433,-9.144018288037,
    6.00001016002));
#9602 = ORIENTED_EDGE('',*,*,#9603,.T.);
#9603 = EDGE_CURVE('',#9596,#9604,#9606,.T.);
#9604 = VERTEX_POINT('',#9605);
#9605 = CARTESIAN_POINT('',(-83.04716662433,-9.144018288037,
    8.00001524003));
#9606 = B_SPLINE_CURVE_WITH_KNOTS('',1,(#9607,#9608),.UNSPECIFIED.,.F.,
  .F.,(2,2),(236.2204,314.9606),.PIECEWISE_BEZIER_KNOTS.);
#9607 = CARTESIAN_POINT('',(-83.04716662433,-9.144018288037,
    6.00001016002));
#9608 = CARTESIAN_POINT('',(-83.04716662433,-9.144018288037,
    8.00001524003));
#9609 = ORIENTED_EDGE('',*,*,#9610,.F.);
#9610 = EDGE_CURVE('',#9604,#9604,#9611,.T.);
#9611 = ( BOUNDED_CURVE() B_SPLINE_CURVE(2,(#9612,#9613,#9614,#9615,
#9616,#9617,#9618),.UNSPECIFIED.,.T.,.F.) B_SPLINE_CURVE_WITH_KNOTS((1,2
    ,2,2,2,1),(-2.094395102394,0.,2.094395102393,4.188790204786,
6.28318530718,8.377580409573),.UNSPECIFIED.) CURVE() 
GEOMETRIC_REPRESENTATION_ITEM() RATIONAL_B_SPLINE_CURVE((1.,0.5,1.,0.5,
1.,0.5,1.)) REPRESENTATION_ITEM('') );
#9612 = CARTESIAN_POINT('',(-83.04716662433,-9.144018288037,
    8.00001524003));
#9613 = CARTESIAN_POINT('',(-83.04716662433,-5.385461436485,
    8.00001524003));
#9614 = CARTESIAN_POINT('',(-86.30217233934,-7.264739862261,
    8.00001524003));
#9615 = CARTESIAN_POINT('',(-89.55717805435,-9.144018288037,
    8.00001524003));
#9616 = CARTESIAN_POINT('',(-86.30217233934,-11.02329671381,
    8.00001524003));
#9617 = CARTESIAN_POINT('',(-83.04716662433,-12.90257513958,
    8.00001524003));
#9618 = CARTESIAN_POINT('',(-83.04716662433,-9.144018288037,
    8.00001524003));
#9619 = ORIENTED_EDGE('',*,*,#9603,.F.);
#9620 = ORIENTED_EDGE('',*,*,#9621,.T.);
#9621 = EDGE_CURVE('',#9596,#9622,#9624,.T.);
#9622 = VERTEX_POINT('',#9623);
#9623 = CARTESIAN_POINT('',(-83.13176519519,-8.544017018034,
    6.00001016002));
#9624 = ( BOUNDED_CURVE() B_SPLINE_CURVE(2,(#9625,#9626,#9627),
.UNSPECIFIED.,.F.,.F.) B_SPLINE_CURVE_WITH_KNOTS((3,3),(0.,
0.280147910408),.PIECEWISE_BEZIER_KNOTS.) CURVE() 
GEOMETRIC_REPRESENTATION_ITEM() RATIONAL_B_SPLINE_CURVE((1.,
0.990205673565,1.)) REPRESENTATION_ITEM('') );
#9625 = CARTESIAN_POINT('',(-83.04716662433,-9.144018288037,
    6.00001016002));
#9626 = CARTESIAN_POINT('',(-83.04716662433,-8.838053567166,
    6.00001016002));
#9627 = CARTESIAN_POINT('',(-83.13176519519,-8.544017018034,
    6.00001016002));
#9628 = ORIENTED_EDGE('',*,*,#9629,.F.);
#9629 = EDGE_CURVE('',#5113,#9622,#9630,.T.);
#9630 = B_SPLINE_CURVE_WITH_KNOTS('',1,(#9631,#9632),.UNSPECIFIED.,.F.,
  .F.,(2,2),(59.0551,236.2204),.PIECEWISE_BEZIER_KNOTS.);
#9631 = CARTESIAN_POINT('',(-83.13176519519,-8.544017018034,
    1.500002540005));
#9632 = CARTESIAN_POINT('',(-83.13176519519,-8.544017018034,
    6.00001016002));
#9633 = ORIENTED_EDGE('',*,*,#5119,.T.);
#9634 = ORIENTED_EDGE('',*,*,#9635,.T.);
#9635 = EDGE_CURVE('',#5120,#9636,#9638,.T.);
#9636 = VERTEX_POINT('',#9637);
#9637 = CARTESIAN_POINT('',(-84.61716916433,-7.058613048894,
    6.00001016002));
#9638 = B_SPLINE_CURVE_WITH_KNOTS('',1,(#9639,#9640),.UNSPECIFIED.,.F.,
  .F.,(2,2),(59.0551,236.2204),.PIECEWISE_BEZIER_KNOTS.);
#9639 = CARTESIAN_POINT('',(-84.61716916433,-7.058613048894,
    1.500002540005));
#9640 = CARTESIAN_POINT('',(-84.61716916433,-7.058613048894,
    6.00001016002));
#9641 = ORIENTED_EDGE('',*,*,#9642,.T.);
#9642 = EDGE_CURVE('',#9636,#9643,#9645,.T.);
#9643 = VERTEX_POINT('',#9644);
#9644 = CARTESIAN_POINT('',(-85.81717170434,-7.058613048894,
    6.00001016002));
#9645 = ( BOUNDED_CURVE() B_SPLINE_CURVE(2,(#9646,#9647,#9648),
.UNSPECIFIED.,.F.,.F.) B_SPLINE_CURVE_WITH_KNOTS((3,3),(1.290648416387,
1.850944237203),.PIECEWISE_BEZIER_KNOTS.) CURVE() 
GEOMETRIC_REPRESENTATION_ITEM() RATIONAL_B_SPLINE_CURVE((1.,
0.961014551922,1.)) REPRESENTATION_ITEM('') );
#9646 = CARTESIAN_POINT('',(-84.61716916433,-7.058613048894,
    6.00001016002));
#9647 = CARTESIAN_POINT('',(-85.21717043434,-6.885983999514,
    6.00001016002));
#9648 = CARTESIAN_POINT('',(-85.81717170434,-7.058613048894,
    6.00001016002));
#9649 = ORIENTED_EDGE('',*,*,#9650,.F.);
#9650 = EDGE_CURVE('',#5142,#9643,#9651,.T.);
#9651 = B_SPLINE_CURVE_WITH_KNOTS('',1,(#9652,#9653),.UNSPECIFIED.,.F.,
  .F.,(2,2),(59.0551,236.2204),.PIECEWISE_BEZIER_KNOTS.);
#9652 = CARTESIAN_POINT('',(-85.81717170434,-7.058613048894,
    1.500002540005));
#9653 = CARTESIAN_POINT('',(-85.81717170434,-7.058613048894,
    6.00001016002));
#9654 = ORIENTED_EDGE('',*,*,#5148,.T.);
#9655 = ORIENTED_EDGE('',*,*,#9656,.T.);
#9656 = EDGE_CURVE('',#5149,#9657,#9659,.T.);
#9657 = VERTEX_POINT('',#9658);
#9658 = CARTESIAN_POINT('',(-87.30257567348,-8.544017018034,
    6.00001016002));
#9659 = B_SPLINE_CURVE_WITH_KNOTS('',1,(#9660,#9661),.UNSPECIFIED.,.F.,
  .F.,(2,2),(59.0551,236.2204),.PIECEWISE_BEZIER_KNOTS.);
#9660 = CARTESIAN_POINT('',(-87.30257567348,-8.544017018034,
    1.500002540005));
#9661 = CARTESIAN_POINT('',(-87.30257567348,-8.544017018034,
    6.00001016002));
#9662 = ORIENTED_EDGE('',*,*,#9663,.T.);
#9663 = EDGE_CURVE('',#9657,#9664,#9666,.T.);
#9664 = VERTEX_POINT('',#9665);
#9665 = CARTESIAN_POINT('',(-87.30257567348,-9.744019558039,
    6.00001016002));
#9666 = ( BOUNDED_CURVE() B_SPLINE_CURVE(2,(#9667,#9668,#9669),
.UNSPECIFIED.,.F.,.F.) B_SPLINE_CURVE_WITH_KNOTS((3,3),(2.861444743182,
3.421740563998),.PIECEWISE_BEZIER_KNOTS.) CURVE() 
GEOMETRIC_REPRESENTATION_ITEM() RATIONAL_B_SPLINE_CURVE((1.,
0.961014551922,1.)) REPRESENTATION_ITEM('') );
#9667 = CARTESIAN_POINT('',(-87.30257567348,-8.544017018034,
    6.00001016002));
#9668 = CARTESIAN_POINT('',(-87.47520472286,-9.144018288037,
    6.00001016002));
#9669 = CARTESIAN_POINT('',(-87.30257567348,-9.744019558039,
    6.00001016002));
#9670 = ORIENTED_EDGE('',*,*,#9671,.F.);
#9671 = EDGE_CURVE('',#5171,#9664,#9672,.T.);
#9672 = B_SPLINE_CURVE_WITH_KNOTS('',1,(#9673,#9674),.UNSPECIFIED.,.F.,
  .F.,(2,2),(59.0551,236.2204),.PIECEWISE_BEZIER_KNOTS.);
#9673 = CARTESIAN_POINT('',(-87.30257567348,-9.744019558039,
    1.500002540005));
#9674 = CARTESIAN_POINT('',(-87.30257567348,-9.744019558039,
    6.00001016002));
#9675 = ORIENTED_EDGE('',*,*,#5177,.T.);
#9676 = ORIENTED_EDGE('',*,*,#9677,.T.);
#9677 = EDGE_CURVE('',#5178,#9678,#9680,.T.);
#9678 = VERTEX_POINT('',#9679);
#9679 = CARTESIAN_POINT('',(-85.81717170434,-11.22942352717,
    6.00001016002));
#9680 = B_SPLINE_CURVE_WITH_KNOTS('',1,(#9681,#9682),.UNSPECIFIED.,.F.,
  .F.,(2,2),(59.0551,236.2204),.PIECEWISE_BEZIER_KNOTS.);
#9681 = CARTESIAN_POINT('',(-85.81717170434,-11.22942352717,
    1.500002540005));
#9682 = CARTESIAN_POINT('',(-85.81717170434,-11.22942352717,
    6.00001016002));
#9683 = ORIENTED_EDGE('',*,*,#9684,.T.);
#9684 = EDGE_CURVE('',#9678,#9552,#9685,.T.);
#9685 = ( BOUNDED_CURVE() B_SPLINE_CURVE(2,(#9686,#9687,#9688),
.UNSPECIFIED.,.F.,.F.) B_SPLINE_CURVE_WITH_KNOTS((3,3),(4.432241069977,
4.992536890792),.PIECEWISE_BEZIER_KNOTS.) CURVE() 
GEOMETRIC_REPRESENTATION_ITEM() RATIONAL_B_SPLINE_CURVE((1.,
0.961014551922,1.)) REPRESENTATION_ITEM('') );
#9686 = CARTESIAN_POINT('',(-85.81717170434,-11.22942352717,
    6.00001016002));
#9687 = CARTESIAN_POINT('',(-85.21717043434,-11.40205257655,
    6.00001016002));
#9688 = CARTESIAN_POINT('',(-84.61716916433,-11.22942352717,
    6.00001016002));
#9689 = ORIENTED_EDGE('',*,*,#9551,.F.);
#9690 = ORIENTED_EDGE('',*,*,#5090,.T.);
#9691 = ORIENTED_EDGE('',*,*,#9692,.T.);
#9692 = EDGE_CURVE('',#5091,#9594,#9693,.T.);
#9693 = B_SPLINE_CURVE_WITH_KNOTS('',1,(#9694,#9695),.UNSPECIFIED.,.F.,
  .F.,(2,2),(59.0551,236.2204),.PIECEWISE_BEZIER_KNOTS.);
#9694 = CARTESIAN_POINT('',(-83.13176519519,-9.744019558039,
    1.500002540005));
#9695 = CARTESIAN_POINT('',(-83.13176519519,-9.744019558039,
    6.00001016002));
#9696 = ( BOUNDED_SURFACE() B_SPLINE_SURFACE(2,1,(
    (#9697,#9698)
    ,(#9699,#9700)
    ,(#9701,#9702)
    ,(#9703,#9704)
    ,(#9705,#9706)
    ,(#9707,#9708)
    ,(#9709,#9710
)),.UNSPECIFIED.,.T.,.F.,.F.) B_SPLINE_SURFACE_WITH_KNOTS((1,2,2,2,2,1),
  (2,2),(-2.094395102394,0.,2.094395102393,4.188790204786,6.28318530718,
    8.377580409573),(59.0551,314.9606),.UNSPECIFIED.) 
GEOMETRIC_REPRESENTATION_ITEM() RATIONAL_B_SPLINE_SURFACE((
    (1.,1.)
    ,(0.5,0.5)
    ,(1.,1.)
    ,(0.5,0.5)
    ,(1.,1.)
    ,(0.5,0.5)
,(1.,1.))) REPRESENTATION_ITEM('') SURFACE() );
#9697 = CARTESIAN_POINT('',(-83.04716662433,-9.144018288037,
    1.500002540005));
#9698 = CARTESIAN_POINT('',(-83.04716662433,-9.144018288037,
    8.00001524003));
#9699 = CARTESIAN_POINT('',(-83.04716662433,-5.385461436485,
    1.500002540005));
#9700 = CARTESIAN_POINT('',(-83.04716662433,-5.385461436485,
    8.00001524003));
#9701 = CARTESIAN_POINT('',(-86.30217233934,-7.264739862261,
    1.500002540005));
#9702 = CARTESIAN_POINT('',(-86.30217233934,-7.264739862261,
    8.00001524003));
#9703 = CARTESIAN_POINT('',(-89.55717805435,-9.144018288037,
    1.500002540005));
#9704 = CARTESIAN_POINT('',(-89.55717805435,-9.144018288037,
    8.00001524003));
#9705 = CARTESIAN_POINT('',(-86.30217233934,-11.02329671381,
    1.500002540005));
#9706 = CARTESIAN_POINT('',(-86.30217233934,-11.02329671381,
    8.00001524003));
#9707 = CARTESIAN_POINT('',(-83.04716662433,-12.90257513958,
    1.500002540005));
#9708 = CARTESIAN_POINT('',(-83.04716662433,-12.90257513958,
    8.00001524003));
#9709 = CARTESIAN_POINT('',(-83.04716662433,-9.144018288037,
    1.500002540005));
#9710 = CARTESIAN_POINT('',(-83.04716662433,-9.144018288037,
    8.00001524003));
#9711 = ADVANCED_FACE('',(#9712),#9728,.F.);
#9712 = FACE_BOUND('',#9713,.F.);
#9713 = EDGE_LOOP('',(#9714,#9721,#9722,#9723));
#9714 = ORIENTED_EDGE('',*,*,#9715,.T.);
#9715 = EDGE_CURVE('',#9716,#5099,#9718,.T.);
#9716 = VERTEX_POINT('',#9717);
#9717 = CARTESIAN_POINT('',(-80.04716154432,-9.744019558039,
    6.00001016002));
#9718 = B_SPLINE_CURVE_WITH_KNOTS('',1,(#9719,#9720),.UNSPECIFIED.,.F.,
  .F.,(2,2),(0.,193.87512119952),.PIECEWISE_BEZIER_KNOTS.);
#9719 = CARTESIAN_POINT('',(-80.04716154432,-9.744019558039,
    6.00001016002));
#9720 = CARTESIAN_POINT('',(-78.04715646431,-9.744019558039,
    1.500002540005));
#9721 = ORIENTED_EDGE('',*,*,#5098,.F.);
#9722 = ORIENTED_EDGE('',*,*,#9692,.T.);
#9723 = ORIENTED_EDGE('',*,*,#9724,.T.);
#9724 = EDGE_CURVE('',#9594,#9716,#9725,.T.);
#9725 = B_SPLINE_CURVE_WITH_KNOTS('',1,(#9726,#9727),.UNSPECIFIED.,.F.,
  .F.,(2,2),(46.669354265036,168.1102),.PIECEWISE_BEZIER_KNOTS.);
#9726 = CARTESIAN_POINT('',(-83.13176519519,-9.744019558039,
    6.00001016002));
#9727 = CARTESIAN_POINT('',(-80.04716154432,-9.744019558039,
    6.00001016002));
#9728 = B_SPLINE_SURFACE_WITH_KNOTS('',1,1,(
    (#9729,#9730)
    ,(#9731,#9732
    )),.UNSPECIFIED.,.F.,.F.,.F.,(2,2),(2,2),(-136.9069320975,
    63.274113637369),(-49.31446136773,127.85083863226),
  .PIECEWISE_BEZIER_KNOTS.);
#9729 = CARTESIAN_POINT('',(-78.04715646431,-9.744019558039,
    1.500002540005));
#9730 = CARTESIAN_POINT('',(-78.04715646431,-9.744019558039,
    6.00001016002));
#9731 = CARTESIAN_POINT('',(-83.13176519519,-9.744019558039,
    1.500002540005));
#9732 = CARTESIAN_POINT('',(-83.13176519519,-9.744019558039,
    6.00001016002));
#9733 = ADVANCED_FACE('',(#9734),#9750,.T.);
#9734 = FACE_BOUND('',#9735,.T.);
#9735 = EDGE_LOOP('',(#9736,#9743,#9744,#9745));
#9736 = ORIENTED_EDGE('',*,*,#9737,.T.);
#9737 = EDGE_CURVE('',#9738,#9716,#9740,.T.);
#9738 = VERTEX_POINT('',#9739);
#9739 = CARTESIAN_POINT('',(-80.04716154432,-8.544017018034,
    6.00001016002));
#9740 = B_SPLINE_CURVE_WITH_KNOTS('',1,(#9741,#9742),.UNSPECIFIED.,.F.,
  .F.,(2,2),(0.,47.2441),.PIECEWISE_BEZIER_KNOTS.);
#9741 = CARTESIAN_POINT('',(-80.04716154432,-8.544017018034,
    6.00001016002));
#9742 = CARTESIAN_POINT('',(-80.04716154432,-9.744019558039,
    6.00001016002));
#9743 = ORIENTED_EDGE('',*,*,#9715,.T.);
#9744 = ORIENTED_EDGE('',*,*,#5105,.F.);
#9745 = ORIENTED_EDGE('',*,*,#9746,.F.);
#9746 = EDGE_CURVE('',#9738,#5106,#9747,.T.);
#9747 = B_SPLINE_CURVE_WITH_KNOTS('',1,(#9748,#9749),.UNSPECIFIED.,.F.,
  .F.,(2,2),(0.,193.87512119952),.PIECEWISE_BEZIER_KNOTS.);
#9748 = CARTESIAN_POINT('',(-80.04716154432,-8.544017018034,
    6.00001016002));
#9749 = CARTESIAN_POINT('',(-78.04715646431,-8.544017018034,
    1.500002540005));
#9750 = B_SPLINE_SURFACE_WITH_KNOTS('',1,1,(
    (#9751,#9752)
    ,(#9753,#9754
    )),.UNSPECIFIED.,.F.,.F.,.F.,(2,2),(2,2),(0.,193.87512119952),(
    -47.2441,0.),.PIECEWISE_BEZIER_KNOTS.);
#9751 = CARTESIAN_POINT('',(-80.04716154432,-9.744019558039,
    6.00001016002));
#9752 = CARTESIAN_POINT('',(-80.04716154432,-8.544017018034,
    6.00001016002));
#9753 = CARTESIAN_POINT('',(-78.04715646431,-9.744019558039,
    1.500002540005));
#9754 = CARTESIAN_POINT('',(-78.04715646431,-8.544017018034,
    1.500002540005));
#9755 = ADVANCED_FACE('',(#9756),#9766,.T.);
#9756 = FACE_BOUND('',#9757,.T.);
#9757 = EDGE_LOOP('',(#9758,#9759,#9760,#9761));
#9758 = ORIENTED_EDGE('',*,*,#9746,.T.);
#9759 = ORIENTED_EDGE('',*,*,#5112,.F.);
#9760 = ORIENTED_EDGE('',*,*,#9629,.T.);
#9761 = ORIENTED_EDGE('',*,*,#9762,.T.);
#9762 = EDGE_CURVE('',#9622,#9738,#9763,.T.);
#9763 = B_SPLINE_CURVE_WITH_KNOTS('',1,(#9764,#9765),.UNSPECIFIED.,.F.,
  .F.,(2,2),(46.669354265059,168.1102),.PIECEWISE_BEZIER_KNOTS.);
#9764 = CARTESIAN_POINT('',(-83.13176519519,-8.544017018034,
    6.00001016002));
#9765 = CARTESIAN_POINT('',(-80.04716154432,-8.544017018034,
    6.00001016002));
#9766 = B_SPLINE_SURFACE_WITH_KNOTS('',1,1,(
    (#9767,#9768)
    ,(#9769,#9770
    )),.UNSPECIFIED.,.F.,.F.,.F.,(2,2),(2,2),(-136.9069320975,
    63.274113637367),(-49.31446136773,127.85083863226),
  .PIECEWISE_BEZIER_KNOTS.);
#9767 = CARTESIAN_POINT('',(-78.04715646431,-8.544017018034,
    1.500002540005));
#9768 = CARTESIAN_POINT('',(-78.04715646431,-8.544017018034,
    6.00001016002));
#9769 = CARTESIAN_POINT('',(-83.13176519519,-8.544017018034,
    1.500002540005));
#9770 = CARTESIAN_POINT('',(-83.13176519519,-8.544017018034,
    6.00001016002));
#9771 = ADVANCED_FACE('',(#9772),#9788,.F.);
#9772 = FACE_BOUND('',#9773,.F.);
#9773 = EDGE_LOOP('',(#9774,#9781,#9782,#9783));
#9774 = ORIENTED_EDGE('',*,*,#9775,.T.);
#9775 = EDGE_CURVE('',#9776,#5128,#9778,.T.);
#9776 = VERTEX_POINT('',#9777);
#9777 = CARTESIAN_POINT('',(-84.61716916433,-3.974009398019,
    6.00001016002));
#9778 = B_SPLINE_CURVE_WITH_KNOTS('',1,(#9779,#9780),.UNSPECIFIED.,.F.,
  .F.,(2,2),(0.,193.87512119952),.PIECEWISE_BEZIER_KNOTS.);
#9779 = CARTESIAN_POINT('',(-84.61716916433,-3.974009398019,
    6.00001016002));
#9780 = CARTESIAN_POINT('',(-84.61716916433,-1.974004318009,
    1.500002540005));
#9781 = ORIENTED_EDGE('',*,*,#5127,.F.);
#9782 = ORIENTED_EDGE('',*,*,#9635,.T.);
#9783 = ORIENTED_EDGE('',*,*,#9784,.T.);
#9784 = EDGE_CURVE('',#9636,#9776,#9785,.T.);
#9785 = B_SPLINE_CURVE_WITH_KNOTS('',1,(#9786,#9787),.UNSPECIFIED.,.F.,
  .F.,(2,2),(46.669354265036,168.1102),.PIECEWISE_BEZIER_KNOTS.);
#9786 = CARTESIAN_POINT('',(-84.61716916433,-7.058613048894,
    6.00001016002));
#9787 = CARTESIAN_POINT('',(-84.61716916433,-3.974009398019,
    6.00001016002));
#9788 = B_SPLINE_SURFACE_WITH_KNOTS('',1,1,(
    (#9789,#9790)
    ,(#9791,#9792
    )),.UNSPECIFIED.,.F.,.F.,.F.,(2,2),(2,2),(-136.9069320975,
    63.274113637368),(-49.31446136773,127.85083863226),
  .PIECEWISE_BEZIER_KNOTS.);
#9789 = CARTESIAN_POINT('',(-84.61716916433,-1.974004318009,
    1.500002540005));
#9790 = CARTESIAN_POINT('',(-84.61716916433,-1.974004318009,
    6.00001016002));
#9791 = CARTESIAN_POINT('',(-84.61716916433,-7.058613048894,
    1.500002540005));
#9792 = CARTESIAN_POINT('',(-84.61716916433,-7.058613048894,
    6.00001016002));
#9793 = ADVANCED_FACE('',(#9794),#9810,.T.);
#9794 = FACE_BOUND('',#9795,.T.);
#9795 = EDGE_LOOP('',(#9796,#9803,#9804,#9805));
#9796 = ORIENTED_EDGE('',*,*,#9797,.T.);
#9797 = EDGE_CURVE('',#9798,#9776,#9800,.T.);
#9798 = VERTEX_POINT('',#9799);
#9799 = CARTESIAN_POINT('',(-85.81717170434,-3.974009398019,
    6.00001016002));
#9800 = B_SPLINE_CURVE_WITH_KNOTS('',1,(#9801,#9802),.UNSPECIFIED.,.F.,
  .F.,(2,2),(0.,47.2441),.PIECEWISE_BEZIER_KNOTS.);
#9801 = CARTESIAN_POINT('',(-85.81717170434,-3.974009398019,
    6.00001016002));
#9802 = CARTESIAN_POINT('',(-84.61716916433,-3.974009398019,
    6.00001016002));
#9803 = ORIENTED_EDGE('',*,*,#9775,.T.);
#9804 = ORIENTED_EDGE('',*,*,#5134,.F.);
#9805 = ORIENTED_EDGE('',*,*,#9806,.F.);
#9806 = EDGE_CURVE('',#9798,#5135,#9807,.T.);
#9807 = B_SPLINE_CURVE_WITH_KNOTS('',1,(#9808,#9809),.UNSPECIFIED.,.F.,
  .F.,(2,2),(0.,193.87512119952),.PIECEWISE_BEZIER_KNOTS.);
#9808 = CARTESIAN_POINT('',(-85.81717170434,-3.974009398019,
    6.00001016002));
#9809 = CARTESIAN_POINT('',(-85.81717170434,-1.974004318009,
    1.500002540005));
#9810 = B_SPLINE_SURFACE_WITH_KNOTS('',1,1,(
    (#9811,#9812)
    ,(#9813,#9814
    )),.UNSPECIFIED.,.F.,.F.,.F.,(2,2),(2,2),(0.,193.87512119952),(
    -47.2441,0.),.PIECEWISE_BEZIER_KNOTS.);
#9811 = CARTESIAN_POINT('',(-84.61716916433,-3.974009398019,
    6.00001016002));
#9812 = CARTESIAN_POINT('',(-85.81717170434,-3.974009398019,
    6.00001016002));
#9813 = CARTESIAN_POINT('',(-84.61716916433,-1.974004318009,
    1.500002540005));
#9814 = CARTESIAN_POINT('',(-85.81717170434,-1.974004318009,
    1.500002540005));
#9815 = ADVANCED_FACE('',(#9816),#9826,.T.);
#9816 = FACE_BOUND('',#9817,.T.);
#9817 = EDGE_LOOP('',(#9818,#9819,#9820,#9821));
#9818 = ORIENTED_EDGE('',*,*,#9806,.T.);
#9819 = ORIENTED_EDGE('',*,*,#5141,.F.);
#9820 = ORIENTED_EDGE('',*,*,#9650,.T.);
#9821 = ORIENTED_EDGE('',*,*,#9822,.T.);
#9822 = EDGE_CURVE('',#9643,#9798,#9823,.T.);
#9823 = B_SPLINE_CURVE_WITH_KNOTS('',1,(#9824,#9825),.UNSPECIFIED.,.F.,
  .F.,(2,2),(46.669354265036,168.1102),.PIECEWISE_BEZIER_KNOTS.);
#9824 = CARTESIAN_POINT('',(-85.81717170434,-7.058613048894,
    6.00001016002));
#9825 = CARTESIAN_POINT('',(-85.81717170434,-3.974009398019,
    6.00001016002));
#9826 = B_SPLINE_SURFACE_WITH_KNOTS('',1,1,(
    (#9827,#9828)
    ,(#9829,#9830
    )),.UNSPECIFIED.,.F.,.F.,.F.,(2,2),(2,2),(-136.9069320975,
    63.274113637368),(-49.31446136773,127.85083863226),
  .PIECEWISE_BEZIER_KNOTS.);
#9827 = CARTESIAN_POINT('',(-85.81717170434,-1.974004318009,
    1.500002540005));
#9828 = CARTESIAN_POINT('',(-85.81717170434,-1.974004318009,
    6.00001016002));
#9829 = CARTESIAN_POINT('',(-85.81717170434,-7.058613048894,
    1.500002540005));
#9830 = CARTESIAN_POINT('',(-85.81717170434,-7.058613048894,
    6.00001016002));
#9831 = ADVANCED_FACE('',(#9832),#9848,.F.);
#9832 = FACE_BOUND('',#9833,.F.);
#9833 = EDGE_LOOP('',(#9834,#9841,#9842,#9843));
#9834 = ORIENTED_EDGE('',*,*,#9835,.T.);
#9835 = EDGE_CURVE('',#9836,#5157,#9838,.T.);
#9836 = VERTEX_POINT('',#9837);
#9837 = CARTESIAN_POINT('',(-90.38717932435,-8.544017018034,
    6.00001016002));
#9838 = B_SPLINE_CURVE_WITH_KNOTS('',1,(#9839,#9840),.UNSPECIFIED.,.F.,
  .F.,(2,2),(0.,193.87512119952),.PIECEWISE_BEZIER_KNOTS.);
#9839 = CARTESIAN_POINT('',(-90.38717932435,-8.544017018034,
    6.00001016002));
#9840 = CARTESIAN_POINT('',(-92.38718440436,-8.544017018034,
    1.500002540005));
#9841 = ORIENTED_EDGE('',*,*,#5156,.F.);
#9842 = ORIENTED_EDGE('',*,*,#9656,.T.);
#9843 = ORIENTED_EDGE('',*,*,#9844,.T.);
#9844 = EDGE_CURVE('',#9657,#9836,#9845,.T.);
#9845 = B_SPLINE_CURVE_WITH_KNOTS('',1,(#9846,#9847),.UNSPECIFIED.,.F.,
  .F.,(2,2),(46.669354265059,168.1102),.PIECEWISE_BEZIER_KNOTS.);
#9846 = CARTESIAN_POINT('',(-87.30257567348,-8.544017018034,
    6.00001016002));
#9847 = CARTESIAN_POINT('',(-90.38717932435,-8.544017018034,
    6.00001016002));
#9848 = B_SPLINE_SURFACE_WITH_KNOTS('',1,1,(
    (#9849,#9850)
    ,(#9851,#9852
    )),.UNSPECIFIED.,.F.,.F.,.F.,(2,2),(2,2),(-136.9069320975,
    63.274113637366),(-49.31446136773,127.85083863226),
  .PIECEWISE_BEZIER_KNOTS.);
#9849 = CARTESIAN_POINT('',(-92.38718440436,-8.544017018034,
    1.500002540005));
#9850 = CARTESIAN_POINT('',(-92.38718440436,-8.544017018034,
    6.00001016002));
#9851 = CARTESIAN_POINT('',(-87.30257567348,-8.544017018034,
    1.500002540005));
#9852 = CARTESIAN_POINT('',(-87.30257567348,-8.544017018034,
    6.00001016002));
#9853 = ADVANCED_FACE('',(#9854),#9870,.T.);
#9854 = FACE_BOUND('',#9855,.T.);
#9855 = EDGE_LOOP('',(#9856,#9863,#9864,#9865));
#9856 = ORIENTED_EDGE('',*,*,#9857,.T.);
#9857 = EDGE_CURVE('',#9858,#9836,#9860,.T.);
#9858 = VERTEX_POINT('',#9859);
#9859 = CARTESIAN_POINT('',(-90.38717932435,-9.744019558039,
    6.00001016002));
#9860 = B_SPLINE_CURVE_WITH_KNOTS('',1,(#9861,#9862),.UNSPECIFIED.,.F.,
  .F.,(2,2),(0.,47.2441),.PIECEWISE_BEZIER_KNOTS.);
#9861 = CARTESIAN_POINT('',(-90.38717932435,-9.744019558039,
    6.00001016002));
#9862 = CARTESIAN_POINT('',(-90.38717932435,-8.544017018034,
    6.00001016002));
#9863 = ORIENTED_EDGE('',*,*,#9835,.T.);
#9864 = ORIENTED_EDGE('',*,*,#5163,.F.);
#9865 = ORIENTED_EDGE('',*,*,#9866,.F.);
#9866 = EDGE_CURVE('',#9858,#5164,#9867,.T.);
#9867 = B_SPLINE_CURVE_WITH_KNOTS('',1,(#9868,#9869),.UNSPECIFIED.,.F.,
  .F.,(2,2),(0.,193.87512119952),.PIECEWISE_BEZIER_KNOTS.);
#9868 = CARTESIAN_POINT('',(-90.38717932435,-9.744019558039,
    6.00001016002));
#9869 = CARTESIAN_POINT('',(-92.38718440436,-9.744019558039,
    1.500002540005));
#9870 = B_SPLINE_SURFACE_WITH_KNOTS('',1,1,(
    (#9871,#9872)
    ,(#9873,#9874
    )),.UNSPECIFIED.,.F.,.F.,.F.,(2,2),(2,2),(0.,193.87512119952),(
    -47.2441,0.),.PIECEWISE_BEZIER_KNOTS.);
#9871 = CARTESIAN_POINT('',(-90.38717932435,-8.544017018034,
    6.00001016002));
#9872 = CARTESIAN_POINT('',(-90.38717932435,-9.744019558039,
    6.00001016002));
#9873 = CARTESIAN_POINT('',(-92.38718440436,-8.544017018034,
    1.500002540005));
#9874 = CARTESIAN_POINT('',(-92.38718440436,-9.744019558039,
    1.500002540005));
#9875 = ADVANCED_FACE('',(#9876),#9886,.T.);
#9876 = FACE_BOUND('',#9877,.T.);
#9877 = EDGE_LOOP('',(#9878,#9879,#9880,#9881));
#9878 = ORIENTED_EDGE('',*,*,#9866,.T.);
#9879 = ORIENTED_EDGE('',*,*,#5170,.F.);
#9880 = ORIENTED_EDGE('',*,*,#9671,.T.);
#9881 = ORIENTED_EDGE('',*,*,#9882,.T.);
#9882 = EDGE_CURVE('',#9664,#9858,#9883,.T.);
#9883 = B_SPLINE_CURVE_WITH_KNOTS('',1,(#9884,#9885),.UNSPECIFIED.,.F.,
  .F.,(2,2),(46.669354265036,168.1102),.PIECEWISE_BEZIER_KNOTS.);
#9884 = CARTESIAN_POINT('',(-87.30257567348,-9.744019558039,
    6.00001016002));
#9885 = CARTESIAN_POINT('',(-90.38717932435,-9.744019558039,
    6.00001016002));
#9886 = B_SPLINE_SURFACE_WITH_KNOTS('',1,1,(
    (#9887,#9888)
    ,(#9889,#9890
    )),.UNSPECIFIED.,.F.,.F.,.F.,(2,2),(2,2),(-136.9069320975,
    63.274113637368),(-49.31446136773,127.85083863226),
  .PIECEWISE_BEZIER_KNOTS.);
#9887 = CARTESIAN_POINT('',(-92.38718440436,-9.744019558039,
    1.500002540005));
#9888 = CARTESIAN_POINT('',(-92.38718440436,-9.744019558039,
    6.00001016002));
#9889 = CARTESIAN_POINT('',(-87.30257567348,-9.744019558039,
    1.500002540005));
#9890 = CARTESIAN_POINT('',(-87.30257567348,-9.744019558039,
    6.00001016002));
#9891 = ADVANCED_FACE('',(#9892),#9923,.F.);
#9892 = FACE_BOUND('',#9893,.F.);
#9893 = EDGE_LOOP('',(#9894,#9895,#9896,#9897,#9904,#9911,#9918));
#9894 = ORIENTED_EDGE('',*,*,#9431,.F.);
#9895 = ORIENTED_EDGE('',*,*,#5185,.F.);
#9896 = ORIENTED_EDGE('',*,*,#9677,.T.);
#9897 = ORIENTED_EDGE('',*,*,#9898,.T.);
#9898 = EDGE_CURVE('',#9678,#9899,#9901,.T.);
#9899 = VERTEX_POINT('',#9900);
#9900 = CARTESIAN_POINT('',(-85.81717170434,-14.31402717805,
    6.00001016002));
#9901 = B_SPLINE_CURVE_WITH_KNOTS('',1,(#9902,#9903),.UNSPECIFIED.,.F.,
  .F.,(2,2),(46.669354265014,168.1102),.PIECEWISE_BEZIER_KNOTS.);
#9902 = CARTESIAN_POINT('',(-85.81717170434,-11.22942352717,
    6.00001016002));
#9903 = CARTESIAN_POINT('',(-85.81717170434,-14.31402717805,
    6.00001016002));
#9904 = ORIENTED_EDGE('',*,*,#9905,.T.);
#9905 = EDGE_CURVE('',#9899,#9906,#9908,.T.);
#9906 = VERTEX_POINT('',#9907);
#9907 = CARTESIAN_POINT('',(-85.81717170434,-15.79927990856,
    2.658194345788));
#9908 = B_SPLINE_CURVE_WITH_KNOTS('',1,(#9909,#9910),.UNSPECIFIED.,.F.,
  .F.,(2,2),(0.,143.97641086852),.PIECEWISE_BEZIER_KNOTS.);
#9909 = CARTESIAN_POINT('',(-85.81717170434,-14.31402717805,
    6.00001016002));
#9910 = CARTESIAN_POINT('',(-85.81717170434,-15.79927990856,
    2.658194345788));
#9911 = ORIENTED_EDGE('',*,*,#9912,.F.);
#9912 = EDGE_CURVE('',#9913,#9906,#9915,.T.);
#9913 = VERTEX_POINT('',#9914);
#9914 = CARTESIAN_POINT('',(-85.81717170434,-17.28453263906,
    6.00001016002));
#9915 = B_SPLINE_CURVE_WITH_KNOTS('',1,(#9916,#9917),.UNSPECIFIED.,.F.,
  .F.,(2,2),(0.,143.97641086852),.PIECEWISE_BEZIER_KNOTS.);
#9916 = CARTESIAN_POINT('',(-85.81717170434,-17.28453263906,
    6.00001016002));
#9917 = CARTESIAN_POINT('',(-85.81717170434,-15.79927990856,
    2.658194345788));
#9918 = ORIENTED_EDGE('',*,*,#9919,.F.);
#9919 = EDGE_CURVE('',#9424,#9913,#9920,.T.);
#9920 = B_SPLINE_CURVE_WITH_KNOTS('',1,(#9921,#9922),.UNSPECIFIED.,.F.,
  .F.,(2,2),(46.669354265036,168.1102),.PIECEWISE_BEZIER_KNOTS.);
#9921 = CARTESIAN_POINT('',(-85.81717170434,-20.36913628994,
    6.00001016002));
#9922 = CARTESIAN_POINT('',(-85.81717170434,-17.28453263906,
    6.00001016002));
#9923 = B_SPLINE_SURFACE_WITH_KNOTS('',1,1,(
    (#9924,#9925)
    ,(#9926,#9927
    )),.UNSPECIFIED.,.F.,.F.,.F.,(2,2),(2,2),(-296.5563778325,
    63.274113637391),(-49.31446136773,127.85083863226),
  .PIECEWISE_BEZIER_KNOTS.);
#9924 = CARTESIAN_POINT('',(-85.81717170434,-20.36913628994,
    1.500002540005));
#9925 = CARTESIAN_POINT('',(-85.81717170434,-20.36913628994,
    6.00001016002));
#9926 = CARTESIAN_POINT('',(-85.81717170434,-11.22942352717,
    1.500002540005));
#9927 = CARTESIAN_POINT('',(-85.81717170434,-11.22942352717,
    6.00001016002));
#9928 = ADVANCED_FACE('',(#9929),#9945,.F.);
#9929 = FACE_BOUND('',#9930,.F.);
#9930 = EDGE_LOOP('',(#9931,#9938,#9939,#9940));
#9931 = ORIENTED_EDGE('',*,*,#9932,.T.);
#9932 = EDGE_CURVE('',#9933,#5201,#9935,.T.);
#9933 = VERTEX_POINT('',#9934);
#9934 = CARTESIAN_POINT('',(-90.38717932435,-21.85454025908,
    6.00001016002));
#9935 = B_SPLINE_CURVE_WITH_KNOTS('',1,(#9936,#9937),.UNSPECIFIED.,.F.,
  .F.,(2,2),(0.,193.87512119952),.PIECEWISE_BEZIER_KNOTS.);
#9936 = CARTESIAN_POINT('',(-90.38717932435,-21.85454025908,
    6.00001016002));
#9937 = CARTESIAN_POINT('',(-92.38718440436,-21.85454025908,
    1.500002540005));
#9938 = ORIENTED_EDGE('',*,*,#5200,.F.);
#9939 = ORIENTED_EDGE('',*,*,#9437,.T.);
#9940 = ORIENTED_EDGE('',*,*,#9941,.T.);
#9941 = EDGE_CURVE('',#9438,#9933,#9942,.T.);
#9942 = B_SPLINE_CURVE_WITH_KNOTS('',1,(#9943,#9944),.UNSPECIFIED.,.F.,
  .F.,(2,2),(46.669354265036,168.1102),.PIECEWISE_BEZIER_KNOTS.);
#9943 = CARTESIAN_POINT('',(-87.30257567348,-21.85454025908,
    6.00001016002));
#9944 = CARTESIAN_POINT('',(-90.38717932435,-21.85454025908,
    6.00001016002));
#9945 = B_SPLINE_SURFACE_WITH_KNOTS('',1,1,(
    (#9946,#9947)
    ,(#9948,#9949
    )),.UNSPECIFIED.,.F.,.F.,.F.,(2,2),(2,2),(-136.9069320975,
    63.274113637368),(-49.31446136773,127.85083863226),
  .PIECEWISE_BEZIER_KNOTS.);
#9946 = CARTESIAN_POINT('',(-92.38718440436,-21.85454025908,
    1.500002540005));
#9947 = CARTESIAN_POINT('',(-92.38718440436,-21.85454025908,
    6.00001016002));
#9948 = CARTESIAN_POINT('',(-87.30257567348,-21.85454025908,
    1.500002540005));
#9949 = CARTESIAN_POINT('',(-87.30257567348,-21.85454025908,
    6.00001016002));
#9950 = ADVANCED_FACE('',(#9951),#9967,.T.);
#9951 = FACE_BOUND('',#9952,.T.);
#9952 = EDGE_LOOP('',(#9953,#9960,#9961,#9962));
#9953 = ORIENTED_EDGE('',*,*,#9954,.T.);
#9954 = EDGE_CURVE('',#9955,#9933,#9957,.T.);
#9955 = VERTEX_POINT('',#9956);
#9956 = CARTESIAN_POINT('',(-90.38717932435,-23.05454279908,
    6.00001016002));
#9957 = B_SPLINE_CURVE_WITH_KNOTS('',1,(#9958,#9959),.UNSPECIFIED.,.F.,
  .F.,(2,2),(0.,47.2441),.PIECEWISE_BEZIER_KNOTS.);
#9958 = CARTESIAN_POINT('',(-90.38717932435,-23.05454279908,
    6.00001016002));
#9959 = CARTESIAN_POINT('',(-90.38717932435,-21.85454025908,
    6.00001016002));
#9960 = ORIENTED_EDGE('',*,*,#9932,.T.);
#9961 = ORIENTED_EDGE('',*,*,#5207,.F.);
#9962 = ORIENTED_EDGE('',*,*,#9963,.F.);
#9963 = EDGE_CURVE('',#9955,#5208,#9964,.T.);
#9964 = B_SPLINE_CURVE_WITH_KNOTS('',1,(#9965,#9966),.UNSPECIFIED.,.F.,
  .F.,(2,2),(0.,193.87512119952),.PIECEWISE_BEZIER_KNOTS.);
#9965 = CARTESIAN_POINT('',(-90.38717932435,-23.05454279908,
    6.00001016002));
#9966 = CARTESIAN_POINT('',(-92.38718440436,-23.05454279908,
    1.500002540005));
#9967 = B_SPLINE_SURFACE_WITH_KNOTS('',1,1,(
    (#9968,#9969)
    ,(#9970,#9971
    )),.UNSPECIFIED.,.F.,.F.,.F.,(2,2),(2,2),(0.,193.87512119952),(
    -47.2441,0.),.PIECEWISE_BEZIER_KNOTS.);
#9968 = CARTESIAN_POINT('',(-90.38717932435,-21.85454025908,
    6.00001016002));
#9969 = CARTESIAN_POINT('',(-90.38717932435,-23.05454279908,
    6.00001016002));
#9970 = CARTESIAN_POINT('',(-92.38718440436,-21.85454025908,
    1.500002540005));
#9971 = CARTESIAN_POINT('',(-92.38718440436,-23.05454279908,
    1.500002540005));
#9972 = ADVANCED_FACE('',(#9973),#9983,.T.);
#9973 = FACE_BOUND('',#9974,.T.);
#9974 = EDGE_LOOP('',(#9975,#9976,#9977,#9978));
#9975 = ORIENTED_EDGE('',*,*,#9963,.T.);
#9976 = ORIENTED_EDGE('',*,*,#5214,.F.);
#9977 = ORIENTED_EDGE('',*,*,#9452,.T.);
#9978 = ORIENTED_EDGE('',*,*,#9979,.T.);
#9979 = EDGE_CURVE('',#9445,#9955,#9980,.T.);
#9980 = B_SPLINE_CURVE_WITH_KNOTS('',1,(#9981,#9982),.UNSPECIFIED.,.F.,
  .F.,(2,2),(46.669354265036,168.1102),.PIECEWISE_BEZIER_KNOTS.);
#9981 = CARTESIAN_POINT('',(-87.30257567348,-23.05454279908,
    6.00001016002));
#9982 = CARTESIAN_POINT('',(-90.38717932435,-23.05454279908,
    6.00001016002));
#9983 = B_SPLINE_SURFACE_WITH_KNOTS('',1,1,(
    (#9984,#9985)
    ,(#9986,#9987
    )),.UNSPECIFIED.,.F.,.F.,.F.,(2,2),(2,2),(-136.9069320975,
    63.274113637368),(-49.31446136773,127.85083863226),
  .PIECEWISE_BEZIER_KNOTS.);
#9984 = CARTESIAN_POINT('',(-92.38718440436,-23.05454279908,
    1.500002540005));
#9985 = CARTESIAN_POINT('',(-92.38718440436,-23.05454279908,
    6.00001016002));
#9986 = CARTESIAN_POINT('',(-87.30257567348,-23.05454279908,
    1.500002540005));
#9987 = CARTESIAN_POINT('',(-87.30257567348,-23.05454279908,
    6.00001016002));
#9988 = ADVANCED_FACE('',(#9989),#10011,.T.);
#9989 = FACE_BOUND('',#9990,.T.);
#9990 = EDGE_LOOP('',(#9991,#10000,#10005,#10006));
#9991 = ORIENTED_EDGE('',*,*,#9992,.T.);
#9992 = EDGE_CURVE('',#9993,#9995,#9997,.T.);
#9993 = VERTEX_POINT('',#9994);
#9994 = CARTESIAN_POINT('',(-81.45216272288,86.579173177546,
    4.000008636017));
#9995 = VERTEX_POINT('',#9996);
#9996 = CARTESIAN_POINT('',(-81.45216272288,85.379170739142,
    4.000008636017));
#9997 = B_SPLINE_CURVE_WITH_KNOTS('',1,(#9998,#9999),.UNSPECIFIED.,.F.,
  .F.,(2,2),(0.,47.244096),.PIECEWISE_BEZIER_KNOTS.);
#9998 = CARTESIAN_POINT('',(-81.45216272288,86.579173177546,
    4.000008636017));
#9999 = CARTESIAN_POINT('',(-81.45216272288,85.379170739142,
    4.000008636017));
#10000 = ORIENTED_EDGE('',*,*,#10001,.T.);
#10001 = EDGE_CURVE('',#9995,#5241,#10002,.T.);
#10002 = B_SPLINE_CURVE_WITH_KNOTS('',1,(#10003,#10004),.UNSPECIFIED.,
  .F.,.F.,(2,2),(0.,126.04578797359),.PIECEWISE_BEZIER_KNOTS.);
#10003 = CARTESIAN_POINT('',(-81.45216272288,85.379170739142,
    4.000008636017));
#10004 = CARTESIAN_POINT('',(-79.45215865887,85.379170739142,
    1.500002540005));
#10005 = ORIENTED_EDGE('',*,*,#5238,.F.);
#10006 = ORIENTED_EDGE('',*,*,#10007,.F.);
#10007 = EDGE_CURVE('',#9993,#5239,#10008,.T.);
#10008 = B_SPLINE_CURVE_WITH_KNOTS('',1,(#10009,#10010),.UNSPECIFIED.,
  .F.,.F.,(2,2),(0.,126.04578797359),.PIECEWISE_BEZIER_KNOTS.);
#10009 = CARTESIAN_POINT('',(-81.45216272288,86.579173177546,
    4.000008636017));
#10010 = CARTESIAN_POINT('',(-79.45215865887,86.579173177546,
    1.500002540005));
#10011 = B_SPLINE_SURFACE_WITH_KNOTS('',1,1,(
    (#10012,#10013)
    ,(#10014,#10015
    )),.UNSPECIFIED.,.F.,.F.,.F.,(2,2),(2,2),(0.,126.04578797359),(
    -47.244096,0.),.PIECEWISE_BEZIER_KNOTS.);
#10012 = CARTESIAN_POINT('',(-81.45216272288,85.379170739142,
    4.000008636017));
#10013 = CARTESIAN_POINT('',(-81.45216272288,86.579173177546,
    4.000008636017));
#10014 = CARTESIAN_POINT('',(-79.45215865887,85.379170739142,
    1.500002540005));
#10015 = CARTESIAN_POINT('',(-79.45215865887,86.579173177546,
    1.500002540005));
#10016 = ADVANCED_FACE('',(#10017),#10033,.T.);
#10017 = FACE_BOUND('',#10018,.T.);
#10018 = EDGE_LOOP('',(#10019,#10020,#10021,#10028));
#10019 = ORIENTED_EDGE('',*,*,#10007,.T.);
#10020 = ORIENTED_EDGE('',*,*,#5247,.F.);
#10021 = ORIENTED_EDGE('',*,*,#10022,.T.);
#10022 = EDGE_CURVE('',#5248,#10023,#10025,.T.);
#10023 = VERTEX_POINT('',#10024);
#10024 = CARTESIAN_POINT('',(-84.52045798216,86.579173177546,
    4.000008636017));
#10025 = B_SPLINE_CURVE_WITH_KNOTS('',1,(#10026,#10027),.UNSPECIFIED.,
  .F.,.F.,(2,2),(59.0551,157.48034),.PIECEWISE_BEZIER_KNOTS.);
#10026 = CARTESIAN_POINT('',(-84.52045798216,86.579173177546,
    1.500002540005));
#10027 = CARTESIAN_POINT('',(-84.52045798216,86.579173177546,
    4.000008636017));
#10028 = ORIENTED_EDGE('',*,*,#10029,.T.);
#10029 = EDGE_CURVE('',#10023,#9993,#10030,.T.);
#10030 = B_SPLINE_CURVE_WITH_KNOTS('',1,(#10031,#10032),.UNSPECIFIED.,
  .F.,.F.,(2,2),(47.311457242019,168.1102416),.PIECEWISE_BEZIER_KNOTS.);
#10031 = CARTESIAN_POINT('',(-84.52045798216,86.579173177546,
    4.000008636017));
#10032 = CARTESIAN_POINT('',(-81.45216272288,86.579173177546,
    4.000008636017));
#10033 = B_SPLINE_SURFACE_WITH_KNOTS('',1,1,(
    (#10034,#10035)
    ,(#10036,#10037
    )),.UNSPECIFIED.,.F.,.F.,.F.,(2,2),(2,2),(-134.2125579718,
    65.326386386175),(-12.57728272407,85.847957275928),
  .PIECEWISE_BEZIER_KNOTS.);
#10034 = CARTESIAN_POINT('',(-79.45215865887,86.579173177546,
    1.500002540005));
#10035 = CARTESIAN_POINT('',(-79.45215865887,86.579173177546,
    4.000008636017));
#10036 = CARTESIAN_POINT('',(-84.52045798216,86.579173177546,
    1.500002540005));
#10037 = CARTESIAN_POINT('',(-84.52045798216,86.579173177546,
    4.000008636017));
#10038 = ADVANCED_FACE('',(#10039),#10145,.T.);
#10039 = FACE_BOUND('',#10040,.T.);
#10040 = EDGE_LOOP('',(#10041,#10051,#10058,#10068,#10069,#10075,#10076,
    #10077,#10084,#10092,#10097,#10098,#10105,#10113,#10118,#10119,
    #10126,#10134,#10139,#10140));
#10041 = ORIENTED_EDGE('',*,*,#10042,.T.);
#10042 = EDGE_CURVE('',#10043,#10045,#10047,.T.);
#10043 = VERTEX_POINT('',#10044);
#10044 = CARTESIAN_POINT('',(-84.52045798216,85.379170739142,
    4.000008636017));
#10045 = VERTEX_POINT('',#10046);
#10046 = CARTESIAN_POINT('',(-84.45216881889,85.979171958344,
    4.000008636017));
#10047 = ( BOUNDED_CURVE() B_SPLINE_CURVE(2,(#10048,#10049,#10050),
.UNSPECIFIED.,.F.,.F.) B_SPLINE_CURVE_WITH_KNOTS((3,3),(6.056530552424,
6.28318530718),.PIECEWISE_BEZIER_KNOTS.) CURVE() 
GEOMETRIC_REPRESENTATION_ITEM() RATIONAL_B_SPLINE_CURVE((1.,
0.993585322538,1.)) REPRESENTATION_ITEM('') );
#10048 = CARTESIAN_POINT('',(-84.52045798216,85.379170739141,
    4.000008636017));
#10049 = CARTESIAN_POINT('',(-84.45216881889,85.675285181789,
    4.000008636017));
#10050 = CARTESIAN_POINT('',(-84.45216881889,85.979171958344,
    4.000008636017));
#10051 = ORIENTED_EDGE('',*,*,#10052,.T.);
#10052 = EDGE_CURVE('',#10045,#10053,#10055,.T.);
#10053 = VERTEX_POINT('',#10054);
#10054 = CARTESIAN_POINT('',(-84.45216881889,85.979171958344,
    6.000012700025));
#10055 = B_SPLINE_CURVE_WITH_KNOTS('',1,(#10056,#10057),.UNSPECIFIED.,
  .F.,.F.,(2,2),(157.48034,236.2205),.PIECEWISE_BEZIER_KNOTS.);
#10056 = CARTESIAN_POINT('',(-84.45216881889,85.979171958344,
    4.000008636017));
#10057 = CARTESIAN_POINT('',(-84.45216881889,85.979171958344,
    6.000012700025));
#10058 = ORIENTED_EDGE('',*,*,#10059,.F.);
#10059 = EDGE_CURVE('',#10053,#10053,#10060,.T.);
#10060 = ( BOUNDED_CURVE() B_SPLINE_CURVE(2,(#10061,#10062,#10063,#10064
    ,#10065,#10066,#10067),.UNSPECIFIED.,.T.,.F.) 
B_SPLINE_CURVE_WITH_KNOTS((1,2,2,2,2,1),(-2.094395102394,0.,
    2.094395102393,4.188790204786,6.28318530718,8.377580409573),
.UNSPECIFIED.) CURVE() GEOMETRIC_REPRESENTATION_ITEM() 
RATIONAL_B_SPLINE_CURVE((1.,0.5,1.,0.5,1.,0.5,1.)) REPRESENTATION_ITEM(
  '') );
#10061 = CARTESIAN_POINT('',(-84.45216881889,85.979171958344,
    6.000012700025));
#10062 = CARTESIAN_POINT('',(-84.45216881889,90.603757011709,
    6.000012700025));
#10063 = CARTESIAN_POINT('',(-88.45717695707,88.291464485027,
    6.000012700025));
#10064 = CARTESIAN_POINT('',(-92.46218509525,85.979171958344,
    6.000012700025));
#10065 = CARTESIAN_POINT('',(-88.45717695707,83.666879431661,
    6.000012700025));
#10066 = CARTESIAN_POINT('',(-84.45216881889,81.354586904978,
    6.000012700025));
#10067 = CARTESIAN_POINT('',(-84.45216881889,85.979171958344,
    6.000012700025));
#10068 = ORIENTED_EDGE('',*,*,#10052,.F.);
#10069 = ORIENTED_EDGE('',*,*,#10070,.T.);
#10070 = EDGE_CURVE('',#10045,#10023,#10071,.T.);
#10071 = ( BOUNDED_CURVE() B_SPLINE_CURVE(2,(#10072,#10073,#10074),
.UNSPECIFIED.,.F.,.F.) B_SPLINE_CURVE_WITH_KNOTS((3,3),(0.,
0.226654754756),.PIECEWISE_BEZIER_KNOTS.) CURVE() 
GEOMETRIC_REPRESENTATION_ITEM() RATIONAL_B_SPLINE_CURVE((1.,
0.993585322538,1.)) REPRESENTATION_ITEM('') );
#10072 = CARTESIAN_POINT('',(-84.45216881889,85.979171958344,
    4.000008636017));
#10073 = CARTESIAN_POINT('',(-84.45216881889,86.283058734899,
    4.000008636017));
#10074 = CARTESIAN_POINT('',(-84.52045798216,86.579173177546,
    4.000008636017));
#10075 = ORIENTED_EDGE('',*,*,#10022,.F.);
#10076 = ORIENTED_EDGE('',*,*,#5254,.T.);
#10077 = ORIENTED_EDGE('',*,*,#10078,.T.);
#10078 = EDGE_CURVE('',#5255,#10079,#10081,.T.);
#10079 = VERTEX_POINT('',#10080);
#10080 = CARTESIAN_POINT('',(-86.52217302514,88.580888220525,
    4.000008636017));
#10081 = B_SPLINE_CURVE_WITH_KNOTS('',1,(#10082,#10083),.UNSPECIFIED.,
  .F.,.F.,(2,2),(59.0551,157.48034),.PIECEWISE_BEZIER_KNOTS.);
#10082 = CARTESIAN_POINT('',(-86.52217302514,88.580888220524,
    1.500002540005));
#10083 = CARTESIAN_POINT('',(-86.52217302514,88.580888220524,
    4.000008636017));
#10084 = ORIENTED_EDGE('',*,*,#10085,.T.);
#10085 = EDGE_CURVE('',#10079,#10086,#10088,.T.);
#10086 = VERTEX_POINT('',#10087);
#10087 = CARTESIAN_POINT('',(-87.72217546355,88.580888220525,
    4.000008636017));
#10088 = ( BOUNDED_CURVE() B_SPLINE_CURVE(2,(#10089,#10090,#10091),
.UNSPECIFIED.,.F.,.F.) B_SPLINE_CURVE_WITH_KNOTS((3,3),(1.344141572039,
1.79745108155),.PIECEWISE_BEZIER_KNOTS.) CURVE() 
GEOMETRIC_REPRESENTATION_ITEM() RATIONAL_B_SPLINE_CURVE((1.,
0.974423586327,1.)) REPRESENTATION_ITEM('') );
#10089 = CARTESIAN_POINT('',(-86.52217302514,88.580888220524,
    4.000008636017));
#10090 = CARTESIAN_POINT('',(-87.12217424434,88.719258983039,
    4.000008636017));
#10091 = CARTESIAN_POINT('',(-87.72217546355,88.580888220524,
    4.000008636017));
#10092 = ORIENTED_EDGE('',*,*,#10093,.F.);
#10093 = EDGE_CURVE('',#5277,#10086,#10094,.T.);
#10094 = B_SPLINE_CURVE_WITH_KNOTS('',1,(#10095,#10096),.UNSPECIFIED.,
  .F.,.F.,(2,2),(59.0551,157.48034),.PIECEWISE_BEZIER_KNOTS.);
#10095 = CARTESIAN_POINT('',(-87.72217546355,88.580888220524,
    1.500002540005));
#10096 = CARTESIAN_POINT('',(-87.72217546355,88.580888220524,
    4.000008636017));
#10097 = ORIENTED_EDGE('',*,*,#5283,.T.);
#10098 = ORIENTED_EDGE('',*,*,#10099,.T.);
#10099 = EDGE_CURVE('',#5284,#10100,#10102,.T.);
#10100 = VERTEX_POINT('',#10101);
#10101 = CARTESIAN_POINT('',(-89.72389050652,86.579173177546,
    4.000008636017));
#10102 = B_SPLINE_CURVE_WITH_KNOTS('',1,(#10103,#10104),.UNSPECIFIED.,
  .F.,.F.,(2,2),(59.0551,157.48034),.PIECEWISE_BEZIER_KNOTS.);
#10103 = CARTESIAN_POINT('',(-89.72389050652,86.579173177546,
    1.500002540005));
#10104 = CARTESIAN_POINT('',(-89.72389050652,86.579173177546,
    4.000008636017));
#10105 = ORIENTED_EDGE('',*,*,#10106,.T.);
#10106 = EDGE_CURVE('',#10100,#10107,#10109,.T.);
#10107 = VERTEX_POINT('',#10108);
#10108 = CARTESIAN_POINT('',(-89.72389050652,85.379170739141,
    4.000008636017));
#10109 = ( BOUNDED_CURVE() B_SPLINE_CURVE(2,(#10110,#10111,#10112),
.UNSPECIFIED.,.F.,.F.) B_SPLINE_CURVE_WITH_KNOTS((3,3),(2.914937898834,
3.368247408345),.PIECEWISE_BEZIER_KNOTS.) CURVE() 
GEOMETRIC_REPRESENTATION_ITEM() RATIONAL_B_SPLINE_CURVE((1.,
0.974423586327,1.)) REPRESENTATION_ITEM('') );
#10110 = CARTESIAN_POINT('',(-89.72389050652,86.579173177546,
    4.000008636017));
#10111 = CARTESIAN_POINT('',(-89.86226126904,85.979171958344,
    4.000008636017));
#10112 = CARTESIAN_POINT('',(-89.72389050652,85.379170739141,
    4.000008636017));
#10113 = ORIENTED_EDGE('',*,*,#10114,.F.);
#10114 = EDGE_CURVE('',#5306,#10107,#10115,.T.);
#10115 = B_SPLINE_CURVE_WITH_KNOTS('',1,(#10116,#10117),.UNSPECIFIED.,
  .F.,.F.,(2,2),(59.0551,157.48034),.PIECEWISE_BEZIER_KNOTS.);
#10116 = CARTESIAN_POINT('',(-89.72389050652,85.379170739141,
    1.500002540005));
#10117 = CARTESIAN_POINT('',(-89.72389050652,85.379170739141,
    4.000008636017));
#10118 = ORIENTED_EDGE('',*,*,#5312,.T.);
#10119 = ORIENTED_EDGE('',*,*,#10120,.T.);
#10120 = EDGE_CURVE('',#5313,#10121,#10123,.T.);
#10121 = VERTEX_POINT('',#10122);
#10122 = CARTESIAN_POINT('',(-87.72217546355,83.377455696163,
    4.000008636017));
#10123 = B_SPLINE_CURVE_WITH_KNOTS('',1,(#10124,#10125),.UNSPECIFIED.,
  .F.,.F.,(2,2),(59.0551,157.48034),.PIECEWISE_BEZIER_KNOTS.);
#10124 = CARTESIAN_POINT('',(-87.72217546355,83.377455696164,
    1.500002540005));
#10125 = CARTESIAN_POINT('',(-87.72217546355,83.377455696164,
    4.000008636017));
#10126 = ORIENTED_EDGE('',*,*,#10127,.T.);
#10127 = EDGE_CURVE('',#10121,#10128,#10130,.T.);
#10128 = VERTEX_POINT('',#10129);
#10129 = CARTESIAN_POINT('',(-86.52217302514,83.377455696164,
    4.000008636017));
#10130 = ( BOUNDED_CURVE() B_SPLINE_CURVE(2,(#10131,#10132,#10133),
.UNSPECIFIED.,.F.,.F.) B_SPLINE_CURVE_WITH_KNOTS((3,3),(4.485734225629,
4.93904373514),.PIECEWISE_BEZIER_KNOTS.) CURVE() 
GEOMETRIC_REPRESENTATION_ITEM() RATIONAL_B_SPLINE_CURVE((1.,
0.974423586327,1.)) REPRESENTATION_ITEM('') );
#10131 = CARTESIAN_POINT('',(-87.72217546355,83.377455696164,
    4.000008636017));
#10132 = CARTESIAN_POINT('',(-87.12217424434,83.239084933649,
    4.000008636017));
#10133 = CARTESIAN_POINT('',(-86.52217302514,83.377455696164,
    4.000008636017));
#10134 = ORIENTED_EDGE('',*,*,#10135,.F.);
#10135 = EDGE_CURVE('',#5335,#10128,#10136,.T.);
#10136 = B_SPLINE_CURVE_WITH_KNOTS('',1,(#10137,#10138),.UNSPECIFIED.,
  .F.,.F.,(2,2),(59.0551,157.48034),.PIECEWISE_BEZIER_KNOTS.);
#10137 = CARTESIAN_POINT('',(-86.52217302514,83.377455696164,
    1.500002540005));
#10138 = CARTESIAN_POINT('',(-86.52217302514,83.377455696164,
    4.000008636017));
#10139 = ORIENTED_EDGE('',*,*,#5341,.T.);
#10140 = ORIENTED_EDGE('',*,*,#10141,.T.);
#10141 = EDGE_CURVE('',#5342,#10043,#10142,.T.);
#10142 = B_SPLINE_CURVE_WITH_KNOTS('',1,(#10143,#10144),.UNSPECIFIED.,
  .F.,.F.,(2,2),(59.0551,157.48034),.PIECEWISE_BEZIER_KNOTS.);
#10143 = CARTESIAN_POINT('',(-84.52045798216,85.379170739142,
    1.500002540005));
#10144 = CARTESIAN_POINT('',(-84.52045798216,85.379170739142,
    4.000008636017));
#10145 = ( BOUNDED_SURFACE() B_SPLINE_SURFACE(2,1,(
    (#10146,#10147)
    ,(#10148,#10149)
    ,(#10150,#10151)
    ,(#10152,#10153)
    ,(#10154,#10155)
    ,(#10156,#10157)
    ,(#10158,#10159
)),.UNSPECIFIED.,.T.,.F.,.F.) B_SPLINE_SURFACE_WITH_KNOTS((1,2,2,2,2,1),
  (2,2),(-2.094395102394,0.,2.094395102393,4.188790204786,6.28318530718,
    8.377580409573),(59.0551,236.2205),.UNSPECIFIED.) 
GEOMETRIC_REPRESENTATION_ITEM() RATIONAL_B_SPLINE_SURFACE((
    (1.,1.)
    ,(0.5,0.5)
    ,(1.,1.)
    ,(0.5,0.5)
    ,(1.,1.)
    ,(0.5,0.5)
,(1.,1.))) REPRESENTATION_ITEM('') SURFACE() );
#10146 = CARTESIAN_POINT('',(-84.45216881889,85.979171958344,
    1.500002540005));
#10147 = CARTESIAN_POINT('',(-84.45216881889,85.979171958344,
    6.000012700025));
#10148 = CARTESIAN_POINT('',(-84.45216881889,90.603757011709,
    1.500002540005));
#10149 = CARTESIAN_POINT('',(-84.45216881889,90.603757011709,
    6.000012700025));
#10150 = CARTESIAN_POINT('',(-88.45717695707,88.291464485027,
    1.500002540005));
#10151 = CARTESIAN_POINT('',(-88.45717695707,88.291464485027,
    6.000012700025));
#10152 = CARTESIAN_POINT('',(-92.46218509525,85.979171958344,
    1.500002540005));
#10153 = CARTESIAN_POINT('',(-92.46218509525,85.979171958344,
    6.000012700025));
#10154 = CARTESIAN_POINT('',(-88.45717695707,83.666879431661,
    1.500002540005));
#10155 = CARTESIAN_POINT('',(-88.45717695707,83.666879431661,
    6.000012700025));
#10156 = CARTESIAN_POINT('',(-84.45216881889,81.354586904978,
    1.500002540005));
#10157 = CARTESIAN_POINT('',(-84.45216881889,81.354586904978,
    6.000012700025));
#10158 = CARTESIAN_POINT('',(-84.45216881889,85.979171958344,
    1.500002540005));
#10159 = CARTESIAN_POINT('',(-84.45216881889,85.979171958344,
    6.000012700025));
#10160 = ADVANCED_FACE('',(#10161),#10177,.F.);
#10161 = FACE_BOUND('',#10162,.F.);
#10162 = EDGE_LOOP('',(#10163,#10170,#10171,#10172));
#10163 = ORIENTED_EDGE('',*,*,#10164,.T.);
#10164 = EDGE_CURVE('',#10165,#5263,#10167,.T.);
#10165 = VERTEX_POINT('',#10166);
#10166 = CARTESIAN_POINT('',(-86.52217302514,91.649183479807,
    4.000008636017));
#10167 = B_SPLINE_CURVE_WITH_KNOTS('',1,(#10168,#10169),.UNSPECIFIED.,
  .F.,.F.,(2,2),(0.,126.04578797359),.PIECEWISE_BEZIER_KNOTS.);
#10168 = CARTESIAN_POINT('',(-86.52217302514,91.649183479807,
    4.000008636017));
#10169 = CARTESIAN_POINT('',(-86.52217302514,93.649187543815,
    1.500002540005));
#10170 = ORIENTED_EDGE('',*,*,#5262,.F.);
#10171 = ORIENTED_EDGE('',*,*,#10078,.T.);
#10172 = ORIENTED_EDGE('',*,*,#10173,.T.);
#10173 = EDGE_CURVE('',#10079,#10165,#10174,.T.);
#10174 = B_SPLINE_CURVE_WITH_KNOTS('',1,(#10175,#10176),.UNSPECIFIED.,
  .F.,.F.,(2,2),(47.311457242055,168.1102416),.PIECEWISE_BEZIER_KNOTS.);
#10175 = CARTESIAN_POINT('',(-86.52217302514,88.580888220525,
    4.000008636017));
#10176 = CARTESIAN_POINT('',(-86.52217302514,91.649183479807,
    4.000008636017));
#10177 = B_SPLINE_SURFACE_WITH_KNOTS('',1,1,(
    (#10178,#10179)
    ,(#10180,#10181
    )),.UNSPECIFIED.,.F.,.F.,.F.,(2,2),(2,2),(-134.2125579718,
    65.326386386162),(-12.57728272407,85.847957275927),
  .PIECEWISE_BEZIER_KNOTS.);
#10178 = CARTESIAN_POINT('',(-86.52217302514,93.649187543815,
    1.500002540005));
#10179 = CARTESIAN_POINT('',(-86.52217302514,93.649187543815,
    4.000008636017));
#10180 = CARTESIAN_POINT('',(-86.52217302514,88.580888220524,
    1.500002540005));
#10181 = CARTESIAN_POINT('',(-86.52217302514,88.580888220524,
    4.000008636017));
#10182 = ADVANCED_FACE('',(#10183),#10199,.T.);
#10183 = FACE_BOUND('',#10184,.T.);
#10184 = EDGE_LOOP('',(#10185,#10192,#10193,#10194));
#10185 = ORIENTED_EDGE('',*,*,#10186,.T.);
#10186 = EDGE_CURVE('',#10187,#10165,#10189,.T.);
#10187 = VERTEX_POINT('',#10188);
#10188 = CARTESIAN_POINT('',(-87.72217546355,91.649183479807,
    4.000008636017));
#10189 = B_SPLINE_CURVE_WITH_KNOTS('',1,(#10190,#10191),.UNSPECIFIED.,
  .F.,.F.,(2,2),(0.,47.244096),.PIECEWISE_BEZIER_KNOTS.);
#10190 = CARTESIAN_POINT('',(-87.72217546355,91.649183479807,
    4.000008636017));
#10191 = CARTESIAN_POINT('',(-86.52217302514,91.649183479807,
    4.000008636017));
#10192 = ORIENTED_EDGE('',*,*,#10164,.T.);
#10193 = ORIENTED_EDGE('',*,*,#5269,.F.);
#10194 = ORIENTED_EDGE('',*,*,#10195,.F.);
#10195 = EDGE_CURVE('',#10187,#5270,#10196,.T.);
#10196 = B_SPLINE_CURVE_WITH_KNOTS('',1,(#10197,#10198),.UNSPECIFIED.,
  .F.,.F.,(2,2),(0.,126.04578797359),.PIECEWISE_BEZIER_KNOTS.);
#10197 = CARTESIAN_POINT('',(-87.72217546355,91.649183479807,
    4.000008636017));
#10198 = CARTESIAN_POINT('',(-87.72217546355,93.649187543815,
    1.500002540005));
#10199 = B_SPLINE_SURFACE_WITH_KNOTS('',1,1,(
    (#10200,#10201)
    ,(#10202,#10203
    )),.UNSPECIFIED.,.F.,.F.,.F.,(2,2),(2,2),(0.,126.04578797359),(
    -47.244096,0.),.PIECEWISE_BEZIER_KNOTS.);
#10200 = CARTESIAN_POINT('',(-86.52217302514,91.649183479807,
    4.000008636017));
#10201 = CARTESIAN_POINT('',(-87.72217546355,91.649183479807,
    4.000008636017));
#10202 = CARTESIAN_POINT('',(-86.52217302514,93.649187543815,
    1.500002540005));
#10203 = CARTESIAN_POINT('',(-87.72217546355,93.649187543815,
    1.500002540005));
#10204 = ADVANCED_FACE('',(#10205),#10215,.T.);
#10205 = FACE_BOUND('',#10206,.T.);
#10206 = EDGE_LOOP('',(#10207,#10208,#10209,#10210));
#10207 = ORIENTED_EDGE('',*,*,#10195,.T.);
#10208 = ORIENTED_EDGE('',*,*,#5276,.F.);
#10209 = ORIENTED_EDGE('',*,*,#10093,.T.);
#10210 = ORIENTED_EDGE('',*,*,#10211,.T.);
#10211 = EDGE_CURVE('',#10086,#10187,#10212,.T.);
#10212 = B_SPLINE_CURVE_WITH_KNOTS('',1,(#10213,#10214),.UNSPECIFIED.,
  .F.,.F.,(2,2),(47.311457242055,168.1102416),.PIECEWISE_BEZIER_KNOTS.);
#10213 = CARTESIAN_POINT('',(-87.72217546355,88.580888220525,
    4.000008636017));
#10214 = CARTESIAN_POINT('',(-87.72217546355,91.649183479807,
    4.000008636017));
#10215 = B_SPLINE_SURFACE_WITH_KNOTS('',1,1,(
    (#10216,#10217)
    ,(#10218,#10219
    )),.UNSPECIFIED.,.F.,.F.,.F.,(2,2),(2,2),(-134.2125579718,
    65.326386386162),(-12.57728272407,85.847957275927),
  .PIECEWISE_BEZIER_KNOTS.);
#10216 = CARTESIAN_POINT('',(-87.72217546355,93.649187543815,
    1.500002540005));
#10217 = CARTESIAN_POINT('',(-87.72217546355,93.649187543815,
    4.000008636017));
#10218 = CARTESIAN_POINT('',(-87.72217546355,88.580888220524,
    1.500002540005));
#10219 = CARTESIAN_POINT('',(-87.72217546355,88.580888220524,
    4.000008636017));
#10220 = ADVANCED_FACE('',(#10221),#10237,.F.);
#10221 = FACE_BOUND('',#10222,.F.);
#10222 = EDGE_LOOP('',(#10223,#10230,#10231,#10232));
#10223 = ORIENTED_EDGE('',*,*,#10224,.T.);
#10224 = EDGE_CURVE('',#10225,#5292,#10227,.T.);
#10225 = VERTEX_POINT('',#10226);
#10226 = CARTESIAN_POINT('',(-92.79218576581,86.579173177546,
    4.000008636017));
#10227 = B_SPLINE_CURVE_WITH_KNOTS('',1,(#10228,#10229),.UNSPECIFIED.,
  .F.,.F.,(2,2),(0.,126.04578797359),.PIECEWISE_BEZIER_KNOTS.);
#10228 = CARTESIAN_POINT('',(-92.79218576581,86.579173177546,
    4.000008636017));
#10229 = CARTESIAN_POINT('',(-94.79218982982,86.579173177546,
    1.500002540005));
#10230 = ORIENTED_EDGE('',*,*,#5291,.F.);
#10231 = ORIENTED_EDGE('',*,*,#10099,.T.);
#10232 = ORIENTED_EDGE('',*,*,#10233,.T.);
#10233 = EDGE_CURVE('',#10100,#10225,#10234,.T.);
#10234 = B_SPLINE_CURVE_WITH_KNOTS('',1,(#10235,#10236),.UNSPECIFIED.,
  .F.,.F.,(2,2),(47.311457242019,168.1102416),.PIECEWISE_BEZIER_KNOTS.);
#10235 = CARTESIAN_POINT('',(-89.72389050652,86.579173177546,
    4.000008636017));
#10236 = CARTESIAN_POINT('',(-92.79218576581,86.579173177546,
    4.000008636017));
#10237 = B_SPLINE_SURFACE_WITH_KNOTS('',1,1,(
    (#10238,#10239)
    ,(#10240,#10241
    )),.UNSPECIFIED.,.F.,.F.,.F.,(2,2),(2,2),(-134.2125579718,
    65.326386386175),(-12.57728272407,85.847957275928),
  .PIECEWISE_BEZIER_KNOTS.);
#10238 = CARTESIAN_POINT('',(-94.79218982982,86.579173177546,
    1.500002540005));
#10239 = CARTESIAN_POINT('',(-94.79218982982,86.579173177546,
    4.000008636017));
#10240 = CARTESIAN_POINT('',(-89.72389050652,86.579173177546,
    1.500002540005));
#10241 = CARTESIAN_POINT('',(-89.72389050652,86.579173177546,
    4.000008636017));
#10242 = ADVANCED_FACE('',(#10243),#10259,.T.);
#10243 = FACE_BOUND('',#10244,.T.);
#10244 = EDGE_LOOP('',(#10245,#10252,#10253,#10254));
#10245 = ORIENTED_EDGE('',*,*,#10246,.T.);
#10246 = EDGE_CURVE('',#10247,#10225,#10249,.T.);
#10247 = VERTEX_POINT('',#10248);
#10248 = CARTESIAN_POINT('',(-92.79218576581,85.379170739141,
    4.000008636017));
#10249 = B_SPLINE_CURVE_WITH_KNOTS('',1,(#10250,#10251),.UNSPECIFIED.,
  .F.,.F.,(2,2),(0.,47.244096),.PIECEWISE_BEZIER_KNOTS.);
#10250 = CARTESIAN_POINT('',(-92.79218576581,85.379170739141,
    4.000008636017));
#10251 = CARTESIAN_POINT('',(-92.79218576581,86.579173177546,
    4.000008636017));
#10252 = ORIENTED_EDGE('',*,*,#10224,.T.);
#10253 = ORIENTED_EDGE('',*,*,#5298,.F.);
#10254 = ORIENTED_EDGE('',*,*,#10255,.F.);
#10255 = EDGE_CURVE('',#10247,#5299,#10256,.T.);
#10256 = B_SPLINE_CURVE_WITH_KNOTS('',1,(#10257,#10258),.UNSPECIFIED.,
  .F.,.F.,(2,2),(0.,126.04578797359),.PIECEWISE_BEZIER_KNOTS.);
#10257 = CARTESIAN_POINT('',(-92.79218576581,85.379170739141,
    4.000008636017));
#10258 = CARTESIAN_POINT('',(-94.79218982982,85.379170739141,
    1.500002540005));
#10259 = B_SPLINE_SURFACE_WITH_KNOTS('',1,1,(
    (#10260,#10261)
    ,(#10262,#10263
    )),.UNSPECIFIED.,.F.,.F.,.F.,(2,2),(2,2),(0.,126.04578797359),(
    -47.244096,0.),.PIECEWISE_BEZIER_KNOTS.);
#10260 = CARTESIAN_POINT('',(-92.79218576581,86.579173177546,
    4.000008636017));
#10261 = CARTESIAN_POINT('',(-92.79218576581,85.379170739141,
    4.000008636017));
#10262 = CARTESIAN_POINT('',(-94.79218982982,86.579173177546,
    1.500002540005));
#10263 = CARTESIAN_POINT('',(-94.79218982982,85.379170739141,
    1.500002540005));
#10264 = ADVANCED_FACE('',(#10265),#10275,.T.);
#10265 = FACE_BOUND('',#10266,.T.);
#10266 = EDGE_LOOP('',(#10267,#10268,#10269,#10270));
#10267 = ORIENTED_EDGE('',*,*,#10255,.T.);
#10268 = ORIENTED_EDGE('',*,*,#5305,.F.);
#10269 = ORIENTED_EDGE('',*,*,#10114,.T.);
#10270 = ORIENTED_EDGE('',*,*,#10271,.T.);
#10271 = EDGE_CURVE('',#10107,#10247,#10272,.T.);
#10272 = B_SPLINE_CURVE_WITH_KNOTS('',1,(#10273,#10274),.UNSPECIFIED.,
  .F.,.F.,(2,2),(47.311457241982,168.1102416),.PIECEWISE_BEZIER_KNOTS.);
#10273 = CARTESIAN_POINT('',(-89.72389050652,85.379170739141,
    4.000008636017));
#10274 = CARTESIAN_POINT('',(-92.79218576581,85.379170739141,
    4.000008636017));
#10275 = B_SPLINE_SURFACE_WITH_KNOTS('',1,1,(
    (#10276,#10277)
    ,(#10278,#10279
    )),.UNSPECIFIED.,.F.,.F.,.F.,(2,2),(2,2),(-134.2125579718,
    65.326386386212),(-12.57728272407,85.847957275928),
  .PIECEWISE_BEZIER_KNOTS.);
#10276 = CARTESIAN_POINT('',(-94.79218982982,85.379170739141,
    1.500002540005));
#10277 = CARTESIAN_POINT('',(-94.79218982982,85.379170739141,
    4.000008636017));
#10278 = CARTESIAN_POINT('',(-89.72389050652,85.379170739141,
    1.500002540005));
#10279 = CARTESIAN_POINT('',(-89.72389050652,85.379170739141,
    4.000008636017));
#10280 = ADVANCED_FACE('',(#10281),#10297,.F.);
#10281 = FACE_BOUND('',#10282,.F.);
#10282 = EDGE_LOOP('',(#10283,#10290,#10291,#10292));
#10283 = ORIENTED_EDGE('',*,*,#10284,.T.);
#10284 = EDGE_CURVE('',#10285,#5321,#10287,.T.);
#10285 = VERTEX_POINT('',#10286);
#10286 = CARTESIAN_POINT('',(-87.72217546355,80.309160436881,
    4.000008636017));
#10287 = B_SPLINE_CURVE_WITH_KNOTS('',1,(#10288,#10289),.UNSPECIFIED.,
  .F.,.F.,(2,2),(0.,126.04578797359),.PIECEWISE_BEZIER_KNOTS.);
#10288 = CARTESIAN_POINT('',(-87.72217546355,80.309160436881,
    4.000008636017));
#10289 = CARTESIAN_POINT('',(-87.72217546355,78.309156372873,
    1.500002540005));
#10290 = ORIENTED_EDGE('',*,*,#5320,.F.);
#10291 = ORIENTED_EDGE('',*,*,#10120,.T.);
#10292 = ORIENTED_EDGE('',*,*,#10293,.T.);
#10293 = EDGE_CURVE('',#10121,#10285,#10294,.T.);
#10294 = B_SPLINE_CURVE_WITH_KNOTS('',1,(#10295,#10296),.UNSPECIFIED.,
  .F.,.F.,(2,2),(47.311457242055,168.1102416),.PIECEWISE_BEZIER_KNOTS.);
#10295 = CARTESIAN_POINT('',(-87.72217546355,83.377455696163,
    4.000008636017));
#10296 = CARTESIAN_POINT('',(-87.72217546355,80.309160436881,
    4.000008636017));
#10297 = B_SPLINE_SURFACE_WITH_KNOTS('',1,1,(
    (#10298,#10299)
    ,(#10300,#10301
    )),.UNSPECIFIED.,.F.,.F.,.F.,(2,2),(2,2),(-134.2125579718,
    65.326386386162),(-12.57728272407,85.847957275927),
  .PIECEWISE_BEZIER_KNOTS.);
#10298 = CARTESIAN_POINT('',(-87.72217546355,78.309156372873,
    1.500002540005));
#10299 = CARTESIAN_POINT('',(-87.72217546355,78.309156372873,
    4.000008636017));
#10300 = CARTESIAN_POINT('',(-87.72217546355,83.377455696164,
    1.500002540005));
#10301 = CARTESIAN_POINT('',(-87.72217546355,83.377455696164,
    4.000008636017));
#10302 = ADVANCED_FACE('',(#10303),#10319,.T.);
#10303 = FACE_BOUND('',#10304,.T.);
#10304 = EDGE_LOOP('',(#10305,#10312,#10313,#10314));
#10305 = ORIENTED_EDGE('',*,*,#10306,.T.);
#10306 = EDGE_CURVE('',#10307,#10285,#10309,.T.);
#10307 = VERTEX_POINT('',#10308);
#10308 = CARTESIAN_POINT('',(-86.52217302514,80.309160436881,
    4.000008636017));
#10309 = B_SPLINE_CURVE_WITH_KNOTS('',1,(#10310,#10311),.UNSPECIFIED.,
  .F.,.F.,(2,2),(0.,47.244096),.PIECEWISE_BEZIER_KNOTS.);
#10310 = CARTESIAN_POINT('',(-86.52217302514,80.309160436881,
    4.000008636017));
#10311 = CARTESIAN_POINT('',(-87.72217546355,80.309160436881,
    4.000008636017));
#10312 = ORIENTED_EDGE('',*,*,#10284,.T.);
#10313 = ORIENTED_EDGE('',*,*,#5327,.F.);
#10314 = ORIENTED_EDGE('',*,*,#10315,.F.);
#10315 = EDGE_CURVE('',#10307,#5328,#10316,.T.);
#10316 = B_SPLINE_CURVE_WITH_KNOTS('',1,(#10317,#10318),.UNSPECIFIED.,
  .F.,.F.,(2,2),(0.,126.04578797359),.PIECEWISE_BEZIER_KNOTS.);
#10317 = CARTESIAN_POINT('',(-86.52217302514,80.309160436881,
    4.000008636017));
#10318 = CARTESIAN_POINT('',(-86.52217302514,78.309156372873,
    1.500002540005));
#10319 = B_SPLINE_SURFACE_WITH_KNOTS('',1,1,(
    (#10320,#10321)
    ,(#10322,#10323
    )),.UNSPECIFIED.,.F.,.F.,.F.,(2,2),(2,2),(0.,126.04578797359),(
    -47.244096,0.),.PIECEWISE_BEZIER_KNOTS.);
#10320 = CARTESIAN_POINT('',(-87.72217546355,80.309160436881,
    4.000008636017));
#10321 = CARTESIAN_POINT('',(-86.52217302514,80.309160436881,
    4.000008636017));
#10322 = CARTESIAN_POINT('',(-87.72217546355,78.309156372873,
    1.500002540005));
#10323 = CARTESIAN_POINT('',(-86.52217302514,78.309156372873,
    1.500002540005));
#10324 = ADVANCED_FACE('',(#10325),#10335,.T.);
#10325 = FACE_BOUND('',#10326,.T.);
#10326 = EDGE_LOOP('',(#10327,#10328,#10329,#10330));
#10327 = ORIENTED_EDGE('',*,*,#10315,.T.);
#10328 = ORIENTED_EDGE('',*,*,#5334,.F.);
#10329 = ORIENTED_EDGE('',*,*,#10135,.T.);
#10330 = ORIENTED_EDGE('',*,*,#10331,.T.);
#10331 = EDGE_CURVE('',#10128,#10307,#10332,.T.);
#10332 = B_SPLINE_CURVE_WITH_KNOTS('',1,(#10333,#10334),.UNSPECIFIED.,
  .F.,.F.,(2,2),(47.311457242019,168.1102416),.PIECEWISE_BEZIER_KNOTS.);
#10333 = CARTESIAN_POINT('',(-86.52217302514,83.377455696164,
    4.000008636017));
#10334 = CARTESIAN_POINT('',(-86.52217302514,80.309160436881,
    4.000008636017));
#10335 = B_SPLINE_SURFACE_WITH_KNOTS('',1,1,(
    (#10336,#10337)
    ,(#10338,#10339
    )),.UNSPECIFIED.,.F.,.F.,.F.,(2,2),(2,2),(-134.2125579718,
    65.326386386175),(-12.57728272407,85.847957275927),
  .PIECEWISE_BEZIER_KNOTS.);
#10336 = CARTESIAN_POINT('',(-86.52217302514,78.309156372873,
    1.500002540005));
#10337 = CARTESIAN_POINT('',(-86.52217302514,78.309156372873,
    4.000008636017));
#10338 = CARTESIAN_POINT('',(-86.52217302514,83.377455696164,
    1.500002540005));
#10339 = CARTESIAN_POINT('',(-86.52217302514,83.377455696164,
    4.000008636017));
#10340 = ADVANCED_FACE('',(#10341),#10351,.F.);
#10341 = FACE_BOUND('',#10342,.F.);
#10342 = EDGE_LOOP('',(#10343,#10344,#10345,#10346));
#10343 = ORIENTED_EDGE('',*,*,#10001,.T.);
#10344 = ORIENTED_EDGE('',*,*,#5349,.F.);
#10345 = ORIENTED_EDGE('',*,*,#10141,.T.);
#10346 = ORIENTED_EDGE('',*,*,#10347,.T.);
#10347 = EDGE_CURVE('',#10043,#9995,#10348,.T.);
#10348 = B_SPLINE_CURVE_WITH_KNOTS('',1,(#10349,#10350),.UNSPECIFIED.,
  .F.,.F.,(2,2),(47.311457242019,168.1102416),.PIECEWISE_BEZIER_KNOTS.);
#10349 = CARTESIAN_POINT('',(-84.52045798216,85.379170739142,
    4.000008636017));
#10350 = CARTESIAN_POINT('',(-81.45216272288,85.379170739142,
    4.000008636017));
#10351 = B_SPLINE_SURFACE_WITH_KNOTS('',1,1,(
    (#10352,#10353)
    ,(#10354,#10355
    )),.UNSPECIFIED.,.F.,.F.,.F.,(2,2),(2,2),(-134.2125579718,
    65.326386386175),(-12.57728272407,85.847957275928),
  .PIECEWISE_BEZIER_KNOTS.);
#10352 = CARTESIAN_POINT('',(-79.45215865887,85.379170739142,
    1.500002540005));
#10353 = CARTESIAN_POINT('',(-79.45215865887,85.379170739142,
    4.000008636017));
#10354 = CARTESIAN_POINT('',(-84.52045798216,85.379170739142,
    1.500002540005));
#10355 = CARTESIAN_POINT('',(-84.52045798216,85.379170739142,
    4.000008636017));
#10356 = ADVANCED_FACE('',(#10357),#10363,.T.);
#10357 = FACE_BOUND('',#10358,.T.);
#10358 = EDGE_LOOP('',(#10359,#10360,#10361,#10362));
#10359 = ORIENTED_EDGE('',*,*,#5422,.F.);
#10360 = ORIENTED_EDGE('',*,*,#9459,.F.);
#10361 = ORIENTED_EDGE('',*,*,#5371,.T.);
#10362 = ORIENTED_EDGE('',*,*,#5398,.F.);
#10363 = B_SPLINE_SURFACE_WITH_KNOTS('',1,1,(
    (#10364,#10365)
    ,(#10366,#10367
    )),.UNSPECIFIED.,.F.,.F.,.F.,(2,2),(2,2),(46.669354265041,168.1102),
  (-47.2441,0.),.PIECEWISE_BEZIER_KNOTS.);
#10364 = CARTESIAN_POINT('',(-85.81717170434,-24.53994676822,
    6.00001016002));
#10365 = CARTESIAN_POINT('',(-84.61716916433,-24.53994676822,
    6.00001016002));
#10366 = CARTESIAN_POINT('',(-85.81717170434,-27.6245504191,
    6.00001016002));
#10367 = CARTESIAN_POINT('',(-84.61716916433,-27.6245504191,
    6.00001016002));
#10368 = ADVANCED_FACE('',(#10369),#10375,.T.);
#10369 = FACE_BOUND('',#10370,.T.);
#10370 = EDGE_LOOP('',(#10371,#10372,#10373,#10374));
#10371 = ORIENTED_EDGE('',*,*,#5496,.F.);
#10372 = ORIENTED_EDGE('',*,*,#8841,.F.);
#10373 = ORIENTED_EDGE('',*,*,#5445,.T.);
#10374 = ORIENTED_EDGE('',*,*,#5472,.F.);
#10375 = B_SPLINE_SURFACE_WITH_KNOTS('',1,1,(
    (#10376,#10377)
    ,(#10378,#10379
    )),.UNSPECIFIED.,.F.,.F.,.F.,(2,2),(2,2),(46.669354265039,168.1102),
  (-47.2441,0.),.PIECEWISE_BEZIER_KNOTS.);
#10376 = CARTESIAN_POINT('',(-20.10003937007,-24.53994676822,
    6.00001016002));
#10377 = CARTESIAN_POINT('',(-18.90003683007,-24.53994676822,
    6.00001016002));
#10378 = CARTESIAN_POINT('',(-20.10003937007,-27.6245504191,
    6.00001016002));
#10379 = CARTESIAN_POINT('',(-18.90003683007,-27.6245504191,
    6.00001016002));
#10380 = ADVANCED_FACE('',(#10381),#10388,.T.);
#10381 = FACE_BOUND('',#10382,.T.);
#10382 = EDGE_LOOP('',(#10383,#10384,#10385,#10386,#10387));
#10383 = ORIENTED_EDGE('',*,*,#5570,.F.);
#10384 = ORIENTED_EDGE('',*,*,#7922,.F.);
#10385 = ORIENTED_EDGE('',*,*,#7896,.F.);
#10386 = ORIENTED_EDGE('',*,*,#5519,.T.);
#10387 = ORIENTED_EDGE('',*,*,#5546,.F.);
#10388 = B_SPLINE_SURFACE_WITH_KNOTS('',1,1,(
    (#10389,#10390)
    ,(#10391,#10392
    )),.UNSPECIFIED.,.F.,.F.,.F.,(2,2),(2,2),(47.311457242032,
    168.1102416),(-47.244096,0.),.PIECEWISE_BEZIER_KNOTS.);
#10389 = CARTESIAN_POINT('',(-2.39829389784,4.353008686817,
    4.000008636017));
#10390 = CARTESIAN_POINT('',(-2.39829389784,5.553011125222,
    4.000008636017));
#10391 = CARTESIAN_POINT('',(0.670001361443,4.353008686817,
    4.000008636017));
#10392 = CARTESIAN_POINT('',(0.670001361443,5.553011125222,
    4.000008636017));
#10393 = ADVANCED_FACE('',(#10394),#10401,.T.);
#10394 = FACE_BOUND('',#10395,.T.);
#10395 = EDGE_LOOP('',(#10396,#10397,#10398,#10399,#10400));
#10396 = ORIENTED_EDGE('',*,*,#5644,.F.);
#10397 = ORIENTED_EDGE('',*,*,#7626,.F.);
#10398 = ORIENTED_EDGE('',*,*,#7600,.F.);
#10399 = ORIENTED_EDGE('',*,*,#5593,.T.);
#10400 = ORIENTED_EDGE('',*,*,#5620,.F.);
#10401 = B_SPLINE_SURFACE_WITH_KNOTS('',1,1,(
    (#10402,#10403)
    ,(#10404,#10405
    )),.UNSPECIFIED.,.F.,.F.,.F.,(2,2),(2,2),(47.311457242028,
    168.1102416),(-47.244096,8.810729923425E-13),
  .PIECEWISE_BEZIER_KNOTS.);
#10402 = CARTESIAN_POINT('',(-2.097293135839,65.567131115062,
    4.000008636017));
#10403 = CARTESIAN_POINT('',(-2.097293135839,66.767133553467,
    4.000008636017));
#10404 = CARTESIAN_POINT('',(0.971002123444,65.567131115062,
    4.000008636017));
#10405 = CARTESIAN_POINT('',(0.971002123444,66.767133553467,
    4.000008636017));
#10406 = ADVANCED_FACE('',(#10407),#10411,.F.);
#10407 = FACE_BOUND('',#10408,.F.);
#10408 = EDGE_LOOP('',(#10409,#10410));
#10409 = ORIENTED_EDGE('',*,*,#5658,.F.);
#10410 = ORIENTED_EDGE('',*,*,#5726,.T.);
#10411 = PLANE('',#10412);
#10412 = AXIS2_PLACEMENT_3D('',#10413,#10414,#10415);
#10413 = CARTESIAN_POINT('',(-2.58,32.32,33.));
#10414 = DIRECTION('',(1.,0.,0.));
#10415 = DIRECTION('',(-0.,0.,1.));
#10416 = ADVANCED_FACE('',(#10417),#10421,.T.);
#10417 = FACE_BOUND('',#10418,.T.);
#10418 = EDGE_LOOP('',(#10419,#10420));
#10419 = ORIENTED_EDGE('',*,*,#5691,.F.);
#10420 = ORIENTED_EDGE('',*,*,#5745,.T.);
#10421 = PLANE('',#10422);
#10422 = AXIS2_PLACEMENT_3D('',#10423,#10424,#10425);
#10423 = CARTESIAN_POINT('',(5.42,32.32,33.));
#10424 = DIRECTION('',(1.,0.,0.));
#10425 = DIRECTION('',(-0.,0.,1.));
#10426 = ADVANCED_FACE('',(#10427),#10432,.T.);
#10427 = FACE_BOUND('',#10428,.T.);
#10428 = EDGE_LOOP('',(#10429,#10430,#10431));
#10429 = ORIENTED_EDGE('',*,*,#7008,.F.);
#10430 = ORIENTED_EDGE('',*,*,#5766,.T.);
#10431 = ORIENTED_EDGE('',*,*,#7149,.F.);
#10432 = PLANE('',#10433);
#10433 = AXIS2_PLACEMENT_3D('',#10434,#10435,#10436);
#10434 = CARTESIAN_POINT('',(-97.76219329438,97.12,1.5));
#10435 = DIRECTION('',(0.,0.,1.));
#10436 = DIRECTION('',(1.,0.,-0.));
#10437 = ADVANCED_FACE('',(#10438),#10443,.T.);
#10438 = FACE_BOUND('',#10439,.T.);
#10439 = EDGE_LOOP('',(#10440,#10441,#10442));
#10440 = ORIENTED_EDGE('',*,*,#7304,.F.);
#10441 = ORIENTED_EDGE('',*,*,#5930,.T.);
#10442 = ORIENTED_EDGE('',*,*,#7445,.F.);
#10443 = PLANE('',#10444);
#10444 = AXIS2_PLACEMENT_3D('',#10445,#10446,#10447);
#10445 = CARTESIAN_POINT('',(-97.76219329438,97.12,1.5));
#10446 = DIRECTION('',(0.,0.,1.));
#10447 = DIRECTION('',(1.,0.,-0.));
#10448 = ADVANCED_FACE('',(#10449),#10454,.T.);
#10449 = FACE_BOUND('',#10450,.T.);
#10450 = EDGE_LOOP('',(#10451,#10452,#10453));
#10451 = ORIENTED_EDGE('',*,*,#6712,.F.);
#10452 = ORIENTED_EDGE('',*,*,#6094,.T.);
#10453 = ORIENTED_EDGE('',*,*,#6853,.F.);
#10454 = PLANE('',#10455);
#10455 = AXIS2_PLACEMENT_3D('',#10456,#10457,#10458);
#10456 = CARTESIAN_POINT('',(-97.76219329438,-40.93357886715,1.5));
#10457 = DIRECTION('',(0.,0.,1.));
#10458 = DIRECTION('',(1.,0.,-0.));
#10459 = ADVANCED_FACE('',(#10460),#10465,.T.);
#10460 = FACE_BOUND('',#10461,.T.);
#10461 = EDGE_LOOP('',(#10462,#10463,#10464));
#10462 = ORIENTED_EDGE('',*,*,#6416,.F.);
#10463 = ORIENTED_EDGE('',*,*,#6258,.T.);
#10464 = ORIENTED_EDGE('',*,*,#6557,.F.);
#10465 = PLANE('',#10466);
#10466 = AXIS2_PLACEMENT_3D('',#10467,#10468,#10469);
#10467 = CARTESIAN_POINT('',(-97.76219329438,-40.93357886715,1.5));
#10468 = DIRECTION('',(0.,0.,1.));
#10469 = DIRECTION('',(1.,0.,-0.));
#10470 = ADVANCED_FACE('',(#10471,#10474),#10488,.T.);
#10471 = FACE_BOUND('',#10472,.T.);
#10472 = EDGE_LOOP('',(#10473));
#10473 = ORIENTED_EDGE('',*,*,#7615,.T.);
#10474 = FACE_BOUND('',#10475,.T.);
#10475 = EDGE_LOOP('',(#10476));
#10476 = ORIENTED_EDGE('',*,*,#10477,.F.);
#10477 = EDGE_CURVE('',#10478,#10478,#10480,.T.);
#10478 = VERTEX_POINT('',#10479);
#10479 = CARTESIAN_POINT('',(-3.299006553213,66.167132334265,
    6.000012700025));
#10480 = ( BOUNDED_CURVE() B_SPLINE_CURVE(2,(#10481,#10482,#10483,#10484
    ,#10485,#10486,#10487),.UNSPECIFIED.,.T.,.F.) 
B_SPLINE_CURVE_WITH_KNOTS((1,2,2,2,2,1),(-2.094395102394,0.,
    2.094395102393,4.188790204786,6.28318530718,8.377580409573),
.UNSPECIFIED.) CURVE() GEOMETRIC_REPRESENTATION_ITEM() 
RATIONAL_B_SPLINE_CURVE((1.,0.5,1.,0.5,1.,0.5,1.)) REPRESENTATION_ITEM(
  '') );
#10481 = CARTESIAN_POINT('',(-3.299006553213,66.167132334265,
    6.000012700025));
#10482 = CARTESIAN_POINT('',(-3.299006553213,68.592008392209,
    6.000012700025));
#10483 = CARTESIAN_POINT('',(-5.399010820422,67.379570363237,
    6.000012700025));
#10484 = CARTESIAN_POINT('',(-7.49901508763,66.167132334265,
    6.000012700025));
#10485 = CARTESIAN_POINT('',(-5.399010820422,64.954694305292,
    6.000012700025));
#10486 = CARTESIAN_POINT('',(-3.299006553213,63.74225627632,
    6.000012700025));
#10487 = CARTESIAN_POINT('',(-3.299006553213,66.167132334265,
    6.000012700025));
#10488 = B_SPLINE_SURFACE_WITH_KNOTS('',1,1,(
    (#10489,#10490)
    ,(#10491,#10492
    )),.UNSPECIFIED.,.F.,.F.,.F.,(2,2),(2,2),(-105.1181136,105.1181136),
  (-105.1181136,105.1181136),.PIECEWISE_BEZIER_KNOTS.);
#10489 = CARTESIAN_POINT('',(-7.36901482347,63.497126908814,
    6.000012700025));
#10490 = CARTESIAN_POINT('',(-7.36901482347,68.837137759716,
    6.000012700025));
#10491 = CARTESIAN_POINT('',(-2.029003972568,63.497126908814,
    6.000012700025));
#10492 = CARTESIAN_POINT('',(-2.029003972568,68.837137759716,
    6.000012700025));
#10493 = ADVANCED_FACE('',(#10494),#10500,.T.);
#10494 = FACE_BOUND('',#10495,.T.);
#10495 = EDGE_LOOP('',(#10496,#10497,#10498,#10499));
#10496 = ORIENTED_EDGE('',*,*,#7763,.F.);
#10497 = ORIENTED_EDGE('',*,*,#7641,.F.);
#10498 = ORIENTED_EDGE('',*,*,#7725,.T.);
#10499 = ORIENTED_EDGE('',*,*,#7738,.F.);
#10500 = B_SPLINE_SURFACE_WITH_KNOTS('',1,1,(
    (#10501,#10502)
    ,(#10503,#10504
    )),.UNSPECIFIED.,.F.,.F.,.F.,(2,2),(2,2),(47.311457242028,
    168.1102416),(-47.244096,8.810729923425E-13),
  .PIECEWISE_BEZIER_KNOTS.);
#10501 = CARTESIAN_POINT('',(-4.099008178816,68.768848596445,
    4.000008636017));
#10502 = CARTESIAN_POINT('',(-5.299010617221,68.768848596445,
    4.000008636017));
#10503 = CARTESIAN_POINT('',(-4.099008178816,71.837143855728,
    4.000008636017));
#10504 = CARTESIAN_POINT('',(-5.299010617221,71.837143855728,
    4.000008636017));
#10505 = ADVANCED_FACE('',(#10506),#10512,.T.);
#10506 = FACE_BOUND('',#10507,.T.);
#10507 = EDGE_LOOP('',(#10508,#10509,#10510,#10511));
#10508 = ORIENTED_EDGE('',*,*,#7823,.F.);
#10509 = ORIENTED_EDGE('',*,*,#7662,.F.);
#10510 = ORIENTED_EDGE('',*,*,#7785,.T.);
#10511 = ORIENTED_EDGE('',*,*,#7798,.F.);
#10512 = B_SPLINE_SURFACE_WITH_KNOTS('',1,1,(
    (#10513,#10514)
    ,(#10515,#10516
    )),.UNSPECIFIED.,.F.,.F.,.F.,(2,2),(2,2),(47.311457242028,
    168.1102416),(-47.244096,8.597567102697E-13),
  .PIECEWISE_BEZIER_KNOTS.);
#10513 = CARTESIAN_POINT('',(-7.300725660199,66.767133553467,
    4.000008636017));
#10514 = CARTESIAN_POINT('',(-7.300725660199,65.567131115062,
    4.000008636017));
#10515 = CARTESIAN_POINT('',(-10.36902091948,66.767133553467,
    4.000008636017));
#10516 = CARTESIAN_POINT('',(-10.36902091948,65.567131115062,
    4.000008636017));
#10517 = ADVANCED_FACE('',(#10518),#10524,.T.);
#10518 = FACE_BOUND('',#10519,.T.);
#10519 = EDGE_LOOP('',(#10520,#10521,#10522,#10523));
#10520 = ORIENTED_EDGE('',*,*,#7883,.F.);
#10521 = ORIENTED_EDGE('',*,*,#7683,.F.);
#10522 = ORIENTED_EDGE('',*,*,#7845,.T.);
#10523 = ORIENTED_EDGE('',*,*,#7858,.F.);
#10524 = B_SPLINE_SURFACE_WITH_KNOTS('',1,1,(
    (#10525,#10526)
    ,(#10527,#10528
    )),.UNSPECIFIED.,.F.,.F.,.F.,(2,2),(2,2),(47.311457242028,
    168.1102416),(-47.244096,9.663381206337E-13),
  .PIECEWISE_BEZIER_KNOTS.);
#10525 = CARTESIAN_POINT('',(-5.299010617221,63.565416072085,
    4.000008636017));
#10526 = CARTESIAN_POINT('',(-4.099008178816,63.565416072085,
    4.000008636017));
#10527 = CARTESIAN_POINT('',(-5.299010617221,60.497120812802,
    4.000008636017));
#10528 = CARTESIAN_POINT('',(-4.099008178816,60.497120812802,
    4.000008636017));
#10529 = ADVANCED_FACE('',(#10530,#10533),#10547,.T.);
#10530 = FACE_BOUND('',#10531,.T.);
#10531 = EDGE_LOOP('',(#10532));
#10532 = ORIENTED_EDGE('',*,*,#7911,.T.);
#10533 = FACE_BOUND('',#10534,.T.);
#10534 = EDGE_LOOP('',(#10535));
#10535 = ORIENTED_EDGE('',*,*,#10536,.F.);
#10536 = EDGE_CURVE('',#10537,#10537,#10539,.T.);
#10537 = VERTEX_POINT('',#10538);
#10538 = CARTESIAN_POINT('',(-3.600007315215,4.95300990602,
    6.000012700025));
#10539 = ( BOUNDED_CURVE() B_SPLINE_CURVE(2,(#10540,#10541,#10542,#10543
    ,#10544,#10545,#10546),.UNSPECIFIED.,.T.,.F.) 
B_SPLINE_CURVE_WITH_KNOTS((1,2,2,2,2,1),(-2.094395102394,0.,
    2.094395102393,4.188790204786,6.28318530718,8.377580409573),
.UNSPECIFIED.) CURVE() GEOMETRIC_REPRESENTATION_ITEM() 
RATIONAL_B_SPLINE_CURVE((1.,0.5,1.,0.5,1.,0.5,1.)) REPRESENTATION_ITEM(
  '') );
#10540 = CARTESIAN_POINT('',(-3.600007315215,4.95300990602,
    6.000012700025));
#10541 = CARTESIAN_POINT('',(-3.600007315215,7.377885963964,
    6.000012700025));
#10542 = CARTESIAN_POINT('',(-5.700011582423,6.165447934992,
    6.000012700025));
#10543 = CARTESIAN_POINT('',(-7.800015849632,4.95300990602,
    6.000012700025));
#10544 = CARTESIAN_POINT('',(-5.700011582423,3.740571877048,
    6.000012700025));
#10545 = CARTESIAN_POINT('',(-3.600007315215,2.528133848075,
    6.000012700025));
#10546 = CARTESIAN_POINT('',(-3.600007315215,4.95300990602,
    6.000012700025));
#10547 = B_SPLINE_SURFACE_WITH_KNOTS('',1,1,(
    (#10548,#10549)
    ,(#10550,#10551
    )),.UNSPECIFIED.,.F.,.F.,.F.,(2,2),(2,2),(-105.1181136,105.1181136),
  (-105.1181136,105.1181136),.PIECEWISE_BEZIER_KNOTS.);
#10548 = CARTESIAN_POINT('',(-7.670015585471,2.283004480569,
    6.000012700025));
#10549 = CARTESIAN_POINT('',(-7.670015585471,7.623015331471,
    6.000012700025));
#10550 = CARTESIAN_POINT('',(-2.330004734569,2.283004480569,
    6.000012700025));
#10551 = CARTESIAN_POINT('',(-2.330004734569,7.623015331471,
    6.000012700025));
#10552 = ADVANCED_FACE('',(#10553),#10559,.T.);
#10553 = FACE_BOUND('',#10554,.T.);
#10554 = EDGE_LOOP('',(#10555,#10556,#10557,#10558));
#10555 = ORIENTED_EDGE('',*,*,#8059,.F.);
#10556 = ORIENTED_EDGE('',*,*,#7937,.F.);
#10557 = ORIENTED_EDGE('',*,*,#8021,.T.);
#10558 = ORIENTED_EDGE('',*,*,#8034,.F.);
#10559 = B_SPLINE_SURFACE_WITH_KNOTS('',1,1,(
    (#10560,#10561)
    ,(#10562,#10563
    )),.UNSPECIFIED.,.F.,.F.,.F.,(2,2),(2,2),(47.311457242032,
    168.1102416),(-47.244096,0.),.PIECEWISE_BEZIER_KNOTS.);
#10560 = CARTESIAN_POINT('',(-4.400008940818,7.5547261682,4.000008636017
    ));
#10561 = CARTESIAN_POINT('',(-5.600011379223,7.5547261682,4.000008636017
    ));
#10562 = CARTESIAN_POINT('',(-4.400008940818,10.623021427483,
    4.000008636017));
#10563 = CARTESIAN_POINT('',(-5.600011379223,10.623021427483,
    4.000008636017));
#10564 = ADVANCED_FACE('',(#10565),#10571,.T.);
#10565 = FACE_BOUND('',#10566,.T.);
#10566 = EDGE_LOOP('',(#10567,#10568,#10569,#10570));
#10567 = ORIENTED_EDGE('',*,*,#8119,.F.);
#10568 = ORIENTED_EDGE('',*,*,#7958,.F.);
#10569 = ORIENTED_EDGE('',*,*,#8081,.T.);
#10570 = ORIENTED_EDGE('',*,*,#8094,.F.);
#10571 = B_SPLINE_SURFACE_WITH_KNOTS('',1,1,(
    (#10572,#10573)
    ,(#10574,#10575
    )),.UNSPECIFIED.,.F.,.F.,.F.,(2,2),(2,2),(47.311457242032,
    168.1102416),(-47.244096,0.),.PIECEWISE_BEZIER_KNOTS.);
#10572 = CARTESIAN_POINT('',(-7.6017264222,5.553011125222,4.000008636017
    ));
#10573 = CARTESIAN_POINT('',(-7.6017264222,4.353008686817,4.000008636017
    ));
#10574 = CARTESIAN_POINT('',(-10.67002168148,5.553011125222,
    4.000008636017));
#10575 = CARTESIAN_POINT('',(-10.67002168148,4.353008686817,
    4.000008636017));
#10576 = ADVANCED_FACE('',(#10577),#10583,.T.);
#10577 = FACE_BOUND('',#10578,.T.);
#10578 = EDGE_LOOP('',(#10579,#10580,#10581,#10582));
#10579 = ORIENTED_EDGE('',*,*,#8743,.F.);
#10580 = ORIENTED_EDGE('',*,*,#7979,.F.);
#10581 = ORIENTED_EDGE('',*,*,#8141,.T.);
#10582 = ORIENTED_EDGE('',*,*,#8182,.F.);
#10583 = B_SPLINE_SURFACE_WITH_KNOTS('',1,1,(
    (#10584,#10585)
    ,(#10586,#10587
    )),.UNSPECIFIED.,.F.,.F.,.F.,(2,2),(2,2),(47.311457242032,149.881888
    ),(-47.244096,0.),.PIECEWISE_BEZIER_KNOTS.);
#10584 = CARTESIAN_POINT('',(-5.600011379223,2.35129364384,
    4.000008636017));
#10585 = CARTESIAN_POINT('',(-4.400008940818,2.35129364384,
    4.000008636017));
#10586 = CARTESIAN_POINT('',(-5.600011379223,-0.254000508001,
    4.000008636017));
#10587 = CARTESIAN_POINT('',(-4.400008940818,-0.254000508001,
    4.000008636017));
#10588 = ADVANCED_FACE('',(#10589),#10595,.F.);
#10589 = FACE_BOUND('',#10590,.F.);
#10590 = EDGE_LOOP('',(#10591,#10592,#10593,#10594));
#10591 = ORIENTED_EDGE('',*,*,#8564,.T.);
#10592 = ORIENTED_EDGE('',*,*,#8162,.T.);
#10593 = ORIENTED_EDGE('',*,*,#8726,.T.);
#10594 = ORIENTED_EDGE('',*,*,#8586,.T.);
#10595 = B_SPLINE_SURFACE_WITH_KNOTS('',1,1,(
    (#10596,#10597)
    ,(#10598,#10599
    )),.UNSPECIFIED.,.F.,.F.,.F.,(2,2),(2,2),(-1.8425E+03,1.8425E+03),(
    -30.,30.),.PIECEWISE_BEZIER_KNOTS.);
#10596 = CARTESIAN_POINT('',(0.127000254001,-1.778003556007,15.));
#10597 = CARTESIAN_POINT('',(0.127000254001,-0.254000508001,15.));
#10598 = CARTESIAN_POINT('',(-93.47218694437,-1.778003556007,15.));
#10599 = CARTESIAN_POINT('',(-93.47218694437,-0.254000508001,15.));
#10600 = ADVANCED_FACE('',(#10601),#10607,.T.);
#10601 = FACE_BOUND('',#10602,.T.);
#10602 = EDGE_LOOP('',(#10603,#10604,#10605,#10606));
#10603 = ORIENTED_EDGE('',*,*,#8225,.F.);
#10604 = ORIENTED_EDGE('',*,*,#8329,.F.);
#10605 = ORIENTED_EDGE('',*,*,#8543,.T.);
#10606 = ORIENTED_EDGE('',*,*,#8196,.F.);
#10607 = B_SPLINE_SURFACE_WITH_KNOTS('',1,1,(
    (#10608,#10609)
    ,(#10610,#10611
    )),.UNSPECIFIED.,.F.,.F.,.F.,(2,2),(2,2),(47.311457242032,164.881888
    ),(-47.244096,0.),.PIECEWISE_BEZIER_KNOTS.);
#10608 = CARTESIAN_POINT('',(-87.72217546355,2.732294405841,
    4.000008636017));
#10609 = CARTESIAN_POINT('',(-86.52217302514,2.732294405841,
    4.000008636017));
#10610 = CARTESIAN_POINT('',(-87.72217546355,-0.254000508001,
    4.000008636017));
#10611 = CARTESIAN_POINT('',(-86.52217302514,-0.254000508001,
    4.000008636017));
#10612 = ADVANCED_FACE('',(#10613),#10620,.T.);
#10613 = FACE_BOUND('',#10614,.T.);
#10614 = EDGE_LOOP('',(#10615,#10616,#10617,#10618,#10619));
#10615 = ORIENTED_EDGE('',*,*,#8407,.F.);
#10616 = ORIENTED_EDGE('',*,*,#8266,.F.);
#10617 = ORIENTED_EDGE('',*,*,#8238,.F.);
#10618 = ORIENTED_EDGE('',*,*,#8369,.T.);
#10619 = ORIENTED_EDGE('',*,*,#8382,.F.);
#10620 = B_SPLINE_SURFACE_WITH_KNOTS('',1,1,(
    (#10621,#10622)
    ,(#10623,#10624
    )),.UNSPECIFIED.,.F.,.F.,.F.,(2,2),(2,2),(47.311457242019,
    168.1102416),(-47.244096,2.877698079828E-12),
  .PIECEWISE_BEZIER_KNOTS.);
#10621 = CARTESIAN_POINT('',(-84.52045798216,4.734009448819,
    4.000008636017));
#10622 = CARTESIAN_POINT('',(-84.52045798216,5.934011887224,
    4.000008636017));
#10623 = CARTESIAN_POINT('',(-81.45216272288,4.734009448819,
    4.000008636017));
#10624 = CARTESIAN_POINT('',(-81.45216272288,5.934011887224,
    4.000008636017));
#10625 = ADVANCED_FACE('',(#10626,#10629),#10643,.T.);
#10626 = FACE_BOUND('',#10627,.T.);
#10627 = EDGE_LOOP('',(#10628));
#10628 = ORIENTED_EDGE('',*,*,#8255,.T.);
#10629 = FACE_BOUND('',#10630,.T.);
#10630 = EDGE_LOOP('',(#10631));
#10631 = ORIENTED_EDGE('',*,*,#10632,.F.);
#10632 = EDGE_CURVE('',#10633,#10633,#10635,.T.);
#10633 = VERTEX_POINT('',#10634);
#10634 = CARTESIAN_POINT('',(-85.72217139954,5.334010668021,
    6.000012700025));
#10635 = ( BOUNDED_CURVE() B_SPLINE_CURVE(2,(#10636,#10637,#10638,#10639
    ,#10640,#10641,#10642),.UNSPECIFIED.,.T.,.F.) 
B_SPLINE_CURVE_WITH_KNOTS((1,2,2,2,2,1),(-2.094395102394,0.,
    2.094395102393,4.188790204786,6.28318530718,8.377580409573),
.UNSPECIFIED.) CURVE() GEOMETRIC_REPRESENTATION_ITEM() 
RATIONAL_B_SPLINE_CURVE((1.,0.5,1.,0.5,1.,0.5,1.)) REPRESENTATION_ITEM(
  '') );
#10636 = CARTESIAN_POINT('',(-85.72217139954,5.334010668021,
    6.000012700025));
#10637 = CARTESIAN_POINT('',(-85.72217139954,7.758886725966,
    6.000012700025));
#10638 = CARTESIAN_POINT('',(-87.82217566675,6.546448696994,
    6.000012700025));
#10639 = CARTESIAN_POINT('',(-89.92217993396,5.334010668021,
    6.000012700025));
#10640 = CARTESIAN_POINT('',(-87.82217566675,4.121572639049,
    6.000012700025));
#10641 = CARTESIAN_POINT('',(-85.72217139954,2.909134610077,
    6.000012700025));
#10642 = CARTESIAN_POINT('',(-85.72217139954,5.334010668021,
    6.000012700025));
#10643 = B_SPLINE_SURFACE_WITH_KNOTS('',1,1,(
    (#10644,#10645)
    ,(#10646,#10647
    )),.UNSPECIFIED.,.F.,.F.,.F.,(2,2),(2,2),(-105.1181136,105.1181136),
  (-105.1181136,105.1181136),.PIECEWISE_BEZIER_KNOTS.);
#10644 = CARTESIAN_POINT('',(-89.79217966979,2.66400524257,
    6.000012700025));
#10645 = CARTESIAN_POINT('',(-89.79217966979,8.004016093472,
    6.000012700025));
#10646 = CARTESIAN_POINT('',(-84.45216881889,2.66400524257,
    6.000012700025));
#10647 = CARTESIAN_POINT('',(-84.45216881889,8.004016093472,
    6.000012700025));
#10648 = ADVANCED_FACE('',(#10649),#10655,.T.);
#10649 = FACE_BOUND('',#10650,.T.);
#10650 = EDGE_LOOP('',(#10651,#10652,#10653,#10654));
#10651 = ORIENTED_EDGE('',*,*,#8467,.F.);
#10652 = ORIENTED_EDGE('',*,*,#8287,.F.);
#10653 = ORIENTED_EDGE('',*,*,#8429,.T.);
#10654 = ORIENTED_EDGE('',*,*,#8442,.F.);
#10655 = B_SPLINE_SURFACE_WITH_KNOTS('',1,1,(
    (#10656,#10657)
    ,(#10658,#10659
    )),.UNSPECIFIED.,.F.,.F.,.F.,(2,2),(2,2),(47.311457242019,
    168.1102416),(-47.244096,2.884803507186E-12),
  .PIECEWISE_BEZIER_KNOTS.);
#10656 = CARTESIAN_POINT('',(-86.52217302514,7.935726930201,
    4.000008636017));
#10657 = CARTESIAN_POINT('',(-87.72217546355,7.935726930201,
    4.000008636017));
#10658 = CARTESIAN_POINT('',(-86.52217302514,11.004022189484,
    4.000008636017));
#10659 = CARTESIAN_POINT('',(-87.72217546355,11.004022189484,
    4.000008636017));
#10660 = ADVANCED_FACE('',(#10661),#10667,.T.);
#10661 = FACE_BOUND('',#10662,.T.);
#10662 = EDGE_LOOP('',(#10663,#10664,#10665,#10666));
#10663 = ORIENTED_EDGE('',*,*,#8527,.F.);
#10664 = ORIENTED_EDGE('',*,*,#8308,.F.);
#10665 = ORIENTED_EDGE('',*,*,#8489,.T.);
#10666 = ORIENTED_EDGE('',*,*,#8502,.F.);
#10667 = B_SPLINE_SURFACE_WITH_KNOTS('',1,1,(
    (#10668,#10669)
    ,(#10670,#10671
    )),.UNSPECIFIED.,.F.,.F.,.F.,(2,2),(2,2),(47.311457242032,
    168.1102416),(-47.244096,0.),.PIECEWISE_BEZIER_KNOTS.);
#10668 = CARTESIAN_POINT('',(-89.72389050652,5.934011887224,
    4.000008636017));
#10669 = CARTESIAN_POINT('',(-89.72389050652,4.734009448819,
    4.000008636017));
#10670 = CARTESIAN_POINT('',(-92.79218576581,5.934011887224,
    4.000008636017));
#10671 = CARTESIAN_POINT('',(-92.79218576581,4.734009448819,
    4.000008636017));
#10672 = ADVANCED_FACE('',(#10673),#10680,.T.);
#10673 = FACE_BOUND('',#10674,.T.);
#10674 = EDGE_LOOP('',(#10675,#10676,#10677,#10678,#10679));
#10675 = ORIENTED_EDGE('',*,*,#8919,.F.);
#10676 = ORIENTED_EDGE('',*,*,#8784,.F.);
#10677 = ORIENTED_EDGE('',*,*,#8756,.F.);
#10678 = ORIENTED_EDGE('',*,*,#8881,.T.);
#10679 = ORIENTED_EDGE('',*,*,#8894,.F.);
#10680 = B_SPLINE_SURFACE_WITH_KNOTS('',1,1,(
    (#10681,#10682)
    ,(#10683,#10684
    )),.UNSPECIFIED.,.F.,.F.,.F.,(2,2),(2,2),(46.669354265039,168.1102),
  (-47.2441,1.136868377216E-13),.PIECEWISE_BEZIER_KNOTS.);
#10681 = CARTESIAN_POINT('',(-17.41463286093,-23.05454279908,
    6.00001016002));
#10682 = CARTESIAN_POINT('',(-17.41463286093,-21.85454025908,
    6.00001016002));
#10683 = CARTESIAN_POINT('',(-14.33002921005,-23.05454279908,
    6.00001016002));
#10684 = CARTESIAN_POINT('',(-14.33002921005,-21.85454025908,
    6.00001016002));
#10685 = ADVANCED_FACE('',(#10686,#10689),#10703,.T.);
#10686 = FACE_BOUND('',#10687,.T.);
#10687 = EDGE_LOOP('',(#10688));
#10688 = ORIENTED_EDGE('',*,*,#8773,.T.);
#10689 = FACE_BOUND('',#10690,.T.);
#10690 = EDGE_LOOP('',(#10691));
#10691 = ORIENTED_EDGE('',*,*,#10692,.F.);
#10692 = EDGE_CURVE('',#10693,#10693,#10695,.T.);
#10693 = VERTEX_POINT('',#10694);
#10694 = CARTESIAN_POINT('',(-18.60003683007,-22.45454152908,
    8.00001524003));
#10695 = ( BOUNDED_CURVE() B_SPLINE_CURVE(2,(#10696,#10697,#10698,#10699
    ,#10700,#10701,#10702),.UNSPECIFIED.,.T.,.F.) 
B_SPLINE_CURVE_WITH_KNOTS((1,2,2,2,2,1),(-2.094395102394,0.,
    2.094395102393,4.188790204786,6.28318530718,8.377580409573),
.UNSPECIFIED.) CURVE() GEOMETRIC_REPRESENTATION_ITEM() 
RATIONAL_B_SPLINE_CURVE((1.,0.5,1.,0.5,1.,0.5,1.)) REPRESENTATION_ITEM(
  '') );
#10696 = CARTESIAN_POINT('',(-18.60003683007,-22.45454152908,
    8.00001524003));
#10697 = CARTESIAN_POINT('',(-18.60003683007,-20.89569360256,
    8.00001524003));
#10698 = CARTESIAN_POINT('',(-19.95003873507,-21.67511756582,
    8.00001524003));
#10699 = CARTESIAN_POINT('',(-21.30004064008,-22.45454152908,
    8.00001524003));
#10700 = CARTESIAN_POINT('',(-19.95003873507,-23.23396549234,
    8.00001524003));
#10701 = CARTESIAN_POINT('',(-18.60003683007,-24.0133894556,
    8.00001524003));
#10702 = CARTESIAN_POINT('',(-18.60003683007,-22.45454152908,
    8.00001524003));
#10703 = B_SPLINE_SURFACE_WITH_KNOTS('',1,1,(
    (#10704,#10705)
    ,(#10706,#10707
    )),.UNSPECIFIED.,.F.,.F.,.F.,(2,2),(2,2),(-85.43305,85.43305),(
    -85.43305,85.43305),.PIECEWISE_BEZIER_KNOTS.);
#10704 = CARTESIAN_POINT('',(-21.67004191008,-24.62454533909,
    8.00001524003));
#10705 = CARTESIAN_POINT('',(-21.67004191008,-20.28453771907,
    8.00001524003));
#10706 = CARTESIAN_POINT('',(-17.33003429006,-24.62454533909,
    8.00001524003));
#10707 = CARTESIAN_POINT('',(-17.33003429006,-20.28453771907,
    8.00001524003));
#10708 = ADVANCED_FACE('',(#10709),#10719,.T.);
#10709 = FACE_BOUND('',#10710,.T.);
#10710 = EDGE_LOOP('',(#10711,#10712,#10713,#10714));
#10711 = ORIENTED_EDGE('',*,*,#9301,.F.);
#10712 = ORIENTED_EDGE('',*,*,#8805,.F.);
#10713 = ORIENTED_EDGE('',*,*,#8961,.T.);
#10714 = ORIENTED_EDGE('',*,*,#10715,.F.);
#10715 = EDGE_CURVE('',#9295,#8955,#10716,.T.);
#10716 = B_SPLINE_CURVE_WITH_KNOTS('',1,(#10717,#10718),.UNSPECIFIED.,
  .F.,.F.,(2,2),(0.,47.2441),.PIECEWISE_BEZIER_KNOTS.);
#10717 = CARTESIAN_POINT('',(-20.10003937007,-17.28453263906,
    6.00001016002));
#10718 = CARTESIAN_POINT('',(-18.90003683007,-17.28453263906,
    6.00001016002));
#10719 = B_SPLINE_SURFACE_WITH_KNOTS('',1,1,(
    (#10720,#10721)
    ,(#10722,#10723
    )),.UNSPECIFIED.,.F.,.F.,.F.,(2,2),(2,2),(46.669354265039,168.1102),
  (-47.2441,1.101341240428E-13),.PIECEWISE_BEZIER_KNOTS.);
#10720 = CARTESIAN_POINT('',(-18.90003683007,-20.36913628994,
    6.00001016002));
#10721 = CARTESIAN_POINT('',(-20.10003937007,-20.36913628994,
    6.00001016002));
#10722 = CARTESIAN_POINT('',(-18.90003683007,-17.28453263906,
    6.00001016002));
#10723 = CARTESIAN_POINT('',(-20.10003937007,-17.28453263906,
    6.00001016002));
#10724 = ADVANCED_FACE('',(#10725),#10731,.T.);
#10725 = FACE_BOUND('',#10726,.T.);
#10726 = EDGE_LOOP('',(#10727,#10728,#10729,#10730));
#10727 = ORIENTED_EDGE('',*,*,#9361,.F.);
#10728 = ORIENTED_EDGE('',*,*,#8826,.F.);
#10729 = ORIENTED_EDGE('',*,*,#9323,.T.);
#10730 = ORIENTED_EDGE('',*,*,#9336,.F.);
#10731 = B_SPLINE_SURFACE_WITH_KNOTS('',1,1,(
    (#10732,#10733)
    ,(#10734,#10735
    )),.UNSPECIFIED.,.F.,.F.,.F.,(2,2),(2,2),(46.669354265039,168.1102),
  (-47.2441,0.),.PIECEWISE_BEZIER_KNOTS.);
#10732 = CARTESIAN_POINT('',(-21.58544333921,-21.85454025908,
    6.00001016002));
#10733 = CARTESIAN_POINT('',(-21.58544333921,-23.05454279908,
    6.00001016002));
#10734 = CARTESIAN_POINT('',(-24.67004699009,-21.85454025908,
    6.00001016002));
#10735 = CARTESIAN_POINT('',(-24.67004699009,-23.05454279908,
    6.00001016002));
#10736 = ADVANCED_FACE('',(#10737),#10747,.T.);
#10737 = FACE_BOUND('',#10738,.T.);
#10738 = EDGE_LOOP('',(#10739,#10740,#10741,#10742));
#10739 = ORIENTED_EDGE('',*,*,#8940,.F.);
#10740 = ORIENTED_EDGE('',*,*,#9066,.F.);
#10741 = ORIENTED_EDGE('',*,*,#9280,.T.);
#10742 = ORIENTED_EDGE('',*,*,#10743,.F.);
#10743 = EDGE_CURVE('',#8941,#9281,#10744,.T.);
#10744 = B_SPLINE_CURVE_WITH_KNOTS('',1,(#10745,#10746),.UNSPECIFIED.,
  .F.,.F.,(2,2),(0.,47.2441),.PIECEWISE_BEZIER_KNOTS.);
#10745 = CARTESIAN_POINT('',(-18.90003683007,-14.31402717805,
    6.00001016002));
#10746 = CARTESIAN_POINT('',(-20.10003937007,-14.31402717805,
    6.00001016002));
#10747 = B_SPLINE_SURFACE_WITH_KNOTS('',1,1,(
    (#10748,#10749)
    ,(#10750,#10751
    )),.UNSPECIFIED.,.F.,.F.,.F.,(2,2),(2,2),(46.669354265039,168.1102),
  (-47.2441,0.),.PIECEWISE_BEZIER_KNOTS.);
#10748 = CARTESIAN_POINT('',(-20.10003937007,-11.22942352717,
    6.00001016002));
#10749 = CARTESIAN_POINT('',(-18.90003683007,-11.22942352717,
    6.00001016002));
#10750 = CARTESIAN_POINT('',(-20.10003937007,-14.31402717805,
    6.00001016002));
#10751 = CARTESIAN_POINT('',(-18.90003683007,-14.31402717805,
    6.00001016002));
#10752 = ADVANCED_FACE('',(#10753),#10763,.T.);
#10753 = FACE_BOUND('',#10754,.T.);
#10754 = EDGE_LOOP('',(#10755,#10756,#10757,#10758));
#10755 = ORIENTED_EDGE('',*,*,#8947,.F.);
#10756 = ORIENTED_EDGE('',*,*,#10743,.T.);
#10757 = ORIENTED_EDGE('',*,*,#9287,.T.);
#10758 = ORIENTED_EDGE('',*,*,#10759,.F.);
#10759 = EDGE_CURVE('',#8948,#9288,#10760,.T.);
#10760 = B_SPLINE_CURVE_WITH_KNOTS('',1,(#10761,#10762),.UNSPECIFIED.,
  .F.,.F.,(2,2),(-23.62205,23.62205),.PIECEWISE_BEZIER_KNOTS.);
#10761 = CARTESIAN_POINT('',(-18.90003683007,-15.79927990856,
    2.658194345788));
#10762 = CARTESIAN_POINT('',(-20.10003937007,-15.79927990856,
    2.658194345788));
#10763 = B_SPLINE_SURFACE_WITH_KNOTS('',1,1,(
    (#10764,#10765)
    ,(#10766,#10767
    )),.UNSPECIFIED.,.F.,.F.,.F.,(2,2),(2,2),(0.,143.97641086852),(
    -47.2441,0.),.PIECEWISE_BEZIER_KNOTS.);
#10764 = CARTESIAN_POINT('',(-20.10003937007,-14.31402717805,
    6.00001016002));
#10765 = CARTESIAN_POINT('',(-18.90003683007,-14.31402717805,
    6.00001016002));
#10766 = CARTESIAN_POINT('',(-20.10003937007,-15.79927990856,
    2.658194345788));
#10767 = CARTESIAN_POINT('',(-18.90003683007,-15.79927990856,
    2.658194345788));
#10768 = ADVANCED_FACE('',(#10769),#10775,.T.);
#10769 = FACE_BOUND('',#10770,.T.);
#10770 = EDGE_LOOP('',(#10771,#10772,#10773,#10774));
#10771 = ORIENTED_EDGE('',*,*,#9294,.F.);
#10772 = ORIENTED_EDGE('',*,*,#10715,.T.);
#10773 = ORIENTED_EDGE('',*,*,#8954,.T.);
#10774 = ORIENTED_EDGE('',*,*,#10759,.T.);
#10775 = B_SPLINE_SURFACE_WITH_KNOTS('',1,1,(
    (#10776,#10777)
    ,(#10778,#10779
    )),.UNSPECIFIED.,.F.,.F.,.F.,(2,2),(2,2),(0.,143.97641086852),(
    -47.2441,0.),.PIECEWISE_BEZIER_KNOTS.);
#10776 = CARTESIAN_POINT('',(-18.90003683007,-17.28453263906,
    6.00001016002));
#10777 = CARTESIAN_POINT('',(-20.10003937007,-17.28453263906,
    6.00001016002));
#10778 = CARTESIAN_POINT('',(-18.90003683007,-15.79927990856,
    2.658194345788));
#10779 = CARTESIAN_POINT('',(-20.10003937007,-15.79927990856,
    2.658194345788));
#10780 = ADVANCED_FACE('',(#10781),#10788,.T.);
#10781 = FACE_BOUND('',#10782,.T.);
#10782 = EDGE_LOOP('',(#10783,#10784,#10785,#10786,#10787));
#10783 = ORIENTED_EDGE('',*,*,#9144,.F.);
#10784 = ORIENTED_EDGE('',*,*,#9003,.F.);
#10785 = ORIENTED_EDGE('',*,*,#8975,.F.);
#10786 = ORIENTED_EDGE('',*,*,#9106,.T.);
#10787 = ORIENTED_EDGE('',*,*,#9119,.F.);
#10788 = B_SPLINE_SURFACE_WITH_KNOTS('',1,1,(
    (#10789,#10790)
    ,(#10791,#10792
    )),.UNSPECIFIED.,.F.,.F.,.F.,(2,2),(2,2),(46.669354265039,168.1102),
  (-47.2441,1.030286966852E-13),.PIECEWISE_BEZIER_KNOTS.);
#10789 = CARTESIAN_POINT('',(-17.41463286093,-9.744019558039,
    6.00001016002));
#10790 = CARTESIAN_POINT('',(-17.41463286093,-8.544017018034,
    6.00001016002));
#10791 = CARTESIAN_POINT('',(-14.33002921005,-9.744019558039,
    6.00001016002));
#10792 = CARTESIAN_POINT('',(-14.33002921005,-8.544017018034,
    6.00001016002));
#10793 = ADVANCED_FACE('',(#10794,#10797),#10811,.T.);
#10794 = FACE_BOUND('',#10795,.T.);
#10795 = EDGE_LOOP('',(#10796));
#10796 = ORIENTED_EDGE('',*,*,#8992,.T.);
#10797 = FACE_BOUND('',#10798,.T.);
#10798 = EDGE_LOOP('',(#10799));
#10799 = ORIENTED_EDGE('',*,*,#10800,.F.);
#10800 = EDGE_CURVE('',#10801,#10801,#10803,.T.);
#10801 = VERTEX_POINT('',#10802);
#10802 = CARTESIAN_POINT('',(-18.60003683007,-9.144018288037,
    8.00001524003));
#10803 = ( BOUNDED_CURVE() B_SPLINE_CURVE(2,(#10804,#10805,#10806,#10807
    ,#10808,#10809,#10810),.UNSPECIFIED.,.T.,.F.) 
B_SPLINE_CURVE_WITH_KNOTS((1,2,2,2,2,1),(-2.094395102394,0.,
    2.094395102393,4.188790204786,6.28318530718,8.377580409573),
.UNSPECIFIED.) CURVE() GEOMETRIC_REPRESENTATION_ITEM() 
RATIONAL_B_SPLINE_CURVE((1.,0.5,1.,0.5,1.,0.5,1.)) REPRESENTATION_ITEM(
  '') );
#10804 = CARTESIAN_POINT('',(-18.60003683007,-9.144018288037,
    8.00001524003));
#10805 = CARTESIAN_POINT('',(-18.60003683007,-7.585170361516,
    8.00001524003));
#10806 = CARTESIAN_POINT('',(-19.95003873507,-8.364594324776,
    8.00001524003));
#10807 = CARTESIAN_POINT('',(-21.30004064008,-9.144018288037,
    8.00001524003));
#10808 = CARTESIAN_POINT('',(-19.95003873507,-9.923442251297,
    8.00001524003));
#10809 = CARTESIAN_POINT('',(-18.60003683007,-10.70286621455,
    8.00001524003));
#10810 = CARTESIAN_POINT('',(-18.60003683007,-9.144018288037,
    8.00001524003));
#10811 = B_SPLINE_SURFACE_WITH_KNOTS('',1,1,(
    (#10812,#10813)
    ,(#10814,#10815
    )),.UNSPECIFIED.,.F.,.F.,.F.,(2,2),(2,2),(-85.43305,85.43305),(
    -85.43305,85.43305),.PIECEWISE_BEZIER_KNOTS.);
#10812 = CARTESIAN_POINT('',(-21.67004191008,-11.31402209804,
    8.00001524003));
#10813 = CARTESIAN_POINT('',(-21.67004191008,-6.974014478029,
    8.00001524003));
#10814 = CARTESIAN_POINT('',(-17.33003429006,-11.31402209804,
    8.00001524003));
#10815 = CARTESIAN_POINT('',(-17.33003429006,-6.974014478029,
    8.00001524003));
#10816 = ADVANCED_FACE('',(#10817),#10823,.T.);
#10817 = FACE_BOUND('',#10818,.T.);
#10818 = EDGE_LOOP('',(#10819,#10820,#10821,#10822));
#10819 = ORIENTED_EDGE('',*,*,#9204,.F.);
#10820 = ORIENTED_EDGE('',*,*,#9024,.F.);
#10821 = ORIENTED_EDGE('',*,*,#9166,.T.);
#10822 = ORIENTED_EDGE('',*,*,#9179,.F.);
#10823 = B_SPLINE_SURFACE_WITH_KNOTS('',1,1,(
    (#10824,#10825)
    ,(#10826,#10827
    )),.UNSPECIFIED.,.F.,.F.,.F.,(2,2),(2,2),(46.66935426504,168.1102),(
    -47.2441,0.),.PIECEWISE_BEZIER_KNOTS.);
#10824 = CARTESIAN_POINT('',(-18.90003683007,-7.058613048894,
    6.00001016002));
#10825 = CARTESIAN_POINT('',(-20.10003937007,-7.058613048894,
    6.00001016002));
#10826 = CARTESIAN_POINT('',(-18.90003683007,-3.974009398019,
    6.00001016002));
#10827 = CARTESIAN_POINT('',(-20.10003937007,-3.974009398019,
    6.00001016002));
#10828 = ADVANCED_FACE('',(#10829),#10835,.T.);
#10829 = FACE_BOUND('',#10830,.T.);
#10830 = EDGE_LOOP('',(#10831,#10832,#10833,#10834));
#10831 = ORIENTED_EDGE('',*,*,#9264,.F.);
#10832 = ORIENTED_EDGE('',*,*,#9045,.F.);
#10833 = ORIENTED_EDGE('',*,*,#9226,.T.);
#10834 = ORIENTED_EDGE('',*,*,#9239,.F.);
#10835 = B_SPLINE_SURFACE_WITH_KNOTS('',1,1,(
    (#10836,#10837)
    ,(#10838,#10839
    )),.UNSPECIFIED.,.F.,.F.,.F.,(2,2),(2,2),(46.66935426504,168.1102),(
    -47.2441,0.),.PIECEWISE_BEZIER_KNOTS.);
#10836 = CARTESIAN_POINT('',(-21.58544333921,-8.544017018034,
    6.00001016002));
#10837 = CARTESIAN_POINT('',(-21.58544333921,-9.744019558039,
    6.00001016002));
#10838 = CARTESIAN_POINT('',(-24.67004699009,-8.544017018034,
    6.00001016002));
#10839 = CARTESIAN_POINT('',(-24.67004699009,-9.744019558039,
    6.00001016002));
#10840 = ADVANCED_FACE('',(#10841),#10848,.T.);
#10841 = FACE_BOUND('',#10842,.T.);
#10842 = EDGE_LOOP('',(#10843,#10844,#10845,#10846,#10847));
#10843 = ORIENTED_EDGE('',*,*,#9537,.F.);
#10844 = ORIENTED_EDGE('',*,*,#9402,.F.);
#10845 = ORIENTED_EDGE('',*,*,#9374,.F.);
#10846 = ORIENTED_EDGE('',*,*,#9499,.T.);
#10847 = ORIENTED_EDGE('',*,*,#9512,.F.);
#10848 = B_SPLINE_SURFACE_WITH_KNOTS('',1,1,(
    (#10849,#10850)
    ,(#10851,#10852
    )),.UNSPECIFIED.,.F.,.F.,.F.,(2,2),(2,2),(46.669354265036,168.1102),
  (-47.2441,8.348877145181E-13),.PIECEWISE_BEZIER_KNOTS.);
#10849 = CARTESIAN_POINT('',(-83.13176519519,-23.05454279908,
    6.00001016002));
#10850 = CARTESIAN_POINT('',(-83.13176519519,-21.85454025908,
    6.00001016002));
#10851 = CARTESIAN_POINT('',(-80.04716154432,-23.05454279908,
    6.00001016002));
#10852 = CARTESIAN_POINT('',(-80.04716154432,-21.85454025908,
    6.00001016002));
#10853 = ADVANCED_FACE('',(#10854,#10857),#10871,.T.);
#10854 = FACE_BOUND('',#10855,.T.);
#10855 = EDGE_LOOP('',(#10856));
#10856 = ORIENTED_EDGE('',*,*,#9391,.T.);
#10857 = FACE_BOUND('',#10858,.T.);
#10858 = EDGE_LOOP('',(#10859));
#10859 = ORIENTED_EDGE('',*,*,#10860,.F.);
#10860 = EDGE_CURVE('',#10861,#10861,#10863,.T.);
#10861 = VERTEX_POINT('',#10862);
#10862 = CARTESIAN_POINT('',(-84.31716916433,-22.45454152908,
    8.00001524003));
#10863 = ( BOUNDED_CURVE() B_SPLINE_CURVE(2,(#10864,#10865,#10866,#10867
    ,#10868,#10869,#10870),.UNSPECIFIED.,.T.,.F.) 
B_SPLINE_CURVE_WITH_KNOTS((1,2,2,2,2,1),(-2.094395102394,0.,
    2.094395102393,4.188790204786,6.28318530718,8.377580409573),
.UNSPECIFIED.) CURVE() GEOMETRIC_REPRESENTATION_ITEM() 
RATIONAL_B_SPLINE_CURVE((1.,0.5,1.,0.5,1.,0.5,1.)) REPRESENTATION_ITEM(
  '') );
#10864 = CARTESIAN_POINT('',(-84.31716916433,-22.45454152908,
    8.00001524003));
#10865 = CARTESIAN_POINT('',(-84.31716916433,-20.89569360256,
    8.00001524003));
#10866 = CARTESIAN_POINT('',(-85.66717106934,-21.67511756582,
    8.00001524003));
#10867 = CARTESIAN_POINT('',(-87.01717297434,-22.45454152908,
    8.00001524003));
#10868 = CARTESIAN_POINT('',(-85.66717106934,-23.23396549234,
    8.00001524003));
#10869 = CARTESIAN_POINT('',(-84.31716916433,-24.0133894556,
    8.00001524003));
#10870 = CARTESIAN_POINT('',(-84.31716916433,-22.45454152908,
    8.00001524003));
#10871 = B_SPLINE_SURFACE_WITH_KNOTS('',1,1,(
    (#10872,#10873)
    ,(#10874,#10875
    )),.UNSPECIFIED.,.F.,.F.,.F.,(2,2),(2,2),(-85.43305,85.43305),(
    -85.43305,85.43305),.PIECEWISE_BEZIER_KNOTS.);
#10872 = CARTESIAN_POINT('',(-87.38717424434,-24.62454533909,
    8.00001524003));
#10873 = CARTESIAN_POINT('',(-87.38717424434,-20.28453771907,
    8.00001524003));
#10874 = CARTESIAN_POINT('',(-83.04716662433,-24.62454533909,
    8.00001524003));
#10875 = CARTESIAN_POINT('',(-83.04716662433,-20.28453771907,
    8.00001524003));
#10876 = ADVANCED_FACE('',(#10877),#10887,.T.);
#10877 = FACE_BOUND('',#10878,.T.);
#10878 = EDGE_LOOP('',(#10879,#10880,#10881,#10882));
#10879 = ORIENTED_EDGE('',*,*,#9919,.F.);
#10880 = ORIENTED_EDGE('',*,*,#9423,.F.);
#10881 = ORIENTED_EDGE('',*,*,#9579,.T.);
#10882 = ORIENTED_EDGE('',*,*,#10883,.F.);
#10883 = EDGE_CURVE('',#9913,#9573,#10884,.T.);
#10884 = B_SPLINE_CURVE_WITH_KNOTS('',1,(#10885,#10886),.UNSPECIFIED.,
  .F.,.F.,(2,2),(0.,47.2441),.PIECEWISE_BEZIER_KNOTS.);
#10885 = CARTESIAN_POINT('',(-85.81717170434,-17.28453263906,
    6.00001016002));
#10886 = CARTESIAN_POINT('',(-84.61716916433,-17.28453263906,
    6.00001016002));
#10887 = B_SPLINE_SURFACE_WITH_KNOTS('',1,1,(
    (#10888,#10889)
    ,(#10890,#10891
    )),.UNSPECIFIED.,.F.,.F.,.F.,(2,2),(2,2),(46.669354265036,168.1102),
  (-47.2441,8.455458555545E-13),.PIECEWISE_BEZIER_KNOTS.);
#10888 = CARTESIAN_POINT('',(-84.61716916433,-20.36913628994,
    6.00001016002));
#10889 = CARTESIAN_POINT('',(-85.81717170434,-20.36913628994,
    6.00001016002));
#10890 = CARTESIAN_POINT('',(-84.61716916433,-17.28453263906,
    6.00001016002));
#10891 = CARTESIAN_POINT('',(-85.81717170434,-17.28453263906,
    6.00001016002));
#10892 = ADVANCED_FACE('',(#10893),#10899,.T.);
#10893 = FACE_BOUND('',#10894,.T.);
#10894 = EDGE_LOOP('',(#10895,#10896,#10897,#10898));
#10895 = ORIENTED_EDGE('',*,*,#9979,.F.);
#10896 = ORIENTED_EDGE('',*,*,#9444,.F.);
#10897 = ORIENTED_EDGE('',*,*,#9941,.T.);
#10898 = ORIENTED_EDGE('',*,*,#9954,.F.);
#10899 = B_SPLINE_SURFACE_WITH_KNOTS('',1,1,(
    (#10900,#10901)
    ,(#10902,#10903
    )),.UNSPECIFIED.,.F.,.F.,.F.,(2,2),(2,2),(46.669354265036,168.1102),
  (-47.2441,8.419931418757E-13),.PIECEWISE_BEZIER_KNOTS.);
#10900 = CARTESIAN_POINT('',(-87.30257567348,-21.85454025908,
    6.00001016002));
#10901 = CARTESIAN_POINT('',(-87.30257567348,-23.05454279908,
    6.00001016002));
#10902 = CARTESIAN_POINT('',(-90.38717932435,-21.85454025908,
    6.00001016002));
#10903 = CARTESIAN_POINT('',(-90.38717932435,-23.05454279908,
    6.00001016002));
#10904 = ADVANCED_FACE('',(#10905),#10915,.T.);
#10905 = FACE_BOUND('',#10906,.T.);
#10906 = EDGE_LOOP('',(#10907,#10908,#10909,#10910));
#10907 = ORIENTED_EDGE('',*,*,#9558,.F.);
#10908 = ORIENTED_EDGE('',*,*,#9684,.F.);
#10909 = ORIENTED_EDGE('',*,*,#9898,.T.);
#10910 = ORIENTED_EDGE('',*,*,#10911,.F.);
#10911 = EDGE_CURVE('',#9559,#9899,#10912,.T.);
#10912 = B_SPLINE_CURVE_WITH_KNOTS('',1,(#10913,#10914),.UNSPECIFIED.,
  .F.,.F.,(2,2),(0.,47.2441),.PIECEWISE_BEZIER_KNOTS.);
#10913 = CARTESIAN_POINT('',(-84.61716916433,-14.31402717805,
    6.00001016002));
#10914 = CARTESIAN_POINT('',(-85.81717170434,-14.31402717805,
    6.00001016002));
#10915 = B_SPLINE_SURFACE_WITH_KNOTS('',1,1,(
    (#10916,#10917)
    ,(#10918,#10919
    )),.UNSPECIFIED.,.F.,.F.,.F.,(2,2),(2,2),(46.669354265014,168.1102),
  (-47.2441,6.856737400085E-12),.PIECEWISE_BEZIER_KNOTS.);
#10916 = CARTESIAN_POINT('',(-85.81717170434,-11.22942352717,
    6.00001016002));
#10917 = CARTESIAN_POINT('',(-84.61716916433,-11.22942352717,
    6.00001016002));
#10918 = CARTESIAN_POINT('',(-85.81717170434,-14.31402717805,
    6.00001016002));
#10919 = CARTESIAN_POINT('',(-84.61716916433,-14.31402717805,
    6.00001016002));
#10920 = ADVANCED_FACE('',(#10921),#10931,.T.);
#10921 = FACE_BOUND('',#10922,.T.);
#10922 = EDGE_LOOP('',(#10923,#10924,#10925,#10926));
#10923 = ORIENTED_EDGE('',*,*,#9565,.F.);
#10924 = ORIENTED_EDGE('',*,*,#10911,.T.);
#10925 = ORIENTED_EDGE('',*,*,#9905,.T.);
#10926 = ORIENTED_EDGE('',*,*,#10927,.F.);
#10927 = EDGE_CURVE('',#9566,#9906,#10928,.T.);
#10928 = B_SPLINE_CURVE_WITH_KNOTS('',1,(#10929,#10930),.UNSPECIFIED.,
  .F.,.F.,(2,2),(-23.62205,23.62205),.PIECEWISE_BEZIER_KNOTS.);
#10929 = CARTESIAN_POINT('',(-84.61716916433,-15.79927990856,
    2.658194345788));
#10930 = CARTESIAN_POINT('',(-85.81717170434,-15.79927990856,
    2.658194345788));
#10931 = B_SPLINE_SURFACE_WITH_KNOTS('',1,1,(
    (#10932,#10933)
    ,(#10934,#10935
    )),.UNSPECIFIED.,.F.,.F.,.F.,(2,2),(2,2),(0.,143.97641086852),(
    -47.2441,0.),.PIECEWISE_BEZIER_KNOTS.);
#10932 = CARTESIAN_POINT('',(-85.81717170434,-14.31402717805,
    6.00001016002));
#10933 = CARTESIAN_POINT('',(-84.61716916433,-14.31402717805,
    6.00001016002));
#10934 = CARTESIAN_POINT('',(-85.81717170434,-15.79927990856,
    2.658194345788));
#10935 = CARTESIAN_POINT('',(-84.61716916433,-15.79927990856,
    2.658194345788));
#10936 = ADVANCED_FACE('',(#10937),#10943,.T.);
#10937 = FACE_BOUND('',#10938,.T.);
#10938 = EDGE_LOOP('',(#10939,#10940,#10941,#10942));
#10939 = ORIENTED_EDGE('',*,*,#9912,.F.);
#10940 = ORIENTED_EDGE('',*,*,#10883,.T.);
#10941 = ORIENTED_EDGE('',*,*,#9572,.T.);
#10942 = ORIENTED_EDGE('',*,*,#10927,.T.);
#10943 = B_SPLINE_SURFACE_WITH_KNOTS('',1,1,(
    (#10944,#10945)
    ,(#10946,#10947
    )),.UNSPECIFIED.,.F.,.F.,.F.,(2,2),(2,2),(0.,143.97641086852),(
    -47.2441,0.),.PIECEWISE_BEZIER_KNOTS.);
#10944 = CARTESIAN_POINT('',(-84.61716916433,-17.28453263906,
    6.00001016002));
#10945 = CARTESIAN_POINT('',(-85.81717170434,-17.28453263906,
    6.00001016002));
#10946 = CARTESIAN_POINT('',(-84.61716916433,-15.79927990856,
    2.658194345788));
#10947 = CARTESIAN_POINT('',(-85.81717170434,-15.79927990856,
    2.658194345788));
#10948 = ADVANCED_FACE('',(#10949),#10956,.T.);
#10949 = FACE_BOUND('',#10950,.T.);
#10950 = EDGE_LOOP('',(#10951,#10952,#10953,#10954,#10955));
#10951 = ORIENTED_EDGE('',*,*,#9762,.F.);
#10952 = ORIENTED_EDGE('',*,*,#9621,.F.);
#10953 = ORIENTED_EDGE('',*,*,#9593,.F.);
#10954 = ORIENTED_EDGE('',*,*,#9724,.T.);
#10955 = ORIENTED_EDGE('',*,*,#9737,.F.);
#10956 = B_SPLINE_SURFACE_WITH_KNOTS('',1,1,(
    (#10957,#10958)
    ,(#10959,#10960
    )),.UNSPECIFIED.,.F.,.F.,.F.,(2,2),(2,2),(46.669354265036,168.1102),
  (-47.2441,0.),.PIECEWISE_BEZIER_KNOTS.);
#10957 = CARTESIAN_POINT('',(-83.13176519519,-9.744019558039,
    6.00001016002));
#10958 = CARTESIAN_POINT('',(-83.13176519519,-8.544017018034,
    6.00001016002));
#10959 = CARTESIAN_POINT('',(-80.04716154432,-9.744019558039,
    6.00001016002));
#10960 = CARTESIAN_POINT('',(-80.04716154432,-8.544017018034,
    6.00001016002));
#10961 = ADVANCED_FACE('',(#10962,#10965),#10979,.T.);
#10962 = FACE_BOUND('',#10963,.T.);
#10963 = EDGE_LOOP('',(#10964));
#10964 = ORIENTED_EDGE('',*,*,#9610,.T.);
#10965 = FACE_BOUND('',#10966,.T.);
#10966 = EDGE_LOOP('',(#10967));
#10967 = ORIENTED_EDGE('',*,*,#10968,.F.);
#10968 = EDGE_CURVE('',#10969,#10969,#10971,.T.);
#10969 = VERTEX_POINT('',#10970);
#10970 = CARTESIAN_POINT('',(-84.31716916433,-9.144018288037,
    8.00001524003));
#10971 = ( BOUNDED_CURVE() B_SPLINE_CURVE(2,(#10972,#10973,#10974,#10975
    ,#10976,#10977,#10978),.UNSPECIFIED.,.T.,.F.) 
B_SPLINE_CURVE_WITH_KNOTS((1,2,2,2,2,1),(-2.094395102394,0.,
    2.094395102393,4.188790204786,6.28318530718,8.377580409573),
.UNSPECIFIED.) CURVE() GEOMETRIC_REPRESENTATION_ITEM() 
RATIONAL_B_SPLINE_CURVE((1.,0.5,1.,0.5,1.,0.5,1.)) REPRESENTATION_ITEM(
  '') );
#10972 = CARTESIAN_POINT('',(-84.31716916433,-9.144018288037,
    8.00001524003));
#10973 = CARTESIAN_POINT('',(-84.31716916433,-7.585170361516,
    8.00001524003));
#10974 = CARTESIAN_POINT('',(-85.66717106934,-8.364594324776,
    8.00001524003));
#10975 = CARTESIAN_POINT('',(-87.01717297434,-9.144018288037,
    8.00001524003));
#10976 = CARTESIAN_POINT('',(-85.66717106934,-9.923442251297,
    8.00001524003));
#10977 = CARTESIAN_POINT('',(-84.31716916433,-10.70286621455,
    8.00001524003));
#10978 = CARTESIAN_POINT('',(-84.31716916433,-9.144018288037,
    8.00001524003));
#10979 = B_SPLINE_SURFACE_WITH_KNOTS('',1,1,(
    (#10980,#10981)
    ,(#10982,#10983
    )),.UNSPECIFIED.,.F.,.F.,.F.,(2,2),(2,2),(-85.43305,85.43305),(
    -85.43305,85.43305),.PIECEWISE_BEZIER_KNOTS.);
#10980 = CARTESIAN_POINT('',(-87.38717424434,-11.31402209804,
    8.00001524003));
#10981 = CARTESIAN_POINT('',(-87.38717424434,-6.974014478029,
    8.00001524003));
#10982 = CARTESIAN_POINT('',(-83.04716662433,-11.31402209804,
    8.00001524003));
#10983 = CARTESIAN_POINT('',(-83.04716662433,-6.974014478029,
    8.00001524003));
#10984 = ADVANCED_FACE('',(#10985),#10991,.T.);
#10985 = FACE_BOUND('',#10986,.T.);
#10986 = EDGE_LOOP('',(#10987,#10988,#10989,#10990));
#10987 = ORIENTED_EDGE('',*,*,#9822,.F.);
#10988 = ORIENTED_EDGE('',*,*,#9642,.F.);
#10989 = ORIENTED_EDGE('',*,*,#9784,.T.);
#10990 = ORIENTED_EDGE('',*,*,#9797,.F.);
#10991 = B_SPLINE_SURFACE_WITH_KNOTS('',1,1,(
    (#10992,#10993)
    ,(#10994,#10995
    )),.UNSPECIFIED.,.F.,.F.,.F.,(2,2),(2,2),(46.669354265036,168.1102),
  (-47.2441,8.846257060213E-13),.PIECEWISE_BEZIER_KNOTS.);
#10992 = CARTESIAN_POINT('',(-84.61716916433,-7.058613048894,
    6.00001016002));
#10993 = CARTESIAN_POINT('',(-85.81717170434,-7.058613048894,
    6.00001016002));
#10994 = CARTESIAN_POINT('',(-84.61716916433,-3.974009398019,
    6.00001016002));
#10995 = CARTESIAN_POINT('',(-85.81717170434,-3.974009398019,
    6.00001016002));
#10996 = ADVANCED_FACE('',(#10997),#11003,.T.);
#10997 = FACE_BOUND('',#10998,.T.);
#10998 = EDGE_LOOP('',(#10999,#11000,#11001,#11002));
#10999 = ORIENTED_EDGE('',*,*,#9882,.F.);
#11000 = ORIENTED_EDGE('',*,*,#9663,.F.);
#11001 = ORIENTED_EDGE('',*,*,#9844,.T.);
#11002 = ORIENTED_EDGE('',*,*,#9857,.F.);
#11003 = B_SPLINE_SURFACE_WITH_KNOTS('',1,1,(
    (#11004,#11005)
    ,(#11006,#11007
    )),.UNSPECIFIED.,.F.,.F.,.F.,(2,2),(2,2),(46.669354265036,168.1102),
  (-47.2441,8.242295734817E-13),.PIECEWISE_BEZIER_KNOTS.);
#11004 = CARTESIAN_POINT('',(-87.30257567348,-8.544017018034,
    6.00001016002));
#11005 = CARTESIAN_POINT('',(-87.30257567348,-9.744019558039,
    6.00001016002));
#11006 = CARTESIAN_POINT('',(-90.38717932435,-8.544017018034,
    6.00001016002));
#11007 = CARTESIAN_POINT('',(-90.38717932435,-9.744019558039,
    6.00001016002));
#11008 = ADVANCED_FACE('',(#11009),#11016,.T.);
#11009 = FACE_BOUND('',#11010,.T.);
#11010 = EDGE_LOOP('',(#11011,#11012,#11013,#11014,#11015));
#11011 = ORIENTED_EDGE('',*,*,#10029,.F.);
#11012 = ORIENTED_EDGE('',*,*,#10070,.F.);
#11013 = ORIENTED_EDGE('',*,*,#10042,.F.);
#11014 = ORIENTED_EDGE('',*,*,#10347,.T.);
#11015 = ORIENTED_EDGE('',*,*,#9992,.F.);
#11016 = B_SPLINE_SURFACE_WITH_KNOTS('',1,1,(
    (#11017,#11018)
    ,(#11019,#11020
    )),.UNSPECIFIED.,.F.,.F.,.F.,(2,2),(2,2),(47.311457242019,
    168.1102416),(-47.244096,2.870592652471E-12),
  .PIECEWISE_BEZIER_KNOTS.);
#11017 = CARTESIAN_POINT('',(-84.52045798216,85.379170739141,
    4.000008636017));
#11018 = CARTESIAN_POINT('',(-84.52045798216,86.579173177546,
    4.000008636017));
#11019 = CARTESIAN_POINT('',(-81.45216272288,85.379170739141,
    4.000008636017));
#11020 = CARTESIAN_POINT('',(-81.45216272288,86.579173177546,
    4.000008636017));
#11021 = ADVANCED_FACE('',(#11022,#11025),#11039,.T.);
#11022 = FACE_BOUND('',#11023,.T.);
#11023 = EDGE_LOOP('',(#11024));
#11024 = ORIENTED_EDGE('',*,*,#10059,.T.);
#11025 = FACE_BOUND('',#11026,.T.);
#11026 = EDGE_LOOP('',(#11027));
#11027 = ORIENTED_EDGE('',*,*,#11028,.F.);
#11028 = EDGE_CURVE('',#11029,#11029,#11031,.T.);
#11029 = VERTEX_POINT('',#11030);
#11030 = CARTESIAN_POINT('',(-85.72217139954,85.979171958344,
    6.000012700025));
#11031 = ( BOUNDED_CURVE() B_SPLINE_CURVE(2,(#11032,#11033,#11034,#11035
    ,#11036,#11037,#11038),.UNSPECIFIED.,.T.,.F.) 
B_SPLINE_CURVE_WITH_KNOTS((1,2,2,2,2,1),(-2.094395102394,0.,
    2.094395102393,4.188790204786,6.28318530718,8.377580409573),
.UNSPECIFIED.) CURVE() GEOMETRIC_REPRESENTATION_ITEM() 
RATIONAL_B_SPLINE_CURVE((1.,0.5,1.,0.5,1.,0.5,1.)) REPRESENTATION_ITEM(
  '') );
#11032 = CARTESIAN_POINT('',(-85.72217139954,85.979171958344,
    6.000012700025));
#11033 = CARTESIAN_POINT('',(-85.72217139954,88.404048016288,
    6.000012700025));
#11034 = CARTESIAN_POINT('',(-87.82217566675,87.191609987316,
    6.000012700025));
#11035 = CARTESIAN_POINT('',(-89.92217993396,85.979171958344,
    6.000012700025));
#11036 = CARTESIAN_POINT('',(-87.82217566675,84.766733929372,
    6.000012700025));
#11037 = CARTESIAN_POINT('',(-85.72217139954,83.5542959004,
    6.000012700025));
#11038 = CARTESIAN_POINT('',(-85.72217139954,85.979171958344,
    6.000012700025));
#11039 = B_SPLINE_SURFACE_WITH_KNOTS('',1,1,(
    (#11040,#11041)
    ,(#11042,#11043
    )),.UNSPECIFIED.,.F.,.F.,.F.,(2,2),(2,2),(-105.1181136,105.1181136),
  (-105.1181136,105.1181136),.PIECEWISE_BEZIER_KNOTS.);
#11040 = CARTESIAN_POINT('',(-89.79217966979,83.309166532893,
    6.000012700025));
#11041 = CARTESIAN_POINT('',(-89.79217966979,88.649177383795,
    6.000012700025));
#11042 = CARTESIAN_POINT('',(-84.45216881889,83.309166532893,
    6.000012700025));
#11043 = CARTESIAN_POINT('',(-84.45216881889,88.649177383795,
    6.000012700025));
#11044 = ADVANCED_FACE('',(#11045),#11051,.T.);
#11045 = FACE_BOUND('',#11046,.T.);
#11046 = EDGE_LOOP('',(#11047,#11048,#11049,#11050));
#11047 = ORIENTED_EDGE('',*,*,#10211,.F.);
#11048 = ORIENTED_EDGE('',*,*,#10085,.F.);
#11049 = ORIENTED_EDGE('',*,*,#10173,.T.);
#11050 = ORIENTED_EDGE('',*,*,#10186,.F.);
#11051 = B_SPLINE_SURFACE_WITH_KNOTS('',1,1,(
    (#11052,#11053)
    ,(#11054,#11055
    )),.UNSPECIFIED.,.F.,.F.,.F.,(2,2),(2,2),(47.311457242033,
    168.1102416),(-47.244096,0.),.PIECEWISE_BEZIER_KNOTS.);
#11052 = CARTESIAN_POINT('',(-86.52217302514,88.580888220524,
    4.000008636017));
#11053 = CARTESIAN_POINT('',(-87.72217546355,88.580888220524,
    4.000008636017));
#11054 = CARTESIAN_POINT('',(-86.52217302514,91.649183479807,
    4.000008636017));
#11055 = CARTESIAN_POINT('',(-87.72217546355,91.649183479807,
    4.000008636017));
#11056 = ADVANCED_FACE('',(#11057),#11063,.T.);
#11057 = FACE_BOUND('',#11058,.T.);
#11058 = EDGE_LOOP('',(#11059,#11060,#11061,#11062));
#11059 = ORIENTED_EDGE('',*,*,#10271,.F.);
#11060 = ORIENTED_EDGE('',*,*,#10106,.F.);
#11061 = ORIENTED_EDGE('',*,*,#10233,.T.);
#11062 = ORIENTED_EDGE('',*,*,#10246,.F.);
#11063 = B_SPLINE_SURFACE_WITH_KNOTS('',1,1,(
    (#11064,#11065)
    ,(#11066,#11067
    )),.UNSPECIFIED.,.F.,.F.,.F.,(2,2),(2,2),(47.311457241982,
    168.1102416),(-47.244096,1.082156586563E-11),
  .PIECEWISE_BEZIER_KNOTS.);
#11064 = CARTESIAN_POINT('',(-89.72389050652,86.579173177546,
    4.000008636017));
#11065 = CARTESIAN_POINT('',(-89.72389050652,85.379170739141,
    4.000008636017));
#11066 = CARTESIAN_POINT('',(-92.79218576581,86.579173177546,
    4.000008636017));
#11067 = CARTESIAN_POINT('',(-92.79218576581,85.379170739141,
    4.000008636017));
#11068 = ADVANCED_FACE('',(#11069),#11075,.T.);
#11069 = FACE_BOUND('',#11070,.T.);
#11070 = EDGE_LOOP('',(#11071,#11072,#11073,#11074));
#11071 = ORIENTED_EDGE('',*,*,#10331,.F.);
#11072 = ORIENTED_EDGE('',*,*,#10127,.F.);
#11073 = ORIENTED_EDGE('',*,*,#10293,.T.);
#11074 = ORIENTED_EDGE('',*,*,#10306,.F.);
#11075 = B_SPLINE_SURFACE_WITH_KNOTS('',1,1,(
    (#11076,#11077)
    ,(#11078,#11079
    )),.UNSPECIFIED.,.F.,.F.,.F.,(2,2),(2,2),(47.311457242019,
    168.1102416),(-47.244096,2.888356220865E-12),
  .PIECEWISE_BEZIER_KNOTS.);
#11076 = CARTESIAN_POINT('',(-87.72217546355,83.377455696164,
    4.000008636017));
#11077 = CARTESIAN_POINT('',(-86.52217302514,83.377455696164,
    4.000008636017));
#11078 = CARTESIAN_POINT('',(-87.72217546355,80.309160436881,
    4.000008636017));
#11079 = CARTESIAN_POINT('',(-86.52217302514,80.309160436881,
    4.000008636017));
#11080 = ADVANCED_FACE('',(#11081),#11102,.F.);
#11081 = FACE_BOUND('',#11082,.F.);
#11082 = EDGE_LOOP('',(#11083,#11084,#11091,#11101));
#11083 = ORIENTED_EDGE('',*,*,#10477,.F.);
#11084 = ORIENTED_EDGE('',*,*,#11085,.F.);
#11085 = EDGE_CURVE('',#11086,#10478,#11088,.T.);
#11086 = VERTEX_POINT('',#11087);
#11087 = CARTESIAN_POINT('',(-3.299006553213,66.167132334265,
    1.500002540005));
#11088 = B_SPLINE_CURVE_WITH_KNOTS('',1,(#11089,#11090),.UNSPECIFIED.,
  .F.,.F.,(2,2),(0.,177.1654),.PIECEWISE_BEZIER_KNOTS.);
#11089 = CARTESIAN_POINT('',(-3.299006553213,66.167132334265,
    1.500002540005));
#11090 = CARTESIAN_POINT('',(-3.299006553213,66.167132334265,
    6.000012700025));
#11091 = ORIENTED_EDGE('',*,*,#11092,.T.);
#11092 = EDGE_CURVE('',#11086,#11086,#11093,.T.);
#11093 = ( BOUNDED_CURVE() B_SPLINE_CURVE(2,(#11094,#11095,#11096,#11097
    ,#11098,#11099,#11100),.UNSPECIFIED.,.T.,.F.) 
B_SPLINE_CURVE_WITH_KNOTS((1,2,2,2,2,1),(-2.094395102394,0.,
    2.094395102393,4.188790204786,6.28318530718,8.377580409573),
.UNSPECIFIED.) CURVE() GEOMETRIC_REPRESENTATION_ITEM() 
RATIONAL_B_SPLINE_CURVE((1.,0.5,1.,0.5,1.,0.5,1.)) REPRESENTATION_ITEM(
  '') );
#11094 = CARTESIAN_POINT('',(-3.299006553213,66.167132334265,
    1.500002540005));
#11095 = CARTESIAN_POINT('',(-3.299006553213,68.592008392209,
    1.500002540005));
#11096 = CARTESIAN_POINT('',(-5.399010820422,67.379570363237,
    1.500002540005));
#11097 = CARTESIAN_POINT('',(-7.49901508763,66.167132334265,
    1.500002540005));
#11098 = CARTESIAN_POINT('',(-5.399010820422,64.954694305292,
    1.500002540005));
#11099 = CARTESIAN_POINT('',(-3.299006553213,63.74225627632,
    1.500002540005));
#11100 = CARTESIAN_POINT('',(-3.299006553213,66.167132334265,
    1.500002540005));
#11101 = ORIENTED_EDGE('',*,*,#11085,.T.);
#11102 = ( BOUNDED_SURFACE() B_SPLINE_SURFACE(2,1,(
    (#11103,#11104)
    ,(#11105,#11106)
    ,(#11107,#11108)
    ,(#11109,#11110)
    ,(#11111,#11112)
    ,(#11113,#11114)
    ,(#11115,#11116
)),.UNSPECIFIED.,.T.,.F.,.F.) B_SPLINE_SURFACE_WITH_KNOTS((1,2,2,2,2,1),
  (2,2),(-2.094395102394,0.,2.094395102393,4.188790204786,6.28318530718,
    8.377580409573),(0.,177.1654),.UNSPECIFIED.) 
GEOMETRIC_REPRESENTATION_ITEM() RATIONAL_B_SPLINE_SURFACE((
    (1.,1.)
    ,(0.5,0.5)
    ,(1.,1.)
    ,(0.5,0.5)
    ,(1.,1.)
    ,(0.5,0.5)
,(1.,1.))) REPRESENTATION_ITEM('') SURFACE() );
#11103 = CARTESIAN_POINT('',(-3.299006553213,66.167132334265,
    1.500002540005));
#11104 = CARTESIAN_POINT('',(-3.299006553213,66.167132334265,
    6.000012700025));
#11105 = CARTESIAN_POINT('',(-3.299006553213,68.592008392209,
    1.500002540005));
#11106 = CARTESIAN_POINT('',(-3.299006553213,68.592008392209,
    6.000012700025));
#11107 = CARTESIAN_POINT('',(-5.399010820422,67.379570363237,
    1.500002540005));
#11108 = CARTESIAN_POINT('',(-5.399010820422,67.379570363237,
    6.000012700025));
#11109 = CARTESIAN_POINT('',(-7.49901508763,66.167132334265,
    1.500002540005));
#11110 = CARTESIAN_POINT('',(-7.49901508763,66.167132334265,
    6.000012700025));
#11111 = CARTESIAN_POINT('',(-5.399010820422,64.954694305292,
    1.500002540005));
#11112 = CARTESIAN_POINT('',(-5.399010820422,64.954694305292,
    6.000012700025));
#11113 = CARTESIAN_POINT('',(-3.299006553213,63.74225627632,
    1.500002540005));
#11114 = CARTESIAN_POINT('',(-3.299006553213,63.74225627632,
    6.000012700025));
#11115 = CARTESIAN_POINT('',(-3.299006553213,66.167132334265,
    1.500002540005));
#11116 = CARTESIAN_POINT('',(-3.299006553213,66.167132334265,
    6.000012700025));
#11117 = ADVANCED_FACE('',(#11118),#11139,.F.);
#11118 = FACE_BOUND('',#11119,.F.);
#11119 = EDGE_LOOP('',(#11120,#11121,#11128,#11138));
#11120 = ORIENTED_EDGE('',*,*,#10536,.F.);
#11121 = ORIENTED_EDGE('',*,*,#11122,.F.);
#11122 = EDGE_CURVE('',#11123,#10537,#11125,.T.);
#11123 = VERTEX_POINT('',#11124);
#11124 = CARTESIAN_POINT('',(-3.600007315215,4.95300990602,
    1.500002540005));
#11125 = B_SPLINE_CURVE_WITH_KNOTS('',1,(#11126,#11127),.UNSPECIFIED.,
  .F.,.F.,(2,2),(0.,177.1654),.PIECEWISE_BEZIER_KNOTS.);
#11126 = CARTESIAN_POINT('',(-3.600007315215,4.95300990602,
    1.500002540005));
#11127 = CARTESIAN_POINT('',(-3.600007315215,4.95300990602,
    6.000012700025));
#11128 = ORIENTED_EDGE('',*,*,#11129,.T.);
#11129 = EDGE_CURVE('',#11123,#11123,#11130,.T.);
#11130 = ( BOUNDED_CURVE() B_SPLINE_CURVE(2,(#11131,#11132,#11133,#11134
    ,#11135,#11136,#11137),.UNSPECIFIED.,.T.,.F.) 
B_SPLINE_CURVE_WITH_KNOTS((1,2,2,2,2,1),(-2.094395102394,0.,
    2.094395102393,4.188790204786,6.28318530718,8.377580409573),
.UNSPECIFIED.) CURVE() GEOMETRIC_REPRESENTATION_ITEM() 
RATIONAL_B_SPLINE_CURVE((1.,0.5,1.,0.5,1.,0.5,1.)) REPRESENTATION_ITEM(
  '') );
#11131 = CARTESIAN_POINT('',(-3.600007315215,4.95300990602,
    1.500002540005));
#11132 = CARTESIAN_POINT('',(-3.600007315215,7.377885963964,
    1.500002540005));
#11133 = CARTESIAN_POINT('',(-5.700011582423,6.165447934992,
    1.500002540005));
#11134 = CARTESIAN_POINT('',(-7.800015849632,4.95300990602,
    1.500002540005));
#11135 = CARTESIAN_POINT('',(-5.700011582423,3.740571877048,
    1.500002540005));
#11136 = CARTESIAN_POINT('',(-3.600007315215,2.528133848075,
    1.500002540005));
#11137 = CARTESIAN_POINT('',(-3.600007315215,4.95300990602,
    1.500002540005));
#11138 = ORIENTED_EDGE('',*,*,#11122,.T.);
#11139 = ( BOUNDED_SURFACE() B_SPLINE_SURFACE(2,1,(
    (#11140,#11141)
    ,(#11142,#11143)
    ,(#11144,#11145)
    ,(#11146,#11147)
    ,(#11148,#11149)
    ,(#11150,#11151)
    ,(#11152,#11153
)),.UNSPECIFIED.,.T.,.F.,.F.) B_SPLINE_SURFACE_WITH_KNOTS((1,2,2,2,2,1),
  (2,2),(-2.094395102394,0.,2.094395102393,4.188790204786,6.28318530718,
    8.377580409573),(0.,177.1654),.UNSPECIFIED.) 
GEOMETRIC_REPRESENTATION_ITEM() RATIONAL_B_SPLINE_SURFACE((
    (1.,1.)
    ,(0.5,0.5)
    ,(1.,1.)
    ,(0.5,0.5)
    ,(1.,1.)
    ,(0.5,0.5)
,(1.,1.))) REPRESENTATION_ITEM('') SURFACE() );
#11140 = CARTESIAN_POINT('',(-3.600007315215,4.95300990602,
    1.500002540005));
#11141 = CARTESIAN_POINT('',(-3.600007315215,4.95300990602,
    6.000012700025));
#11142 = CARTESIAN_POINT('',(-3.600007315215,7.377885963964,
    1.500002540005));
#11143 = CARTESIAN_POINT('',(-3.600007315215,7.377885963964,
    6.000012700025));
#11144 = CARTESIAN_POINT('',(-5.700011582423,6.165447934992,
    1.500002540005));
#11145 = CARTESIAN_POINT('',(-5.700011582423,6.165447934992,
    6.000012700025));
#11146 = CARTESIAN_POINT('',(-7.800015849632,4.95300990602,
    1.500002540005));
#11147 = CARTESIAN_POINT('',(-7.800015849632,4.95300990602,
    6.000012700025));
#11148 = CARTESIAN_POINT('',(-5.700011582423,3.740571877048,
    1.500002540005));
#11149 = CARTESIAN_POINT('',(-5.700011582423,3.740571877048,
    6.000012700025));
#11150 = CARTESIAN_POINT('',(-3.600007315215,2.528133848075,
    1.500002540005));
#11151 = CARTESIAN_POINT('',(-3.600007315215,2.528133848075,
    6.000012700025));
#11152 = CARTESIAN_POINT('',(-3.600007315215,4.95300990602,
    1.500002540005));
#11153 = CARTESIAN_POINT('',(-3.600007315215,4.95300990602,
    6.000012700025));
#11154 = ADVANCED_FACE('',(#11155),#11176,.F.);
#11155 = FACE_BOUND('',#11156,.F.);
#11156 = EDGE_LOOP('',(#11157,#11158,#11165,#11175));
#11157 = ORIENTED_EDGE('',*,*,#10632,.F.);
#11158 = ORIENTED_EDGE('',*,*,#11159,.F.);
#11159 = EDGE_CURVE('',#11160,#10633,#11162,.T.);
#11160 = VERTEX_POINT('',#11161);
#11161 = CARTESIAN_POINT('',(-85.72217139954,5.334010668021,
    1.500002540005));
#11162 = B_SPLINE_CURVE_WITH_KNOTS('',1,(#11163,#11164),.UNSPECIFIED.,
  .F.,.F.,(2,2),(0.,177.1654),.PIECEWISE_BEZIER_KNOTS.);
#11163 = CARTESIAN_POINT('',(-85.72217139954,5.334010668021,
    1.500002540005));
#11164 = CARTESIAN_POINT('',(-85.72217139954,5.334010668021,
    6.000012700025));
#11165 = ORIENTED_EDGE('',*,*,#11166,.T.);
#11166 = EDGE_CURVE('',#11160,#11160,#11167,.T.);
#11167 = ( BOUNDED_CURVE() B_SPLINE_CURVE(2,(#11168,#11169,#11170,#11171
    ,#11172,#11173,#11174),.UNSPECIFIED.,.T.,.F.) 
B_SPLINE_CURVE_WITH_KNOTS((1,2,2,2,2,1),(-2.094395102394,0.,
    2.094395102393,4.188790204786,6.28318530718,8.377580409573),
.UNSPECIFIED.) CURVE() GEOMETRIC_REPRESENTATION_ITEM() 
RATIONAL_B_SPLINE_CURVE((1.,0.5,1.,0.5,1.,0.5,1.)) REPRESENTATION_ITEM(
  '') );
#11168 = CARTESIAN_POINT('',(-85.72217139954,5.334010668021,
    1.500002540005));
#11169 = CARTESIAN_POINT('',(-85.72217139954,7.758886725966,
    1.500002540005));
#11170 = CARTESIAN_POINT('',(-87.82217566675,6.546448696994,
    1.500002540005));
#11171 = CARTESIAN_POINT('',(-89.92217993396,5.334010668021,
    1.500002540005));
#11172 = CARTESIAN_POINT('',(-87.82217566675,4.121572639049,
    1.500002540005));
#11173 = CARTESIAN_POINT('',(-85.72217139954,2.909134610077,
    1.500002540005));
#11174 = CARTESIAN_POINT('',(-85.72217139954,5.334010668021,
    1.500002540005));
#11175 = ORIENTED_EDGE('',*,*,#11159,.T.);
#11176 = ( BOUNDED_SURFACE() B_SPLINE_SURFACE(2,1,(
    (#11177,#11178)
    ,(#11179,#11180)
    ,(#11181,#11182)
    ,(#11183,#11184)
    ,(#11185,#11186)
    ,(#11187,#11188)
    ,(#11189,#11190
)),.UNSPECIFIED.,.T.,.F.,.F.) B_SPLINE_SURFACE_WITH_KNOTS((1,2,2,2,2,1),
  (2,2),(-2.094395102394,0.,2.094395102393,4.188790204786,6.28318530718,
    8.377580409573),(0.,177.1654),.UNSPECIFIED.) 
GEOMETRIC_REPRESENTATION_ITEM() RATIONAL_B_SPLINE_SURFACE((
    (1.,1.)
    ,(0.5,0.5)
    ,(1.,1.)
    ,(0.5,0.5)
    ,(1.,1.)
    ,(0.5,0.5)
,(1.,1.))) REPRESENTATION_ITEM('') SURFACE() );
#11177 = CARTESIAN_POINT('',(-85.72217139954,5.334010668021,
    1.500002540005));
#11178 = CARTESIAN_POINT('',(-85.72217139954,5.334010668021,
    6.000012700025));
#11179 = CARTESIAN_POINT('',(-85.72217139954,7.758886725966,
    1.500002540005));
#11180 = CARTESIAN_POINT('',(-85.72217139954,7.758886725966,
    6.000012700025));
#11181 = CARTESIAN_POINT('',(-87.82217566675,6.546448696994,
    1.500002540005));
#11182 = CARTESIAN_POINT('',(-87.82217566675,6.546448696994,
    6.000012700025));
#11183 = CARTESIAN_POINT('',(-89.92217993396,5.334010668021,
    1.500002540005));
#11184 = CARTESIAN_POINT('',(-89.92217993396,5.334010668021,
    6.000012700025));
#11185 = CARTESIAN_POINT('',(-87.82217566675,4.121572639049,
    1.500002540005));
#11186 = CARTESIAN_POINT('',(-87.82217566675,4.121572639049,
    6.000012700025));
#11187 = CARTESIAN_POINT('',(-85.72217139954,2.909134610077,
    1.500002540005));
#11188 = CARTESIAN_POINT('',(-85.72217139954,2.909134610077,
    6.000012700025));
#11189 = CARTESIAN_POINT('',(-85.72217139954,5.334010668021,
    1.500002540005));
#11190 = CARTESIAN_POINT('',(-85.72217139954,5.334010668021,
    6.000012700025));
#11191 = ADVANCED_FACE('',(#11192),#11213,.F.);
#11192 = FACE_BOUND('',#11193,.F.);
#11193 = EDGE_LOOP('',(#11194,#11195,#11202,#11212));
#11194 = ORIENTED_EDGE('',*,*,#10692,.F.);
#11195 = ORIENTED_EDGE('',*,*,#11196,.F.);
#11196 = EDGE_CURVE('',#11197,#10693,#11199,.T.);
#11197 = VERTEX_POINT('',#11198);
#11198 = CARTESIAN_POINT('',(-18.60003683007,-22.45454152908,
    1.500002540005));
#11199 = B_SPLINE_CURVE_WITH_KNOTS('',1,(#11200,#11201),.UNSPECIFIED.,
  .F.,.F.,(2,2),(0.,255.9055),.PIECEWISE_BEZIER_KNOTS.);
#11200 = CARTESIAN_POINT('',(-18.60003683007,-22.45454152908,
    1.500002540005));
#11201 = CARTESIAN_POINT('',(-18.60003683007,-22.45454152908,
    8.00001524003));
#11202 = ORIENTED_EDGE('',*,*,#11203,.T.);
#11203 = EDGE_CURVE('',#11197,#11197,#11204,.T.);
#11204 = ( BOUNDED_CURVE() B_SPLINE_CURVE(2,(#11205,#11206,#11207,#11208
    ,#11209,#11210,#11211),.UNSPECIFIED.,.T.,.F.) 
B_SPLINE_CURVE_WITH_KNOTS((1,2,2,2,2,1),(-2.094395102394,0.,
    2.094395102393,4.188790204786,6.28318530718,8.377580409573),
.UNSPECIFIED.) CURVE() GEOMETRIC_REPRESENTATION_ITEM() 
RATIONAL_B_SPLINE_CURVE((1.,0.5,1.,0.5,1.,0.5,1.)) REPRESENTATION_ITEM(
  '') );
#11205 = CARTESIAN_POINT('',(-18.60003683007,-22.45454152908,
    1.500002540005));
#11206 = CARTESIAN_POINT('',(-18.60003683007,-20.89569360256,
    1.500002540005));
#11207 = CARTESIAN_POINT('',(-19.95003873507,-21.67511756582,
    1.500002540005));
#11208 = CARTESIAN_POINT('',(-21.30004064008,-22.45454152908,
    1.500002540005));
#11209 = CARTESIAN_POINT('',(-19.95003873507,-23.23396549234,
    1.500002540005));
#11210 = CARTESIAN_POINT('',(-18.60003683007,-24.0133894556,
    1.500002540005));
#11211 = CARTESIAN_POINT('',(-18.60003683007,-22.45454152908,
    1.500002540005));
#11212 = ORIENTED_EDGE('',*,*,#11196,.T.);
#11213 = ( BOUNDED_SURFACE() B_SPLINE_SURFACE(2,1,(
    (#11214,#11215)
    ,(#11216,#11217)
    ,(#11218,#11219)
    ,(#11220,#11221)
    ,(#11222,#11223)
    ,(#11224,#11225)
    ,(#11226,#11227
)),.UNSPECIFIED.,.T.,.F.,.F.) B_SPLINE_SURFACE_WITH_KNOTS((1,2,2,2,2,1),
  (2,2),(-2.094395102394,0.,2.094395102393,4.188790204786,6.28318530718,
    8.377580409573),(0.,255.9055),.UNSPECIFIED.) 
GEOMETRIC_REPRESENTATION_ITEM() RATIONAL_B_SPLINE_SURFACE((
    (1.,1.)
    ,(0.5,0.5)
    ,(1.,1.)
    ,(0.5,0.5)
    ,(1.,1.)
    ,(0.5,0.5)
,(1.,1.))) REPRESENTATION_ITEM('') SURFACE() );
#11214 = CARTESIAN_POINT('',(-18.60003683007,-22.45454152908,
    1.500002540005));
#11215 = CARTESIAN_POINT('',(-18.60003683007,-22.45454152908,
    8.00001524003));
#11216 = CARTESIAN_POINT('',(-18.60003683007,-20.89569360256,
    1.500002540005));
#11217 = CARTESIAN_POINT('',(-18.60003683007,-20.89569360256,
    8.00001524003));
#11218 = CARTESIAN_POINT('',(-19.95003873507,-21.67511756582,
    1.500002540005));
#11219 = CARTESIAN_POINT('',(-19.95003873507,-21.67511756582,
    8.00001524003));
#11220 = CARTESIAN_POINT('',(-21.30004064008,-22.45454152908,
    1.500002540005));
#11221 = CARTESIAN_POINT('',(-21.30004064008,-22.45454152908,
    8.00001524003));
#11222 = CARTESIAN_POINT('',(-19.95003873507,-23.23396549234,
    1.500002540005));
#11223 = CARTESIAN_POINT('',(-19.95003873507,-23.23396549234,
    8.00001524003));
#11224 = CARTESIAN_POINT('',(-18.60003683007,-24.0133894556,
    1.500002540005));
#11225 = CARTESIAN_POINT('',(-18.60003683007,-24.0133894556,
    8.00001524003));
#11226 = CARTESIAN_POINT('',(-18.60003683007,-22.45454152908,
    1.500002540005));
#11227 = CARTESIAN_POINT('',(-18.60003683007,-22.45454152908,
    8.00001524003));
#11228 = ADVANCED_FACE('',(#11229),#11250,.F.);
#11229 = FACE_BOUND('',#11230,.F.);
#11230 = EDGE_LOOP('',(#11231,#11232,#11239,#11249));
#11231 = ORIENTED_EDGE('',*,*,#10800,.F.);
#11232 = ORIENTED_EDGE('',*,*,#11233,.F.);
#11233 = EDGE_CURVE('',#11234,#10801,#11236,.T.);
#11234 = VERTEX_POINT('',#11235);
#11235 = CARTESIAN_POINT('',(-18.60003683007,-9.144018288037,
    1.500002540005));
#11236 = B_SPLINE_CURVE_WITH_KNOTS('',1,(#11237,#11238),.UNSPECIFIED.,
  .F.,.F.,(2,2),(0.,255.9055),.PIECEWISE_BEZIER_KNOTS.);
#11237 = CARTESIAN_POINT('',(-18.60003683007,-9.144018288037,
    1.500002540005));
#11238 = CARTESIAN_POINT('',(-18.60003683007,-9.144018288037,
    8.00001524003));
#11239 = ORIENTED_EDGE('',*,*,#11240,.T.);
#11240 = EDGE_CURVE('',#11234,#11234,#11241,.T.);
#11241 = ( BOUNDED_CURVE() B_SPLINE_CURVE(2,(#11242,#11243,#11244,#11245
    ,#11246,#11247,#11248),.UNSPECIFIED.,.T.,.F.) 
B_SPLINE_CURVE_WITH_KNOTS((1,2,2,2,2,1),(-2.094395102394,0.,
    2.094395102393,4.188790204786,6.28318530718,8.377580409573),
.UNSPECIFIED.) CURVE() GEOMETRIC_REPRESENTATION_ITEM() 
RATIONAL_B_SPLINE_CURVE((1.,0.5,1.,0.5,1.,0.5,1.)) REPRESENTATION_ITEM(
  '') );
#11242 = CARTESIAN_POINT('',(-18.60003683007,-9.144018288037,
    1.500002540005));
#11243 = CARTESIAN_POINT('',(-18.60003683007,-7.585170361516,
    1.500002540005));
#11244 = CARTESIAN_POINT('',(-19.95003873507,-8.364594324776,
    1.500002540005));
#11245 = CARTESIAN_POINT('',(-21.30004064008,-9.144018288037,
    1.500002540005));
#11246 = CARTESIAN_POINT('',(-19.95003873507,-9.923442251297,
    1.500002540005));
#11247 = CARTESIAN_POINT('',(-18.60003683007,-10.70286621455,
    1.500002540005));
#11248 = CARTESIAN_POINT('',(-18.60003683007,-9.144018288037,
    1.500002540005));
#11249 = ORIENTED_EDGE('',*,*,#11233,.T.);
#11250 = ( BOUNDED_SURFACE() B_SPLINE_SURFACE(2,1,(
    (#11251,#11252)
    ,(#11253,#11254)
    ,(#11255,#11256)
    ,(#11257,#11258)
    ,(#11259,#11260)
    ,(#11261,#11262)
    ,(#11263,#11264
)),.UNSPECIFIED.,.T.,.F.,.F.) B_SPLINE_SURFACE_WITH_KNOTS((1,2,2,2,2,1),
  (2,2),(-2.094395102394,0.,2.094395102393,4.188790204786,6.28318530718,
    8.377580409573),(0.,255.9055),.UNSPECIFIED.) 
GEOMETRIC_REPRESENTATION_ITEM() RATIONAL_B_SPLINE_SURFACE((
    (1.,1.)
    ,(0.5,0.5)
    ,(1.,1.)
    ,(0.5,0.5)
    ,(1.,1.)
    ,(0.5,0.5)
,(1.,1.))) REPRESENTATION_ITEM('') SURFACE() );
#11251 = CARTESIAN_POINT('',(-18.60003683007,-9.144018288037,
    1.500002540005));
#11252 = CARTESIAN_POINT('',(-18.60003683007,-9.144018288037,
    8.00001524003));
#11253 = CARTESIAN_POINT('',(-18.60003683007,-7.585170361516,
    1.500002540005));
#11254 = CARTESIAN_POINT('',(-18.60003683007,-7.585170361516,
    8.00001524003));
#11255 = CARTESIAN_POINT('',(-19.95003873507,-8.364594324776,
    1.500002540005));
#11256 = CARTESIAN_POINT('',(-19.95003873507,-8.364594324776,
    8.00001524003));
#11257 = CARTESIAN_POINT('',(-21.30004064008,-9.144018288037,
    1.500002540005));
#11258 = CARTESIAN_POINT('',(-21.30004064008,-9.144018288037,
    8.00001524003));
#11259 = CARTESIAN_POINT('',(-19.95003873507,-9.923442251297,
    1.500002540005));
#11260 = CARTESIAN_POINT('',(-19.95003873507,-9.923442251297,
    8.00001524003));
#11261 = CARTESIAN_POINT('',(-18.60003683007,-10.70286621455,
    1.500002540005));
#11262 = CARTESIAN_POINT('',(-18.60003683007,-10.70286621455,
    8.00001524003));
#11263 = CARTESIAN_POINT('',(-18.60003683007,-9.144018288037,
    1.500002540005));
#11264 = CARTESIAN_POINT('',(-18.60003683007,-9.144018288037,
    8.00001524003));
#11265 = ADVANCED_FACE('',(#11266),#11287,.F.);
#11266 = FACE_BOUND('',#11267,.F.);
#11267 = EDGE_LOOP('',(#11268,#11269,#11276,#11286));
#11268 = ORIENTED_EDGE('',*,*,#10860,.F.);
#11269 = ORIENTED_EDGE('',*,*,#11270,.F.);
#11270 = EDGE_CURVE('',#11271,#10861,#11273,.T.);
#11271 = VERTEX_POINT('',#11272);
#11272 = CARTESIAN_POINT('',(-84.31716916433,-22.45454152908,
    1.500002540005));
#11273 = B_SPLINE_CURVE_WITH_KNOTS('',1,(#11274,#11275),.UNSPECIFIED.,
  .F.,.F.,(2,2),(0.,255.9055),.PIECEWISE_BEZIER_KNOTS.);
#11274 = CARTESIAN_POINT('',(-84.31716916433,-22.45454152908,
    1.500002540005));
#11275 = CARTESIAN_POINT('',(-84.31716916433,-22.45454152908,
    8.00001524003));
#11276 = ORIENTED_EDGE('',*,*,#11277,.T.);
#11277 = EDGE_CURVE('',#11271,#11271,#11278,.T.);
#11278 = ( BOUNDED_CURVE() B_SPLINE_CURVE(2,(#11279,#11280,#11281,#11282
    ,#11283,#11284,#11285),.UNSPECIFIED.,.T.,.F.) 
B_SPLINE_CURVE_WITH_KNOTS((1,2,2,2,2,1),(-2.094395102394,0.,
    2.094395102393,4.188790204786,6.28318530718,8.377580409573),
.UNSPECIFIED.) CURVE() GEOMETRIC_REPRESENTATION_ITEM() 
RATIONAL_B_SPLINE_CURVE((1.,0.5,1.,0.5,1.,0.5,1.)) REPRESENTATION_ITEM(
  '') );
#11279 = CARTESIAN_POINT('',(-84.31716916433,-22.45454152908,
    1.500002540005));
#11280 = CARTESIAN_POINT('',(-84.31716916433,-20.89569360256,
    1.500002540005));
#11281 = CARTESIAN_POINT('',(-85.66717106934,-21.67511756582,
    1.500002540005));
#11282 = CARTESIAN_POINT('',(-87.01717297434,-22.45454152908,
    1.500002540005));
#11283 = CARTESIAN_POINT('',(-85.66717106934,-23.23396549234,
    1.500002540005));
#11284 = CARTESIAN_POINT('',(-84.31716916433,-24.0133894556,
    1.500002540005));
#11285 = CARTESIAN_POINT('',(-84.31716916433,-22.45454152908,
    1.500002540005));
#11286 = ORIENTED_EDGE('',*,*,#11270,.T.);
#11287 = ( BOUNDED_SURFACE() B_SPLINE_SURFACE(2,1,(
    (#11288,#11289)
    ,(#11290,#11291)
    ,(#11292,#11293)
    ,(#11294,#11295)
    ,(#11296,#11297)
    ,(#11298,#11299)
    ,(#11300,#11301
)),.UNSPECIFIED.,.T.,.F.,.F.) B_SPLINE_SURFACE_WITH_KNOTS((1,2,2,2,2,1),
  (2,2),(-2.094395102394,0.,2.094395102393,4.188790204786,6.28318530718,
    8.377580409573),(0.,255.9055),.UNSPECIFIED.) 
GEOMETRIC_REPRESENTATION_ITEM() RATIONAL_B_SPLINE_SURFACE((
    (1.,1.)
    ,(0.5,0.5)
    ,(1.,1.)
    ,(0.5,0.5)
    ,(1.,1.)
    ,(0.5,0.5)
,(1.,1.))) REPRESENTATION_ITEM('') SURFACE() );
#11288 = CARTESIAN_POINT('',(-84.31716916433,-22.45454152908,
    1.500002540005));
#11289 = CARTESIAN_POINT('',(-84.31716916433,-22.45454152908,
    8.00001524003));
#11290 = CARTESIAN_POINT('',(-84.31716916433,-20.89569360256,
    1.500002540005));
#11291 = CARTESIAN_POINT('',(-84.31716916433,-20.89569360256,
    8.00001524003));
#11292 = CARTESIAN_POINT('',(-85.66717106934,-21.67511756582,
    1.500002540005));
#11293 = CARTESIAN_POINT('',(-85.66717106934,-21.67511756582,
    8.00001524003));
#11294 = CARTESIAN_POINT('',(-87.01717297434,-22.45454152908,
    1.500002540005));
#11295 = CARTESIAN_POINT('',(-87.01717297434,-22.45454152908,
    8.00001524003));
#11296 = CARTESIAN_POINT('',(-85.66717106934,-23.23396549234,
    1.500002540005));
#11297 = CARTESIAN_POINT('',(-85.66717106934,-23.23396549234,
    8.00001524003));
#11298 = CARTESIAN_POINT('',(-84.31716916433,-24.0133894556,
    1.500002540005));
#11299 = CARTESIAN_POINT('',(-84.31716916433,-24.0133894556,
    8.00001524003));
#11300 = CARTESIAN_POINT('',(-84.31716916433,-22.45454152908,
    1.500002540005));
#11301 = CARTESIAN_POINT('',(-84.31716916433,-22.45454152908,
    8.00001524003));
#11302 = ADVANCED_FACE('',(#11303),#11324,.F.);
#11303 = FACE_BOUND('',#11304,.F.);
#11304 = EDGE_LOOP('',(#11305,#11306,#11313,#11323));
#11305 = ORIENTED_EDGE('',*,*,#10968,.F.);
#11306 = ORIENTED_EDGE('',*,*,#11307,.F.);
#11307 = EDGE_CURVE('',#11308,#10969,#11310,.T.);
#11308 = VERTEX_POINT('',#11309);
#11309 = CARTESIAN_POINT('',(-84.31716916433,-9.144018288037,
    1.500002540005));
#11310 = B_SPLINE_CURVE_WITH_KNOTS('',1,(#11311,#11312),.UNSPECIFIED.,
  .F.,.F.,(2,2),(0.,255.9055),.PIECEWISE_BEZIER_KNOTS.);
#11311 = CARTESIAN_POINT('',(-84.31716916433,-9.144018288037,
    1.500002540005));
#11312 = CARTESIAN_POINT('',(-84.31716916433,-9.144018288037,
    8.00001524003));
#11313 = ORIENTED_EDGE('',*,*,#11314,.T.);
#11314 = EDGE_CURVE('',#11308,#11308,#11315,.T.);
#11315 = ( BOUNDED_CURVE() B_SPLINE_CURVE(2,(#11316,#11317,#11318,#11319
    ,#11320,#11321,#11322),.UNSPECIFIED.,.T.,.F.) 
B_SPLINE_CURVE_WITH_KNOTS((1,2,2,2,2,1),(-2.094395102394,0.,
    2.094395102393,4.188790204786,6.28318530718,8.377580409573),
.UNSPECIFIED.) CURVE() GEOMETRIC_REPRESENTATION_ITEM() 
RATIONAL_B_SPLINE_CURVE((1.,0.5,1.,0.5,1.,0.5,1.)) REPRESENTATION_ITEM(
  '') );
#11316 = CARTESIAN_POINT('',(-84.31716916433,-9.144018288037,
    1.500002540005));
#11317 = CARTESIAN_POINT('',(-84.31716916433,-7.585170361516,
    1.500002540005));
#11318 = CARTESIAN_POINT('',(-85.66717106934,-8.364594324776,
    1.500002540005));
#11319 = CARTESIAN_POINT('',(-87.01717297434,-9.144018288037,
    1.500002540005));
#11320 = CARTESIAN_POINT('',(-85.66717106934,-9.923442251297,
    1.500002540005));
#11321 = CARTESIAN_POINT('',(-84.31716916433,-10.70286621455,
    1.500002540005));
#11322 = CARTESIAN_POINT('',(-84.31716916433,-9.144018288037,
    1.500002540005));
#11323 = ORIENTED_EDGE('',*,*,#11307,.T.);
#11324 = ( BOUNDED_SURFACE() B_SPLINE_SURFACE(2,1,(
    (#11325,#11326)
    ,(#11327,#11328)
    ,(#11329,#11330)
    ,(#11331,#11332)
    ,(#11333,#11334)
    ,(#11335,#11336)
    ,(#11337,#11338
)),.UNSPECIFIED.,.T.,.F.,.F.) B_SPLINE_SURFACE_WITH_KNOTS((1,2,2,2,2,1),
  (2,2),(-2.094395102394,0.,2.094395102393,4.188790204786,6.28318530718,
    8.377580409573),(0.,255.9055),.UNSPECIFIED.) 
GEOMETRIC_REPRESENTATION_ITEM() RATIONAL_B_SPLINE_SURFACE((
    (1.,1.)
    ,(0.5,0.5)
    ,(1.,1.)
    ,(0.5,0.5)
    ,(1.,1.)
    ,(0.5,0.5)
,(1.,1.))) REPRESENTATION_ITEM('') SURFACE() );
#11325 = CARTESIAN_POINT('',(-84.31716916433,-9.144018288037,
    1.500002540005));
#11326 = CARTESIAN_POINT('',(-84.31716916433,-9.144018288037,
    8.00001524003));
#11327 = CARTESIAN_POINT('',(-84.31716916433,-7.585170361516,
    1.500002540005));
#11328 = CARTESIAN_POINT('',(-84.31716916433,-7.585170361516,
    8.00001524003));
#11329 = CARTESIAN_POINT('',(-85.66717106934,-8.364594324776,
    1.500002540005));
#11330 = CARTESIAN_POINT('',(-85.66717106934,-8.364594324776,
    8.00001524003));
#11331 = CARTESIAN_POINT('',(-87.01717297434,-9.144018288037,
    1.500002540005));
#11332 = CARTESIAN_POINT('',(-87.01717297434,-9.144018288037,
    8.00001524003));
#11333 = CARTESIAN_POINT('',(-85.66717106934,-9.923442251297,
    1.500002540005));
#11334 = CARTESIAN_POINT('',(-85.66717106934,-9.923442251297,
    8.00001524003));
#11335 = CARTESIAN_POINT('',(-84.31716916433,-10.70286621455,
    1.500002540005));
#11336 = CARTESIAN_POINT('',(-84.31716916433,-10.70286621455,
    8.00001524003));
#11337 = CARTESIAN_POINT('',(-84.31716916433,-9.144018288037,
    1.500002540005));
#11338 = CARTESIAN_POINT('',(-84.31716916433,-9.144018288037,
    8.00001524003));
#11339 = ADVANCED_FACE('',(#11340),#11361,.F.);
#11340 = FACE_BOUND('',#11341,.F.);
#11341 = EDGE_LOOP('',(#11342,#11343,#11350,#11360));
#11342 = ORIENTED_EDGE('',*,*,#11028,.F.);
#11343 = ORIENTED_EDGE('',*,*,#11344,.F.);
#11344 = EDGE_CURVE('',#11345,#11029,#11347,.T.);
#11345 = VERTEX_POINT('',#11346);
#11346 = CARTESIAN_POINT('',(-85.72217139954,85.979171958344,
    1.500002540005));
#11347 = B_SPLINE_CURVE_WITH_KNOTS('',1,(#11348,#11349),.UNSPECIFIED.,
  .F.,.F.,(2,2),(0.,177.1654),.PIECEWISE_BEZIER_KNOTS.);
#11348 = CARTESIAN_POINT('',(-85.72217139954,85.979171958344,
    1.500002540005));
#11349 = CARTESIAN_POINT('',(-85.72217139954,85.979171958344,
    6.000012700025));
#11350 = ORIENTED_EDGE('',*,*,#11351,.T.);
#11351 = EDGE_CURVE('',#11345,#11345,#11352,.T.);
#11352 = ( BOUNDED_CURVE() B_SPLINE_CURVE(2,(#11353,#11354,#11355,#11356
    ,#11357,#11358,#11359),.UNSPECIFIED.,.T.,.F.) 
B_SPLINE_CURVE_WITH_KNOTS((1,2,2,2,2,1),(-2.094395102394,0.,
    2.094395102393,4.188790204786,6.28318530718,8.377580409573),
.UNSPECIFIED.) CURVE() GEOMETRIC_REPRESENTATION_ITEM() 
RATIONAL_B_SPLINE_CURVE((1.,0.5,1.,0.5,1.,0.5,1.)) REPRESENTATION_ITEM(
  '') );
#11353 = CARTESIAN_POINT('',(-85.72217139954,85.979171958344,
    1.500002540005));
#11354 = CARTESIAN_POINT('',(-85.72217139954,88.404048016288,
    1.500002540005));
#11355 = CARTESIAN_POINT('',(-87.82217566675,87.191609987316,
    1.500002540005));
#11356 = CARTESIAN_POINT('',(-89.92217993396,85.979171958344,
    1.500002540005));
#11357 = CARTESIAN_POINT('',(-87.82217566675,84.766733929372,
    1.500002540005));
#11358 = CARTESIAN_POINT('',(-85.72217139954,83.5542959004,
    1.500002540005));
#11359 = CARTESIAN_POINT('',(-85.72217139954,85.979171958344,
    1.500002540005));
#11360 = ORIENTED_EDGE('',*,*,#11344,.T.);
#11361 = ( BOUNDED_SURFACE() B_SPLINE_SURFACE(2,1,(
    (#11362,#11363)
    ,(#11364,#11365)
    ,(#11366,#11367)
    ,(#11368,#11369)
    ,(#11370,#11371)
    ,(#11372,#11373)
    ,(#11374,#11375
)),.UNSPECIFIED.,.T.,.F.,.F.) B_SPLINE_SURFACE_WITH_KNOTS((1,2,2,2,2,1),
  (2,2),(-2.094395102394,0.,2.094395102393,4.188790204786,6.28318530718,
    8.377580409573),(0.,177.1654),.UNSPECIFIED.) 
GEOMETRIC_REPRESENTATION_ITEM() RATIONAL_B_SPLINE_SURFACE((
    (1.,1.)
    ,(0.5,0.5)
    ,(1.,1.)
    ,(0.5,0.5)
    ,(1.,1.)
    ,(0.5,0.5)
,(1.,1.))) REPRESENTATION_ITEM('') SURFACE() );
#11362 = CARTESIAN_POINT('',(-85.72217139954,85.979171958344,
    1.500002540005));
#11363 = CARTESIAN_POINT('',(-85.72217139954,85.979171958344,
    6.000012700025));
#11364 = CARTESIAN_POINT('',(-85.72217139954,88.404048016288,
    1.500002540005));
#11365 = CARTESIAN_POINT('',(-85.72217139954,88.404048016288,
    6.000012700025));
#11366 = CARTESIAN_POINT('',(-87.82217566675,87.191609987316,
    1.500002540005));
#11367 = CARTESIAN_POINT('',(-87.82217566675,87.191609987316,
    6.000012700025));
#11368 = CARTESIAN_POINT('',(-89.92217993396,85.979171958344,
    1.500002540005));
#11369 = CARTESIAN_POINT('',(-89.92217993396,85.979171958344,
    6.000012700025));
#11370 = CARTESIAN_POINT('',(-87.82217566675,84.766733929372,
    1.500002540005));
#11371 = CARTESIAN_POINT('',(-87.82217566675,84.766733929372,
    6.000012700025));
#11372 = CARTESIAN_POINT('',(-85.72217139954,83.5542959004,
    1.500002540005));
#11373 = CARTESIAN_POINT('',(-85.72217139954,83.5542959004,
    6.000012700025));
#11374 = CARTESIAN_POINT('',(-85.72217139954,85.979171958344,
    1.500002540005));
#11375 = CARTESIAN_POINT('',(-85.72217139954,85.979171958344,
    6.000012700025));
#11376 = ADVANCED_FACE('',(#11377),#11380,.T.);
#11377 = FACE_BOUND('',#11378,.T.);
#11378 = EDGE_LOOP('',(#11379));
#11379 = ORIENTED_EDGE('',*,*,#11092,.T.);
#11380 = B_SPLINE_SURFACE_WITH_KNOTS('',1,1,(
    (#11381,#11382)
    ,(#11383,#11384
    )),.UNSPECIFIED.,.F.,.F.,.F.,(2,2),(2,2),(-55.118112,55.118112),(
    -55.118112,55.118112),.PIECEWISE_BEZIER_KNOTS.);
#11381 = CARTESIAN_POINT('',(-6.099012242824,64.767129489459,
    1.500002540005));
#11382 = CARTESIAN_POINT('',(-6.099012242824,67.56713517907,
    1.500002540005));
#11383 = CARTESIAN_POINT('',(-3.299006553213,64.767129489459,
    1.500002540005));
#11384 = CARTESIAN_POINT('',(-3.299006553213,67.56713517907,
    1.500002540005));
#11385 = ADVANCED_FACE('',(#11386),#11389,.T.);
#11386 = FACE_BOUND('',#11387,.T.);
#11387 = EDGE_LOOP('',(#11388));
#11388 = ORIENTED_EDGE('',*,*,#11129,.T.);
#11389 = B_SPLINE_SURFACE_WITH_KNOTS('',1,1,(
    (#11390,#11391)
    ,(#11392,#11393
    )),.UNSPECIFIED.,.F.,.F.,.F.,(2,2),(2,2),(-55.118112,55.118112),(
    -55.118112,55.118112),.PIECEWISE_BEZIER_KNOTS.);
#11390 = CARTESIAN_POINT('',(-6.400013004826,3.553007061214,
    1.500002540005));
#11391 = CARTESIAN_POINT('',(-6.400013004826,6.353012750826,
    1.500002540005));
#11392 = CARTESIAN_POINT('',(-3.600007315215,3.553007061214,
    1.500002540005));
#11393 = CARTESIAN_POINT('',(-3.600007315215,6.353012750826,
    1.500002540005));
#11394 = ADVANCED_FACE('',(#11395),#11398,.T.);
#11395 = FACE_BOUND('',#11396,.T.);
#11396 = EDGE_LOOP('',(#11397));
#11397 = ORIENTED_EDGE('',*,*,#11166,.T.);
#11398 = B_SPLINE_SURFACE_WITH_KNOTS('',1,1,(
    (#11399,#11400)
    ,(#11401,#11402
    )),.UNSPECIFIED.,.F.,.F.,.F.,(2,2),(2,2),(-55.118112,55.118112),(
    -55.118112,55.118112),.PIECEWISE_BEZIER_KNOTS.);
#11399 = CARTESIAN_POINT('',(-88.52217708915,3.934007823216,
    1.500002540005));
#11400 = CARTESIAN_POINT('',(-88.52217708915,6.734013512827,
    1.500002540005));
#11401 = CARTESIAN_POINT('',(-85.72217139954,3.934007823216,
    1.500002540005));
#11402 = CARTESIAN_POINT('',(-85.72217139954,6.734013512827,
    1.500002540005));
#11403 = ADVANCED_FACE('',(#11404),#11407,.T.);
#11404 = FACE_BOUND('',#11405,.T.);
#11405 = EDGE_LOOP('',(#11406));
#11406 = ORIENTED_EDGE('',*,*,#11203,.T.);
#11407 = B_SPLINE_SURFACE_WITH_KNOTS('',1,1,(
    (#11408,#11409)
    ,(#11410,#11411
    )),.UNSPECIFIED.,.F.,.F.,.F.,(2,2),(2,2),(-35.43305,35.43305),(
    -35.43305,35.43305),.PIECEWISE_BEZIER_KNOTS.);
#11408 = CARTESIAN_POINT('',(-20.40003937007,-23.35454279908,
    1.500002540005));
#11409 = CARTESIAN_POINT('',(-20.40003937007,-21.55454025908,
    1.500002540005));
#11410 = CARTESIAN_POINT('',(-18.60003683007,-23.35454279908,
    1.500002540005));
#11411 = CARTESIAN_POINT('',(-18.60003683007,-21.55454025908,
    1.500002540005));
#11412 = ADVANCED_FACE('',(#11413),#11416,.T.);
#11413 = FACE_BOUND('',#11414,.T.);
#11414 = EDGE_LOOP('',(#11415));
#11415 = ORIENTED_EDGE('',*,*,#11240,.T.);
#11416 = B_SPLINE_SURFACE_WITH_KNOTS('',1,1,(
    (#11417,#11418)
    ,(#11419,#11420
    )),.UNSPECIFIED.,.F.,.F.,.F.,(2,2),(2,2),(-35.43305,35.43305),(
    -35.43305,35.43305),.PIECEWISE_BEZIER_KNOTS.);
#11417 = CARTESIAN_POINT('',(-20.40003937007,-10.04401955803,
    1.500002540005));
#11418 = CARTESIAN_POINT('',(-20.40003937007,-8.244017018034,
    1.500002540005));
#11419 = CARTESIAN_POINT('',(-18.60003683007,-10.04401955803,
    1.500002540005));
#11420 = CARTESIAN_POINT('',(-18.60003683007,-8.244017018034,
    1.500002540005));
#11421 = ADVANCED_FACE('',(#11422),#11425,.T.);
#11422 = FACE_BOUND('',#11423,.T.);
#11423 = EDGE_LOOP('',(#11424));
#11424 = ORIENTED_EDGE('',*,*,#11277,.T.);
#11425 = B_SPLINE_SURFACE_WITH_KNOTS('',1,1,(
    (#11426,#11427)
    ,(#11428,#11429
    )),.UNSPECIFIED.,.F.,.F.,.F.,(2,2),(2,2),(-35.43305,35.43305),(
    -35.43305,35.43305),.PIECEWISE_BEZIER_KNOTS.);
#11426 = CARTESIAN_POINT('',(-86.11717170434,-23.35454279908,
    1.500002540005));
#11427 = CARTESIAN_POINT('',(-86.11717170434,-21.55454025908,
    1.500002540005));
#11428 = CARTESIAN_POINT('',(-84.31716916433,-23.35454279908,
    1.500002540005));
#11429 = CARTESIAN_POINT('',(-84.31716916433,-21.55454025908,
    1.500002540005));
#11430 = ADVANCED_FACE('',(#11431),#11434,.T.);
#11431 = FACE_BOUND('',#11432,.T.);
#11432 = EDGE_LOOP('',(#11433));
#11433 = ORIENTED_EDGE('',*,*,#11314,.T.);
#11434 = B_SPLINE_SURFACE_WITH_KNOTS('',1,1,(
    (#11435,#11436)
    ,(#11437,#11438
    )),.UNSPECIFIED.,.F.,.F.,.F.,(2,2),(2,2),(-35.43305,35.43305),(
    -35.43305,35.43305),.PIECEWISE_BEZIER_KNOTS.);
#11435 = CARTESIAN_POINT('',(-86.11717170434,-10.04401955803,
    1.500002540005));
#11436 = CARTESIAN_POINT('',(-86.11717170434,-8.244017018034,
    1.500002540005));
#11437 = CARTESIAN_POINT('',(-84.31716916433,-10.04401955803,
    1.500002540005));
#11438 = CARTESIAN_POINT('',(-84.31716916433,-8.244017018034,
    1.500002540005));
#11439 = ADVANCED_FACE('',(#11440),#11443,.T.);
#11440 = FACE_BOUND('',#11441,.T.);
#11441 = EDGE_LOOP('',(#11442));
#11442 = ORIENTED_EDGE('',*,*,#11351,.T.);
#11443 = B_SPLINE_SURFACE_WITH_KNOTS('',1,1,(
    (#11444,#11445)
    ,(#11446,#11447
    )),.UNSPECIFIED.,.F.,.F.,.F.,(2,2),(2,2),(-55.118112,55.118112),(
    -55.118112,55.118112),.PIECEWISE_BEZIER_KNOTS.);
#11444 = CARTESIAN_POINT('',(-88.52217708915,84.579169113538,
    1.500002540005));
#11445 = CARTESIAN_POINT('',(-88.52217708915,87.37917480315,
    1.500002540005));
#11446 = CARTESIAN_POINT('',(-85.72217139954,84.579169113538,
    1.500002540005));
#11447 = CARTESIAN_POINT('',(-85.72217139954,87.37917480315,
    1.500002540005));
#11448 = ADVANCED_FACE('',(#11449),#11471,.T.);
#11449 = FACE_BOUND('',#11450,.T.);
#11450 = EDGE_LOOP('',(#11451,#11452,#11453,#11454,#11455,#11456,#11457,
    #11458,#11459,#11460,#11461,#11462,#11463,#11464,#11465,#11466,
    #11467,#11468,#11469,#11470));
#11451 = ORIENTED_EDGE('',*,*,#207,.F.);
#11452 = ORIENTED_EDGE('',*,*,#952,.F.);
#11453 = ORIENTED_EDGE('',*,*,#1455,.T.);
#11454 = ORIENTED_EDGE('',*,*,#151,.F.);
#11455 = ORIENTED_EDGE('',*,*,#144,.F.);
#11456 = ORIENTED_EDGE('',*,*,#3331,.F.);
#11457 = ORIENTED_EDGE('',*,*,#2894,.T.);
#11458 = ORIENTED_EDGE('',*,*,#2887,.T.);
#11459 = ORIENTED_EDGE('',*,*,#1448,.T.);
#11460 = ORIENTED_EDGE('',*,*,#58,.F.);
#11461 = ORIENTED_EDGE('',*,*,#51,.F.);
#11462 = ORIENTED_EDGE('',*,*,#2977,.F.);
#11463 = ORIENTED_EDGE('',*,*,#2936,.T.);
#11464 = ORIENTED_EDGE('',*,*,#2929,.T.);
#11465 = ORIENTED_EDGE('',*,*,#1441,.T.);
#11466 = ORIENTED_EDGE('',*,*,#1336,.T.);
#11467 = ORIENTED_EDGE('',*,*,#1272,.F.);
#11468 = ORIENTED_EDGE('',*,*,#1211,.T.);
#11469 = ORIENTED_EDGE('',*,*,#1156,.T.);
#11470 = ORIENTED_EDGE('',*,*,#921,.T.);
#11471 = PLANE('',#11472);
#11472 = AXIS2_PLACEMENT_3D('',#11473,#11474,#11475);
#11473 = CARTESIAN_POINT('',(-47.5013482645,-32.48,23.198325888721));
#11474 = DIRECTION('',(-0.,-1.,-0.));
#11475 = DIRECTION('',(0.,0.,-1.));
#11476 = ADVANCED_FACE('',(#11477,#11499),#11509,.T.);
#11477 = FACE_BOUND('',#11478,.T.);
#11478 = EDGE_LOOP('',(#11479,#11480,#11481,#11482,#11483,#11484,#11485,
    #11486,#11487,#11488,#11489,#11490,#11491,#11492,#11493,#11494,
    #11495,#11496,#11497,#11498));
#11479 = ORIENTED_EDGE('',*,*,#1402,.F.);
#11480 = ORIENTED_EDGE('',*,*,#961,.T.);
#11481 = ORIENTED_EDGE('',*,*,#225,.T.);
#11482 = ORIENTED_EDGE('',*,*,#937,.F.);
#11483 = ORIENTED_EDGE('',*,*,#1163,.F.);
#11484 = ORIENTED_EDGE('',*,*,#1227,.F.);
#11485 = ORIENTED_EDGE('',*,*,#1288,.T.);
#11486 = ORIENTED_EDGE('',*,*,#1352,.F.);
#11487 = ORIENTED_EDGE('',*,*,#1434,.F.);
#11488 = ORIENTED_EDGE('',*,*,#2873,.F.);
#11489 = ORIENTED_EDGE('',*,*,#2866,.F.);
#11490 = ORIENTED_EDGE('',*,*,#4033,.T.);
#11491 = ORIENTED_EDGE('',*,*,#2810,.T.);
#11492 = ORIENTED_EDGE('',*,*,#2803,.T.);
#11493 = ORIENTED_EDGE('',*,*,#1418,.F.);
#11494 = ORIENTED_EDGE('',*,*,#2747,.F.);
#11495 = ORIENTED_EDGE('',*,*,#2740,.F.);
#11496 = ORIENTED_EDGE('',*,*,#3679,.T.);
#11497 = ORIENTED_EDGE('',*,*,#2684,.T.);
#11498 = ORIENTED_EDGE('',*,*,#2677,.T.);
#11499 = FACE_BOUND('',#11500,.T.);
#11500 = EDGE_LOOP('',(#11501,#11502,#11503,#11504,#11505,#11506,#11507,
    #11508));
#11501 = ORIENTED_EDGE('',*,*,#1811,.T.);
#11502 = ORIENTED_EDGE('',*,*,#1849,.T.);
#11503 = ORIENTED_EDGE('',*,*,#1907,.T.);
#11504 = ORIENTED_EDGE('',*,*,#1945,.F.);
#11505 = ORIENTED_EDGE('',*,*,#1971,.T.);
#11506 = ORIENTED_EDGE('',*,*,#1931,.F.);
#11507 = ORIENTED_EDGE('',*,*,#1883,.F.);
#11508 = ORIENTED_EDGE('',*,*,#1835,.T.);
#11509 = PLANE('',#11510);
#11510 = AXIS2_PLACEMENT_3D('',#11511,#11512,#11513);
#11511 = CARTESIAN_POINT('',(-47.51138015623,97.12,23.198325890029));
#11512 = DIRECTION('',(0.,1.,0.));
#11513 = DIRECTION('',(0.,-0.,1.));
#11514 = ( GEOMETRIC_REPRESENTATION_CONTEXT(3) 
GLOBAL_UNCERTAINTY_ASSIGNED_CONTEXT((#11518)) 
GLOBAL_UNIT_ASSIGNED_CONTEXT((#11515,#11516,#11517)) 
REPRESENTATION_CONTEXT('Context #1',
  '3D Context with UNIT and UNCERTAINTY') );
#11515 = ( LENGTH_UNIT() NAMED_UNIT(*) SI_UNIT(.MILLI.,.METRE.) );
#11516 = ( NAMED_UNIT(*) PLANE_ANGLE_UNIT() SI_UNIT($,.RADIAN.) );
#11517 = ( NAMED_UNIT(*) SI_UNIT($,.STERADIAN.) SOLID_ANGLE_UNIT() );
#11518 = UNCERTAINTY_MEASURE_WITH_UNIT(LENGTH_MEASURE(1.E-06),#11515,
  'distance_accuracy_value','confusion accuracy');
#11519 = PRODUCT_RELATED_PRODUCT_CATEGORY('part',$,(#7));
ENDSEC;
END-ISO-10303-21;
